ID	Gene	Mutation_list	Mutation_type	sgRNA_score
0	HDAC1	utr;	UTR;	0.338695230124411
1	HDAC1	utr;utr;utr;utr;	UTR;UTR;UTR;UTR;	0.219613916732712
2	HDAC1	utr;	UTR;	0.142450961433523
3	HDAC1	utr;utr;utr;	UTR;UTR;UTR;	0.0099485756357976
4	HDAC1	utr;	UTR;	0.228569700025521
5	HDAC1	utr;	UTR;	0.761241074313993
6	HDAC1	utr;	UTR;	1.46015107605567
7	HDAC1	A2T;M1I;utr;	Missense;Missense;UTR;	0.0104016148683564
8	HDAC1	utr;	UTR;	-0.128469399848405
9	HDAC1	utr;	UTR;	-0.112059773105196
10	HDAC1	Q3Q;	Silent;	0.0184414609100211
11	HDAC1	utr;	UTR;	0.0581990804550169
12	HDAC1	Q5Q;T4T;	Silent;Silent;	0.248276580814261
13	HDAC1	A2V;Q3*;	Missense;Nonsense;	-0.0503966499627743
14	HDAC1	Q3*;	Nonsense;	0.0637385967561569
15	HDAC1	R8Q;	Missense;	0.0397172839907788
16	HDAC1	T4M;	Missense;	-0.0520804494900553
17	HDAC1	T4M;Q5*;	Missense;Nonsense;	-0.0238044249891492
18	HDAC1	R8Q;	Missense;	0.306718538117039
19	HDAC1	Q5*;	Nonsense;	0.117017430908311
20	HDAC1	R9K;	Missense;	-0.0586386637618243
21	HDAC1	V11I;R9R;	Missense;Silent;	-0.133106798582425
22	HDAC1	G6G;T7I;	Silent;Missense;	0.753355596242561
23	HDAC1	C12Y;	Missense;	0.909398429003781
24	HDAC1	C12Y;	Missense;	0.696051605834904
25	HDAC1	C12Y;	Missense;	0.304756867298061
26	HDAC1	V11V;	Silent;	-0.0487597059710515
27	HDAC1	V11V;	Silent;	-0.0452269274625975
28	HDAC1	Exon1:+1;G17R;	Splice-donor;Missense;	0.258037767460284
29	HDAC1	Y13Y;	Silent;	0.0356390396107482
30	HDAC1	Y14Y;Y15Y;	Silent;Silent;	-0.0720103201738287
31	HDAC1	Exon1:+5;	Intron;	0.0077485780917084
32	HDAC1	Exon1:+10;	Intron;	-0.195463206734132
33	HDAC1	D16D;	Silent;	-0.0291932069235064
34	HDAC1	Exon1:+10;	Intron;	-0.117842854504604
35	HDAC1	Exon1:+16;	Intron;	-0.0482216986911249
36	HDAC1	Exon1:+6;	Intron;	0.047644514908482
37	HDAC1	Exon1:+6;Exon1:+8;	Intron;Intron;	0.0763998336893928
38	HDAC1	Exon1:+6;Exon1:+8;Exon1:+9;	Intron;Intron;Intron;	-0.054139170197739
39	HDAC1	Exon1:+6;Exon1:+8;Exon1:+9;	Intron;Intron;Intron;	-0.002761360368634
40	HDAC1	Exon1:+8;Exon1:+9;	Intron;Intron;	-0.172776000630429
41	HDAC1	Exon1:+24;Exon1:+23;Exon1:+22;Exon1:+21;	Intron;Intron;Intron;Intron;	-0.096418696043625
42	HDAC1	Exon1:+9;Exon1:+12;Exon1:+13;	Intron;Intron;Intron;	-0.0757580432120737
43	HDAC1	Exon1:+12;Exon1:+13;	Intron;Intron;	0.0013215763584752
44	HDAC1	Exon1:+25;Exon1:+24;Exon1:+23;Exon1:+22;	Intron;Intron;Intron;Intron;	-0.108888820189692
45	HDAC1	Exon1:+12;Exon1:+13;Exon1:+15;	Intron;Intron;Intron;	-0.155512699729289
46	HDAC1	Exon1:+27;Exon1:+25;Exon1:+24;Exon1:+23;	Intron;Intron;Intron;Intron;	-0.0799494594783467
47	HDAC1	Exon1:+12;Exon1:+13;Exon1:+15;	Intron;Intron;Intron;	0.107827142491213
48	HDAC1	Exon1:+30;Exon1:+29;Exon1:+28;Exon1:+27;	Intron;Intron;Intron;Intron;	0.0889351222393362
49	HDAC1	Exon1:+30;Exon1:+29;Exon1:+28;Exon1:+27;	Intron;Intron;Intron;Intron;	-0.0718848511122202
50	HDAC1	Exon1:+17;Exon1:+20;	Intron;Intron;	-0.0950914439421607
51	HDAC1	Exon1:+17;Exon1:+20;	Intron;Intron;	-0.169288849316918
52	HDAC1	Exon1:+30;Exon1:+29;	Intron;Intron;	-0.0965893211315579
53	HDAC1	Exon1:+35;Exon1:+34;	Intron;Intron;	0.142503431742656
54	HDAC1	Exon1:+20;	Intron;	-0.142527867253583
55	HDAC1	Exon1:+26;	Intron;	0.09992293980168
56	HDAC1	Exon1:+38;Exon1:+35;Exon1:+34;	Intron;Intron;Intron;	-0.0339897827948956
57	HDAC1	Exon1:+26;	Intron;	-0.318767380708043
58	HDAC1	Exon1:+26;	Intron;	0.0817682219643511
59	HDAC1	Exon1:+44;Exon1:+43;Exon1:+40;	Intron;Intron;Intron;	-0.106434457558266
60	HDAC1	Exon1:+31;Exon1:+32;	Intron;Intron;	0.132219579669913
61	HDAC1	Exon1:+31;Exon1:+32;	Intron;Intron;	-0.0932988915457772
62	HDAC1	Exon1:+32;Exon1:+36;	Intron;Intron;	-0.0807961558096768
63	HDAC1	Exon2:-17;Exon2:-15;	Intron;Intron;	-0.133898074809507
64	HDAC1	Exon2:-17;Exon2:-15;	Intron;Intron;	0.0508997943823145
65	HDAC1	Exon2:-17;Exon2:-15;Exon2:-13;	Intron;Intron;Intron;	0.0514690049105569
66	HDAC1	Exon2:-15;Exon2:-13;	Intron;Intron;	-0.0375383787677569
67	HDAC1	G17E;Exon2:-1;	Missense;Splice-acceptor;	0.557716836381096
68	HDAC1	Exon2:-13;Exon2:-11;Exon2:-9;	Intron;Intron;Intron;	-0.0532397039037041
69	HDAC1	D18N;G17E;Exon2:-1;	Missense;Missense;Splice-acceptor;	0.751949455250115
70	HDAC1	V19I;D18N;G17G;	Missense;Missense;Silent;	0.626176437082466
71	HDAC1	Exon2:-9;Exon2:-6;	Intron;Intron;	-0.0998426605785081
72	HDAC1	Exon2:-9;Exon2:-6;	Intron;Intron;	-0.0040226293156878
73	HDAC1	V19I;	Missense;	0.220352955843633
74	HDAC1	G20K;V19I;	Missense;Missense;	0.168899138473946
75	HDAC1	G20K;	Missense;	0.259898512146248
76	HDAC1	Y22Y;	Silent;	-0.135090370131862
77	HDAC1	G27D;	Missense;	-0.187446991037939
78	HDAC1	Q26*;	Nonsense;	0.22148836140648
79	HDAC1	Q26*;	Nonsense;	0.568511557365825
80	HDAC1	K31K;M30I;	Silent;Missense;	-0.0800468762986833
81	HDAC1	H28H;P29L;	Silent;Missense;	0.0392330561371589
82	HDAC1	R34Q;	Missense;	0.471216594671794
83	HDAC1	R34Q;	Missense;	0.462347725914397
84	HDAC1	R34Q;	Missense;	0.485332968077647
85	HDAC1	P32F;H33Y;	Missense;Missense;	-0.156484708161907
86	HDAC1	M37I;	Missense;	0.0410507151674431
87	HDAC1	M37I;	Missense;	0.0805812046710556
88	HDAC1	M37I;	Missense;	0.129893470783459
89	HDAC1	I35I;R36C;	Silent;Missense;	0.0532797171230647
90	HDAC1	L41L;	Silent;	-0.1546648699331
91	HDAC1	R36R;	Silent;	-0.0356355689136057
92	HDAC1	L41L;	Silent;	-0.110090245538961
93	HDAC1	L42L;L41L;	Silent;Silent;	-0.106659213536311
94	HDAC1	L43L;N44N;	Silent;Silent;	0.0346277775188218
95	HDAC1	L47F;	Missense;	-0.0889570846856321
96	HDAC1	L47F;	Missense;	0.0710713708549199
97	HDAC1	R49*;	Nonsense;	-0.0524545439439408
98	HDAC1	I53I;	Silent;	0.0121882172753284
99	HDAC1	I53I;	Silent;	0.0049848342076135
100	HDAC1	I53I;	Silent;	0.0828540872783752
101	HDAC1	Exon2:+15;Exon2:+14;Exon2:+12;	Intron;Intron;Intron;	-0.0167224896251614
102	HDAC1	Exon2:+9;	Intron;	0.0104689683605456
103	HDAC1	Exon2:+23;	Intron;	-0.044761342721071
104	HDAC1	Exon2:+22;Exon2:+24;Exon2:+26;	Intron;Intron;Intron;	0.0474358045477701
105	HDAC1	Exon2:+40;	Intron;	0.0099686561753499
106	HDAC1	Exon2:+40;	Intron;	0.0201953634767075
107	HDAC1	Exon2:+27;Exon2:+28;	Intron;Intron;	-0.195282670936521
108	HDAC1	Exon2:+28;Exon2:+32;	Intron;Intron;	0.0242723158088752
109	HDAC1	Exon2:+40;	Intron;	-0.118141820528546
110	HDAC1	Exon2:+45;	Intron;	-0.140798206534984
111	HDAC1	Exon2:+46;Exon2:+45;	Intron;Intron;	-0.172132584498151
112	HDAC1	Exon3:-24;Exon3:-23;	Intron;Intron;	-0.0730795926651802
113	HDAC1	Exon3:-9;	Intron;	-0.0509542580834641
114	HDAC1	Exon3:-9;	Intron;	0.0456712110887256
115	HDAC1	Exon3:-18;Exon3:-16;Exon3:-15;	Intron;Intron;Intron;	-0.121911846241958
116	HDAC1	Exon3:-16;Exon3:-15;Exon3:-14;	Intron;Intron;Intron;	0.0862119831481843
117	HDAC1	Exon3:-1;	Splice-acceptor;	0.0362950232071265
118	HDAC1	R55H;Exon3:-1;	Missense;Splice-acceptor;	0.329509183712835
119	HDAC1	R55H;Exon3:-1;	Missense;Splice-acceptor;	-0.0254446340915943
120	HDAC1	R55H;	Missense;	-0.0186628089322097
121	HDAC1	Exon3:-6;Exon3:-4;	Intron;Intron;	0.0518799356342511
122	HDAC1	A59T;	Missense;	-0.018831634220359
123	HDAC1	A59T;	Missense;	0.0378289419314974
124	HDAC1	R55C;P56F;	Missense;Missense;	0.0193436780429756
125	HDAC1	A61T;	Missense;	0.029302273063769
126	HDAC1	P56F;H57Y;	Missense;Missense;	0.110973099553495
127	HDAC1	A61T;	Missense;	-0.117080476747378
128	HDAC1	H57Y;	Missense;	-0.095642102269761
129	HDAC1	E62K;A61T;	Missense;Missense;	-0.196806324992833
130	HDAC1	H57Y;	Missense;	-0.0698639555349333
131	HDAC1	E62K;A61T;	Missense;Missense;	-0.0751794446076215
132	HDAC1	H57H;	Silent;	-0.0006432166041374
133	HDAC1	E63K;E62K;	Missense;Missense;	-0.0755566748364711
134	HDAC1	E63K;E62E;	Missense;Silent;	0.123490308878675
135	HDAC1	A59V;	Missense;	-0.0832198259474091
136	HDAC1	M64I;	Missense;	-0.131813077049478
137	HDAC1	M64I;	Missense;	-0.0416791751446794
138	HDAC1	A61V;	Missense;	-0.0273638575665575
139	HDAC1	K66K;	Silent;	-0.0832818195166821
140	HDAC1	T65I;	Missense;	0.0339021967674195
141	HDAC1	T65I;	Missense;	0.12363032967535
142	HDAC1	D71N;D70N;	Missense;Missense;	-0.149101370860618
143	HDAC1	D71N;	Missense;	-0.345243365851821
144	HDAC1	D71D;	Silent;	0.0293580436996455
145	HDAC1	D71D;Y72Y;	Silent;Silent;	-0.212655840952076
146	HDAC1	R77H;L76L;	Missense;Silent;	0.0173351771491289
147	HDAC1	R77H;	Missense;	-0.175504826104928
148	HDAC1	F75F;	Silent;	0.106787447465058
149	HDAC1	R77C;	Missense;	-0.0184417152735711
150	HDAC1	R80H;	Missense;	-0.171981668547834
151	HDAC1	D82N;	Missense;	0.0406056117876
152	HDAC1	S78S;I79I;R80C;	Silent;Silent;Missense;	0.0652887112046981
153	HDAC1	M84I;	Missense;	-0.0231255905827888
154	HDAC1	I79I;R80C;P81S;	Silent;Missense;Missense;	-0.0297059987670286
155	HDAC1	R80C;P81L;	Missense;Missense;	0.0472149222067166
156	HDAC1	S85S;M84I;	Silent;Missense;	-0.0622537852373141
157	HDAC1	P81L;	Missense;	-0.151357763389738
158	HDAC1	E86K;S85S;M84I;	Missense;Silent;Missense;	-0.149743110436547
159	HDAC1	E86K;S85S;	Missense;Silent;	-0.0450335031553047
160	HDAC1	E86K;	Missense;	-0.12764925759181
161	HDAC1	N83N;	Silent;	0.003164784313153
162	HDAC1	N83N;	Silent;	-0.0451293752514334
163	HDAC1	K89K;S88N;	Silent;Missense;	-0.176757102228489
164	HDAC1	S85L;	Missense;	0.0125494255218499
165	HDAC1	Q90Q;	Silent;	-0.0274138502279536
166	HDAC1	Y87Y;	Silent;	-0.0899412740551136
167	HDAC1	Y87Y;S88S;	Silent;Silent;	0.0744702230080681
168	HDAC1	S88S;	Silent;	-0.0865677518566864
169	HDAC1	R93K;Q92Q;	Missense;Silent;	-0.1911946921765
170	HDAC1	Exon3:+1;R93K;	Splice-donor;Missense;	0.216856845596787
171	HDAC1	Q90*;	Nonsense;	-0.030393328314112
172	HDAC1	Exon3:+5;	Intron;	-0.123465098657166
173	HDAC1	Exon3:+12;	Intron;	-0.104483341662909
174	HDAC1	Exon3:+17;Exon3:+18;	Intron;Intron;	-0.0238380120512111
175	HDAC1	Exon3:+29;	Intron;	-0.0159284066201088
176	HDAC1	Exon3:+17;Exon3:+18;Exon3:+19;Exon3:+21;	Intron;Intron;Intron;Intron;	-0.0387613764253759
177	HDAC1	Exon3:+35;Exon3:+32;	Intron;Intron;	0.0012366441577403
178	HDAC1	Exon3:+35;Exon3:+32;	Intron;Intron;	0.0475392033252249
179	HDAC1	Exon3:+21;Exon3:+23;Exon3:+25;	Intron;Intron;Intron;	0.0612464712992206
180	HDAC1	Exon3:+35;	Intron;	-0.18364636508892
181	HDAC1	Exon3:+39;Exon3:+35;	Intron;Intron;	-0.0646665352956427
182	HDAC1	Exon3:+25;Exon3:+27;	Intron;Intron;	-0.18307604679505
183	HDAC1	Exon3:+39;	Intron;	0.0984511944493675
184	HDAC1	Exon3:+42;Exon3:+39;	Intron;Intron;	-0.0631568472345728
185	HDAC1	Exon3:+42;	Intron;	0.0323876969082353
186	HDAC1	Exon4:-1;	Splice-acceptor;	0.0506618875856676
187	HDAC1	Exon4:-8;	Intron;	0.0859701539945447
188	HDAC1	Exon4:-8;	Intron;	-0.0630011105133085
189	HDAC1	Exon4:-4;	Intron;	-0.0227515355911904
190	HDAC1	G97N;	Missense;	-0.0464841315534556
191	HDAC1	Exon4:-4;	Intron;	-0.191594128055294
192	HDAC1	Exon4:-4;	Intron;	0.008065547557693
193	HDAC1	D99N;E98K;	Missense;Missense;	0.0955017106217971
194	HDAC1	F94F;N95N;	Silent;Silent;	-0.0418823606088582
195	HDAC1	C100Y;	Missense;	0.106196284969193
196	HDAC1	C100Y;	Missense;	0.153152576209071
197	HDAC1	D99D;	Silent;	0.0770191561788819
198	HDAC1	D99D;	Silent;	0.137124928146097
199	HDAC1	G105N;	Missense;	0.0117664386183994
200	HDAC1	P101L;	Missense;	-0.103916164853083
201	HDAC1	L106L;	Silent;	-0.0092554415454385
202	HDAC1	L106L;	Silent;	0.0341282042693021
203	HDAC1	F103F;	Silent;	-0.0530487536408319
204	HDAC1	G105G;	Silent;	-0.0144979774266739
205	HDAC1	E108E;	Silent;	0.0002113617689693
206	HDAC1	G105G;L106L;	Silent;Silent;	0.109733732023014
207	HDAC1	Q111Q;C110Y;	Silent;Missense;	-0.0386439653056243
208	HDAC1	Q111Q;	Silent;	-0.0725354382446923
209	HDAC1	F109F;	Silent;	-0.0328634330325433
210	HDAC1	F109F;	Silent;	-0.0644276455034358
211	HDAC1	Q111*;	Nonsense;	0.114320766237309
212	HDAC1	Q111*;	Nonsense;	0.205862616561841
213	HDAC1	G115N;	Missense;	0.163765570821118
214	HDAC1	G116N;	Missense;	-0.119164065934937
215	HDAC1	S113F;	Missense;	-0.174062267274653
216	HDAC1	S113F;	Missense;	0.170891503728347
217	HDAC1	S113F;T114I;	Missense;Missense;	0.0622022897739918
218	HDAC1	S113F;T114I;	Missense;Missense;	-0.0234800911635707
219	HDAC1	Exon4:+1;A119T;V118I;	Splice-donor;Missense;Missense;	0.253722357541782
220	HDAC1	Exon4:+13;	Intron;	-0.041782580043078
221	HDAC1	Exon4:+13;	Intron;	-0.0672671334421135
222	HDAC1	Exon4:+13;	Intron;	0.0680114163761314
223	HDAC1	Exon4:+16;	Intron;	-0.0696942922987068
224	HDAC1	Exon4:+29;Exon4:+28;Exon4:+27;	Intron;Intron;Intron;	0.092648052100469
225	HDAC1	Exon4:+19;Exon4:+21;Exon4:+22;	Intron;Intron;Intron;	0.0516498981753101
226	HDAC1	Exon4:+32;	Intron;	-0.10667391992944
227	HDAC1	Exon4:+19;Exon4:+21;Exon4:+22;Exon4:+23;	Intron;Intron;Intron;Intron;	-0.26148617211558
228	HDAC1	Exon4:+21;Exon4:+22;Exon4:+23;Exon4:+24;	Intron;Intron;Intron;Intron;	0.029241117385378
229	HDAC1	Exon4:+37;Exon4:+36;	Intron;Intron;	-0.328190024740202
230	HDAC1	Exon4:+23;Exon4:+24;	Intron;Intron;	-0.0540925617451624
231	HDAC1	Exon4:+38;Exon4:+37;Exon4:+36;	Intron;Intron;Intron;	0.0345309194564465
232	HDAC1	Exon4:+38;Exon4:+37;Exon4:+36;	Intron;Intron;Intron;	-0.0524474995069622
233	HDAC1	Exon4:+41;Exon4:+38;Exon4:+37;	Intron;Intron;Intron;	0.0660945051190632
234	HDAC1	Exon4:+41;Exon4:+38;	Intron;Intron;	-0.113740815968259
235	HDAC1	Exon4:+34;	Intron;	-0.200588558489979
236	HDAC1	Exon5:-1;	Splice-acceptor;	0.173696061648089
237	HDAC1	Exon5:-1;	Splice-acceptor;	0.0572656792623108
238	HDAC1	Exon5:-9;	Intron;	-0.117668077043489
239	HDAC1	A121T;S120N;	Missense;Missense;	-0.0631640677406372
240	HDAC1	Exon5:-5;Exon5:-4;	Intron;Intron;	-0.143164437961879
241	HDAC1	V122M;A121T;	Missense;Missense;	0.109385083826934
242	HDAC1	V122V;	Silent;	-0.0495505551681662
243	HDAC1	V122V;	Silent;	-0.217025595386493
244	HDAC1	A121V;	Missense;	-0.118464652679223
245	HDAC1	K126K;	Silent;	0.0205699262861299
246	HDAC1	L124F;	Missense;	0.0896300619533357
247	HDAC1	L124F;	Missense;	-0.005111213267759
248	HDAC1	L124F;	Missense;	-0.140274919067168
249	HDAC1	D130N;T129T;Q128Q;	Missense;Silent;Silent;	-0.0038402342105309
250	HDAC1	Q127*;	Nonsense;	-0.0550231444833878
251	HDAC1	Q127*;Q128*;	Nonsense;Nonsense;	-0.098198334724073
252	HDAC1	Q128*;	Nonsense;	0.0460960472475537
253	HDAC1	V133M;A132T;	Missense;Missense;	-0.201305179468329
254	HDAC1	V133I;	Missense;	-0.0739562727405207
255	HDAC1	T129M;D130D;	Missense;Silent;	-0.019705692898422
256	HDAC1	D130D;	Silent;	-0.0791883949802401
257	HDAC1	D130D;	Silent;	-0.150521135187596
258	HDAC1	W135*;	Nonsense;	-0.0900513904362139
259	HDAC1	I131I;A132V;	Silent;Missense;	-0.0410631924992124
260	HDAC1	I131I;A132V;	Silent;Missense;	-0.011561731135251
261	HDAC1	A136T;W135*;	Missense;Nonsense;	-0.0734358839352034
262	HDAC1	I131I;A132V;	Silent;Missense;	-0.0852185926976094
263	HDAC1	A132V;	Missense;	0.177160896026585
264	HDAC1	A132V;	Missense;	0.0249846244164976
265	HDAC1	G137K;	Missense;	-0.0154303381919517
266	HDAC1	G138N;G137K;	Missense;Missense;	0.0521369957018311
267	HDAC1	A136V;	Missense;	-0.0609363680863754
268	HDAC1	A142T;	Missense;	0.0315611651054735
269	HDAC1	G138G;L139L;	Silent;Silent;	-0.0690234692084074
270	HDAC1	G138G;L139L;H140Y;	Silent;Silent;Missense;	-0.0082793383552015
271	HDAC1	K144K;K143K;	Silent;Silent;	-0.126678367102764
272	HDAC1	K144K;K143K;	Silent;Silent;	0.0819017836974745
273	HDAC1	H140Y;H141Y;	Missense;Missense;	-0.0664045672895016
274	HDAC1	H140H;H141Y;	Silent;Missense;	0.162291331569759
275	HDAC1	E146K;K144K;	Missense;Silent;	-0.0728565555867219
276	HDAC1	H141Y;A142V;	Missense;Missense;	0.104277879518037
277	HDAC1	E146K;	Missense;	0.0761418978298677
278	HDAC1	A147T;E146K;	Missense;Missense;	-0.232164192915272
279	HDAC1	A147T;	Missense;	-0.168757746944658
280	HDAC1	S145F;	Missense;	-0.156958586355951
281	HDAC1	C151Y;	Missense;	-0.0416988057929235
282	HDAC1	C151Y;	Missense;	0.0295128828317867
283	HDAC1	A147V;S148F;	Missense;Missense;	-0.0748689419744206
284	HDAC1	V153I;	Missense;	-0.136323632004385
285	HDAC1	G149G;	Silent;	-0.0420831167623253
286	HDAC1	V153I;	Missense;	-0.140695065990849
287	HDAC1	D155N;	Missense;	0.395083751791429
288	HDAC1	Y152Y;V153V;	Silent;Silent;	-0.175848640340341
289	HDAC1	V153V;	Silent;	-0.0112014707609192
290	HDAC1	L158L;	Silent;	0.0603862720347461
291	HDAC1	A159T;L158L;	Missense;Silent;	0.0687401940510372
292	HDAC1	I156I;	Silent;	-0.122203168373133
293	HDAC1	I156I;	Silent;	-0.00648902968265
294	HDAC1	E162K;L161L;	Missense;Silent;	0.130597063577268
295	HDAC1	V157V;	Silent;	-0.180821228414682
296	HDAC1	L163L;	Silent;	-0.319810093455052
297	HDAC1	A159A;I160I;L161L;	Silent;Silent;Silent;	0.094262929213342
298	HDAC1	Exon5:+1;	Splice-donor;	-0.0582146787150588
299	HDAC1	L161L;	Silent;	-0.072963605151403
300	HDAC1	Exon5:+1;	Splice-donor;	-0.0242015153968377
301	HDAC1	Exon5:+5;Exon5:+1;	Intron;Splice-donor;	0.0560439584280013
302	HDAC1	L163L;	Silent;	0.045716543126644
303	HDAC1	L164L;	Silent;	-0.0738719574462146
304	HDAC1	Exon5:+9;	Intron;	-0.106101058383619
305	HDAC1	L164L;	Silent;	-0.0342060936455184
306	HDAC1	Exon5:+14;Exon5:+13;	Intron;Intron;	-0.0376842005935428
307	HDAC1	Exon5:+10;Exon5:+11;	Intron;Intron;	-0.0772430977948198
308	HDAC1	Exon5:+10;Exon5:+11;	Intron;Intron;	-0.104982185938014
309	HDAC1	Exon5:+15;Exon5:+16;	Intron;Intron;	-0.164028202259631
310	HDAC1	Exon5:+27;Exon5:+26;	Intron;Intron;	-0.0029529789161267
311	HDAC1	Exon5:+27;Exon5:+26;	Intron;Intron;	-0.203622025871194
312	HDAC1	Exon5:+15;Exon5:+16;	Intron;Intron;	-0.0843572337762316
313	HDAC1	Exon5:+32;Exon5:+30;	Intron;Intron;	-0.0716317407995272
314	HDAC1	Exon5:+32;Exon5:+30;	Intron;Intron;	-0.105476954993066
315	HDAC1	Exon5:+23;	Intron;	-0.186766462781764
316	HDAC1	Exon5:+23;	Intron;	0.0418595634546908
317	HDAC1	Exon5:+41;Exon5:+40;	Intron;Intron;	0.0858016089097469
318	HDAC1	Exon6:-24;Exon6:-23;Exon6:-22;	Intron;Intron;Intron;	0.0492579810841687
319	HDAC1	Exon6:-8;	Intron;	-0.0965381123467844
320	HDAC1	Exon6:-8;	Intron;	-0.0013927067402412
321	HDAC1	Exon6:-8;	Intron;	0.344082132077045
322	HDAC1	Exon6:-17;Exon6:-16;Exon6:-15;	Intron;Intron;Intron;	-0.0295164357526515
323	HDAC1	Exon6:-17;Exon6:-16;Exon6:-15;Exon6:-14;	Intron;Intron;Intron;Intron;	0.148479864073522
324	HDAC1	K165K;Exon6:-1;	Silent;Splice-acceptor;	0.0448793118286155
325	HDAC1	K165K;Exon6:-1;	Silent;Splice-acceptor;	0.36429613455803
326	HDAC1	K165K;Exon6:-1;	Silent;Splice-acceptor;	0.435239021032839
327	HDAC1	K165K;	Silent;	0.127081646889598
328	HDAC1	Exon6:-5;	Intron;	-0.0521258724916524
329	HDAC1	Exon6:-5;Exon6:-4;	Intron;Intron;	0.0490433665471439
330	HDAC1	Exon6:-5;Exon6:-4;	Intron;Intron;	-0.0112613841931879
331	HDAC1	Exon6:-5;Exon6:-4;	Intron;Intron;	0.0211535838732217
332	HDAC1	V170M;R169K;Q168Q;	Missense;Missense;Silent;	0.469109165394899
333	HDAC1	V170M;R169K;	Missense;Missense;	0.225832099834699
334	HDAC1	H167Y;	Missense;	0.133058933999266
335	HDAC1	L171L;	Silent;	0.24996895639426
336	HDAC1	Q168*;	Nonsense;	0.103447979427998
337	HDAC1	D174N;	Missense;	0.306575544232327
338	HDAC1	L171L;	Silent;	-0.0590740274777825
339	HDAC1	D176N;	Missense;	0.280674456395372
340	HDAC1	D174D;	Silent;	-0.0406029508949898
341	HDAC1	D174D;	Silent;	-0.0306595263452991
342	HDAC1	G180N;	Missense;	-0.0322324344295979
343	HDAC1	H178Y;	Missense;	-0.0723486368000797
344	HDAC1	H178Y;H179Y;	Missense;Missense;	-0.0998847989941792
345	HDAC1	H178Y;H179Y;	Missense;Missense;	-0.0095805705220553
346	HDAC1	E184K;V183I;	Missense;Missense;	0.0049822937940865
347	HDAC1	H179Y;	Missense;	0.0416671927590878
348	HDAC1	E184K;V183V;	Missense;Silent;	-0.0202663725427895
349	HDAC1	E185K;E184K;V183V;	Missense;Missense;Silent;	0.360181456286506
350	HDAC1	A186V;	Missense;	0.0106531940000245
351	HDAC1	A186V;F187F;	Missense;Silent;	0.0478864181098324
352	HDAC1	A186A;F187F;	Silent;Silent;	0.0544657680565408
353	HDAC1	F187F;	Silent;	-0.163350289944098
354	HDAC1	R192Q;D191N;	Missense;Missense;	0.0174683162277968
355	HDAC1	R192Q;	Missense;	0.0780237854824665
356	HDAC1	V193I;R192Q;	Missense;Missense;	0.0356003147381223
357	HDAC1	Y188Y;T189I;	Silent;Missense;	-0.194863762023565
358	HDAC1	M194I;	Missense;	-0.300471042601155
359	HDAC1	T190M;	Missense;	0.0379670079856205
360	HDAC1	M194I;	Missense;	0.117801510336312
361	HDAC1	M194I;	Missense;	-0.0592029608410455
362	HDAC1	D191D;R192W;	Silent;Missense;	-0.19991176235383
363	HDAC1	V196M;	Missense;	0.0494887955711487
364	HDAC1	V196V;	Silent;	0.0376661915380906
365	HDAC1	V196V;	Silent;	0.0325214672346518
366	HDAC1	T195I;	Missense;	0.0782202945792137
367	HDAC1	S197F;	Missense;	0.0887966955108539
368	HDAC1	K200K;	Silent;	0.500333157848921
369	HDAC1	S197F;	Missense;	0.126608400904289
370	HDAC1	S197F;	Missense;	0.208716318082625
371	HDAC1	S197S;H199Y;	Silent;Missense;	0.212542989934182
372	HDAC1	E203K;G202K;	Missense;Missense;	0.647681309219664
373	HDAC1	E203K;G202E;	Missense;Missense;	1.66130357470335
374	HDAC1	E203E;	Silent;	-0.0567119371216898
375	HDAC1	Y204Y;	Silent;	0.0032820363256126
376	HDAC1	Y204Y;	Silent;	0.207564718006162
377	HDAC1	Y204Y;	Silent;	-0.0617624409561947
378	HDAC1	D210N;G209E;	Missense;Missense;	0.230175200502396
379	HDAC1	P206L;	Missense;	0.694125198058721
380	HDAC1	T208I;	Missense;	0.0904834435905552
381	HDAC1	R212Q;	Missense;	-0.0026279837664269
382	HDAC1	T208I;	Missense;	0.172691792058586
383	HDAC1	T208I;	Missense;	-0.120763685779005
384	HDAC1	Exon6:+5;Exon6:+3;Exon6:+1;	Intron;Intron;Splice-donor;	0.194536544473872
385	HDAC1	D210D;L211L;	Silent;Silent;	-0.253877124516156
386	HDAC1	Exon6:+9;	Intron;	-0.164396272948588
387	HDAC1	Exon6:+9;	Intron;	0.201309555520445
388	HDAC1	Exon6:+10;Exon6:+11;Exon6:+12;	Intron;Intron;Intron;	-0.140948306849224
389	HDAC1	Exon6:+10;Exon6:+11;Exon6:+12;	Intron;Intron;Intron;	0.0424092798146151
390	HDAC1	Exon6:+28;Exon6:+27;	Intron;Intron;	-0.0999281772885538
391	HDAC1	Exon6:+28;Exon6:+27;	Intron;Intron;	-0.0328022185144979
392	HDAC1	Exon6:+28;Exon6:+27;	Intron;Intron;	-0.165510199665968
393	HDAC1	Exon6:+21;Exon6:+22;Exon6:+25;	Intron;Intron;Intron;	-0.0389369979672427
394	HDAC1	Exon6:+39;	Intron;	-0.124213251977208
395	HDAC1	Exon6:+25;Exon6:+26;	Intron;Intron;	-0.0352258690815231
396	HDAC1	Exon6:+39;	Intron;	0.0551508220002284
397	HDAC1	Exon6:+25;Exon6:+26;Exon6:+29;	Intron;Intron;Intron;	0.0904808848259677
398	HDAC1	Exon6:+43;Exon6:+42;Exon6:+39;	Intron;Intron;Intron;	-0.0598233014163665
399	HDAC1	Exon6:+29;	Intron;	-0.0516802496518842
400	HDAC1	Exon6:+43;Exon6:+42;	Intron;Intron;	-0.0088782102638399
401	HDAC1	Exon6:+46;Exon6:+43;	Intron;Intron;	0.0458649117053304
402	HDAC1	Exon7:-14;Exon7:-15;	Intron;Intron;	0.0164085215362514
403	HDAC1	G215R;	Missense;	-0.188762481377969
404	HDAC1	I214I;	Silent;	-0.0018896397756182
405	HDAC1	I214I;	Silent;	0.0104232169812306
406	HDAC1	K220K;G219D;	Silent;Missense;	-0.0427550532193746
407	HDAC1	G217G;	Silent;	0.0243069941095293
408	HDAC1	A223T;	Missense;	0.0938856444408268
409	HDAC1	A223V;	Missense;	-0.0578273542040215
410	HDAC1	R229Q;	Missense;	0.235094138541404
411	HDAC1	N225N;	Silent;	-0.0502614145835641
412	HDAC1	N225N;Y226Y;	Silent;Silent;	0.0460787879274053
413	HDAC1	N225N;Y226Y;P227S;	Silent;Silent;Missense;	0.0918548462809478
414	HDAC1	G231K;	Missense;	0.421313746773816
415	HDAC1	P227L;L228F;	Missense;Missense;	0.0215574003250846
416	HDAC1	G231E;	Missense;	0.0948469212814302
417	HDAC1	D233N;G231G;	Missense;Silent;	0.0885343733824365
418	HDAC1	L228F;R229*;	Missense;Nonsense;	0.011310655358321
419	HDAC1	D233N;	Missense;	0.291053460694051
420	HDAC1	D234N;D233N;	Missense;Missense;	-0.171471940320815
421	HDAC1	R229*;	Nonsense;	-0.0138844529066511
422	HDAC1	D234N;	Missense;	0.241081017348805
423	HDAC1	D230D;	Silent;	-0.155371433958004
424	HDAC1	E235K;D234N;	Missense;Missense;	0.08394483509813
425	HDAC1	E235E;	Silent;	-0.189638511255142
426	HDAC1	K242K;	Silent;	-0.116380339380573
427	HDAC1	Exon7:+5;Exon7:+1;	Intron;Splice-donor;	-0.0497822875399105
428	HDAC1	Exon7:+5;	Intron;	-0.256752225665225
429	HDAC1	Exon7:+8;	Intron;	0.0147564654323299
430	HDAC1	Exon7:+9;	Intron;	0.047752606667115
431	HDAC1	Exon7:+9;	Intron;	-0.0102707165996544
432	HDAC1	Exon7:+9;	Intron;	-0.0619821801229368
433	HDAC1	Exon7:+26;Exon7:+25;Exon7:+24;	Intron;Intron;Intron;	0.0900819951656076
434	HDAC1	Exon7:+18;Exon7:+19;Exon7:+20;Exon7:+21;	Intron;Intron;Intron;Intron;	0.0217321414688432
435	HDAC1	Exon7:+19;Exon7:+20;Exon7:+21;	Intron;Intron;Intron;	-0.141642606963104
436	HDAC1	Exon7:+20;Exon7:+21;	Intron;Intron;	0.0146370763337533
437	HDAC1	Exon7:+36;	Intron;	-0.0639088105744332
438	HDAC1	Exon7:+21;	Intron;	0.209486034726179
439	HDAC1	Exon7:+37;Exon7:+36;	Intron;Intron;	-0.070568378706092
440	HDAC1	Exon7:+38;Exon7:+37;Exon7:+36;	Intron;Intron;Intron;	-0.0266859097617503
441	HDAC1	Exon7:+39;Exon7:+38;Exon7:+37;Exon7:+36;	Intron;Intron;Intron;Intron;	0.0367407983864514
442	HDAC1	Exon7:+27;	Intron;	-0.131125911650303
443	HDAC1	Exon7:+27;Exon7:+30;	Intron;Intron;	0.101453014263579
444	HDAC1	Exon7:+30;	Intron;	-0.100634083671621
445	HDAC1	Exon7:+44;Exon7:+43;	Intron;Intron;	0.0606466613263823
446	HDAC1	Exon7:+30;Exon7:+34;	Intron;Intron;	-0.194277885629774
447	HDAC1	Exon7:+34;	Intron;	0.0508239009769546
448	HDAC1	Exon8:-1;	Splice-acceptor;	0.0836938154150133
449	HDAC1	V244I;Exon8:-1;	Missense;Splice-acceptor;	0.308320560354225
450	HDAC1	V244V;	Silent;	0.0016875480076811
451	HDAC1	V244V;	Silent;	-0.0156666681161006
452	HDAC1	V244V;	Silent;	-0.0640754549286247
453	HDAC1	E250K;M249I;	Missense;Missense;	-0.120897677094937
454	HDAC1	S246F;	Missense;	0.0029497923368453
455	HDAC1	M251I;	Missense;	-0.0176907067115799
456	HDAC1	M251I;	Missense;	0.02554836536046
457	HDAC1	F252F;Q253*;	Silent;Nonsense;	0.11263120151101
458	HDAC1	F252F;Q253*;	Silent;Nonsense;	-0.157328473126513
459	HDAC1	V258I;V257V;	Missense;Silent;	0.10149550707431
460	HDAC1	V258I;V257V;	Missense;Silent;	-0.112496938510043
461	HDAC1	A256V;	Missense;	-0.0722626260624963
462	HDAC1	A256V;	Missense;	0.0755638083009918
463	HDAC1	A256V;	Missense;	0.0416258872558241
464	HDAC1	G262N;C261Y;	Missense;Missense;	0.29171540861508
465	HDAC1	V258V;	Silent;	-0.174410482335813
466	HDAC1	D264N;	Missense;	0.369683131557521
467	HDAC1	G262G;S263L;	Silent;Missense;	0.580522583472867
468	HDAC1	G262G;S263L;	Silent;Missense;	0.666669543690014
469	HDAC1	G262G;S263L;	Silent;Missense;	0.385026323636826
470	HDAC1	S263L;	Missense;	0.480569797634827
471	HDAC1	G268K;	Missense;	0.217848537010837
472	HDAC1	D269N;G268K;	Missense;Missense;	0.0865801289691656
473	HDAC1	D264D;S265F;	Silent;Missense;	0.0558516440949118
474	HDAC1	D264D;S265F;L266L;	Silent;Missense;Silent;	-0.088576702203424
475	HDAC1	R270Q;	Missense;	-0.204493490703288
476	HDAC1	L266L;S267F;	Silent;Missense;	0.561406721999504
477	HDAC1	R270Q;	Missense;	-0.109565788201946
478	HDAC1	S267F;	Missense;	0.172260673585898
479	HDAC1	R270Q;	Missense;	-0.0428162421663245
480	HDAC1	G272S;R270R;	Missense;Silent;	-0.0988186602698094
481	HDAC1	S267F;	Missense;	-0.0678112993511348
482	HDAC1	C273Y;G272N;	Missense;Missense;	0.132871013823027
483	HDAC1	F274F;	Silent;	-0.265496993704335
484	HDAC1	F274F;	Silent;	-0.262184637393881
485	HDAC1	L276L;	Silent;	-0.0340069550528419
486	HDAC1	Exon8:+1;G280R;	Splice-donor;Missense;	-0.0599202463632172
487	HDAC1	L276L;	Silent;	-0.141368554369164
488	HDAC1	Exon8:+5;Exon8:+3;	Intron;Intron;	-0.0410318734825937
489	HDAC1	T277I;I278I;	Missense;Silent;	-0.247382622415051
490	HDAC1	I278I;	Silent;	-0.0325821957693186
491	HDAC1	Exon8:+10;	Intron;	0.0727154086924611
492	HDAC1	I278I;	Silent;	0.182465257257655
493	HDAC1	Exon8:+14;Exon8:+11;Exon8:+10;	Intron;Intron;Intron;	0.0742747643964693
494	HDAC1	Exon8:+7;	Intron;	-0.163761207791528
495	HDAC1	Exon8:+7;Exon8:+8;	Intron;Intron;	0.064570256596049
496	HDAC1	Exon8:+7;Exon8:+8;	Intron;Intron;	-0.0350364812033827
497	HDAC1	Exon8:+8;	Intron;	-0.0654011235507816
498	HDAC1	Exon8:+25;Exon8:+24;Exon8:+21;	Intron;Intron;Intron;	-0.186431157931266
499	HDAC1	Exon8:+26;Exon8:+25;Exon8:+24;	Intron;Intron;Intron;	-0.0236918954201676
500	HDAC1	Exon8:+15;	Intron;	-0.0337774452188484
501	HDAC1	Exon8:+15;	Intron;	0.144014568211308
502	HDAC1	Exon8:+15;Exon8:+17;	Intron;Intron;	0.0112638809072844
503	HDAC1	Exon8:+15;Exon8:+17;	Intron;Intron;	0.153323439663181
504	HDAC1	Exon8:+17;	Intron;	0.0422597632967895
505	HDAC1	Exon8:+17;	Intron;	-0.127708279293411
506	HDAC1	Exon8:+33;Exon8:+32;Exon8:+30;Exon8:+29;	Intron;Intron;Intron;Intron;	-0.528980123298691
507	HDAC1	Exon8:+35;Exon8:+34;Exon8:+33;Exon8:+32;	Intron;Intron;Intron;Intron;	-0.288049956391155
508	HDAC1	Exon8:+31;	Intron;	-0.137564475394945
509	HDAC1	Exon8:+31;	Intron;	0.0625273230302259
510	HDAC1	Exon9:-18;Exon9:-17;Exon9:-16;Exon9:-15;	Intron;Intron;Intron;Intron;	-0.004085984809493
511	HDAC1	Exon9:-18;Exon9:-17;Exon9:-16;Exon9:-15;	Intron;Intron;Intron;Intron;	-0.0032355505124256
512	HDAC1	G280E;Exon9:-1;	Missense;Splice-acceptor;	0.228571715561984
513	HDAC1	G280E;Exon9:-1;	Missense;Splice-acceptor;	0.373436836413535
514	HDAC1	G280E;Exon9:-1;	Missense;Splice-acceptor;	0.34770864357406
515	HDAC1	Exon9:-12;Exon9:-10;Exon9:-9;	Intron;Intron;Intron;	-0.3060972806764
516	HDAC1	G280E;Exon9:-1;	Missense;Splice-acceptor;	0.271733708192437
517	HDAC1	A282T;	Missense;	-0.0031552458112293
518	HDAC1	Exon9:-8;Exon9:-6;Exon9:-5;	Intron;Intron;Intron;	-0.0544691634907602
519	HDAC1	A282T;	Missense;	0.223242120484034
520	HDAC1	A282T;	Missense;	0.0281836168425323
521	HDAC1	Exon9:-6;Exon9:-5;	Intron;Intron;	-0.104221307777337
522	HDAC1	K283K;	Silent;	-0.0024946890893075
523	HDAC1	C284Y;K283K;	Missense;Silent;	0.0268300495375779
524	HDAC1	C284Y;K283K;	Missense;Silent;	0.21621416609942
525	HDAC1	H281Y;	Missense;	-0.128151901237783
526	HDAC1	H281Y;	Missense;	-0.126602188509702
527	HDAC1	E286K;V285V;	Missense;Silent;	-0.108645025764048
528	HDAC1	A282V;	Missense;	-0.053183137924987
529	HDAC1	V288I;	Missense;	-0.080445432323789
530	HDAC1	V288I;	Missense;	-0.174861199717082
531	HDAC1	V288V;	Silent;	-0.10805107001343
532	HDAC1	L293L;	Silent;	0.0441793642103007
533	HDAC1	S290S;	Silent;	-0.0983433321486645
534	HDAC1	S290S;	Silent;	-0.0366805726651093
535	HDAC1	L296L;M295I;	Silent;Missense;	-0.0948637137257482
536	HDAC1	N292N;L293L;	Silent;Silent;	0.0670126309941849
537	HDAC1	N292N;L293L;P294S;	Silent;Silent;Missense;	0.0455399555995252
538	HDAC1	L293L;P294F;	Silent;Missense;	0.0165889247133931
539	HDAC1	P294F;	Missense;	0.318609479808818
540	HDAC1	L298L;M297I;	Silent;Missense;	0.0449308367688553
541	HDAC1	G299R;L298L;M297I;	Missense;Silent;Missense;	-0.0678090066047876
542	HDAC1	P294F;	Missense;	-0.0736058733159428
543	HDAC1	P294L;	Missense;	0.0932627897968713
544	HDAC1	G300S;G299K;L298L;	Missense;Missense;Silent;	-0.102826669887356
545	HDAC1	L296L;	Silent;	-0.0362476020790847
546	HDAC1	G300N;G299K;	Missense;Missense;	0.167983128500818
547	HDAC1	L296L;	Silent;	-0.386201784351032
548	HDAC1	L296L;	Silent;	0.0294160181241315
549	HDAC1	G302S;G301N;	Missense;Missense;	0.201953536015234
550	HDAC1	G300G;	Silent;	-0.0215692231216397
551	HDAC1	R306H;	Missense;	-0.15720046752267
552	HDAC1	Y303Y;T304I;	Silent;Missense;	0.102267937458425
553	HDAC1	T304I;	Missense;	-0.142153641178841
554	HDAC1	A309T;	Missense;	0.0014853297401048
555	HDAC1	T304T;R306C;	Silent;Missense;	0.133534610876689
556	HDAC1	R310Q;A309T;	Missense;Missense;	-0.112042096498386
557	HDAC1	R306C;	Missense;	-0.119793312214987
558	HDAC1	R310Q;	Missense;	-0.0640152029000085
559	HDAC1	N307N;	Silent;	-0.172193985162467
560	HDAC1	N307N;	Silent;	-0.0215099456602819
561	HDAC1	C311Y;R310R;	Missense;Silent;	0.278598339436945
562	HDAC1	W312*;	Nonsense;	0.183203954598643
563	HDAC1	A309V;R310W;	Missense;Missense;	0.21369071561271
564	HDAC1	A309A;R310W;	Silent;Missense;	-0.0001099546263934
565	HDAC1	E315K;	Missense;	0.601273967132546
566	HDAC1	E315K;	Missense;	0.0722044315808598
567	HDAC1	E315K;	Missense;	0.567231945174674
568	HDAC1	C311C;	Silent;	0.0679066049672959
569	HDAC1	T313I;	Missense;	-0.0616323737418695
570	HDAC1	A317T;	Missense;	0.214032580144548
571	HDAC1	T313I;	Missense;	0.336555415125925
572	HDAC1	T313I;	Missense;	0.0011475680814451
573	HDAC1	A319T;V318I;	Missense;Missense;	-0.0312114209364053
574	HDAC1	T316I;	Missense;	-0.0220300352806586
575	HDAC1	A317V;	Missense;	-0.0479657889611691
576	HDAC1	A317V;	Missense;	0.149972189452264
577	HDAC1	D321N;	Missense;	-0.293813083236267
578	HDAC1	E323K;T322T;	Missense;Silent;	0.133496662864087
579	HDAC1	T322M;	Missense;	-0.147149251621141
580	HDAC1	T322M;	Missense;	0.0188894409729254
581	HDAC1	Exon9:+1;E327K;	Splice-donor;Missense;	-0.0436684784371278
582	HDAC1	I324I;	Silent;	0.142733604342359
583	HDAC1	I324I;P325F;	Silent;Missense;	-0.211755844108042
584	HDAC1	P325L;	Missense;	0.106481496806638
585	HDAC1	Exon9:+10;Exon9:+7;	Intron;Intron;	-0.0803469334931226
586	HDAC1	Exon9:+10;	Intron;	-0.10828937440415
587	HDAC1	Exon9:+13;Exon9:+10;	Intron;Intron;	-0.0176706823641599
588	HDAC1	Exon9:+8;	Intron;	0.101872050425528
589	HDAC1	Exon9:+8;Exon9:+11;	Intron;Intron;	-0.0312870922941398
590	HDAC1	Exon9:+11;	Intron;	-0.138676473952366
591	HDAC1	Exon9:+25;Exon9:+24;	Intron;Intron;	0.0894947886254442
592	HDAC1	Exon9:+11;	Intron;	-0.0520325577057256
593	HDAC1	Exon9:+16;	Intron;	-0.148012034142765
594	HDAC1	Exon9:+29;Exon9:+28;Exon9:+25;	Intron;Intron;Intron;	-0.0068867277466141
595	HDAC1	Exon9:+16;Exon9:+17;	Intron;Intron;	-0.154176488625266
596	HDAC1	Exon9:+16;Exon9:+17;	Intron;Intron;	-0.117275314770322
597	HDAC1	Exon9:+17;	Intron;	0.0533627333192221
598	HDAC1	Exon9:+34;Exon9:+33;Exon9:+30;	Intron;Intron;Intron;	-0.143015290924338
599	HDAC1	Exon9:+23;	Intron;	-0.0190987110289544
600	HDAC1	Exon9:+35;Exon9:+34;Exon9:+33;	Intron;Intron;Intron;	0.0221086247963147
601	HDAC1	Exon9:+23;	Intron;	0.0617889627749577
602	HDAC1	Exon9:+23;	Intron;	0.0082748243527686
603	HDAC1	Exon9:+23;Exon9:+26;	Intron;Intron;	0.0494107024216076
604	HDAC1	Exon9:+41;Exon9:+39;Exon9:+38;Exon9:+37;	Intron;Intron;Intron;Intron;	-0.209514571066304
605	HDAC1	Exon9:+26;	Intron;	-0.181760342615394
606	HDAC1	Exon9:+31;	Intron;	0.141024158244696
607	HDAC1	Exon9:+44;Exon9:+41;	Intron;Intron;	0.113918790546809
608	HDAC1	Exon9:+31;	Intron;	0.010425399465675
609	HDAC1	Exon10:-11;	Intron;	-0.114559336584629
610	HDAC1	Exon10:-18;Exon10:-16;	Intron;Intron;	0.0586921743318935
611	HDAC1	Exon10:-16;Exon10:-14;Exon10:-13;	Intron;Intron;Intron;	0.152315676346197
612	HDAC1	Exon10:-1;	Splice-acceptor;	-0.0829498106288972
613	HDAC1	E327E;Exon10:-1;	Silent;Splice-acceptor;	0.304170416760324
614	HDAC1	E327E;	Silent;	0.203258944572161
615	HDAC1	E327E;	Silent;	-0.144814310948678
616	HDAC1	Exon10:-3;	Intron;	-0.152027367303909
617	HDAC1	D332N;	Missense;	0.112912821552119
618	HDAC1	P329L;	Missense;	0.0749762600945077
619	HDAC1	E335K;	Missense;	0.0421373034739023
620	HDAC1	E335K;	Missense;	-0.0267826763574448
621	HDAC1	D332D;	Silent;	0.0021713596745129
622	HDAC1	D332D;Y333Y;	Silent;Silent;	-0.206586122201364
623	HDAC1	G338K;	Missense;	-0.0373264307203188
624	HDAC1	G338E;	Missense;	-0.211942373347135
625	HDAC1	Y336Y;	Silent;	0.118923452570439
626	HDAC1	K342K;	Silent;	0.0606808704048441
627	HDAC1	F341F;	Silent;	-0.11091091112682
628	HDAC1	S346N;	Missense;	0.0715996177736594
629	HDAC1	H344H;I345I;	Silent;Silent;	-0.013586835951641
630	HDAC1	M350I;	Missense;	0.116987912919442
631	HDAC1	M350I;	Missense;	0.0555575505464117
632	HDAC1	S348F;	Missense;	0.343952548592522
633	HDAC1	Q353Q;	Silent;	-0.15751564409693
634	HDAC1	Q353Q;	Silent;	-0.0346833627387652
635	HDAC1	T351I;	Missense;	0.0442688349562855
636	HDAC1	N352N;Q353*;	Silent;Nonsense;	0.308878736834739
637	HDAC1	E357K;	Missense;	-0.0697347393012464
638	HDAC1	E357E;	Silent;	-0.0228959341901848
639	HDAC1	N354N;	Silent;	0.018546633353516
640	HDAC1	E357E;	Silent;	-0.142614535685718
641	HDAC1	N354N;T355M;	Silent;Missense;	-0.151811464928483
642	HDAC1	N354N;T355M;	Silent;Missense;	-0.103278123541071
643	HDAC1	E360K;L359L;	Missense;Silent;	0.0808992422959935
644	HDAC1	E360K;	Missense;	0.196709942983254
645	HDAC1	Y358Y;L359L;	Silent;Silent;	-0.141729264216763
646	HDAC1	Y358Y;L359L;	Silent;Silent;	-0.0986059692271765
647	HDAC1	L359L;	Silent;	-0.0619463903468962
648	HDAC1	Exon10:+3;Exon10:+1;	Intron;Splice-donor;	0.418979081338601
649	HDAC1	Exon10:+5;Exon10:+3;Exon10:+1;	Intron;Intron;Splice-donor;	0.256925747668592
650	HDAC1	Exon10:+11;Exon10:+12;	Intron;Intron;	-0.0536190782955496
651	HDAC1	Exon10:+11;Exon10:+12;Exon10:+14;	Intron;Intron;Intron;	0.160662916108496
652	HDAC1	Exon10:+14;Exon10:+15;	Intron;Intron;	-0.191057217886929
653	HDAC1	Exon10:+28;Exon10:+27;	Intron;Intron;	0.0794538398907066
654	HDAC1	Exon10:+28;Exon10:+27;	Intron;Intron;	-0.247607918821987
655	HDAC1	Exon10:+31;Exon10:+28;	Intron;Intron;	-0.0262175231265734
656	HDAC1	Exon10:+31;	Intron;	0.071806985033282
657	HDAC1	Exon10:+23;Exon10:+24;	Intron;Intron;	-0.0543159164073685
658	HDAC1	Exon10:+41;	Intron;	0.0694755359402954
659	HDAC1	Exon10:+41;	Intron;	0.0875289403718451
660	HDAC1	Exon10:+34;	Intron;	-0.174487127941575
661	HDAC1	Exon11:-26;Exon11:-23;	Intron;Intron;	0.0277222124116178
662	HDAC1	Exon11:-23;	Intron;	-0.176940162973327
663	HDAC1	Exon11:-8;	Intron;	0.0416180687819226
664	HDAC1	Exon11:-7;Exon11:-8;	Intron;Intron;	-0.153655284673219
665	HDAC1	Exon11:-18;Exon11:-16;	Intron;Intron;	-0.256716144876948
666	HDAC1	Exon11:-1;	Splice-acceptor;	0.172301108845315
667	HDAC1	Exon11:-14;Exon11:-13;Exon11:-12;	Intron;Intron;Intron;	-0.317525299527586
668	HDAC1	Exon11:-1;	Splice-acceptor;	0.276021294037205
669	HDAC1	Exon11:-13;Exon11:-12;	Intron;Intron;	0.0549593140639247
670	HDAC1	Q364Q;	Silent;	0.479008654874367
671	HDAC1	R365Q;Q364Q;	Missense;Silent;	0.0207408721792129
672	HDAC1	R365Q;Q364Q;	Missense;Silent;	0.217280694545545
673	HDAC1	Exon11:-6;Exon11:-5;	Intron;Intron;	-0.0738698906521951
674	HDAC1	Exon11:-5;Exon11:-3;	Intron;Intron;	0.103189360435322
675	HDAC1	L366L;	Silent;	-0.0587763137149686
676	HDAC1	Exon11:-3;Q364*;	Intron;Nonsense;	-0.006820456766496
677	HDAC1	E368K;L366L;	Missense;Silent;	-0.111407969824205
678	HDAC1	E368K;	Missense;	0.301782743518879
679	HDAC1	E368E;	Silent;	0.100563942824813
680	HDAC1	L366L;	Silent;	0.0074308527789999
681	HDAC1	R371K;	Missense;	0.183763308892401
682	HDAC1	N369N;L370F;	Silent;Missense;	0.186897756548364
683	HDAC1	L370F;	Missense;	0.060571432381387
684	HDAC1	P374P;	Silent;	-0.0554227941826551
685	HDAC1	A376T;P374P;	Missense;Silent;	0.0232959667496726
686	HDAC1	L373L;	Silent;	-0.0228937249942487
687	HDAC1	L373L;	Silent;	-0.0651737298048461
688	HDAC1	L373L;P374S;	Silent;Missense;	0.0919000838563057
689	HDAC1	L373L;P374L;	Silent;Missense;	-0.0318971495161518
690	HDAC1	V379I;G378K;	Missense;Missense;	0.146912994420052
691	HDAC1	V379I;G378G;	Missense;Silent;	-0.153524711113178
692	HDAC1	V379I;	Missense;	-0.0412339165510348
693	HDAC1	H375H;A376V;P377S;	Silent;Missense;Missense;	0.063518544782933
694	HDAC1	M381I;	Missense;	-0.0561867571981237
695	HDAC1	P377F;	Missense;	-0.182671355153228
696	HDAC1	P377F;	Missense;	-0.0312687530893522
697	HDAC1	M381I;	Missense;	-0.0718201380144212
698	HDAC1	A383T;Q382Q;M381I;	Missense;Silent;Missense;	0.0104159124490135
699	HDAC1	A383T;Q382Q;	Missense;Silent;	0.0044355405758296
700	HDAC1	Q380*;	Nonsense;	0.326157226964961
701	HDAC1	Q382*;	Nonsense;	0.0899501156910158
702	HDAC1	E386K;	Missense;	-0.0447994106092615
703	HDAC1	Q382*;	Nonsense;	-0.0195730124448392
704	HDAC1	Q382*;A383V;	Nonsense;Missense;	0.178070543423964
705	HDAC1	A388T;D387N;E386E;	Missense;Missense;Silent;	0.124478913183865
706	HDAC1	A388T;	Missense;	-0.0830426139927548
707	HDAC1	P385F;	Missense;	-0.0284200145938016
708	HDAC1	E391K;	Missense;	0.373564306802669
709	HDAC1	E391K;	Missense;	0.34498487539779
710	HDAC1	D387D;	Silent;	-0.142615679650457
711	HDAC1	D387D;A388V;	Silent;Missense;	0.0507257903651018
712	HDAC1	A388V;	Missense;	-0.157577851286241
713	HDAC1	A388V;I389I;	Missense;Silent;	-0.14728811500529
714	HDAC1	S393N;E392E;	Missense;Silent;	-0.0058858463702318
715	HDAC1	I389I;P390F;	Silent;Missense;	0.0465656467755195
716	HDAC1	G394N;S393N;	Missense;Missense;	-0.22989554496716
717	HDAC1	G394N;S393N;	Missense;Missense;	-0.0529081768207717
718	HDAC1	P390F;	Missense;	0.0469354511461936
719	HDAC1	D395N;G394D;	Missense;Missense;	0.116819966239791
720	HDAC1	E396K;D395N;	Missense;Missense;	-0.186400127974159
721	HDAC1	E396K;D395N;	Missense;Missense;	0.547316611589801
722	HDAC1	G394G;	Silent;	-0.109339700153
723	HDAC1	D400N;	Missense;	-0.171609897716499
724	HDAC1	D397D;	Silent;	0.0240516357621753
725	HDAC1	D399D;	Silent;	-0.0521398651794881
726	HDAC1	K403K;	Silent;	-0.136689525063462
727	HDAC1	R404H;	Missense;	-0.103780435430349
728	HDAC1	D400D;P401F;	Silent;Missense;	0.0538305499883626
729	HDAC1	P401L;D402D;	Missense;Silent;	0.109834355842223
730	HDAC1	S406S;	Silent;	-0.0223217966578494
731	HDAC1	S406S;	Silent;	-0.0502545666649982
732	HDAC1	D402D;	Silent;	-0.10931633238019
733	HDAC1	Exon11:+1;S406S;	Splice-donor;Silent;	0.401251072938868
734	HDAC1	D402D;R404C;	Silent;Missense;	0.196732069940434
735	HDAC1	Exon11:+5;Exon11:+3;Exon11:+1;	Intron;Intron;Splice-donor;	-0.0917737029062113
736	HDAC1	R404R;I405I;	Silent;Silent;	-0.121520099514593
737	HDAC1	Exon11:+5;	Intron;	0.0653919676636126
738	HDAC1	Exon11:+11;	Intron;	0.271097676482395
739	HDAC1	Exon11:+11;	Intron;	0.0313960818938602
740	HDAC1	Exon11:+8;Exon11:+9;	Intron;Intron;	-0.0792801070446286
741	HDAC1	Exon11:+26;	Intron;	0.0645965805546371
742	HDAC1	Exon11:+26;	Intron;	-0.101374609126923
743	HDAC1	Exon11:+27;	Intron;	-0.0527225082941544
744	HDAC1	Exon11:+27;Exon11:+28;	Intron;Intron;	-0.164224521541034
745	HDAC1	Exon11:+27;Exon11:+28;Exon11:+31;	Intron;Intron;Intron;	-0.119807642844835
746	HDAC1	Exon11:+45;Exon11:+42;Exon11:+41;	Intron;Intron;Intron;	0.0325703241571116
747	HDAC1	Exon11:+45;Exon11:+42;	Intron;Intron;	0.113880976719083
748	HDAC1	Exon12:-18;Exon12:-15;	Intron;Intron;	-0.0221984383594318
749	HDAC1	Exon12:-1;	Splice-acceptor;	0.206422082976765
750	HDAC1	Exon12:-15;Exon12:-14;Exon12:-13;Exon12:-11;	Intron;Intron;Intron;Intron;	-0.130337992791049
751	HDAC1	C408Y;Exon12:-1;	Missense;Splice-acceptor;	0.0405260308868461
752	HDAC1	C408Y;	Missense;	0.127028885243958
753	HDAC1	C408Y;	Missense;	0.128918407929636
754	HDAC1	C408Y;	Missense;	-0.10827295598272
755	HDAC1	Exon12:-7;Exon12:-5;Exon12:-4;Exon12:-3;	Intron;Intron;Intron;Intron;	0.037826351534297
756	HDAC1	D411N;	Missense;	0.70524040641121
757	HDAC1	D411N;	Missense;	0.382083839091728
758	HDAC1	D411N;	Missense;	-0.165420083823857
759	HDAC1	D411N;	Missense;	0.223855377289278
760	HDAC1	I407I;C408C;	Silent;Silent;	-0.0847687653203586
761	HDAC1	R413Q;	Missense;	0.0272808833930771
762	HDAC1	S409F;S410F;	Missense;Missense;	-0.284396647664338
763	HDAC1	R413Q;	Missense;	-0.138345694449766
764	HDAC1	A415T;	Missense;	-0.210808707813404
765	HDAC1	S410F;D411D;	Missense;Silent;	0.151972914044359
766	HDAC1	A415T;	Missense;	-0.0877045677543216
767	HDAC1	D411D;	Silent;	-0.0908665018464276
768	HDAC1	C416Y;A415T;	Missense;Missense;	0.0135116289823571
769	HDAC1	D411D;R413*;	Silent;Nonsense;	-0.0838421290108767
770	HDAC1	R413*;	Nonsense;	0.0814130485674156
771	HDAC1	E417K;C416Y;	Missense;Missense;	-0.175660259554184
772	HDAC1	R413*;	Nonsense;	-0.0671666982362252
773	HDAC1	E419K;E418K;E417E;	Missense;Missense;Silent;	-0.049174290002106
774	HDAC1	F420F;	Silent;	-0.112701289640088
775	HDAC1	F420F;S421F;	Silent;Missense;	-0.0636528743085709
776	HDAC1	F420F;S421F;	Silent;Missense;	0.149412667893421
777	HDAC1	S421F;	Missense;	0.0513827049064961
778	HDAC1	S421F;	Missense;	0.756568565138807
779	HDAC1	E426K;E425E;	Missense;Silent;	0.957439337242653
780	HDAC1	S423F;	Missense;	0.372868076390057
781	HDAC1	G427K;E426K;	Missense;Missense;	0.5306333958453
782	HDAC1	G427K;E426E;	Missense;Silent;	0.0182160628578772
783	HDAC1	S423F;	Missense;	0.325539975699724
784	HDAC1	S423F;	Missense;	0.0927147255944191
785	HDAC1	S423F;	Missense;	0.298609372108919
786	HDAC1	G429K;E428K;	Missense;Missense;	0.118079593004343
787	HDAC1	S434F;S435F;	Missense;Missense;	0.0551479920257153
788	HDAC1	S435S;N436N;	Silent;Silent;	-0.122767197472546
789	HDAC1	N436N;F437F;	Silent;Silent;	-0.141227058555771
790	HDAC1	F437F;	Silent;	0.0025236515369009
791	HDAC1	A440V;	Missense;	-0.155270026299408
792	HDAC1	A440A;	Silent;	-0.026745885177353
793	HDAC1	T445I;	Missense;	-0.188522408342231
794	HDAC1	T445I;	Missense;	-0.0785099514993478
795	HDAC1	D452D;P453L;	Silent;Missense;	-0.133131309629231
796	HDAC1	D452D;P453L;	Silent;Missense;	-0.0328551588867362
797	HDAC1	P453L;	Missense;	0.217017578542116
798	HDAC1	P453L;	Missense;	0.178109358651433
799	HDAC1	Exon12:+1;E458K;	Splice-donor;Missense;	-0.0552806318123171
800	HDAC1	Exon12:+3;Exon12:+1;E458K;	Intron;Splice-donor;Missense;	0.0924520383462403
801	HDAC1	Exon12:+4;Exon12:+3;Exon12:+1;E458K;	Intron;Intron;Splice-donor;Missense;	0.157736427425065
802	HDAC1	Exon12:+14;	Intron;	-0.0540572073994134
803	HDAC1	Exon12:+17;	Intron;	-0.0983227818558027
804	HDAC1	Exon12:+28;	Intron;	-0.0060227387237243
805	HDAC1	Exon12:+17;	Intron;	0.0917410640004015
806	HDAC1	Exon12:+35;Exon12:+33;	Intron;Intron;	0.0458618382881403
807	HDAC1	Exon12:+23;	Intron;	-0.0822566116100394
808	HDAC1	Exon12:+23;	Intron;	0.0282707507771
809	HDAC1	Exon12:+41;Exon12:+39;	Intron;Intron;	0.194515162545342
810	HDAC1	Exon12:+30;	Intron;	-0.179085544825293
811	HDAC1	Exon12:+30;Exon12:+32;	Intron;Intron;	-0.16090959985085
812	HDAC1	Exon13:-25;Exon13:-24;	Intron;Intron;	0.0560725692473482
813	HDAC1	Exon13:-25;Exon13:-24;Exon13:-21;	Intron;Intron;Intron;	-0.0363102661680218
814	HDAC1	Exon13:-7;Exon13:-9;	Intron;Intron;	0.0238887745792002
815	HDAC1	Exon13:-7;Exon13:-9;	Intron;Intron;	0.19443266264183
816	HDAC1	Exon13:-19;	Intron;	0.0619159982263362
817	HDAC1	Exon13:-7;	Intron;	-0.0655363384550984
818	HDAC1	Exon13:-1;	Splice-acceptor;	0.119660040558022
819	HDAC1	Exon13:-14;Exon13:-12;	Intron;Intron;	0.0245735458488844
820	HDAC1	V459I;	Missense;	0.118197434484825
821	HDAC1	V459I;	Missense;	-0.0484834546287492
822	HDAC1	Exon13:-4;	Intron;	-0.157239290306973
823	HDAC1	Exon13:-4;	Intron;	0.0107173249763755
824	HDAC1	Exon13:-4;	Intron;	-0.0621765488617628
825	HDAC1	E463K;E462K;	Missense;Missense;	0.304983923772545
826	HDAC1	T460T;	Silent;	-0.203269462817019
827	HDAC1	T465I;	Missense;	-0.152837046157998
828	HDAC1	E471K;	Missense;	-0.0280688916785981
829	HDAC1	E471K;	Missense;	-0.0046437838428475
830	HDAC1	P470S;	Missense;	0.0721807629248688
831	HDAC1	P470L;	Missense;	-0.0573062846084694
832	HDAC1	P470L;	Missense;	-0.0505339323469993
833	HDAC1	P470L;	Missense;	-0.0706678805059806
834	HDAC1	Exon13:+5;Exon13:+3;Exon13:+1;	Intron;Intron;Splice-donor;	-0.128595973786483
835	HDAC1	Exon13:+6;Exon13:+5;Exon13:+3;	Intron;Intron;Intron;	-0.209471825853014
836	HDAC1	A472V;	Missense;	-0.0905877014154334
837	HDAC1	A472V;	Missense;	0.0966059039371334
838	HDAC1	A472V;	Missense;	-0.135158412844255
839	HDAC1	Exon13:+12;Exon13:+10;Exon13:+9;	Intron;Intron;Intron;	-0.200637408362334
840	HDAC1	Exon13:+12;Exon13:+10;Exon13:+9;	Intron;Intron;Intron;	-0.174924236288715
841	HDAC1	Exon13:+16;Exon13:+17;	Intron;Intron;	0.111828067498196
842	HDAC1	Exon13:+16;Exon13:+17;	Intron;Intron;	-0.19852677227886
843	HDAC1	Exon13:+34;Exon13:+33;	Intron;Intron;	0.0039115478242646
844	HDAC1	Exon13:+34;Exon13:+33;	Intron;Intron;	0.0029648125307387
845	HDAC1	Exon13:+23;Exon13:+24;	Intron;Intron;	-0.0197658431976304
846	HDAC1	Exon13:+23;Exon13:+24;	Intron;Intron;	-0.0484245877355432
847	HDAC1	Exon13:+24;Exon13:+27;	Intron;Intron;	-0.20293596292137
848	HDAC1	Exon13:+40;Exon13:+39;	Intron;Intron;	-0.0635104540303098
849	HDAC1	Exon13:+42;Exon13:+40;Exon13:+39;	Intron;Intron;Intron;	-0.0830451468999159
850	HDAC1	Exon13:+42;	Intron;	-0.160596971286931
851	HDAC1	Exon13:+30;Exon13:+31;	Intron;Intron;	-0.060063277876015
852	HDAC1	Exon14:-13;	Intron;	-0.0185919870483009
853	HDAC1	Exon14:-17;Exon14:-15;	Intron;Intron;	-0.0602669277245269
854	HDAC1	Exon14:-17;Exon14:-15;	Intron;Intron;	-0.0669967398286335
855	HDAC1	Exon14:-17;Exon14:-15;	Intron;Intron;	-0.186527821704675
856	HDAC1	V475I;G474G;Exon14:-1;	Missense;Silent;Splice-acceptor;	0.147144345468425
857	HDAC1	V475I;G474G;Exon14:-1;	Missense;Silent;Splice-acceptor;	0.254122372578346
858	HDAC1	Exon14:-12;Exon14:-10;Exon14:-8;	Intron;Intron;Intron;	-0.0928475764054154
859	HDAC1	Exon14:-10;Exon14:-8;	Intron;Intron;	0.0491859956038638
860	HDAC1	K476K;	Silent;	-0.0144602221826044
861	HDAC1	Exon14:-8;Exon14:-6;Exon14:-5;	Intron;Intron;Intron;	0.0454241539889714
862	HDAC1	Exon14:-8;Exon14:-6;Exon14:-5;	Intron;Intron;Intron;	-0.0609366800482297
863	HDAC1	E477K;K476K;	Missense;Silent;	0.0317496242461198
864	HDAC1	Exon14:-6;Exon14:-5;Exon14:-3;	Intron;Intron;Intron;	0.138442164634478
865	HDAC1	E478K;E477K;K476K;	Missense;Missense;Silent;	0.0603539977110862
866	HDAC1	Exon14:-5;Exon14:-3;	Intron;Intron;	0.0317210446850773
867	HDAC1	E478K;E477E;	Missense;Silent;	0.0949071947263817
868	HDAC1	V479I;E478K;E477E;	Missense;Missense;Silent;	0.0612975873080069
869	HDAC1	V479I;E478E;	Missense;Silent;	0.137731870693351
870	HDAC1	V475V;	Silent;	-0.204304380374937
871	HDAC1	V475V;	Silent;	-0.125925051549806
872	HDAC1	L481L;K480K;	Silent;Silent;	0.314967556201332
873	HDAC1	V479V;	Silent;	-0.108085723076841
874	HDAC1	V479V;	Silent;	-0.0571897753462439
875	HDAC1	utr;utr;	UTR;UTR;	-0.0041513026574975
876	HDAC1	A482V;	Missense;	-0.0591337910124429
877	HDAC1	utr;	UTR;	-0.0389227174353325
878	HDAC1	utr;	UTR;	-0.0793186297822584
879	HDAC1	utr;	UTR;	-0.0799571001852606
880	HDAC1	utr;	UTR;	-0.217378897709841
881	HDAC1	utr;utr;utr;	UTR;UTR;UTR;	-0.203159965146364
882	HDAC1	utr;	UTR;	-0.0414916092456056
883	HDAC1	utr;utr;	UTR;UTR;	0.0363835108766744
884	HDAC1	utr;	UTR;	0.0948751860640122
885	HDAC1	utr;utr;	UTR;UTR;	0.0801554793665045
886	HDAC1	utr;utr;	UTR;UTR;	-0.168039692077697
887	HDAC1	utr;utr;	UTR;UTR;	-0.156715846487905
888	HDAC1	utr;	UTR;	0.0918436231202264
889	HDAC1	utr;utr;	UTR;UTR;	-0.0012763576120266
890	HDAC1	utr;	UTR;	-0.159911698179607
891	HDAC1	utr;	UTR;	-0.0209695482247003
892	HDAC1		No Mutation	-0.0511809200814822
893	HDAC1		No Mutation	-0.105666075998513
894	HDAC1		No Mutation	0.0850690584950377
895	HDAC1		No Mutation	-0.117281338142403
896	HDAC1		No Mutation	-0.010876726131879
897	HDAC1		No Mutation	-0.0400413530231826
898	HDAC1		No Mutation	-0.0784664413399269
899	HDAC1		No Mutation	0.0642758188695289
900	HDAC1		No Mutation	-0.143468842389334
901	HDAC1		No Mutation	0.0591056971290863
902	HDAC1		No Mutation	-0.021958522884488
903	HDAC1		No Mutation	-0.27026456814789
904	HDAC1		No Mutation	0.0610161352219353
905	HDAC1		No Mutation	0.0428985290722974
906	HDAC1		No Mutation	0.0725999554674808
907	HDAC1		No Mutation	0.0058580387729728
908	HDAC1		No Mutation	-0.101474251026043
909	HDAC1		No Mutation	0.0702273061763598
910	HDAC1		No Mutation	0.142723024654807
911	HDAC1		No Mutation	0.0367422991314955
912	HDAC1		No Mutation	-0.04423541859899
913	HDAC1		No Mutation	-0.118940595583228
914	HDAC1		No Mutation	0.0302426304071108
915	HDAC1		No Mutation	-0.105929186743305
916	HDAC1		No Mutation	-0.192375534985477
917	HDAC1		No Mutation	-0.127635606201225
918	HDAC1		No Mutation	-0.130166057382947
919	HDAC1		No Mutation	0.0535438085354294
920	HDAC1		No Mutation	-0.270181619391991
921	HDAC1		No Mutation	-0.0954994971623719
922	HDAC1		No Mutation	-0.0621882367731577
923	HDAC1		No Mutation	-0.192209173294884
924	HDAC1		No Mutation	-0.0135152893326081
925	HDAC1		No Mutation	-0.0068958705473581
926	HDAC1		No Mutation	-0.222297495864549
927	HDAC1		No Mutation	-0.0611605325630897
928	HDAC1		No Mutation	-0.0755755184824191
929	HDAC1		No Mutation	0.148921551879126
930	HDAC1		No Mutation	-0.110091420472998
931	HDAC1		No Mutation	-0.0621601960779211
932	HDAC1		No Mutation	0.196862161902503
933	HDAC1		No Mutation	-0.0077677348651832
934	HDAC1		No Mutation	-0.0919881377686125
935	HDAC1		No Mutation	-0.0684566257758607
936	HDAC1		No Mutation	-0.0977932878709098
937	HDAC1		No Mutation	-0.051892695413659
938	HDAC1		No Mutation	-0.0884671920421968
939	HDAC1		No Mutation	-0.0558157770983622
940	HDAC1		No Mutation	0.0893669789052609
941	HDAC1		No Mutation	-0.187998090963092
942	HDAC1		No Mutation	-0.0157024690218001
943	HDAC1		No Mutation	-0.186217658296174
944	HDAC1		No Mutation	-0.0849799293576521
945	HDAC1		No Mutation	-0.121771741050009
946	HDAC1		No Mutation	-0.0331565585823968
947	HDAC1		No Mutation	-0.191708593473271
948	HDAC1		No Mutation	0.0179427512748766
949	HDAC1		No Mutation	0.0789499291743638
950	HDAC1		No Mutation	0.0083097405432154
951	HDAC1		No Mutation	-0.0350537403386444
952	HDAC1		No Mutation	0.050768289750561
953	HDAC1		No Mutation	0.109019890956918
954	HDAC1		No Mutation	-0.13408383685388
955	HDAC1		No Mutation	-0.0187595797396795
956	HDAC1		No Mutation	-0.0849693658091836
957	HDAC1		No Mutation	-0.153779081397971
958	HDAC1		No Mutation	-0.0918036211570552
959	HDAC1		No Mutation	0.037785449957313
960	HDAC1		No Mutation	-0.0584506865132379
961	HDAC1		No Mutation	-0.0259474350367566
962	HDAC1		No Mutation	-0.132546880315736
963	HDAC1		No Mutation	-0.0790875147826094
964	HDAC1		No Mutation	-0.0875544749514004
965	HDAC1		No Mutation	-0.0706942025467019
966	HDAC1		No Mutation	0.0784059051499159
967	HDAC1		No Mutation	0.0439086929389566
968	HDAC1		No Mutation	-0.081851180674605
969	HDAC1		No Mutation	-0.0466260463417296
970	HDAC1		No Mutation	0.0615052131340376
971	HDAC1		No Mutation	-0.158873764758955
972	HDAC1		No Mutation	-0.034270300449954
973	HDAC1		No Mutation	-0.079346735710569
974	HDAC1		No Mutation	0.104534330304473
975	HDAC1		No Mutation	-0.0266288592626171
976	HDAC1		No Mutation	-0.0404867587224835
977	HDAC1		No Mutation	0.100245246386233
978	HDAC1		No Mutation	-0.0538356919713726
979	HDAC1		No Mutation	-0.139152554098966
980	HDAC1		No Mutation	-0.19233539022502
981	HDAC1		No Mutation	-0.0649680023427243
982	HDAC1		No Mutation	-0.259221616290814
983	HDAC1		No Mutation	0.0242552406932403
984	HDAC1		No Mutation	-0.195040041286842
985	HDAC1		No Mutation	0.0393404815757924
986	HDAC1		No Mutation	0.059718992833402
987	HDAC1		No Mutation	-0.0186078307651023
988	HDAC1		No Mutation	0.086562984538558
989	HDAC1		No Mutation	0.0458673361910146
990	HDAC1		No Mutation	-0.0476385549779347
991	HDAC1		No Mutation	-0.131006238582202
992	HDAC1		No Mutation	0.0876720790659071
993	HDAC1		No Mutation	-0.0235777601956209
994	HDAC1		No Mutation	-0.0747354001906863
995	HDAC1		No Mutation	0.0499410020896616
996	HDAC1		No Mutation	0.0365207638959711
997	HDAC1		No Mutation	-0.10254598791524
998	HDAC1		No Mutation	0.001618092255193
999	HDAC1		No Mutation	-0.0671701531052656
1000	HDAC1		No Mutation	-0.0521263446883365
1001	HDAC1		No Mutation	-0.10691846087338
1002	HDAC1		No Mutation	-0.0799348812008169
1003	HDAC1		No Mutation	-0.26622936166855
1004	HDAC1		No Mutation	-0.0386377808634055
1005	HDAC1		No Mutation	-0.0034281449063045
1006	HDAC1		No Mutation	-0.373192161069167
1007	HDAC1		No Mutation	0.012490507632996
1008	HDAC1		No Mutation	0.129878550811564
1009	HDAC1		No Mutation	0.0891313735469706
1010	HDAC1		No Mutation	-0.139350052835877
1011	HDAC1		No Mutation	-0.121768623952662
1012	HDAC1		No Mutation	0.119294744674184
1013	HDAC1		No Mutation	-0.0667425250692896
1014	HDAC1		No Mutation	-0.0955997537526543
1015	HDAC1		No Mutation	-0.11955686097361
1016	HDAC1		No Mutation	-0.0767659984721801
1017	HDAC1		No Mutation	-0.136956426111675
1018	HDAC1		No Mutation	-0.0046780600870809
1019	HDAC1		No Mutation	0.0407132427689251
1020	HDAC1		No Mutation	-0.0249656725350758
1021	HDAC1		No Mutation	-0.0372678274135035
1022	HDAC1		No Mutation	-0.0339429033425897
1023	HDAC1		No Mutation	-0.0332474621113867
1024	HDAC1		No Mutation	0.0121851915346737
1025	HDAC1		No Mutation	0.0882060706361039
1026	HDAC1		No Mutation	-0.351352961861254
1027	HDAC1		No Mutation	-0.11845862718765
1028	HDAC1		No Mutation	-0.127699178834356
1029	HDAC1		No Mutation	-0.119027973707303
1030	HDAC1		No Mutation	-0.100176152744757
1031	HDAC1		No Mutation	0.0601526782340045
1032	HDAC1		No Mutation	-0.214683800497189
1033	HDAC1		No Mutation	-0.0989681583248713
1034	HDAC1		No Mutation	-0.0396902091448255
1035	HDAC1		No Mutation	-0.232837767314368
1036	HDAC1		No Mutation	0.211277418360761
1037	HDAC1		No Mutation	0.0070206324901344
1038	HDAC1		No Mutation	-0.100469534093226
1039	HDAC1		No Mutation	0.0568184447400307
1040	HDAC1		No Mutation	0.112231235341557
1041	HDAC1		No Mutation	-0.0910039218689278
1042	HDAC1		No Mutation	-0.0891757091573814
1043	HDAC1		No Mutation	0.0485615248321321
1044	HDAC1		No Mutation	0.0821027825938269
1045	HDAC1		No Mutation	-0.20419649173079
1046	HDAC1		No Mutation	-0.0517330781580742
1047	HDAC1		No Mutation	0.0783393381902056
1048	HDAC1		No Mutation	-0.0317069205820874
1049	HDAC1		No Mutation	-0.165413996816513
1050	HDAC1		No Mutation	0.762412687659781
1051	HDAC1		No Mutation	-0.0013587300327534
1052	HDAC1		No Mutation	-0.0765636429470374
1053	HDAC1		No Mutation	-0.045896317821508
1054	HDAC1		No Mutation	-0.0983720261286743
1055	HDAC1		No Mutation	-0.0007198764689508
1056	HDAC1		No Mutation	0.235848031379387
1057	HDAC1		No Mutation	-0.143872865776016
1058	HDAC1		No Mutation	0.0343248252997157
1059	HDAC1		No Mutation	0.0472453316515555
1060	HDAC1		No Mutation	-0.118291603860924
1061	HDAC1		No Mutation	-0.0549875476957405
1062	HDAC1		No Mutation	-0.0702014633580514
1063	HDAC1		No Mutation	0.117710464692247
1064	HDAC1		No Mutation	-0.0818950411273841
1065	HDAC1		No Mutation	-0.0746831397602676
1066	HDAC1		No Mutation	-0.270117182370515
1067	HDAC1		No Mutation	0.0827107866695323
1068	HDAC1		No Mutation	0.0667489945591028
1069	HDAC1		No Mutation	-0.181598145118157
1070	HDAC1		No Mutation	-0.0580365372975221
1071	HDAC1		No Mutation	-0.143984050888113
1072	HDAC1		No Mutation	-0.03249037918228
1073	HDAC1		No Mutation	-0.177679598339769
1074	HDAC1		No Mutation	-0.118483582972567
1075	HDAC1		No Mutation	-0.15505615199085
1076	HDAC1		No Mutation	-0.167791185900628
1077	HDAC1		No Mutation	-0.228008846566844
1078	HDAC1		No Mutation	-0.19416686668067
1079	HDAC1		No Mutation	-0.157026778329954
1080	HDAC1		No Mutation	-0.158943351968798
1081	HDAC1		No Mutation	-0.155688427384077
1082	HDAC1		No Mutation	0.0005857718265911
1083	HDAC1		No Mutation	-0.117299382899836
1084	HDAC1		No Mutation	-0.0746307221571923
1085	HDAC1		No Mutation	-0.120550204604406
1086	HDAC1		No Mutation	0.0190411730151704
1087	HDAC1		No Mutation	-0.0259055640847272
1088	HDAC1		No Mutation	0.0410404117600258
1089	HDAC1		No Mutation	-0.0097862857948207
1090	HDAC1		No Mutation	-0.0079131520041944
1091	KBTBD4	flankseq;flankseq;	Flanking;Flanking;	-0.240996612204421
1092	KBTBD4	flankseq;	Flanking;	-0.0491801228234927
1093	KBTBD4	utr;utr;	UTR;UTR;	-0.0287291036192781
1094	KBTBD4	utr;utr;utr;	UTR;UTR;UTR;	-0.328466858513418
1095	KBTBD4	flankseq;	Flanking;	-0.0249848878852052
1096	KBTBD4	flankseq;	Flanking;	-0.0578388039035821
1097	KBTBD4	utr;utr;	UTR;UTR;	-0.187592454435333
1098	KBTBD4	utr;	UTR;	-0.840773306625855
1099	KBTBD4	utr;utr;	UTR;UTR;	-0.749549700603364
1100	KBTBD4	utr;utr;	UTR;UTR;	-0.70511372168761
1101	KBTBD4	G3R;M1I;	Missense;Missense;	-0.31097897076284
1102	KBTBD4	utr;utr;	UTR;UTR;	-0.553540762942329
1103	KBTBD4	G3K;	Missense;	-0.271264916406523
1104	KBTBD4	utr;utr;utr;	UTR;UTR;UTR;	-0.0612707601991893
1105	KBTBD4	utr;utr;utr;	UTR;UTR;UTR;	-0.189241914343249
1106	KBTBD4	G4K;G3E;	Missense;Missense;	0.0135075262802389
1107	KBTBD4	G4K;	Missense;	0.452437951133365
1108	KBTBD4	G4E;	Missense;	-0.0220535882461293
1109	KBTBD4	N5N;	Silent;	0.286086722417379
1110	KBTBD4	N5N;A6V;	Silent;Missense;	0.0194143574661715
1111	KBTBD4	Exon1:+13;Exon1:+11;	Intron;Intron;	0.0134572952246797
1112	KBTBD4	Exon1:+13;	Intron;	-0.0357040557577648
1113	KBTBD4	Exon1:+10;	Intron;	-0.193004122484293
1114	KBTBD4	Exon1:+10;	Intron;	-0.321225413516989
1115	KBTBD4	Exon1:+10;	Intron;	-0.201984485801021
1116	KBTBD4	Exon1:+27;Exon1:+26;Exon1:+25;	Intron;Intron;Intron;	-0.196171687821657
1117	KBTBD4	Exon1:+15;Exon1:+19;	Intron;Intron;	-0.107453321633431
1118	KBTBD4	Exon1:+19;	Intron;	-0.0968210874572618
1119	KBTBD4	Exon1:+33;	Intron;	0.0669352613317002
1120	KBTBD4	Exon1:+19;	Intron;	-0.13077893526832
1121	KBTBD4	Exon1:+37;Exon1:+35;Exon1:+33;	Intron;Intron;Intron;	0.0931763207820684
1122	KBTBD4	Exon1:+32;	Intron;	-0.115116826604908
1123	KBTBD4	Exon1:+32;	Intron;	-0.0703853592482867
1124	KBTBD4	Exon2:-12;Exon2:-14;Exon2:-15;	Intron;Intron;Intron;	-0.104666951267055
1125	KBTBD4	Exon2:-23;	Intron;	-0.148847645509144
1126	KBTBD4	Exon2:-21;	Intron;	0.0580138058978067
1127	KBTBD4	Exon2:-9;	Intron;	-0.0965245466625024
1128	KBTBD4	Exon2:-4;	Intron;	0.413448551835217
1129	KBTBD4	Exon2:-8;	Intron;	-0.174721961798293
1130	KBTBD4	Exon2:-8;	Intron;	-0.303532366947641
1131	KBTBD4	Exon2:-8;	Intron;	-0.193131159325076
1132	KBTBD4	Exon2:-3;	Intron;	-0.226417208550405
1133	KBTBD4	Q10Q;W9*;	Silent;Nonsense;	0.206720523546992
1134	KBTBD4	Exon2:-3;	Intron;	-0.344936402489025
1135	KBTBD4	D7D;	Silent;	-0.277081008770903
1136	KBTBD4	E12K;R11K;	Missense;Missense;	-0.378631656115597
1137	KBTBD4	D7D;S8S;	Silent;Silent;	-0.0959064687738825
1138	KBTBD4	K13K;E12E;	Silent;Silent;	-0.246683399529327
1139	KBTBD4	S8S;Q10*;	Silent;Nonsense;	-0.294541690172601
1140	KBTBD4	Q10*;	Nonsense;	-0.113668318197326
1141	KBTBD4	L14L;K13K;	Silent;Silent;	0.17876407925396
1142	KBTBD4	A15T;L14L;	Missense;Silent;	0.0807583736026191
1143	KBTBD4	A15V;	Missense;	-0.236782392801788
1144	KBTBD4	S16S;	Silent;	0.103398172212726
1145	KBTBD4	S16S;	Silent;	-0.0928251283785594
1146	KBTBD4	E21K;	Missense;	0.0910132637455624
1147	KBTBD4	S16S;	Silent;	-0.080293478260622
1148	KBTBD4	E22K;E21E;	Missense;Silent;	0.174488549259291
1149	KBTBD4	S19L;	Missense;	-0.131213600285715
1150	KBTBD4	S19L;	Missense;	-0.0162840802118922
1151	KBTBD4	S19L;P20L;	Missense;Missense;	0.212106675327628
1152	KBTBD4	A25T;G24K;	Missense;Missense;	1.17806570455113
1153	KBTBD4	A25T;	Missense;	0.521533774119544
1154	KBTBD4	A25T;	Missense;	-0.117375351938224
1155	KBTBD4	P23S;	Missense;	-0.205104127889038
1156	KBTBD4	P23F;	Missense;	0.0053793555155815
1157	KBTBD4	P23F;	Missense;	-0.218870099384327
1158	KBTBD4	E29K;D28N;M27I;	Missense;Missense;Missense;	1.61994759345227
1159	KBTBD4	E29K;D28N;	Missense;Missense;	-0.0538261146845891
1160	KBTBD4	N34N;Y35Y;	Silent;Silent;	-0.138685212882075
1161	KBTBD4	N34N;Y35Y;	Silent;Silent;	-0.168714914952724
1162	KBTBD4	R40Q;	Missense;	0.320202102614503
1163	KBTBD4	R40Q;	Missense;	-0.150857934437842
1164	KBTBD4	R40W;	Missense;	0.348323430517121
1165	KBTBD4	R40W;S41L;	Missense;Missense;	0.377060086629233
1166	KBTBD4	S41L;H42Y;	Missense;Missense;	0.16693180715648
1167	KBTBD4	V46M;R45H;	Missense;Missense;	-0.143091795919755
1168	KBTBD4	S41L;H42Y;	Missense;Missense;	1.61342094709083
1169	KBTBD4	A47T;V46I;	Missense;Missense;	-0.0623556333849937
1170	KBTBD4	A47T;V46V;	Missense;Silent;	-0.046436005904057
1171	KBTBD4	S43L;	Missense;	0.758724856553984
1172	KBTBD4	S43L;G44G;	Missense;Silent;	1.20675394539548
1173	KBTBD4	G49N;	Missense;	0.0010570491882836
1174	KBTBD4	G49D;	Missense;	-0.127328360048102
1175	KBTBD4	Q48*;	Nonsense;	1.42702672176313
1176	KBTBD4	G49G;	Silent;	0.013460974973072
1177	KBTBD4	L53L;	Silent;	-0.104144913672753
1178	KBTBD4	I50I;	Silent;	0.378280616057945
1179	KBTBD4	C54Y;	Missense;	0.242945686499627
1180	KBTBD4	I50I;	Silent;	-0.0297701860903411
1181	KBTBD4	E56K;	Missense;	0.843152080252513
1182	KBTBD4	L53L;	Silent;	-0.231369722651573
1183	KBTBD4	L53L;	Silent;	-0.312860079270243
1184	KBTBD4	L53L;	Silent;	0.0961225949004269
1185	KBTBD4	E58K;E57E;	Missense;Silent;	2.04319236297691
1186	KBTBD4	L55L;	Silent;	-0.215347625709623
1187	KBTBD4	A61T;	Missense;	1.04180906185132
1188	KBTBD4	A61V;	Missense;	-0.094311336580145
1189	KBTBD4	A61V;	Missense;	-0.0939088226618469
1190	KBTBD4	V67M;S66S;	Missense;Silent;	0.535513626783321
1191	KBTBD4	V63V;T64I;	Silent;Missense;	-0.232621162171048
1192	KBTBD4	V63V;T64I;	Silent;Missense;	-0.0957383969741745
1193	KBTBD4	T64I;	Missense;	0.161560443128699
1194	KBTBD4	G69N;	Missense;	0.537543041658391
1195	KBTBD4	T64T;	Silent;	-0.0336135470872029
1196	KBTBD4	S66L;	Missense;	-0.12476565206951
1197	KBTBD4	R70Q;G69N;	Missense;Missense;	0.796728380744701
1198	KBTBD4	R70Q;G69D;	Missense;Missense;	0.33119874579824
1199	KBTBD4	S66L;	Missense;	0.1547400472707
1200	KBTBD4	E71K;	Missense;	0.315454852847204
1201	KBTBD4	Q73*;	Nonsense;	1.65269973547899
1202	KBTBD4	Q73*;	Nonsense;	1.45576611571733
1203	KBTBD4	V78I;L77L;	Missense;Silent;	-0.232115066739783
1204	KBTBD4	H75Y;R76W;	Missense;Missense;	2.17811271206281
1205	KBTBD4	A81T;	Missense;	0.0026153029925873
1206	KBTBD4	L77L;	Silent;	1.93242681687575
1207	KBTBD4	A81T;	Missense;	-0.235453253799547
1208	KBTBD4	V78V;	Silent;	0.93895180843748
1209	KBTBD4	Q82Q;	Silent;	-0.168918949727382
1210	KBTBD4	V78V;L79F;	Silent;Missense;	1.76567601383423
1211	KBTBD4	C84Y;S83N;	Missense;Missense;	-0.019161699333915
1212	KBTBD4	C84Y;	Missense;	0.0369793331211945
1213	KBTBD4	C84Y;	Missense;	0.0295963743029723
1214	KBTBD4	A81V;Q82*;	Missense;Nonsense;	1.0236839108831
1215	KBTBD4	R87Q;	Missense;	0.624923994521237
1216	KBTBD4	R87Q;	Missense;	1.650148998182
1217	KBTBD4	S83S;C84C;	Silent;Silent;	1.19229612983127
1218	KBTBD4	M89I;	Missense;	0.983234489740716
1219	KBTBD4	M89I;	Missense;	0.902052089346272
1220	KBTBD4	S88S;	Silent;	-0.173822913594331
1221	KBTBD4	L94L;	Silent;	0.0167286541195282
1222	KBTBD4	F90F;	Silent;	-0.167087673596788
1223	KBTBD4	F90F;T91I;	Silent;Missense;	0.945929351253945
1224	KBTBD4	F90F;T91I;	Silent;Missense;	1.65631601588438
1225	KBTBD4	T91I;S92F;	Missense;Missense;	2.18391758350455
1226	KBTBD4	E96K;K95K;	Missense;Silent;	2.38605366117413
1227	KBTBD4	A97T;E96K;	Missense;Missense;	1.85513253310181
1228	KBTBD4	A97T;	Missense;	-0.120279069525844
1229	KBTBD4	A97V;H98Y;	Missense;Missense;	1.09069867399078
1230	KBTBD4	A97A;H98Y;	Silent;Missense;	0.321507129622345
1231	KBTBD4	V103M;	Missense;	-0.124510443383238
1232	KBTBD4	V103I;	Missense;	0.301287223800681
1233	KBTBD4	H98H;N99N;R100W;	Silent;Silent;Missense;	-0.0890877207690975
1234	KBTBD4	V103I;	Missense;	0.256004906130372
1235	KBTBD4	L104L;V103V;	Silent;Silent;	0.142722813196003
1236	KBTBD4	N99N;R100W;	Silent;Missense;	-0.203031112088017
1237	KBTBD4	R100W;	Missense;	0.0908419207112825
1238	KBTBD4	Q105Q;L104L;	Silent;Silent;	0.0891058545888376
1239	KBTBD4	D106N;Q105Q;L104L;	Missense;Silent;Silent;	-0.17545673929806
1240	KBTBD4	L104L;	Silent;	-0.107258329141918
1241	KBTBD4	L104L;Q105*;	Silent;Nonsense;	-0.184392694234248
1242	KBTBD4	E109K;	Missense;	-0.0942935598975894
1243	KBTBD4	Q105*;	Nonsense;	0.0955431784358182
1244	KBTBD4	V111I;E109E;	Missense;Silent;	0.039861323409303
1245	KBTBD4	Q113Q;	Silent;	-0.173683352498063
1246	KBTBD4	Q113Q;	Silent;	-0.131904989968213
1247	KBTBD4	V116I;L115L;	Missense;Silent;	-0.118460120763296
1248	KBTBD4	I119I;	Silent;	0.149318893562262
1249	KBTBD4	V124V;	Silent;	0.0085670141310985
1250	KBTBD4	T123I;	Missense;	-0.319530277202282
1251	KBTBD4	T123I;	Missense;	0.615836076849015
1252	KBTBD4	E129K;A128T;	Missense;Missense;	0.350749869659368
1253	KBTBD4	L126F;	Missense;	0.0081910107193508
1254	KBTBD4	L126F;R127*;	Missense;Nonsense;	0.0419182712473151
1255	KBTBD4	R127*;	Nonsense;	0.0101644697209047
1256	KBTBD4	L131L;E130E;	Silent;Silent;	0.254517028503146
1257	KBTBD4	R127*;A128V;	Nonsense;Missense;	0.421899403144663
1258	KBTBD4	E133K;Q132Q;L131L;	Missense;Silent;Silent;	-0.139954212823789
1259	KBTBD4	E133K;	Missense;	1.1886140157294
1260	KBTBD4	Q132*;	Nonsense;	0.324044532382323
1261	KBTBD4	Q132*;	Nonsense;	0.900330579389904
1262	KBTBD4	Q132*;	Nonsense;	0.0252925252375764
1263	KBTBD4	V137I;E136E;	Missense;Silent;	0.298526809532007
1264	KBTBD4	S138L;	Missense;	1.14763958832013
1265	KBTBD4	L143L;	Silent;	0.0288772047417982
1266	KBTBD4	Q142*;L143L;	Nonsense;Silent;	2.12258485529975
1267	KBTBD4	L143L;	Silent;	0.018257963381569
1268	KBTBD4	E148K;	Missense;	0.0180157785415714
1269	KBTBD4	L143L;T144I;	Silent;Missense;	0.14542155779218
1270	KBTBD4	E149K;E148K;	Missense;Missense;	0.734021571420026
1271	KBTBD4	T144I;S145F;	Missense;Missense;	2.19310556287129
1272	KBTBD4	C150Y;E149K;	Missense;Missense;	-0.0348758667103243
1273	KBTBD4	C150Y;	Missense;	0.152220634984
1274	KBTBD4	L146L;	Silent;	0.39715360612985
1275	KBTBD4	L146L;	Silent;	-0.371224140011253
1276	KBTBD4	R152Q;	Missense;	1.5147797568128
1277	KBTBD4	R156H;	Missense;	0.306668123276791
1278	KBTBD4	R156H;	Missense;	1.13213854198902
1279	KBTBD4	V158M;	Missense;	-0.132284217089691
1280	KBTBD4	A155V;R156C;	Missense;Missense;	-0.0696376186132331
1281	KBTBD4	A155V;R156C;	Missense;Missense;	0.290909536655388
1282	KBTBD4	A155V;R156C;	Missense;Missense;	1.01770071411911
1283	KBTBD4	G161K;V160I;	Missense;Missense;	-0.0220285003290055
1284	KBTBD4	G161K;V160V;	Missense;Silent;	-0.112229569735546
1285	KBTBD4	G161K;V160V;	Missense;Silent;	0.276435851928321
1286	KBTBD4	T157I;	Missense;	0.0095121098441222
1287	KBTBD4	G161E;	Missense;	-0.097740458515607
1288	KBTBD4	C163Y;	Missense;	0.190955770643216
1289	KBTBD4	N162N;	Silent;	-0.199875617795291
1290	KBTBD4	N162N;C163C;	Silent;Silent;	-0.205209651168396
1291	KBTBD4	N162N;C163C;L164F;	Silent;Silent;Missense;	-0.0607845213888964
1292	KBTBD4	W168*;M167I;	Nonsense;Missense;	0.624398251567783
1293	KBTBD4	C163C;L164F;Q165*;	Silent;Missense;Nonsense;	-0.0720471432644854
1294	KBTBD4	L164F;Q165*;	Missense;Nonsense;	-0.253991498213261
1295	KBTBD4	L169L;W168*;	Silent;Nonsense;	-0.0493400068526206
1296	KBTBD4	A170T;L169L;W168*;	Missense;Silent;Nonsense;	-0.207177170731142
1297	KBTBD4	Q165*;	Nonsense;	-0.188298288257753
1298	KBTBD4	D171N;A170T;L169L;	Missense;Missense;Silent;	0.0711716010207232
1299	KBTBD4	L169L;	Silent;	-0.112337309282787
1300	KBTBD4	L169L;A170V;	Silent;Missense;	-0.100348598454803
1301	KBTBD4	D175N;S174N;	Missense;Missense;	0.694803509425295
1302	KBTBD4	R172W;	Missense;	0.594900069780837
1303	KBTBD4	D175N;	Missense;	0.0645440623854719
1304	KBTBD4	R172W;H173Y;	Missense;Missense;	0.702779151386853
1305	KBTBD4	E177K;	Missense;	0.0087195915468173
1306	KBTBD4	E177E;	Silent;	-0.145590733269608
1307	KBTBD4	P176S;	Missense;	-0.275146341297633
1308	KBTBD4	P176F;	Missense;	-0.142082431048648
1309	KBTBD4	P176F;	Missense;	-0.0890353615608005
1310	KBTBD4	A182T;A181T;T180T;	Missense;Missense;Silent;	0.0660207285391134
1311	KBTBD4	A182T;A181T;	Missense;Missense;	-0.0681407094683107
1312	KBTBD4	L178F;	Missense;	-0.0396543695491455
1313	KBTBD4	K183K;	Silent;	-0.0370499291154846
1314	KBTBD4	T180M;	Missense;	0.0358562608983454
1315	KBTBD4	K183K;	Silent;	-0.190353861443814
1316	KBTBD4	T180M;A181V;	Missense;Missense;	-0.145006496817448
1317	KBTBD4	A186T;C185Y;	Missense;Missense;	-0.173238009013766
1318	KBTBD4	A182V;	Missense;	0.153044656176203
1319	KBTBD4	A186T;	Missense;	-0.136562235122084
1320	KBTBD4	K187K;	Silent;	-0.188670408797499
1321	KBTBD4	K187K;	Silent;	-0.332024725741359
1322	KBTBD4	H184H;	Silent;	-0.151248800421708
1323	KBTBD4	A186V;	Missense;	-0.329309091452504
1324	KBTBD4	L190L;	Silent;	-0.2900627015828
1325	KBTBD4	A186A;	Silent;	-0.272067546047046
1326	KBTBD4	A191T;	Missense;	-0.107489692109181
1327	KBTBD4	Q192Q;	Silent;	-0.252298641974096
1328	KBTBD4	T188I;H189Y;	Missense;Missense;	-0.278849666700336
1329	KBTBD4	T188T;H189Y;L190L;	Silent;Missense;Silent;	-0.071694698673177
1330	KBTBD4	L193L;	Silent;	-0.0599800597549974
1331	KBTBD4	Q194Q;L193L;	Silent;Silent;	-0.235475991387202
1332	KBTBD4	Q194Q;L193L;	Silent;Silent;	-0.126493618994761
1333	KBTBD4	Q194Q;	Silent;	-0.229601762685589
1334	KBTBD4	Q194Q;	Silent;	-0.327523967280894
1335	KBTBD4	A191V;Q192*;	Missense;Nonsense;	1.46494582020742
1336	KBTBD4	A191A;Q192*;L193L;	Silent;Nonsense;Silent;	0.179700506149873
1337	KBTBD4	Q192*;L193L;	Nonsense;Silent;	-0.291869643891806
1338	KBTBD4	E197K;	Missense;	-0.267200714603842
1339	KBTBD4	E197K;	Missense;	-0.0209278633315831
1340	KBTBD4	E198K;E197K;	Missense;Missense;	-0.170807271564977
1341	KBTBD4	E198K;E197E;	Missense;Silent;	-0.110553941259888
1342	KBTBD4	L200F;	Missense;	-0.0213263155086937
1343	KBTBD4	R205H;	Missense;	-0.0516020424625279
1344	KBTBD4	R205H;	Missense;	-0.0404666921406497
1345	KBTBD4	P203F;H204Y;	Missense;Missense;	0.487911539543577
1346	KBTBD4	D209N;	Missense;	-0.20378513197839
1347	KBTBD4	D209N;	Missense;	-0.118785226327371
1348	KBTBD4	D209N;	Missense;	0.203716084368381
1349	KBTBD4	D209N;	Missense;	0.255566332286765
1350	KBTBD4	L207F;	Missense;	-0.0924789655512032
1351	KBTBD4	L207F;T208I;	Missense;Missense;	-0.278494553033707
1352	KBTBD4	L207L;T208I;	Silent;Missense;	-0.141022986173731
1353	KBTBD4	D213N;S212S;	Missense;Silent;	0.126792249221882
1354	KBTBD4	Exon2:+1;D213N;S212S;	Splice-donor;Missense;Silent;	1.67987053353014
1355	KBTBD4	Exon2:+1;D213N;	Splice-donor;Missense;	0.683259420532495
1356	KBTBD4	I210I;I211I;	Silent;Silent;	-0.0685080856207587
1357	KBTBD4	I210I;I211I;	Silent;Silent;	-0.134122413618718
1358	KBTBD4	I211I;S212L;	Silent;Missense;	0.340832056798894
1359	KBTBD4	Exon2:+11;Exon2:+10;	Intron;Intron;	0.0102994855184442
1360	KBTBD4	I211I;S212L;	Silent;Missense;	0.242082286723275
1361	KBTBD4	S212L;	Missense;	0.0056527557281314
1362	KBTBD4	S212L;	Missense;	0.137455965222169
1363	KBTBD4	Exon2:+14;Exon2:+12;Exon2:+11;Exon2:+10;	Intron;Intron;Intron;Intron;	-0.039063634160201
1364	KBTBD4	Exon2:+16;Exon2:+15;Exon2:+14;Exon2:+12;	Intron;Intron;Intron;Intron;	0.047033569796353
1365	KBTBD4	Exon2:+21;Exon2:+23;Exon2:+24;	Intron;Intron;Intron;	-0.0045645350279279
1366	KBTBD4	Exon2:+23;Exon2:+24;	Intron;Intron;	-0.0069681537006083
1367	KBTBD4	Exon2:+39;	Intron;	-0.297068565998418
1368	KBTBD4	Exon2:+40;Exon2:+39;	Intron;Intron;	-0.288690385226826
1369	KBTBD4	Exon2:+40;Exon2:+39;	Intron;Intron;	0.0290979520153982
1370	KBTBD4	Exon2:+28;Exon2:+29;Exon2:+30;	Intron;Intron;Intron;	0.0635685886105375
1371	KBTBD4	Exon2:+30;	Intron;	-0.0477503331502677
1372	KBTBD4	Exon2:+45;	Intron;	-0.291105695492474
1373	KBTBD4	Exon2:+45;	Intron;	-0.164099258873986
1374	KBTBD4	Exon3:-10;Exon3:-11;	Intron;Intron;	-0.0336581165516705
1375	KBTBD4	Exon3:-10;Exon3:-11;	Intron;Intron;	0.413786660019967
1376	KBTBD4	Exon3:-16;Exon3:-15;	Intron;Intron;	-0.235353871725614
1377	KBTBD4	Exon3:-16;Exon3:-15;Exon3:-13;	Intron;Intron;Intron;	-0.0308209653886712
1378	KBTBD4	Exon3:-15;Exon3:-13;	Intron;Intron;	-0.189766429343214
1379	KBTBD4	G214R;Exon3:-1;	Missense;Splice-acceptor;	0.25395254911852
1380	KBTBD4	Exon3:-13;Exon3:-9;	Intron;Intron;	-0.196782241150709
1381	KBTBD4	G214K;Exon3:-1;	Missense;Splice-acceptor;	0.298375835627535
1382	KBTBD4	V215I;G214K;	Missense;Missense;	0.269981665445764
1383	KBTBD4	Exon3:-7;Exon3:-5;	Intron;Intron;	-0.0758360446653648
1384	KBTBD4	V215I;	Missense;	-0.0004664811842403
1385	KBTBD4	Exon3:-5;Exon3:-3;	Intron;Intron;	0.0352986301639119
1386	KBTBD4	P216P;	Silent;	0.003185190437458
1387	KBTBD4	C217Y;P216P;	Missense;Silent;	-0.0409909850863083
1388	KBTBD4	C217Y;	Missense;	-0.322537665833606
1389	KBTBD4	S218F;	Missense;	0.99295602272083
1390	KBTBD4	S218F;Q219*;	Missense;Nonsense;	1.52190824380489
1391	KBTBD4	S218F;Q219*;	Missense;Nonsense;	0.476252447941918
1392	KBTBD4	A224T;E223K;	Missense;Missense;	-0.0386842614342436
1393	KBTBD4	A224T;E223E;	Missense;Silent;	-0.0767608232824438
1394	KBTBD4	N220N;P221L;	Silent;Missense;	-0.0500976697401836
1395	KBTBD4	P221L;T222I;	Missense;Missense;	-0.0589841446004939
1396	KBTBD4	E226K;	Missense;	0.184678749760761
1397	KBTBD4	A227T;E226K;	Missense;Missense;	-0.04725958336968
1398	KBTBD4	A227T;E226K;	Missense;Missense;	0.237803851922338
1399	KBTBD4	T222I;	Missense;	-0.321281588367276
1400	KBTBD4	W228*;A227T;	Nonsense;Missense;	-0.222160991092427
1401	KBTBD4	I229I;	Silent;	-0.0731481556664797
1402	KBTBD4	I229I;	Silent;	-0.336544213334764
1403	KBTBD4	N230N;	Silent;	-0.184548557425554
1404	KBTBD4	E235K;E234E;	Missense;Silent;	-0.24234918620526
1405	KBTBD4	R236K;	Missense;	-0.249445038995634
1406	KBTBD4	R244K;	Missense;	-0.347782122930843
1407	KBTBD4	A240V;	Missense;	-0.0854268788741799
1408	KBTBD4	S246N;	Missense;	-0.398133997161657
1409	KBTBD4	S242L;L243F;	Missense;Missense;	-0.183943524023414
1410	KBTBD4	L243F;	Missense;	0.162274426070851
1411	KBTBD4	L243F;	Missense;	-0.0979405084966782
1412	KBTBD4	L247L;	Silent;	-0.0286515493463165
1413	KBTBD4	Exon3:+1;K248K;L247L;	Splice-donor;Silent;Silent;	0.471411666050629
1414	KBTBD4	T245I;	Missense;	-0.105950386659699
1415	KBTBD4	Exon3:+1;K248K;	Splice-donor;Silent;	1.17468744857903
1416	KBTBD4	T245I;	Missense;	-0.0542811518223024
1417	KBTBD4	Exon3:+6;Exon3:+5;	Intron;Intron;	-0.0468701622538674
1418	KBTBD4	Exon3:+7;	Intron;	0.0244722398552538
1419	KBTBD4	Exon3:+7;	Intron;	-0.163109303463924
1420	KBTBD4	Exon3:+12;	Intron;	-0.223391758717596
1421	KBTBD4	Exon3:+24;Exon3:+21;	Intron;Intron;	-0.114968534598646
1422	KBTBD4	Exon3:+12;Exon3:+14;	Intron;Intron;	-0.168091575234554
1423	KBTBD4	Exon3:+30;Exon3:+26;	Intron;Intron;	-0.419456400399369
1424	KBTBD4	Exon3:+30;	Intron;	-0.14007977941758
1425	KBTBD4	Exon3:+28;	Intron;	-0.079292373684682
1426	KBTBD4	Exon3:+43;	Intron;	-0.219972148629835
1427	KBTBD4	Exon4:-8;	Intron;	-0.275142992458472
1428	KBTBD4	Exon4:-7;Exon4:-6;	Intron;Intron;	-0.148041423509445
1429	KBTBD4	E252K;G251E;	Missense;Missense;	-0.33082589078937
1430	KBTBD4	E252K;G251G;	Missense;Silent;	-0.339629746182113
1431	KBTBD4	H255Y;	Missense;	0.0092907756276072
1432	KBTBD4	H255Y;	Missense;	-0.191722081763201
1433	KBTBD4	H255Y;	Missense;	-0.0980095058650967
1434	KBTBD4	G260K;	Missense;	0.0354646291991951
1435	KBTBD4	G260E;	Missense;	0.125565585123643
1436	KBTBD4	Y257Y;L258L;	Silent;Silent;	-0.205476813594886
1437	KBTBD4	E262E;	Silent;	-0.165579184068865
1438	KBTBD4	E262E;	Silent;	-0.15916944995685
1439	KBTBD4	S263L;	Missense;	-0.213532686559946
1440	KBTBD4	S264F;R265C;	Missense;Missense;	-0.210444795993986
1441	KBTBD4	S264F;R265C;	Missense;Missense;	0.0762829259382188
1442	KBTBD4	S268S;	Silent;	-0.111054334510145
1443	KBTBD4	R265C;T266I;	Missense;Missense;	-0.17553788507723
1444	KBTBD4	A270T;L269L;	Missense;Silent;	-0.204640621667097
1445	KBTBD4	T266I;H267Y;	Missense;Missense;	-0.0635475545482879
1446	KBTBD4	V271M;A270T;L269L;	Missense;Missense;Silent;	-0.074212476832996
1447	KBTBD4	V271I;	Missense;	-0.271283073069074
1448	KBTBD4	V271V;	Silent;	-0.0185560883954802
1449	KBTBD4	H267H;S268L;	Silent;Missense;	-0.0293521449056311
1450	KBTBD4	V271V;	Silent;	-0.204340502513411
1451	KBTBD4	L273L;	Silent;	-0.122242861331159
1452	KBTBD4	L273L;	Silent;	-0.118227371825029
1453	KBTBD4	A270V;	Missense;	-0.0021209904466547
1454	KBTBD4	A270V;	Missense;	-0.260454993236015
1455	KBTBD4	S272F;	Missense;	-0.276901510066296
1456	KBTBD4	A276T;C275Y;	Missense;Missense;	0.32645638900541
1457	KBTBD4	S272F;	Missense;	-0.1863944720403
1458	KBTBD4	H274Y;	Missense;	-0.204186816431292
1459	KBTBD4	D278N;E277K;	Missense;Missense;	0.286613366909302
1460	KBTBD4	D278N;	Missense;	0.217802164538544
1461	KBTBD4	D279N;	Missense;	-0.218020220031209
1462	KBTBD4	A276V;	Missense;	-0.109600661699906
1463	KBTBD4	S282N;	Missense;	-0.0449514404344603
1464	KBTBD4	D279D;	Silent;	-0.137899918342721
1465	KBTBD4	D279D;S280F;	Silent;Missense;	-0.140229366863406
1466	KBTBD4	D279D;S280F;	Silent;Missense;	-0.264163495090983
1467	KBTBD4	G285N;S284N;	Missense;Missense;	-0.0184106471123571
1468	KBTBD4	G285G;	Silent;	-0.0394100207989526
1469	KBTBD4	N287N;	Silent;	-0.137624939767829
1470	KBTBD4	Q292Q;	Silent;	-0.273986410096241
1471	KBTBD4	C290C;H291Y;	Silent;Missense;	-0.204015658858181
1472	KBTBD4	C290C;H291Y;	Silent;Missense;	-0.250745747870044
1473	KBTBD4	H291H;Q292*;	Silent;Nonsense;	-0.113975847291667
1474	KBTBD4	A296T;A295A;	Missense;Silent;	1.13238666771118
1475	KBTBD4	A296T;A295A;	Missense;Silent;	-0.0347603106358119
1476	KBTBD4	C297Y;	Missense;	-0.309095240524188
1477	KBTBD4	I293I;	Silent;	-0.100116141188136
1478	KBTBD4	C297Y;	Missense;	-0.152185788957758
1479	KBTBD4	T294I;A295V;	Missense;Missense;	-0.0804172992364336
1480	KBTBD4	T294I;A295V;	Missense;Missense;	-0.214305391670205
1481	KBTBD4	K298K;	Silent;	-0.267110207429186
1482	KBTBD4	A295V;A296V;	Missense;Missense;	-0.0972925394338091
1483	KBTBD4	G300N;	Missense;	-0.263939204494208
1484	KBTBD4	A295V;A296V;	Missense;Missense;	0.359668334757894
1485	KBTBD4	A296V;	Missense;	-0.0711062649731513
1486	KBTBD4	G301K;G300N;	Missense;Missense;	-0.0945435456996263
1487	KBTBD4	D302N;G301K;	Missense;Missense;	0.161287798279797
1488	KBTBD4	D302N;G301E;	Missense;Missense;	-0.205392240954319
1489	KBTBD4	C297C;H299Y;	Silent;Missense;	-0.105350684439346
1490	KBTBD4	L303L;	Silent;	-0.0235004034926843
1491	KBTBD4	H299Y;	Missense;	-0.258797611438948
1492	KBTBD4	V305M;L303L;	Missense;Silent;	-0.133427969343883
1493	KBTBD4	D302D;	Silent;	-0.160043167218688
1494	KBTBD4	D302D;	Silent;	0.114998535498317
1495	KBTBD4	D302D;	Silent;	-0.261507100392429
1496	KBTBD4	D302D;	Silent;	-0.0709935738849966
1497	KBTBD4	G308K;G307E;	Missense;Missense;	0.41507117295396
1498	KBTBD4	S309F;	Missense;	-0.272635071345224
1499	KBTBD4	S309F;I310I;	Missense;Silent;	0.0077899323235488
1500	KBTBD4	S309S;I310I;P311S;	Silent;Silent;Missense;	-0.0515461493271208
1501	KBTBD4	W315*;M314I;	Nonsense;Missense;	0.058154854203698
1502	KBTBD4	W315*;M314I;	Nonsense;Missense;	0.818443343814614
1503	KBTBD4	I310I;P311L;R312W;	Silent;Missense;Missense;	0.497515691354461
1504	KBTBD4	P311L;R312W;	Missense;Missense;	0.133302818444477
1505	KBTBD4	K316K;W315*;	Silent;Nonsense;	-0.327592499023121
1506	KBTBD4	K316K;W315*;	Silent;Nonsense;	-0.175428087246956
1507	KBTBD4	C317Y;K316K;	Missense;Silent;	-0.0509721769105328
1508	KBTBD4	C317Y;K316K;	Missense;Silent;	-0.264839536061089
1509	KBTBD4	C317C;	Silent;	-0.129665334906236
1510	KBTBD4	N318N;	Silent;	-0.198031170978994
1511	KBTBD4	D323N;	Missense;	-0.201039474563861
1512	KBTBD4	N318N;	Silent;	-0.115322999361126
1513	KBTBD4	A320V;	Missense;	-0.252225042707388
1514	KBTBD4	W324*;	Nonsense;	0.370986765264164
1515	KBTBD4	A320V;	Missense;	-0.234491039149583
1516	KBTBD4	A320V;T321I;	Missense;Missense;	-0.1198401732301
1517	KBTBD4	A320A;T321I;	Silent;Missense;	-0.0846464049432071
1518	KBTBD4	W326*;E325K;	Nonsense;Missense;	0.0035088619658427
1519	KBTBD4	T321I;	Missense;	-0.0752309019241697
1520	KBTBD4	W326*;E325E;	Nonsense;Silent;	0.156810611691465
1521	KBTBD4	C327Y;W326*;	Missense;Nonsense;	0.245620548522536
1522	KBTBD4	C327Y;W326*;	Missense;Nonsense;	-0.0632054831987976
1523	KBTBD4	A328V;	Missense;	-0.151972433726357
1524	KBTBD4	A328V;P329F;	Missense;Missense;	-0.157051797047637
1525	KBTBD4	P329F;	Missense;	-0.116844029360461
1526	KBTBD4	R334Q;D333N;	Missense;Missense;	0.897045547096856
1527	KBTBD4	R334Q;	Missense;	0.347109774323245
1528	KBTBD4	R334Q;	Missense;	-0.10381178491167
1529	KBTBD4	P331F;R332W;	Missense;Missense;	-0.0554020082483977
1530	KBTBD4	Q336Q;	Silent;	-0.240815466034302
1531	KBTBD4	Q336Q;	Silent;	-0.115105256079239
1532	KBTBD4	Q336Q;	Silent;	-0.0839592081685906
1533	KBTBD4	D333D;R334W;L335F;	Silent;Missense;Missense;	0.196937625338759
1534	KBTBD4	R334W;L335F;	Missense;Missense;	0.369117615165415
1535	KBTBD4	L339L;	Silent;	-0.203890903403307
1536	KBTBD4	L335F;Q336*;	Missense;Nonsense;	-0.0891318847340934
1537	KBTBD4	V340M;L339L;	Missense;Silent;	-0.145473867296409
1538	KBTBD4	V340I;L339L;	Missense;Silent;	-0.133731577622698
1539	KBTBD4	Q336*;H337Y;	Nonsense;Missense;	0.352549168111316
1540	KBTBD4	V340V;	Silent;	0.067507408263405
1541	KBTBD4	H337Y;	Missense;	-0.215525059515437
1542	KBTBD4	V342M;V340V;	Missense;Silent;	-0.0426512227822666
1543	KBTBD4	V342I;	Missense;	-0.0961449446990272
1544	KBTBD4	T338I;L339L;	Missense;Silent;	-0.0538055220706705
1545	KBTBD4	T338I;L339L;	Missense;Silent;	-0.254789576807994
1546	KBTBD4	V342V;	Silent;	-0.256346731773924
1547	KBTBD4	T338T;L339L;	Silent;Silent;	-0.0777250737463741
1548	KBTBD4	G344K;	Missense;	-0.107509100196058
1549	KBTBD4	G344K;	Missense;	-0.136146074549108
1550	KBTBD4	G344K;	Missense;	-0.246969946655391
1551	KBTBD4	S341F;	Missense;	-0.25802212902077
1552	KBTBD4	S341F;	Missense;	-0.24326745843
1553	KBTBD4	A347T;D346N;	Missense;Missense;	-0.0138654360263359
1554	KBTBD4	A347V;	Missense;	-0.179891547357078
1555	KBTBD4	A347V;	Missense;	0.0126955239795538
1556	KBTBD4	A347V;	Missense;	-0.045272436780906
1557	KBTBD4	A347V;	Missense;	-0.143817513475038
1558	KBTBD4	G353N;G352N;	Missense;Missense;	-0.163377649948316
1559	KBTBD4	G353N;G352D;	Missense;Missense;	-0.129493645328061
1560	KBTBD4	L351L;	Silent;	-0.169309982659369
1561	KBTBD4	L356L;	Silent;	0.100348020044415
1562	KBTBD4	Q357*;	Nonsense;	-0.0504827913558205
1563	KBTBD4	A363T;	Missense;	-0.0730726573321269
1564	KBTBD4	T359I;	Missense;	-0.227111860472366
1565	KBTBD4	V364I;	Missense;	-0.251647207739608
1566	KBTBD4	N362N;A363V;	Silent;Missense;	-0.113257399556156
1567	KBTBD4	A363V;	Missense;	-0.137826237761493
1568	KBTBD4	R368H;	Missense;	-0.161258288306864
1569	KBTBD4	V364V;	Silent;	0.102176110662941
1570	KBTBD4	V369I;R368H;	Missense;Missense;	-0.131521258148183
1571	KBTBD4	V364V;	Silent;	0.10855921305448
1572	KBTBD4	G370N;	Missense;	-0.190505471739651
1573	KBTBD4	R368C;	Missense;	-0.025123906998988
1574	KBTBD4	R368C;	Missense;	-0.130943762909353
1575	KBTBD4	R368R;	Silent;	-0.432058367765507
1576	KBTBD4	R368R;	Silent;	-0.230878902417493
1577	KBTBD4	V373I;	Missense;	0.0360907266594576
1578	KBTBD4	W374*;V373V;	Nonsense;Silent;	0.0470766446108961
1579	KBTBD4	T375I;	Missense;	0.540136439819784
1580	KBTBD4	T377I;	Missense;	-0.249709272771992
1581	KBTBD4	E381K;	Missense;	-0.232942367658774
1582	KBTBD4	T377I;	Missense;	-0.0097455707165471
1583	KBTBD4	T377I;T378I;	Missense;Missense;	0.0736023182152093
1584	KBTBD4	T378I;Q379*;	Missense;Nonsense;	0.430504591874359
1585	KBTBD4	A383T;V382I;	Missense;Missense;	-0.245078108025375
1586	KBTBD4	Q379*;L380L;	Nonsense;Silent;	-0.0512694036992969
1587	KBTBD4	V384M;A383T;	Missense;Missense;	0.130697320763736
1588	KBTBD4	V384I;	Missense;	-0.267355412102663
1589	KBTBD4	L380L;	Silent;	0.0859167464781957
1590	KBTBD4	G386R;V384V;	Missense;Silent;	-0.257460433425336
1591	KBTBD4	A383V;	Missense;	-0.208493256775417
1592	KBTBD4	A383V;	Missense;	-0.14026984577338
1593	KBTBD4	A383V;	Missense;	-0.18976937534512
1594	KBTBD4	S385L;	Missense;	0.0639654145621696
1595	KBTBD4	G389N;A388T;	Missense;Missense;	0.155045648581641
1596	KBTBD4	A390T;	Missense;	-0.0100325012445073
1597	KBTBD4	A388V;	Missense;	-0.184767293425088
1598	KBTBD4	A388V;	Missense;	-0.238038716163841
1599	KBTBD4	G394K;	Missense;	-0.193121388557215
1600	KBTBD4	I395I;	Silent;	-0.166345906674251
1601	KBTBD4	I395I;	Silent;	-0.102600899991681
1602	KBTBD4	I395I;	Silent;	-0.129987410035181
1603	KBTBD4	I395I;I396I;	Silent;Silent;	-0.398381345714769
1604	KBTBD4	I395I;I396I;	Silent;Silent;	-0.158235903180262
1605	KBTBD4	I396I;	Silent;	-0.147199045635598
1606	KBTBD4	G401K;G400E;	Missense;Missense;	0.119539631174491
1607	KBTBD4	I396I;Y397Y;	Silent;Silent;	-0.11781864964629
1608	KBTBD4	Y397Y;	Silent;	-0.170383899691639
1609	KBTBD4	E402K;G401E;	Missense;Missense;	0.206287439140141
1610	KBTBD4	Y397Y;L399L;	Silent;Silent;	-0.0925110408536239
1611	KBTBD4	E403K;E402E;	Missense;Silent;	-0.147153762227362
1612	KBTBD4	L399L;	Silent;	-0.122419112299359
1613	KBTBD4	D405N;E403E;	Missense;Silent;	0.0581692985857339
1614	KBTBD4	F408F;	Silent;	-0.106594536054817
1615	KBTBD4	R414Q;	Missense;	-0.0954163459560154
1616	KBTBD4	P412F;	Missense;	0.22925370411003
1617	KBTBD4	P412L;S413F;	Missense;Missense;	0.391034419060437
1618	KBTBD4	Q417Q;	Silent;	-0.0438078349038229
1619	KBTBD4	C418Y;Q417Q;	Missense;Silent;	-0.0867686191799794
1620	KBTBD4	R414*;L415F;	Nonsense;Missense;	0.359393144088074
1621	KBTBD4	C418Y;	Missense;	-0.208575022810973
1622	KBTBD4	C418Y;	Missense;	-0.0466412333899614
1623	KBTBD4	D420N;	Missense;	-0.162736082671827
1624	KBTBD4	D420N;	Missense;	-0.304757501491571
1625	KBTBD4	I416I;Q417*;	Silent;Nonsense;	1.3295034341844
1626	KBTBD4	I416I;Q417*;	Silent;Nonsense;	-0.197444093693274
1627	KBTBD4	E422K;	Missense;	-0.211535039586339
1628	KBTBD4	E422K;	Missense;	-0.154168042709307
1629	KBTBD4	C418C;	Silent;	-0.20353744246157
1630	KBTBD4	D424N;	Missense;	-0.36038923866219
1631	KBTBD4	D420D;T421I;	Silent;Missense;	-0.0667461243219662
1632	KBTBD4	C426Y;	Missense;	-0.306865105967448
1633	KBTBD4	T423I;	Missense;	-0.329074637421755
1634	KBTBD4	C426Y;	Missense;	-0.0338547347265881
1635	KBTBD4	T423I;	Missense;	-0.267293749774262
1636	KBTBD4	D424D;	Silent;	-0.397546296695543
1637	KBTBD4	V428I;	Missense;	-0.142571842667387
1638	KBTBD4	K429K;	Silent;	-0.109802500455635
1639	KBTBD4	C426C;H427Y;	Silent;Missense;	-0.0116597132267498
1640	KBTBD4	C426C;H427Y;	Silent;Missense;	-0.103515236096193
1641	KBTBD4	V432I;	Missense;	-0.199746243311822
1642	KBTBD4	V432I;	Missense;	-0.116283875642729
1643	KBTBD4	P430F;	Missense;	-0.0372587629868981
1644	KBTBD4	A436T;	Missense;	-0.129450337891872
1645	KBTBD4	A436T;	Missense;	-0.174863065751151
1646	KBTBD4	A436T;	Missense;	0.245517637387855
1647	KBTBD4	L433L;	Silent;	-0.187628937651713
1648	KBTBD4	P434F;	Missense;	1.36195456778625
1649	KBTBD4	R438H;	Missense;	0.0125654198416533
1650	KBTBD4	M439I;	Missense;	-0.178432058103283
1651	KBTBD4	A436V;	Missense;	-0.0594051925094838
1652	KBTBD4	M439I;	Missense;	-0.249725885587772
1653	KBTBD4	M439I;	Missense;	0.0377961527854117
1654	KBTBD4	A436V;	Missense;	-0.0800145137950654
1655	KBTBD4	G437G;R438C;	Silent;Missense;	-0.272552206761665
1656	KBTBD4	A442T;A441T;	Missense;Missense;	-0.236327104212579
1657	KBTBD4	G437G;R438C;	Silent;Missense;	-0.0194137368364663
1658	KBTBD4	V443I;	Missense;	-0.19852702125412
1659	KBTBD4	V443I;	Missense;	-0.212899747759486
1660	KBTBD4	V443V;	Silent;	-0.182420354844346
1661	KBTBD4	H440Y;A441V;	Missense;Missense;	-0.115733159114697
1662	KBTBD4	D446N;	Missense;	-0.0451591474069902
1663	KBTBD4	D446N;	Missense;	0.187011499859039
1664	KBTBD4	A442V;	Missense;	-0.0531238103100749
1665	KBTBD4	A442V;	Missense;	-0.153972111473653
1666	KBTBD4	D446N;	Missense;	-0.0616314921545999
1667	KBTBD4	H444Y;	Missense;	-0.0918982173931274
1668	KBTBD4	V448M;L447L;	Missense;Silent;	-0.0719206240207898
1669	KBTBD4	V448V;	Silent;	-0.0692762456866204
1670	KBTBD4	L447L;	Silent;	-0.135730669261543
1671	KBTBD4	L447L;	Silent;	-0.0738038521539253
1672	KBTBD4	L447L;	Silent;	-0.294602484507051
1673	KBTBD4	E453K;A452T;V451V;	Missense;Missense;Silent;	-0.084878118177824
1674	KBTBD4	F449F;	Silent;	-0.229907399076847
1675	KBTBD4	F449F;	Silent;	-0.0707891360262576
1676	KBTBD4	F449F;	Silent;	-0.100769508342548
1677	KBTBD4	D455N;G454E;	Missense;Missense;	-0.0699354912218789
1678	KBTBD4	A452V;	Missense;	-0.132525452006765
1679	KBTBD4	A452V;	Missense;	0.0837009503603969
1680	KBTBD4	V458M;L457L;	Missense;Silent;	-0.0244193469921084
1681	KBTBD4	C459C;	Silent;	-0.136058905260752
1682	KBTBD4	Y460Y;	Silent;	0.321879785609978
1683	KBTBD4	D465N;	Missense;	-0.242687761022502
1684	KBTBD4	S466N;	Missense;	-0.0465615996471395
1685	KBTBD4	L464L;	Silent;	-0.150276534940838
1686	KBTBD4	L464L;	Silent;	0.0636722273140666
1687	KBTBD4	R469Q;	Missense;	-0.0530475841125094
1688	KBTBD4	D465D;S466S;	Silent;Silent;	-0.21755379472756
1689	KBTBD4	C471Y;	Missense;	-0.172405215457033
1690	KBTBD4	C471Y;	Missense;	-0.174692494538828
1691	KBTBD4	T468I;R469W;	Missense;Missense;	0.342685965636324
1692	KBTBD4	T468T;R469W;L470F;	Silent;Missense;Missense;	-0.0561830599541437
1693	KBTBD4	R469W;L470F;	Missense;Missense;	-0.165445771096819
1694	KBTBD4	E474K;	Missense;	-0.218712916126867
1695	KBTBD4	E474K;	Missense;	-0.164180363998445
1696	KBTBD4	A475T;E474K;	Missense;Missense;	-0.314336121266888
1697	KBTBD4	C471C;	Silent;	-0.246390367534414
1698	KBTBD4	C471C;L472F;	Silent;Missense;	-0.162943461902229
1699	KBTBD4	A475T;E474E;	Missense;Silent;	-0.070452682582245
1700	KBTBD4	C471C;L472F;	Silent;Missense;	-0.260881337319339
1701	KBTBD4	S477N;W476*;	Missense;Nonsense;	0.360755923852058
1702	KBTBD4	S477N;W476*;	Missense;Nonsense;	0.180918358037953
1703	KBTBD4	P473F;	Missense;	-0.0181850083833428
1704	KBTBD4	A479T;	Missense;	-0.0843443618130361
1705	KBTBD4	A479T;	Missense;	-0.167853138272983
1706	KBTBD4	S477S;S478F;	Silent;Missense;	-0.108864382347426
1707	KBTBD4	S477S;S478F;	Silent;Missense;	-0.24116324514056
1708	KBTBD4	W483*;	Nonsense;	0.0848667484899573
1709	KBTBD4	A479V;P480S;	Missense;Missense;	0.136675650063872
1710	KBTBD4	W483*;	Nonsense;	0.0475386971178224
1711	KBTBD4	P480L;S481F;	Missense;Missense;	-0.0325555576520552
1712	KBTBD4	K484K;	Silent;	-0.281681052867469
1713	KBTBD4	K484K;	Silent;	-0.0306121501332074
1714	KBTBD4	A486T;K484K;	Missense;Silent;	-0.136773611189594
1715	KBTBD4	A486T;	Missense;	-0.187108092754272
1716	KBTBD4	S481F;L482F;	Missense;Missense;	-0.277151002719542
1717	KBTBD4	S487N;A486T;	Missense;Missense;	-0.231944542897143
1718	KBTBD4	L482L;	Silent;	-0.313364614543563
1719	KBTBD4	S487N;	Missense;	-0.15395154601979
1720	KBTBD4	S487N;	Missense;	-0.230944051507066
1721	KBTBD4	C488Y;S487N;	Missense;Missense;	-0.138068457245175
1722	KBTBD4	A486V;	Missense;	-0.242466192015623
1723	KBTBD4	S491N;	Missense;	-0.135712527247247
1724	KBTBD4	S491N;	Missense;	-0.0776846729391949
1725	KBTBD4	S491S;	Silent;	-0.195236987037975
1726	KBTBD4	S491S;	Silent;	-0.0968431419773464
1727	KBTBD4	S491S;	Silent;	-0.104509759344079
1728	KBTBD4	I492I;	Silent;	-0.0424766120573358
1729	KBTBD4	D497N;R496Q;	Missense;Missense;	0.0077678773075729
1730	KBTBD4	R498Q;	Missense;	-0.073953207287199
1731	KBTBD4	F495F;R496W;	Silent;Missense;	-0.0487687982306338
1732	KBTBD4	R496W;	Missense;	-0.0775165692867633
1733	KBTBD4	D497D;	Silent;	-0.0898405865464901
1734	KBTBD4	D497D;R498*;	Silent;Nonsense;	-0.203961295524623
1735	KBTBD4	D497D;R498*;	Silent;Nonsense;	-0.0050639651561456
1736	KBTBD4	R498*;	Nonsense;	-0.0674977690254407
1737	KBTBD4	A504V;	Missense;	-0.409204807513341
1738	KBTBD4	D510N;	Missense;	-0.192417482605677
1739	KBTBD4	D510N;	Missense;	-0.0427483746613522
1740	KBTBD4	T506I;	Missense;	-0.152161518497255
1741	KBTBD4	A512T;	Missense;	-0.423206580907886
1742	KBTBD4	A512T;	Missense;	-0.116894331840194
1743	KBTBD4	L509F;	Missense;	-0.134541709449945
1744	KBTBD4	A515T;	Missense;	-0.151951857476776
1745	KBTBD4	D510D;P511F;	Silent;Missense;	-0.0938413179350833
1746	KBTBD4	V516I;	Missense;	-0.243361512460769
1747	KBTBD4	V516I;	Missense;	-0.254206263816606
1748	KBTBD4	A512V;T513I;	Missense;Missense;	-0.201179585244529
1749	KBTBD4	V516I;	Missense;	0.0096643011164463
1750	KBTBD4	V518I;	Missense;	-0.240666853037263
1751	KBTBD4	V518I;	Missense;	-0.0341401175436129
1752	KBTBD4	V518I;	Missense;	-0.192892175395077
1753	KBTBD4	S514L;A515V;	Missense;Missense;	-0.14449350734242
1754	KBTBD4	A515V;	Missense;	-0.191211186598239
1755	KBTBD4	R520K;	Missense;	-0.0316319238942751
1756	KBTBD4	A515V;	Missense;	-0.223218529490554
1757	KBTBD4	G521N;R520K;	Missense;Missense;	-0.0301290615523193
1758	KBTBD4	G521N;R520K;	Missense;Missense;	-0.237892832066264
1759	KBTBD4	V518V;	Silent;	-0.101272363699772
1760	KBTBD4	V518V;T519I;	Silent;Missense;	-0.148025708387878
1761	KBTBD4	V518V;T519I;	Silent;Missense;	-0.177606448354625
1762	KBTBD4	V524I;K523K;	Missense;Silent;	-0.124359059980361
1763	KBTBD4	V524I;	Missense;	-0.0830308206201658
1764	KBTBD4	L525L;	Silent;	-0.104321861035545
1765	KBTBD4	L525L;L526F;	Silent;Missense;	-0.0547989176649246
1766	KBTBD4	Q530Q;L529L;	Silent;Silent;	-0.0532766874630936
1767	KBTBD4	L526F;T527I;	Missense;Missense;	-0.0698959193591974
1768	KBTBD4	T527I;	Missense;	-0.329694916413575
1769	KBTBD4	V532M;Q530Q;	Missense;Silent;	-0.0600893136296575
1770	KBTBD4	T527T;	Silent;	-0.163107788239284
1771	KBTBD4	V532I;	Missense;	-0.160827288482578
1772	KBTBD4	L533L;V532V;	Silent;Silent;	-0.144248308022687
1773	KBTBD4	Q530*;	Nonsense;	-0.317267096910594
1774	KBTBD4	utr;	UTR;	-0.181054916413659
1775	KBTBD4	A534V;	Missense;	-0.146661550780859
1776	KBTBD4	A534V;	Missense;	0.308903816622851
1777	KBTBD4	A534V;	Missense;	0.148334128075469
1778	KBTBD4	A534V;	Missense;	-0.0690176416460133
1779	KBTBD4	A534A;	Silent;	-0.291298752679786
1780	KBTBD4	utr;utr;utr;utr;	UTR;UTR;UTR;UTR;	-0.212266990213297
1781	KBTBD4	utr;	UTR;	-0.163418180726449
1782	KBTBD4	utr;utr;utr;utr;	UTR;UTR;UTR;UTR;	-0.254292686103096
1783	KBTBD4	utr;	UTR;	-0.0196161198393151
1784	KBTBD4	utr;	UTR;	-0.180375841778031
1785	KBTBD4	utr;utr;utr;	UTR;UTR;UTR;	-0.10689111998906
1786	KBTBD4		No Mutation	-0.386234358324715
1787	KBTBD4		No Mutation	-0.212953766246172
1788	KBTBD4		No Mutation	-0.100282582442133
1789	KBTBD4		No Mutation	-0.309066392699671
1790	KBTBD4		No Mutation	-0.138120362568419
1791	KBTBD4		No Mutation	-0.190498181101646
1792	KBTBD4		No Mutation	-0.207846736176009
1793	KBTBD4		No Mutation	-0.161597489583506
1794	KBTBD4		No Mutation	-0.23555998169988
1795	KBTBD4		No Mutation	-0.229834198553459
1796	KBTBD4		No Mutation	0.0047030134754919
1797	KBTBD4		No Mutation	-0.313805836121607
1798	KBTBD4		No Mutation	-0.330879046822059
1799	KBTBD4		No Mutation	-0.160853599862122
1800	KBTBD4		No Mutation	-0.0280378471639502
1801	KBTBD4		No Mutation	-0.0916226096630824
1802	KBTBD4		No Mutation	-0.172739833560334
1803	KBTBD4		No Mutation	-0.359766396919445
1804	KBTBD4		No Mutation	-0.16591473716151
1805	KBTBD4		No Mutation	-0.306991413505296
1806	KBTBD4		No Mutation	-0.220265719686555
1807	KBTBD4		No Mutation	-0.235688156759669
1808	KBTBD4		No Mutation	0.0318184240754817
1809	KBTBD4		No Mutation	-0.358006344810201
1810	KBTBD4		No Mutation	-0.163142072082974
1811	KBTBD4		No Mutation	-0.367849928328676
1812	KBTBD4		No Mutation	-0.466123352378806
1813	KBTBD4		No Mutation	-0.234250855080542
1814	KBTBD4		No Mutation	-0.31935683565372
1815	KBTBD4		No Mutation	-0.294138000690366
1816	KBTBD4		No Mutation	-0.181422310714053
1817	KBTBD4		No Mutation	-0.409876069521827
1818	KBTBD4		No Mutation	-0.175121571693328
1819	KBTBD4		No Mutation	-0.0278579183465919
1820	KBTBD4		No Mutation	-0.379020197708216
1821	KBTBD4		No Mutation	-0.126441826335365
1822	KBTBD4		No Mutation	-0.186813400182222
1823	KBTBD4		No Mutation	-0.245194103128646
1824	KBTBD4		No Mutation	-0.03192111223063
1825	KBTBD4		No Mutation	-0.467263546912639
1826	KBTBD4		No Mutation	-0.0430585331732835
1827	KBTBD4		No Mutation	-0.278059700486798
1828	KBTBD4		No Mutation	-0.0826098279793399
1829	KBTBD4		No Mutation	-0.0539867685614575
1830	KBTBD4		No Mutation	-0.230106888052037
1831	KBTBD4		No Mutation	-0.161721736730097
1832	KBTBD4		No Mutation	-0.371514160767395
1833	KBTBD4		No Mutation	-0.123787569294788
1834	KBTBD4		No Mutation	-0.107290860256855
1835	KBTBD4		No Mutation	-0.0630716471011444
1836	KBTBD4		No Mutation	-0.152417640373303
1837	KBTBD4		No Mutation	0.0457179560597698
1838	KBTBD4		No Mutation	-0.186076352302699
1839	KBTBD4		No Mutation	-0.146297665174163
1840	KBTBD4		No Mutation	-0.266690560897595
1841	KBTBD4		No Mutation	-0.168807941416985
1842	KBTBD4		No Mutation	-0.116383524027143
1843	KBTBD4		No Mutation	-0.111871038859815
1844	KBTBD4		No Mutation	-0.2202864441894
1845	KBTBD4		No Mutation	-0.062074457105267
1846	KBTBD4		No Mutation	-0.265306368546599
1847	KBTBD4		No Mutation	-0.228001884250135
1848	KBTBD4		No Mutation	-0.290395710449393
1849	KBTBD4		No Mutation	-0.209462372632652
1850	KBTBD4		No Mutation	-0.247583435585985
1851	KBTBD4		No Mutation	-0.0629046208131611
1852	KBTBD4		No Mutation	-0.103524400155829
1853	KBTBD4		No Mutation	-0.115303003697338
1854	KBTBD4		No Mutation	-0.142379527713318
1855	KBTBD4		No Mutation	0.0522934739456317
1856	KBTBD4		No Mutation	-0.073138027229137
1857	KBTBD4		No Mutation	-0.107541779533242
1858	KBTBD4		No Mutation	-0.230181156361747
1859	KBTBD4		No Mutation	-0.290265219081069
1860	KBTBD4		No Mutation	-0.25435861905005
1861	KBTBD4		No Mutation	-0.004946385205138
1862	KBTBD4		No Mutation	-0.187926305102978
1863	KBTBD4		No Mutation	-0.237001059895462
1864	KBTBD4		No Mutation	0.0272508809193829
1865	KBTBD4		No Mutation	-0.157582037417255
1866	KBTBD4		No Mutation	-0.265860148808929
1867	KBTBD4		No Mutation	-0.292384465142662
1868	KBTBD4		No Mutation	0.0025671171840381
1869	KBTBD4		No Mutation	-0.0726020211601543
1870	KBTBD4		No Mutation	-0.192307391344674
1871	KBTBD4		No Mutation	-0.243625422061469
1872	KBTBD4		No Mutation	-0.196179805709347
1873	KBTBD4		No Mutation	-0.0733778913004646
1874	KBTBD4		No Mutation	-0.0725406633466233
1875	KBTBD4		No Mutation	-0.213351118287713
1876	KBTBD4		No Mutation	0.041708802070761
1877	KBTBD4		No Mutation	0.0082751515749024
1878	KBTBD4		No Mutation	-0.0620257373657041
1879	KBTBD4		No Mutation	-0.280251675811824
1880	KBTBD4		No Mutation	-0.169494545779333
1881	KBTBD4		No Mutation	-0.319122782627043
1882	KBTBD4		No Mutation	-0.243897017251312
1883	KBTBD4		No Mutation	-0.0607195408068962
1884	KBTBD4		No Mutation	-0.159361838926619
1885	KBTBD4		No Mutation	-0.0736779695505992
1886	KBTBD4		No Mutation	0.191262592286737
1887	KBTBD4		No Mutation	-0.227986642855666
1888	KBTBD4		No Mutation	-0.105844607711667
1889	KBTBD4		No Mutation	-0.177943014151877
1890	KBTBD4		No Mutation	-0.110209630966254
1891	KBTBD4		No Mutation	-0.155516673618162
1892	KBTBD4		No Mutation	-0.0814013583826713
1893	KBTBD4		No Mutation	-0.0910768578711351
1894	KBTBD4		No Mutation	-0.118058068865733
1895	KBTBD4		No Mutation	-0.289820573284986
1896	KBTBD4		No Mutation	-0.195846157213965
1897	KBTBD4		No Mutation	-0.516665896204175
1898	KBTBD4		No Mutation	-0.189502232413051
1899	KBTBD4		No Mutation	-0.147062979612856
1900	KBTBD4		No Mutation	-0.709505619645975
1901	KBTBD4		No Mutation	-0.109738330090335
1902	KBTBD4		No Mutation	0.148147726818331
1903	KBTBD4		No Mutation	-0.243953179372017
1904	KBTBD4		No Mutation	-0.349525679461333
1905	KBTBD4		No Mutation	-0.196635744656304
1906	KBTBD4		No Mutation	0.131670951404827
1907	KBTBD4		No Mutation	-0.156635845487932
1908	KBTBD4		No Mutation	-0.301180245094474
1909	KBTBD4		No Mutation	-0.0656736196019825
1910	KBTBD4		No Mutation	-0.11271888854847
1911	KBTBD4		No Mutation	-0.0933896675859304
1912	KBTBD4		No Mutation	-0.332858005625907
1913	KBTBD4		No Mutation	-0.320138053185425
1914	KBTBD4		No Mutation	-0.0033725566851181
1915	KBTBD4		No Mutation	-0.165776639801405
1916	KBTBD4		No Mutation	-0.0077200677148917
1917	KBTBD4		No Mutation	-0.386981247093772
1918	KBTBD4		No Mutation	-0.222380641245528
1919	KBTBD4		No Mutation	-0.218008825233292
1920	KBTBD4		No Mutation	-0.119494688633206
1921	KBTBD4		No Mutation	-0.0698868044348461
1922	KBTBD4		No Mutation	-0.29998578649763
1923	KBTBD4		No Mutation	-0.071060111187607
1924	KBTBD4		No Mutation	-0.171456788064382
1925	KBTBD4		No Mutation	-0.292767827853696
1926	KBTBD4		No Mutation	-0.192692857645136
1927	KBTBD4		No Mutation	-0.228368098728854
1928	KBTBD4		No Mutation	-0.28991113151728
1929	KBTBD4		No Mutation	-0.136933593991055
1930	KBTBD4		No Mutation	-0.248114249225774
1931	KBTBD4		No Mutation	-0.204756630946153
1932	KBTBD4		No Mutation	-0.213675102781542
1933	KBTBD4		No Mutation	-0.0284294283159223
1934	KBTBD4		No Mutation	-0.356018840805354
1935	KBTBD4		No Mutation	-0.152266692825977
1936	KBTBD4		No Mutation	-0.26324830781183
1937	KBTBD4		No Mutation	-0.104953781210104
1938	KBTBD4		No Mutation	-0.235179011432095
1939	KBTBD4		No Mutation	-0.230900407553217
1940	KBTBD4		No Mutation	-0.0324332855072023
1941	KBTBD4		No Mutation	-0.0265984012242063
1942	KBTBD4		No Mutation	-0.145715919305666
1943	KBTBD4		No Mutation	-0.165058133911907
1944	KBTBD4		No Mutation	0.276334140959769
1945	KBTBD4		No Mutation	0.0528560995732672
1946	KBTBD4		No Mutation	-0.167370493795997
1947	KBTBD4		No Mutation	-0.0212104750348398
1948	KBTBD4		No Mutation	-0.312108670234614
1949	KBTBD4		No Mutation	-0.17546756272735
1950	KBTBD4		No Mutation	-0.0939353150804116
1951	KBTBD4		No Mutation	-0.112154638306405
1952	KBTBD4		No Mutation	-0.269153672888223
1953	KBTBD4		No Mutation	-0.309877497437923
1954	KBTBD4		No Mutation	-0.10329248927336
1955	KBTBD4		No Mutation	-0.0702540620537259
1956	KBTBD4		No Mutation	-0.209609489204883
1957	KBTBD4		No Mutation	-0.0051673065755289
1958	KBTBD4		No Mutation	-0.144256967583912
1959	KBTBD4		No Mutation	-0.0103195449922222
1960	KBTBD4		No Mutation	-0.214427700951487
1961	KBTBD4		No Mutation	-0.263551071923077
1962	KBTBD4		No Mutation	-0.121536441317505
1963	KBTBD4		No Mutation	-0.309504487287701
1964	KBTBD4		No Mutation	-0.153345379083734
1965	KBTBD4		No Mutation	-0.12668896779481
1966	KBTBD4		No Mutation	-0.17547480831745
1967	KBTBD4		No Mutation	-0.0104900120991882
1968	KBTBD4		No Mutation	-0.286115227975846
1969	KBTBD4		No Mutation	-0.251071006453902
1970	KBTBD4		No Mutation	-0.101711092222374
1971	KBTBD4		No Mutation	-0.186051910451126
1972	KBTBD4		No Mutation	-0.409096720504511
1973	KBTBD4		No Mutation	-0.387610532410633
1974	KBTBD4		No Mutation	-0.135512966638636
1975	KBTBD4		No Mutation	-0.100035230143059
1976	KBTBD4		No Mutation	-0.243331014710446
1977	KBTBD4		No Mutation	-0.112234649246023
1978	KBTBD4		No Mutation	-0.177263499488414
1979	KBTBD4		No Mutation	-0.285766066675224
1980	KBTBD4		No Mutation	-0.27407507174748
1981	KBTBD4		No Mutation	-0.18271050627153
1982	KBTBD4		No Mutation	-0.251358495218208
1983	KBTBD4		No Mutation	-0.208074846842206
1984	KBTBD4		No Mutation	-0.2211092957524
