ID	Gene	Mutation_list	Mutation_type	sgRNA_score
0	SETDB1	(NC);M1V	UTR;Missense	-1.11148684
1	SETDB1	M1V	Missense	-1.090120293
2	SETDB1		No Mutation	-0.59241453
3	SETDB1		No Mutation	0.034517877
4	SETDB1	I8T;G9G	Missense;Silent	0.409359863
5	SETDB1	I8I;G9G;L10L	Silent;Silent;Silent	0.72298577
6	SETDB1	L10P	Missense	0.085752537
7	SETDB1	A12A	Silent	-0.186367235
8	SETDB1	I22V	Missense	0.007270893
9	SETDB1	A23A;E24G	Silent;Missense	0.186377564
10	SETDB1	Q26R	Missense	-0.509394106
11	SETDB1	A28A	Silent	0.285265395
12	SETDB1	A28A	Silent	0.570393401
13	SETDB1	E32G	Missense	0.063508472
14	SETDB1	E32E	Silent	0.239209705
15	SETDB1		No Mutation	0.023530825
16	SETDB1		No Mutation	0.076374761
17	SETDB1	I44V	Missense	0.103959867
18	SETDB1	E46G	Missense	0.742807198
19	SETDB1	L61L;A62A	Silent;Silent	-0.305762528
20	SETDB1	L61L;A62A	Silent;Silent	0.321959519
21	SETDB1	V68V;I69V	Silent;Missense	0.351865266
22	SETDB1	I69M;Q70R;K71E	Missense;Missense;Missense	0.210742612
23	SETDB1		No Mutation	0.525390231
24	SETDB1	D84D;S86P	Silent;Missense	-0.165767863
25	SETDB1	R87G	Missense	-0.561196987
26	SETDB1	(NC)	Intron	0.869204126
27	SETDB1	(NC)	Intron	0.446934279
28	SETDB1	(NC)	Intron	0.308158813
29	SETDB1	V89A;T90T	Missense;Silent	0.577983323
30	SETDB1	T90A;N91D	Missense;Missense	0.177741162
31	SETDB1		No Mutation	0.003719951
32	SETDB1	D98G	Missense	0.044814732
33	SETDB1	D98G	Missense	-0.660675555
34	SETDB1	K102R	Missense	0.574581192
35	SETDB1		No Mutation	0.378294124
36	SETDB1	Y107H	Missense	-0.149220039
37	SETDB1		No Mutation	-0.033443385
38	SETDB1	S112S	Silent	0.639878439
39	SETDB1	E113G	Missense	-0.119855443
40	SETDB1	I122T;I123T	Missense;Missense	-0.403262817
41	SETDB1	I125T	Missense	-0.497892407
42	SETDB1	D131D;V132A	Silent;Missense	0.197471962
43	SETDB1		No Mutation	0.029196645
44	SETDB1	S134G;I135V	Missense;Missense	-0.105535318
45	SETDB1	S134G;I135V	Missense;Missense	0.887699626
46	SETDB1	(NC)	Splice-donor	-0.353280121
47	SETDB1	S137S;(NC)	Silent;Intron	-1.780299119
48	SETDB1	(NC);(NC)	Intron;Intron	-1.045900441
49	SETDB1	(NC)	Intron	0.095214718
50	SETDB1		No Mutation	0.180892941
51	SETDB1		No Mutation	0.52843373
52	SETDB1	R143R;T144A	Silent;Missense	-0.169829778
53	SETDB1	K146K;D147G	Silent;Missense	0.283314892
54	SETDB1	(NC)	Splice-donor	-0.241393442
55	SETDB1	Q148R;K149G	Missense;Missense	0.049308066
56	SETDB1	(NC);(NC)	Intron;Intron	-0.983188332
57	SETDB1	(NC)	Intron	0.337282396
58	SETDB1	(NC);(NC)	Intron;Intron	-0.562598679
59	SETDB1	(NC)	Intron	-0.115958909
60	SETDB1	(NC)	Intron	-0.292894733
61	SETDB1	(NC)	Intron	-0.080759143
62	SETDB1	L150P;R151R	Missense;Silent	0.271318821
63	SETDB1	R151R	Silent	0.467755542
64	SETDB1	R151R	Silent	0.310423665
65	SETDB1	(NC);(NC)	Intron;Splice-acceptor	-1.190900499
66	SETDB1	A155A;L157L	Silent;Silent	0.328221981
67	SETDB1	A161A	Silent	0.407691655
68	SETDB1	Q162Q;D163G	Silent;Missense	0.004146292
69	SETDB1	K173G;K174E	Missense;Missense	-0.388621958
70	SETDB1	Q178R	Missense	0.189021275
71	SETDB1	D179G	Missense	-0.058840526
72	SETDB1	D179G	Missense	0.634244022
73	SETDB1	(NC)	Splice-donor	-0.567221777
74	SETDB1	(NC);(NC)	Splice-donor;Intron	-0.407486411
75	SETDB1	(NC)	Intron	0.84591312
76	SETDB1	(NC)	Intron	-0.162058257
77	SETDB1	(NC);(NC)	Intron;Intron	-0.067467989
78	SETDB1	T184A	Missense	0.08597038
79	SETDB1	S189S	Silent	0.495312446
80	SETDB1	G190G;E191G	Silent;Missense	0.510304946
81	SETDB1	I199M;S201G	Missense;Missense	0.144112668
82	SETDB1		No Mutation	0.037998176
83	SETDB1	S201G	Missense	0.020791475
84	SETDB1	K207R;K208G	Missense;Missense	0.171458899
85	SETDB1	T210A;K211G	Missense;Missense	-0.108469984
86	SETDB1	I219V	Missense	0.233195892
87	SETDB1		No Mutation	-0.087774945
88	SETDB1		No Mutation	-0.023403004
89	SETDB1	(NC);(NC)	Splice-donor;Intron	-0.615955205
90	SETDB1	(NC)	Intron	0.409935876
91	SETDB1		No Mutation	0.080074536
92	SETDB1	(NC)	Intron	-0.835906639
93	SETDB1		No Mutation	0.06246203
94	SETDB1		No Mutation	0.005395664
95	SETDB1	P226P	Silent	-0.416844662
96	SETDB1	V232A	Missense	-1.328679666
97	SETDB1	K233G	Missense	-0.012223595
98	SETDB1	K237K;G238G;K239E	Silent;Silent;Missense	-0.509889674
99	SETDB1	G238G;K239G	Silent;Missense	-0.440931785
100	SETDB1	G238G;K239G	Silent;Missense	-3.494570077
101	SETDB1	D250D;Y251H	Silent;Missense	-0.278450691
102	SETDB1	P253P;P254P	Silent;Silent	-0.166643492
103	SETDB1		No Mutation	-0.161978982
104	SETDB1		No Mutation	0.452090794
105	SETDB1	L258P;Y259H	Missense;Missense	0.372632266
106	SETDB1	D256G	Missense	-0.02693016
107	SETDB1	L258P;Y259H	Missense;Missense	0.33810803
108	SETDB1	Y259H;V260A	Missense;Missense	0.882630219
109	SETDB1	K257R	Missense	0.173421047
110	SETDB1		No Mutation	0.163894157
111	SETDB1	Y259C	Missense	-0.289871189
112	SETDB1		No Mutation	0.608937419
113	SETDB1		No Mutation	-0.397175757
114	SETDB1	K267K;Y268C;K269E	Silent;Missense;Missense	-0.579126227
115	SETDB1	N272N	Silent	0.725150451
116	SETDB1	K269R;D270G	Missense;Missense	-1.267035183
117	SETDB1	Q273R	Missense	0.13002724
118	SETDB1	N286S	Missense	0.662171776
119	SETDB1	K288K;N289G;K290E	Silent;Missense;Missense	-0.655997758
120	SETDB1	R292G	Missense	-1.249788643
121	SETDB1	(NC)	Intron	0.405696157
122	SETDB1	(NC);(NC)	Intron;Intron	0.218545703
123	SETDB1		No Mutation	-0.491226245
124	SETDB1		No Mutation	-0.6274707
125	SETDB1	E309G	Missense	0.018483985
126	SETDB1	(NC)	Splice-donor	-1.403309698
127	SETDB1	(NC)	Splice-donor	-1.122383196
128	SETDB1	(NC);(NC);(NC);(NC)	Intron;Intron;Intron;Intron	0.242183429
129	SETDB1	(NC);(NC)	Intron;Intron	0.223252076
130	SETDB1	(NC);(NC);(NC);(NC)	Intron;Intron;Intron;Splice-acceptor	-1.046006135
131	SETDB1	(NC);(NC);(NC)	Intron;Intron;Splice-acceptor	-1.010127783
132	SETDB1	(NC);K318E	Splice-acceptor;Missense	-1.878867572
133	SETDB1		No Mutation	0.127103985
134	SETDB1	I333T	Missense	0.206555201
135	SETDB1	Y336H	Missense	-0.169281035
136	SETDB1	Y340C	Missense	-0.335572487
137	SETDB1	M345T	Missense	0.047136489
138	SETDB1	V346A	Missense	0.12649252
139	SETDB1	V346A;L347P	Missense;Missense	0.930670052
140	SETDB1	V346A;L347P	Missense;Missense	0.193000459
141	SETDB1	L348P	Missense	-0.064169545
142	SETDB1	M345V	Missense	-0.123001584
143	SETDB1		No Mutation	0.733857989
144	SETDB1		No Mutation	-0.170022882
145	SETDB1	S350S	Silent	-0.083212961
146	SETDB1	Q352R	Missense	0.14335932
147	SETDB1	I354V	Missense	0.210604715
148	SETDB1	T356T;W358R	Silent;Missense	-0.955749246
149	SETDB1	I354V;K355G	Missense;Missense	0.314091977
150	SETDB1	E357G	Missense	-0.35468629
151	SETDB1	E357G	Missense	-0.840488883
152	SETDB1	K364E	Missense	-0.172105354
153	SETDB1	K364G	Missense	-0.428323896
154	SETDB1		No Mutation	-0.531473565
155	SETDB1	R366R	Silent	-0.558668752
156	SETDB1	V370A;D371D	Missense;Silent	-0.26857405
157	SETDB1	D371D	Silent	-0.419311912
158	SETDB1	D371G	Missense	-1.077557712
159	SETDB1	L374L;R376G	Silent;Missense	-0.853181144
160	SETDB1	F379P	Missense	-0.698481075
161	SETDB1	(NC);(NC);(NC)	Intron;Intron;Intron	-0.54766719
162	SETDB1	(NC);(NC)	Intron;Intron	-0.186181551
163	SETDB1		No Mutation	-0.198934388
164	SETDB1	D381G;D382G	Missense;Missense	-0.050566189
165	SETDB1	E386G	Missense	-1.245354248
166	SETDB1	Y389C	Missense	-1.123870233
167	SETDB1	R390R	Silent	-0.833379983
168	SETDB1	T403T	Silent	-0.125441909
169	SETDB1	L409P	Missense	0.157421288
170	SETDB1	A408A	Silent	-0.278298207
171	SETDB1		No Mutation	-0.61971783
172	SETDB1	K411R;K412G	Missense;Missense	0.526810395
173	SETDB1	R417G;T418A	Missense;Missense	0.535350082
174	SETDB1	R417G;T418A	Missense;Missense	0.46205962
175	SETDB1	(NC);(NC)	Intron;Intron	0.186207885
176	SETDB1	(NC)	Intron	-0.231346903
177	SETDB1		No Mutation	0.335800272
178	SETDB1	G423G;A424A	Silent;Silent	0.107405481
179	SETDB1		No Mutation	-1.030746071
180	SETDB1		No Mutation	-0.163485272
181	SETDB1		No Mutation	-0.286617261
182	SETDB1		No Mutation	0.506138738
183	SETDB1		No Mutation	-0.68601807
184	SETDB1	Y434C;T435A	Missense;Missense	0.445750504
185	SETDB1	D437D;L438P	Silent;Missense	0.37947754
186	SETDB1	Q436R;D437G	Missense;Missense	-0.115518545
187	SETDB1	F445P	Missense	0.729193545
188	SETDB1	G442G;T443A	Silent;Missense	-0.318525305
189	SETDB1	V448A	Missense	0.106434684
190	SETDB1		No Mutation	1.226939887
191	SETDB1		No Mutation	0.334499756
192	SETDB1	A455A	Silent	0.237791927
193	SETDB1	A455A	Silent	-0.178540777
194	SETDB1	A455A	Silent	-0.421168866
195	SETDB1		No Mutation	0.362405652
196	SETDB1		No Mutation	0.453514015
197	SETDB1	F461P	Missense	-0.235764317
198	SETDB1		No Mutation	0.487936796
199	SETDB1	P463P;A464A	Silent;Silent	0.268594825
200	SETDB1	P463P;A464A	Silent;Silent	-0.150782674
201	SETDB1	A464A	Silent	-0.030049281
202	SETDB1		No Mutation	-0.155184558
203	SETDB1	P466P;L467P;S468P	Silent;Missense;Missense	0.055382276
204	SETDB1	L467P;S468P	Missense;Missense	-0.038990894
205	SETDB1	S468P	Missense	0.377614658
206	SETDB1		No Mutation	0.183404906
207	SETDB1		No Mutation	-0.115498351
208	SETDB1		No Mutation	-0.356096025
209	SETDB1	S474S	Silent	0.075885407
210	SETDB1	S474S	Silent	0.796160896
211	SETDB1	S474S	Silent	0.20128181
212	SETDB1	S474S	Silent	-0.005864962
213	SETDB1	S474S;(NC)	Silent;Splice-donor	-1.141239035
214	SETDB1	(NC);(NC)	Intron;Intron	-0.163518966
215	SETDB1	(NC)	Intron	-0.465480135
216	SETDB1		No Mutation	0.038362372
217	SETDB1	Q479R	Missense	-0.156598388
218	SETDB1		No Mutation	1.074571744
219	SETDB1		No Mutation	0.680839479
220	SETDB1	V487A	Missense	-0.07313182
221	SETDB1	V487A	Missense	-0.142595326
222	SETDB1	S491G;T492A	Missense;Missense	0.151085037
223	SETDB1		No Mutation	0.447242078
224	SETDB1		No Mutation	0.292803019
225	SETDB1	S498S;V499A	Silent;Missense	0.667029269
226	SETDB1	P496P	Silent	0.012361726
227	SETDB1	S501P	Missense	-0.085499181
228	SETDB1	P509P	Silent	0.02563083
229	SETDB1	L511P	Missense	0.27554989
230	SETDB1	L511P	Missense	-0.199542715
231	SETDB1	L511P	Missense	-0.104240915
232	SETDB1	S512G	Missense	0.204846968
233	SETDB1	S512G;E513G	Missense;Missense	-0.248166945
234	SETDB1	E513G	Missense	0.197644233
235	SETDB1		No Mutation	0.432879073
236	SETDB1		No Mutation	0.555761155
237	SETDB1	I522V	Missense	-0.425333391
238	SETDB1	Y526H	Missense	-0.341701336
239	SETDB1	Y526C;R527G	Missense;Missense	0.011838206
240	SETDB1	(NC)	Intron	-0.133817735
241	SETDB1	S535P	Missense	0.308496606
242	SETDB1		No Mutation	-0.203081306
243	SETDB1	S540P	Missense	1.295872367
244	SETDB1	P537P;A538A	Silent;Silent	0.039413386
245	SETDB1	L542P	Missense	0.354155829
246	SETDB1	L542P	Missense	-0.098178717
247	SETDB1	L542P	Missense	-0.299355605
248	SETDB1		No Mutation	-0.561371326
249	SETDB1	P545P	Silent	0.123770392
250	SETDB1		No Mutation	-0.160402063
251	SETDB1		No Mutation	0.450239073
252	SETDB1	V550A	Missense	-0.141729311
253	SETDB1	V550A;F551L	Missense;Missense	0.618413617
254	SETDB1	A547A	Silent	0.084126054
255	SETDB1	V550A;F551P	Missense;Missense	0.144713994
256	SETDB1	F551P	Missense	-0.444672749
257	SETDB1	P549P	Silent	0.692733063
258	SETDB1	M554T	Missense	0.494472019
259	SETDB1	M554T	Missense	-0.029760496
260	SETDB1	M554T	Missense	-0.027264342
261	SETDB1	M554T;L555P	Missense;Missense	0.943058903
262	SETDB1	H552R	Missense	-0.607757095
263	SETDB1	H552R	Missense	0.089544024
264	SETDB1		No Mutation	0.222325577
265	SETDB1	Y564H	Missense	-0.261491754
266	SETDB1	Y564H	Missense	-0.371966495
267	SETDB1	Y564H	Missense	-0.168349841
268	SETDB1		No Mutation	-0.223991172
269	SETDB1	M568T	Missense	0.167604993
270	SETDB1	M568T	Missense	0.002874182
271	SETDB1	M568T	Missense	-0.105288214
272	SETDB1		No Mutation	0.011782578
273	SETDB1	F572P;Y573H	Missense;Missense	-0.561431805
274	SETDB1	F572S;Y573H	Missense;Missense	0.683884736
275	SETDB1	Y580H	Missense	-0.457156029
276	SETDB1	V586A	Missense	0.179988439
277	SETDB1	R585R	Silent	-0.180484114
278	SETDB1	R590G	Missense	-0.733659226
279	SETDB1	R590G;N591D	Missense;Missense	-0.426772823
280	SETDB1	R590G;N591G	Missense;Missense	0.011922786
281	SETDB1	Y594H	Missense	0.02927184
282	SETDB1	K597E	Missense	-0.44964351
283	SETDB1	P599P;L600P	Silent;Missense	-1.165489167
284	SETDB1	L604P	Missense	-0.624057101
285	SETDB1	L604P;L605P	Missense;Missense	0.390249463
286	SETDB1	L604L	Silent	-0.003789216
287	SETDB1	L604L;L605L	Silent;Silent	-0.388958657
288	SETDB1	F608P	Missense	-1.614189913
289	SETDB1	F608P	Missense	-0.599096113
290	SETDB1		No Mutation	-0.249413626
291	SETDB1		No Mutation	-0.269585503
292	SETDB1		No Mutation	-0.219669905
293	SETDB1	R616R	Silent	0.161088218
294	SETDB1		No Mutation	0.700925334
295	SETDB1	R616R	Silent	0.127186608
296	SETDB1	F623F;H624H	Silent;Silent	0.52172232
297	SETDB1	I626V;Y627C	Missense;Missense	-1.470038477
298	SETDB1		No Mutation	-0.211762869
299	SETDB1	L635P	Missense	-0.995185098
300	SETDB1		No Mutation	-0.140577291
301	SETDB1	C650R	Missense	-1.389008043
302	SETDB1		No Mutation	0.19021071
303	SETDB1		No Mutation	0.260182589
304	SETDB1	F658P;C659R	Missense;Missense	-0.585667674
305	SETDB1	C659C;L660P	Silent;Missense	-0.337163808
306	SETDB1	D661G	Missense	-0.303947354
307	SETDB1		No Mutation	0.626355976
308	SETDB1	Y673H	Missense	0.375600533
309	SETDB1	Y677H;Y678H	Missense;Missense	0.010908544
310	SETDB1	Y678H	Missense	0.466236733
311	SETDB1	L680P	Missense	0.608874823
312	SETDB1	D681G;I682V	Missense;Missense	-0.11307323
313	SETDB1	N695N	Silent	0.117736049
314	SETDB1	N695N	Silent	-0.028274286
315	SETDB1	N695N	Silent	1.044864292
316	SETDB1	I697T	Missense	-0.21993268
317	SETDB1	T699A;T700A	Missense;Missense	0.610312946
318	SETDB1	T699T;T700A	Silent;Missense	0.046876902
319	SETDB1	V705A	Missense	-0.808865133
320	SETDB1	Y707H	Missense	-0.908517836
321	SETDB1	Y707H	Missense	-0.842405002
322	SETDB1	Q704R	Missense	-0.009976144
323	SETDB1	Y707H	Missense	-0.658424839
324	SETDB1		No Mutation	-0.520977581
325	SETDB1		No Mutation	-0.735516136
326	SETDB1		No Mutation	-0.279522887
327	SETDB1	S708G;K709E	Missense;Missense	-2.126500016
328	SETDB1	S708G;K709G	Missense;Missense	-0.234231397
329	SETDB1	R711R;I712T	Silent;Missense	-0.234560538
330	SETDB1	E710G	Missense	-0.014332887
331	SETDB1	E710G	Missense	0.334905404
332	SETDB1	V717V;F718P	Silent;Missense	-0.927104731
333	SETDB1	F718P;I719T	Missense;Missense	0.133462911
334	SETDB1	T721A	Missense	-0.272819703
335	SETDB1		No Mutation	-0.255118054
336	SETDB1	V727V;C729R	Silent;Missense	-1.739483071
337	SETDB1	C729R	Missense	-0.554031043
338	SETDB1		No Mutation	-0.017279806
339	SETDB1		No Mutation	0.056639867
340	SETDB1		No Mutation	-0.046068223
341	SETDB1	D730G	Missense	-0.045956509
342	SETDB1	K732E	Missense	-0.173250498
343	SETDB1		No Mutation	0.342547105
344	SETDB1	D737G	Missense	-1.017048789
345	SETDB1	D737G	Missense	0.150940116
346	SETDB1	D737G;K738E	Missense;Missense	-0.787476733
347	SETDB1	D737G;K738G	Missense;Missense	-0.289242643
348	SETDB1	D737G;K738G	Missense;Missense	-0.756574544
349	SETDB1	(NC)	Intron	0.447281603
350	SETDB1	(NC);(NC)	Intron;Intron	0.317333656
351	SETDB1	S739P	Missense	0.16353056
352	SETDB1	S739P	Missense	-0.223883981
353	SETDB1	H744H	Silent	-0.504665201
354	SETDB1	H744R	Missense	0.009958853
355	SETDB1	T747T;I748T	Silent;Missense	-0.368717887
356	SETDB1		No Mutation	-0.657763506
357	SETDB1	T751A	Missense	0.136148773
358	SETDB1	C753C	Silent	-0.32646469
359	SETDB1	T751A	Missense	0.183212646
360	SETDB1		No Mutation	0.095783745
361	SETDB1	I759T	Missense	0.200949258
362	SETDB1		No Mutation	0.084516356
363	SETDB1		No Mutation	-0.197945566
364	SETDB1	Q758R;I759V	Missense;Missense	0.142434014
365	SETDB1	S763P	Missense	0.028704007
366	SETDB1	Y767H	Missense	-0.353472261
367	SETDB1	Y767H	Missense	0.076609339
368	SETDB1		No Mutation	-1.025566434
369	SETDB1	E771G;E772G	Missense;Missense	0.077780576
370	SETDB1	E771G;E772G	Missense;Missense	-0.2731531
371	SETDB1	L774L	Silent	0.094219142
372	SETDB1	T776A	Missense	-0.238619176
373	SETDB1	(NC)	Intron	-0.163882742
374	SETDB1	(NC);(NC)	Intron;Intron	-0.904159457
375	SETDB1	(NC)	Intron	-0.035163734
376	SETDB1	(NC)	Intron	-0.059463327
377	SETDB1	Y779H	Missense	-0.442501963
378	SETDB1	C781R	Missense	-1.170269666
379	SETDB1	C781R	Missense	-1.025756639
380	SETDB1	C781C	Silent	0.173560964
381	SETDB1	P789P;N790G	Silent;Missense	0.567133024
382	SETDB1	M791V	Missense	-0.258131827
383	SETDB1		No Mutation	0.066149278
384	SETDB1		No Mutation	-0.116575656
385	SETDB1	N794G	Missense	-0.280924019
386	SETDB1	H799H	Silent	-0.052259032
387	SETDB1	Q798R;H799R	Missense;Missense	-1.853800403
388	SETDB1	L807L;K809E	Silent;Missense	0.062109019
389	SETDB1	K809G	Missense	0.441966895
390	SETDB1	K809R;T810A	Missense;Missense	-0.809978311
391	SETDB1	T810A	Missense	-0.419320244
392	SETDB1	T810A;Q811R	Missense;Missense	0.466430358
393	SETDB1		No Mutation	0.469261536
394	SETDB1	I823T	Missense	0.042697515
395	SETDB1	D821G	Missense	0.00055983
396	SETDB1	V829A;C830R	Missense;Missense	-0.195665071
397	SETDB1		No Mutation	0.018300211
398	SETDB1		No Mutation	-1.057171099
399	SETDB1		No Mutation	0.26821086
400	SETDB1	(NC);(NC)	Intron;Intron	0.547020845
401	SETDB1	(NC);(NC);(NC)	Intron;Intron;Intron	-0.402418958
402	SETDB1	T838T;D839G	Silent;Missense	-0.172046869
403	SETDB1	F841F	Silent	-0.024903607
404	SETDB1	D840G	Missense	-0.634263021
405	SETDB1	D840G	Missense	-0.421091771
406	SETDB1	A842A	Silent	0.513655701
407	SETDB1	K844G	Missense	-0.425720073
408	SETDB1	K844G;E845G	Missense;Missense	-2.135308332
409	SETDB1	E852G	Missense	-0.763253122
410	SETDB1	D858G	Missense	-1.149922887
411	SETDB1		No Mutation	-0.575564361
412	SETDB1	E864G	Missense	-0.306771632
413	SETDB1		No Mutation	-0.072399142
414	SETDB1		No Mutation	-0.039379885
415	SETDB1		No Mutation	-0.15252057
416	SETDB1		No Mutation	0.036144393
417	SETDB1	S881S	Silent	0.318452434
418	SETDB1	G882G;V883A	Silent;Missense	0.521848423
419	SETDB1	S881G	Missense	0.176681614
420	SETDB1	V883V	Silent	0.124982293
421	SETDB1	K886G	Missense	0.002703241
422	SETDB1	Q888R;E889G	Missense;Missense	0.016578487
423	SETDB1		No Mutation	-0.437179011
424	SETDB1	N892D	Missense	-0.137577408
425	SETDB1	N902N;D903D	Silent;Silent	-0.338487562
426	SETDB1	D903D	Silent	0.070637918
427	SETDB1	D907D	Silent	0.351352507
428	SETDB1	S906S;D907G	Silent;Missense	0.035304458
429	SETDB1	N909G	Missense	0.455601872
430	SETDB1	S917G	Missense	-0.163030558
431	SETDB1	T918A	Missense	0.216146976
432	SETDB1		No Mutation	-0.30386165
433	SETDB1		No Mutation	0.374372501
434	SETDB1	S924G	Missense	0.342195152
435	SETDB1	T927A	Missense	-1.131987424
436	SETDB1	T927A	Missense	-0.531585784
437	SETDB1	T927A	Missense	-0.114696222
438	SETDB1		No Mutation	-0.58170136
439	SETDB1		No Mutation	-0.190599995
440	SETDB1		No Mutation	0.730104824
441	SETDB1		No Mutation	0.721827771
442	SETDB1		No Mutation	0.066369174
443	SETDB1	L939P;S940P	Missense;Missense	0.037342803
444	SETDB1		No Mutation	-0.417036558
445	SETDB1		No Mutation	-0.08983302
446	SETDB1	H948R	Missense	0.133829325
447	SETDB1	L952P	Missense	-0.07847859
448	SETDB1	L952L	Silent	-0.321121802
449	SETDB1		No Mutation	-0.422425792
450	SETDB1		No Mutation	-0.067561237
451	SETDB1		No Mutation	-0.157136819
452	SETDB1		No Mutation	-0.466910608
453	SETDB1		No Mutation	-0.695600325
454	SETDB1	V959A	Missense	0.173157165
455	SETDB1	V959A;P960P	Missense;Silent	0.458086731
456	SETDB1	V959V;P960P	Silent;Silent	0.279147435
457	SETDB1	P960P	Silent	-0.371097816
458	SETDB1		No Mutation	0.229299491
459	SETDB1	I963T	Missense	0.236489082
460	SETDB1		No Mutation	-0.353991672
461	SETDB1	V965A	Missense	0.377267751
462	SETDB1	G966G	Silent	-0.163189085
463	SETDB1	G966G	Silent	-0.117466201
464	SETDB1	N969N	Silent	-0.128837943
465	SETDB1	N969N	Silent	0.2196168
466	SETDB1		No Mutation	-0.290936837
467	SETDB1		No Mutation	-0.232186913
468	SETDB1		No Mutation	0.479034533
469	SETDB1	E974E;E975G;T976A	Silent;Missense;Missense	0.198080557
470	SETDB1		No Mutation	-0.435193883
471	SETDB1	T976A	Missense	0.633987284
472	SETDB1	K978R;N979G	Missense;Missense	0.098903762
473	SETDB1	S983P	Missense	0.378980236
474	SETDB1	S983P	Missense	0.308848241
475	SETDB1	N988N	Silent	-0.039856344
476	SETDB1	N988G	Missense	0.134406193
477	SETDB1	N988G;S989G	Missense;Missense	0.025801155
478	SETDB1	T1006T	Silent	0.333438383
479	SETDB1		No Mutation	0.331562266
480	SETDB1	K1005G	Missense	-0.458913213
481	SETDB1	K1005G	Missense	0.049955595
482	SETDB1	K1005G;T1006A	Missense;Missense	-0.365122787
483	SETDB1	G1009G	Silent	-0.030068876
484	SETDB1	T1006A;N1007D	Missense;Missense	0.018567167
485	SETDB1	T1006A;N1007G	Missense;Missense	-0.266677199
486	SETDB1	N1007S;E1008G	Missense;Missense	0.515292199
487	SETDB1	E1008G	Missense	0.023318409
488	SETDB1		No Mutation	0.008392042
489	SETDB1		No Mutation	-0.163394173
490	SETDB1		No Mutation	-0.124097461
491	SETDB1	E1011G	Missense	0.204448412
492	SETDB1		No Mutation	-0.535818159
493	SETDB1		No Mutation	0.080974767
494	SETDB1		No Mutation	0.178332162
495	SETDB1	R1018R;M1019V	Silent;Missense	0.09206173
496	SETDB1		No Mutation	-0.284756987
497	SETDB1	E1022G;K1023G	Missense;Missense	0.019569016
498	SETDB1		No Mutation	-0.557877127
499	SETDB1	L1029P	Missense	0.096696997
500	SETDB1	S1027S	Silent	-0.02208117
501	SETDB1	I1031T	Missense	0.078268644
502	SETDB1	I1031T	Missense	-0.414240158
503	SETDB1	G1028G;L1029L	Silent;Silent	0.078368493
504	SETDB1	L1029L	Silent	0.012732054
505	SETDB1	E1034G	Missense	-0.020557085
506	SETDB1	K1038G	Missense	-0.078353935
507	SETDB1	K1041G;K1042G	Missense;Missense	-0.271442157
508	SETDB1	(NC)	Intron	-0.266111664
509	SETDB1	(NC);(NC);(NC)	Intron;Intron;Intron	-0.349833634
510	SETDB1	(NC);(NC)	Intron;Intron	-1.172399133
511	SETDB1		No Mutation	-0.203612613
512	SETDB1	V1053A;(NC)	Missense;Splice-donor	-0.99042703
513	SETDB1	V1054A	Missense	0.197430869
514	SETDB1	V1054A;T1055T	Missense;Silent	0.559843066
515	SETDB1	V1054V;T1055T	Silent;Silent	0.265151759
516	SETDB1	T1055T	Silent	1.106712999
517	SETDB1		No Mutation	-0.493443695
518	SETDB1		No Mutation	-0.36363045
519	SETDB1	E1056G;S1057G	Missense;Missense	-0.186674665
520	SETDB1		No Mutation	0.190390829
521	SETDB1	P1070P	Silent	0.252587151
522	SETDB1	L1073P	Missense	-0.171932808
523	SETDB1		No Mutation	-0.086245857
524	SETDB1	T1080T	Silent	-0.414374919
525	SETDB1	T1080T;S1081S	Silent;Silent	-0.270680816
526	SETDB1	S1081S;M1082T	Silent;Missense	0.747747148
527	SETDB1	M1082T	Missense	0.521691931
528	SETDB1	Q1084R;S1085G	Missense;Missense	-0.519070486
529	SETDB1	A1090A;S1091P	Silent;Missense	-0.189603017
530	SETDB1	(NC)	Intron	0.267746666
531	SETDB1	(NC)	Intron	-0.542882717
532	SETDB1	(NC)	Intron	-0.286236681
533	SETDB1	(NC)	Intron	-0.103493733
534	SETDB1	D1098D	Silent	0.330155886
535	SETDB1	D1098D	Silent	0.580945981
536	SETDB1	D1098D;V1099A	Silent;Missense	0.041702204
537	SETDB1	L1102P	Missense	0.098308041
538	SETDB1	L1102P	Missense	-0.45002255
539	SETDB1	L1102P;S1103P	Missense;Missense	0.20519422
540	SETDB1		No Mutation	0.432116621
541	SETDB1	S1104G;S1105G	Missense;Missense	-0.139023999
542	SETDB1	S1104G;S1105G	Missense;Missense	-1.010684366
543	SETDB1	S1105G	Missense	0.343096541
544	SETDB1	S1105G;T1106A	Missense;Missense	-0.082625121
545	SETDB1	S1108S	Silent	0.082736706
546	SETDB1	E1107G;S1108G	Missense;Missense	-1.190237867
547	SETDB1	E1107G;S1108G	Missense;Missense	-1.040020591
548	SETDB1	S1115G	Missense	0.061141231
549	SETDB1	T1119T;A1120A	Silent;Silent	-0.237869377
550	SETDB1	A1120A;G1121G	Silent;Silent	0.363149351
551	SETDB1	T1119A	Missense	-0.070919357
552	SETDB1	T1123T;S1124P	Silent;Missense	0.27285813
553	SETDB1	T1123T;S1124P	Silent;Missense	0.446402983
554	SETDB1	Q1122R;T1123A	Missense;Missense	-1.074518675
555	SETDB1	I1133V;Q1134R	Missense;Missense	-0.288609563
556	SETDB1	S1138S;S1140P	Silent;Missense	-0.829574528
557	SETDB1	I1136V	Missense	-0.237463476
558	SETDB1	I1136M	Missense	0.151493503
559	SETDB1	I1136M	Missense	0.045517801
560	SETDB1	S1140S	Silent	-0.846095754
561	SETDB1	D1143D	Silent	0.033377503
562	SETDB1	E1141G	Missense	-1.109414197
563	SETDB1	D1147G;K1148G	Missense;Missense	-0.991859773
564	SETDB1	N1150G;M1151V	Missense;Missense	-0.006356328
565	SETDB1	(NC)	Intron	-0.997726375
566	SETDB1	(NC)	Intron	-0.375543787
567	SETDB1	(NC);(NC)	Intron;Intron	0.594934296
568	SETDB1	(NC)	Intron	-0.235108628
569	SETDB1	(NC)	Intron	0.112645425
570	SETDB1	M1155T	Missense	0.183516107
571	SETDB1	M1155T	Missense	0.481242818
572	SETDB1	M1155T	Missense	1.033350096
573	SETDB1	P1154P;M1155V	Silent;Missense	0.55169451
574	SETDB1	R1157R	Silent	-0.06196091
575	SETDB1	V1159A	Missense	-0.922250014
576	SETDB1	A1160A	Silent	0.076747125
577	SETDB1	L1169P	Missense	-0.259202227
578	SETDB1	L1169L;S1171P	Silent;Missense	-0.443512867
579	SETDB1		No Mutation	-0.050808843
580	SETDB1		No Mutation	-0.066784878
581	SETDB1	I1177T	Missense	0.993035389
582	SETDB1	I1177I;S1179P	Silent;Missense	-0.422708905
583	SETDB1	A1176A;I1177V;K1178E	Silent;Missense;Missense	0.349239052
584	SETDB1	S1179S;T1180A;N1181D	Silent;Missense;Missense	-0.02084561
585	SETDB1	M1182V	Missense	0.242415612
586	SETDB1	M1182V	Missense	-0.045384674
587	SETDB1		No Mutation	0.402114383
588	SETDB1	V1185A	Missense	0.536641222
589	SETDB1		No Mutation	0.086802281
590	SETDB1		No Mutation	-0.206395623
591	SETDB1		No Mutation	0.044778335
592	SETDB1	T1197A	Missense	-0.323409431
593	SETDB1	Q1199R	Missense	0.253086366
594	SETDB1		No Mutation	0.268231913
595	SETDB1	I1210V;D1211G	Missense;Missense	0.164368153
596	SETDB1	K1213G	Missense	-1.118553935
597	SETDB1	K1213G	Missense	-0.646305127
598	SETDB1	L1218P	Missense	-0.67345615
599	SETDB1		No Mutation	-0.921116817
600	SETDB1		No Mutation	-1.235706234
601	SETDB1	(NC);(NC)	Intron;Intron	-0.282128551
602	SETDB1		No Mutation	-0.303105641
603	SETDB1	S1225S	Silent	-1.308566927
604	SETDB1		No Mutation	-0.627707666
605	SETDB1		No Mutation	-0.716428495
606	SETDB1		No Mutation	-0.265943296
607	SETDB1	N1234N	Silent	0.477620473
608	SETDB1		No Mutation	-0.507976214
609	SETDB1	N1234N;V1235A;F1236L	Silent;Missense;Missense	-0.372369749
610	SETDB1	D1238D	Silent	-0.540205777
611	SETDB1	H1240R;D1241G	Missense;Missense	-1.200455866
612	SETDB1	D1241G	Missense	-1.502046322
613	SETDB1	F1244S	Missense	-0.156003842
614	SETDB1		No Mutation	-1.359435633
615	SETDB1	W1246R	Missense	-0.589771907
616	SETDB1	F1250P	Missense	-0.888603457
617	SETDB1	F1250P	Missense	-1.568950741
618	SETDB1	F1250S	Missense	0.111507318
619	SETDB1		No Mutation	0.063781963
620	SETDB1	(NC)	Splice-donor	-0.989611597
621	SETDB1	S1252G	Missense	-0.342160299
622	SETDB1	K1253G;(NC)	Missense;Intron	-0.682261497
623	SETDB1	K1253R;(NC);(NC)	Missense;Intron;Intron	-0.70958293
624	SETDB1	(NC)	Intron	0.232678607
625	SETDB1	(NC);(NC)	Intron;Intron	-1.65597113
626	SETDB1	(NC);(NC);(NC)	Intron;Intron;Intron	-0.037032332
627	SETDB1		No Mutation	0.240743878
628	SETDB1		No Mutation	0.392469517
629	SETDB1		No Mutation	-0.382164389
630	SETDB1	(NC)	Splice-acceptor	-2.583703964
631	SETDB1	(NC);K1253K	Splice-acceptor;Silent	-0.74846591
632	SETDB1		No Mutation	-0.607203751
633	SETDB1		No Mutation	0.032247321
634	SETDB1	T1259A	Missense	0.3076826
635	SETDB1	L1261P	Missense	-0.160688345
636	SETDB1		No Mutation	-1.142945101
637	SETDB1	D1264G	Missense	-1.471448137
638	SETDB1	D1264G;Y1265C	Missense;Missense	-2.296495592
639	SETDB1	Y1267C	Missense	-0.838565414
640	SETDB1	E1268G	Missense	-1.378577299
641	SETDB1	S1271G	Missense	-0.498741653
642	SETDB1	E1276G	Missense	-0.630533795
643	SETDB1	E1276G;L1277L	Missense;Silent	0.52016528
644	SETDB1	L1277L	Silent	-0.771658871
645	SETDB1		No Mutation	-0.038266313
646	SETDB1	R1289R	Silent	0.899260865
647	SETDB1	R1287R;G1288G	Silent;Silent	-1.019643022
648	TRIM28		No Mutation	-0.171047678
649	TRIM28		No Mutation	0.178498233
650	TRIM28		No Mutation	0.214631512
651	TRIM28		No Mutation	0.169808854
652	TRIM28	M1T	Missense	-0.188630828
653	TRIM28	M1T	Missense	-0.136524801
654	TRIM28	M1T	Missense	-0.530607152
655	TRIM28	M1T	Missense	-0.213447039
656	TRIM28	(NC);M1V	UTR;Missense	-0.215175475
657	TRIM28	(NC);M1V	UTR;Missense	-0.71790137
658	TRIM28		No Mutation	-0.488276691
659	TRIM28	S9P	Missense	0.174509508
660	TRIM28		No Mutation	0.086993078
661	TRIM28	A7A	Silent	-0.045698984
662	TRIM28		No Mutation	-0.129938621
663	TRIM28	S14P	Missense	-0.027809625
664	TRIM28		No Mutation	-0.106147122
665	TRIM28		No Mutation	0.286414378
666	TRIM28		No Mutation	-0.499464256
667	TRIM28		No Mutation	-0.369952948
668	TRIM28		No Mutation	0.044384905
669	TRIM28		No Mutation	-0.384874377
670	TRIM28		No Mutation	-0.637884993
671	TRIM28		No Mutation	-0.416423054
672	TRIM28	S19G	Missense	-0.311456026
673	TRIM28	S19G	Missense	-0.166752327
674	TRIM28	S26P	Missense	-0.155755316
675	TRIM28		No Mutation	-0.098433473
676	TRIM28	S26P	Missense	-0.039893457
677	TRIM28	E24G	Missense	-0.401773136
678	TRIM28	A27A	Silent	-0.320549764
679	TRIM28	A27A	Silent	0.373124168
680	TRIM28		No Mutation	0.573824464
681	TRIM28		No Mutation	0.166099299
682	TRIM28		No Mutation	0.00036697
683	TRIM28		No Mutation	-0.641522717
684	TRIM28	S41P	Missense	0.232738001
685	TRIM28	S41P	Missense	-0.001550302
686	TRIM28	S41P	Missense	0.42602462
687	TRIM28	S43S	Silent	-0.395817925
688	TRIM28		No Mutation	-0.063812259
689	TRIM28		No Mutation	0.346849524
690	TRIM28		No Mutation	-0.053223678
691	TRIM28	S50P	Missense	-0.315397987
692	TRIM28		No Mutation	-0.445136492
693	TRIM28		No Mutation	-0.377598147
694	TRIM28		No Mutation	-0.042399349
695	TRIM28		No Mutation	-0.265118949
696	TRIM28		No Mutation	-0.149795948
697	TRIM28		No Mutation	0.014208829
698	TRIM28		No Mutation	-0.004442505
699	TRIM28		No Mutation	0.546768692
700	TRIM28		No Mutation	-0.149208026
701	TRIM28		No Mutation	-0.302664687
702	TRIM28		No Mutation	-0.448509465
703	TRIM28	E57G	Missense	1.708348998
704	TRIM28	L61P;L62P	Missense;Missense	-0.148486367
705	TRIM28	E60G	Missense	0.365630241
706	TRIM28	E70G	Missense	0.257030971
707	TRIM28		No Mutation	-0.732542075
708	TRIM28		No Mutation	-0.40238225
709	TRIM28	L80P	Missense	-0.154709825
710	TRIM28	L80P	Missense	-0.529873403
711	TRIM28	C83R;L84P	Missense;Missense	-0.507489359
712	TRIM28	C83C;L84P	Silent;Missense	-0.432188509
713	TRIM28		No Mutation	-0.139623144
714	TRIM28	C83C;L84P	Silent;Missense	0.259368274
715	TRIM28	S86P	Missense	0.137338129
716	TRIM28	C88R	Missense	-0.799367608
717	TRIM28	C88R	Missense	1.225167412
718	TRIM28		No Mutation	-0.501337032
719	TRIM28		No Mutation	0.504700967
720	TRIM28	L92S	Missense	-0.25652111
721	TRIM28		No Mutation	-0.387455766
722	TRIM28		No Mutation	0.281217458
723	TRIM28		No Mutation	-0.231448246
724	TRIM28		No Mutation	-0.257996676
725	TRIM28		No Mutation	-0.296327719
726	TRIM28		No Mutation	0.601806441
727	TRIM28		No Mutation	-0.080772551
728	TRIM28		No Mutation	-0.870658848
729	TRIM28		No Mutation	-0.730469873
730	TRIM28	S103P	Missense	0.129654701
731	TRIM28	S103P	Missense	0.061236079
732	TRIM28	S103P	Missense	-0.398835848
733	TRIM28	N101G	Missense	-0.409360859
734	TRIM28		No Mutation	0.020349995
735	TRIM28	N101G;S102G	Missense;Missense	-0.25623807
736	TRIM28	N101S;S102G	Missense;Missense	-0.58844206
737	TRIM28		No Mutation	-0.184386422
738	TRIM28	S102G	Missense	0.054520269
739	TRIM28		No Mutation	0.75003602
740	TRIM28		No Mutation	-0.190993733
741	TRIM28		No Mutation	0.891321878
742	TRIM28	D105G	Missense	-0.06316719
743	TRIM28		No Mutation	0.378977137
744	TRIM28		No Mutation	-0.382635254
745	TRIM28	(NC);(NC)	Intron;Intron	-0.368866352
746	TRIM28	(NC);(NC)	Intron;Intron	0.220182074
747	TRIM28	(NC)	Intron	0.505504529
748	TRIM28	(NC)	Intron	0.220712054
749	TRIM28	(NC)	Intron	0.156861751
750	TRIM28		No Mutation	0.466020737
751	TRIM28	V114A;V115A	Missense;Missense	-0.396970828
752	TRIM28	V115A	Missense	-0.135917854
753	TRIM28	C124R	Missense	0.206594227
754	TRIM28	C124R	Missense	-0.395959176
755	TRIM28		No Mutation	0.027716842
756	TRIM28	N132N	Silent	0.604604336
757	TRIM28	Y133C	Missense	0.453978788
758	TRIM28		No Mutation	0.311951825
759	TRIM28		No Mutation	-0.052429453
760	TRIM28	D148D	Silent	-0.222545441
761	TRIM28		No Mutation	-0.028146852
762	TRIM28		No Mutation	0.377894553
763	TRIM28	(NC)	Splice-donor	-0.116410149
764	TRIM28	(NC)	Splice-donor	0.403910011
765	TRIM28	(NC)	Intron	0.242276916
766	TRIM28	C152R	Missense	0.606214162
767	TRIM28	C152R	Missense	0.229373656
768	TRIM28	C153R	Missense	0.630419881
769	TRIM28		No Mutation	-0.455542281
770	TRIM28	P161P;T163A	Silent;Missense	0.682115311
771	TRIM28	C166R	Missense	0.301471996
772	TRIM28	C166R	Missense	0.36658517
773	TRIM28	C166R;V167A	Missense;Missense	-0.478916212
774	TRIM28	V167A	Missense	0.009530453
775	TRIM28	Y165C	Missense	0.702767553
776	TRIM28	C169R	Missense	-0.181136377
777	TRIM28		No Mutation	-0.120763099
778	TRIM28	C177R;V178A	Missense;Missense	0.278684726
779	TRIM28	V178V	Silent	-0.058238629
780	TRIM28	V178V	Silent	0.21401169
781	TRIM28		No Mutation	-0.891618183
782	TRIM28		No Mutation	-0.557548513
783	TRIM28		No Mutation	-0.089308118
784	TRIM28	V192A	Missense	-0.20641063
785	TRIM28	H190R;T191A	Missense;Missense	0.433508427
786	TRIM28	S194S;T195T	Silent;Silent	-0.962236874
787	TRIM28		No Mutation	0.08266806
788	TRIM28	T195A	Missense	0.43736567
789	TRIM28		No Mutation	-0.028818877
790	TRIM28	(NC)	Intron	0.241078984
791	TRIM28	(NC)	Intron	-0.037227208
792	TRIM28	(NC);(NC)	Intron;Intron	0.388029883
793	TRIM28	(NC)	Intron	-0.134650761
794	TRIM28	(NC);(NC)	Intron;Intron	-0.004125083
795	TRIM28	(NC);(NC)	Intron;Intron	-0.147278081
796	TRIM28	(NC)	Intron	-0.003897873
797	TRIM28		No Mutation	-0.117915232
798	TRIM28		No Mutation	0.327981607
799	TRIM28	(NC)	Splice-acceptor	-0.01898761
800	TRIM28	(NC)	Splice-acceptor	-0.365077537
801	TRIM28	S200P	Missense	-0.561859117
802	TRIM28	S200P	Missense	0.478938673
803	TRIM28	P197P	Silent	0.342528269
804	TRIM28	S200P	Missense	-0.117047974
805	TRIM28	D202D	Silent	0.030368214
806	TRIM28	G203G	Silent	0.042957013
807	TRIM28	C221R	Missense	-0.603302935
808	TRIM28	C221C	Silent	0.56973089
809	TRIM28	C221C	Silent	0.130883668
810	TRIM28	L234P	Missense	-0.079289868
811	TRIM28	N235N	Silent	0.160785731
812	TRIM28	Q233R	Missense	0.300378295
813	TRIM28		No Mutation	0.448723571
814	TRIM28	(NC)	Splice-donor	-0.590080929
815	TRIM28	(NC)	Splice-donor	-0.749785644
816	TRIM28	D239G;H240R	Missense;Missense	0.618501319
817	TRIM28		No Mutation	0.468460298
818	TRIM28	(NC)	Intron	-0.062802686
819	TRIM28	(NC)	Intron	-0.207200139
820	TRIM28	(NC)	Intron	-0.318144147
821	TRIM28	(NC);(NC)	Intron;Intron	0.450511531
822	TRIM28	(NC);(NC)	Intron;Intron	-0.161639115
823	TRIM28	L245L	Silent	-0.203120887
824	TRIM28	D247D	Silent	-0.093956977
825	TRIM28	N251G	Missense	0.191661536
826	TRIM28	K254G	Missense	0.284832428
827	TRIM28	S258P	Missense	-0.355674672
828	TRIM28		No Mutation	-0.2050204
829	TRIM28	S258S	Silent	0.104192241
830	TRIM28	S258S	Silent	-0.050517306
831	TRIM28	S258S	Silent	0.539619517
832	TRIM28	L263P	Missense	-0.211300504
833	TRIM28	H267H	Silent	-0.240132857
834	TRIM28	T269T	Silent	-0.226955049
835	TRIM28	Q271R;K272E	Missense;Missense	-0.164894938
836	TRIM28	S280P	Missense	-1.214586193
837	TRIM28		No Mutation	-0.071660179
838	TRIM28	S279G	Missense	0.187822908
839	TRIM28		No Mutation	0.771943968
840	TRIM28	(NC)	Intron	0.205210387
841	TRIM28	(NC);(NC)	Intron;Intron	-0.352519088
842	TRIM28		No Mutation	0.261183824
843	TRIM28		No Mutation	0.277879984
844	TRIM28	(NC)	Intron	0.435536389
845	TRIM28	I281T	Missense	-0.297862805
846	TRIM28		No Mutation	0.770303997
847	TRIM28	V284A	Missense	0.419013478
848	TRIM28	V284A;S285P	Missense;Missense	-0.023040753
849	TRIM28	V284A;S285P	Missense;Missense	-0.089806613
850	TRIM28	V287A	Missense	-0.197244724
851	TRIM28		No Mutation	0.50444028
852	TRIM28	V287V;Q288R;K289E	Silent;Missense;Missense	-0.282707055
853	TRIM28	Q292R	Missense	0.44453887
854	TRIM28	I299V	Missense	-0.343167987
855	TRIM28	M303T	Missense	-0.717488743
856	TRIM28		No Mutation	0.338761192
857	TRIM28	K304G	Missense	0.355420007
858	TRIM28	K304G	Missense	0.145366483
859	TRIM28	K304G;E305G	Missense;Missense	-0.149826398
860	TRIM28	K308G	Missense	-0.002691097
861	TRIM28		No Mutation	-0.158680924
862	TRIM28	N315N;D316D	Silent;Silent	-0.051819467
863	TRIM28	Q318R	Missense	-0.303696873
864	TRIM28	(NC)	Intron	-0.087629435
865	TRIM28		No Mutation	0.39553665
866	TRIM28		No Mutation	-0.079985456
867	TRIM28		No Mutation	0.318893138
868	TRIM28	(NC);(NC)	Intron;Intron	-0.08102317
869	TRIM28	(NC)	Intron	0.175947324
870	TRIM28	V320A	Missense	-0.347453639
871	TRIM28		No Mutation	0.130512566
872	TRIM28	(NC)	Splice-acceptor	-0.306697768
873	TRIM28	(NC)	Splice-acceptor	-0.679082391
874	TRIM28	T321A	Missense	0.425040731
875	TRIM28		No Mutation	-0.131431109
876	TRIM28	Q324R;Q325R	Missense;Missense	-0.345279716
877	TRIM28		No Mutation	-0.266667159
878	TRIM28	W333R	Missense	0.291377084
879	TRIM28		No Mutation	-0.024491314
880	TRIM28	K337G;I338V	Missense;Missense	0.724802164
881	TRIM28		No Mutation	-0.026042911
882	TRIM28		No Mutation	-0.40661971
883	TRIM28	F348L	Missense	0.018486861
884	TRIM28		No Mutation	-0.21525418
885	TRIM28		No Mutation	-0.287100727
886	TRIM28		No Mutation	0.030002072
887	TRIM28	S355S	Silent	-0.091774617
888	TRIM28		No Mutation	0.995301383
889	TRIM28	L367L	Silent	0.177196595
890	TRIM28	K365G;K366G	Missense;Missense	-0.131831896
891	TRIM28	K366G	Missense	0.682172051
892	TRIM28	K366R	Missense	-0.372218347
893	TRIM28	(NC)	Intron	-0.111038404
894	TRIM28	(NC)	Intron	0.046207166
895	TRIM28		No Mutation	0.25331864
896	TRIM28		No Mutation	0.37326174
897	TRIM28	I368T	Missense	-0.275764261
898	TRIM28	F370P	Missense	0.454827681
899	TRIM28	F370S	Missense	-0.373759566
900	TRIM28	Y369C	Missense	0.114236432
901	TRIM28	Y369C	Missense	-1.002621901
902	TRIM28	L372P	Missense	-0.423336373
903	TRIM28	L376P	Missense	0.19011558
904	TRIM28		No Mutation	0.404059888
905	TRIM28	I379T	Missense	0.076165759
906	TRIM28	V380A;D381D	Missense;Silent	0.479037351
907	TRIM28	M378V;I379V	Missense;Missense	0.329158809
908	TRIM28	D381D	Silent	0.072578525
909	TRIM28	D381G	Missense	0.3783335
910	TRIM28		No Mutation	-0.227885459
911	TRIM28		No Mutation	0.148367861
912	TRIM28	F391P	Missense	0.033433693
913	TRIM28	E388G	Missense	1.024064843
914	TRIM28	E388G;M389V	Missense;Missense	-0.293112413
915	TRIM28	Q392R	Missense	0.008955345
916	TRIM28		No Mutation	0.244593906
917	TRIM28	T399A	Missense	-0.075134794
918	TRIM28		No Mutation	-0.047741938
919	TRIM28	K400G;S401G	Missense;Missense	-0.594782135
920	TRIM28	S401G	Missense	-0.446428251
921	TRIM28		No Mutation	-0.054844233
922	TRIM28	F405P	Missense	0.712614863
923	TRIM28	(NC)	Intron	0.141783822
924	TRIM28	(NC)	Intron	0.469261097
925	TRIM28	I408V	Missense	-0.18149304
926	TRIM28		No Mutation	0.128880187
927	TRIM28		No Mutation	0.139511718
928	TRIM28	S417S;T418A	Silent;Missense	0.417896076
929	TRIM28	P425P	Silent	-0.230208094
930	TRIM28	P425P	Silent	-0.026202294
931	TRIM28		No Mutation	-0.401471389
932	TRIM28		No Mutation	0.066463209
933	TRIM28		No Mutation	-0.274592573
934	TRIM28		No Mutation	-0.348898753
935	TRIM28		No Mutation	-0.308969432
936	TRIM28		No Mutation	-0.472852275
937	TRIM28		No Mutation	-0.659974224
938	TRIM28	L432P	Missense	0.169789983
939	TRIM28	P429P	Silent	0.046080772
940	TRIM28		No Mutation	-0.20860945
941	TRIM28		No Mutation	-0.518084359
942	TRIM28		No Mutation	-0.387009712
943	TRIM28		No Mutation	-0.129639946
944	TRIM28	S433G	Missense	0.207389371
945	TRIM28	S437P	Missense	0.049447989
946	TRIM28	S437P	Missense	-0.388999003
947	TRIM28	S437P	Missense	0.175955424
948	TRIM28		No Mutation	-0.344952126
949	TRIM28	S439G	Missense	-0.077243938
950	TRIM28	Q441R	Missense	-0.09875532
951	TRIM28		No Mutation	-0.062249441
952	TRIM28	(NC);(NC)	Intron;Intron	0.275442848
953	TRIM28		No Mutation	-0.258279335
954	TRIM28		No Mutation	0.238439849
955	TRIM28	(NC);(NC)	Intron;Splice-acceptor	-0.42142697
956	TRIM28	M443V	Missense	-0.615200444
957	TRIM28	E444G	Missense	0.138910066
958	TRIM28		No Mutation	0.527239
959	TRIM28		No Mutation	-0.211745879
960	TRIM28	Q446R;E447G	Missense;Missense	-0.195921005
961	TRIM28	Q446R;E447G	Missense;Missense	-0.090212726
962	TRIM28	Y449C	Missense	-0.022263675
963	TRIM28		No Mutation	-0.171999292
964	TRIM28		No Mutation	-0.383350517
965	TRIM28	(NC)	Intron	0.172328696
966	TRIM28	(NC)	Intron	-0.330074413
967	TRIM28		No Mutation	0.031362292
968	TRIM28		No Mutation	0.14698617
969	TRIM28	(NC);(NC);(NC)	Intron;Intron;Intron	0.18053108
970	TRIM28	D455D;D456D	Silent;Silent	0.730292353
971	TRIM28		No Mutation	-0.230534003
972	TRIM28		No Mutation	0.014339667
973	TRIM28	A461A;E462G	Silent;Missense	-0.008242502
974	TRIM28	H464R	Missense	0.700443595
975	TRIM28	V468A	Missense	0.19728614
976	TRIM28	V468A	Missense	-0.001534664
977	TRIM28		No Mutation	-0.055324413
978	TRIM28		No Mutation	-0.004129288
979	TRIM28	(NC);(NC);(NC)	Intron;Intron;Intron	0.027208959
980	TRIM28	(NC);(NC)	Intron;Intron	-0.271691595
981	TRIM28	(NC)	Intron	0.164908639
982	TRIM28	(NC)	Intron	-0.051462048
983	TRIM28	(NC)	Intron	0.078939716
984	TRIM28	(NC)	Intron	0.105618419
985	TRIM28	(NC);(NC)	Intron;Intron	0.092622585
986	TRIM28	(NC)	Splice-acceptor	-0.759805288
987	TRIM28	(NC)	Splice-acceptor	-0.180712517
988	TRIM28		No Mutation	0.004070921
989	TRIM28		No Mutation	-0.045723342
990	TRIM28		No Mutation	0.039601909
991	TRIM28	E475G	Missense	-0.156023957
992	TRIM28	S479G	Missense	-0.188389343
993	TRIM28		No Mutation	0.016598493
994	TRIM28	R487R;S489G	Silent;Missense	0.22279847
995	TRIM28		No Mutation	-0.387447638
996	TRIM28		No Mutation	-0.130719198
997	TRIM28	L495P	Missense	-0.674157095
998	TRIM28		No Mutation	0.009627726
999	TRIM28	A499A	Silent	-0.194578174
1000	TRIM28		No Mutation	-0.047442012
1001	TRIM28	Q502R	Missense	0.324402398
1002	TRIM28		No Mutation	-0.264223163
1003	TRIM28		No Mutation	-0.125773718
1004	TRIM28	V508A;F509P	Missense;Missense	-0.467888116
1005	TRIM28	F509P	Missense	0.077313319
1006	TRIM28	F509S	Missense	-0.51417556
1007	TRIM28	P510P	Silent	0.412924628
1008	TRIM28	T514T	Silent	0.01473258
1009	TRIM28		No Mutation	-0.20080533
1010	TRIM28	L519P	Missense	-0.630624638
1011	TRIM28	I520V	Missense	0.244760823
1012	TRIM28	R524R	Silent	0.606574876
1013	TRIM28		No Mutation	-0.140299568
1014	TRIM28	A529A	Silent	0.161303079
1015	TRIM28	A529A	Silent	0.387411215
1016	TRIM28		No Mutation	-0.331605607
1017	TRIM28	T536T	Silent	0.307295374
1018	TRIM28	P534P	Silent	-0.135622683
1019	TRIM28	P538P	Silent	-0.697949745
1020	TRIM28		No Mutation	0.107501129
1021	TRIM28		No Mutation	-0.454988371
1022	TRIM28	G543G	Silent	-0.254719
1023	TRIM28		No Mutation	-0.527035184
1024	TRIM28		No Mutation	-0.212463397
1025	TRIM28	L547P	Missense	-0.580779456
1026	TRIM28	L547P	Missense	0.107944209
1027	TRIM28	L547P	Missense	-0.137289964
1028	TRIM28	P545P	Silent	-0.01303992
1029	TRIM28	M550T	Missense	-0.05135317
1030	TRIM28	M550T	Missense	-0.429697841
1031	TRIM28	M550T	Missense	0.169104791
1032	TRIM28	I552T	Missense	-0.238530186
1033	TRIM28	I552T	Missense	0.020708643
1034	TRIM28	M550V	Missense	0.055766237
1035	TRIM28	I552T	Missense	0.021559072
1036	TRIM28	(NC)	Intron	0.149233797
1037	TRIM28	K554G	Missense	0.444588929
1038	TRIM28	(NC)	Intron	-0.115082688
1039	TRIM28	(NC);(NC)	Intron;Intron	-0.335635867
1040	TRIM28	(NC);(NC)	Intron;Intron	0.735129593
1041	TRIM28	(NC)	Intron	-0.190508737
1042	TRIM28	(NC);(NC)	Intron;Intron	0.232062454
1043	TRIM28		No Mutation	-0.174404961
1044	TRIM28		No Mutation	0.020121256
1045	TRIM28	P566P;T567T	Silent;Silent	-0.064818096
1046	TRIM28		No Mutation	-0.415588472
1047	TRIM28		No Mutation	-0.513961701
1048	TRIM28	T569T	Silent	0.288061129
1049	TRIM28	T569T	Silent	-0.10984493
1050	TRIM28		No Mutation	-0.211065492
1051	TRIM28		No Mutation	0.309089472
1052	TRIM28		No Mutation	0.165489182
1053	TRIM28	T574A;K575E	Missense;Missense	-0.089705634
1054	TRIM28	P576P;V577A	Silent;Missense	0.013827279
1055	TRIM28	V577A;L578P	Missense;Missense	0.019602924
1056	TRIM28	M579T;A580A	Missense;Silent	-0.730144952
1057	TRIM28		No Mutation	-0.308443852
1058	TRIM28	M579V	Missense	-0.416735853
1059	TRIM28	M579V	Missense	0.422356954
1060	TRIM28	L581P	Missense	1.616167607
1061	TRIM28		No Mutation	-0.104677978
1062	TRIM28	E583G	Missense	-0.238372968
1063	TRIM28	E583G	Missense	-0.113563687
1064	TRIM28		No Mutation	-0.016124623
1065	TRIM28		No Mutation	-0.028772454
1066	TRIM28		No Mutation	-0.587731915
1067	TRIM28	P595P	Silent	0.408787233
1068	TRIM28	P595P;S596S	Silent;Silent	-0.023974405
1069	TRIM28	P595P;S596S	Silent;Silent	0.035207294
1070	TRIM28	S596S	Silent	0.188901124
1071	TRIM28		No Mutation	-0.114402123
1072	TRIM28	S596G	Missense	-0.001728857
1073	TRIM28		No Mutation	0.551700019
1074	TRIM28	S601P	Missense	0.157716081
1075	TRIM28	S598G;T599A	Missense;Missense	-0.236034765
1076	TRIM28	T599A;S600G	Missense;Missense	-0.043345418
1077	TRIM28	S600G	Missense	-0.348725325
1078	TRIM28	S601S	Silent	-0.4139246
1079	TRIM28	V605A	Missense	0.030836525
1080	TRIM28	E604G	Missense	-0.516848723
1081	TRIM28	E604G	Missense	0.177783769
1082	TRIM28	E609G	Missense	-0.334119766
1083	TRIM28	T611A	Missense	0.059215742
1084	TRIM28		No Mutation	0.084866015
1085	TRIM28	T611A	Missense	0.020071454
1086	TRIM28	S612S	Silent	-0.246006719
1087	TRIM28		No Mutation	-0.254007869
1088	TRIM28	G616G	Silent	-0.140297654
1089	TRIM28		No Mutation	-0.455767329
1090	TRIM28		No Mutation	0.395992364
1091	TRIM28		No Mutation	-0.187292974
1092	TRIM28		No Mutation	-0.457956611
1093	TRIM28	D622D	Silent	-0.431414011
1094	TRIM28		No Mutation	-0.043914403
1095	TRIM28		No Mutation	-0.120967553
1096	TRIM28		No Mutation	-0.131938024
1097	TRIM28	V630A;C631R	Missense;Missense	0.403781564
1098	TRIM28		No Mutation	0.056958265
1099	TRIM28		No Mutation	-0.194084072
1100	TRIM28		No Mutation	-0.119854502
1101	TRIM28	Q632R;K633E	Missense;Missense	-0.096396484
1102	TRIM28	D636D;L637P	Silent;Missense	0.157218091
1103	TRIM28	M639T;C640R	Missense;Missense	0.202821431
1104	TRIM28	C646C;F647P	Silent;Missense	0.92852446
1105	TRIM28		No Mutation	-0.605449765
1106	TRIM28	L653P	Missense	-0.16373174
1107	TRIM28		No Mutation	-0.131219784
1108	TRIM28	H652R	Missense	-0.317429321
1109	TRIM28	D658D	Silent	-0.046016185
1110	TRIM28		No Mutation	-1.026497399
1111	TRIM28		No Mutation	-0.378977389
1112	TRIM28	V659A	Missense	0.437070509
1113	TRIM28		No Mutation	-0.809107474
1114	TRIM28	(NC)	Splice-donor	-0.675474126
1115	TRIM28	V659V	Silent	0.122181022
1116	TRIM28	P660P	Silent	-0.572714127
1117	TRIM28	(NC)	Intron	-0.020347384
1118	TRIM28	(NC)	Intron	-0.456339932
1119	TRIM28	(NC)	Intron	0.205559568
1120	TRIM28	(NC)	Intron	-0.16975734
1121	TRIM28	(NC)	Intron	-0.185727977
1122	TRIM28	(NC)	Intron	0.904419316
1123	TRIM28	(NC)	Intron	0.618834182
1124	TRIM28	(NC)	Intron	-0.261960804
1125	TRIM28	C666R	Missense	-0.331868784
1126	TRIM28	C666R	Missense	-0.033005227
1127	TRIM28		No Mutation	0.184272981
1128	TRIM28		No Mutation	-0.152192909
1129	TRIM28	L675P	Missense	-0.340271039
1130	TRIM28		No Mutation	-0.82739523
1131	TRIM28	D674G	Missense	-1.040833567
1132	TRIM28		No Mutation	-0.694236031
1133	TRIM28		No Mutation	-0.733390794
1134	TRIM28	D679D	Silent	-0.158067485
1135	TRIM28	D679G	Missense	-0.190836122
1136	TRIM28	S681G	Missense	-0.023859463
1137	TRIM28	G686G	Silent	0.470499339
1138	TRIM28	D685G	Missense	-0.312350677
1139	TRIM28		No Mutation	-0.635644288
1140	TRIM28	A687A	Silent	0.380459783
1141	TRIM28	A687A;D688G;S689G	Silent;Missense;Missense	-0.151934052
1142	TRIM28	S697S	Silent	0.640886018
1143	TRIM28		No Mutation	-0.106216505
1144	TRIM28	S697S	Silent	-0.227387088
1145	TRIM28	P698P	Silent	-0.585366567
1146	TRIM28	P698P;N700D	Silent;Missense	0.183063578
1147	TRIM28	N700G;Q701R	Missense;Missense	-0.127274015
1148	TRIM28	(NC)	Splice-donor	-0.204406956
1149	TRIM28	N700S;Q701R	Missense;Missense	-0.152688011
1150	TRIM28	Q701R	Missense	-0.201604513
1151	TRIM28	(NC)	Intron	-0.171217716
1152	TRIM28	(NC)	Intron	-0.03008547
1153	TRIM28	(NC)	Intron	-0.540450986
1154	TRIM28		No Mutation	-0.687209278
1155	TRIM28		No Mutation	-0.149994175
1156	TRIM28	(NC)	Intron	-0.103452636
1157	TRIM28		No Mutation	0.11466553
1158	TRIM28	K703K	Silent	0.065718378
1159	TRIM28		No Mutation	0.296156393
1160	TRIM28	C717R	Missense	0.440870245
1161	TRIM28		No Mutation	-0.403239283
1162	TRIM28	H721H	Silent	-0.204463131
1163	TRIM28	H721H	Silent	-0.155029058
1164	TRIM28	L723P	Missense	0.12953753
1165	TRIM28	A724A	Silent	-0.141717255
1166	TRIM28	A724A	Silent	0.322855599
1167	TRIM28	A724A	Silent	0.041930496
1168	TRIM28	A724A	Silent	-0.194986287
1169	TRIM28	D726G	Missense	0.096117485
1170	TRIM28	L731P	Missense	-0.392943462
1171	TRIM28		No Mutation	-0.681286807
1172	TRIM28	(NC);(NC)	Splice-donor;Intron	-0.316659708
1173	TRIM28	(NC);(NC)	Intron;Intron	1.386764444
1174	TRIM28		No Mutation	-0.416215463
1175	TRIM28		No Mutation	-0.801034227
1176	TRIM28	(NC)	Intron	-0.190804138
1177	TRIM28	(NC)	Intron	-0.115704615
1178	TRIM28	(NC)	Intron	-0.189278765
1179	TRIM28	(NC)	Intron	-0.578120945
1180	TRIM28		No Mutation	-0.289422022
1181	TRIM28		No Mutation	-0.026159232
1182	TRIM28		No Mutation	0.158797669
1183	TRIM28	(NC)	Splice-acceptor	0.239528562
1184	TRIM28	G735G	Silent	-0.726012987
1185	TRIM28	Q733R	Missense	0.248068425
1186	TRIM28	L738P	Missense	-0.303240168
1187	TRIM28	D739D;L740P	Silent;Missense	-0.099698243
1188	TRIM28	D739D;L740P	Silent;Missense	-1.05657583
1189	TRIM28	L742P;I743T	Missense;Missense	0.045877096
1190	TRIM28	I743T	Missense	-0.666889228
1191	TRIM28	I743V	Missense	-0.197441457
1192	TRIM28	L747P	Missense	-0.145558776
1193	TRIM28	L747P	Missense	-0.256955745
1194	TRIM28		No Mutation	-0.085679406
1195	TRIM28	L751P	Missense	0.42127427
1196	TRIM28	L751P;S752P	Missense;Missense	0.588893767
1197	TRIM28	S752P	Missense	0.10266868
1198	TRIM28	P753P	Silent	-0.352903543
1199	TRIM28		No Mutation	-0.002502959
1200	TRIM28		No Mutation	0.03162584
1201	TRIM28		No Mutation	0.582609062
1202	TRIM28		No Mutation	-0.086041943
1203	TRIM28	P758P	Silent	-0.690867753
1204	TRIM28		No Mutation	0.027979755
1205	TRIM28	E760G	Missense	-0.172197291
1206	TRIM28		No Mutation	0.572969657
1207	TRIM28	E760G	Missense	0.135806026
1208	TRIM28		No Mutation	-0.244060107
1209	TRIM28	M768T	Missense	0.209277176
1210	TRIM28	M768T;F769L	Missense;Missense	0.193667287
1211	TRIM28	F772P	Missense	-0.370730233
1212	TRIM28	Q771Q;N773D	Silent;Missense	0.478531557
1213	TRIM28	L775L;T776A	Silent;Missense	0.173071291
1214	TRIM28	E777G	Missense	0.022010179
1215	TRIM28	(NC)	Intron	0.239196706
1216	TRIM28	(NC)	Intron	0.316583756
1217	TRIM28	(NC);(NC)	Intron;Intron	-0.629267096
1218	TRIM28		No Mutation	-0.006356826
1219	TRIM28		No Mutation	-0.416978229
1220	TRIM28	V782A	Missense	-0.172167183
1221	TRIM28	V782A	Missense	0.09241997
1222	TRIM28	D781G	Missense	0.342123556
1223	TRIM28		No Mutation	0.440744982
1224	TRIM28	M796V	Missense	0.046545611
1225	TRIM28	F805P	Missense	0.126670306
1226	TRIM28	K804G	Missense	0.394165849
1227	TRIM28		No Mutation	-0.220520578
1228	TRIM28	V808A;L809P	Missense;Missense	-0.06548446
1229	TRIM28		No Mutation	-0.44196376
1230	TRIM28	L817P	Missense	-0.160596049
1231	TRIM28	L817P;P818P	Missense;Silent	-0.080634917
1232	TRIM28	P818P	Silent	-0.198149059
1233	TRIM28	M815V;S816G	Missense;Missense	0.019283894
1234	TRIM28	P818P	Silent	-0.151260136
1235	TRIM28	G819G	Silent	-0.041750188
1236	TRIM28	L822P	Missense	0.437742163
1237	TRIM28		No Mutation	-0.326733749
1238	TRIM28	S823S;S824P	Silent;Missense	-0.273619182
1239	TRIM28	S823G	Missense	0.344744773
1240	TRIM28	L827P;S828P	Missense;Missense	0.403390746
1241	TRIM28	Q825R	Missense	-0.292702636
1242	TRIM28	E826G	Missense	-0.121477935
1243	TRIM28	G829G	Silent	-0.225676345
1244	TRIM28	G829G	Silent	-0.144606732
1245	TRIM28		No Mutation	-0.17215383
1246	TRIM28		No Mutation	0.229744568
1247	TRIM28	D833G	Missense	-0.548281415
1248	TRIM28	*836R	Missense	-0.510830357
1249	TRIM28	*836R	Missense	-0.207569435
1250	TRIM28	*836W	Missense	-0.300503072
1251	TRIM28		No Mutation	0.073701423
1252	TRIM28		No Mutation	0.091946541
1253	TRIM28	(NC)	UTR	-0.216757715
1254	MPHOSPH8		No Mutation	-0.580687102
1255	MPHOSPH8	(NC)	UTR	0.489174247
1256	MPHOSPH8		No Mutation	0.314600168
1257	MPHOSPH8	(NC)	UTR	0.056566217
1258	MPHOSPH8	(NC);M1V	UTR;Missense	-1.033820089
1259	MPHOSPH8	M1V	Missense	-1.560392156
1260	MPHOSPH8	M1V;E2G	Missense;Missense	-2.064910304
1261	MPHOSPH8	Q3R	Missense	-0.801823224
1262	MPHOSPH8		No Mutation	0.768277879
1263	MPHOSPH8	A17A	Silent	-0.03251705
1264	MPHOSPH8		No Mutation	-0.504193986
1265	MPHOSPH8		No Mutation	-0.055325032
1266	MPHOSPH8	S16S	Silent	0.329461266
1267	MPHOSPH8	D19G;S20G	Missense;Missense	-0.116669964
1268	MPHOSPH8	L24P	Missense	0.286407634
1269	MPHOSPH8		No Mutation	-0.14895833
1270	MPHOSPH8	E26G	Missense	-0.056587238
1271	MPHOSPH8	V31A	Missense	0.007658851
1272	MPHOSPH8	E28E;E29G	Silent;Missense	0.365787339
1273	MPHOSPH8	E29G	Missense	0.068262726
1274	MPHOSPH8	N38G;D39G	Missense;Missense	0.265557707
1275	MPHOSPH8	A40A	Silent	0.143696585
1276	MPHOSPH8	A40A	Silent	-0.233601615
1277	MPHOSPH8	R43G	Missense	-0.524240373
1278	MPHOSPH8		No Mutation	0.245424156
1279	MPHOSPH8		No Mutation	0.240616378
1280	MPHOSPH8		No Mutation	0.497815763
1281	MPHOSPH8	D50G	Missense	-0.006142547
1282	MPHOSPH8		No Mutation	-0.157973668
1283	MPHOSPH8	S51G	Missense	0.178321558
1284	MPHOSPH8	G55G	Silent	-0.200531476
1285	MPHOSPH8	G55G;E56G	Silent;Missense	0.191542118
1286	MPHOSPH8	E60G	Missense	0.597050074
1287	MPHOSPH8		No Mutation	-0.136240147
1288	MPHOSPH8	D66G	Missense	-1.093937137
1289	MPHOSPH8	D66G	Missense	0.029363089
1290	MPHOSPH8	D66G;M67V	Missense;Missense	-0.321752808
1291	MPHOSPH8		No Mutation	-0.427399948
1292	MPHOSPH8	K68G;T69A	Missense;Missense	-0.039041643
1293	MPHOSPH8	T69A;E70G	Missense;Missense	-0.553063713
1294	MPHOSPH8	E70G	Missense	-0.54905032
1295	MPHOSPH8	E70G	Missense	0.312053973
1296	MPHOSPH8		No Mutation	-0.273687996
1297	MPHOSPH8	(NC)	Intron	-0.530619374
1298	MPHOSPH8	(NC)	Intron	-0.105485092
1299	MPHOSPH8	(NC)	Intron	0.32813093
1300	MPHOSPH8	(NC)	Intron	-0.572447358
1301	MPHOSPH8	(NC);(NC)	Intron;Intron	-0.240955864
1302	MPHOSPH8		No Mutation	-0.726991672
1303	MPHOSPH8		No Mutation	-0.284091175
1304	MPHOSPH8	Y76C;K77G	Missense;Missense	-0.061374958
1305	MPHOSPH8	K81E	Missense	-0.164637111
1306	MPHOSPH8	T84T	Silent	-0.258515369
1307	MPHOSPH8	T84T	Silent	-0.03854633
1308	MPHOSPH8	E91G	Missense	-1.332165079
1309	MPHOSPH8	I94T	Missense	0.030709043
1310	MPHOSPH8		No Mutation	-0.594536627
1311	MPHOSPH8		No Mutation	-0.070490005
1312	MPHOSPH8		No Mutation	-0.995843026
1313	MPHOSPH8		No Mutation	-0.119860394
1314	MPHOSPH8	E101G	Missense	0.08752042
1315	MPHOSPH8	N113S;K114G	Missense;Missense	0.347334545
1316	MPHOSPH8	K114K;K116E	Silent;Missense	1.150675321
1317	MPHOSPH8	D121D	Silent	0.0239357
1318	MPHOSPH8	A117A;R119G	Silent;Missense	0.155308081
1319	MPHOSPH8	L127L;N128G;N129D	Silent;Missense;Missense	0.152548985
1320	MPHOSPH8	I131T;F132P	Missense;Missense	0.34290703
1321	MPHOSPH8	K152R;K153G	Missense;Missense	0.777521193
1322	MPHOSPH8	K169G;K170E	Missense;Missense	-0.271453615
1323	MPHOSPH8	K170G;K171G	Missense;Missense	0.394526248
1324	MPHOSPH8	K170R;K171G	Missense;Missense	0.39606104
1325	MPHOSPH8	K181G	Missense	-0.033285049
1326	MPHOSPH8		No Mutation	-0.188257437
1327	MPHOSPH8	P184P;D185G	Silent;Missense	0.126743929
1328	MPHOSPH8	S189P;L190P	Missense;Missense	0.406139843
1329	MPHOSPH8		No Mutation	0.103891422
1330	MPHOSPH8	V194A;F195P	Missense;Missense	0.177631943
1331	MPHOSPH8	E205E;K207E	Silent;Missense	0.225592069
1332	MPHOSPH8		No Mutation	-0.196597028
1333	MPHOSPH8	E226E;L227L;K228E	Silent;Silent;Missense	0.431191939
1334	MPHOSPH8	L227L;K228G	Silent;Missense	0.371094422
1335	MPHOSPH8	E255E;K256G	Silent;Missense	0.412299394
1336	MPHOSPH8	K256K	Silent	0.194540734
1337	MPHOSPH8	S266P	Missense	0.348196775
1338	MPHOSPH8	S266P	Missense	0.202110628
1339	MPHOSPH8	D271G	Missense	-0.255677713
1340	MPHOSPH8	P275P;E276G	Silent;Missense	-0.21395556
1341	MPHOSPH8		No Mutation	0.21256316
1342	MPHOSPH8	P275P;E276G	Silent;Missense	0.132715174
1343	MPHOSPH8	S279S	Silent	-0.301609695
1344	MPHOSPH8		No Mutation	-0.130423572
1345	MPHOSPH8		No Mutation	-0.414141507
1346	MPHOSPH8	S295G	Missense	-0.079291252
1347	MPHOSPH8	A296A	Silent	-0.061892144
1348	MPHOSPH8	A296A;R297G	Silent;Missense	0.128469828
1349	MPHOSPH8	R299G	Missense	-0.828149126
1350	MPHOSPH8	R299G	Missense	0.706462996
1351	MPHOSPH8	R299R;A300A	Silent;Silent	-0.087083222
1352	MPHOSPH8	A300A	Silent	-0.364542449
1353	MPHOSPH8	D303G;M304V	Missense;Missense	-0.337584778
1354	MPHOSPH8	M318T	Missense	0.229170507
1355	MPHOSPH8	M318T;S319S	Missense;Silent	0.14183773
1356	MPHOSPH8	S316G	Missense	-0.326842
1357	MPHOSPH8	S319S	Silent	-0.12538241
1358	MPHOSPH8	M318V	Missense	0.079392363
1359	MPHOSPH8	D323D	Silent	0.007062963
1360	MPHOSPH8	E322G;D323G	Missense;Missense	0.49298657
1361	MPHOSPH8	D323G;T324A	Missense;Missense	-0.201915529
1362	MPHOSPH8	D325G	Missense	0.188845945
1363	MPHOSPH8		No Mutation	0.360614032
1364	MPHOSPH8	K331K;K332G;K333E	Silent;Missense;Missense	0.681534272
1365	MPHOSPH8	T334A	Missense	0.393834594
1366	MPHOSPH8		No Mutation	0.019326168
1367	MPHOSPH8		No Mutation	-0.089978385
1368	MPHOSPH8		No Mutation	-0.349065181
1369	MPHOSPH8	E339G;D340G	Missense;Missense	-0.276811614
1370	MPHOSPH8		No Mutation	0.296786901
1371	MPHOSPH8	V381V	Silent	-0.149901758
1372	MPHOSPH8		No Mutation	0.047154335
1373	MPHOSPH8		No Mutation	0.115821586
1374	MPHOSPH8	Q384R	Missense	-0.310828078
1375	MPHOSPH8	Q384R;T385A	Missense;Missense	-0.147280796
1376	MPHOSPH8		No Mutation	-0.414328485
1377	MPHOSPH8		No Mutation	-0.397592218
1378	MPHOSPH8	K387G	Missense	-0.376342973
1379	MPHOSPH8	K387R	Missense	0.166686009
1380	MPHOSPH8		No Mutation	-0.248227774
1381	MPHOSPH8	L391P	Missense	0.04242597
1382	MPHOSPH8	S392G	Missense	-0.424667258
1383	MPHOSPH8	E394G	Missense	-0.090790946
1384	MPHOSPH8	R396G	Missense	0.09166586
1385	MPHOSPH8	T401A	Missense	0.07545574
1386	MPHOSPH8	S403P	Missense	0.25046808
1387	MPHOSPH8	T401A	Missense	-0.184218045
1388	MPHOSPH8	D402G;S403S	Missense;Silent	0.648735907
1389	MPHOSPH8		No Mutation	-0.892745448
1390	MPHOSPH8	S403S	Silent	-0.023517234
1391	MPHOSPH8	E405G	Missense	-0.685965903
1392	MPHOSPH8	E405G;E406G	Missense;Missense	-0.26661117
1393	MPHOSPH8	E406G	Missense	-1.500799516
1394	MPHOSPH8		No Mutation	0.330383502
1395	MPHOSPH8		No Mutation	0.322913502
1396	MPHOSPH8	K416R;E417G	Missense;Missense	-0.709821287
1397	MPHOSPH8	K421K;R422G	Silent;Missense	0.420783547
1398	MPHOSPH8	D426G	Missense	0.911672965
1399	MPHOSPH8	R432G	Missense	0.282147347
1400	MPHOSPH8	(NC)	Splice-donor	-0.355475323
1401	MPHOSPH8	(NC);(NC);(NC);(NC)	Intron;Intron;Intron;Intron	0.534763462
1402	MPHOSPH8	D460G	Missense	-0.272042129
1403	MPHOSPH8	E463G	Missense	-0.152922992
1404	MPHOSPH8	E463G;N464D	Missense;Missense	0.56616178
1405	MPHOSPH8	K467K;R468G	Silent;Missense	0.53546262
1406	MPHOSPH8	I478M;D479G	Missense;Missense	0.954074855
1407	MPHOSPH8	K487R;Q488R	Missense;Missense	0.660840307
1408	MPHOSPH8	A504A;Y505C	Silent;Missense	0.287887664
1409	MPHOSPH8		No Mutation	0.052052857
1410	MPHOSPH8	A508A	Silent	-0.476276331
1411	MPHOSPH8	Q520R	Missense	0.423695841
1412	MPHOSPH8	N524N;S525P	Silent;Missense	-0.508331892
1413	MPHOSPH8	E523G;N524G	Missense;Missense	0.501567327
1414	MPHOSPH8	(NC)	Intron	0.112205343
1415	MPHOSPH8		No Mutation	-0.196726152
1416	MPHOSPH8	I531T	Missense	-0.466696848
1417	MPHOSPH8	Q529R	Missense	-0.017844295
1418	MPHOSPH8	Q529R;Q530R	Missense;Missense	0.012727673
1419	MPHOSPH8	I531V	Missense	0.386883944
1420	MPHOSPH8	M536V	Missense	0.273123763
1421	MPHOSPH8	D537G	Missense	0.120379258
1422	MPHOSPH8		No Mutation	-0.038584442
1423	MPHOSPH8	M543T	Missense	-0.361043909
1424	MPHOSPH8	Q549R	Missense	0.335190802
1425	MPHOSPH8	Q549R	Missense	0.773138056
1426	MPHOSPH8	D553D	Silent	-0.077437026
1427	MPHOSPH8	D556D	Silent	0.424261323
1428	MPHOSPH8	P566P;S567G	Silent;Missense	0.775343063
1429	MPHOSPH8	(NC);(NC);(NC);(NC)	Intron;Intron;Intron;Intron	0.430536399
1430	MPHOSPH8	R571G;D572G	Missense;Missense	0.479887934
1431	MPHOSPH8	D572G	Missense	0.51122882
1432	MPHOSPH8	D572G	Missense	0.088052167
1433	MPHOSPH8	S588S;N589G	Silent;Missense	0.998919226
1434	MPHOSPH8	E591E;Y592C;N593D	Silent;Missense;Missense	-0.456967707
1435	MPHOSPH8	(NC);(NC)	Intron;Intron	0.284263653
1436	MPHOSPH8	(NC);(NC);(NC)	Intron;Intron;Intron	-0.031332407
1437	MPHOSPH8	(NC);(NC)	Intron;Intron	0.339722012
1438	MPHOSPH8	(NC);(NC)	Intron;Intron	0.283117256
1439	MPHOSPH8	S600S	Silent	-0.32865353
1440	MPHOSPH8	S600G	Missense	0.348622862
1441	MPHOSPH8	L604P;V605A	Missense;Missense	-0.227056861
1442	MPHOSPH8	M606V	Missense	-0.254503577
1443	MPHOSPH8	M606V	Missense	-0.617989144
1444	MPHOSPH8		No Mutation	-0.510933467
1445	MPHOSPH8		No Mutation	-0.269643653
1446	MPHOSPH8		No Mutation	0.157951503
1447	MPHOSPH8		No Mutation	0.616726507
1448	MPHOSPH8	L616P	Missense	-0.563961786
1449	MPHOSPH8	I621T	Missense	0.088130205
1450	MPHOSPH8	R618R	Silent	-0.602050085
1451	MPHOSPH8	K623G	Missense	0.311525619
1452	MPHOSPH8		No Mutation	-0.465922996
1453	MPHOSPH8	N628G	Missense	-0.438865372
1454	MPHOSPH8	N628S	Missense	-0.142705626
1455	MPHOSPH8	H640H;A641A	Silent;Silent	0.075578727
1456	MPHOSPH8	A641A	Silent	-0.186375494
1457	MPHOSPH8	I639V	Missense	0.064248418
1458	MPHOSPH8		No Mutation	-0.018242344
1459	MPHOSPH8		No Mutation	0.169337904
1460	MPHOSPH8		No Mutation	-0.779690652
1461	MPHOSPH8	(NC)	Intron	1.193490287
1462	MPHOSPH8	T648T;T649A	Silent;Missense	0.32722695
1463	MPHOSPH8	N661G	Missense	0.417483425
1464	MPHOSPH8	G667G	Silent	0.566829944
1465	MPHOSPH8	E668G;T669A	Missense;Missense	-1.480734123
1466	MPHOSPH8	K673R;(NC)	Missense;Intron	-1.267549833
1467	MPHOSPH8	(NC)	Intron	-0.421962111
1468	MPHOSPH8	(NC);(NC)	Intron;Splice-acceptor	-0.459647474
1469	MPHOSPH8	R684R	Silent	-0.284911112
1470	MPHOSPH8	F706L	Missense	-0.493160678
1471	MPHOSPH8		No Mutation	0.60930541
1472	MPHOSPH8	S710P	Missense	-0.609243276
1473	MPHOSPH8	V729V;A730A	Silent;Silent	1.073368571
1474	MPHOSPH8		No Mutation	0.057859757
1475	MPHOSPH8	C753R	Missense	-1.805005217
1476	MPHOSPH8	L756P	Missense	-0.110704132
1477	MPHOSPH8	A752A	Silent	-0.183813027
1478	MPHOSPH8	H754R	Missense	-0.4968355
1479	MPHOSPH8	D765D;F766P	Silent;Missense	-0.183108763
1480	MPHOSPH8	P771P;Q772R	Silent;Missense	0.283376758
1481	MPHOSPH8		No Mutation	0.441921675
1482	MPHOSPH8		No Mutation	-0.004397356
1483	MPHOSPH8		No Mutation	-0.026143166
1484	MPHOSPH8		No Mutation	0.022421988
1485	MPHOSPH8	(NC)	Intron	-0.100330242
1486	MPHOSPH8	S778S	Silent	0.304831597
1487	MPHOSPH8	I780T	Missense	-0.24993165
1488	MPHOSPH8	H786H	Silent	-0.048585384
1489	MPHOSPH8	G791G	Silent	-0.114196961
1490	MPHOSPH8	K792G	Missense	0.484858914
1491	MPHOSPH8	I795V	Missense	0.211365327
1492	MPHOSPH8	A806A;V807A	Silent;Missense	0.525206323
1493	MPHOSPH8	(NC)	Intron	-0.310992265
1494	MPHOSPH8	H822H;F823P	Silent;Missense	-0.64372186
1495	MPHOSPH8	S826S	Silent	0.264032848
1496	MPHOSPH8	N834N	Silent	0.295794716
1497	MPHOSPH8	N834N	Silent	0.21186365
1498	MPHOSPH8	N834G	Missense	-0.630819052
1499	MPHOSPH8	I838T	Missense	-0.21069742
1500	MPHOSPH8	I838T	Missense	-0.564998091
1501	MPHOSPH8	T841T;E842G	Silent;Missense	-0.568601453
1502	MPHOSPH8	(NC)	Intron	-0.312663403
1503	MPHOSPH8	(NC)	Intron	-0.194132344
1504	MPHOSPH8	(NC);(NC);(NC);(NC)	Intron;Intron;Intron;Intron	-0.14772942
1505	MPHOSPH8	(NC);(NC)	Intron;Intron	0.373488102
1506	MPHOSPH8	(NC)	Splice-acceptor	-1.246205776
1507	MPHOSPH8	Q860R	Missense	0.159638011
1508	MPHOSPH8	Q860R	Missense	-0.414210469
1509	MPHOSPH8	*861W;(NC)	Missense;UTR	0.368068329
1510	MPHOSPH8	*861W;(NC);(NC)	Missense;UTR;UTR	0.212654991
1511	MPHOSPH8	(NC);(NC);(NC);(NC)	UTR;UTR;UTR;UTR	-0.890669627
1512	MPHOSPH8	(NC)	UTR	-0.070034154
1513	TASOR	*1610Q	Missense	0.077589721
1514	TASOR		No Mutation	0.032827472
1515	TASOR	K1598G	Missense	0.120379135
1516	TASOR	W1596R	Missense	-0.165633773
1517	TASOR	P1591P	Silent	-0.058547902
1518	TASOR	P1591P	Silent	-0.38748145
1519	TASOR	P1591P	Silent	-0.105835337
1520	TASOR		No Mutation	0.133917403
1521	TASOR	S1570P	Missense	0.019696611
1522	TASOR	S1570P	Missense	-0.037532229
1523	TASOR	S1567P	Missense	0.54440528
1524	TASOR	H1549H;F1550P	Silent;Missense	-0.230568133
1525	TASOR	H1549H;F1550P	Silent;Missense	0.543658312
1526	TASOR	S1530S	Silent	0.225662952
1527	TASOR	D1514G;I1515V	Missense;Missense	0.013394698
1528	TASOR		No Mutation	0.298562606
1529	TASOR		No Mutation	-0.0286168
1530	TASOR	E1471G;T1472A	Missense;Missense	-0.123846688
1531	TASOR	E1469G	Missense	0.619696369
1532	TASOR	M1446V	Missense	-0.622976859
1533	TASOR	D1445G;M1446V	Missense;Missense	-0.101766981
1534	TASOR	D1445G;M1446V	Missense;Missense	-0.121056949
1535	TASOR	E1443G	Missense	-0.061872376
1536	TASOR	D1439G	Missense	-0.206575448
1537	TASOR	N1428G	Missense	0.286880155
1538	TASOR	N1426N	Silent	-0.210263447
1539	TASOR	G1424G;A1425A	Silent;Silent	-0.20069696
1540	TASOR	E1418G;N1419G	Missense;Missense	-0.413566568
1541	TASOR	N1404G	Missense	-0.332652776
1542	TASOR	Q1403Q;N1404G	Silent;Missense	-0.444765929
1543	TASOR	T1389A	Missense	-0.203100739
1544	TASOR	N1391N	Silent	-0.44144973
1545	TASOR	S1387G	Missense	-0.536881647
1546	TASOR	A1366A	Silent	0.15570051
1547	TASOR		No Mutation	-0.014488826
1548	TASOR	L1361P;I1362T	Missense;Missense	-0.397252677
1549	TASOR	R1353R;N1354D	Silent;Missense	-0.535882393
1550	TASOR		No Mutation	0.291479022
1551	TASOR	Y1334C	Missense	0.685680931
1552	TASOR	K1313R;L1314L	Missense;Silent	0.084718187
1553	TASOR	K1312G;K1313G	Missense;Missense	-0.206328766
1554	TASOR	K1309K	Silent	0.480846277
1555	TASOR		No Mutation	0.646064168
1556	TASOR	P1298P;E1299G	Silent;Missense	0.18690055
1557	TASOR	T1297A	Missense	0.081279558
1558	TASOR	E1294G	Missense	-0.248194656
1559	TASOR	S1296S;T1297T	Silent;Silent	-0.182796579
1560	TASOR	V1282A	Missense	-0.031470917
1561	TASOR	V1282A	Missense	0.977483557
1562	TASOR	P1277P;E1278G	Silent;Missense	-0.55318215
1563	TASOR	E1272E;S1273S;I1274V	Silent;Silent;Missense	-0.103075785
1564	TASOR	E1260G	Missense	0.470772696
1565	TASOR	N1259G;E1260G	Missense;Missense	-0.604318867
1566	TASOR	A1245A;G1246G	Silent;Silent	0.172662876
1567	TASOR	A1245A	Silent	0.607778281
1568	TASOR	F1244F;A1245A	Silent;Silent	-0.13785446
1569	TASOR	L1236P	Missense	-0.104370567
1570	TASOR	(NC);(NC);(NC)	Intron;Intron;Intron	0.387999265
1571	TASOR	(NC)	Intron	-0.4378482
1572	TASOR	A1224A	Silent	0.359723734
1573	TASOR	Q1219R;N1220G	Missense;Missense	0.142722661
1574	TASOR		No Mutation	1.288179714
1575	TASOR	E1189G;Y1190C	Missense;Missense	-0.450832271
1576	TASOR	K1188G	Missense	-0.439466323
1577	TASOR		No Mutation	1.103776023
1578	TASOR	S1158S;L1159P	Silent;Missense	0.770569329
1579	TASOR	E1154G	Missense	-0.232348423
1580	TASOR	V1155A;F1156L	Missense;Missense	0.098874482
1581	TASOR	F1147P;I1148T	Missense;Missense	-0.389693937
1582	TASOR	I1138T;S1139P	Missense;Missense	-0.532249561
1583	TASOR	I1138T;S1139P	Missense;Missense	-0.023909658
1584	TASOR	I1138T;S1139P	Missense;Missense	-0.59066133
1585	TASOR	I1138T	Missense	0.319064003
1586	TASOR		No Mutation	0.142704216
1587	TASOR		No Mutation	-0.089332398
1588	TASOR		No Mutation	-0.097855394
1589	TASOR	V1117V	Silent	0.615896444
1590	TASOR	V1117V	Silent	0.013566863
1591	TASOR	I1116V	Missense	0.139963052
1592	TASOR	D1114G	Missense	0.134267408
1593	TASOR	V1111A;T1112T	Missense;Silent	0.343924219
1594	TASOR	L1109P	Missense	-0.202762467
1595	TASOR	Q1104Q;H1105R	Silent;Missense	0.445039192
1596	TASOR		No Mutation	0.058969781
1597	TASOR	T1096T	Silent	0.391822993
1598	TASOR	E1088G	Missense	-0.207512171
1599	TASOR	H1090H	Silent	-0.097117843
1600	TASOR	S1086P	Missense	0.020019042
1601	TASOR	P1080P;L1081P	Silent;Missense	0.856887297
1602	TASOR	C1077C;S1078S	Silent;Silent	0.139933243
1603	TASOR	N1069N	Silent	0.106909707
1604	TASOR	F1067P	Missense	0.486021039
1605	TASOR	V1059A;I1060T	Missense;Missense	0.026214712
1606	TASOR	A1051A	Silent	0.100433385
1607	TASOR	I1050V	Missense	-0.574677569
1608	TASOR	A1048A	Silent	0.235692154
1609	TASOR	D1045D;S1046P	Silent;Missense	0.392293802
1610	TASOR	S1042G	Missense	0.153906261
1611	TASOR		No Mutation	0.193472646
1612	TASOR	L1038S	Missense	-0.400228
1613	TASOR	K1030R;A1031A	Missense;Silent	0.145808391
1614	TASOR	K1030G	Missense	0.446346681
1615	TASOR	I1029V;K1030G	Missense;Missense	-0.373732127
1616	TASOR	I1029V;K1030E	Missense;Missense	-0.516635984
1617	TASOR	Q1014R	Missense	0.581412951
1618	TASOR		No Mutation	-0.096622908
1619	TASOR	K1010E	Missense	-0.277331556
1620	TASOR	K1007G	Missense	-0.539297123
1621	TASOR	S1006S	Silent	0.103305328
1622	TASOR	T993T;Q994R	Silent;Missense	0.558870808
1623	TASOR		No Mutation	-0.013315597
1624	TASOR		No Mutation	0.014478994
1625	TASOR	V960A;L961P	Missense;Missense	-0.348742075
1626	TASOR	T956A;E957G	Missense;Missense	0.037483523
1627	TASOR	S953G	Missense	-0.11175234
1628	TASOR		No Mutation	0.088186937
1629	TASOR		No Mutation	-0.50114872
1630	TASOR		No Mutation	-0.410847751
1631	TASOR		No Mutation	-0.385892441
1632	TASOR	T934A	Missense	0.022276326
1633	TASOR		No Mutation	-0.155067384
1634	TASOR	D931G	Missense	-0.47034554
1635	TASOR	V932A;L933P	Missense;Missense	0.628386748
1636	TASOR	E929G;D930G	Missense;Missense	-0.142997321
1637	TASOR	T923T;L924L;K925E	Silent;Silent;Missense	0.154802113
1638	TASOR	L924P	Missense	-0.148291509
1639	TASOR	(NC)	Intron	0.742042291
1640	TASOR	(NC);(NC)	Intron;Intron	0.247362337
1641	TASOR		No Mutation	-0.744772354
1642	TASOR		No Mutation	-0.109357676
1643	TASOR	(NC);(NC)	Intron;Intron	0.156954106
1644	TASOR	(NC);(NC)	Intron;Intron	0.167858679
1645	TASOR	K916G	Missense	0.378667679
1646	TASOR	E909G;E910G	Missense;Missense	-0.138823646
1647	TASOR	F898S;R899R	Missense;Silent	0.014079777
1648	TASOR	F898P	Missense	0.538491017
1649	TASOR	H896H	Silent	-0.500742619
1650	TASOR		No Mutation	-0.419557183
1651	TASOR	S891G	Missense	0.01415077
1652	TASOR	V880A	Missense	0.565834305
1653	TASOR	E873E;(NC);(NC)	Silent;Intron;Intron	0.585795117
1654	TASOR		No Mutation	0.372468025
1655	TASOR	T865T	Silent	-0.076114482
1656	TASOR	I858V	Missense	-0.193814768
1657	TASOR	I858V	Missense	0.127997977
1658	TASOR	E834G;N835G	Missense;Missense	0.611167097
1659	TASOR	E834G;N835D	Missense;Missense	0.405090595
1660	TASOR	Y825H	Missense	0.343136215
1661	TASOR	Y825H	Missense	0.374424211
1662	TASOR	Y825H	Missense	0.076039256
1663	TASOR	D803G	Missense	-0.018672221
1664	TASOR	T801T;D802D	Silent;Silent	0.118845637
1665	TASOR	T792A	Missense	-0.370081903
1666	TASOR	S788S;L789P	Silent;Missense	0.110148964
1667	TASOR	N773N;W774R;L775L	Silent;Missense;Silent	-0.196014592
1668	TASOR	H769R	Missense	0.347595489
1669	TASOR	I768T;H769H	Missense;Silent	-0.30624797
1670	TASOR	I765V	Missense	-0.020026679
1671	TASOR	I765T;A766A	Missense;Silent	-0.152700119
1672	TASOR	Q758R;D759G	Missense;Missense	1.039759739
1673	TASOR	R754G	Missense	0.497926763
1674	TASOR	H749R;D750G	Missense;Missense	0.883165735
1675	TASOR	G748G;H749R	Silent;Missense	-0.117019745
1676	TASOR		No Mutation	-0.017366082
1677	TASOR	S746P;L747P	Missense;Missense	0.056026469
1678	TASOR	Q742R	Missense	-0.496221177
1679	TASOR	E739G	Missense	-0.365395575
1680	TASOR	S740S	Silent	0.159065915
1681	TASOR	(NC);(NC);(NC)	Intron;Intron;Intron	-0.506631708
1682	TASOR	N733G	Missense	0.848071055
1683	TASOR	L730S;S731P	Missense;Missense	0.169233225
1684	TASOR	K711E	Missense	0.558122556
1685	TASOR	K707G	Missense	0.972902536
1686	TASOR	K692G;K693E	Missense;Missense	-0.33578467
1687	TASOR	K692G	Missense	0.705761514
1688	TASOR	R691G;K692G	Missense;Missense	-0.087153298
1689	TASOR	R691G	Missense	1.534772933
1690	TASOR	R691G	Missense	0.448800278
1691	TASOR	N686G	Missense	-0.023705891
1692	TASOR		No Mutation	0.798318335
1693	TASOR	Q668Q;R669G	Silent;Missense	0.151478034
1694	TASOR		No Mutation	0.335632766
1695	TASOR	E661G	Missense	-0.101216043
1696	TASOR	K654G	Missense	-0.084541621
1697	TASOR	T648A	Missense	-0.036447471
1698	TASOR	Q641R;E642G	Missense;Missense	-0.200035673
1699	TASOR		No Mutation	0.00501675
1700	TASOR	P634P	Silent	1.091533682
1701	TASOR	L614P	Missense	-0.265421673
1702	TASOR	P609P	Silent	-0.100461162
1703	TASOR	C601C;L602P	Silent;Missense	-0.876826686
1704	TASOR	C601C;L602P	Silent;Missense	-1.291167382
1705	TASOR	H597H;I598T	Silent;Missense	-0.419369852
1706	TASOR	H597H;I598T	Silent;Missense	-0.534970675
1707	TASOR	L582P	Missense	-0.126902126
1708	TASOR	S552S;V553A	Silent;Missense	0.145778225
1709	TASOR	I536V	Missense	0.561005009
1710	TASOR		No Mutation	-0.347135194
1711	TASOR		No Mutation	0.337763508
1712	TASOR	N511S;A512A	Missense;Silent	0.018457644
1713	TASOR	S509S;T510A;N511D	Silent;Missense;Missense	0.166908656
1714	TASOR	T504T;S505P	Silent;Missense	0.102467142
1715	TASOR	F494F;L495P;F496L	Silent;Missense;Missense	-2.051275483
1716	TASOR	L490P;H491H	Missense;Silent	0.321845127
1717	TASOR	(NC);(NC);(NC)	Intron;Intron;Intron	0.383094442
1718	TASOR	(NC);(NC)	Intron;Intron	0.192767325
1719	TASOR		No Mutation	0.557604218
1720	TASOR		No Mutation	0.089140107
1721	TASOR	Q475R;M476V	Missense;Missense	-0.38220249
1722	TASOR	P478P	Silent	0.626364171
1723	TASOR	V477V;P478P	Silent;Silent	-0.116909247
1724	TASOR	V477A;P478P	Missense;Silent	0.225858661
1725	TASOR		No Mutation	0.219359165
1726	TASOR	P473P;Y474H	Silent;Missense	0.270666802
1727	TASOR	F469F;L470P	Silent;Missense	-1.176497749
1728	TASOR	Y467H	Missense	0.165014132
1729	TASOR	K460G	Missense	-0.532686177
1730	TASOR		No Mutation	-0.704922182
1731	TASOR		No Mutation	-0.552482769
1732	TASOR		No Mutation	0.710925058
1733	TASOR	T438T;R439G;I440V	Silent;Missense;Missense	-0.101297422
1734	TASOR	E436G	Missense	0.878521024
1735	TASOR	S430G	Missense	0.016981061
1736	TASOR	(NC);(NC)	Intron;Intron	-0.151917837
1737	TASOR	L417L	Silent	-0.236250216
1738	TASOR	Y416C	Missense	0.02912669
1739	TASOR		No Mutation	0.3724316
1740	TASOR	Y412H	Missense	0.282386201
1741	TASOR	F411F;Y412H	Silent;Missense	-0.114408165
1742	TASOR	V393A	Missense	-0.666858128
1743	TASOR	(NC);(NC)	Intron;Intron	-1.218857204
1744	TASOR	L383S;P384P	Missense;Silent	0.192023255
1745	TASOR	L363P	Missense	-1.338938113
1746	TASOR	N355G;Y356C	Missense;Missense	-0.475264075
1747	TASOR	K353R;Y354C	Missense;Missense	0.467366195
1748	TASOR	N346G;T347A	Missense;Missense	0.244333286
1749	TASOR	(NC);(NC)	Intron;Intron	1.03024134
1750	TASOR	S339S	Silent	-0.098082085
1751	TASOR	S339P;S340P	Missense;Missense	0.712993304
1752	TASOR	K335R	Missense	-0.315291088
1753	TASOR	S324P;F325P	Missense;Missense	0.146917952
1754	TASOR	Y320H	Missense	0.290115946
1755	TASOR	Y305C	Missense	-1.011253018
1756	TASOR	T298A	Missense	-0.083312612
1757	TASOR	(NC)	Splice-donor	-0.659510469
1758	TASOR	Y295C;E296G	Missense;Missense	0.082888024
1759	TASOR	R293R	Silent	-0.323196889
1760	TASOR	L289P	Missense	0.121877038
1761	TASOR	R285R;I286V	Silent;Missense	-0.233201821
1762	TASOR	V279A	Missense	-0.206990223
1763	TASOR	C277R	Missense	-1.476326069
1764	TASOR	C277R	Missense	-1.831081738
1765	TASOR	H275H;C277R	Silent;Missense	-0.768670055
1766	TASOR	L264L;N265D	Silent;Missense	-0.363950609
1767	TASOR	M255V	Missense	-0.130246591
1768	TASOR	S250G;I251V	Missense;Missense	0.648080806
1769	TASOR	S250G;I251V	Missense;Missense	-0.217246015
1770	TASOR	M235T	Missense	0.518240776
1771	TASOR	D231G	Missense	-0.638881915
1772	TASOR		No Mutation	0.283857022
1773	TASOR	N228G	Missense	-0.16370547
1774	TASOR	N228G	Missense	-1.470055931
1775	TASOR	N228G	Missense	-0.493614341
1776	TASOR	Q226Q;N228D	Silent;Missense	0.186142662
1777	TASOR	L224L;L225L	Silent;Silent	0.097806396
1778	TASOR	(NC)	Splice-acceptor	-1.278001337
1779	TASOR	V216A;Y217H	Missense;Missense	-1.467480624
1780	TASOR	(NC);(NC);(NC);(NC)	Intron;Intron;Intron;Intron	0.322063064
1781	TASOR	(NC);(NC);(NC);(NC)	Intron;Intron;Intron;Intron	-0.284558501
1782	TASOR	(NC);(NC);(NC);(NC)	Intron;Intron;Intron;Intron	-0.266596328
1783	TASOR		No Mutation	-0.005512134
1784	TASOR		No Mutation	0.284727475
1785	TASOR	L209P	Missense	1.11099557
1786	TASOR	K205G	Missense	0.391785025
1787	TASOR	E196G;K197G	Missense;Missense	-0.340530186
1788	TASOR	E196G;K197E	Missense;Missense	-0.986933254
1789	TASOR	Q192R;T193A	Missense;Missense	0.355859078
1790	TASOR	(NC);(NC);(NC)	Intron;Intron;Intron	0.007771521
1791	TASOR	M185V	Missense	-0.210526087
1792	TASOR	M185T;V186A	Missense;Missense	0.707273561
1793	TASOR	E179E	Silent	0.724580589
1794	TASOR	D170G	Missense	0.010197045
1795	TASOR	R165G;E166G	Missense;Missense	0.556642736
1796	TASOR	V151V	Silent	-0.176925269
1797	TASOR	Y145C;R146G	Missense;Missense	0.196323515
1798	TASOR	F143S	Missense	-0.084678182
1799	TASOR	N142N;F143P	Silent;Missense	0.908930141
1800	TASOR	V140A	Missense	0.149078274
1801	TASOR	L135L	Silent	-0.630236541
1802	TASOR	F123P	Missense	0.077253925
1803	TASOR	S120P	Missense	-0.364005121
1804	TASOR	S106G;R107G	Missense;Missense	-0.024913509
1805	TASOR	K105G;S106G	Missense;Missense	-0.669703597
1806	TASOR	F100P	Missense	-0.501186868
1807	TASOR		No Mutation	-0.271210405
1808	TASOR		No Mutation	-0.408064306
1809	TASOR	E93G	Missense	-0.448521649
1810	TASOR	E91G	Missense	0.162999234
1811	TASOR	P95P	Silent	-0.41455687
1812	TASOR		No Mutation	-0.388653514
1813	TASOR		No Mutation	0.394037016
1814	TASOR		No Mutation	-0.072041814
1815	TASOR		No Mutation	-0.004634095
1816	TASOR		No Mutation	-0.047905182
1817	TASOR		No Mutation	-0.466112507
1818	TASOR		No Mutation	-0.567210284
1819	TASOR		No Mutation	-0.117371388
1820	TASOR		No Mutation	0.071950872
1821	TASOR		No Mutation	-0.730001971
1822	TASOR		No Mutation	-0.204253245
1823	TASOR		No Mutation	-0.046749729
1824	TASOR	Q75R;D76G	Missense;Missense	-0.300915393
1825	TASOR	Q75R	Missense	-0.141211907
1826	TASOR		No Mutation	-0.324872988
1827	TASOR	S77P	Missense	-0.121329925
1828	TASOR	P74P	Silent	0.496293848
1829	TASOR	S70G	Missense	-0.077051461
1830	TASOR		No Mutation	-0.394453015
1831	TASOR		No Mutation	-0.103480558
1832	TASOR		No Mutation	-0.238897036
1833	TASOR	L69P	Missense	-0.43063118
1834	TASOR	E59G;N60D	Missense;Missense	-0.107191506
1835	TASOR		No Mutation	0.081113099
1836	TASOR		No Mutation	0.234602803
1837	TASOR		No Mutation	0.570055533
1838	TASOR		No Mutation	0.273548594
1839	TASOR	R57R	Silent	0.223112778
1840	TASOR		No Mutation	0.351899506
1841	TASOR		No Mutation	0.380965982
1842	TASOR	E50G	Missense	-0.12066385
1843	TASOR	E50G	Missense	-0.205403586
1844	TASOR	I48V	Missense	0.056352303
1845	TASOR		No Mutation	0.142886395
1846	TASOR	N47G;I48V	Missense;Missense	0.325965878
1847	TASOR	Q39R;N40G	Missense;Missense	-0.039195262
1848	TASOR	Q38R;Q39R	Missense;Missense	-0.246450187
1849	TASOR	Q38R	Missense	0.611795889
1850	TASOR		No Mutation	-0.025303566
1851	TASOR	E35G	Missense	-0.051917013
1852	TASOR	S37P	Missense	-0.10671253
1853	TASOR	M27V;K28E	Missense;Missense	0.136624286
1854	TASOR	E18G	Missense	0.242053711
1855	TASOR	S16G	Missense	0.359873766
1856	TASOR	S16G	Missense	0.201133746
1857	TASOR	D14G	Missense	0.31185869
1858	TASOR	W17R	Missense	-0.151991339
1859	TASOR	T13A	Missense	0.847475263
1860	TASOR	Q11R	Missense	0.060890266
1861	TASOR	D14D	Silent	-0.025955554
1862	TASOR	E8G	Missense	0.127354066
1863	TASOR	T3A	Missense	-0.055440975
1864	TASOR	T3T;A4A	Silent;Silent	0.540964362
1865	TASOR	M1V	Missense	0.059529721
1866	TASOR	M1T	Missense	-0.364163059
1867	TASOR		No Mutation	-0.343200197
1868	TASOR		No Mutation	0.390114055
1869	TASOR		No Mutation	-0.53626555
1870	PPHLN1	P18P	Silent	0.070813822
1871	PPHLN1		No Mutation	0.293259502
1872	PPHLN1	S24S;(NC)	Silent;Splice-donor	-0.342752601
1873	PPHLN1	(NC);(NC)	Intron;Intron	0.610912543
1874	PPHLN1	(NC)	Intron	0.183803661
1875	PPHLN1	L40P;L41P	Missense;Missense	-0.221281702
1876	PPHLN1	P39P	Silent	0.616955676
1877	PPHLN1		No Mutation	-0.478185155
1878	PPHLN1	L41L;D42G	Silent;Missense	-0.095372118
1879	PPHLN1	P44P	Silent	0.603957548
1880	PPHLN1	Y49H	Missense	-0.086314579
1881	PPHLN1	Y58C	Missense	0.012646983
1882	PPHLN1	Y58C	Missense	0.094575569
1883	PPHLN1		No Mutation	0.320692287
1884	PPHLN1	H69H;D70D	Silent;Silent	0.111574517
1885	PPHLN1	S73G	Missense	-0.659953299
1886	PPHLN1	(NC);(NC)	Splice-donor;Intron	-0.141475051
1887	PPHLN1	(NC);(NC)	Intron;Intron	0.047837867
1888	PPHLN1	(NC)	Intron	0.031640981
1889	PPHLN1	D80G;E81G	Missense;Missense	0.136203119
1890	PPHLN1	R95G	Missense	0.287944598
1891	PPHLN1	Q96Q	Silent	-0.573941595
1892	PPHLN1	(NC);(NC);(NC)	Intron;Intron;Splice-acceptor	-0.734578317
1893	PPHLN1	H115R	Missense	0.618621479
1894	PPHLN1		No Mutation	0.239776378
1895	PPHLN1	S121P	Missense	0.362996887
1896	PPHLN1	E119G	Missense	-0.176786521
1897	PPHLN1		No Mutation	0.319234651
1898	PPHLN1	E132E;S133S	Silent;Silent	0.203034199
1899	PPHLN1	D139D;S140P	Silent;Missense	0.424540246
1900	PPHLN1		No Mutation	0.217449233
1901	PPHLN1		No Mutation	0.211339731
1902	PPHLN1	G146G;S147P	Silent;Missense	-0.275606219
1903	PPHLN1		No Mutation	0.200504196
1904	PPHLN1	R152R;S153G	Silent;Missense	0.135912033
1905	PPHLN1	S161P;Y162H	Missense;Missense	0.342099044
1906	PPHLN1	H169H	Silent	0.489242841
1907	PPHLN1	(NC);(NC)	Intron;Intron	-0.016544822
1908	PPHLN1	(NC)	Intron	0.487314908
1909	PPHLN1	(NC)	Intron	0.061725088
1910	PPHLN1	S172P	Missense	0.477147814
1911	PPHLN1	S172P	Missense	0.140232908
1912	PPHLN1	V173A	Missense	0.656773929
1913	PPHLN1	(NC);(NC);K171R	Intron;Splice-acceptor;Missense	-0.694204196
1914	PPHLN1	R174R;P175P	Silent;Silent	-0.564285321
1915	PPHLN1	S178P	Missense	0.580083212
1916	PPHLN1		No Mutation	0.116148003
1917	PPHLN1		No Mutation	0.126344263
1918	PPHLN1	Y179C;K180G	Missense;Missense	0.775412705
1919	PPHLN1	N183N	Silent	0.093431104
1920	PPHLN1	N183N	Silent	0.2892732
1921	PPHLN1	E184G	Missense	-0.124810685
1922	PPHLN1	(NC);(NC);(NC);(NC)	Intron;Intron;Intron;Intron	-0.097533315
1923	PPHLN1	(NC)	Intron	0.623130178
1924	PPHLN1	D203G;T204A	Missense;Missense	0.365934507
1925	PPHLN1	V212A	Missense	0.564775414
1926	PPHLN1	V212A	Missense	-0.072406738
1927	PPHLN1	S210S;A211A	Silent;Silent	-0.419488769
1928	PPHLN1	L218L	Silent	0.40347313
1929	PPHLN1	S222G;R223G	Missense;Missense	-0.448776227
1930	PPHLN1	E226G;K227E	Missense;Missense	0.528971309
1931	PPHLN1	E231G	Missense	0.817020569
1932	PPHLN1	E231G	Missense	0.789262088
1933	PPHLN1	E251G;I252V	Missense;Missense	-0.022356876
1934	PPHLN1	Y255H	Missense	-0.21741689
1935	PPHLN1		No Mutation	-0.078944758
1936	PPHLN1	S259P	Missense	-0.24130631
1937	PPHLN1	F264S;T265T	Missense;Silent	0.028957512
1938	PPHLN1	T265A	Missense	0.189897309
1939	PPHLN1		No Mutation	-0.085983813
1940	PPHLN1	P271P;S273P	Silent;Missense	-0.176781403
1941	PPHLN1	S273P	Missense	0.028275624
1942	PPHLN1	E272G	Missense	-0.308051723
1943	PPHLN1	E272G;S273S	Missense;Silent	0.407637343
1944	PPHLN1		No Mutation	-0.301726384
1945	PPHLN1	I294T	Missense	-0.60327002
1946	PPHLN1	K297K;T298A;K299E	Silent;Missense;Missense	0.603987472
1947	PPHLN1	(NC);(NC);(NC)	Intron;Intron;Intron	0.701131004
1948	PPHLN1		No Mutation	-0.746035692
1949	PPHLN1	Q307R;D308G	Missense;Missense	1.018223055
1950	PPHLN1	Q307R;D308G	Missense;Missense	-0.428155686
1951	PPHLN1	T311T;F312L	Silent;Missense	0.202940209
1952	PPHLN1		No Mutation	-0.490341708
1953	PPHLN1	E310G;T311A	Missense;Missense	-0.253655715
1954	PPHLN1	I330V	Missense	-0.094669401
1955	PPHLN1	Q336R;N337G	Missense;Missense	-0.21320535
1956	PPHLN1	L338L;H339R	Silent;Missense	-0.100036159
1957	PPHLN1	(NC)	Intron	-0.125129957
1958	PPHLN1		No Mutation	-0.187319681
1959	PPHLN1	S343P	Missense	-0.008530123
1960	PPHLN1	E342G	Missense	0.76717111
1961	PPHLN1		No Mutation	0.101245055
1962	PPHLN1	A344A;G345G	Silent;Silent	0.081215516
1963	PPHLN1	Q349R;Q350R	Missense;Missense	0.090826654
1964	PPHLN1	R355G	Missense	-0.032919144
1965	PPHLN1	T357T	Silent	0.569367987
1966	PPHLN1	T357T	Silent	-0.12535313
1967	PPHLN1	T357T	Silent	-0.055234918
1968	PPHLN1	M359T	Missense	-0.730420061
1969	PPHLN1	T357A;E358G	Missense;Missense	0.4858398
1970	PPHLN1	G363G;T364A	Silent;Missense	0.796506666
1971	PPHLN1	Q374R	Missense	0.19902058
1972	PPHLN1	(NC);(NC)	Intron;Intron	-0.190306135
1973	PPHLN1	(NC)	Intron	0.58435217
1974	PPHLN1	(NC);(NC)	Intron;Intron	0.302774111
1975	PPHLN1		No Mutation	-0.119203331
1976	PPHLN1		No Mutation	0.04618587
1977	PPHLN1		No Mutation	0.141506047
1978	PPHLN1		No Mutation	-0.35282232
1979	PPHLN1		No Mutation	-0.190818226
1980	PPHLN1		No Mutation	-0.412014457
1981	PPHLN1		No Mutation	-0.160835931
1982	PPHLN1		No Mutation	-0.177028086
1983	PPHLN1		No Mutation	0.017587911
1984	PPHLN1	L386P	Missense	0.709704134
1985	PPHLN1	Q384R	Missense	-0.265532948
1986	PPHLN1		No Mutation	-0.086650084
1987	PPHLN1		No Mutation	-0.188338058
1988	PPHLN1		No Mutation	-0.15056175
1989	PPHLN1	Q387R	Missense	-0.220744965
1990	PPHLN1	Q387R	Missense	-0.591356173
1991	PPHLN1		No Mutation	-0.415579081
1992	PPHLN1		No Mutation	0.043131879
1993	PPHLN1		No Mutation	-0.131435913
1994	PPHLN1	K390G	Missense	0.140212562
1995	PPHLN1	V393A	Missense	-0.073314349
1996	PPHLN1	V393A;R394R	Missense;Silent	0.009285161
1997	PPHLN1	V393V;R394R	Silent;Silent	0.646583422
1998	PPHLN1	T396A	Missense	0.187399044
1999	PPHLN1	Q398R	Missense	0.11900529
2000	PPHLN1	G404G	Silent	-0.20446824
2001	PPHLN1	G404G	Silent	0.206868988
2002	PPHLN1		No Mutation	-0.161315133
2003	PPHLN1	P406P	Silent	0.044255019
2004	PPHLN1		No Mutation	-0.493973849
2005	PPHLN1		No Mutation	-0.570790611
2006	PPHLN1	M412T	Missense	-0.035720078
2007	PPHLN1		No Mutation	-0.802934143
2008	PPHLN1	K414E	Missense	0.457508301
2009	PPHLN1	K414G;K415E	Missense;Missense	0.045903855
2010	PPHLN1	T416T;T417A	Silent;Missense	0.318667253
2011	PPHLN1		No Mutation	-0.048391613
2012	PPHLN1	F431P	Missense	-0.199136366
2013	PPHLN1	S442S;V443A	Silent;Missense	0.338799658
2014	PPHLN1	V444V;H445R	Silent;Missense	-0.009117404
2015	PPHLN1	N447G	Missense	-0.142094888
2016	PPHLN1		No Mutation	-0.069466984
2017	MORC2		No Mutation	0.053366288
2018	MORC2	K1030G	Missense	0.523353854
2019	MORC2	*1033R	Missense	-0.708563324
2020	MORC2	T1029A	Missense	-0.276831529
2021	MORC2	D1026G	Missense	-0.443962946
2022	MORC2	E1025G;D1026G	Missense;Missense	0.188489014
2023	MORC2	E1025G;D1026G	Missense;Missense	-1.141175973
2024	MORC2	E1025G	Missense	-0.722554816
2025	MORC2	L1027P;I1028T	Missense;Missense	-0.797334104
2026	MORC2		No Mutation	-0.434976967
2027	MORC2	N1015G;T1016A	Missense;Missense	0.677269666
2028	MORC2		No Mutation	-1.142710568
2029	MORC2	I1012T	Missense	0.099857438
2030	MORC2		No Mutation	-0.560226615
2031	MORC2	(NC)	Intron	-0.605992978
2032	MORC2	(NC);(NC)	Intron;Intron	-0.315218991
2033	MORC2	(NC)	Intron	0.239264183
2034	MORC2		No Mutation	0.037306182
2035	MORC2		No Mutation	-0.485087479
2036	MORC2	A1003A	Silent	-0.002695634
2037	MORC2		No Mutation	-0.074808822
2038	MORC2	L1004P;L1005P	Missense;Missense	-1.900988535
2039	MORC2	R998G	Missense	-1.146976091
2040	MORC2	E992G;K993G	Missense;Missense	-1.448415179
2041	MORC2	R985G;K986E	Missense;Missense	-1.518036104
2042	MORC2	L987P	Missense	-0.892550437
2043	MORC2		No Mutation	0.372471247
2044	MORC2		No Mutation	-0.459236607
2045	MORC2		No Mutation	-0.729042117
2046	MORC2	L980P	Missense	-1.21112056
2047	MORC2		No Mutation	0.363986079
2048	MORC2		No Mutation	0.188937439
2049	MORC2		No Mutation	-1.194117574
2050	MORC2		No Mutation	-0.273006743
2051	MORC2		No Mutation	0.18703841
2052	MORC2		No Mutation	0.011368682
2053	MORC2	S971P	Missense	-1.035660578
2054	MORC2	S967G	Missense	-0.050299186
2055	MORC2	Q966R;S967G	Missense;Missense	-0.386759306
2056	MORC2	A969A	Silent	-1.353661027
2057	MORC2		No Mutation	-0.180254975
2058	MORC2	N963N;S964P;Y965H	Silent;Missense;Missense	-1.793239755
2059	MORC2	K952G	Missense	-0.705157264
2060	MORC2	K952G	Missense	-0.450097962
2061	MORC2	F951P	Missense	-1.605120991
2062	MORC2	F951P	Missense	-1.596552005
2063	MORC2		No Mutation	-0.191748708
2064	MORC2		No Mutation	0.444994653
2065	MORC2		No Mutation	0.762895938
2066	MORC2	(NC)	Intron	-0.110027769
2067	MORC2	S935S;A936A	Silent;Silent	-0.289380532
2068	MORC2	L934P	Missense	-1.986007659
2069	MORC2	L934P	Missense	-0.681574023
2070	MORC2		No Mutation	-1.417910183
2071	MORC2	S930P	Missense	0.329590488
2072	MORC2	I929T;S930P	Missense;Missense	-1.33163722
2073	MORC2		No Mutation	-0.923374476
2074	MORC2	C918C;L919P	Silent;Missense	-1.629688576
2075	MORC2		No Mutation	0.709050491
2076	MORC2	N917N;C918R	Silent;Missense	-0.317075129
2077	MORC2	N917N;C918R	Silent;Missense	-1.353446496
2078	MORC2		No Mutation	-0.048765686
2079	MORC2	(NC);(NC);(NC);(NC)	Intron;Intron;Intron;Intron	0.176100876
2080	MORC2	(NC);(NC);(NC);(NC)	Intron;Intron;Intron;Intron	0.030708748
2081	MORC2	(NC);(NC)	Intron;Intron	-0.074601671
2082	MORC2	L915P	Missense	-0.286569402
2083	MORC2		No Mutation	0.269985466
2084	MORC2	V912A	Missense	0.31997231
2085	MORC2	I908T	Missense	-0.356441276
2086	MORC2		No Mutation	-0.020703555
2087	MORC2		No Mutation	-0.130410087
2088	MORC2	N904N	Silent	-0.178576099
2089	MORC2	L901P	Missense	-0.218805906
2090	MORC2		No Mutation	0.887941843
2091	MORC2	P896P	Silent	-0.318377689
2092	MORC2	I894T	Missense	0.049058187
2093	MORC2	L892P	Missense	0.390395089
2094	MORC2	L892P	Missense	-0.266419563
2095	MORC2	C891R;L892P	Missense;Missense	0.184478479
2096	MORC2		No Mutation	-0.497253592
2097	MORC2	A882A;V883A	Silent;Missense	-0.239011801
2098	MORC2	A882A;V883A	Silent;Missense	0.002381784
2099	MORC2	I881T	Missense	-0.473791688
2100	MORC2		No Mutation	0.187978309
2101	MORC2		No Mutation	0.454795761
2102	MORC2	E871G	Missense	0.127023695
2103	MORC2		No Mutation	-0.763195521
2104	MORC2		No Mutation	-0.07618479
2105	MORC2	E867G	Missense	-0.178387607
2106	MORC2	Q865Q;Q866R	Silent;Missense	-0.224507315
2107	MORC2	T864T;Q865R	Silent;Missense	-0.063355601
2108	MORC2	T864A	Missense	-0.602540998
2109	MORC2		No Mutation	-0.214831763
2110	MORC2	D863G;T864A	Missense;Missense	0.429746063
2111	MORC2	D863G;T864A	Missense;Missense	-0.36604352
2112	MORC2	D863G	Missense	0.392967274
2113	MORC2		No Mutation	0.25549456
2114	MORC2	S861G	Missense	-0.146664793
2115	MORC2	L862P	Missense	-0.010687137
2116	MORC2		No Mutation	0.118213573
2117	MORC2	H859H	Silent	-0.399583728
2118	MORC2	H859H	Silent	-0.09748807
2119	MORC2	H859H	Silent	0.290408463
2120	MORC2	M852V;K853E	Missense;Missense	-0.004571329
2121	MORC2	K844R	Missense	-0.136193619
2122	MORC2		No Mutation	-0.524216077
2123	MORC2		No Mutation	0.083577322
2124	MORC2	(NC)	Intron	-0.325045862
2125	MORC2		No Mutation	0.077350072
2126	MORC2		No Mutation	0.364732077
2127	MORC2	(NC)	Intron	0.488886311
2128	MORC2	(NC);(NC)	Intron;Intron	-1.573746863
2129	MORC2	(NC)	Intron	0.040723255
2130	MORC2	(NC)	Intron	-2.035684077
2131	MORC2		No Mutation	-0.725084574
2132	MORC2	(NC);(NC)	Splice-donor;Intron	-2.115123177
2133	MORC2	T836A	Missense	-0.219414896
2134	MORC2		No Mutation	-0.30487363
2135	MORC2	H820R	Missense	0.516879507
2136	MORC2	K819G	Missense	-1.324600194
2137	MORC2		No Mutation	0.20000878
2138	MORC2	H820H	Silent	0.078338135
2139	MORC2	E816G	Missense	-0.286858275
2140	MORC2		No Mutation	0.338158572
2141	MORC2	T813A	Missense	0.165276402
2142	MORC2	T813A	Missense	0.096916383
2143	MORC2		No Mutation	-0.055874669
2144	MORC2		No Mutation	-0.322359007
2145	MORC2	N804G;R805G	Missense;Missense	-0.839506699
2146	MORC2	N804G;R805G	Missense;Missense	-0.735248468
2147	MORC2		No Mutation	-0.466652443
2148	MORC2	E800G	Missense	0.492912916
2149	MORC2	E800G	Missense	1.203337817
2150	MORC2	K795G	Missense	-0.063998796
2151	MORC2	(NC);D794G;K795E	Splice-acceptor;Missense;Missense	-0.191112792
2152	MORC2	(NC);(NC)	Intron;Intron	0.809060411
2153	MORC2	(NC)	Intron	-0.028140131
2154	MORC2	(NC)	Intron	0.180870187
2155	MORC2	(NC)	Intron	0.071721918
2156	MORC2	Q792R;K793E	Missense;Missense	-0.597564155
2157	MORC2	Q792R	Missense	0.426346427
2158	MORC2	Q792R	Missense	0.304271801
2159	MORC2	R790R	Silent	-0.139436884
2160	MORC2		No Mutation	-1.36278791
2161	MORC2	K789G	Missense	0.190000628
2162	MORC2		No Mutation	-0.053538468
2163	MORC2	S777S;D778G;S779G	Silent;Missense;Missense	0.378137279
2164	MORC2		No Mutation	-1.128417201
2165	MORC2	(NC)	Splice-acceptor	-0.272238917
2166	MORC2	S779S	Silent	0.597312961
2167	MORC2	(NC)	Splice-acceptor	-0.189863133
2168	MORC2	(NC);(NC)	Intron;Intron	-0.205316811
2169	MORC2	(NC)	Intron	-0.502165878
2170	MORC2	N774G;E775G	Missense;Missense	0.001443571
2171	MORC2	D772G	Missense	0.274658767
2172	MORC2	E769E;K770G;K771E	Silent;Missense;Missense	0.27979297
2173	MORC2	K767E	Missense	-0.076219347
2174	MORC2	R763G	Missense	-0.20343219
2175	MORC2	R763G	Missense	-0.441155938
2176	MORC2	K756G;E757G	Missense;Missense	0.3396711
2177	MORC2	K756G	Missense	-0.497630155
2178	MORC2	K756G	Missense	0.506858546
2179	MORC2	E753G	Missense	0.450964348
2180	MORC2	E751G	Missense	-0.266012149
2181	MORC2	E749G;E750G	Missense;Missense	0.006096224
2182	MORC2	E749G	Missense	0.267613079
2183	MORC2	E745G	Missense	-0.31271402
2184	MORC2	D744G	Missense	0.484441995
2185	MORC2		No Mutation	-0.207384034
2186	MORC2	S739S;V740A	Silent;Missense	0.069917212
2187	MORC2	S739S	Silent	-0.180613167
2188	MORC2	S739S	Silent	-0.042976272
2189	MORC2	T733A	Missense	-0.170022862
2190	MORC2	(NC)	Splice-acceptor	-0.246836307
2191	MORC2	A732A	Silent	-0.121320698
2192	MORC2	(NC);(NC)	Intron;Intron	-0.079178348
2193	MORC2	(NC)	Intron	-0.039228714
2194	MORC2	(NC)	Splice-donor	-1.459225224
2195	MORC2	S725S;I727V	Silent;Missense	0.117589523
2196	MORC2		No Mutation	-0.517126805
2197	MORC2	T717T	Silent	-0.088953462
2198	MORC2	T717T	Silent	-0.087015817
2199	MORC2	K713K;I715V	Silent;Missense	-0.037857201
2200	MORC2	I715T	Missense	-0.335069483
2201	MORC2	S711P	Missense	-0.278025954
2202	MORC2	P710P;S711P	Silent;Missense	0.396104197
2203	MORC2	V709A	Missense	-0.241185235
2204	MORC2	P706P	Silent	0.445718169
2205	MORC2	P706P	Silent	-0.611734941
2206	MORC2	K704E	Missense	0.052520993
2207	MORC2	N702G	Missense	0.506704064
2208	MORC2	N702G	Missense	0.336322284
2209	MORC2	S703P	Missense	0.010995052
2210	MORC2	L695P;S696P	Missense;Missense	-0.22375836
2211	MORC2	L695P;S696P	Missense;Missense	0.406119077
2212	MORC2	L695P	Missense	-0.008429973
2213	MORC2		No Mutation	0.095983438
2214	MORC2	V692A	Missense	0.298450126
2215	MORC2	L691P;V692A	Missense;Missense	-0.152961628
2216	MORC2	A685A	Silent	0.041118818
2217	MORC2	T684T	Silent	-0.180413983
2218	MORC2	V682A	Missense	-0.129209532
2219	MORC2	T680T	Silent	-0.041279482
2220	MORC2	T680T	Silent	-0.108649626
2221	MORC2		No Mutation	-0.152930931
2222	MORC2		No Mutation	-0.067001862
2223	MORC2		No Mutation	-0.223554278
2224	MORC2		No Mutation	-0.498314981
2225	MORC2		No Mutation	0.421691221
2226	MORC2	L667P;L668P	Missense;Missense	-0.060539912
2227	MORC2	S665P	Missense	-0.780848981
2228	MORC2	E660G;E661G	Missense;Missense	0.552710184
2229	MORC2		No Mutation	-0.905898521
2230	MORC2		No Mutation	0.020649722
2231	MORC2		No Mutation	0.128259069
2232	MORC2		No Mutation	-0.18761049
2233	MORC2		No Mutation	-0.167120437
2234	MORC2		No Mutation	0.235929734
2235	MORC2		No Mutation	0.366195732
2236	MORC2	L656P	Missense	0.300619762
2237	MORC2	A655A;L656P	Silent;Missense	0.059763706
2238	MORC2	A655A;L656P	Silent;Missense	-0.370039163
2239	MORC2	P651P;K652E	Silent;Missense	0.046852609
2240	MORC2		No Mutation	0.085121295
2241	MORC2	I647T	Missense	-0.260749453
2242	MORC2	V646A;I647T	Missense;Missense	-0.17938038
2243	MORC2	V646A;I647T	Missense;Missense	-0.096838977
2244	MORC2	A644A;P645P	Silent;Silent	0.494822832
2245	MORC2	A644A	Silent	-0.172571825
2246	MORC2		No Mutation	-0.008566688
2247	MORC2	P637P;S639G	Silent;Missense	0.129397188
2248	MORC2		No Mutation	0.554522735
2249	MORC2		No Mutation	-0.055634837
2250	MORC2	P635P	Silent	0.663351022
2251	MORC2	T634T;P635P	Silent;Silent	0.260476135
2252	MORC2	T634T;P635P	Silent;Silent	0.342485781
2253	MORC2	T634T	Silent	1.063967263
2254	MORC2	S631S;L632P	Silent;Missense	0.554807815
2255	MORC2	S631P;L632P	Missense;Missense	0.22949497
2256	MORC2	P630P;S631P;L632L	Silent;Missense;Silent	0.235012263
2257	MORC2	P630P;S631P	Silent;Missense	1.111293768
2258	MORC2		No Mutation	-0.117561984
2259	MORC2	I622T	Missense	0.455269992
2260	MORC2	I622T	Missense	-0.111657065
2261	MORC2	V621A;I622T	Missense;Missense	-0.265321241
2262	MORC2	V621A;I622T	Missense;Missense	0.238456402
2263	MORC2	L618L	Silent	0.331835682
2264	MORC2	L618P	Missense	-0.163943701
2265	MORC2	S615P	Missense	-0.270042997
2266	MORC2	R609G	Missense	0.278665209
2267	MORC2		No Mutation	0.590476625
2268	MORC2	P606P;V607A	Silent;Missense	0.703926036
2269	MORC2	(NC)	Intron	0.184623641
2270	MORC2	(NC)	Intron	-0.17398543
2271	MORC2	(NC);(NC)	Intron;Intron	0.041612483
2272	MORC2	(NC)	Intron	-0.30596358
2273	MORC2		No Mutation	0.253845804
2274	MORC2	T603A;E604G	Missense;Missense	-0.23794097
2275	MORC2	(NC)	Intron	-0.345625617
2276	MORC2	T603A	Missense	0.107300409
2277	MORC2	T603A	Missense	-0.19492375
2278	MORC2	(NC)	Splice-donor	-0.337791555
2279	MORC2	T603T	Silent	-0.812544457
2280	MORC2	T599A;R600G	Missense;Missense	0.172840847
2281	MORC2		No Mutation	-0.780104041
2282	MORC2		No Mutation	0.349762863
2283	MORC2	L595P	Missense	-0.418817836
2284	MORC2	K591E	Missense	0.920210711
2285	MORC2	L593L	Silent	0.264518343
2286	MORC2		No Mutation	-0.122992855
2287	MORC2	L590P	Missense	-0.265355343
2288	MORC2		No Mutation	-0.231039596
2289	MORC2		No Mutation	-0.656358639
2290	MORC2		No Mutation	-0.07797572
2291	MORC2		No Mutation	0.275613644
2292	MORC2	(NC)	Intron	-0.029362682
2293	MORC2	(NC);(NC)	Intron;Intron	-5.110553004
2294	MORC2	(NC)	Intron	0.34294647
2295	MORC2	Q579R	Missense	1.192415466
2296	MORC2	E576G	Missense	0.073206964
2297	MORC2	E576G	Missense	-0.198079335
2298	MORC2	K574G	Missense	-0.446957763
2299	MORC2	L575P	Missense	0.162852102
2300	MORC2	Q571R	Missense	-0.174347883
2301	MORC2	Q570R	Missense	0.315804104
2302	MORC2	K567G;I568V	Missense;Missense	-0.809384235
2303	MORC2	R551R;K552G	Silent;Missense	-0.496115605
2304	MORC2		No Mutation	-0.067915827
2305	MORC2		No Mutation	0.225497393
2306	MORC2		No Mutation	0.016809334
2307	MORC2		No Mutation	0.292463442
2308	MORC2	K542G;Q543R	Missense;Missense	-0.051364142
2309	MORC2	Q541Q;K542G	Silent;Missense	0.599094793
2310	MORC2		No Mutation	0.479075563
2311	MORC2	C536R	Missense	-0.768389633
2312	MORC2		No Mutation	-0.217822547
2313	MORC2	(NC);(NC)	Intron;Intron	-0.203193435
2314	MORC2	(NC);(NC)	Intron;Intron	0.44711738
2315	MORC2	(NC);(NC)	Intron;Intron	-0.038872374
2316	MORC2	(NC);(NC)	Intron;Intron	-0.677300753
2317	MORC2	(NC);(NC)	Intron;Intron	1.252165783
2318	MORC2	(NC);(NC)	Intron;Intron	-0.601828412
2319	MORC2	(NC)	Splice-donor	-1.795456191
2320	MORC2		No Mutation	-0.638991115
2321	MORC2		No Mutation	0.195217428
2322	MORC2	D530G	Missense	-0.769256913
2323	MORC2	P531P	Silent	0.171419726
2324	MORC2	N528G	Missense	-0.059421246
2325	MORC2	M527T	Missense	-0.032285427
2326	MORC2	C525R;S526P	Missense;Missense	-1.662391542
2327	MORC2	V524V;C525R;S526P	Silent;Missense;Missense	-3.361821478
2328	MORC2	K517K;D518G	Silent;Missense	0.22404755
2329	MORC2	K517R;D518G	Missense;Missense	0.425080201
2330	MORC2	S514S;V515A	Silent;Missense	-0.217094065
2331	MORC2	S514P;V515A	Missense;Missense	0.186928428
2332	MORC2	S513S;S514P	Silent;Missense	-0.541857984
2333	MORC2		No Mutation	0.150875666
2334	MORC2	S513S;S514P	Silent;Missense	-0.717836048
2335	MORC2	L512P;S513S	Missense;Silent	-0.984329139
2336	MORC2	(NC);D500G	Splice-acceptor;Missense	-0.444677146
2337	MORC2	(NC)	Intron	-0.130415856
2338	MORC2		No Mutation	-0.150917976
2339	MORC2	(NC);(NC)	Intron;Intron	0.134639677
2340	MORC2	Q498R	Missense	-0.635509291
2341	MORC2	(NC)	Splice-donor	-1.174908079
2342	MORC2	I497V;Q498R	Missense;Missense	-0.25126716
2343	MORC2	I497V	Missense	0.138397369
2344	MORC2	(NC)	Splice-donor	-1.556343334
2345	MORC2	C499R	Missense	-1.517415395
2346	MORC2	C499R	Missense	-1.577715105
2347	MORC2	T495A	Missense	-0.023535426
2348	MORC2	I493T	Missense	-0.916800888
2349	MORC2	K486G	Missense	-0.898661527
2350	MORC2	E482G	Missense	-0.909334614
2351	MORC2		No Mutation	0.242237487
2352	MORC2	R484R;Y485H	Silent;Missense	-0.439688148
2353	MORC2	R484R;Y485H	Silent;Missense	-0.313968646
2354	MORC2	L483P;R484R	Missense;Silent	0.229598481
2355	MORC2	L483P	Missense	0.154365234
2356	MORC2	S481S	Silent	-0.514547511
2357	MORC2		No Mutation	-0.775246911
2358	MORC2		No Mutation	0.060927566
2359	MORC2	Y470C	Missense	0.250395466
2360	MORC2	K463G	Missense	0.576825163
2361	MORC2	G460G;I461V	Silent;Missense	0.025806804
2362	MORC2	F464L	Missense	0.417308396
2363	MORC2	G460G	Silent	0.09716979
2364	MORC2	I462T	Missense	0.145891645
2365	MORC2	I461T;I462T	Missense;Missense	1.051048864
2366	MORC2		No Mutation	-0.278314893
2367	MORC2		No Mutation	0.331563392
2368	MORC2		No Mutation	0.019965228
2369	MORC2	(NC);(NC)	Intron;Intron	-0.571372155
2370	MORC2	(NC);(NC)	Intron;Intron	-0.048453786
2371	MORC2	(NC)	Intron	0.650705899
2372	MORC2	I456V	Missense	-0.320566753
2373	MORC2	I456V	Missense	0.165132701
2374	MORC2	I454V	Missense	0.522198759
2375	MORC2	D453G;I454V	Missense;Missense	0.129516981
2376	MORC2	D453G;I454V	Missense;Missense	-0.17116594
2377	MORC2	K452G	Missense	-0.102158104
2378	MORC2		No Mutation	0.376770096
2379	MORC2		No Mutation	0.658203216
2380	MORC2	E445G;H446R	Missense;Missense	-0.205480706
2381	MORC2		No Mutation	-1.149676055
2382	MORC2	R441R;A442A;M443V	Silent;Silent;Missense	0.852304517
2383	MORC2		No Mutation	0.173437804
2384	MORC2		No Mutation	-1.145305916
2385	MORC2		No Mutation	0.233600768
2386	MORC2	H438R	Missense	-0.580542945
2387	MORC2	H438R	Missense	-0.224183109
2388	MORC2	H438R	Missense	-0.547901431
2389	MORC2	L439P	Missense	-1.46465262
2390	MORC2	D432G	Missense	-0.463290601
2391	MORC2	D429G	Missense	0.028702582
2392	MORC2		No Mutation	0.14451721
2393	MORC2	T424A	Missense	-0.563985985
2394	MORC2		No Mutation	-0.246454063
2395	MORC2	P423P	Silent	-0.522650473
2396	MORC2	P423P	Silent	-0.624816149
2397	MORC2		No Mutation	-0.671191305
2398	MORC2		No Mutation	-0.273973905
2399	MORC2		No Mutation	-0.094430076
2400	MORC2	A406A	Silent	-0.191096298
2401	MORC2	A406A	Silent	0.219906002
2402	MORC2	A406A	Silent	0.040249157
2403	MORC2		No Mutation	0.554898155
2404	MORC2		No Mutation	-0.016899441
2405	MORC2	(NC)	Splice-acceptor	-0.97980116
2406	MORC2		No Mutation	-0.333852908
2407	MORC2		No Mutation	0.203308785
2408	MORC2		No Mutation	0.242004094
2409	MORC2		No Mutation	0.068859508
2410	MORC2	M405T	Missense	-0.637760273
2411	MORC2		No Mutation	-0.432566814
2412	MORC2		No Mutation	0.546456168
2413	MORC2		No Mutation	-0.186963079
2414	MORC2		No Mutation	0.193707911
2415	MORC2		No Mutation	0.284231035
2416	MORC2	K396G	Missense	-0.255073771
2417	MORC2	K392G;M393V	Missense;Missense	0.627133698
2418	MORC2	K392G;M393V	Missense;Missense	0.409667656
2419	MORC2	M382T;F383L	Missense;Missense	-1.242856521
2420	MORC2	E375G;H376R	Missense;Missense	0.287528051
2421	MORC2	I374V	Missense	-0.013727484
2422	MORC2	N373D	Missense	0.384599008
2423	MORC2		No Mutation	-0.19116854
2424	MORC2	F368P;V369A	Missense;Missense	0.569765656
2425	MORC2	R358R;A359A	Silent;Silent	-0.226671916
2426	MORC2	(NC)	Intron	-0.097113511
2427	MORC2	(NC)	Intron	-0.237712452
2428	MORC2	K356G;Q357R	Missense;Missense	0.215150267
2429	MORC2	K353G	Missense	-0.427060057
2430	MORC2	K349G;K350E	Missense;Missense	-0.046439265
2431	MORC2	I352T	Missense	-0.065389962
2432	MORC2	K349E	Missense	-0.050205849
2433	MORC2	E345G	Missense	0.144985256
2434	MORC2		No Mutation	0.392521956
2435	MORC2	T341T	Silent	0.591594756
2436	MORC2	(NC)	Splice-acceptor	-0.445828293
2437	MORC2	(NC)	Intron	-0.031895797
2438	MORC2	(NC)	Intron	0.451364493
2439	MORC2	(NC);(NC)	Intron;Intron	0.040776414
2440	MORC2	(NC);(NC)	Intron;Intron	-0.196644665
2441	MORC2	(NC);(NC)	Intron;Intron	-1.143717828
2442	MORC2		No Mutation	-0.210403515
2443	MORC2	(NC)	Intron	-0.92512715
2444	MORC2	D327G	Missense	-0.958450889
2445	MORC2		No Mutation	-0.222486821
2446	MORC2		No Mutation	-0.113363972
2447	MORC2	T325A	Missense	0.622083688
2448	MORC2	D323G	Missense	0.026505303
2449	MORC2		No Mutation	0.044970315
2450	MORC2	L320L	Silent	0.009931802
2451	MORC2	L320L	Silent	0.138301128
2452	MORC2	L316L;E317G	Silent;Missense	-2.583871846
2453	MORC2	T315A	Missense	0.242001358
2454	MORC2	E308G;A309A	Missense;Silent	0.322793147
2455	MORC2	E303G	Missense	0.194194581
2456	MORC2	(NC)	Splice-acceptor	-1.702088283
2457	MORC2	(NC)	Splice-acceptor	-0.65839373
2458	MORC2		No Mutation	0.172581835
2459	MORC2	(NC);(NC);(NC)	Intron;Intron;Intron	-0.238791759
2460	MORC2	(NC);(NC)	Intron;Intron	-0.623894711
2461	MORC2	I301V	Missense	-1.01320871
2462	MORC2	I301V	Missense	-0.900156258
2463	MORC2	E296G;H297R	Missense;Missense	-0.702779031
2464	MORC2	K294R;A295A	Missense;Silent	0.068165313
2465	MORC2	V292A	Missense	-0.387774217
2466	MORC2	V292A	Missense	0.012050606
2467	MORC2	T286A	Missense	-0.135896858
2468	MORC2	K285G;T286A	Missense;Missense	-0.355741988
2469	MORC2	R287R	Silent	-0.13583139
2470	MORC2		No Mutation	-0.396927654
2471	MORC2	(NC)	Intron	-0.115800697
2472	MORC2	(NC)	Intron	0.074971098
2473	MORC2	(NC)	Intron	-0.384707188
2474	MORC2	(NC)	Splice-donor	-1.206324581
2475	MORC2	Y272C	Missense	0.350311186
2476	MORC2	Y272C	Missense	0.442345376
2477	MORC2		No Mutation	0.184353425
2478	MORC2		No Mutation	-0.116242138
2479	MORC2		No Mutation	-0.172490845
2480	MORC2	C270R	Missense	-0.9872741
2481	MORC2	H260R;K261G	Missense;Missense	-1.630348994
2482	MORC2		No Mutation	-0.334960544
2483	MORC2	I257V	Missense	0.353946446
2484	MORC2	I257T	Missense	-1.233784258
2485	MORC2	R254G	Missense	-0.546177352
2486	MORC2	F256S;I257T	Missense;Missense	-1.021707549
2487	MORC2	M253V;R254G	Missense;Missense	-1.163112351
2488	MORC2	F256P;I257T	Missense;Missense	-0.289674837
2489	MORC2	Y248C;I249V	Missense;Missense	-0.282930866
2490	MORC2		No Mutation	0.393752511
2491	MORC2	I249T;D250D	Missense;Silent	0.379290063
2492	MORC2	L247P;Y248H	Missense;Missense	0.202630901
2493	MORC2	A245A;V246A	Silent;Missense	0.251908969
2494	MORC2	F240P	Missense	-1.161488463
2495	MORC2		No Mutation	-0.74301472
2496	MORC2		No Mutation	-0.309652651
2497	MORC2		No Mutation	0.107851732
2498	MORC2		No Mutation	-0.852295053
2499	MORC2		No Mutation	-1.352850784
2500	MORC2	(NC)	Intron	-0.723131363
2501	MORC2	(NC)	Intron	-1.494542927
2502	MORC2	(NC)	Intron	-0.488642313
2503	MORC2	T233A	Missense	-0.503473407
2504	MORC2	(NC);(NC)	Intron;Intron	-0.092077441
2505	MORC2	T233A	Missense	0.210041519
2506	MORC2	(NC);(NC)	Intron;Intron	0.164733055
2507	MORC2	(NC)	Intron	-1.025711247
2508	MORC2	P230P;E231G	Silent;Missense	-0.389394536
2509	MORC2	M225T	Missense	0.896622124
2510	MORC2	P220P;R221G	Silent;Missense	-0.691854701
2511	MORC2	I217T;S218P	Missense;Missense	-0.730094406
2512	MORC2	K205G	Missense	0.203531925
2513	MORC2	N203D	Missense	-0.574619552
2514	MORC2		No Mutation	0.821973331
2515	MORC2	(NC);(NC);(NC);(NC)	Intron;Intron;Intron;Intron	-0.343838497
2516	MORC2	(NC)	Intron	-0.638191944
2517	MORC2		No Mutation	0.488265529
2518	MORC2	K190G;I191V	Missense;Missense	-0.278701309
2519	MORC2	I191I;P192P	Silent;Silent	0.892176826
2520	MORC2	I191T;P192P	Missense;Silent	-0.635043245
2521	MORC2	M189V	Missense	-0.797303941
2522	MORC2	Q187R	Missense	0.093942046
2523	MORC2	Q187R	Missense	-0.474375992
2524	MORC2	V184A	Missense	-1.164387472
2525	MORC2		No Mutation	-0.102254934
2526	MORC2	P177P	Silent	0.090043088
2527	MORC2		No Mutation	-0.369247741
2528	MORC2	L171P;I172T	Missense;Missense	-1.337426231
2529	MORC2	V162A	Missense	-0.094451781
2530	MORC2		No Mutation	0.218313709
2531	MORC2		No Mutation	-0.184023939
2532	MORC2		No Mutation	-0.32315493
2533	MORC2		No Mutation	0.247935358
2534	MORC2		No Mutation	-0.114537917
2535	MORC2	N151D	Missense	0.055336787
2536	MORC2		No Mutation	-0.662945888
2537	MORC2	N151N	Silent	-0.280075312
2538	MORC2	N151N	Silent	-0.097734128
2539	MORC2		No Mutation	0.005021787
2540	MORC2	I144M	Missense	-0.517632516
2541	MORC2	L147P	Missense	-2.111536007
2542	MORC2	(NC)	Intron	-0.050881618
2543	MORC2	(NC)	Intron	0.054966747
2544	MORC2	E142E;(NC)	Silent;Intron	-0.306574912
2545	MORC2	E138G	Missense	0.036417787
2546	MORC2	T133A	Missense	-1.316298812
2547	MORC2	F134F;H135H	Silent;Silent	1.156447111
2548	MORC2		No Mutation	-0.759966298
2549	MORC2	F134L	Missense	-0.304252789
2550	MORC2	S131S	Silent	0.147569989
2551	MORC2	F129S;L130P	Missense;Missense	-0.636343963
2552	MORC2	M125T	Missense	0.259438319
2553	MORC2		No Mutation	0.20344355
2554	MORC2	S108S;M109V	Silent;Missense	-0.624775675
2555	MORC2		No Mutation	-0.83761976
2556	MORC2	(NC)	Splice-acceptor	-1.001609232
2557	MORC2	M109T	Missense	-0.559572589
2558	MORC2	(NC);(NC);(NC)	Intron;Intron;Intron	-0.249657113
2559	MORC2	(NC);(NC);(NC);(NC)	Intron;Intron;Intron;Intron	-0.571198741
2560	MORC2	N102G	Missense	-1.873227125
2561	MORC2		No Mutation	1.2209257
2562	MORC2	I97V	Missense	-0.061466762
2563	MORC2	Q96R	Missense	1.033367057
2564	MORC2	T95A;Q96R	Missense;Missense	0.475180479
2565	MORC2	I97T	Missense	-1.199902116
2566	MORC2	E93G	Missense	-0.321008832
2567	MORC2	E93G	Missense	-0.283388003
2568	MORC2	S94P	Missense	-0.051027067
2569	MORC2		No Mutation	0.441946869
2570	MORC2	I82V	Missense	0.430037272
2571	MORC2	F84S	Missense	0.460021714
2572	MORC2	S80G	Missense	-0.11544878
2573	MORC2	S80G	Missense	-0.039901423
2574	MORC2	A78A	Silent	-0.079881646
2575	MORC2	A78A	Silent	0.081726505
2576	MORC2	(NC)	Intron	-0.366653764
2577	MORC2	(NC);(NC)	Intron;Intron	-1.022354929
2578	MORC2	D68G	Missense	-0.725679901
2579	MORC2	F62F;M63T	Silent;Missense	0.574477987
2580	MORC2	R55R;E56G	Silent;Missense	0.472596762
2581	MORC2	R54G	Missense	0.165936326
2582	MORC2	I50V;Y51C	Missense;Missense	-0.337057616
2583	MORC2	Y51Y	Silent	0.327837747
2584	MORC2	I50T;Y51H	Missense;Missense	-0.834850597
2585	MORC2	R47G;I48V	Missense;Missense	-0.48343718
2586	MORC2	A40A;R41G	Silent;Missense	-1.60754831
2587	MORC2	E35G	Missense	-1.247093642
2588	MORC2	V37V;D38D	Silent;Silent	0.104639614
2589	MORC2	V37A;D38D	Missense;Silent	-0.00297681
2590	MORC2		No Mutation	0.17534862
2591	MORC2	L29S;F30P	Missense;Missense	-0.567503935
2592	MORC2	T25A;H26R	Missense;Missense	-1.023005708
2593	MORC2	N22S	Missense	-0.433879238
2594	MORC2		No Mutation	-0.233451105
2595	MORC2	A2A;F3L	Silent;Missense	0.062094741
2596	MORC2	(NC);(NC)	UTR;UTR	-0.185028308
2597	ATF7IP	Q8R;K9E	Missense;Missense	-0.767443541
2598	ATF7IP	Q25Q	Silent	-0.004804441
2599	ATF7IP	D40G	Missense	0.342711892
2600	ATF7IP	N45G	Missense	0.179911337
2601	ATF7IP	H48R	Missense	0.197117119
2602	ATF7IP	D54G	Missense	-0.363971236
2603	ATF7IP	S57S	Silent	0.60231753
2604	ATF7IP	D63G	Missense	-0.433898375
2605	ATF7IP	I65V;K66E	Missense;Missense	0.044452348
2606	ATF7IP	D67G;K68G	Missense;Missense	0.6844476
2607	ATF7IP	E82G;G83G	Missense;Silent	-0.058665918
2608	ATF7IP		No Mutation	0.559210524
2609	ATF7IP	G83G;S84G;K85E	Silent;Missense;Missense	0.683614007
2610	ATF7IP	V97A	Missense	0.482408715
2611	ATF7IP	V97A;N98N	Missense;Silent	0.089478509
2612	ATF7IP	N98G	Missense	0.04549094
2613	ATF7IP	N116N;I117T	Silent;Missense	0.15859568
2614	ATF7IP		No Mutation	-0.505560221
2615	ATF7IP		No Mutation	0.053031843
2616	ATF7IP		No Mutation	0.29178662
2617	ATF7IP	L125P	Missense	0.222962724
2618	ATF7IP	P126P	Silent	1.251719978
2619	ATF7IP		No Mutation	-0.154859744
2620	ATF7IP	S131P	Missense	0.351641871
2621	ATF7IP		No Mutation	0.449360638
2622	ATF7IP		No Mutation	-0.234383528
2623	ATF7IP	P134P	Silent	0.01403988
2624	ATF7IP		No Mutation	0.629501911
2625	ATF7IP	L139P	Missense	-0.074412122
2626	ATF7IP	D140D	Silent	0.594954195
2627	ATF7IP	D140D	Silent	-0.175240033
2628	ATF7IP		No Mutation	-0.606437081
2629	ATF7IP		No Mutation	-0.083449221
2630	ATF7IP	P144P	Silent	0.868336195
2631	ATF7IP		No Mutation	0.048289119
2632	ATF7IP	L149P	Missense	-0.196233142
2633	ATF7IP	S151P	Missense	0.217122472
2634	ATF7IP	S151S;G152G	Silent;Silent	-0.043599613
2635	ATF7IP		No Mutation	-0.585641341
2636	ATF7IP	S156P	Missense	0.142075212
2637	ATF7IP		No Mutation	-0.484725571
2638	ATF7IP	S161P	Missense	-0.332757618
2639	ATF7IP	S165P	Missense	0.044395827
2640	ATF7IP	S165P	Missense	0.630237886
2641	ATF7IP	S166P	Missense	0.447999062
2642	ATF7IP	S167G	Missense	-0.149295785
2643	ATF7IP	A169A	Silent	0.059569925
2644	ATF7IP	A169A	Silent	0.18829456
2645	ATF7IP	S171P	Missense	0.174595215
2646	ATF7IP		No Mutation	0.040060241
2647	ATF7IP	S176P	Missense	0.64717206
2648	ATF7IP		No Mutation	0.069614079
2649	ATF7IP	P180P;S181P	Silent;Missense	-0.205012574
2650	ATF7IP		No Mutation	0.237135078
2651	ATF7IP	V184A;S185P	Missense;Missense	-0.438804607
2652	ATF7IP	S185P	Missense	0.118775543
2653	ATF7IP	S185P	Missense	0.150546775
2654	ATF7IP		No Mutation	-0.175102285
2655	ATF7IP	S191P	Missense	0.403067458
2656	ATF7IP	S191P	Missense	0.067813636
2657	ATF7IP	S191P	Missense	0.244751925
2658	ATF7IP	T195T	Silent	0.90210849
2659	ATF7IP	T195T;A196A	Silent;Silent	0.215699867
2660	ATF7IP	D197G	Missense	0.577814994
2661	ATF7IP	L199P;S200P	Missense;Missense	-0.042385851
2662	ATF7IP	S206P	Missense	0.212731956
2663	ATF7IP	S207G	Missense	0.109586823
2664	ATF7IP	I210T	Missense	0.080732694
2665	ATF7IP	I210T	Missense	-0.451905006
2666	ATF7IP	I210T	Missense	-0.027169272
2667	ATF7IP	I210V	Missense	0.071580013
2668	ATF7IP	V215A	Missense	-0.03357691
2669	ATF7IP	V215A	Missense	-0.360328899
2670	ATF7IP	P216P	Silent	0.840046652
2671	ATF7IP	P216P;V217A	Silent;Missense	0.893642836
2672	ATF7IP		No Mutation	0.08453005
2673	ATF7IP	I220T	Missense	0.271440013
2674	ATF7IP	I220I;S221P	Silent;Missense	0.100370467
2675	ATF7IP	S221P	Missense	0.512035356
2676	ATF7IP	C224R	Missense	-0.053889809
2677	ATF7IP	C224C	Silent	0.410317824
2678	ATF7IP	S231P	Missense	0.071591278
2679	ATF7IP	T235T;S236P	Silent;Missense	-0.200229787
2680	ATF7IP	E233E;I234V;T235A	Silent;Missense;Missense	-0.046047703
2681	ATF7IP		No Mutation	-0.225052264
2682	ATF7IP		No Mutation	0.111668217
2683	ATF7IP	S251S;D252D	Silent;Silent	0.015173444
2684	ATF7IP	P249P	Silent	0.075407995
2685	ATF7IP	D252G	Missense	-0.440093801
2686	ATF7IP	L254P	Missense	-0.143690634
2687	ATF7IP	S256P	Missense	0.30066568
2688	ATF7IP	S261P	Missense	0.237003049
2689	ATF7IP	L259L	Silent	-0.684443475
2690	ATF7IP	S266P	Missense	0.453942908
2691	ATF7IP	E263E	Silent	0.232588007
2692	ATF7IP	D267G	Missense	-0.299634688
2693	ATF7IP	T271T	Silent	0.30564106
2694	ATF7IP		No Mutation	-0.082042719
2695	ATF7IP	S276P	Missense	0.53833212
2696	ATF7IP	T280T;S281P	Silent;Missense	-0.310038322
2697	ATF7IP	F289S	Missense	0.13733715
2698	ATF7IP	S293S;V294A	Silent;Missense	-0.327674449
2699	ATF7IP	V296A;C297R	Missense;Missense	-0.087438215
2700	ATF7IP	V300A	Missense	0.234906026
2701	ATF7IP		No Mutation	0.118097503
2702	ATF7IP	I306T	Missense	0.013908789
2703	ATF7IP	D313D	Silent	-0.155643887
2704	ATF7IP	Q330R;S331G	Missense;Missense	0.209038347
2705	ATF7IP		No Mutation	0.242394643
2706	ATF7IP	E366E;N367G	Silent;Missense	-0.930134716
2707	ATF7IP	I376V;T377A	Missense;Missense	0.073557706
2708	ATF7IP	I386V	Missense	-0.152110699
2709	ATF7IP	S389G;M390V	Missense;Missense	0.417483502
2710	ATF7IP	L424L;E425G;N426D	Silent;Missense;Missense	0.945530228
2711	ATF7IP	E434G;I435V	Missense;Missense	1.39952234
2712	ATF7IP	E440E;K441G	Silent;Missense	-0.472918587
2713	ATF7IP	L449P	Missense	-0.185311639
2714	ATF7IP		No Mutation	0.351109145
2715	ATF7IP	N464N	Silent	0.126883688
2716	ATF7IP	E462G;T463A	Missense;Missense	0.302022118
2717	ATF7IP	P465P;D466G	Silent;Missense	0.193418585
2718	ATF7IP	K470G;M471V	Missense;Missense	0.062633606
2719	ATF7IP	S483S	Silent	0.094740205
2720	ATF7IP	P488P;K489E	Silent;Missense	-0.311747675
2721	ATF7IP	L493P;V494A	Missense;Missense	-0.668636666
2722	ATF7IP	S496S;D497D	Silent;Silent	-0.086363299
2723	ATF7IP		No Mutation	0.465537681
2724	ATF7IP	D497G	Missense	-0.017232761
2725	ATF7IP	D500D	Silent	0.558434696
2726	ATF7IP	D497G;E498G	Missense;Missense	-0.08680314
2727	ATF7IP	N514G;E515G	Missense;Missense	0.07715635
2728	ATF7IP	(NC);(NC)	Intron;Intron	0.400038842
2729	ATF7IP	E521E;V522V	Silent;Silent	0.599902647
2730	ATF7IP	E526E;K527G	Silent;Missense	-0.036548339
2731	ATF7IP	V537A	Missense	0.261159518
2732	ATF7IP	F551S;S552P	Missense;Missense	0.988524526
2733	ATF7IP	K558E	Missense	-0.274914597
2734	ATF7IP	K568G	Missense	-1.349195311
2735	ATF7IP	M573V	Missense	0.422295102
2736	ATF7IP	V583V;K584G	Silent;Missense	-0.269211503
2737	ATF7IP		No Mutation	-0.036950861
2738	ATF7IP	N592G	Missense	-0.744746193
2739	ATF7IP	(NC);(NC)	Intron;Intron	-0.379984169
2740	ATF7IP		No Mutation	0.036842906
2741	ATF7IP	I599V	Missense	0.138370896
2742	ATF7IP	V614V	Silent	0.394376435
2743	ATF7IP	A620A;E621G	Silent;Missense	-0.004246393
2744	ATF7IP	K628R;I629V	Missense;Missense	0.112597365
2745	ATF7IP	T637T	Silent	0.010536684
2746	ATF7IP	L649S	Missense	-0.746834902
2747	ATF7IP	F653P	Missense	-0.313507818
2748	ATF7IP		No Mutation	-0.0802004
2749	ATF7IP	(NC)	Intron	0.096252136
2750	ATF7IP		No Mutation	-0.432893833
2751	ATF7IP		No Mutation	-0.422302878
2752	ATF7IP		No Mutation	0.175100247
2753	ATF7IP		No Mutation	-0.006369134
2754	ATF7IP	N669G	Missense	0.485239367
2755	ATF7IP	V672A;S673P	Missense;Missense	-0.138833327
2756	ATF7IP	S673P	Missense	-0.440434702
2757	ATF7IP		No Mutation	0.081706412
2758	ATF7IP	N684S;N685G	Missense;Missense	-0.09362807
2759	ATF7IP	(NC)	Intron	-0.334697422
2760	ATF7IP	T694A	Missense	-0.339267491
2761	ATF7IP		No Mutation	0.646952767
2762	ATF7IP	T715T	Silent	-0.197957887
2763	ATF7IP	P716P;V717A	Silent;Missense	0.219044545
2764	ATF7IP	Q714R;T715A	Missense;Missense	0.868177298
2765	ATF7IP	V717A;N718N	Missense;Silent	0.539235938
2766	ATF7IP	(NC);(NC)	Intron;Intron	-0.056475137
2767	ATF7IP	P728P	Silent	-0.443674646
2768	ATF7IP	S733S	Silent	0.103729954
2769	ATF7IP	S734S	Silent	-0.669405248
2770	ATF7IP	V742A	Missense	-0.644688011
2771	ATF7IP	Q739R;T740A	Missense;Missense	-0.057218759
2772	ATF7IP	Q739R;T740A	Missense;Missense	0.300859266
2773	ATF7IP	S746P;L747P	Missense;Missense	-0.04478488
2774	ATF7IP	V752A	Missense	0.714804279
2775	ATF7IP	V752A	Missense	0.026348104
2776	ATF7IP	A759A	Silent	-0.147858128
2777	ATF7IP	V761A;V762A	Missense;Missense	-0.16736323
2778	ATF7IP	V761A;V762A	Missense;Missense	0.30251793
2779	ATF7IP	V761V	Silent	0.14818501
2780	ATF7IP	T764A;T765A	Missense;Missense	-0.356377435
2781	ATF7IP		No Mutation	-0.759097704
2782	ATF7IP	S777P;L778P	Missense;Missense	0.31173735
2783	ATF7IP	S777S;L778P	Silent;Missense	0.51658477
2784	ATF7IP	S777S;L778P	Silent;Missense	-0.027655767
2785	ATF7IP		No Mutation	0.213895103
2786	ATF7IP	L785P	Missense	0.010054509
2787	ATF7IP	V787A	Missense	0.867669729
2788	ATF7IP	S793P	Missense	-0.374671883
2789	ATF7IP	L797P;L798P	Missense;Missense	-0.254853848
2790	ATF7IP	L798P	Missense	0.3869015
2791	ATF7IP		No Mutation	-0.279545505
2792	ATF7IP		No Mutation	-0.253355243
2793	ATF7IP		No Mutation	-0.523061708
2794	ATF7IP	L798L	Silent	-0.368746095
2795	ATF7IP	S800G	Missense	0.120187732
2796	ATF7IP	V806A	Missense	0.508919504
2797	ATF7IP	T807T	Silent	0.063063891
2798	ATF7IP	T807A	Missense	0.132669505
2799	ATF7IP	F816P	Missense	3.196827666
2800	ATF7IP	S821G	Missense	-0.065704198
2801	ATF7IP	S826S;G827G	Silent;Silent	-0.044812981
2802	ATF7IP	G827G;L828P	Silent;Missense	-0.620702267
2803	ATF7IP	L828P	Missense	0.260482153
2804	ATF7IP	S837P;L838P	Missense;Missense	0.701987695
2805	ATF7IP	N840N	Silent	-0.783685833
2806	ATF7IP		No Mutation	-0.232496704
2807	ATF7IP	T842T	Silent	-0.704107442
2808	ATF7IP		No Mutation	-0.061147605
2809	ATF7IP	V847A	Missense	-0.354679563
2810	ATF7IP	V847A	Missense	0.143072142
2811	ATF7IP	S849P;V850A	Missense;Missense	-0.257845676
2812	ATF7IP	P853P	Silent	0.202550629
2813	ATF7IP	S852G	Missense	0.341841728
2814	ATF7IP		No Mutation	-0.313767929
2815	ATF7IP		No Mutation	0.341967818
2816	ATF7IP		No Mutation	-0.192440362
2817	ATF7IP	S862G	Missense	-0.824847957
2818	ATF7IP	A863A	Silent	-0.008954905
2819	ATF7IP	S862G	Missense	-0.387157205
2820	ATF7IP		No Mutation	-0.054079124
2821	ATF7IP	L866S	Missense	0.173845923
2822	ATF7IP	L870P	Missense	-0.172380651
2823	ATF7IP	G867G;T868A;T869A	Silent;Missense;Missense	-0.283904826
2824	ATF7IP	I881T;V882A	Missense;Missense	0.184642632
2825	ATF7IP	I881V	Missense	0.465996317
2826	ATF7IP	L889S	Missense	-0.05803028
2827	ATF7IP	T887A	Missense	0.007613696
2828	ATF7IP	T887A	Missense	0.021320486
2829	ATF7IP	T891A	Missense	0.446664438
2830	ATF7IP	S895P	Missense	-0.026776613
2831	ATF7IP		No Mutation	0.375668939
2832	ATF7IP	Y898Y;S899S	Silent;Silent	-0.012886162
2833	ATF7IP	S899S	Silent	0.318337427
2834	ATF7IP	S899G	Missense	0.03001656
2835	ATF7IP	G905G	Silent	0.356551501
2836	ATF7IP	S917S	Silent	0.511376844
2837	ATF7IP	N927G;T928A	Missense;Missense	0.289726027
2838	ATF7IP	(NC)	Splice-donor	-0.763351145
2839	ATF7IP	(NC)	Intron	-0.023671025
2840	ATF7IP	(NC)	Intron	0.011804567
2841	ATF7IP	(NC)	Intron	-0.723291288
2842	ATF7IP		No Mutation	0.445418273
2843	ATF7IP	A948A	Silent	-0.229225566
2844	ATF7IP	(NC)	Splice-acceptor	-1.392193144
2845	ATF7IP	T959A	Missense	0.296992999
2846	ATF7IP	S964S	Silent	0.669992854
2847	ATF7IP	I967V	Missense	0.172529939
2848	ATF7IP	M971V;D972G	Missense;Missense	0.439432526
2849	ATF7IP	E975G;S976G	Missense;Missense	0.017464429
2850	ATF7IP	S994S;S995P	Silent;Missense	0.175448999
2851	ATF7IP	P998P	Silent	-0.322283539
2852	ATF7IP	L1003P	Missense	-0.603826874
2853	ATF7IP		No Mutation	0.117282885
2854	ATF7IP		No Mutation	-0.119803916
2855	ATF7IP	P1011P	Silent	0.095967366
2856	ATF7IP		No Mutation	0.143634006
2857	ATF7IP		No Mutation	-0.260469952
2858	ATF7IP		No Mutation	0.568285476
2859	ATF7IP		No Mutation	0.141694767
2860	ATF7IP	S1015P	Missense	-0.040895989
2861	ATF7IP	V1017A	Missense	0.215024464
2862	ATF7IP		No Mutation	-0.466773747
2863	ATF7IP		No Mutation	0.006244773
2864	ATF7IP	S1023P	Missense	-0.064623004
2865	ATF7IP	I1027T	Missense	-0.096452138
2866	ATF7IP	I1027V;H1028R	Missense;Missense	0.245879579
2867	ATF7IP	L1030P;P1031P	Missense;Silent	-0.000826198
2868	ATF7IP	P1031P	Silent	0.428024109
2869	ATF7IP	(NC);(NC)	Intron;Intron	0.34154177
2870	ATF7IP	T1035T	Silent	0.294633631
2871	ATF7IP	V1039A	Missense	0.233548059
2872	ATF7IP	H1041H;R1042R	Silent;Silent	-0.126564239
2873	ATF7IP	T1040T;H1041R	Silent;Missense	0.260755801
2874	ATF7IP		No Mutation	-0.163547173
2875	ATF7IP	V1053A	Missense	0.576812567
2876	ATF7IP	A1056A;P1057P	Silent;Silent	-0.545848981
2877	ATF7IP	P1057P	Silent	0.21959249
2878	ATF7IP	R1055R	Silent	0.140410946
2879	ATF7IP		No Mutation	-0.025641716
2880	ATF7IP		No Mutation	0.188573555
2881	ATF7IP	V1062A;V1063A	Missense;Missense	0.209545604
2882	ATF7IP	Y1064Y	Silent	0.099185144
2883	ATF7IP	T1066T	Silent	0.7140926
2884	ATF7IP		No Mutation	-0.288435597
2885	ATF7IP		No Mutation	-0.666097105
2886	ATF7IP	Q1073R	Missense	0.084858334
2887	ATF7IP	L1076P	Missense	0.706284344
2888	ATF7IP	L1076P	Missense	0.032059973
2889	ATF7IP	R1077R	Silent	0.054842794
2890	ATF7IP	V1080A;M1081T	Missense;Missense	0.488160204
2891	ATF7IP	V1080A;M1081T	Missense;Missense	0.645557958
2892	ATF7IP	Q1082R	Missense	-0.085957755
2893	ATF7IP		No Mutation	-0.054982443
2894	ATF7IP	V1089A	Missense	0.397835251
2895	ATF7IP	(NC);(NC);(NC);(NC)	Intron;Intron;Intron;Intron	0.859800782
2896	ATF7IP	(NC);(NC);(NC);(NC)	Intron;Intron;Intron;Intron	0.889143698
2897	ATF7IP	Y1105H;V1106A	Missense;Missense	-0.43574384
2898	ATF7IP	T1104A;Y1105C	Missense;Missense	-0.245081729
2899	ATF7IP	N1109N	Silent	-0.13655635
2900	ATF7IP	V1107V;N1108G;N1109D	Silent;Missense;Missense	-0.428860778
2901	ATF7IP	N1108G;N1109G	Missense;Missense	0.033999513
2902	ATF7IP	L1111L;T1112A	Silent;Missense	-0.051541734
2903	ATF7IP	P1118P	Silent	0.025528061
2904	ATF7IP	P1118P	Silent	-0.173082747
2905	ATF7IP	H1123H	Silent	0.256295215
2906	ATF7IP	H1130H	Silent	-0.015828625
2907	ATF7IP	T1131T;(NC)	Silent;Splice-donor	-0.864563172
2908	ATF7IP	(NC)	Splice-donor	-0.708727833
2909	ATF7IP	(NC)	Intron	-0.009333065
2910	ATF7IP		No Mutation	-0.035502193
2911	ATF7IP		No Mutation	-0.234784576
2912	ATF7IP		No Mutation	-0.473399147
2913	ATF7IP		No Mutation	-0.095192521
2914	ATF7IP		No Mutation	-0.401683877
2915	ATF7IP		No Mutation	-0.051381975
2916	ATF7IP	L1142L	Silent	-0.419994019
2917	ATF7IP	L1142P	Missense	-0.171345744
2918	ATF7IP	L1142P	Missense	0.07045176
2919	ATF7IP		No Mutation	0.316883185
2920	ATF7IP		No Mutation	0.057294884
2921	ATF7IP		No Mutation	1.061471935
2922	ATF7IP		No Mutation	0.346650212
2923	ATF7IP		No Mutation	-0.799392599
2924	ATF7IP	L1151P	Missense	-0.039591519
2925	ATF7IP		No Mutation	-0.02063238
2926	ATF7IP		No Mutation	-0.069189623
2927	ATF7IP		No Mutation	0.057890634
2928	ATF7IP	S1159P	Missense	0.18955924
2929	ATF7IP	S1159P	Missense	0.274933207
2930	ATF7IP	P1161P	Silent	-0.127709642
2931	ATF7IP	L1166P	Missense	-0.507234797
2932	ATF7IP		No Mutation	0.445816676
2933	ATF7IP		No Mutation	0.51192425
2934	ATF7IP	N1175S	Missense	0.141276236
2935	ATF7IP	V1178V	Silent	-0.341110144
2936	ATF7IP	S1180S	Silent	-0.112593124
2937	ATF7IP	S1180S;S1182G	Silent;Missense	-0.23229353
2938	ATF7IP	C1190R	Missense	0.354014689
2939	ATF7IP	H1197H	Silent	-0.681198502
2940	ATF7IP		No Mutation	-0.055038189
2941	ATF7IP	H1202H	Silent	-0.133043123
2942	ATF7IP	S1206S	Silent	-0.091043286
2943	ATF7IP	S1211P	Missense	-0.14909544
2944	ATF7IP	T1208A	Missense	0.182913276
2945	ATF7IP	S1211P	Missense	-0.302957213
2946	ATF7IP	W1213R	Missense	-0.802192907
2947	ATF7IP	S1211S;Q1212R	Silent;Missense	-0.444510475
2948	ATF7IP	S1211S;Q1212R	Silent;Missense	0.38872524
2949	ATF7IP	S1211S;Q1212R	Silent;Missense	0.02080337
2950	ATF7IP	K1214K;K1215G;I1216V	Silent;Missense;Missense	0.180396151
2951	ATF7IP	A1221A	Silent	0.022236336
2952	ATF7IP	C1228R	Missense	-1.41736938
2953	ATF7IP	C1228C;T1229T	Silent;Silent	0.114344406
2954	ATF7IP	L1230P	Missense	-0.940855153
2955	ATF7IP	L1230P	Missense	-0.592608203
2956	ATF7IP	T1231A	Missense	-0.348944959
2957	ATF7IP	G1236G	Silent	-0.339316189
2958	ATF7IP	G1236G	Silent	0.551041614
2959	ATF7IP		No Mutation	-0.558396507
2960	ATF7IP	R1244R	Silent	0.1147375
2961	ATF7IP	D1247G;I1248V	Missense;Missense	-0.446592954
2962	ATF7IP	R1251R	Silent	-0.066348236
2963	ATF7IP	S1260P	Missense	0.142358207
2964	ATF7IP	V1263A;I1264T	Missense;Missense	0.021906658
2965	ATF7IP	Q1268R;S1269G	Missense;Missense	0.278462615
2966	ATF7IP	(NC);(NC)	UTR;UTR	0.103609334
2967	ATF7IP	(NC);(NC)	UTR;UTR	-0.157108952
2968	ATF7IP	(NC);(NC);(NC);(NC)	UTR;UTR;UTR;UTR	-0.170847058
2969	ATF7IP2	(NC)	Splice-acceptor	0.096180531
2970	ATF7IP2	M1T	Missense	0.46770211
2971	ATF7IP2	P4P	Silent	-0.63179163
2972	ATF7IP2		No Mutation	0.331172145
2973	ATF7IP2	T17T;M18V	Silent;Missense	0.21232192
2974	ATF7IP2		No Mutation	0.846212422
2975	ATF7IP2		No Mutation	-0.530056204
2976	ATF7IP2		No Mutation	0.225759236
2977	ATF7IP2	M28T	Missense	0.351453044
2978	ATF7IP2	E27G;M28V	Missense;Missense	0.493893447
2979	ATF7IP2		No Mutation	0.995058316
2980	ATF7IP2		No Mutation	-0.056743392
2981	ATF7IP2	S44G	Missense	0.072420215
2982	ATF7IP2	S52S;F53P	Silent;Missense	-0.348517273
2983	ATF7IP2		No Mutation	0.459607168
2984	ATF7IP2		No Mutation	-0.121866491
2985	ATF7IP2	S68G	Missense	-0.303631839
2986	ATF7IP2	E71E;N72G	Silent;Missense	0.494006072
2987	ATF7IP2	V103A	Missense	0.037588486
2988	ATF7IP2	H104R	Missense	-0.655686655
2989	ATF7IP2		No Mutation	0.478884054
2990	ATF7IP2	S125P	Missense	0.271037718
2991	ATF7IP2	F130S	Missense	0.111411577
2992	ATF7IP2	R128G	Missense	-0.159217435
2993	ATF7IP2		No Mutation	0.264518343
2994	ATF7IP2		No Mutation	-0.074558579
2995	ATF7IP2		No Mutation	0.800737814
2996	ATF7IP2		No Mutation	0.218078657
2997	ATF7IP2		No Mutation	0.430300692
2998	ATF7IP2	S172S	Silent	0.128842687
2999	ATF7IP2	P170P	Silent	0.448772689
3000	ATF7IP2	S175S	Silent	-0.278183464
3001	ATF7IP2	G176G;V177A	Silent;Missense	0.329467354
3002	ATF7IP2	G176G;V177A	Silent;Missense	0.721852506
3003	ATF7IP2		No Mutation	-0.067219412
3004	ATF7IP2	T184A	Missense	0.955884625
3005	ATF7IP2	T184A	Missense	-0.121643712
3006	ATF7IP2		No Mutation	0.18184964
3007	ATF7IP2	K192G;K193E	Missense;Missense	0.05345378
3008	ATF7IP2	H200H;L201P	Silent;Missense	0.702679659
3009	ATF7IP2	S205P	Missense	0.222367092
3010	ATF7IP2	S207S;E208G	Silent;Missense	-0.666589801
3011	ATF7IP2	H210H;D211D	Silent;Silent	-0.069071333
3012	ATF7IP2	E230G;K231E	Missense;Missense	0.184395009
3013	ATF7IP2	S238P;V239A	Missense;Missense	-0.481321477
3014	ATF7IP2	C262C	Silent	0.745700096
3015	ATF7IP2	E263G;S264G	Missense;Missense	-0.396427176
3016	ATF7IP2	H280R	Missense	-0.972281566
3017	ATF7IP2	E305E;N306G;I307V	Silent;Missense;Missense	0.450746218
3018	ATF7IP2		No Mutation	0.234913506
3019	ATF7IP2	E312E;R313G	Silent;Missense	-0.1043173
3020	ATF7IP2	Q314Q;T315A	Silent;Missense	-0.046179767
3021	ATF7IP2	E319G	Missense	0.385741749
3022	ATF7IP2	E319G	Missense	0.18633827
3023	ATF7IP2	E319G;Q320R	Missense;Missense	0.341561662
3024	ATF7IP2	(NC);(NC);(NC);(NC)	Intron;Intron;Intron;Intron	0.328587665
3025	ATF7IP2	R322G	Missense	-0.155746012
3026	ATF7IP2	E343G	Missense	0.201903268
3027	ATF7IP2	E343G	Missense	-0.105634544
3028	ATF7IP2		No Mutation	0.318937371
3029	ATF7IP2	R354G	Missense	0.329272956
3030	ATF7IP2	G359G;I360V	Silent;Missense	0.026301385
3031	ATF7IP2	T377T;V378V	Silent;Silent	-0.178873136
3032	ATF7IP2	N389G;M390V	Missense;Missense	0.157844904
3033	ATF7IP2	S393S	Silent	0.098526291
3034	ATF7IP2	S393G;N394D	Missense;Missense	-0.190923522
3035	ATF7IP2	S397S	Silent	0.031950964
3036	ATF7IP2	(NC)	Intron	-0.131224844
3037	ATF7IP2		No Mutation	0.747485361
3038	ATF7IP2		No Mutation	1.09386178
3039	ATF7IP2	(NC);(NC)	Intron;Splice-acceptor	-0.167439599
3040	ATF7IP2	S402S	Silent	0.235148453
3041	ATF7IP2	N429G	Missense	0.224884616
3042	ATF7IP2	N445S;K446G	Missense;Missense	0.23250527
3043	ATF7IP2		No Mutation	-0.762081764
3044	ATF7IP2	M457V	Missense	-0.686936728
3045	ATF7IP2	I470T	Missense	-0.347315756
3046	ATF7IP2	I470V;T471A	Missense;Missense	-0.237297887
3047	ATF7IP2		No Mutation	0.607970205
3048	ATF7IP2	(NC);(NC)	Intron;Intron	-0.630136801
3049	ATF7IP2	T477A;R478G	Missense;Missense	0.480145865
3050	ATF7IP2	N490D	Missense	-0.17275387
3051	ATF7IP2	M494T;(NC)	Missense;Splice-donor	-0.08293147
3052	ATF7IP2	M494T;(NC)	Missense;Splice-donor	0.053126365
3053	ATF7IP2	I504V;D505G	Missense;Missense	0.59340772
3054	ATF7IP2	L511L	Silent	-0.205434811
3055	ATF7IP2	N515N	Silent	-0.106755329
3056	ATF7IP2	N513S	Missense	0.413284577
3057	ATF7IP2		No Mutation	-0.055618212
3058	ATF7IP2	E517E;S518G	Silent;Missense	0.027750278
3059	ATF7IP2	S525P	Missense	-0.106469219
3060	ATF7IP2	H526H;S527P	Silent;Missense	-0.634352494
3061	ATF7IP2	H526H;S527P	Silent;Missense	0.369694255
3062	ATF7IP2	S527P	Missense	-0.020189974
3063	ATF7IP2		No Mutation	0.123976608
3064	ATF7IP2		No Mutation	-0.213367272
3065	ATF7IP2	K528K	Silent	-0.74272752
3066	ATF7IP2	S533S;K534G	Silent;Missense	-0.035015739
3067	ATF7IP2	A540A	Silent	0.194848705
3068	ATF7IP2	(NC)	Intron	-0.194106921
3069	ATF7IP2	(NC);(NC);(NC)	Intron;Intron;Intron	0.928309528
3070	ATF7IP2	L553P	Missense	-0.146788724
3071	ATF7IP2	P555P	Silent	-0.134318954
3072	ATF7IP2		No Mutation	-0.122903362
3073	ATF7IP2		No Mutation	-0.13699403
3074	ATF7IP2		No Mutation	-0.040621659
3075	ATF7IP2		No Mutation	-0.173207086
3076	ATF7IP2	L563P	Missense	0.133792385
3077	ATF7IP2	P564P	Silent	-0.244920571
3078	ATF7IP2	L566P	Missense	0.315544506
3079	ATF7IP2	V567A	Missense	0.104806601
3080	ATF7IP2	P575P	Silent	-0.243469873
3081	ATF7IP2	P575P	Silent	0.202776752
3082	ATF7IP2	L581P	Missense	-0.67277233
3083	ATF7IP2	L581P	Missense	0.163408188
3084	ATF7IP2	L581P	Missense	1.174194859
3085	ATF7IP2		No Mutation	0.395850487
3086	ATF7IP2	E580G	Missense	0.956769366
3087	ATF7IP2	E580G	Missense	-0.099136928
3088	ATF7IP2		No Mutation	0.197010939
3089	ATF7IP2	N590S	Missense	0.047245743
3090	ATF7IP2	L594P	Missense	0.824910159
3091	ATF7IP2	L594P;T595T	Missense;Silent	0.467283751
3092	ATF7IP2	I598T	Missense	0.28312705
3093	ATF7IP2	C605R	Missense	-0.235370996
3094	ATF7IP2	V608A	Missense	0.452424052
3095	ATF7IP2	V608A	Missense	0.062897386
3096	ATF7IP2	L613P	Missense	0.136304408
3097	ATF7IP2	H617H	Silent	0.211830247
3098	ATF7IP2	S620P	Missense	0.227387333
3099	ATF7IP2	N621G	Missense	-0.206242153
3100	ATF7IP2	I625V	Missense	0.097586001
3101	ATF7IP2	K633K	Silent	-0.4129502
3102	ATF7IP2	C641R	Missense	0.81443231
3103	ATF7IP2	T642T;L643P;S644P	Silent;Missense;Missense	-0.327138036
3104	ATF7IP2	L643P;S644P	Missense;Missense	0.447556585
3105	ATF7IP2	L643S;S644P	Missense;Missense	-0.068473974
3106	ATF7IP2	F646P	Missense	0.814039353
3107	ATF7IP2	F654S;T655T	Missense;Silent	0.081566468
3108	ATF7IP2	D670G;I671V	Missense;Missense	-0.188389098
3109	ATF7IP2	D670G;I671V	Missense;Missense	1.505726689
3110	ATF7IP2	E679G;N680D	Missense;Missense	0.002815184
3111	SETDB2	(NC);(NC)	UTR;UTR	0.208362287
3112	SETDB2	(NC);(NC)	UTR;UTR	0.186842597
3113	SETDB2	(NC);(NC);M1V	UTR;UTR;Missense	-0.739838386
3114	SETDB2	G2G	Silent	0.276987381
3115	SETDB2	D7G	Missense	-0.031306435
3116	SETDB2	A8A;K9E	Silent;Missense	0.155089631
3117	SETDB2	M13V;E14G	Missense;Missense	-0.771714607
3118	SETDB2	L15L;E16G	Silent;Missense	-0.060972804
3119	SETDB2	K36G;Q37R	Missense;Missense	0.184149767
3120	SETDB2	K36R;Q37R	Missense;Missense	-0.617344942
3121	SETDB2		No Mutation	-0.220353113
3122	SETDB2	(NC)	Intron	0.031281851
3123	SETDB2		No Mutation	-0.020246372
3124	SETDB2	V56A	Missense	0.601099711
3125	SETDB2	S64G	Missense	0.640334961
3126	SETDB2	S64G	Missense	0.653767662
3127	SETDB2	(NC);(NC)	Intron;Intron	-0.371660197
3128	SETDB2	S72P	Missense	-0.609312201
3129	SETDB2	S72P	Missense	0.124662119
3130	SETDB2		No Mutation	-0.261257151
3131	SETDB2	N77G	Missense	0.079542509
3132	SETDB2	(NC);(NC)	Intron;Intron	-0.119911201
3133	SETDB2	(NC);(NC);(NC)	Intron;Intron;Intron	0.781177163
3134	SETDB2	M84V	Missense	-0.235626356
3135	SETDB2		No Mutation	-0.57399779
3136	SETDB2	T87A	Missense	0.382699002
3137	SETDB2		No Mutation	0.03651107
3138	SETDB2	S100S	Silent	-0.220174397
3139	SETDB2	C111C	Silent	0.381776296
3140	SETDB2	F113P;L114P	Missense;Missense	-0.418500514
3141	SETDB2	(NC);L114L;T115A	Splice-acceptor;Silent;Missense	-0.312063488
3142	SETDB2	Q143R;S144G	Missense;Missense	0.079379979
3143	SETDB2	S148P	Missense	-0.085262788
3144	SETDB2	K154K;M155V	Silent;Missense	-0.375322359
3145	SETDB2	M155V	Missense	0.059474012
3146	SETDB2	I169T	Missense	0.439145967
3147	SETDB2	I169T	Missense	-0.083465117
3148	SETDB2	F173P	Missense	0.054639
3149	SETDB2		No Mutation	-0.226168566
3150	SETDB2	S190G;Y191C	Missense;Missense	-0.312504278
3151	SETDB2	Y191C;K192G	Missense;Missense	0.782298149
3152	SETDB2	S198S;L199P	Silent;Missense	-0.070891698
3153	SETDB2	S198S;L199P	Silent;Missense	-0.150280469
3154	SETDB2	L199P	Missense	0.053229096
3155	SETDB2	G196G;R197G;S198G	Silent;Missense;Missense	-0.383024889
3156	SETDB2	S198G	Missense	0.525330616
3157	SETDB2	C214R	Missense	0.232669098
3158	SETDB2	N225G;T226A	Missense;Missense	0.277877891
3159	SETDB2	Y227C	Missense	0.036871329
3160	SETDB2	A231A	Silent	0.178000068
3161	SETDB2	K238K;E239G	Silent;Missense	0.877816147
3162	SETDB2	D243G	Missense	0.476342596
3163	SETDB2	D245G;I246V	Missense;Missense	0.187770697
3164	SETDB2	N259N	Silent	0.790059135
3165	SETDB2	N259N	Silent	-0.257146041
3166	SETDB2		No Mutation	-0.119087535
3167	SETDB2		No Mutation	0.764813133
3168	SETDB2	K270R;Y271C	Missense;Missense	-0.052848383
3169	SETDB2	L282P	Missense	-0.471257585
3170	SETDB2	M288T;F289P	Missense;Missense	0.058736088
3171	SETDB2	D291D;S292P	Silent;Missense	-0.01240641
3172	SETDB2		No Mutation	0.346093895
3173	SETDB2		No Mutation	0.073762792
3174	SETDB2		No Mutation	0.414682441
3175	SETDB2	I302V	Missense	0.172662876
3176	SETDB2	(NC);(NC);(NC);(NC)	Intron;Intron;Intron;Intron	0.537128156
3177	SETDB2	(NC)	Intron	0.689085672
3178	SETDB2		No Mutation	0.531204338
3179	SETDB2	L320S;S321P	Missense;Missense	-0.511325459
3180	SETDB2	S322G;D323G	Missense;Missense	0.407050372
3181	SETDB2	Q335R;R336G	Missense;Missense	0.437502914
3182	SETDB2	Q335R;R336G	Missense;Missense	-0.089220896
3183	SETDB2	Q337R;I338V	Missense;Missense	-0.008656409
3184	SETDB2		No Mutation	-0.27011975
3185	SETDB2	(NC);(NC)	Intron;Intron	0.503816943
3186	SETDB2	C351C;N352N	Silent;Silent	0.239292899
3187	SETDB2	N358G	Missense	0.436945621
3188	SETDB2	H363H;G364G	Silent;Silent	0.061954941
3189	SETDB2	Q362R;H363R	Missense;Missense	-0.017132783
3190	SETDB2	V367A	Missense	0.725149541
3191	SETDB2		No Mutation	-0.301914062
3192	SETDB2	V371A	Missense	0.162288905
3193	SETDB2	K373E	Missense	0.054221804
3194	SETDB2	K373G	Missense	0.353780145
3195	SETDB2	K373R;T374A	Missense;Missense	-0.201274753
3196	SETDB2	K373K;T374A	Silent;Missense	0.157704726
3197	SETDB2	T374A;E375G	Missense;Missense	0.548203278
3198	SETDB2	L384L;D385G	Silent;Missense	-0.152103337
3199	SETDB2	L384L;D385G	Silent;Missense	-0.09879026
3200	SETDB2		No Mutation	-0.345944776
3201	SETDB2	L401P	Missense	-0.144333834
3202	SETDB2	N405G;T406A	Missense;Missense	0.469180638
3203	SETDB2	Y410C	Missense	0.313583333
3204	SETDB2	Y410C	Missense	0.928385812
3205	SETDB2	E442G	Missense	-0.270513481
3206	SETDB2	E442E	Silent	0.39987725
3207	SETDB2		No Mutation	0.075083019
3208	SETDB2		No Mutation	0.48896484
3209	SETDB2	N466N	Silent	-0.173178061
3210	SETDB2	S465G	Missense	-0.408635577
3211	SETDB2	N467N	Silent	-0.618555399
3212	SETDB2	V473A;(NC)	Missense;Splice-donor	-0.377435312
3213	SETDB2	V473A;(NC)	Missense;Splice-donor	0.14284417
3214	SETDB2		No Mutation	0.088829571
3215	SETDB2	Y477H	Missense	0.105027472
3216	SETDB2	I498T	Missense	-0.353899017
3217	SETDB2	F499S	Missense	-0.197242707
3218	SETDB2	N502N	Silent	0.247257835
3219	SETDB2	Q500Q;H501R;N502D	Silent;Missense;Missense	0.526970997
3220	SETDB2	(NC);(NC);(NC);(NC)	Intron;Intron;Intron;Intron	0.190945163
3221	SETDB2	(NC);(NC);(NC)	Intron;Intron;Intron	0.034263566
3222	SETDB2	F508P	Missense	1.943663996
3223	SETDB2	T515T	Silent	-0.195305783
3224	SETDB2	T515A	Missense	-0.427390396
3225	SETDB2	F522P	Missense	0.060820295
3226	SETDB2	L529P	Missense	0.244230236
3227	SETDB2	S531P	Missense	0.142460645
3228	SETDB2	S531P	Missense	0.444173675
3229	SETDB2	N530D	Missense	0.444072548
3230	SETDB2	N530G	Missense	0.406385777
3231	SETDB2	K534G	Missense	0.00320924
3232	SETDB2	(NC)	Splice-donor	-0.125750033
3233	SETDB2	(NC);(NC)	Intron;Intron	0.468383763
3234	SETDB2		No Mutation	0.028438814
3235	SETDB2	F548F	Silent	0.68669178
3236	SETDB2	R565R;E566G	Silent;Missense	-0.137505852
3237	SETDB2	P570P;R571G;S572G	Silent;Missense;Missense	0.587087362
3238	SETDB2	C574R	Missense	-0.542930597
3239	SETDB2		No Mutation	-0.07074384
3240	SETDB2	N575G	Missense	0.134032862
3241	SETDB2	D581D	Silent	0.127678882
3242	SETDB2	N584N	Silent	0.236865799
3243	SETDB2	N582G	Missense	0.550892737
3244	SETDB2	I585V;K586E	Missense;Missense	0.038184918
3245	SETDB2	Q592Q;I593V	Silent;Missense	-0.15649357
3246	SETDB2	I593V;Q594R	Missense;Missense	1.576952081
3247	SETDB2	S601P	Missense	0.21601439
3248	SETDB2	S601S	Silent	0.845906426
3249	SETDB2	S601S	Silent	-0.330186923
3250	SETDB2	T602T;A603A	Silent;Silent	-0.248194925
3251	SETDB2	S624S;D625D	Silent;Silent	-0.505614531
3252	SETDB2	L627L;T628A	Silent;Missense	0.7229606
3253	SETDB2	D639G	Missense	0.1629885
3254	SETDB2	T641A;K642G	Missense;Missense	-0.060104602
3255	SETDB2		No Mutation	-0.444818954
3256	SETDB2	N651D	Missense	-0.079888388
3257	SETDB2	(NC)	Intron	0.636762559
3258	SETDB2		No Mutation	-0.257281113
3259	SETDB2	(NC);(NC);(NC);(NC)	Intron;Intron;Intron;Intron	-0.267700382
3260	SETDB2		No Mutation	0.024267567
3261	SETDB2		No Mutation	-0.054140107
3262	SETDB2		No Mutation	0.014579489
3263	SETDB2	F678P	Missense	-0.478280856
3264	SETDB2	A676A	Silent	-0.010416024
3265	SETDB2	(NC);(NC);(NC)	Intron;Intron;Intron	-0.387067186
3266	SETDB2	A685A;R686G	Silent;Missense	-0.039089572
3267	SETDB2	A685A;R686G;T687A	Silent;Missense;Missense	-0.249834316
3268	SETDB2	E688G	Missense	-0.304793465
3269	SETDB2	D692G;Y693C	Missense;Missense	0.314786274
3270	SETDB2	D692G;Y693C	Missense;Missense	-0.324009519
3271	SETDB2	T699A	Missense	0.38819114
3272	SETDB2	F706P;C707R	Missense;Missense	0.203106701
3273	SETDB2	E704G;I705V	Missense;Missense	0.382699788
3274	SETDB2	E704G;I705V	Missense;Missense	-0.198723075
3275	SETDB2	E704E;I705V	Silent;Missense	-0.498124245
3276	SETDB2	N712N;C714R	Silent;Missense	0.116864349
3277	EHMT1	(NC)	UTR	0.438194176
3278	EHMT1		No Mutation	-0.050228295
3279	EHMT1		No Mutation	-0.04272987
3280	EHMT1		No Mutation	0.062537436
3281	EHMT1		No Mutation	-0.346298293
3282	EHMT1		No Mutation	0.192357439
3283	EHMT1	D5D	Silent	-0.016183148
3284	EHMT1	(NC)	Splice-donor	0.038203125
3285	EHMT1	D5G	Missense	0.233869745
3286	EHMT1	D5G	Missense	0.191809845
3287	EHMT1	(NC)	Splice-donor	0.192628109
3288	EHMT1		No Mutation	0.74604221
3289	EHMT1		No Mutation	0.036723825
3290	EHMT1	E7G	Missense	0.358951466
3291	EHMT1	(NC)	Intron	-0.165433752
3292	EHMT1	(NC)	Intron	0.231428702
3293	EHMT1		No Mutation	-0.045156143
3294	EHMT1	(NC);(NC)	Intron;Intron	-0.028594613
3295	EHMT1	(NC);(NC)	Intron;Intron	-0.130983863
3296	EHMT1	(NC)	Intron	0.065181263
3297	EHMT1		No Mutation	0.190205942
3298	EHMT1		No Mutation	0.166505457
3299	EHMT1	(NC);(NC);(NC)	Intron;Intron;Splice-acceptor	-0.165899039
3300	EHMT1	(NC);(NC)	Intron;Splice-acceptor	-0.179400543
3301	EHMT1	(NC)	Splice-acceptor	0.429685169
3302	EHMT1	(NC);A8A	Splice-acceptor;Silent	-0.353326575
3303	EHMT1	A8A	Silent	0.307042109
3304	EHMT1	R12G	Missense	0.017110083
3305	EHMT1	P15P	Silent	0.062565451
3306	EHMT1	C20R;V21A	Missense;Missense	-0.349492514
3307	EHMT1	K22E	Missense	-0.073135526
3308	EHMT1	K22G	Missense	0.7426658
3309	EHMT1	T23A;E24G	Missense;Missense	0.020100319
3310	EHMT1		No Mutation	0.503301258
3311	EHMT1		No Mutation	0.096399741
3312	EHMT1	(NC)	Splice-donor	0.282492236
3313	EHMT1		No Mutation	0.12179652
3314	EHMT1	(NC)	Intron	-0.098754669
3315	EHMT1	(NC)	Intron	0.031037493
3316	EHMT1		No Mutation	-0.194938122
3317	EHMT1	M32V	Missense	-0.231469103
3318	EHMT1		No Mutation	-0.121081116
3319	EHMT1		No Mutation	0.319358101
3320	EHMT1	E36E	Silent	0.237721428
3321	EHMT1	S38S	Silent	-0.254644157
3322	EHMT1	A39A;E40G;K41E	Silent;Missense;Missense	0.456707644
3323	EHMT1	A43A	Silent	-0.076848238
3324	EHMT1	G44G;E45G	Silent;Missense	0.218913959
3325	EHMT1	H47R	Missense	0.713443822
3326	EHMT1	G52G	Silent	-0.009698133
3327	EHMT1	D51G	Missense	0.066610208
3328	EHMT1	D51G	Missense	0.304075362
3329	EHMT1	N68N;A69A	Silent;Silent	-0.244678924
3330	EHMT1		No Mutation	-0.652700898
3331	EHMT1	H72R;T73A	Missense;Missense	-0.046471783
3332	EHMT1	T73A	Missense	-0.139093479
3333	EHMT1	A77A;R78G	Silent;Missense	-0.370547162
3334	EHMT1	R78G	Missense	-0.21127143
3335	EHMT1		No Mutation	-0.124665468
3336	EHMT1		No Mutation	-0.095098672
3337	EHMT1		No Mutation	-0.165633773
3338	EHMT1		No Mutation	-0.048505847
3339	EHMT1	T85A	Missense	0.206206704
3340	EHMT1	T87A	Missense	-0.375589998
3341	EHMT1	I91T	Missense	0.125640268
3342	EHMT1	T89A	Missense	0.125045874
3343	EHMT1		No Mutation	0.466077429
3344	EHMT1	I91V	Missense	0.912225566
3345	EHMT1	S97S;E98G;R99G	Silent;Missense;Missense	0.681515429
3346	EHMT1	F114L	Missense	0.116625796
3347	EHMT1	T117T	Silent	-0.172701211
3348	EHMT1	Q116R	Missense	-0.169927788
3349	EHMT1		No Mutation	0.43762454
3350	EHMT1	G124G;Y125C;I126V	Silent;Missense;Missense	-0.24586661
3351	EHMT1	L127L;N128G;K129E	Silent;Missense;Missense	0.652863401
3352	EHMT1		No Mutation	-0.012044619
3353	EHMT1	L132L;Q133R	Silent;Missense	0.190943755
3354	EHMT1	L137P	Missense	-0.407429241
3355	EHMT1	L137P	Missense	0.597585493
3356	EHMT1	R138G;T139A	Missense;Missense	-0.230344191
3357	EHMT1		No Mutation	0.221823158
3358	EHMT1	T142T	Silent	-0.483171182
3359	EHMT1	S145S;S146P	Silent;Missense	0.522651927
3360	EHMT1		No Mutation	-0.118408774
3361	EHMT1	H150H	Silent	-0.118660753
3362	EHMT1		No Mutation	0.003121768
3363	EHMT1	A152A;K153G	Silent;Missense	-0.250732601
3364	EHMT1	A152A;K153G	Silent;Missense	-0.101025791
3365	EHMT1	A152A;K153G;T154A	Silent;Missense;Missense	-0.344577313
3366	EHMT1	T154A	Missense	0.43689441
3367	EHMT1		No Mutation	-0.347509043
3368	EHMT1	A159A	Silent	0.287270095
3369	EHMT1	A159A	Silent	0.16555389
3370	EHMT1	G157G	Silent	-0.365885179
3371	EHMT1		No Mutation	-0.263192744
3372	EHMT1		No Mutation	-0.132375633
3373	EHMT1		No Mutation	-0.155788341
3374	EHMT1		No Mutation	-0.313687825
3375	EHMT1		No Mutation	0.716893309
3376	EHMT1		No Mutation	0.102443724
3377	EHMT1		No Mutation	-0.189685594
3378	EHMT1	P175P	Silent	0.897258472
3379	EHMT1	P175P	Silent	0.213137913
3380	EHMT1	L179P	Missense	-0.116484035
3381	EHMT1	P175P;P176P	Silent;Silent	0.012577557
3382	EHMT1	P176P	Silent	0.224186191
3383	EHMT1	P176P	Silent	-0.03705122
3384	EHMT1	L179P	Missense	-0.292416052
3385	EHMT1	L179L	Silent	-0.023677753
3386	EHMT1		No Mutation	0.105821809
3387	EHMT1		No Mutation	-0.282023484
3388	EHMT1	S183S	Silent	-0.000634645
3389	EHMT1	S183S;A184A	Silent;Silent	-0.030383904
3390	EHMT1	S183S;A184A	Silent;Silent	-0.195802146
3391	EHMT1	S183G	Missense	0.183313753
3392	EHMT1		No Mutation	0.171387014
3393	EHMT1	T186T;E187G	Silent;Missense	1.152182865
3394	EHMT1	R189G;K190G	Missense;Missense	0.298225931
3395	EHMT1		No Mutation	-0.443181853
3396	EHMT1		No Mutation	0.079999286
3397	EHMT1	V198A	Missense	0.119467457
3398	EHMT1	V198A	Missense	-0.393319381
3399	EHMT1		No Mutation	-0.006404009
3400	EHMT1	V200A	Missense	0.066872724
3401	EHMT1	D197G	Missense	-0.14029298
3402	EHMT1	D197G	Missense	-0.268011643
3403	EHMT1		No Mutation	-0.180240848
3404	EHMT1		No Mutation	0.17291394
3405	EHMT1	M207V	Missense	-0.193662494
3406	EHMT1	M207V	Missense	-0.423018667
3407	EHMT1	V211A;V212A	Missense;Missense	-0.099029447
3408	EHMT1	K209G	Missense	0.048563681
3409	EHMT1	L214P	Missense	0.01778454
3410	EHMT1	(NC);(NC);(NC)	Splice-donor;Intron;Intron	0.389889963
3411	EHMT1	(NC);(NC);(NC)	Intron;Intron;Intron	0.868857117
3412	EHMT1		No Mutation	-0.051998992
3413	EHMT1		No Mutation	0.413586686
3414	EHMT1	A227A	Silent	0.043836478
3415	EHMT1	R225R;E226G	Silent;Missense	0.775657774
3416	EHMT1	H230R;K231E	Missense;Missense	-0.369420214
3417	EHMT1	K239G;N240G	Missense;Missense	0.022662473
3418	EHMT1	L256P	Missense	-0.056990237
3419	EHMT1	L256P;H257H	Missense;Silent	0.07225598
3420	EHMT1	L256L;H257H	Silent;Silent	0.214685802
3421	EHMT1	H257H	Silent	0.329136108
3422	EHMT1	H257H	Silent	0.244993601
3423	EHMT1	S259P	Missense	-0.159593322
3424	EHMT1	S259P;L260P	Missense;Missense	-0.076257794
3425	EHMT1	L260P;P261P	Missense;Silent	-0.139200076
3426	EHMT1	P261P	Silent	0.473514161
3427	EHMT1	Q262R;N263D	Missense;Missense	-0.020733548
3428	EHMT1	Y266H;M267T	Missense;Missense	-0.14570885
3429	EHMT1		No Mutation	-0.05335729
3430	EHMT1	T269A;T270A	Missense;Missense	1.096536386
3431	EHMT1	K271K;S272S	Silent;Silent	-0.248891335
3432	EHMT1	T274A	Missense	-0.065529681
3433	EHMT1	A283A	Silent	0.106742727
3434	EHMT1	K288G;K289E	Missense;Missense	0.847325787
3435	EHMT1	K288G;K289G	Missense;Missense	0.091304613
3436	EHMT1	R292R;M293V	Silent;Missense	-0.362918652
3437	EHMT1	P300P	Silent	-1.005200309
3438	EHMT1	K305G	Missense	0.578210638
3439	EHMT1	K305K;V306V	Silent;Silent	0.373794423
3440	EHMT1	I319V;T320A	Missense;Missense	-0.006845563
3441	EHMT1	I319V;T320A	Missense;Missense	-0.159230988
3442	EHMT1	T323A	Missense	-0.007898307
3443	EHMT1	(NC)	Splice-donor	0.707941654
3444	EHMT1	(NC);(NC)	Intron;Intron	0.513194585
3445	EHMT1	(NC)	Intron	0.027917131
3446	EHMT1	(NC)	Intron	0.073157987
3447	EHMT1		No Mutation	0.024644979
3448	EHMT1		No Mutation	-0.664977883
3449	EHMT1		No Mutation	0.224659299
3450	EHMT1		No Mutation	0.021560796
3451	EHMT1	(NC)	Splice-acceptor	0.381623377
3452	EHMT1	(NC)	Splice-acceptor	0.516443345
3453	EHMT1	L337P	Missense	0.090102796
3454	EHMT1	S335G;S336G	Missense;Missense	-0.041124414
3455	EHMT1	S336G	Missense	0.01488018
3456	EHMT1	S336G	Missense	0.314562691
3457	EHMT1	V339A;N340N	Missense;Silent	0.1058466
3458	EHMT1	N340D	Missense	-0.134934346
3459	EHMT1		No Mutation	0.915136949
3460	EHMT1		No Mutation	0.294405451
3461	EHMT1	S343G	Missense	0.16948808
3462	EHMT1	E345G;M346V	Missense;Missense	-0.110888088
3463	EHMT1	D349D	Silent	-0.020858984
3464	EHMT1	D349G	Missense	-0.338921511
3465	EHMT1	D352G	Missense	0.206502718
3466	EHMT1	S353S	Silent	-0.150322327
3467	EHMT1	E355G	Missense	0.871775218
3468	EHMT1	E357G;E358G	Missense;Missense	-0.722660788
3469	EHMT1		No Mutation	0.399006597
3470	EHMT1	H362R	Missense	-0.044395015
3471	EHMT1		No Mutation	0.165214886
3472	EHMT1		No Mutation	-0.60716718
3473	EHMT1		No Mutation	0.085823189
3474	EHMT1		No Mutation	-0.337989597
3475	EHMT1		No Mutation	-0.253960067
3476	EHMT1		No Mutation	0.201050878
3477	EHMT1	T377T	Silent	-0.155085513
3478	EHMT1	D374G;S375G	Missense;Missense	-0.19551387
3479	EHMT1	K379E	Missense	0.331268942
3480	EHMT1	K379G	Missense	0.013995247
3481	EHMT1		No Mutation	0.490775712
3482	EHMT1		No Mutation	-0.153829976
3483	EHMT1	(NC);(NC);(NC)	Intron;Intron;Intron	0.186441229
3484	EHMT1	(NC)	Intron	0.122353753
3485	EHMT1	(NC);(NC)	Intron;Intron	0.278290635
3486	EHMT1	(NC)	Intron	0.22722657
3487	EHMT1	(NC);(NC)	Intron;Intron	-0.097895803
3488	EHMT1	(NC)	Intron	0.771078038
3489	EHMT1		No Mutation	0.171351229
3490	EHMT1		No Mutation	0.375349795
3491	EHMT1		No Mutation	-0.404064076
3492	EHMT1		No Mutation	-0.094966765
3493	EHMT1	M391V	Missense	-0.142124758
3494	EHMT1	D392G	Missense	-0.335681821
3495	EHMT1	E394G	Missense	-0.438266061
3496	EHMT1	E397G	Missense	-0.028710787
3497	EHMT1	S401P	Missense	0.300873177
3498	EHMT1	Q399R;E400G	Missense;Missense	0.364715711
3499	EHMT1	Q399R;E400G	Missense;Missense	-0.151813456
3500	EHMT1	E400G	Missense	-0.627463928
3501	EHMT1		No Mutation	-0.068668116
3502	EHMT1		No Mutation	0.861740561
3503	EHMT1	D403G;T404A	Missense;Missense	0.091823175
3504	EHMT1		No Mutation	-0.001645064
3505	EHMT1	T404A	Missense	0.205169837
3506	EHMT1	E406G	Missense	-0.39313758
3507	EHMT1		No Mutation	-0.039528821
3508	EHMT1		No Mutation	-0.503815621
3509	EHMT1	(NC)	Intron	0.438299244
3510	EHMT1	(NC)	Intron	-0.319015418
3511	EHMT1		No Mutation	0.508456002
3512	EHMT1	S417S	Silent	-0.172056941
3513	EHMT1	S417S;S418P	Silent;Missense	0.404789311
3514	EHMT1		No Mutation	0.268876144
3515	EHMT1	F426P	Missense	-0.060936907
3516	EHMT1	K423R;K424G	Missense;Missense	-0.522676894
3517	EHMT1	K425G	Missense	1.51696895
3518	EHMT1	G431G;K432G	Silent;Missense	-0.47269898
3519	EHMT1	I438T	Missense	0.308996092
3520	EHMT1		No Mutation	-0.656196486
3521	EHMT1		No Mutation	-0.496180738
3522	EHMT1	K439G	Missense	0.200324798
3523	EHMT1		No Mutation	0.100094309
3524	EHMT1	K439R;P440P	Missense;Silent	0.328221981
3525	EHMT1	P440P	Silent	-0.191546749
3526	EHMT1	S448G;R449G	Missense;Missense	0.484397459
3527	EHMT1	K451G	Missense	-0.130107684
3528	EHMT1	(NC)	Splice-donor	0.375565896
3529	EHMT1	(NC)	Splice-donor	0.236233193
3530	EHMT1		No Mutation	-0.259208923
3531	EHMT1		No Mutation	-0.133699556
3532	EHMT1		No Mutation	0.327092961
3533	EHMT1		No Mutation	-0.269012781
3534	EHMT1	(NC)	Intron	0.886852939
3535	EHMT1	(NC);(NC);(NC)	Intron;Intron;Intron	0.147456209
3536	EHMT1	(NC)	Intron	0.010608165
3537	EHMT1	(NC);(NC);(NC)	Intron;Intron;Intron	-0.438687138
3538	EHMT1		No Mutation	0.082289308
3539	EHMT1	G457G;S458P	Silent;Missense	0.012676915
3540	EHMT1	Y461H	Missense	-0.169086148
3541	EHMT1	Y461C	Missense	-0.032695456
3542	EHMT1	A465A;G466G;S467G	Silent;Silent;Missense	-0.072076284
3543	EHMT1	E469G	Missense	-0.168401632
3544	EHMT1	A472A	Silent	0.059513206
3545	EHMT1	A472A;P473P	Silent;Silent	0.062495201
3546	EHMT1	G474G;D475G;S476G	Silent;Missense;Missense	0.395932521
3547	EHMT1	Y479H	Missense	-0.030528753
3548	EHMT1	Y479C;M480V	Missense;Missense	0.080633209
3549	EHMT1	E481E	Silent	-0.279849663
3550	EHMT1	D488G	Missense	0.03227553
3551	EHMT1	V491A	Missense	0.018121255
3552	EHMT1		No Mutation	-0.443955074
3553	EHMT1	I494I;L495P;S496P	Silent;Missense;Missense	-0.037081286
3554	EHMT1		No Mutation	-0.030836235
3555	EHMT1	Q498R	Missense	-0.483286818
3556	EHMT1	A499A;E500G	Silent;Missense	0.276024401
3557	EHMT1		No Mutation	-0.002310176
3558	EHMT1		No Mutation	-0.01113512
3559	EHMT1		No Mutation	0.481308546
3560	EHMT1	(NC)	Intron	0.148792476
3561	EHMT1	N504G	Missense	-0.065008712
3562	EHMT1	V508A;L509P	Missense;Missense	0.309129292
3563	EHMT1	D507G	Missense	0.319956466
3564	EHMT1		No Mutation	-0.06621177
3565	EHMT1	E510G;T511A	Missense;Missense	-0.292784077
3566	EHMT1	P518P;L519P;C520R	Silent;Missense;Missense	-0.210464943
3567	EHMT1	C520R	Missense	-0.141195609
3568	EHMT1		No Mutation	0.054798647
3569	EHMT1		No Mutation	-0.342109014
3570	EHMT1	M524T	Missense	0.094223336
3571	EHMT1		No Mutation	0.343744479
3572	EHMT1	I532T	Missense	0.148501734
3573	EHMT1	R530R	Silent	-0.129487052
3574	EHMT1		No Mutation	-0.326233577
3575	EHMT1	N537D	Missense	-0.153616855
3576	EHMT1	M541T;A542A	Missense;Silent	-0.008500969
3577	EHMT1	M541V	Missense	-0.085326912
3578	EHMT1		No Mutation	-0.143900233
3579	EHMT1	(NC);(NC);(NC)	Intron;Intron;Intron	0.196729935
3580	EHMT1	(NC);(NC)	Intron;Intron	-0.226613843
3581	EHMT1		No Mutation	0.222678236
3582	EHMT1		No Mutation	0.436919708
3583	EHMT1	(NC)	Intron	-0.276708889
3584	EHMT1	(NC)	Intron	0.234051401
3585	EHMT1		No Mutation	-0.411496093
3586	EHMT1	V557A	Missense	0.015666377
3587	EHMT1	M563V	Missense	0.050584644
3588	EHMT1		No Mutation	0.174141527
3589	EHMT1	L571P	Missense	-0.603476024
3590	EHMT1	L571P	Missense	-0.226361056
3591	EHMT1	L571P;L572P	Missense;Missense	-0.279146714
3592	EHMT1	L574P;C575R	Missense;Missense	0.414025411
3593	EHMT1	C575R	Missense	0.548085756
3594	EHMT1	C575R	Missense	-0.416758278
3595	EHMT1		No Mutation	0.207073579
3596	EHMT1		No Mutation	0.747766552
3597	EHMT1		No Mutation	0.248583136
3598	EHMT1		No Mutation	-0.338625559
3599	EHMT1	E576E;D577G	Silent;Missense	-0.157742757
3600	EHMT1	V583A	Missense	-0.084395721
3601	EHMT1		No Mutation	0.221038606
3602	EHMT1	C587R	Missense	-0.019246241
3603	EHMT1	K584G;H585R	Missense;Missense	0.579341784
3604	EHMT1	Q586R	Missense	-0.230143797
3605	EHMT1	C591R	Missense	1.018063288
3606	EHMT1	F594P;C595R	Missense;Missense	0.292119558
3607	EHMT1		No Mutation	0.126981795
3608	EHMT1		No Mutation	-0.430986702
3609	EHMT1	G598G;N599N	Silent;Silent	0.624792085
3610	EHMT1	N599N;F600P	Silent;Missense	-0.190112808
3611	EHMT1	N599N;F600P	Silent;Missense	0.633701218
3612	EHMT1	S610P	Missense	-0.211788188
3613	EHMT1	S610S	Silent	0.173994663
3614	EHMT1	C617R	Missense	0.52507939
3615	EHMT1	S619P	Missense	0.03815043
3616	EHMT1		No Mutation	-0.085716302
3617	EHMT1	S625G;Y626C	Missense;Missense	-0.080909137
3618	EHMT1	Y626C	Missense	-0.066735003
3619	EHMT1	Y626C	Missense	-0.025955369
3620	EHMT1	C630R	Missense	-0.308839836
3621	EHMT1		No Mutation	-0.37997393
3622	EHMT1		No Mutation	-0.157492032
3623	EHMT1		No Mutation	0.353993447
3624	EHMT1		No Mutation	-0.040199973
3625	EHMT1	S635P	Missense	-0.230772267
3626	EHMT1	S634G	Missense	0.398672688
3627	EHMT1	V640A	Missense	-0.070617931
3628	EHMT1	I642T;A643A	Missense;Silent	0.613668536
3629	EHMT1		No Mutation	0.652392373
3630	EHMT1	T650A	Missense	-0.201965886
3631	EHMT1		No Mutation	0.480692749
3632	EHMT1	V654A	Missense	-0.351247608
3633	EHMT1	T652A	Missense	0.085098018
3634	EHMT1		No Mutation	0.229114519
3635	EHMT1	P653P	Silent	0.35260604
3636	EHMT1		No Mutation	0.075536779
3637	EHMT1		No Mutation	0.21048493
3638	EHMT1		No Mutation	0.196140611
3639	EHMT1	S661P	Missense	-0.030617693
3640	EHMT1	S661P	Missense	-0.24460488
3641	EHMT1	S661P	Missense	0.775962997
3642	EHMT1	E658G;K659E	Missense;Missense	0.06748425
3643	EHMT1	K659G	Missense	0.143429416
3644	EHMT1	K659G	Missense	-0.072912624
3645	EHMT1		No Mutation	-0.288292899
3646	EHMT1		No Mutation	-0.005816462
3647	EHMT1		No Mutation	0.030193017
3648	EHMT1		No Mutation	0.198489372
3649	EHMT1	R666G	Missense	-0.060494406
3650	EHMT1	R666G	Missense	-0.685517443
3651	EHMT1	D668G	Missense	0.196926459
3652	EHMT1		No Mutation	-0.490042939
3653	EHMT1	T670A;T671A	Missense;Missense	0.131051191
3654	EHMT1	(NC)	Intron	0.240010318
3655	EHMT1	S673G	Missense	-0.271190813
3656	EHMT1	(NC)	Intron	-0.368952448
3657	EHMT1		No Mutation	-0.573785171
3658	EHMT1	(NC)	Intron	-0.01738487
3659	EHMT1	(NC)	Intron	0.567768518
3660	EHMT1	(NC)	Intron	0.369234234
3661	EHMT1	(NC)	Intron	-0.200779312
3662	EHMT1	S673S	Silent	0.743185864
3663	EHMT1		No Mutation	-0.175195731
3664	EHMT1		No Mutation	0.851954745
3665	EHMT1	A674A	Silent	-0.095961156
3666	EHMT1		No Mutation	-0.08617535
3667	EHMT1		No Mutation	0.022716453
3668	EHMT1		No Mutation	-0.118481644
3669	EHMT1		No Mutation	0.006545012
3670	EHMT1		No Mutation	0.429494909
3671	EHMT1		No Mutation	-0.235735262
3672	EHMT1		No Mutation	0.143287476
3673	EHMT1		No Mutation	-0.211246373
3674	EHMT1	E681G	Missense	0.292111931
3675	EHMT1	E681G;D682G	Missense;Missense	0.235199263
3676	EHMT1	A688A	Silent	0.094958184
3677	EHMT1		No Mutation	0.57593991
3678	EHMT1		No Mutation	-0.329797285
3679	EHMT1	F696P	Missense	0.642430511
3680	EHMT1	F696P	Missense	0.161728866
3681	EHMT1	E694G	Missense	-0.036731051
3682	EHMT1	E694G	Missense	0.034309162
3683	EHMT1		No Mutation	0.051026673
3684	EHMT1		No Mutation	-0.095479343
3685	EHMT1	D697G	Missense	0.258498349
3686	EHMT1	D697G;P698P	Missense;Silent	0.163953768
3687	EHMT1	T699A	Missense	-0.136664925
3688	EHMT1	G700G	Silent	-0.532880573
3689	EHMT1	L704P	Missense	0.214787294
3690	EHMT1	G700G	Silent	-0.036487694
3691	EHMT1		No Mutation	0.278666457
3692	EHMT1		No Mutation	0.496771211
3693	EHMT1	P707P;T708A	Silent;Missense	-0.20461366
3694	EHMT1	T708A	Missense	0.226673891
3695	EHMT1	S712P	Missense	-0.028141159
3696	EHMT1		No Mutation	-0.251028359
3697	EHMT1		No Mutation	0.011247242
3698	EHMT1		No Mutation	-1.732080156
3699	EHMT1		No Mutation	0.467234641
3700	EHMT1		No Mutation	0.090198206
3701	EHMT1		No Mutation	0.210281001
3702	EHMT1		No Mutation	-0.266421044
3703	EHMT1	G714G;P715P	Silent;Silent	0.216121023
3704	EHMT1		No Mutation	0.092676299
3705	EHMT1	L720P	Missense	0.272863546
3706	EHMT1	L724P;I725T	Missense;Missense	0.046388757
3707	EHMT1	I725V	Missense	0.036742044
3708	EHMT1	L735P	Missense	0.108376996
3709	EHMT1	L735P	Missense	-0.005117803
3710	EHMT1	F737P	Missense	0.028612756
3711	EHMT1	F737S	Missense	-0.307771744
3712	EHMT1	Y743H;F744L	Missense;Missense	-0.307849139
3713	EHMT1	F744P;S745P	Missense;Missense	-0.011002066
3714	EHMT1	F744P;S745P	Missense;Missense	0.352992013
3715	EHMT1	Q741R	Missense	-0.14522705
3716	EHMT1	Y743C	Missense	-0.289315293
3717	EHMT1	Y743C	Missense	0.049637674
3718	EHMT1		No Mutation	-0.670595284
3719	EHMT1	L751P	Missense	0.398871187
3720	EHMT1	Q748R	Missense	-0.092526206
3721	EHMT1	L751P	Missense	0.013926398
3722	EHMT1	K753G	Missense	-0.342019475
3723	EHMT1	K753G	Missense	0.033430797
3724	EHMT1	(NC)	Intron	0.082252416
3725	EHMT1	(NC)	Intron	-0.116962032
3726	EHMT1	(NC)	Intron	0.054694271
3727	EHMT1		No Mutation	-0.117468425
3728	EHMT1	(NC)	Intron	-0.291831694
3729	EHMT1		No Mutation	0.071244518
3730	EHMT1	D763G	Missense	-0.007195985
3731	EHMT1	S775S	Silent	-0.127041636
3732	EHMT1		No Mutation	0.006270335
3733	EHMT1	P776P	Silent	-0.152664338
3734	EHMT1	H778R	Missense	0.086688896
3735	EHMT1		No Mutation	-0.400719827
3736	EHMT1	A781A	Silent	-0.239315811
3737	EHMT1		No Mutation	-0.004036673
3738	EHMT1	D787G;I788V	Missense;Missense	0.245324807
3739	EHMT1		No Mutation	0.049045579
3740	EHMT1	H790R;M791V	Missense;Missense	0.11477571
3741	EHMT1		No Mutation	-0.294894418
3742	EHMT1	(NC)	Splice-donor	-0.119242752
3743	EHMT1	Q794R	Missense	-0.138259845
3744	EHMT1	(NC)	Intron	0.023571547
3745	EHMT1	(NC);(NC)	Intron;Intron	-0.079746937
3746	EHMT1	(NC)	Intron	0.170476011
3747	EHMT1		No Mutation	-0.115996276
3748	EHMT1	(NC)	Intron	0.338233627
3749	EHMT1		No Mutation	0.076810381
3750	EHMT1		No Mutation	-0.061005385
3751	EHMT1	Q806R;R807G	Missense;Missense	0.454974326
3752	EHMT1	M811T	Missense	0.270948685
3753	EHMT1		No Mutation	-0.559444414
3754	EHMT1		No Mutation	-0.353752699
3755	EHMT1	A813A	Silent	-0.121854067
3756	EHMT1	Y824H	Missense	0.312368667
3757	EHMT1	A821A;K823E	Silent;Missense	-0.063088141
3758	EHMT1	K823G;Y824C	Missense;Missense	0.450101386
3759	EHMT1	K823R;Y824C	Missense;Missense	0.357567817
3760	EHMT1	Y824C	Missense	-0.04245369
3761	EHMT1	I826V;K827E	Missense;Missense	0.026115082
3762	EHMT1	K827G	Missense	-0.140031062
3763	EHMT1		No Mutation	0.251877319
3764	EHMT1		No Mutation	0.140951313
3765	EHMT1	(NC)	Splice-donor	-0.352038042
3766	EHMT1	(NC);(NC)	Splice-donor;Intron	-0.325623996
3767	EHMT1	(NC);(NC)	Intron;Intron	-0.104355039
3768	EHMT1	(NC);(NC)	Intron;Intron	0.068442524
3769	EHMT1	(NC)	Intron	0.25749305
3770	EHMT1		No Mutation	0.487974165
3771	EHMT1		No Mutation	0.567139584
3772	EHMT1	T841A	Missense	-0.506334274
3773	EHMT1	H844R	Missense	-0.272829291
3774	EHMT1		No Mutation	-0.325207026
3775	EHMT1	K849G	Missense	-0.058267225
3776	EHMT1		No Mutation	-0.041863186
3777	EHMT1	Y857H	Missense	0.077775193
3778	EHMT1	Q856R;Y857C	Missense;Missense	-0.875315153
3779	EHMT1	N861N	Silent	-0.141958524
3780	EHMT1		No Mutation	0.034987071
3781	EHMT1		No Mutation	0.695951401
3782	EHMT1	M864V	Missense	-0.318421611
3783	EHMT1		No Mutation	0.044648796
3784	EHMT1		No Mutation	0.170557189
3785	EHMT1		No Mutation	0.212170382
3786	EHMT1	D870D	Silent	-0.445298501
3787	EHMT1	(NC)	Splice-acceptor	-0.30834188
3788	EHMT1		No Mutation	0.144887923
3789	EHMT1		No Mutation	0.267507197
3790	EHMT1		No Mutation	0.269479727
3791	EHMT1	T875A	Missense	-0.20355183
3792	EHMT1		No Mutation	-0.094780023
3793	EHMT1		No Mutation	-0.447813734
3794	EHMT1	T881A	Missense	0.05249552
3795	EHMT1	V886A	Missense	0.018436496
3796	EHMT1	K890G	Missense	0.261697692
3797	EHMT1	L893P;S894P	Missense;Missense	-0.4243554
3798	EHMT1	K890G	Missense	-0.411229396
3799	EHMT1	I899T	Missense	0.107574147
3800	EHMT1	(NC);(NC);(NC)	Intron;Intron;Intron	-0.16965399
3801	EHMT1		No Mutation	0.223910409
3802	EHMT1		No Mutation	-0.244920571
3803	EHMT1		No Mutation	0.591157906
3804	EHMT1		No Mutation	0.337635146
3805	EHMT1	E906G;N907G	Missense;Missense	0.044504243
3806	EHMT1	N907G;I908V	Missense;Missense	-0.195257185
3807	EHMT1	I908V	Missense	-0.027249851
3808	EHMT1	H911R	Missense	-0.702740263
3809	EHMT1	F915P;S916P	Missense;Missense	0.167146454
3810	EHMT1		No Mutation	-0.088100945
3811	EHMT1	I921T	Missense	0.441445421
3812	EHMT1	I921V	Missense	-0.22077808
3813	EHMT1	A927A	Silent	-0.21323071
3814	EHMT1	C930R	Missense	-0.066631667
3815	EHMT1		No Mutation	-0.07960267
3816	EHMT1	H933R	Missense	0.397389739
3817	EHMT1	I937T	Missense	-0.425606387
3818	EHMT1		No Mutation	0.24462725
3819	EHMT1		No Mutation	-0.203243173
3820	EHMT1	L943P	Missense	0.131301072
3821	EHMT1	P942P	Silent	-0.172956231
3822	EHMT1	P942P	Silent	-0.043726871
3823	EHMT1		No Mutation	-0.004330546
3824	EHMT1	Y952H	Missense	0.071554365
3825	EHMT1		No Mutation	0.20010328
3826	EHMT1	C954R	Missense	0.277473304
3827	EHMT1	V956A;(NC)	Missense;Splice-donor	-0.723664834
3828	EHMT1	(NC);(NC);(NC)	Intron;Intron;Intron	1.05031684
3829	EHMT1	F958F;L959P;S960P	Silent;Missense;Missense	-0.278567065
3830	EHMT1	L959P;S960P	Missense;Missense	1.159564189
3831	EHMT1	D962D;S963P	Silent;Missense	-0.55533793
3832	EHMT1	T966A	Missense	0.373558491
3833	EHMT1	T966A	Missense	-0.215950495
3834	EHMT1		No Mutation	-0.136497614
3835	EHMT1	L981P	Missense	0.323149506
3836	EHMT1	L981P	Missense	0.054356307
3837	EHMT1	L981P	Missense	0.401612216
3838	EHMT1	S980G	Missense	-0.059594409
3839	EHMT1		No Mutation	0.185289377
3840	EHMT1	W986R	Missense	0.311066113
3841	EHMT1		No Mutation	-0.015600833
3842	EHMT1	M991V;S992G	Missense;Missense	0.143619085
3843	EHMT1	K993G	Missense	0.038938154
3844	EHMT1	Q996R;D997G	Missense;Missense	0.638715612
3845	EHMT1	D1001G;R1002G	Missense;Missense	-0.289712224
3846	EHMT1		No Mutation	0.03833287
3847	EHMT1		No Mutation	-0.061803568
3848	EHMT1	V1006A	Missense	-0.189657114
3849	EHMT1		No Mutation	0.300268815
3850	EHMT1	V1006A	Missense	0.085720071
3851	EHMT1	I1009T	Missense	-0.009575903
3852	EHMT1	I1009T	Missense	0.01371315
3853	EHMT1	E1007G	Missense	-0.263561428
3854	EHMT1	V1010A	Missense	-0.22129662
3855	EHMT1	V1010A	Missense	0.193070985
3856	EHMT1	V1010A	Missense	-0.143993243
3857	EHMT1	R1012G	Missense	-0.117934758
3858	EHMT1	(NC)	Intron	0.392601567
3859	EHMT1		No Mutation	-0.350819734
3860	EHMT1		No Mutation	-0.110967297
3861	EHMT1		No Mutation	0.165829966
3862	EHMT1	I1014T	Missense	-0.417213467
3863	EHMT1	(NC)	Splice-acceptor	0.30809942
3864	EHMT1	A1015A	Silent	0.108628861
3865	EHMT1		No Mutation	-0.305088804
3866	EHMT1		No Mutation	0.141908698
3867	EHMT1		No Mutation	-0.153655746
3868	EHMT1		No Mutation	0.392920023
3869	EHMT1	V1029A	Missense	0.031419374
3870	EHMT1	V1029A	Missense	0.281975391
3871	EHMT1	V1029A	Missense	-0.030319173
3872	EHMT1	C1034R	Missense	0.187770016
3873	EHMT1	Y1038H	Missense	0.411130878
3874	EHMT1	Y1040H	Missense	3.695893799
3875	EHMT1		No Mutation	0.061191598
3876	EHMT1		No Mutation	-0.224556406
3877	EHMT1		No Mutation	0.010313332
3878	EHMT1	N1055N	Silent	0.107907604
3879	EHMT1	R1054R;N1055G;I1056V	Silent;Missense;Missense	-0.390327146
3880	EHMT1	H1058R	Missense	0.64545071
3881	EHMT1	(NC)	Intron	0.206440188
3882	EHMT1	(NC)	Intron	0.171727281
3883	EHMT1	(NC);(NC);(NC)	Intron;Intron;Intron	-0.201778344
3884	EHMT1	(NC);(NC);(NC)	Intron;Intron;Intron	-0.32466362
3885	EHMT1	(NC);(NC)	Intron;Intron	-0.243227919
3886	EHMT1	(NC)	Intron	-0.17927621
3887	EHMT1	(NC);Y1061H	Intron;Missense	-0.196946006
3888	EHMT1	C1062R	Missense	-0.490062042
3889	EHMT1	S1071G	Missense	0.626969164
3890	EHMT1	M1074T;C1075R	Missense;Missense	-0.142383718
3891	EHMT1		No Mutation	0.463155493
3892	EHMT1	Q1077R	Missense	-0.077089407
3893	EHMT1	C1082R;W1083R	Missense;Missense	0.127509803
3894	EHMT1		No Mutation	-0.370985447
3895	EHMT1		No Mutation	0.026255285
3896	EHMT1		No Mutation	-0.199502816
3897	EHMT1	Y1084C	Missense	0.365431621
3898	EHMT1		No Mutation	-0.138135655
3899	EHMT1		No Mutation	0.313822164
3900	EHMT1		No Mutation	-0.022334743
3901	EHMT1	(NC);(NC)	Intron;Intron	0.114704968
3902	EHMT1	(NC)	Intron	-0.486487388
3903	EHMT1	(NC)	Intron	0.006586668
3904	EHMT1		No Mutation	0.173653367
3905	EHMT1	L1090P;L1091P	Missense;Missense	0.13534881
3906	EHMT1		No Mutation	0.177619942
3907	EHMT1	F1094P	Missense	-0.007851487
3908	EHMT1	P1092P	Silent	0.254904525
3909	EHMT1	M1096T	Missense	-0.093330607
3910	EHMT1		No Mutation	0.249111363
3911	EHMT1	C1105R	Missense	0.467920071
3912	EHMT1	C1105R	Missense	-0.559536624
3913	EHMT1		No Mutation	-0.166873188
3914	EHMT1	N1106S;H1107R	Missense;Missense	-0.038112113
3915	EHMT1	H1107R	Missense	-0.031632761
3916	EHMT1	W1112R	Missense	0.676989448
3917	EHMT1		No Mutation	0.081668928
3918	EHMT1	N1117G	Missense	0.005360537
3919	EHMT1		No Mutation	0.515154971
3920	EHMT1	V1120V	Silent	-0.123113569
3921	EHMT1	N1122G	Missense	-0.171583012
3922	EHMT1	(NC);(NC)	Intron;Intron	0.669492372
3923	EHMT1	(NC);(NC);(NC)	Intron;Intron;Intron	-0.144684376
3924	EHMT1	A1126A;R1127G	Silent;Missense	-0.524210463
3925	EHMT1	Q1129R	Missense	-0.104281846
3926	EHMT1	Q1129R	Missense	-0.164825653
3927	EHMT1	Y1131C	Missense	-0.389152009
3928	EHMT1	Y1131C	Missense	-0.27409242
3929	EHMT1	T1133A	Missense	0.568041798
3930	EHMT1	T1133A	Missense	-0.02316842
3931	EHMT1	T1133A	Missense	-0.196152658
3932	EHMT1	W1138R	Missense	-0.095028742
3933	EHMT1	D1135G;M1136V	Missense;Missense	0.131927311
3934	EHMT1		No Mutation	0.391172339
3935	EHMT1	Q1144R	Missense	0.345087977
3936	EHMT1		No Mutation	-0.11195052
3937	EHMT1		No Mutation	-0.292533513
3938	EHMT1	F1151F;V1152A;C1153R	Silent;Missense;Missense	-0.026311017
3939	EHMT1	V1152A;C1153R	Missense;Missense	0.141975061
3940	EHMT1	C1153R	Missense	-0.271114407
3941	EHMT1	(NC)	Intron	0.313636841
3942	EHMT1	E1154G	Missense	-0.148126289
3943	EHMT1	E1154G	Missense	0.133650839
3944	EHMT1	(NC)	Intron	0.724107907
3945	EHMT1	(NC)	Intron	-0.200827958
3946	EHMT1	(NC)	Intron	-0.36739354
3947	EHMT1	(NC)	Intron	-0.429182277
3948	EHMT1		No Mutation	-0.271193682
3949	EHMT1		No Mutation	0.213965348
3950	EHMT1	Y1155H	Missense	-0.180076817
3951	EHMT1	V1156A	Missense	0.227399591
3952	EHMT1	V1156V	Silent	0.290345472
3953	EHMT1	S1163S;E1164G	Silent;Missense	0.160136631
3954	EHMT1	D1171D	Silent	0.789144183
3955	EHMT1		No Mutation	0.579767317
3956	EHMT1	N1179N	Silent	0.136459456
3957	EHMT1		No Mutation	0.185712662
3958	EHMT1		No Mutation	0.055336609
3959	EHMT1	(NC)	Intron	-0.163793397
3960	EHMT1		No Mutation	0.007924564
3961	EHMT1		No Mutation	-0.041030538
3962	EHMT1		No Mutation	-0.15414836
3963	EHMT1		No Mutation	-0.073994951
3964	EHMT1	V1184A	Missense	-0.3412098
3965	EHMT1	V1184A;Y1185H	Missense;Missense	-0.135578077
3966	EHMT1	Y1185C	Missense	-0.025663951
3967	EHMT1	I1187V;D1188G	Missense;Missense	0.05898964
3968	EHMT1	D1188G	Missense	0.496375371
3969	EHMT1	Y1192C	Missense	0.3831852
3970	EHMT1	C1203R	Missense	0.621898886
3971	EHMT1	H1202R	Missense	0.531835755
3972	EHMT1		No Mutation	-0.634896213
3973	EHMT1	L1207P	Missense	-0.382957869
3974	EHMT1	V1210A	Missense	-0.244166025
3975	EHMT1	V1210A	Missense	-0.201776388
3976	EHMT1		No Mutation	0.481607069
3977	EHMT1	V1212A;F1213L	Missense;Missense	0.499498241
3978	EHMT1	M1214T	Missense	0.559106731
3979	EHMT1	M1214T	Missense	0.438578781
3980	EHMT1		No Mutation	0.024241535
3981	EHMT1		No Mutation	-0.151588373
3982	EHMT1	Q1217R;D1218G	Missense;Missense	-0.323353754
3983	EHMT1	F1221P	Missense	-0.223738929
3984	EHMT1	F1221P	Missense	-0.324561559
3985	EHMT1		No Mutation	0.374311062
3986	EHMT1	I1224T	Missense	0.155767704
3987	EHMT1	F1227P	Missense	0.042767488
3988	EHMT1	F1227P	Missense	-0.107643435
3989	EHMT1	F1227S	Missense	-0.156652683
3990	EHMT1		No Mutation	-0.15649677
3991	EHMT1	L1231P	Missense	-0.014540213
3992	EHMT1	S1228G;T1229A	Missense;Missense	0.511435805
3993	EHMT1	T1229A	Missense	0.213557802
3994	EHMT1		No Mutation	0.456341127
3995	EHMT1		No Mutation	-0.528863345
3996	EHMT1		No Mutation	0.164383642
3997	EHMT1	E1233G	Missense	0.415509779
3998	EHMT1	E1233G	Missense	0.09440659
3999	EHMT1	(NC)	Splice-donor	-0.089463766
4000	EHMT1		No Mutation	-0.117947497
4001	EHMT1	(NC)	Intron	0.181747491
4002	EHMT1		No Mutation	-0.384475761
4003	EHMT1	(NC)	Intron	-0.144973504
4004	EHMT1		No Mutation	0.089664934
4005	EHMT1	Y1242H	Missense	-0.037851944
4006	EHMT1	Y1242H	Missense	-0.163503473
4007	EHMT1	Y1242Y	Silent	0.552371256
4008	EHMT1		No Mutation	0.003034559
4009	EHMT1		No Mutation	0.812063937
4010	EHMT1	D1241G;Y1242C	Missense;Missense	0.162593993
4011	EHMT1	Y1242C	Missense	-0.417627845
4012	EHMT1		No Mutation	0.988512489
4013	EHMT1		No Mutation	0.236019446
4014	EHMT1		No Mutation	0.318572008
4015	EHMT1	C1263R	Missense	-0.123155833
4016	EHMT1	S1266P	Missense	0.094353728
4017	EHMT1		No Mutation	-0.832216538
4018	EHMT1	S1266P	Missense	-0.022196105
4019	EHMT1	S1266P	Missense	0.491234563
4020	EHMT1		No Mutation	-0.361482476
4021	EHMT1	H1265R	Missense	0.150485801
4022	EHMT1		No Mutation	0.379957322
4023	EHMT1		No Mutation	-0.152157447
4024	EHMT1		No Mutation	0.187996774
4025	EHMT1	Q1272R	Missense	-0.466585553
4026	EHMT1		No Mutation	-0.111569813
4027	EHMT1		No Mutation	0.12910728
4028	EHMT1	Q1274R	Missense	-0.603118541
4029	EHMT1		No Mutation	-0.032900922
4030	EHMT1	S1276G	Missense	-0.043235632
4031	EHMT1		No Mutation	-0.274665457
4032	EHMT1		No Mutation	-0.254544834
4033	EHMT1		No Mutation	-0.215293227
4034	EHMT1	Q1279R;E1280G	Missense;Missense	-0.517399103
4035	EHMT1		No Mutation	-0.301805162
4036	EHMT1		No Mutation	0.129518483
4037	EHMT1	L1286S	Missense	0.233844777
4038	EHMT1		No Mutation	-0.018817289
4039	EHMT1		No Mutation	-0.068414325
4040	EHMT1		No Mutation	-0.086430428
4041	EHMT1	A1293A	Silent	0.110203962
4042	EHMT1		No Mutation	-0.234993359
4043	EHMT1		No Mutation	-0.053865905
4044	EHMT2		No Mutation	-0.111280399
4045	EHMT2		No Mutation	0.557364719
4046	EHMT2		No Mutation	0.164366846
4047	EHMT2	*1268R	Missense	0.030791846
4048	EHMT2		No Mutation	-0.162789028
4049	EHMT2	*1268R	Missense	-0.017862447
4050	EHMT2		No Mutation	-0.065460432
4051	EHMT2	L1262P	Missense	0.077809279
4052	EHMT2	L1262P	Missense	0.096493181
4053	EHMT2	L1259P	Missense	0.793106191
4054	EHMT2		No Mutation	-0.424353225
4055	EHMT2	E1254G	Missense	-0.3576242
4056	EHMT2	L1256P	Missense	-0.580485193
4057	EHMT2	L1256P	Missense	0.13495667
4058	EHMT2	P1253P	Silent	0.277983396
4059	EHMT2	P1253P	Silent	0.010465682
4060	EHMT2	P1253P	Silent	-0.061664829
4061	EHMT2		No Mutation	-0.627244652
4062	EHMT2	S1244G	Missense	-0.398114611
4063	EHMT2	R1245R;L1246P	Silent;Missense	-0.426840501
4064	EHMT2	R1245R;L1246P	Silent;Missense	0.27177446
4065	EHMT2		No Mutation	-0.282408033
4066	EHMT2		No Mutation	-0.510655594
4067	EHMT2	L1241P	Missense	0.07353442
4068	EHMT2	S1235S	Silent	0.017889111
4069	EHMT2	C1232R	Missense	-0.535136283
4070	EHMT2	S1229S	Silent	0.46259847
4071	EHMT2	Y1222C	Missense	-0.148897448
4072	EHMT2	Y1211C	Missense	-0.382957869
4073	EHMT2	D1210G;Y1211C	Missense;Missense	-0.16554053
4074	EHMT2	Y1211H	Missense	-0.276089393
4075	EHMT2	(NC)	Intron	-0.059466664
4076	EHMT2	F1209L	Missense	-0.256957577
4077	EHMT2	(NC)	Intron	-0.277636316
4078	EHMT2	(NC)	Intron	-0.090034449
4079	EHMT2	(NC);(NC)	Intron;Intron	0.022352856
4080	EHMT2	L1207L	Silent	0.093988582
4081	EHMT2	L1207L	Silent	0.340966639
4082	EHMT2	E1206G;L1207L	Missense;Silent	0.088155566
4083	EHMT2	L1207P	Missense	-0.483310667
4084	EHMT2	T1203A	Missense	0.05507158
4085	EHMT2	T1203A	Missense	0.125191608
4086	EHMT2	T1203T	Silent	0.131130588
4087	EHMT2	T1203T	Silent	0.019800436
4088	EHMT2	R1199R;D1200G;I1201V	Silent;Missense;Missense	0.178959842
4089	EHMT2	R1199R	Silent	-0.061814617
4090	EHMT2	R1199R	Silent	-0.292787527
4091	EHMT2		No Mutation	0.199338937
4092	EHMT2	S1197G	Missense	-0.017388722
4093	EHMT2		No Mutation	0.045807757
4094	EHMT2	F1196P	Missense	-0.679767903
4095	EHMT2	I1193T	Missense	0.05964735
4096	EHMT2	F1190F	Silent	-0.007530989
4097	EHMT2		No Mutation	0.175060432
4098	EHMT2	M1183T;L1184P	Missense;Missense	0.353631256
4099	EHMT2	M1183T;L1184P	Missense;Missense	0.496750526
4100	EHMT2	V1179A	Missense	0.161575869
4101	EHMT2	V1179A	Missense	0.23095934
4102	EHMT2	V1179A	Missense	-0.301393218
4103	EHMT2	N1175G;I1176V	Missense;Missense	0.111169103
4104	EHMT2	N1175G	Missense	0.080762449
4105	EHMT2	I1176T	Missense	-0.067377444
4106	EHMT2		No Mutation	-0.091076033
4107	EHMT2	L1171P;C1172R	Missense;Missense	-0.765327579
4108	EHMT2	I1164T	Missense	-0.941972235
4109	EHMT2	I1164T	Missense	0.098378996
4110	EHMT2	I1156V;D1157G	Missense;Missense	-0.968485119
4111	EHMT2	Y1154H;C1155R	Missense;Missense	-0.327711876
4112	EHMT2	V1153A;Y1154H	Missense;Missense	-0.573877322
4113	EHMT2	V1153A;Y1154H	Missense;Missense	-0.014818227
4114	EHMT2		No Mutation	0.521732004
4115	EHMT2		No Mutation	-0.195005248
4116	EHMT2		No Mutation	-0.072021822
4117	EHMT2	D1150D	Silent	-0.313692648
4118	EHMT2		No Mutation	0.059931699
4119	EHMT2	D1150D	Silent	0.119605899
4120	EHMT2	(NC)	Intron	0.111302116
4121	EHMT2	(NC)	Intron	0.076882236
4122	EHMT2	L1146L;D1147G	Silent;Missense	-1.371467269
4123	EHMT2		No Mutation	-0.02411952
4124	EHMT2		No Mutation	0.283805938
4125	EHMT2	E1133G	Missense	0.157944107
4126	EHMT2	I1129V	Missense	-0.28792652
4127	EHMT2		No Mutation	-0.144259861
4128	EHMT2		No Mutation	0.231776013
4129	EHMT2	Y1124Y;V1125A	Silent;Missense	-0.003731485
4130	EHMT2		No Mutation	-0.598119282
4131	EHMT2		No Mutation	0.329873709
4132	EHMT2		No Mutation	0.004027772
4133	EHMT2		No Mutation	-0.069132987
4134	EHMT2	(NC);(NC)	Intron;Intron	0.399252132
4135	EHMT2		No Mutation	0.420036746
4136	EHMT2	(NC)	Intron	-0.391626804
4137	EHMT2	I1121V	Missense	0.110068945
4138	EHMT2	I1121T;C1122R	Missense;Missense	-0.443615213
4139	EHMT2	I1121T;C1122R	Missense;Missense	-0.604966878
4140	EHMT2	F1120P	Missense	-0.067564203
4141	EHMT2		No Mutation	0.113866823
4142	EHMT2		No Mutation	0.379199659
4143	EHMT2	Q1113R	Missense	-0.198170159
4144	EHMT2	Q1113R	Missense	-0.063422868
4145	EHMT2		No Mutation	-0.009357115
4146	EHMT2	I1115T	Missense	-0.386417971
4147	EHMT2	V1109A	Missense	-0.061804979
4148	EHMT2	T1102T;K1104E	Silent;Missense	-0.364176955
4149	EHMT2	W1107R	Missense	-0.547849498
4150	EHMT2	T1102T	Silent	0.661138348
4151	EHMT2	T1102A	Missense	-0.03547566
4152	EHMT2	R1101R;T1102A	Silent;Missense	-0.313594101
4153	EHMT2	R1101R;T1102A	Silent;Missense	-0.537509991
4154	EHMT2	Y1100C	Missense	0.119601312
4155	EHMT2	Y1100C	Missense	-0.013760871
4156	EHMT2	L1099P	Missense	-0.867084562
4157	EHMT2	L1099P	Missense	-0.899968828
4158	EHMT2		No Mutation	-0.453301752
4159	EHMT2	L1097P	Missense	-0.751923933
4160	EHMT2	L1097P	Missense	-0.380563747
4161	EHMT2		No Mutation	-0.281756694
4162	EHMT2	(NC)	Intron	-0.388545843
4163	EHMT2	(NC)	Intron	0.099799931
4164	EHMT2	Q1090R;S1091G	Missense;Missense	-0.042209662
4165	EHMT2	S1091S	Silent	-0.227545143
4166	EHMT2	N1086G	Missense	0.342177708
4167	EHMT2	R1082G;N1083D	Missense;Missense	0.937242032
4168	EHMT2	R1082G	Missense	0.244062784
4169	EHMT2	W1081R	Missense	0.06372381
4170	EHMT2	N1075S;Q1076R	Missense;Missense	0.050806414
4171	EHMT2	C1074R	Missense	-0.245469556
4172	EHMT2	C1074R	Missense	-1.301337856
4173	EHMT2	I1066T	Missense	0.130347367
4174	EHMT2	L1059S;L1060P	Missense;Missense	-0.463640372
4175	EHMT2	L1059P;L1060P	Missense;Missense	-0.101816798
4176	EHMT2	D1056G	Missense	-0.230869523
4177	EHMT2		No Mutation	-0.412913147
4178	EHMT2	D1056D	Silent	-0.187171315
4179	EHMT2	D1056D	Silent	0.563733906
4180	EHMT2	D1056D	Silent	-0.136091327
4181	EHMT2	(NC)	Intron	0.110114014
4182	EHMT2		No Mutation	-0.30542776
4183	EHMT2		No Mutation	0.318193087
4184	EHMT2		No Mutation	-0.621836408
4185	EHMT2		No Mutation	-0.089692272
4186	EHMT2		No Mutation	0.568589738
4187	EHMT2		No Mutation	-0.476668622
4188	EHMT2		No Mutation	0.423470103
4189	EHMT2	C1051R;W1052R	Missense;Missense	0.105137478
4190	EHMT2	Q1046R	Missense	0.2158958
4191	EHMT2		No Mutation	-0.62742804
4192	EHMT2		No Mutation	0.809078871
4193	EHMT2		No Mutation	-0.258977233
4194	EHMT2	S1039G	Missense	0.034808727
4195	EHMT2	C1033C;V1034A	Silent;Missense	-0.467205595
4196	EHMT2	C1033C;V1034A	Silent;Missense	0.196074736
4197	EHMT2	C1033R;V1034A	Missense;Missense	-0.177012193
4198	EHMT2	(NC)	Splice-acceptor	-0.753618501
4199	EHMT2		No Mutation	0.187496134
4200	EHMT2	C1031R	Missense	-0.652335665
4201	EHMT2		No Mutation	-0.370194783
4202	EHMT2	(NC)	Intron	-0.209588683
4203	EHMT2		No Mutation	-0.002962565
4204	EHMT2	Q1029R	Missense	-0.295648929
4205	EHMT2	Q1029R	Missense	-0.146669942
4206	EHMT2	(NC)	Intron	-0.210269971
4207	EHMT2	(NC)	Intron	-0.428109905
4208	EHMT2	H1027R	Missense	-0.046215059
4209	EHMT2	H1027R	Missense	-0.366397655
4210	EHMT2	H1027R	Missense	-0.094044213
4211	EHMT2	H1027R	Missense	0.020079159
4212	EHMT2	N1024G;I1025V	Missense;Missense	-0.155545767
4213	EHMT2		No Mutation	-0.605208768
4214	EHMT2	D1022D	Silent	0.807906663
4215	EHMT2	Y1009H;I1010T	Missense;Missense	0.190732926
4216	EHMT2	Y1009H	Missense	0.193043475
4217	EHMT2		No Mutation	-0.387268484
4218	EHMT2	Y1007H	Missense	0.304601977
4219	EHMT2		No Mutation	-0.155698896
4220	EHMT2	V998A;D999D	Missense;Silent	-0.1326469
4221	EHMT2	V998A	Missense	0.144860342
4222	EHMT2	N996D	Missense	-0.352894988
4223	EHMT2		No Mutation	-0.623649269
4224	EHMT2		No Mutation	0.074932294
4225	EHMT2	G997G	Silent	0.343571533
4226	EHMT2		No Mutation	0.227184664
4227	EHMT2		No Mutation	0.330925096
4228	EHMT2	I992V	Missense	0.10814006
4229	EHMT2	(NC)	Splice-acceptor	0.054492952
4230	EHMT2	(NC)	Splice-acceptor	-0.121943386
4231	EHMT2		No Mutation	-0.183128995
4232	EHMT2	V983A	Missense	-0.400540106
4233	EHMT2	V983A	Missense	0.3714573
4234	EHMT2		No Mutation	0.018662527
4235	EHMT2	(NC)	Intron	0.413210205
4236	EHMT2	(NC);(NC)	Intron;Intron	0.773356881
4237	EHMT2	(NC);(NC);(NC)	Intron;Intron;Intron	0.125912589
4238	EHMT2		No Mutation	-0.286673244
4239	EHMT2		No Mutation	-0.270151297
4240	EHMT2	(NC)	Intron	-0.168540977
4241	EHMT2	I979V	Missense	-0.288666817
4242	EHMT2	I979V	Missense	-0.484715098
4243	EHMT2	I979T;C980R	Missense;Missense	-0.150067382
4244	EHMT2	T975T;E976G	Silent;Missense	0.180699243
4245	EHMT2	I978T	Missense	-0.067265167
4246	EHMT2	N970N	Silent	-0.048893744
4247	EHMT2	R965R	Silent	0.320263709
4248	EHMT2	R965R	Silent	0.011863695
4249	EHMT2	L966L	Silent	0.320178593
4250	EHMT2	K963G	Missense	-0.574153022
4251	EHMT2	K963G	Missense	-0.290791102
4252	EHMT2	K963E	Missense	1.237675459
4253	EHMT2	N961S	Missense	0.819689714
4254	EHMT2	N961G	Missense	0.069196584
4255	EHMT2	L958P	Missense	-0.064970697
4256	EHMT2	V954A;W955R	Missense;Missense	0.274845854
4257	EHMT2	V954A;W955R	Missense;Missense	-0.190204073
4258	EHMT2	E950G	Missense	-0.098173839
4259	EHMT2	S952P	Missense	-0.098156392
4260	EHMT2	K939K;E940G	Silent;Missense	0.688042516
4261	EHMT2	K939R;E940G	Missense;Missense	-0.06396994
4262	EHMT2		No Mutation	0.011814551
4263	EHMT2		No Mutation	0.275216121
4264	EHMT2		No Mutation	-0.112077716
4265	EHMT2	E935G	Missense	0.136157279
4266	EHMT2	E935G	Missense	0.296630082
4267	EHMT2	E935G	Missense	-0.042914309
4268	EHMT2		No Mutation	-0.413959604
4269	EHMT2		No Mutation	0.319430124
4270	EHMT2		No Mutation	-0.26372841
4271	EHMT2	L926L	Silent	0.278451083
4272	EHMT2	L926L	Silent	-0.348108807
4273	EHMT2	(NC)	Splice-acceptor	-0.239105321
4274	EHMT2	L928P;S929P	Missense;Missense	0.308272425
4275	EHMT2	F927S;L928P	Missense;Missense	0.701756248
4276	EHMT2	F927P;L928P	Missense;Missense	-0.248723052
4277	EHMT2	L926P	Missense	-0.187186672
4278	EHMT2	(NC)	Intron	-0.294972359
4279	EHMT2	(NC)	Splice-donor	-0.6648068
4280	EHMT2	A916A	Silent	-0.242461131
4281	EHMT2	A916A	Silent	-0.543103653
4282	EHMT2	A916A	Silent	0.139196392
4283	EHMT2	A916A	Silent	-0.065250667
4284	EHMT2		No Mutation	0.612361666
4285	EHMT2		No Mutation	-0.462035531
4286	EHMT2	L912P	Missense	-0.21457749
4287	EHMT2	H907H	Silent	0.512920657
4288	EHMT2		No Mutation	-0.018633619
4289	EHMT2	Y906H	Missense	-0.100881316
4290	EHMT2	H902R	Missense	0.064119148
4291	EHMT2	H902R	Missense	0.100262626
4292	EHMT2	C899R	Missense	0.466261853
4293	EHMT2	N896N	Silent	-0.14926739
4294	EHMT2	L894P;L895P	Missense;Missense	-0.13712354
4295	EHMT2	V893A;L894P	Missense;Missense	-0.249964201
4296	EHMT2		No Mutation	0.462707287
4297	EHMT2		No Mutation	0.055105706
4298	EHMT2	F884P	Missense	-0.078939008
4299	EHMT2	H880R	Missense	-0.328804559
4300	EHMT2	H880R	Missense	-0.313534954
4301	EHMT2	N876G;I877V	Missense;Missense	-0.483343772
4302	EHMT2	E875G;N876G	Missense;Missense	0.081598524
4303	EHMT2	I877T;C878R	Missense;Missense	-0.156700494
4304	EHMT2	I877T	Missense	-0.23017203
4305	EHMT2		No Mutation	0.01568764
4306	EHMT2		No Mutation	-0.009574921
4307	EHMT2		No Mutation	-0.355153436
4308	EHMT2		No Mutation	0.09522858
4309	EHMT2		No Mutation	0.034526336
4310	EHMT2	(NC)	Intron	0.574938313
4311	EHMT2	(NC)	Intron	-0.073388235
4312	EHMT2	N873G	Missense	0.423289647
4313	EHMT2	(NC)	Intron	0.059742436
4314	EHMT2	(NC);(NC)	Splice-donor;Intron	-0.44095142
4315	EHMT2	T871T	Silent	0.152151651
4316	EHMT2		No Mutation	0.953524622
4317	EHMT2	M860V	Missense	-0.22238245
4318	EHMT2	M860V	Missense	0.184271384
4319	EHMT2		No Mutation	-0.607798053
4320	EHMT2	A850A;E851G	Silent;Missense	-0.067272319
4321	EHMT2		No Mutation	0.235764513
4322	EHMT2		No Mutation	-0.061133084
4323	EHMT2	T844A	Missense	-0.193737637
4324	EHMT2		No Mutation	0.194534633
4325	EHMT2	W843R	Missense	-0.009861233
4326	EHMT2	W843R	Missense	-0.085764981
4327	EHMT2	S840S	Silent	0.120265993
4328	EHMT2	(NC);(NC)	Intron;Splice-acceptor	0.02395194
4329	EHMT2	S840S	Silent	0.130547416
4330	EHMT2	(NC);(NC)	Intron;Intron	-0.169932016
4331	EHMT2	(NC)	Intron	-0.236417546
4332	EHMT2		No Mutation	0.178776051
4333	EHMT2	(NC)	Intron	0.167934656
4334	EHMT2		No Mutation	-0.034312943
4335	EHMT2	(NC)	Intron	0.26909779
4336	EHMT2	(NC)	Intron	-0.333972054
4337	EHMT2		No Mutation	0.008281046
4338	EHMT2		No Mutation	-0.127234265
4339	EHMT2	(NC)	Intron	-0.254923627
4340	EHMT2		No Mutation	0.400401426
4341	EHMT2		No Mutation	-0.378836128
4342	EHMT2	N836G	Missense	0.522363622
4343	EHMT2		No Mutation	-0.012186457
4344	EHMT2	S829G	Missense	0.047099145
4345	EHMT2		No Mutation	-0.260921124
4346	EHMT2		No Mutation	0.075533677
4347	EHMT2	S825G	Missense	-0.265508003
4348	EHMT2	L821S	Missense	-0.07878082
4349	EHMT2	K817K;I818V	Silent;Missense	0.692585191
4350	EHMT2	A815A;K817E	Silent;Missense	0.068955234
4351	EHMT2	H813R;H814R	Missense;Missense	0.47838017
4352	EHMT2	H813R;H814R	Missense;Missense	-0.395930589
4353	EHMT2		No Mutation	0.865765571
4354	EHMT2		No Mutation	0.817738211
4355	EHMT2	G808G;S809P	Silent;Missense	-0.254911012
4356	EHMT2	G808G;S809P	Silent;Missense	0.582305278
4357	EHMT2		No Mutation	0.121794043
4358	EHMT2		No Mutation	0.087015605
4359	EHMT2		No Mutation	-0.869013763
4360	EHMT2		No Mutation	0.082696718
4361	EHMT2		No Mutation	0.228542353
4362	EHMT2		No Mutation	0.011813098
4363	EHMT2	(NC)	Intron	0.05386977
4364	EHMT2		No Mutation	-0.024701331
4365	EHMT2		No Mutation	-0.02590804
4366	EHMT2	S803G;K804E	Missense;Missense	-0.241972481
4367	EHMT2		No Mutation	0.310230851
4368	EHMT2	R797R	Silent	0.5961535
4369	EHMT2	R797R	Silent	0.257022695
4370	EHMT2	Y793C;M794V	Missense;Missense	0.087540888
4371	EHMT2	Y793C	Missense	0.142885135
4372	EHMT2	R792R;Y793H	Silent;Missense	-0.166932687
4373	EHMT2	E789G	Missense	0.022312338
4374	EHMT2	R792R;Y793H	Silent;Missense	-0.666713554
4375	EHMT2	L788P	Missense	0.06878442
4376	EHMT2	N785D	Missense	0.28106401
4377	EHMT2		No Mutation	-0.139865134
4378	EHMT2	V783A;V784A	Missense;Missense	-0.327382211
4379	EHMT2	P778P	Silent	0.091810113
4380	EHMT2	T777A	Missense	-0.288375253
4381	EHMT2	Q775R	Missense	0.072178526
4382	EHMT2	A770A	Silent	-0.043806814
4383	EHMT2	V771A	Missense	0.06474883
4384	EHMT2	G765G;N767D	Silent;Missense	-0.276426059
4385	EHMT2		No Mutation	-0.052623686
4386	EHMT2		No Mutation	0.11799734
4387	EHMT2		No Mutation	-0.737358757
4388	EHMT2		No Mutation	0.425339405
4389	EHMT2	A764A	Silent	0.357630127
4390	EHMT2		No Mutation	-0.171117534
4391	EHMT2		No Mutation	-0.188498825
4392	EHMT2		No Mutation	0.308950696
4393	EHMT2	(NC)	Intron	-0.164762758
4394	EHMT2		No Mutation	-0.055081645
4395	EHMT2	Q763R	Missense	0.036203761
4396	EHMT2		No Mutation	-0.21789313
4397	EHMT2		No Mutation	0.301725373
4398	EHMT2	(NC)	Splice-donor	-1.135136059
4399	EHMT2		No Mutation	-0.483752157
4400	EHMT2	H759H;V760A	Silent;Missense	0.221674548
4401	EHMT2		No Mutation	0.577471511
4402	EHMT2	V755A	Missense	0.347015791
4403	EHMT2	V755A	Missense	-0.112208209
4404	EHMT2		No Mutation	0.058706669
4405	EHMT2		No Mutation	0.166017781
4406	EHMT2		No Mutation	0.354352427
4407	EHMT2	H747R	Missense	-0.24416995
4408	EHMT2		No Mutation	0.577811446
4409	EHMT2	H747R	Missense	-0.319270031
4410	EHMT2		No Mutation	0.188311847
4411	EHMT2		No Mutation	-0.520227371
4412	EHMT2		No Mutation	0.310690654
4413	EHMT2		No Mutation	0.148720772
4414	EHMT2		No Mutation	-0.101703468
4415	EHMT2		No Mutation	-0.032916295
4416	EHMT2	L731P	Missense	-0.62321417
4417	EHMT2	L731P	Missense	-0.063311699
4418	EHMT2	L731P	Missense	0.164951193
4419	EHMT2		No Mutation	0.200083705
4420	EHMT2	(NC)	Intron	-0.487383459
4421	EHMT2	(NC);(NC)	Intron;Intron	0.082810593
4422	EHMT2	(NC)	Intron	0.462061647
4423	EHMT2	Q717R	Missense	-0.025886907
4424	EHMT2	L720P	Missense	-0.127255726
4425	EHMT2		No Mutation	0.233701161
4426	EHMT2	Y712C	Missense	-0.261761096
4427	EHMT2	Y712C	Missense	0.139060198
4428	EHMT2	L713P;S714P	Missense;Missense	0.211275775
4429	EHMT2	L713P;S714P	Missense;Missense	-0.202425142
4430	EHMT2	Y712H	Missense	-0.388021121
4431	EHMT2	L711L	Silent	-0.243835476
4432	EHMT2	K703R	Missense	-0.214981477
4433	EHMT2		No Mutation	0.302753925
4434	EHMT2		No Mutation	-0.091962978
4435	EHMT2		No Mutation	0.247509529
4436	EHMT2		No Mutation	-0.15923483
4437	EHMT2		No Mutation	0.290450062
4438	EHMT2	(NC);(NC)	Intron;Intron	-0.231261323
4439	EHMT2	(NC);(NC)	Intron;Intron	0.129670462
4440	EHMT2		No Mutation	-0.094476706
4441	EHMT2	(NC);(NC)	Intron;Intron	0.263304569
4442	EHMT2	(NC)	Intron	-0.323069168
4443	EHMT2	(NC)	Splice-donor	0.125086794
4444	EHMT2	E697G;S698S	Missense;Silent	0.175890655
4445	EHMT2	E697G	Missense	-0.032811505
4446	EHMT2	E697G	Missense	-0.669044057
4447	EHMT2	I695V	Missense	0.705438413
4448	EHMT2	S698P	Missense	-0.177668763
4449	EHMT2	E690E;K691G	Silent;Missense	0.133256263
4450	EHMT2		No Mutation	-0.128620812
4451	EHMT2		No Mutation	0.172812009
4452	EHMT2	P684P	Silent	-0.521509719
4453	EHMT2		No Mutation	-0.474440374
4454	EHMT2	P681P	Silent	0.687548365
4455	EHMT2	P681P	Silent	1.120832248
4456	EHMT2	P681P	Silent	0.59615436
4457	EHMT2	L682P	Missense	0.139655433
4458	EHMT2		No Mutation	-0.152225207
4459	EHMT2		No Mutation	-0.425843055
4460	EHMT2		No Mutation	-0.109054832
4461	EHMT2	S676S	Silent	-0.157186095
4462	EHMT2	L680P	Missense	-0.166300615
4463	EHMT2		No Mutation	-0.379475166
4464	EHMT2		No Mutation	-0.093580623
4465	EHMT2		No Mutation	-0.632897724
4466	EHMT2	L675P;S676P	Missense;Missense	-0.809823985
4467	EHMT2	L675P;S676P	Missense;Missense	0.259553166
4468	EHMT2	C674R	Missense	-0.260133036
4469	EHMT2	C674R	Missense	0.216290286
4470	EHMT2	N671N	Silent	0.485253116
4471	EHMT2	N671N	Silent	-0.068093014
4472	EHMT2	N671N	Silent	-0.027486821
4473	EHMT2	T668A	Missense	-0.18133723
4474	EHMT2		No Mutation	0.157624066
4475	EHMT2	T668A	Missense	0.222748733
4476	EHMT2		No Mutation	-0.082658998
4477	EHMT2		No Mutation	-0.24487314
4478	EHMT2		No Mutation	-0.156320575
4479	EHMT2	D658G;T659A	Missense;Missense	0.361464783
4480	EHMT2	D658G;T659A	Missense;Missense	0.199272294
4481	EHMT2	I660I	Silent	0.124973771
4482	EHMT2	I660T	Missense	0.18060295
4483	EHMT2	I660T	Missense	-0.452894158
4484	EHMT2	A657A	Silent	-0.159875308
4485	EHMT2	A657A	Silent	0.590814936
4486	EHMT2	L656P	Missense	0.009745927
4487	EHMT2	L656P	Missense	-0.015646181
4488	EHMT2		No Mutation	-0.119275986
4489	EHMT2	D654D	Silent	-0.139032402
4490	EHMT2	D654D	Silent	0.150415715
4491	EHMT2	C653R	Missense	-0.082636573
4492	EHMT2	R643R	Silent	0.042534812
4493	EHMT2	H645H	Silent	-0.114924238
4494	EHMT2	H645H	Silent	-0.465652254
4495	EHMT2	M642V	Missense	-0.21485433
4496	EHMT2		No Mutation	0.00580618
4497	EHMT2		No Mutation	0.17686578
4498	EHMT2		No Mutation	0.217399235
4499	EHMT2	(NC);(NC)	Intron;Splice-acceptor	1.038786683
4500	EHMT2	(NC);(NC)	Intron;Splice-acceptor	-0.175115189
4501	EHMT2		No Mutation	0.124139267
4502	EHMT2		No Mutation	-0.029228083
4503	EHMT2	(NC)	Intron	0.200809696
4504	EHMT2		No Mutation	-0.222556605
4505	EHMT2		No Mutation	-0.102383831
4506	EHMT2	A633A;D634G	Silent;Missense	-0.321504677
4507	EHMT2	T635T;S636P	Silent;Missense	-0.031319046
4508	EHMT2	T635T;S636P	Silent;Missense	0.179795057
4509	EHMT2	T635T;S636P	Silent;Missense	-0.153036553
4510	EHMT2		No Mutation	-0.312259849
4511	EHMT2		No Mutation	0.105884693
4512	EHMT2		No Mutation	-0.005582541
4513	EHMT2	V629A	Missense	-0.422474015
4514	EHMT2	V629A	Missense	-0.019447166
4515	EHMT2		No Mutation	-0.059429059
4516	EHMT2		No Mutation	0.438381775
4517	EHMT2	D628D;V629A	Silent;Missense	0.043504373
4518	EHMT2	D628D	Silent	0.647697669
4519	EHMT2	D628D	Silent	-0.162026528
4520	EHMT2		No Mutation	-0.291904332
4521	EHMT2	L625P;S626P	Missense;Missense	-0.161550907
4522	EHMT2	A621A	Silent	-0.325713378
4523	EHMT2	P620P	Silent	0.00212234
4524	EHMT2	A619A	Silent	-0.11348508
4525	EHMT2		No Mutation	-0.373969682
4526	EHMT2	T617T	Silent	0.455081347
4527	EHMT2	T617T	Silent	0.08379464
4528	EHMT2		No Mutation	0.52382299
4529	EHMT2	D609G	Missense	0.176618248
4530	EHMT2		No Mutation	-0.010248183
4531	EHMT2	V611A	Missense	0.122625071
4532	EHMT2	V611A	Missense	-0.288499948
4533	EHMT2	V611A	Missense	-0.124487962
4534	EHMT2		No Mutation	0.708635907
4535	EHMT2	I605V	Missense	0.054350656
4536	EHMT2	I605V	Missense	-0.502045474
4537	EHMT2	T604A;I605V	Missense;Missense	0.017789298
4538	EHMT2	E602G	Missense	-0.202228464
4539	EHMT2	Q601Q;E602G	Silent;Missense	-0.151436858
4540	EHMT2	Q601R;E602G	Missense;Missense	0.169411922
4541	EHMT2		No Mutation	0.318918986
4542	EHMT2	D596D;A597A;S598P	Silent;Silent;Missense	-0.387299178
4543	EHMT2	D596D;A597A	Silent;Silent	-0.304726797
4544	EHMT2	D596D	Silent	0.303305179
4545	EHMT2		No Mutation	-0.380744655
4546	EHMT2		No Mutation	-0.402471571
4547	EHMT2		No Mutation	-0.171008701
4548	EHMT2		No Mutation	0.056982937
4549	EHMT2		No Mutation	0.033231003
4550	EHMT2	L584P;N585N	Missense;Silent	0.143254243
4551	EHMT2		No Mutation	0.201016718
4552	EHMT2		No Mutation	0.520844138
4553	EHMT2	S582P	Missense	0.593538325
4554	EHMT2	C580R	Missense	-1.02932307
4555	EHMT2	C580R	Missense	-0.249510563
4556	EHMT2		No Mutation	-0.260741731
4557	EHMT2		No Mutation	-0.127499532
4558	EHMT2	F576P	Missense	-0.298826037
4559	EHMT2		No Mutation	-0.191960546
4560	EHMT2		No Mutation	0.258665665
4561	EHMT2	R571R;V572A	Silent;Missense	0.129530131
4562	EHMT2	H567R	Missense	-0.083456002
4563	EHMT2	P568P;F570L	Silent;Missense	-0.194298933
4564	EHMT2	P568P	Silent	-0.453961626
4565	EHMT2	C566R	Missense	-0.143329971
4566	EHMT2	L564P	Missense	-0.507074724
4567	EHMT2	F563P	Missense	-0.477141553
4568	EHMT2	F563P	Missense	-0.347158866
4569	EHMT2		No Mutation	-0.486166472
4570	EHMT2	(NC)	Intron	0.226869499
4571	EHMT2		No Mutation	0.216310569
4572	EHMT2		No Mutation	0.208811185
4573	EHMT2	(NC)	Intron	0.112326505
4574	EHMT2		No Mutation	0.165467493
4575	EHMT2		No Mutation	0.26274148
4576	EHMT2		No Mutation	0.895465546
4577	EHMT2		No Mutation	-0.400156946
4578	EHMT2	F557P;C558R	Missense;Missense	-0.102379827
4579	EHMT2		No Mutation	1.172935044
4580	EHMT2	F557P;C558R	Missense;Missense	-0.694531327
4581	EHMT2	C554R	Missense	-0.013689445
4582	EHMT2	H549R	Missense	-0.059072563
4583	EHMT2	K547G;H548R	Missense;Missense	-0.330937311
4584	EHMT2	K547G	Missense	-0.74257199
4585	EHMT2	C550R	Missense	-0.552906259
4586	EHMT2		No Mutation	-0.355490718
4587	EHMT2		No Mutation	-0.231932245
4588	EHMT2	V546A	Missense	0.329236175
4589	EHMT2	M545T;V546A	Missense;Missense	-0.102136458
4590	EHMT2	T540A	Missense	-0.726226681
4591	EHMT2	C538C	Silent	-0.056481663
4592	EHMT2	C538C	Silent	-0.241712275
4593	EHMT2	V536A	Missense	-0.280484934
4594	EHMT2	L534P;M535T	Missense;Missense	-0.088136976
4595	EHMT2	L534P	Missense	0.197573146
4596	EHMT2	S530G	Missense	-0.369944148
4597	EHMT2	R531R	Silent	-0.437625003
4598	EHMT2	R527G	Missense	-0.373538895
4599	EHMT2	M526T	Missense	0.625422688
4600	EHMT2	K522G	Missense	0.327925496
4601	EHMT2		No Mutation	0.73697404
4602	EHMT2		No Mutation	0.071088445
4603	EHMT2		No Mutation	-1.039167259
4604	EHMT2	N517S	Missense	0.038668293
4605	EHMT2	L513P;S514P	Missense;Missense	0.203116822
4606	EHMT2	(NC)	Intron	0.192229982
4607	EHMT2		No Mutation	-0.498629776
4608	EHMT2		No Mutation	-0.514277483
4609	EHMT2		No Mutation	-0.046497241
4610	EHMT2		No Mutation	-0.440190592
4611	EHMT2		No Mutation	-0.371479694
4612	EHMT2	E512G	Missense	0.183180678
4613	EHMT2	G511G	Silent	-0.686009568
4614	EHMT2	D510G;G511G	Missense;Silent	-0.191004753
4615	EHMT2		No Mutation	0.62640439
4616	EHMT2	S508G	Missense	0.271550212
4617	EHMT2	S508G	Missense	-0.037367252
4618	EHMT2		No Mutation	-0.203624816
4619	EHMT2	E507G;S508G	Missense;Missense	-0.342292235
4620	EHMT2	T506A	Missense	0.426611219
4621	EHMT2	M504V	Missense	-0.734915978
4622	EHMT2		No Mutation	0.181923414
4623	EHMT2		No Mutation	-0.197003791
4624	EHMT2	I495V	Missense	-0.068379481
4625	EHMT2	I495V	Missense	0.353835199
4626	EHMT2	I495V	Missense	0.272676098
4627	EHMT2	D493G	Missense	0.250404706
4628	EHMT2	D493G	Missense	0.12399533
4629	EHMT2	I495T	Missense	0.083766974
4630	EHMT2	I495T	Missense	0.337429237
4631	EHMT2		No Mutation	0.139018474
4632	EHMT2	M487T	Missense	-0.054045817
4633	EHMT2	M487T	Missense	0.829013653
4634	EHMT2	M487T	Missense	0.426411917
4635	EHMT2	S484G	Missense	-0.051088532
4636	EHMT2		No Mutation	-0.38306678
4637	EHMT2	T473A	Missense	0.287547098
4638	EHMT2		No Mutation	0.133376277
4639	EHMT2		No Mutation	0.510035628
4640	EHMT2	L471P	Missense	-0.201424556
4641	EHMT2	N466G	Missense	0.537640956
4642	EHMT2	N466N	Silent	-0.136000149
4643	EHMT2	N466N	Silent	-0.029501044
4644	EHMT2	V464A;S465P	Missense;Missense	0.380662895
4645	EHMT2		No Mutation	0.142290368
4646	EHMT2	(NC)	Intron	0.220726586
4647	EHMT2		No Mutation	-0.197054966
4648	EHMT2	(NC);(NC)	Intron;Intron	-0.541776784
4649	EHMT2	(NC)	Intron	0.180581151
4650	EHMT2	(NC)	Intron	0.2424417
4651	EHMT2	(NC);(NC)	Intron;Intron	0.353435532
4652	EHMT2	(NC);(NC)	Intron;Intron	-0.28524551
4653	EHMT2	(NC);(NC);(NC)	Splice-donor;Intron;Intron	-0.125364985
4654	EHMT2	(NC);(NC)	Splice-donor;Intron	0.017840156
4655	EHMT2	A462A	Silent	-0.122365503
4656	EHMT2	A462A	Silent	0.062724745
4657	EHMT2		No Mutation	0.240803789
4658	EHMT2	L457P;S458P	Missense;Missense	-0.201550995
4659	EHMT2	L457P;S458P	Missense;Missense	-0.153500719
4660	EHMT2		No Mutation	0.71973778
4661	EHMT2		No Mutation	0.071650755
4662	EHMT2	E450G	Missense	-0.225847349
4663	EHMT2	E450G	Missense	0.724012829
4664	EHMT2		No Mutation	0.179111486
4665	EHMT2	L451P	Missense	-0.01742494
4666	EHMT2		No Mutation	0.479146376
4667	EHMT2		No Mutation	-0.092268597
4668	EHMT2	Y441C;M442V	Missense;Missense	-0.065608097
4669	EHMT2	Y441C;M442V	Missense;Missense	-0.03851729
4670	EHMT2	Y441C;M442V	Missense;Missense	0.762664025
4671	EHMT2	V444A	Missense	0.269734693
4672	EHMT2	V444A	Missense	-0.081975781
4673	EHMT2		No Mutation	-0.460834291
4674	EHMT2	S439G	Missense	-0.417869433
4675	EHMT2	Y441H	Missense	-0.242338398
4676	EHMT2	S436S	Silent	-0.233935269
4677	EHMT2	N431G	Missense	-0.148730001
4678	EHMT2	(NC)	Splice-acceptor	-0.055278777
4679	EHMT2	(NC)	Splice-acceptor	0.107157037
4680	EHMT2		No Mutation	0.435482359
4681	EHMT2		No Mutation	-0.108327953
4682	EHMT2	(NC)	Intron	-0.216291559
4683	EHMT2	(NC);(NC)	Intron;Intron	-0.412297829
4684	EHMT2	(NC)	Splice-donor	-0.015034853
4685	EHMT2	E426G	Missense	-0.477786509
4686	EHMT2	K425G	Missense	0.36263164
4687	EHMT2		No Mutation	-0.142877004
4688	EHMT2		No Mutation	0.194176018
4689	EHMT2		No Mutation	0.086602351
4690	EHMT2	E420G	Missense	0.315266088
4691	EHMT2	K418G	Missense	-0.146556326
4692	EHMT2	K418G	Missense	0.133321986
4693	EHMT2		No Mutation	0.320906334
4694	EHMT2	K415E	Missense	0.500689754
4695	EHMT2	P408P	Silent	0.162843177
4696	EHMT2	R404R;K405E	Silent;Missense	0.618917517
4697	EHMT2	R404R	Silent	-0.148358414
4698	EHMT2		No Mutation	0.209342125
4699	EHMT2	K398G	Missense	0.013927411
4700	EHMT2		No Mutation	-0.146045551
4701	EHMT2	S394G	Missense	0.423782141
4702	EHMT2	S394S	Silent	0.099223544
4703	EHMT2	S394S	Silent	0.579053474
4704	EHMT2	(NC);S391G	Splice-acceptor;Missense	-0.636919388
4705	EHMT2	S393P	Missense	0.189798916
4706	EHMT2	G392G;S393P	Silent;Missense	-0.232969064
4707	EHMT2	G392G;S393P	Silent;Missense	-0.339619759
4708	EHMT2	(NC)	Splice-acceptor	-0.314415356
4709	EHMT2	G392G;S393P	Silent;Missense	0.236488865
4710	EHMT2	S391S	Silent	0.148543274
4711	EHMT2		No Mutation	-0.550048849
4712	EHMT2		No Mutation	0.294484085
4713	EHMT2	(NC)	Intron	-0.339812762
4714	EHMT2	S388S;D389G	Silent;Missense	-0.375760251
4715	EHMT2	S384S;N386D	Silent;Missense	0.051686651
4716	EHMT2	S384S	Silent	0.645013773
4717	EHMT2	E379G;E380G	Missense;Missense	0.39270137
4718	EHMT2	E379G;E380G	Missense;Missense	-0.730819898
4719	EHMT2	E376E;E377G	Silent;Missense	0.155461769
4720	EHMT2	E374G	Missense	0.593640809
4721	EHMT2	E370G	Missense	-0.800603467
4722	EHMT2	E367E;E368G	Silent;Missense	-0.599331158
4723	EHMT2	E366E;E367G	Silent;Missense	-0.022148144
4724	EHMT2	E365E;E366G	Silent;Missense	-0.05069177
4725	EHMT2	E364G	Missense	-1.156381623
4726	EHMT2	E359G	Missense	0.443395993
4727	EHMT2	E357E;E358G	Silent;Missense	0.526812558
4728	EHMT2	L355L;S356G	Silent;Missense	0.176147284
4729	EHMT2	Q354Q;L355L;S356G	Silent;Silent;Missense	-0.206921318
4730	EHMT2	E353E;Q354R	Silent;Missense	0.586891473
4731	EHMT2	E353G	Missense	-0.692029651
4732	EHMT2	A350A	Silent	0.215947508
4733	EHMT2	A350A	Silent	-0.258217376
4734	EHMT2	V348A	Missense	-0.268719314
4735	EHMT2	K345G	Missense	0.29289538
4736	EHMT2		No Mutation	-0.2550212
4737	EHMT2		No Mutation	-0.16156878
4738	EHMT2		No Mutation	0.042381324
4739	EHMT2		No Mutation	0.364077539
4740	EHMT2	Y331C	Missense	0.067378005
4741	EHMT2		No Mutation	0.423988898
4742	EHMT2	W319R	Missense	0.039640676
4743	EHMT2	W319R	Missense	0.158034006
4744	EHMT2	W319R	Missense	0.239863401
4745	EHMT2		No Mutation	-0.131843551
4746	EHMT2		No Mutation	0.15494648
4747	EHMT2	D312G	Missense	0.054590342
4748	EHMT2	K310K	Silent	-0.231892405
4749	EHMT2		No Mutation	-0.362826661
4750	EHMT2		No Mutation	-0.12941141
4751	EHMT2	T309A	Missense	0.128533307
4752	EHMT2	T309A	Missense	-0.213406298
4753	EHMT2	E305E;T307A	Silent;Missense	0.495605236
4754	EHMT2	E305G	Missense	1.080162653
4755	EHMT2	E305G	Missense	-0.184728787
4756	EHMT2	V306A	Missense	-0.032328623
4757	EHMT2	V306A	Missense	-0.323664066
4758	EHMT2		No Mutation	-0.245654433
4759	EHMT2	E295G;E296G	Missense;Missense	0.236040452
4760	EHMT2	(NC);(NC);(NC);(NC)	Intron;Intron;Intron;Intron	-0.097654315
4761	EHMT2		No Mutation	-0.572323008
4762	EHMT2		No Mutation	0.069709852
4763	EHMT2	N288G	Missense	-0.259809474
4764	EHMT2	K286G	Missense	-0.510736481
4765	EHMT2	R285G;K286G	Missense;Missense	-0.014997768
4766	EHMT2	L287P	Missense	-0.40780672
4767	EHMT2	R284G;R285G	Missense;Missense	0.194644314
4768	EHMT2	(NC);D280G	Splice-acceptor;Missense	-0.173733706
4769	EHMT2	(NC)	Splice-acceptor	-0.686933449
4770	EHMT2	(NC);(NC)	Intron;Intron	0.503591564
4771	EHMT2	(NC);(NC);(NC)	Intron;Intron;Intron	0.314550462
4772	EHMT2		No Mutation	0.377264471
4773	EHMT2	(NC)	Intron	0.662922045
4774	EHMT2		No Mutation	-0.254545573
4775	EHMT2	V277A	Missense	-0.227223041
4776	EHMT2		No Mutation	-0.14553963
4777	EHMT2	D269G;D270G	Missense;Missense	0.177271231
4778	EHMT2	D269G	Missense	0.276650941
4779	EHMT2	D270D;V271A	Silent;Missense	0.113390355
4780	EHMT2	F265P	Missense	0.156467621
4781	EHMT2	H264H;F265P	Silent;Missense	0.011971985
4782	EHMT2	H264H;F265P	Silent;Missense	-0.429142621
4783	EHMT2	H264H;F265P	Silent;Missense	-0.125958669
4784	EHMT2	P260P	Silent	-0.448150479
4785	EHMT2	P260P	Silent	-0.368067902
4786	EHMT2		No Mutation	0.022577487
4787	EHMT2		No Mutation	-0.284255939
4788	EHMT2		No Mutation	-0.848707647
4789	EHMT2		No Mutation	-0.328969977
4790	EHMT2		No Mutation	-0.152822409
4791	EHMT2	P255P	Silent	-0.310406796
4792	EHMT2		No Mutation	0.49192734
4793	EHMT2		No Mutation	0.135180587
4794	EHMT2		No Mutation	-0.33549434
4795	EHMT2	(NC)	Intron	0.217740889
4796	EHMT2	(NC)	Intron	-0.127018317
4797	EHMT2	G250G;Q251R	Silent;Missense	-0.071457435
4798	EHMT2	G250G	Silent	-0.209637137
4799	EHMT2	(NC)	Splice-donor	-0.989219427
4800	EHMT2	G248G;N249G	Silent;Missense	-0.229694977
4801	EHMT2	G248G;N249G	Silent;Missense	-0.183283576
4802	EHMT2		No Mutation	0.056083025
4803	EHMT2	K246G	Missense	-0.671277307
4804	EHMT2	N249N	Silent	-0.063928777
4805	EHMT2	M244V	Missense	0.207658453
4806	EHMT2	K242G;T243A	Missense;Missense	0.344783766
4807	EHMT2		No Mutation	0.350351197
4808	EHMT2		No Mutation	0.214021261
4809	EHMT2	V237A	Missense	-0.063155047
4810	EHMT2		No Mutation	0.080578152
4811	EHMT2	P231P	Silent	0.106342221
4812	EHMT2		No Mutation	0.186091852
4813	EHMT2		No Mutation	0.226195291
4814	EHMT2		No Mutation	-0.434506682
4815	EHMT2	T228A	Missense	-0.251997464
4816	EHMT2		No Mutation	-0.111527314
4817	EHMT2	P226P;T228A	Silent;Missense	0.856797704
4818	EHMT2		No Mutation	0.190670278
4819	EHMT2		No Mutation	0.2816943
4820	EHMT2		No Mutation	-0.406050215
4821	EHMT2		No Mutation	-0.542444078
4822	EHMT2		No Mutation	-0.529644432
4823	EHMT2	Q215R;G216G	Missense;Silent	-0.21519135
4824	EHMT2	Q215R	Missense	0.128981559
4825	EHMT2	A217A	Silent	-0.065491596
4826	EHMT2	S210G;M211V	Missense;Missense	-0.275602694
4827	EHMT2	S210G;M211V	Missense;Missense	0.343656228
4828	EHMT2	R207G	Missense	-0.545958139
4829	EHMT2		No Mutation	-0.299962894
4830	EHMT2	Q202R	Missense	-0.09843535
4831	EHMT2	L204P	Missense	0.142576906
4832	EHMT2	S203S;L204P	Silent;Missense	-0.299225964
4833	EHMT2	P199P	Silent	0.106574206
4834	EHMT2		No Mutation	0.792738532
4835	EHMT2	M189V	Missense	0.003237593
4836	EHMT2	M189V	Missense	-0.026398674
4837	EHMT2	K188G;M189V	Missense;Missense	0.391766711
4838	EHMT2	M191T	Missense	-0.254052667
4839	EHMT2	K188G	Missense	-0.236894858
4840	EHMT2	K188G	Missense	0.034526589
4841	EHMT2	M189T;S190P	Missense;Missense	-0.014121747
4842	EHMT2		No Mutation	-0.062817796
4843	EHMT2		No Mutation	0.251327635
4844	EHMT2		No Mutation	-0.096015384
4845	EHMT2	C183R	Missense	0.152733434
4846	EHMT2	S182P;C183R	Missense;Missense	-0.044657128
4847	EHMT2	G181G;S182P;C183R	Silent;Missense;Missense	0.230942901
4848	EHMT2	G181G;S182P	Silent;Missense	-0.115605925
4849	EHMT2		No Mutation	-0.47889686
4850	EHMT2		No Mutation	-0.157451101
4851	EHMT2		No Mutation	0.041418985
4852	EHMT2		No Mutation	-0.244086353
4853	EHMT2		No Mutation	0.123574668
4854	EHMT2		No Mutation	-0.014859124
4855	EHMT2		No Mutation	0.801235169
4856	EHMT2		No Mutation	0.01531675
4857	EHMT2	S175P	Missense	0.290086562
4858	EHMT2	F173P	Missense	0.432406512
4859	EHMT2	H168H	Silent	0.117343068
4860	EHMT2	(NC);(NC);(NC);(NC)	Intron;Intron;Intron;Intron	0.219300573
4861	EHMT2	(NC)	Intron	-0.089321699
4862	EHMT2	(NC)	Intron	-0.202967847
4863	EHMT2	(NC);(NC)	Intron;Intron	0.188319936
4864	EHMT2	(NC);(NC)	Intron;Intron	0.060368614
4865	EHMT2	(NC);(NC)	Intron;Intron	-0.36213024
4866	EHMT2	(NC)	Intron	-0.382187211
4867	EHMT2		No Mutation	0.074117182
4868	EHMT2		No Mutation	-0.230161001
4869	EHMT2	(NC)	Splice-donor	-0.143522839
4870	EHMT2	I164V	Missense	0.016093654
4871	EHMT2	L165P	Missense	-0.298003663
4872	EHMT2		No Mutation	-0.381480042
4873	EHMT2		No Mutation	0.147263556
4874	EHMT2	I164T	Missense	-0.10539086
4875	EHMT2	D158G	Missense	0.119833474
4876	EHMT2	D156G	Missense	-0.201810994
4877	EHMT2	G155G;D156G	Silent;Missense	0.022911972
4878	EHMT2	G155G;D156G	Silent;Missense	-0.263111666
4879	EHMT2	G155G;D156G	Silent;Missense	-0.207991258
4880	EHMT2	N152G	Missense	-0.033656787
4881	EHMT2	E151G;N152G	Missense;Missense	0.113283527
4882	EHMT2	E151G;N152G	Missense;Missense	0.235993502
4883	EHMT2	E149G	Missense	0.12970113
4884	EHMT2	E149G	Missense	-0.240097912
4885	EHMT2	S150P	Missense	2.024837863
4886	EHMT2	T143A	Missense	0.020964042
4887	EHMT2		No Mutation	-0.51074777
4888	EHMT2		No Mutation	0.350602328
4889	EHMT2	L145P	Missense	-0.160724705
4890	EHMT2		No Mutation	-0.275040107
4891	EHMT2		No Mutation	-0.483000834
4892	EHMT2		No Mutation	-0.143789235
4893	EHMT2		No Mutation	-0.260089146
4894	EHMT2		No Mutation	0.270219781
4895	EHMT2	T130A	Missense	-0.30923041
4896	EHMT2	T130A	Missense	0.274491587
4897	EHMT2	T130A	Missense	0.112364657
4898	EHMT2	T130A	Missense	-0.336770441
4899	EHMT2	T130T;V131A	Silent;Missense	0.207602164
4900	EHMT2		No Mutation	-0.123742887
4901	EHMT2	V129A	Missense	0.370666255
4902	EHMT2	S126S;V127A	Silent;Missense	0.071375241
4903	EHMT2	S126P;V127A	Missense;Missense	0.31918781
4904	EHMT2	S126P	Missense	-0.400578477
4905	EHMT2	S123P	Missense	-0.086159705
4906	EHMT2	S122P	Missense	-0.453741381
4907	EHMT2		No Mutation	-0.184497354
4908	EHMT2	P118P;A119A	Silent;Silent	0.177856338
4909	EHMT2	P118P	Silent	-0.085068807
4910	EHMT2	P118P	Silent	-0.265518153
4911	EHMT2	P118P	Silent	0.450210858
4912	EHMT2	D114G	Missense	-0.070852699
4913	EHMT2	L116P	Missense	0.228814657
4914	EHMT2	S115P	Missense	0.262898761
4915	EHMT2	S115P	Missense	-0.214332185
4916	EHMT2	T112A	Missense	0.060405788
4917	EHMT2		No Mutation	-0.390908178
4918	EHMT2		No Mutation	-0.29263235
4919	EHMT2	E105G	Missense	-0.733878184
4920	EHMT2	L108P	Missense	-0.299823517
4921	EHMT2		No Mutation	-0.421671733
4922	EHMT2		No Mutation	0.32779155
4923	EHMT2	(NC)	Splice-acceptor	0.420153043
4924	EHMT2	(NC)	Splice-acceptor	-0.037538651
4925	EHMT2	S97P	Missense	-0.211704634
4926	EHMT2	(NC);(NC)	Intron;Splice-acceptor	0.122657358
4927	EHMT2	(NC);(NC)	Intron;Splice-acceptor	-0.410460643
4928	EHMT2		No Mutation	0.080926528
4929	EHMT2	(NC)	Intron	-0.156835074
4930	EHMT2	(NC)	Intron	1.268410716
4931	EHMT2		No Mutation	-0.41870391
4932	EHMT2	(NC)	Intron	-0.199619137
4933	EHMT2		No Mutation	-0.316835787
4934	EHMT2	R88G	Missense	0.48374385
4935	EHMT2	E84G	Missense	0.282548793
4936	EHMT2		No Mutation	0.379826926
4937	EHMT2	M78V	Missense	-0.38398994
4938	EHMT2	L81P	Missense	0.223695698
4939	EHMT2	L81P	Missense	0.409595977
4940	EHMT2		No Mutation	-0.554911274
4941	EHMT2		No Mutation	0.269446237
4942	EHMT2		No Mutation	0.042810714
4943	EHMT2	E73G	Missense	0.009031001
4944	EHMT2	E73G	Missense	-0.030841249
4945	EHMT2	E73G	Missense	-0.289182534
4946	EHMT2	A76A	Silent	-0.29013822
4947	EHMT2		No Mutation	0.452870486
4948	EHMT2		No Mutation	-0.482612419
4949	EHMT2		No Mutation	-0.230453495
4950	EHMT2		No Mutation	-0.136723867
4951	EHMT2		No Mutation	-0.471207477
4952	EHMT2		No Mutation	-0.601720343
4953	EHMT2		No Mutation	-0.106997151
4954	EHMT2		No Mutation	-0.451978368
4955	EHMT2		No Mutation	0.287530002
4956	EHMT2	S70P	Missense	-0.24361623
4957	EHMT2		No Mutation	-0.112806883
4958	EHMT2	L68P	Missense	-0.134716608
4959	EHMT2	C67C;L68P	Silent;Missense	0.570716207
4960	EHMT2	P66P;C67R	Silent;Missense	0.05935825
4961	EHMT2	L60P	Missense	0.093324588
4962	EHMT2	L60P	Missense	-0.285044445
4963	EHMT2	L60P	Missense	-0.154041822
4964	EHMT2	T58T	Silent	0.292387778
4965	EHMT2	T58T	Silent	0.007466045
4966	EHMT2		No Mutation	-0.001701592
4967	EHMT2	L56P;S57P	Missense;Missense	-0.205261825
4968	EHMT2	T53A	Missense	0.133154395
4969	EHMT2		No Mutation	0.363072569
4970	EHMT2		No Mutation	-0.090249391
4971	EHMT2	W52R	Missense	-0.057551223
4972	EHMT2	S51P;W52R	Missense;Missense	-0.041450384
4973	EHMT2	R47G	Missense	-0.001873524
4974	EHMT2		No Mutation	0.039035855
4975	EHMT2		No Mutation	-0.355616148
4976	EHMT2	L42L	Silent	0.064349673
4977	EHMT2	S44S;L45P	Silent;Missense	-0.015028126
4978	EHMT2	L42L	Silent	0.482139952
4979	EHMT2	S44S;L45P	Silent;Missense	-0.105485825
4980	EHMT2	S44P;L45P	Missense;Missense	-0.364695093
4981	EHMT2	G37G	Silent	0.325223185
4982	EHMT2	R34R;G35G	Silent;Silent	-0.122151074
4983	EHMT2	G37G	Silent	-0.228081298
4984	EHMT2	G37G	Silent	0.107022346
4985	EHMT2	H33R	Missense	0.120534817
4986	EHMT2		No Mutation	-0.188929279
4987	EHMT2	R29G	Missense	-0.520819207
4988	EHMT2		No Mutation	-0.201897696
4989	EHMT2		No Mutation	-0.501390136
4990	EHMT2	R25R	Silent	0.363453206
4991	EHMT2	R25R	Silent	0.190130466
4992	EHMT2	R25R	Silent	0.693552069
4993	EHMT2	R25R	Silent	0.216888749
4994	EHMT2	S24G	Missense	0.124963774
4995	EHMT2		No Mutation	0.247054783
4996	EHMT2	S24G	Missense	-0.161896252
4997	EHMT2	S24G	Missense	0.320754053
4998	EHMT2		No Mutation	-0.063915245
4999	EHMT2		No Mutation	-0.183450981
5000	EHMT2		No Mutation	0.038572183
5001	EHMT2		No Mutation	-0.048645044
5002	EHMT2		No Mutation	0.118385137
5003	EHMT2		No Mutation	0.234685481
5004	EHMT2		No Mutation	0.082086914
5005	EHMT2	R18R	Silent	-0.169709249
5006	EHMT2	R18R	Silent	-0.016553581
5007	EHMT2		No Mutation	-0.214190724
5008	EHMT2	M11V	Missense	0.126045512
5009	EHMT2	M11V	Missense	0.090267379
5010	EHMT2	M11V	Missense	0.097495538
5011	EHMT2		No Mutation	-0.056504377
5012	EHMT2		No Mutation	-0.000845582
5013	EHMT2		No Mutation	-0.26518803
5014	EHMT2		No Mutation	0.180439145
5015	EHMT2	L10P;M11T	Missense;Missense	0.389745743
5016	EHMT2	R6R;R8G	Silent;Missense	0.441055631
5017	EHMT2	R6R	Silent	-0.144889201
5018	EHMT2	L4L	Silent	-0.538785388
5019	EHMT2		No Mutation	0.099595034
5020	EHMT2		No Mutation	0.299973424
5021	EHMT2		No Mutation	-0.04032753
5022	EHMT2		No Mutation	-0.13062151
5023	EHMT2	M1V	Missense	-0.041170583
5024	EHMT2	L4P	Missense	-0.484127757
5025	EHMT2	G3G;L4P	Silent;Missense	-0.367557828
5026	EHMT2	G3G;L4P	Silent;Missense	0.009880068
5027	EHMT2		No Mutation	0.411857737
5028	EHMT2		No Mutation	0.215448373
5029	EHMT2		No Mutation	0.441242771
5030	EHMT2		No Mutation	0.375450202
5031	EHMT2		No Mutation	-0.172497896
5032	EHMT2		No Mutation	0.70010736
5033	SUV39H1	(NC);(NC)	UTR;UTR	0.07548294
5034	SUV39H1	(NC);(NC)	UTR;UTR	-0.147964234
5035	SUV39H1	(NC)	UTR	0.170703389
5036	SUV39H1	(NC)	UTR	-0.376470768
5037	SUV39H1	S5S	Silent	-0.008863213
5038	SUV39H1	R8G	Missense	0.517104021
5039	SUV39H1	L12P	Missense	-0.032708464
5040	SUV39H1		No Mutation	0.359087184
5041	SUV39H1	D14G	Missense	0.362653672
5042	SUV39H1	P15P	Silent	0.001697185
5043	SUV39H1	P15P;T17A	Silent;Missense	-0.151989561
5044	SUV39H1	(NC);(NC)	Intron;Intron	0.058483642
5045	SUV39H1	(NC)	Intron	0.186915065
5046	SUV39H1		No Mutation	-0.111199186
5047	SUV39H1	C19R	Missense	0.328948377
5048	SUV39H1	C19R	Missense	0.589426987
5049	SUV39H1	C19R	Missense	-0.038356659
5050	SUV39H1	C22R;C23R	Missense;Missense	0.127396656
5051	SUV39H1		No Mutation	-0.207346019
5052	SUV39H1		No Mutation	0.353129744
5053	SUV39H1	Q31R	Missense	0.367833637
5054	SUV39H1		No Mutation	0.482333813
5055	SUV39H1	S40P;C41R	Missense;Missense	-0.164548042
5056	SUV39H1	C41R	Missense	0.159489074
5057	SUV39H1		No Mutation	-0.192767016
5058	SUV39H1	P42P	Silent	-0.185639625
5059	SUV39H1	G45G;I46T	Silent;Missense	0.391997709
5060	SUV39H1		No Mutation	-0.242480301
5061	SUV39H1	S47P	Missense	-0.011863638
5062	SUV39H1	S47P	Missense	-0.063373477
5063	SUV39H1		No Mutation	0.234890097
5064	SUV39H1		No Mutation	-0.016023597
5065	SUV39H1	V56A	Missense	0.489249571
5066	SUV39H1		No Mutation	0.320591906
5067	SUV39H1	K64G;I65V	Missense;Missense	0.850745665
5068	SUV39H1	K64G;I65V	Missense;Missense	-0.241407258
5069	SUV39H1	K64R;I65V	Missense;Missense	0.860362741
5070	SUV39H1	(NC)	Intron	-0.555015177
5071	SUV39H1		No Mutation	0.165019517
5072	SUV39H1		No Mutation	-0.37089212
5073	SUV39H1	(NC)	Intron	0.552505206
5074	SUV39H1		No Mutation	-0.465741162
5075	SUV39H1		No Mutation	0.240448662
5076	SUV39H1		No Mutation	-0.150695281
5077	SUV39H1	(NC)	Intron	-0.007799778
5078	SUV39H1		No Mutation	0.217768706
5079	SUV39H1		No Mutation	0.094545501
5080	SUV39H1		No Mutation	0.046366383
5081	SUV39H1		No Mutation	-0.127195347
5082	SUV39H1	Y70H	Missense	-0.083708272
5083	SUV39H1	Y70H	Missense	0.519478867
5084	SUV39H1	Y70H	Missense	0.942595665
5085	SUV39H1	E67G	Missense	0.088146941
5086	SUV39H1	Y70H;Y71H	Missense;Missense	0.737370313
5087	SUV39H1	E69G;Y70C	Missense;Missense	0.826633608
5088	SUV39H1	Y71C	Missense	0.334236761
5089	SUV39H1	R76R;Y78H	Silent;Missense	0.190850772
5090	SUV39H1	P79P;D80G	Silent;Missense	0.688938928
5091	SUV39H1	P79P;D80G	Silent;Missense	0.784353693
5092	SUV39H1	W85R	Missense	0.366123898
5093	SUV39H1	E82G;S83G	Missense;Missense	0.37956395
5094	SUV39H1	N90N	Silent	-0.07885128
5095	SUV39H1	C93R	Missense	0.266264982
5096	SUV39H1	K98E	Missense	0.242453516
5097	SUV39H1		No Mutation	0.715763255
5098	SUV39H1	H101R	Missense	0.575839066
5099	SUV39H1	H101R;K102E	Missense;Missense	-0.262013279
5100	SUV39H1		No Mutation	-0.335627171
5101	SUV39H1	L104L;E105G	Silent;Missense	0.496256099
5102	SUV39H1	E105G;R106G	Missense;Missense	-0.212361315
5103	SUV39H1		No Mutation	-0.328879787
5104	SUV39H1	S115P	Missense	-0.35561356
5105	SUV39H1	H113R	Missense	-0.251191267
5106	SUV39H1		No Mutation	-0.088817406
5107	SUV39H1	S115S;K116G;T117A	Silent;Missense;Missense	-0.107255414
5108	SUV39H1		No Mutation	-0.166674393
5109	SUV39H1		No Mutation	0.855441363
5110	SUV39H1	H120R	Missense	-0.243552674
5111	SUV39H1		No Mutation	-0.023360087
5112	SUV39H1		No Mutation	-0.075725322
5113	SUV39H1		No Mutation	-0.045600782
5114	SUV39H1	L125L	Silent	-0.008224773
5115	SUV39H1		No Mutation	0.394995012
5116	SUV39H1	P123P;S124G	Silent;Missense	0.308168739
5117	SUV39H1	Y128H	Missense	-0.066895151
5118	SUV39H1	Y128H;L129P	Missense;Missense	-0.224030218
5119	SUV39H1	N127G	Missense	-0.090820196
5120	SUV39H1		No Mutation	-0.078400018
5121	SUV39H1	Q131R	Missense	-0.278703703
5122	SUV39H1		No Mutation	0.5038018
5123	SUV39H1	Q131R;K132G	Missense;Missense	0.123213224
5124	SUV39H1	K132G	Missense	-0.130724531
5125	SUV39H1	L139P	Missense	0.01527788
5126	SUV39H1		No Mutation	-0.527466267
5127	SUV39H1		No Mutation	-0.043974902
5128	SUV39H1		No Mutation	-0.568375421
5129	SUV39H1		No Mutation	0.278967461
5130	SUV39H1	K149E	Missense	0.014919403
5131	SUV39H1	K149G	Missense	0.339799211
5132	SUV39H1	L153P	Missense	-0.353937618
5133	SUV39H1	T157T	Silent	0.35213873
5134	SUV39H1	I156V;T157A	Missense;Missense	-0.233208916
5135	SUV39H1	T157A	Missense	0.732698706
5136	SUV39H1	V158V;E159G;N160D	Silent;Missense;Missense	0.408110842
5137	SUV39H1	N160G;E161G	Missense;Missense	0.175687816
5138	SUV39H1	D163G	Missense	0.288067766
5139	SUV39H1		No Mutation	0.472260343
5140	SUV39H1		No Mutation	-0.002174147
5141	SUV39H1	V172A;Y173H	Missense;Missense	0.240685639
5142	SUV39H1	V172A;Y173H	Missense;Missense	0.016229793
5143	SUV39H1	Y173H;I174T	Missense;Missense	-0.046766281
5144	SUV39H1	N175N	Silent	1.010322414
5145	SUV39H1	I174V;N175G	Missense;Missense	0.086312977
5146	SUV39H1	E176G	Missense	0.181947934
5147	SUV39H1	E176G;Y177C	Missense;Missense	-0.186352362
5148	SUV39H1	I183T	Missense	1.208758948
5149	SUV39H1	I183V	Missense	-0.239445809
5150	SUV39H1	I183V;T184A	Missense;Missense	0.045123476
5151	SUV39H1	N186D	Missense	-0.160188378
5152	SUV39H1	N186G	Missense	-0.205012988
5153	SUV39H1	A189A;V190A	Silent;Missense	-0.394534191
5154	SUV39H1	A189A;V190A	Silent;Missense	0.062003721
5155	SUV39H1	C192R	Missense	0.930163719
5156	SUV39H1		No Mutation	-0.361989651
5157	SUV39H1	E193G	Missense	-0.174116501
5158	SUV39H1		No Mutation	0.2365625
5159	SUV39H1		No Mutation	-0.726880353
5160	SUV39H1		No Mutation	0.633293079
5161	SUV39H1		No Mutation	-0.305079411
5162	SUV39H1	T202A	Missense	0.55791704
5163	SUV39H1	T202A	Missense	-0.17611458
5164	SUV39H1	G203G	Silent	-0.398524044
5165	SUV39H1	G203G	Silent	0.144063086
5166	SUV39H1	C206R	Missense	0.967578496
5167	SUV39H1		No Mutation	0.56969886
5168	SUV39H1		No Mutation	0.021163782
5169	SUV39H1		No Mutation	0.139295822
5170	SUV39H1		No Mutation	0.188089635
5171	SUV39H1		No Mutation	0.142356427
5172	SUV39H1	Y216C;N217D	Missense;Missense	0.620170559
5173	SUV39H1	N217S;D218G	Missense;Missense	0.003210923
5174	SUV39H1		No Mutation	0.430935236
5175	SUV39H1	L224P	Missense	0.000121919
5176	SUV39H1	Q221R	Missense	0.064484409
5177	SUV39H1	Q221R	Missense	0.748609631
5178	SUV39H1		No Mutation	0.299031382
5179	SUV39H1		No Mutation	0.296976395
5180	SUV39H1	S235P	Missense	0.33583491
5181	SUV39H1	S235P	Missense	0.012785531
5182	SUV39H1	N234G	Missense	-0.012043838
5183	SUV39H1	Y241H	Missense	-0.165637565
5184	SUV39H1	Y241H	Missense	0.162057444
5185	SUV39H1	C243R	Missense	0.602379255
5186	SUV39H1	D242G	Missense	0.287478785
5187	SUV39H1	P244P;N245G	Silent;Missense	-0.210270666
5188	SUV39H1	N245G	Missense	0.715777693
5189	SUV39H1		No Mutation	0.626332419
5190	SUV39H1		No Mutation	-0.357287092
5191	SUV39H1	I258T;F259L	Missense;Missense	1.136379819
5192	SUV39H1		No Mutation	-0.207227058
5193	SUV39H1		No Mutation	0.111298284
5194	SUV39H1	I258V	Missense	0.631937187
5195	SUV39H1		No Mutation	0.675127359
5196	SUV39H1	T261A	Missense	0.231712977
5197	SUV39H1	D262G	Missense	-0.449205265
5198	SUV39H1	D262G	Missense	0.732747567
5199	SUV39H1	R265R	Silent	0.460617034
5200	SUV39H1	D262G;D263G	Missense;Missense	-0.090380951
5201	SUV39H1		No Mutation	0.317762972
5202	SUV39H1	I275T	Missense	-0.078394501
5203	SUV39H1		No Mutation	-0.023770726
5204	SUV39H1		No Mutation	-0.175924904
5205	SUV39H1	K277G;N278D	Missense;Missense	0.204169855
5206	SUV39H1		No Mutation	0.541520692
5207	SUV39H1		No Mutation	0.398724617
5208	SUV39H1	M282V	Missense	-0.088962332
5209	SUV39H1	E283G;Y284C	Missense;Missense	0.914174836
5210	SUV39H1	E283G;Y284C	Missense;Missense	0.334092422
5211	SUV39H1	G286G	Silent	0.112599083
5212	SUV39H1	G286G	Silent	-0.275577139
5213	SUV39H1	(NC)	Intron	0.332859371
5214	SUV39H1	(NC);(NC);(NC)	Intron;Intron;Intron	-0.194259029
5215	SUV39H1	(NC);(NC);(NC)	Intron;Intron;Intron	-0.707584536
5216	SUV39H1	(NC);(NC);(NC)	Intron;Intron;Intron	-0.453018193
5217	SUV39H1	(NC)	Intron	0.559230431
5218	SUV39H1	(NC);I288T	Intron;Missense	0.290282217
5219	SUV39H1	I289T	Missense	0.181963399
5220	SUV39H1	I289T	Missense	0.368043108
5221	SUV39H1	(NC);I288V	Splice-acceptor;Missense	0.568853258
5222	SUV39H1	I288V;I289V	Missense;Missense	0.190222925
5223	SUV39H1	S291P	Missense	0.545231997
5224	SUV39H1		No Mutation	0.495429512
5225	SUV39H1	S291S	Silent	0.492903663
5226	SUV39H1	S291S;E292G	Silent;Missense	-0.203751308
5227	SUV39H1	S291S;E292G	Silent;Missense	-0.161263511
5228	SUV39H1	E292G;E293G	Missense;Missense	0.345985613
5229	SUV39H1		No Mutation	-0.360446266
5230	SUV39H1	Q299R;I300V	Missense;Missense	0.104734916
5231	SUV39H1	Q299R;I300V	Missense;Missense	-0.245693011
5232	SUV39H1	R303R	Silent	1.183858142
5233	SUV39H1	Y308H	Missense	0.274785338
5234	SUV39H1	T307A	Missense	0.077657485
5235	SUV39H1	L312P	Missense	-0.182458734
5236	SUV39H1	L312P	Missense	0.296022291
5237	SUV39H1		No Mutation	0.107682068
5238	SUV39H1	D311G	Missense	0.247633581
5239	SUV39H1	Y314H	Missense	1.160701503
5240	SUV39H1		No Mutation	-0.043786654
5241	SUV39H1	E316G	Missense	-0.131544153
5242	SUV39H1	D322G	Missense	-0.08761418
5243	SUV39H1	Y326H	Missense	-0.022334722
5244	SUV39H1	I329T	Missense	0.53548577
5245	SUV39H1	I329T;S330P	Missense;Missense	-0.383093463
5246	SUV39H1		No Mutation	-0.150695028
5247	SUV39H1		No Mutation	-0.061341647
5248	SUV39H1	S336S	Silent	-0.131414147
5249	SUV39H1	S336S	Silent	0.211704531
5250	SUV39H1	H335R;S336G	Missense;Missense	1.01686333
5251	SUV39H1		No Mutation	0.343357151
5252	SUV39H1		No Mutation	0.254358568
5253	SUV39H1		No Mutation	0.380446802
5254	SUV39H1	(NC)	Intron	0.200141148
5255	SUV39H1	(NC)	Intron	0.211917781
5256	SUV39H1		No Mutation	-0.088090106
5257	SUV39H1		No Mutation	0.405546715
5258	SUV39H1	L341P	Missense	0.311902568
5259	SUV39H1	L341P	Missense	0.164645516
5260	SUV39H1	Y344H	Missense	-0.067723214
5261	SUV39H1	Y344H	Missense	0.748755134
5262	SUV39H1		No Mutation	0.60780613
5263	SUV39H1	V346A;F347L	Missense;Missense	-0.025708645
5264	SUV39H1	I348M;D349G	Missense;Missense	-0.2671573
5265	SUV39H1		No Mutation	-0.22971618
5266	SUV39H1	F361P	Missense	0.220943409
5267	SUV39H1	F361S	Missense	0.833132777
5268	SUV39H1	F361F	Silent	0.126543456
5269	SUV39H1		No Mutation	0.256917567
5270	SUV39H1	T363A	Missense	-0.1005932
5271	SUV39H1	T363A;R364G	Missense;Missense	0.178950123
5272	SUV39H1		No Mutation	-0.247471441
5273	SUV39H1	R364R;T365A;I366V	Silent;Missense;Missense	-0.008413387
5274	SUV39H1		No Mutation	0.281234659
5275	SUV39H1	L372P	Missense	0.355378401
5276	SUV39H1	D375G	Missense	-0.015386831
5277	SUV39H1	D375G;Y376C	Missense;Missense	0.715662217
5278	SUV39H1	D375G;Y376C	Missense;Missense	0.634241582
5279	SUV39H1	M378T	Missense	0.849898862
5280	SUV39H1	Y376C;N377D	Missense;Missense	-0.177480852
5281	SUV39H1	Y376C;N377G	Missense;Missense	1.153032302
5282	SUV39H1	N377G;M378V	Missense;Missense	0.641247927
5283	SUV39H1	Q379R	Missense	-0.040696001
5284	SUV39H1	Q379R	Missense	-0.094840609
5285	SUV39H1		No Mutation	0.306297184
5286	SUV39H1		No Mutation	0.433045744
5287	SUV39H1		No Mutation	-0.284836025
5288	SUV39H1		No Mutation	-0.220600063
5289	SUV39H1		No Mutation	-0.355366469
5290	SUV39H1	(NC)	Intron	-0.215292809
5291	SUV39H1		No Mutation	-0.403466472
5292	SUV39H1	V380A	Missense	-0.592237856
5293	SUV39H1	(NC)	Intron	-0.061082115
5294	SUV39H1	(NC)	Splice-acceptor	0.562814304
5295	SUV39H1	V383A	Missense	-0.337284639
5296	SUV39H1		No Mutation	0.022649288
5297	SUV39H1		No Mutation	0.408279559
5298	SUV39H1		No Mutation	0.016359407
5299	SUV39H1	M385V	Missense	0.352891905
5300	SUV39H1	M390V	Missense	-0.69480383
5301	SUV39H1	F394P	Missense	-0.242009016
5302	SUV39H1	D391G	Missense	0.009557533
5303	SUV39H1	F394P	Missense	-0.401098247
5304	SUV39H1	N393G	Missense	0.356995633
5305	SUV39H1	N393G	Missense	0.142547094
5306	SUV39H1	A397A	Silent	-0.294302002
5307	SUV39H1		No Mutation	0.065220484
5308	SUV39H1	P400P;S402P	Silent;Missense	0.255062085
5309	SUV39H1		No Mutation	0.164206535
5310	SUV39H1		No Mutation	-0.019495954
5311	SUV39H1		No Mutation	0.229790441
5312	SUV39H1		No Mutation	-0.150628027
5313	SUV39H1	V407A;R408R	Missense;Silent	-0.301104579
5314	SUV39H1	R408R	Silent	0.158038295
5315	SUV39H1	R408R;I409T	Silent;Missense	-0.002822347
5316	SUV39H1	I409V	Missense	0.434297284
5317	SUV39H1	I409V	Missense	0.573460931
5318	SUV39H1	C413R	Missense	0.263586381
5319	SUV39H1	L422P;F423P	Missense;Missense	0.256791159
5320	SUV39H1	*424Q	Missense	0.217859964
5321	SUV39H1		No Mutation	-0.407142843
5322	SUV39H1	*424W	Missense	0.709189069
5323	SUV39H1		No Mutation	-0.451121293
5324	SUV39H1		No Mutation	-0.407698427
5325	SUV39H2	(NC);(NC)	UTR;UTR	0.727040366
5326	SUV39H2	(NC);(NC);(NC)	UTR;UTR;UTR	0.272943441
5327	SUV39H2	(NC);(NC);(NC)	UTR;UTR;UTR	0.155041588
5328	SUV39H2		No Mutation	0.879835884
5329	SUV39H2	(NC);(NC);(NC)	UTR;UTR;UTR	-0.251145693
5330	SUV39H2	(NC);(NC);(NC)	UTR;UTR;UTR	-0.093817582
5331	SUV39H2	(NC);(NC);M1V	UTR;UTR;Missense	-0.0739805
5332	SUV39H2		No Mutation	0.075298125
5333	SUV39H2		No Mutation	-0.098187394
5334	SUV39H2		No Mutation	-0.109314045
5335	SUV39H2	E7G	Missense	-0.19545243
5336	SUV39H2		No Mutation	0.235199811
5337	SUV39H2	(NC)	Splice-donor	-0.186065313
5338	SUV39H2	G10G	Silent	-0.37231902
5339	SUV39H2	L20P	Missense	-0.209794663
5340	SUV39H2	S19S	Silent	0.381660234
5341	SUV39H2	D21D;T22T	Silent;Silent	0.520661539
5342	SUV39H2	T33A	Missense	0.196218915
5343	SUV39H2	I37V	Missense	-0.184669996
5344	SUV39H2	N46N	Silent	-0.417028749
5345	SUV39H2	N43G	Missense	0.35083259
5346	SUV39H2	L44L;N45D	Silent;Missense	0.466777848
5347	SUV39H2	E50E;Y51C	Silent;Missense	0.048085966
5348	SUV39H2	D54G	Missense	0.383024549
5349	SUV39H2	Y55C;K56G	Missense;Missense	0.146899793
5350	SUV39H2	E62G;Y63C	Missense;Missense	-0.01057623
5351	SUV39H2	Y64C	Missense	0.329219871
5352	SUV39H2	V66V	Silent	0.331193813
5353	SUV39H2	P72P;D73G	Silent;Missense	0.294380501
5354	SUV39H2	P72P;D73G	Silent;Missense	-0.596867958
5355	SUV39H2	T77T;W78R	Silent;Missense	0.03817789
5356	SUV39H2	F93L	Missense	0.141120147
5357	SUV39H2	F93P	Missense	0.105220763
5358	SUV39H2	H98R;N99D	Missense;Missense	0.105435655
5359	SUV39H2	L101L	Silent	0.972089483
5360	SUV39H2	Y126H;I127T	Missense;Missense	-0.234418115
5361	SUV39H2	I127T;V128A	Missense;Missense	0.714029339
5362	SUV39H2	E125G	Missense	0.400530158
5363	SUV39H2	K129G	Missense	-0.353817706
5364	SUV39H2	I135V	Missense	0.516676843
5365	SUV39H2	R146G;R147G	Missense;Missense	-0.226010623
5366	SUV39H2	E157E;N158G;T159A	Silent;Missense;Missense	0.247972518
5367	SUV39H2	N158G;T159A	Missense;Missense	0.433484289
5368	SUV39H2	Y170H;Y171H	Missense;Missense	-0.016622911
5369	SUV39H2	Y170H;Y171H	Missense;Missense	0.362714812
5370	SUV39H2	Y171H;I172T	Missense;Missense	-0.052012818
5371	SUV39H2	E174G;Y175C	Missense;Missense	0.076055659
5372	SUV39H2	L183P	Missense	0.125007447
5373	SUV39H2	V184A	Missense	0.329048947
5374	SUV39H2	N185G	Missense	-0.229205999
5375	SUV39H2		No Mutation	0.303372266
5376	SUV39H2		No Mutation	0.321425034
5377	SUV39H2	E205G	Missense	0.263783177
5378	SUV39H2	V208A;L209P	Missense;Missense	0.033898968
5379	SUV39H2	Q217R;I218V	Missense;Missense	-0.093921017
5380	SUV39H2	I226T;Y227H	Missense;Missense	0.870629453
5381	SUV39H2	I226T;Y227H	Missense;Missense	-0.320150825
5382	SUV39H2	Y227H	Missense	-0.280776411
5383	SUV39H2	Y227C	Missense	0.197400867
5384	SUV39H2	S231P	Missense	-0.244758579
5385	SUV39H2	S231P	Missense	0.964813691
5386	SUV39H2	N230G	Missense	0.453192992
5387	SUV39H2		No Mutation	0.376342725
5388	SUV39H2	I243T	Missense	0.506128796
5389	SUV39H2	N241G;R242G	Missense;Missense	-0.747075246
5390	SUV39H2	I254V	Missense	0.443267739
5391	SUV39H2	R256R;T257A	Silent;Missense	0.313667098
5392	SUV39H2	S258G	Missense	-0.351301151
5393	SUV39H2	S258G;N259D	Missense;Missense	0.719707773
5394	SUV39H2	S258G;N259G	Missense;Missense	0.393686733
5395	SUV39H2	M278V	Missense	0.345006535
5396	SUV39H2	E288G;E289G	Missense;Missense	0.467004626
5397	SUV39H2	G294G;Q295R	Silent;Missense	0.644317978
5398	SUV39H2	Q295R	Missense	-0.128835452
5399	SUV39H2	T303A	Missense	0.321163963
5400	SUV39H2		No Mutation	0.021945714
5401	SUV39H2	E314G	Missense	0.297129157
5402	SUV39H2	D318G	Missense	0.000137991
5403	SUV39H2		No Mutation	0.102663034
5404	SUV39H2		No Mutation	0.171190613
5405	SUV39H2	F340P	Missense	0.487031935
5406	SUV39H2	F340P	Missense	-0.28202953
5407	SUV39H2	L351L	Silent	-0.150353316
5408	SUV39H2	F357P;S358P	Missense;Missense	0.189317828
5409	SUV39H2	F357S;S358P	Missense;Missense	0.738525113
5410	SUV39H2	F357F;S358P	Silent;Missense	0.433816569
5411	SUV39H2	T359A;R360G	Missense;Missense	0.076174361
5412	SUV39H2	N363N;A364A	Silent;Silent	0.085088612
5413	SUV39H2		No Mutation	0.016723797
5414	SUV39H2	H387R;S388G	Missense;Missense	-0.038020523
5415	SUV39H2	S388G	Missense	0.262085324
5416	SUV39H2	R395G;T396A	Missense;Missense	0.425587291
5417	SUV39H2	G401G	Silent	0.009646532
5418	SUV39H2	(NC);(NC)	UTR;UTR	0.115462844
5419	PTPN2	(NC);(NC);(NC);(NC)	UTR;UTR;UTR;UTR	0.186155716
5420	PTPN2	(NC);(NC);(NC);(NC)	UTR;UTR;UTR;UTR	0.267732307
5421	PTPN2	M395V	Missense	-0.066374559
5422	PTPN2	M392T	Missense	0.745945756
5423	PTPN2	I388V	Missense	-0.1077314
5424	PTPN2	I388V	Missense	-0.460550217
5425	PTPN2	Q386Q;I388V	Silent;Missense	0.348791391
5426	PTPN2	R379R;K380G	Silent;Missense	0.237202719
5427	PTPN2	E376G;R377R	Missense;Silent	0.932956255
5428	PTPN2	N375S;E376G	Missense;Missense	0.869925732
5429	PTPN2	Q366R	Missense	0.180814172
5430	PTPN2	V365A	Missense	0.070537995
5431	PTPN2	V365A	Missense	-0.276285282
5432	PTPN2	T360A	Missense	0.6529955
5433	PTPN2	I353V	Missense	0.215806575
5434	PTPN2	L349L;K351E	Silent;Missense	-0.346350094
5435	PTPN2		No Mutation	0.275276192
5436	PTPN2		No Mutation	0.409392729
5437	PTPN2	(NC);(NC)	Intron;Intron	0.014602183
5438	PTPN2	E342G	Missense	-0.329437776
5439	PTPN2	K336K;M337V	Silent;Missense	-0.229147109
5440	PTPN2	K336G;M337V	Missense;Missense	0.947048149
5441	PTPN2	L333L;S334P;S335P	Silent;Missense;Missense	0.132686351
5442	PTPN2	T326A	Missense	-0.105479243
5443	PTPN2	E321G;E322G	Missense;Missense	-0.508985487
5444	PTPN2	Y313C;N314G	Missense;Missense	0.33822097
5445	PTPN2	T310A	Missense	0.550735864
5446	PTPN2	M309V;T310A	Missense;Missense	0.894177626
5447	PTPN2		No Mutation	-0.094878093
5448	PTPN2	S304P	Missense	0.264381359
5449	PTPN2	R288R;K290E	Silent;Missense	0.16403232
5450	PTPN2		No Mutation	-0.324366199
5451	PTPN2	W289R	Missense	1.050181302
5452	PTPN2	W289R	Missense	-0.240191168
5453	PTPN2		No Mutation	0.324600377
5454	PTPN2	I285M;Q286R	Missense;Missense	-0.041016289
5455	PTPN2	G281G	Silent	0.463799905
5456	PTPN2	G275G	Silent	-0.048148623
5457	PTPN2	E274E;G275G	Silent;Silent	-0.101307378
5458	PTPN2	Y269C;M270V	Missense;Missense	0.89606299
5459	PTPN2	Q264Q;R266G	Silent;Missense	0.372081286
5460	PTPN2	F267P;S268P	Missense;Missense	-0.434792189
5461	PTPN2	F267P;S268P	Missense;Missense	-0.0968524
5462	PTPN2	F267P	Missense	-0.280651012
5463	PTPN2	I259I	Silent	-0.072506444
5464	PTPN2	M251V;R252G	Missense;Missense	0.428833121
5465	PTPN2	M251V;R252G	Missense;Missense	-0.156920657
5466	PTPN2		No Mutation	0.940848131
5467	PTPN2	V229V;D230G;T231A	Silent;Missense;Missense	-0.553282674
5468	PTPN2	T231T	Silent	0.122142751
5469	PTPN2		No Mutation	0.414990571
5470	PTPN2	A218A	Silent	0.343832295
5471	PTPN2	I220T	Missense	-0.218401911
5472	PTPN2	H215R	Missense	0.086795787
5473	PTPN2	H215R	Missense	-0.111989953
5474	PTPN2	I214V	Missense	-0.359460393
5475	PTPN2	C216R	Missense	0.255931325
5476	PTPN2	I214T	Missense	0.473260499
5477	PTPN2	V213A	Missense	0.039493187
5478	PTPN2	P211P	Silent	-0.40249754
5479	PTPN2		No Mutation	0.031559947
5480	PTPN2	H209H	Silent	-0.096335393
5481	PTPN2		No Mutation	0.014003054
5482	PTPN2		No Mutation	0.25545844
5483	PTPN2	K198G	Missense	0.293785828
5484	PTPN2	N194N;F195P	Silent;Missense	0.206859915
5485	PTPN2	S191P;F192P	Missense;Missense	-0.377279603
5486	PTPN2	A190A;S191P;F192L	Silent;Missense;Missense	0.289934693
5487	PTPN2	P186P	Silent	0.060352837
5488	PTPN2	V185A	Missense	-0.119592043
5489	PTPN2	T178A;T179A	Missense;Missense	-0.261163215
5490	PTPN2	H174R	Missense	0.479545761
5491	PTPN2	F175P	Missense	-0.187415241
5492	PTPN2	(NC);(NC);(NC)	Intron;Intron;Intron	-0.131166339
5493	PTPN2	(NC);(NC);(NC);(NC)	Intron;Intron;Intron;Intron	1.195912185
5494	PTPN2	M134V	Missense	0.940686071
5495	PTPN2	F136F	Silent	-0.145454215
5496	PTPN2	M134T	Missense	0.038592517
5497	PTPN2	K122G	Missense	0.11877833
5498	PTPN2	(NC);(NC)	Intron;Intron	-0.271815529
5499	PTPN2	S120P	Missense	0.009306499
5500	PTPN2	I115V	Missense	-0.652473251
5501	PTPN2	M111V	Missense	0.492650784
5502	PTPN2	M111T;L112P	Missense;Missense	-0.202988143
5503	PTPN2	V101A;W102R	Missense;Missense	0.638547492
5504	PTPN2	H96R	Missense	0.114422052
5505	PTPN2		No Mutation	-0.281022698
5506	PTPN2	H96H;F97P	Silent;Missense	-0.091962465
5507	PTPN2	N92S;T93A	Missense;Missense	0.506288472
5508	PTPN2	C94R;C95R	Missense;Missense	-0.468603622
5509	PTPN2	G88G	Silent	-0.644165281
5510	PTPN2		No Mutation	-0.51265836
5511	PTPN2	S82G	Missense	-0.219544196
5512	PTPN2	D75G;I76V	Missense;Missense	0.408344868
5513	PTPN2	I76T	Missense	1.227616651
5514	PTPN2	L73L	Silent	0.29330464
5515	PTPN2	(NC);(NC)	Intron;Intron	0.766157931
5516	PTPN2	(NC)	Intron	0.669057279
5517	PTPN2	P53P	Silent	-0.031043898
5518	PTPN2	P53P	Silent	-0.233241103
5519	PTPN2	F39P	Missense	-0.519770963
5520	PTPN2	H34H	Silent	0.690409528
5521	PTPN2	H34H	Silent	0.362321814
5522	PTPN2	D31G	Missense	0.25090964
5523	PTPN2	(NC)	Intron	-0.754154276
5524	PTPN2	(NC)	Intron	-0.618405024
5525	PTPN2	Y22C	Missense	-0.127506171
5526	PTPN2		No Mutation	-0.265393132
5527	PTPN2	D13G	Missense	-0.204467886
5528	PTPN2		No Mutation	-0.644902746
5529	PTPN2	F9S	Missense	-0.201393136
5530	PTPN2	F9P	Missense	0.850639213
5531	PTPN2		No Mutation	0.138406481
5532	PTPN2		No Mutation	-0.274380476
5533	PTPN2	I5T	Missense	-0.111548936
5534	PTPN2	T3A	Missense	-0.302957332
5535	PTPN2		No Mutation	0.073054404
5536	PTPN2		No Mutation	0.113898962
5537	PTPN2		No Mutation	-0.126795896
5538	PTPN2		No Mutation	0.321867873
