ID	Gene	Mutation_list	Mutation_type	sgRNA_score
0	SETDB1	(NC);M1V	UTR;Missense	-1.197056752
1	SETDB1	M1V	Missense	-1.195674615
2	SETDB1		No Mutation	0.1910970287027257
3	SETDB1		No Mutation	-0.235578203
4	SETDB1	I8T;G9G	Missense;Silent	-0.39381496
5	SETDB1	I8I;G9G;L10L	Silent;Silent;Silent	0.048164176
6	SETDB1	L10P	Missense	0.2530936158545852
7	SETDB1	A12A	Silent	-0.108039405
8	SETDB1	I22V	Missense	0.1967982421660875
9	SETDB1	A23A;E24G	Silent;Missense	1.2144456496190748
10	SETDB1	Q26R	Missense	-2.303749463
11	SETDB1	A28A	Silent	0.1158801435600808
12	SETDB1	A28A	Silent	0.1133589373790364
13	SETDB1	E32G	Missense	-0.004128215
14	SETDB1	E32E	Silent	-0.248066572
15	SETDB1		No Mutation	-0.299676741
16	SETDB1		No Mutation	-0.306076811
17	SETDB1	I44V	Missense	0.5109507320612674
18	SETDB1	E46G	Missense	-0.032728539
19	SETDB1	L61L;A62A	Silent;Silent	-0.63434672
20	SETDB1	L61L;A62A	Silent;Silent	0.1393432458681509
21	SETDB1	V68V;I69V	Silent;Missense	-0.33761658
22	SETDB1	I69M;Q70R;K71E	Missense;Missense;Missense	0.254559245828419
23	SETDB1		No Mutation	0.2535795868761733
24	SETDB1	D84D;S86P	Silent;Missense	-0.902636632
25	SETDB1	R87G	Missense	0.2079573042608096
26	SETDB1	(NC)	Intron	0.4410972207243069
27	SETDB1	(NC)	Intron	0.729027671
28	SETDB1	(NC)	Intron	0.2269274932075041
29	SETDB1	V89A;T90T	Missense;Silent	-0.095862167
30	SETDB1	T90A;N91D	Missense;Missense	0.1017111435626824
31	SETDB1		No Mutation	-0.193788703
32	SETDB1	D98G	Missense	0.4499881531749308
33	SETDB1	D98G	Missense	-0.028251669
34	SETDB1	K102R	Missense	0.1104845363555574
35	SETDB1		No Mutation	0.1169902066402852
36	SETDB1	Y107H	Missense	-1.672368441
37	SETDB1		No Mutation	0.0412659213876334
38	SETDB1	S112S	Silent	-0.338825037
39	SETDB1	E113G	Missense	-0.929635071
40	SETDB1	I122T;I123T	Missense;Missense	-0.149034285
41	SETDB1	I125T	Missense	0.4032809270252719
42	SETDB1	D131D;V132A	Silent;Missense	0.3092874841545993
43	SETDB1		No Mutation	-0.081851396
44	SETDB1	S134G;I135V	Missense;Missense	-0.200775019
45	SETDB1	S134G;I135V	Missense;Missense	1.318980673543195
46	SETDB1	(NC)	Splice-donor	0.1123038439717529
47	SETDB1	S137S;(NC)	Silent;Intron	-0.139137041
48	SETDB1	(NC);(NC)	Intron;Intron	-0.23482389
49	SETDB1	(NC)	Intron	0.1788762831877985
50	SETDB1		No Mutation	-0.077568689
51	SETDB1		No Mutation	0.045730794
52	SETDB1	R143R;T144A	Silent;Missense	0.1632348547470354
53	SETDB1	K146K;D147G	Silent;Missense	0.3647744879361173
54	SETDB1	(NC)	Splice-donor	-1.395865121
55	SETDB1	Q148R;K149G	Missense;Missense	0.6003251502335271
56	SETDB1	(NC);(NC)	Intron;Intron	-0.269052949
57	SETDB1	(NC)	Intron	0.1693536697850957
58	SETDB1	(NC);(NC)	Intron;Intron	-0.125772113
59	SETDB1	(NC)	Intron	-0.115266039
60	SETDB1	(NC)	Intron	0.2127681610180757
61	SETDB1	(NC)	Intron	-0.641677829
62	SETDB1	L150P;R151R	Missense;Silent	0.7523642941838913
63	SETDB1	R151R	Silent	0.085825381
64	SETDB1	R151R	Silent	-0.805367478
65	SETDB1	(NC);(NC)	Intron;Splice-acceptor	-1.193596621
66	SETDB1	A155A;L157L	Silent;Silent	2.002295917076369
67	SETDB1	A161A	Silent	0.1193136915488458
68	SETDB1	Q162Q;D163G	Silent;Missense	0.3499090374344583
69	SETDB1	K173G;K174E	Missense;Missense	0.1991412324412161
70	SETDB1	Q178R	Missense	0.2980419165244286
71	SETDB1	D179G	Missense	-0.035399264
72	SETDB1	D179G	Missense	0.1129658479276866
73	SETDB1	(NC)	Splice-donor	-0.188164192
74	SETDB1	(NC);(NC)	Splice-donor;Intron	-0.071959895
75	SETDB1	(NC)	Intron	0.071081004
76	SETDB1	(NC)	Intron	-0.419271258
77	SETDB1	(NC);(NC)	Intron;Intron	2.661648350124433
78	SETDB1	T184A	Missense	-0.463678339
79	SETDB1	S189S	Silent	0.4985597263598899
80	SETDB1	G190G;E191G	Silent;Missense	0.1700122454024956
81	SETDB1	I199M;S201G	Missense;Missense	-0.68536938
82	SETDB1		No Mutation	-0.623259436
83	SETDB1	S201G	Missense	-0.390737459
84	SETDB1	K207R;K208G	Missense;Missense	-1.191828023
85	SETDB1	T210A;K211G	Missense;Missense	4.517404409
86	SETDB1	I219V	Missense	-0.291661515
87	SETDB1		No Mutation	-0.27134314
88	SETDB1		No Mutation	-0.494059776
89	SETDB1	(NC);(NC)	Splice-donor;Intron	-0.250121347
90	SETDB1	(NC)	Intron	0.4347371757471325
91	SETDB1		No Mutation	0.3980512315782692
92	SETDB1	(NC)	Intron	0.1921618216764232
93	SETDB1		No Mutation	-0.096711785
94	SETDB1		No Mutation	0.3687404759105902
95	SETDB1	P226P	Silent	0.2573519433293896
96	SETDB1	V232A	Missense	-0.894421825
97	SETDB1	K233G	Missense	0.2477103022276634
98	SETDB1	K237K;G238G;K239E	Silent;Silent;Missense	0.1503761482315165
99	SETDB1	G238G;K239G	Silent;Missense	-0.561776658
100	SETDB1	G238G;K239G	Silent;Missense	-0.49076651
101	SETDB1	D250D;Y251H	Silent;Missense	0.4173377102954816
102	SETDB1	P253P;P254P	Silent;Silent	-0.291296312
103	SETDB1		No Mutation	0.2057376334803146
104	SETDB1		No Mutation	0.05113413
105	SETDB1	L258P;Y259H	Missense;Missense	-0.048565943
106	SETDB1	D256G	Missense	0.3062608839152962
107	SETDB1	L258P;Y259H	Missense;Missense	-0.778323548
108	SETDB1	Y259H;V260A	Missense;Missense	0.4567494688336531
109	SETDB1	K257R	Missense	0.2633882497308615
110	SETDB1		No Mutation	0.1149614859511058
111	SETDB1	Y259C	Missense	-0.385383274
112	SETDB1		No Mutation	0.088752845
113	SETDB1		No Mutation	0.2766689987865069
114	SETDB1	K267K;Y268C;K269E	Silent;Missense;Missense	0.1204701568362289
115	SETDB1	N272N	Silent	-0.202232554
116	SETDB1	K269R;D270G	Missense;Missense	-0.86667431
117	SETDB1	Q273R	Missense	0.127346973894729
118	SETDB1	N286S	Missense	0.1301807671373247
119	SETDB1	K288K;N289G;K290E	Silent;Missense;Missense	-0.039472648
120	SETDB1	R292G	Missense	-2.433917117
121	SETDB1	(NC)	Intron	0.2182591085989724
122	SETDB1	(NC);(NC)	Intron;Intron	0.3514511198439624
123	SETDB1		No Mutation	-0.448859204
124	SETDB1		No Mutation	-0.526460266
125	SETDB1	E309G	Missense	-0.253931515
126	SETDB1	(NC)	Splice-donor	-0.837012125
127	SETDB1	(NC)	Splice-donor	-0.213454968
128	SETDB1	(NC);(NC);(NC);(NC)	Intron;Intron;Intron;Intron	0.1761062655504032
129	SETDB1	(NC);(NC)	Intron;Intron	-0.516427215
130	SETDB1	(NC);(NC);(NC);(NC)	Intron;Intron;Intron;Splice-acceptor	0.1904006458023961
131	SETDB1	(NC);(NC);(NC)	Intron;Intron;Splice-acceptor	-0.358580635
132	SETDB1	(NC);K318E	Splice-acceptor;Missense	-0.441872446
133	SETDB1		No Mutation	0.1790423217697023
134	SETDB1	I333T	Missense	0.3077159135215279
135	SETDB1	Y336H	Missense	-0.354378469
136	SETDB1	Y340C	Missense	0.04756358
137	SETDB1	M345T	Missense	-0.18405484
138	SETDB1	V346A	Missense	-0.036640111
139	SETDB1	V346A;L347P	Missense;Missense	0.4025418714045703
140	SETDB1	V346A;L347P	Missense;Missense	-0.096596911
141	SETDB1	L348P	Missense	0.3660971179470358
142	SETDB1	M345V	Missense	0.1411813204241661
143	SETDB1		No Mutation	0.4123488109325601
144	SETDB1		No Mutation	-0.268606942
145	SETDB1	S350S	Silent	0.1882352580916033
146	SETDB1	Q352R	Missense	-0.055732335
147	SETDB1	I354V	Missense	0.2184765034399407
148	SETDB1	T356T;W358R	Silent;Missense	-0.091317485
149	SETDB1	I354V;K355G	Missense;Missense	-0.049291144
150	SETDB1	E357G	Missense	-0.55991732
151	SETDB1	E357G	Missense	3.5280733330817187
152	SETDB1	K364E	Missense	-0.438033694
153	SETDB1	K364G	Missense	0.2276852315583126
154	SETDB1		No Mutation	0.007444152
155	SETDB1	R366R	Silent	-0.105906143
156	SETDB1	V370A;D371D	Missense;Silent	-0.482388758
157	SETDB1	D371D	Silent	0.5588113539457176
158	SETDB1	D371G	Missense	-0.111939935
159	SETDB1	L374L;R376G	Silent;Missense	-0.76370888
160	SETDB1	F379P	Missense	-0.166782675
161	SETDB1	(NC);(NC);(NC)	Intron;Intron;Intron	0.343201545
162	SETDB1	(NC);(NC)	Intron;Intron	-0.247233267
163	SETDB1		No Mutation	-0.617481023
164	SETDB1	D381G;D382G	Missense;Missense	-0.410407311
165	SETDB1	E386G	Missense	-0.364071494
166	SETDB1	Y389C	Missense	0.034155107
167	SETDB1	R390R	Silent	-0.338608251
168	SETDB1	T403T	Silent	-0.219702615
169	SETDB1	L409P	Missense	-0.211535715
170	SETDB1	A408A	Silent	0.5460305073393538
171	SETDB1		No Mutation	0.9282148501374212
172	SETDB1	K411R;K412G	Missense;Missense	0.126633944
173	SETDB1	R417G;T418A	Missense;Missense	0.029614621
174	SETDB1	R417G;T418A	Missense;Missense	-0.053558997
175	SETDB1	(NC);(NC)	Intron;Intron	0.2274477162127808
176	SETDB1	(NC)	Intron	0.2063944306583033
177	SETDB1		No Mutation	0.1859589242394993
178	SETDB1	G423G;A424A	Silent;Silent	0.1568306475999326
179	SETDB1		No Mutation	-0.13621333
180	SETDB1		No Mutation	-0.070447757
181	SETDB1		No Mutation	0.0546670202568292
182	SETDB1		No Mutation	0.1638402697351942
183	SETDB1		No Mutation	0.5029927070906794
184	SETDB1	Y434C;T435A	Missense;Missense	0.3934580469717159
185	SETDB1	D437D;L438P	Silent;Missense	0.6665537456107153
186	SETDB1	Q436R;D437G	Missense;Missense	-0.129317248
187	SETDB1	F445P	Missense	-0.495394414
188	SETDB1	G442G;T443A	Silent;Missense	0.078049752
189	SETDB1	V448A	Missense	-0.193254911
190	SETDB1		No Mutation	0.0545383248298608
191	SETDB1		No Mutation	0.2009852905656149
192	SETDB1	A455A	Silent	0.066817532
193	SETDB1	A455A	Silent	-0.348692953
194	SETDB1	A455A	Silent	2.958671361701413
195	SETDB1		No Mutation	-1.055368881
196	SETDB1		No Mutation	-0.222576409
197	SETDB1	F461P	Missense	-0.607063916
198	SETDB1		No Mutation	-0.016294688
199	SETDB1	P463P;A464A	Silent;Silent	0.1152745065143363
200	SETDB1	P463P;A464A	Silent;Silent	0.248794743710521
201	SETDB1	A464A	Silent	-0.098172315
202	SETDB1		No Mutation	-0.233376966
203	SETDB1	P466P;L467P;S468P	Silent;Missense;Missense	0.3865227553553853
204	SETDB1	L467P;S468P	Missense;Missense	-0.42584187
205	SETDB1	S468P	Missense	-0.481025276
206	SETDB1		No Mutation	0.1894422742316593
207	SETDB1		No Mutation	0.5599318981703848
208	SETDB1		No Mutation	0.1622997049337148
209	SETDB1	S474S	Silent	0.08342832
210	SETDB1	S474S	Silent	0.5509949376568707
211	SETDB1	S474S	Silent	-0.143159786
212	SETDB1	S474S	Silent	-0.387729237
213	SETDB1	S474S;(NC)	Silent;Splice-donor	-1.006868932
214	SETDB1	(NC);(NC)	Intron;Intron	0.065065259
215	SETDB1	(NC)	Intron	0.1533028296926704
216	SETDB1		No Mutation	-0.542870248
217	SETDB1	Q479R	Missense	0.1825154700602296
218	SETDB1		No Mutation	1.6856349663934456
219	SETDB1		No Mutation	0.2120043774500568
220	SETDB1	V487A	Missense	-0.051625878
221	SETDB1	V487A	Missense	-0.317197363
222	SETDB1	S491G;T492A	Missense;Missense	0.3377140176780313
223	SETDB1		No Mutation	-0.194545886
224	SETDB1		No Mutation	0.2308266096813234
225	SETDB1	S498S;V499A	Silent;Missense	-0.133620307
226	SETDB1	P496P	Silent	-0.145933177
227	SETDB1	S501P	Missense	0.4230475145513676
228	SETDB1	P509P	Silent	0.1788519375561394
229	SETDB1	L511P	Missense	-0.076647057
230	SETDB1	L511P	Missense	-0.065946481
231	SETDB1	L511P	Missense	0.098043636
232	SETDB1	S512G	Missense	-0.024787032
233	SETDB1	S512G;E513G	Missense;Missense	0.7398596883912254
234	SETDB1	E513G	Missense	0.060311216
235	SETDB1		No Mutation	-0.137650905
236	SETDB1		No Mutation	0.1517627417446185
237	SETDB1	I522V	Missense	0.8029385446741096
238	SETDB1	Y526H	Missense	0.1593824279136935
239	SETDB1	Y526C;R527G	Missense;Missense	-1.230665987
240	SETDB1	(NC)	Intron	1.5593044661665507
241	SETDB1	S535P	Missense	-0.185004004
242	SETDB1		No Mutation	0.1271955125048702
243	SETDB1	S540P	Missense	-0.276386952
244	SETDB1	P537P;A538A	Silent;Silent	0.4255654614378161
245	SETDB1	L542P	Missense	-0.628672742
246	SETDB1	L542P	Missense	2.372650034947702
247	SETDB1	L542P	Missense	-0.320137915
248	SETDB1		No Mutation	-0.246096542
249	SETDB1	P545P	Silent	0.4675123170818163
250	SETDB1		No Mutation	0.050537014
251	SETDB1		No Mutation	-0.776210773
252	SETDB1	V550A	Missense	-0.189640315
253	SETDB1	V550A;F551L	Missense;Missense	-0.116842569
254	SETDB1	A547A	Silent	-0.565875751
255	SETDB1	V550A;F551P	Missense;Missense	0.185971538278768
256	SETDB1	F551P	Missense	0.057481351
257	SETDB1	P549P	Silent	-0.06070856
258	SETDB1	M554T	Missense	0.2542186795825472
259	SETDB1	M554T	Missense	0.4048388359181041
260	SETDB1	M554T	Missense	0.3168728430825432
261	SETDB1	M554T;L555P	Missense;Missense	-0.595986839
262	SETDB1	H552R	Missense	0.0411377771433805
263	SETDB1	H552R	Missense	-0.050274903
264	SETDB1		No Mutation	-0.151113907
265	SETDB1	Y564H	Missense	-0.240303069
266	SETDB1	Y564H	Missense	-0.805756044
267	SETDB1	Y564H	Missense	-0.08893074
268	SETDB1		No Mutation	-0.464916265
269	SETDB1	M568T	Missense	0.1696044357715528
270	SETDB1	M568T	Missense	-0.387258316
271	SETDB1	M568T	Missense	0.1610394172587007
272	SETDB1		No Mutation	-0.509630224
273	SETDB1	F572P;Y573H	Missense;Missense	0.1831154391037139
274	SETDB1	F572S;Y573H	Missense;Missense	0.057364982
275	SETDB1	Y580H	Missense	-0.723723848
276	SETDB1	V586A	Missense	-0.078729285
277	SETDB1	R585R	Silent	-0.157355673
278	SETDB1	R590G	Missense	0.2828011985356629
279	SETDB1	R590G;N591D	Missense;Missense	0.4632747676591257
280	SETDB1	R590G;N591G	Missense;Missense	-0.047124415
281	SETDB1	Y594H	Missense	0.3411454638129091
282	SETDB1	K597E	Missense	-0.300222031
283	SETDB1	P599P;L600P	Silent;Missense	-1.897124945
284	SETDB1	L604P	Missense	-0.317049207
285	SETDB1	L604P;L605P	Missense;Missense	-0.236764902
286	SETDB1	L604L	Silent	1.235950189527016
287	SETDB1	L604L;L605L	Silent;Silent	-0.129579667
288	SETDB1	F608P	Missense	-0.328830073
289	SETDB1	F608P	Missense	-0.060489992
290	SETDB1		No Mutation	-0.072774316
291	SETDB1		No Mutation	0.4092843168799116
292	SETDB1		No Mutation	0.1404546225137121
293	SETDB1	R616R	Silent	0.05342707
294	SETDB1		No Mutation	-0.377693898
295	SETDB1	R616R	Silent	-0.978684195
296	SETDB1	F623F;H624H	Silent;Silent	-0.185031639
297	SETDB1	I626V;Y627C	Missense;Missense	0.1135723299804207
298	SETDB1		No Mutation	-0.636166381
299	SETDB1	L635P	Missense	-0.297471311
300	SETDB1		No Mutation	-0.20284736
301	SETDB1	C650R	Missense	-0.054257901
302	SETDB1		No Mutation	-0.071194491
303	SETDB1		No Mutation	-0.302943728
304	SETDB1	F658P;C659R	Missense;Missense	-0.804144477
305	SETDB1	C659C;L660P	Silent;Missense	0.2126785871556604
306	SETDB1	D661G	Missense	-0.148386126
307	SETDB1		No Mutation	0.2218122543874838
308	SETDB1	Y673H	Missense	0.1192766607113012
309	SETDB1	Y677H;Y678H	Missense;Missense	0.6193057049470307
310	SETDB1	Y678H	Missense	0.4301965207406421
311	SETDB1	L680P	Missense	0.2057651229039268
312	SETDB1	D681G;I682V	Missense;Missense	-0.307104443
313	SETDB1	N695N	Silent	0.6096229062022094
314	SETDB1	N695N	Silent	-0.175164033
315	SETDB1	N695N	Silent	-0.180768579
316	SETDB1	I697T	Missense	-0.53784631
317	SETDB1	T699A;T700A	Missense;Missense	-0.085633601
318	SETDB1	T699T;T700A	Silent;Missense	-0.584196155
319	SETDB1	V705A	Missense	-1.067041491
320	SETDB1	Y707H	Missense	0.1656260162248014
321	SETDB1	Y707H	Missense	-0.990040954
322	SETDB1	Q704R	Missense	0.3281352253793537
323	SETDB1	Y707H	Missense	-0.895473656
324	SETDB1		No Mutation	-0.439970632
325	SETDB1		No Mutation	-0.535704061
326	SETDB1		No Mutation	-0.713400335
327	SETDB1	S708G;K709E	Missense;Missense	-1.00314913
328	SETDB1	S708G;K709G	Missense;Missense	-0.348067608
329	SETDB1	R711R;I712T	Silent;Missense	0.178260483615646
330	SETDB1	E710G	Missense	-0.408147111
331	SETDB1	E710G	Missense	-0.167990265
332	SETDB1	V717V;F718P	Silent;Missense	-0.115090468
333	SETDB1	F718P;I719T	Missense;Missense	0.1132625695878223
334	SETDB1	T721A	Missense	-0.255955407
335	SETDB1		No Mutation	-0.749436939
336	SETDB1	V727V;C729R	Silent;Missense	-0.174004206
337	SETDB1	C729R	Missense	-0.00174016
338	SETDB1		No Mutation	0.2308462573441611
339	SETDB1		No Mutation	-0.022381089
340	SETDB1		No Mutation	-0.308228067
341	SETDB1	D730G	Missense	-0.131169063
342	SETDB1	K732E	Missense	-0.002404965
343	SETDB1		No Mutation	-0.389598633
344	SETDB1	D737G	Missense	-0.243657351
345	SETDB1	D737G	Missense	-0.982570928
346	SETDB1	D737G;K738E	Missense;Missense	0.266774338
347	SETDB1	D737G;K738G	Missense;Missense	-0.854219476
348	SETDB1	D737G;K738G	Missense;Missense	-0.474765382
349	SETDB1	(NC)	Intron	0.0508881259354697
350	SETDB1	(NC);(NC)	Intron;Intron	0.081651927
351	SETDB1	S739P	Missense	0.719719013
352	SETDB1	S739P	Missense	-0.431197947
353	SETDB1	H744H	Silent	0.1643136123283866
354	SETDB1	H744R	Missense	0.3207817806711271
355	SETDB1	T747T;I748T	Silent;Missense	-0.269807619
356	SETDB1		No Mutation	0.030541194
357	SETDB1	T751A	Missense	0.1417543236135373
358	SETDB1	C753C	Silent	0.082538637
359	SETDB1	T751A	Missense	0.0298286247966611
360	SETDB1		No Mutation	-0.617023101
361	SETDB1	I759T	Missense	-0.336138507
362	SETDB1		No Mutation	-0.855828898
363	SETDB1		No Mutation	-0.0320866
364	SETDB1	Q758R;I759V	Missense;Missense	0.1321193984745644
365	SETDB1	S763P	Missense	-0.417556461
366	SETDB1	Y767H	Missense	0.171994543
367	SETDB1	Y767H	Missense	-0.363096037
368	SETDB1		No Mutation	-0.4157713
369	SETDB1	E771G;E772G	Missense;Missense	-0.369929362
370	SETDB1	E771G;E772G	Missense;Missense	-0.507280711
371	SETDB1	L774L	Silent	-0.0525
372	SETDB1	T776A	Missense	0.2760304950844672
373	SETDB1	(NC)	Intron	-0.037033429
374	SETDB1	(NC);(NC)	Intron;Intron	-0.176465639
375	SETDB1	(NC)	Intron	0.2577533556680916
376	SETDB1	(NC)	Intron	-0.565277875
377	SETDB1	Y779H	Missense	-0.927060752
378	SETDB1	C781R	Missense	-0.785851187
379	SETDB1	C781R	Missense	-0.253785154
380	SETDB1	C781C	Silent	0.4913030853814121
381	SETDB1	P789P;N790G	Silent;Missense	0.2062666406796275
382	SETDB1	M791V	Missense	0.1219086056515389
383	SETDB1		No Mutation	-1.507676012
384	SETDB1		No Mutation	-0.308137132
385	SETDB1	N794G	Missense	0.088473422
386	SETDB1	H799H	Silent	0.383290274
387	SETDB1	Q798R;H799R	Missense;Missense	-1.263598337
388	SETDB1	L807L;K809E	Silent;Missense	-0.112868799
389	SETDB1	K809G	Missense	-0.047975508
390	SETDB1	K809R;T810A	Missense;Missense	0.063741423
391	SETDB1	T810A	Missense	-0.227541301
392	SETDB1	T810A;Q811R	Missense;Missense	0.3283632994337341
393	SETDB1		No Mutation	-0.475996188
394	SETDB1	I823T	Missense	-0.58467888
395	SETDB1	D821G	Missense	0.2139201365215426
396	SETDB1	V829A;C830R	Missense;Missense	-0.62146382
397	SETDB1		No Mutation	0.079153667
398	SETDB1		No Mutation	0.4321679799100583
399	SETDB1		No Mutation	-0.328647299
400	SETDB1	(NC);(NC)	Intron;Intron	-0.375443587
401	SETDB1	(NC);(NC);(NC)	Intron;Intron;Intron	-0.233605852
402	SETDB1	T838T;D839G	Silent;Missense	0.8792709373314602
403	SETDB1	F841F	Silent	-0.077884769
404	SETDB1	D840G	Missense	0.2545618858206555
405	SETDB1	D840G	Missense	0.00790508
406	SETDB1	A842A	Silent	-0.168180047
407	SETDB1	K844G	Missense	-0.487290551
408	SETDB1	K844G;E845G	Missense;Missense	-0.752061794
409	SETDB1	E852G	Missense	-0.913505407
410	SETDB1	D858G	Missense	-1.421353952
411	SETDB1		No Mutation	-0.64156178
412	SETDB1	E864G	Missense	0.6181284891808158
413	SETDB1		No Mutation	0.2816551639425955
414	SETDB1		No Mutation	-0.415394502
415	SETDB1		No Mutation	0.2656268673991926
416	SETDB1		No Mutation	0.042471158
417	SETDB1	S881S	Silent	0.1272864640869386
418	SETDB1	G882G;V883A	Silent;Missense	-0.210081186
419	SETDB1	S881G	Missense	0.7028546885560676
420	SETDB1	V883V	Silent	0.1390370780875062
421	SETDB1	K886G	Missense	0.2807636376046619
422	SETDB1	Q888R;E889G	Missense;Missense	0.5450604721990298
423	SETDB1		No Mutation	-0.318516798
424	SETDB1	N892D	Missense	-0.577704309
425	SETDB1	N902N;D903D	Silent;Silent	0.2755416833466401
426	SETDB1	D903D	Silent	0.0554600364685698
427	SETDB1	D907D	Silent	0.7009121279768517
428	SETDB1	S906S;D907G	Silent;Missense	-0.039897551
429	SETDB1	N909G	Missense	0.329691455
430	SETDB1	S917G	Missense	-0.091231105
431	SETDB1	T918A	Missense	-0.16301318
432	SETDB1		No Mutation	-0.199204728
433	SETDB1		No Mutation	-0.304642038
434	SETDB1	S924G	Missense	0.1902050839379643
435	SETDB1	T927A	Missense	-0.214528966
436	SETDB1	T927A	Missense	0.077906385
437	SETDB1	T927A	Missense	-1.34791856
438	SETDB1		No Mutation	-1.011262775
439	SETDB1		No Mutation	-0.321726241
440	SETDB1		No Mutation	0.2722481588724892
441	SETDB1		No Mutation	0.5021981992101049
442	SETDB1		No Mutation	-0.210648706
443	SETDB1	L939P;S940P	Missense;Missense	-0.493616352
444	SETDB1		No Mutation	0.285671217
445	SETDB1		No Mutation	0.5750316286001185
446	SETDB1	H948R	Missense	-1.162209162
447	SETDB1	L952P	Missense	-0.727474571
448	SETDB1	L952L	Silent	0.9568811562973952
449	SETDB1		No Mutation	-0.238227011
450	SETDB1		No Mutation	-0.054078426
451	SETDB1		No Mutation	-0.141875944
452	SETDB1		No Mutation	-0.169100115
453	SETDB1		No Mutation	7.747921657192373
454	SETDB1	V959A	Missense	-0.358544447
455	SETDB1	V959A;P960P	Missense;Silent	0.2645237201451124
456	SETDB1	V959V;P960P	Silent;Silent	0.040386871
457	SETDB1	P960P	Silent	-0.178889367
458	SETDB1		No Mutation	0.2818181448086936
459	SETDB1	I963T	Missense	0.2858966051155523
460	SETDB1		No Mutation	0.4998569889736381
461	SETDB1	V965A	Missense	0.4715099487858997
462	SETDB1	G966G	Silent	0.1704796785207692
463	SETDB1	G966G	Silent	-0.273570183
464	SETDB1	N969N	Silent	0.02245447013645
465	SETDB1	N969N	Silent	-0.038486151
466	SETDB1		No Mutation	0.2964288610648713
467	SETDB1		No Mutation	-0.977885559
468	SETDB1		No Mutation	4.199864911830363
469	SETDB1	E974E;E975G;T976A	Silent;Missense;Missense	0.009036989
470	SETDB1		No Mutation	0.0550795670307451
471	SETDB1	T976A	Missense	0.1205372857095428
472	SETDB1	K978R;N979G	Missense;Missense	0.3866167072244747
473	SETDB1	S983P	Missense	0.1192849894101882
474	SETDB1	S983P	Missense	-0.300751867
475	SETDB1	N988N	Silent	0.1208244393061241
476	SETDB1	N988G	Missense	0.3060187907373907
477	SETDB1	N988G;S989G	Missense;Missense	-0.286593784
478	SETDB1	T1006T	Silent	-0.365121957
479	SETDB1		No Mutation	0.4544291525982071
480	SETDB1	K1005G	Missense	-0.250561614
481	SETDB1	K1005G	Missense	0.4412370882895866
482	SETDB1	K1005G;T1006A	Missense;Missense	0.2411792186697634
483	SETDB1	G1009G	Silent	0.2470749245122308
484	SETDB1	T1006A;N1007D	Missense;Missense	-0.034342072
485	SETDB1	T1006A;N1007G	Missense;Missense	0.2602000331616186
486	SETDB1	N1007S;E1008G	Missense;Missense	0.000199741
487	SETDB1	E1008G	Missense	0.1421046508039521
488	SETDB1		No Mutation	-1.109954092
489	SETDB1		No Mutation	-0.186254612
490	SETDB1		No Mutation	-0.494564933
491	SETDB1	E1011G	Missense	0.064448317
492	SETDB1		No Mutation	0.6321822394235415
493	SETDB1		No Mutation	-0.142895677
494	SETDB1		No Mutation	0.031108629
495	SETDB1	R1018R;M1019V	Silent;Missense	0.1877407269154479
496	SETDB1		No Mutation	-0.21176465
497	SETDB1	E1022G;K1023G	Missense;Missense	-0.337090746
498	SETDB1		No Mutation	-0.36624158
499	SETDB1	L1029P	Missense	-0.235982052
500	SETDB1	S1027S	Silent	0.098755146
501	SETDB1	I1031T	Missense	-0.814609919
502	SETDB1	I1031T	Missense	0.1106937489081176
503	SETDB1	G1028G;L1029L	Silent;Silent	-0.258832508
504	SETDB1	L1029L	Silent	1.0685278444805322
505	SETDB1	E1034G	Missense	1.696804195149475
506	SETDB1	K1038G	Missense	0.072868967
507	SETDB1	K1041G;K1042G	Missense;Missense	-1.111784957
508	SETDB1	(NC)	Intron	-0.420862792
509	SETDB1	(NC);(NC);(NC)	Intron;Intron;Intron	0.4514590652593988
510	SETDB1	(NC);(NC)	Intron;Intron	-0.543676309
511	SETDB1		No Mutation	-0.098236759
512	SETDB1	V1053A;(NC)	Missense;Splice-donor	-1.196349389
513	SETDB1	V1054A	Missense	0.4663231495283163
514	SETDB1	V1054A;T1055T	Missense;Silent	-0.625677029
515	SETDB1	V1054V;T1055T	Silent;Silent	0.1285640670900388
516	SETDB1	T1055T	Silent	0.293046194
517	SETDB1		No Mutation	0.048571335
518	SETDB1		No Mutation	0.4057922597809252
519	SETDB1	E1056G;S1057G	Missense;Missense	0.2847127626838811
520	SETDB1		No Mutation	-0.506375459
521	SETDB1	P1070P	Silent	0.6077724210638742
522	SETDB1	L1073P	Missense	0.3071622699863701
523	SETDB1		No Mutation	0.5778335490150411
524	SETDB1	T1080T	Silent	-0.164863763
525	SETDB1	T1080T;S1081S	Silent;Silent	0.3098143501205139
526	SETDB1	S1081S;M1082T	Silent;Missense	-0.240557872
527	SETDB1	M1082T	Missense	0.1359664244076557
528	SETDB1	Q1084R;S1085G	Missense;Missense	0.0200054378884926
529	SETDB1	A1090A;S1091P	Silent;Missense	-0.452323537
530	SETDB1	(NC)	Intron	0.5849884834286099
531	SETDB1	(NC)	Intron	-0.146687271
532	SETDB1	(NC)	Intron	-0.419816886
533	SETDB1	(NC)	Intron	0.364368993
534	SETDB1	D1098D	Silent	0.1904230799232269
535	SETDB1	D1098D	Silent	-0.261977896
536	SETDB1	D1098D;V1099A	Silent;Missense	0.1511085668168703
537	SETDB1	L1102P	Missense	-0.049898939
538	SETDB1	L1102P	Missense	-0.67841653
539	SETDB1	L1102P;S1103P	Missense;Missense	-0.720388231
540	SETDB1		No Mutation	-0.102414058
541	SETDB1	S1104G;S1105G	Missense;Missense	0.1309719686186699
542	SETDB1	S1104G;S1105G	Missense;Missense	0.423975659
543	SETDB1	S1105G	Missense	0.09133965
544	SETDB1	S1105G;T1106A	Missense;Missense	-0.774115015
545	SETDB1	S1108S	Silent	-0.198622345
546	SETDB1	E1107G;S1108G	Missense;Missense	0.069238337
547	SETDB1	E1107G;S1108G	Missense;Missense	-0.278790836
548	SETDB1	S1115G	Missense	0.1988135197839216
549	SETDB1	T1119T;A1120A	Silent;Silent	-0.271879003
550	SETDB1	A1120A;G1121G	Silent;Silent	0.4421534096544688
551	SETDB1	T1119A	Missense	-0.184132659
552	SETDB1	T1123T;S1124P	Silent;Missense	-0.195456486
553	SETDB1	T1123T;S1124P	Silent;Missense	-0.103368148
554	SETDB1	Q1122R;T1123A	Missense;Missense	-0.118887256
555	SETDB1	I1133V;Q1134R	Missense;Missense	0.1641382819700055
556	SETDB1	S1138S;S1140P	Silent;Missense	0.2147616702300324
557	SETDB1	I1136V	Missense	-0.102585784
558	SETDB1	I1136M	Missense	0.3641568228202696
559	SETDB1	I1136M	Missense	0.1781290232553266
560	SETDB1	S1140S	Silent	-0.193467112
561	SETDB1	D1143D	Silent	0.8069126652812937
562	SETDB1	E1141G	Missense	-0.442698631
563	SETDB1	D1147G;K1148G	Missense;Missense	-0.161219706
564	SETDB1	N1150G;M1151V	Missense;Missense	-0.380645898
565	SETDB1	(NC)	Intron	-0.371389561
566	SETDB1	(NC)	Intron	-1.056802611
567	SETDB1	(NC);(NC)	Intron;Intron	0.1012286112576673
568	SETDB1	(NC)	Intron	0.1003320662628051
569	SETDB1	(NC)	Intron	0.028399571
570	SETDB1	M1155T	Missense	-0.317577679
571	SETDB1	M1155T	Missense	-0.102157453
572	SETDB1	M1155T	Missense	-0.038167668
573	SETDB1	P1154P;M1155V	Silent;Missense	0.036810994
574	SETDB1	R1157R	Silent	-0.110126488
575	SETDB1	V1159A	Missense	-0.039163133
576	SETDB1	A1160A	Silent	-0.946725481
577	SETDB1	L1169P	Missense	-0.118481459
578	SETDB1	L1169L;S1171P	Silent;Missense	0.003397751
579	SETDB1		No Mutation	0.2068456436039152
580	SETDB1		No Mutation	-0.229541494
581	SETDB1	I1177T	Missense	0.2935054076760208
582	SETDB1	I1177I;S1179P	Silent;Missense	0.028189016
583	SETDB1	A1176A;I1177V;K1178E	Silent;Missense;Missense	0.3972718206656902
584	SETDB1	S1179S;T1180A;N1181D	Silent;Missense;Missense	-0.197051026
585	SETDB1	M1182V	Missense	0.4761309051079752
586	SETDB1	M1182V	Missense	0.1857859272094499
587	SETDB1		No Mutation	-0.288955623
588	SETDB1	V1185A	Missense	-0.044768915
589	SETDB1		No Mutation	0.2617348157153241
590	SETDB1		No Mutation	-0.684326881
591	SETDB1		No Mutation	-0.212125344
592	SETDB1	T1197A	Missense	0.427484457115945
593	SETDB1	Q1199R	Missense	-0.201024656
594	SETDB1		No Mutation	0.3048588639258337
595	SETDB1	I1210V;D1211G	Missense;Missense	0.4688613292598151
596	SETDB1	K1213G	Missense	0.2347173179328515
597	SETDB1	K1213G	Missense	-1.179358342
598	SETDB1	L1218P	Missense	-0.821946919
599	SETDB1		No Mutation	0.099674114
600	SETDB1		No Mutation	-0.501364034
601	SETDB1	(NC);(NC)	Intron;Intron	-0.090697654
602	SETDB1		No Mutation	-0.440653867
603	SETDB1	S1225S	Silent	-0.258182395
604	SETDB1		No Mutation	-0.155596712
605	SETDB1		No Mutation	0.3169567654775392
606	SETDB1		No Mutation	0.040833926
607	SETDB1	N1234N	Silent	0.040343877
608	SETDB1		No Mutation	-0.233281926
609	SETDB1	N1234N;V1235A;F1236L	Silent;Missense;Missense	-0.178635957
610	SETDB1	D1238D	Silent	0.0916392
611	SETDB1	H1240R;D1241G	Missense;Missense	0.1685051243016571
612	SETDB1	D1241G	Missense	-1.774383968
613	SETDB1	F1244S	Missense	-0.216480673
614	SETDB1		No Mutation	-1.128514448
615	SETDB1	W1246R	Missense	-0.118537608
616	SETDB1	F1250P	Missense	-1.091420397
617	SETDB1	F1250P	Missense	-0.807388052
618	SETDB1	F1250S	Missense	-0.089511033
619	SETDB1		No Mutation	-0.877353569
620	SETDB1	(NC)	Splice-donor	0.1390131466043072
621	SETDB1	S1252G	Missense	-1.010144025
622	SETDB1	K1253G;(NC)	Missense;Intron	-0.249837142
623	SETDB1	K1253R;(NC);(NC)	Missense;Intron;Intron	-0.678570144
624	SETDB1	(NC)	Intron	-0.021290666
625	SETDB1	(NC);(NC)	Intron;Intron	-1.315685076
626	SETDB1	(NC);(NC);(NC)	Intron;Intron;Intron	-0.053017789
627	SETDB1		No Mutation	0.3407117995790595
628	SETDB1		No Mutation	-0.08317106
629	SETDB1		No Mutation	0.2612719751057339
630	SETDB1	(NC)	Splice-acceptor	-0.674130563
631	SETDB1	(NC);K1253K	Splice-acceptor;Silent	-0.042238413
632	SETDB1		No Mutation	-0.249289655
633	SETDB1		No Mutation	-0.473571217
634	SETDB1	T1259A	Missense	-0.437884989
635	SETDB1	L1261P	Missense	0.3720650318784275
636	SETDB1		No Mutation	0.002430678
637	SETDB1	D1264G	Missense	-0.355795592
638	SETDB1	D1264G;Y1265C	Missense;Missense	0.2467675107855077
639	SETDB1	Y1267C	Missense	-0.248761935
640	SETDB1	E1268G	Missense	-1.050816733
641	SETDB1	S1271G	Missense	-0.627418487
642	SETDB1	E1276G	Missense	-0.53565758
643	SETDB1	E1276G;L1277L	Missense;Silent	0.2384793579612847
644	SETDB1	L1277L	Silent	-0.483306392
645	SETDB1		No Mutation	-0.389533721
646	SETDB1	R1289R	Silent	0.2565344889647422
647	SETDB1	R1287R;G1288G	Silent;Silent	-1.174613958
648	TRIM28		No Mutation	0.1808584100934201
649	TRIM28		No Mutation	1.1244236121943605
650	TRIM28		No Mutation	-0.175192079
651	TRIM28		No Mutation	0.1764794900927175
652	TRIM28	M1T	Missense	0.074316792
653	TRIM28	M1T	Missense	0.0270338795076598
654	TRIM28	M1T	Missense	0.6289185976532182
655	TRIM28	M1T	Missense	0.070626413
656	TRIM28	(NC);M1V	UTR;Missense	0.0200515654957052
657	TRIM28	(NC);M1V	UTR;Missense	-0.081209962
658	TRIM28		No Mutation	-0.152855878
659	TRIM28	S9P	Missense	-0.618805204
660	TRIM28		No Mutation	-0.519634157
661	TRIM28	A7A	Silent	-0.149802912
662	TRIM28		No Mutation	-0.11848208
663	TRIM28	S14P	Missense	-0.280411121
664	TRIM28		No Mutation	0.1929027209444535
665	TRIM28		No Mutation	0.2048732208374288
666	TRIM28		No Mutation	-0.566160079
667	TRIM28		No Mutation	-0.033304467
668	TRIM28		No Mutation	-0.126586826
669	TRIM28		No Mutation	0.042718579
670	TRIM28		No Mutation	-0.803302334
671	TRIM28		No Mutation	-0.277075582
672	TRIM28	S19G	Missense	0.1685708158753511
673	TRIM28	S19G	Missense	-0.481504046
674	TRIM28	S26P	Missense	0.411818173479019
675	TRIM28		No Mutation	0.0423026848913751
676	TRIM28	S26P	Missense	-0.534116305
677	TRIM28	E24G	Missense	0.7046871687254144
678	TRIM28	A27A	Silent	-0.271477826
679	TRIM28	A27A	Silent	0.29647664
680	TRIM28		No Mutation	0.1355625546336453
681	TRIM28		No Mutation	0.060994844
682	TRIM28		No Mutation	0.2128284349289044
683	TRIM28		No Mutation	-1.065114352
684	TRIM28	S41P	Missense	-0.067394984
685	TRIM28	S41P	Missense	0.1282488796216878
686	TRIM28	S41P	Missense	0.2872906748697355
687	TRIM28	S43S	Silent	-0.298499818
688	TRIM28		No Mutation	-0.238306695
689	TRIM28		No Mutation	-1.312097204
690	TRIM28		No Mutation	-0.055830899
691	TRIM28	S50P	Missense	0.3330472613824636
692	TRIM28		No Mutation	0.6352982889179619
693	TRIM28		No Mutation	-0.402168472
694	TRIM28		No Mutation	-0.121108977
695	TRIM28		No Mutation	0.1001898552111416
696	TRIM28		No Mutation	0.3223354532131199
697	TRIM28		No Mutation	0.1881972083890935
698	TRIM28		No Mutation	-0.532687835
699	TRIM28		No Mutation	-0.047002698
700	TRIM28		No Mutation	-0.131699441
701	TRIM28		No Mutation	-0.895299927
702	TRIM28		No Mutation	-0.810302598
703	TRIM28	E57G	Missense	0.1197513387719601
704	TRIM28	L61P;L62P	Missense;Missense	-0.161344077
705	TRIM28	E60G	Missense	-0.098440046
706	TRIM28	E70G	Missense	-0.334046088
707	TRIM28		No Mutation	-0.983746952
708	TRIM28		No Mutation	-0.059306176
709	TRIM28	L80P	Missense	-0.553396972
710	TRIM28	L80P	Missense	-0.588214237
711	TRIM28	C83R;L84P	Missense;Missense	0.149498731817086
712	TRIM28	C83C;L84P	Silent;Missense	-0.233350313
713	TRIM28		No Mutation	-0.197396507
714	TRIM28	C83C;L84P	Silent;Missense	0.2552090066780782
715	TRIM28	S86P	Missense	0.00422273
716	TRIM28	C88R	Missense	-0.791821463
717	TRIM28	C88R	Missense	0.2033086441242684
718	TRIM28		No Mutation	0.3396560722927497
719	TRIM28		No Mutation	-0.630407544
720	TRIM28	L92S	Missense	0.052894804
721	TRIM28		No Mutation	-0.830754119
722	TRIM28		No Mutation	0.6938968025727412
723	TRIM28		No Mutation	-0.169346202
724	TRIM28		No Mutation	0.1067117067630076
725	TRIM28		No Mutation	0.3158161631100779
726	TRIM28		No Mutation	-0.523143451
727	TRIM28		No Mutation	-0.197876943
728	TRIM28		No Mutation	0.5263333765565855
729	TRIM28		No Mutation	1.0650980749958951
730	TRIM28	S103P	Missense	0.054483166
731	TRIM28	S103P	Missense	-0.283666044
732	TRIM28	S103P	Missense	0.1631093883654029
733	TRIM28	N101G	Missense	0.3705662612805821
734	TRIM28		No Mutation	0.0520704003848791
735	TRIM28	N101G;S102G	Missense;Missense	-0.064089478
736	TRIM28	N101S;S102G	Missense;Missense	0.019860130675224
737	TRIM28		No Mutation	0.055301392
738	TRIM28	S102G	Missense	-0.125078533
739	TRIM28		No Mutation	0.1904652893962247
740	TRIM28		No Mutation	0.2175687311264325
741	TRIM28		No Mutation	-0.132478038
742	TRIM28	D105G	Missense	-0.8130488
743	TRIM28		No Mutation	-0.265129323
744	TRIM28		No Mutation	0.227594873
745	TRIM28	(NC);(NC)	Intron;Intron	-0.094040678
746	TRIM28	(NC);(NC)	Intron;Intron	1.4370054263317915
747	TRIM28	(NC)	Intron	-0.206360388
748	TRIM28	(NC)	Intron	-0.092827174
749	TRIM28	(NC)	Intron	0.049274648
750	TRIM28		No Mutation	-0.479650895
751	TRIM28	V114A;V115A	Missense;Missense	-0.312016567
752	TRIM28	V115A	Missense	-0.074989697
753	TRIM28	C124R	Missense	0.012858364929715
754	TRIM28	C124R	Missense	-0.421123986
755	TRIM28		No Mutation	0.0979117
756	TRIM28	N132N	Silent	-0.26953184
757	TRIM28	Y133C	Missense	0.2488520402376469
758	TRIM28		No Mutation	0.3057809391251538
759	TRIM28		No Mutation	0.082034475
760	TRIM28	D148D	Silent	0.249825938184636
761	TRIM28		No Mutation	0.089415104
762	TRIM28		No Mutation	0.8878297495896996
763	TRIM28	(NC)	Splice-donor	0.2432219266940278
764	TRIM28	(NC)	Splice-donor	-0.205772741
765	TRIM28	(NC)	Intron	-0.459219968
766	TRIM28	C152R	Missense	0.7231216055695711
767	TRIM28	C152R	Missense	-0.240830334
768	TRIM28	C153R	Missense	1.2687082243796128
769	TRIM28		No Mutation	-0.437665722
770	TRIM28	P161P;T163A	Silent;Missense	0.040316179
771	TRIM28	C166R	Missense	1.6323829659072144
772	TRIM28	C166R	Missense	0.2117167551492964
773	TRIM28	C166R;V167A	Missense;Missense	-0.00962506
774	TRIM28	V167A	Missense	0.049392239
775	TRIM28	Y165C	Missense	0.4307924028570229
776	TRIM28	C169R	Missense	0.047040786
777	TRIM28		No Mutation	-0.021455251
778	TRIM28	C177R;V178A	Missense;Missense	0.1450356634255424
779	TRIM28	V178V	Silent	0.662281111
780	TRIM28	V178V	Silent	-0.39554144
781	TRIM28		No Mutation	-0.238364065
782	TRIM28		No Mutation	-0.062693216
783	TRIM28		No Mutation	1.777033203818303
784	TRIM28	V192A	Missense	-0.90261134
785	TRIM28	H190R;T191A	Missense;Missense	0.4152336908150867
786	TRIM28	S194S;T195T	Silent;Silent	0.3169064123960993
787	TRIM28		No Mutation	0.2792112715939173
788	TRIM28	T195A	Missense	-0.316728948
789	TRIM28		No Mutation	-0.567845849
790	TRIM28	(NC)	Intron	-0.237308275
791	TRIM28	(NC)	Intron	-0.338022299
792	TRIM28	(NC);(NC)	Intron;Intron	0.1428823416606771
793	TRIM28	(NC)	Intron	0.109235194869548
794	TRIM28	(NC);(NC)	Intron;Intron	0.4951582345277961
795	TRIM28	(NC);(NC)	Intron;Intron	-0.631696132
796	TRIM28	(NC)	Intron	0.036138843
797	TRIM28		No Mutation	1.5787061237786375
798	TRIM28		No Mutation	-0.073778446
799	TRIM28	(NC)	Splice-acceptor	-0.186693563
800	TRIM28	(NC)	Splice-acceptor	-0.009207385
801	TRIM28	S200P	Missense	-0.572335704
802	TRIM28	S200P	Missense	-0.438838354
803	TRIM28	P197P	Silent	0.2032721196465845
804	TRIM28	S200P	Missense	-0.022523224
805	TRIM28	D202D	Silent	0.1722718352727255
806	TRIM28	G203G	Silent	-0.692934187
807	TRIM28	C221R	Missense	0.441900975
808	TRIM28	C221C	Silent	0.0117371924559188
809	TRIM28	C221C	Silent	0.3055231966271984
810	TRIM28	L234P	Missense	0.4004852833003943
811	TRIM28	N235N	Silent	-0.173759611
812	TRIM28	Q233R	Missense	-0.106836319
813	TRIM28		No Mutation	-0.12172114
814	TRIM28	(NC)	Splice-donor	-0.213996218
815	TRIM28	(NC)	Splice-donor	-0.330876673
816	TRIM28	D239G;H240R	Missense;Missense	0.4847364920295512
817	TRIM28		No Mutation	-0.624982258
818	TRIM28	(NC)	Intron	-0.206787897
819	TRIM28	(NC)	Intron	-0.213473781
820	TRIM28	(NC)	Intron	-0.401435282
821	TRIM28	(NC);(NC)	Intron;Intron	-0.47253758
822	TRIM28	(NC);(NC)	Intron;Intron	0.2164161411864386
823	TRIM28	L245L	Silent	-0.244810858
824	TRIM28	D247D	Silent	0.078422102
825	TRIM28	N251G	Missense	0.4955962646105403
826	TRIM28	K254G	Missense	-0.021995244
827	TRIM28	S258P	Missense	-0.003352239
828	TRIM28		No Mutation	0.7693209181506617
829	TRIM28	S258S	Silent	-0.11226829
830	TRIM28	S258S	Silent	-0.830249224
831	TRIM28	S258S	Silent	-0.294262736
832	TRIM28	L263P	Missense	0.2075843533668611
833	TRIM28	H267H	Silent	-0.366394002
834	TRIM28	T269T	Silent	0.2142974240642958
835	TRIM28	Q271R;K272E	Missense;Missense	0.32821115
836	TRIM28	S280P	Missense	-0.281659265
837	TRIM28		No Mutation	0.3667928569870026
838	TRIM28	S279G	Missense	-0.128318002
839	TRIM28		No Mutation	0.1342905223646562
840	TRIM28	(NC)	Intron	-2.924183476
841	TRIM28	(NC);(NC)	Intron;Intron	0.5405816700476803
842	TRIM28		No Mutation	0.1488754833218195
843	TRIM28		No Mutation	-0.139488986
844	TRIM28	(NC)	Intron	0.001537489
845	TRIM28	I281T	Missense	0.3807482385151977
846	TRIM28		No Mutation	0.1922065799798129
847	TRIM28	V284A	Missense	0.072088461
848	TRIM28	V284A;S285P	Missense;Missense	0.2814302326443556
849	TRIM28	V284A;S285P	Missense;Missense	0.4490911782774581
850	TRIM28	V287A	Missense	0.223686594893927
851	TRIM28		No Mutation	0.3189366043572024
852	TRIM28	V287V;Q288R;K289E	Silent;Missense;Missense	0.2722473354826383
853	TRIM28	Q292R	Missense	0.1130122720935007
854	TRIM28	I299V	Missense	0.4441542884353347
855	TRIM28	M303T	Missense	-0.446537022
856	TRIM28		No Mutation	0.3153055634218451
857	TRIM28	K304G	Missense	-0.045913094
858	TRIM28	K304G	Missense	0.2257797772515009
859	TRIM28	K304G;E305G	Missense;Missense	0.2490103944222318
860	TRIM28	K308G	Missense	-0.369415122
861	TRIM28		No Mutation	0.2325230231728055
862	TRIM28	N315N;D316D	Silent;Silent	0.079789241
863	TRIM28	Q318R	Missense	0.3382917008273735
864	TRIM28	(NC)	Intron	-0.168503447
865	TRIM28		No Mutation	0.7277029752074062
866	TRIM28		No Mutation	-0.128327689
867	TRIM28		No Mutation	-0.454937595
868	TRIM28	(NC);(NC)	Intron;Intron	-0.590107605
869	TRIM28	(NC)	Intron	0.4867941103480945
870	TRIM28	V320A	Missense	0.0541386368206395
871	TRIM28		No Mutation	-0.38431626
872	TRIM28	(NC)	Splice-acceptor	-0.226917879
873	TRIM28	(NC)	Splice-acceptor	0.049216017
874	TRIM28	T321A	Missense	-0.154213749
875	TRIM28		No Mutation	0.2331476462512552
876	TRIM28	Q324R;Q325R	Missense;Missense	-0.160365685
877	TRIM28		No Mutation	0.9141077822610748
878	TRIM28	W333R	Missense	-0.612960978
879	TRIM28		No Mutation	0.4233751805329088
880	TRIM28	K337G;I338V	Missense;Missense	0.1625968123763038
881	TRIM28		No Mutation	-0.091917351
882	TRIM28		No Mutation	0.2426690781923816
883	TRIM28	F348L	Missense	-0.156991123
884	TRIM28		No Mutation	-0.267255081
885	TRIM28		No Mutation	-0.053576335
886	TRIM28		No Mutation	0.0142047474383223
887	TRIM28	S355S	Silent	0.571895477
888	TRIM28		No Mutation	0.3961731092577401
889	TRIM28	L367L	Silent	0.4511459619883806
890	TRIM28	K365G;K366G	Missense;Missense	0.000188204
891	TRIM28	K366G	Missense	0.3736129466754032
892	TRIM28	K366R	Missense	0.097903472
893	TRIM28	(NC)	Intron	-0.794917641
894	TRIM28	(NC)	Intron	0.1102498910623094
895	TRIM28		No Mutation	0.1216507182792127
896	TRIM28		No Mutation	0.1883550960888599
897	TRIM28	I368T	Missense	0.5817766380361842
898	TRIM28	F370P	Missense	0.2493519211327742
899	TRIM28	F370S	Missense	-0.252906661
900	TRIM28	Y369C	Missense	0.3611979350770031
901	TRIM28	Y369C	Missense	0.7988309983886318
902	TRIM28	L372P	Missense	0.1145714326828133
903	TRIM28	L376P	Missense	0.0670836
904	TRIM28		No Mutation	0.0114451677687886
905	TRIM28	I379T	Missense	-0.156012105
906	TRIM28	V380A;D381D	Missense;Silent	0.1178390748554084
907	TRIM28	M378V;I379V	Missense;Missense	0.0518678719960761
908	TRIM28	D381D	Silent	-0.12239949
909	TRIM28	D381G	Missense	-0.565596429
910	TRIM28		No Mutation	-0.241670523
911	TRIM28		No Mutation	-0.001071976
912	TRIM28	F391P	Missense	0.1394973815970368
913	TRIM28	E388G	Missense	0.404425474
914	TRIM28	E388G;M389V	Missense;Missense	-0.17110967
915	TRIM28	Q392R	Missense	0.1064974417482368
916	TRIM28		No Mutation	-0.061188964
917	TRIM28	T399A	Missense	0.2005833840044499
918	TRIM28		No Mutation	-0.997288077
919	TRIM28	K400G;S401G	Missense;Missense	-0.614986652
920	TRIM28	S401G	Missense	0.1562927337752065
921	TRIM28		No Mutation	-0.970683261
922	TRIM28	F405P	Missense	0.185413650771707
923	TRIM28	(NC)	Intron	-0.055125087
924	TRIM28	(NC)	Intron	-0.147269883
925	TRIM28	I408V	Missense	-0.202977028
926	TRIM28		No Mutation	0.4909050681739416
927	TRIM28		No Mutation	0.372426945943127
928	TRIM28	S417S;T418A	Silent;Missense	0.2076166337994351
929	TRIM28	P425P	Silent	-0.912120653
930	TRIM28	P425P	Silent	0.2457415501849409
931	TRIM28		No Mutation	1.0649568586988858
932	TRIM28		No Mutation	0.4635590553289856
933	TRIM28		No Mutation	1.2070451277067975
934	TRIM28		No Mutation	-0.625860511
935	TRIM28		No Mutation	-0.558344067
936	TRIM28		No Mutation	0.4225875473350006
937	TRIM28		No Mutation	-0.554033811
938	TRIM28	L432P	Missense	-0.627822774
939	TRIM28	P429P	Silent	0.548490465
940	TRIM28		No Mutation	-0.286361989
941	TRIM28		No Mutation	3.552276479980228
942	TRIM28		No Mutation	0.066174316
943	TRIM28		No Mutation	-0.913602709
944	TRIM28	S433G	Missense	0.7593907956127414
945	TRIM28	S437P	Missense	-0.842175629
946	TRIM28	S437P	Missense	-0.609579483
947	TRIM28	S437P	Missense	-0.475097379
948	TRIM28		No Mutation	0.1398650928404602
949	TRIM28	S439G	Missense	-0.505375105
950	TRIM28	Q441R	Missense	-0.078907679
951	TRIM28		No Mutation	-0.064308946
952	TRIM28	(NC);(NC)	Intron;Intron	0.265368440137504
953	TRIM28		No Mutation	-0.551095341
954	TRIM28		No Mutation	-0.456591018
955	TRIM28	(NC);(NC)	Intron;Splice-acceptor	-0.012387383
956	TRIM28	M443V	Missense	0.4530780690031205
957	TRIM28	E444G	Missense	-0.107043067
958	TRIM28		No Mutation	-0.352867749
959	TRIM28		No Mutation	0.004818836
960	TRIM28	Q446R;E447G	Missense;Missense	-1.201037712
961	TRIM28	Q446R;E447G	Missense;Missense	-0.614386872
962	TRIM28	Y449C	Missense	0.0320174744389714
963	TRIM28		No Mutation	0.1124469208884477
964	TRIM28		No Mutation	-0.276641581
965	TRIM28	(NC)	Intron	0.2335204734125203
966	TRIM28	(NC)	Intron	-0.018736232
967	TRIM28		No Mutation	-0.037948781
968	TRIM28		No Mutation	-0.009881628
969	TRIM28	(NC);(NC);(NC)	Intron;Intron;Intron	0.2638983870240672
970	TRIM28	D455D;D456D	Silent;Silent	0.034279934
971	TRIM28		No Mutation	0.067131343
972	TRIM28		No Mutation	0.2503016202820764
973	TRIM28	A461A;E462G	Silent;Missense	0.074698993
974	TRIM28	H464R	Missense	-0.266316916
975	TRIM28	V468A	Missense	0.003590908
976	TRIM28	V468A	Missense	0.2702327721986175
977	TRIM28		No Mutation	0.2397361152113046
978	TRIM28		No Mutation	0.2162213286685301
979	TRIM28	(NC);(NC);(NC)	Intron;Intron;Intron	0.1095357411822825
980	TRIM28	(NC);(NC)	Intron;Intron	-0.301538851
981	TRIM28	(NC)	Intron	0.4467656034317765
982	TRIM28	(NC)	Intron	-1.404942005
983	TRIM28	(NC)	Intron	-0.410791928
984	TRIM28	(NC)	Intron	0.2384851305930036
985	TRIM28	(NC);(NC)	Intron;Intron	-0.706066286
986	TRIM28	(NC)	Splice-acceptor	-0.725901996
987	TRIM28	(NC)	Splice-acceptor	0.074063032
988	TRIM28		No Mutation	-0.002050865
989	TRIM28		No Mutation	-0.027339649
990	TRIM28		No Mutation	-0.102586992
991	TRIM28	E475G	Missense	-0.411910282
992	TRIM28	S479G	Missense	0.1489592044153566
993	TRIM28		No Mutation	0.1307996140587599
994	TRIM28	R487R;S489G	Silent;Missense	0.3952156113081948
995	TRIM28		No Mutation	0.8850593788369707
996	TRIM28		No Mutation	-0.596140607
997	TRIM28	L495P	Missense	-0.120792452
998	TRIM28		No Mutation	0.1140404135084971
999	TRIM28	A499A	Silent	-0.142073371
1000	TRIM28		No Mutation	-0.517114354
1001	TRIM28	Q502R	Missense	-0.069381761
1002	TRIM28		No Mutation	-0.128992214
1003	TRIM28		No Mutation	-0.332085198
1004	TRIM28	V508A;F509P	Missense;Missense	-0.301184633
1005	TRIM28	F509P	Missense	0.3639728062822903
1006	TRIM28	F509S	Missense	0.0246926590391886
1007	TRIM28	P510P	Silent	-0.181697062
1008	TRIM28	T514T	Silent	-0.387450611
1009	TRIM28		No Mutation	0.197187218830358
1010	TRIM28	L519P	Missense	-0.248489749
1011	TRIM28	I520V	Missense	0.2915827736062519
1012	TRIM28	R524R	Silent	0.122857919
1013	TRIM28		No Mutation	-1.114836391
1014	TRIM28	A529A	Silent	0.1300528345983546
1015	TRIM28	A529A	Silent	-0.386498602
1016	TRIM28		No Mutation	0.0141895729374156
1017	TRIM28	T536T	Silent	0.0471061772914617
1018	TRIM28	P534P	Silent	0.1308357450019064
1019	TRIM28	P538P	Silent	-0.060348496
1020	TRIM28		No Mutation	0.3353700407563365
1021	TRIM28		No Mutation	-0.014947186
1022	TRIM28	G543G	Silent	0.4221252748443638
1023	TRIM28		No Mutation	-0.428791917
1024	TRIM28		No Mutation	0.6857092965840099
1025	TRIM28	L547P	Missense	-1.019644834
1026	TRIM28	L547P	Missense	-0.096588998
1027	TRIM28	L547P	Missense	-0.349432591
1028	TRIM28	P545P	Silent	1.0837855900081976
1029	TRIM28	M550T	Missense	0.00658815
1030	TRIM28	M550T	Missense	-0.589841021
1031	TRIM28	M550T	Missense	0.9111201138269284
1032	TRIM28	I552T	Missense	-0.363435126
1033	TRIM28	I552T	Missense	0.1489282605260412
1034	TRIM28	M550V	Missense	-0.190785051
1035	TRIM28	I552T	Missense	0.083153652
1036	TRIM28	(NC)	Intron	0.301834323
1037	TRIM28	K554G	Missense	-1.048461323
1038	TRIM28	(NC)	Intron	0.0180955026500921
1039	TRIM28	(NC);(NC)	Intron;Intron	0.2440565245033052
1040	TRIM28	(NC);(NC)	Intron;Intron	0.3860349284843447
1041	TRIM28	(NC)	Intron	-0.424833376
1042	TRIM28	(NC);(NC)	Intron;Intron	-0.178413232
1043	TRIM28		No Mutation	-0.615419339
1044	TRIM28		No Mutation	0.068116179
1045	TRIM28	P566P;T567T	Silent;Silent	-0.016487773
1046	TRIM28		No Mutation	-0.291532195
1047	TRIM28		No Mutation	0.082391931
1048	TRIM28	T569T	Silent	0.2266610956066009
1049	TRIM28	T569T	Silent	-0.539916767
1050	TRIM28		No Mutation	-0.112500088
1051	TRIM28		No Mutation	0.2442792598438818
1052	TRIM28		No Mutation	-0.376705394
1053	TRIM28	T574A;K575E	Missense;Missense	0.008532092
1054	TRIM28	P576P;V577A	Silent;Missense	0.3922949073924703
1055	TRIM28	V577A;L578P	Missense;Missense	-0.480582591
1056	TRIM28	M579T;A580A	Missense;Silent	0.1742204766110867
1057	TRIM28		No Mutation	-0.11071318
1058	TRIM28	M579V	Missense	0.3297939708218567
1059	TRIM28	M579V	Missense	0.1515952421364361
1060	TRIM28	L581P	Missense	0.219667868753859
1061	TRIM28		No Mutation	0.4003849961906724
1062	TRIM28	E583G	Missense	0.4966514456407707
1063	TRIM28	E583G	Missense	0.063681645
1064	TRIM28		No Mutation	-0.388065194
1065	TRIM28		No Mutation	0.087814309
1066	TRIM28		No Mutation	-0.30824834
1067	TRIM28	P595P	Silent	0.282714513636621
1068	TRIM28	P595P;S596S	Silent;Silent	-0.092101916
1069	TRIM28	P595P;S596S	Silent;Silent	0.111981400362916
1070	TRIM28	S596S	Silent	-0.485377223
1071	TRIM28		No Mutation	0.2190896948958601
1072	TRIM28	S596G	Missense	0.4854669575314687
1073	TRIM28		No Mutation	-0.053155035
1074	TRIM28	S601P	Missense	0.2760206045143047
1075	TRIM28	S598G;T599A	Missense;Missense	0.4816422648477642
1076	TRIM28	T599A;S600G	Missense;Missense	0.2901686029400297
1077	TRIM28	S600G	Missense	-0.133542237
1078	TRIM28	S601S	Silent	-1.238588531
1079	TRIM28	V605A	Missense	0.7086302927794108
1080	TRIM28	E604G	Missense	-0.158991998
1081	TRIM28	E604G	Missense	-1.243286692
1082	TRIM28	E609G	Missense	0.933271337770014
1083	TRIM28	T611A	Missense	-0.225084561
1084	TRIM28		No Mutation	-0.484586414
1085	TRIM28	T611A	Missense	-0.097116828
1086	TRIM28	S612S	Silent	0.1449132206805525
1087	TRIM28		No Mutation	0.005604303
1088	TRIM28	G616G	Silent	-0.109491102
1089	TRIM28		No Mutation	-0.918162479
1090	TRIM28		No Mutation	-0.045790297
1091	TRIM28		No Mutation	0.2265157428632271
1092	TRIM28		No Mutation	-0.211949909
1093	TRIM28	D622D	Silent	-0.820077106
1094	TRIM28		No Mutation	-0.409917202
1095	TRIM28		No Mutation	-0.328168653
1096	TRIM28		No Mutation	0.2399475315789232
1097	TRIM28	V630A;C631R	Missense;Missense	0.2182084539082952
1098	TRIM28		No Mutation	-0.225711057
1099	TRIM28		No Mutation	0.099038244
1100	TRIM28		No Mutation	0.3474112634983949
1101	TRIM28	Q632R;K633E	Missense;Missense	-0.304239346
1102	TRIM28	D636D;L637P	Silent;Missense	-0.07554549
1103	TRIM28	M639T;C640R	Missense;Missense	4.636090626135358
1104	TRIM28	C646C;F647P	Silent;Missense	0.3884740268010678
1105	TRIM28		No Mutation	-0.209101569
1106	TRIM28	L653P	Missense	-0.121551191
1107	TRIM28		No Mutation	0.2632638062394422
1108	TRIM28	H652R	Missense	-0.079162461
1109	TRIM28	D658D	Silent	-0.020891121
1110	TRIM28		No Mutation	0.1056589789594207
1111	TRIM28		No Mutation	0.4896736556712847
1112	TRIM28	V659A	Missense	0.210591857443274
1113	TRIM28		No Mutation	0.2585050495795871
1114	TRIM28	(NC)	Splice-donor	0.092055013
1115	TRIM28	V659V	Silent	-0.199186221
1116	TRIM28	P660P	Silent	-0.162527131
1117	TRIM28	(NC)	Intron	0.3388742914957919
1118	TRIM28	(NC)	Intron	0.5631155825338826
1119	TRIM28	(NC)	Intron	-0.214996312
1120	TRIM28	(NC)	Intron	0.0403540550265182
1121	TRIM28	(NC)	Intron	0.01308678
1122	TRIM28	(NC)	Intron	-0.463147206
1123	TRIM28	(NC)	Intron	0.464576116
1124	TRIM28	(NC)	Intron	-0.373015796
1125	TRIM28	C666R	Missense	-0.84878403
1126	TRIM28	C666R	Missense	-0.044352629
1127	TRIM28		No Mutation	2.7801692801788453
1128	TRIM28		No Mutation	-0.600424537
1129	TRIM28	L675P	Missense	-0.107330765
1130	TRIM28		No Mutation	0.3320380254769153
1131	TRIM28	D674G	Missense	0.1179419447227315
1132	TRIM28		No Mutation	0.1758119225860944
1133	TRIM28		No Mutation	1.480757708435133
1134	TRIM28	D679D	Silent	-0.013081594
1135	TRIM28	D679G	Missense	-0.780144089
1136	TRIM28	S681G	Missense	-0.234851974
1137	TRIM28	G686G	Silent	-0.071484045
1138	TRIM28	D685G	Missense	-0.11179676
1139	TRIM28		No Mutation	-0.179395997
1140	TRIM28	A687A	Silent	0.7422339147133108
1141	TRIM28	A687A;D688G;S689G	Silent;Missense;Missense	-0.241947192
1142	TRIM28	S697S	Silent	-0.554392603
1143	TRIM28		No Mutation	0.3999602987836804
1144	TRIM28	S697S	Silent	-0.048546765
1145	TRIM28	P698P	Silent	-0.604867929
1146	TRIM28	P698P;N700D	Silent;Missense	0.3100342126559468
1147	TRIM28	N700G;Q701R	Missense;Missense	0.1455148053613344
1148	TRIM28	(NC)	Splice-donor	-1.20776112
1149	TRIM28	N700S;Q701R	Missense;Missense	0.2657792005697146
1150	TRIM28	Q701R	Missense	-0.205363685
1151	TRIM28	(NC)	Intron	2.0384475277492764
1152	TRIM28	(NC)	Intron	0.498557002
1153	TRIM28	(NC)	Intron	-0.231223657
1154	TRIM28		No Mutation	0.3590423941607454
1155	TRIM28		No Mutation	-0.005253982
1156	TRIM28	(NC)	Intron	0.394339654
1157	TRIM28		No Mutation	0.0362783139575406
1158	TRIM28	K703K	Silent	-0.044102921
1159	TRIM28		No Mutation	-0.473746964
1160	TRIM28	C717R	Missense	-0.137096866
1161	TRIM28		No Mutation	0.2940788124970975
1162	TRIM28	H721H	Silent	0.2539415157696225
1163	TRIM28	H721H	Silent	-0.129205543
1164	TRIM28	L723P	Missense	-0.04928363
1165	TRIM28	A724A	Silent	-0.468324813
1166	TRIM28	A724A	Silent	0.266041441
1167	TRIM28	A724A	Silent	-0.283172142
1168	TRIM28	A724A	Silent	0.2234435815191665
1169	TRIM28	D726G	Missense	0.093477847
1170	TRIM28	L731P	Missense	0.072422514
1171	TRIM28		No Mutation	-0.420641132
1172	TRIM28	(NC);(NC)	Splice-donor;Intron	-0.108132108
1173	TRIM28	(NC);(NC)	Intron;Intron	0.056891564
1174	TRIM28		No Mutation	0.2217733277421404
1175	TRIM28		No Mutation	-0.158924047
1176	TRIM28	(NC)	Intron	0.345445857
1177	TRIM28	(NC)	Intron	0.044983099
1178	TRIM28	(NC)	Intron	-0.013446324
1179	TRIM28	(NC)	Intron	-0.200361853
1180	TRIM28		No Mutation	-0.270589658
1181	TRIM28		No Mutation	0.8412860564324516
1182	TRIM28		No Mutation	-0.071383452
1183	TRIM28	(NC)	Splice-acceptor	0.2846026830429204
1184	TRIM28	G735G	Silent	-0.031079821
1185	TRIM28	Q733R	Missense	0.4946272349267638
1186	TRIM28	L738P	Missense	0.0186181024743808
1187	TRIM28	D739D;L740P	Silent;Missense	0.0285984125743136
1188	TRIM28	D739D;L740P	Silent;Missense	0.4108678740090843
1189	TRIM28	L742P;I743T	Missense;Missense	0.4706362977069964
1190	TRIM28	I743T	Missense	-0.273225796
1191	TRIM28	I743V	Missense	-0.504940065
1192	TRIM28	L747P	Missense	-0.086814607
1193	TRIM28	L747P	Missense	0.2901670607683098
1194	TRIM28		No Mutation	-0.078403236
1195	TRIM28	L751P	Missense	-0.180266652
1196	TRIM28	L751P;S752P	Missense;Missense	0.033768645
1197	TRIM28	S752P	Missense	-0.779281507
1198	TRIM28	P753P	Silent	0.3611023282751771
1199	TRIM28		No Mutation	-0.037060208
1200	TRIM28		No Mutation	0.2764472867204759
1201	TRIM28		No Mutation	0.3443746781049662
1202	TRIM28		No Mutation	-0.150030498
1203	TRIM28	P758P	Silent	-0.131133104
1204	TRIM28		No Mutation	-0.87216277
1205	TRIM28	E760G	Missense	-0.083145446
1206	TRIM28		No Mutation	0.1055838488975122
1207	TRIM28	E760G	Missense	-0.104929755
1208	TRIM28		No Mutation	-0.068497024
1209	TRIM28	M768T	Missense	-0.235792148
1210	TRIM28	M768T;F769L	Missense;Missense	0.1485981806899229
1211	TRIM28	F772P	Missense	0.2653397707580791
1212	TRIM28	Q771Q;N773D	Silent;Missense	-0.17073043
1213	TRIM28	L775L;T776A	Silent;Missense	-0.254974298
1214	TRIM28	E777G	Missense	-0.214900326
1215	TRIM28	(NC)	Intron	-0.450061524
1216	TRIM28	(NC)	Intron	-0.217027338
1217	TRIM28	(NC);(NC)	Intron;Intron	0.410476508
1218	TRIM28		No Mutation	-0.29517234
1219	TRIM28		No Mutation	-0.094242485
1220	TRIM28	V782A	Missense	-0.289737361
1221	TRIM28	V782A	Missense	0.0148605458234449
1222	TRIM28	D781G	Missense	0.3631540686022689
1223	TRIM28		No Mutation	0.4714318848461646
1224	TRIM28	M796V	Missense	0.075202281
1225	TRIM28	F805P	Missense	-0.103389125
1226	TRIM28	K804G	Missense	0.5537498655831864
1227	TRIM28		No Mutation	0.2550410818952914
1228	TRIM28	V808A;L809P	Missense;Missense	-0.135383396
1229	TRIM28		No Mutation	-0.260710903
1230	TRIM28	L817P	Missense	-0.076808428
1231	TRIM28	L817P;P818P	Missense;Silent	-0.782240652
1232	TRIM28	P818P	Silent	0.1097260215432468
1233	TRIM28	M815V;S816G	Missense;Missense	-0.323398031
1234	TRIM28	P818P	Silent	0.086390397
1235	TRIM28	G819G	Silent	0.2564341771005984
1236	TRIM28	L822P	Missense	-0.073717589
1237	TRIM28		No Mutation	-0.775028289
1238	TRIM28	S823S;S824P	Silent;Missense	-0.746902421
1239	TRIM28	S823G	Missense	0.3486391996647129
1240	TRIM28	L827P;S828P	Missense;Missense	-0.037367322
1241	TRIM28	Q825R	Missense	0.035008634
1242	TRIM28	E826G	Missense	0.5790253643481618
1243	TRIM28	G829G	Silent	-0.325832856
1244	TRIM28	G829G	Silent	0.058408077
1245	TRIM28		No Mutation	-0.080483829
1246	TRIM28		No Mutation	-0.905560296
1247	TRIM28	D833G	Missense	-0.614488081
1248	TRIM28	*836R	Missense	0.2701625090110445
1249	TRIM28	*836R	Missense	0.1577056564613964
1250	TRIM28	*836W	Missense	0.029867189
1251	TRIM28		No Mutation	-0.181602768
1252	TRIM28		No Mutation	-0.903399569
1253	TRIM28	(NC)	UTR	-0.922983742
1254	MPHOSPH8		No Mutation	0.1758604895779246
1255	MPHOSPH8	(NC)	UTR	0.5224627141325268
1256	MPHOSPH8		No Mutation	-0.577196202
1257	MPHOSPH8	(NC)	UTR	0.050356833
1258	MPHOSPH8	(NC);M1V	UTR;Missense	-1.524441061
1259	MPHOSPH8	M1V	Missense	-2.137391464
1260	MPHOSPH8	M1V;E2G	Missense;Missense	-1.074670356
1261	MPHOSPH8	Q3R	Missense	0.347919271
1262	MPHOSPH8		No Mutation	0.1809567275064524
1263	MPHOSPH8	A17A	Silent	0.036985983
1264	MPHOSPH8		No Mutation	-0.003541683
1265	MPHOSPH8		No Mutation	-0.450665545
1266	MPHOSPH8	S16S	Silent	-0.125121558
1267	MPHOSPH8	D19G;S20G	Missense;Missense	0.2140406628769793
1268	MPHOSPH8	L24P	Missense	0.8816212851241564
1269	MPHOSPH8		No Mutation	1.1113031883546651
1270	MPHOSPH8	E26G	Missense	0.1951689625117413
1271	MPHOSPH8	V31A	Missense	0.1888181374117883
1272	MPHOSPH8	E28E;E29G	Silent;Missense	0.4245435089245497
1273	MPHOSPH8	E29G	Missense	0.1524390088336593
1274	MPHOSPH8	N38G;D39G	Missense;Missense	0.1939096644797477
1275	MPHOSPH8	A40A	Silent	-0.088050742
1276	MPHOSPH8	A40A	Silent	-0.009286719
1277	MPHOSPH8	R43G	Missense	-0.038234273
1278	MPHOSPH8		No Mutation	3.2192925257597365
1279	MPHOSPH8		No Mutation	-1.143179676
1280	MPHOSPH8		No Mutation	-0.670464995
1281	MPHOSPH8	D50G	Missense	0.019248189
1282	MPHOSPH8		No Mutation	-0.310407222
1283	MPHOSPH8	S51G	Missense	0.6288909885477019
1284	MPHOSPH8	G55G	Silent	-0.05301577
1285	MPHOSPH8	G55G;E56G	Silent;Missense	0.2335170971174642
1286	MPHOSPH8	E60G	Missense	0.055312977
1287	MPHOSPH8		No Mutation	-0.039127485
1288	MPHOSPH8	D66G	Missense	-0.083339338
1289	MPHOSPH8	D66G	Missense	0.4732272733536633
1290	MPHOSPH8	D66G;M67V	Missense;Missense	-0.510361621
1291	MPHOSPH8		No Mutation	-0.609311486
1292	MPHOSPH8	K68G;T69A	Missense;Missense	-0.175778927
1293	MPHOSPH8	T69A;E70G	Missense;Missense	0.9013251689149264
1294	MPHOSPH8	E70G	Missense	-0.030895848
1295	MPHOSPH8	E70G	Missense	0.5162907274956059
1296	MPHOSPH8		No Mutation	-0.913042127
1297	MPHOSPH8	(NC)	Intron	-0.422572739
1298	MPHOSPH8	(NC)	Intron	0.1486945358127521
1299	MPHOSPH8	(NC)	Intron	0.2678219343460114
1300	MPHOSPH8	(NC)	Intron	-0.687745556
1301	MPHOSPH8	(NC);(NC)	Intron;Intron	0.3535555542250801
1302	MPHOSPH8		No Mutation	0.4959169220009294
1303	MPHOSPH8		No Mutation	0.1715096195152041
1304	MPHOSPH8	Y76C;K77G	Missense;Missense	-0.140583863
1305	MPHOSPH8	K81E	Missense	0.3654874316610936
1306	MPHOSPH8	T84T	Silent	0.1834941360352923
1307	MPHOSPH8	T84T	Silent	0.8496998006429651
1308	MPHOSPH8	E91G	Missense	-0.292853781
1309	MPHOSPH8	I94T	Missense	-0.087410268
1310	MPHOSPH8		No Mutation	-0.421684691
1311	MPHOSPH8		No Mutation	-0.484541546
1312	MPHOSPH8		No Mutation	-0.527579354
1313	MPHOSPH8		No Mutation	-0.823361334
1314	MPHOSPH8	E101G	Missense	0.1769420242679811
1315	MPHOSPH8	N113S;K114G	Missense;Missense	0.2151751278849166
1316	MPHOSPH8	K114K;K116E	Silent;Missense	0.5636146822619172
1317	MPHOSPH8	D121D	Silent	0.065390617
1318	MPHOSPH8	A117A;R119G	Silent;Missense	0.1757667096693762
1319	MPHOSPH8	L127L;N128G;N129D	Silent;Missense;Missense	0.2856014059639153
1320	MPHOSPH8	I131T;F132P	Missense;Missense	-0.296927833
1321	MPHOSPH8	K152R;K153G	Missense;Missense	0.1325341690360819
1322	MPHOSPH8	K169G;K170E	Missense;Missense	0.5662298778579012
1323	MPHOSPH8	K170G;K171G	Missense;Missense	0.3650418068115302
1324	MPHOSPH8	K170R;K171G	Missense;Missense	0.3202429680972224
1325	MPHOSPH8	K181G	Missense	0.4052542842001853
1326	MPHOSPH8		No Mutation	0.1253236127463147
1327	MPHOSPH8	P184P;D185G	Silent;Missense	0.1197074763390873
1328	MPHOSPH8	S189P;L190P	Missense;Missense	0.006078158
1329	MPHOSPH8		No Mutation	0.1536402885413862
1330	MPHOSPH8	V194A;F195P	Missense;Missense	-0.37379543
1331	MPHOSPH8	E205E;K207E	Silent;Missense	0.3748655179149914
1332	MPHOSPH8		No Mutation	0.2762878861286051
1333	MPHOSPH8	E226E;L227L;K228E	Silent;Silent;Missense	0.008147779
1334	MPHOSPH8	L227L;K228G	Silent;Missense	0.329662272903203
1335	MPHOSPH8	E255E;K256G	Silent;Missense	0.1375645317538815
1336	MPHOSPH8	K256K	Silent	0.2061802151458249
1337	MPHOSPH8	S266P	Missense	-0.710889674
1338	MPHOSPH8	S266P	Missense	0.080569914
1339	MPHOSPH8	D271G	Missense	0.1838731552717252
1340	MPHOSPH8	P275P;E276G	Silent;Missense	0.4452816114380765
1341	MPHOSPH8		No Mutation	0.2865457969273508
1342	MPHOSPH8	P275P;E276G	Silent;Missense	0.2524642051854379
1343	MPHOSPH8	S279S	Silent	0.0547094430679008
1344	MPHOSPH8		No Mutation	0.1977154061550236
1345	MPHOSPH8		No Mutation	-0.114998165
1346	MPHOSPH8	S295G	Missense	0.2553687149985178
1347	MPHOSPH8	A296A	Silent	0.2180615845533747
1348	MPHOSPH8	A296A;R297G	Silent;Missense	0.3760136791485867
1349	MPHOSPH8	R299G	Missense	0.0398293672009364
1350	MPHOSPH8	R299G	Missense	0.4591072597850004
1351	MPHOSPH8	R299R;A300A	Silent;Silent	-0.510974986
1352	MPHOSPH8	A300A	Silent	-0.00632687
1353	MPHOSPH8	D303G;M304V	Missense;Missense	0.830574707
1354	MPHOSPH8	M318T	Missense	-0.066603591
1355	MPHOSPH8	M318T;S319S	Missense;Silent	-0.093579152
1356	MPHOSPH8	S316G	Missense	-0.333998894
1357	MPHOSPH8	S319S	Silent	-0.580627136
1358	MPHOSPH8	M318V	Missense	0.4502222395069005
1359	MPHOSPH8	D323D	Silent	-0.1254429
1360	MPHOSPH8	E322G;D323G	Missense;Missense	0.6152192336831783
1361	MPHOSPH8	D323G;T324A	Missense;Missense	-0.157038996
1362	MPHOSPH8	D325G	Missense	0.3801334971385675
1363	MPHOSPH8		No Mutation	-0.229563374
1364	MPHOSPH8	K331K;K332G;K333E	Silent;Missense;Missense	0.633912266
1365	MPHOSPH8	T334A	Missense	-0.003508236
1366	MPHOSPH8		No Mutation	0.3573189849439491
1367	MPHOSPH8		No Mutation	-0.333091077
1368	MPHOSPH8		No Mutation	-0.542364524
1369	MPHOSPH8	E339G;D340G	Missense;Missense	0.1073164632446606
1370	MPHOSPH8		No Mutation	0.0559529617200514
1371	MPHOSPH8	V381V	Silent	0.3869934501727514
1372	MPHOSPH8		No Mutation	-0.222330575
1373	MPHOSPH8		No Mutation	0.2302175966237765
1374	MPHOSPH8	Q384R	Missense	-0.737966898
1375	MPHOSPH8	Q384R;T385A	Missense;Missense	-0.566085127
1376	MPHOSPH8		No Mutation	0.1345622917326638
1377	MPHOSPH8		No Mutation	-0.337471596
1378	MPHOSPH8	K387G	Missense	-0.432428047
1379	MPHOSPH8	K387R	Missense	0.2784197118842917
1380	MPHOSPH8		No Mutation	0.1110444046097867
1381	MPHOSPH8	L391P	Missense	-0.751415746
1382	MPHOSPH8	S392G	Missense	0.2743816597461738
1383	MPHOSPH8	E394G	Missense	-0.657217095
1384	MPHOSPH8	R396G	Missense	-0.047195429
1385	MPHOSPH8	T401A	Missense	0.2047594206768409
1386	MPHOSPH8	S403P	Missense	-0.057689504
1387	MPHOSPH8	T401A	Missense	0.075938421
1388	MPHOSPH8	D402G;S403S	Missense;Silent	-0.775718269
1389	MPHOSPH8		No Mutation	-1.495052841
1390	MPHOSPH8	S403S	Silent	-0.172181956
1391	MPHOSPH8	E405G	Missense	0.241187677
1392	MPHOSPH8	E405G;E406G	Missense;Missense	0.7771254404170351
1393	MPHOSPH8	E406G	Missense	0.0500481424645116
1394	MPHOSPH8		No Mutation	-0.691151616
1395	MPHOSPH8		No Mutation	0.5070203420087653
1396	MPHOSPH8	K416R;E417G	Missense;Missense	0.285982293
1397	MPHOSPH8	K421K;R422G	Silent;Missense	0.340855137188351
1398	MPHOSPH8	D426G	Missense	1.9993357097869624
1399	MPHOSPH8	R432G	Missense	0.3645004859542318
1400	MPHOSPH8	(NC)	Splice-donor	-0.268007119
1401	MPHOSPH8	(NC);(NC);(NC);(NC)	Intron;Intron;Intron;Intron	0.5052301686307414
1402	MPHOSPH8	D460G	Missense	0.3439432417306088
1403	MPHOSPH8	E463G	Missense	-0.137099885
1404	MPHOSPH8	E463G;N464D	Missense;Missense	0.4866560785964222
1405	MPHOSPH8	K467K;R468G	Silent;Missense	0.2330198337327889
1406	MPHOSPH8	I478M;D479G	Missense;Missense	0.4030224197715982
1407	MPHOSPH8	K487R;Q488R	Missense;Missense	0.565045118
1408	MPHOSPH8	A504A;Y505C	Silent;Missense	0.5112412746717961
1409	MPHOSPH8		No Mutation	0.3169614564637025
1410	MPHOSPH8	A508A	Silent	-0.317806718
1411	MPHOSPH8	Q520R	Missense	-0.08783485
1412	MPHOSPH8	N524N;S525P	Silent;Missense	0.3396276625066712
1413	MPHOSPH8	E523G;N524G	Missense;Missense	0.0358975285037259
1414	MPHOSPH8	(NC)	Intron	0.1469693673099129
1415	MPHOSPH8		No Mutation	-0.311588304
1416	MPHOSPH8	I531T	Missense	-0.224649056
1417	MPHOSPH8	Q529R	Missense	0.2883776588643585
1418	MPHOSPH8	Q529R;Q530R	Missense;Missense	0.1567124836366137
1419	MPHOSPH8	I531V	Missense	0.2425550670737568
1420	MPHOSPH8	M536V	Missense	0.3659262590945633
1421	MPHOSPH8	D537G	Missense	-0.488533209
1422	MPHOSPH8		No Mutation	-0.064489825
1423	MPHOSPH8	M543T	Missense	0.067317072
1424	MPHOSPH8	Q549R	Missense	0.215837817412572
1425	MPHOSPH8	Q549R	Missense	0.007165936
1426	MPHOSPH8	D553D	Silent	-0.412472238
1427	MPHOSPH8	D556D	Silent	0.089476205
1428	MPHOSPH8	P566P;S567G	Silent;Missense	-0.06864434
1429	MPHOSPH8	(NC);(NC);(NC);(NC)	Intron;Intron;Intron;Intron	0.4099284853952295
1430	MPHOSPH8	R571G;D572G	Missense;Missense	0.3984687364113458
1431	MPHOSPH8	D572G	Missense	0.3659981177683491
1432	MPHOSPH8	D572G	Missense	0.5654367876758978
1433	MPHOSPH8	S588S;N589G	Silent;Missense	0.420026155
1434	MPHOSPH8	E591E;Y592C;N593D	Silent;Missense;Missense	0.1057801320569002
1435	MPHOSPH8	(NC);(NC)	Intron;Intron	0.2097859910624036
1436	MPHOSPH8	(NC);(NC);(NC)	Intron;Intron;Intron	0.1909894558979697
1437	MPHOSPH8	(NC);(NC)	Intron;Intron	0.502146762
1438	MPHOSPH8	(NC);(NC)	Intron;Intron	0.2152450070772946
1439	MPHOSPH8	S600S	Silent	-0.297603333
1440	MPHOSPH8	S600G	Missense	-0.300106008
1441	MPHOSPH8	L604P;V605A	Missense;Missense	-0.403102121
1442	MPHOSPH8	M606V	Missense	-0.883078509
1443	MPHOSPH8	M606V	Missense	-0.605586543
1444	MPHOSPH8		No Mutation	0.2211849587501763
1445	MPHOSPH8		No Mutation	0.012674858
1446	MPHOSPH8		No Mutation	-0.197717243
1447	MPHOSPH8		No Mutation	-0.017992161
1448	MPHOSPH8	L616P	Missense	0.1795461945069427
1449	MPHOSPH8	I621T	Missense	0.2391998073718988
1450	MPHOSPH8	R618R	Silent	0.8335144876490492
1451	MPHOSPH8	K623G	Missense	0.1867179076204159
1452	MPHOSPH8		No Mutation	0.091256994
1453	MPHOSPH8	N628G	Missense	-0.448338343
1454	MPHOSPH8	N628S	Missense	-0.121910743
1455	MPHOSPH8	H640H;A641A	Silent;Silent	-0.154039579
1456	MPHOSPH8	A641A	Silent	-0.431134884
1457	MPHOSPH8	I639V	Missense	0.05221507
1458	MPHOSPH8		No Mutation	0.3632136832174151
1459	MPHOSPH8		No Mutation	-0.576745035
1460	MPHOSPH8		No Mutation	0.046868573
1461	MPHOSPH8	(NC)	Intron	0.1551931561567934
1462	MPHOSPH8	T648T;T649A	Silent;Missense	0.061160950799303
1463	MPHOSPH8	N661G	Missense	0.4869511787821008
1464	MPHOSPH8	G667G	Silent	-0.423764453
1465	MPHOSPH8	E668G;T669A	Missense;Missense	0.929393466138644
1466	MPHOSPH8	K673R;(NC)	Missense;Intron	-1.906771974
1467	MPHOSPH8	(NC)	Intron	0.3146037104376561
1468	MPHOSPH8	(NC);(NC)	Intron;Splice-acceptor	0.0396028109056361
1469	MPHOSPH8	R684R	Silent	-0.101495371
1470	MPHOSPH8	F706L	Missense	-0.550742489
1471	MPHOSPH8		No Mutation	-0.043696095
1472	MPHOSPH8	S710P	Missense	0.2638059232595519
1473	MPHOSPH8	V729V;A730A	Silent;Silent	0.191090655
1474	MPHOSPH8		No Mutation	0.2325689550875095
1475	MPHOSPH8	C753R	Missense	-0.19908907
1476	MPHOSPH8	L756P	Missense	0.2949690198174531
1477	MPHOSPH8	A752A	Silent	-0.189552133
1478	MPHOSPH8	H754R	Missense	-0.450999666
1479	MPHOSPH8	D765D;F766P	Silent;Missense	-0.546790798
1480	MPHOSPH8	P771P;Q772R	Silent;Missense	0.2835105598921905
1481	MPHOSPH8		No Mutation	-0.270371808
1482	MPHOSPH8		No Mutation	0.089754537
1483	MPHOSPH8		No Mutation	0.08260944
1484	MPHOSPH8		No Mutation	0.126486327
1485	MPHOSPH8	(NC)	Intron	0.1128741747044245
1486	MPHOSPH8	S778S	Silent	0.0254970372447396
1487	MPHOSPH8	I780T	Missense	0.1545245920414543
1488	MPHOSPH8	H786H	Silent	0.0140629953731373
1489	MPHOSPH8	G791G	Silent	0.3259886949178451
1490	MPHOSPH8	K792G	Missense	-0.090999102
1491	MPHOSPH8	I795V	Missense	-0.362752783
1492	MPHOSPH8	A806A;V807A	Silent;Missense	0.2061744717302234
1493	MPHOSPH8	(NC)	Intron	0.2816744126694295
1494	MPHOSPH8	H822H;F823P	Silent;Missense	0.4579442951888124
1495	MPHOSPH8	S826S	Silent	0.030700505862972
1496	MPHOSPH8	N834N	Silent	-0.337292767
1497	MPHOSPH8	N834N	Silent	0.5956696142075573
1498	MPHOSPH8	N834G	Missense	-1.280527946
1499	MPHOSPH8	I838T	Missense	0.2484210189419392
1500	MPHOSPH8	I838T	Missense	0.3840248840699517
1501	MPHOSPH8	T841T;E842G	Silent;Missense	-0.415151439
1502	MPHOSPH8	(NC)	Intron	-0.233218355
1503	MPHOSPH8	(NC)	Intron	0.1030143343055328
1504	MPHOSPH8	(NC);(NC);(NC);(NC)	Intron;Intron;Intron;Intron	0.095696852
1505	MPHOSPH8	(NC);(NC)	Intron;Intron	0.1879115535642116
1506	MPHOSPH8	(NC)	Splice-acceptor	-0.811796882
1507	MPHOSPH8	Q860R	Missense	0.054202704
1508	MPHOSPH8	Q860R	Missense	-0.027154152
1509	MPHOSPH8	*861W;(NC)	Missense;UTR	0.3057646703350476
1510	MPHOSPH8	*861W;(NC);(NC)	Missense;UTR;UTR	0.6259169051678176
1511	MPHOSPH8	(NC);(NC);(NC);(NC)	UTR;UTR;UTR;UTR	0.038467437
1512	MPHOSPH8	(NC)	UTR	0.2667698460822093
1513	TASOR	*1610Q	Missense	-0.358938054
1514	TASOR		No Mutation	0.0547535352931478
1515	TASOR	K1598G	Missense	0.4196265841573626
1516	TASOR	W1596R	Missense	-0.305054432
1517	TASOR	P1591P	Silent	0.4794305779624559
1518	TASOR	P1591P	Silent	-0.052612304
1519	TASOR	P1591P	Silent	0.2503227948760259
1520	TASOR		No Mutation	0.26430692
1521	TASOR	S1570P	Missense	-1.300134903
1522	TASOR	S1570P	Missense	0.6135019246191449
1523	TASOR	S1567P	Missense	0.3324037007077026
1524	TASOR	H1549H;F1550P	Silent;Missense	0.1899417470090901
1525	TASOR	H1549H;F1550P	Silent;Missense	0.1194840273952623
1526	TASOR	S1530S	Silent	-0.213424709
1527	TASOR	D1514G;I1515V	Missense;Missense	-0.270932755
1528	TASOR		No Mutation	0.3965872673091237
1529	TASOR		No Mutation	1.329199244141859
1530	TASOR	E1471G;T1472A	Missense;Missense	0.2843441811833274
1531	TASOR	E1469G	Missense	0.328192312
1532	TASOR	M1446V	Missense	1.4730721011113588
1533	TASOR	D1445G;M1446V	Missense;Missense	-0.137222207
1534	TASOR	D1445G;M1446V	Missense;Missense	-0.400193082
1535	TASOR	E1443G	Missense	0.7741317655782163
1536	TASOR	D1439G	Missense	0.1384442057943654
1537	TASOR	N1428G	Missense	0.081894237
1538	TASOR	N1426N	Silent	0.3277429434633513
1539	TASOR	G1424G;A1425A	Silent;Silent	-0.052395071
1540	TASOR	E1418G;N1419G	Missense;Missense	-0.100295286
1541	TASOR	N1404G	Missense	0.4075822816164969
1542	TASOR	Q1403Q;N1404G	Silent;Missense	0.3012086993205565
1543	TASOR	T1389A	Missense	5.345904610803976e-05
1544	TASOR	N1391N	Silent	0.1720528400473362
1545	TASOR	S1387G	Missense	-0.202378512
1546	TASOR	A1366A	Silent	0.0345855488097978
1547	TASOR		No Mutation	0.087887807
1548	TASOR	L1361P;I1362T	Missense;Missense	-1.123167384
1549	TASOR	R1353R;N1354D	Silent;Missense	0.2247471267940257
1550	TASOR		No Mutation	-0.842832891
1551	TASOR	Y1334C	Missense	0.2430260988871154
1552	TASOR	K1313R;L1314L	Missense;Silent	-0.480966519
1553	TASOR	K1312G;K1313G	Missense;Missense	0.4230298797701363
1554	TASOR	K1309K	Silent	0.4515945109484618
1555	TASOR		No Mutation	0.1643030918677696
1556	TASOR	P1298P;E1299G	Silent;Missense	0.2317822613231291
1557	TASOR	T1297A	Missense	0.3010502798664085
1558	TASOR	E1294G	Missense	0.302449147044655
1559	TASOR	S1296S;T1297T	Silent;Silent	0.024571393123403
1560	TASOR	V1282A	Missense	0.074519798
1561	TASOR	V1282A	Missense	0.2913573802846653
1562	TASOR	P1277P;E1278G	Silent;Missense	-0.439700859
1563	TASOR	E1272E;S1273S;I1274V	Silent;Silent;Missense	0.5552999145222438
1564	TASOR	E1260G	Missense	0.1753408786624892
1565	TASOR	N1259G;E1260G	Missense;Missense	0.269282995267159
1566	TASOR	A1245A;G1246G	Silent;Silent	0.4429692281418851
1567	TASOR	A1245A	Silent	0.4787541206129352
1568	TASOR	F1244F;A1245A	Silent;Silent	0.280537221
1569	TASOR	L1236P	Missense	0.2951705302362764
1570	TASOR	(NC);(NC);(NC)	Intron;Intron;Intron	0.3626002285188925
1571	TASOR	(NC)	Intron	0.0252886532730337
1572	TASOR	A1224A	Silent	-0.404546557
1573	TASOR	Q1219R;N1220G	Missense;Missense	0.0249687706473262
1574	TASOR		No Mutation	0.2623457023379244
1575	TASOR	E1189G;Y1190C	Missense;Missense	0.1940756584251561
1576	TASOR	K1188G	Missense	0.2033540273105946
1577	TASOR		No Mutation	0.4243164877719744
1578	TASOR	S1158S;L1159P	Silent;Missense	0.2402367135904972
1579	TASOR	E1154G	Missense	0.3525947842959638
1580	TASOR	V1155A;F1156L	Missense;Missense	0.3919415799779171
1581	TASOR	F1147P;I1148T	Missense;Missense	0.3645719283023707
1582	TASOR	I1138T;S1139P	Missense;Missense	-0.321260861
1583	TASOR	I1138T;S1139P	Missense;Missense	0.0493979506004771
1584	TASOR	I1138T;S1139P	Missense;Missense	-0.07638449
1585	TASOR	I1138T	Missense	-0.606356544
1586	TASOR		No Mutation	-1.153435962
1587	TASOR		No Mutation	0.7069575909375917
1588	TASOR		No Mutation	-0.163841818
1589	TASOR	V1117V	Silent	-1.103513951
1590	TASOR	V1117V	Silent	-0.046157856
1591	TASOR	I1116V	Missense	-0.014202265
1592	TASOR	D1114G	Missense	0.3736824085749415
1593	TASOR	V1111A;T1112T	Missense;Silent	0.0238207031702676
1594	TASOR	L1109P	Missense	-0.772427955
1595	TASOR	Q1104Q;H1105R	Silent;Missense	0.3562315871448774
1596	TASOR		No Mutation	-0.243498573
1597	TASOR	T1096T	Silent	0.2811428494501513
1598	TASOR	E1088G	Missense	0.087275913
1599	TASOR	H1090H	Silent	0.5661843272105063
1600	TASOR	S1086P	Missense	-0.263399297
1601	TASOR	P1080P;L1081P	Silent;Missense	0.3846265234371822
1602	TASOR	C1077C;S1078S	Silent;Silent	0.2274946210093563
1603	TASOR	N1069N	Silent	-0.606982214
1604	TASOR	F1067P	Missense	0.116951531129762
1605	TASOR	V1059A;I1060T	Missense;Missense	-0.021100218
1606	TASOR	A1051A	Silent	0.1572152222403179
1607	TASOR	I1050V	Missense	-0.043995189
1608	TASOR	A1048A	Silent	0.5980739218949045
1609	TASOR	D1045D;S1046P	Silent;Missense	0.0257583256529384
1610	TASOR	S1042G	Missense	0.6423056375976699
1611	TASOR		No Mutation	-0.030315608
1612	TASOR	L1038S	Missense	-0.077040835
1613	TASOR	K1030R;A1031A	Missense;Silent	-0.320641018
1614	TASOR	K1030G	Missense	0.1209498337075161
1615	TASOR	I1029V;K1030G	Missense;Missense	0.203871366
1616	TASOR	I1029V;K1030E	Missense;Missense	0.1471935147285334
1617	TASOR	Q1014R	Missense	0.2811326642697095
1618	TASOR		No Mutation	-0.127909708
1619	TASOR	K1010E	Missense	-0.4594404
1620	TASOR	K1007G	Missense	0.1751175908656166
1621	TASOR	S1006S	Silent	0.0410288365238374
1622	TASOR	T993T;Q994R	Silent;Missense	0.4252168354083547
1623	TASOR		No Mutation	0.336646830989856
1624	TASOR		No Mutation	1.6716382944801484
1625	TASOR	V960A;L961P	Missense;Missense	-1.994413593
1626	TASOR	T956A;E957G	Missense;Missense	-0.242994736
1627	TASOR	S953G	Missense	0.1342359731321383
1628	TASOR		No Mutation	-0.09329646
1629	TASOR		No Mutation	0.061850544
1630	TASOR		No Mutation	-0.894680058
1631	TASOR		No Mutation	0.4081377225233507
1632	TASOR	T934A	Missense	0.1291035354191039
1633	TASOR		No Mutation	0.607895945
1634	TASOR	D931G	Missense	1.3940020951211478
1635	TASOR	V932A;L933P	Missense;Missense	0.093132875
1636	TASOR	E929G;D930G	Missense;Missense	0.4398460218158903
1637	TASOR	T923T;L924L;K925E	Silent;Silent;Missense	-0.229658735
1638	TASOR	L924P	Missense	0.4329208545014381
1639	TASOR	(NC)	Intron	0.2522244163627927
1640	TASOR	(NC);(NC)	Intron;Intron	0.4325607013523576
1641	TASOR		No Mutation	0.27166226
1642	TASOR		No Mutation	-0.041837074
1643	TASOR	(NC);(NC)	Intron;Intron	0.2438530534045729
1644	TASOR	(NC);(NC)	Intron;Intron	-0.288525737
1645	TASOR	K916G	Missense	0.1606297431376383
1646	TASOR	E909G;E910G	Missense;Missense	0.5818046514281725
1647	TASOR	F898S;R899R	Missense;Silent	0.5303430942440568
1648	TASOR	F898P	Missense	0.3534445148200663
1649	TASOR	H896H	Silent	-0.024180568
1650	TASOR		No Mutation	0.1972304067630019
1651	TASOR	S891G	Missense	0.045204764
1652	TASOR	V880A	Missense	0.3454983280037209
1653	TASOR	E873E;(NC);(NC)	Silent;Intron;Intron	0.4959262624801969
1654	TASOR		No Mutation	-0.001040203
1655	TASOR	T865T	Silent	-0.124006392
1656	TASOR	I858V	Missense	0.3567545308446124
1657	TASOR	I858V	Missense	-0.321211771
1658	TASOR	E834G;N835G	Missense;Missense	0.0164783120978839
1659	TASOR	E834G;N835D	Missense;Missense	-0.146446703
1660	TASOR	Y825H	Missense	-0.367369049
1661	TASOR	Y825H	Missense	0.3506059022057297
1662	TASOR	Y825H	Missense	0.1865672691655225
1663	TASOR	D803G	Missense	-0.30790304
1664	TASOR	T801T;D802D	Silent;Silent	0.3086887040054929
1665	TASOR	T792A	Missense	0.3768238181723252
1666	TASOR	S788S;L789P	Silent;Missense	0.0397888625962931
1667	TASOR	N773N;W774R;L775L	Silent;Missense;Silent	0.411280361
1668	TASOR	H769R	Missense	-0.130608798
1669	TASOR	I768T;H769H	Missense;Silent	0.004420909
1670	TASOR	I765V	Missense	-0.203715499
1671	TASOR	I765T;A766A	Missense;Silent	-0.353294442
1672	TASOR	Q758R;D759G	Missense;Missense	0.1570590760270295
1673	TASOR	R754G	Missense	0.1580205114398997
1674	TASOR	H749R;D750G	Missense;Missense	0.05487231
1675	TASOR	G748G;H749R	Silent;Missense	-0.249882421
1676	TASOR		No Mutation	-0.203843446
1677	TASOR	S746P;L747P	Missense;Missense	0.009387028
1678	TASOR	Q742R	Missense	0.3758471379076858
1679	TASOR	E739G	Missense	0.0544690846428209
1680	TASOR	S740S	Silent	0.3655625003236092
1681	TASOR	(NC);(NC);(NC)	Intron;Intron;Intron	0.1589030294412758
1682	TASOR	N733G	Missense	0.0416753657302532
1683	TASOR	L730S;S731P	Missense;Missense	-0.012335502
1684	TASOR	K711E	Missense	-0.296070052
1685	TASOR	K707G	Missense	-0.093815787
1686	TASOR	K692G;K693E	Missense;Missense	-0.043356765
1687	TASOR	K692G	Missense	-0.069143747
1688	TASOR	R691G;K692G	Missense;Missense	0.2263434907037907
1689	TASOR	R691G	Missense	-0.779989252
1690	TASOR	R691G	Missense	0.080047159
1691	TASOR	N686G	Missense	0.1596707105958302
1692	TASOR		No Mutation	0.0590244413257372
1693	TASOR	Q668Q;R669G	Silent;Missense	0.2540357059960358
1694	TASOR		No Mutation	0.4150858526690365
1695	TASOR	E661G	Missense	-0.070405123
1696	TASOR	K654G	Missense	0.7635868927521936
1697	TASOR	T648A	Missense	0.2172379131081132
1698	TASOR	Q641R;E642G	Missense;Missense	0.1195386489572889
1699	TASOR		No Mutation	0.1844044404762291
1700	TASOR	P634P	Silent	-0.038548824
1701	TASOR	L614P	Missense	-0.20846758
1702	TASOR	P609P	Silent	0.3784962765636425
1703	TASOR	C601C;L602P	Silent;Missense	-0.140197784
1704	TASOR	C601C;L602P	Silent;Missense	-0.288290246
1705	TASOR	H597H;I598T	Silent;Missense	-0.204358975
1706	TASOR	H597H;I598T	Silent;Missense	-0.454134341
1707	TASOR	L582P	Missense	0.1757353988528825
1708	TASOR	S552S;V553A	Silent;Missense	0.4657014382518376
1709	TASOR	I536V	Missense	-0.043365112
1710	TASOR		No Mutation	0.074231377
1711	TASOR		No Mutation	-0.102203376
1712	TASOR	N511S;A512A	Missense;Silent	-0.413478134
1713	TASOR	S509S;T510A;N511D	Silent;Missense;Missense	0.3736891837856304
1714	TASOR	T504T;S505P	Silent;Missense	-0.889418925
1715	TASOR	F494F;L495P;F496L	Silent;Missense;Missense	-0.147934293
1716	TASOR	L490P;H491H	Missense;Silent	0.7878844810990201
1717	TASOR	(NC);(NC);(NC)	Intron;Intron;Intron	0.061828292
1718	TASOR	(NC);(NC)	Intron;Intron	0.4659438974096216
1719	TASOR		No Mutation	-0.480483485
1720	TASOR		No Mutation	0.6440038895544078
1721	TASOR	Q475R;M476V	Missense;Missense	-0.018706404
1722	TASOR	P478P	Silent	0.3741615677160619
1723	TASOR	V477V;P478P	Silent;Silent	-0.470205057
1724	TASOR	V477A;P478P	Missense;Silent	-0.517932423
1725	TASOR		No Mutation	0.210885213
1726	TASOR	P473P;Y474H	Silent;Missense	0.3922058436108652
1727	TASOR	F469F;L470P	Silent;Missense	-0.85233237
1728	TASOR	Y467H	Missense	0.077846297
1729	TASOR	K460G	Missense	-0.233394522
1730	TASOR		No Mutation	-1.131122467
1731	TASOR		No Mutation	0.0237268491684521
1732	TASOR		No Mutation	0.001146518
1733	TASOR	T438T;R439G;I440V	Silent;Missense;Missense	-0.056326672
1734	TASOR	E436G	Missense	0.3056364940499935
1735	TASOR	S430G	Missense	-0.172487239
1736	TASOR	(NC);(NC)	Intron;Intron	-0.281545756
1737	TASOR	L417L	Silent	0.2010824469421709
1738	TASOR	Y416C	Missense	0.4378081094043017
1739	TASOR		No Mutation	0.009630932
1740	TASOR	Y412H	Missense	0.2098273238870556
1741	TASOR	F411F;Y412H	Silent;Missense	0.2402753044353373
1742	TASOR	V393A	Missense	0.191442422
1743	TASOR	(NC);(NC)	Intron;Intron	-0.841637086
1744	TASOR	L383S;P384P	Missense;Silent	0.1900318260270618
1745	TASOR	L363P	Missense	0.305737353
1746	TASOR	N355G;Y356C	Missense;Missense	0.2519301561102013
1747	TASOR	K353R;Y354C	Missense;Missense	0.3901602403754806
1748	TASOR	N346G;T347A	Missense;Missense	0.1824519521653427
1749	TASOR	(NC);(NC)	Intron;Intron	0.1354221878272903
1750	TASOR	S339S	Silent	-0.570910097
1751	TASOR	S339P;S340P	Missense;Missense	0.2055241719982011
1752	TASOR	K335R	Missense	0.1737947996023174
1753	TASOR	S324P;F325P	Missense;Missense	-0.178459908
1754	TASOR	Y320H	Missense	0.1664489838540253
1755	TASOR	Y305C	Missense	-1.003554317
1756	TASOR	T298A	Missense	-0.311034891
1757	TASOR	(NC)	Splice-donor	-1.971917345
1758	TASOR	Y295C;E296G	Missense;Missense	-1.124670153
1759	TASOR	R293R	Silent	-0.658457209
1760	TASOR	L289P	Missense	-0.242909522
1761	TASOR	R285R;I286V	Silent;Missense	0.1593051184962521
1762	TASOR	V279A	Missense	1.1690348537827424
1763	TASOR	C277R	Missense	-1.167921786
1764	TASOR	C277R	Missense	-2.364419831
1765	TASOR	H275H;C277R	Silent;Missense	-0.486433376
1766	TASOR	L264L;N265D	Silent;Missense	0.2577685670782439
1767	TASOR	M255V	Missense	0.024756649
1768	TASOR	S250G;I251V	Missense;Missense	0.1741688283752421
1769	TASOR	S250G;I251V	Missense;Missense	0.2764722433603503
1770	TASOR	M235T	Missense	0.3709076998612596
1771	TASOR	D231G	Missense	0.1277148903967335
1772	TASOR		No Mutation	0.2022704495915392
1773	TASOR	N228G	Missense	0.008316455
1774	TASOR	N228G	Missense	0.1791485151922995
1775	TASOR	N228G	Missense	0.04214458
1776	TASOR	Q226Q;N228D	Silent;Missense	-0.041854352
1777	TASOR	L224L;L225L	Silent;Silent	0.1075699155278554
1778	TASOR	(NC)	Splice-acceptor	-3.996829871
1779	TASOR	V216A;Y217H	Missense;Missense	-0.030570727
1780	TASOR	(NC);(NC);(NC);(NC)	Intron;Intron;Intron;Intron	0.3237909191136956
1781	TASOR	(NC);(NC);(NC);(NC)	Intron;Intron;Intron;Intron	0.058116607
1782	TASOR	(NC);(NC);(NC);(NC)	Intron;Intron;Intron;Intron	0.3080238198703751
1783	TASOR		No Mutation	-0.175923173
1784	TASOR		No Mutation	0.7090800146373064
1785	TASOR	L209P	Missense	-0.951407818
1786	TASOR	K205G	Missense	0.1417576667053703
1787	TASOR	E196G;K197G	Missense;Missense	0.071078751
1788	TASOR	E196G;K197E	Missense;Missense	0.1067512428090701
1789	TASOR	Q192R;T193A	Missense;Missense	0.142673263433977
1790	TASOR	(NC);(NC);(NC)	Intron;Intron;Intron	-0.119334052
1791	TASOR	M185V	Missense	-0.034055049
1792	TASOR	M185T;V186A	Missense;Missense	0.3070702366708949
1793	TASOR	E179E	Silent	-0.042039219
1794	TASOR	D170G	Missense	0.2840899271471701
1795	TASOR	R165G;E166G	Missense;Missense	0.3256380446209449
1796	TASOR	V151V	Silent	-0.734690548
1797	TASOR	Y145C;R146G	Missense;Missense	0.1832329432913549
1798	TASOR	F143S	Missense	0.3486000529599047
1799	TASOR	N142N;F143P	Silent;Missense	0.278561478216297
1800	TASOR	V140A	Missense	-0.07811961
1801	TASOR	L135L	Silent	0.2857346038060792
1802	TASOR	F123P	Missense	-0.227330382
1803	TASOR	S120P	Missense	-1.153059009
1804	TASOR	S106G;R107G	Missense;Missense	0.071775751
1805	TASOR	K105G;S106G	Missense;Missense	-0.586195068
1806	TASOR	F100P	Missense	0.112643783030125
1807	TASOR		No Mutation	0.0249384298288838
1808	TASOR		No Mutation	-0.515526307
1809	TASOR	E93G	Missense	-0.29516708
1810	TASOR	E91G	Missense	-0.411260314
1811	TASOR	P95P	Silent	-0.693672102
1812	TASOR		No Mutation	-0.199886137
1813	TASOR		No Mutation	-0.220575725
1814	TASOR		No Mutation	0.00223793
1815	TASOR		No Mutation	-1.117118796
1816	TASOR		No Mutation	0.1676704888709468
1817	TASOR		No Mutation	-0.611755615
1818	TASOR		No Mutation	-0.313308821
1819	TASOR		No Mutation	0.038021688464629
1820	TASOR		No Mutation	0.2588050027593886
1821	TASOR		No Mutation	-0.260387598
1822	TASOR		No Mutation	3.0437803753422585
1823	TASOR		No Mutation	0.5693386355581662
1824	TASOR	Q75R;D76G	Missense;Missense	0.1413997934918087
1825	TASOR	Q75R	Missense	-0.013382473
1826	TASOR		No Mutation	-0.459040436
1827	TASOR	S77P	Missense	-1.058680974
1828	TASOR	P74P	Silent	-0.769326177
1829	TASOR	S70G	Missense	0.1124088116330805
1830	TASOR		No Mutation	-0.653720697
1831	TASOR		No Mutation	-0.28153921
1832	TASOR		No Mutation	-0.105050291
1833	TASOR	L69P	Missense	-0.41722734
1834	TASOR	E59G;N60D	Missense;Missense	-0.619739148
1835	TASOR		No Mutation	0.015698243
1836	TASOR		No Mutation	-0.101209242
1837	TASOR		No Mutation	0.1225900781659522
1838	TASOR		No Mutation	-0.07284196
1839	TASOR	R57R	Silent	-0.031479209
1840	TASOR		No Mutation	-0.028108183
1841	TASOR		No Mutation	0.5503787875842072
1842	TASOR	E50G	Missense	-0.269060332
1843	TASOR	E50G	Missense	0.019532183339819
1844	TASOR	I48V	Missense	-0.000832757
1845	TASOR		No Mutation	-0.060492032
1846	TASOR	N47G;I48V	Missense;Missense	0.074545309
1847	TASOR	Q39R;N40G	Missense;Missense	-0.171062901
1848	TASOR	Q38R;Q39R	Missense;Missense	-0.036124733
1849	TASOR	Q38R	Missense	0.7184215252313788
1850	TASOR		No Mutation	-0.001275245
1851	TASOR	E35G	Missense	0.3583978575865272
1852	TASOR	S37P	Missense	-0.575439473
1853	TASOR	M27V;K28E	Missense;Missense	-0.645134402
1854	TASOR	E18G	Missense	0.001883296
1855	TASOR	S16G	Missense	-0.37923346
1856	TASOR	S16G	Missense	-0.003425984
1857	TASOR	D14G	Missense	0.1119453434763095
1858	TASOR	W17R	Missense	0.3369009252051291
1859	TASOR	T13A	Missense	0.09891152
1860	TASOR	Q11R	Missense	-0.040488343
1861	TASOR	D14D	Silent	0.5780542547749352
1862	TASOR	E8G	Missense	0.029307756
1863	TASOR	T3A	Missense	0.1408664585622705
1864	TASOR	T3T;A4A	Silent;Silent	-0.38527587
1865	TASOR	M1V	Missense	-0.514518076
1866	TASOR	M1T	Missense	-0.149292852
1867	TASOR		No Mutation	-0.05666444
1868	TASOR		No Mutation	0.078772648
1869	TASOR		No Mutation	-0.471453619
1870	PPHLN1	P18P	Silent	-0.801316103
1871	PPHLN1		No Mutation	0.009707888
1872	PPHLN1	S24S;(NC)	Silent;Splice-donor	-0.563530664
1873	PPHLN1	(NC);(NC)	Intron;Intron	0.1917095682295713
1874	PPHLN1	(NC)	Intron	0.1789198630901243
1875	PPHLN1	L40P;L41P	Missense;Missense	0.007418907
1876	PPHLN1	P39P	Silent	-0.14962467
1877	PPHLN1		No Mutation	0.3513816963548899
1878	PPHLN1	L41L;D42G	Silent;Missense	-0.153837476
1879	PPHLN1	P44P	Silent	0.3615708173152036
1880	PPHLN1	Y49H	Missense	-0.176179813
1881	PPHLN1	Y58C	Missense	-0.036585225
1882	PPHLN1	Y58C	Missense	0.0351477938640351
1883	PPHLN1		No Mutation	-0.719606179
1884	PPHLN1	H69H;D70D	Silent;Silent	0.1774939215314733
1885	PPHLN1	S73G	Missense	-0.484468587
1886	PPHLN1	(NC);(NC)	Splice-donor;Intron	0.7262255009319583
1887	PPHLN1	(NC);(NC)	Intron;Intron	0.049287826
1888	PPHLN1	(NC)	Intron	0.5416872602465996
1889	PPHLN1	D80G;E81G	Missense;Missense	0.1580264175059876
1890	PPHLN1	R95G	Missense	0.4089998157237969
1891	PPHLN1	Q96Q	Silent	-0.373174172
1892	PPHLN1	(NC);(NC);(NC)	Intron;Intron;Splice-acceptor	-0.098122549
1893	PPHLN1	H115R	Missense	-0.041798851
1894	PPHLN1		No Mutation	0.1102627468218178
1895	PPHLN1	S121P	Missense	-0.349927959
1896	PPHLN1	E119G	Missense	0.1700847361532089
1897	PPHLN1		No Mutation	-0.247130285
1898	PPHLN1	E132E;S133S	Silent;Silent	0.1872696256130939
1899	PPHLN1	D139D;S140P	Silent;Missense	-0.004169166
1900	PPHLN1		No Mutation	0.1054152928599457
1901	PPHLN1		No Mutation	-0.049199218
1902	PPHLN1	G146G;S147P	Silent;Missense	-0.138392754
1903	PPHLN1		No Mutation	0.2187602993736636
1904	PPHLN1	R152R;S153G	Silent;Missense	-0.437353577
1905	PPHLN1	S161P;Y162H	Missense;Missense	-0.22002096
1906	PPHLN1	H169H	Silent	0.2029418028716246
1907	PPHLN1	(NC);(NC)	Intron;Intron	0.109679808
1908	PPHLN1	(NC)	Intron	0.3013360949046415
1909	PPHLN1	(NC)	Intron	0.066057508
1910	PPHLN1	S172P	Missense	0.4605996632108118
1911	PPHLN1	S172P	Missense	0.3426465431914722
1912	PPHLN1	V173A	Missense	0.1972300058021073
1913	PPHLN1	(NC);(NC);K171R	Intron;Splice-acceptor;Missense	0.104313842
1914	PPHLN1	R174R;P175P	Silent;Silent	-0.02887568
1915	PPHLN1	S178P	Missense	0.275013595195567
1916	PPHLN1		No Mutation	0.0124817648095536
1917	PPHLN1		No Mutation	0.1334554610501004
1918	PPHLN1	Y179C;K180G	Missense;Missense	0.2237152007728137
1919	PPHLN1	N183N	Silent	0.2520525077169807
1920	PPHLN1	N183N	Silent	0.2271173036960947
1921	PPHLN1	E184G	Missense	-0.074181773
1922	PPHLN1	(NC);(NC);(NC);(NC)	Intron;Intron;Intron;Intron	-0.312907533
1923	PPHLN1	(NC)	Intron	0.062478393
1924	PPHLN1	D203G;T204A	Missense;Missense	-0.138095931
1925	PPHLN1	V212A	Missense	0.5129315690751668
1926	PPHLN1	V212A	Missense	0.1763149825840695
1927	PPHLN1	S210S;A211A	Silent;Silent	0.1645362444118383
1928	PPHLN1	L218L	Silent	-0.016013286
1929	PPHLN1	S222G;R223G	Missense;Missense	0.7284779400736893
1930	PPHLN1	E226G;K227E	Missense;Missense	-0.339814969
1931	PPHLN1	E231G	Missense	0.047861957
1932	PPHLN1	E231G	Missense	0.4021685326125305
1933	PPHLN1	E251G;I252V	Missense;Missense	-0.258163409
1934	PPHLN1	Y255H	Missense	-0.021553214
1935	PPHLN1		No Mutation	0.2015400871183076
1936	PPHLN1	S259P	Missense	0.018896159
1937	PPHLN1	F264S;T265T	Missense;Silent	-0.076083124
1938	PPHLN1	T265A	Missense	-0.078851155
1939	PPHLN1		No Mutation	0.3821854147050422
1940	PPHLN1	P271P;S273P	Silent;Missense	0.479392894
1941	PPHLN1	S273P	Missense	-0.006355838
1942	PPHLN1	E272G	Missense	0.295713989
1943	PPHLN1	E272G;S273S	Missense;Silent	0.3988646113937688
1944	PPHLN1		No Mutation	0.21629762841715
1945	PPHLN1	I294T	Missense	-0.237929514
1946	PPHLN1	K297K;T298A;K299E	Silent;Missense;Missense	0.1072353578842058
1947	PPHLN1	(NC);(NC);(NC)	Intron;Intron;Intron	0.4324768214340103
1948	PPHLN1		No Mutation	-0.408433921
1949	PPHLN1	Q307R;D308G	Missense;Missense	0.4067707208094802
1950	PPHLN1	Q307R;D308G	Missense;Missense	0.5709116666463442
1951	PPHLN1	T311T;F312L	Silent;Missense	0.1082174667322535
1952	PPHLN1		No Mutation	-0.349221104
1953	PPHLN1	E310G;T311A	Missense;Missense	-0.852631281
1954	PPHLN1	I330V	Missense	0.1838015329521548
1955	PPHLN1	Q336R;N337G	Missense;Missense	-0.25491923
1956	PPHLN1	L338L;H339R	Silent;Missense	0.019323932
1957	PPHLN1	(NC)	Intron	0.2076373489577519
1958	PPHLN1		No Mutation	0.2377678242331161
1959	PPHLN1	S343P	Missense	-0.020721259
1960	PPHLN1	E342G	Missense	0.024911037
1961	PPHLN1		No Mutation	0.3435748363540157
1962	PPHLN1	A344A;G345G	Silent;Silent	-0.250784327
1963	PPHLN1	Q349R;Q350R	Missense;Missense	-0.528355693
1964	PPHLN1	R355G	Missense	0.1751029156892208
1965	PPHLN1	T357T	Silent	0.1217220429952295
1966	PPHLN1	T357T	Silent	-0.217992884
1967	PPHLN1	T357T	Silent	-0.568429987
1968	PPHLN1	M359T	Missense	-0.064417669
1969	PPHLN1	T357A;E358G	Missense;Missense	0.2354025048111305
1970	PPHLN1	G363G;T364A	Silent;Missense	-0.073857738
1971	PPHLN1	Q374R	Missense	0.3099719891820136
1972	PPHLN1	(NC);(NC)	Intron;Intron	-0.503543503
1973	PPHLN1	(NC)	Intron	0.7048423836001281
1974	PPHLN1	(NC);(NC)	Intron;Intron	-0.11151213
1975	PPHLN1		No Mutation	0.093542144
1976	PPHLN1		No Mutation	-0.100920572
1977	PPHLN1		No Mutation	-0.23240932
1978	PPHLN1		No Mutation	-0.166672296
1979	PPHLN1		No Mutation	-0.149322712
1980	PPHLN1		No Mutation	0.3548246679532207
1981	PPHLN1		No Mutation	-0.172073609
1982	PPHLN1		No Mutation	0.1442102206105697
1983	PPHLN1		No Mutation	-0.27806184
1984	PPHLN1	L386P	Missense	-0.44948274
1985	PPHLN1	Q384R	Missense	-0.042784123
1986	PPHLN1		No Mutation	0.087737459
1987	PPHLN1		No Mutation	-0.701879283
1988	PPHLN1		No Mutation	-0.224871085
1989	PPHLN1	Q387R	Missense	0.1663529265386375
1990	PPHLN1	Q387R	Missense	-0.163841629
1991	PPHLN1		No Mutation	0.3289639235162732
1992	PPHLN1		No Mutation	-0.158268625
1993	PPHLN1		No Mutation	0.4529887164801087
1994	PPHLN1	K390G	Missense	0.3321108059989504
1995	PPHLN1	V393A	Missense	0.6622968169681203
1996	PPHLN1	V393A;R394R	Missense;Silent	-0.14324927
1997	PPHLN1	V393V;R394R	Silent;Silent	0.250135009060857
1998	PPHLN1	T396A	Missense	0.1969267325956542
1999	PPHLN1	Q398R	Missense	0.077003079
2000	PPHLN1	G404G	Silent	0.3398970526954367
2001	PPHLN1	G404G	Silent	0.3206257874120385
2002	PPHLN1		No Mutation	-0.068776064
2003	PPHLN1	P406P	Silent	0.6632038166086591
2004	PPHLN1		No Mutation	0.3319528937343369
2005	PPHLN1		No Mutation	-0.019917699
2006	PPHLN1	M412T	Missense	0.1704985684002112
2007	PPHLN1		No Mutation	-0.255732615
2008	PPHLN1	K414E	Missense	0.1880027892858373
2009	PPHLN1	K414G;K415E	Missense;Missense	-0.025499795
2010	PPHLN1	T416T;T417A	Silent;Missense	-0.245030743
2011	PPHLN1		No Mutation	0.038162762
2012	PPHLN1	F431P	Missense	-0.431208001
2013	PPHLN1	S442S;V443A	Silent;Missense	-0.087269459
2014	PPHLN1	V444V;H445R	Silent;Missense	0.2073682709476391
2015	PPHLN1	N447G	Missense	-0.043596786
2016	PPHLN1		No Mutation	0.4681552476660682
2017	MORC2		No Mutation	-0.827043495
2018	MORC2	K1030G	Missense	-0.024299857
2019	MORC2	*1033R	Missense	-0.169825522
2020	MORC2	T1029A	Missense	0.092150132
2021	MORC2	D1026G	Missense	-1.33378005
2022	MORC2	E1025G;D1026G	Missense;Missense	-0.412385236
2023	MORC2	E1025G;D1026G	Missense;Missense	0.2438548401293215
2024	MORC2	E1025G	Missense	-1.400795788
2025	MORC2	L1027P;I1028T	Missense;Missense	-3.137998969
2026	MORC2		No Mutation	-0.056231944
2027	MORC2	N1015G;T1016A	Missense;Missense	0.5710198977283547
2028	MORC2		No Mutation	-0.083908989
2029	MORC2	I1012T	Missense	-0.602213873
2030	MORC2		No Mutation	0.2030074479801467
2031	MORC2	(NC)	Intron	-0.251484261
2032	MORC2	(NC);(NC)	Intron;Intron	-0.248158049
2033	MORC2	(NC)	Intron	0.3543012431798251
2034	MORC2		No Mutation	0.2046871253908108
2035	MORC2		No Mutation	-0.08108672
2036	MORC2	A1003A	Silent	0.1045990252193682
2037	MORC2		No Mutation	0.3881407734109245
2038	MORC2	L1004P;L1005P	Missense;Missense	-2.755727394
2039	MORC2	R998G	Missense	0.1156933881912318
2040	MORC2	E992G;K993G	Missense;Missense	-1.826276001
2041	MORC2	R985G;K986E	Missense;Missense	-0.666317951
2042	MORC2	L987P	Missense	-0.690828076
2043	MORC2		No Mutation	-0.236612373
2044	MORC2		No Mutation	-0.138018281
2045	MORC2		No Mutation	-1.276477485
2046	MORC2	L980P	Missense	-1.229203257
2047	MORC2		No Mutation	0.7597122186032257
2048	MORC2		No Mutation	0.2280570857141289
2049	MORC2		No Mutation	-0.605140915
2050	MORC2		No Mutation	-0.031041605
2051	MORC2		No Mutation	0.039726604
2052	MORC2		No Mutation	-0.542302475
2053	MORC2	S971P	Missense	-0.835244912
2054	MORC2	S967G	Missense	0.1262961411441689
2055	MORC2	Q966R;S967G	Missense;Missense	-0.328134061
2056	MORC2	A969A	Silent	-2.166051395
2057	MORC2		No Mutation	-0.288301787
2058	MORC2	N963N;S964P;Y965H	Silent;Missense;Missense	-3.27831971
2059	MORC2	K952G	Missense	-0.504332836
2060	MORC2	K952G	Missense	-0.390488374
2061	MORC2	F951P	Missense	-0.879702529
2062	MORC2	F951P	Missense	-2.742195315
2063	MORC2		No Mutation	0.3854508841021963
2064	MORC2		No Mutation	0.079622975
2065	MORC2		No Mutation	0.049527108
2066	MORC2	(NC)	Intron	0.2146747019818511
2067	MORC2	S935S;A936A	Silent;Silent	-0.070145338
2068	MORC2	L934P	Missense	-0.414304992
2069	MORC2	L934P	Missense	-0.751370857
2070	MORC2		No Mutation	0.006861047
2071	MORC2	S930P	Missense	-0.801949204
2072	MORC2	I929T;S930P	Missense;Missense	-0.436415885
2073	MORC2		No Mutation	-0.397426681
2074	MORC2	C918C;L919P	Silent;Missense	-0.871668048
2075	MORC2		No Mutation	0.81312933
2076	MORC2	N917N;C918R	Silent;Missense	0.4410660722918136
2077	MORC2	N917N;C918R	Silent;Missense	-0.319250635
2078	MORC2		No Mutation	-0.095932771
2079	MORC2	(NC);(NC);(NC);(NC)	Intron;Intron;Intron;Intron	0.2597977266403501
2080	MORC2	(NC);(NC);(NC);(NC)	Intron;Intron;Intron;Intron	0.3848075335766356
2081	MORC2	(NC);(NC)	Intron;Intron	-0.126375275
2082	MORC2	L915P	Missense	-0.249294605
2083	MORC2		No Mutation	0.1984731442707734
2084	MORC2	V912A	Missense	0.5675049968016141
2085	MORC2	I908T	Missense	-1.323633812
2086	MORC2		No Mutation	-0.237692315
2087	MORC2		No Mutation	0.009184731
2088	MORC2	N904N	Silent	-0.595751594
2089	MORC2	L901P	Missense	0.362771499
2090	MORC2		No Mutation	0.1927623700028059
2091	MORC2	P896P	Silent	-0.391877011
2092	MORC2	I894T	Missense	-0.227179281
2093	MORC2	L892P	Missense	0.1861564015675029
2094	MORC2	L892P	Missense	0.094535002
2095	MORC2	C891R;L892P	Missense;Missense	-0.431889755
2096	MORC2		No Mutation	-0.998885618
2097	MORC2	A882A;V883A	Silent;Missense	0.4410092996836425
2098	MORC2	A882A;V883A	Silent;Missense	-0.452926854
2099	MORC2	I881T	Missense	-0.44415087
2100	MORC2		No Mutation	0.1086372607546155
2101	MORC2		No Mutation	-0.223921482
2102	MORC2	E871G	Missense	-0.881664028
2103	MORC2		No Mutation	0.040447695
2104	MORC2		No Mutation	0.2519369576790077
2105	MORC2	E867G	Missense	0.000666086
2106	MORC2	Q865Q;Q866R	Silent;Missense	-1.242777219
2107	MORC2	T864T;Q865R	Silent;Missense	0.097464669
2108	MORC2	T864A	Missense	0.3998653127643894
2109	MORC2		No Mutation	0.4071449515994569
2110	MORC2	D863G;T864A	Missense;Missense	-0.220251709
2111	MORC2	D863G;T864A	Missense;Missense	-0.133903874
2112	MORC2	D863G	Missense	0.2441460323175503
2113	MORC2		No Mutation	0.3293449215949497
2114	MORC2	S861G	Missense	0.3652179695505555
2115	MORC2	L862P	Missense	0.1757084972718121
2116	MORC2		No Mutation	0.099321344
2117	MORC2	H859H	Silent	1.4125886355410795
2118	MORC2	H859H	Silent	0.1093355309877349
2119	MORC2	H859H	Silent	0.1684648038895237
2120	MORC2	M852V;K853E	Missense;Missense	-1.548567775
2121	MORC2	K844R	Missense	-0.00276138
2122	MORC2		No Mutation	-1.384915169
2123	MORC2		No Mutation	-0.126630136
2124	MORC2	(NC)	Intron	-0.406919047
2125	MORC2		No Mutation	0.07154689
2126	MORC2		No Mutation	-0.109950335
2127	MORC2	(NC)	Intron	0.1805205766701205
2128	MORC2	(NC);(NC)	Intron;Intron	-1.798347869
2129	MORC2	(NC)	Intron	0.2949739461532962
2130	MORC2	(NC)	Intron	-3.963856372
2131	MORC2		No Mutation	-0.076979061
2132	MORC2	(NC);(NC)	Splice-donor;Intron	-1.839092394
2133	MORC2	T836A	Missense	0.2120887728636655
2134	MORC2		No Mutation	-0.352634717
2135	MORC2	H820R	Missense	-0.243802345
2136	MORC2	K819G	Missense	3.1016613036889087
2137	MORC2		No Mutation	-0.213689259
2138	MORC2	H820H	Silent	-0.535338647
2139	MORC2	E816G	Missense	-1.220953629
2140	MORC2		No Mutation	0.1373616907394081
2141	MORC2	T813A	Missense	-0.287902169
2142	MORC2	T813A	Missense	-0.727513628
2143	MORC2		No Mutation	-0.814328236
2144	MORC2		No Mutation	-0.73083236
2145	MORC2	N804G;R805G	Missense;Missense	-0.484651554
2146	MORC2	N804G;R805G	Missense;Missense	-0.061184007
2147	MORC2		No Mutation	-0.255311442
2148	MORC2	E800G	Missense	0.036349169
2149	MORC2	E800G	Missense	-0.311593682
2150	MORC2	K795G	Missense	-0.038038999
2151	MORC2	(NC);D794G;K795E	Splice-acceptor;Missense;Missense	-1.323990422
2152	MORC2	(NC);(NC)	Intron;Intron	0.3318519087184121
2153	MORC2	(NC)	Intron	0.082161317
2154	MORC2	(NC)	Intron	0.6394265322124011
2155	MORC2	(NC)	Intron	-0.671019511
2156	MORC2	Q792R;K793E	Missense;Missense	-0.227705028
2157	MORC2	Q792R	Missense	-0.23664363
2158	MORC2	Q792R	Missense	-0.091630063
2159	MORC2	R790R	Silent	-0.251346321
2160	MORC2		No Mutation	-0.751797136
2161	MORC2	K789G	Missense	-0.037338338
2162	MORC2		No Mutation	-0.106653118
2163	MORC2	S777S;D778G;S779G	Silent;Missense;Missense	0.1314043095146786
2164	MORC2		No Mutation	-2.305707376
2165	MORC2	(NC)	Splice-acceptor	1.5019894498347108
2166	MORC2	S779S	Silent	0.3101993026998706
2167	MORC2	(NC)	Splice-acceptor	-0.444272394
2168	MORC2	(NC);(NC)	Intron;Intron	-0.413343069
2169	MORC2	(NC)	Intron	-0.801289486
2170	MORC2	N774G;E775G	Missense;Missense	-0.051841835
2171	MORC2	D772G	Missense	-0.152286578
2172	MORC2	E769E;K770G;K771E	Silent;Missense;Missense	-0.311962421
2173	MORC2	K767E	Missense	0.1571499314870168
2174	MORC2	R763G	Missense	-0.371235501
2175	MORC2	R763G	Missense	-0.450773945
2176	MORC2	K756G;E757G	Missense;Missense	-0.102343127
2177	MORC2	K756G	Missense	0.2881271415220433
2178	MORC2	K756G	Missense	-0.067491959
2179	MORC2	E753G	Missense	0.2606075146573305
2180	MORC2	E751G	Missense	0.3390705536699454
2181	MORC2	E749G;E750G	Missense;Missense	0.0130310872388673
2182	MORC2	E749G	Missense	0.8923444820145507
2183	MORC2	E745G	Missense	0.2622674941879456
2184	MORC2	D744G	Missense	0.4059451189965539
2185	MORC2		No Mutation	1.040560900922323
2186	MORC2	S739S;V740A	Silent;Missense	-0.620998805
2187	MORC2	S739S	Silent	-0.06279048
2188	MORC2	S739S	Silent	-0.096880345
2189	MORC2	T733A	Missense	0.228553859462523
2190	MORC2	(NC)	Splice-acceptor	-1.3105471
2191	MORC2	A732A	Silent	0.2607016365269343
2192	MORC2	(NC);(NC)	Intron;Intron	0.009406984
2193	MORC2	(NC)	Intron	0.8594261538225321
2194	MORC2	(NC)	Splice-donor	-0.813041386
2195	MORC2	S725S;I727V	Silent;Missense	-0.05964463
2196	MORC2		No Mutation	-0.119544295
2197	MORC2	T717T	Silent	-0.242323362
2198	MORC2	T717T	Silent	-0.050139088
2199	MORC2	K713K;I715V	Silent;Missense	0.060713723
2200	MORC2	I715T	Missense	0.228405665
2201	MORC2	S711P	Missense	-0.181439896
2202	MORC2	P710P;S711P	Silent;Missense	-0.896458217
2203	MORC2	V709A	Missense	0.5939619652673742
2204	MORC2	P706P	Silent	-0.362295658
2205	MORC2	P706P	Silent	-0.203266188
2206	MORC2	K704E	Missense	-0.22495462
2207	MORC2	N702G	Missense	0.2905417042855154
2208	MORC2	N702G	Missense	-0.232656537
2209	MORC2	S703P	Missense	0.2274891528645355
2210	MORC2	L695P;S696P	Missense;Missense	-0.277149075
2211	MORC2	L695P;S696P	Missense;Missense	0.5130904971650138
2212	MORC2	L695P	Missense	0.900786636
2213	MORC2		No Mutation	0.1747676878522009
2214	MORC2	V692A	Missense	0.0527338838819064
2215	MORC2	L691P;V692A	Missense;Missense	0.07313686
2216	MORC2	A685A	Silent	0.3224613035220349
2217	MORC2	T684T	Silent	0.6870909131908889
2218	MORC2	V682A	Missense	0.0438335986627565
2219	MORC2	T680T	Silent	-0.114263598
2220	MORC2	T680T	Silent	0.2900167360838839
2221	MORC2		No Mutation	-0.276738385
2222	MORC2		No Mutation	-0.335437596
2223	MORC2		No Mutation	-0.525515104
2224	MORC2		No Mutation	0.3079185510829445
2225	MORC2		No Mutation	0.07342723
2226	MORC2	L667P;L668P	Missense;Missense	0.6839460915842643
2227	MORC2	S665P	Missense	0.4818199617084808
2228	MORC2	E660G;E661G	Missense;Missense	-0.092221883
2229	MORC2		No Mutation	0.0203768333327092
2230	MORC2		No Mutation	0.3977893614435953
2231	MORC2		No Mutation	-0.36400984
2232	MORC2		No Mutation	-0.759482236
2233	MORC2		No Mutation	0.063144419
2234	MORC2		No Mutation	0.1603340265449813
2235	MORC2		No Mutation	-0.089574388
2236	MORC2	L656P	Missense	0.3895853795492966
2237	MORC2	A655A;L656P	Silent;Missense	0.3740360143389877
2238	MORC2	A655A;L656P	Silent;Missense	0.254425802588043
2239	MORC2	P651P;K652E	Silent;Missense	0.1187933598956426
2240	MORC2		No Mutation	0.5313630663584735
2241	MORC2	I647T	Missense	0.1337434459833112
2242	MORC2	V646A;I647T	Missense;Missense	-0.167314632
2243	MORC2	V646A;I647T	Missense;Missense	0.3816351812964179
2244	MORC2	A644A;P645P	Silent;Silent	0.716368263
2245	MORC2	A644A	Silent	0.9071081601615598
2246	MORC2		No Mutation	0.2734486716799615
2247	MORC2	P637P;S639G	Silent;Missense	-0.433719935
2248	MORC2		No Mutation	-0.070628062
2249	MORC2		No Mutation	-0.400383601
2250	MORC2	P635P	Silent	-0.018673801
2251	MORC2	T634T;P635P	Silent;Silent	0.1709244111811088
2252	MORC2	T634T;P635P	Silent;Silent	0.092928478
2253	MORC2	T634T	Silent	-0.034892266
2254	MORC2	S631S;L632P	Silent;Missense	0.4196615373978957
2255	MORC2	S631P;L632P	Missense;Missense	0.4269892930372551
2256	MORC2	P630P;S631P;L632L	Silent;Missense;Silent	-0.687935722
2257	MORC2	P630P;S631P	Silent;Missense	-0.015332963
2258	MORC2		No Mutation	0.04071236
2259	MORC2	I622T	Missense	0.031684665
2260	MORC2	I622T	Missense	0.4773960936122501
2261	MORC2	V621A;I622T	Missense;Missense	-0.001448925
2262	MORC2	V621A;I622T	Missense;Missense	-0.161378124
2263	MORC2	L618L	Silent	0.1919403176400703
2264	MORC2	L618P	Missense	0.095950744
2265	MORC2	S615P	Missense	0.2372489272222904
2266	MORC2	R609G	Missense	-0.042447408
2267	MORC2		No Mutation	0.1333258387643042
2268	MORC2	P606P;V607A	Silent;Missense	0.4526477387998651
2269	MORC2	(NC)	Intron	-1.31192376
2270	MORC2	(NC)	Intron	0.094109289
2271	MORC2	(NC);(NC)	Intron;Intron	-0.4217527
2272	MORC2	(NC)	Intron	-0.30149056
2273	MORC2		No Mutation	0.2450526348943656
2274	MORC2	T603A;E604G	Missense;Missense	0.2286800562249494
2275	MORC2	(NC)	Intron	-1.120638072
2276	MORC2	T603A	Missense	-0.417124658
2277	MORC2	T603A	Missense	-0.293803155
2278	MORC2	(NC)	Splice-donor	-1.698614513
2279	MORC2	T603T	Silent	-0.235955388
2280	MORC2	T599A;R600G	Missense;Missense	-1.336471492
2281	MORC2		No Mutation	0.1362521130641641
2282	MORC2		No Mutation	-0.18984637
2283	MORC2	L595P	Missense	-0.932651559
2284	MORC2	K591E	Missense	-0.28878554
2285	MORC2	L593L	Silent	-0.041744294
2286	MORC2		No Mutation	0.1184521889032281
2287	MORC2	L590P	Missense	-0.53240153
2288	MORC2		No Mutation	-0.012155464
2289	MORC2		No Mutation	-0.054345346
2290	MORC2		No Mutation	0.0125192257506581
2291	MORC2		No Mutation	0.079258892
2292	MORC2	(NC)	Intron	-0.158105846
2293	MORC2	(NC);(NC)	Intron;Intron	0.2109533497415787
2294	MORC2	(NC)	Intron	0.3976104126228469
2295	MORC2	Q579R	Missense	0.2745546622105236
2296	MORC2	E576G	Missense	0.6905387420618245
2297	MORC2	E576G	Missense	-1.105452187
2298	MORC2	K574G	Missense	-1.438859839
2299	MORC2	L575P	Missense	-1.302548437
2300	MORC2	Q571R	Missense	-0.787714332
2301	MORC2	Q570R	Missense	0.240769147
2302	MORC2	K567G;I568V	Missense;Missense	-0.552382385
2303	MORC2	R551R;K552G	Silent;Missense	0.166792133
2304	MORC2		No Mutation	0.009045875
2305	MORC2		No Mutation	-0.065235548
2306	MORC2		No Mutation	0.180577146309019
2307	MORC2		No Mutation	0.4617282265101159
2308	MORC2	K542G;Q543R	Missense;Missense	2.702020336471822
2309	MORC2	Q541Q;K542G	Silent;Missense	0.2733858672846484
2310	MORC2		No Mutation	3.297457095321667
2311	MORC2	C536R	Missense	-1.404713775
2312	MORC2		No Mutation	0.1446499954696946
2313	MORC2	(NC);(NC)	Intron;Intron	0.2476444227117822
2314	MORC2	(NC);(NC)	Intron;Intron	0.8312258607149741
2315	MORC2	(NC);(NC)	Intron;Intron	-0.03133669
2316	MORC2	(NC);(NC)	Intron;Intron	-0.283049154
2317	MORC2	(NC);(NC)	Intron;Intron	0.1042072901737282
2318	MORC2	(NC);(NC)	Intron;Intron	-0.75491309
2319	MORC2	(NC)	Splice-donor	-4.038094936
2320	MORC2		No Mutation	-1.272377747
2321	MORC2		No Mutation	-0.718090794
2322	MORC2	D530G	Missense	0.029764449
2323	MORC2	P531P	Silent	0.114960544
2324	MORC2	N528G	Missense	-0.234562963
2325	MORC2	M527T	Missense	-1.193815782
2326	MORC2	C525R;S526P	Missense;Missense	-1.97501137
2327	MORC2	V524V;C525R;S526P	Silent;Missense;Missense	-1.632217287
2328	MORC2	K517K;D518G	Silent;Missense	0.3223173869758851
2329	MORC2	K517R;D518G	Missense;Missense	0.4528063740281377
2330	MORC2	S514S;V515A	Silent;Missense	0.0429292485726141
2331	MORC2	S514P;V515A	Missense;Missense	0.3242384465185078
2332	MORC2	S513S;S514P	Silent;Missense	-0.056180955
2333	MORC2		No Mutation	-0.166109897
2334	MORC2	S513S;S514P	Silent;Missense	-0.808179926
2335	MORC2	L512P;S513S	Missense;Silent	0.0289502745288998
2336	MORC2	(NC);D500G	Splice-acceptor;Missense	-0.388326558
2337	MORC2	(NC)	Intron	0.2596507022214617
2338	MORC2		No Mutation	0.3045072980293419
2339	MORC2	(NC);(NC)	Intron;Intron	-0.15486428
2340	MORC2	Q498R	Missense	-0.235820703
2341	MORC2	(NC)	Splice-donor	-2.428806852
2342	MORC2	I497V;Q498R	Missense;Missense	-0.589621199
2343	MORC2	I497V	Missense	0.1255827600253045
2344	MORC2	(NC)	Splice-donor	-3.269835365
2345	MORC2	C499R	Missense	-3.074586392
2346	MORC2	C499R	Missense	-1.091339024
2347	MORC2	T495A	Missense	-0.197290196
2348	MORC2	I493T	Missense	-1.669032241
2349	MORC2	K486G	Missense	0.4064993515688924
2350	MORC2	E482G	Missense	0.1373062756694744
2351	MORC2		No Mutation	0.1418387037587727
2352	MORC2	R484R;Y485H	Silent;Missense	0.0343847273745695
2353	MORC2	R484R;Y485H	Silent;Missense	-0.521445413
2354	MORC2	L483P;R484R	Missense;Silent	-0.374666185
2355	MORC2	L483P	Missense	0.050063759
2356	MORC2	S481S	Silent	-0.199728434
2357	MORC2		No Mutation	-0.355167271
2358	MORC2		No Mutation	-0.49978565
2359	MORC2	Y470C	Missense	0.2782268672646955
2360	MORC2	K463G	Missense	0.5433247599532313
2361	MORC2	G460G;I461V	Silent;Missense	-0.353074005
2362	MORC2	F464L	Missense	-0.236322896
2363	MORC2	G460G	Silent	-0.195807586
2364	MORC2	I462T	Missense	0.2602828509287117
2365	MORC2	I461T;I462T	Missense;Missense	0.461818442780546
2366	MORC2		No Mutation	0.062692167
2367	MORC2		No Mutation	0.095701688
2368	MORC2		No Mutation	0.066174179
2369	MORC2	(NC);(NC)	Intron;Intron	-0.686062113
2370	MORC2	(NC);(NC)	Intron;Intron	-0.442237911
2371	MORC2	(NC)	Intron	-0.08620206
2372	MORC2	I456V	Missense	-0.541728131
2373	MORC2	I456V	Missense	0.3303112609251781
2374	MORC2	I454V	Missense	0.4766144078918429
2375	MORC2	D453G;I454V	Missense;Missense	-0.185486313
2376	MORC2	D453G;I454V	Missense;Missense	0.3279200272610568
2377	MORC2	K452G	Missense	-0.130746453
2378	MORC2		No Mutation	-0.936627436
2379	MORC2		No Mutation	0.3225057599400314
2380	MORC2	E445G;H446R	Missense;Missense	0.1690811772181604
2381	MORC2		No Mutation	-2.623047835
2382	MORC2	R441R;A442A;M443V	Silent;Silent;Missense	0.1853887031892849
2383	MORC2		No Mutation	-0.751781235
2384	MORC2		No Mutation	-1.269800182
2385	MORC2		No Mutation	-0.69170861
2386	MORC2	H438R	Missense	-0.325202585
2387	MORC2	H438R	Missense	-0.285068892
2388	MORC2	H438R	Missense	-0.348800616
2389	MORC2	L439P	Missense	-4.351475858
2390	MORC2	D432G	Missense	-0.067893646
2391	MORC2	D429G	Missense	0.2261122318926271
2392	MORC2		No Mutation	0.168314276839823
2393	MORC2	T424A	Missense	0.1873922053801122
2394	MORC2		No Mutation	-0.255173954
2395	MORC2	P423P	Silent	0.074743651
2396	MORC2	P423P	Silent	-0.123073267
2397	MORC2		No Mutation	0.2813426918423485
2398	MORC2		No Mutation	-0.176337192
2399	MORC2		No Mutation	-0.022766575
2400	MORC2	A406A	Silent	-0.777801691
2401	MORC2	A406A	Silent	0.092976256
2402	MORC2	A406A	Silent	-0.238396316
2403	MORC2		No Mutation	-0.061451867
2404	MORC2		No Mutation	0.2585851054635113
2405	MORC2	(NC)	Splice-acceptor	-0.55141587
2406	MORC2		No Mutation	-0.350874002
2407	MORC2		No Mutation	-0.483185031
2408	MORC2		No Mutation	-0.901613405
2409	MORC2		No Mutation	0.074667925
2410	MORC2	M405T	Missense	-0.449092583
2411	MORC2		No Mutation	-0.035579838
2412	MORC2		No Mutation	0.2886359169607193
2413	MORC2		No Mutation	-0.119790875
2414	MORC2		No Mutation	-0.202832357
2415	MORC2		No Mutation	-0.041653926
2416	MORC2	K396G	Missense	-0.322134761
2417	MORC2	K392G;M393V	Missense;Missense	-0.245556403
2418	MORC2	K392G;M393V	Missense;Missense	0.2176690977813173
2419	MORC2	M382T;F383L	Missense;Missense	-2.085135798
2420	MORC2	E375G;H376R	Missense;Missense	0.1234138337507895
2421	MORC2	I374V	Missense	0.0254851081262367
2422	MORC2	N373D	Missense	-0.020787739
2423	MORC2		No Mutation	0.3058925240391459
2424	MORC2	F368P;V369A	Missense;Missense	-0.063796884
2425	MORC2	R358R;A359A	Silent;Silent	0.1168142449248223
2426	MORC2	(NC)	Intron	0.6164320633612164
2427	MORC2	(NC)	Intron	-0.456049958
2428	MORC2	K356G;Q357R	Missense;Missense	-0.444714608
2429	MORC2	K353G	Missense	-0.360636987
2430	MORC2	K349G;K350E	Missense;Missense	0.2593960674692204
2431	MORC2	I352T	Missense	0.2649555097902203
2432	MORC2	K349E	Missense	0.3029218883384218
2433	MORC2	E345G	Missense	-0.199864531
2434	MORC2		No Mutation	-0.248022059
2435	MORC2	T341T	Silent	-0.178540615
2436	MORC2	(NC)	Splice-acceptor	-0.32275656
2437	MORC2	(NC)	Intron	-0.110674437
2438	MORC2	(NC)	Intron	0.3707111161766343
2439	MORC2	(NC);(NC)	Intron;Intron	2.841597014946902
2440	MORC2	(NC);(NC)	Intron;Intron	-0.205002099
2441	MORC2	(NC);(NC)	Intron;Intron	-2.094371227
2442	MORC2		No Mutation	-0.303449843
2443	MORC2	(NC)	Intron	-1.090949687
2444	MORC2	D327G	Missense	-0.168047215
2445	MORC2		No Mutation	-0.296688174
2446	MORC2		No Mutation	-0.854557731
2447	MORC2	T325A	Missense	0.047697757
2448	MORC2	D323G	Missense	0.2183425915584186
2449	MORC2		No Mutation	0.4254457334338013
2450	MORC2	L320L	Silent	0.0285206418998643
2451	MORC2	L320L	Silent	-1.315476754
2452	MORC2	L316L;E317G	Silent;Missense	0.0147293519591823
2453	MORC2	T315A	Missense	0.3512256478181911
2454	MORC2	E308G;A309A	Missense;Silent	1.0706504157076364
2455	MORC2	E303G	Missense	0.4385960673411157
2456	MORC2	(NC)	Splice-acceptor	-0.700483696
2457	MORC2	(NC)	Splice-acceptor	-0.578685942
2458	MORC2		No Mutation	-0.060514971
2459	MORC2	(NC);(NC);(NC)	Intron;Intron;Intron	0.6986703536296135
2460	MORC2	(NC);(NC)	Intron;Intron	0.4669007747197355
2461	MORC2	I301V	Missense	-1.589244072
2462	MORC2	I301V	Missense	-0.742131073
2463	MORC2	E296G;H297R	Missense;Missense	0.3898252324112847
2464	MORC2	K294R;A295A	Missense;Silent	-0.159935611
2465	MORC2	V292A	Missense	-0.614096273
2466	MORC2	V292A	Missense	0.4399708240368138
2467	MORC2	T286A	Missense	0.05182195
2468	MORC2	K285G;T286A	Missense;Missense	-0.469472393
2469	MORC2	R287R	Silent	-0.723030882
2470	MORC2		No Mutation	0.003942738
2471	MORC2	(NC)	Intron	0.1777623739985449
2472	MORC2	(NC)	Intron	-0.929695218
2473	MORC2	(NC)	Intron	-0.86896385
2474	MORC2	(NC)	Splice-donor	-3.00272893
2475	MORC2	Y272C	Missense	-0.287614371
2476	MORC2	Y272C	Missense	-0.064025745
2477	MORC2		No Mutation	0.3320130654759736
2478	MORC2		No Mutation	-0.191301032
2479	MORC2		No Mutation	0.6518023946890518
2480	MORC2	C270R	Missense	-3.06916829
2481	MORC2	H260R;K261G	Missense;Missense	-0.778320989
2482	MORC2		No Mutation	0.2017517552186907
2483	MORC2	I257V	Missense	-0.025239892
2484	MORC2	I257T	Missense	-3.950397891
2485	MORC2	R254G	Missense	-0.678762293
2486	MORC2	F256S;I257T	Missense;Missense	0.2421548100167196
2487	MORC2	M253V;R254G	Missense;Missense	-0.268348525
2488	MORC2	F256P;I257T	Missense;Missense	-1.027132247
2489	MORC2	Y248C;I249V	Missense;Missense	-0.420269035
2490	MORC2		No Mutation	-0.619992587
2491	MORC2	I249T;D250D	Missense;Silent	0.071554848
2492	MORC2	L247P;Y248H	Missense;Missense	-0.455456509
2493	MORC2	A245A;V246A	Silent;Missense	0.808415823
2494	MORC2	F240P	Missense	-0.663866452
2495	MORC2		No Mutation	-0.925027523
2496	MORC2		No Mutation	-0.289484244
2497	MORC2		No Mutation	0.081439322
2498	MORC2		No Mutation	-1.324433209
2499	MORC2		No Mutation	-2.238015251
2500	MORC2	(NC)	Intron	-1.438563496
2501	MORC2	(NC)	Intron	-0.59840064
2502	MORC2	(NC)	Intron	-0.432197862
2503	MORC2	T233A	Missense	-0.158824084
2504	MORC2	(NC);(NC)	Intron;Intron	0.1746619007092778
2505	MORC2	T233A	Missense	0.084875994
2506	MORC2	(NC);(NC)	Intron;Intron	-1.142420647
2507	MORC2	(NC)	Intron	-2.080357003
2508	MORC2	P230P;E231G	Silent;Missense	-0.668541628
2509	MORC2	M225T	Missense	-0.040819696
2510	MORC2	P220P;R221G	Silent;Missense	-0.02024976
2511	MORC2	I217T;S218P	Missense;Missense	-0.077707938
2512	MORC2	K205G	Missense	0.4453260218277811
2513	MORC2	N203D	Missense	0.091410383
2514	MORC2		No Mutation	0.2541041364776485
2515	MORC2	(NC);(NC);(NC);(NC)	Intron;Intron;Intron;Intron	-1.743619276
2516	MORC2	(NC)	Intron	-0.229474606
2517	MORC2		No Mutation	0.072779988
2518	MORC2	K190G;I191V	Missense;Missense	0.7140671574719244
2519	MORC2	I191I;P192P	Silent;Silent	0.4865090552020195
2520	MORC2	I191T;P192P	Missense;Silent	0.000272485
2521	MORC2	M189V	Missense	-0.769816626
2522	MORC2	Q187R	Missense	-0.023789411
2523	MORC2	Q187R	Missense	0.092947268
2524	MORC2	V184A	Missense	-2.927813145
2525	MORC2		No Mutation	-0.098927698
2526	MORC2	P177P	Silent	0.3120341970665207
2527	MORC2		No Mutation	-1.07387044
2528	MORC2	L171P;I172T	Missense;Missense	-1.38460455
2529	MORC2	V162A	Missense	-0.37299236
2530	MORC2		No Mutation	0.08336324
2531	MORC2		No Mutation	0.1177286148326604
2532	MORC2		No Mutation	-0.321990643
2533	MORC2		No Mutation	-0.067693727
2534	MORC2		No Mutation	-1.1e-05
2535	MORC2	N151D	Missense	-0.071390975
2536	MORC2		No Mutation	-0.314738321
2537	MORC2	N151N	Silent	0.391788828937989
2538	MORC2	N151N	Silent	-0.715596872
2539	MORC2		No Mutation	0.1522033882442357
2540	MORC2	I144M	Missense	0.084356902
2541	MORC2	L147P	Missense	-3.060288388
2542	MORC2	(NC)	Intron	0.042985033
2543	MORC2	(NC)	Intron	-0.147489679
2544	MORC2	E142E;(NC)	Silent;Intron	0.2442144471878342
2545	MORC2	E138G	Missense	-0.994791763
2546	MORC2	T133A	Missense	-2.889460222
2547	MORC2	F134F;H135H	Silent;Silent	0.4596680653697269
2548	MORC2		No Mutation	0.1735755941641408
2549	MORC2	F134L	Missense	0.07387204
2550	MORC2	S131S	Silent	0.3104275521433787
2551	MORC2	F129S;L130P	Missense;Missense	0.3767449591931024
2552	MORC2	M125T	Missense	1.8434853020793889
2553	MORC2		No Mutation	-0.195695504
2554	MORC2	S108S;M109V	Silent;Missense	-0.153383013
2555	MORC2		No Mutation	-1.452029855
2556	MORC2	(NC)	Splice-acceptor	-0.388061566
2557	MORC2	M109T	Missense	-0.121312495
2558	MORC2	(NC);(NC);(NC)	Intron;Intron;Intron	0.3280029594278455
2559	MORC2	(NC);(NC);(NC);(NC)	Intron;Intron;Intron;Intron	0.3027376755469662
2560	MORC2	N102G	Missense	-1.869373782
2561	MORC2		No Mutation	0.1083894126288548
2562	MORC2	I97V	Missense	-0.104253496
2563	MORC2	Q96R	Missense	0.2770301716715555
2564	MORC2	T95A;Q96R	Missense;Missense	0.075726158
2565	MORC2	I97T	Missense	-0.986971733
2566	MORC2	E93G	Missense	-0.002305921
2567	MORC2	E93G	Missense	-0.431596987
2568	MORC2	S94P	Missense	-0.160475821
2569	MORC2		No Mutation	0.3168811703438985
2570	MORC2	I82V	Missense	-0.197768373
2571	MORC2	F84S	Missense	-0.133153675
2572	MORC2	S80G	Missense	-0.159203678
2573	MORC2	S80G	Missense	0.3487954874317314
2574	MORC2	A78A	Silent	0.118622339730943
2575	MORC2	A78A	Silent	0.4452622770347201
2576	MORC2	(NC)	Intron	0.121819768331887
2577	MORC2	(NC);(NC)	Intron;Intron	0.1912186231433833
2578	MORC2	D68G	Missense	-1.242272906
2579	MORC2	F62F;M63T	Silent;Missense	0.057409699
2580	MORC2	R55R;E56G	Silent;Missense	0.4907308689033103
2581	MORC2	R54G	Missense	0.3124783148183896
2582	MORC2	I50V;Y51C	Missense;Missense	-0.07854161
2583	MORC2	Y51Y	Silent	-0.306788386
2584	MORC2	I50T;Y51H	Missense;Missense	-0.157982447
2585	MORC2	R47G;I48V	Missense;Missense	0.1307930916569041
2586	MORC2	A40A;R41G	Silent;Missense	-1.301045807
2587	MORC2	E35G	Missense	-1.577854858
2588	MORC2	V37V;D38D	Silent;Silent	0.4653422060443969
2589	MORC2	V37A;D38D	Missense;Silent	0.4001037104825047
2590	MORC2		No Mutation	0.063312814
2591	MORC2	L29S;F30P	Missense;Missense	-2.124836551
2592	MORC2	T25A;H26R	Missense;Missense	-0.715893259
2593	MORC2	N22S	Missense	-1.246517754
2594	MORC2		No Mutation	0.8424971412712204
2595	MORC2	A2A;F3L	Silent;Missense	-0.004916543
2596	MORC2	(NC);(NC)	UTR;UTR	-0.312730906
2597	ATF7IP	Q8R;K9E	Missense;Missense	0.3528798395819108
2598	ATF7IP	Q25Q	Silent	0.1159757454022121
2599	ATF7IP	D40G	Missense	-0.089525964
2600	ATF7IP	N45G	Missense	-0.120937452
2601	ATF7IP	H48R	Missense	-0.10668332
2602	ATF7IP	D54G	Missense	0.2975054340801827
2603	ATF7IP	S57S	Silent	0.2941781585637211
2604	ATF7IP	D63G	Missense	0.057992822
2605	ATF7IP	I65V;K66E	Missense;Missense	-0.400148283
2606	ATF7IP	D67G;K68G	Missense;Missense	0.217665031447337
2607	ATF7IP	E82G;G83G	Missense;Silent	0.2877117167207873
2608	ATF7IP		No Mutation	0.2014058495523311
2609	ATF7IP	G83G;S84G;K85E	Silent;Missense;Missense	0.3020637546532749
2610	ATF7IP	V97A	Missense	0.5389406913162522
2611	ATF7IP	V97A;N98N	Missense;Silent	0.3155379348482487
2612	ATF7IP	N98G	Missense	0.4068483630958355
2613	ATF7IP	N116N;I117T	Silent;Missense	0.2932718107138047
2614	ATF7IP		No Mutation	-0.129430979
2615	ATF7IP		No Mutation	0.2047774678175625
2616	ATF7IP		No Mutation	0.1707822220605492
2617	ATF7IP	L125P	Missense	-0.485444096
2618	ATF7IP	P126P	Silent	0.4907308689033103
2619	ATF7IP		No Mutation	0.7026705105939401
2620	ATF7IP	S131P	Missense	0.2609591116658601
2621	ATF7IP		No Mutation	0.6425710591978085
2622	ATF7IP		No Mutation	-0.304875331
2623	ATF7IP	P134P	Silent	0.118508703923054
2624	ATF7IP		No Mutation	-0.717592804
2625	ATF7IP	L139P	Missense	-0.325924445
2626	ATF7IP	D140D	Silent	0.092882803
2627	ATF7IP	D140D	Silent	-0.700577795
2628	ATF7IP		No Mutation	-0.315231174
2629	ATF7IP		No Mutation	0.029913746
2630	ATF7IP	P144P	Silent	0.126445410820346
2631	ATF7IP		No Mutation	-0.276877233
2632	ATF7IP	L149P	Missense	1.5563110234016846
2633	ATF7IP	S151P	Missense	-0.764479511
2634	ATF7IP	S151S;G152G	Silent;Silent	0.4745697279272453
2635	ATF7IP		No Mutation	-0.33969795
2636	ATF7IP	S156P	Missense	-0.16266326
2637	ATF7IP		No Mutation	-0.10086138
2638	ATF7IP	S161P	Missense	-0.686732886
2639	ATF7IP	S165P	Missense	0.082388555
2640	ATF7IP	S165P	Missense	-0.017753889
2641	ATF7IP	S166P	Missense	0.3282137203528959
2642	ATF7IP	S167G	Missense	-0.011671714
2643	ATF7IP	A169A	Silent	-0.368264038
2644	ATF7IP	A169A	Silent	-0.834865995
2645	ATF7IP	S171P	Missense	-0.29381029
2646	ATF7IP		No Mutation	-0.901681932
2647	ATF7IP	S176P	Missense	-0.085171248
2648	ATF7IP		No Mutation	-0.04972188
2649	ATF7IP	P180P;S181P	Silent;Missense	0.2245803098354643
2650	ATF7IP		No Mutation	0.7608900970039381
2651	ATF7IP	V184A;S185P	Missense;Missense	-0.240476324
2652	ATF7IP	S185P	Missense	0.073545975
2653	ATF7IP	S185P	Missense	-0.177710635
2654	ATF7IP		No Mutation	0.2018347755131555
2655	ATF7IP	S191P	Missense	-0.410412709
2656	ATF7IP	S191P	Missense	0.5746206530516187
2657	ATF7IP	S191P	Missense	-0.002571171
2658	ATF7IP	T195T	Silent	0.3082634408954708
2659	ATF7IP	T195T;A196A	Silent;Silent	0.3894723575374446
2660	ATF7IP	D197G	Missense	0.08676018
2661	ATF7IP	L199P;S200P	Missense;Missense	0.042571072
2662	ATF7IP	S206P	Missense	-0.12655038
2663	ATF7IP	S207G	Missense	-0.633717309
2664	ATF7IP	I210T	Missense	0.2347020681667779
2665	ATF7IP	I210T	Missense	0.1445711588846505
2666	ATF7IP	I210T	Missense	0.3620897359380938
2667	ATF7IP	I210V	Missense	0.8723508644215751
2668	ATF7IP	V215A	Missense	-0.382886758
2669	ATF7IP	V215A	Missense	-0.297895574
2670	ATF7IP	P216P	Silent	0.3924907221244066
2671	ATF7IP	P216P;V217A	Silent;Missense	0.2631164488384931
2672	ATF7IP		No Mutation	-0.029301512
2673	ATF7IP	I220T	Missense	0.8668715949974082
2674	ATF7IP	I220I;S221P	Silent;Missense	0.2291010646998752
2675	ATF7IP	S221P	Missense	0.034582805
2676	ATF7IP	C224R	Missense	-0.267436394
2677	ATF7IP	C224C	Silent	0.0612917889703107
2678	ATF7IP	S231P	Missense	0.568979013
2679	ATF7IP	T235T;S236P	Silent;Missense	0.1766491761768761
2680	ATF7IP	E233E;I234V;T235A	Silent;Missense;Missense	0.6684200784903009
2681	ATF7IP		No Mutation	-0.095891675
2682	ATF7IP		No Mutation	-0.325556763
2683	ATF7IP	S251S;D252D	Silent;Silent	0.3323046502958319
2684	ATF7IP	P249P	Silent	-0.09222839
2685	ATF7IP	D252G	Missense	0.3288979369964953
2686	ATF7IP	L254P	Missense	-0.092410668
2687	ATF7IP	S256P	Missense	0.301467389799643
2688	ATF7IP	S261P	Missense	0.3258534450847156
2689	ATF7IP	L259L	Silent	-0.00668478
2690	ATF7IP	S266P	Missense	0.5324539031778048
2691	ATF7IP	E263E	Silent	0.0149336230205221
2692	ATF7IP	D267G	Missense	-0.209739038
2693	ATF7IP	T271T	Silent	-0.316970752
2694	ATF7IP		No Mutation	0.2049044089007971
2695	ATF7IP	S276P	Missense	0.2778806481920102
2696	ATF7IP	T280T;S281P	Silent;Missense	0.2828335979881837
2697	ATF7IP	F289S	Missense	0.3627916504139391
2698	ATF7IP	S293S;V294A	Silent;Missense	-0.131831479
2699	ATF7IP	V296A;C297R	Missense;Missense	0.1592830023924657
2700	ATF7IP	V300A	Missense	0.1497957304352003
2701	ATF7IP		No Mutation	0.0160154403827091
2702	ATF7IP	I306T	Missense	-0.537354049
2703	ATF7IP	D313D	Silent	0.2090713052008923
2704	ATF7IP	Q330R;S331G	Missense;Missense	0.3542569265303148
2705	ATF7IP		No Mutation	0.3507242203636598
2706	ATF7IP	E366E;N367G	Silent;Missense	0.7324775774349217
2707	ATF7IP	I376V;T377A	Missense;Missense	0.2001271085984115
2708	ATF7IP	I386V	Missense	0.7263031189257949
2709	ATF7IP	S389G;M390V	Missense;Missense	0.3170946784080841
2710	ATF7IP	L424L;E425G;N426D	Silent;Missense;Missense	0.708250958
2711	ATF7IP	E434G;I435V	Missense;Missense	0.281942144594093
2712	ATF7IP	E440E;K441G	Silent;Missense	-0.596972361
2713	ATF7IP	L449P	Missense	-0.577476523
2714	ATF7IP		No Mutation	0.2227795784244849
2715	ATF7IP	N464N	Silent	0.0516371548875145
2716	ATF7IP	E462G;T463A	Missense;Missense	0.1784180937535796
2717	ATF7IP	P465P;D466G	Silent;Missense	0.448276963
2718	ATF7IP	K470G;M471V	Missense;Missense	0.1422331165225544
2719	ATF7IP	S483S	Silent	0.1610862363096246
2720	ATF7IP	P488P;K489E	Silent;Missense	0.084713106
2721	ATF7IP	L493P;V494A	Missense;Missense	0.2858943948552948
2722	ATF7IP	S496S;D497D	Silent;Silent	0.1045161751736519
2723	ATF7IP		No Mutation	-0.329871025
2724	ATF7IP	D497G	Missense	0.3254786464669612
2725	ATF7IP	D500D	Silent	0.032748745
2726	ATF7IP	D497G;E498G	Missense;Missense	0.1027834797020987
2727	ATF7IP	N514G;E515G	Missense;Missense	-0.008094781
2728	ATF7IP	(NC);(NC)	Intron;Intron	0.442136773
2729	ATF7IP	E521E;V522V	Silent;Silent	0.3024573700693736
2730	ATF7IP	E526E;K527G	Silent;Missense	0.2956747116030765
2731	ATF7IP	V537A	Missense	-0.319911713
2732	ATF7IP	F551S;S552P	Missense;Missense	0.2215190185217219
2733	ATF7IP	K558E	Missense	-0.047140662
2734	ATF7IP	K568G	Missense	-0.667531594
2735	ATF7IP	M573V	Missense	-0.085037938
2736	ATF7IP	V583V;K584G	Silent;Missense	0.0163096685226653
2737	ATF7IP		No Mutation	-0.171268612
2738	ATF7IP	N592G	Missense	0.3546895792512594
2739	ATF7IP	(NC);(NC)	Intron;Intron	0.2385363009811272
2740	ATF7IP		No Mutation	0.1732655792371226
2741	ATF7IP	I599V	Missense	0.060492944
2742	ATF7IP	V614V	Silent	0.1040593822570291
2743	ATF7IP	A620A;E621G	Silent;Missense	-0.349011947
2744	ATF7IP	K628R;I629V	Missense;Missense	0.3800765074507024
2745	ATF7IP	T637T	Silent	0.3739801747889519
2746	ATF7IP	L649S	Missense	0.547372374
2747	ATF7IP	F653P	Missense	-0.297901219
2748	ATF7IP		No Mutation	0.01451154440444
2749	ATF7IP	(NC)	Intron	0.2315485202128354
2750	ATF7IP		No Mutation	0.0474768130134417
2751	ATF7IP		No Mutation	0.00895522
2752	ATF7IP		No Mutation	-0.243306401
2753	ATF7IP		No Mutation	-0.359461817
2754	ATF7IP	N669G	Missense	0.3819667960403259
2755	ATF7IP	V672A;S673P	Missense;Missense	0.237622681107056
2756	ATF7IP	S673P	Missense	-0.005253292
2757	ATF7IP		No Mutation	0.3589251170354113
2758	ATF7IP	N684S;N685G	Missense;Missense	0.09431989
2759	ATF7IP	(NC)	Intron	0.1602290086134183
2760	ATF7IP	T694A	Missense	-0.344651381
2761	ATF7IP		No Mutation	0.2286747596642081
2762	ATF7IP	T715T	Silent	-0.19465122
2763	ATF7IP	P716P;V717A	Silent;Missense	-0.069715928
2764	ATF7IP	Q714R;T715A	Missense;Missense	-0.239745799
2765	ATF7IP	V717A;N718N	Missense;Silent	-0.807149398
2766	ATF7IP	(NC);(NC)	Intron;Intron	0.5278187649517881
2767	ATF7IP	P728P	Silent	-0.388475316
2768	ATF7IP	S733S	Silent	-0.25545417
2769	ATF7IP	S734S	Silent	-0.181671898
2770	ATF7IP	V742A	Missense	-0.028870792
2771	ATF7IP	Q739R;T740A	Missense;Missense	0.3809246079097712
2772	ATF7IP	Q739R;T740A	Missense;Missense	0.2084093580293726
2773	ATF7IP	S746P;L747P	Missense;Missense	0.1480690188994428
2774	ATF7IP	V752A	Missense	0.4096118478825539
2775	ATF7IP	V752A	Missense	-0.10071292
2776	ATF7IP	A759A	Silent	0.2252964760443581
2777	ATF7IP	V761A;V762A	Missense;Missense	-0.403324855
2778	ATF7IP	V761A;V762A	Missense;Missense	-0.061702202
2779	ATF7IP	V761V	Silent	-0.072553939
2780	ATF7IP	T764A;T765A	Missense;Missense	0.724715795
2781	ATF7IP		No Mutation	0.2968122445506661
2782	ATF7IP	S777P;L778P	Missense;Missense	0.5902734649808319
2783	ATF7IP	S777S;L778P	Silent;Missense	0.071028578
2784	ATF7IP	S777S;L778P	Silent;Missense	0.077833624
2785	ATF7IP		No Mutation	-0.001396672
2786	ATF7IP	L785P	Missense	-0.050791737
2787	ATF7IP	V787A	Missense	0.7509404702502915
2788	ATF7IP	S793P	Missense	-0.372106538
2789	ATF7IP	L797P;L798P	Missense;Missense	0.006221709
2790	ATF7IP	L798P	Missense	-0.378638547
2791	ATF7IP		No Mutation	-0.559976149
2792	ATF7IP		No Mutation	0.4618188817005215
2793	ATF7IP		No Mutation	0.2243672621244414
2794	ATF7IP	L798L	Silent	0.0107298786075427
2795	ATF7IP	S800G	Missense	-0.436290911
2796	ATF7IP	V806A	Missense	0.3698511523433212
2797	ATF7IP	T807T	Silent	0.086400968
2798	ATF7IP	T807A	Missense	0.2437802404407981
2799	ATF7IP	F816P	Missense	0.4273488984594509
2800	ATF7IP	S821G	Missense	0.3975233289646944
2801	ATF7IP	S826S;G827G	Silent;Silent	-0.442707692
2802	ATF7IP	G827G;L828P	Silent;Missense	0.1811724453069784
2803	ATF7IP	L828P	Missense	0.3120065501652115
2804	ATF7IP	S837P;L838P	Missense;Missense	0.1828667683026463
2805	ATF7IP	N840N	Silent	0.5723319792134017
2806	ATF7IP		No Mutation	-0.187585126
2807	ATF7IP	T842T	Silent	0.0153653478273996
2808	ATF7IP		No Mutation	-0.107383076
2809	ATF7IP	V847A	Missense	0.5073086847431358
2810	ATF7IP	V847A	Missense	-0.148784135
2811	ATF7IP	S849P;V850A	Missense;Missense	-0.542456599
2812	ATF7IP	P853P	Silent	0.007369983
2813	ATF7IP	S852G	Missense	0.020077266
2814	ATF7IP		No Mutation	0.075361092
2815	ATF7IP		No Mutation	0.1667560334428601
2816	ATF7IP		No Mutation	-0.177208897
2817	ATF7IP	S862G	Missense	-0.03209263
2818	ATF7IP	A863A	Silent	-0.108573337
2819	ATF7IP	S862G	Missense	-0.123302238
2820	ATF7IP		No Mutation	-0.315829449
2821	ATF7IP	L866S	Missense	0.711804665
2822	ATF7IP	L870P	Missense	0.3370068462921749
2823	ATF7IP	G867G;T868A;T869A	Silent;Missense;Missense	0.4061258140380392
2824	ATF7IP	I881T;V882A	Missense;Missense	0.4386824525373616
2825	ATF7IP	I881V	Missense	0.278868856
2826	ATF7IP	L889S	Missense	-0.695658896
2827	ATF7IP	T887A	Missense	-0.053001911
2828	ATF7IP	T887A	Missense	-0.511513889
2829	ATF7IP	T891A	Missense	-0.309411658
2830	ATF7IP	S895P	Missense	-0.035454788
2831	ATF7IP		No Mutation	0.1967783754449095
2832	ATF7IP	Y898Y;S899S	Silent;Silent	0.1760953417260107
2833	ATF7IP	S899S	Silent	0.0130393962372906
2834	ATF7IP	S899G	Missense	-0.468458542
2835	ATF7IP	G905G	Silent	0.067923043
2836	ATF7IP	S917S	Silent	0.052438539
2837	ATF7IP	N927G;T928A	Missense;Missense	0.3812689251799401
2838	ATF7IP	(NC)	Splice-donor	-1.147947892
2839	ATF7IP	(NC)	Intron	-0.22629876
2840	ATF7IP	(NC)	Intron	-0.672593466
2841	ATF7IP	(NC)	Intron	-0.340693832
2842	ATF7IP		No Mutation	0.3287419471239721
2843	ATF7IP	A948A	Silent	0.2158233237684257
2844	ATF7IP	(NC)	Splice-acceptor	-0.794619065
2845	ATF7IP	T959A	Missense	-0.648175341
2846	ATF7IP	S964S	Silent	0.3829465924882502
2847	ATF7IP	I967V	Missense	-0.040080953
2848	ATF7IP	M971V;D972G	Missense;Missense	0.073356588
2849	ATF7IP	E975G;S976G	Missense;Missense	-0.111141282
2850	ATF7IP	S994S;S995P	Silent;Missense	0.2110157399864449
2851	ATF7IP	P998P	Silent	0.4538433196449124
2852	ATF7IP	L1003P	Missense	-0.813060836
2853	ATF7IP		No Mutation	-0.434632793
2854	ATF7IP		No Mutation	-0.582180118
2855	ATF7IP	P1011P	Silent	0.099824494
2856	ATF7IP		No Mutation	0.2569434467046343
2857	ATF7IP		No Mutation	0.3438847617475267
2858	ATF7IP		No Mutation	0.1784605424545264
2859	ATF7IP		No Mutation	-0.151649086
2860	ATF7IP	S1015P	Missense	0.4091546801585076
2861	ATF7IP	V1017A	Missense	0.1693946605153095
2862	ATF7IP		No Mutation	-0.170271529
2863	ATF7IP		No Mutation	-0.129381084
2864	ATF7IP	S1023P	Missense	0.113817123214313
2865	ATF7IP	I1027T	Missense	0.1089536926882637
2866	ATF7IP	I1027V;H1028R	Missense;Missense	0.4321919551213093
2867	ATF7IP	L1030P;P1031P	Missense;Silent	-0.157759743
2868	ATF7IP	P1031P	Silent	0.3273155588445061
2869	ATF7IP	(NC);(NC)	Intron;Intron	0.3713024753887518
2870	ATF7IP	T1035T	Silent	-0.455759883
2871	ATF7IP	V1039A	Missense	0.1349626250406806
2872	ATF7IP	H1041H;R1042R	Silent;Silent	-0.830995689
2873	ATF7IP	T1040T;H1041R	Silent;Missense	-0.167427494
2874	ATF7IP		No Mutation	0.2524226349457412
2875	ATF7IP	V1053A	Missense	0.3371668028959779
2876	ATF7IP	A1056A;P1057P	Silent;Silent	0.085033764
2877	ATF7IP	P1057P	Silent	0.1842183804855953
2878	ATF7IP	R1055R	Silent	0.4181345872059234
2879	ATF7IP		No Mutation	-0.327662992
2880	ATF7IP		No Mutation	0.3553357517839267
2881	ATF7IP	V1062A;V1063A	Missense;Missense	0.1057167720329509
2882	ATF7IP	Y1064Y	Silent	0.1541611162330353
2883	ATF7IP	T1066T	Silent	0.1265024458498207
2884	ATF7IP		No Mutation	-0.116517811
2885	ATF7IP		No Mutation	0.08336318
2886	ATF7IP	Q1073R	Missense	0.2697287441865946
2887	ATF7IP	L1076P	Missense	0.004745904
2888	ATF7IP	L1076P	Missense	0.0385744409799031
2889	ATF7IP	R1077R	Silent	-0.044554161
2890	ATF7IP	V1080A;M1081T	Missense;Missense	0.7937733978990089
2891	ATF7IP	V1080A;M1081T	Missense;Missense	0.1058910924141949
2892	ATF7IP	Q1082R	Missense	-0.190979238
2893	ATF7IP		No Mutation	-0.366670699
2894	ATF7IP	V1089A	Missense	0.2905502109026895
2895	ATF7IP	(NC);(NC);(NC);(NC)	Intron;Intron;Intron;Intron	0.3172967631324204
2896	ATF7IP	(NC);(NC);(NC);(NC)	Intron;Intron;Intron;Intron	0.5164204280974112
2897	ATF7IP	Y1105H;V1106A	Missense;Missense	-0.590603719
2898	ATF7IP	T1104A;Y1105C	Missense;Missense	0.4994958167200233
2899	ATF7IP	N1109N	Silent	-0.482160489
2900	ATF7IP	V1107V;N1108G;N1109D	Silent;Missense;Missense	-0.175252316
2901	ATF7IP	N1108G;N1109G	Missense;Missense	-0.409583634
2902	ATF7IP	L1111L;T1112A	Silent;Missense	-0.136105925
2903	ATF7IP	P1118P	Silent	-0.13020488
2904	ATF7IP	P1118P	Silent	-1.166096391
2905	ATF7IP	H1123H	Silent	-0.110292163
2906	ATF7IP	H1130H	Silent	-0.335399944
2907	ATF7IP	T1131T;(NC)	Silent;Splice-donor	-1.884538266
2908	ATF7IP	(NC)	Splice-donor	-0.79213542
2909	ATF7IP	(NC)	Intron	0.3005115586349398
2910	ATF7IP		No Mutation	-0.273029288
2911	ATF7IP		No Mutation	0.1183970326948112
2912	ATF7IP		No Mutation	0.1797975723196958
2913	ATF7IP		No Mutation	-0.059542039
2914	ATF7IP		No Mutation	-0.163832484
2915	ATF7IP		No Mutation	2.676382459279893
2916	ATF7IP	L1142L	Silent	-0.236071606
2917	ATF7IP	L1142P	Missense	-1.037303421
2918	ATF7IP	L1142P	Missense	-0.194864652
2919	ATF7IP		No Mutation	-0.02876401
2920	ATF7IP		No Mutation	-0.11332194
2921	ATF7IP		No Mutation	-0.064564083
2922	ATF7IP		No Mutation	-0.359233734
2923	ATF7IP		No Mutation	-0.338255053
2924	ATF7IP	L1151P	Missense	-0.040196827
2925	ATF7IP		No Mutation	-0.784743151
2926	ATF7IP		No Mutation	-1.160629911
2927	ATF7IP		No Mutation	-0.498243256
2928	ATF7IP	S1159P	Missense	-0.517550396
2929	ATF7IP	S1159P	Missense	-0.103501012
2930	ATF7IP	P1161P	Silent	0.2870850429793439
2931	ATF7IP	L1166P	Missense	-0.121730907
2932	ATF7IP		No Mutation	-0.927047585
2933	ATF7IP		No Mutation	0.349889916
2934	ATF7IP	N1175S	Missense	0.1424178226562742
2935	ATF7IP	V1178V	Silent	-0.133102205
2936	ATF7IP	S1180S	Silent	-0.347791374
2937	ATF7IP	S1180S;S1182G	Silent;Missense	-0.189286456
2938	ATF7IP	C1190R	Missense	-0.127146028
2939	ATF7IP	H1197H	Silent	-0.498311226
2940	ATF7IP		No Mutation	0.1273257511147206
2941	ATF7IP	H1202H	Silent	-0.013853905
2942	ATF7IP	S1206S	Silent	0.030141575
2943	ATF7IP	S1211P	Missense	0.6450180122593616
2944	ATF7IP	T1208A	Missense	-0.298683669
2945	ATF7IP	S1211P	Missense	-0.124537456
2946	ATF7IP	W1213R	Missense	-0.369112439
2947	ATF7IP	S1211S;Q1212R	Silent;Missense	0.3661969238047146
2948	ATF7IP	S1211S;Q1212R	Silent;Missense	0.2172817051037946
2949	ATF7IP	S1211S;Q1212R	Silent;Missense	-0.028926907
2950	ATF7IP	K1214K;K1215G;I1216V	Silent;Missense;Missense	0.2343397494105715
2951	ATF7IP	A1221A	Silent	-0.758236942
2952	ATF7IP	C1228R	Missense	-0.151605101
2953	ATF7IP	C1228C;T1229T	Silent;Silent	0.1067061221628411
2954	ATF7IP	L1230P	Missense	0.2469444529945239
2955	ATF7IP	L1230P	Missense	-1.313859963
2956	ATF7IP	T1231A	Missense	0.3716670065336022
2957	ATF7IP	G1236G	Silent	0.010450116
2958	ATF7IP	G1236G	Silent	0.4105471376662641
2959	ATF7IP		No Mutation	0.9316638445676104
2960	ATF7IP	R1244R	Silent	-0.257530642
2961	ATF7IP	D1247G;I1248V	Missense;Missense	0.320554452
2962	ATF7IP	R1251R	Silent	0.1798378282889581
2963	ATF7IP	S1260P	Missense	0.3454503643552683
2964	ATF7IP	V1263A;I1264T	Missense;Missense	-1.573338896
2965	ATF7IP	Q1268R;S1269G	Missense;Missense	0.2937905748998952
2966	ATF7IP	(NC);(NC)	UTR;UTR	-0.076736016
2967	ATF7IP	(NC);(NC)	UTR;UTR	-0.047688488
2968	ATF7IP	(NC);(NC);(NC);(NC)	UTR;UTR;UTR;UTR	1.0298716558629564
2969	ATF7IP2	(NC)	Splice-acceptor	0.4043148493989172
2970	ATF7IP2	M1T	Missense	-0.04693522
2971	ATF7IP2	P4P	Silent	-0.054267876
2972	ATF7IP2		No Mutation	0.2046026293655154
2973	ATF7IP2	T17T;M18V	Silent;Missense	0.5685814749119418
2974	ATF7IP2		No Mutation	0.002564537
2975	ATF7IP2		No Mutation	-0.059034619
2976	ATF7IP2		No Mutation	-0.22202802
2977	ATF7IP2	M28T	Missense	0.1541577673709
2978	ATF7IP2	E27G;M28V	Missense;Missense	0.6937135036185303
2979	ATF7IP2		No Mutation	0.08070735
2980	ATF7IP2		No Mutation	0.5032226743935659
2981	ATF7IP2	S44G	Missense	0.128451213
2982	ATF7IP2	S52S;F53P	Silent;Missense	0.010612572
2983	ATF7IP2		No Mutation	0.2360055963763783
2984	ATF7IP2		No Mutation	-0.134552908
2985	ATF7IP2	S68G	Missense	0.1711569799968346
2986	ATF7IP2	E71E;N72G	Silent;Missense	0.059006335
2987	ATF7IP2	V103A	Missense	0.497043539
2988	ATF7IP2	H104R	Missense	0.075278994
2989	ATF7IP2		No Mutation	-0.128869447
2990	ATF7IP2	S125P	Missense	-0.198091167
2991	ATF7IP2	F130S	Missense	0.2269797055168153
2992	ATF7IP2	R128G	Missense	2.0494932650098336
2993	ATF7IP2		No Mutation	0.1844634706351232
2994	ATF7IP2		No Mutation	0.3960171476845071
2995	ATF7IP2		No Mutation	0.2571557353796325
2996	ATF7IP2		No Mutation	0.1712058598906346
2997	ATF7IP2		No Mutation	0.425274253118973
2998	ATF7IP2	S172S	Silent	0.078342477
2999	ATF7IP2	P170P	Silent	-0.150018591
3000	ATF7IP2	S175S	Silent	0.1589856593672074
3001	ATF7IP2	G176G;V177A	Silent;Missense	0.0249851338237518
3002	ATF7IP2	G176G;V177A	Silent;Missense	0.3965361925912257
3003	ATF7IP2		No Mutation	-0.366465203
3004	ATF7IP2	T184A	Missense	0.164648757
3005	ATF7IP2	T184A	Missense	-0.245801622
3006	ATF7IP2		No Mutation	-0.550020991
3007	ATF7IP2	K192G;K193E	Missense;Missense	0.4148434299023535
3008	ATF7IP2	H200H;L201P	Silent;Missense	0.1944021632210602
3009	ATF7IP2	S205P	Missense	0.249353121832483
3010	ATF7IP2	S207S;E208G	Silent;Missense	0.3304296416814184
3011	ATF7IP2	H210H;D211D	Silent;Silent	0.240161173
3012	ATF7IP2	E230G;K231E	Missense;Missense	0.06851762
3013	ATF7IP2	S238P;V239A	Missense;Missense	-0.14171426
3014	ATF7IP2	C262C	Silent	0.27834066421427
3015	ATF7IP2	E263G;S264G	Missense;Missense	-0.073455036
3016	ATF7IP2	H280R	Missense	0.3762375381439735
3017	ATF7IP2	E305E;N306G;I307V	Silent;Missense;Missense	-0.080060214
3018	ATF7IP2		No Mutation	0.067758728
3019	ATF7IP2	E312E;R313G	Silent;Missense	-0.411152808
3020	ATF7IP2	Q314Q;T315A	Silent;Missense	-0.081720726
3021	ATF7IP2	E319G	Missense	2.5772689518205025
3022	ATF7IP2	E319G	Missense	0.1872460459810299
3023	ATF7IP2	E319G;Q320R	Missense;Missense	0.1707837963895382
3024	ATF7IP2	(NC);(NC);(NC);(NC)	Intron;Intron;Intron;Intron	0.2927626137818053
3025	ATF7IP2	R322G	Missense	-0.138384925
3026	ATF7IP2	E343G	Missense	0.419510354
3027	ATF7IP2	E343G	Missense	-0.849564468
3028	ATF7IP2		No Mutation	-0.158181138
3029	ATF7IP2	R354G	Missense	0.411833262049423
3030	ATF7IP2	G359G;I360V	Silent;Missense	-0.071208413
3031	ATF7IP2	T377T;V378V	Silent;Silent	0.2823096461692677
3032	ATF7IP2	N389G;M390V	Missense;Missense	0.284331056
3033	ATF7IP2	S393S	Silent	0.1217401746585287
3034	ATF7IP2	S393G;N394D	Missense;Missense	0.2982917404037322
3035	ATF7IP2	S397S	Silent	0.2008842087778397
3036	ATF7IP2	(NC)	Intron	0.5893319548764403
3037	ATF7IP2		No Mutation	0.2506225677524254
3038	ATF7IP2		No Mutation	0.4242859080389303
3039	ATF7IP2	(NC);(NC)	Intron;Splice-acceptor	0.3108339279837606
3040	ATF7IP2	S402S	Silent	0.2769987868093666
3041	ATF7IP2	N429G	Missense	3.338892593
3042	ATF7IP2	N445S;K446G	Missense;Missense	-0.058744512
3043	ATF7IP2		No Mutation	-0.222930382
3044	ATF7IP2	M457V	Missense	0.2850802886966612
3045	ATF7IP2	I470T	Missense	-0.358906143
3046	ATF7IP2	I470V;T471A	Missense;Missense	0.4999405933919683
3047	ATF7IP2		No Mutation	0.30164864
3048	ATF7IP2	(NC);(NC)	Intron;Intron	0.4132741079617997
3049	ATF7IP2	T477A;R478G	Missense;Missense	0.5084823552246256
3050	ATF7IP2	N490D	Missense	1.0322449153993347
3051	ATF7IP2	M494T;(NC)	Missense;Splice-donor	0.2319014485163087
3052	ATF7IP2	M494T;(NC)	Missense;Splice-donor	-0.373953089
3053	ATF7IP2	I504V;D505G	Missense;Missense	0.2903896731096964
3054	ATF7IP2	L511L	Silent	0.4672715953339827
3055	ATF7IP2	N515N	Silent	-0.068321416
3056	ATF7IP2	N513S	Missense	0.2807677611643847
3057	ATF7IP2		No Mutation	0.0352302983701748
3058	ATF7IP2	E517E;S518G	Silent;Missense	0.20544156983342
3059	ATF7IP2	S525P	Missense	0.1141266088106773
3060	ATF7IP2	H526H;S527P	Silent;Missense	-0.049296093
3061	ATF7IP2	H526H;S527P	Silent;Missense	0.5300616366320298
3062	ATF7IP2	S527P	Missense	-0.145359919
3063	ATF7IP2		No Mutation	-0.244195897
3064	ATF7IP2		No Mutation	0.1216775984431686
3065	ATF7IP2	K528K	Silent	0.3769201998642243
3066	ATF7IP2	S533S;K534G	Silent;Missense	-0.418489272
3067	ATF7IP2	A540A	Silent	-0.178795139
3068	ATF7IP2	(NC)	Intron	-0.038418609
3069	ATF7IP2	(NC);(NC);(NC)	Intron;Intron;Intron	-0.002773769
3070	ATF7IP2	L553P	Missense	-0.710500144
3071	ATF7IP2	P555P	Silent	-1.059059184
3072	ATF7IP2		No Mutation	0.7986116688983091
3073	ATF7IP2		No Mutation	1.7599689532574918
3074	ATF7IP2		No Mutation	-0.450990694
3075	ATF7IP2		No Mutation	-0.225239003
3076	ATF7IP2	L563P	Missense	0.002907856
3077	ATF7IP2	P564P	Silent	-0.285361322
3078	ATF7IP2	L566P	Missense	0.094856807
3079	ATF7IP2	V567A	Missense	-0.015774876
3080	ATF7IP2	P575P	Silent	-0.487988863
3081	ATF7IP2	P575P	Silent	1.2125475300857658
3082	ATF7IP2	L581P	Missense	0.3958681516202588
3083	ATF7IP2	L581P	Missense	0.099044718
3084	ATF7IP2	L581P	Missense	0.2107538956961092
3085	ATF7IP2		No Mutation	0.0306685397242658
3086	ATF7IP2	E580G	Missense	0.2833906316048449
3087	ATF7IP2	E580G	Missense	1.186505237846002
3088	ATF7IP2		No Mutation	0.057944531
3089	ATF7IP2	N590S	Missense	-0.084565007
3090	ATF7IP2	L594P	Missense	0.519827629
3091	ATF7IP2	L594P;T595T	Missense;Silent	0.0262911724102564
3092	ATF7IP2	I598T	Missense	0.6116003784151226
3093	ATF7IP2	C605R	Missense	0.159287912373943
3094	ATF7IP2	V608A	Missense	0.003923913
3095	ATF7IP2	V608A	Missense	0.056919486
3096	ATF7IP2	L613P	Missense	-0.284959581
3097	ATF7IP2	H617H	Silent	-0.37383301
3098	ATF7IP2	S620P	Missense	0.2756460566260565
3099	ATF7IP2	N621G	Missense	0.0277303023878036
3100	ATF7IP2	I625V	Missense	0.4983873033469359
3101	ATF7IP2	K633K	Silent	-0.394482728
3102	ATF7IP2	C641R	Missense	-0.091452066
3103	ATF7IP2	T642T;L643P;S644P	Silent;Missense;Missense	0.1789413725081879
3104	ATF7IP2	L643P;S644P	Missense;Missense	-0.528341934
3105	ATF7IP2	L643S;S644P	Missense;Missense	0.1164909548375788
3106	ATF7IP2	F646P	Missense	0.3562881635592219
3107	ATF7IP2	F654S;T655T	Missense;Silent	-0.12671049
3108	ATF7IP2	D670G;I671V	Missense;Missense	-0.373821396
3109	ATF7IP2	D670G;I671V	Missense;Missense	-0.031943818
3110	ATF7IP2	E679G;N680D	Missense;Missense	-0.131793752
3111	SETDB2	(NC);(NC)	UTR;UTR	-0.143696486
3112	SETDB2	(NC);(NC)	UTR;UTR	0.2438417006275732
3113	SETDB2	(NC);(NC);M1V	UTR;UTR;Missense	0.4210783744585429
3114	SETDB2	G2G	Silent	0.2713980401340531
3115	SETDB2	D7G	Missense	-0.122479888
3116	SETDB2	A8A;K9E	Silent;Missense	0.2340202482353105
3117	SETDB2	M13V;E14G	Missense;Missense	0.0238010872125681
3118	SETDB2	L15L;E16G	Silent;Missense	-0.108177527
3119	SETDB2	K36G;Q37R	Missense;Missense	0.2692641000495049
3120	SETDB2	K36R;Q37R	Missense;Missense	0.5278014709614659
3121	SETDB2		No Mutation	0.1941164820927912
3122	SETDB2	(NC)	Intron	-0.397626553
3123	SETDB2		No Mutation	0.2359436347357588
3124	SETDB2	V56A	Missense	0.3549307686995767
3125	SETDB2	S64G	Missense	0.462553560089979
3126	SETDB2	S64G	Missense	0.3276936797136287
3127	SETDB2	(NC);(NC)	Intron;Intron	-0.430090606
3128	SETDB2	S72P	Missense	0.0213223704535441
3129	SETDB2	S72P	Missense	0.073852581
3130	SETDB2		No Mutation	0.2143838377374711
3131	SETDB2	N77G	Missense	0.1700908167706421
3132	SETDB2	(NC);(NC)	Intron;Intron	0.2758375251462417
3133	SETDB2	(NC);(NC);(NC)	Intron;Intron;Intron	0.1146103670931208
3134	SETDB2	M84V	Missense	0.479467694
3135	SETDB2		No Mutation	-0.234196461
3136	SETDB2	T87A	Missense	0.1063141680408067
3137	SETDB2		No Mutation	-0.052319381
3138	SETDB2	S100S	Silent	0.4643576992492613
3139	SETDB2	C111C	Silent	0.4183347677088119
3140	SETDB2	F113P;L114P	Missense;Missense	-0.575788549
3141	SETDB2	(NC);L114L;T115A	Splice-acceptor;Silent;Missense	0.316272911042453
3142	SETDB2	Q143R;S144G	Missense;Missense	0.5940278956880501
3143	SETDB2	S148P	Missense	-0.386742461
3144	SETDB2	K154K;M155V	Silent;Missense	0.1124202371897389
3145	SETDB2	M155V	Missense	-0.257654846
3146	SETDB2	I169T	Missense	0.2197444599308384
3147	SETDB2	I169T	Missense	-0.50185044
3148	SETDB2	F173P	Missense	-0.252178887
3149	SETDB2		No Mutation	-0.865286736
3150	SETDB2	S190G;Y191C	Missense;Missense	0.1184899534956727
3151	SETDB2	Y191C;K192G	Missense;Missense	0.912136104063034
3152	SETDB2	S198S;L199P	Silent;Missense	0.6820336733810808
3153	SETDB2	S198S;L199P	Silent;Missense	-0.458116781
3154	SETDB2	L199P	Missense	0.3308073955781105
3155	SETDB2	G196G;R197G;S198G	Silent;Missense;Missense	-0.006808823
3156	SETDB2	S198G	Missense	0.2022583382463798
3157	SETDB2	C214R	Missense	0.1777349469707163
3158	SETDB2	N225G;T226A	Missense;Missense	0.3185396693204415
3159	SETDB2	Y227C	Missense	0.4908771479850997
3160	SETDB2	A231A	Silent	0.2123916237242711
3161	SETDB2	K238K;E239G	Silent;Missense	0.4669024282799582
3162	SETDB2	D243G	Missense	0.3722096441996331
3163	SETDB2	D245G;I246V	Missense;Missense	0.1095949324291339
3164	SETDB2	N259N	Silent	0.4076145917230571
3165	SETDB2	N259N	Silent	0.4183322535061415
3166	SETDB2		No Mutation	0.1828084367652024
3167	SETDB2		No Mutation	-0.188489067
3168	SETDB2	K270R;Y271C	Missense;Missense	0.087532641
3169	SETDB2	L282P	Missense	0.2507564551405332
3170	SETDB2	M288T;F289P	Missense;Missense	0.1377547049149681
3171	SETDB2	D291D;S292P	Silent;Missense	0.2869433789321957
3172	SETDB2		No Mutation	-0.150873079
3173	SETDB2		No Mutation	-0.252804579
3174	SETDB2		No Mutation	-0.047738376
3175	SETDB2	I302V	Missense	-0.237968723
3176	SETDB2	(NC);(NC);(NC);(NC)	Intron;Intron;Intron;Intron	0.3206504290422662
3177	SETDB2	(NC)	Intron	-0.092397628
3178	SETDB2		No Mutation	0.1534187297224384
3179	SETDB2	L320S;S321P	Missense;Missense	0.057434702
3180	SETDB2	S322G;D323G	Missense;Missense	0.1798416478363353
3181	SETDB2	Q335R;R336G	Missense;Missense	0.093187216
3182	SETDB2	Q335R;R336G	Missense;Missense	-0.217605708
3183	SETDB2	Q337R;I338V	Missense;Missense	0.0224539781594061
3184	SETDB2		No Mutation	-0.072744223
3185	SETDB2	(NC);(NC)	Intron;Intron	0.4712162699319823
3186	SETDB2	C351C;N352N	Silent;Silent	-0.24249889
3187	SETDB2	N358G	Missense	0.2506920315173167
3188	SETDB2	H363H;G364G	Silent;Silent	0.1072506286101043
3189	SETDB2	Q362R;H363R	Missense;Missense	0.6801669836494031
3190	SETDB2	V367A	Missense	-0.033072697
3191	SETDB2		No Mutation	-0.042086094
3192	SETDB2	V371A	Missense	0.2085876517883246
3193	SETDB2	K373E	Missense	-0.380135782
3194	SETDB2	K373G	Missense	0.3589768008232445
3195	SETDB2	K373R;T374A	Missense;Missense	0.2547520104630982
3196	SETDB2	K373K;T374A	Silent;Missense	0.2630244004646896
3197	SETDB2	T374A;E375G	Missense;Missense	0.5784838771021743
3198	SETDB2	L384L;D385G	Silent;Missense	0.1637556580357202
3199	SETDB2	L384L;D385G	Silent;Missense	0.95550501079382
3200	SETDB2		No Mutation	0.1693305340234268
3201	SETDB2	L401P	Missense	0.2752315707885182
3202	SETDB2	N405G;T406A	Missense;Missense	0.3714907755503538
3203	SETDB2	Y410C	Missense	0.7470652794726041
3204	SETDB2	Y410C	Missense	-0.524004413
3205	SETDB2	E442G	Missense	0.8766631450905771
3206	SETDB2	E442E	Silent	-0.396578761
3207	SETDB2		No Mutation	0.0159873774304847
3208	SETDB2		No Mutation	-0.372404218
3209	SETDB2	N466N	Silent	-0.576905904
3210	SETDB2	S465G	Missense	-0.549625135
3211	SETDB2	N467N	Silent	-0.161983445
3212	SETDB2	V473A;(NC)	Missense;Splice-donor	-0.42744793
3213	SETDB2	V473A;(NC)	Missense;Splice-donor	0.228875631270781
3214	SETDB2		No Mutation	-0.342771991
3215	SETDB2	Y477H	Missense	-0.02212676
3216	SETDB2	I498T	Missense	0.006890405
3217	SETDB2	F499S	Missense	-0.062861936
3218	SETDB2	N502N	Silent	-0.099336493
3219	SETDB2	Q500Q;H501R;N502D	Silent;Missense;Missense	0.4130234682405989
3220	SETDB2	(NC);(NC);(NC);(NC)	Intron;Intron;Intron;Intron	-0.002027628
3221	SETDB2	(NC);(NC);(NC)	Intron;Intron;Intron	0.3163614535625318
3222	SETDB2	F508P	Missense	0.5833951832994374
3223	SETDB2	T515T	Silent	-0.793312426
3224	SETDB2	T515A	Missense	0.2522250112849827
3225	SETDB2	F522P	Missense	0.3006462460038046
3226	SETDB2	L529P	Missense	-0.093259485
3227	SETDB2	S531P	Missense	-0.944279646
3228	SETDB2	S531P	Missense	0.270189386
3229	SETDB2	N530D	Missense	0.2027418350783161
3230	SETDB2	N530G	Missense	0.5681030320895788
3231	SETDB2	K534G	Missense	0.1283033135019948
3232	SETDB2	(NC)	Splice-donor	0.1017063756569456
3233	SETDB2	(NC);(NC)	Intron;Intron	-0.131868952
3234	SETDB2		No Mutation	0.7091942998525521
3235	SETDB2	F548F	Silent	0.4235110060922642
3236	SETDB2	R565R;E566G	Silent;Missense	0.0123574999601637
3237	SETDB2	P570P;R571G;S572G	Silent;Missense;Missense	0.030967603
3238	SETDB2	C574R	Missense	-0.382983136
3239	SETDB2		No Mutation	-0.802833158
3240	SETDB2	N575G	Missense	0.343003507
3241	SETDB2	D581D	Silent	0.06967984
3242	SETDB2	N584N	Silent	0.2006386943239996
3243	SETDB2	N582G	Missense	0.059186184
3244	SETDB2	I585V;K586E	Missense;Missense	0.021487256
3245	SETDB2	Q592Q;I593V	Silent;Missense	-0.150032395
3246	SETDB2	I593V;Q594R	Missense;Missense	0.1452559466997572
3247	SETDB2	S601P	Missense	0.000483972
3248	SETDB2	S601S	Silent	-0.474457673
3249	SETDB2	S601S	Silent	0.3264743814388662
3250	SETDB2	T602T;A603A	Silent;Silent	0.5398120440526106
3251	SETDB2	S624S;D625D	Silent;Silent	-0.118101011
3252	SETDB2	L627L;T628A	Silent;Missense	0.3556616010751774
3253	SETDB2	D639G	Missense	0.2163530455282745
3254	SETDB2	T641A;K642G	Missense;Missense	-0.090723186
3255	SETDB2		No Mutation	0.2594114381203602
3256	SETDB2	N651D	Missense	0.254799415372927
3257	SETDB2	(NC)	Intron	0.2925920522755909
3258	SETDB2		No Mutation	0.3744540799047897
3259	SETDB2	(NC);(NC);(NC);(NC)	Intron;Intron;Intron;Intron	0.4110854839773423
3260	SETDB2		No Mutation	0.2367830310676459
3261	SETDB2		No Mutation	0.078015847
3262	SETDB2		No Mutation	0.1321164066258364
3263	SETDB2	F678P	Missense	-0.385141531
3264	SETDB2	A676A	Silent	-0.073783181
3265	SETDB2	(NC);(NC);(NC)	Intron;Intron;Intron	0.2925693416763063
3266	SETDB2	A685A;R686G	Silent;Missense	0.2163836404114222
3267	SETDB2	A685A;R686G;T687A	Silent;Missense;Missense	0.084316738
3268	SETDB2	E688G	Missense	-0.106225227
3269	SETDB2	D692G;Y693C	Missense;Missense	-0.020250906
3270	SETDB2	D692G;Y693C	Missense;Missense	0.3265544953133016
3271	SETDB2	T699A	Missense	-0.630894887
3272	SETDB2	F706P;C707R	Missense;Missense	-0.511586212
3273	SETDB2	E704G;I705V	Missense;Missense	0.2798663084993726
3274	SETDB2	E704G;I705V	Missense;Missense	0.1716240543136246
3275	SETDB2	E704E;I705V	Silent;Missense	0.2356734208488156
3276	SETDB2	N712N;C714R	Silent;Missense	-0.322925913
3277	EHMT1	(NC)	UTR	-0.591275522
3278	EHMT1		No Mutation	-0.347663673
3279	EHMT1		No Mutation	0.1776742914012458
3280	EHMT1		No Mutation	-0.136186539
3281	EHMT1		No Mutation	0.9402128569959568
3282	EHMT1		No Mutation	-1.108354298
3283	EHMT1	D5D	Silent	-0.285760098
3284	EHMT1	(NC)	Splice-donor	-0.311515258
3285	EHMT1	D5G	Missense	0.0142316918449387
3286	EHMT1	D5G	Missense	0.2540361052114921
3287	EHMT1	(NC)	Splice-donor	0.173899485
3288	EHMT1		No Mutation	-0.730851729
3289	EHMT1		No Mutation	0.0513841786501333
3290	EHMT1	E7G	Missense	-0.18977995
3291	EHMT1	(NC)	Intron	0.1150105862323038
3292	EHMT1	(NC)	Intron	0.6088866620537807
3293	EHMT1		No Mutation	0.5882866192223267
3294	EHMT1	(NC);(NC)	Intron;Intron	-0.020063951
3295	EHMT1	(NC);(NC)	Intron;Intron	-0.221150215
3296	EHMT1	(NC)	Intron	5.9417677415020655
3297	EHMT1		No Mutation	-0.512130955
3298	EHMT1		No Mutation	0.3993379696958169
3299	EHMT1	(NC);(NC);(NC)	Intron;Intron;Splice-acceptor	0.377376434384762
3300	EHMT1	(NC);(NC)	Intron;Splice-acceptor	-0.030942025
3301	EHMT1	(NC)	Splice-acceptor	0.05922329
3302	EHMT1	(NC);A8A	Splice-acceptor;Silent	-0.324037771
3303	EHMT1	A8A	Silent	0.2258290309456776
3304	EHMT1	R12G	Missense	-0.620235901
3305	EHMT1	P15P	Silent	-0.102045406
3306	EHMT1	C20R;V21A	Missense;Missense	-0.166743434
3307	EHMT1	K22E	Missense	-0.128896232
3308	EHMT1	K22G	Missense	-0.067896088
3309	EHMT1	T23A;E24G	Missense;Missense	-0.400840602
3310	EHMT1		No Mutation	0.1947267713090181
3311	EHMT1		No Mutation	-0.121691637
3312	EHMT1	(NC)	Splice-donor	0.2016451161259194
3313	EHMT1		No Mutation	-0.260598669
3314	EHMT1	(NC)	Intron	-1.246400124
3315	EHMT1	(NC)	Intron	-0.06920261
3316	EHMT1		No Mutation	0.1901292520893692
3317	EHMT1	M32V	Missense	-0.196873969
3318	EHMT1		No Mutation	-0.136314707
3319	EHMT1		No Mutation	-0.593316072
3320	EHMT1	E36E	Silent	0.3489522920095565
3321	EHMT1	S38S	Silent	0.3276875242406144
3322	EHMT1	A39A;E40G;K41E	Silent;Missense;Missense	-0.105092964
3323	EHMT1	A43A	Silent	0.008145559
3324	EHMT1	G44G;E45G	Silent;Missense	-0.587244876
3325	EHMT1	H47R	Missense	0.3148715012561579
3326	EHMT1	G52G	Silent	0.3206471874677642
3327	EHMT1	D51G	Missense	0.2767230858114469
3328	EHMT1	D51G	Missense	0.2600915560251733
3329	EHMT1	N68N;A69A	Silent;Silent	0.4295611448466862
3330	EHMT1		No Mutation	0.5166445987883292
3331	EHMT1	H72R;T73A	Missense;Missense	-0.161371985
3332	EHMT1	T73A	Missense	0.064420751
3333	EHMT1	A77A;R78G	Silent;Missense	0.9958834408102508
3334	EHMT1	R78G	Missense	-0.064078276
3335	EHMT1		No Mutation	-0.5430438
3336	EHMT1		No Mutation	-0.273157677
3337	EHMT1		No Mutation	-0.613281258
3338	EHMT1		No Mutation	-0.120242308
3339	EHMT1	T85A	Missense	0.0341418577416638
3340	EHMT1	T87A	Missense	-0.094793042
3341	EHMT1	I91T	Missense	-0.461064449
3342	EHMT1	T89A	Missense	0.087297276
3343	EHMT1		No Mutation	0.2022536117684518
3344	EHMT1	I91V	Missense	0.3321337527843719
3345	EHMT1	S97S;E98G;R99G	Silent;Missense;Missense	0.1648092674748307
3346	EHMT1	F114L	Missense	-0.770624257
3347	EHMT1	T117T	Silent	0.4335940435299876
3348	EHMT1	Q116R	Missense	-0.3890231
3349	EHMT1		No Mutation	0.086034864
3350	EHMT1	G124G;Y125C;I126V	Silent;Missense;Missense	0.5057698787326358
3351	EHMT1	L127L;N128G;K129E	Silent;Missense;Missense	0.3717748613085003
3352	EHMT1		No Mutation	0.7117157952573853
3353	EHMT1	L132L;Q133R	Silent;Missense	1.4687159120152105
3354	EHMT1	L137P	Missense	0.197966014
3355	EHMT1	L137P	Missense	0.013950556402283
3356	EHMT1	R138G;T139A	Missense;Missense	-0.076627943
3357	EHMT1		No Mutation	0.3062727947024439
3358	EHMT1	T142T	Silent	-1.349308872
3359	EHMT1	S145S;S146P	Silent;Missense	-0.046435164
3360	EHMT1		No Mutation	0.037952191
3361	EHMT1	H150H	Silent	0.091920643
3362	EHMT1		No Mutation	0.4202119728123951
3363	EHMT1	A152A;K153G	Silent;Missense	-0.51517
3364	EHMT1	A152A;K153G	Silent;Missense	-0.113753641
3365	EHMT1	A152A;K153G;T154A	Silent;Missense;Missense	-0.076863528
3366	EHMT1	T154A	Missense	-0.335600938
3367	EHMT1		No Mutation	-0.576064543
3368	EHMT1	A159A	Silent	0.21568943906897
3369	EHMT1	A159A	Silent	-0.521851124
3370	EHMT1	G157G	Silent	0.0612022723524497
3371	EHMT1		No Mutation	0.1107963722797127
3372	EHMT1		No Mutation	1.2194067076737014
3373	EHMT1		No Mutation	-0.164548645
3374	EHMT1		No Mutation	-0.502827123
3375	EHMT1		No Mutation	-0.141257201
3376	EHMT1		No Mutation	-0.59073959
3377	EHMT1		No Mutation	0.2893926891274097
3378	EHMT1	P175P	Silent	-0.180161393
3379	EHMT1	P175P	Silent	-0.31709366
3380	EHMT1	L179P	Missense	-0.74551233
3381	EHMT1	P175P;P176P	Silent;Silent	-0.10355429
3382	EHMT1	P176P	Silent	0.1471883757580241
3383	EHMT1	P176P	Silent	-0.89809967
3384	EHMT1	L179P	Missense	-0.320642727
3385	EHMT1	L179L	Silent	-0.015277269
3386	EHMT1		No Mutation	-0.173665941
3387	EHMT1		No Mutation	-0.248632838
3388	EHMT1	S183S	Silent	-0.332447049
3389	EHMT1	S183S;A184A	Silent;Silent	-0.546511392
3390	EHMT1	S183S;A184A	Silent;Silent	-1.175050924
3391	EHMT1	S183G	Missense	0.1951450876610885
3392	EHMT1		No Mutation	-0.234864097
3393	EHMT1	T186T;E187G	Silent;Missense	-0.002665477
3394	EHMT1	R189G;K190G	Missense;Missense	1.0297339920000237
3395	EHMT1		No Mutation	0.1108894436732719
3396	EHMT1		No Mutation	-0.720258808
3397	EHMT1	V198A	Missense	2.647784446646494
3398	EHMT1	V198A	Missense	-0.020859554
3399	EHMT1		No Mutation	0.084222103
3400	EHMT1	V200A	Missense	-1.605685428
3401	EHMT1	D197G	Missense	-0.338504699
3402	EHMT1	D197G	Missense	0.0188369317832586
3403	EHMT1		No Mutation	0.2473572662652098
3404	EHMT1		No Mutation	-1.229622715
3405	EHMT1	M207V	Missense	-0.152902508
3406	EHMT1	M207V	Missense	-0.189809078
3407	EHMT1	V211A;V212A	Missense;Missense	0.053449321
3408	EHMT1	K209G	Missense	1.6208910921899973
3409	EHMT1	L214P	Missense	-0.997210665
3410	EHMT1	(NC);(NC);(NC)	Splice-donor;Intron;Intron	0.5034178456925309
3411	EHMT1	(NC);(NC);(NC)	Intron;Intron;Intron	0.3450812244517535
3412	EHMT1		No Mutation	0.2282885440010575
3413	EHMT1		No Mutation	-1.036064148
3414	EHMT1	A227A	Silent	0.2726624260526125
3415	EHMT1	R225R;E226G	Silent;Missense	0.904823198
3416	EHMT1	H230R;K231E	Missense;Missense	0.1581495958910334
3417	EHMT1	K239G;N240G	Missense;Missense	0.3524122281392713
3418	EHMT1	L256P	Missense	-0.176748687
3419	EHMT1	L256P;H257H	Missense;Silent	0.1458363066481352
3420	EHMT1	L256L;H257H	Silent;Silent	0.2289309553809476
3421	EHMT1	H257H	Silent	-0.104833506
3422	EHMT1	H257H	Silent	-0.106668979
3423	EHMT1	S259P	Missense	0.4662757232165215
3424	EHMT1	S259P;L260P	Missense;Missense	0.096879565
3425	EHMT1	L260P;P261P	Missense;Silent	-0.884384737
3426	EHMT1	P261P	Silent	0.2763390500282254
3427	EHMT1	Q262R;N263D	Missense;Missense	-0.229840298
3428	EHMT1	Y266H;M267T	Missense;Missense	0.461649253
3429	EHMT1		No Mutation	-0.355315904
3430	EHMT1	T269A;T270A	Missense;Missense	0.288583055877152
3431	EHMT1	K271K;S272S	Silent;Silent	0.1276204356392186
3432	EHMT1	T274A	Missense	-0.130068692
3433	EHMT1	A283A	Silent	0.3070525278686484
3434	EHMT1	K288G;K289E	Missense;Missense	0.1103372737888352
3435	EHMT1	K288G;K289G	Missense;Missense	0.3404658881181678
3436	EHMT1	R292R;M293V	Silent;Missense	0.1111197174181077
3437	EHMT1	P300P	Silent	0.011377258
3438	EHMT1	K305G	Missense	0.1005322532481177
3439	EHMT1	K305K;V306V	Silent;Silent	1.2300913378651102
3440	EHMT1	I319V;T320A	Missense;Missense	-0.065868692
3441	EHMT1	I319V;T320A	Missense;Missense	0.064346308
3442	EHMT1	T323A	Missense	-0.729597884
3443	EHMT1	(NC)	Splice-donor	-0.22925585
3444	EHMT1	(NC);(NC)	Intron;Intron	-0.077982268
3445	EHMT1	(NC)	Intron	-0.459069949
3446	EHMT1	(NC)	Intron	-0.249960845
3447	EHMT1		No Mutation	0.5139628100955824
3448	EHMT1		No Mutation	0.4832265957098076
3449	EHMT1		No Mutation	0.1998059192165358
3450	EHMT1		No Mutation	0.042615443
3451	EHMT1	(NC)	Splice-acceptor	0.3925300866043527
3452	EHMT1	(NC)	Splice-acceptor	0.009446389
3453	EHMT1	L337P	Missense	0.2399840666607656
3454	EHMT1	S335G;S336G	Missense;Missense	-0.179801092
3455	EHMT1	S336G	Missense	0.4063089000856453
3456	EHMT1	S336G	Missense	-0.78881834
3457	EHMT1	V339A;N340N	Missense;Silent	0.3159278850341633
3458	EHMT1	N340D	Missense	0.068401253
3459	EHMT1		No Mutation	0.4487587938600561
3460	EHMT1		No Mutation	0.0384919491883437
3461	EHMT1	S343G	Missense	0.5233135409474142
3462	EHMT1	E345G;M346V	Missense;Missense	-0.024541113
3463	EHMT1	D349D	Silent	0.3899144073296453
3464	EHMT1	D349G	Missense	-0.165784846
3465	EHMT1	D352G	Missense	0.018309126288492
3466	EHMT1	S353S	Silent	0.053784799
3467	EHMT1	E355G	Missense	0.149946361041825
3468	EHMT1	E357G;E358G	Missense;Missense	-0.364091014
3469	EHMT1		No Mutation	-0.037428332
3470	EHMT1	H362R	Missense	-0.094299875
3471	EHMT1		No Mutation	-0.28172947
3472	EHMT1		No Mutation	-0.316635393
3473	EHMT1		No Mutation	0.2619432409109488
3474	EHMT1		No Mutation	-0.463844133
3475	EHMT1		No Mutation	2.034621343197163
3476	EHMT1		No Mutation	-0.104520052
3477	EHMT1	T377T	Silent	1.689213104849744
3478	EHMT1	D374G;S375G	Missense;Missense	-0.096441883
3479	EHMT1	K379E	Missense	0.5318666915686868
3480	EHMT1	K379G	Missense	-0.287821004
3481	EHMT1		No Mutation	-0.086700276
3482	EHMT1		No Mutation	0.1083161573803274
3483	EHMT1	(NC);(NC);(NC)	Intron;Intron;Intron	-0.843022944
3484	EHMT1	(NC)	Intron	-0.46789069
3485	EHMT1	(NC);(NC)	Intron;Intron	-0.198891921
3486	EHMT1	(NC)	Intron	-0.19456419
3487	EHMT1	(NC);(NC)	Intron;Intron	0.1948899953940133
3488	EHMT1	(NC)	Intron	0.086747587
3489	EHMT1		No Mutation	-0.444459502
3490	EHMT1		No Mutation	0.006271407
3491	EHMT1		No Mutation	-0.003178231
3492	EHMT1		No Mutation	0.105250678991109
3493	EHMT1	M391V	Missense	0.4829963320594133
3494	EHMT1	D392G	Missense	-0.496999747
3495	EHMT1	E394G	Missense	0.7314008791841031
3496	EHMT1	E397G	Missense	-0.550126514
3497	EHMT1	S401P	Missense	0.7262250674604012
3498	EHMT1	Q399R;E400G	Missense;Missense	0.887936922
3499	EHMT1	Q399R;E400G	Missense;Missense	-0.264399548
3500	EHMT1	E400G	Missense	-0.009641693
3501	EHMT1		No Mutation	-0.21327712
3502	EHMT1		No Mutation	-0.361723386
3503	EHMT1	D403G;T404A	Missense;Missense	0.1685550554701435
3504	EHMT1		No Mutation	-0.724712991
3505	EHMT1	T404A	Missense	-0.201553957
3506	EHMT1	E406G	Missense	0.4243336867745447
3507	EHMT1		No Mutation	0.1578875355704707
3508	EHMT1		No Mutation	-0.338241153
3509	EHMT1	(NC)	Intron	-0.844291522
3510	EHMT1	(NC)	Intron	0.1756967037173346
3511	EHMT1		No Mutation	4.039518165842275
3512	EHMT1	S417S	Silent	-0.063385996
3513	EHMT1	S417S;S418P	Silent;Missense	0.3914759990677521
3514	EHMT1		No Mutation	0.02225979
3515	EHMT1	F426P	Missense	0.404841893
3516	EHMT1	K423R;K424G	Missense;Missense	0.1185563235829013
3517	EHMT1	K425G	Missense	0.0131685886576234
3518	EHMT1	G431G;K432G	Silent;Missense	-0.201162639
3519	EHMT1	I438T	Missense	0.4387824215846558
3520	EHMT1		No Mutation	-0.526915162
3521	EHMT1		No Mutation	-0.320301491
3522	EHMT1	K439G	Missense	-0.033113432
3523	EHMT1		No Mutation	-0.154970988
3524	EHMT1	K439R;P440P	Missense;Silent	-0.013066668
3525	EHMT1	P440P	Silent	0.2070607297718728
3526	EHMT1	S448G;R449G	Missense;Missense	0.437084814
3527	EHMT1	K451G	Missense	-0.011790138
3528	EHMT1	(NC)	Splice-donor	-0.078006954
3529	EHMT1	(NC)	Splice-donor	0.2446158966204465
3530	EHMT1		No Mutation	-0.484998024
3531	EHMT1		No Mutation	-0.366323211
3532	EHMT1		No Mutation	0.063327614
3533	EHMT1		No Mutation	-1.051663134
3534	EHMT1	(NC)	Intron	1.6294488571538226
3535	EHMT1	(NC);(NC);(NC)	Intron;Intron;Intron	-0.910232162
3536	EHMT1	(NC)	Intron	0.088052546
3537	EHMT1	(NC);(NC);(NC)	Intron;Intron;Intron	0.1865647737125123
3538	EHMT1		No Mutation	-0.934936669
3539	EHMT1	G457G;S458P	Silent;Missense	0.065278349
3540	EHMT1	Y461H	Missense	0.095454819
3541	EHMT1	Y461C	Missense	-0.014881848
3542	EHMT1	A465A;G466G;S467G	Silent;Silent;Missense	0.1124297267710527
3543	EHMT1	E469G	Missense	-0.206424496
3544	EHMT1	A472A	Silent	-0.29814566
3545	EHMT1	A472A;P473P	Silent;Silent	-0.151231378
3546	EHMT1	G474G;D475G;S476G	Silent;Missense;Missense	0.0491490458905249
3547	EHMT1	Y479H	Missense	0.2688341336866198
3548	EHMT1	Y479C;M480V	Missense;Missense	-1.676992099
3549	EHMT1	E481E	Silent	0.9039566068497872
3550	EHMT1	D488G	Missense	0.2021037699055796
3551	EHMT1	V491A	Missense	0.427644049
3552	EHMT1		No Mutation	0.2222707722418508
3553	EHMT1	I494I;L495P;S496P	Silent;Missense;Missense	-0.342063212
3554	EHMT1		No Mutation	-0.451689151
3555	EHMT1	Q498R	Missense	0.2836596602760992
3556	EHMT1	A499A;E500G	Silent;Missense	0.1182720674638967
3557	EHMT1		No Mutation	-0.107304998
3558	EHMT1		No Mutation	-0.216765116
3559	EHMT1		No Mutation	0.026949624
3560	EHMT1	(NC)	Intron	-0.307950639
3561	EHMT1	N504G	Missense	0.1772757992184573
3562	EHMT1	V508A;L509P	Missense;Missense	0.1685692475101749
3563	EHMT1	D507G	Missense	1.8465160059536412
3564	EHMT1		No Mutation	0.5383625824530454
3565	EHMT1	E510G;T511A	Missense;Missense	-0.394429909
3566	EHMT1	P518P;L519P;C520R	Silent;Missense;Missense	-0.550372778
3567	EHMT1	C520R	Missense	0.428919006247189
3568	EHMT1		No Mutation	-0.306958194
3569	EHMT1		No Mutation	-1.243934213
3570	EHMT1	M524T	Missense	0.3765525470142191
3571	EHMT1		No Mutation	0.1238981303187076
3572	EHMT1	I532T	Missense	-0.791064806
3573	EHMT1	R530R	Silent	-0.071235424
3574	EHMT1		No Mutation	0.2541356361408284
3575	EHMT1	N537D	Missense	0.030193537
3576	EHMT1	M541T;A542A	Missense;Silent	0.1907649170269056
3577	EHMT1	M541V	Missense	0.1455412271856467
3578	EHMT1		No Mutation	-0.740976622
3579	EHMT1	(NC);(NC);(NC)	Intron;Intron;Intron	0.7795872566544935
3580	EHMT1	(NC);(NC)	Intron;Intron	-0.08557181
3581	EHMT1		No Mutation	0.1797878087114691
3582	EHMT1		No Mutation	0.002465093
3583	EHMT1	(NC)	Intron	0.2777130045235599
3584	EHMT1	(NC)	Intron	0.099426713
3585	EHMT1		No Mutation	0.2521393308401291
3586	EHMT1	V557A	Missense	-0.192964625
3587	EHMT1	M563V	Missense	-0.123364309
3588	EHMT1		No Mutation	-0.177770913
3589	EHMT1	L571P	Missense	-0.552479794
3590	EHMT1	L571P	Missense	-0.214371189
3591	EHMT1	L571P;L572P	Missense;Missense	-0.135617086
3592	EHMT1	L574P;C575R	Missense;Missense	0.2147177641759066
3593	EHMT1	C575R	Missense	0.066834775
3594	EHMT1	C575R	Missense	-0.228824023
3595	EHMT1		No Mutation	0.3536978378986962
3596	EHMT1		No Mutation	0.1044102671113604
3597	EHMT1		No Mutation	0.1337153487263864
3598	EHMT1		No Mutation	-0.274665956
3599	EHMT1	E576E;D577G	Silent;Missense	-0.097191663
3600	EHMT1	V583A	Missense	-0.214296816
3601	EHMT1		No Mutation	0.1565449867918178
3602	EHMT1	C587R	Missense	0.1642282452749399
3603	EHMT1	K584G;H585R	Missense;Missense	-0.161191259
3604	EHMT1	Q586R	Missense	0.5727159538657935
3605	EHMT1	C591R	Missense	0.8215618554652029
3606	EHMT1	F594P;C595R	Missense;Missense	0.016658391
3607	EHMT1		No Mutation	-0.380031012
3608	EHMT1		No Mutation	-0.229654292
3609	EHMT1	G598G;N599N	Silent;Silent	0.286387857
3610	EHMT1	N599N;F600P	Silent;Missense	0.1927154195121752
3611	EHMT1	N599N;F600P	Silent;Missense	0.3394146668113067
3612	EHMT1	S610P	Missense	-0.007062944
3613	EHMT1	S610S	Silent	0.3450792710300425
3614	EHMT1	C617R	Missense	0.4804163136677917
3615	EHMT1	S619P	Missense	-0.249046621
3616	EHMT1		No Mutation	-0.135265046
3617	EHMT1	S625G;Y626C	Missense;Missense	-0.245449491
3618	EHMT1	Y626C	Missense	-0.094019609
3619	EHMT1	Y626C	Missense	-0.608212906
3620	EHMT1	C630R	Missense	-0.385853028
3621	EHMT1		No Mutation	-1.25498741
3622	EHMT1		No Mutation	-0.014642328
3623	EHMT1		No Mutation	-0.711037157
3624	EHMT1		No Mutation	-0.107781376
3625	EHMT1	S635P	Missense	-0.514834808
3626	EHMT1	S634G	Missense	-0.039171624
3627	EHMT1	V640A	Missense	-0.033531153
3628	EHMT1	I642T;A643A	Missense;Silent	0.1924721517299844
3629	EHMT1		No Mutation	0.4337107118771678
3630	EHMT1	T650A	Missense	-0.688763784
3631	EHMT1		No Mutation	-0.015908483
3632	EHMT1	V654A	Missense	0.2391414909639996
3633	EHMT1	T652A	Missense	-0.284913483
3634	EHMT1		No Mutation	2.212330741423474
3635	EHMT1	P653P	Silent	0.080301411
3636	EHMT1		No Mutation	-0.881553392
3637	EHMT1		No Mutation	-0.732571862
3638	EHMT1		No Mutation	-0.909671275
3639	EHMT1	S661P	Missense	-0.503040274
3640	EHMT1	S661P	Missense	-0.653216532
3641	EHMT1	S661P	Missense	-0.032012219
3642	EHMT1	E658G;K659E	Missense;Missense	-0.035635194
3643	EHMT1	K659G	Missense	0.3410787959972597
3644	EHMT1	K659G	Missense	-0.158050831
3645	EHMT1		No Mutation	-0.002772236
3646	EHMT1		No Mutation	-0.196071722
3647	EHMT1		No Mutation	1.1988390196215115
3648	EHMT1		No Mutation	-0.127501925
3649	EHMT1	R666G	Missense	0.3780118186988556
3650	EHMT1	R666G	Missense	-0.226466378
3651	EHMT1	D668G	Missense	3.9179508616232086
3652	EHMT1		No Mutation	-0.399826058
3653	EHMT1	T670A;T671A	Missense;Missense	-0.097794403
3654	EHMT1	(NC)	Intron	0.2979771243176999
3655	EHMT1	S673G	Missense	0.1811654889935224
3656	EHMT1	(NC)	Intron	0.1629729783934832
3657	EHMT1		No Mutation	0.1728534689407505
3658	EHMT1	(NC)	Intron	-0.839850472
3659	EHMT1	(NC)	Intron	0.1671783939236986
3660	EHMT1	(NC)	Intron	0.1780387342030187
3661	EHMT1	(NC)	Intron	-0.125157639
3662	EHMT1	S673S	Silent	0.1985506329381647
3663	EHMT1		No Mutation	-0.372812178
3664	EHMT1		No Mutation	0.1644522799224334
3665	EHMT1	A674A	Silent	0.023783866406791
3666	EHMT1		No Mutation	-0.305990926
3667	EHMT1		No Mutation	-0.068826881
3668	EHMT1		No Mutation	-0.504860392
3669	EHMT1		No Mutation	0.003519189
3670	EHMT1		No Mutation	0.2034715439922424
3671	EHMT1		No Mutation	-0.44076608
3672	EHMT1		No Mutation	-0.197801944
3673	EHMT1		No Mutation	-0.307771133
3674	EHMT1	E681G	Missense	0.4387976148410024
3675	EHMT1	E681G;D682G	Missense;Missense	0.095656861
3676	EHMT1	A688A	Silent	-0.122326202
3677	EHMT1		No Mutation	0.3448141297596623
3678	EHMT1		No Mutation	-0.106584904
3679	EHMT1	F696P	Missense	0.1345593077848421
3680	EHMT1	F696P	Missense	0.0317258955679538
3681	EHMT1	E694G	Missense	-0.382372435
3682	EHMT1	E694G	Missense	1.252202323070405
3683	EHMT1		No Mutation	0.084914856
3684	EHMT1		No Mutation	-0.008827171
3685	EHMT1	D697G	Missense	0.1755455141019968
3686	EHMT1	D697G;P698P	Missense;Silent	0.3932507848055301
3687	EHMT1	T699A	Missense	0.2272384716337895
3688	EHMT1	G700G	Silent	-1.333287668
3689	EHMT1	L704P	Missense	-0.323655558
3690	EHMT1	G700G	Silent	-0.62871404
3691	EHMT1		No Mutation	0.3116146418927931
3692	EHMT1		No Mutation	0.6731859350427554
3693	EHMT1	P707P;T708A	Silent;Missense	-0.219605748
3694	EHMT1	T708A	Missense	0.608604032
3695	EHMT1	S712P	Missense	0.001475393
3696	EHMT1		No Mutation	-0.566671229
3697	EHMT1		No Mutation	2.2941266623558354
3698	EHMT1		No Mutation	0.1117059555679818
3699	EHMT1		No Mutation	0.075750317
3700	EHMT1		No Mutation	-0.115342722
3701	EHMT1		No Mutation	-1.28060532
3702	EHMT1		No Mutation	-0.247458745
3703	EHMT1	G714G;P715P	Silent;Silent	-0.259646264
3704	EHMT1		No Mutation	-1.197371485
3705	EHMT1	L720P	Missense	-1.114120536
3706	EHMT1	L724P;I725T	Missense;Missense	-0.127331736
3707	EHMT1	I725V	Missense	-0.038876452
3708	EHMT1	L735P	Missense	0.4992774935584377
3709	EHMT1	L735P	Missense	0.2280207456001587
3710	EHMT1	F737P	Missense	0.082074626
3711	EHMT1	F737S	Missense	-0.663265946
3712	EHMT1	Y743H;F744L	Missense;Missense	0.089238378
3713	EHMT1	F744P;S745P	Missense;Missense	-0.28634177
3714	EHMT1	F744P;S745P	Missense;Missense	4.006997014
3715	EHMT1	Q741R	Missense	0.3247986524390708
3716	EHMT1	Y743C	Missense	0.4858349630603646
3717	EHMT1	Y743C	Missense	-0.162939075
3718	EHMT1		No Mutation	-0.027831534
3719	EHMT1	L751P	Missense	-0.159409402
3720	EHMT1	Q748R	Missense	0.344429403
3721	EHMT1	L751P	Missense	-0.462122651
3722	EHMT1	K753G	Missense	0.086129475
3723	EHMT1	K753G	Missense	-0.081444696
3724	EHMT1	(NC)	Intron	-0.264186008
3725	EHMT1	(NC)	Intron	-0.424259479
3726	EHMT1	(NC)	Intron	0.1630858442487949
3727	EHMT1		No Mutation	0.5470858947961625
3728	EHMT1	(NC)	Intron	-0.020265924
3729	EHMT1		No Mutation	-0.319909719
3730	EHMT1	D763G	Missense	0.3780739689513759
3731	EHMT1	S775S	Silent	-0.096493143
3732	EHMT1		No Mutation	0.1070625603586937
3733	EHMT1	P776P	Silent	0.5136983877200735
3734	EHMT1	H778R	Missense	0.1520029281696369
3735	EHMT1		No Mutation	-0.21059432
3736	EHMT1	A781A	Silent	-0.067638858
3737	EHMT1		No Mutation	-0.551390437
3738	EHMT1	D787G;I788V	Missense;Missense	0.4837038806450048
3739	EHMT1		No Mutation	0.2293290315251404
3740	EHMT1	H790R;M791V	Missense;Missense	-0.117689915
3741	EHMT1		No Mutation	0.000497549
3742	EHMT1	(NC)	Splice-donor	0.4633214438132756
3743	EHMT1	Q794R	Missense	-0.242309773
3744	EHMT1	(NC)	Intron	-0.670764781
3745	EHMT1	(NC);(NC)	Intron;Intron	0.0516783079803577
3746	EHMT1	(NC)	Intron	0.1945162508237085
3747	EHMT1		No Mutation	-0.491861496
3748	EHMT1	(NC)	Intron	-0.456710222
3749	EHMT1		No Mutation	0.4746667278944637
3750	EHMT1		No Mutation	-0.088565016
3751	EHMT1	Q806R;R807G	Missense;Missense	-0.734115255
3752	EHMT1	M811T	Missense	-0.459887118
3753	EHMT1		No Mutation	-0.035614341
3754	EHMT1		No Mutation	-0.374124667
3755	EHMT1	A813A	Silent	0.3307705748756904
3756	EHMT1	Y824H	Missense	-0.719936381
3757	EHMT1	A821A;K823E	Silent;Missense	0.2996679969725108
3758	EHMT1	K823G;Y824C	Missense;Missense	0.1332359778487054
3759	EHMT1	K823R;Y824C	Missense;Missense	-0.243243149
3760	EHMT1	Y824C	Missense	-0.234111016
3761	EHMT1	I826V;K827E	Missense;Missense	-0.24653637
3762	EHMT1	K827G	Missense	-0.422999381
3763	EHMT1		No Mutation	0.216209226252414
3764	EHMT1		No Mutation	-0.497995878
3765	EHMT1	(NC)	Splice-donor	-0.113652068
3766	EHMT1	(NC);(NC)	Splice-donor;Intron	0.169014391936326
3767	EHMT1	(NC);(NC)	Intron;Intron	-0.098666305
3768	EHMT1	(NC);(NC)	Intron;Intron	0.0759703
3769	EHMT1	(NC)	Intron	0.1107380752784849
3770	EHMT1		No Mutation	0.3094045708565942
3771	EHMT1		No Mutation	-0.427651806
3772	EHMT1	T841A	Missense	0.2379033221142094
3773	EHMT1	H844R	Missense	-0.013447565
3774	EHMT1		No Mutation	0.1809838135377691
3775	EHMT1	K849G	Missense	1.1739491447675647
3776	EHMT1		No Mutation	0.5535851370807626
3777	EHMT1	Y857H	Missense	-0.590647246
3778	EHMT1	Q856R;Y857C	Missense;Missense	-0.127125999
3779	EHMT1	N861N	Silent	0.2851209976230568
3780	EHMT1		No Mutation	0.185943468292804
3781	EHMT1		No Mutation	-0.034705683
3782	EHMT1	M864V	Missense	0.2337333224324526
3783	EHMT1		No Mutation	-0.017312969
3784	EHMT1		No Mutation	0.032671541
3785	EHMT1		No Mutation	-0.036744045
3786	EHMT1	D870D	Silent	0.08706036
3787	EHMT1	(NC)	Splice-acceptor	0.1396687067687112
3788	EHMT1		No Mutation	0.2904089702181531
3789	EHMT1		No Mutation	-0.056186505
3790	EHMT1		No Mutation	-0.039083365
3791	EHMT1	T875A	Missense	-0.765254839
3792	EHMT1		No Mutation	0.3789522047486074
3793	EHMT1		No Mutation	0.005105414
3794	EHMT1	T881A	Missense	-0.551793209
3795	EHMT1	V886A	Missense	-0.250397058
3796	EHMT1	K890G	Missense	-0.661394701
3797	EHMT1	L893P;S894P	Missense;Missense	0.2220846597821863
3798	EHMT1	K890G	Missense	0.3950429824118583
3799	EHMT1	I899T	Missense	-0.556207469
3800	EHMT1	(NC);(NC);(NC)	Intron;Intron;Intron	-1.022886453
3801	EHMT1		No Mutation	-0.03159506
3802	EHMT1		No Mutation	0.1967523706707956
3803	EHMT1		No Mutation	-1.227897436
3804	EHMT1		No Mutation	-0.010122432
3805	EHMT1	E906G;N907G	Missense;Missense	0.4256299141583023
3806	EHMT1	N907G;I908V	Missense;Missense	-0.490968537
3807	EHMT1	I908V	Missense	-0.025972456
3808	EHMT1	H911R	Missense	-0.142545324
3809	EHMT1	F915P;S916P	Missense;Missense	0.1650900802293486
3810	EHMT1		No Mutation	0.1258753622797553
3811	EHMT1	I921T	Missense	-0.256888964
3812	EHMT1	I921V	Missense	0.3700585662357285
3813	EHMT1	A927A	Silent	-0.182152023
3814	EHMT1	C930R	Missense	0.00132782
3815	EHMT1		No Mutation	0.3945697493374578
3816	EHMT1	H933R	Missense	0.3831390891686752
3817	EHMT1	I937T	Missense	-0.003001206
3818	EHMT1		No Mutation	0.12590397
3819	EHMT1		No Mutation	0.3643356267060965
3820	EHMT1	L943P	Missense	0.2678018761333746
3821	EHMT1	P942P	Silent	0.6713460639897524
3822	EHMT1	P942P	Silent	-0.191212436
3823	EHMT1		No Mutation	0.076206047
3824	EHMT1	Y952H	Missense	-0.169662836
3825	EHMT1		No Mutation	0.3738179175272941
3826	EHMT1	C954R	Missense	-0.286834801
3827	EHMT1	V956A;(NC)	Missense;Splice-donor	0.8866054981740034
3828	EHMT1	(NC);(NC);(NC)	Intron;Intron;Intron	0.283997935507654
3829	EHMT1	F958F;L959P;S960P	Silent;Missense;Missense	0.1988265539744172
3830	EHMT1	L959P;S960P	Missense;Missense	0.3564703732136499
3831	EHMT1	D962D;S963P	Silent;Missense	0.081735883
3832	EHMT1	T966A	Missense	0.188899175704178
3833	EHMT1	T966A	Missense	0.196769100843283
3834	EHMT1		No Mutation	-0.082978059
3835	EHMT1	L981P	Missense	-0.127093341
3836	EHMT1	L981P	Missense	0.1310415941271686
3837	EHMT1	L981P	Missense	-0.174830536
3838	EHMT1	S980G	Missense	-0.030196392
3839	EHMT1		No Mutation	-0.528607903
3840	EHMT1	W986R	Missense	0.2799224193052376
3841	EHMT1		No Mutation	0.006884378
3842	EHMT1	M991V;S992G	Missense;Missense	-0.540368114
3843	EHMT1	K993G	Missense	-0.000446575
3844	EHMT1	Q996R;D997G	Missense;Missense	0.5030027171712653
3845	EHMT1	D1001G;R1002G	Missense;Missense	-0.398595626
3846	EHMT1		No Mutation	-0.191536754
3847	EHMT1		No Mutation	-0.029675706
3848	EHMT1	V1006A	Missense	1.2998866982722763
3849	EHMT1		No Mutation	0.2124437295003949
3850	EHMT1	V1006A	Missense	-0.405617492
3851	EHMT1	I1009T	Missense	0.2654683552166871
3852	EHMT1	I1009T	Missense	0.1949416846795483
3853	EHMT1	E1007G	Missense	0.3994064834297988
3854	EHMT1	V1010A	Missense	-0.304723491
3855	EHMT1	V1010A	Missense	0.1851449973265169
3856	EHMT1	V1010A	Missense	-0.209220718
3857	EHMT1	R1012G	Missense	-0.129917483
3858	EHMT1	(NC)	Intron	-0.077965579
3859	EHMT1		No Mutation	-0.163684595
3860	EHMT1		No Mutation	0.1255917356844073
3861	EHMT1		No Mutation	0.160634065877128
3862	EHMT1	I1014T	Missense	-0.297045685
3863	EHMT1	(NC)	Splice-acceptor	0.1670509048913563
3864	EHMT1	A1015A	Silent	0.1538830809536964
3865	EHMT1		No Mutation	0.541832255
3866	EHMT1		No Mutation	0.2569770596745565
3867	EHMT1		No Mutation	-0.05461528
3868	EHMT1		No Mutation	0.5396301360516351
3869	EHMT1	V1029A	Missense	0.4430753111258748
3870	EHMT1	V1029A	Missense	-0.267361471
3871	EHMT1	V1029A	Missense	-0.174521484
3872	EHMT1	C1034R	Missense	0.4706319466215951
3873	EHMT1	Y1038H	Missense	0.5406603958184079
3874	EHMT1	Y1040H	Missense	0.5160776636653766
3875	EHMT1		No Mutation	0.068569843
3876	EHMT1		No Mutation	0.4336609752099054
3877	EHMT1		No Mutation	-0.404045969
3878	EHMT1	N1055N	Silent	-0.397302239
3879	EHMT1	R1054R;N1055G;I1056V	Silent;Missense;Missense	0.4440023263381668
3880	EHMT1	H1058R	Missense	-0.013502563
3881	EHMT1	(NC)	Intron	0.6358098185630683
3882	EHMT1	(NC)	Intron	0.4004000626728501
3883	EHMT1	(NC);(NC);(NC)	Intron;Intron;Intron	-0.505398278
3884	EHMT1	(NC);(NC);(NC)	Intron;Intron;Intron	-0.016594981
3885	EHMT1	(NC);(NC)	Intron;Intron	0.177541994897306
3886	EHMT1	(NC)	Intron	0.6088481617269808
3887	EHMT1	(NC);Y1061H	Intron;Missense	0.6295143090236437
3888	EHMT1	C1062R	Missense	0.5030897657107464
3889	EHMT1	S1071G	Missense	0.3333790098314499
3890	EHMT1	M1074T;C1075R	Missense;Missense	0.1755628917438034
3891	EHMT1		No Mutation	3.049377434141926
3892	EHMT1	Q1077R	Missense	1.536938685
3893	EHMT1	C1082R;W1083R	Missense;Missense	0.0383282677354488
3894	EHMT1		No Mutation	-0.091259254
3895	EHMT1		No Mutation	-0.320213327
3896	EHMT1		No Mutation	0.3011054662670541
3897	EHMT1	Y1084C	Missense	0.1588612561675741
3898	EHMT1		No Mutation	-1.171281708
3899	EHMT1		No Mutation	0.4801640463958789
3900	EHMT1		No Mutation	-0.057033232
3901	EHMT1	(NC);(NC)	Intron;Intron	4.783983303157104
3902	EHMT1	(NC)	Intron	0.012053791
3903	EHMT1	(NC)	Intron	0.788913837
3904	EHMT1		No Mutation	-0.816380163
3905	EHMT1	L1090P;L1091P	Missense;Missense	0.041173166
3906	EHMT1		No Mutation	0.1239577649579493
3907	EHMT1	F1094P	Missense	0.2987997241954508
3908	EHMT1	P1092P	Silent	0.010958122
3909	EHMT1	M1096T	Missense	-0.002997926
3910	EHMT1		No Mutation	0.2553577265826332
3911	EHMT1	C1105R	Missense	0.5300691317638331
3912	EHMT1	C1105R	Missense	-0.854565821
3913	EHMT1		No Mutation	-0.103013794
3914	EHMT1	N1106S;H1107R	Missense;Missense	1.387034876872978
3915	EHMT1	H1107R	Missense	0.3213901458960706
3916	EHMT1	W1112R	Missense	0.5512951239236817
3917	EHMT1		No Mutation	0.0117907811033202
3918	EHMT1	N1117G	Missense	0.078559047
3919	EHMT1		No Mutation	0.0565708155674061
3920	EHMT1	V1120V	Silent	0.3164881842298466
3921	EHMT1	N1122G	Missense	-0.484394529
3922	EHMT1	(NC);(NC)	Intron;Intron	-0.140646859
3923	EHMT1	(NC);(NC);(NC)	Intron;Intron;Intron	0.6613619382440104
3924	EHMT1	A1126A;R1127G	Silent;Missense	-0.007773559
3925	EHMT1	Q1129R	Missense	-0.753028388
3926	EHMT1	Q1129R	Missense	-1.61102384
3927	EHMT1	Y1131C	Missense	0.0137087564997132
3928	EHMT1	Y1131C	Missense	0.2874712570405044
3929	EHMT1	T1133A	Missense	0.7503189408954662
3930	EHMT1	T1133A	Missense	-0.214713417
3931	EHMT1	T1133A	Missense	-0.55744106
3932	EHMT1	W1138R	Missense	0.4855249612735617
3933	EHMT1	D1135G;M1136V	Missense;Missense	0.06462921
3934	EHMT1		No Mutation	-0.404179153
3935	EHMT1	Q1144R	Missense	0.2419941990764185
3936	EHMT1		No Mutation	-1.476082486
3937	EHMT1		No Mutation	0.3357976759015916
3938	EHMT1	F1151F;V1152A;C1153R	Silent;Missense;Missense	0.1718990531987264
3939	EHMT1	V1152A;C1153R	Missense;Missense	0.3564879300818666
3940	EHMT1	C1153R	Missense	-0.07547389
3941	EHMT1	(NC)	Intron	0.3622349068077218
3942	EHMT1	E1154G	Missense	-0.907507343
3943	EHMT1	E1154G	Missense	-0.326574434
3944	EHMT1	(NC)	Intron	0.0124210330573663
3945	EHMT1	(NC)	Intron	0.005477866
3946	EHMT1	(NC)	Intron	-0.348270104
3947	EHMT1	(NC)	Intron	0.7223156522565608
3948	EHMT1		No Mutation	-0.430460769
3949	EHMT1		No Mutation	0.1882834797574684
3950	EHMT1	Y1155H	Missense	0.2526847851608834
3951	EHMT1	V1156A	Missense	0.5529305848413546
3952	EHMT1	V1156V	Silent	0.066668514
3953	EHMT1	S1163S;E1164G	Silent;Missense	0.3563983476303403
3954	EHMT1	D1171D	Silent	0.2084003029720528
3955	EHMT1		No Mutation	-0.309803852
3956	EHMT1	N1179N	Silent	0.4078164487903228
3957	EHMT1		No Mutation	0.025504319
3958	EHMT1		No Mutation	0.2936176275462707
3959	EHMT1	(NC)	Intron	0.9930847087103368
3960	EHMT1		No Mutation	-0.507783226
3961	EHMT1		No Mutation	-0.350142349
3962	EHMT1		No Mutation	0.076024984
3963	EHMT1		No Mutation	-0.480403784
3964	EHMT1	V1184A	Missense	0.2319312226286452
3965	EHMT1	V1184A;Y1185H	Missense;Missense	0.1836965407709182
3966	EHMT1	Y1185C	Missense	-0.137969788
3967	EHMT1	I1187V;D1188G	Missense;Missense	-0.123579744
3968	EHMT1	D1188G	Missense	-0.354679282
3969	EHMT1	Y1192C	Missense	0.3474771987361035
3970	EHMT1	C1203R	Missense	0.2100647480704042
3971	EHMT1	H1202R	Missense	0.4305849213195237
3972	EHMT1		No Mutation	-0.088822907
3973	EHMT1	L1207P	Missense	-0.318961603
3974	EHMT1	V1210A	Missense	-0.002788847
3975	EHMT1	V1210A	Missense	0.4498942406619877
3976	EHMT1		No Mutation	0.2517320506284017
3977	EHMT1	V1212A;F1213L	Missense;Missense	0.5049005965469421
3978	EHMT1	M1214T	Missense	0.4231190394369002
3979	EHMT1	M1214T	Missense	-0.155765853
3980	EHMT1		No Mutation	-0.411456544
3981	EHMT1		No Mutation	0.1272310816280333
3982	EHMT1	Q1217R;D1218G	Missense;Missense	-0.728949533
3983	EHMT1	F1221P	Missense	0.180728171
3984	EHMT1	F1221P	Missense	-0.187391829
3985	EHMT1		No Mutation	0.1426767864460663
3986	EHMT1	I1224T	Missense	-0.124671608
3987	EHMT1	F1227P	Missense	-0.169035944
3988	EHMT1	F1227P	Missense	-0.202453006
3989	EHMT1	F1227S	Missense	0.058595457
3990	EHMT1		No Mutation	0.2632174066165246
3991	EHMT1	L1231P	Missense	-0.166834732
3992	EHMT1	S1228G;T1229A	Missense;Missense	-0.012326548
3993	EHMT1	T1229A	Missense	0.06180563
3994	EHMT1		No Mutation	0.8565868913253946
3995	EHMT1		No Mutation	-0.217710818
3996	EHMT1		No Mutation	-0.099092282
3997	EHMT1	E1233G	Missense	0.007124248
3998	EHMT1	E1233G	Missense	0.0295707175579819
3999	EHMT1	(NC)	Splice-donor	0.1037832091096149
4000	EHMT1		No Mutation	-0.156311051
4001	EHMT1	(NC)	Intron	0.0264417171640478
4002	EHMT1		No Mutation	-1.342141029
4003	EHMT1	(NC)	Intron	-0.718969592
4004	EHMT1		No Mutation	0.0251630472111409
4005	EHMT1	Y1242H	Missense	0.1617570344053904
4006	EHMT1	Y1242H	Missense	-0.236970634
4007	EHMT1	Y1242Y	Silent	0.4676968313980716
4008	EHMT1		No Mutation	-0.002863371
4009	EHMT1		No Mutation	-0.430794588
4010	EHMT1	D1241G;Y1242C	Missense;Missense	0.099320422
4011	EHMT1	Y1242C	Missense	-0.863550673
4012	EHMT1		No Mutation	-0.108715921
4013	EHMT1		No Mutation	0.0463383353990701
4014	EHMT1		No Mutation	-1.441968764
4015	EHMT1	C1263R	Missense	0.1794731500778574
4016	EHMT1	S1266P	Missense	0.3404702727611713
4017	EHMT1		No Mutation	-0.103013325
4018	EHMT1	S1266P	Missense	-0.339866012
4019	EHMT1	S1266P	Missense	3.366096994473085
4020	EHMT1		No Mutation	0.2349451241661768
4021	EHMT1	H1265R	Missense	-0.783778675
4022	EHMT1		No Mutation	-0.732873586
4023	EHMT1		No Mutation	-0.205958691
4024	EHMT1		No Mutation	0.374926732
4025	EHMT1	Q1272R	Missense	-0.545878841
4026	EHMT1		No Mutation	-0.08549611
4027	EHMT1		No Mutation	-0.076284212
4028	EHMT1	Q1274R	Missense	1.2900593906106934
4029	EHMT1		No Mutation	-0.175034493
4030	EHMT1	S1276G	Missense	0.0175715804887183
4031	EHMT1		No Mutation	-0.293236825
4032	EHMT1		No Mutation	0.091987128
4033	EHMT1		No Mutation	-0.209718694
4034	EHMT1	Q1279R;E1280G	Missense;Missense	-0.289169383
4035	EHMT1		No Mutation	0.7675751362639405
4036	EHMT1		No Mutation	-0.266641337
4037	EHMT1	L1286S	Missense	-0.489301209
4038	EHMT1		No Mutation	-0.584207244
4039	EHMT1		No Mutation	0.1900935620670232
4040	EHMT1		No Mutation	0.3313890491865973
4041	EHMT1	A1293A	Silent	-0.12318886
4042	EHMT1		No Mutation	-0.398485301
4043	EHMT1		No Mutation	-0.504174883
4044	EHMT2		No Mutation	-0.063432901
4045	EHMT2		No Mutation	0.1753422301587383
4046	EHMT2		No Mutation	-0.183978635
4047	EHMT2	*1268R	Missense	0.2562187640635902
4048	EHMT2		No Mutation	-0.074713434
4049	EHMT2	*1268R	Missense	-0.145935036
4050	EHMT2		No Mutation	0.097332285
4051	EHMT2	L1262P	Missense	-0.197320582
4052	EHMT2	L1262P	Missense	-0.282506044
4053	EHMT2	L1259P	Missense	0.1912848469787489
4054	EHMT2		No Mutation	0.6661206259996437
4055	EHMT2	E1254G	Missense	0.4650923508256201
4056	EHMT2	L1256P	Missense	0.5079471026239533
4057	EHMT2	L1256P	Missense	-0.186745496
4058	EHMT2	P1253P	Silent	-0.664156276
4059	EHMT2	P1253P	Silent	-0.543370608
4060	EHMT2	P1253P	Silent	-0.419438136
4061	EHMT2		No Mutation	0.4345234767434524
4062	EHMT2	S1244G	Missense	0.5283325034084501
4063	EHMT2	R1245R;L1246P	Silent;Missense	0.3528641007416241
4064	EHMT2	R1245R;L1246P	Silent;Missense	-0.427546635
4065	EHMT2		No Mutation	0.0290242130313259
4066	EHMT2		No Mutation	-0.332443406
4067	EHMT2	L1241P	Missense	-0.256726284
4068	EHMT2	S1235S	Silent	0.3278193761746836
4069	EHMT2	C1232R	Missense	0.562685187
4070	EHMT2	S1229S	Silent	0.2289160696744842
4071	EHMT2	Y1222C	Missense	0.5182478597220945
4072	EHMT2	Y1211C	Missense	-0.65223189
4073	EHMT2	D1210G;Y1211C	Missense;Missense	-0.220909345
4074	EHMT2	Y1211H	Missense	-0.179016422
4075	EHMT2	(NC)	Intron	-0.222559962
4076	EHMT2	F1209L	Missense	0.1862300163555095
4077	EHMT2	(NC)	Intron	-0.011831455
4078	EHMT2	(NC)	Intron	0.179563434042567
4079	EHMT2	(NC);(NC)	Intron;Intron	0.2181701200143969
4080	EHMT2	L1207L	Silent	-0.237702375
4081	EHMT2	L1207L	Silent	0.1417165475634154
4082	EHMT2	E1206G;L1207L	Missense;Silent	-0.426312532
4083	EHMT2	L1207P	Missense	0.2866617086559423
4084	EHMT2	T1203A	Missense	0.078856298
4085	EHMT2	T1203A	Missense	0.070826726
4086	EHMT2	T1203T	Silent	0.04949877
4087	EHMT2	T1203T	Silent	0.3130056668536285
4088	EHMT2	R1199R;D1200G;I1201V	Silent;Missense;Missense	-0.038702282
4089	EHMT2	R1199R	Silent	-0.425641733
4090	EHMT2	R1199R	Silent	0.2238229473538144
4091	EHMT2		No Mutation	0.1595248671721668
4092	EHMT2	S1197G	Missense	0.4803175592898469
4093	EHMT2		No Mutation	0.181114789067893
4094	EHMT2	F1196P	Missense	-0.071689727
4095	EHMT2	I1193T	Missense	0.1002866802844333
4096	EHMT2	F1190F	Silent	0.064747693
4097	EHMT2		No Mutation	0.2744614647772068
4098	EHMT2	M1183T;L1184P	Missense;Missense	0.033949257
4099	EHMT2	M1183T;L1184P	Missense;Missense	-0.030544221
4100	EHMT2	V1179A	Missense	0.3658724510934379
4101	EHMT2	V1179A	Missense	-0.603833425
4102	EHMT2	V1179A	Missense	-0.905204696
4103	EHMT2	N1175G;I1176V	Missense;Missense	0.4925671983012805
4104	EHMT2	N1175G	Missense	0.4583202346185672
4105	EHMT2	I1176T	Missense	0.098791476
4106	EHMT2		No Mutation	-0.706894697
4107	EHMT2	L1171P;C1172R	Missense;Missense	0.5301296208815995
4108	EHMT2	I1164T	Missense	-0.143680468
4109	EHMT2	I1164T	Missense	-0.086164559
4110	EHMT2	I1156V;D1157G	Missense;Missense	0.1596846008478461
4111	EHMT2	Y1154H;C1155R	Missense;Missense	0.055175439
4112	EHMT2	V1153A;Y1154H	Missense;Missense	-0.199063462
4113	EHMT2	V1153A;Y1154H	Missense;Missense	0.044484925610282
4114	EHMT2		No Mutation	-0.166951294
4115	EHMT2		No Mutation	-0.687102186
4116	EHMT2		No Mutation	0.4758607571732223
4117	EHMT2	D1150D	Silent	-0.797849172
4118	EHMT2		No Mutation	-0.325726449
4119	EHMT2	D1150D	Silent	0.1677990695969479
4120	EHMT2	(NC)	Intron	0.3125750920756455
4121	EHMT2	(NC)	Intron	-0.268622294
4122	EHMT2	L1146L;D1147G	Silent;Missense	0.021934925
4123	EHMT2		No Mutation	0.1866091510299572
4124	EHMT2		No Mutation	0.1957859659608279
4125	EHMT2	E1133G	Missense	-1.255108927
4126	EHMT2	I1129V	Missense	0.177657826902808
4127	EHMT2		No Mutation	-0.213501189
4128	EHMT2		No Mutation	0.4706246574002228
4129	EHMT2	Y1124Y;V1125A	Silent;Missense	-0.02053129
4130	EHMT2		No Mutation	-0.141953361
4131	EHMT2		No Mutation	0.1969458441930885
4132	EHMT2		No Mutation	0.1155865000898952
4133	EHMT2		No Mutation	0.1686871841125236
4134	EHMT2	(NC);(NC)	Intron;Intron	0.7379837858813929
4135	EHMT2		No Mutation	0.1208546277179785
4136	EHMT2	(NC)	Intron	0.1431133545839574
4137	EHMT2	I1121V	Missense	0.2358215486977022
4138	EHMT2	I1121T;C1122R	Missense;Missense	-0.356587874
4139	EHMT2	I1121T;C1122R	Missense;Missense	-0.21796453
4140	EHMT2	F1120P	Missense	0.2991790915737264
4141	EHMT2		No Mutation	5.177290004604231
4142	EHMT2		No Mutation	0.3317968515123354
4143	EHMT2	Q1113R	Missense	0.3277853295356179
4144	EHMT2	Q1113R	Missense	0.6344541014288964
4145	EHMT2		No Mutation	0.1697726506461518
4146	EHMT2	I1115T	Missense	-0.113912273
4147	EHMT2	V1109A	Missense	0.4443573613137104
4148	EHMT2	T1102T;K1104E	Silent;Missense	-0.478157546
4149	EHMT2	W1107R	Missense	-0.347412724
4150	EHMT2	T1102T	Silent	-0.243096764
4151	EHMT2	T1102A	Missense	0.238099143
4152	EHMT2	R1101R;T1102A	Silent;Missense	-0.48890197
4153	EHMT2	R1101R;T1102A	Silent;Missense	0.1944853934564286
4154	EHMT2	Y1100C	Missense	-0.030935854
4155	EHMT2	Y1100C	Missense	-0.138760294
4156	EHMT2	L1099P	Missense	-0.254996531
4157	EHMT2	L1099P	Missense	0.034784279
4158	EHMT2		No Mutation	0.6882724194846543
4159	EHMT2	L1097P	Missense	0.1353651758795788
4160	EHMT2	L1097P	Missense	0.094402924
4161	EHMT2		No Mutation	0.036115457
4162	EHMT2	(NC)	Intron	0.070879872
4163	EHMT2	(NC)	Intron	-0.358336504
4164	EHMT2	Q1090R;S1091G	Missense;Missense	-0.354105603
4165	EHMT2	S1091S	Silent	-0.357648254
4166	EHMT2	N1086G	Missense	0.236297799266296
4167	EHMT2	R1082G;N1083D	Missense;Missense	0.5499273332500918
4168	EHMT2	R1082G	Missense	0.1211681378058117
4169	EHMT2	W1081R	Missense	0.290291753
4170	EHMT2	N1075S;Q1076R	Missense;Missense	0.076863903
4171	EHMT2	C1074R	Missense	-0.013574722
4172	EHMT2	C1074R	Missense	-0.27150412
4173	EHMT2	I1066T	Missense	0.6615801
4174	EHMT2	L1059S;L1060P	Missense;Missense	0.1589110378411116
4175	EHMT2	L1059P;L1060P	Missense;Missense	-0.376380055
4176	EHMT2	D1056G	Missense	0.064342582
4177	EHMT2		No Mutation	-0.389792447
4178	EHMT2	D1056D	Silent	3.6776447888173607
4179	EHMT2	D1056D	Silent	-0.167619064
4180	EHMT2	D1056D	Silent	0.1502474517063349
4181	EHMT2	(NC)	Intron	-0.733148401
4182	EHMT2		No Mutation	-0.044257393
4183	EHMT2		No Mutation	-0.25776493
4184	EHMT2		No Mutation	0.0106099684678043
4185	EHMT2		No Mutation	1.3985968468842973
4186	EHMT2		No Mutation	-0.033075383
4187	EHMT2		No Mutation	-0.326877308
4188	EHMT2		No Mutation	0.089831105
4189	EHMT2	C1051R;W1052R	Missense;Missense	0.009073739
4190	EHMT2	Q1046R	Missense	-1.537115426
4191	EHMT2		No Mutation	0.3220474021910733
4192	EHMT2		No Mutation	0.165133961567388
4193	EHMT2		No Mutation	0.3178017709438173
4194	EHMT2	S1039G	Missense	-0.218610137
4195	EHMT2	C1033C;V1034A	Silent;Missense	0.1171499742798404
4196	EHMT2	C1033C;V1034A	Silent;Missense	-0.355909831
4197	EHMT2	C1033R;V1034A	Missense;Missense	-0.157153984
4198	EHMT2	(NC)	Splice-acceptor	-1.246878545
4199	EHMT2		No Mutation	-1.044774938
4200	EHMT2	C1031R	Missense	0.4704217173174002
4201	EHMT2		No Mutation	-0.266137159
4202	EHMT2	(NC)	Intron	-2.200927099
4203	EHMT2		No Mutation	0.1432417159432015
4204	EHMT2	Q1029R	Missense	0.5196411941386763
4205	EHMT2	Q1029R	Missense	-0.418689716
4206	EHMT2	(NC)	Intron	0.009191687
4207	EHMT2	(NC)	Intron	-0.15823395
4208	EHMT2	H1027R	Missense	-0.248650168
4209	EHMT2	H1027R	Missense	-0.421531067
4210	EHMT2	H1027R	Missense	-0.22731833
4211	EHMT2	H1027R	Missense	-0.072191401
4212	EHMT2	N1024G;I1025V	Missense;Missense	0.03579001
4213	EHMT2		No Mutation	0.1305886608124116
4214	EHMT2	D1022D	Silent	0.075342595
4215	EHMT2	Y1009H;I1010T	Missense;Missense	0.4038248482339772
4216	EHMT2	Y1009H	Missense	-0.000753765
4217	EHMT2		No Mutation	0.037857526
4218	EHMT2	Y1007H	Missense	0.2793053473391709
4219	EHMT2		No Mutation	-0.199130807
4220	EHMT2	V998A;D999D	Missense;Silent	0.2443817511646256
4221	EHMT2	V998A	Missense	-0.437096331
4222	EHMT2	N996D	Missense	-0.180436385
4223	EHMT2		No Mutation	0.5899647536274699
4224	EHMT2		No Mutation	0.2694350635346527
4225	EHMT2	G997G	Silent	-0.216894788
4226	EHMT2		No Mutation	0.1977813279077928
4227	EHMT2		No Mutation	-1.212424387
4228	EHMT2	I992V	Missense	-0.110992555
4229	EHMT2	(NC)	Splice-acceptor	-1.110977312
4230	EHMT2	(NC)	Splice-acceptor	-0.789183168
4231	EHMT2		No Mutation	0.1643781522740826
4232	EHMT2	V983A	Missense	0.1268000748810324
4233	EHMT2	V983A	Missense	0.2105600221706853
4234	EHMT2		No Mutation	-0.147145215
4235	EHMT2	(NC)	Intron	0.0247269228257984
4236	EHMT2	(NC);(NC)	Intron;Intron	-0.202643885
4237	EHMT2	(NC);(NC);(NC)	Intron;Intron;Intron	0.4378256275434475
4238	EHMT2		No Mutation	0.0457118042800402
4239	EHMT2		No Mutation	0.4442884836646839
4240	EHMT2	(NC)	Intron	-0.276303388
4241	EHMT2	I979V	Missense	0.1304393400918937
4242	EHMT2	I979V	Missense	-0.106994716
4243	EHMT2	I979T;C980R	Missense;Missense	-0.461561048
4244	EHMT2	T975T;E976G	Silent;Missense	-0.26298095
4245	EHMT2	I978T	Missense	-0.865023975
4246	EHMT2	N970N	Silent	0.1356393852190959
4247	EHMT2	R965R	Silent	-0.329021354
4248	EHMT2	R965R	Silent	0.2020762017483985
4249	EHMT2	L966L	Silent	0.038949573
4250	EHMT2	K963G	Missense	0.1232634851939039
4251	EHMT2	K963G	Missense	-0.312934604
4252	EHMT2	K963E	Missense	-0.144732911
4253	EHMT2	N961S	Missense	0.2874569219800315
4254	EHMT2	N961G	Missense	-0.194663886
4255	EHMT2	L958P	Missense	-0.227322325
4256	EHMT2	V954A;W955R	Missense;Missense	0.3776282938693867
4257	EHMT2	V954A;W955R	Missense;Missense	0.3738873351496428
4258	EHMT2	E950G	Missense	-0.169266622
4259	EHMT2	S952P	Missense	0.2317369959543905
4260	EHMT2	K939K;E940G	Silent;Missense	-0.522753529
4261	EHMT2	K939R;E940G	Missense;Missense	-0.010078552
4262	EHMT2		No Mutation	-0.674187909
4263	EHMT2		No Mutation	-0.125149413
4264	EHMT2		No Mutation	0.0136781596507059
4265	EHMT2	E935G	Missense	-0.35552439
4266	EHMT2	E935G	Missense	-0.080960506
4267	EHMT2	E935G	Missense	0.4849938484839597
4268	EHMT2		No Mutation	0.2856353220563685
4269	EHMT2		No Mutation	-0.029953131
4270	EHMT2		No Mutation	-0.765646814
4271	EHMT2	L926L	Silent	-0.171488736
4272	EHMT2	L926L	Silent	-0.339132875
4273	EHMT2	(NC)	Splice-acceptor	-0.009120389
4274	EHMT2	L928P;S929P	Missense;Missense	0.1906337696905178
4275	EHMT2	F927S;L928P	Missense;Missense	0.008448568
4276	EHMT2	F927P;L928P	Missense;Missense	0.1591740478210571
4277	EHMT2	L926P	Missense	-0.026964947
4278	EHMT2	(NC)	Intron	2.070408392406991
4279	EHMT2	(NC)	Splice-donor	3.4690742925639952
4280	EHMT2	A916A	Silent	-0.187502023
4281	EHMT2	A916A	Silent	0.2188285574601361
4282	EHMT2	A916A	Silent	-0.273654926
4283	EHMT2	A916A	Silent	0.2836745757606519
4284	EHMT2		No Mutation	0.3913875792208636
4285	EHMT2		No Mutation	0.1323240318264903
4286	EHMT2	L912P	Missense	0.011535574539317
4287	EHMT2	H907H	Silent	0.1792795202770012
4288	EHMT2		No Mutation	0.168686048
4289	EHMT2	Y906H	Missense	-0.633079902
4290	EHMT2	H902R	Missense	0.3756625430629183
4291	EHMT2	H902R	Missense	0.0204677384873669
4292	EHMT2	C899R	Missense	0.00478839
4293	EHMT2	N896N	Silent	0.3401594636399516
4294	EHMT2	L894P;L895P	Missense;Missense	-0.075173571
4295	EHMT2	V893A;L894P	Missense;Missense	-0.327607704
4296	EHMT2		No Mutation	0.1573556883779953
4297	EHMT2		No Mutation	1.5217813236861726
4298	EHMT2	F884P	Missense	-0.392245078
4299	EHMT2	H880R	Missense	-0.01749677
4300	EHMT2	H880R	Missense	-0.569218439
4301	EHMT2	N876G;I877V	Missense;Missense	0.2848003393558316
4302	EHMT2	E875G;N876G	Missense;Missense	0.069363814
4303	EHMT2	I877T;C878R	Missense;Missense	-1.925970808
4304	EHMT2	I877T	Missense	0.1032031133178832
4305	EHMT2		No Mutation	0.046196083
4306	EHMT2		No Mutation	-0.722822622
4307	EHMT2		No Mutation	0.4779925318547944
4308	EHMT2		No Mutation	0.0264958845422286
4309	EHMT2		No Mutation	-0.115750193
4310	EHMT2	(NC)	Intron	0.054203221
4311	EHMT2	(NC)	Intron	-0.086709221
4312	EHMT2	N873G	Missense	0.088959692
4313	EHMT2	(NC)	Intron	0.002497458
4314	EHMT2	(NC);(NC)	Splice-donor;Intron	0.0290855626467348
4315	EHMT2	T871T	Silent	0.1792145887363759
4316	EHMT2		No Mutation	0.393609842674802
4317	EHMT2	M860V	Missense	0.1091517777472321
4318	EHMT2	M860V	Missense	0.2450235060926223
4319	EHMT2		No Mutation	0.0227530636483864
4320	EHMT2	A850A;E851G	Silent;Missense	0.1326400003354098
4321	EHMT2		No Mutation	0.2816143924537595
4322	EHMT2		No Mutation	-0.342528682
4323	EHMT2	T844A	Missense	-0.061232182
4324	EHMT2		No Mutation	-0.191323708
4325	EHMT2	W843R	Missense	-1.099973969
4326	EHMT2	W843R	Missense	0.0289960720779478
4327	EHMT2	S840S	Silent	-0.21449457
4328	EHMT2	(NC);(NC)	Intron;Splice-acceptor	-0.148221543
4329	EHMT2	S840S	Silent	-0.427598073
4330	EHMT2	(NC);(NC)	Intron;Intron	-0.678704897
4331	EHMT2	(NC)	Intron	0.079102062
4332	EHMT2		No Mutation	0.181751123626882
4333	EHMT2	(NC)	Intron	1.1348313207886846
4334	EHMT2		No Mutation	0.5880495683953646
4335	EHMT2	(NC)	Intron	-0.064605706
4336	EHMT2	(NC)	Intron	0.031046415
4337	EHMT2		No Mutation	-0.092255878
4338	EHMT2		No Mutation	0.1054695298849064
4339	EHMT2	(NC)	Intron	-0.192477497
4340	EHMT2		No Mutation	-0.721138244
4341	EHMT2		No Mutation	-0.416274933
4342	EHMT2	N836G	Missense	0.5535265228722861
4343	EHMT2		No Mutation	-0.559419635
4344	EHMT2	S829G	Missense	-0.162709999
4345	EHMT2		No Mutation	0.0387069313272952
4346	EHMT2		No Mutation	0.023143949
4347	EHMT2	S825G	Missense	-0.272124166
4348	EHMT2	L821S	Missense	0.3190548360427644
4349	EHMT2	K817K;I818V	Silent;Missense	-0.018534042
4350	EHMT2	A815A;K817E	Silent;Missense	-0.841878498
4351	EHMT2	H813R;H814R	Missense;Missense	2.195002906940963
4352	EHMT2	H813R;H814R	Missense;Missense	-0.248421434
4353	EHMT2		No Mutation	-0.246178868
4354	EHMT2		No Mutation	-0.464028537
4355	EHMT2	G808G;S809P	Silent;Missense	-0.981516253
4356	EHMT2	G808G;S809P	Silent;Missense	0.4516505264178602
4357	EHMT2		No Mutation	0.5200565220062113
4358	EHMT2		No Mutation	-0.465185783
4359	EHMT2		No Mutation	0.1263307188138738
4360	EHMT2		No Mutation	-0.396664829
4361	EHMT2		No Mutation	-0.425474226
4362	EHMT2		No Mutation	-0.792421316
4363	EHMT2	(NC)	Intron	0.2567503870144653
4364	EHMT2		No Mutation	0.4643722322299356
4365	EHMT2		No Mutation	-0.418752857
4366	EHMT2	S803G;K804E	Missense;Missense	1.0458835911884925
4367	EHMT2		No Mutation	0.063606165
4368	EHMT2	R797R	Silent	0.059987499
4369	EHMT2	R797R	Silent	0.4128939010206092
4370	EHMT2	Y793C;M794V	Missense;Missense	0.3487922275244476
4371	EHMT2	Y793C	Missense	0.1624333073386917
4372	EHMT2	R792R;Y793H	Silent;Missense	0.2214422580998604
4373	EHMT2	E789G	Missense	1.984105481979742
4374	EHMT2	R792R;Y793H	Silent;Missense	0.2247348400819522
4375	EHMT2	L788P	Missense	-0.299680449
4376	EHMT2	N785D	Missense	-0.6516576
4377	EHMT2		No Mutation	-0.1729364
4378	EHMT2	V783A;V784A	Missense;Missense	-0.586043166
4379	EHMT2	P778P	Silent	0.6180150888886818
4380	EHMT2	T777A	Missense	0.4171052379006922
4381	EHMT2	Q775R	Missense	-0.012971646
4382	EHMT2	A770A	Silent	0.1285555387708148
4383	EHMT2	V771A	Missense	0.489713127297373
4384	EHMT2	G765G;N767D	Silent;Missense	0.4644641739545481
4385	EHMT2		No Mutation	0.8956779588407591
4386	EHMT2		No Mutation	0.1255947021608857
4387	EHMT2		No Mutation	-0.171735326
4388	EHMT2		No Mutation	-0.832608386
4389	EHMT2	A764A	Silent	-0.300493263
4390	EHMT2		No Mutation	-0.391871877
4391	EHMT2		No Mutation	-0.241937091
4392	EHMT2		No Mutation	-0.08920168
4393	EHMT2	(NC)	Intron	0.096925259
4394	EHMT2		No Mutation	-0.353547751
4395	EHMT2	Q763R	Missense	-0.371326677
4396	EHMT2		No Mutation	-0.468523367
4397	EHMT2		No Mutation	-0.034863784
4398	EHMT2	(NC)	Splice-donor	-0.044230546
4399	EHMT2		No Mutation	-0.006523485
4400	EHMT2	H759H;V760A	Silent;Missense	0.6722577980760274
4401	EHMT2		No Mutation	-0.504391729
4402	EHMT2	V755A	Missense	-0.009778111
4403	EHMT2	V755A	Missense	3.2987615482577706
4404	EHMT2		No Mutation	-0.052209402
4405	EHMT2		No Mutation	-0.258311023
4406	EHMT2		No Mutation	-0.130912714
4407	EHMT2	H747R	Missense	0.0147760386361353
4408	EHMT2		No Mutation	0.062376912
4409	EHMT2	H747R	Missense	0.3985779647111996
4410	EHMT2		No Mutation	0.055393329
4411	EHMT2		No Mutation	-0.757250434
4412	EHMT2		No Mutation	-0.467119579
4413	EHMT2		No Mutation	0.048132542
4414	EHMT2		No Mutation	-0.770616283
4415	EHMT2		No Mutation	0.1519718786031258
4416	EHMT2	L731P	Missense	-0.486754424
4417	EHMT2	L731P	Missense	-0.096850106
4418	EHMT2	L731P	Missense	-0.491153946
4419	EHMT2		No Mutation	0.4359654563611291
4420	EHMT2	(NC)	Intron	-0.398952655
4421	EHMT2	(NC);(NC)	Intron;Intron	-0.160920151
4422	EHMT2	(NC)	Intron	-0.144545069
4423	EHMT2	Q717R	Missense	-0.089661504
4424	EHMT2	L720P	Missense	0.1470457160513127
4425	EHMT2		No Mutation	-0.045503892
4426	EHMT2	Y712C	Missense	-0.149181044
4427	EHMT2	Y712C	Missense	0.1190973976548256
4428	EHMT2	L713P;S714P	Missense;Missense	-1.179416945
4429	EHMT2	L713P;S714P	Missense;Missense	0.1235883823646756
4430	EHMT2	Y712H	Missense	-0.823022115
4431	EHMT2	L711L	Silent	-0.16511382
4432	EHMT2	K703R	Missense	-0.647037518
4433	EHMT2		No Mutation	0.023136039
4434	EHMT2		No Mutation	0.3030973971209738
4435	EHMT2		No Mutation	-0.35972734
4436	EHMT2		No Mutation	0.913732320846078
4437	EHMT2		No Mutation	-0.050962116
4438	EHMT2	(NC);(NC)	Intron;Intron	0.235189038020612
4439	EHMT2	(NC);(NC)	Intron;Intron	0.6937582711541678
4440	EHMT2		No Mutation	0.1783456710416308
4441	EHMT2	(NC);(NC)	Intron;Intron	0.048493105
4442	EHMT2	(NC)	Intron	0.076474321
4443	EHMT2	(NC)	Splice-donor	-0.627873284
4444	EHMT2	E697G;S698S	Missense;Silent	0.7282577413111562
4445	EHMT2	E697G	Missense	-0.290364323
4446	EHMT2	E697G	Missense	0.026186463
4447	EHMT2	I695V	Missense	-0.076100682
4448	EHMT2	S698P	Missense	0.1542717099425263
4449	EHMT2	E690E;K691G	Silent;Missense	-0.303474664
4450	EHMT2		No Mutation	-0.154491011
4451	EHMT2		No Mutation	1.4174884802084833
4452	EHMT2	P684P	Silent	-0.341485621
4453	EHMT2		No Mutation	-0.129024092
4454	EHMT2	P681P	Silent	-0.627855488
4455	EHMT2	P681P	Silent	0.5611644018269137
4456	EHMT2	P681P	Silent	0.6326854427621242
4457	EHMT2	L682P	Missense	-0.826374145
4458	EHMT2		No Mutation	-0.100347731
4459	EHMT2		No Mutation	0.040943395
4460	EHMT2		No Mutation	0.1216152917261069
4461	EHMT2	S676S	Silent	0.0346391060408179
4462	EHMT2	L680P	Missense	-0.134711504
4463	EHMT2		No Mutation	1.5267553884632556
4464	EHMT2		No Mutation	-0.159761555
4465	EHMT2		No Mutation	0.6761059443329445
4466	EHMT2	L675P;S676P	Missense;Missense	0.2373612583176179
4467	EHMT2	L675P;S676P	Missense;Missense	-0.175222715
4468	EHMT2	C674R	Missense	-0.476338634
4469	EHMT2	C674R	Missense	0.4152833647210503
4470	EHMT2	N671N	Silent	-0.241934908
4471	EHMT2	N671N	Silent	-0.736651042
4472	EHMT2	N671N	Silent	-0.452403912
4473	EHMT2	T668A	Missense	0.2524593845464147
4474	EHMT2		No Mutation	0.02908251
4475	EHMT2	T668A	Missense	-0.392651092
4476	EHMT2		No Mutation	-0.057503275
4477	EHMT2		No Mutation	0.4175299860587985
4478	EHMT2		No Mutation	-0.596321752
4479	EHMT2	D658G;T659A	Missense;Missense	-0.476675649
4480	EHMT2	D658G;T659A	Missense;Missense	-0.487284287
4481	EHMT2	I660I	Silent	0.1070886490797717
4482	EHMT2	I660T	Missense	-0.343811523
4483	EHMT2	I660T	Missense	-0.010551411
4484	EHMT2	A657A	Silent	0.4959915914740422
4485	EHMT2	A657A	Silent	0.2365979045996135
4486	EHMT2	L656P	Missense	-0.121434318
4487	EHMT2	L656P	Missense	-0.137915424
4488	EHMT2		No Mutation	-0.073558103
4489	EHMT2	D654D	Silent	-0.307554901
4490	EHMT2	D654D	Silent	-0.130243537
4491	EHMT2	C653R	Missense	-0.397980389
4492	EHMT2	R643R	Silent	-0.360830708
4493	EHMT2	H645H	Silent	0.5244251463176495
4494	EHMT2	H645H	Silent	-0.425374012
4495	EHMT2	M642V	Missense	-0.176942388
4496	EHMT2		No Mutation	0.0358399561114854
4497	EHMT2		No Mutation	-0.726506346
4498	EHMT2		No Mutation	3.05040314
4499	EHMT2	(NC);(NC)	Intron;Splice-acceptor	0.435084652356386
4500	EHMT2	(NC);(NC)	Intron;Splice-acceptor	-0.379735343
4501	EHMT2		No Mutation	1.5843218697584296
4502	EHMT2		No Mutation	-0.755909369
4503	EHMT2	(NC)	Intron	0.2526919035103483
4504	EHMT2		No Mutation	-0.035028164
4505	EHMT2		No Mutation	-0.160529887
4506	EHMT2	A633A;D634G	Silent;Missense	-0.049264528
4507	EHMT2	T635T;S636P	Silent;Missense	-0.222725528
4508	EHMT2	T635T;S636P	Silent;Missense	-0.612171261
4509	EHMT2	T635T;S636P	Silent;Missense	-0.132955343
4510	EHMT2		No Mutation	-0.041129849
4511	EHMT2		No Mutation	-0.157236081
4512	EHMT2		No Mutation	-0.478293472
4513	EHMT2	V629A	Missense	-0.579414135
4514	EHMT2	V629A	Missense	0.2446291559617459
4515	EHMT2		No Mutation	0.077441831
4516	EHMT2		No Mutation	0.0311207996605615
4517	EHMT2	D628D;V629A	Silent;Missense	0.5370540502642288
4518	EHMT2	D628D	Silent	-0.611405569
4519	EHMT2	D628D	Silent	0.174734267299381
4520	EHMT2		No Mutation	0.982668712
4521	EHMT2	L625P;S626P	Missense;Missense	-1.338711726
4522	EHMT2	A621A	Silent	-0.384855498
4523	EHMT2	P620P	Silent	-0.611023646
4524	EHMT2	A619A	Silent	0.0306338215298695
4525	EHMT2		No Mutation	-0.390082891
4526	EHMT2	T617T	Silent	0.082698904
4527	EHMT2	T617T	Silent	0.6346992841250574
4528	EHMT2		No Mutation	0.1692797400245894
4529	EHMT2	D609G	Missense	-0.440838787
4530	EHMT2		No Mutation	-0.43608843
4531	EHMT2	V611A	Missense	0.1535006898426445
4532	EHMT2	V611A	Missense	-0.986479644
4533	EHMT2	V611A	Missense	0.2417689250106613
4534	EHMT2		No Mutation	0.005655194
4535	EHMT2	I605V	Missense	-0.466890254
4536	EHMT2	I605V	Missense	-0.40060521
4537	EHMT2	T604A;I605V	Missense;Missense	0.2398388744740822
4538	EHMT2	E602G	Missense	-0.525833918
4539	EHMT2	Q601Q;E602G	Silent;Missense	-0.021842322
4540	EHMT2	Q601R;E602G	Missense;Missense	0.046878888
4541	EHMT2		No Mutation	3.96856785
4542	EHMT2	D596D;A597A;S598P	Silent;Silent;Missense	0.213856479088929
4543	EHMT2	D596D;A597A	Silent;Silent	1.175607719
4544	EHMT2	D596D	Silent	-0.793568421
4545	EHMT2		No Mutation	-0.824541843
4546	EHMT2		No Mutation	-0.627332499
4547	EHMT2		No Mutation	-0.06702464
4548	EHMT2		No Mutation	-0.329258571
4549	EHMT2		No Mutation	0.4967502010357106
4550	EHMT2	L584P;N585N	Missense;Silent	0.111363891947806
4551	EHMT2		No Mutation	-0.246083234
4552	EHMT2		No Mutation	-0.127503048
4553	EHMT2	S582P	Missense	0.001586081
4554	EHMT2	C580R	Missense	-0.344294057
4555	EHMT2	C580R	Missense	0.078757396
4556	EHMT2		No Mutation	-0.454833503
4557	EHMT2		No Mutation	0.1478513025240799
4558	EHMT2	F576P	Missense	-0.096896149
4559	EHMT2		No Mutation	-0.503152977
4560	EHMT2		No Mutation	-0.095918568
4561	EHMT2	R571R;V572A	Silent;Missense	0.4626168093445373
4562	EHMT2	H567R	Missense	-0.14836688
4563	EHMT2	P568P;F570L	Silent;Missense	0.5334522538588548
4564	EHMT2	P568P	Silent	-0.08473981
4565	EHMT2	C566R	Missense	-0.199793835
4566	EHMT2	L564P	Missense	-0.501772199
4567	EHMT2	F563P	Missense	0.003638191
4568	EHMT2	F563P	Missense	0.054788571
4569	EHMT2		No Mutation	0.2539946326136119
4570	EHMT2	(NC)	Intron	0.1131106085991944
4571	EHMT2		No Mutation	0.1936847715586629
4572	EHMT2		No Mutation	-0.163322576
4573	EHMT2	(NC)	Intron	0.2693171091868997
4574	EHMT2		No Mutation	-0.210841234
4575	EHMT2		No Mutation	-0.110800972
4576	EHMT2		No Mutation	-0.536456268
4577	EHMT2		No Mutation	-0.031378427
4578	EHMT2	F557P;C558R	Missense;Missense	0.008655074
4579	EHMT2		No Mutation	-0.289039559
4580	EHMT2	F557P;C558R	Missense;Missense	-0.039977323
4581	EHMT2	C554R	Missense	0.2019965324419846
4582	EHMT2	H549R	Missense	-0.296412487
4583	EHMT2	K547G;H548R	Missense;Missense	0.238495754381395
4584	EHMT2	K547G	Missense	-0.404548463
4585	EHMT2	C550R	Missense	-0.065848767
4586	EHMT2		No Mutation	-0.059784253
4587	EHMT2		No Mutation	-0.340238764
4588	EHMT2	V546A	Missense	0.040942662
4589	EHMT2	M545T;V546A	Missense;Missense	0.1225230933501636
4590	EHMT2	T540A	Missense	-0.314163453
4591	EHMT2	C538C	Silent	-0.788140552
4592	EHMT2	C538C	Silent	0.309437094605386
4593	EHMT2	V536A	Missense	-0.067925162
4594	EHMT2	L534P;M535T	Missense;Missense	0.068103832
4595	EHMT2	L534P	Missense	0.005205472
4596	EHMT2	S530G	Missense	-1.088345665
4597	EHMT2	R531R	Silent	-0.076378709
4598	EHMT2	R527G	Missense	-0.81929583
4599	EHMT2	M526T	Missense	-0.533558694
4600	EHMT2	K522G	Missense	0.2907579021791886
4601	EHMT2		No Mutation	-0.453447006
4602	EHMT2		No Mutation	-0.321670197
4603	EHMT2		No Mutation	0.0171292726140045
4604	EHMT2	N517S	Missense	0.031767495
4605	EHMT2	L513P;S514P	Missense;Missense	0.004948442
4606	EHMT2	(NC)	Intron	-0.554619215
4607	EHMT2		No Mutation	0.2502406033307016
4608	EHMT2		No Mutation	0.3992241624725341
4609	EHMT2		No Mutation	-0.68681179
4610	EHMT2		No Mutation	-0.064071319
4611	EHMT2		No Mutation	0.319552626439083
4612	EHMT2	E512G	Missense	0.1714703756524237
4613	EHMT2	G511G	Silent	-0.574171027
4614	EHMT2	D510G;G511G	Missense;Silent	-0.54535969
4615	EHMT2		No Mutation	-0.381371893
4616	EHMT2	S508G	Missense	-0.108070199
4617	EHMT2	S508G	Missense	-0.330021581
4618	EHMT2		No Mutation	0.2136653542041446
4619	EHMT2	E507G;S508G	Missense;Missense	0.2412624741543227
4620	EHMT2	T506A	Missense	0.3508999783063153
4621	EHMT2	M504V	Missense	-0.289967761
4622	EHMT2		No Mutation	-0.093400786
4623	EHMT2		No Mutation	-0.08686012
4624	EHMT2	I495V	Missense	-0.090517046
4625	EHMT2	I495V	Missense	0.069671414
4626	EHMT2	I495V	Missense	-0.530625019
4627	EHMT2	D493G	Missense	0.5530660480037969
4628	EHMT2	D493G	Missense	-0.022496399
4629	EHMT2	I495T	Missense	0.1375812631285035
4630	EHMT2	I495T	Missense	0.7691840235907295
4631	EHMT2		No Mutation	0.0594343016728837
4632	EHMT2	M487T	Missense	-0.274181039
4633	EHMT2	M487T	Missense	0.067697924
4634	EHMT2	M487T	Missense	0.3889098613940678
4635	EHMT2	S484G	Missense	-0.888423074
4636	EHMT2		No Mutation	-0.530564222
4637	EHMT2	T473A	Missense	0.08543103
4638	EHMT2		No Mutation	-0.480015796
4639	EHMT2		No Mutation	0.077781026
4640	EHMT2	L471P	Missense	-0.61459804
4641	EHMT2	N466G	Missense	0.3511034979535909
4642	EHMT2	N466N	Silent	0.207876136812281
4643	EHMT2	N466N	Silent	0.1642558910951355
4644	EHMT2	V464A;S465P	Missense;Missense	-0.12922652
4645	EHMT2		No Mutation	1.7630413299144878
4646	EHMT2	(NC)	Intron	-0.194038405
4647	EHMT2		No Mutation	-0.515888912
4648	EHMT2	(NC);(NC)	Intron;Intron	0.135264036601703
4649	EHMT2	(NC)	Intron	0.091559853
4650	EHMT2	(NC)	Intron	-0.939054821
4651	EHMT2	(NC);(NC)	Intron;Intron	0.2180130413559184
4652	EHMT2	(NC);(NC)	Intron;Intron	1.1806605071085448
4653	EHMT2	(NC);(NC);(NC)	Splice-donor;Intron;Intron	-0.611392525
4654	EHMT2	(NC);(NC)	Splice-donor;Intron	-0.183144761
4655	EHMT2	A462A	Silent	0.2108615593275706
4656	EHMT2	A462A	Silent	0.081448899
4657	EHMT2		No Mutation	-0.369936636
4658	EHMT2	L457P;S458P	Missense;Missense	0.4264818470736971
4659	EHMT2	L457P;S458P	Missense;Missense	-0.002355755
4660	EHMT2		No Mutation	0.2583523731655234
4661	EHMT2		No Mutation	-0.659900829
4662	EHMT2	E450G	Missense	0.4932452985557858
4663	EHMT2	E450G	Missense	0.2884391195437392
4664	EHMT2		No Mutation	0.1998358266827938
4665	EHMT2	L451P	Missense	0.3330752211367918
4666	EHMT2		No Mutation	-0.235879557
4667	EHMT2		No Mutation	-0.442870088
4668	EHMT2	Y441C;M442V	Missense;Missense	-0.434616279
4669	EHMT2	Y441C;M442V	Missense;Missense	0.548839524
4670	EHMT2	Y441C;M442V	Missense;Missense	-0.323137007
4671	EHMT2	V444A	Missense	0.5692560881974377
4672	EHMT2	V444A	Missense	0.0156142286428585
4673	EHMT2		No Mutation	-0.292841816
4674	EHMT2	S439G	Missense	-0.629832551
4675	EHMT2	Y441H	Missense	-0.835517429
4676	EHMT2	S436S	Silent	0.2703293300948419
4677	EHMT2	N431G	Missense	-1.235900184
4678	EHMT2	(NC)	Splice-acceptor	-0.955359327
4679	EHMT2	(NC)	Splice-acceptor	-0.069913321
4680	EHMT2		No Mutation	0.4645114470443268
4681	EHMT2		No Mutation	-0.302246703
4682	EHMT2	(NC)	Intron	-0.383221239
4683	EHMT2	(NC);(NC)	Intron;Intron	0.3041537050469143
4684	EHMT2	(NC)	Splice-donor	0.8780851711794488
4685	EHMT2	E426G	Missense	-0.016365975
4686	EHMT2	K425G	Missense	0.3135637210040667
4687	EHMT2		No Mutation	-0.751025145
4688	EHMT2		No Mutation	0.02231142
4689	EHMT2		No Mutation	0.1519355243376579
4690	EHMT2	E420G	Missense	-0.70630999
4691	EHMT2	K418G	Missense	-0.294603932
4692	EHMT2	K418G	Missense	-0.608543778
4693	EHMT2		No Mutation	-0.014243337
4694	EHMT2	K415E	Missense	0.472014039
4695	EHMT2	P408P	Silent	-0.477959107
4696	EHMT2	R404R;K405E	Silent;Missense	-0.209966466
4697	EHMT2	R404R	Silent	-0.44533654
4698	EHMT2		No Mutation	0.009838373
4699	EHMT2	K398G	Missense	-0.363221737
4700	EHMT2		No Mutation	-0.59430995
4701	EHMT2	S394G	Missense	-0.253474924
4702	EHMT2	S394S	Silent	-0.759818846
4703	EHMT2	S394S	Silent	0.2986744094798993
4704	EHMT2	(NC);S391G	Splice-acceptor;Missense	-0.09694244
4705	EHMT2	S393P	Missense	0.8944719871443121
4706	EHMT2	G392G;S393P	Silent;Missense	-0.451027765
4707	EHMT2	G392G;S393P	Silent;Missense	-0.169327899
4708	EHMT2	(NC)	Splice-acceptor	-0.212030376
4709	EHMT2	G392G;S393P	Silent;Missense	-0.168681123
4710	EHMT2	S391S	Silent	-0.191461487
4711	EHMT2		No Mutation	-0.068475237
4712	EHMT2		No Mutation	-0.427095971
4713	EHMT2	(NC)	Intron	0.1188607734535713
4714	EHMT2	S388S;D389G	Silent;Missense	0.1913477044846251
4715	EHMT2	S384S;N386D	Silent;Missense	-0.077834243
4716	EHMT2	S384S	Silent	0.1338376951836055
4717	EHMT2	E379G;E380G	Missense;Missense	0.0158627177192515
4718	EHMT2	E379G;E380G	Missense;Missense	0.2678538306152354
4719	EHMT2	E376E;E377G	Silent;Missense	0.4808679641308696
4720	EHMT2	E374G	Missense	0.1455507835761613
4721	EHMT2	E370G	Missense	0.776725949
4722	EHMT2	E367E;E368G	Silent;Missense	0.4522795916544756
4723	EHMT2	E366E;E367G	Silent;Missense	0.1925544740747604
4724	EHMT2	E365E;E366G	Silent;Missense	0.3711865122734777
4725	EHMT2	E364G	Missense	0.5088644442117134
4726	EHMT2	E359G	Missense	0.2444515154541396
4727	EHMT2	E357E;E358G	Silent;Missense	0.2565516327496391
4728	EHMT2	L355L;S356G	Silent;Missense	0.2271435823981881
4729	EHMT2	Q354Q;L355L;S356G	Silent;Silent;Missense	0.8504001345607521
4730	EHMT2	E353E;Q354R	Silent;Missense	0.2157728311521456
4731	EHMT2	E353G	Missense	0.1978450027978183
4732	EHMT2	A350A	Silent	0.058634576
4733	EHMT2	A350A	Silent	0.3628147233654991
4734	EHMT2	V348A	Missense	0.0107002366770361
4735	EHMT2	K345G	Missense	-0.054523028
4736	EHMT2		No Mutation	-0.092879232
4737	EHMT2		No Mutation	-0.155579815
4738	EHMT2		No Mutation	0.2453386641701149
4739	EHMT2		No Mutation	0.3751000306746829
4740	EHMT2	Y331C	Missense	0.3927982963217765
4741	EHMT2		No Mutation	0.3030534777677452
4742	EHMT2	W319R	Missense	-0.068679654
4743	EHMT2	W319R	Missense	0.1834192688030382
4744	EHMT2	W319R	Missense	0.3843681177339667
4745	EHMT2		No Mutation	0.1179429101213303
4746	EHMT2		No Mutation	-0.284417098
4747	EHMT2	D312G	Missense	0.5460373263467599
4748	EHMT2	K310K	Silent	-0.917147644
4749	EHMT2		No Mutation	0.024786422
4750	EHMT2		No Mutation	-0.029898255
4751	EHMT2	T309A	Missense	0.1350764853640059
4752	EHMT2	T309A	Missense	-0.120793637
4753	EHMT2	E305E;T307A	Silent;Missense	0.3288357438618552
4754	EHMT2	E305G	Missense	0.4119718534878613
4755	EHMT2	E305G	Missense	-0.089252124
4756	EHMT2	V306A	Missense	0.0599254382244293
4757	EHMT2	V306A	Missense	-0.161419276
4758	EHMT2		No Mutation	0.5258749949687256
4759	EHMT2	E295G;E296G	Missense;Missense	-0.241053076
4760	EHMT2	(NC);(NC);(NC);(NC)	Intron;Intron;Intron;Intron	0.2342626842029089
4761	EHMT2		No Mutation	0.0114626721953625
4762	EHMT2		No Mutation	-0.127428372
4763	EHMT2	N288G	Missense	0.1456010792745514
4764	EHMT2	K286G	Missense	0.5881892960280217
4765	EHMT2	R285G;K286G	Missense;Missense	0.1676488116300376
4766	EHMT2	L287P	Missense	1.0089976458391663
4767	EHMT2	R284G;R285G	Missense;Missense	0.2698679458591488
4768	EHMT2	(NC);D280G	Splice-acceptor;Missense	-0.221867202
4769	EHMT2	(NC)	Splice-acceptor	0.3124601138506581
4770	EHMT2	(NC);(NC)	Intron;Intron	0.1004074987203246
4771	EHMT2	(NC);(NC);(NC)	Intron;Intron;Intron	0.4348187882577099
4772	EHMT2		No Mutation	0.066453977
4773	EHMT2	(NC)	Intron	-0.473750905
4774	EHMT2		No Mutation	-0.336509161
4775	EHMT2	V277A	Missense	-0.378371429
4776	EHMT2		No Mutation	-0.150608226
4777	EHMT2	D269G;D270G	Missense;Missense	0.3317248110167853
4778	EHMT2	D269G	Missense	-0.160128975
4779	EHMT2	D270D;V271A	Silent;Missense	0.2392047972511161
4780	EHMT2	F265P	Missense	0.4577028700596994
4781	EHMT2	H264H;F265P	Silent;Missense	-0.684301728
4782	EHMT2	H264H;F265P	Silent;Missense	-0.526026093
4783	EHMT2	H264H;F265P	Silent;Missense	0.1070221724034855
4784	EHMT2	P260P	Silent	-0.942088045
4785	EHMT2	P260P	Silent	-0.1782455
4786	EHMT2		No Mutation	-0.248959804
4787	EHMT2		No Mutation	-0.926311722
4788	EHMT2		No Mutation	-0.1983685
4789	EHMT2		No Mutation	-0.058327649
4790	EHMT2		No Mutation	-0.262583317
4791	EHMT2	P255P	Silent	-0.116316576
4792	EHMT2		No Mutation	-0.202107361
4793	EHMT2		No Mutation	0.0574885314269748
4794	EHMT2		No Mutation	-0.080698975
4795	EHMT2	(NC)	Intron	-0.040852088
4796	EHMT2	(NC)	Intron	0.1182744636058078
4797	EHMT2	G250G;Q251R	Silent;Missense	0.099250386
4798	EHMT2	G250G	Silent	0.1585848335948984
4799	EHMT2	(NC)	Splice-donor	0.4919278959458381
4800	EHMT2	G248G;N249G	Silent;Missense	-0.300792958
4801	EHMT2	G248G;N249G	Silent;Missense	0.010180471
4802	EHMT2		No Mutation	0.3414886001495976
4803	EHMT2	K246G	Missense	0.2546168655584567
4804	EHMT2	N249N	Silent	0.069462253
4805	EHMT2	M244V	Missense	0.059743915
4806	EHMT2	K242G;T243A	Missense;Missense	-0.213159514
4807	EHMT2		No Mutation	0.3372918515005516
4808	EHMT2		No Mutation	0.5660411256494597
4809	EHMT2	V237A	Missense	-1.078395287
4810	EHMT2		No Mutation	0.3241088901856541
4811	EHMT2	P231P	Silent	0.209329057078227
4812	EHMT2		No Mutation	-0.215646051
4813	EHMT2		No Mutation	-0.263637836
4814	EHMT2		No Mutation	-0.574773112
4815	EHMT2	T228A	Missense	-0.041310027
4816	EHMT2		No Mutation	0.3004688006738497
4817	EHMT2	P226P;T228A	Silent;Missense	0.089912917
4818	EHMT2		No Mutation	0.1698505172527148
4819	EHMT2		No Mutation	-0.376893947
4820	EHMT2		No Mutation	-0.016125615
4821	EHMT2		No Mutation	-0.45209767
4822	EHMT2		No Mutation	-0.029451137
4823	EHMT2	Q215R;G216G	Missense;Silent	0.1143075518752413
4824	EHMT2	Q215R	Missense	-0.059480334
4825	EHMT2	A217A	Silent	-0.528711289
4826	EHMT2	S210G;M211V	Missense;Missense	-0.300403394
4827	EHMT2	S210G;M211V	Missense;Missense	-0.03943826
4828	EHMT2	R207G	Missense	0.1141893747235084
4829	EHMT2		No Mutation	-0.088209249
4830	EHMT2	Q202R	Missense	-0.2806226
4831	EHMT2	L204P	Missense	0.2973323392743199
4832	EHMT2	S203S;L204P	Silent;Missense	-1.089688494
4833	EHMT2	P199P	Silent	-0.267806456
4834	EHMT2		No Mutation	-0.242742141
4835	EHMT2	M189V	Missense	0.1877711475391815
4836	EHMT2	M189V	Missense	0.031971777
4837	EHMT2	K188G;M189V	Missense;Missense	0.0605118522374135
4838	EHMT2	M191T	Missense	-0.455019843
4839	EHMT2	K188G	Missense	-0.395406775
4840	EHMT2	K188G	Missense	1.1011817355712137
4841	EHMT2	M189T;S190P	Missense;Missense	0.4347378882809761
4842	EHMT2		No Mutation	0.1136776611624642
4843	EHMT2		No Mutation	0.022731054
4844	EHMT2		No Mutation	-0.181973894
4845	EHMT2	C183R	Missense	0.2767324450988454
4846	EHMT2	S182P;C183R	Missense;Missense	-0.213853232
4847	EHMT2	G181G;S182P;C183R	Silent;Missense;Missense	0.7538858839365079
4848	EHMT2	G181G;S182P	Silent;Missense	-0.258907049
4849	EHMT2		No Mutation	-0.566857364
4850	EHMT2		No Mutation	-0.250177508
4851	EHMT2		No Mutation	-0.939236957
4852	EHMT2		No Mutation	-0.359674717
4853	EHMT2		No Mutation	-1.88361602
4854	EHMT2		No Mutation	0.2070029506060479
4855	EHMT2		No Mutation	0.6460919282312415
4856	EHMT2		No Mutation	-0.456312315
4857	EHMT2	S175P	Missense	-0.665977036
4858	EHMT2	F173P	Missense	-0.572365372
4859	EHMT2	H168H	Silent	-0.047086407
4860	EHMT2	(NC);(NC);(NC);(NC)	Intron;Intron;Intron;Intron	0.4117106565650557
4861	EHMT2	(NC)	Intron	-0.486306768
4862	EHMT2	(NC)	Intron	0.2345213920780441
4863	EHMT2	(NC);(NC)	Intron;Intron	0.0135544069355558
4864	EHMT2	(NC);(NC)	Intron;Intron	1.0669379397635337
4865	EHMT2	(NC);(NC)	Intron;Intron	-0.067255779
4866	EHMT2	(NC)	Intron	-0.035778341
4867	EHMT2		No Mutation	0.5077439407304962
4868	EHMT2		No Mutation	-0.002836678
4869	EHMT2	(NC)	Splice-donor	-0.507757497
4870	EHMT2	I164V	Missense	0.1180703855293741
4871	EHMT2	L165P	Missense	-0.031701176
4872	EHMT2		No Mutation	-0.025901285
4873	EHMT2		No Mutation	-0.336736413
4874	EHMT2	I164T	Missense	-0.103655801
4875	EHMT2	D158G	Missense	0.019064725
4876	EHMT2	D156G	Missense	-0.943181806
4877	EHMT2	G155G;D156G	Silent;Missense	-0.618739754
4878	EHMT2	G155G;D156G	Silent;Missense	-0.684944984
4879	EHMT2	G155G;D156G	Silent;Missense	-0.221604665
4880	EHMT2	N152G	Missense	0.064853789
4881	EHMT2	E151G;N152G	Missense;Missense	0.2628120116936393
4882	EHMT2	E151G;N152G	Missense;Missense	0.1708783652928285
4883	EHMT2	E149G	Missense	0.3591691989233686
4884	EHMT2	E149G	Missense	0.6946814490818259
4885	EHMT2	S150P	Missense	0.073842374
4886	EHMT2	T143A	Missense	0.1353129343523544
4887	EHMT2		No Mutation	0.2091288534755144
4888	EHMT2		No Mutation	0.035947157
4889	EHMT2	L145P	Missense	-0.477007411
4890	EHMT2		No Mutation	0.707906687
4891	EHMT2		No Mutation	-0.124767144
4892	EHMT2		No Mutation	-0.490327258
4893	EHMT2		No Mutation	-0.050865633
4894	EHMT2		No Mutation	1.527555578220251
4895	EHMT2	T130A	Missense	0.2034101014170124
4896	EHMT2	T130A	Missense	0.6526397030031894
4897	EHMT2	T130A	Missense	0.3476629167479559
4898	EHMT2	T130A	Missense	-0.434433878
4899	EHMT2	T130T;V131A	Silent;Missense	-0.046136831
4900	EHMT2		No Mutation	-0.30446984
4901	EHMT2	V129A	Missense	0.3528249729342638
4902	EHMT2	S126S;V127A	Silent;Missense	0.2373030958412603
4903	EHMT2	S126P;V127A	Missense;Missense	0.3020593034257633
4904	EHMT2	S126P	Missense	-0.448580043
4905	EHMT2	S123P	Missense	-0.315158439
4906	EHMT2	S122P	Missense	-0.165734626
4907	EHMT2		No Mutation	-0.295493998
4908	EHMT2	P118P;A119A	Silent;Silent	-0.804212439
4909	EHMT2	P118P	Silent	1.048285578039668
4910	EHMT2	P118P	Silent	-0.807148
4911	EHMT2	P118P	Silent	-0.192825298
4912	EHMT2	D114G	Missense	0.2314003933943994
4913	EHMT2	L116P	Missense	-0.483424986
4914	EHMT2	S115P	Missense	0.069924823
4915	EHMT2	S115P	Missense	0.1616767512980536
4916	EHMT2	T112A	Missense	0.7862044046993852
4917	EHMT2		No Mutation	-0.007291323
4918	EHMT2		No Mutation	-0.57774481
4919	EHMT2	E105G	Missense	-0.454019103
4920	EHMT2	L108P	Missense	-0.410717233
4921	EHMT2		No Mutation	0.5665906003743553
4922	EHMT2		No Mutation	0.1394836959565221
4923	EHMT2	(NC)	Splice-acceptor	0.5478504731734878
4924	EHMT2	(NC)	Splice-acceptor	1.5964757816977246
4925	EHMT2	S97P	Missense	0.1871792883708849
4926	EHMT2	(NC);(NC)	Intron;Splice-acceptor	0.3362285225654103
4927	EHMT2	(NC);(NC)	Intron;Splice-acceptor	-0.178908862
4928	EHMT2		No Mutation	0.5085997933274673
4929	EHMT2	(NC)	Intron	0.1405483842810528
4930	EHMT2	(NC)	Intron	0.038133231
4931	EHMT2		No Mutation	0.2487451924134592
4932	EHMT2	(NC)	Intron	-1.21487324
4933	EHMT2		No Mutation	-0.980440323
4934	EHMT2	R88G	Missense	-0.428453716
4935	EHMT2	E84G	Missense	-0.014872373
4936	EHMT2		No Mutation	0.2229166798100246
4937	EHMT2	M78V	Missense	0.8841124238536239
4938	EHMT2	L81P	Missense	-0.478761773
4939	EHMT2	L81P	Missense	0.5268343565875971
4940	EHMT2		No Mutation	-0.094449785
4941	EHMT2		No Mutation	0.3860698863174596
4942	EHMT2		No Mutation	-0.629625056
4943	EHMT2	E73G	Missense	-0.372366526
4944	EHMT2	E73G	Missense	-0.27774565
4945	EHMT2	E73G	Missense	-0.327133319
4946	EHMT2	A76A	Silent	-0.611802194
4947	EHMT2		No Mutation	-0.063166791
4948	EHMT2		No Mutation	-0.677584639
4949	EHMT2		No Mutation	1.5484901008562546
4950	EHMT2		No Mutation	-0.356368287
4951	EHMT2		No Mutation	-1.453591092
4952	EHMT2		No Mutation	-0.341949253
4953	EHMT2		No Mutation	0.2391751798644019
4954	EHMT2		No Mutation	-0.309326229
4955	EHMT2		No Mutation	-0.220047841
4956	EHMT2	S70P	Missense	0.3934140075008512
4957	EHMT2		No Mutation	-0.166155184
4958	EHMT2	L68P	Missense	-0.496893267
4959	EHMT2	C67C;L68P	Silent;Missense	-0.087316494
4960	EHMT2	P66P;C67R	Silent;Missense	0.4373923902254232
4961	EHMT2	L60P	Missense	-0.193636469
4962	EHMT2	L60P	Missense	-0.8498451
4963	EHMT2	L60P	Missense	0.225787194166177
4964	EHMT2	T58T	Silent	0.1956527070266454
4965	EHMT2	T58T	Silent	-0.500073003
4966	EHMT2		No Mutation	-0.059027902
4967	EHMT2	L56P;S57P	Missense;Missense	-0.180580038
4968	EHMT2	T53A	Missense	0.098663957
4969	EHMT2		No Mutation	-0.343618687
4970	EHMT2		No Mutation	-0.039736841
4971	EHMT2	W52R	Missense	-0.036754718
4972	EHMT2	S51P;W52R	Missense;Missense	-1.05788553
4973	EHMT2	R47G	Missense	-0.175445198
4974	EHMT2		No Mutation	-0.620967161
4975	EHMT2		No Mutation	-0.121202243
4976	EHMT2	L42L	Silent	-0.06907158
4977	EHMT2	S44S;L45P	Silent;Missense	-0.085784212
4978	EHMT2	L42L	Silent	-0.608449078
4979	EHMT2	S44S;L45P	Silent;Missense	0.2674907991881942
4980	EHMT2	S44P;L45P	Missense;Missense	-0.708376659
4981	EHMT2	G37G	Silent	-0.251032005
4982	EHMT2	R34R;G35G	Silent;Silent	0.364676475204261
4983	EHMT2	G37G	Silent	-0.188317003
4984	EHMT2	G37G	Silent	0.1932788525581346
4985	EHMT2	H33R	Missense	-1.656456804
4986	EHMT2		No Mutation	-0.174333387
4987	EHMT2	R29G	Missense	-0.418223892
4988	EHMT2		No Mutation	-0.175326899
4989	EHMT2		No Mutation	-0.140711491
4990	EHMT2	R25R	Silent	0.145928318
4991	EHMT2	R25R	Silent	0.2637952361933249
4992	EHMT2	R25R	Silent	0.3633503683209024
4993	EHMT2	R25R	Silent	-0.103657919
4994	EHMT2	S24G	Missense	-0.469423482
4995	EHMT2		No Mutation	-0.292565627
4996	EHMT2	S24G	Missense	-0.340793079
4997	EHMT2	S24G	Missense	0.2216512385316895
4998	EHMT2		No Mutation	-0.045663161
4999	EHMT2		No Mutation	-0.486634985
5000	EHMT2		No Mutation	-0.185317528
5001	EHMT2		No Mutation	-0.34158903
5002	EHMT2		No Mutation	0.5085930964023698
5003	EHMT2		No Mutation	-0.2450249
5004	EHMT2		No Mutation	-0.3143876
5005	EHMT2	R18R	Silent	0.3311314914120013
5006	EHMT2	R18R	Silent	-0.361002673
5007	EHMT2		No Mutation	-0.016565644
5008	EHMT2	M11V	Missense	-0.403554819
5009	EHMT2	M11V	Missense	-0.299551399
5010	EHMT2	M11V	Missense	-0.311787406
5011	EHMT2		No Mutation	-0.111235971
5012	EHMT2		No Mutation	-0.391475579
5013	EHMT2		No Mutation	-0.011492385
5014	EHMT2		No Mutation	-0.520539806
5015	EHMT2	L10P;M11T	Missense;Missense	-0.208741376
5016	EHMT2	R6R;R8G	Silent;Missense	-0.195080774
5017	EHMT2	R6R	Silent	0.098139032
5018	EHMT2	L4L	Silent	-0.126198783
5019	EHMT2		No Mutation	-0.55108557
5020	EHMT2		No Mutation	0.1898003245781745
5021	EHMT2		No Mutation	-0.089965191
5022	EHMT2		No Mutation	0.1448886028953463
5023	EHMT2	M1V	Missense	-0.37503658
5024	EHMT2	L4P	Missense	-0.315372806
5025	EHMT2	G3G;L4P	Silent;Missense	-0.219881363
5026	EHMT2	G3G;L4P	Silent;Missense	-0.671175443
5027	EHMT2		No Mutation	-0.426458194
5028	EHMT2		No Mutation	-0.223392
5029	EHMT2		No Mutation	0.1515914773252146
5030	EHMT2		No Mutation	0.09904619
5031	EHMT2		No Mutation	-0.529380193
5032	EHMT2		No Mutation	0.049643942
5033	SUV39H1	(NC);(NC)	UTR;UTR	0.8140184087591007
5034	SUV39H1	(NC);(NC)	UTR;UTR	0.4847658473555522
5035	SUV39H1	(NC)	UTR	-0.199384657
5036	SUV39H1	(NC)	UTR	-0.033696279
5037	SUV39H1	S5S	Silent	-0.61931763
5038	SUV39H1	R8G	Missense	0.4606542689569437
5039	SUV39H1	L12P	Missense	2.3714329219860275
5040	SUV39H1		No Mutation	0.2619975100855025
5041	SUV39H1	D14G	Missense	0.3212512974828011
5042	SUV39H1	P15P	Silent	-0.578372587
5043	SUV39H1	P15P;T17A	Silent;Missense	-0.317319475
5044	SUV39H1	(NC);(NC)	Intron;Intron	0.2624340741458797
5045	SUV39H1	(NC)	Intron	1.0082818174935209
5046	SUV39H1		No Mutation	-0.466875648
5047	SUV39H1	C19R	Missense	0.2957151215310797
5048	SUV39H1	C19R	Missense	0.2151611077973722
5049	SUV39H1	C19R	Missense	0.095661741
5050	SUV39H1	C22R;C23R	Missense;Missense	0.2761713077128028
5051	SUV39H1		No Mutation	-0.192854442
5052	SUV39H1		No Mutation	0.2422645168649598
5053	SUV39H1	Q31R	Missense	0.2430203887934771
5054	SUV39H1		No Mutation	0.0521903829180467
5055	SUV39H1	S40P;C41R	Missense;Missense	0.1255543963474651
5056	SUV39H1	C41R	Missense	0.4469999731690481
5057	SUV39H1		No Mutation	-0.047439401
5058	SUV39H1	P42P	Silent	0.2402474509488982
5059	SUV39H1	G45G;I46T	Silent;Missense	-0.095520289
5060	SUV39H1		No Mutation	-0.4897073
5061	SUV39H1	S47P	Missense	-0.24473311
5062	SUV39H1	S47P	Missense	-0.517165536
5063	SUV39H1		No Mutation	0.2852306577754064
5064	SUV39H1		No Mutation	-0.25971011
5065	SUV39H1	V56A	Missense	0.2139371373627209
5066	SUV39H1		No Mutation	0.025875995759404
5067	SUV39H1	K64G;I65V	Missense;Missense	0.3077645202982285
5068	SUV39H1	K64G;I65V	Missense;Missense	0.6749028076758847
5069	SUV39H1	K64R;I65V	Missense;Missense	0.2306959268044772
5070	SUV39H1	(NC)	Intron	-0.151294667
5071	SUV39H1		No Mutation	-0.618225238
5072	SUV39H1		No Mutation	1.367010711238243
5073	SUV39H1	(NC)	Intron	0.1785710778195854
5074	SUV39H1		No Mutation	-0.295133831
5075	SUV39H1		No Mutation	1.546521676307838
5076	SUV39H1		No Mutation	-0.4472183
5077	SUV39H1	(NC)	Intron	-0.195907535
5078	SUV39H1		No Mutation	0.046987589
5079	SUV39H1		No Mutation	0.2746731
5080	SUV39H1		No Mutation	-0.277624344
5081	SUV39H1		No Mutation	0.084776448
5082	SUV39H1	Y70H	Missense	-0.017696715
5083	SUV39H1	Y70H	Missense	-0.500432585
5084	SUV39H1	Y70H	Missense	0.3037029990011965
5085	SUV39H1	E67G	Missense	0.043031171
5086	SUV39H1	Y70H;Y71H	Missense;Missense	-0.375703849
5087	SUV39H1	E69G;Y70C	Missense;Missense	-0.404824219
5088	SUV39H1	Y71C	Missense	0.2143856860490206
5089	SUV39H1	R76R;Y78H	Silent;Missense	-0.321974607
5090	SUV39H1	P79P;D80G	Silent;Missense	0.191340638556427
5091	SUV39H1	P79P;D80G	Silent;Missense	0.4067911712131347
5092	SUV39H1	W85R	Missense	0.3813655011117965
5093	SUV39H1	E82G;S83G	Missense;Missense	0.1739116872445265
5094	SUV39H1	N90N	Silent	-0.408812092
5095	SUV39H1	C93R	Missense	-0.140444221
5096	SUV39H1	K98E	Missense	-0.30590512
5097	SUV39H1		No Mutation	-0.216892423
5098	SUV39H1	H101R	Missense	0.033182198
5099	SUV39H1	H101R;K102E	Missense;Missense	0.4899727873643046
5100	SUV39H1		No Mutation	0.0283794081339688
5101	SUV39H1	L104L;E105G	Silent;Missense	0.2224437979758907
5102	SUV39H1	E105G;R106G	Missense;Missense	-1.284079223
5103	SUV39H1		No Mutation	-0.127174597
5104	SUV39H1	S115P	Missense	-0.193019655
5105	SUV39H1	H113R	Missense	0.8678090787473354
5106	SUV39H1		No Mutation	-0.296666858
5107	SUV39H1	S115S;K116G;T117A	Silent;Missense;Missense	-0.583823241
5108	SUV39H1		No Mutation	-1.007183087
5109	SUV39H1		No Mutation	-0.058482046
5110	SUV39H1	H120R	Missense	0.0267351787393674
5111	SUV39H1		No Mutation	-0.769772891
5112	SUV39H1		No Mutation	0.024860748
5113	SUV39H1		No Mutation	0.0329080370824637
5114	SUV39H1	L125L	Silent	0.4500021987222466
5115	SUV39H1		No Mutation	0.4314443510650486
5116	SUV39H1	P123P;S124G	Silent;Missense	-0.086791056
5117	SUV39H1	Y128H	Missense	0.1187116468500413
5118	SUV39H1	Y128H;L129P	Missense;Missense	-0.015782172
5119	SUV39H1	N127G	Missense	0.3944416867270345
5120	SUV39H1		No Mutation	-0.505637249
5121	SUV39H1	Q131R	Missense	0.0618929564472394
5122	SUV39H1		No Mutation	-0.095098471
5123	SUV39H1	Q131R;K132G	Missense;Missense	0.3265548187129048
5124	SUV39H1	K132G	Missense	0.3409889274197575
5125	SUV39H1	L139P	Missense	-0.408346623
5126	SUV39H1		No Mutation	-0.136280317
5127	SUV39H1		No Mutation	-0.424707299
5128	SUV39H1		No Mutation	-0.40230709
5129	SUV39H1		No Mutation	-0.124800232
5130	SUV39H1	K149E	Missense	0.3281632702732945
5131	SUV39H1	K149G	Missense	0.3418805977597214
5132	SUV39H1	L153P	Missense	0.399777851753114
5133	SUV39H1	T157T	Silent	-0.03834816
5134	SUV39H1	I156V;T157A	Missense;Missense	0.2835143091447663
5135	SUV39H1	T157A	Missense	0.3740315183456169
5136	SUV39H1	V158V;E159G;N160D	Silent;Missense;Missense	2.0054819214498707
5137	SUV39H1	N160G;E161G	Missense;Missense	0.1317055182857667
5138	SUV39H1	D163G	Missense	0.2416400661109086
5139	SUV39H1		No Mutation	-0.128140189
5140	SUV39H1		No Mutation	0.1757001817752257
5141	SUV39H1	V172A;Y173H	Missense;Missense	0.3861450727110247
5142	SUV39H1	V172A;Y173H	Missense;Missense	0.1708090654393018
5143	SUV39H1	Y173H;I174T	Missense;Missense	-0.278552997
5144	SUV39H1	N175N	Silent	-0.068519699
5145	SUV39H1	I174V;N175G	Missense;Missense	-0.041744292
5146	SUV39H1	E176G	Missense	-0.480856232
5147	SUV39H1	E176G;Y177C	Missense;Missense	0.6482961336597023
5148	SUV39H1	I183T	Missense	-0.169470586
5149	SUV39H1	I183V	Missense	-0.807859381
5150	SUV39H1	I183V;T184A	Missense;Missense	0.2309892688959512
5151	SUV39H1	N186D	Missense	0.036117295
5152	SUV39H1	N186G	Missense	-0.375038415
5153	SUV39H1	A189A;V190A	Silent;Missense	-0.114636063
5154	SUV39H1	A189A;V190A	Silent;Missense	2.91578971
5155	SUV39H1	C192R	Missense	0.411922927
5156	SUV39H1		No Mutation	0.5275471044982466
5157	SUV39H1	E193G	Missense	-0.412161149
5158	SUV39H1		No Mutation	-0.439203591
5159	SUV39H1		No Mutation	0.014616237
5160	SUV39H1		No Mutation	0.186007232
5161	SUV39H1		No Mutation	0.4155524831218779
5162	SUV39H1	T202A	Missense	0.1511031113987159
5163	SUV39H1	T202A	Missense	-0.280598277
5164	SUV39H1	G203G	Silent	-0.482325565
5165	SUV39H1	G203G	Silent	2.15624320082181
5166	SUV39H1	C206R	Missense	0.1132283683436544
5167	SUV39H1		No Mutation	0.0201408253832919
5168	SUV39H1		No Mutation	-0.142425594
5169	SUV39H1		No Mutation	0.038436072
5170	SUV39H1		No Mutation	-0.248833792
5171	SUV39H1		No Mutation	0.431538311
5172	SUV39H1	Y216C;N217D	Missense;Missense	-0.254223004
5173	SUV39H1	N217S;D218G	Missense;Missense	-0.476718061
5174	SUV39H1		No Mutation	1.1555879503585602
5175	SUV39H1	L224P	Missense	0.2451458460646544
5176	SUV39H1	Q221R	Missense	-0.196507048
5177	SUV39H1	Q221R	Missense	0.049321259
5178	SUV39H1		No Mutation	0.058975822
5179	SUV39H1		No Mutation	-0.067022599
5180	SUV39H1	S235P	Missense	0.067156751
5181	SUV39H1	S235P	Missense	-0.241099651
5182	SUV39H1	N234G	Missense	-0.597955009
5183	SUV39H1	Y241H	Missense	0.076272615
5184	SUV39H1	Y241H	Missense	0.9938345377969132
5185	SUV39H1	C243R	Missense	0.173967626598779
5186	SUV39H1	D242G	Missense	0.057154985
5187	SUV39H1	P244P;N245G	Silent;Missense	0.024369614
5188	SUV39H1	N245G	Missense	0.3680476213364841
5189	SUV39H1		No Mutation	-0.291774716
5190	SUV39H1		No Mutation	0.1494551185834156
5191	SUV39H1	I258T;F259L	Missense;Missense	0.1270019744446102
5192	SUV39H1		No Mutation	-0.040783846
5193	SUV39H1		No Mutation	0.1821895724449793
5194	SUV39H1	I258V	Missense	-0.344039396
5195	SUV39H1		No Mutation	-0.149349329
5196	SUV39H1	T261A	Missense	-0.489245575
5197	SUV39H1	D262G	Missense	-0.09255029
5198	SUV39H1	D262G	Missense	0.203310008
5199	SUV39H1	R265R	Silent	-0.085906162
5200	SUV39H1	D262G;D263G	Missense;Missense	-0.373115835
5201	SUV39H1		No Mutation	-1.073745013
5202	SUV39H1	I275T	Missense	-0.33583526
5203	SUV39H1		No Mutation	-0.115743555
5204	SUV39H1		No Mutation	0.1420074379106071
5205	SUV39H1	K277G;N278D	Missense;Missense	0.1196228319564699
5206	SUV39H1		No Mutation	0.06872209
5207	SUV39H1		No Mutation	0.1870739798657259
5208	SUV39H1	M282V	Missense	-0.349872261
5209	SUV39H1	E283G;Y284C	Missense;Missense	-0.18716684
5210	SUV39H1	E283G;Y284C	Missense;Missense	0.4459247645716681
5211	SUV39H1	G286G	Silent	0.2426588624239287
5212	SUV39H1	G286G	Silent	-0.150058651
5213	SUV39H1	(NC)	Intron	-0.078996607
5214	SUV39H1	(NC);(NC);(NC)	Intron;Intron;Intron	-0.137669585
5215	SUV39H1	(NC);(NC);(NC)	Intron;Intron;Intron	-0.149797712
5216	SUV39H1	(NC);(NC);(NC)	Intron;Intron;Intron	-0.407119177
5217	SUV39H1	(NC)	Intron	0.1765217795152454
5218	SUV39H1	(NC);I288T	Intron;Missense	0.4665485485341972
5219	SUV39H1	I289T	Missense	0.1152467822380497
5220	SUV39H1	I289T	Missense	0.1552903880127415
5221	SUV39H1	(NC);I288V	Splice-acceptor;Missense	0.8369575655801363
5222	SUV39H1	I288V;I289V	Missense;Missense	0.028061103
5223	SUV39H1	S291P	Missense	0.4180876464252749
5224	SUV39H1		No Mutation	-0.024585777
5225	SUV39H1	S291S	Silent	0.3857356026847496
5226	SUV39H1	S291S;E292G	Silent;Missense	-0.341405184
5227	SUV39H1	S291S;E292G	Silent;Missense	0.008017559
5228	SUV39H1	E292G;E293G	Missense;Missense	0.1685837967309716
5229	SUV39H1		No Mutation	-0.035450906
5230	SUV39H1	Q299R;I300V	Missense;Missense	-0.290882974
5231	SUV39H1	Q299R;I300V	Missense;Missense	0.2453530632193996
5232	SUV39H1	R303R	Silent	0.1018083463826163
5233	SUV39H1	Y308H	Missense	-0.105899536
5234	SUV39H1	T307A	Missense	0.2162152513286921
5235	SUV39H1	L312P	Missense	0.4149478707044358
5236	SUV39H1	L312P	Missense	-0.05508494
5237	SUV39H1		No Mutation	-0.028255233
5238	SUV39H1	D311G	Missense	-0.287809111
5239	SUV39H1	Y314H	Missense	0.3075518263712644
5240	SUV39H1		No Mutation	0.4968244589684093
5241	SUV39H1	E316G	Missense	0.4142581403765218
5242	SUV39H1	D322G	Missense	-0.055737897
5243	SUV39H1	Y326H	Missense	-0.221932286
5244	SUV39H1	I329T	Missense	-0.205968003
5245	SUV39H1	I329T;S330P	Missense;Missense	-0.4280085
5246	SUV39H1		No Mutation	-0.279529222
5247	SUV39H1		No Mutation	0.4450432354546496
5248	SUV39H1	S336S	Silent	0.3447568027257317
5249	SUV39H1	S336S	Silent	0.1861735805065523
5250	SUV39H1	H335R;S336G	Missense;Missense	0.2085484462697995
5251	SUV39H1		No Mutation	-0.657888812
5252	SUV39H1		No Mutation	-0.95124104
5253	SUV39H1		No Mutation	-0.307987049
5254	SUV39H1	(NC)	Intron	0.0450141223584095
5255	SUV39H1	(NC)	Intron	0.1435867993352099
5256	SUV39H1		No Mutation	0.3684978329832856
5257	SUV39H1		No Mutation	-0.225302684
5258	SUV39H1	L341P	Missense	-0.066286829
5259	SUV39H1	L341P	Missense	0.165298045841888
5260	SUV39H1	Y344H	Missense	0.0114541936939575
5261	SUV39H1	Y344H	Missense	0.986191728
5262	SUV39H1		No Mutation	0.3566163765575467
5263	SUV39H1	V346A;F347L	Missense;Missense	0.7918412928724472
5264	SUV39H1	I348M;D349G	Missense;Missense	0.3453212141437737
5265	SUV39H1		No Mutation	0.2293505627619623
5266	SUV39H1	F361P	Missense	-0.218418406
5267	SUV39H1	F361S	Missense	0.5025603220326248
5268	SUV39H1	F361F	Silent	0.6873488944777276
5269	SUV39H1		No Mutation	0.031313922
5270	SUV39H1	T363A	Missense	0.2476908815345033
5271	SUV39H1	T363A;R364G	Missense;Missense	-0.021701761
5272	SUV39H1		No Mutation	0.534890931
5273	SUV39H1	R364R;T365A;I366V	Silent;Missense;Missense	-0.061381759
5274	SUV39H1		No Mutation	0.2785036091221696
5275	SUV39H1	L372P	Missense	-0.842794055
5276	SUV39H1	D375G	Missense	0.070784661
5277	SUV39H1	D375G;Y376C	Missense;Missense	0.4192225568543273
5278	SUV39H1	D375G;Y376C	Missense;Missense	0.6013039387853532
5279	SUV39H1	M378T	Missense	-0.109036364
5280	SUV39H1	Y376C;N377D	Missense;Missense	-0.24439738
5281	SUV39H1	Y376C;N377G	Missense;Missense	0.9377186450434484
5282	SUV39H1	N377G;M378V	Missense;Missense	-0.1205416
5283	SUV39H1	Q379R	Missense	-0.174253173
5284	SUV39H1	Q379R	Missense	-0.131007184
5285	SUV39H1		No Mutation	0.4191643502625969
5286	SUV39H1		No Mutation	-0.64152803
5287	SUV39H1		No Mutation	0.393455250224006
5288	SUV39H1		No Mutation	-0.286374282
5289	SUV39H1		No Mutation	-0.657984992
5290	SUV39H1	(NC)	Intron	-0.278582422
5291	SUV39H1		No Mutation	-0.748686296
5292	SUV39H1	V380A	Missense	0.4195108023446695
5293	SUV39H1	(NC)	Intron	0.2281548377344807
5294	SUV39H1	(NC)	Splice-acceptor	0.077495764
5295	SUV39H1	V383A	Missense	-0.38024271
5296	SUV39H1		No Mutation	0.3537270198099115
5297	SUV39H1		No Mutation	0.0192006111113227
5298	SUV39H1		No Mutation	-0.247560444
5299	SUV39H1	M385V	Missense	-0.357878117
5300	SUV39H1	M390V	Missense	-0.664242095
5301	SUV39H1	F394P	Missense	-0.517378351
5302	SUV39H1	D391G	Missense	-0.723743726
5303	SUV39H1	F394P	Missense	-0.086529017
5304	SUV39H1	N393G	Missense	0.1141867696712952
5305	SUV39H1	N393G	Missense	-0.483174366
5306	SUV39H1	A397A	Silent	-0.035449518
5307	SUV39H1		No Mutation	0.1750623366723184
5308	SUV39H1	P400P;S402P	Silent;Missense	0.2093545488754322
5309	SUV39H1		No Mutation	0.1912214635284105
5310	SUV39H1		No Mutation	0.259038041653417
5311	SUV39H1		No Mutation	-0.314823055
5312	SUV39H1		No Mutation	-0.395515931
5313	SUV39H1	V407A;R408R	Missense;Silent	0.3105878945371254
5314	SUV39H1	R408R	Silent	-0.056082911
5315	SUV39H1	R408R;I409T	Silent;Missense	-0.192586105
5316	SUV39H1	I409V	Missense	0.5375423184874135
5317	SUV39H1	I409V	Missense	-0.351774521
5318	SUV39H1	C413R	Missense	0.4393534522187037
5319	SUV39H1	L422P;F423P	Missense;Missense	-0.021033214
5320	SUV39H1	*424Q	Missense	-0.819124642
5321	SUV39H1		No Mutation	0.087986949
5322	SUV39H1	*424W	Missense	-0.23578375
5323	SUV39H1		No Mutation	-0.085422995
5324	SUV39H1		No Mutation	0.7050520414433428
5325	SUV39H2	(NC);(NC)	UTR;UTR	0.1007232128843639
5326	SUV39H2	(NC);(NC);(NC)	UTR;UTR;UTR	0.4051069183146488
5327	SUV39H2	(NC);(NC);(NC)	UTR;UTR;UTR	-0.158265948
5328	SUV39H2		No Mutation	0.160370705962489
5329	SUV39H2	(NC);(NC);(NC)	UTR;UTR;UTR	0.0613081645594762
5330	SUV39H2	(NC);(NC);(NC)	UTR;UTR;UTR	-0.288869619
5331	SUV39H2	(NC);(NC);M1V	UTR;UTR;Missense	-0.41218011
5332	SUV39H2		No Mutation	0.358119795724762
5333	SUV39H2		No Mutation	-0.636588194
5334	SUV39H2		No Mutation	-0.053097331
5335	SUV39H2	E7G	Missense	0.7817155348750979
5336	SUV39H2		No Mutation	0.1312259234498916
5337	SUV39H2	(NC)	Splice-donor	-0.009942804
5338	SUV39H2	G10G	Silent	0.1407020685018616
5339	SUV39H2	L20P	Missense	-0.17970681
5340	SUV39H2	S19S	Silent	0.1775450720800169
5341	SUV39H2	D21D;T22T	Silent;Silent	-0.049780045
5342	SUV39H2	T33A	Missense	0.1266455548313417
5343	SUV39H2	I37V	Missense	0.3194708642696467
5344	SUV39H2	N46N	Silent	2.2195495896224204
5345	SUV39H2	N43G	Missense	0.26052287
5346	SUV39H2	L44L;N45D	Silent;Missense	0.2250101751625851
5347	SUV39H2	E50E;Y51C	Silent;Missense	-0.161435238
5348	SUV39H2	D54G	Missense	0.9642859977701764
5349	SUV39H2	Y55C;K56G	Missense;Missense	-0.347565473
5350	SUV39H2	E62G;Y63C	Missense;Missense	-0.401384664
5351	SUV39H2	Y64C	Missense	0.00227461
5352	SUV39H2	V66V	Silent	0.3616790821500923
5353	SUV39H2	P72P;D73G	Silent;Missense	-0.516831801
5354	SUV39H2	P72P;D73G	Silent;Missense	0.3637774582862093
5355	SUV39H2	T77T;W78R	Silent;Missense	0.5767899511850073
5356	SUV39H2	F93L	Missense	0.2321861022694882
5357	SUV39H2	F93P	Missense	0.2075258908509893
5358	SUV39H2	H98R;N99D	Missense;Missense	0.1656008881352246
5359	SUV39H2	L101L	Silent	0.3428481718038585
5360	SUV39H2	Y126H;I127T	Missense;Missense	0.4786342457380317
5361	SUV39H2	I127T;V128A	Missense;Missense	0.6609141442939479
5362	SUV39H2	E125G	Missense	-0.215947903
5363	SUV39H2	K129G	Missense	-0.149129292
5364	SUV39H2	I135V	Missense	0.420997411
5365	SUV39H2	R146G;R147G	Missense;Missense	0.1325756257987855
5366	SUV39H2	E157E;N158G;T159A	Silent;Missense;Missense	0.1715886988774808
5367	SUV39H2	N158G;T159A	Missense;Missense	0.5310731019073227
5368	SUV39H2	Y170H;Y171H	Missense;Missense	0.4371794483917999
5369	SUV39H2	Y170H;Y171H	Missense;Missense	0.08333294
5370	SUV39H2	Y171H;I172T	Missense;Missense	0.4156034889274846
5371	SUV39H2	E174G;Y175C	Missense;Missense	0.007066315
5372	SUV39H2	L183P	Missense	-0.16404937
5373	SUV39H2	V184A	Missense	0.040444431
5374	SUV39H2	N185G	Missense	0.8002485197858498
5375	SUV39H2		No Mutation	0.3108360776923146
5376	SUV39H2		No Mutation	0.3014026269481422
5377	SUV39H2	E205G	Missense	-0.54662669
5378	SUV39H2	V208A;L209P	Missense;Missense	0.183142143978221
5379	SUV39H2	Q217R;I218V	Missense;Missense	-0.08886434
5380	SUV39H2	I226T;Y227H	Missense;Missense	3.5466997234574498
5381	SUV39H2	I226T;Y227H	Missense;Missense	0.3827528528556363
5382	SUV39H2	Y227H	Missense	0.060002339
5383	SUV39H2	Y227C	Missense	0.3399420573115401
5384	SUV39H2	S231P	Missense	0.0381932170624619
5385	SUV39H2	S231P	Missense	0.1382537173795073
5386	SUV39H2	N230G	Missense	-0.462377179
5387	SUV39H2		No Mutation	0.1289391278427528
5388	SUV39H2	I243T	Missense	0.3108749048708998
5389	SUV39H2	N241G;R242G	Missense;Missense	0.6088586309914379
5390	SUV39H2	I254V	Missense	0.177802923
5391	SUV39H2	R256R;T257A	Silent;Missense	-0.065015986
5392	SUV39H2	S258G	Missense	-0.047396975
5393	SUV39H2	S258G;N259D	Missense;Missense	-0.215746989
5394	SUV39H2	S258G;N259G	Missense;Missense	-0.513789888
5395	SUV39H2	M278V	Missense	0.2354827343378157
5396	SUV39H2	E288G;E289G	Missense;Missense	0.3308188856140645
5397	SUV39H2	G294G;Q295R	Silent;Missense	0.4638679320702008
5398	SUV39H2	Q295R	Missense	0.2576476580174063
5399	SUV39H2	T303A	Missense	0.6379415370846713
5400	SUV39H2		No Mutation	0.071387108
5401	SUV39H2	E314G	Missense	-0.393062441
5402	SUV39H2	D318G	Missense	0.1480888923944096
5403	SUV39H2		No Mutation	0.038939395
5404	SUV39H2		No Mutation	0.039314117
5405	SUV39H2	F340P	Missense	0.2615415426734274
5406	SUV39H2	F340P	Missense	0.004070548
5407	SUV39H2	L351L	Silent	-0.386441674
5408	SUV39H2	F357P;S358P	Missense;Missense	0.0178310069463721
5409	SUV39H2	F357S;S358P	Missense;Missense	0.2900226794497541
5410	SUV39H2	F357F;S358P	Silent;Missense	0.3652562605549038
5411	SUV39H2	T359A;R360G	Missense;Missense	0.5094524490579816
5412	SUV39H2	N363N;A364A	Silent;Silent	0.091563706
5413	SUV39H2		No Mutation	0.5692649556320808
5414	SUV39H2	H387R;S388G	Missense;Missense	-0.022395392
5415	SUV39H2	S388G	Missense	0.6028703977678211
5416	SUV39H2	R395G;T396A	Missense;Missense	0.1680618516881156
5417	SUV39H2	G401G	Silent	-0.424204875
5418	SUV39H2	(NC);(NC)	UTR;UTR	-0.070870249
5419	PTPN2	(NC);(NC);(NC);(NC)	UTR;UTR;UTR;UTR	-0.076971017
5420	PTPN2	(NC);(NC);(NC);(NC)	UTR;UTR;UTR;UTR	0.5503410535375162
5421	PTPN2	M395V	Missense	-0.236836485
5422	PTPN2	M392T	Missense	0.1374134432905458
5423	PTPN2	I388V	Missense	2.4706107883586563
5424	PTPN2	I388V	Missense	0.082909672
5425	PTPN2	Q386Q;I388V	Silent;Missense	0.0620183841251505
5426	PTPN2	R379R;K380G	Silent;Missense	0.2639854538455415
5427	PTPN2	E376G;R377R	Missense;Silent	0.387872999
5428	PTPN2	N375S;E376G	Missense;Missense	0.3821575412549686
5429	PTPN2	Q366R	Missense	0.1786390584729673
5430	PTPN2	V365A	Missense	0.4471369013710145
5431	PTPN2	V365A	Missense	-0.363814936
5432	PTPN2	T360A	Missense	0.2845695956978667
5433	PTPN2	I353V	Missense	0.2562945301728124
5434	PTPN2	L349L;K351E	Silent;Missense	0.1079300614010165
5435	PTPN2		No Mutation	1.5499097237716413
5436	PTPN2		No Mutation	0.1922266520817656
5437	PTPN2	(NC);(NC)	Intron;Intron	0.011647358
5438	PTPN2	E342G	Missense	0.4593301949709843
5439	PTPN2	K336K;M337V	Silent;Missense	0.2885679482627346
5440	PTPN2	K336G;M337V	Missense;Missense	0.2339315241247931
5441	PTPN2	L333L;S334P;S335P	Silent;Missense;Missense	0.4308303190929921
5442	PTPN2	T326A	Missense	0.1969786246199427
5443	PTPN2	E321G;E322G	Missense;Missense	0.3327477035603305
5444	PTPN2	Y313C;N314G	Missense;Missense	0.2513540338681754
5445	PTPN2	T310A	Missense	1.038138877867082
5446	PTPN2	M309V;T310A	Missense;Missense	0.5892567336021753
5447	PTPN2		No Mutation	0.3014286702378168
5448	PTPN2	S304P	Missense	0.8631077382039617
5449	PTPN2	R288R;K290E	Silent;Missense	0.2466345439208934
5450	PTPN2		No Mutation	-1.434661109
5451	PTPN2	W289R	Missense	0.06566073
5452	PTPN2	W289R	Missense	0.054543053
5453	PTPN2		No Mutation	0.304701527
5454	PTPN2	I285M;Q286R	Missense;Missense	0.1445184118759661
5455	PTPN2	G281G	Silent	0.092982656
5456	PTPN2	G275G	Silent	0.1023493982559194
5457	PTPN2	E274E;G275G	Silent;Silent	0.1188373143694739
5458	PTPN2	Y269C;M270V	Missense;Missense	0.404784309
5459	PTPN2	Q264Q;R266G	Silent;Missense	0.2630116391310149
5460	PTPN2	F267P;S268P	Missense;Missense	0.406724803
5461	PTPN2	F267P;S268P	Missense;Missense	0.2071712037087731
5462	PTPN2	F267P	Missense	0.6564215916679808
5463	PTPN2	I259I	Silent	-0.754175167
5464	PTPN2	M251V;R252G	Missense;Missense	-0.118855042
5465	PTPN2	M251V;R252G	Missense;Missense	0.1616315234613224
5466	PTPN2		No Mutation	0.4003409846651704
5467	PTPN2	V229V;D230G;T231A	Silent;Missense;Missense	0.2249247998678596
5468	PTPN2	T231T	Silent	0.0120100219341816
5469	PTPN2		No Mutation	-0.092256025
5470	PTPN2	A218A	Silent	-0.035409416
5471	PTPN2	I220T	Missense	-0.369573156
5472	PTPN2	H215R	Missense	0.1985498010379056
5473	PTPN2	H215R	Missense	0.1682079913314919
5474	PTPN2	I214V	Missense	-0.280420028
5475	PTPN2	C216R	Missense	0.1712646108651336
5476	PTPN2	I214T	Missense	-0.485429575
5477	PTPN2	V213A	Missense	-0.195961032
5478	PTPN2	P211P	Silent	0.1348672913605401
5479	PTPN2		No Mutation	0.6708423785387163
5480	PTPN2	H209H	Silent	-0.182913723
5481	PTPN2		No Mutation	0.6421373323713941
5482	PTPN2		No Mutation	-0.118297452
5483	PTPN2	K198G	Missense	0.3108458752768238
5484	PTPN2	N194N;F195P	Silent;Missense	0.4436557409829205
5485	PTPN2	S191P;F192P	Missense;Missense	-0.813882338
5486	PTPN2	A190A;S191P;F192L	Silent;Missense;Missense	-0.148213928
5487	PTPN2	P186P	Silent	0.5641446577592426
5488	PTPN2	V185A	Missense	0.061775048
5489	PTPN2	T178A;T179A	Missense;Missense	0.1608677506302723
5490	PTPN2	H174R	Missense	0.3267499054956374
5491	PTPN2	F175P	Missense	0.5047929131060874
5492	PTPN2	(NC);(NC);(NC)	Intron;Intron;Intron	0.3419619737959646
5493	PTPN2	(NC);(NC);(NC);(NC)	Intron;Intron;Intron;Intron	0.3492536214221093
5494	PTPN2	M134V	Missense	0.230159683440149
5495	PTPN2	F136F	Silent	0.0454469118974504
5496	PTPN2	M134T	Missense	0.2004552305657113
5497	PTPN2	K122G	Missense	0.269266585
5498	PTPN2	(NC);(NC)	Intron;Intron	0.2484028873563988
5499	PTPN2	S120P	Missense	-0.159737719
5500	PTPN2	I115V	Missense	0.3024774657531798
5501	PTPN2	M111V	Missense	-0.315843886
5502	PTPN2	M111T;L112P	Missense;Missense	0.2878213080450525
5503	PTPN2	V101A;W102R	Missense;Missense	0.6940937385548058
5504	PTPN2	H96R	Missense	-0.615489577
5505	PTPN2		No Mutation	-0.152631127
5506	PTPN2	H96H;F97P	Silent;Missense	-0.339962593
5507	PTPN2	N92S;T93A	Missense;Missense	0.009202587
5508	PTPN2	C94R;C95R	Missense;Missense	-0.007679397
5509	PTPN2	G88G	Silent	0.6358824926935254
5510	PTPN2		No Mutation	-0.019557455
5511	PTPN2	S82G	Missense	-0.094249315
5512	PTPN2	D75G;I76V	Missense;Missense	5.733182826837245
5513	PTPN2	I76T	Missense	0.6703446420885697
5514	PTPN2	L73L	Silent	-0.006122517
5515	PTPN2	(NC);(NC)	Intron;Intron	0.2099788054145428
5516	PTPN2	(NC)	Intron	-0.002363639
5517	PTPN2	P53P	Silent	0.008425974
5518	PTPN2	P53P	Silent	0.0815088
5519	PTPN2	F39P	Missense	0.1801035802790401
5520	PTPN2	H34H	Silent	-0.237777365
5521	PTPN2	H34H	Silent	-0.360556252
5522	PTPN2	D31G	Missense	0.0401035195546549
5523	PTPN2	(NC)	Intron	-0.259050935
5524	PTPN2	(NC)	Intron	0.2521254779770334
5525	PTPN2	Y22C	Missense	0.3089792021619547
5526	PTPN2		No Mutation	0.021861779
5527	PTPN2	D13G	Missense	0.2414704430375265
5528	PTPN2		No Mutation	-0.589180574
5529	PTPN2	F9S	Missense	0.099401205
5530	PTPN2	F9P	Missense	0.0618372718397765
5531	PTPN2		No Mutation	0.0267045816808288
5532	PTPN2		No Mutation	-0.253126469
5533	PTPN2	I5T	Missense	-0.28331317
5534	PTPN2	T3A	Missense	0.1923004558154515
5535	PTPN2		No Mutation	-0.516715527
5536	PTPN2		No Mutation	-0.397190933
5537	PTPN2		No Mutation	-0.520763222
5538	PTPN2		No Mutation	-0.003948983
