ID	Gene	Mutation_list	Mutation_type	sgRNA_score
0	SETDB1	(NC)	UTR	0.43021742
1	SETDB1	(NC)	UTR	0.437015289
2	SETDB1	S3F;L4F	Missense;Missense	0.153103156
3	SETDB1	P5F	Missense	0.46182017
4	SETDB1	G9N	Missense	0.202177634
5	SETDB1	G9N	Missense	0.14534629
6	SETDB1	L10L;D11N	Silent;Missense	-0.74737074
7	SETDB1	A12V	Missense	0.711232348
8	SETDB1		No Mutation	-0.924977762
9	SETDB1	L25L	Silent	0.892662477
10	SETDB1	Q26*;Q27*	Nonsense;Nonsense	1.518912873
11	SETDB1	A28V	Missense	1.042432056
12	SETDB1	A28V	Missense	0.74157363
13	SETDB1	L33L	Silent	0.47317245
14	SETDB1	L33L	Silent	0.406928593
15	SETDB1	I35I;S36F	Silent;Missense	4.629675365
16	SETDB1	R41W;H42Y	Missense;Missense	-0.908095963
17	SETDB1	F43F	Silent	-0.380255597
18	SETDB1		No Mutation	0.751093187
19	SETDB1	A62V	Missense	-0.788728477
20	SETDB1	A62V	Missense	0.724159641
21	SETDB1	Q70*	Nonsense	3.298348694
22	SETDB1	Q70*	Nonsense	3.068892961
23	SETDB1	L81L	Silent	-0.606803036
24	SETDB1	A85T	Missense	0.607967561
25	SETDB1	S86F	Missense	-0.684930515
26	SETDB1	(NC);(NC);(NC)	Intron;Intron;Intron	-0.332032547
27	SETDB1	(NC)	Intron	-0.994334166
28	SETDB1	(NC)	Intron	-0.558121244
29	SETDB1	V89V	Silent	0.332167695
30	SETDB1	T90I	Missense	0.295911131
31	SETDB1		No Mutation	-0.129569091
32	SETDB1	D98D	Silent	-0.638909387
33	SETDB1	D98D	Silent	0.020391908
34	SETDB1	L103L	Silent	0.177490757
35	SETDB1	L103L	Silent	0.491582456
36	SETDB1		No Mutation	-0.015051769
37	SETDB1	Y107Y;R108W	Silent;Missense	1.546642056
38	SETDB1	E113K;D114N	Missense;Missense	2.274765335
39	SETDB1	S112F	Missense	0.939522315
40	SETDB1		No Mutation	0.850523967
41	SETDB1	E124K	Missense	1.023525243
42	SETDB1	D131N;V132I	Missense;Missense	-0.427509749
43	SETDB1	V132V;L133F	Silent;Missense	-0.406975415
44	SETDB1	L133L	Silent	-0.176786233
45	SETDB1		No Mutation	0.181995819
46	SETDB1	G138S;(NC)	Missense;Splice-donor	2.373209188
47	SETDB1		No Mutation	0.736948715
48	SETDB1		No Mutation	1.461618498
49	SETDB1		No Mutation	-0.100143615
50	SETDB1	(NC);(NC)	Intron;Intron	0.209191233
51	SETDB1	G141E;S142N	Missense;Missense	0.491610098
52	SETDB1	T144I;P145S	Missense;Missense	-0.814510063
53	SETDB1	D147D;Q148*	Silent;Nonsense	1.359560043
54	SETDB1	(NC);(NC)	Splice-donor;Intron	-0.437089836
55	SETDB1	Q148*	Nonsense	0.992228108
56	SETDB1		No Mutation	0.707272683
57	SETDB1	(NC);(NC);(NC)	Intron;Intron;Intron	0.073239901
58	SETDB1		No Mutation	0.895288701
59	SETDB1		No Mutation	-0.92568151
60	SETDB1		No Mutation	-1.055116884
61	SETDB1	(NC)	Splice-acceptor	3.273745438
62	SETDB1	R151H	Missense	-0.757655996
63	SETDB1	R151H;E152K	Missense;Missense	-0.143918998
64	SETDB1	R151H;E152K	Missense;Missense	-0.141198915
65	SETDB1	(NC);L150F	Intron;Missense	-0.044788763
66	SETDB1	A156T	Missense	0.239279234
67	SETDB1		No Mutation	0.061298176
68	SETDB1		No Mutation	2.093211119
69	SETDB1	N172N	Silent	1.146218966
70	SETDB1	S177F;Q178*	Missense;Nonsense	2.923010934
71	SETDB1	L180L	Silent	-0.109229391
72	SETDB1	L180L	Silent	-0.012099016
73	SETDB1	G183R;(NC)	Missense;Splice-donor	2.996779296
74	SETDB1	G183R;(NC)	Missense;Splice-donor	1.518424531
75	SETDB1		No Mutation	-0.450765475
76	SETDB1		No Mutation	-0.012213328
77	SETDB1	(NC)	Intron	0.791810653
78	SETDB1	T184I	Missense	0.576740814
79	SETDB1	G190K	Missense	0.296227267
80	SETDB1		No Mutation	0.782191591
81	SETDB1	V200V	Silent	-0.55414515
82	SETDB1	M202I;R203Q	Missense;Missense	-0.120485084
83	SETDB1	V200V	Silent	-0.378452764
84	SETDB1		No Mutation	-0.388868361
85	SETDB1	T210I	Missense	0.235290319
86	SETDB1	A220V	Missense	-0.020956812
87	SETDB1	Q222Q	Silent	0.101131183
88	SETDB1	Q222Q;V224I	Silent;Missense	0.479896471
89	SETDB1	(NC);(NC)	Splice-donor;Intron	3.245122747
90	SETDB1	(NC);(NC)	Intron;Intron	0.639514213
91	SETDB1		No Mutation	0.797744734
92	SETDB1		No Mutation	0.475391855
93	SETDB1	G227K	Missense	0.242465957
94	SETDB1	G227K	Missense	1.924264596
95	SETDB1	P226L	Missense	1.85878053
96	SETDB1	K231K;V232M	Silent;Missense	1.682863435
97	SETDB1		No Mutation	-0.745031141
98	SETDB1		No Mutation	1.457837396
99	SETDB1		No Mutation	0.606088036
100	SETDB1		No Mutation	4.310608571
101	SETDB1		No Mutation	1.26807407
102	SETDB1		No Mutation	0.560831581
103	SETDB1	K257K	Silent	0.105723508
104	SETDB1	A255V	Missense	0.423362777
105	SETDB1	K257K;L258L	Silent;Silent	1.421325343
106	SETDB1	A255V	Missense	-0.525563762
107	SETDB1	L258L	Silent	0.853796026
108	SETDB1	V260M	Missense	0.63344039
109	SETDB1	L258L	Silent	-0.185904787
110	SETDB1	L258L	Silent	1.467024785
111	SETDB1		No Mutation	0.108358878
112	SETDB1	V265V;A266V	Silent;Missense	0.661262517
113	SETDB1	V265V;A266V	Silent;Missense	2.078081879
114	SETDB1	Y268Y	Silent	-0.55152345
115	SETDB1	G271E	Missense	1.382065626
116	SETDB1		No Mutation	0.252768383
117	SETDB1	Q273*	Nonsense	3.667265596
118	SETDB1	N286N;V287V	Silent;Silent	0.433776326
119	SETDB1	N289N	Silent	0.439512499
120	SETDB1	L291F	Missense	3.309670909
121	SETDB1	(NC)	Intron	-0.147289178
122	SETDB1	(NC)	Intron	0.558209084
123	SETDB1	S303F	Missense	0.790197249
124	SETDB1	S308S;E309K	Silent;Missense	0.298013373
125	SETDB1	L310L	Silent	0.002630739
126	SETDB1	(NC);(NC)	Splice-donor;Intron	1.515278824
127	SETDB1	(NC);(NC);(NC)	Splice-donor;Intron;Intron	1.159959234
128	SETDB1		No Mutation	-0.232873875
129	SETDB1		No Mutation	0.137523999
130	SETDB1	(NC)	Intron	-0.157476141
131	SETDB1	(NC)	Intron	1.30824406
132	SETDB1		No Mutation	1.139067198
133	SETDB1	S328S;C329C;R330C	Silent;Silent;Missense	0.702591272
134	SETDB1	E334K	Missense	-0.102529713
135	SETDB1	E334E;E335K	Silent;Missense	0.154059199
136	SETDB1	A339A;Y340Y;P341S	Silent;Silent;Missense	1.878576669
137	SETDB1	M345I	Missense	0.712791365
138	SETDB1	M345I;V346I	Missense;Missense	0.981968939
139	SETDB1	V346I	Missense	-0.246637087
140	SETDB1	L347L	Silent	0.389868747
141	SETDB1	L347L	Silent	0.462139215
142	SETDB1		No Mutation	0.675692443
143	SETDB1	K349K	Silent	0.063661379
144	SETDB1	K349K;S350N	Silent;Missense	0.037701411
145	SETDB1	K349K;S350N	Silent;Missense	-0.025112192
146	SETDB1	L353F	Missense	0.310069019
147	SETDB1	L353F	Missense	1.327091497
148	SETDB1	E357K	Missense	0.895238415
149	SETDB1	I354I	Silent	0.404182923
150	SETDB1	T356I	Missense	1.386018495
151	SETDB1		No Mutation	0.816108434
152	SETDB1		No Mutation	1.727884909
153	SETDB1		No Mutation	2.41812407
154	SETDB1	S365F;R366*	Missense;Nonsense	4.586998183
155	SETDB1	R366*	Nonsense	4.549588505
156	SETDB1	V370V;D371N	Silent;Missense	3.331638148
157	SETDB1	V370V;D371N;G372S	Silent;Missense;Missense	1.577695342
158	SETDB1		No Mutation	-0.992850731
159	SETDB1	V375V	Silent	0.819370077
160	SETDB1		No Mutation	0.573216573
161	SETDB1	(NC)	Intron	0.048323765
162	SETDB1		No Mutation	0.907712597
163	SETDB1	(NC)	Intron	0.290870585
164	SETDB1	D382D	Silent	-0.671353894
165	SETDB1		No Mutation	-0.074458654
166	SETDB1	I388I	Silent	2.51868729
167	SETDB1	R390*	Nonsense	4.172338057
168	SETDB1	S404F	Missense	0.997989829
169	SETDB1	L409L;E410K	Silent;Missense	0.902450907
170	SETDB1	A408V;L409L	Missense;Silent	0.163318875
171	SETDB1	K411K;K412K	Silent;Silent	0.727531195
172	SETDB1		No Mutation	1.446934564
173	SETDB1	L416L	Silent	0.283504994
174	SETDB1	T418I	Missense	0.816021828
175	SETDB1	(NC)	Intron	0.183142756
176	SETDB1	(NC)	Intron	-0.087716634
177	SETDB1	(NC);(NC)	Intron;Intron	0.200765103
178	SETDB1	A424T;V425M	Missense;Missense	0.56200881
179	SETDB1	A424V	Missense	1.049121798
180	SETDB1	R426K;S427N	Missense;Missense	-1.455062536
181	SETDB1		No Mutation	-0.900306729
182	SETDB1		No Mutation	-0.17613871
183	SETDB1		No Mutation	-0.396366802
184	SETDB1	Y434Y;T435I	Silent;Missense	-0.13383531
185	SETDB1	L438L	Silent	-0.579867999
186	SETDB1	Q436*	Nonsense	0.993346992
187	SETDB1	Q444Q	Silent	-0.132731614
188	SETDB1	T443I;Q444*	Missense;Nonsense	2.383987501
189	SETDB1	V448V;E449K	Silent;Missense	-0.045892232
190	SETDB1	V448V;E449K	Silent;Missense	0.143106176
191	SETDB1	Q452Q	Silent	0.396028481
192	SETDB1	A455T	Missense	-0.057425451
193	SETDB1		No Mutation	0.241389634
194	SETDB1		No Mutation	0.404091617
195	SETDB1		No Mutation	0.63839355
196	SETDB1	A458T	Missense	-0.683495403
197	SETDB1		No Mutation	0.121066191
198	SETDB1		No Mutation	-0.816815949
199	SETDB1	A464T	Missense	0.894972168
200	SETDB1	A464T	Missense	1.112720406
201	SETDB1	A464T	Missense	0.425836195
202	SETDB1		No Mutation	-0.29636853
203	SETDB1		No Mutation	1.310748479
204	SETDB1		No Mutation	0.420614367
205	SETDB1		No Mutation	-0.348950228
206	SETDB1	P466F;L467L	Missense;Silent	0.522083449
207	SETDB1	A471T	Missense	1.945536399
208	SETDB1	A471T;G472N	Missense;Missense	0.718581382
209	SETDB1	S474N	Missense	0.864143585
210	SETDB1	S474N;D475N	Missense;Missense	-0.303160834
211	SETDB1	S474N;D475N	Missense;Missense	0.289760291
212	SETDB1	S474N;D475N;(NC)	Missense;Missense;Splice-donor	-0.281173211
213	SETDB1	D475N;(NC)	Missense;Splice-donor	2.442839561
214	SETDB1		No Mutation	-0.308147384
215	SETDB1	(NC)	Intron	0.316917204
216	SETDB1	S478N	Missense	0.164710482
217	SETDB1	S478S;Q479*	Silent;Nonsense	2.3720443
218	SETDB1	A481V;Q482*	Missense;Nonsense	1.527030898
219	SETDB1	R484Q	Missense	-0.748034713
220	SETDB1	Q486Q;V487I	Silent;Missense	0.707018333
221	SETDB1	Q486Q;V487I;A488T	Silent;Missense;Missense	-0.499264184
222	SETDB1	S491S;T492M	Silent;Missense	0.466729224
223	SETDB1	S493S;R495*	Silent;Nonsense	1.901437395
224	SETDB1	R495*	Nonsense	4.65172704
225	SETDB1	V499I	Missense	-0.706795184
226	SETDB1	P496L	Missense	0.36304504
227	SETDB1	G502N	Missense	-0.215341886
228	SETDB1	A510T	Missense	0.178036026
229	SETDB1		No Mutation	-0.124734975
230	SETDB1		No Mutation	0.198278214
231	SETDB1	S512N	Missense	0.996955066
232	SETDB1	L511F	Missense	0.321091321
233	SETDB1		No Mutation	-0.412268882
234	SETDB1		No Mutation	0.155105053
235	SETDB1	V515V;S516F	Silent;Missense	0.695345918
236	SETDB1	V515V;S516F	Silent;Missense	0.869655673
237	SETDB1	I522I	Silent	0.21744069
238	SETDB1		No Mutation	-0.27156475
239	SETDB1		No Mutation	-0.345470562
240	SETDB1		No Mutation	-0.22342717
241	SETDB1	A534T	Missense	-0.51825747
242	SETDB1	A538T	Missense	-0.239952152
243	SETDB1		No Mutation	-0.608899952
244	SETDB1	A538V;P539S	Missense;Missense	0.559268879
245	SETDB1		No Mutation	-0.030826651
246	SETDB1		No Mutation	-0.079900994
247	SETDB1		No Mutation	-0.487655945
248	SETDB1	A544T	Missense	-0.259576768
249	SETDB1		No Mutation	-0.317422067
250	SETDB1		No Mutation	0.962053919
251	SETDB1		No Mutation	-0.835809115
252	SETDB1	V550I	Missense	0.221943776
253	SETDB1	V550I	Missense	1.390090192
254	SETDB1	A547V;P548F	Missense;Missense	0.082109046
255	SETDB1	V550I	Missense	0.543644108
256	SETDB1		No Mutation	0.694199113
257	SETDB1	V550V	Silent	-1.529703966
258	SETDB1	G553N	Missense	-0.218856601
259	SETDB1	G553D;M554I	Missense;Missense	-0.20410719
260	SETDB1	M554I	Missense	0.440131193
261	SETDB1	M554I	Missense	0.099354298
262	SETDB1	F551F;H552Y	Silent;Missense	0.181994337
263	SETDB1	F551F;H552Y	Silent;Missense	-2.459045939
264	SETDB1	E556E;R557Q;A558T	Silent;Missense;Missense	0.37858114
265	SETDB1		No Mutation	0.948886497
266	SETDB1		No Mutation	1.555698659
267	SETDB1	R565H	Missense	1.296397977
268	SETDB1	P562P;S563F	Silent;Missense	0.071706827
269	SETDB1		No Mutation	2.538774881
270	SETDB1	M568I	Missense	0.18922093
271	SETDB1	M568I;E569K	Missense;Missense	3.934708909
272	SETDB1	E569E;K570K	Silent;Silent	1.364271143
273	SETDB1		No Mutation	0.669193952
274	SETDB1		No Mutation	0.805108254
275	SETDB1		No Mutation	0.773987847
276	SETDB1	R587K	Missense	0.103270044
277	SETDB1	S584F;R585*	Missense;Nonsense	4.12971796
278	SETDB1		No Mutation	-0.258536985
279	SETDB1		No Mutation	0.332906863
280	SETDB1		No Mutation	0.478193084
281	SETDB1	Q593Q	Silent	-0.074622876
282	SETDB1	G596G	Silent	-0.386826227
283	SETDB1	L600L	Silent	0.211845126
284	SETDB1	P603P	Silent	0.028702341
285	SETDB1		No Mutation	-0.09972601
286	SETDB1	P603L	Missense	1.819567842
287	SETDB1	L605L	Silent	-0.05963472
288	SETDB1		No Mutation	-0.094891254
289	SETDB1	R609Q	Missense	-0.33990042
290	SETDB1	F608F;R609W	Silent;Missense	-0.546156417
291	SETDB1	R614Q	Missense	-0.658686216
292	SETDB1	R619H	Missense	-0.118434086
293	SETDB1	R616*	Nonsense	2.254943811
294	SETDB1	R619H	Missense	0.409523696
295	SETDB1	R616*	Nonsense	2.780570588
296	SETDB1	V625I	Missense	-0.056918688
297	SETDB1	I626I	Silent	-0.792332794
298	SETDB1	P630L	Missense	-0.648408754
299	SETDB1	R636Q	Missense	1.643277914
300	SETDB1	Q639Q;E640K	Silent;Missense	1.905199358
301	SETDB1	C650Y;D651N	Missense;Missense	2.515404148
302	SETDB1	G649G	Silent	-0.404245264
303	SETDB1	F654F;L655L	Silent;Silent	1.569176514
304	SETDB1	M657I	Missense	0.640104934
305	SETDB1	L660L;D661N	Silent;Missense	1.334737705
306	SETDB1	P662S	Missense	-0.360067476
307	SETDB1	D667N;R668Q	Missense;Missense	0.031458513
308	SETDB1		No Mutation	-0.093803053
309	SETDB1		No Mutation	1.045273346
310	SETDB1		No Mutation	0.745417164
311	SETDB1	L680L;D681N	Silent;Missense	0.410243581
312	SETDB1	D681D	Silent	0.354593552
313	SETDB1	E696K	Missense	1.916467423
314	SETDB1	E696K	Missense	1.161032138
315	SETDB1	E696K	Missense	1.057952493
316	SETDB1	D698N	Missense	-0.76326529
317	SETDB1	D698D;T699I	Silent;Missense	0.942608469
318	SETDB1	T700I;P701S	Missense;Missense	-0.402378795
319	SETDB1	V705V;A706T	Silent;Missense	1.096330329
320	SETDB1	V705V;A706T	Silent;Missense	-0.856838955
321	SETDB1	A706T	Missense	-1.10301046
322	SETDB1	P703P;Q704*	Silent;Nonsense	5.0135806
323	SETDB1	S708N	Missense	-0.118199816
324	SETDB1	S708N	Missense	0.027607423
325	SETDB1	S708N;K709K	Missense;Silent	0.48402352
326	SETDB1	K709K;E710K	Silent;Missense	1.563454396
327	SETDB1	Y707Y;S708S	Silent;Silent	0.459421034
328	SETDB1	S708S	Silent	0.114305472
329	SETDB1	R711H	Missense	-0.594989846
330	SETDB1	R711C	Missense	-0.999922011
331	SETDB1	R711C	Missense	0.763978507
332	SETDB1		No Mutation	-0.529857121
333	SETDB1		No Mutation	-0.205113855
334	SETDB1	N720N;T721I	Silent;Missense	0.793556912
335	SETDB1	G722G;P723F	Silent;Missense	0.969337533
336	SETDB1	G728N	Missense	1.458026825
337	SETDB1	G728N;C729Y	Missense;Missense	2.67332434
338	SETDB1		No Mutation	0.12233705
339	SETDB1	G728G	Silent	-0.052170832
340	SETDB1	G728G	Silent	1.033997034
341	SETDB1	D730D;C731C	Silent;Silent	-0.278406891
342	SETDB1	D730D;C731C	Silent;Silent	2.062456888
343	SETDB1	R736W	Missense	-0.642924432
344	SETDB1	R736W	Missense	-0.35034085
345	SETDB1	D737D	Silent	1.366765778
346	SETDB1	D737D	Silent	0.209356743
347	SETDB1	D737D	Silent	-0.537488253
348	SETDB1	D737D	Silent	1.614471774
349	SETDB1	(NC)	Intron	0.174941532
350	SETDB1	(NC)	Intron	-0.254290236
351	SETDB1	K738K	Silent	0.252747485
352	SETDB1		No Mutation	-0.580538303
353	SETDB1		No Mutation	-0.227530636
354	SETDB1	C743C;H744Y;Q745*	Silent;Missense;Nonsense	2.212415019
355	SETDB1		No Mutation	0.236660981
356	SETDB1	Q749Q;A750T	Silent;Missense	-0.072219256
357	SETDB1	A750V;T751I	Missense;Missense	-1.28330374
358	SETDB1		No Mutation	-0.445223222
359	SETDB1	T751I;A752V	Missense;Missense	0.677847708
360	SETDB1	G757D	Missense	0.283860321
361	SETDB1		No Mutation	0.806473905
362	SETDB1		No Mutation	-0.070424903
363	SETDB1		No Mutation	-0.558606724
364	SETDB1	Q758*	Nonsense	1.73849943
365	SETDB1	G764S	Missense	0.462010596
366	SETDB1	Q766Q	Silent	0.122605492
367	SETDB1	Q766Q	Silent	-0.755604215
368	SETDB1	E771K;E772K	Missense;Missense	3.32638799
369	SETDB1		No Mutation	-0.05063005
370	SETDB1		No Mutation	0.327518141
371	SETDB1	L774L;P775S	Silent;Missense	-0.475694649
372	SETDB1	P775P;T776I	Silent;Missense	0.919189981
373	SETDB1	(NC)	Intron	0.701465037
374	SETDB1		No Mutation	-0.06676307
375	SETDB1	(NC)	Intron	0.220442776
376	SETDB1	(NC)	Intron	-0.057742828
377	SETDB1	E780K	Missense	3.291596033
378	SETDB1	E780K;C781Y	Missense;Missense	5.328646735
379	SETDB1	C781Y	Missense	3.037153477
380	SETDB1	C781Y	Missense	1.759460119
381	SETDB1	P789L;N790N	Missense;Silent	-0.221201133
382	SETDB1	N790N	Silent	-0.710703387
383	SETDB1		No Mutation	0.598468005
384	SETDB1	R795Q	Missense	0.460189802
385	SETDB1	N794N;R795W	Silent;Missense	0.90243405
386	SETDB1	G800K	Missense	2.086003797
387	SETDB1	H799Y	Missense	0.412477271
388	SETDB1	F808F	Silent	0.346603836
389	SETDB1	F808F	Silent	0.417255627
390	SETDB1	T810I	Missense	0.086523593
391	SETDB1	T810I;Q811*	Missense;Nonsense	3.437379994
392	SETDB1	T810I;Q811*	Missense;Nonsense	4.378129483
393	SETDB1	G814G	Silent	-0.114683379
394	SETDB1	A824T	Missense	0.713845446
395	SETDB1		No Mutation	-1.098320848
396	SETDB1	C830Y	Missense	0.281418872
397	SETDB1		No Mutation	-2.642703091
398	SETDB1		No Mutation	0.412219869
399	SETDB1		No Mutation	-1.199886841
400	SETDB1		No Mutation	-1.293297051
401	SETDB1		No Mutation	0.496385652
402	SETDB1		No Mutation	-0.224969348
403	SETDB1	A842T;D843N	Missense;Missense	2.047432006
404	SETDB1	D840D	Silent	-0.194864833
405	SETDB1	D840D	Silent	0.709295849
406	SETDB1	A842V	Missense	1.127045218
407	SETDB1	D843D	Silent	-0.108022127
408	SETDB1		No Mutation	1.1481257
409	SETDB1		No Mutation	-0.281855797
410	SETDB1	D858D;H859Y	Silent;Missense	0.5025746
411	SETDB1	V863V;E864K	Silent;Missense	4.588399512
412	SETDB1		No Mutation	0.286654176
413	SETDB1	S877F	Missense	1.943212863
414	SETDB1	S880N	Missense	-0.538700257
415	SETDB1	S880N	Missense	-0.24845409
416	SETDB1	S880N;S881N	Missense;Missense	0.306262507
417	SETDB1	S880N;S881N	Missense;Missense	-0.125573104
418	SETDB1	G882D;V883I	Missense;Missense	0.288691748
419	SETDB1	S880S	Silent	1.056115523
420	SETDB1		No Mutation	2.189024482
421	SETDB1		No Mutation	0.71035431
422	SETDB1	Q888*	Nonsense	4.485877725
423	SETDB1	S893N;G894S	Missense;Missense	-0.309578668
424	SETDB1	G891G	Silent	-0.888884202
425	SETDB1	D903N;D904N	Missense;Missense	-0.354795751
426	SETDB1	D903N;D904N	Missense;Missense	0.339447458
427	SETDB1	D907N	Missense	-0.781296229
428	SETDB1		No Mutation	0.323421366
429	SETDB1	N909N	Silent	1.232580742
430	SETDB1	F916F;S917S	Silent;Silent	0.017584066
431	SETDB1	S917S;T918I	Silent;Missense	-0.871458251
432	SETDB1	R923Q;S924N	Missense;Missense	1.113238251
433	SETDB1	R923W	Missense	0.350724202
434	SETDB1	S924S	Silent	-0.808827802
435	SETDB1	A926V;T927I	Missense;Missense	-2.517267646
436	SETDB1	T927I;R928W	Missense;Missense	0.782567731
437	SETDB1	T927I;R928W	Missense;Missense	1.410310916
438	SETDB1	R932Q;G933N	Missense;Missense	1.395529301
439	SETDB1	R932R;G933N	Silent;Missense	-0.834422358
440	SETDB1	R932W	Missense	0.537109574
441	SETDB1	E936E	Silent	0.846627377
442	SETDB1	E936E;G938R	Silent;Missense	-0.511244291
443	SETDB1		No Mutation	-0.863618335
444	SETDB1	L939L;S940F	Silent;Missense	-0.289900162
445	SETDB1		No Mutation	-1.409367681
446	SETDB1	S947F;H948Y	Missense;Missense	0.69408232
447	SETDB1	G953K	Missense	-0.888863724
448	SETDB1	G953K	Missense	-0.142751161
449	SETDB1		No Mutation	0.816286974
450	SETDB1		No Mutation	-0.562822806
451	SETDB1		No Mutation	-0.188562434
452	SETDB1		No Mutation	0.077616263
453	SETDB1		No Mutation	0.087520075
454	SETDB1	V959I	Missense	-0.411051503
455	SETDB1		No Mutation	-0.475339727
456	SETDB1		No Mutation	0.568871018
457	SETDB1		No Mutation	0.615113771
458	SETDB1	P960F;P961F	Missense;Missense	0.801524476
459	SETDB1		No Mutation	0.055219157
460	SETDB1	P961F;S962L	Missense;Missense	0.697255014
461	SETDB1	V965I;G966N	Missense;Missense	-0.33154976
462	SETDB1	G966N;G967N	Missense;Missense	0.508633109
463	SETDB1	G966D;G967N	Missense;Missense	-0.762976408
464	SETDB1		No Mutation	0.064620604
465	SETDB1		No Mutation	0.259051976
466	SETDB1	E975K	Missense	0.620594794
467	SETDB1		No Mutation	0.087519215
468	SETDB1	K978K	Silent	0.532390583
469	SETDB1		No Mutation	0.523833104
470	SETDB1	K978K	Silent	0.23455735
471	SETDB1	T976I;P977S	Missense;Missense	-0.157188154
472	SETDB1	N979N	Silent	0.579092574
473	SETDB1	A982T	Missense	0.130411685
474	SETDB1		No Mutation	0.293555381
475	SETDB1	C987Y	Missense	-0.004268754
476	SETDB1	C987C	Silent	-0.906426153
477	SETDB1		No Mutation	0.433822848
478	SETDB1	K1005K	Silent	-0.644097155
479	SETDB1	S1003F	Missense	-0.190538777
480	SETDB1	F1004F	Silent	0.836231374
481	SETDB1	F1004F	Silent	0.891370086
482	SETDB1	F1004F	Silent	-0.164904862
483	SETDB1	G1009N	Missense	0.660131692
484	SETDB1	T1006I	Missense	0.008963872
485	SETDB1	T1006I	Missense	-0.236552452
486	SETDB1		No Mutation	-1.014803176
487	SETDB1		No Mutation	-1.167693323
488	SETDB1		No Mutation	-0.284690932
489	SETDB1		No Mutation	-0.48017867
490	SETDB1		No Mutation	-0.624676784
491	SETDB1		No Mutation	-0.708325359
492	SETDB1	A1014V	Missense	0.689665038
493	SETDB1		No Mutation	-0.425370061
494	SETDB1	R1018Q	Missense	-1.283287678
495	SETDB1	S1017S;R1018*	Silent;Nonsense	0.98051245
496	SETDB1	E1022E;K1023K;A1024T	Silent;Silent;Missense	0.070293923
497	SETDB1		No Mutation	0.750995428
498	SETDB1	A1024V;S1025F	Missense;Missense	-0.391631886
499	SETDB1	G1030N	Missense	0.542228199
500	SETDB1	T1026T;S1027L	Silent;Missense	0.857351781
501	SETDB1	G1030D	Missense	-0.260621419
502	SETDB1	K1032K	Silent	0.29483202
503	SETDB1	L1029L	Silent	0.63305335
504	SETDB1	L1029L	Silent	0.394913766
505	SETDB1		No Mutation	0.772443243
506	SETDB1	I1037I;Q1039*	Silent;Nonsense	0.18493819
507	SETDB1		No Mutation	2.665907983
508	SETDB1	(NC);(NC)	Intron;Intron	-0.548374064
509	SETDB1		No Mutation	0.471785692
510	SETDB1		No Mutation	4.474826169
511	SETDB1	R1048Q	Missense	0.564221502
512	SETDB1	V1053I;(NC)	Missense;Splice-donor	3.474986175
513	SETDB1	(NC);V1054I	Splice-acceptor;Missense	4.508282208
514	SETDB1		No Mutation	1.983414553
515	SETDB1	E1056K	Missense	-0.20230098
516	SETDB1	E1056K	Missense	0.969814153
517	SETDB1	E1056K;S1057N	Missense;Missense	0.535768325
518	SETDB1	S1057N	Missense	0.026179437
519	SETDB1		No Mutation	-0.447596263
520	SETDB1	S1066F;P1067F	Missense;Missense	1.605406501
521	SETDB1	E1071K	Missense	-0.173412108
522	SETDB1	G1072K	Missense	0.882584617
523	SETDB1	R1075H	Missense	1.277052717
524	SETDB1	K1079K	Silent	-0.096805471
525	SETDB1	S1081N	Missense	-0.091636195
526	SETDB1	S1081N	Missense	-0.263339157
527	SETDB1	M1082I	Missense	-0.804781844
528	SETDB1	Q1084*	Nonsense	2.502886273
529	SETDB1	A1092T	Missense	0.275460689
530	SETDB1	(NC)	Intron	3.269269545
531	SETDB1		No Mutation	1.168006115
532	SETDB1		No Mutation	-0.031097684
533	SETDB1	(NC);(NC);(NC)	Intron;Intron;Intron	-0.548990058
534	SETDB1	(NC);D1098N	Splice-acceptor;Missense	4.801875725
535	SETDB1	(NC);D1098N;V1099I	Splice-acceptor;Missense;Missense	5.641143571
536	SETDB1	V1099I	Missense	0.803323927
537	SETDB1		No Mutation	0.13719206
538	SETDB1	L1102L	Silent	-0.072347056
539	SETDB1	L1102L	Silent	-1.071485344
540	SETDB1	S1105N	Missense	0.284371599
541	SETDB1	S1103S;S1104S	Silent;Silent	0.781709824
542	SETDB1	S1104S	Silent	2.004741264
543	SETDB1	S1104S;S1105S	Silent;Silent	0.864633181
544	SETDB1	S1104S;S1105S	Silent;Silent	0.545442762
545	SETDB1	S1108N;E1109K	Missense;Missense	-0.896579386
546	SETDB1		No Mutation	1.001831221
547	SETDB1		No Mutation	0.704260645
548	SETDB1	S1115S;R1116*	Silent;Nonsense	3.155264382
549	SETDB1	A1120T	Missense	-0.63243789
550	SETDB1	G1121N	Missense	-0.036784738
551	SETDB1	P1118P;T1119I	Silent;Missense	0.225781962
552	SETDB1		No Mutation	-0.667853895
553	SETDB1	S1124S	Silent	0.293346226
554	SETDB1	Q1122*	Nonsense	4.085235883
555	SETDB1	I1133I;Q1134*	Silent;Nonsense	2.954798265
556	SETDB1	G1139N	Missense	-0.292557242
557	SETDB1	S1137F	Missense	1.035070906
558	SETDB1	S1137F	Missense	1.786527196
559	SETDB1	S1137F	Missense	1.803613643
560	SETDB1	E1141K	Missense	0.283006572
561	SETDB1	G1142E;D1143N	Missense;Missense	1.891219942
562	SETDB1		No Mutation	1.589065844
563	SETDB1	D1147D	Silent	1.809319458
564	SETDB1	N1150N	Silent	-0.371066376
565	SETDB1	(NC)	Intron	-1.329542565
566	SETDB1	(NC);(NC)	Intron;Intron	-0.042026657
567	SETDB1	(NC)	Intron	0.908470915
568	SETDB1	(NC)	Intron	-0.542119747
569	SETDB1	(NC)	Splice-acceptor	3.128822958
570	SETDB1		No Mutation	0.21732566
571	SETDB1	M1155I	Missense	0.181922841
572	SETDB1	M1155I;K1156K	Missense;Silent	0.413358932
573	SETDB1	P1154L	Missense	0.422842558
574	SETDB1	R1157H	Missense	-1.611296191
575	SETDB1	V1159I;A1160T	Missense;Missense	-0.187099396
576	SETDB1	A1160V	Missense	0.370678311
577	SETDB1		No Mutation	-0.503344142
578	SETDB1		No Mutation	1.815974201
579	SETDB1	A1168V;L1169F	Missense;Missense	-0.282882288
580	SETDB1	A1168V;L1169F	Missense;Missense	0.546399284
581	SETDB1		No Mutation	0.495546239
582	SETDB1		No Mutation	0.448743169
583	SETDB1		No Mutation	0.73823671
584	SETDB1	T1180I	Missense	-0.049940844
585	SETDB1	N1181N	Silent	0.154138608
586	SETDB1	A1183V	Missense	0.135893559
587	SETDB1	A1183V	Missense	0.199359722
588	SETDB1	V1185V;D1186N	Silent;Missense	0.609217382
589	SETDB1	A1183V	Missense	-0.08945857
590	SETDB1	G1188E;E1189K	Missense;Missense	1.197432542
591	SETDB1	R1198H	Missense	0.490603824
592	SETDB1	T1197I;R1198C	Missense;Missense	2.521743039
593	SETDB1	R1198R;Q1199*	Silent;Nonsense	0.229727472
594	SETDB1	E1204K;E1205K	Missense;Missense	3.027650542
595	SETDB1		No Mutation	-0.959575182
596	SETDB1	A1212A;L1214F	Silent;Missense	-1.171920839
597	SETDB1	L1214F	Missense	0.577545107
598	SETDB1	L1218L	Silent	0.722174161
599	SETDB1	(NC)	Splice-donor	-0.030037092
600	SETDB1	(NC);(NC)	Intron;Intron	0.553835261
601	SETDB1		No Mutation	1.325238389
602	SETDB1	(NC)	Splice-acceptor	1.565685154
603	SETDB1	S1225N	Missense	0.842532294
604	SETDB1	S1227N	Missense	0.007722436
605	SETDB1	Q1233Q	Silent	1.456688213
606	SETDB1	Q1233Q	Silent	1.448993625
607	SETDB1	Q1233Q	Silent	1.032794711
608	SETDB1	V1232V;Q1233*	Silent;Nonsense	1.808466907
609	SETDB1	V1235I	Missense	0.924861473
610	SETDB1	V1237V;D1238N	Silent;Missense	1.303644787
611	SETDB1		No Mutation	1.532139814
612	SETDB1	L1242F	Missense	3.209965276
613	SETDB1		No Mutation	-0.031050993
614	SETDB1	L1242F;R1243C	Missense;Missense	3.917713915
615	SETDB1		No Mutation	0.130213186
616	SETDB1	A1251T	Missense	0.098401017
617	SETDB1	A1251T	Missense	0.476583663
618	SETDB1	A1251T	Missense	0.839136782
619	SETDB1	F1249F	Silent	0.838705901
620	SETDB1	(NC)	Splice-donor	2.043889558
621	SETDB1	A1251V;S1252S	Missense;Silent	-0.940718301
622	SETDB1		No Mutation	-0.380250521
623	SETDB1		No Mutation	0.298309496
624	SETDB1	(NC);(NC)	Intron;Intron	-0.073246427
625	SETDB1		No Mutation	0.206336512
626	SETDB1		No Mutation	3.691464255
627	SETDB1	(NC)	Splice-acceptor	5.656852218
628	SETDB1	(NC);(NC);(NC)	Intron;Intron;Intron	1.054670361
629	SETDB1	(NC);(NC);(NC)	Intron;Intron;Intron	0.468264613
630	SETDB1	(NC)	Intron	0.139821994
631	SETDB1	(NC)	Intron	1.029830986
632	SETDB1	R1256Q;A1257T	Missense;Missense	0.211619956
633	SETDB1	A1257V	Missense	0.895455274
634	SETDB1		No Mutation	1.44472813
635	SETDB1		No Mutation	0.169717782
636	SETDB1		No Mutation	1.473605969
637	SETDB1	D1264D	Silent	1.001610034
638	SETDB1	D1264D	Silent	0.755127033
639	SETDB1	N1266N;Y1267Y	Silent;Silent	1.607844801
640	SETDB1		No Mutation	1.832777136
641	SETDB1	G1270G	Silent	0.704636115
642	SETDB1	L1277L	Silent	-0.970271259
643	SETDB1	L1277L	Silent	-0.348055092
644	SETDB1	L1277L;L1278F	Silent;Missense	0.658178701
645	SETDB1	A1283V	Missense	0.057925193
646	SETDB1	G1288E;R1289H	Missense;Missense	1.45969923
647	SETDB1		No Mutation	0.763356616
648	TRIM28	(NC);(NC);(NC)	UTR;UTR;UTR	0.814831314
649	TRIM28	(NC);(NC);(NC)	UTR;UTR;UTR	-0.730531235
650	TRIM28	(NC);(NC);(NC);(NC)	UTR;UTR;UTR;UTR	0.122473281
651	TRIM28	(NC);(NC)	UTR;UTR	-0.579815953
652	TRIM28	(NC);M1I	UTR;Missense	0.172815396
653	TRIM28	M1I;A2T	Missense;Missense	0.491696339
654	TRIM28	M1I;A2T	Missense;Missense	0.755799276
655	TRIM28	M1I;A2T	Missense;Missense	0.308542205
656	TRIM28		No Mutation	0.081259797
657	TRIM28		No Mutation	1.343657764
658	TRIM28	A3A;S4F	Silent;Missense	-0.206928157
659	TRIM28	S9S	Silent	-0.758188894
660	TRIM28	S9S;A10T	Silent;Missense	-0.416054305
661	TRIM28	A7V	Missense	0.529520258
662	TRIM28	A8A;S9L	Silent;Missense	-0.199248544
663	TRIM28	S14S	Silent	0.485126909
664	TRIM28	A12V;A13V	Missense;Missense	0.321384056
665	TRIM28	A15V	Missense	-0.315346703
666	TRIM28	A15V;A16V	Missense;Missense	-0.925982259
667	TRIM28	G18D;S19N	Missense;Missense	0.603175049
668	TRIM28	A16A;S17F	Silent;Missense	-0.194203976
669	TRIM28	S17F	Missense	-0.747230934
670	TRIM28	P20P;G21N	Silent;Missense	0.320405899
671	TRIM28	G21D;P22P	Missense;Silent	-0.076551059
672	TRIM28	G18G;S19S;P20S	Silent;Silent;Missense	-0.63714056
673	TRIM28	S19S;P20L	Silent;Missense	-0.174543063
674	TRIM28	E24E;G25N	Silent;Missense	-0.84290332
675	TRIM28	P22L	Missense	0.6452431
676	TRIM28	G25N	Missense	-0.653838981
677	TRIM28	G23G	Silent	0.124135761
678	TRIM28	A27T;G28S	Missense;Missense	-0.467598172
679	TRIM28	A27T;G28N	Missense;Missense	-0.387946608
680	TRIM28	R32C	Missense	0.356689761
681	TRIM28	A39T	Missense	0.624429962
682	TRIM28	A35A;P36F	Silent;Missense	0.72257012
683	TRIM28	A40T	Missense	-0.696993791
684	TRIM28	S41S	Silent	-0.243968357
685	TRIM28	S41S;A42T	Silent;Missense	-0.175403825
686	TRIM28	S41S;A42T	Silent;Missense	-0.291980629
687	TRIM28	A44T	Missense	-0.28115072
688	TRIM28	A42V	Missense	0.073699131
689	TRIM28	A46T	Missense	0.506698064
690	TRIM28	A47A;A48T	Silent;Missense	0.491555614
691	TRIM28	S49S;S50S	Silent;Silent	0.658102562
692	TRIM28	A46A;A47V	Silent;Missense	0.202181648
693	TRIM28	A47V;A48V	Missense;Missense	-1.070269175
694	TRIM28	A47V;A48V	Missense;Missense	-0.146302313
695	TRIM28	A48V	Missense	0.31203827
696	TRIM28	A48V;S49L	Missense;Missense	0.850979136
697	TRIM28	A52T	Missense	0.092387725
698	TRIM28	S49L;S50L	Missense;Missense	-0.009131096
699	TRIM28	P51P;A52V	Silent;Missense	1.78607427
700	TRIM28	A56T;E57K	Missense;Missense	0.143998763
701	TRIM28	E57K	Missense	0.268320765
702	TRIM28	G54G	Silent	0.138235895
703	TRIM28	A56A	Silent	0.357930277
704	TRIM28	L61L;L62L	Silent;Silent	0.265323827
705	TRIM28	L61L	Silent	-0.536710938
706	TRIM28	R71C	Missense	-0.613971843
707	TRIM28	R71C;L72L	Missense;Silent	-1.235349599
708	TRIM28	R76R;E77K	Silent;Missense	-1.121907529
709	TRIM28	R79H	Missense	-0.051843756
710	TRIM28	R79H;L80L	Missense;Silent	0.376747454
711	TRIM28	C83Y	Missense	0.647785842
712	TRIM28	C83Y;L84L	Missense;Silent	-0.235941411
713	TRIM28	L81L;P82S	Silent;Missense	-0.824552205
714	TRIM28	L84L	Silent	-0.337060649
715	TRIM28	L84L	Silent	-2.682501207
716	TRIM28	A87T;C88Y	Missense;Missense	0.326459942
717	TRIM28	C88Y	Missense	1.142571487
718	TRIM28	A87V	Missense	-0.37050214
719	TRIM28	A87V	Missense	-0.982267948
720	TRIM28	G93K	Missense	0.59806822
721	TRIM28	A90V	Missense	-0.058294749
722	TRIM28	A95A;A96T	Silent;Missense	0.328160383
723	TRIM28	A99T;A100T	Missense;Missense	-0.173015875
724	TRIM28	A100T	Missense	0.036955847
725	TRIM28	P97P;A98V	Silent;Missense	-0.250912893
726	TRIM28	A98V;A99V	Missense;Missense	0.312545706
727	TRIM28	A98V;A99V	Missense;Missense	0.021045969
728	TRIM28	S102N	Missense	-0.485241518
729	TRIM28	A98A;A99V	Silent;Missense	-0.439317784
730	TRIM28	S102N	Missense	-0.874735932
731	TRIM28	S102N	Missense	0.597732201
732	TRIM28	S102N;S103S	Missense;Silent	0.477514862
733	TRIM28	A100V	Missense	-0.475041667
734	TRIM28	S103S;G104K	Silent;Missense	0.796942578
735	TRIM28	N101N	Silent	-0.543512245
736	TRIM28	N101N;S102S	Silent;Silent	0.336848507
737	TRIM28	G104E;D105N	Missense;Missense	0.576084423
738	TRIM28	N101N;S102S	Silent;Silent	-0.652201963
739	TRIM28	G106N	Missense	-0.302986704
740	TRIM28	S102S;S103L	Silent;Missense	-0.081406386
741	TRIM28		No Mutation	-0.935597532
742	TRIM28		No Mutation	0.334411327
743	TRIM28	G106G	Silent	0.331426599
744	TRIM28	A108V;A109V	Missense;Missense	0.236796698
745	TRIM28		No Mutation	0.021628226
746	TRIM28	(NC)	Intron	0.258746187
747	TRIM28	(NC);(NC);(NC)	Intron;Intron;Intron	-0.420218107
748	TRIM28	(NC)	Intron	-0.490804879
749	TRIM28	(NC)	Intron	-0.471855745
750	TRIM28	(NC);(NC);(NC)	Intron;Intron;Intron	0.136302302
751	TRIM28	V114V;V115I	Silent;Missense	0.017888015
752	TRIM28	V114V;V115I;D116N	Silent;Missense;Missense	-0.203749758
753	TRIM28	Q123Q;C124Y	Silent;Missense	-0.655387983
754	TRIM28	Q123Q;C124Y	Silent;Missense	-0.275548719
755	TRIM28	C124C;F125F	Silent;Silent	0.209344859
756	TRIM28	E131E	Silent	0.420440545
757	TRIM28		No Mutation	0.618128097
758	TRIM28	R136C	Missense	0.073706182
759	TRIM28	A142V	Missense	0.155852036
760	TRIM28	A149T	Missense	0.278182235
761	TRIM28	D145D;A146V;Q147*	Silent;Missense;Nonsense	-0.904618553
762	TRIM28	A149A	Silent	0.917494614
763	TRIM28	Q151Q;(NC);(NC)	Silent;Splice-donor;Intron	0.049571
764	TRIM28	Q151Q;(NC);(NC)	Silent;Splice-donor;Intron	0.307341777
765	TRIM28	(NC)	Intron	1.099445807
766	TRIM28	(NC);(NC)	Intron;Splice-acceptor	1.069152689
767	TRIM28	(NC);C152Y	Splice-acceptor;Missense	0.484606022
768	TRIM28	C152Y;C153Y	Missense;Missense	0.053695603
769	TRIM28	C152C	Silent	0.576299562
770	TRIM28	A162V	Missense	0.358521797
771	TRIM28	C166Y	Missense	-0.797880224
772	TRIM28	C166Y;V167M	Missense;Missense	-0.628835169
773	TRIM28	C166Y;V167M	Missense;Missense	-1.274549201
774	TRIM28	V167V;E168K	Silent;Missense	-0.687912271
775	TRIM28	S164S;Y165Y	Silent;Silent	0.151868376
776	TRIM28	E168E;C169Y	Silent;Missense	-0.247410244
777	TRIM28		No Mutation	0.233633531
778	TRIM28	C177Y;V178I	Missense;Missense	-0.218924712
779	TRIM28		No Mutation	0.843215894
780	TRIM28		No Mutation	0.932053602
781	TRIM28	Q182Q	Silent	1.108916548
782	TRIM28	R183W	Missense	-1.25891198
783	TRIM28		No Mutation	-0.482098136
784	TRIM28	V192V;R193H	Silent;Missense	-0.64779398
785	TRIM28	H190Y;T191I	Missense;Missense	-0.539992791
786	TRIM28	G196R	Missense	-1.222686393
787	TRIM28	R193C;S194F	Missense;Missense	-0.099131381
788	TRIM28	T195I	Missense	0.141003662
789	TRIM28	T195I	Missense	0.194901556
790	TRIM28		No Mutation	-0.142853873
791	TRIM28	(NC)	Intron	0.369365198
792	TRIM28	(NC)	Intron	0.209786307
793	TRIM28		No Mutation	0.340408759
794	TRIM28		No Mutation	-0.844112722
795	TRIM28		No Mutation	-0.791509558
796	TRIM28		No Mutation	-0.616310381
797	TRIM28	A198T	Missense	0.065574255
798	TRIM28	A198T	Missense	-0.124115378
799	TRIM28	(NC)	Intron	-1.867078342
800	TRIM28	P197S	Missense	-0.523174535
801	TRIM28	K199K	Silent	-0.568940847
802	TRIM28	K199K	Silent	-0.359623657
803	TRIM28	P197L;A198V	Missense;Missense	-0.002183046
804	TRIM28	R201Q	Missense	-0.313872109
805	TRIM28	D202N;G203N	Missense;Missense	-0.223802736
806	TRIM28	G203D;E204K	Missense;Missense	-0.672285593
807	TRIM28	C221Y;E222K	Missense;Missense	0.043468482
808	TRIM28	C221Y;E222K	Missense;Missense	0.052272552
809	TRIM28	E222K	Missense	-0.045346906
810	TRIM28	Q233Q	Silent	-0.467998918
811	TRIM28	A236T	Missense	-0.06421766
812	TRIM28	C232C;Q233*;L234F	Silent;Nonsense;Missense	0.327588303
813	TRIM28	K238K;D239N	Silent;Missense	-0.300105556
814	TRIM28	(NC);(NC)	Splice-donor;Intron	-0.188236759
815	TRIM28	(NC);(NC);(NC)	Splice-donor;Intron;Intron	0.305953902
816	TRIM28	D239D;H240Y	Silent;Missense	1.524194806
817	TRIM28	(NC);(NC)	Intron;Intron	-0.044747782
818	TRIM28		No Mutation	-0.715861247
819	TRIM28	(NC)	Intron	-0.184821783
820	TRIM28	(NC);(NC);(NC)	Intron;Intron;Intron	0.217842531
821	TRIM28	(NC);(NC);(NC)	Intron;Intron;Intron	-0.851607988
822	TRIM28	(NC);(NC)	Intron;Intron	0.156104024
823	TRIM28	F244F	Silent	-0.01597709
824	TRIM28	A248T;V249M	Missense;Missense	0.115297811
825	TRIM28	N251N;Q252*	Silent;Nonsense	1.135607191
826	TRIM28	R253R;L255F	Silent;Missense	0.288186492
827	TRIM28	L256L;A257T	Silent;Missense	1.209181906
828	TRIM28	V260V;K261K	Silent;Silent	0.3286211
829	TRIM28	S258L;L259L	Missense;Silent	-0.342309228
830	TRIM28	S258L;L259L	Missense;Silent	0.101484063
831	TRIM28	L259L	Silent	-0.036059535
832	TRIM28	R262H	Missense	-0.277829695
833	TRIM28	A268T	Missense	0.146891375
834	TRIM28	Q271*	Nonsense	1.757753498
835	TRIM28	Q271*	Nonsense	0.621708743
836	TRIM28	S279N;(NC)	Missense;Splice-donor	-0.760004305
837	TRIM28	R278C	Missense	-0.957368715
838	TRIM28	R278C	Missense	0.015349496
839	TRIM28	S279S;S280L	Silent;Missense	-0.147025734
840	TRIM28	S280L	Missense	0.461854169
841	TRIM28	S280L	Missense	-0.869952703
842	TRIM28		No Mutation	0.562912696
843	TRIM28		No Mutation	-1.101944886
844	TRIM28		No Mutation	0.305320155
845	TRIM28	(NC)	Splice-acceptor	0.112600987
846	TRIM28	(NC);(NC);(NC)	Intron;Intron;Intron	0.371984651
847	TRIM28	Q283Q;V284I	Silent;Missense	-0.559746552
848	TRIM28	Q283Q;V284I	Silent;Missense	-0.033253933
849	TRIM28	V284I	Missense	-0.211339108
850	TRIM28	V287I	Missense	0.736549173
851	TRIM28	Q288Q	Silent	0.367099665
852	TRIM28	Q288*	Nonsense	-0.666705206
853	TRIM28	Q292*	Nonsense	1.27287388
854	TRIM28	A298A;I299I;L300L	Silent;Silent;Silent	0.052151771
855	TRIM28	M303I;K304K	Missense;Silent	-0.400879743
856	TRIM28	K304K;E305K	Silent;Missense	-0.634327268
857	TRIM28		No Mutation	-0.227343726
858	TRIM28		No Mutation	-1.275960299
859	TRIM28		No Mutation	-0.257898878
860	TRIM28	R309W	Missense	-0.213732897
861	TRIM28	L313L	Silent	-0.294823809
862	TRIM28	D316N;A317T	Missense;Missense	-0.324999402
863	TRIM28	A317A;Q318*	Silent;Nonsense	-0.170485815
864	TRIM28	(NC);(NC)	Intron;Intron	-0.885008589
865	TRIM28	(NC);(NC);(NC)	Intron;Intron;Intron	0.780595647
866	TRIM28	(NC);(NC)	Intron;Intron	-0.65127125
867	TRIM28	(NC);(NC)	Intron;Intron	-0.184790691
868	TRIM28	(NC)	Intron	0.951107371
869	TRIM28	(NC);(NC);(NC)	Intron;Intron;Intron	-0.002145149
870	TRIM28	K319K;V320I	Silent;Missense	0.831499401
871	TRIM28	(NC);(NC)	Intron;Intron	-0.590764044
872	TRIM28	(NC);(NC)	Intron;Intron	-0.144779069
873	TRIM28	(NC)	Intron	-0.072215398
874	TRIM28		No Mutation	-0.00319436
875	TRIM28	Q324*	Nonsense	-0.038829752
876	TRIM28	Q325*	Nonsense	-0.131586441
877	TRIM28	R327R;L328L	Silent;Silent	0.334522199
878	TRIM28	W333*	Nonsense	-0.115891309
879	TRIM28	Q339Q;K340K	Silent;Silent	-1.00391848
880	TRIM28	T336T	Silent	0.296612173
881	TRIM28	Q342Q	Silent	0.983541732
882	TRIM28	E343E	Silent	0.622882798
883	TRIM28	L346L;R347H	Silent;Missense	-0.034356407
884	TRIM28	L346L	Silent	0.266256775
885	TRIM28	L346L;R347C	Silent;Missense	0.578763701
886	TRIM28	R347R	Silent	0.445522736
887	TRIM28	E354E;S355N	Silent;Missense	0.329739981
888	TRIM28	K365K;K366K	Silent;Silent	0.526423342
889	TRIM28	K365K;K366K	Silent;Silent	0.316200883
890	TRIM28		No Mutation	-0.304323698
891	TRIM28		No Mutation	-0.524812432
892	TRIM28		No Mutation	0.246795806
893	TRIM28		No Mutation	0.065863995
894	TRIM28	(NC)	Intron	-1.345250903
895	TRIM28		No Mutation	0.733173983
896	TRIM28	(NC)	Splice-acceptor	0.482477005
897	TRIM28	(NC)	Splice-acceptor	1.602140366
898	TRIM28		No Mutation	-0.079896497
899	TRIM28	Q371Q	Silent	-0.30017904
900	TRIM28	I368I;Y369Y	Silent;Silent	0.872614762
901	TRIM28	I368I;Y369Y	Silent;Silent	0.787959463
902	TRIM28	Q371Q;L372L	Silent;Silent	-0.292569162
903	TRIM28		No Mutation	-0.205590076
904	TRIM28	A375V;L376F	Missense;Missense	-0.319565481
905	TRIM28	M378I;V380M	Missense;Missense	-0.922041407
906	TRIM28	V380V;D381N	Silent;Missense	-0.365023343
907	TRIM28		No Mutation	-0.728099566
908	TRIM28	V380V;D381N	Silent;Missense	0.543501607
909	TRIM28	P382F	Missense	0.076281042
910	TRIM28	G387N;E388K	Missense;Missense	-0.044182449
911	TRIM28	G387D;E388K	Missense;Missense	0.167355786
912	TRIM28	K390K	Silent	-0.320115374
913	TRIM28	G387G	Silent	-0.25230808
914	TRIM28	G387G	Silent	0.130077165
915	TRIM28		No Mutation	0.364789649
916	TRIM28	K400K	Silent	0.156344125
917	TRIM28	A397A	Silent	0.441563668
918	TRIM28	E403K	Missense	-1.179478315
919	TRIM28		No Mutation	0.254507017
920	TRIM28	A402V	Missense	0.505697093
921	TRIM28	A402V	Missense	0.404466231
922	TRIM28		No Mutation	-0.545490349
923	TRIM28	(NC);(NC)	Intron;Intron	0.597176423
924	TRIM28	(NC)	Intron	-0.660318547
925	TRIM28		No Mutation	0.830115536
926	TRIM28	P413F	Missense	-0.741186428
927	TRIM28	G419N	Missense	-0.363776301
928	TRIM28	T418I	Missense	-0.084895368
929	TRIM28		No Mutation	0.493649224
930	TRIM28		No Mutation	1.329617957
931	TRIM28	A424V;P425F	Missense;Missense	0.335374337
932	TRIM28	R427K;A428T	Missense;Missense	-0.776203152
933	TRIM28	A424V;P425F	Missense;Missense	0.102837092
934	TRIM28	R427K;A428T	Missense;Missense	-2.306717377
935	TRIM28	G430K	Missense	0.618508903
936	TRIM28	G430K	Missense	-0.532519561
937	TRIM28	G430K	Missense	-0.951005217
938	TRIM28		No Mutation	0.465615985
939	TRIM28	P431S	Missense	-0.388523735
940	TRIM28	P431F	Missense	0.265059153
941	TRIM28	S433N;K434K	Missense;Silent	-0.064081667
942	TRIM28	K434K	Silent	-0.974104933
943	TRIM28	K434K	Silent	0.851736235
944	TRIM28	L432L	Silent	0.859882895
945	TRIM28	G436N	Missense	-0.110587468
946	TRIM28	G436D	Missense	-0.002594027
947	TRIM28	G438S	Missense	-2.14143535
948	TRIM28	G436G	Silent	1.014210321
949	TRIM28	G438G;S439S	Silent;Silent	-0.827923247
950	TRIM28	S440S;Q441*	Silent;Nonsense	0.374013168
951	TRIM28	(NC);(NC);(NC)	Intron;Intron;Intron	0.300900682
952	TRIM28	(NC)	Intron	1.333217608
953	TRIM28	(NC)	Intron	-0.08953288
954	TRIM28		No Mutation	-0.277544188
955	TRIM28	(NC);P442S	Intron;Missense	-0.05548813
956	TRIM28	P442F	Missense	-0.325246575
957	TRIM28		No Mutation	0.369578571
958	TRIM28	E447K;G448N	Missense;Missense	-0.743960986
959	TRIM28	G448N	Missense	-0.534231192
960	TRIM28	Q446*	Nonsense	-0.39536718
961	TRIM28		No Mutation	-0.969693688
962	TRIM28	G448G	Silent	-0.73020091
963	TRIM28	G450G	Silent	0.118021683
964	TRIM28	G450G	Silent	-0.249441809
965	TRIM28		No Mutation	-0.589010257
966	TRIM28		No Mutation	-1.051665756
967	TRIM28		No Mutation	0.327121721
968	TRIM28	(NC)	Intron	-0.136079911
969	TRIM28		No Mutation	-0.102914806
970	TRIM28	D456N	Missense	-0.009233336
971	TRIM28	E462K	Missense	-0.416094929
972	TRIM28	E462E	Silent	-1.119056589
973	TRIM28	A461V	Missense	0.502062676
974	TRIM28		No Mutation	-1.256006371
975	TRIM28	V468I	Missense	0.079305437
976	TRIM28	V468V	Silent	-0.772819918
977	TRIM28	V468V	Silent	0.948145361
978	TRIM28		No Mutation	0.604972721
979	TRIM28		No Mutation	0.033421115
980	TRIM28		No Mutation	-0.402694216
981	TRIM28		No Mutation	-0.138001246
982	TRIM28		No Mutation	0.457659478
983	TRIM28	(NC)	Intron	0.404100067
984	TRIM28	(NC)	Splice-acceptor	0.482347559
985	TRIM28	(NC)	Intron	-0.608663261
986	TRIM28	(NC)	Intron	-0.515110224
987	TRIM28	S471F	Missense	-0.894000476
988	TRIM28	S471S;R472C	Silent;Missense	0.448147348
989	TRIM28	G476D;E477K	Missense;Missense	-0.231428883
990	TRIM28	E477K;V478M	Missense;Missense	-0.294043165
991	TRIM28		No Mutation	-0.653062863
992	TRIM28	S479S	Silent	0.16851423
993	TRIM28	V485V	Silent	0.050592903
994	TRIM28		No Mutation	-1.107387843
995	TRIM28	E491K;R492H	Missense;Missense	-0.557087147
996	TRIM28	S489S;L490F	Silent;Missense	0.102274393
997	TRIM28	L495L;D496N	Silent;Missense	0.239701351
998	TRIM28	A499T	Missense	-0.760431487
999	TRIM28	D500N	Missense	-1.48597502
1000	TRIM28	Q502Q	Silent	0.114503812
1001	TRIM28	S501S;Q502*;P503S	Silent;Nonsense;Missense	0.333878691
1002	TRIM28	K507K;V508I	Silent;Missense	-0.370494461
1003	TRIM28	V505V	Silent	0.482222559
1004	TRIM28	V508I	Missense	-0.081476444
1005	TRIM28		No Mutation	-0.262668167
1006	TRIM28		No Mutation	0.7814571
1007	TRIM28	F509F;P510L	Silent;Missense	0.087427975
1008	TRIM28	E515K;D516N	Missense;Missense	-1.959618616
1009	TRIM28	E515K;D516N	Missense;Missense	-0.015950468
1010	TRIM28		No Mutation	0.644385008
1011	TRIM28	L519F	Missense	0.041199242
1012	TRIM28	R524H;G525S	Missense;Missense	0.049463518
1013	TRIM28	A526V;A527V	Missense;Missense	0.668349859
1014	TRIM28	A529V;A530V	Missense;Missense	-0.213962542
1015	TRIM28	A529V;A530V	Missense;Missense	0.0353424
1016	TRIM28	G532D;Q533Q	Missense;Silent	0.732838914
1017	TRIM28	A537T	Missense	0.495885486
1018	TRIM28	P534L	Missense	-0.068381481
1019	TRIM28	A537A;A539T	Silent;Missense	0.728272615
1020	TRIM28	A539T;G540K	Missense;Missense	0.441996934
1021	TRIM28	A537V;P538F	Missense;Missense	0.061277358
1022	TRIM28	G543N;A544T	Missense;Missense	-1.043775455
1023	TRIM28	T541T;P542F	Silent;Missense	0.284775186
1024	TRIM28	A544V	Missense	-0.044529324
1025	TRIM28	L547L	Silent	0.113838143
1026	TRIM28	L547L;A548T	Silent;Missense	-0.234809204
1027	TRIM28	L547L;A548T	Silent;Missense	-0.929448349
1028	TRIM28	A544A;P545L;P546S	Silent;Missense;Missense	-0.68719703
1029	TRIM28	G549D;M550I	Missense;Missense	0.083881998
1030	TRIM28	M550I;A551T	Missense;Missense	0.122244069
1031	TRIM28	M550I;A551T	Missense;Missense	-1.567013865
1032	TRIM28	A551T	Missense	-0.040737171
1033	TRIM28		No Mutation	-0.057379156
1034	TRIM28	G549G	Silent	0.709335226
1035	TRIM28	V553I	Missense	-0.696849179
1036	TRIM28	(NC);(NC)	Intron;Intron	-0.270397748
1037	TRIM28		No Mutation	0.526001351
1038	TRIM28	(NC);(NC);(NC)	Intron;Intron;Intron	0.311178539
1039	TRIM28	(NC);(NC)	Intron;Intron	-0.194315223
1040	TRIM28	(NC)	Intron	0.955414489
1041	TRIM28	(NC);(NC)	Intron;Splice-acceptor	-0.379718685
1042	TRIM28	(NC);(NC);(NC)	Intron;Intron;Intron	0.050262715
1043	TRIM28	(NC);(NC);E555K	Intron;Splice-acceptor;Missense	0.371343864
1044	TRIM28	(NC);(NC)	Intron;Intron	0.641709624
1045	TRIM28		No Mutation	0.353227629
1046	TRIM28	A564A;P565F;P566S	Silent;Missense;Missense	0.429923456
1047	TRIM28	P565F;P566F	Missense;Missense	-0.319335582
1048	TRIM28	E570K	Missense	0.344892129
1049	TRIM28	E570K;G571S	Missense;Missense	-0.39330444
1050	TRIM28	E570K;G571N	Missense;Missense	-0.115694433
1051	TRIM28	G571N	Missense	-0.606656672
1052	TRIM28	E573E	Silent	0.841504083
1053	TRIM28	T574I	Missense	1.028393064
1054	TRIM28	V577I	Missense	-0.065371512
1055	TRIM28	V577I	Missense	-0.675627892
1056	TRIM28	M579I;A580T	Missense;Missense	-0.971234272
1057	TRIM28	L578F	Missense	-0.525587871
1058	TRIM28	L578F	Missense	-1.027347288
1059	TRIM28	L578F	Missense	-0.539134291
1060	TRIM28	A582T	Missense	0.665701758
1061	TRIM28	A580V;L581F	Missense;Missense	0.248558002
1062	TRIM28		No Mutation	0.398923657
1063	TRIM28		No Mutation	0.052458438
1064	TRIM28	A587V	Missense	-0.32803784
1065	TRIM28	R591H	Missense	-1.184301979
1066	TRIM28	R591C;L592L	Missense;Silent	0.111847942
1067	TRIM28	S596N	Missense	0.862951407
1068	TRIM28	S596N	Missense	0.39132089
1069	TRIM28	S596N;G597S	Missense;Missense	0.291584465
1070	TRIM28	G597N	Missense	0.469663748
1071	TRIM28	S598N	Missense	0.290244653
1072	TRIM28		No Mutation	-0.60389069
1073	TRIM28	G597G	Silent	0.965870746
1074	TRIM28	S600N	Missense	-0.083213642
1075	TRIM28	G597G;S598S	Silent;Silent	0.178681983
1076	TRIM28	S598S;T599I	Silent;Missense	-0.578018162
1077	TRIM28	T599T;S600S	Silent;Silent	1.193813762
1078	TRIM28	S600S;S601L	Silent;Missense	0.188966399
1079	TRIM28	E604E;V605I	Silent;Missense	0.434920089
1080	TRIM28		No Mutation	0.740487993
1081	TRIM28		No Mutation	0.350382004
1082	TRIM28		No Mutation	0.034343566
1083	TRIM28	T611I	Missense	-0.662909681
1084	TRIM28	A613T	Missense	0.050296955
1085	TRIM28	T611I;S612L	Missense;Missense	1.074930107
1086	TRIM28	A613V;P614S	Missense;Missense	0.053787853
1087	TRIM28	A613V;P614L	Missense;Missense	-1.745055955
1088	TRIM28	G616D;G617N	Missense;Missense	0.187114557
1089	TRIM28	P618P;G619K	Silent;Missense	-0.265827264
1090	TRIM28		No Mutation	-0.10554968
1091	TRIM28	P618P;G619K	Silent;Missense	-0.904598038
1092	TRIM28	G619K	Missense	-0.144792905
1093	TRIM28	D623N	Missense	0.093937905
1094	TRIM28	D623N;S624N	Missense;Missense	-0.557636785
1095	TRIM28		No Mutation	-0.487256678
1096	TRIM28		No Mutation	0.936208578
1097	TRIM28	C631Y	Missense	1.079600706
1098	TRIM28	C631Y;Q632Q	Missense;Silent	0.147000693
1099	TRIM28	R629C	Missense	-1.084370025
1100	TRIM28	K633K;G635S	Silent;Missense	-0.104980547
1101	TRIM28	C631C;Q632*	Silent;Nonsense	0.780417669
1102	TRIM28	L637L;V638I	Silent;Missense	-0.778318665
1103	TRIM28	M639I;C640Y	Missense;Missense	0.408578826
1104	TRIM28		No Mutation	-0.220115659
1105	TRIM28	H648H;L649L	Silent;Silent	-0.062421294
1106	TRIM28	L653L	Silent	0.509997457
1107	TRIM28	L653L;P654P;A655T	Silent;Silent;Missense	-0.37291612
1108	TRIM28	H652Y;L653L	Missense;Silent	0.470567121
1109	TRIM28	Q657Q;D658N;V659I	Silent;Missense;Missense	-0.166475159
1110	TRIM28	A655V;L656L	Missense;Silent	-0.296245331
1111	TRIM28	A655V;L656L	Missense;Silent	-0.663508148
1112	TRIM28	V659I	Missense	0.049078085
1113	TRIM28	G661K;(NC)	Missense;Splice-donor	0.415327709
1114	TRIM28	G661K;(NC)	Missense;Splice-donor	0.081807848
1115	TRIM28	P660L	Missense	0.349687306
1116	TRIM28	P660L	Missense	-0.854311373
1117	TRIM28		No Mutation	-0.068313884
1118	TRIM28		No Mutation	0.10694841
1119	TRIM28		No Mutation	0.247530005
1120	TRIM28	(NC);(NC);(NC)	Intron;Intron;Intron	0.360188791
1121	TRIM28		No Mutation	0.385363643
1122	TRIM28		No Mutation	-0.869907165
1123	TRIM28	(NC)	Splice-acceptor	0.91253
1124	TRIM28	(NC);(NC)	Intron;Intron	0.936689214
1125	TRIM28	W664*;S665N	Nonsense;Missense	-0.197589693
1126	TRIM28	S665N;C666Y	Missense;Missense	0.377531698
1127	TRIM28	L672F	Missense	-0.945572952
1128	TRIM28	L672F;P673S	Missense;Missense	-1.12068574
1129	TRIM28	L675L	Silent	-0.868173976
1130	TRIM28	L672L;P673F	Silent;Missense	0.572699955
1131	TRIM28	D674D;L675L	Silent;Silent	-0.293201884
1132	TRIM28	E677E;E678K;D679N	Silent;Missense;Missense	0.047540595
1133	TRIM28	E678K;D679N	Missense;Missense	0.322831069
1134	TRIM28	G680N	Missense	-1.402225782
1135	TRIM28		No Mutation	0.654617208
1136	TRIM28	G680G	Silent	-0.604494803
1137	TRIM28	A687T;D688N	Missense;Missense	-0.044161136
1138	TRIM28		No Mutation	-0.814862866
1139	TRIM28	S689N	Missense	-0.131912154
1140	TRIM28	A687V	Missense	-0.929925272
1141	TRIM28	D688D	Silent	0.55085032
1142	TRIM28	L696L;S697L	Silent;Missense	-0.971688113
1143	TRIM28		No Mutation	-0.370332289
1144	TRIM28	L696L;S697L;P698S	Silent;Missense;Missense	0.653785545
1145	TRIM28	P698L;A699V	Missense;Missense	-2.125238738
1146	TRIM28	A699V	Missense	-0.484635341
1147	TRIM28	N700N;Q701*	Silent;Nonsense	-0.081946488
1148	TRIM28	(NC);(NC);(NC)	Splice-donor;Intron;Intron	-0.198474912
1149	TRIM28	N700N;Q701*	Silent;Nonsense	0.093674135
1150	TRIM28	N700N;Q701*;R702W	Silent;Nonsense;Missense	0.695241331
1151	TRIM28	(NC);(NC);(NC)	Intron;Intron;Intron	-0.67514952
1152	TRIM28	(NC);(NC);(NC);(NC)	Intron;Intron;Intron;Intron	0.369640192
1153	TRIM28		No Mutation	-1.406175738
1154	TRIM28	(NC)	Intron	0.957666203
1155	TRIM28	(NC)	Intron	0.153656019
1156	TRIM28	(NC)	Splice-acceptor	-0.916988466
1157	TRIM28	(NC)	Splice-acceptor	0.379811966
1158	TRIM28		No Mutation	-0.046498475
1159	TRIM28		No Mutation	0.477438462
1160	TRIM28		No Mutation	-0.702353482
1161	TRIM28	C717C;R718C;P719S	Silent;Missense;Missense	-0.330154545
1162	TRIM28		No Mutation	0.148858472
1163	TRIM28	Q722Q	Silent	0.21581908
1164	TRIM28	Q722Q;L723L;A724T	Silent;Silent;Missense	0.244558793
1165	TRIM28	L723L;A724T	Silent;Missense	-0.886281197
1166	TRIM28	A724T	Missense	-1.12333046
1167	TRIM28		No Mutation	0.424956366
1168	TRIM28	D726N	Missense	-0.28354765
1169	TRIM28	T725T;D726D	Silent;Silent	0.513016891
1170	TRIM28	L731L	Silent	0.841082393
1171	TRIM28	F729F;S730F	Silent;Missense	-0.564536489
1172	TRIM28	(NC);(NC)	Intron;Intron	-0.552973801
1173	TRIM28	(NC)	Intron	0.164181925
1174	TRIM28	S730S;L731L	Silent;Silent	-0.579567624
1175	TRIM28	L731L	Silent	-0.353095386
1176	TRIM28	(NC);(NC);(NC)	Intron;Intron;Intron	-0.292316674
1177	TRIM28	(NC)	Intron	-0.698168515
1178	TRIM28	(NC);(NC);(NC)	Intron;Intron;Intron	-1.925945058
1179	TRIM28	(NC);(NC)	Intron;Intron	0.89785834
1180	TRIM28	(NC);(NC)	Intron;Intron	0.542546828
1181	TRIM28		No Mutation	0.622852315
1182	TRIM28	(NC);(NC)	Intron;Intron	-0.774001593
1183	TRIM28	(NC);(NC)	Intron;Intron	0.402709277
1184	TRIM28	G735N;G736S	Missense;Missense	-0.669955536
1185	TRIM28	D732D;Q733*;P734S	Silent;Nonsense;Missense	-0.027827018
1186	TRIM28	L738L;D739N	Silent;Missense	0.205233508
1187	TRIM28	D739N	Missense	-1.166257987
1188	TRIM28	L740L	Silent	1.188006424
1189	TRIM28	L742L	Silent	0.628795829
1190	TRIM28	L742L	Silent	-0.329444795
1191	TRIM28	I743I;R744C	Silent;Missense	-0.031824075
1192	TRIM28	R746H	Missense	-0.356875319
1193	TRIM28		No Mutation	1.037437702
1194	TRIM28	Q748Q;E749K	Silent;Missense	-0.914452646
1195	TRIM28	K750K;L751L	Silent;Silent	-0.405543244
1196	TRIM28	K750K;L751L	Silent;Silent	0.295979955
1197	TRIM28	L751L	Silent	0.831829377
1198	TRIM28		No Mutation	0.227274513
1199	TRIM28	P754F	Missense	0.377763497
1200	TRIM28		No Mutation	-0.752152313
1201	TRIM28	Q759Q;E760K	Silent;Missense	0.548650303
1202	TRIM28	Q759Q;E760K	Silent;Missense	-0.700098138
1203	TRIM28	S757S;P758L;Q759*	Silent;Missense;Nonsense	0.467683414
1204	TRIM28	Q763Q	Silent	-0.120976993
1205	TRIM28		No Mutation	0.217881597
1206	TRIM28	Q763Q;D764N	Silent;Missense	-0.865758442
1207	TRIM28		No Mutation	-0.048668664
1208	TRIM28	Q763Q;D764N	Silent;Missense	0.44498236
1209	TRIM28	R767H;M768I	Missense;Missense	-0.087069359
1210	TRIM28	M768I	Missense	0.173826909
1211	TRIM28		No Mutation	-0.309331575
1212	TRIM28	F772F	Silent	-0.295919401
1213	TRIM28	T776I	Missense	-1.174612434
1214	TRIM28		No Mutation	0.176003776
1215	TRIM28	(NC);(NC)	Intron;Intron	-0.420122011
1216	TRIM28	(NC)	Intron	0.491512186
1217	TRIM28	(NC);(NC)	Intron;Intron	-0.164527739
1218	TRIM28	(NC);(NC)	Intron;Intron	-0.448342382
1219	TRIM28	K779K	Silent	-0.423524069
1220	TRIM28	V782I	Missense	-0.335376148
1221	TRIM28	V782I	Missense	-1.444594196
1222	TRIM28	D781D	Silent	0.680603118
1223	TRIM28	Q789Q;R790H	Silent;Missense	-0.89941848
1224	TRIM28	R795C	Missense	0.739352656
1225	TRIM28	K804K	Silent	-0.75802028
1226	TRIM28	T803T	Silent	-0.015051769
1227	TRIM28	F805F	Silent	0.833560973
1228	TRIM28	V808V;L809L	Silent;Silent	-1.246935
1229	TRIM28	P813L;P814L	Missense;Missense	0.042099495
1230	TRIM28	L817L	Silent	0.085385529
1231	TRIM28	L817L	Silent	0.326214113
1232	TRIM28	L817L;G819S	Silent;Missense	1.475180661
1233	TRIM28		No Mutation	0.201219824
1234	TRIM28	G819N	Missense	-0.103857131
1235	TRIM28	G819N;A820T	Missense;Missense	0.563420799
1236	TRIM28	L822L	Silent	-1.272690164
1237	TRIM28	A820V	Missense	0.451120967
1238	TRIM28	S823N	Missense	-1.338945499
1239	TRIM28	S824F	Missense	-0.789115349
1240	TRIM28	E826E;L827L	Silent;Silent	-0.030427932
1241	TRIM28	S824F;Q825*	Missense;Nonsense	0.536736362
1242	TRIM28	L827L	Silent	-0.063735198
1243	TRIM28	G829D;G830N	Missense;Missense	-0.32418953
1244	TRIM28	G830N	Missense	0.130610696
1245	TRIM28	S828F	Missense	0.70997268
1246	TRIM28	P831F	Missense	-0.146833612
1247	TRIM28		No Mutation	-0.206828891
1248	TRIM28	*836*;(NC)	Silent;UTR	-0.18890405
1249	TRIM28	*836*;(NC);(NC)	Silent;UTR;UTR	0.592135062
1250	TRIM28		No Mutation	0.991215047
1251	TRIM28		No Mutation	0.225687964
1252	TRIM28		No Mutation	-0.90840009
1253	TRIM28		No Mutation	0.5410479
1254	MPHOSPH8	(NC)	UTR	-0.99374479
1255	MPHOSPH8	(NC);(NC)	UTR;UTR	0.106947579
1256	MPHOSPH8	(NC)	UTR	0.449912675
1257	MPHOSPH8	(NC)	UTR	0.116623681
1258	MPHOSPH8		No Mutation	-0.225842471
1259	MPHOSPH8		No Mutation	0.117449455
1260	MPHOSPH8		No Mutation	0.412814526
1261	MPHOSPH8		No Mutation	0.458862704
1262	MPHOSPH8		No Mutation	0.503441459
1263	MPHOSPH8	A17T	Missense	0.298164454
1264	MPHOSPH8	D19N	Missense	0.248614612
1265	MPHOSPH8	D19N;S20N	Missense;Missense	0.616142049
1266	MPHOSPH8	A17V	Missense	-0.407585399
1267	MPHOSPH8	A18A;D19D	Silent;Silent	0.623331084
1268	MPHOSPH8	E23E;L24L	Silent;Silent	0.609760587
1269	MPHOSPH8	A25V	Missense	0.655196907
1270	MPHOSPH8		No Mutation	-0.172188227
1271	MPHOSPH8	G30E;V31I	Missense;Missense	-1.155595092
1272	MPHOSPH8		No Mutation	0.151177034
1273	MPHOSPH8		No Mutation	0.783040878
1274	MPHOSPH8		No Mutation	0.560591719
1275	MPHOSPH8	D39D;A40V	Silent;Missense	0.110529832
1276	MPHOSPH8	A41V	Missense	-0.386883979
1277	MPHOSPH8		No Mutation	0.226658912
1278	MPHOSPH8	E46E;A47T	Silent;Missense	-0.134639085
1279	MPHOSPH8	A47V	Missense	-0.045979708
1280	MPHOSPH8	A47A	Silent	0.279812009
1281	MPHOSPH8	G49G	Silent	-0.09644414
1282	MPHOSPH8	E52E;E53K	Silent;Missense	-0.144753003
1283	MPHOSPH8	D50D	Silent	0.041395433
1284	MPHOSPH8	D54D	Silent	-0.372192915
1285	MPHOSPH8		No Mutation	0.099681715
1286	MPHOSPH8	F59F	Silent	0.385721933
1287	MPHOSPH8	I64I;L65L	Silent;Silent	0.396888076
1288	MPHOSPH8	L65L	Silent	-0.468116557
1289	MPHOSPH8	D66D	Silent	0.010875065
1290	MPHOSPH8	D66D	Silent	1.126727598
1291	MPHOSPH8	E70K;G71R	Missense;Missense	-0.140897959
1292	MPHOSPH8	T69I	Missense	-0.010412798
1293	MPHOSPH8	T69I	Missense	0.443224515
1294	MPHOSPH8	T69I	Missense	-0.720905049
1295	MPHOSPH8	T69T	Silent	0.830284449
1296	MPHOSPH8	(NC);(NC);(NC);(NC)	Intron;Intron;Intron;Intron	0.403558538
1297	MPHOSPH8		No Mutation	-1.650459061
1298	MPHOSPH8		No Mutation	-0.710580515
1299	MPHOSPH8		No Mutation	-1.085663471
1300	MPHOSPH8		No Mutation	-0.148830761
1301	MPHOSPH8		No Mutation	0.411040134
1302	MPHOSPH8	(NC)	Splice-acceptor	1.225212466
1303	MPHOSPH8	L75F	Missense	0.012866026
1304	MPHOSPH8	Y76Y	Silent	-0.340024051
1305	MPHOSPH8	R79R	Silent	0.57515379
1306	MPHOSPH8	T84I;S85L	Missense;Missense	0.934793098
1307	MPHOSPH8	S85L	Missense	0.534896739
1308	MPHOSPH8	P92S	Missense	0.042371238
1309	MPHOSPH8		No Mutation	-0.354597176
1310	MPHOSPH8	P92F	Missense	0.877976554
1311	MPHOSPH8	E97K;D98N	Missense;Missense	0.627280442
1312	MPHOSPH8	E97E;D98N	Silent;Missense	0.246469824
1313	MPHOSPH8	E101K;V102M	Missense;Missense	-0.499456858
1314	MPHOSPH8		No Mutation	0.281354334
1315	MPHOSPH8	N113N	Silent	0.269125118
1316	MPHOSPH8	A115V	Missense	-1.763026296
1317	MPHOSPH8	K120K;D121N	Silent;Missense	0.137426595
1318	MPHOSPH8	V118V	Silent	-0.588748813
1319	MPHOSPH8		No Mutation	-0.821087884
1320	MPHOSPH8		No Mutation	-1.031858177
1321	MPHOSPH8		No Mutation	0.033685139
1322	MPHOSPH8		No Mutation	-1.370320706
1323	MPHOSPH8		No Mutation	0.179494132
1324	MPHOSPH8		No Mutation	0.72762311
1325	MPHOSPH8	D180D	Silent	1.069675074
1326	MPHOSPH8	E187E;S188N	Silent;Missense	-0.611426179
1327	MPHOSPH8	D185D;L186L	Silent;Silent	0.247048106
1328	MPHOSPH8		No Mutation	1.374216541
1329	MPHOSPH8	L190L;E191K	Silent;Missense	-0.264349028
1330	MPHOSPH8		No Mutation	-0.003073059
1331	MPHOSPH8	A206V	Missense	-0.506610407
1332	MPHOSPH8	K211K;E212K	Silent;Missense	0.500369895
1333	MPHOSPH8		No Mutation	0.27360198
1334	MPHOSPH8		No Mutation	0.554023119
1335	MPHOSPH8		No Mutation	-0.300532248
1336	MPHOSPH8		No Mutation	0.020288903
1337	MPHOSPH8		No Mutation	0.39169367
1338	MPHOSPH8		No Mutation	-1.076859927
1339	MPHOSPH8		No Mutation	0.237909759
1340	MPHOSPH8	P275L	Missense	-0.318887235
1341	MPHOSPH8	D278N;S279N	Missense;Missense	0.495142484
1342	MPHOSPH8	P275L	Missense	0.071386018
1343	MPHOSPH8	S279N	Missense	0.552649289
1344	MPHOSPH8	E280K;G281K	Missense;Missense	0.003615606
1345	MPHOSPH8	E289E	Silent	-0.19859432
1346	MPHOSPH8	A296V	Missense	0.289335799
1347	MPHOSPH8	A296V	Missense	0.458038184
1348	MPHOSPH8		No Mutation	-0.313518396
1349	MPHOSPH8		No Mutation	-0.414711421
1350	MPHOSPH8	A300V	Missense	0.938754192
1351	MPHOSPH8	A300V	Missense	-0.273399989
1352	MPHOSPH8	Q302*	Nonsense	0.614694479
1353	MPHOSPH8	D303D	Silent	0.133754559
1354	MPHOSPH8	M318I;S319N	Missense;Missense	0.485981007
1355	MPHOSPH8	M318I;S319N	Missense;Missense	-0.846986693
1356	MPHOSPH8	D315D	Silent	0.043565932
1357	MPHOSPH8	M318I;S319N;A320T	Missense;Missense;Missense	0.982817579
1358	MPHOSPH8	A317V	Missense	-0.039498866
1359	MPHOSPH8	E322E;D323N	Silent;Missense	-0.283824809
1360	MPHOSPH8		No Mutation	0.525085961
1361	MPHOSPH8	T324I	Missense	-0.068267983
1362	MPHOSPH8	T324I	Missense	-0.975344638
1363	MPHOSPH8	R329K;R330K	Missense;Missense	0.359024611
1364	MPHOSPH8		No Mutation	0.357848455
1365	MPHOSPH8	T334I;P335S	Missense;Missense	0.32610417
1366	MPHOSPH8	E339E;D340N	Silent;Missense	-0.602032099
1367	MPHOSPH8	E339E;D340N	Silent;Missense	-0.009237267
1368	MPHOSPH8	D340N	Missense	-0.137179854
1369	MPHOSPH8	D340D	Silent	-1.283305903
1370	MPHOSPH8	T358I	Missense	0.388172704
1371	MPHOSPH8	S382F	Missense	-0.830275771
1372	MPHOSPH8	S382F;A383V	Missense;Missense	0.278382039
1373	MPHOSPH8	T385T	Silent	-1.013825327
1374	MPHOSPH8	A383V;Q384*	Missense;Nonsense	1.167686037
1375	MPHOSPH8	T385M	Missense	-0.148312315
1376	MPHOSPH8	G388D;R389Q	Missense;Missense	-0.244573554
1377	MPHOSPH8	R389Q	Missense	0.16830068
1378	MPHOSPH8		No Mutation	0.0155257
1379	MPHOSPH8	G388G	Silent	-1.568461665
1380	MPHOSPH8	G388G;R389W	Silent;Missense	0.605626592
1381	MPHOSPH8	L391L;S392N	Silent;Missense	0.572307496
1382	MPHOSPH8		No Mutation	0.361291766
1383	MPHOSPH8		No Mutation	0.902202795
1384	MPHOSPH8		No Mutation	0.239598053
1385	MPHOSPH8	S400F	Missense	-0.020022027
1386	MPHOSPH8	A404T	Missense	0.012294591
1387	MPHOSPH8	S400S;T401M	Silent;Missense	0.49523422
1388	MPHOSPH8	D402D;S403L	Silent;Missense	-0.409433683
1389	MPHOSPH8	E405E;E406K	Silent;Missense	0.054400232
1390	MPHOSPH8	D402D;S403L	Silent;Missense	0.331480134
1391	MPHOSPH8	A404A	Silent	0.50630233
1392	MPHOSPH8		No Mutation	0.557037005
1393	MPHOSPH8		No Mutation	-0.171939673
1394	MPHOSPH8	(NC)	Intron	0.258765928
1395	MPHOSPH8		No Mutation	0.674583354
1396	MPHOSPH8		No Mutation	1.260093226
1397	MPHOSPH8	H423Y	Missense	1.526323961
1398	MPHOSPH8	S425F	Missense	0.151079714
1399	MPHOSPH8	G431G	Silent	0.092721747
1400	MPHOSPH8	(NC);(NC)	Splice-donor;Intron	0.611091197
1401	MPHOSPH8		No Mutation	0.408986285
1402	MPHOSPH8		No Mutation	-0.263151446
1403	MPHOSPH8	S462F	Missense	0.535654922
1404	MPHOSPH8		No Mutation	0.287852979
1405	MPHOSPH8		No Mutation	-0.040697362
1406	MPHOSPH8	D479D	Silent	-0.982831516
1407	MPHOSPH8	Q488*	Nonsense	1.71028373
1408	MPHOSPH8	A504V	Missense	-0.810144834
1409	MPHOSPH8	A507V	Missense	-0.023191833
1410	MPHOSPH8	A508V	Missense	-1.160730584
1411	MPHOSPH8	Q520*;A521V	Nonsense;Missense	0.1106728
1412	MPHOSPH8	D526N	Missense	-0.953071596
1413	MPHOSPH8		No Mutation	0.763035942
1414	MPHOSPH8	(NC)	Intron	-0.83309985
1415	MPHOSPH8		No Mutation	0.482394259
1416	MPHOSPH8	Q530Q	Silent	-0.796085389
1417	MPHOSPH8	Q529*;Q530*	Nonsense;Nonsense	2.21897474
1418	MPHOSPH8	Q529*;Q530*	Nonsense;Nonsense	0.16835482
1419	MPHOSPH8	L532L	Silent	0.44917144
1420	MPHOSPH8	G535G	Silent	-0.152882396
1421	MPHOSPH8	D537D	Silent	-0.338275114
1422	MPHOSPH8		No Mutation	-0.034247751
1423	MPHOSPH8	W542*;M543I	Nonsense;Missense	1.092265734
1424	MPHOSPH8	F548F;Q549*	Silent;Nonsense	0.921445559
1425	MPHOSPH8	F548F;Q549*	Silent;Nonsense	1.885261613
1426	MPHOSPH8	G554K	Missense	-0.334823689
1427	MPHOSPH8	E557K	Missense	0.309967091
1428	MPHOSPH8	P566L	Missense	-0.392413001
1429	MPHOSPH8	(NC)	Intron	0.077367656
1430	MPHOSPH8		No Mutation	-0.040920283
1431	MPHOSPH8		No Mutation	-0.294901183
1432	MPHOSPH8		No Mutation	0.681617107
1433	MPHOSPH8		No Mutation	0.397083175
1434	MPHOSPH8		No Mutation	0.718474239
1435	MPHOSPH8		No Mutation	0.835418517
1436	MPHOSPH8	(NC)	Intron	1.407787066
1437	MPHOSPH8		No Mutation	-1.978610997
1438	MPHOSPH8	(NC);(NC);(NC)	Intron;Intron;Intron	0.106691909
1439	MPHOSPH8	S600N;G601K	Missense;Missense	0.680252817
1440	MPHOSPH8	S599F	Missense	-0.195648332
1441	MPHOSPH8	L604L;V605I	Silent;Missense	0.44109293
1442	MPHOSPH8		No Mutation	-0.14579025
1443	MPHOSPH8	L607F	Missense	-1.405502139
1444	MPHOSPH8	L607F	Missense	0.139633849
1445	MPHOSPH8	A608V	Missense	0.314374211
1446	MPHOSPH8	Q613Q;D614N	Silent;Missense	0.402558399
1447	MPHOSPH8	D615N	Missense	-0.223637307
1448	MPHOSPH8		No Mutation	0.010663736
1449	MPHOSPH8		No Mutation	0.310760003
1450	MPHOSPH8	R618*;L619F	Nonsense;Missense	0.070150072
1451	MPHOSPH8		No Mutation	-0.332290439
1452	MPHOSPH8	G624G;A625V	Silent;Missense	0.071373384
1453	MPHOSPH8	N628N	Silent	0.541158413
1454	MPHOSPH8	N628N	Silent	1.075760594
1455	MPHOSPH8	A641T	Missense	0.29586101
1456	MPHOSPH8	A642T	Missense	-0.864319594
1457	MPHOSPH8	L638L;H640Y	Silent;Missense	-0.27920272
1458	MPHOSPH8	E643K	Missense	0.227055557
1459	MPHOSPH8	E643K	Missense	0.117610122
1460	MPHOSPH8	A641V;A642V	Missense;Missense	0.352490373
1461	MPHOSPH8	(NC)	Splice-acceptor	0.723751139
1462	MPHOSPH8	T649I	Missense	0.333530326
1463	MPHOSPH8		No Mutation	-1.338127785
1464	MPHOSPH8	E668K	Missense	0.13598682
1465	MPHOSPH8		No Mutation	-1.22198379
1466	MPHOSPH8		No Mutation	-0.647962662
1467	MPHOSPH8	(NC);A674T	Splice-acceptor;Missense	1.277158179
1468	MPHOSPH8	(NC)	Intron	-0.517632592
1469	MPHOSPH8	R684*;L685F	Nonsense;Missense	1.1514782
1470	MPHOSPH8	L704L	Silent	0.605009214
1471	MPHOSPH8	K708K;Q709Q	Silent;Silent	-0.303975927
1472	MPHOSPH8	K708K;Q709Q	Silent;Silent	-1.100457632
1473	MPHOSPH8	A730V	Missense	0.870011408
1474	MPHOSPH8	V748I	Missense	0.16825972
1475	MPHOSPH8	A752T;C753Y	Missense;Missense	-0.219193002
1476	MPHOSPH8	R755Q	Missense	-0.680992073
1477	MPHOSPH8	H754Y	Missense	1.390722964
1478	MPHOSPH8	H754Y	Missense	1.32549713
1479	MPHOSPH8	D765N	Missense	0.554256375
1480	MPHOSPH8	P771L;Q772*	Missense;Nonsense	-0.257193886
1481	MPHOSPH8	E776K	Missense	-0.342894437
1482	MPHOSPH8	E776K	Missense	0.044025309
1483	MPHOSPH8	E776K;G777S	Missense;Missense	-0.55819532
1484	MPHOSPH8	E776K;G777S;(NC)	Missense;Missense;Splice-donor	-0.053661929
1485	MPHOSPH8	(NC)	Intron	-0.208213888
1486	MPHOSPH8	G779N	Missense	0.144071777
1487	MPHOSPH8	G779N	Missense	-0.110055733
1488	MPHOSPH8	A787T	Missense	0.474297505
1489	MPHOSPH8	L790L;G791N	Silent;Missense	0.321233273
1490	MPHOSPH8		No Mutation	1.396558104
1491	MPHOSPH8		No Mutation	-0.646650992
1492	MPHOSPH8	A806T;V807I	Missense;Missense	0.565858435
1493	MPHOSPH8	(NC)	Intron	-0.624539019
1494	MPHOSPH8		No Mutation	-0.993263116
1495	MPHOSPH8	S826L	Missense	2.354563153
1496	MPHOSPH8		No Mutation	0.857022589
1497	MPHOSPH8		No Mutation	0.463316353
1498	MPHOSPH8	P833L	Missense	0.4776168
1499	MPHOSPH8	R839K	Missense	0.08407258
1500	MPHOSPH8	R839K	Missense	0.343579728
1501	MPHOSPH8		No Mutation	0.890846569
1502	MPHOSPH8	(NC)	Intron	-0.309584943
1503	MPHOSPH8	(NC)	Intron	0.373889495
1504	MPHOSPH8		No Mutation	-0.57004432
1505	MPHOSPH8		No Mutation	-0.922622735
1506	MPHOSPH8	(NC)	Intron	-0.208720378
1507	MPHOSPH8	Q860*	Nonsense	0.030716154
1508	MPHOSPH8	Q860*	Nonsense	0.585531283
1509	MPHOSPH8	(NC);(NC)	UTR;UTR	1.352091633
1510	MPHOSPH8	(NC);(NC)	UTR;UTR	0.003920247
1511	MPHOSPH8	(NC)	UTR	-0.841887824
1512	MPHOSPH8	(NC);(NC);(NC)	UTR;UTR;UTR	0.102902868
1513	TASOR		No Mutation	0.068391283
1514	TASOR	E1608K	Missense	-0.283350535
1515	TASOR		No Mutation	-0.24754707
1516	TASOR	W1596*;G1597K	Nonsense;Missense	0.179143178
1517	TASOR	P1591L;P1592F	Missense;Missense	-0.529841832
1518	TASOR	P1591L;P1592S	Missense;Missense	0.377441322
1519	TASOR	S1590F;P1591L	Missense;Missense	-0.65436429
1520	TASOR	A1580V	Missense	-0.551826463
1521	TASOR	Q1569Q	Silent	0.094718439
1522	TASOR	Q1569Q	Silent	0.299713605
1523	TASOR	S1568N	Missense	-0.441333271
1524	TASOR		No Mutation	0.190727819
1525	TASOR		No Mutation	0.394722629
1526	TASOR	S1530L	Missense	0.061006522
1527	TASOR		No Mutation	0.032055035
1528	TASOR	E1509E;R1510K	Silent;Missense	-0.651613131
1529	TASOR	G1477E	Missense	-0.395532231
1530	TASOR	T1472I	Missense	-0.356452396
1531	TASOR		No Mutation	-0.05003533
1532	TASOR		No Mutation	0.567142474
1533	TASOR		No Mutation	-0.001323845
1534	TASOR		No Mutation	0.187582564
1535	TASOR		No Mutation	-0.205103357
1536	TASOR	N1438N	Silent	0.254316318
1537	TASOR	L1429F	Missense	0.169007515
1538	TASOR	E1427K	Missense	-0.289836807
1539	TASOR	A1425T	Missense	-1.313203904
1540	TASOR		No Mutation	-0.138360521
1541	TASOR	N1404N	Silent	1.058713861
1542	TASOR	N1404N	Silent	-0.57964528
1543	TASOR	T1389I	Missense	-0.130145858
1544	TASOR	G1392K	Missense	0.914138656
1545	TASOR	S1386F	Missense	-0.125305859
1546	TASOR	Q1365Q;A1366T	Silent;Missense	0.201773739
1547	TASOR	C1360C;L1361F	Silent;Missense	0.267996717
1548	TASOR		No Mutation	-0.705675634
1549	TASOR	R1353*	Nonsense	0.908285823
1550	TASOR		No Mutation	-0.446780367
1551	TASOR	V1333V;Q1335*	Silent;Nonsense	0.765706478
1552	TASOR	L1314L	Silent	-1.76134035
1553	TASOR		No Mutation	0.772860911
1554	TASOR	Q1311*	Nonsense	1.455796657
1555	TASOR	Q1311Q;K1312K	Silent;Silent	-0.505597358
1556	TASOR	P1298L	Missense	-0.598269623
1557	TASOR	T1297I	Missense	-0.595018921
1558	TASOR	L1295F	Missense	0.018105792
1559	TASOR		No Mutation	0.777514408
1560	TASOR	V1282I;E1283K;(NC)	Missense;Missense;Splice-donor	-0.133030397
1561	TASOR	V1282I;E1283K	Missense;Missense	0.478947615
1562	TASOR	P1277L	Missense	-0.200933626
1563	TASOR	S1273L	Missense	0.089809733
1564	TASOR		No Mutation	-0.605085305
1565	TASOR		No Mutation	-0.706052372
1566	TASOR	G1246N	Missense	1.715307013
1567	TASOR	A1245T;G1246N	Missense;Missense	-0.682219596
1568	TASOR	A1245T;G1246S	Missense;Missense	1.349668086
1569	TASOR		No Mutation	-0.97547385
1570	TASOR	(NC)	Intron	0.082498938
1571	TASOR		No Mutation	0.625697822
1572	TASOR	A1224V	Missense	-0.168440784
1573	TASOR	Q1219*	Nonsense	0.974436069
1574	TASOR	E1206K;R1207K	Missense;Missense	1.549880527
1575	TASOR		No Mutation	-0.556149794
1576	TASOR		No Mutation	-1.592056904
1577	TASOR	L1183F	Missense	0.529476618
1578	TASOR	S1158N	Missense	-0.376187997
1579	TASOR		No Mutation	0.487257018
1580	TASOR	V1155I	Missense	0.860668692
1581	TASOR		No Mutation	-0.232414698
1582	TASOR		No Mutation	-0.684971984
1583	TASOR		No Mutation	-0.410233514
1584	TASOR		No Mutation	-0.556755634
1585	TASOR		No Mutation	-0.335061317
1586	TASOR	E1128K	Missense	-1.318429602
1587	TASOR	E1128K	Missense	0.947282215
1588	TASOR	R1123Q;E1124K	Missense;Missense	1.182943629
1589	TASOR	P1118F	Missense	0.36489598
1590	TASOR	P1118F	Missense	-0.173461408
1591	TASOR		No Mutation	-0.296245331
1592	TASOR	S1113F	Missense	0.138973541
1593	TASOR	V1111V	Silent	-0.298651194
1594	TASOR	E1108K	Missense	-0.667383852
1595	TASOR	H1105Y	Missense	0.464064334
1596	TASOR	E1108K	Missense	-0.163128038
1597	TASOR	E1097K	Missense	0.072893298
1598	TASOR	Q1089*	Nonsense	-0.138968748
1599	TASOR	Q1089Q	Silent	-0.707627305
1600	TASOR		No Mutation	-0.414995464
1601	TASOR		No Mutation	-0.400187429
1602	TASOR	S1078N;D1079N	Missense;Missense	1.169177344
1603	TASOR		No Mutation	0.553212387
1604	TASOR	D1066N	Missense	0.155360791
1605	TASOR	V1059I	Missense	0.31078486
1606	TASOR	A1051V;S1052L	Missense;Missense	0.322521582
1607	TASOR		No Mutation	0.095111201
1608	TASOR	A1048T	Missense	-0.464615843
1609	TASOR	D1045N	Missense	0.045500349
1610	TASOR	V1041V	Silent	-0.608683488
1611	TASOR	D1045N	Missense	-1.425828871
1612	TASOR	L1038L	Silent	-0.923850625
1613	TASOR	A1031V	Missense	-0.720711454
1614	TASOR	A1031V	Missense	-0.529920726
1615	TASOR		No Mutation	-1.067120749
1616	TASOR		No Mutation	0.2730301
1617	TASOR	Q1014*	Nonsense	0.483826435
1618	TASOR	Q1014Q;E1015K	Silent;Missense	-0.643954989
1619	TASOR	S1009F	Missense	-0.148783829
1620	TASOR	S1006F	Missense	-1.079917035
1621	TASOR	K1007K	Silent	-0.734992492
1622	TASOR	T993I;Q994*	Missense;Nonsense	0.614620962
1623	TASOR	E995K	Missense	-0.111846319
1624	TASOR		No Mutation	-0.401405941
1625	TASOR	V960V	Silent	-0.021058752
1626	TASOR	T956I	Missense	-0.018815555
1627	TASOR	S953S	Silent	-0.154230527
1628	TASOR		No Mutation	0.045673391
1629	TASOR	E954K	Missense	-0.643534302
1630	TASOR	E948K	Missense	-0.59892107
1631	TASOR		No Mutation	-0.359832689
1632	TASOR		No Mutation	-0.354585194
1633	TASOR	D931D	Silent	-0.389415481
1634	TASOR	D931D	Silent	-0.659861798
1635	TASOR	V932V;L933L	Silent;Silent	-0.43479646
1636	TASOR		No Mutation	-0.295694033
1637	TASOR	L924L	Silent	-0.704586186
1638	TASOR		No Mutation	-0.539744575
1639	TASOR	(NC)	Intron	0.335300848
1640	TASOR		No Mutation	0.241995542
1641	TASOR		No Mutation	-0.967366538
1642	TASOR	(NC)	Splice-acceptor	0.023003107
1643	TASOR		No Mutation	1.028624647
1644	TASOR		No Mutation	-1.755246354
1645	TASOR	L917L	Silent	0.512643016
1646	TASOR		No Mutation	0.216176398
1647	TASOR	R899H	Missense	-0.007466565
1648	TASOR	R899H	Missense	0.69651799
1649	TASOR		No Mutation	-1.682458377
1650	TASOR	E895K	Missense	0.755675022
1651	TASOR		No Mutation	-0.482829597
1652	TASOR	V880I	Missense	0.885045757
1653	TASOR		No Mutation	0.029310915
1654	TASOR	L871L;E873K	Silent;Missense	0.15781208
1655	TASOR	D866N	Missense	-0.978241887
1656	TASOR	S859F	Missense	0.338661864
1657	TASOR		No Mutation	-0.622489595
1658	TASOR		No Mutation	0.435593911
1659	TASOR		No Mutation	-0.248560512
1660	TASOR	E826K	Missense	0.138688623
1661	TASOR	E826K	Missense	0.048204086
1662	TASOR		No Mutation	0.465405331
1663	TASOR	A804V	Missense	0.590978368
1664	TASOR	D802N	Missense	-0.221161309
1665	TASOR	T792I	Missense	-0.266603061
1666	TASOR	L789L	Silent	0.743572549
1667	TASOR	W774*	Nonsense	2.658042016
1668	TASOR	I768I;H769Y	Silent;Missense	-0.457304937
1669	TASOR		No Mutation	-1.500947875
1670	TASOR	G764G	Silent	-0.332410825
1671	TASOR	A766T	Missense	-0.225418782
1672	TASOR	Q758*	Nonsense	1.442486229
1673	TASOR	D752D	Silent	0.829681673
1674	TASOR		No Mutation	-0.056180451
1675	TASOR	H749Y	Missense	-0.110889966
1676	TASOR	G748K	Missense	-1.23841499
1677	TASOR		No Mutation	-0.285424035
1678	TASOR	Q742*;P743F	Nonsense;Missense	0.738949292
1679	TASOR	S740F	Missense	0.25344355
1680	TASOR		No Mutation	-0.274927629
1681	TASOR		No Mutation	0.506229584
1682	TASOR		No Mutation	-0.198911046
1683	TASOR		No Mutation	0.524725322
1684	TASOR	V709V	Silent	0.447922292
1685	TASOR	S706S	Silent	-0.426684049
1686	TASOR		No Mutation	0.00662863
1687	TASOR		No Mutation	0.373571636
1688	TASOR		No Mutation	0.195253857
1689	TASOR		No Mutation	1.813071789
1690	TASOR		No Mutation	1.225118512
1691	TASOR		No Mutation	-0.40434581
1692	TASOR	S673F	Missense	0.024823215
1693	TASOR		No Mutation	0.053650416
1694	TASOR	K667K	Silent	-1.13529189
1695	TASOR		No Mutation	0.314024274
1696	TASOR	R655*	Nonsense	0.355916307
1697	TASOR	T648I	Missense	-0.022080769
1698	TASOR	Q641*	Nonsense	0.242147371
1699	TASOR	E639K;G640N	Missense;Missense	-0.687981098
1700	TASOR	P634L;L635F	Missense;Missense	0.33001036
1701	TASOR		No Mutation	-1.169123584
1702	TASOR	E610K	Missense	0.716907745
1703	TASOR	L602L	Silent	-0.268284859
1704	TASOR	C601Y;L602L	Missense;Silent	0.710619598
1705	TASOR		No Mutation	-0.407349986
1706	TASOR		No Mutation	-0.177370332
1707	TASOR	D583N	Missense	1.532762103
1708	TASOR	V553I	Missense	0.115950315
1709	TASOR		No Mutation	0.043933268
1710	TASOR	E519K;S520N	Missense;Missense	-0.747185936
1711	TASOR	Q515Q;E516K	Silent;Missense	0.830121988
1712	TASOR	A512V	Missense	0.461068456
1713	TASOR	T510I	Missense	-0.49654862
1714	TASOR	(NC)	Splice-donor	0.880148747
1715	TASOR		No Mutation	-1.169213931
1716	TASOR		No Mutation	0.178085589
1717	TASOR		No Mutation	-0.201566853
1718	TASOR	(NC);(NC)	Intron;Intron	-0.536984064
1719	TASOR	P478F	Missense	-0.436549368
1720	TASOR		No Mutation	-0.074755131
1721	TASOR	Q475*	Nonsense	1.258903099
1722	TASOR		No Mutation	-0.24791913
1723	TASOR		No Mutation	0.375412978
1724	TASOR		No Mutation	-0.11321395
1725	TASOR	L471F	Missense	0.541422561
1726	TASOR		No Mutation	0.587274549
1727	TASOR		No Mutation	-0.280865324
1728	TASOR	G466K	Missense	1.246520751
1729	TASOR	P461F	Missense	-0.596232202
1730	TASOR	L458F	Missense	-1.00442696
1731	TASOR	L458F	Missense	-0.434683784
1732	TASOR	(NC);(NC);(NC)	Intron;Intron;Intron	0.997082205
1733	TASOR		No Mutation	1.178990192
1734	TASOR		No Mutation	0.985126316
1735	TASOR	C429C;S430S;L431F	Silent;Silent;Missense	-0.646229517
1736	TASOR	(NC)	Intron	-1.268094596
1737	TASOR	P419S	Missense	-1.116496531
1738	TASOR	Y416Y	Silent	-0.326241117
1739	TASOR	K413K;E414K	Silent;Missense	-0.234046962
1740	TASOR		No Mutation	-0.94876787
1741	TASOR		No Mutation	1.109930731
1742	TASOR	V393I;E394K	Missense;Missense	-0.884533614
1743	TASOR	(NC)	Intron	2.121000336
1744	TASOR	L383L	Silent	-0.814475223
1745	TASOR	Q362Q	Silent	1.536247932
1746	TASOR	N355N	Silent	-0.310987025
1747	TASOR		No Mutation	-0.815188144
1748	TASOR	T347I	Missense	-0.03378981
1749	TASOR	(NC)	Intron	1.253218302
1750	TASOR	S339L;S340L	Missense;Missense	-0.240473917
1751	TASOR		No Mutation	-0.105919279
1752	TASOR		No Mutation	-0.233636238
1753	TASOR		No Mutation	0.560580964
1754	TASOR		No Mutation	0.006846015
1755	TASOR	G306G	Silent	-0.244159014
1756	TASOR	T298I	Missense	1.544613754
1757	TASOR	Q299Q;(NC)	Silent;Splice-donor	2.871408664
1758	TASOR		No Mutation	1.279969724
1759	TASOR	A294V	Missense	0.362006546
1760	TASOR		No Mutation	0.180472783
1761	TASOR	R285*	Nonsense	0.174308802
1762	TASOR	V279M	Missense	0.533666476
1763	TASOR	C277Y	Missense	1.973024295
1764	TASOR	E276K;C277Y	Missense;Missense	1.144585282
1765	TASOR	E276K	Missense	2.297586324
1766	TASOR		No Mutation	-0.366869593
1767	TASOR	P254P	Silent	0.609492732
1768	TASOR		No Mutation	0.114010158
1769	TASOR		No Mutation	0.954618736
1770	TASOR	A234T	Missense	-0.273151016
1771	TASOR		No Mutation	-0.002612535
1772	TASOR		No Mutation	0.112059974
1773	TASOR	P229S	Missense	0.332236417
1774	TASOR	A227V	Missense	-1.095616884
1775	TASOR	A227V	Missense	-0.181793404
1776	TASOR	A227V	Missense	-0.419815728
1777	TASOR	Q226*	Nonsense	-0.577753125
1778	TASOR		No Mutation	-0.65424331
1779	TASOR	V216I	Missense	-0.044182449
1780	TASOR		No Mutation	0.626707783
1781	TASOR		No Mutation	0.535871382
1782	TASOR		No Mutation	0.574237194
1783	TASOR	L209F	Missense	0.492058378
1784	TASOR	L209F	Missense	0.184004517
1785	TASOR	G210N	Missense	-1.355555956
1786	TASOR	S204F	Missense	1.007655588
1787	TASOR		No Mutation	-0.27564072
1788	TASOR		No Mutation	-0.105866818
1789	TASOR	Q192*;T193I	Nonsense;Missense	1.129658924
1790	TASOR		No Mutation	-0.082173703
1791	TASOR		No Mutation	-0.773411852
1792	TASOR	M185I;V186I	Missense;Missense	1.216479893
1793	TASOR	S180F	Missense	-0.392254036
1794	TASOR		No Mutation	0.575488457
1795	TASOR		No Mutation	0.052974458
1796	TASOR	H152Y	Missense	-0.116431875
1797	TASOR	N144N;Y145Y	Silent;Silent	-1.358951379
1798	TASOR		No Mutation	0.425836195
1799	TASOR		No Mutation	-1.564760644
1800	TASOR	V140I	Missense	0.848940529
1801	TASOR	E136K	Missense	-0.282731335
1802	TASOR	E124K	Missense	0.853657953
1803	TASOR	G119N	Missense	0.154143585
1804	TASOR	S106S	Silent	0.29886675
1805	TASOR		No Mutation	-0.456121272
1806	TASOR		No Mutation	-0.482463668
1807	TASOR	R97K;R98K	Missense;Missense	0.097089413
1808	TASOR	R97K;R98K	Missense;Missense	-1.341960525
1809	TASOR	P92L	Missense	0.035921125
1810	TASOR	P92F	Missense	-0.007728711
1811	TASOR	R94K	Missense	0.485633561
1812	TASOR	R94K	Missense	-0.593738556
1813	TASOR	R94K	Missense	0.240733787
1814	TASOR	G88G;P89F	Silent;Missense	-0.339683919
1815	TASOR	E91E	Silent	-0.096083271
1816	TASOR	E91K	Missense	0.361209625
1817	TASOR	E90K;E91K	Missense;Missense	0.438225148
1818	TASOR	E90K	Missense	0.342396994
1819	TASOR	G88D	Missense	0.222072458
1820	TASOR	A82V;A83V	Missense;Missense	-0.963870442
1821	TASOR	A82A;A83T	Silent;Missense	-0.044360884
1822	TASOR	D76D;S77F	Silent;Missense	0.074043573
1823	TASOR	E79K;A80T	Missense;Missense	0.195099859
1824	TASOR	Q75*	Nonsense	1.659188653
1825	TASOR	Q75*	Nonsense	0.593543197
1826	TASOR	P74F;Q75*	Missense;Nonsense	1.341078063
1827	TASOR	Q75Q;D76N	Silent;Missense	0.589785342
1828	TASOR	Q73Q	Silent	-0.016484865
1829	TASOR	L69L;S70S;H71Y	Silent;Silent;Missense	0.836215822
1830	TASOR	E72K	Missense	0.060504709
1831	TASOR	E72K	Missense	0.313819243
1832	TASOR	S70N	Missense	0.282547907
1833	TASOR	S68N	Missense	0.182794561
1834	TASOR		No Mutation	-0.031208535
1835	TASOR	R57C	Missense	0.603164962
1836	TASOR	R57C	Missense	0.00668881
1837	TASOR	R57C	Missense	-1.64793567
1838	TASOR	R57C	Missense	-1.727255465
1839	TASOR	G56E;R57H	Missense;Missense	0.913563846
1840	TASOR	G56K;R57H	Missense;Missense	0.26354784
1841	TASOR	S52S;G53G	Silent;Silent	0.033159923
1842	TASOR	P51F	Missense	0.691700682
1843	TASOR	P51F	Missense	0.329963216
1844	TASOR	I48I;A49V	Silent;Missense	-0.30017904
1845	TASOR	E50E	Silent	-0.931879053
1846	TASOR	N47N	Silent	-0.741611665
1847	TASOR	Q39*	Nonsense	-0.608969502
1848	TASOR	Q38*;Q39*	Nonsense;Nonsense	1.144366639
1849	TASOR	S37F;Q38*	Missense;Nonsense	2.236912331
1850	TASOR	S36F;S37F	Missense;Missense	0.87360469
1851	TASOR	S36F	Missense	0.222559131
1852	TASOR		No Mutation	-0.743827826
1853	TASOR		No Mutation	0.032718634
1854	TASOR		No Mutation	-0.445722936
1855	TASOR		No Mutation	-0.497336992
1856	TASOR	A15V	Missense	0.199309973
1857	TASOR	A15V	Missense	-0.228388054
1858	TASOR	W17*;E18K	Nonsense;Missense	-0.375172927
1859	TASOR	P12L	Missense	-0.172684418
1860	TASOR	P12L	Missense	0.093102236
1861	TASOR	A15T	Missense	0.456486789
1862	TASOR		No Mutation	-1.424795686
1863	TASOR	A2V	Missense	-0.16017606
1864	TASOR	A4T	Missense	0.280857368
1865	TASOR	(NC);(NC)	UTR;UTR	0.435324181
1866	TASOR	M1I;A2T	Missense;Missense	-0.040059165
1867	TASOR	(NC);(NC)	UTR;UTR	-0.452265958
1868	TASOR	(NC);(NC)	UTR;UTR	-0.103680564
1869	TASOR	(NC);(NC);(NC)	UTR;UTR;UTR	-0.79288236
1870	PPHLN1		No Mutation	-0.385121269
1871	PPHLN1	S24N	Missense	-0.225584473
1872	PPHLN1	S24N;(NC)	Missense;Splice-donor	2.487117657
1873	PPHLN1		No Mutation	0.773354667
1874	PPHLN1		No Mutation	0.849973649
1875	PPHLN1	L40L	Silent	-0.234812094
1876	PPHLN1	P39L;L40L	Missense;Silent	0.793979984
1877	PPHLN1	R43K	Missense	-0.007745295
1878	PPHLN1	L41L	Silent	-1.382154
1879	PPHLN1	G45N	Missense	-0.423808662
1880	PPHLN1		No Mutation	-1.170210536
1881	PPHLN1	Y58Y;R59*	Silent;Nonsense	0.551180485
1882	PPHLN1	Y58Y;R59*	Silent;Nonsense	0.104837333
1883	PPHLN1	E63E;G64N	Silent;Missense	0.22617684
1884	PPHLN1	D70N	Missense	0.601699428
1885	PPHLN1		No Mutation	0.257180472
1886	PPHLN1	(NC);(NC)	Splice-donor;Intron	-0.563024836
1887	PPHLN1	(NC)	Intron	0.462639281
1888	PPHLN1		No Mutation	0.016355161
1889	PPHLN1		No Mutation	0.763267568
1890	PPHLN1	S94S	Silent	-0.904488084
1891	PPHLN1	P97F	Missense	-0.173179885
1892	PPHLN1	(NC)	Intron	0.004416022
1893	PPHLN1	S114F;H115Y	Missense;Missense	-0.702248656
1894	PPHLN1	E119E;R120Q	Silent;Missense	-0.184820031
1895	PPHLN1	E119E;R120Q	Silent;Missense	-0.119815638
1896	PPHLN1	R120W	Missense	1.102161992
1897	PPHLN1	R120W	Missense	0.221494754
1898	PPHLN1	S133L;P134S	Missense;Missense	-0.370331813
1899	PPHLN1	D139N	Missense	0.706141579
1900	PPHLN1		No Mutation	-0.628045371
1901	PPHLN1	S140F;P141L	Missense;Missense	1.734899881
1902	PPHLN1	G146N	Missense	-0.298895906
1903	PPHLN1	R152K;S153N	Missense;Missense	-0.011724832
1904	PPHLN1	S153S	Silent	-0.078648665
1905	PPHLN1		No Mutation	0.401283787
1906	PPHLN1	R170K	Missense	0.022406004
1907	PPHLN1		No Mutation	-0.146307093
1908	PPHLN1	(NC)	Splice-acceptor	-0.325911242
1909	PPHLN1	(NC)	Splice-acceptor	-0.374648776
1910	PPHLN1	K171K	Silent	1.06787214
1911	PPHLN1	K171K;V173M	Silent;Missense	0.150395268
1912	PPHLN1	V173I	Missense	-0.535165877
1913	PPHLN1		No Mutation	-0.024308063
1914	PPHLN1	R174H	Missense	-0.429573287
1915	PPHLN1		No Mutation	0.303680797
1916	PPHLN1	P175L	Missense	0.190491549
1917	PPHLN1	R181Q	Missense	-0.440449832
1918	PPHLN1	Y179Y	Silent	0.454265028
1919	PPHLN1	Q182Q	Silent	-0.847408336
1920	PPHLN1	E184K	Missense	0.244022287
1921	PPHLN1		No Mutation	0.840118337
1922	PPHLN1	(NC)	Intron	-0.286685189
1923	PPHLN1	(NC)	Intron	-1.281393417
1924	PPHLN1	T204I	Missense	-0.028260563
1925	PPHLN1	A211T;V212I	Missense;Missense	0.348143823
1926	PPHLN1	V212I	Missense	0.032589386
1927	PPHLN1	A211V	Missense	0.353868484
1928	PPHLN1		No Mutation	0.074000962
1929	PPHLN1	P221P	Silent	-0.10497335
1930	PPHLN1		No Mutation	-0.104780442
1931	PPHLN1	A230V	Missense	-0.495259702
1932	PPHLN1		No Mutation	-0.403643106
1933	PPHLN1		No Mutation	0.563778034
1934	PPHLN1	E256K	Missense	-0.802511539
1935	PPHLN1	S253F	Missense	0.732436863
1936	PPHLN1		No Mutation	0.611447392
1937	PPHLN1		No Mutation	-0.081046911
1938	PPHLN1		No Mutation	-0.557340091
1939	PPHLN1	Q267Q	Silent	0.701806201
1940	PPHLN1	E272K	Missense	-0.866943516
1941	PPHLN1		No Mutation	0.147659019
1942	PPHLN1	S273L	Missense	0.350423993
1943	PPHLN1	S273L	Missense	-0.837634715
1944	PPHLN1		No Mutation	-0.113220552
1945	PPHLN1		No Mutation	-0.294434798
1946	PPHLN1	T298I	Missense	0.781490342
1947	PPHLN1		No Mutation	0.441909924
1948	PPHLN1	R306Q	Missense	0.95228356
1949	PPHLN1	Q307*	Nonsense	-1.455276414
1950	PPHLN1	D308D	Silent	0.002784566
1951	PPHLN1		No Mutation	-0.27040531
1952	PPHLN1	D308D	Silent	-0.270733638
1953	PPHLN1		No Mutation	0.589292616
1954	PPHLN1	S329F	Missense	-0.433157494
1955	PPHLN1	Q336*	Nonsense	0.453621465
1956	PPHLN1	H339Y	Missense	-0.437899079
1957	PPHLN1	(NC);(NC)	Intron;Intron	0.797180866
1958	PPHLN1	(NC);(NC)	Intron;Intron	-0.137970973
1959	PPHLN1	(NC);E342E	Splice-acceptor;Silent	0.82102119
1960	PPHLN1	S343F	Missense	0.221237494
1961	PPHLN1	Q346Q	Silent	-0.369678018
1962	PPHLN1	Q346*	Nonsense	-0.334756304
1963	PPHLN1	Q350*	Nonsense	-0.246255993
1964	PPHLN1		No Mutation	-2.264083887
1965	PPHLN1	E358K	Missense	-0.382157296
1966	PPHLN1	E358K	Missense	-0.58081435
1967	PPHLN1	E358K	Missense	-0.831315294
1968	PPHLN1	E358K	Missense	-0.524283213
1969	PPHLN1	T357I	Missense	-0.364555726
1970	PPHLN1	T364I	Missense	0.480630834
1971	PPHLN1	A373V;Q374*	Missense;Nonsense	0.175228857
1972	PPHLN1	(NC)	Intron	0.867942071
1973	PPHLN1	(NC)	Intron	-0.165240098
1974	PPHLN1		No Mutation	0.511072628
1975	PPHLN1	Q378Q	Silent	-0.242326489
1976	PPHLN1	A376V;P377S	Missense;Missense	0.560035628
1977	PPHLN1	Q378Q	Silent	0.016062837
1978	PPHLN1	Q381Q;A382T	Silent;Missense	-0.739374154
1979	PPHLN1	Q381Q;A382T	Silent;Missense	0.802053897
1980	PPHLN1	A382T	Missense	-0.153109808
1981	PPHLN1	Q384Q	Silent	0.346838974
1982	PPHLN1	Q384Q	Silent	-1.845940474
1983	PPHLN1	Q384Q	Silent	0.422214521
1984	PPHLN1		No Mutation	0.363022452
1985	PPHLN1	P383L;Q384*	Missense;Nonsense	0.559979478
1986	PPHLN1	Q387Q	Silent	0.083379153
1987	PPHLN1	Q387Q	Silent	0.045043705
1988	PPHLN1	R389Q	Missense	-0.113951954
1989	PPHLN1	Q387*	Nonsense	-0.136710514
1990	PPHLN1	Q387*;P388S	Nonsense;Missense	-0.329365561
1991	PPHLN1	K390K	Silent	-1.122293135
1992	PPHLN1	K390K	Silent	-0.930599152
1993	PPHLN1	K390K	Silent	-0.355128216
1994	PPHLN1		No Mutation	-0.450344391
1995	PPHLN1	V393I;R394H	Missense;Missense	-0.155758538
1996	PPHLN1	R394H	Missense	-0.586987711
1997	PPHLN1	R394H	Missense	0.038641419
1998	PPHLN1	T396M	Missense	0.113150443
1999	PPHLN1	Q398*;L399F	Nonsense;Missense	-2.766757204
2000	PPHLN1	A405V	Missense	-0.520650607
2001	PPHLN1	A405V;P406S	Missense;Missense	-0.285522712
2002	PPHLN1	A405V;P406L	Missense;Missense	-0.898910359
2003	PPHLN1	A405V;P406L	Missense;Missense	0.891932345
2004	PPHLN1	W410*;G411K	Nonsense;Missense	1.296536738
2005	PPHLN1	W410*;G411K	Nonsense;Missense	0.809751817
2006	PPHLN1	G411K	Missense	0.56284337
2007	PPHLN1	K414K;K415K	Silent;Silent	0.713354807
2008	PPHLN1	L413L	Silent	-0.00092867
2009	PPHLN1		No Mutation	0.025772664
2010	PPHLN1	T416I;T417I	Missense;Missense	-0.171598793
2011	PPHLN1	Q428Q	Silent	0.173906634
2012	PPHLN1		No Mutation	-0.943985924
2013	PPHLN1	V443I;V444I	Missense;Missense	-0.570686265
2014	PPHLN1	H445Y	Missense	0.417046387
2015	PPHLN1	C446C;N447N	Silent;Silent	-0.781162232
2016	PPHLN1		No Mutation	-1.119140407
2017	MORC2	(NC);(NC);(NC)	UTR;UTR;UTR	-0.870900027
2018	MORC2	T1029T	Silent	1.341455794
2019	MORC2	G1031G;D1032N	Silent;Missense	-0.31699634
2020	MORC2	I1028I;T1029I	Silent;Missense	0.061028028
2021	MORC2	D1026D;L1027F	Silent;Missense	-0.046911119
2022	MORC2	D1026D	Silent	-0.480831248
2023	MORC2		No Mutation	1.058645964
2024	MORC2		No Mutation	-0.465010393
2025	MORC2		No Mutation	-0.085403013
2026	MORC2	L1020L	Silent	-0.177628078
2027	MORC2	I1014I;N1015N	Silent;Silent	0.678150472
2028	MORC2		No Mutation	0.711143636
2029	MORC2	D1011N	Missense	-0.29770727
2030	MORC2	(NC);D1011N	Splice-acceptor;Missense	1.208265938
2031	MORC2	(NC)	Splice-acceptor	1.542609849
2032	MORC2		No Mutation	2.163677407
2033	MORC2	(NC);(NC);(NC)	Intron;Intron;Intron	1.242379171
2034	MORC2	Q1009*	Nonsense	0.549698973
2035	MORC2	L1004L;L1005L;Q1006*	Silent;Silent;Nonsense	0.080908934
2036	MORC2	L1004F;L1005L	Missense;Silent	-0.201386125
2037	MORC2	I1001I	Silent	-0.048169161
2038	MORC2	L1005L	Silent	0.037191829
2039	MORC2	L997L	Silent	-0.378451206
2040	MORC2		No Mutation	0.000368681
2041	MORC2		No Mutation	0.223566484
2042	MORC2	R988H	Missense	-0.491037227
2043	MORC2	E984E;R985K	Silent;Missense	0.38890026
2044	MORC2	S979S;L980L	Silent;Silent	-0.086337659
2045	MORC2	R981H	Missense	0.258927498
2046	MORC2	L980L;R981H	Silent;Missense	0.844703198
2047	MORC2	S979N	Missense	0.855062049
2048	MORC2	E977K;E978K	Missense;Missense	-0.091252484
2049	MORC2	E977K	Missense	1.389104082
2050	MORC2	S971S;R972W	Silent;Missense	0.718172203
2051	MORC2	R972R;A973T	Silent;Missense	0.219459704
2052	MORC2	A969V	Missense	-0.626076076
2053	MORC2		No Mutation	0.848599157
2054	MORC2	S967S;R968C	Silent;Missense	0.247875079
2055	MORC2	S967S	Silent	-0.55220025
2056	MORC2	D970N	Missense	-0.593752117
2057	MORC2	Q966Q	Silent	1.214379355
2058	MORC2		No Mutation	0.203692938
2059	MORC2	F951F	Silent	-0.211379633
2060	MORC2	F951F	Silent	-1.504529709
2061	MORC2		No Mutation	0.871252573
2062	MORC2		No Mutation	1.357311576
2063	MORC2	(NC);(NC)	Intron;Intron	-0.115533435
2064	MORC2		No Mutation	0.522860935
2065	MORC2		No Mutation	1.778716533
2066	MORC2	(NC);(NC)	Intron;Intron	-0.592709501
2067	MORC2	S935N;A936T	Missense;Missense	1.576006136
2068	MORC2	Q933Q;L934L	Silent;Silent	0.200862145
2069	MORC2	Q933Q	Silent	-0.606621858
2070	MORC2	K932K;Q933Q	Silent;Silent	-0.563380156
2071	MORC2		No Mutation	-1.219013972
2072	MORC2		No Mutation	0.431054411
2073	MORC2		No Mutation	-0.283537295
2074	MORC2	C918Y	Missense	-0.920071256
2075	MORC2	(NC)	Intron	-0.129963666
2076	MORC2	C918Y	Missense	0.672679674
2077	MORC2	R916R	Silent	-0.190890562
2078	MORC2	(NC);(NC)	Intron;Intron	0.389750308
2079	MORC2	(NC)	Intron	-0.195261524
2080	MORC2		No Mutation	-1.304946265
2081	MORC2	(NC)	Intron	-0.377946073
2082	MORC2		No Mutation	0.318588864
2083	MORC2	L911F	Missense	-0.057174979
2084	MORC2	Q913Q	Silent	-0.275548097
2085	MORC2	D909N	Missense	0.596187244
2086	MORC2	E906K	Missense	-0.649285762
2087	MORC2	E906K	Missense	-0.325805065
2088	MORC2		No Mutation	0.508592427
2089	MORC2	L901L;S902N	Silent;Missense	0.012361916
2090	MORC2		No Mutation	-0.205251232
2091	MORC2	D897N	Missense	-0.636630477
2092	MORC2	E895K	Missense	0.040643818
2093	MORC2	R893H	Missense	0.762694574
2094	MORC2	C891Y	Missense	0.221513011
2095	MORC2	C891Y	Missense	0.778559079
2096	MORC2	E885E	Silent	0.297388627
2097	MORC2	V883I;A884T	Missense;Missense	-0.153664903
2098	MORC2	V883I	Missense	-0.243157585
2099	MORC2	A880T	Missense	0.046764359
2100	MORC2	Q879Q;A880T	Silent;Missense	-0.399512851
2101	MORC2	G874G;P875S	Silent;Missense	0.337728772
2102	MORC2		No Mutation	-0.855839443
2103	MORC2	G868G	Silent	0.291611938
2104	MORC2	G868G	Silent	1.686382467
2105	MORC2		No Mutation	2.04830215
2106	MORC2	Q866*	Nonsense	0.508906238
2107	MORC2	Q865*;Q866*	Nonsense;Nonsense	1.494546617
2108	MORC2	T864I;Q865*	Missense;Nonsense	0.434994836
2109	MORC2	Q866Q;E867K;G868S	Silent;Missense;Missense	-0.378686737
2110	MORC2	T864I	Missense	-1.633726919
2111	MORC2	T864I	Missense	-0.591513541
2112	MORC2	L862F	Missense	-0.352169798
2113	MORC2	S861S;L862F	Silent;Missense	0.077266473
2114	MORC2	S861S;L862F	Silent;Missense	1.06523095
2115	MORC2	D863N	Missense	0.348514811
2116	MORC2	Q860Q;S861N	Silent;Missense	0.023622189
2117	MORC2	Q860Q	Silent	-0.255268579
2118	MORC2	Q860Q	Silent	-0.982998734
2119	MORC2		No Mutation	0.065890252
2120	MORC2		No Mutation	0.036914981
2121	MORC2	G845G	Silent	0.123025395
2122	MORC2		No Mutation	-0.116322375
2123	MORC2	G845N	Missense	-0.347202553
2124	MORC2	(NC);(NC)	Intron;Intron	0.978060281
2125	MORC2		No Mutation	0.501191131
2126	MORC2	(NC)	Intron	-0.077804484
2127	MORC2	(NC)	Intron	-0.72353176
2128	MORC2		No Mutation	0.438990506
2129	MORC2		No Mutation	-0.809577583
2130	MORC2		No Mutation	-0.446842672
2131	MORC2	R840R	Silent	-0.735640885
2132	MORC2	(NC)	Intron	0.987876382
2133	MORC2	T835M;T836I	Missense;Missense	0.437671814
2134	MORC2	R838K	Missense	0.996198655
2135	MORC2	H820Y	Missense	-0.559510881
2136	MORC2	G818G	Silent	-0.130872856
2137	MORC2	G818G	Silent	-0.880015088
2138	MORC2	K819K	Silent	0.342371446
2139	MORC2		No Mutation	-0.118550447
2140	MORC2	V815V;E816K;V817M	Silent;Missense;Missense	0.617598144
2141	MORC2	V812V;T813I	Silent;Missense	0.067015757
2142	MORC2	V812V	Silent	-0.006541918
2143	MORC2	G810G;R811C	Silent;Missense	-0.585883931
2144	MORC2	G810G;R811C	Silent;Missense	-0.033401757
2145	MORC2	N804N	Silent	0.175037664
2146	MORC2	N804N	Silent	-0.652630697
2147	MORC2	R802C	Missense	0.071163467
2148	MORC2		No Mutation	-0.745949455
2149	MORC2		No Mutation	-0.999020293
2150	MORC2		No Mutation	-0.44086408
2151	MORC2		No Mutation	0.783339654
2152	MORC2	(NC);(NC)	Intron;Intron	-0.088512645
2153	MORC2	(NC);(NC)	Intron;Intron	-0.829345609
2154	MORC2	(NC)	Splice-acceptor	-0.217437163
2155	MORC2	(NC)	Intron	1.384897961
2156	MORC2	Q792*	Nonsense	0.779032557
2157	MORC2	A791V;Q792*	Missense;Nonsense	1.379034069
2158	MORC2	A791V;Q792*	Missense;Nonsense	1.168344876
2159	MORC2	A791V;Q792*	Missense;Nonsense	0.742286554
2160	MORC2	Q792Q;D794N	Silent;Missense	-0.37845257
2161	MORC2	L788F	Missense	-0.090575487
2162	MORC2	A780V	Missense	0.154043405
2163	MORC2	D778D	Silent	-0.50252694
2164	MORC2	L776F	Missense	-0.680713632
2165	MORC2	L776F	Missense	-0.119799705
2166	MORC2	S779N	Missense	-0.13295532
2167	MORC2	(NC);L776F	Intron;Missense	0.470542022
2168	MORC2		No Mutation	0.040325976
2169	MORC2		No Mutation	0.088844453
2170	MORC2		No Mutation	-0.430041268
2171	MORC2	D772D;S773L	Silent;Missense	0.767693755
2172	MORC2		No Mutation	-0.410320968
2173	MORC2		No Mutation	0.132752319
2174	MORC2	G762G	Silent	-0.189453482
2175	MORC2	G762G	Silent	-0.835323054
2176	MORC2		No Mutation	0.071163467
2177	MORC2		No Mutation	-0.273468003
2178	MORC2		No Mutation	-0.43795605
2179	MORC2	A752V	Missense	2.205062816
2180	MORC2		No Mutation	0.144776986
2181	MORC2		No Mutation	1.133238911
2182	MORC2		No Mutation	0.026878767
2183	MORC2		No Mutation	0.360049537
2184	MORC2		No Mutation	-0.41947989
2185	MORC2	V740V	Silent	0.320405899
2186	MORC2	S739N;V740I	Missense;Missense	0.786678373
2187	MORC2	R738R;S739N;V740I	Silent;Missense;Missense	0.406954997
2188	MORC2	R738Q;S739N	Missense;Missense	0.419680197
2189	MORC2	A732V;T733I	Missense;Missense	0.046031893
2190	MORC2	(NC)	Intron	-0.447596263
2191	MORC2		No Mutation	-0.435359308
2192	MORC2	(NC)	Intron	0.303777154
2193	MORC2	(NC);(NC);(NC)	Intron;Intron;Intron	-1.177961907
2194	MORC2	P731P;(NC)	Silent;Splice-donor	1.813260671
2195	MORC2	P726F	Missense	0.400763716
2196	MORC2	E724K	Missense	-0.02866314
2197	MORC2		No Mutation	0.588317256
2198	MORC2		No Mutation	-0.277371142
2199	MORC2	V714V	Silent	-1.222236164
2200	MORC2		No Mutation	-1.121996928
2201	MORC2		No Mutation	-0.50762368
2202	MORC2		No Mutation	0.295515723
2203	MORC2	E708E;V709I	Silent;Missense	-0.004031333
2204	MORC2	R707Q	Missense	0.196187066
2205	MORC2	R707Q	Missense	0.295105601
2206	MORC2	N702N;S703F	Silent;Missense	-0.496693022
2207	MORC2	P701P;N702N	Silent;Silent	0.309317629
2208	MORC2	P701L;N702N	Missense;Silent	-1.094737342
2209	MORC2		No Mutation	-0.184012286
2210	MORC2	L695L	Silent	0.218166735
2211	MORC2	L695L	Silent	-0.284856535
2212	MORC2	L695L	Silent	-0.013655621
2213	MORC2	Q693Q	Silent	0.548940099
2214	MORC2	L691L;V692I	Silent;Missense	0.158234922
2215	MORC2	L691L;V692I	Silent;Missense	1.382459559
2216	MORC2	S686F;R687*	Missense;Nonsense	0.60334391
2217	MORC2	K683K	Silent	-1.480351519
2218	MORC2	V682I	Missense	0.52015452
2219	MORC2		No Mutation	-0.353470888
2220	MORC2		No Mutation	-0.465413347
2221	MORC2		No Mutation	-0.13615877
2222	MORC2	K676K	Silent	0.78051894
2223	MORC2	R675Q	Missense	-0.905925797
2224	MORC2		No Mutation	1.06218635
2225	MORC2	L667L;L668F	Silent;Missense	0.39925595
2226	MORC2	L667L	Silent	0.503881572
2227	MORC2		No Mutation	0.016310031
2228	MORC2		No Mutation	-0.602070065
2229	MORC2	S663N	Missense	1.040639994
2230	MORC2	R659Q;E660K	Missense;Missense	0.49942578
2231	MORC2		No Mutation	-0.55028983
2232	MORC2	R659Q;E660K	Missense;Missense	-0.593137284
2233	MORC2	A655V	Missense	0.317087783
2234	MORC2	L653L;P654F	Silent;Missense	-0.12671973
2235	MORC2	L653L;P654F	Silent;Missense	0.011998291
2236	MORC2	L656L;A657T	Silent;Missense	0.313782914
2237	MORC2	L656L;A657T	Silent;Missense	0.317523402
2238	MORC2	L656L	Silent	0.642743312
2239	MORC2	T650T;P651L	Silent;Missense	0.525127937
2240	MORC2		No Mutation	0.047219301
2241	MORC2		No Mutation	0.689756089
2242	MORC2		No Mutation	-0.767483356
2243	MORC2	V646I	Missense	0.221549582
2244	MORC2	V646I	Missense	-1.262494519
2245	MORC2	K643K;A644T	Silent;Missense	0.20894934
2246	MORC2	R642Q	Missense	-0.197656174
2247	MORC2	A638V	Missense	-0.568172267
2248	MORC2	Q640Q	Silent	0.174154101
2249	MORC2	A638T;S639N	Missense;Missense	-0.876778137
2250	MORC2	R636K	Missense	0.552322833
2251	MORC2		No Mutation	0.169887981
2252	MORC2		No Mutation	-0.762820182
2253	MORC2		No Mutation	0.076936296
2254	MORC2	L632L	Silent	0.02259931
2255	MORC2		No Mutation	0.90225787
2256	MORC2		No Mutation	-0.102757669
2257	MORC2		No Mutation	0.125580682
2258	MORC2	A625T	Missense	-0.1553261
2259	MORC2	R623K	Missense	0.749511317
2260	MORC2	V621V	Silent	0.259627749
2261	MORC2	V621V	Silent	-0.747094274
2262	MORC2	V621I	Missense	0.743630475
2263	MORC2	P617L	Missense	0.15721179
2264	MORC2		No Mutation	0.246758982
2265	MORC2	S615S	Silent	-0.727425718
2266	MORC2		No Mutation	-1.249713722
2267	MORC2	Q611Q;R612H	Silent;Missense	0.212704802
2268	MORC2	V607I	Missense	-0.839392673
2269	MORC2	(NC);(NC)	Intron;Intron	-0.034447749
2270	MORC2	(NC);(NC)	Intron;Intron	0.702821691
2271	MORC2		No Mutation	-0.436046745
2272	MORC2		No Mutation	-0.095522914
2273	MORC2	(NC);(NC)	Intron;Intron	1.380294599
2274	MORC2	T603I	Missense	0.45187766
2275	MORC2	(NC)	Intron	-0.209304635
2276	MORC2	S602S;T603I	Silent;Missense	0.303252549
2277	MORC2	S602F;T603I	Missense;Missense	0.221048694
2278	MORC2	E604E;(NC);(NC)	Silent;Splice-donor;Intron	1.323340702
2279	MORC2	E604K	Missense	-0.581284754
2280	MORC2	T598T;T599I	Silent;Missense	-0.344660239
2281	MORC2	R600K	Missense	-0.613462299
2282	MORC2	R600K	Missense	0.368564129
2283	MORC2	L595L;E596K	Silent;Missense	0.047164347
2284	MORC2	D589D;L590L	Silent;Silent	0.36393402
2285	MORC2	K591K	Silent	0.727159217
2286	MORC2	K591K	Silent	-0.267618877
2287	MORC2	L590L	Silent	0.869932412
2288	MORC2	D589N	Missense	0.451808441
2289	MORC2	A588T;D589N	Missense;Missense	-0.352311545
2290	MORC2		No Mutation	0.613448465
2291	MORC2	(NC)	Intron	0.555906145
2292	MORC2	(NC)	Intron	1.109582046
2293	MORC2	(NC)	Intron	1.050550637
2294	MORC2	(NC);(NC)	Intron;Intron	-0.470918198
2295	MORC2	Q579*	Nonsense	1.88850141
2296	MORC2	A577V	Missense	0.250483051
2297	MORC2	A577V	Missense	-0.00362415
2298	MORC2	L575L	Silent	-0.652103911
2299	MORC2	K574K;L575L;E576K	Silent;Silent;Missense	-1.093992036
2300	MORC2	Q571*;Q572*	Nonsense;Nonsense	0.801524476
2301	MORC2	R569R;Q570*;Q571*	Silent;Nonsense;Nonsense	0.519389707
2302	MORC2		No Mutation	0.191173748
2303	MORC2		No Mutation	0.566819886
2304	MORC2	K552K;D553N	Silent;Missense	0.030846921
2305	MORC2	R551K;K552K	Missense;Silent	-0.245013884
2306	MORC2	R551K	Missense	0.153653156
2307	MORC2	P546P;L547L	Silent;Silent	-0.543868254
2308	MORC2	Q543*	Nonsense	0.613436749
2309	MORC2	Q543*	Nonsense	0.968125557
2310	MORC2	S539F	Missense	0.737032821
2311	MORC2	C536Y;E537K	Missense;Missense	0.075798396
2312	MORC2	(NC)	Intron	-1.623179488
2313	MORC2		No Mutation	0.616198406
2314	MORC2	(NC)	Intron	0.064784025
2315	MORC2	(NC);(NC)	Intron;Intron	-0.410442827
2316	MORC2	(NC);(NC)	Intron;Intron	0.152005233
2317	MORC2		No Mutation	-0.232414698
2318	MORC2	(NC)	Intron	0.007192039
2319	MORC2	(NC);(NC)	Intron;Intron	1.607628159
2320	MORC2	D534N;R535Q	Missense;Missense	0.181271142
2321	MORC2	Q533Q;D534N	Silent;Missense	-0.772937641
2322	MORC2	P529L	Missense	-0.911519112
2323	MORC2	E532K	Missense	-0.191648719
2324	MORC2	N528N;P529S	Silent;Missense	-0.278579769
2325	MORC2	M527I	Missense	0.801731962
2326	MORC2	C525Y	Missense	0.246751879
2327	MORC2	C525Y	Missense	0.390900785
2328	MORC2		No Mutation	-0.689523426
2329	MORC2		No Mutation	0.091460202
2330	MORC2	V515I	Missense	0.345750607
2331	MORC2	V515M	Missense	1.32834828
2332	MORC2	V515M	Missense	0.171800885
2333	MORC2	P509P;F510F;Q511*	Silent;Silent;Nonsense	1.077091752
2334	MORC2	L512L;S513N	Silent;Missense	-0.14693314
2335	MORC2	L512L;S513N	Silent;Missense	0.222737041
2336	MORC2	(NC)	Intron	-0.466013532
2337	MORC2	(NC);(NC);(NC);(NC)	Intron;Intron;Intron;Intron	-0.269353688
2338	MORC2	C499C	Silent	-0.441629426
2339	MORC2	(NC);(NC)	Intron;Intron	-0.955962816
2340	MORC2	Q498*	Nonsense	1.435013534
2341	MORC2	(NC);(NC);(NC)	Splice-donor;Intron;Intron	0.483261619
2342	MORC2	I497I;Q498*	Silent;Nonsense	0.986533301
2343	MORC2	T496T;I497I;Q498*	Silent;Silent;Nonsense	0.577957459
2344	MORC2	C499Y;D500N;(NC)	Missense;Missense;Splice-donor	1.559528942
2345	MORC2	C499Y;D500N;(NC)	Missense;Missense;Splice-donor	1.564289816
2346	MORC2	Q498Q;C499Y;D500N	Silent;Missense;Missense	0.017706264
2347	MORC2	P494F;T495I	Missense;Missense	0.648379851
2348	MORC2		No Mutation	2.157984825
2349	MORC2	Y485Y;R487C	Silent;Missense	0.913470665
2350	MORC2	L483L	Silent	-0.441284366
2351	MORC2		No Mutation	0.824916928
2352	MORC2	R484H	Missense	0.299715425
2353	MORC2	L483L;R484H	Silent;Missense	-0.270102663
2354	MORC2	L483L;R484H	Silent;Missense	0.063614414
2355	MORC2	L483L;R484H	Silent;Missense	-0.130644792
2356	MORC2	E482K	Missense	1.238297102
2357	MORC2		No Mutation	0.827989377
2358	MORC2	W475*	Nonsense	0.71096942
2359	MORC2	G469G;Y470Y	Silent;Silent	-0.988659806
2360	MORC2		No Mutation	-1.134480136
2361	MORC2		No Mutation	-0.268576845
2362	MORC2	K463K	Silent	0.250828389
2363	MORC2		No Mutation	0.118136914
2364	MORC2	K463K	Silent	0.493213968
2365	MORC2		No Mutation	-0.148844434
2366	MORC2	(NC)	Intron	0.165010296
2367	MORC2	(NC)	Intron	-0.384439401
2368	MORC2	(NC)	Intron	-0.428808665
2369	MORC2		No Mutation	-1.180592859
2370	MORC2		No Mutation	0.193607868
2371	MORC2	(NC);(NC);(NC)	Intron;Intron;Intron	0.466177597
2372	MORC2	A455V;I456I	Missense;Silent	1.06756543
2373	MORC2	A455V	Missense	0.825213512
2374	MORC2		No Mutation	0.58853573
2375	MORC2		No Mutation	-0.726523762
2376	MORC2		No Mutation	-0.266059371
2377	MORC2		No Mutation	0.305263553
2378	MORC2	W451*;K452K;D453N	Nonsense;Silent;Missense	-0.504813443
2379	MORC2	H446H;L447L	Silent;Silent	0.139120155
2380	MORC2	H446Y	Missense	-0.223279681
2381	MORC2	E445E	Silent	-0.260013634
2382	MORC2	A442V	Missense	-2.452204728
2383	MORC2	M443I;G444K;E445K	Missense;Missense;Missense	0.245419496
2384	MORC2	H438H;L439L;L440F	Silent;Silent;Missense	0.063183761
2385	MORC2	A442T	Missense	0.935832801
2386	MORC2	H438H;L439L	Silent;Silent	0.119753268
2387	MORC2	H438Y;L439L	Missense;Silent	-0.074500693
2388	MORC2	H438Y;L439L	Missense;Silent	-0.494787674
2389	MORC2	L439L	Silent	0.097666596
2390	MORC2	A431V	Missense	-0.354083939
2391	MORC2	D429D	Silent	0.277052012
2392	MORC2	Q428Q;D429N	Silent;Missense	-0.512311426
2393	MORC2	P423F	Missense	1.076900641
2394	MORC2		No Mutation	0.655228821
2395	MORC2		No Mutation	0.395939867
2396	MORC2	E422E	Silent	0.41721171
2397	MORC2	E422K	Missense	0.958562724
2398	MORC2	P417S	Missense	0.333980823
2399	MORC2		No Mutation	0.454818853
2400	MORC2		No Mutation	0.488573344
2401	MORC2	A406V	Missense	-0.093639944
2402	MORC2	A406V	Missense	-0.541403799
2403	MORC2	G408D;G409K	Missense;Missense	1.142653306
2404	MORC2	G408N;G409K	Missense;Missense	1.22002027
2405	MORC2	(NC)	Intron	-0.068381481
2406	MORC2	(NC);(NC)	Intron;Intron	0.837232108
2407	MORC2	(NC);(NC);(NC)	Intron;Intron;Intron	-0.59298515
2408	MORC2	(NC);(NC)	Intron;Intron	-0.317000279
2409	MORC2	(NC)	Intron	0.176038324
2410	MORC2	G404N	Missense	0.650626815
2411	MORC2	G403G;G404N	Silent;Missense	0.453406251
2412	MORC2	G398G;P399L	Silent;Missense	0.840791003
2413	MORC2	G398G;P399S	Silent;Missense	-0.331522172
2414	MORC2	G398G	Silent	0.160079981
2415	MORC2		No Mutation	0.989610338
2416	MORC2		No Mutation	0.345876434
2417	MORC2		No Mutation	-0.078108147
2418	MORC2	I391I	Silent	-0.394615536
2419	MORC2	M382I	Missense	-0.4159338
2420	MORC2	H376Y	Missense	-0.228111571
2421	MORC2	N373N	Silent	0.55690986
2422	MORC2	V372V	Silent	0.13719206
2423	MORC2	V372V	Silent	0.272694614
2424	MORC2	V369I	Missense	-0.329465375
2425	MORC2	A359V;L360F	Missense;Missense	0.542276579
2426	MORC2	(NC)	Intron	0.027928454
2427	MORC2	(NC)	Intron	-0.449485076
2428	MORC2	Q357*	Nonsense	0.084297779
2429	MORC2	I352I	Silent	0.828731066
2430	MORC2	V348V	Silent	-0.223585194
2431	MORC2	R351K	Missense	-0.19725604
2432	MORC2	V348V	Silent	-0.579873271
2433	MORC2	A346V	Missense	0.656695565
2434	MORC2	R344K;E345K	Missense;Missense	1.444616266
2435	MORC2		No Mutation	0.360065828
2436	MORC2	(NC)	Intron	-0.185000456
2437	MORC2	(NC);(NC)	Intron;Splice-acceptor	-0.126908227
2438	MORC2	(NC)	Intron	0.165980907
2439	MORC2	(NC);(NC)	Intron;Intron	-0.092905515
2440	MORC2	(NC)	Intron	-0.564476548
2441	MORC2		No Mutation	-0.534118935
2442	MORC2	(NC);(NC)	Intron;Intron	0.872074607
2443	MORC2		No Mutation	0.110688513
2444	MORC2	D327D;S328F	Silent;Missense	-0.669628023
2445	MORC2	R329K;(NC)	Missense;Splice-donor	0.718405066
2446	MORC2	T325M;R326W	Missense;Missense	-0.874402418
2447	MORC2	D323D;L324F	Silent;Missense	-0.281769264
2448	MORC2	D323D;L324F	Silent;Missense	-0.996795932
2449	MORC2	T325T	Silent	0.619364561
2450	MORC2		No Mutation	-0.082683829
2451	MORC2		No Mutation	0.666633032
2452	MORC2		No Mutation	0.974369402
2453	MORC2	T315I	Missense	-0.155943876
2454	MORC2	A309V	Missense	-1.049277421
2455	MORC2		No Mutation	-1.004816313
2456	MORC2	A302V	Missense	2.021607523
2457	MORC2	(NC);A302V	Intron;Missense	1.180558651
2458	MORC2		No Mutation	-0.193249041
2459	MORC2	(NC);(NC)	Intron;Intron	0.511283515
2460	MORC2	(NC)	Intron	-1.646707276
2461	MORC2		No Mutation	0.061340711
2462	MORC2		No Mutation	-0.644782707
2463	MORC2	H297Y	Missense	0.304441171
2464	MORC2	A295V	Missense	-0.518072433
2465	MORC2	E291E;V292I	Silent;Missense	1.51007375
2466	MORC2	E291E;V292I	Silent;Missense	2.194883613
2467	MORC2	T286I;R287C	Missense;Missense	0.416370484
2468	MORC2	F284F	Silent	0.284636318
2469	MORC2	A288T;E289K	Missense;Missense	0.150959584
2470	MORC2	S282S;R283C	Silent;Missense	0.439844058
2471	MORC2	(NC)	Intron	-1.250490966
2472	MORC2		No Mutation	0.205208466
2473	MORC2	(NC);(NC)	Intron;Intron	-1.255673576
2474	MORC2	(NC);(NC);(NC)	Splice-donor;Intron;Intron	0.283711652
2475	MORC2	Y272Y	Silent	0.132552974
2476	MORC2	L271L	Silent	0.250917363
2477	MORC2	C270C;L271L	Silent;Silent	-0.228123027
2478	MORC2	K273K	Silent	0.70113997
2479	MORC2	C269C;C270C	Silent;Silent	-0.258106734
2480	MORC2	C269Y;C270Y	Missense;Missense	-1.016334841
2481	MORC2	H260H	Silent	-0.37028282
2482	MORC2	V262V;Q263Q	Silent;Silent	-0.296096042
2483	MORC2	I255I;F256F	Silent;Silent	0.051715775
2484	MORC2		No Mutation	1.142818174
2485	MORC2		No Mutation	1.116649103
2486	MORC2		No Mutation	1.060659552
2487	MORC2		No Mutation	-0.591349603
2488	MORC2		No Mutation	-0.72967185
2489	MORC2		No Mutation	-0.514197371
2490	MORC2	L247F	Missense	-1.411636738
2491	MORC2	D250N	Missense	1.351468895
2492	MORC2		No Mutation	0.132643662
2493	MORC2	V246I	Missense	0.523317245
2494	MORC2	R241H	Missense	0.035363993
2495	MORC2	R237Q;R238H	Missense;Missense	0.314053177
2496	MORC2	E236K	Missense	0.93134381
2497	MORC2	E236K	Missense	0.758023574
2498	MORC2	(NC);(NC);(NC)	Intron;Intron;Intron	0.53336245
2499	MORC2		No Mutation	-0.119218633
2500	MORC2		No Mutation	-0.375108699
2501	MORC2		No Mutation	-1.010678103
2502	MORC2	T233M	Missense	-0.926820047
2503	MORC2	G232G;T233M	Silent;Missense	0.739801796
2504	MORC2	(NC);(NC);(NC)	Intron;Intron;Intron	1.281347936
2505	MORC2	G232G	Silent	-0.668644861
2506	MORC2	(NC);(NC)	Intron;Intron	0.933568794
2507	MORC2	(NC);(NC);(NC)	Intron;Intron;Intron	1.046046061
2508	MORC2	P230L	Missense	-0.424272761
2509	MORC2	M225I;A226T	Missense;Missense	0.15121659
2510	MORC2	P220L	Missense	0.538477136
2511	MORC2		No Mutation	-1.43230102
2512	MORC2	L204F	Missense	-0.689579308
2513	MORC2	I201I;F202F	Silent;Silent	-0.147639711
2514	MORC2	(NC)	Intron	0.551101574
2515	MORC2		No Mutation	0.10492814
2516	MORC2	(NC)	Intron	0.652900381
2517	MORC2		No Mutation	-0.030175632
2518	MORC2		No Mutation	0.330604721
2519	MORC2	G193R	Missense	0.741634795
2520	MORC2		No Mutation	0.135434689
2521	MORC2		No Mutation	-0.250553988
2522	MORC2		No Mutation	-0.163381643
2523	MORC2	Q187*	Nonsense	0.66247991
2524	MORC2	V184I	Missense	0.211770352
2525	MORC2	E182K;E183K	Missense;Missense	1.628325453
2526	MORC2	P177L	Missense	2.584885573
2527	MORC2	Y175Y;S176F;P177S	Silent;Missense;Missense	3.029976737
2528	MORC2		No Mutation	-0.297978796
2529	MORC2	V162I;E163K	Missense;Missense	-0.033839925
2530	MORC2	D160N	Missense	0.297491624
2531	MORC2	D160N	Missense	-1.364698042
2532	MORC2	R155Q	Missense	-0.012191453
2533	MORC2	R153Q	Missense	0.650333445
2534	MORC2	R153Q	Missense	-0.235802131
2535	MORC2	T149T	Silent	-0.459205039
2536	MORC2	T149I	Missense	0.26352188
2537	MORC2	A152T	Missense	1.397809677
2538	MORC2	W150*;A152T	Nonsense;Missense	1.621948574
2539	MORC2	P148F	Missense	0.22034529
2540	MORC2	V145V	Silent	0.076883732
2541	MORC2		No Mutation	0.91710126
2542	MORC2		No Mutation	-0.111233759
2543	MORC2	(NC);(NC)	Intron;Intron	-1.048762563
2544	MORC2		No Mutation	-0.638920049
2545	MORC2		No Mutation	-0.313290288
2546	MORC2	T133M	Missense	0.680092707
2547	MORC2	E136K	Missense	0.340992042
2548	MORC2	S131F;R132C	Missense;Missense	1.169174307
2549	MORC2	T133T	Silent	1.715478228
2550	MORC2	R132H	Missense	0.337010488
2551	MORC2	L130L	Silent	-0.159334605
2552	MORC2	M125I	Missense	-0.63274478
2553	MORC2	K121K;E122K;D123N	Silent;Missense;Missense	-0.880935783
2554	MORC2	G107G;S108L	Silent;Missense	-0.755958869
2555	MORC2	G107G	Silent	0.481366515
2556	MORC2		No Mutation	-0.231628011
2557	MORC2	M109I	Missense	0.825461398
2558	MORC2		No Mutation	0.284268395
2559	MORC2		No Mutation	-0.501363293
2560	MORC2		No Mutation	-1.133621035
2561	MORC2		No Mutation	0.558810295
2562	MORC2		No Mutation	-0.463768444
2563	MORC2	T95I;Q96*	Missense;Nonsense	0.111976363
2564	MORC2	T95I;Q96*	Missense;Nonsense	1.880451112
2565	MORC2	G98K	Missense	-0.260018495
2566	MORC2	P92L	Missense	0.481293519
2567	MORC2	P92F	Missense	0.675392507
2568	MORC2	E93E	Silent	-1.321717256
2569	MORC2	S87S;A88T	Silent;Missense	0.100871373
2570	MORC2	I82I;Q83*	Silent;Nonsense	-1.992398723
2571	MORC2	G85K	Missense	0.490567493
2572	MORC2	A79V	Missense	0.279577944
2573	MORC2	A79V	Missense	-0.433885507
2574	MORC2	A79T	Missense	-0.599673636
2575	MORC2	A79T	Missense	-0.059115775
2576	MORC2		No Mutation	-0.713266515
2577	MORC2	(NC)	Intron	0.056425064
2578	MORC2		No Mutation	0.255634086
2579	MORC2	M63I	Missense	-0.390985461
2580	MORC2	R55*	Nonsense	-0.18084696
2581	MORC2	R55*	Nonsense	1.339679286
2582	MORC2		No Mutation	-0.396562038
2583	MORC2	A52T	Missense	-0.677643002
2584	MORC2		No Mutation	0.161252295
2585	MORC2		No Mutation	-1.380294206
2586	MORC2	A40V	Missense	-0.054584998
2587	MORC2	L36L	Silent	-1.367766538
2588	MORC2	D38N	Missense	0.18103465
2589	MORC2	D38N	Missense	0.548370721
2590	MORC2		No Mutation	-0.003540232
2591	MORC2	L29L	Silent	0.133466992
2592	MORC2	T25I;H26Y	Missense;Missense	1.124913298
2593	MORC2	S23L	Missense	1.620936821
2594	MORC2		No Mutation	-1.065437348
2595	MORC2	M1I;A2T	Missense;Missense	-0.25333587
2596	MORC2	(NC);(NC)	UTR;UTR	0.198339131
2597	ATF7IP	Q8*	Nonsense	2.118941738
2598	ATF7IP	L26F	Missense	0.653785545
2599	ATF7IP		No Mutation	0.738001218
2600	ATF7IP		No Mutation	-0.049650429
2601	ATF7IP	N47N;H48Y	Silent;Missense	-0.242346046
2602	ATF7IP	D54D;P55S	Silent;Missense	1.140024664
2603	ATF7IP	T56T;S57L;P58S	Silent;Missense;Missense	-1.466007692
2604	ATF7IP		No Mutation	-0.474152781
2605	ATF7IP	Y64Y	Silent	-0.389335319
2606	ATF7IP	D67D	Silent	0.090497994
2607	ATF7IP		No Mutation	-0.812629239
2608	ATF7IP	A86T;E87K	Missense;Missense	-0.718420594
2609	ATF7IP		No Mutation	0.211707507
2610	ATF7IP	V97I	Missense	-0.148544943
2611	ATF7IP		No Mutation	-0.261198368
2612	ATF7IP		No Mutation	-0.08971067
2613	ATF7IP		No Mutation	-0.019891846
2614	ATF7IP	E120K	Missense	0.38726393
2615	ATF7IP	E120K	Missense	-0.64209612
2616	ATF7IP	E120K	Missense	-0.157614069
2617	ATF7IP		No Mutation	-1.392806534
2618	ATF7IP	A127T	Missense	0.547945667
2619	ATF7IP	P126F;A127V	Missense;Missense	0.399716724
2620	ATF7IP	G132N	Missense	-1.464834926
2621	ATF7IP	S131F	Missense	0.360626083
2622	ATF7IP	A135T	Missense	-0.54523508
2623	ATF7IP	P134L	Missense	-0.419898108
2624	ATF7IP	P136F	Missense	-0.67216345
2625	ATF7IP	L139L;D140N	Silent;Missense	-0.478324937
2626	ATF7IP	A141T	Missense	0.542968796
2627	ATF7IP	A141T;G142R	Missense;Missense	0.001441637
2628	ATF7IP	A141V	Missense	-0.32415312
2629	ATF7IP	G147K	Missense	-0.225592182
2630	ATF7IP	P144L	Missense	0.314231482
2631	ATF7IP	S146F	Missense	-0.113461773
2632	ATF7IP	L149L;A150T	Silent;Missense	0.618647589
2633	ATF7IP		No Mutation	-0.522902778
2634	ATF7IP	G152N	Missense	0.379167922
2635	ATF7IP	S151F	Missense	0.706331646
2636	ATF7IP		No Mutation	0.038655288
2637	ATF7IP		No Mutation	-0.282157077
2638	ATF7IP		No Mutation	0.180938108
2639	ATF7IP		No Mutation	0.290288448
2640	ATF7IP		No Mutation	-0.151326214
2641	ATF7IP		No Mutation	-0.441333398
2642	ATF7IP	S166F	Missense	0.458597366
2643	ATF7IP	A169T;A170T	Missense;Missense	0.151828246
2644	ATF7IP	A170T	Missense	-0.323570587
2645	ATF7IP		No Mutation	-0.827262881
2646	ATF7IP	S171F	Missense	0.170099702
2647	ATF7IP		No Mutation	-0.554481749
2648	ATF7IP	S176F	Missense	0.640133458
2649	ATF7IP		No Mutation	0.379525769
2650	ATF7IP	S181F	Missense	-0.237312717
2651	ATF7IP	V184V	Silent	-0.58409759
2652	ATF7IP	V184V	Silent	-0.451907105
2653	ATF7IP		No Mutation	0.742125796
2654	ATF7IP	P186F	Missense	-1.048149606
2655	ATF7IP		No Mutation	0.541828472
2656	ATF7IP	G192S	Missense	0.577807874
2657	ATF7IP	G192N	Missense	-0.324436873
2658	ATF7IP		No Mutation	-0.305596813
2659	ATF7IP	A196T	Missense	0.275820185
2660	ATF7IP	A196V	Missense	0.076983983
2661	ATF7IP		No Mutation	0.41264469
2662	ATF7IP		No Mutation	-0.288457395
2663	ATF7IP	S206F	Missense	0.490617055
2664	ATF7IP		No Mutation	0.161778101
2665	ATF7IP		No Mutation	-0.185413866
2666	ATF7IP		No Mutation	0.315901716
2667	ATF7IP	P209F	Missense	0.006156856
2668	ATF7IP	P214P;V215I	Silent;Missense	0.052030135
2669	ATF7IP	P214P;V215I	Silent;Missense	-0.107970856
2670	ATF7IP	V217I	Missense	-0.100024436
2671	ATF7IP	V217I	Missense	0.432752086
2672	ATF7IP	P216F	Missense	-0.140075155
2673	ATF7IP		No Mutation	-2.19029547
2674	ATF7IP	G222S	Missense	-0.659476209
2675	ATF7IP	G222N	Missense	-0.28084176
2676	ATF7IP	C224Y;A225T	Missense;Missense	-0.569942848
2677	ATF7IP	C224Y;A225T	Missense;Missense	-0.154467084
2678	ATF7IP		No Mutation	0.338640581
2679	ATF7IP		No Mutation	-0.542090495
2680	ATF7IP		No Mutation	0.167802568
2681	ATF7IP	S236F	Missense	0.139412158
2682	ATF7IP	A250T	Missense	-0.059273032
2683	ATF7IP	D252N	Missense	-0.090630273
2684	ATF7IP	P249L	Missense	0.457972818
2685	ATF7IP	S251F	Missense	0.846189085
2686	ATF7IP	L254L;A255T	Silent;Missense	0.596482385
2687	ATF7IP		No Mutation	-0.541153567
2688	ATF7IP		No Mutation	-0.114863328
2689	ATF7IP	L259L	Silent	-0.563232919
2690	ATF7IP		No Mutation	0.042775813
2691	ATF7IP	L264L	Silent	-0.149129529
2692	ATF7IP	S266F	Missense	0.231552531
2693	ATF7IP		No Mutation	-0.154185602
2694	ATF7IP	L269L	Silent	-0.114492462
2695	ATF7IP		No Mutation	-0.186176716
2696	ATF7IP		No Mutation	0.15121659
2697	ATF7IP	E290K	Missense	-1.223208582
2698	ATF7IP	V294I	Missense	-0.088620618
2699	ATF7IP	V296I;C297Y	Missense;Missense	1.090747863
2700	ATF7IP	V300I	Missense	-0.071811399
2701	ATF7IP	D304N	Missense	0.658007192
2702	ATF7IP	E307K	Missense	0.043260245
2703	ATF7IP	D313N;D314N	Missense;Missense	-0.144822344
2704	ATF7IP	Q330*	Nonsense	3.835011386
2705	ATF7IP	P365F	Missense	0.022546471
2706	ATF7IP		No Mutation	-0.512641296
2707	ATF7IP	I376I;T377I	Silent;Missense	-0.078319366
2708	ATF7IP	A385V	Missense	-0.708453076
2709	ATF7IP		No Mutation	-0.29735413
2710	ATF7IP		No Mutation	-1.394504682
2711	ATF7IP		No Mutation	-0.534162003
2712	ATF7IP	L442F	Missense	0.227865819
2713	ATF7IP		No Mutation	0.435500896
2714	ATF7IP	E462E	Silent	0.399584272
2715	ATF7IP		No Mutation	0.635958035
2716	ATF7IP		No Mutation	1.355017178
2717	ATF7IP		No Mutation	0.12086294
2718	ATF7IP		No Mutation	-0.407563599
2719	ATF7IP	S483N;S484N	Missense;Missense	-0.496118198
2720	ATF7IP	P488L	Missense	-0.930626128
2721	ATF7IP	L493L;V494I	Silent;Missense	-0.440636786
2722	ATF7IP	D497N	Missense	0.76503893
2723	ATF7IP	V494V;L495F	Silent;Missense	-0.410096093
2724	ATF7IP		No Mutation	0.17633641
2725	ATF7IP	E499E;D500N	Silent;Missense	0.55264428
2726	ATF7IP		No Mutation	0.227829877
2727	ATF7IP		No Mutation	-0.664742612
2728	ATF7IP		No Mutation	-0.065152813
2729	ATF7IP		No Mutation	-0.789698469
2730	ATF7IP		No Mutation	-0.371715204
2731	ATF7IP	V537I	Missense	0.338637112
2732	ATF7IP		No Mutation	0.63044672
2733	ATF7IP	S557F	Missense	-0.499293927
2734	ATF7IP	R569C	Missense	0.953648121
2735	ATF7IP		No Mutation	-0.405968641
2736	ATF7IP		No Mutation	1.988344564
2737	ATF7IP	Q593Q	Silent	-0.016368926
2738	ATF7IP	N592N;Q593*	Silent;Nonsense	0.263363495
2739	ATF7IP		No Mutation	-0.477487705
2740	ATF7IP	(NC)	Intron	-0.445831442
2741	ATF7IP		No Mutation	0.191688147
2742	ATF7IP		No Mutation	-0.596975265
2743	ATF7IP		No Mutation	-0.168724415
2744	ATF7IP		No Mutation	0.884545521
2745	ATF7IP	L639F	Missense	-0.064119981
2746	ATF7IP		No Mutation	-0.149785969
2747	ATF7IP	R652H	Missense	-0.407957607
2748	ATF7IP	A656T	Missense	-0.712517854
2749	ATF7IP		No Mutation	-0.495515394
2750	ATF7IP		No Mutation	1.044942579
2751	ATF7IP		No Mutation	0.481693923
2752	ATF7IP		No Mutation	1.233121969
2753	ATF7IP		No Mutation	-0.11973472
2754	ATF7IP	N669N;P670L	Silent;Missense	1.050759399
2755	ATF7IP	V672I	Missense	0.860940025
2756	ATF7IP		No Mutation	0.004464341
2757	ATF7IP		No Mutation	0.520531836
2758	ATF7IP		No Mutation	0.577968112
2759	ATF7IP		No Mutation	-0.156248363
2760	ATF7IP	G693G;T694I	Silent;Missense	0.267181007
2761	ATF7IP	S706N;E707K	Missense;Missense	0.956276218
2762	ATF7IP		No Mutation	0.10882914
2763	ATF7IP	V717M	Missense	-0.718409648
2764	ATF7IP	Q714*;T715I	Nonsense;Missense	0.12794841
2765	ATF7IP	V717V	Silent	-0.011695059
2766	ATF7IP		No Mutation	-0.135630988
2767	ATF7IP		No Mutation	-0.090495461
2768	ATF7IP	S733N;S734N	Missense;Missense	-0.328360912
2769	ATF7IP	S734N	Missense	0.297891376
2770	ATF7IP	V742M	Missense	0.282688064
2771	ATF7IP	Q739*	Nonsense	0.677125188
2772	ATF7IP	Q739*;T740I	Nonsense;Missense	-0.45731227
2773	ATF7IP		No Mutation	0.817765116
2774	ATF7IP	V752I	Missense	0.057755742
2775	ATF7IP	V752I	Missense	-0.44019504
2776	ATF7IP	A759T	Missense	-0.942364273
2777	ATF7IP	V761I;V762I	Missense;Missense	-0.4331431
2778	ATF7IP	V762I	Missense	0.459381059
2779	ATF7IP		No Mutation	0.302624232
2780	ATF7IP	T764I;T765I	Missense;Missense	0.206437917
2781	ATF7IP	Q773Q	Silent	0.176329275
2782	ATF7IP		No Mutation	-0.376504109
2783	ATF7IP		No Mutation	0.827564911
2784	ATF7IP		No Mutation	0.048184768
2785	ATF7IP	Q779Q	Silent	-0.495886151
2786	ATF7IP	L785L	Silent	0.583551014
2787	ATF7IP	V787I	Missense	0.580705234
2788	ATF7IP		No Mutation	-0.304353304
2789	ATF7IP		No Mutation	-0.36042398
2790	ATF7IP	Q799Q	Silent	0.067673555
2791	ATF7IP	Q799Q	Silent	-0.739493606
2792	ATF7IP	L797F;L798L	Missense;Silent	-1.088401931
2793	ATF7IP	S800N	Missense	-0.124393588
2794	ATF7IP	L798L	Silent	0.943452428
2795	ATF7IP	S800S;H801Y	Silent;Missense	-0.46660523
2796	ATF7IP	L805L;V806I	Silent;Missense	1.49022428
2797	ATF7IP		No Mutation	0.047319698
2798	ATF7IP	T807I	Missense	-0.072239883
2799	ATF7IP	E815K	Missense	1.563776831
2800	ATF7IP	S821S;P822L	Silent;Missense	0.542043949
2801	ATF7IP	G827N	Missense	0.38383013
2802	ATF7IP	G827N	Missense	-0.608607547
2803	ATF7IP		No Mutation	-0.368680963
2804	ATF7IP		No Mutation	0.511977743
2805	ATF7IP		No Mutation	0.389479967
2806	ATF7IP		No Mutation	-0.830127365
2807	ATF7IP		No Mutation	-1.889637674
2808	ATF7IP		No Mutation	0.27562792
2809	ATF7IP	V847I	Missense	-0.117291296
2810	ATF7IP	V847I	Missense	-0.499703403
2811	ATF7IP	V850M	Missense	-0.449047332
2812	ATF7IP	S854N	Missense	0.543422089
2813	ATF7IP	P851L	Missense	0.712844565
2814	ATF7IP	R857K	Missense	0.041691788
2815	ATF7IP	R857K	Missense	-0.409024068
2816	ATF7IP		No Mutation	-0.430023609
2817	ATF7IP	A861V	Missense	-0.731744801
2818	ATF7IP	A864T	Missense	-1.019520759
2819	ATF7IP	A861V	Missense	0.822270687
2820	ATF7IP	A864T	Missense	0.487953049
2821	ATF7IP	L866L;G867K	Silent;Missense	-0.278379579
2822	ATF7IP	A871T	Missense	0.764688375
2823	ATF7IP	T868I	Missense	-0.428939234
2824	ATF7IP	V882I	Missense	0.048306478
2825	ATF7IP	S880F	Missense	0.571651859
2826	ATF7IP		No Mutation	0.099778354
2827	ATF7IP	T887I	Missense	0.40827514
2828	ATF7IP	T887I;S888F	Missense;Missense	0.307505574
2829	ATF7IP	P890F;T891I	Missense;Missense	0.007824435
2830	ATF7IP	G896K	Missense	0.17596958
2831	ATF7IP	G896K	Missense	0.447613117
2832	ATF7IP	S899N	Missense	0.258323056
2833	ATF7IP	S899N	Missense	-0.594449119
2834	ATF7IP	P900L	Missense	0.131361382
2835	ATF7IP	G905N	Missense	-0.603370008
2836	ATF7IP	S917N	Missense	0.214289344
2837	ATF7IP	T928I	Missense	0.266924316
2838	ATF7IP	(NC);(NC)	Splice-donor;Intron	3.204330435
2839	ATF7IP	(NC)	Intron	2.581126726
2840	ATF7IP	(NC)	Intron	1.00191244
2841	ATF7IP		No Mutation	0.303535232
2842	ATF7IP		No Mutation	0.229353137
2843	ATF7IP	A949V	Missense	0.602916555
2844	ATF7IP	(NC)	Intron	0.381160605
2845	ATF7IP	T959I	Missense	-0.558414579
2846	ATF7IP	S964N	Missense	-0.638842265
2847	ATF7IP	V966V	Silent	0.167475321
2848	ATF7IP		No Mutation	-0.881150701
2849	ATF7IP		No Mutation	0.793566913
2850	ATF7IP	S994N	Missense	0.383869159
2851	ATF7IP	Q997Q	Silent	-0.514515801
2852	ATF7IP	L1003L	Silent	-1.285034827
2853	ATF7IP		No Mutation	-0.23360374
2854	ATF7IP	P1010P	Silent	-0.30025477
2855	ATF7IP	P1010P	Silent	0.269732205
2856	ATF7IP	P1010L;P1011F	Missense;Missense	1.036268574
2857	ATF7IP		No Mutation	0.702482084
2858	ATF7IP	P1010L;P1011F	Missense;Missense	-0.287684753
2859	ATF7IP	P1011F;L1012F	Missense;Missense	0.675822457
2860	ATF7IP	G1016K	Missense	0.377397309
2861	ATF7IP	G1016K;V1017M	Missense;Missense	0.265059264
2862	ATF7IP	S1015F	Missense	-0.236742076
2863	ATF7IP	S1020N	Missense	-0.208460381
2864	ATF7IP		No Mutation	0.278395307
2865	ATF7IP		No Mutation	0.027451157
2866	ATF7IP	H1028Y	Missense	0.701025733
2867	ATF7IP		No Mutation	-1.029650792
2868	ATF7IP		No Mutation	0.062753567
2869	ATF7IP	(NC);(NC)	Intron;Intron	0.542925242
2870	ATF7IP		No Mutation	0.614661462
2871	ATF7IP	V1039I	Missense	0.444378857
2872	ATF7IP	R1042H	Missense	-0.307682694
2873	ATF7IP	H1041Y;R1042C	Missense;Missense	-0.075456638
2874	ATF7IP		No Mutation	-0.340710354
2875	ATF7IP		No Mutation	-0.152427047
2876	ATF7IP	A1058T	Missense	-0.748773703
2877	ATF7IP	A1058T	Missense	0.251372268
2878	ATF7IP	A1056V;P1057S	Missense;Missense	-1.57543046
2879	ATF7IP		No Mutation	0.194323628
2880	ATF7IP	P1057F	Missense	0.523195432
2881	ATF7IP	V1062I;V1063I	Missense;Missense	-0.099768633
2882	ATF7IP		No Mutation	0.807019242
2883	ATF7IP		No Mutation	0.367298394
2884	ATF7IP	P1068F	Missense	0.21482618
2885	ATF7IP	Q1073Q;A1074T	Silent;Missense	0.331006562
2886	ATF7IP	A1072V;Q1073*	Missense;Nonsense	1.553206957
2887	ATF7IP		No Mutation	0.287210073
2888	ATF7IP	L1076L;R1077Q	Silent;Missense	-0.072870327
2889	ATF7IP	R1077*	Nonsense	0.618638535
2890	ATF7IP	V1080I	Missense	0.292284429
2891	ATF7IP	M1081I	Missense	0.211701407
2892	ATF7IP	Q1082*	Nonsense	0.456089796
2893	ATF7IP	A1083V;P1084S	Missense;Missense	0.695635899
2894	ATF7IP	V1089I	Missense	0.752368024
2895	ATF7IP		No Mutation	-0.067780512
2896	ATF7IP	(NC)	Intron	0.15401669
2897	ATF7IP	V1106I	Missense	-0.258179879
2898	ATF7IP	T1104I	Missense	0.273462485
2899	ATF7IP		No Mutation	0.400359295
2900	ATF7IP	N1108N	Silent	0.235477719
2901	ATF7IP	N1108N	Silent	0.762700528
2902	ATF7IP	L1111L;T1112I	Silent;Missense	-0.10807662
2903	ATF7IP	G1117E	Missense	0.177157666
2904	ATF7IP		No Mutation	-0.018022175
2905	ATF7IP		No Mutation	-0.626287158
2906	ATF7IP	V1129V	Silent	-0.099667489
2907	ATF7IP	(NC)	Splice-donor	1.662659601
2908	ATF7IP	(NC);(NC)	Splice-donor;Intron	0.84330191
2909	ATF7IP	T1131I	Missense	0.558899939
2910	ATF7IP		No Mutation	0.138949614
2911	ATF7IP	E1132E	Silent	0.958074428
2912	ATF7IP		No Mutation	-0.14433846
2913	ATF7IP		No Mutation	-0.019450979
2914	ATF7IP	A1140T	Missense	0.079740974
2915	ATF7IP	A1140T	Missense	-0.3166195
2916	ATF7IP		No Mutation	-0.497293017
2917	ATF7IP		No Mutation	0.376646716
2918	ATF7IP		No Mutation	0.64305589
2919	ATF7IP	E1144K;A1145T	Missense;Missense	-0.77868926
2920	ATF7IP	E1144K;A1145T	Missense;Missense	-0.048623657
2921	ATF7IP		No Mutation	0.73692629
2922	ATF7IP		No Mutation	-0.504100845
2923	ATF7IP		No Mutation	0.506812336
2924	ATF7IP	L1151L	Silent	0.222450829
2925	ATF7IP	E1154K	Missense	-0.927191275
2926	ATF7IP	S1157N	Missense	0.276971057
2927	ATF7IP	S1157N	Missense	-0.212734865
2928	ATF7IP		No Mutation	0.521608413
2929	ATF7IP		No Mutation	-0.945598958
2930	ATF7IP	Q1162Q	Silent	0.862187896
2931	ATF7IP	L1166L	Silent	0.484314245
2932	ATF7IP	A1169T;R1170H	Missense;Missense	0.104193241
2933	ATF7IP	R1170C	Missense	0.518823618
2934	ATF7IP	G1176G	Silent	1.643101935
2935	ATF7IP	L1179L	Silent	0.931369637
2936	ATF7IP	S1180L	Missense	1.756685233
2937	ATF7IP		No Mutation	1.536876242
2938	ATF7IP	S1189N	Missense	-0.689670633
2939	ATF7IP		No Mutation	0.459461975
2940	ATF7IP	L1198F	Missense	0.419130685
2941	ATF7IP	E1203K	Missense	0.53470969
2942	ATF7IP	A1207T	Missense	-0.699447443
2943	ATF7IP		No Mutation	0.813751219
2944	ATF7IP	A1207V;T1208I	Missense;Missense	-0.362515438
2945	ATF7IP		No Mutation	1.022472266
2946	ATF7IP	W1213*	Nonsense	1.7696724
2947	ATF7IP	S1211L;Q1212*	Missense;Nonsense	0.542005352
2948	ATF7IP	S1211L;Q1212*	Missense;Nonsense	1.125139349
2949	ATF7IP	Q1212*	Nonsense	0.927688892
2950	ATF7IP		No Mutation	0.225092386
2951	ATF7IP	A1221V;L1222F	Missense;Missense	-0.752950117
2952	ATF7IP	C1228Y	Missense	1.814394787
2953	ATF7IP	C1228Y	Missense	0.21271394
2954	ATF7IP		No Mutation	0.090322489
2955	ATF7IP		No Mutation	-0.414921148
2956	ATF7IP	L1230F;T1231I	Missense;Missense	1.920361776
2957	ATF7IP	G1236D;S1237N	Missense;Missense	-0.097893305
2958	ATF7IP	S1237N	Missense	0.09680181
2959	ATF7IP	Y1240Y	Silent	-0.976757321
2960	ATF7IP	R1244*;A1245V	Nonsense;Missense	0.815880148
2961	ATF7IP		No Mutation	0.835932757
2962	ATF7IP	G1250E;R1251H	Missense;Missense	-0.182307536
2963	ATF7IP	Q1259Q	Silent	-1.165866828
2964	ATF7IP	V1263I	Missense	-0.439341693
2965	ATF7IP	T1267T;Q1268*	Silent;Nonsense	0.607394646
2966	ATF7IP	(NC)	UTR	0.279256518
2967	ATF7IP	(NC);(NC)	UTR;UTR	-1.479989628
2968	ATF7IP		No Mutation	0.585152527
2969	ATF7IP2	(NC);(NC)	Intron;Intron	-1.097851683
2970	ATF7IP2	M1I;A2T	Missense;Missense	0.605558977
2971	ATF7IP2	P4L	Missense	-0.892840742
2972	ATF7IP2	R9Q	Missense	-0.881541066
2973	ATF7IP2	T17I	Missense	-0.388613463
2974	ATF7IP2	K24K	Silent	0.579607738
2975	ATF7IP2	K24K	Silent	-0.199019508
2976	ATF7IP2	K24K;V26I	Silent;Missense	0.574009335
2977	ATF7IP2	E27E;M28I	Silent;Missense	-1.151216633
2978	ATF7IP2		No Mutation	0.806082213
2979	ATF7IP2	A37V;L38L	Missense;Silent	-0.45617376
2980	ATF7IP2	A37V;L38L	Missense;Silent	0.823733892
2981	ATF7IP2		No Mutation	-0.436296434
2982	ATF7IP2	S52N	Missense	-1.323694337
2983	ATF7IP2	P55F	Missense	1.050171785
2984	ATF7IP2	R60K	Missense	0.071748067
2985	ATF7IP2		No Mutation	0.850592984
2986	ATF7IP2		No Mutation	0.387724798
2987	ATF7IP2	V103I	Missense	-1.311026312
2988	ATF7IP2	H104Y	Missense	-0.081008186
2989	ATF7IP2		No Mutation	-0.108410007
2990	ATF7IP2	E124K	Missense	0.536636022
2991	ATF7IP2		No Mutation	-0.559194747
2992	ATF7IP2	S127S	Silent	-0.767121448
2993	ATF7IP2	E132K	Missense	-0.714419748
2994	ATF7IP2	E132K	Missense	-0.225390518
2995	ATF7IP2	E132K	Missense	-0.052726549
2996	ATF7IP2	E159E;G160K	Silent;Missense	-0.90123337
2997	ATF7IP2	E159E;G160K;A161T	Silent;Missense;Missense	-0.851926953
2998	ATF7IP2	S172N	Missense	-0.622933598
2999	ATF7IP2	P170L;P171F	Missense;Missense	-0.212127845
3000	ATF7IP2	S175N;G176N	Missense;Missense	-0.363706265
3001	ATF7IP2	G176N;V177I	Missense;Missense	-0.79125218
3002	ATF7IP2	G176D;V177I	Missense;Missense	0.661354283
3003	ATF7IP2	S187N	Missense	0.14928461
3004	ATF7IP2	T184I	Missense	-1.311283383
3005	ATF7IP2	T184I	Missense	0.150162845
3006	ATF7IP2	K192K	Silent	0.597746216
3007	ATF7IP2	D191D	Silent	-0.697078451
3008	ATF7IP2	E202K	Missense	0.018921929
3009	ATF7IP2		No Mutation	-0.48870423
3010	ATF7IP2	S207L	Missense	1.0978069
3011	ATF7IP2	D211N	Missense	-1.141475571
3012	ATF7IP2		No Mutation	-0.702566451
3013	ATF7IP2	V239I	Missense	0.549809382
3014	ATF7IP2	C262Y;E263K	Missense;Missense	0.266206411
3015	ATF7IP2		No Mutation	-0.239932015
3016	ATF7IP2	S279S;H280Y	Silent;Missense	-0.274189041
3017	ATF7IP2		No Mutation	0.324690456
3018	ATF7IP2		No Mutation	-0.464537426
3019	ATF7IP2	Q314*	Nonsense	-0.254931703
3020	ATF7IP2	T315I	Missense	0.474447529
3021	ATF7IP2		No Mutation	0.213828394
3022	ATF7IP2	Q320*	Nonsense	-0.411226163
3023	ATF7IP2	Q320*	Nonsense	-0.901220373
3024	ATF7IP2		No Mutation	0.263194721
3025	ATF7IP2	V321V;H323Y	Silent;Missense	-1.037369954
3026	ATF7IP2		No Mutation	0.114446752
3027	ATF7IP2		No Mutation	-0.423474165
3028	ATF7IP2	K350K;E352K	Silent;Missense	-0.332279158
3029	ATF7IP2	C353C	Silent	0.284231862
3030	ATF7IP2		No Mutation	-0.240917604
3031	ATF7IP2	T377I	Missense	-0.379143811
3032	ATF7IP2	N389N	Silent	1.020632962
3033	ATF7IP2	S393N	Missense	-1.756256615
3034	ATF7IP2	S392S	Silent	0.583649489
3035	ATF7IP2	K398K	Silent	-0.068013641
3036	ATF7IP2		No Mutation	0.333642305
3037	ATF7IP2		No Mutation	-0.824473362
3038	ATF7IP2	A400T	Missense	0.695586794
3039	ATF7IP2		No Mutation	-0.109734084
3040	ATF7IP2	S402L	Missense	0.466639602
3041	ATF7IP2	S428F	Missense	-0.479897087
3042	ATF7IP2		No Mutation	-0.495383966
3043	ATF7IP2	S447F	Missense	0.067498699
3044	ATF7IP2		No Mutation	-0.171835693
3045	ATF7IP2		No Mutation	-0.102126142
3046	ATF7IP2	T471I	Missense	-0.758817507
3047	ATF7IP2		No Mutation	-1.341572083
3048	ATF7IP2	(NC)	Intron	0.277066693
3049	ATF7IP2	T477I	Missense	0.545646886
3050	ATF7IP2	P489F	Missense	-0.638306813
3051	ATF7IP2	M494I;(NC)	Missense;Splice-donor	-0.483410579
3052	ATF7IP2	M494I;(NC);(NC)	Missense;Splice-donor;Intron	-0.435929592
3053	ATF7IP2		No Mutation	-0.668328555
3054	ATF7IP2	L511L;S512F	Silent;Missense	-0.344158657
3055	ATF7IP2	E517K	Missense	-0.268384881
3056	ATF7IP2	N513N;C514C	Silent;Silent	-0.728737585
3057	ATF7IP2	(NC)	Splice-acceptor	0.087868143
3058	ATF7IP2	P519S	Missense	0.511351042
3059	ATF7IP2	E524K	Missense	-0.840447539
3060	ATF7IP2	S527S	Silent	0.549038259
3061	ATF7IP2	S527S	Silent	-0.476192116
3062	ATF7IP2	S527S	Silent	-0.361491169
3063	ATF7IP2	S527S	Silent	-0.557652292
3064	ATF7IP2	S527S;A529T	Silent;Missense	-0.133637108
3065	ATF7IP2	A529V	Missense	0.405732183
3066	ATF7IP2		No Mutation	0.587566014
3067	ATF7IP2	A540V;Q541*	Missense;Nonsense	-0.465247002
3068	ATF7IP2	(NC);(NC)	Intron;Intron	0.151210033
3069	ATF7IP2	(NC)	Intron	-1.087855463
3070	ATF7IP2		No Mutation	0.13755386
3071	ATF7IP2		No Mutation	0.443893926
3072	ATF7IP2	E558K	Missense	0.712845376
3073	ATF7IP2		No Mutation	0.617107182
3074	ATF7IP2	A561T	Missense	0.288299637
3075	ATF7IP2		No Mutation	0.055512464
3076	ATF7IP2		No Mutation	0.302377305
3077	ATF7IP2	E565K	Missense	-0.618415674
3078	ATF7IP2	E565K	Missense	0.196510695
3079	ATF7IP2	V567I;D568N	Missense;Missense	0.381059418
3080	ATF7IP2		No Mutation	0.211529552
3081	ATF7IP2		No Mutation	0.410262775
3082	ATF7IP2	E580K	Missense	1.197544447
3083	ATF7IP2		No Mutation	0.837236831
3084	ATF7IP2		No Mutation	-0.340556972
3085	ATF7IP2	V583M	Missense	0.482426253
3086	ATF7IP2	P579L	Missense	0.845624311
3087	ATF7IP2	L581F	Missense	-0.467596877
3088	ATF7IP2	R585Q	Missense	0.037108494
3089	ATF7IP2	G591G	Silent	-0.001308984
3090	ATF7IP2	L594L	Silent	0.052451311
3091	ATF7IP2	L594L	Silent	0.224580808
3092	ATF7IP2		No Mutation	0.037821954
3093	ATF7IP2	K604K;C605Y	Silent;Missense	-0.579254921
3094	ATF7IP2	V608I;E609K	Missense;Missense	0.080330698
3095	ATF7IP2	E609K	Missense	-0.375000639
3096	ATF7IP2		No Mutation	-0.450459373
3097	ATF7IP2	E618K	Missense	-0.131735182
3098	ATF7IP2		No Mutation	0.252330997
3099	ATF7IP2	S620F	Missense	-0.37447603
3100	ATF7IP2		No Mutation	-0.365780552
3101	ATF7IP2	A634V	Missense	0.302991499
3102	ATF7IP2	C641Y	Missense	-0.391191748
3103	ATF7IP2		No Mutation	0.119278856
3104	ATF7IP2		No Mutation	0.816592361
3105	ATF7IP2		No Mutation	0.040868692
3106	ATF7IP2	Q645Q	Silent	-1.451035616
3107	ATF7IP2		No Mutation	0.227973094
3108	ATF7IP2		No Mutation	-0.123665016
3109	ATF7IP2		No Mutation	0.994055086
3110	ATF7IP2		No Mutation	-1.527062072
3111	SETDB2	(NC)	UTR	0.37076496
3112	SETDB2	(NC)	UTR	0.854287714
3113	SETDB2		No Mutation	0.457963105
3114	SETDB2		No Mutation	-0.461298376
3115	SETDB2	G6G	Silent	-0.063814014
3116	SETDB2	A8V	Missense	0.056238762
3117	SETDB2		No Mutation	-0.302301242
3118	SETDB2		No Mutation	-0.140392907
3119	SETDB2	Q37*	Nonsense	0.574745216
3120	SETDB2	Q37*	Nonsense	-0.325930798
3121	SETDB2	S43F	Missense	0.501605649
3122	SETDB2	(NC);(NC)	Intron;Intron	-0.614960424
3123	SETDB2	(NC)	Intron	0.261016993
3124	SETDB2	V56I	Missense	0.436099081
3125	SETDB2	N63N	Silent	-1.03791905
3126	SETDB2	S65L	Missense	0.347228997
3127	SETDB2		No Mutation	0.025008535
3128	SETDB2	A71T	Missense	-0.689409869
3129	SETDB2		No Mutation	0.158205196
3130	SETDB2	Q73Q	Silent	-0.360961956
3131	SETDB2		No Mutation	-0.308316626
3132	SETDB2	(NC)	Intron	-0.359861465
3133	SETDB2	(NC)	Intron	0.299687227
3134	SETDB2	P85S	Missense	0.397227044
3135	SETDB2	Q88Q	Silent	-0.535849383
3136	SETDB2		No Mutation	-0.161023049
3137	SETDB2	E90K	Missense	-0.925947709
3138	SETDB2		No Mutation	-0.16929133
3139	SETDB2	C111Y	Missense	-1.202434031
3140	SETDB2		No Mutation	0.324040508
3141	SETDB2	(NC)	Intron	0.384050964
3142	SETDB2	Q143*	Nonsense	0.120802488
3143	SETDB2	G149S	Missense	-0.063700403
3144	SETDB2	P156S	Missense	-0.418500403
3145	SETDB2	P156L	Missense	-0.25458693
3146	SETDB2		No Mutation	-0.115069908
3147	SETDB2		No Mutation	0.154044179
3148	SETDB2		No Mutation	0.09785358
3149	SETDB2	K179K	Silent	0.351105809
3150	SETDB2		No Mutation	-0.119541704
3151	SETDB2		No Mutation	-0.736062753
3152	SETDB2	S198N	Missense	-0.152377897
3153	SETDB2		No Mutation	0.640585907
3154	SETDB2	R200Q	Missense	0.346461954
3155	SETDB2		No Mutation	-0.428705624
3156	SETDB2	L199L	Silent	-0.356890902
3157	SETDB2	E213E;C214Y	Silent;Missense	-0.734863155
3158	SETDB2	F224F	Silent	-0.941953445
3159	SETDB2	T226I	Missense	0.63285163
3160	SETDB2	R232Q	Missense	-0.435885402
3161	SETDB2		No Mutation	-0.470767022
3162	SETDB2		No Mutation	-1.801294263
3163	SETDB2		No Mutation	-0.017396659
3164	SETDB2	E260K	Missense	-0.574959499
3165	SETDB2	E260K	Missense	0.004937645
3166	SETDB2	R272K	Missense	0.40586137
3167	SETDB2	R272K	Missense	0.16070303
3168	SETDB2	Y271Y	Silent	-0.420950134
3169	SETDB2		No Mutation	0.737178204
3170	SETDB2	M288I	Missense	-0.567720438
3171	SETDB2		No Mutation	0.395239642
3172	SETDB2	S292F	Missense	-0.356960364
3173	SETDB2	S292F	Missense	0.491046017
3174	SETDB2	E297E;G298N	Silent;Missense	0.299177499
3175	SETDB2		No Mutation	0.031116652
3176	SETDB2		No Mutation	-0.172572698
3177	SETDB2	(NC)	Splice-acceptor	-0.558121246
3178	SETDB2	L308F	Missense	-0.549629167
3179	SETDB2	L320L	Silent	-0.064101054
3180	SETDB2		No Mutation	-0.293201884
3181	SETDB2	Q335*	Nonsense	-0.130949087
3182	SETDB2		No Mutation	-1.779165333
3183	SETDB2	Q337*	Nonsense	-0.162209404
3184	SETDB2	T340I	Missense	0.48394982
3185	SETDB2		No Mutation	-0.934240504
3186	SETDB2		No Mutation	0.453874864
3187	SETDB2	N358N;R359*	Silent;Nonsense	-2.33397895
3188	SETDB2	G364N	Missense	0.052287439
3189	SETDB2	H363Y	Missense	0.135174103
3190	SETDB2	V367I	Missense	-0.949173886
3191	SETDB2	P365F;Q366*	Missense;Nonsense	0.100636084
3192	SETDB2	Q370Q;V371M	Silent;Missense	-0.21256822
3193	SETDB2	F372F	Silent	-0.497010702
3194	SETDB2	F372F	Silent	-0.143321838
3195	SETDB2	T374I	Missense	0.439150884
3196	SETDB2	T374I	Missense	-1.076908951
3197	SETDB2	T374I	Missense	0.995955959
3198	SETDB2	L384L	Silent	0.014911652
3199	SETDB2		No Mutation	-0.71954885
3200	SETDB2		No Mutation	-0.327016352
3201	SETDB2		No Mutation	-0.202115176
3202	SETDB2	N405N;T406I	Silent;Missense	-0.780150115
3203	SETDB2		No Mutation	0.623439154
3204	SETDB2		No Mutation	0.772857832
3205	SETDB2		No Mutation	-0.517965237
3206	SETDB2	L444F	Missense	0.466083152
3207	SETDB2		No Mutation	0.525940069
3208	SETDB2		No Mutation	-0.832602569
3209	SETDB2		No Mutation	0.273900751
3210	SETDB2	F464F	Silent	-0.332437617
3211	SETDB2		No Mutation	0.022732573
3212	SETDB2	V473M;(NC)	Missense;Splice-donor	-0.109749167
3213	SETDB2	(NC)	Splice-donor	0.082605243
3214	SETDB2		No Mutation	-0.038504014
3215	SETDB2	T475T	Silent	-1.250454579
3216	SETDB2	A497T	Missense	-0.297998657
3217	SETDB2		No Mutation	-0.510176034
3218	SETDB2	G503K	Missense	-0.331114676
3219	SETDB2	H501Y	Missense	0.19595542
3220	SETDB2		No Mutation	-0.072418967
3221	SETDB2		No Mutation	-0.299468811
3222	SETDB2	E507K	Missense	1.239725596
3223	SETDB2		No Mutation	0.064231921
3224	SETDB2	T515I;P516L	Missense;Missense	1.059804507
3225	SETDB2	G521K	Missense	0.214116435
3226	SETDB2	L529L	Silent	0.338862341
3227	SETDB2		No Mutation	0.160923536
3228	SETDB2		No Mutation	0.144275755
3229	SETDB2	L529L	Silent	0.102282602
3230	SETDB2	L529L	Silent	-0.043456011
3231	SETDB2	T533I	Missense	0.380766054
3232	SETDB2	(NC);(NC);(NC)	Splice-donor;Intron;Intron	-0.213874114
3233	SETDB2	(NC);(NC)	Intron;Intron	0.032488798
3234	SETDB2	(NC);K538K;D539N	Splice-acceptor;Silent;Missense	0.330127078
3235	SETDB2	E549K;D550N	Missense;Missense	-1.747308042
3236	SETDB2		No Mutation	-0.326086493
3237	SETDB2		No Mutation	0.354637896
3238	SETDB2	C574Y	Missense	-0.174756472
3239	SETDB2		No Mutation	-0.210922129
3240	SETDB2	N575N;Q576*	Silent;Nonsense	0.238859637
3241	SETDB2	L580L;D581N	Silent;Missense	-0.53417025
3242	SETDB2	Q583Q	Silent	-0.122327434
3243	SETDB2	Q583*	Nonsense	-0.768183406
3244	SETDB2		No Mutation	-0.228902725
3245	SETDB2	Q594*	Nonsense	-0.22545697
3246	SETDB2	Q594*	Nonsense	-1.537236658
3247	SETDB2		No Mutation	-0.681165211
3248	SETDB2		No Mutation	-1.032215592
3249	SETDB2	A603T	Missense	-1.093190635
3250	SETDB2	A603V	Missense	0.2003908
3251	SETDB2	D625N	Missense	-1.157833431
3252	SETDB2	T628I	Missense	-0.870587528
3253	SETDB2		No Mutation	-0.543979283
3254	SETDB2	T641I	Missense	-0.648002486
3255	SETDB2	F649F;L650F	Silent;Missense	-0.231122177
3256	SETDB2	F649F;L650F	Silent;Missense	-0.414088203
3257	SETDB2	(NC);(NC)	Intron;Intron	-0.092903247
3258	SETDB2	(NC);(NC);(NC)	Intron;Intron;Intron	0.148867289
3259	SETDB2		No Mutation	-0.863756511
3260	SETDB2		No Mutation	-1.085857459
3261	SETDB2	Q661Q	Silent	-0.37954514
3262	SETDB2	Q661Q	Silent	0.081555394
3263	SETDB2		No Mutation	0.524909531
3264	SETDB2	A676V	Missense	0.666668741
3265	SETDB2	(NC)	Intron	-0.242226439
3266	SETDB2	A685V	Missense	-0.772922494
3267	SETDB2		No Mutation	-0.084503337
3268	SETDB2	L689L	Silent	-0.834572064
3269	SETDB2		No Mutation	-1.306184721
3270	SETDB2		No Mutation	-2.654263821
3271	SETDB2		No Mutation	-1.565341685
3272	SETDB2	C707Y	Missense	-0.925464161
3273	SETDB2		No Mutation	-0.630247248
3274	SETDB2	I705I	Silent	-0.37620723
3275	SETDB2	I705I	Silent	-0.459275757
3276	SETDB2		No Mutation	-0.455363251
3277	EHMT1	(NC);(NC)	UTR;UTR	0.210374929
3278	EHMT1	(NC);(NC)	UTR;UTR	0.433071051
3279	EHMT1	(NC);(NC);(NC)	UTR;UTR;UTR	0.440429048
3280	EHMT1	A4T	Missense	0.737796547
3281	EHMT1	A4T;D5N	Missense;Missense	-0.374258065
3282	EHMT1	A2V	Missense	0.352475931
3283	EHMT1	A6T	Missense	0.083380067
3284	EHMT1	E7E;(NC);(NC)	Silent;Splice-donor;Intron	1.159311259
3285	EHMT1	A6V	Missense	-0.491733202
3286	EHMT1	A6V	Missense	-0.183689463
3287	EHMT1	(NC);(NC)	Intron;Intron	-0.261775097
3288	EHMT1	A6V	Missense	0.10386257
3289	EHMT1	(NC);(NC)	Intron;Intron	0.961789676
3290	EHMT1		No Mutation	-0.455477695
3291	EHMT1		No Mutation	-0.51657444
3292	EHMT1	(NC)	Intron	-0.804729174
3293	EHMT1	(NC);(NC);(NC)	Intron;Intron;Intron	0.576180619
3294	EHMT1	(NC)	Intron	-0.559442772
3295	EHMT1	(NC)	Intron	-0.025387317
3296	EHMT1	(NC);(NC)	Intron;Intron	-0.798313627
3297	EHMT1		No Mutation	-0.108684101
3298	EHMT1	(NC);(NC)	Intron;Intron	0.144441795
3299	EHMT1	(NC)	Intron	-0.388939479
3300	EHMT1	(NC)	Intron	0.123677292
3301	EHMT1	(NC);A8V	Intron;Missense	0.918594965
3302	EHMT1	A8V	Missense	-0.203310677
3303	EHMT1	A8V	Missense	-1.225489003
3304	EHMT1		No Mutation	0.086935237
3305	EHMT1		No Mutation	-1.174655925
3306	EHMT1	C20Y;V21M	Missense;Missense	-0.755490261
3307	EHMT1		No Mutation	-0.696405643
3308	EHMT1		No Mutation	-0.217155179
3309	EHMT1	T23I	Missense	-0.702012177
3310	EHMT1	L25L;L26L	Silent;Silent	0.888602515
3311	EHMT1	L25L;L26L	Silent;Silent	0.14519849
3312	EHMT1	E29K;(NC)	Missense;Splice-donor	0.624520047
3313	EHMT1	L26L	Silent	-0.365023343
3314	EHMT1		No Mutation	-0.617071802
3315	EHMT1	(NC)	Intron	-0.155807703
3316	EHMT1		No Mutation	0.17595298
3317	EHMT1	P31F	Missense	-0.355221523
3318	EHMT1	E36K;G37N	Missense;Missense	0.438890168
3319	EHMT1	E40K	Missense	0.290338851
3320	EHMT1	G37G	Silent	-0.290840994
3321	EHMT1	S38L;A39V	Missense;Missense	-0.296846011
3322	EHMT1		No Mutation	-0.39769975
3323	EHMT1	A43V	Missense	-0.335190079
3324	EHMT1		No Mutation	-0.294448009
3325	EHMT1	A46V;H47Y	Missense;Missense	-0.779149081
3326	EHMT1	G52N	Missense	-1.031826162
3327	EHMT1	A50V	Missense	-1.731099388
3328	EHMT1	A50V;D51D	Missense;Silent	1.76643551
3329	EHMT1	A69T	Missense	-2.144561438
3330	EHMT1	A69V	Missense	1.06519201
3331	EHMT1	H72H;T73I	Silent;Missense	-0.625846331
3332	EHMT1	H72H;T73I;Q74*	Silent;Missense;Nonsense	-1.115211212
3333	EHMT1	S76S;A77V	Silent;Missense	-0.632921481
3334	EHMT1		No Mutation	-0.622945931
3335	EHMT1		No Mutation	0.185153201
3336	EHMT1		No Mutation	0.514457896
3337	EHMT1		No Mutation	-1.182266857
3338	EHMT1		No Mutation	0.560425934
3339	EHMT1	G84G;T85I	Silent;Missense	1.088827137
3340	EHMT1	N86N;T87I;L88L	Silent;Missense;Silent	0.037252158
3341	EHMT1	R90Q	Missense	0.136096168
3342	EHMT1	T89I;R90W	Missense;Missense	0.72353917
3343	EHMT1	T89I;R90W	Missense;Missense	-0.82684357
3344	EHMT1	R90W	Missense	0.342356957
3345	EHMT1		No Mutation	-0.400398904
3346	EHMT1	D113N	Missense	0.075517696
3347	EHMT1	Q116Q	Silent	-0.078590954
3348	EHMT1	Q116*	Nonsense	0.843618279
3349	EHMT1	S118F	Missense	-1.272152841
3350	EHMT1	Y125Y	Silent	0.437483436
3351	EHMT1		No Mutation	-0.265188384
3352	EHMT1	Q135Q	Silent	-0.326583083
3353	EHMT1	Q133*	Nonsense	0.032563094
3354	EHMT1	L137L	Silent	-0.274529327
3355	EHMT1	L137L	Silent	-0.748167109
3356	EHMT1		No Mutation	0.387366495
3357	EHMT1	S141N	Missense	-0.595543868
3358	EHMT1	S141N	Missense	-0.786267714
3359	EHMT1	S146S	Silent	-0.590566237
3360	EHMT1	L143L;A144V	Silent;Missense	-0.263017157
3361	EHMT1	G149D	Missense	-0.535261751
3362	EHMT1	A151V;A152V	Missense;Missense	-0.261499188
3363	EHMT1	A152V	Missense	-0.250657148
3364	EHMT1	A152V	Missense	-0.409319995
3365	EHMT1		No Mutation	-0.600767026
3366	EHMT1	T154I;L155F	Missense;Missense	0.04841927
3367	EHMT1	P156F	Missense	-0.043368147
3368	EHMT1	G160N	Missense	0.36557756
3369	EHMT1	G160N	Missense	0.204376585
3370	EHMT1		No Mutation	-0.679360344
3371	EHMT1	G162N	Missense	0.076248143
3372	EHMT1	Q170Q	Silent	-0.180694606
3373	EHMT1	A174T	Missense	0.26249932
3374	EHMT1		No Mutation	-0.425904488
3375	EHMT1		No Mutation	-0.075123716
3376	EHMT1	A174V;P175L	Missense;Missense	-0.379057687
3377	EHMT1	A177T	Missense	-0.399050267
3378	EHMT1	A174V;P175L	Missense;Missense	-0.301717667
3379	EHMT1	A174A;P175L;P176S	Silent;Missense;Missense	-0.36260975
3380	EHMT1		No Mutation	0.445379966
3381	EHMT1	P176L	Missense	-0.724950985
3382	EHMT1	P176L;A177V	Missense;Missense	-0.076614919
3383	EHMT1	P176L;A177V	Missense;Missense	-1.713691826
3384	EHMT1	G180K	Missense	-0.61885643
3385	EHMT1	G180K;E181K	Missense;Missense	0.458155593
3386	EHMT1	G180K;E181K	Missense;Missense	0.550935758
3387	EHMT1	E181K;G182K	Missense;Missense	-0.184656529
3388	EHMT1	G182E;S183N	Missense;Missense	-0.045645846
3389	EHMT1	S183N;A184T	Missense;Missense	0.304078203
3390	EHMT1	A184T;D185N	Missense;Missense	-0.832436741
3391	EHMT1		No Mutation	-1.016989932
3392	EHMT1	A184V	Missense	-0.274664808
3393	EHMT1		No Mutation	-1.33525898
3394	EHMT1		No Mutation	0.335086968
3395	EHMT1	A193A;P194F	Silent;Missense	-0.15572321
3396	EHMT1	D197N;V198I	Missense;Missense	0.988895641
3397	EHMT1	D197N;V198I	Missense;Missense	-1.122251514
3398	EHMT1	K199K	Silent	-0.506979926
3399	EHMT1	K199K;V200I	Silent;Missense	0.053431639
3400	EHMT1	K199K;V200I	Silent;Missense	-0.099254583
3401	EHMT1	A196V;D197D	Missense;Silent	-1.02745875
3402	EHMT1	A196A;D197D	Silent;Silent	0.015855522
3403	EHMT1	R202K	Missense	-0.801626598
3404	EHMT1	K205K	Silent	-0.288178461
3405	EHMT1	T206T;P208S	Silent;Missense	-0.506205021
3406	EHMT1	P208L	Missense	-0.399172323
3407	EHMT1	V212I	Missense	-0.130097144
3408	EHMT1		No Mutation	-1.2496479
3409	EHMT1	G213N	Missense	-0.635066393
3410	EHMT1		No Mutation	-0.175156163
3411	EHMT1		No Mutation	0.749365069
3412	EHMT1	R222K;E223K	Missense;Missense	-0.838665109
3413	EHMT1	E226K;A227T	Missense;Missense	-0.423594865
3414	EHMT1	A227T	Missense	-0.902901103
3415	EHMT1		No Mutation	-1.57645323
3416	EHMT1	H230Y	Missense	0.023400128
3417	EHMT1		No Mutation	-0.416923034
3418	EHMT1		No Mutation	0.368791824
3419	EHMT1		No Mutation	0.074124079
3420	EHMT1		No Mutation	-0.346317751
3421	EHMT1		No Mutation	-0.601124934
3422	EHMT1	Q258Q	Silent	-1.030569276
3423	EHMT1	Q258Q;S259S	Silent;Silent	-0.215732672
3424	EHMT1	S259S	Silent	0.009068057
3425	EHMT1		No Mutation	-0.471438951
3426	EHMT1		No Mutation	-0.236352492
3427	EHMT1	Q262*	Nonsense	0.202608652
3428	EHMT1		No Mutation	-0.596186725
3429	EHMT1		No Mutation	-0.154923671
3430	EHMT1	T269I;T270I	Missense;Missense	-1.834236283
3431	EHMT1	S272L;Q273*	Missense;Nonsense	0.396847204
3432	EHMT1	T274I	Missense	-0.038232994
3433	EHMT1	A283T;A284T	Missense;Missense	1.02881315
3434	EHMT1		No Mutation	0.942919282
3435	EHMT1		No Mutation	-0.276387981
3436	EHMT1		No Mutation	-2.14133476
3437	EHMT1	K301K	Silent	-0.180593325
3438	EHMT1	T304I	Missense	0.621432502
3439	EHMT1		No Mutation	0.144325832
3440	EHMT1	S318S	Silent	-1.270098991
3441	EHMT1	T320I	Missense	0.009951714
3442	EHMT1	S322F	Missense	-0.267679943
3443	EHMT1	K327K;(NC)	Silent;Splice-donor	1.685850453
3444	EHMT1	(NC);(NC);(NC)	Intron;Intron;Intron	0.542129846
3445	EHMT1	(NC);(NC);(NC)	Intron;Intron;Intron	-1.203414694
3446	EHMT1	(NC);(NC)	Intron;Intron	0.113974098
3447	EHMT1	(NC);(NC);(NC)	Intron;Intron;Intron	-0.007702495
3448	EHMT1	(NC)	Intron	-0.49955738
3449	EHMT1	E329K	Missense	0.161400026
3450	EHMT1	E329E;K330K	Silent;Silent	0.634508984
3451	EHMT1	(NC)	Intron	-0.557929013
3452	EHMT1		No Mutation	-0.988444539
3453	EHMT1	L337L	Silent	-0.475020975
3454	EHMT1	S335S	Silent	0.252973019
3455	EHMT1	S335S;S336S	Silent;Silent	-0.412171719
3456	EHMT1	S335S;S336S;L337L	Silent;Silent;Silent	0.083663293
3457	EHMT1	V339V	Silent	0.201948026
3458	EHMT1	H338H	Silent	-0.576097713
3459	EHMT1	G341G;E342K	Silent;Missense	-0.285429274
3460	EHMT1		No Mutation	0.125998147
3461	EHMT1	S343S;L344L	Silent;Silent	1.010374523
3462	EHMT1		No Mutation	-0.454157279
3463	EHMT1	S348S;D349N;E350K	Silent;Missense;Missense	-0.102054303
3464	EHMT1		No Mutation	0.033057353
3465	EHMT1	D351D;D352D	Silent;Silent	-0.436852858
3466	EHMT1	D352D;S353L	Silent;Missense	-0.109450582
3467	EHMT1	L356F	Missense	0.275685419
3468	EHMT1		No Mutation	-0.202894273
3469	EHMT1	D360D;G361G;H362Y	Silent;Silent;Missense	-0.155610416
3470	EHMT1	G361G;H362Y	Silent;Missense	-0.471439004
3471	EHMT1	Q366Q;A367T;A368T	Silent;Missense;Missense	0.25176183
3472	EHMT1	A368V	Missense	-1.004389508
3473	EHMT1	F370F;P371F	Silent;Missense	-0.630952915
3474	EHMT1	E373E;D374N	Silent;Missense	0.482380157
3475	EHMT1	R376K	Missense	-0.452378193
3476	EHMT1	R376K	Missense	-1.406775625
3477	EHMT1	R376K	Missense	-0.352872942
3478	EHMT1	D374D	Silent	-0.399542843
3479	EHMT1	S378F	Missense	0.706842216
3480	EHMT1	S378S	Silent	0.418006122
3481	EHMT1	S383S;E384K	Silent;Missense	-1.145050791
3482	EHMT1	A385V	Missense	-0.180784378
3483	EHMT1	(NC)	Intron	0.124405793
3484	EHMT1		No Mutation	-0.799080272
3485	EHMT1	(NC);(NC)	Intron;Intron	-0.261891436
3486	EHMT1		No Mutation	-0.823861757
3487	EHMT1	(NC);(NC)	Intron;Intron	-0.218215805
3488	EHMT1	(NC);(NC);(NC)	Intron;Intron;Intron	0.021586133
3489	EHMT1	(NC)	Intron	-0.008832731
3490	EHMT1	(NC)	Intron	-0.179381351
3491	EHMT1	(NC)	Intron	0.59823417
3492	EHMT1	(NC)	Intron	-1.084852094
3493	EHMT1		No Mutation	-0.15170829
3494	EHMT1	D392D	Silent	0.863499861
3495	EHMT1		No Mutation	-1.185144469
3496	EHMT1		No Mutation	-0.770734976
3497	EHMT1	E400E	Silent	-0.655274107
3498	EHMT1	Q399*	Nonsense	-0.028702331
3499	EHMT1		No Mutation	0.969883876
3500	EHMT1		No Mutation	-0.590219981
3501	EHMT1	S401F	Missense	0.262608179
3502	EHMT1	S401S	Silent	-0.39931547
3503	EHMT1	D403D	Silent	0.170370951
3504	EHMT1	E406E;E407K	Silent;Missense	-0.309506599
3505	EHMT1	T404I	Missense	1.42861026
3506	EHMT1		No Mutation	0.93250168
3507	EHMT1	G410N	Missense	1.750159995
3508	EHMT1	G410G	Silent	-0.699285506
3509	EHMT1	(NC)	Intron	0.705351866
3510	EHMT1		No Mutation	1.280271155
3511	EHMT1		No Mutation	0.428463779
3512	EHMT1	(NC);S417N	Splice-acceptor;Missense	0.40705678
3513	EHMT1	(NC);S417N	Splice-acceptor;Missense	0.167818602
3514	EHMT1	S421N	Missense	0.022538502
3515	EHMT1		No Mutation	0.959298073
3516	EHMT1		No Mutation	-0.566319907
3517	EHMT1		No Mutation	-1.657355656
3518	EHMT1		No Mutation	0.345951133
3519	EHMT1	K439K	Silent	-0.052711641
3520	EHMT1	P436L	Missense	-0.408978206
3521	EHMT1	A441T;R442K	Missense;Missense	-0.445699182
3522	EHMT1	I438I	Silent	-0.241701654
3523	EHMT1	R442K	Missense	-0.125466122
3524	EHMT1	P440L	Missense	0.492882506
3525	EHMT1	P440L;A441V	Missense;Missense	1.199308651
3526	EHMT1		No Mutation	0.040700283
3527	EHMT1	P452F	Missense	-0.677618036
3528	EHMT1	G457S;(NC)	Missense;Splice-donor	-1.153336523
3529	EHMT1	(NC)	Splice-donor	-0.355387687
3530	EHMT1	A455V;L456F	Missense;Missense	0.24238639
3531	EHMT1	A455V;L456F	Missense;Missense	0.523124207
3532	EHMT1	A455A;L456F	Silent;Missense	-0.610685755
3533	EHMT1	L456F	Missense	0.304482379
3534	EHMT1	(NC);(NC);(NC);(NC)	Intron;Intron;Intron;Intron	-0.396574848
3535	EHMT1		No Mutation	-0.513302116
3536	EHMT1	(NC);(NC);(NC);(NC)	Intron;Intron;Intron;Intron	-0.676089762
3537	EHMT1		No Mutation	-0.369184042
3538	EHMT1		No Mutation	-0.007220755
3539	EHMT1	E459K	Missense	-0.223010462
3540	EHMT1	S460S	Silent	0.445850545
3541	EHMT1	S460L	Missense	0.594707526
3542	EHMT1		No Mutation	0.250113293
3543	EHMT1	A468V	Missense	-1.598934704
3544	EHMT1	A472V;P473L	Missense;Missense	-0.527839192
3545	EHMT1	A472V;P473L	Missense;Missense	-0.779334648
3546	EHMT1	D475D	Silent	-0.172932063
3547	EHMT1	G478K	Missense	0.457422402
3548	EHMT1	Y479Y	Silent	0.311534915
3549	EHMT1		No Mutation	-0.627161555
3550	EHMT1	L487L	Silent	-0.518378795
3551	EHMT1		No Mutation	-0.840796551
3552	EHMT1	G493R	Missense	-0.546041819
3553	EHMT1	L495L	Silent	0.074191769
3554	EHMT1	L495L;S496F	Silent;Missense	-0.405697921
3555	EHMT1	Q498*;A499V	Nonsense;Missense	-0.477783381
3556	EHMT1	A499V	Missense	-0.280727371
3557	EHMT1		No Mutation	0.372841531
3558	EHMT1	(NC)	Intron	0.275268197
3559	EHMT1	(NC)	Intron	-0.25748498
3560	EHMT1	(NC)	Intron	0.320759775
3561	EHMT1	A503A;N504N	Silent;Silent	-1.938259365
3562	EHMT1	V508V;L509L	Silent;Silent	0.253320598
3563	EHMT1		No Mutation	-0.519195208
3564	EHMT1	D512N	Missense	0.152687684
3565	EHMT1		No Mutation	-0.670593709
3566	EHMT1		No Mutation	-0.042542928
3567	EHMT1	C520Y	Missense	-1.986300984
3568	EHMT1	P518F	Missense	0.62891874
3569	EHMT1	L519F	Missense	0.812470801
3570	EHMT1	R523Q	Missense	0.374494458
3571	EHMT1	P527P;K528K	Silent;Silent	-0.292753256
3572	EHMT1		No Mutation	0.426143581
3573	EHMT1	R530*	Nonsense	0.882764269
3574	EHMT1	Q539Q	Silent	-0.282041672
3575	EHMT1	A536V	Missense	0.007189017
3576	EHMT1	M541I;A542T	Missense;Missense	-0.590915509
3577	EHMT1	C540C	Silent	-0.31971278
3578	EHMT1	E544K	Missense	0.828368505
3579	EHMT1	(NC);(NC)	Intron;Intron	-1.634798349
3580	EHMT1	(NC);(NC)	Intron;Intron	-0.019874717
3581	EHMT1	(NC)	Intron	-0.128043534
3582	EHMT1	(NC)	Intron	-0.254987353
3583	EHMT1	(NC);(NC)	Intron;Splice-acceptor	-0.515455025
3584	EHMT1	(NC)	Intron	0.118535024
3585	EHMT1	G551G;R552W	Silent;Missense	0.281364511
3586	EHMT1	V557I;V558I	Missense;Missense	-0.549014528
3587	EHMT1	R564C	Missense	-0.653609328
3588	EHMT1	P570P	Silent	-0.932180125
3589	EHMT1	P570P	Silent	-0.251554952
3590	EHMT1	P570P	Silent	-0.885929976
3591	EHMT1		No Mutation	0.199777128
3592	EHMT1	L574L;C575Y	Silent;Missense	-0.411595438
3593	EHMT1	L574L;C575Y;E576K	Silent;Missense;Missense	0.285008553
3594	EHMT1	C575Y;E576K	Missense;Missense	0.42137587
3595	EHMT1	L574L	Silent	-0.064407081
3596	EHMT1	L574L	Silent	-0.379991738
3597	EHMT1	D577N	Missense	0.275481389
3598	EHMT1	L574L	Silent	0.452733763
3599	EHMT1	D577D;H578Y	Silent;Missense	-0.414080132
3600	EHMT1	M582I;V583I	Missense;Missense	0.654540571
3601	EHMT1	V583V;K584K	Silent;Silent	-1.271004242
3602	EHMT1	Q586Q	Silent	0.244658627
3603	EHMT1	H585Y	Missense	0.304497908
3604	EHMT1	Q586*	Nonsense	0.245588943
3605	EHMT1	C591Y;G592S	Missense;Missense	-0.068723629
3606	EHMT1	C595Y	Missense	0.324578828
3607	EHMT1	G592G	Silent	-0.001157514
3608	EHMT1	A597V	Missense	0.311679656
3609	EHMT1	G598D	Missense	-0.015968006
3610	EHMT1		No Mutation	-0.693453422
3611	EHMT1		No Mutation	0.500741895
3612	EHMT1		No Mutation	-0.551127322
3613	EHMT1		No Mutation	0.679168833
3614	EHMT1	C617Y;A618T	Missense;Missense	0.234548871
3615	EHMT1		No Mutation	0.220021349
3616	EHMT1	A624T	Missense	-1.515572225
3617	EHMT1	S625S	Silent	-0.014792363
3618	EHMT1	S625S	Silent	-0.452787766
3619	EHMT1	S625S	Silent	-0.119961144
3620	EHMT1	C630Y	Missense	-0.272327092
3621	EHMT1	P628S	Missense	-0.639856071
3622	EHMT1	E633K;S634N	Missense;Missense	0.237048947
3623	EHMT1	E633E;S634N	Silent;Missense	0.634323337
3624	EHMT1		No Mutation	-0.354654315
3625	EHMT1	E633E;S634N	Silent;Missense	-1.801382095
3626	EHMT1	S634S	Silent	0.837888717
3627	EHMT1	V640V;T641T	Silent;Silent	-0.615302128
3628	EHMT1	A643T	Missense	0.462411238
3629	EHMT1		No Mutation	-0.826252929
3630	EHMT1	T650I	Missense	0.134338922
3631	EHMT1	T650I	Missense	0.468797808
3632	EHMT1	V654I	Missense	0.447635636
3633	EHMT1	T652I;P653S	Missense;Missense	0.688784097
3634	EHMT1	G656K	Missense	-0.273155593
3635	EHMT1	V654V;P655S	Silent;Missense	-0.139468388
3636	EHMT1	V654V;P655F	Silent;Missense	-0.206763479
3637	EHMT1	E658K	Missense	-0.944228097
3638	EHMT1	P655P;Q657*	Silent;Nonsense	0.720228955
3639	EHMT1	K659K;G660N	Silent;Missense	-0.285883494
3640	EHMT1	G660N	Missense	-0.242683578
3641	EHMT1	G660D;S661S	Missense;Silent	-2.775020232
3642	EHMT1		No Mutation	-0.255098487
3643	EHMT1		No Mutation	0.622766688
3644	EHMT1		No Mutation	0.666335115
3645	EHMT1	G660G;S661L	Silent;Missense	1.131973933
3646	EHMT1	G660G;S661L	Silent;Missense	0.023797325
3647	EHMT1	D668N	Missense	0.337628268
3648	EHMT1	D668N	Missense	-0.05548813
3649	EHMT1	G665G	Silent	-0.187850513
3650	EHMT1	A667V	Missense	-0.164511647
3651	EHMT1	A667V;D668D	Missense;Silent	0.38356156
3652	EHMT1	G672D;S673N;(NC)	Missense;Missense;Splice-donor	0.297017907
3653	EHMT1	T669T;T670I	Silent;Missense	0.009989621
3654	EHMT1	(NC)	Intron	0.106751147
3655	EHMT1	G672G	Silent	0.173247841
3656	EHMT1	(NC);(NC)	Intron;Intron	-1.494133296
3657	EHMT1	(NC);(NC)	Intron;Intron	-1.137917774
3658	EHMT1	(NC)	Intron	0.324627718
3659	EHMT1		No Mutation	1.002865773
3660	EHMT1	(NC)	Intron	-0.250920105
3661	EHMT1	(NC);(NC)	Intron;Splice-acceptor	0.750131749
3662	EHMT1	(NC);(NC)	Intron;Splice-acceptor	0.463044703
3663	EHMT1	(NC);(NC);(NC);(NC)	Intron;Intron;Intron;Intron	-0.161271026
3664	EHMT1	(NC);(NC);(NC);(NC)	Intron;Intron;Intron;Intron	0.428178756
3665	EHMT1	A675T;G676R	Missense;Missense	-0.794498637
3666	EHMT1	G676K	Missense	-0.514758331
3667	EHMT1	G676K	Missense	0.146146984
3668	EHMT1	G676E	Missense	-1.377219639
3669	EHMT1	A675V	Missense	0.040086791
3670	EHMT1	A675A;P677S	Silent;Missense	-0.66516659
3671	EHMT1	S680S;E681K	Silent;Missense	0.860668692
3672	EHMT1	D682N;D683N	Missense;Missense	0.020752569
3673	EHMT1	D683N	Missense	0.391030083
3674	EHMT1		No Mutation	-0.084961253
3675	EHMT1		No Mutation	-1.365760382
3676	EHMT1	A689V	Missense	-0.406394305
3677	EHMT1	A689V;S690F	Missense;Missense	0.587719373
3678	EHMT1	E694E;G695N	Silent;Missense	0.251006222
3679	EHMT1	G695D	Missense	0.129831817
3680	EHMT1	D697N	Missense	-0.058182534
3681	EHMT1	P693P	Silent	0.183053863
3682	EHMT1		No Mutation	-0.975816803
3683	EHMT1		No Mutation	-0.546951424
3684	EHMT1	T699T	Silent	0.821233627
3685	EHMT1	P698L	Missense	-1.015699975
3686	EHMT1	P698L	Missense	-0.627913346
3687	EHMT1	T699M	Missense	-0.318331742
3688	EHMT1	T699M	Missense	-0.066611108
3689	EHMT1	G703K	Missense	0.021586133
3690	EHMT1	P701F	Missense	-0.076738368
3691	EHMT1	R706K	Missense	-1.271773518
3692	EHMT1	L704F	Missense	0.947170425
3693	EHMT1	T708I;P709S	Missense;Missense	-0.503206674
3694	EHMT1	T708I;P709F	Missense;Missense	-0.130696766
3695	EHMT1		No Mutation	-0.242094827
3696	EHMT1	G710G;L711F	Silent;Missense	-0.861016774
3697	EHMT1	G710G;L711F	Silent;Missense	-0.325876897
3698	EHMT1	G714K	Missense	-2.102075157
3699	EHMT1	G714E	Missense	-0.200036158
3700	EHMT1	S712F;Q713*	Missense;Nonsense	2.038020386
3701	EHMT1	G716K	Missense	-0.175465543
3702	EHMT1	K717K;E718K	Silent;Missense	-0.045688927
3703	EHMT1	P715L	Missense	0.058798876
3704	EHMT1	K717K;E718K	Silent;Missense	-0.584273527
3705	EHMT1	L720L;E721K	Silent;Missense	0.243516167
3706	EHMT1		No Mutation	-0.683308841
3707	EHMT1	L724F	Missense	-0.532661696
3708	EHMT1	K734K	Silent	-0.217918034
3709	EHMT1	K734K	Silent	0.580308652
3710	EHMT1		No Mutation	-0.892049234
3711	EHMT1		No Mutation	0.594827018
3712	EHMT1	L742L	Silent	0.155086337
3713	EHMT1		No Mutation	0.077115488
3714	EHMT1		No Mutation	-1.210099111
3715	EHMT1	L742L	Silent	0.139103688
3716	EHMT1	Y743Y	Silent	-0.102019678
3717	EHMT1	Y743Y;F744F	Silent;Silent	-1.209977464
3718	EHMT1	Y743Y;F744F	Silent;Silent	-0.149129529
3719	EHMT1	E750E	Silent	-0.443770873
3720	EHMT1	Q748*	Nonsense	0.773768735
3721	EHMT1	Q752Q	Silent	0.307524385
3722	EHMT1		No Mutation	0.199441278
3723	EHMT1		No Mutation	-0.013282393
3724	EHMT1	(NC);(NC)	Intron;Intron	-0.456009044
3725	EHMT1		No Mutation	0.792590607
3726	EHMT1	(NC)	Intron	0.421782973
3727	EHMT1	(NC);(NC)	Intron;Intron	0.247191646
3728	EHMT1	(NC)	Intron	0.865935795
3729	EHMT1		No Mutation	0.199150849
3730	EHMT1	D763D;P764S	Silent;Missense	0.35536692
3731	EHMT1		No Mutation	-0.559486979
3732	EHMT1	R774R;S775F;P776S	Silent;Missense;Missense	-1.015240233
3733	EHMT1	L777L;H778Y	Silent;Missense	-0.194307741
3734	EHMT1	H778Y;A779V	Missense;Missense	-0.589717726
3735	EHMT1	A781T;E782K	Missense;Missense	-0.065066126
3736	EHMT1	A781V	Missense	-1.070977415
3737	EHMT1	G784E	Missense	0.296072902
3738	EHMT1	D787D	Silent	-0.53502745
3739	EHMT1	I788I;C789C;H790Y	Silent;Silent;Missense	0.053551734
3740	EHMT1	H790H	Silent	0.340727593
3741	EHMT1	L792L	Silent	0.885498528
3742	EHMT1	Q794Q;(NC);(NC)	Silent;Splice-donor;Intron	1.485316706
3743	EHMT1	Q794*	Nonsense	0.287944096
3744	EHMT1	(NC);(NC)	Intron;Intron	0.613058926
3745	EHMT1	(NC)	Intron	-0.467285742
3746	EHMT1	(NC)	Intron	0.428324962
3747	EHMT1	(NC)	Intron	0.452872093
3748	EHMT1		No Mutation	0.76078651
3749	EHMT1	T801I;C802C	Missense;Silent	0.341469985
3750	EHMT1	Q806Q;R807K	Silent;Missense	0.901215169
3751	EHMT1	D805D;Q806*	Silent;Nonsense	-0.290201491
3752	EHMT1	L810L;M811I;E812K	Silent;Missense;Missense	0.042662017
3753	EHMT1	A814T	Missense	-0.347827151
3754	EHMT1	A814T;E815K	Missense;Missense	0.225580076
3755	EHMT1	A814V	Missense	-1.24108451
3756	EHMT1	V822V;K823K	Silent;Silent	-0.675908667
3757	EHMT1		No Mutation	0.24565835
3758	EHMT1		No Mutation	0.382685159
3759	EHMT1	Y824Y	Silent	-0.912297615
3760	EHMT1	Y824Y;L825F	Silent;Missense	-0.169963183
3761	EHMT1	L825L;I826I	Silent;Silent	-0.53685221
3762	EHMT1	I826I	Silent	-0.00559284
3763	EHMT1	G829G;A830T	Silent;Missense	0.249068716
3764	EHMT1	A830V;L831L	Missense;Silent	0.012921426
3765	EHMT1	K835K;(NC)	Silent;Splice-donor	1.734228985
3766	EHMT1	K835K;(NC)	Silent;Splice-donor	0.895292521
3767	EHMT1	(NC)	Intron	-0.530139905
3768	EHMT1	(NC)	Intron	-0.185151461
3769	EHMT1		No Mutation	1.210452018
3770	EHMT1	(NC)	Intron	-0.8314643
3771	EHMT1	(NC)	Intron	-1.10203683
3772	EHMT1	G839G;S840F	Silent;Missense	-0.624507015
3773	EHMT1	H844Y;L845L	Missense;Silent	-1.257647076
3774	EHMT1	G850N	Missense	0.256930264
3775	EHMT1		No Mutation	0.427398978
3776	EHMT1	E853K	Missense	-0.371822767
3777	EHMT1	Q856Q	Silent	-0.296971607
3778	EHMT1	Q856*	Nonsense	0.775220199
3779	EHMT1	G862R	Missense	-0.490897316
3780	EHMT1	L859F	Missense	-0.349748864
3781	EHMT1	Q863Q	Silent	-0.501666164
3782	EHMT1		No Mutation	-0.475122647
3783	EHMT1	(NC)	Intron	0.082157113
3784	EHMT1	(NC);(NC);(NC)	Intron;Intron;Intron	-0.210468907
3785	EHMT1	(NC);(NC);(NC)	Intron;Intron;Intron	-0.348993746
3786	EHMT1	D870N;D871N	Missense;Missense	-0.192578919
3787	EHMT1	(NC)	Intron	-0.591988295
3788	EHMT1	G872K;G873N	Missense;Missense	0.441988696
3789	EHMT1	G872E;G873N	Missense;Missense	-1.016108797
3790	EHMT1	G873G	Silent	0.666809057
3791	EHMT1	G873G	Silent	0.254664231
3792	EHMT1	E882K	Missense	-0.431012504
3793	EHMT1	E882K	Missense	-0.970448901
3794	EHMT1	A880A;T881I	Silent;Missense	-0.848919915
3795	EHMT1	V886I	Missense	-0.820812859
3796	EHMT1	L891L	Silent	-0.947054435
3797	EHMT1	L892L;L893L	Silent;Silent	1.30611668
3798	EHMT1	L891L	Silent	-0.106500365
3799	EHMT1		No Mutation	-0.101697612
3800	EHMT1	(NC)	Intron	0.385016951
3801	EHMT1	(NC)	Intron	-1.102464505
3802	EHMT1	(NC)	Intron	0.26567139
3803	EHMT1	(NC);(NC)	Intron;Intron	1.247988154
3804	EHMT1	(NC)	Intron	-0.622291867
3805	EHMT1	N907N	Silent	0.661786904
3806	EHMT1	N907N	Silent	-0.505125458
3807	EHMT1	N907N	Silent	-0.148415601
3808	EHMT1	H911Y	Missense	-0.144751508
3809	EHMT1	A914A	Silent	-2.773872982
3810	EHMT1	A914V	Missense	-0.528988692
3811	EHMT1	A922T	Missense	0.324795079
3812	EHMT1	D920D	Silent	-0.052024559
3813	EHMT1	A928T	Missense	-0.619837857
3814	EHMT1	K929K;C930Y;D931N	Silent;Missense;Missense	0.044922834
3815	EHMT1	A934T	Missense	-0.39782876
3816	EHMT1	H933Y;A934V	Missense;Missense	0.698356561
3817	EHMT1		No Mutation	-0.216359913
3818	EHMT1	G939R	Missense	-0.156326048
3819	EHMT1	G939E;D940N	Missense;Missense	1.117022082
3820	EHMT1	L943L	Silent	-0.319243265
3821	EHMT1	P942L;L943L	Missense;Silent	0.828811537
3822	EHMT1	L943L;H944Y	Silent;Missense	-0.046088586
3823	EHMT1	A947T;R948Q	Missense;Missense	0.206782103
3824	EHMT1	R951H	Missense	0.805074409
3825	EHMT1	D953N	Missense	0.193436008
3826	EHMT1	D953N	Missense	-0.337999227
3827	EHMT1	V956I;(NC)	Missense;Splice-donor	0.822712211
3828	EHMT1	(NC)	Splice-acceptor	0.661603674
3829	EHMT1		No Mutation	0.772437401
3830	EHMT1		No Mutation	-0.210964702
3831	EHMT1	R961R;D962N	Silent;Missense	-1.115315589
3832	EHMT1	V965V	Silent	-0.909804859
3833	EHMT1	T966I	Missense	0.056376761
3834	EHMT1	G972K	Missense	-0.68436911
3835	EHMT1	S980N	Missense	-0.973323315
3836	EHMT1	S980N	Missense	0.916278341
3837	EHMT1		No Mutation	-0.195601861
3838	EHMT1	A979V	Missense	-0.051605254
3839	EHMT1	S980S;L981F	Silent;Missense	-0.585480524
3840	EHMT1	V985V;W986*	Silent;Nonsense	0.774969345
3841	EHMT1	S987S;A988V;L989L	Silent;Missense;Silent	0.529851996
3842	EHMT1		No Mutation	-1.0637941
3843	EHMT1	S992S	Silent	0.90754873
3844	EHMT1	D997D	Silent	0.692469339
3845	EHMT1	P1000P;D1001D	Silent;Silent	-0.392820599
3846	EHMT1	S1004N	Missense	-0.935012911
3847	EHMT1	V1006M	Missense	-0.617657206
3848	EHMT1	V1006M	Missense	0.18616631
3849	EHMT1	P1003F	Missense	-0.306234829
3850	EHMT1	V1006I	Missense	-0.288727296
3851	EHMT1	R1008K	Missense	-0.643380027
3852	EHMT1	R1008K	Missense	0.288921372
3853	EHMT1		No Mutation	-0.198914894
3854	EHMT1	V1010I	Missense	-0.186350744
3855	EHMT1	V1010I;S1011N	Missense;Missense	-0.925426466
3856	EHMT1	V1010V;S1011N	Silent;Missense	-0.07745071
3857	EHMT1	S1011S	Silent	0.73180917
3858	EHMT1	(NC)	Intron	0.251370462
3859	EHMT1	(NC);(NC)	Intron;Intron	0.197025643
3860	EHMT1	(NC);(NC)	Intron;Intron	0.010006472
3861	EHMT1	(NC);(NC);R1012R	Intron;Splice-acceptor;Silent	0.937240554
3862	EHMT1	D1013N	Missense	-0.547539193
3863	EHMT1	(NC)	Intron	0.164602708
3864	EHMT1	A1015T	Missense	-0.386199191
3865	EHMT1	I1023I;P1024F	Silent;Missense	-0.205760816
3866	EHMT1	A1028T	Missense	-0.009670699
3867	EHMT1	A1028T	Missense	0.919660179
3868	EHMT1	A1028T	Missense	-1.301220145
3869	EHMT1	V1029I;D1030N	Missense;Missense	-0.858805765
3870	EHMT1	V1029I;D1030N	Missense;Missense	0.668457044
3871	EHMT1	V1029V;D1030N	Silent;Missense	-0.664076125
3872	EHMT1	C1034Y	Missense	-0.966371948
3873	EHMT1		No Mutation	-0.319958675
3874	EHMT1	K1039K;V1041I	Silent;Missense	0.547945667
3875	EHMT1	R1054K	Missense	-0.303428946
3876	EHMT1	R1054K	Missense	-0.644262633
3877	EHMT1	R1054K	Missense	-0.332282584
3878	EHMT1	R1054K	Missense	0.493471842
3879	EHMT1		No Mutation	1.648292823
3880	EHMT1	H1058Y;L1059L	Missense;Silent	0.102043917
3881	EHMT1		No Mutation	-0.29490656
3882	EHMT1		No Mutation	-0.634270946
3883	EHMT1		No Mutation	-0.315530133
3884	EHMT1		No Mutation	-0.412825324
3885	EHMT1		No Mutation	0.172156415
3886	EHMT1	(NC)	Splice-acceptor	-2.150163656
3887	EHMT1	(NC)	Splice-acceptor	1.109428745
3888	EHMT1	C1062Y;V1063M	Missense;Missense	0.279325247
3889	EHMT1	S1070F	Missense	-0.48254633
3890	EHMT1	M1074I;C1075Y	Missense;Missense	-0.691439798
3891	EHMT1	C1075Y;G1076N	Missense;Missense	0.677119862
3892	EHMT1	L1078F	Missense	-0.20210868
3893	EHMT1	C1082Y	Missense	-0.987644462
3894	EHMT1	R1081C	Missense	-0.997766255
3895	EHMT1	C1082C	Silent	-0.195464144
3896	EHMT1	C1082C	Silent	-0.437892073
3897	EHMT1	Y1084Y	Silent	-0.890140321
3898	EHMT1	(NC)	Intron	-0.692976653
3899	EHMT1	(NC)	Intron	-0.042961202
3900	EHMT1	(NC);(NC)	Intron;Intron	0.030406936
3901	EHMT1	(NC)	Intron	0.479855195
3902	EHMT1	(NC)	Intron	-0.990204176
3903	EHMT1	(NC);(NC)	Intron;Intron	-0.14829972
3904	EHMT1	(NC)	Intron	-0.932134337
3905	EHMT1		No Mutation	-0.779752148
3906	EHMT1	L1090L;L1091L;P1092S	Silent;Silent;Missense	-0.036083585
3907	EHMT1	E1093E	Silent	-1.199009709
3908	EHMT1	P1092L	Missense	0.167118607
3909	EHMT1	M1096I;A1097T	Missense;Missense	-0.481315577
3910	EHMT1	A1097T;E1098K	Missense;Missense	-0.868298586
3911	EHMT1	E1104K;C1105Y	Missense;Missense	0.762770492
3912	EHMT1	C1105Y	Missense	0.161872294
3913	EHMT1	C1105Y	Missense	0.215741037
3914	EHMT1	N1106N;H1107Y	Silent;Missense	-0.48609403
3915	EHMT1	H1107H;A1108V	Silent;Missense	-1.042402541
3916	EHMT1	W1112*	Nonsense	0.598756929
3917	EHMT1	C1115Y;R1116Q	Missense;Missense	-0.640927428
3918	EHMT1	R1118C	Missense	-0.559297015
3919	EHMT1	Q1121Q	Silent	-0.186350744
3920	EHMT1	V1119V	Silent	0.699493871
3921	EHMT1		No Mutation	0.429129697
3922	EHMT1		No Mutation	-1.416273952
3923	EHMT1		No Mutation	-0.087717359
3924	EHMT1	A1126V	Missense	-0.193091783
3925	EHMT1	Q1129*	Nonsense	-0.153061975
3926	EHMT1	Q1129*;L1130F	Nonsense;Missense	0.943465103
3927	EHMT1	L1130L;Y1131Y;R1132W	Silent;Silent;Missense	0.046255154
3928	EHMT1	Y1131Y;R1132W	Silent;Missense	-0.494916888
3929	EHMT1	T1133M	Missense	0.295428141
3930	EHMT1	T1133M;R1134W	Missense;Missense	-1.701471966
3931	EHMT1	T1133M;R1134W	Missense;Missense	-0.696308645
3932	EHMT1	M1136I;G1137N	Missense;Missense	-0.351067185
3933	EHMT1	D1135D	Silent	0.989337648
3934	EHMT1	G1139G	Silent	0.28058484
3935	EHMT1	L1143L;Q1144*	Silent;Nonsense	0.394812677
3936	EHMT1		No Mutation	-0.268621869
3937	EHMT1	G1149S	Missense	-0.406408211
3938	EHMT1	V1152I	Missense	-0.307757869
3939	EHMT1	V1152I;C1153Y	Missense;Missense	-0.433109111
3940	EHMT1	C1153Y;E1154K	Missense;Missense	-0.036308116
3941	EHMT1	(NC);(NC);(NC)	Intron;Intron;Intron	-0.696732621
3942	EHMT1	C1153C	Silent	-0.224007173
3943	EHMT1	C1153C	Silent	-0.045539569
3944	EHMT1		No Mutation	-0.49258073
3945	EHMT1	(NC);(NC)	Intron;Intron	-0.12365277
3946	EHMT1	(NC)	Intron	-0.55411716
3947	EHMT1	(NC);(NC);(NC)	Intron;Intron;Intron	0.308070889
3948	EHMT1	(NC);(NC);(NC);(NC)	Intron;Intron;Intron;Intron	-1.084999879
3949	EHMT1	(NC);(NC);(NC)	Intron;Intron;Intron	-0.617039079
3950	EHMT1	E1154E;V1156I	Silent;Missense	0.037842713
3951	EHMT1	G1157K	Missense	0.750510842
3952	EHMT1	G1157K;E1158K	Missense;Missense	0.6988204
3953	EHMT1		No Mutation	0.535920543
3954	EHMT1	D1171N	Missense	-0.542026297
3955	EHMT1	L1174L	Silent	-0.019011095
3956	EHMT1		No Mutation	-0.529996791
3957	EHMT1	(NC);(NC);(NC)	Intron;Intron;Intron	1.496710909
3958	EHMT1	(NC)	Intron	-1.267335452
3959	EHMT1	(NC)	Intron	-0.045815289
3960	EHMT1	(NC);(NC)	Intron;Intron	-0.687217154
3961	EHMT1	(NC);(NC)	Intron;Intron	0.574156022
3962	EHMT1	(NC);(NC)	Intron;Intron	-0.042034705
3963	EHMT1	(NC);(NC);D1181N	Intron;Splice-acceptor;Missense	-1.114955795
3964	EHMT1	E1183E;V1184I	Silent;Missense	0.686798667
3965	EHMT1	E1183E;V1184I	Silent;Missense	0.370933812
3966	EHMT1	Y1185Y	Silent	-0.519033432
3967	EHMT1	I1187I	Silent	0.256911443
3968	EHMT1	I1187I;D1188D	Silent;Silent	1.024361324
3969	EHMT1	F1191F;Y1192Y	Silent;Silent	-0.418833887
3970	EHMT1		No Mutation	0.389553683
3971	EHMT1	H1201H;H1202Y	Silent;Missense	-0.23600358
3972	EHMT1		No Mutation	-0.623960096
3973	EHMT1	L1207L;V1208M	Silent;Missense	0.068457627
3974	EHMT1	V1210I;R1211H	Missense;Missense	-0.825750563
3975	EHMT1	V1210V;R1211H	Silent;Missense	-0.602320173
3976	EHMT1	P1209F	Missense	-0.29634351
3977	EHMT1	V1212I	Missense	0.972063309
3978	EHMT1	M1214I;A1215T	Missense;Missense	0.068209348
3979	EHMT1	M1214I;A1215T	Missense;Missense	-0.113170216
3980	EHMT1	R1211R	Silent	0.758390582
3981	EHMT1	A1215V	Missense	-1.091859302
3982	EHMT1	D1218D	Silent	-1.219057931
3983	EHMT1	R1220Q	Missense	0.465632309
3984	EHMT1	R1220R	Silent	0.17161168
3985	EHMT1		No Mutation	0.129102938
3986	EHMT1	R1223R;A1225T	Silent;Missense	0.147575294
3987	EHMT1		No Mutation	-0.038366722
3988	EHMT1	S1228N	Missense	0.577153084
3989	EHMT1	S1228N	Missense	-0.153309644
3990	EHMT1	S1228N	Missense	0.778950788
3991	EHMT1	R1230H;L1231L	Missense;Silent	0.065643695
3992	EHMT1	F1227F;S1228S	Silent;Silent	0.078226437
3993	EHMT1	T1229I;R1230C	Missense;Missense	0.747912863
3994	EHMT1	G1235N	Missense	0.133963544
3995	EHMT1	G1235N;E1236K	Missense;Missense	-0.027212678
3996	EHMT1	E1236K	Missense	0.298024324
3997	EHMT1	A1234V	Missense	0.230701434
3998	EHMT1	A1234V	Missense	-0.268295744
3999	EHMT1	G1239E;(NC)	Missense;Splice-donor	0.498033221
4000	EHMT1	L1238L	Silent	-0.730507298
4001	EHMT1	(NC);(NC);(NC)	Intron;Intron;Intron	-0.398400739
4002	EHMT1	(NC)	Intron	-0.495512381
4003	EHMT1		No Mutation	-0.676292554
4004	EHMT1	(NC);(NC);(NC);(NC)	Intron;Intron;Intron;Intron	0.324792407
4005	EHMT1		No Mutation	0.091271028
4006	EHMT1	G1243R	Missense	-0.204424061
4007	EHMT1	G1243K;E1244K	Missense;Missense	-0.43967865
4008	EHMT1	G1243K;E1244K	Missense;Missense	-0.882336928
4009	EHMT1	G1243E;E1244K	Missense;Missense	0.09355186
4010	EHMT1	D1241D	Silent	-1.093558233
4011	EHMT1	D1241D	Silent	-0.686139551
4012	EHMT1	R1245C	Missense	-0.718111783
4013	EHMT1	L1253F	Missense	0.632268818
4014	EHMT1	C1258C;G1259G	Silent;Silent	-1.142956464
4015	EHMT1	K1262K	Silent	-1.378227694
4016	EHMT1	S1266S	Silent	0.065477159
4017	EHMT1	C1263C;R1264W	Silent;Missense	0.45386017
4018	EHMT1	S1266S	Silent	-0.433678937
4019	EHMT1	S1266S;S1267N	Silent;Missense	0.317491097
4020	EHMT1	S1266S;S1267N	Silent;Missense	-0.012611124
4021	EHMT1	H1265Y	Missense	0.267222931
4022	EHMT1	A1268A;A1269T	Silent;Missense	-1.043422136
4023	EHMT1	A1269V;L1270L	Missense;Silent	-0.222104908
4024	EHMT1	Q1274Q;A1275T	Silent;Missense	0.808578889
4025	EHMT1	A1271A;Q1272*;R1273C	Silent;Nonsense;Missense	-0.262015865
4026	EHMT1	Q1274Q;A1275T	Silent;Missense	0.331426599
4027	EHMT1	S1276N;A1277T	Missense;Missense	1.297956187
4028	EHMT1	Q1274*	Nonsense	0.221193935
4029	EHMT1	A1277T;A1278T	Missense;Missense	-0.375134885
4030	EHMT1	A1275V	Missense	-0.382513014
4031	EHMT1	S1276S;A1277V	Silent;Missense	0.480007527
4032	EHMT1	E1280E;A1281T	Silent;Missense	0.820587094
4033	EHMT1	A1278V;Q1279*	Missense;Nonsense	-0.85411453
4034	EHMT1	Q1279*	Nonsense	-0.554620466
4035	EHMT1	E1283E;D1284N	Silent;Missense	0.313788818
4036	EHMT1	E1283E;D1284N;G1285S	Silent;Missense;Missense	-0.157762837
4037	EHMT1	L1286L	Silent	0.767958264
4038	EHMT1	L1286L;D1288N	Silent;Missense	0.660469158
4039	EHMT1	P1287F	Missense	-0.095233339
4040	EHMT1	A1292T;A1293T	Missense;Missense	-0.152184853
4041	EHMT1	A1292A;A1293T	Silent;Missense	-1.288552559
4042	EHMT1	A1295T	Missense	0.327426623
4043	EHMT1		No Mutation	0.936817208
4044	EHMT2	(NC);(NC)	UTR;UTR	0.417904801
4045	EHMT2	(NC)	UTR	-0.500307915
4046	EHMT2	*1268*;(NC)	Silent;UTR	-0.526756719
4047	EHMT2	*1268*;(NC)	Silent;UTR	-0.395359558
4048	EHMT2	P1264L;V1265V	Missense;Silent	-1.319141876
4049	EHMT2		No Mutation	0.399367216
4050	EHMT2		No Mutation	1.258179696
4051	EHMT2	L1262L	Silent	0.153465424
4052	EHMT2	L1262L	Silent	0.018172164
4053	EHMT2	E1258K	Missense	-0.489164338
4054	EHMT2	E1258K	Missense	-0.783839778
4055	EHMT2	L1255L	Silent	-0.064941058
4056	EHMT2	L1256L	Silent	-0.142671297
4057	EHMT2	L1255L;L1256L	Silent;Silent	-0.26561042
4058	EHMT2	E1254K	Missense	-0.241563948
4059	EHMT2	E1254K	Missense	-0.323681911
4060	EHMT2		No Mutation	0.600545535
4061	EHMT2	L1249L;D1250N	Silent;Missense	-0.299522464
4062	EHMT2	S1244S;R1245C	Silent;Missense	0.661265498
4063	EHMT2	L1246L;A1247T	Silent;Missense	0.325899828
4064	EHMT2	R1245H;L1246L	Missense;Silent	-0.763732622
4065	EHMT2	A1240A;L1241L	Silent;Silent	-0.728003613
4066	EHMT2	Q1243Q;S1244N	Silent;Missense	-0.850196371
4067	EHMT2	L1241L;E1242K	Silent;Missense	0.163746622
4068	EHMT2	A1236V	Missense	-0.059171109
4069	EHMT2	E1230E;K1231K	Silent;Silent	-0.748959732
4070	EHMT2	E1230K	Missense	0.456731144
4071	EHMT2		No Mutation	0.936879158
4072	EHMT2	D1210D	Silent	-0.429559265
4073	EHMT2	D1210D	Silent	-0.208720378
4074	EHMT2		No Mutation	-0.438601586
4075	EHMT2	(NC)	Intron	-0.104368051
4076	EHMT2	(NC);G1208G	Splice-acceptor;Silent	0.775160581
4077	EHMT2	(NC);(NC)	Intron;Intron	-0.030692584
4078	EHMT2	(NC);(NC)	Intron;Intron	0.049479166
4079	EHMT2	(NC)	Intron	-0.466394099
4080	EHMT2	L1207L	Silent	0.118082246
4081	EHMT2	L1207L	Silent	-0.506131398
4082	EHMT2	L1207L	Silent	0.943982437
4083	EHMT2	E1206E;G1208R	Silent;Missense	-0.570180974
4084	EHMT2	T1203I	Missense	-0.127383377
4085	EHMT2	R1202W;T1203I	Missense;Missense	0.265866964
4086	EHMT2	G1204K;E1205K	Missense;Missense	1.245364142
4087	EHMT2	G1204K	Missense	0.658010693
4088	EHMT2	D1200D	Silent	0.22068447
4089	EHMT2	S1198S;R1199*	Silent;Nonsense	0.177096879
4090	EHMT2	S1198F;R1199*	Missense;Nonsense	0.831454026
4091	EHMT2	S1198F;R1199*	Missense;Nonsense	0.71143669
4092	EHMT2	F1196F	Silent	-0.161119002
4093	EHMT2	R1199Q;D1200N	Missense;Missense	0.518985144
4094	EHMT2	S1197N	Missense	-0.93767516
4095	EHMT2	A1194T	Missense	-1.855009565
4096	EHMT2		No Mutation	-0.241389799
4097	EHMT2	L1184L	Silent	-0.446297388
4098	EHMT2	M1183I;L1184L	Missense;Silent	1.555555545
4099	EHMT2	M1183I	Missense	-0.793306065
4100	EHMT2	R1180Q	Missense	1.059062477
4101	EHMT2	V1179I;R1180Q	Missense;Missense	-1.305936799
4102	EHMT2	V1179I	Missense	-0.955883804
4103	EHMT2	P1174P;N1175N	Silent;Silent	0.998740699
4104	EHMT2	P1174L;N1175N	Missense;Silent	0.082157113
4105	EHMT2		No Mutation	0.877540523
4106	EHMT2		No Mutation	-0.430640696
4107	EHMT2	L1171L	Silent	-0.074041572
4108	EHMT2		No Mutation	0.10751173
4109	EHMT2		No Mutation	-0.744965313
4110	EHMT2		No Mutation	0.126217211
4111	EHMT2	V1153V	Silent	0.285008553
4112	EHMT2	V1153V	Silent	0.342373501
4113	EHMT2	V1153I	Missense	-0.103832448
4114	EHMT2	E1152K;V1153M	Missense;Missense	0.110173237
4115	EHMT2	G1151E;E1152K	Missense;Missense	-0.356347396
4116	EHMT2	G1151K;E1152K	Missense;Missense	0.694269986
4117	EHMT2	G1151K;E1152K	Missense;Missense	-0.101944776
4118	EHMT2	(NC);(NC);(NC)	Intron;Intron;Intron	-0.483543026
4119	EHMT2	(NC);D1150N	Splice-acceptor;Missense	0.86343729
4120	EHMT2	(NC);(NC);(NC)	Intron;Intron;Intron	0.704007322
4121	EHMT2	(NC);(NC)	Intron;Intron	0.08495426
4122	EHMT2	D1147D	Silent	-0.084639235
4123	EHMT2		No Mutation	0.937013046
4124	EHMT2	L1143L;F1144F	Silent;Silent	-1.068857271
4125	EHMT2		No Mutation	-0.003748629
4126	EHMT2	L1128L	Silent	0.203019195
4127	EHMT2	G1126G;E1127K	Silent;Missense	1.682659932
4128	EHMT2	G1126E;E1127K	Missense;Missense	1.222401133
4129	EHMT2	V1125I;G1126R	Missense;Missense	0.998740699
4130	EHMT2	(NC);(NC);(NC)	Intron;Intron;Intron	-0.115230008
4131	EHMT2	(NC);(NC)	Intron;Intron	-0.611002535
4132	EHMT2	(NC);(NC)	Intron;Intron	0.91042555
4133	EHMT2		No Mutation	-0.301903287
4134	EHMT2		No Mutation	-0.119729831
4135	EHMT2	I1121I;C1122C	Silent;Silent	-0.327461368
4136	EHMT2	(NC)	Intron	0.349889492
4137	EHMT2	I1121I	Silent	-0.34574447
4138	EHMT2	C1122Y	Missense	0.40233791
4139	EHMT2		No Mutation	0.812069738
4140	EHMT2		No Mutation	0.188884913
4141	EHMT2	Q1117Q;G1118R	Silent;Missense	-0.041857252
4142	EHMT2	Q1117Q	Silent	-0.602483516
4143	EHMT2	Q1113*	Nonsense	-0.998699876
4144	EHMT2	L1112L;Q1113*	Silent;Nonsense	-0.499445641
4145	EHMT2	A1111A;L1112L;Q1113*	Silent;Silent;Nonsense	0.635152535
4146	EHMT2		No Mutation	0.68671841
4147	EHMT2	G1108E;V1109I	Missense;Missense	2.075725173
4148	EHMT2	A1103V	Missense	-0.497537345
4149	EHMT2	M1105I;G1106N	Missense;Missense	0.29043802
4150	EHMT2	T1102I;A1103V	Missense;Missense	0.793751464
4151	EHMT2	T1102I;A1103V	Missense;Missense	-0.036189221
4152	EHMT2	T1102I	Missense	-0.523255374
4153	EHMT2	T1102I	Missense	0.872997121
4154	EHMT2	Y1100Y;R1101*	Silent;Nonsense	1.177597724
4155	EHMT2	L1099L;Y1100Y;R1101*	Silent;Silent;Nonsense	-0.504160897
4156	EHMT2	Q1098Q	Silent	-0.190776029
4157	EHMT2	Q1098Q	Silent	-1.024179265
4158	EHMT2	Q1098Q	Silent	-0.45805671
4159	EHMT2	Q1098Q	Silent	0.369114172
4160	EHMT2	R1096Q	Missense	-0.348301166
4161	EHMT2	(NC);K1094K	Splice-acceptor;Silent	-0.465599934
4162	EHMT2	(NC);(NC)	Intron;Intron	-0.098306299
4163	EHMT2	(NC);(NC);(NC)	Intron;Intron;Intron	-0.342069474
4164	EHMT2	Q1090*	Nonsense	0.240577819
4165	EHMT2	G1092N	Missense	0.076718747
4166	EHMT2	N1086N;R1087W	Silent;Missense	0.747476277
4167	EHMT2		No Mutation	-0.055460934
4168	EHMT2		No Mutation	-1.279620108
4169	EHMT2	W1081*	Nonsense	-0.504915185
4170	EHMT2	N1075N;Q1076*	Silent;Nonsense	1.618369498
4171	EHMT2	C1074Y	Missense	0.125529898
4172	EHMT2	E1073K;C1074Y	Missense;Missense	1.050697914
4173	EHMT2	K1065K;E1067K	Silent;Missense	-0.692893269
4174	EHMT2	L1059L	Silent	-0.39232136
4175	EHMT2	L1059L	Silent	-0.347011072
4176	EHMT2		No Mutation	0.272162838
4177	EHMT2	G1057E;R1058Q	Missense;Missense	-0.515244192
4178	EHMT2	G1057K	Missense	0.846372797
4179	EHMT2	D1056N;G1057K	Missense;Missense	-0.061003594
4180	EHMT2	(NC);D1056N;G1057R	Splice-acceptor;Missense;Missense	1.562190837
4181	EHMT2	(NC);D1056N	Splice-acceptor;Missense	0.362972343
4182	EHMT2	(NC);(NC);(NC);(NC)	Intron;Intron;Intron;Intron	-0.318616268
4183	EHMT2	(NC);(NC);(NC);(NC)	Intron;Intron;Intron;Intron	0.053743863
4184	EHMT2	(NC);(NC);(NC);(NC)	Intron;Intron;Intron;Intron	-0.533509549
4185	EHMT2	(NC)	Intron	1.414588471
4186	EHMT2	(NC)	Intron	1.012690375
4187	EHMT2	K1055K;(NC)	Silent;Splice-donor	0.60285859
4188	EHMT2	I1049I;R1050W	Silent;Missense	0.30417981
4189	EHMT2	R1050R;C1051Y	Silent;Missense	0.095036922
4190	EHMT2	L1047F	Missense	0.336833785
4191	EHMT2	S1048N	Missense	-0.107434555
4192	EHMT2	C1044C;G1045G	Silent;Silent	0.509625891
4193	EHMT2	G1045D;Q1046Q	Missense;Silent	-0.590769042
4194	EHMT2	S1039S;S1040F	Silent;Missense	0.37128587
4195	EHMT2	V1034I;D1035N	Missense;Missense	-0.596084336
4196	EHMT2	C1033Y;V1034I	Missense;Missense	-0.24879298
4197	EHMT2	C1033Y;V1034M	Missense;Missense	0.337805251
4198	EHMT2	(NC);(NC);H1030Y	Intron;Intron;Missense	-0.40130072
4199	EHMT2	C1031Y;T1032T	Missense;Silent	0.493173771
4200	EHMT2	C1031Y	Missense	0.562513385
4201	EHMT2	(NC)	Splice-acceptor	0.978196828
4202	EHMT2		No Mutation	-0.397962461
4203	EHMT2	(NC);(NC);(NC);(NC)	Intron;Intron;Intron;Intron	0.069777
4204	EHMT2		No Mutation	0.101482103
4205	EHMT2	Q1029*	Nonsense	-0.433122817
4206	EHMT2	(NC);(NC);(NC)	Intron;Intron;Intron	-0.67617906
4207	EHMT2	(NC);(NC);(NC)	Intron;Intron;Intron	0.117890549
4208	EHMT2	H1027H;L1028L	Silent;Silent	-0.328994129
4209	EHMT2	H1027Y;L1028L	Missense;Silent	-0.26535086
4210	EHMT2	T1026T;H1027Y;L1028L	Silent;Missense;Silent	-0.576941789
4211	EHMT2	T1026I;H1027Y	Missense;Missense	-0.312557733
4212	EHMT2	R1023R;N1024N	Silent;Silent	0.072971339
4213	EHMT2	R1023H	Missense	-0.411335154
4214	EHMT2	R1023H	Missense	0.392905948
4215	EHMT2		No Mutation	0.084163869
4216	EHMT2	K1008K	Silent	-0.350603278
4217	EHMT2	K1008K	Silent	0.665107985
4218	EHMT2		No Mutation	-0.327529851
4219	EHMT2		No Mutation	-0.209564566
4220	EHMT2	V998V;D999N	Silent;Missense	-0.270064176
4221	EHMT2	V998I;D999N	Missense;Missense	-0.201073217
4222	EHMT2	V995V	Silent	0.271114288
4223	EHMT2	V995V	Silent	-0.41055177
4224	EHMT2		No Mutation	0.464137705
4225	EHMT2	G997N	Missense	-0.419662579
4226	EHMT2	G997N	Missense	-0.428829959
4227	EHMT2	P993F	Missense	-0.244807729
4228	EHMT2	P991F	Missense	0.040903971
4229	EHMT2	(NC)	Intron	-0.056313896
4230	EHMT2	(NC);(NC)	Intron;Intron	0.724507086
4231	EHMT2	(NC);(NC)	Intron;Intron	1.360457705
4232	EHMT2	V983I	Missense	0.124354016
4233	EHMT2	D982N;V983M	Missense;Missense	1.27007571
4234	EHMT2	(NC);(NC)	Intron;Intron	0.115291893
4235	EHMT2	(NC)	Intron	0.183752086
4236	EHMT2	(NC)	Intron	-0.089164494
4237	EHMT2	(NC)	Intron	-0.00113738
4238	EHMT2	(NC);(NC)	Intron;Intron	0.189732332
4239	EHMT2	(NC)	Intron	0.879592987
4240	EHMT2		No Mutation	0.836475875
4241	EHMT2	I979I	Silent	-0.224426928
4242	EHMT2	I978I;I979I	Silent;Silent	0.714287769
4243	EHMT2		No Mutation	0.258635961
4244	EHMT2	T975I	Missense	0.763686471
4245	EHMT2	K977K	Silent	1.021860587
4246	EHMT2		No Mutation	-0.123655337
4247	EHMT2	L966F	Missense	1.040138588
4248	EHMT2	L966F	Missense	-0.015945737
4249	EHMT2	G967K;V968M	Missense;Missense	0.715923087
4250	EHMT2	L964F	Missense	-0.40068883
4251	EHMT2	R962R;L964F	Silent;Missense	0.843623365
4252	EHMT2	N961N;R962C	Silent;Missense	-0.656562967
4253	EHMT2	N961N;R962C	Silent;Missense	-0.367363131
4254	EHMT2	N961N;R962C	Silent;Missense	0.792328626
4255	EHMT2	A957A	Silent	-0.435209692
4256	EHMT2	V954V;W955*	Silent;Nonsense	-0.104133712
4257	EHMT2	V954I;W955*	Missense;Nonsense	0.408716597
4258	EHMT2	P949L	Missense	-1.479227174
4259	EHMT2	D953N	Missense	0.171629191
4260	EHMT2		No Mutation	-0.656349321
4261	EHMT2		No Mutation	-0.290895849
4262	EHMT2	E940K	Missense	0.081535554
4263	EHMT2	L936L;R937W	Silent;Missense	-0.562216183
4264	EHMT2	E940K	Missense	0.245395456
4265	EHMT2	L936L	Silent	-1.046003365
4266	EHMT2	L936L	Silent	0.437210613
4267	EHMT2	L936L	Silent	0.642965443
4268	EHMT2	R937Q	Missense	0.079680987
4269	EHMT2	A932V	Missense	-0.648750329
4270	EHMT2		No Mutation	0.733875706
4271	EHMT2		No Mutation	0.094509724
4272	EHMT2		No Mutation	0.744949419
4273	EHMT2		No Mutation	0.291598153
4274	EHMT2	L928L	Silent	-0.851911474
4275	EHMT2	L928L	Silent	-0.533480184
4276	EHMT2		No Mutation	0.018048753
4277	EHMT2	(NC);L925L	Splice-acceptor;Silent	1.233833078
4278	EHMT2	(NC);(NC);(NC)	Intron;Intron;Intron	0.528193105
4279	EHMT2	(NC);(NC);(NC)	Splice-donor;Intron;Intron	0.261038486
4280	EHMT2	R917Q	Missense	-0.379671214
4281	EHMT2	A916T;R917Q	Missense;Missense	-1.274654421
4282	EHMT2	A916T	Missense	-0.084566969
4283	EHMT2	A916T	Missense	-1.374017498
4284	EHMT2	P911P;L912L;H913Y	Silent;Silent;Missense	0.173719302
4285	EHMT2	P911L;L912L	Missense;Silent	-0.143965215
4286	EHMT2	L912L	Silent	-0.14453984
4287	EHMT2	G908R	Missense	0.051097417
4288	EHMT2	A903V	Missense	0.036052139
4289	EHMT2		No Mutation	-0.283297146
4290	EHMT2	A903V	Missense	-0.229610005
4291	EHMT2	H902Y;A903V	Missense;Missense	-0.855800645
4292	EHMT2	C899Y;D900N	Missense;Missense	0.961747723
4293	EHMT2	A897T	Missense	0.637455566
4294	EHMT2	L895L	Silent	0.783632916
4295	EHMT2		No Mutation	-0.586160817
4296	EHMT2	A889T	Missense	-0.206081757
4297	EHMT2	S887N;A888T	Missense;Missense	-1.445557197
4298	EHMT2		No Mutation	-1.053366343
4299	EHMT2	H880Y	Missense	0.689278503
4300	EHMT2	H880Y	Missense	0.728562849
4301	EHMT2	N876N	Silent	0.104532651
4302	EHMT2	N876N	Silent	-0.080655645
4303	EHMT2	C878Y	Missense	0.51210571
4304	EHMT2		No Mutation	0.126500495
4305	EHMT2	E874E;E875K	Silent;Missense	-0.805518597
4306	EHMT2	(NC);E874K	Splice-acceptor;Missense	0.999811617
4307	EHMT2	(NC);E874K	Splice-acceptor;Missense	1.262117187
4308	EHMT2	(NC);(NC);(NC);(NC)	Intron;Intron;Intron;Intron	0.478928793
4309	EHMT2	(NC);(NC);(NC);(NC)	Intron;Intron;Intron;Intron	0.105198998
4310	EHMT2	(NC)	Intron	0.447045173
4311	EHMT2		No Mutation	-0.290322532
4312	EHMT2	D872D;N873N	Silent;Silent	0.596356795
4313	EHMT2	(NC);(NC);(NC)	Intron;Intron;Intron	0.219488173
4314	EHMT2	(NC);(NC)	Intron;Intron	-0.517160664
4315	EHMT2	D872N	Missense	0.440247229
4316	EHMT2	T863T;R864Q;G865S	Silent;Missense;Missense	0.20332389
4317	EHMT2	R859C	Missense	-0.580484277
4318	EHMT2	I858I;R859C	Silent;Missense	0.728369598
4319	EHMT2	I858I;R859C	Silent;Missense	-0.347224044
4320	EHMT2	H852Y	Missense	-0.828788185
4321	EHMT2	E851K	Missense	-0.17072438
4322	EHMT2	A850T;E851K	Missense;Missense	-0.723325786
4323	EHMT2		No Mutation	0.061648629
4324	EHMT2		No Mutation	-0.447924482
4325	EHMT2	G842K;W843*	Missense;Nonsense	0.472819331
4326	EHMT2	G841G;G842K	Silent;Missense	-0.164384695
4327	EHMT2	G841K;G842R	Missense;Missense	-0.425175403
4328	EHMT2	(NC);(NC)	Intron;Intron	-0.415801533
4329	EHMT2	S840N;G841K	Missense;Missense	-0.971484122
4330	EHMT2	(NC);(NC);(NC)	Intron;Intron;Intron	-0.53269362
4331	EHMT2	(NC);(NC);(NC);(NC)	Intron;Intron;Intron;Intron	0.203300928
4332	EHMT2	D839N;S840N	Missense;Missense	0.426755909
4333	EHMT2	(NC);(NC);(NC);(NC)	Intron;Intron;Intron;Intron	0.542342764
4334	EHMT2	(NC);D839N	Splice-acceptor;Missense	-0.281928687
4335	EHMT2	(NC);(NC);(NC);(NC)	Intron;Intron;Intron;Intron	0.00625953
4336	EHMT2	(NC);(NC);(NC)	Intron;Intron;Intron	0.552441651
4337	EHMT2		No Mutation	0.803352155
4338	EHMT2		No Mutation	-0.212643541
4339	EHMT2	(NC);(NC);(NC)	Intron;Intron;Intron	0.141988635
4340	EHMT2		No Mutation	-1.7732681
4341	EHMT2		No Mutation	1.110425989
4342	EHMT2	V835V	Silent	-0.0088638
4343	EHMT2		No Mutation	-0.560137137
4344	EHMT2	L828L	Silent	-0.92844295
4345	EHMT2	G831K	Missense	0.591757899
4346	EHMT2	L827L;L828L	Silent;Silent	-0.587626497
4347	EHMT2	S825S;L826L	Silent;Silent	0.991124646
4348	EHMT2	L821L;E822K	Silent;Missense	-0.392182804
4349	EHMT2	I818I	Silent	-1.145674241
4350	EHMT2	A816V	Missense	-0.354723528
4351	EHMT2	H813H;H814Y	Silent;Missense	-0.726232083
4352	EHMT2	H813Y;H814Y	Missense;Missense	1.19596987
4353	EHMT2	A816T	Missense	0.357698247
4354	EHMT2	A815T	Missense	0.390233722
4355	EHMT2	G808N	Missense	0.047579684
4356	EHMT2	G808N	Missense	0.706076163
4357	EHMT2	(NC);(NC);(NC);(NC)	Intron;Intron;Intron;Intron	0.309551489
4358	EHMT2	E805K;E806K	Missense;Missense	0.296747039
4359	EHMT2	(NC);E805K;E806K	Splice-acceptor;Missense;Missense	0.511714122
4360	EHMT2	(NC)	Intron	-1.448352594
4361	EHMT2	(NC);(NC);(NC)	Intron;Intron;Intron	-0.44919353
4362	EHMT2	(NC);(NC)	Intron;Intron	-0.656935625
4363	EHMT2	(NC);(NC)	Intron;Intron	-0.778896476
4364	EHMT2	(NC)	Intron	0.500833178
4365	EHMT2		No Mutation	0.853807335
4366	EHMT2	S803S	Silent	-0.154219992
4367	EHMT2	G799G	Silent	1.084000916
4368	EHMT2	Q796Q;R797H;G798S	Silent;Missense;Missense	-0.137746201
4369	EHMT2	Q796Q;R797H	Silent;Missense	-0.420695657
4370	EHMT2	Y793Y	Silent	-0.139774622
4371	EHMT2	R792C	Missense	-1.446422941
4372	EHMT2		No Mutation	0.743031672
4373	EHMT2		No Mutation	0.379983104
4374	EHMT2	R792H	Missense	-0.774956285
4375	EHMT2	L788L	Silent	-0.467826946
4376	EHMT2		No Mutation	-0.063592767
4377	EHMT2	A782A	Silent	0.203127637
4378	EHMT2	V783I;V784M	Missense;Missense	-0.47974998
4379	EHMT2	P778L;L779L	Missense;Silent	-0.96939999
4380	EHMT2	R776W	Missense	-0.371194369
4381	EHMT2	Q775*;R776W	Nonsense;Missense	-0.463098927
4382	EHMT2	A770V	Missense	-0.499426139
4383	EHMT2	V771V;D772N	Silent;Missense	0.154573711
4384	EHMT2	A766V	Missense	-0.341243974
4385	EHMT2		No Mutation	-0.136598286
4386	EHMT2	A766T	Missense	-1.074345448
4387	EHMT2	A766T	Missense	0.063371546
4388	EHMT2	G765E;A766T	Missense;Missense	0.398626446
4389	EHMT2	A764T;G765K	Missense;Missense	-0.561350295
4390	EHMT2	(NC);A764T	Splice-acceptor;Missense	0.297781972
4391	EHMT2	(NC);A764T	Splice-acceptor;Missense	2.125238675
4392	EHMT2	(NC);(NC);(NC)	Intron;Intron;Intron	0.320188031
4393	EHMT2		No Mutation	-0.357662882
4394	EHMT2	(NC);(NC);(NC);(NC)	Intron;Intron;Intron;Intron	0.226201172
4395	EHMT2	Q763*	Nonsense	0.245785825
4396	EHMT2	L761L;L762L	Silent;Silent	0.371963256
4397	EHMT2	L761L;L762L	Silent;Silent	-0.769828553
4398	EHMT2	Q763Q;(NC)	Silent;Splice-donor	-0.221115015
4399	EHMT2	I757I;C758C;H759Y	Silent;Silent;Missense	0.196117663
4400	EHMT2	V760I	Missense	-1.144361468
4401	EHMT2	V755V;E756K	Silent;Missense	-0.753633683
4402	EHMT2	V755V;E756K	Silent;Missense	-0.637318382
4403	EHMT2	V755I	Missense	0.184540802
4404	EHMT2	A749A;A750V;Q751*	Silent;Missense;Nonsense	0.164431722
4405	EHMT2	Q751Q	Silent	-0.063039413
4406	EHMT2	Q751Q	Silent	0.492409631
4407	EHMT2	H747Y;A748V	Missense;Missense	-0.99828159
4408	EHMT2	A750T	Missense	0.874820023
4409	EHMT2	H747Y	Missense	-0.190105915
4410	EHMT2	T744T	Silent	-0.291504514
4411	EHMT2	Q740Q;S741N	Silent;Missense	-0.522659164
4412	EHMT2	Q739Q	Silent	-0.395214858
4413	EHMT2	D738N	Missense	-0.127274075
4414	EHMT2	D738N	Missense	-0.266035466
4415	EHMT2	Q736Q	Silent	-1.270900962
4416	EHMT2	L731L;D732N	Silent;Missense	0.02077364
4417	EHMT2	L731L;D732N	Silent;Missense	-0.540515344
4418	EHMT2	L731L;D732N	Silent;Missense	0.787503639
4419	EHMT2	(NC)	Intron	0.460062534
4420	EHMT2		No Mutation	0.629679312
4421	EHMT2		No Mutation	-0.843361681
4422	EHMT2	(NC);(NC)	Intron;Intron	-0.705571977
4423	EHMT2	Q717*	Nonsense	0.258750057
4424	EHMT2	E719E;L720L	Silent;Silent	-0.153318862
4425	EHMT2	Q717Q;G718N;E719K	Silent;Missense;Missense	0.833317249
4426	EHMT2	Y712Y;L713L	Silent;Silent	-0.633463142
4427	EHMT2	Y712Y;L713L	Silent;Silent	0.809318834
4428	EHMT2	L713L	Silent	-1.583864392
4429	EHMT2	L713L	Silent	-0.559856997
4430	EHMT2	L711L	Silent	-0.422874769
4431	EHMT2	R709R;Q710Q	Silent;Silent	-0.32822826
4432	EHMT2	L704F	Missense	-0.538716735
4433	EHMT2	K702K;K703K	Silent;Silent	0.471359971
4434	EHMT2	K702K;K703K	Silent;Silent	-0.053333477
4435	EHMT2	(NC);R700R;R701Q	Splice-acceptor;Silent;Missense	-1.569709752
4436	EHMT2	(NC);R700R	Splice-acceptor;Silent	0.770634579
4437	EHMT2	(NC);(NC)	Intron;Intron	-0.619428782
4438	EHMT2	(NC);(NC)	Intron;Intron	-0.239853308
4439	EHMT2	(NC)	Intron	-0.954859293
4440	EHMT2	(NC);(NC);(NC)	Intron;Intron;Intron	-0.683893873
4441	EHMT2		No Mutation	0.222254075
4442	EHMT2		No Mutation	0.887388909
4443	EHMT2	(NC);(NC);(NC)	Splice-donor;Intron;Intron	0.631728817
4444	EHMT2	S698L	Missense	-0.295474002
4445	EHMT2	S698L	Missense	0.170771162
4446	EHMT2		No Mutation	0.132423784
4447	EHMT2	V694V;I695I	Silent;Silent	-0.62145303
4448	EHMT2	E697E	Silent	0.018043969
4449	EHMT2		No Mutation	1.107566644
4450	EHMT2	A688V;L689L	Missense;Silent	0.722224964
4451	EHMT2	G685G;R686W	Silent;Missense	-0.857898055
4452	EHMT2	P684L	Missense	-0.593002359
4453	EHMT2	R686Q;E687K	Missense;Missense	0.501274785
4454	EHMT2	L682L	Silent	0.13801612
4455	EHMT2	P681L;L682L	Missense;Silent	0.188420178
4456	EHMT2	P681L	Missense	0.068773472
4457	EHMT2	L682L;G683K	Silent;Missense	-1.540129552
4458	EHMT2	L680L	Silent	-0.55579615
4459	EHMT2	A677V	Missense	0.562978645
4460	EHMT2	A677V	Missense	0.380965912
4461	EHMT2	A677V	Missense	-0.215554951
4462	EHMT2	G679G;L680L	Silent;Silent	0.775181228
4463	EHMT2	G673G;C674C	Silent;Silent	-1.697456662
4464	EHMT2	G673G	Silent	-0.767792865
4465	EHMT2	G673G	Silent	-0.618125626
4466	EHMT2		No Mutation	1.356613079
4467	EHMT2		No Mutation	0.437779333
4468	EHMT2	C674Y	Missense	0.766071772
4469	EHMT2	G673D;C674Y	Missense;Missense	-0.179490827
4470	EHMT2	G672K;G673S	Missense;Missense	0.173029656
4471	EHMT2	G672K	Missense	0.808958036
4472	EHMT2		No Mutation	-0.585266193
4473	EHMT2	L667L;T668I	Silent;Missense	0.270662724
4474	EHMT2		No Mutation	0.445626858
4475	EHMT2	S666S;L667L	Silent;Silent	-0.643076193
4476	EHMT2	S666F;L667L	Missense;Silent	-0.662439962
4477	EHMT2	S666F;L667L	Missense;Silent	0.184278362
4478	EHMT2	G664E	Missense	-0.843644317
4479	EHMT2	D658D;T659I	Silent;Missense	-0.109347909
4480	EHMT2	D658D;T659I	Silent;Missense	0.647049982
4481	EHMT2	D661N	Missense	-0.18941536
4482	EHMT2	D661N	Missense	-0.295159508
4483	EHMT2	D661N	Missense	-0.256444697
4484	EHMT2	D658N	Missense	-0.235045826
4485	EHMT2	A657T;D658N	Missense;Missense	1.031056447
4486	EHMT2	L656L;A657T	Silent;Missense	-0.411862355
4487	EHMT2	L656L;A657T	Silent;Missense	-1.443267194
4488	EHMT2	R650R;P651L;P652S	Silent;Missense;Missense	0.044927785
4489	EHMT2	D654N	Missense	-0.32290541
4490	EHMT2	C653Y;D654N	Missense;Missense	-0.255921898
4491	EHMT2	C653Y;D654N	Missense;Missense	-0.48190926
4492	EHMT2		No Mutation	0.512992756
4493	EHMT2	G646K;E647K	Missense;Missense	0.65293129
4494	EHMT2	G646K	Missense	0.148160916
4495	EHMT2	A640A;R641W	Silent;Missense	0.315850445
4496	EHMT2	A640V;R641W	Missense;Missense	-0.659743266
4497	EHMT2	A640V;R641W	Missense;Missense	-0.849398207
4498	EHMT2	M642I;R643Q;G644R	Missense;Missense;Missense	-0.521861538
4499	EHMT2	(NC)	Intron	-0.198974632
4500	EHMT2	(NC);(NC)	Intron;Intron	-0.27090221
4501	EHMT2	R641Q	Missense	-0.552113374
4502	EHMT2	(NC);(NC);(NC)	Intron;Intron;Intron	0.128805377
4503	EHMT2		No Mutation	0.129119427
4504	EHMT2		No Mutation	-1.634825353
4505	EHMT2	T635I;S636F	Missense;Missense	0.171015662
4506	EHMT2	A633V;D634D	Missense;Silent	-1.900184936
4507	EHMT2		No Mutation	-1.950387334
4508	EHMT2		No Mutation	-0.008193909
4509	EHMT2		No Mutation	-0.165688484
4510	EHMT2	G631G;R632K;A633T	Silent;Missense;Missense	0.121735528
4511	EHMT2	G631E;R632K	Missense;Missense	0.524294844
4512	EHMT2	G631R	Missense	0.232728407
4513	EHMT2		No Mutation	-0.077137549
4514	EHMT2	V629I	Missense	-0.391920635
4515	EHMT2	S626F	Missense	0.643284563
4516	EHMT2	L625L;S626F	Silent;Missense	-0.095977773
4517	EHMT2	D628N;V629I	Missense;Missense	1.08479338
4518	EHMT2	Q627Q;D628N;V629I	Silent;Missense;Missense	-0.054728998
4519	EHMT2	Q627Q;D628N	Silent;Missense	1.285104496
4520	EHMT2	Q627Q;D628N	Silent;Missense	0.593769116
4521	EHMT2	L625L	Silent	-0.814745382
4522	EHMT2	P622F;P623S	Missense;Missense	0.782024665
4523	EHMT2	A621T	Missense	-0.456174298
4524	EHMT2	A619T	Missense	0.927274816
4525	EHMT2	A618T;A619T	Missense;Missense	0.383394159
4526	EHMT2	A618T;A619T	Missense;Missense	1.026772406
4527	EHMT2	A618T	Missense	0.072962329
4528	EHMT2		No Mutation	1.051133231
4529	EHMT2	D609D	Silent	-0.051828948
4530	EHMT2	V611V	Silent	0.108280167
4531	EHMT2	V611V	Silent	-0.765178797
4532	EHMT2	V611I	Missense	-0.867268601
4533	EHMT2	G610G;V611I	Silent;Missense	-0.092904034
4534	EHMT2	G610K	Missense	-0.733305365
4535	EHMT2	T604T;I605I;P606S	Silent;Silent;Missense	-0.035695954
4536	EHMT2	T604I;I605I	Missense;Silent	-0.130538802
4537	EHMT2	T604I	Missense	0.356838634
4538	EHMT2		No Mutation	-1.500923764
4539	EHMT2		No Mutation	0.562742542
4540	EHMT2		No Mutation	1.718924151
4541	EHMT2	A597V	Missense	-0.221228075
4542	EHMT2	A597T	Missense	0.225864739
4543	EHMT2	A597T	Missense	-0.081616186
4544	EHMT2	D596N;A597T	Missense;Missense	-0.201444791
4545	EHMT2	F589F;P591S	Silent;Missense	-0.764346538
4546	EHMT2	V588V;F589F	Silent;Silent	-0.369475161
4547	EHMT2	V588V;F589F	Silent;Silent	-0.059951917
4548	EHMT2	V588V	Silent	0.057524084
4549	EHMT2	S582F;Q583*	Missense;Nonsense	1.1084463
4550	EHMT2	L584L	Silent	-0.884381115
4551	EHMT2		No Mutation	0.065340092
4552	EHMT2		No Mutation	0.264061365
4553	EHMT2	V581V	Silent	-0.204386696
4554	EHMT2	C580Y;V581M	Missense;Missense	0.969889072
4555	EHMT2	K578K;A579T	Silent;Missense	-0.093720132
4556	EHMT2	K578K;A579T	Silent;Missense	0.387766538
4557	EHMT2	A573V;H574Y	Missense;Missense	0.138036781
4558	EHMT2		No Mutation	-0.536984695
4559	EHMT2	A573T	Missense	-0.229901554
4560	EHMT2	V572V;A573T	Silent;Missense	0.009428254
4561	EHMT2	V572I;A573T	Missense;Missense	-0.681218621
4562	EHMT2	C566C;H567Y;P568S	Silent;Missense;Missense	-0.816249067
4563	EHMT2	D569N	Missense	0.777226287
4564	EHMT2		No Mutation	0.365174976
4565	EHMT2	L564L;E565K	Silent;Missense	0.668982076
4566	EHMT2	L564L;E565K	Silent;Missense	0.254326371
4567	EHMT2		No Mutation	0.146625032
4568	EHMT2		No Mutation	0.268029008
4569	EHMT2	(NC);(NC);(NC);(NC)	Intron;Intron;Intron;Intron	0.868217566
4570	EHMT2	(NC)	Intron	-0.211755653
4571	EHMT2	(NC)	Intron	-0.316990546
4572	EHMT2	(NC)	Intron	0.266032767
4573	EHMT2	(NC);(NC)	Intron;Intron	-0.899847017
4574	EHMT2	A560V	Missense	-0.663061365
4575	EHMT2	A560V	Missense	-1.23351753
4576	EHMT2	T559M;A560V	Missense;Missense	0.34861086
4577	EHMT2	C554C;G555G	Silent;Silent	0.348102498
4578	EHMT2	C558Y	Missense	0.122616642
4579	EHMT2	G553G;C554C	Silent;Silent	-0.353002433
4580	EHMT2		No Mutation	-1.269075775
4581	EHMT2	C554Y;G555S	Missense;Missense	-0.378966088
4582	EHMT2	H549Y	Missense	0.490287005
4583	EHMT2	H548Y	Missense	-0.659312741
4584	EHMT2	V546V;H548Y	Silent;Missense	-0.39755865
4585	EHMT2		No Mutation	-0.293193713
4586	EHMT2		No Mutation	-0.753786402
4587	EHMT2		No Mutation	-1.326627873
4588	EHMT2	M545I;V546I	Missense;Missense	-0.188160799
4589	EHMT2	M545I;V546I	Missense;Missense	-0.941206141
4590	EHMT2	T540I;H541Y	Missense;Missense	1.736268624
4591	EHMT2	E539K	Missense	0.052130244
4592	EHMT2	C538Y;E539K	Missense;Missense	1.023173313
4593	EHMT2	M535I;V536I	Missense;Missense	0.675028266
4594	EHMT2	L534L;M535I	Silent;Missense	0.705929527
4595	EHMT2	A533T	Missense	0.609893954
4596	EHMT2	S529S;S530S;R531C	Silent;Silent;Missense	-0.007025575
4597	EHMT2	S530N;R531H	Missense;Missense	0.008287195
4598	EHMT2	P528S	Missense	-0.62332824
4599	EHMT2	M526I	Missense	-0.393632273
4600	EHMT2	L521L	Silent	0.058966002
4601	EHMT2	E524E	Silent	-0.28739637
4602	EHMT2	R523Q;E524K	Missense;Missense	0.342100678
4603	EHMT2	A518V	Missense	-0.040107962
4604	EHMT2	A518V	Missense	0.13080165
4605	EHMT2	L513L	Silent	-0.082739647
4606	EHMT2	(NC);(NC)	Intron;Intron	0.665029512
4607	EHMT2	(NC)	Splice-acceptor	0.535233086
4608	EHMT2	(NC)	Splice-acceptor	0.223918068
4609	EHMT2	(NC);(NC)	Intron;Intron	-0.136850831
4610	EHMT2		No Mutation	0.09015942
4611	EHMT2		No Mutation	-0.308557165
4612	EHMT2		No Mutation	-0.096178871
4613	EHMT2	D510D	Silent	-0.030692584
4614	EHMT2	D510D	Silent	0.416386129
4615	EHMT2		No Mutation	0.070253394
4616	EHMT2		No Mutation	-0.65191891
4617	EHMT2		No Mutation	0.297267294
4618	EHMT2	G511K	Missense	0.342369756
4619	EHMT2		No Mutation	0.630678449
4620	EHMT2	A505V;T506I	Missense;Missense	-0.307741984
4621	EHMT2	C503C	Silent	-0.339679507
4622	EHMT2	A499V	Missense	0.107489102
4623	EHMT2	R498R;A499T;G500R	Silent;Missense;Missense	0.236034291
4624	EHMT2	R494R;I495I	Silent;Silent	-0.343874359
4625	EHMT2	R494C	Missense	-0.13953472
4626	EHMT2	D493D;R494C	Silent;Missense	-0.045499912
4627	EHMT2	D493D;R494C	Silent;Missense	-0.76913041
4628	EHMT2	D493D	Silent	-0.074347786
4629	EHMT2	S496N	Missense	-0.403858794
4630	EHMT2	S496N	Missense	-0.242131569
4631	EHMT2	K491K	Silent	0.852019155
4632	EHMT2	M487I;E488K	Missense;Missense	-0.646115175
4633	EHMT2	R486H;M487I	Missense;Missense	0.049132348
4634	EHMT2	R486H	Missense	-0.218780843
4635	EHMT2	C483C	Silent	-0.457174013
4636	EHMT2	P481P;L482L	Silent;Silent	-0.242465818
4637	EHMT2	T473I	Missense	-0.252054769
4638	EHMT2	S470L;L471L	Missense;Silent	0.15589574
4639	EHMT2	S470L;L471L	Missense;Silent	-0.595702552
4640	EHMT2	S470S;L471L	Silent;Silent	-0.473680474
4641	EHMT2	S465S	Silent	0.326367275
4642	EHMT2	D467N	Missense	-0.118562186
4643	EHMT2		No Mutation	-0.472242419
4644	EHMT2	V464V	Silent	-0.187743429
4645	EHMT2	(NC)	Splice-acceptor	0.217318661
4646	EHMT2	(NC);(NC)	Intron;Intron	-0.10101894
4647	EHMT2	(NC);(NC)	Intron;Intron	-0.731261424
4648	EHMT2		No Mutation	0.470924411
4649	EHMT2		No Mutation	0.170281705
4650	EHMT2		No Mutation	0.442520296
4651	EHMT2	(NC)	Intron	-0.140626872
4652	EHMT2	(NC)	Intron	-0.925976466
4653	EHMT2		No Mutation	-0.72622995
4654	EHMT2	(NC)	Splice-donor	0.343870116
4655	EHMT2	A462T;G463R	Missense;Missense	0.44498236
4656	EHMT2	A462T	Missense	-0.26141274
4657	EHMT2	L457F;S458F	Missense;Missense	-1.013046022
4658	EHMT2		No Mutation	-0.270420155
4659	EHMT2		No Mutation	-0.516160841
4660	EHMT2	E454K;G455R	Missense;Missense	0.438487154
4661	EHMT2	S453N;E454K	Missense;Missense	0.241489014
4662	EHMT2		No Mutation	0.109000076
4663	EHMT2	L449L	Silent	0.105851376
4664	EHMT2	S448S;L449L	Silent;Silent	0.859018702
4665	EHMT2	E450K	Missense	-0.831805818
4666	EHMT2	L449L;E450K	Silent;Missense	-0.734676468
4667	EHMT2	V444V;P445S	Silent;Missense	-0.493749913
4668	EHMT2	Y441Y	Silent	-0.432430691
4669	EHMT2	Y441Y	Silent	0.418495787
4670	EHMT2	Y441Y	Silent	0.526150589
4671	EHMT2	E443E;V444I	Silent;Missense	0.937701737
4672	EHMT2	E443K;V444I	Missense;Missense	0.295778877
4673	EHMT2	M442I;E443K;V444I	Missense;Missense;Missense	0.148138928
4674	EHMT2	G437G;P438F	Silent;Missense	0.612623287
4675	EHMT2	E440E	Silent	0.354604309
4676	EHMT2	G437G;P438S	Silent;Missense	-0.107902251
4677	EHMT2		No Mutation	0.775635042
4678	EHMT2	(NC)	Intron	-0.185302974
4679	EHMT2	(NC)	Intron	-0.450639789
4680	EHMT2	(NC)	Intron	0.113271716
4681	EHMT2	(NC);(NC);(NC)	Intron;Intron;Intron	0.229345769
4682	EHMT2		No Mutation	-1.041061496
4683	EHMT2	(NC)	Intron	0.120735632
4684	EHMT2	(NC);(NC);(NC)	Splice-donor;Intron;Intron	0.019045828
4685	EHMT2	P427S	Missense	-0.039384215
4686	EHMT2	A424A	Silent	-0.367020558
4687	EHMT2	R428Q	Missense	0.271457309
4688	EHMT2	R423W;A424V	Missense;Missense	-0.587965307
4689	EHMT2	E426K	Missense	-0.375623721
4690	EHMT2	P421S	Missense	-0.212323951
4691	EHMT2	R417R;R419W	Silent;Missense	-0.041785201
4692	EHMT2	R417R	Silent	-1.026324805
4693	EHMT2	R417H	Missense	0.322552599
4694	EHMT2	R414W	Missense	-0.016801224
4695	EHMT2	P408L	Missense	-0.016703271
4696	EHMT2	R404*	Nonsense	0.697127536
4697	EHMT2	R404*	Nonsense	0.642190553
4698	EHMT2	K400K;K401K	Silent;Silent	0.9183944
4699	EHMT2	R397R	Silent	-0.078768948
4700	EHMT2	K398K;A399T	Silent;Missense	-0.206744136
4701	EHMT2	S393F	Missense	0.111012498
4702	EHMT2	G395N	Missense	-0.186453107
4703	EHMT2	S394N;G395N	Missense;Missense	-0.114672168
4704	EHMT2		No Mutation	-0.160578334
4705	EHMT2	S394N	Missense	-0.283851264
4706	EHMT2		No Mutation	0.494538124
4707	EHMT2	G392D	Missense	0.533375835
4708	EHMT2	(NC);(NC);(NC)	Intron;Intron;Intron	-0.214337894
4709	EHMT2	G392N	Missense	0.318693371
4710	EHMT2	S391N;G392N	Missense;Missense	1.3348994
4711	EHMT2	(NC);S391N	Splice-acceptor;Missense	0.513445466
4712	EHMT2	(NC);(NC);(NC);(NC)	Intron;Intron;Intron;Intron	0.223951571
4713	EHMT2		No Mutation	1.16376018
4714	EHMT2	S388L	Missense	0.686503259
4715	EHMT2		No Mutation	0.655928268
4716	EHMT2	S384L	Missense	1.113328233
4717	EHMT2		No Mutation	-1.731719882
4718	EHMT2		No Mutation	0.127539271
4719	EHMT2		No Mutation	0.773435385
4720	EHMT2		No Mutation	3.63239111
4721	EHMT2		No Mutation	2.278415744
4722	EHMT2		No Mutation	1.323096595
4723	EHMT2		No Mutation	2.074902886
4724	EHMT2		No Mutation	0.863711542
4725	EHMT2		No Mutation	1.428483809
4726	EHMT2		No Mutation	0.105778298
4727	EHMT2		No Mutation	-1.041248586
4728	EHMT2		No Mutation	-0.051071291
4729	EHMT2	L355L	Silent	-0.376761635
4730	EHMT2	Q354*;L355L	Nonsense;Silent	-0.279893075
4731	EHMT2	Q354*	Nonsense	-0.65542251
4732	EHMT2	A350T	Missense	-2.091514352
4733	EHMT2	A350T	Missense	0.68007052
4734	EHMT2	E347K;V348I	Missense;Missense	-0.417938795
4735	EHMT2	S344S	Silent	-0.334445073
4736	EHMT2	(NC);(NC)	Intron;Intron	0.071917211
4737	EHMT2	R339R	Silent	0.376761764
4738	EHMT2	E338E;R339H	Silent;Missense	-0.279404047
4739	EHMT2	Y334Y;S335F	Silent;Missense	-0.218835581
4740	EHMT2	Y330Y	Silent	-0.258112745
4741	EHMT2	S315S;L316L	Silent;Silent	1.131213058
4742	EHMT2	E318E;W319*	Silent;Nonsense	1.745994103
4743	EHMT2	E318K;W319*	Missense;Nonsense	0.11275582
4744	EHMT2	E317E;E318K	Silent;Missense	0.061874438
4745	EHMT2	P313P	Silent	-0.212325271
4746	EHMT2	P313L	Missense	0.195859416
4747	EHMT2	D312D;P313S	Silent;Missense	0.657801846
4748	EHMT2		No Mutation	-1.03774848
4749	EHMT2	G314R	Missense	0.053227437
4750	EHMT2		No Mutation	-0.217934635
4751	EHMT2	T309M	Missense	-0.117853785
4752	EHMT2	L308L;T309M	Silent;Missense	-0.263143383
4753	EHMT2		No Mutation	-0.466114516
4754	EHMT2		No Mutation	-0.342419836
4755	EHMT2		No Mutation	0.010967612
4756	EHMT2	V306I	Missense	0.169839252
4757	EHMT2	V306I	Missense	-0.672117089
4758	EHMT2	S299F	Missense	-0.813823414
4759	EHMT2		No Mutation	-0.012694159
4760	EHMT2		No Mutation	-0.185583371
4761	EHMT2	(NC);(NC)	Intron;Intron	0.311815452
4762	EHMT2	G292G;L293L	Silent;Silent	0.124564822
4763	EHMT2	N288N	Silent	-0.125501154
4764	EHMT2	L287L	Silent	0.931661789
4765	EHMT2		No Mutation	0.317410662
4766	EHMT2	L287L	Silent	0.094277779
4767	EHMT2		No Mutation	0.647713757
4768	EHMT2	(NC)	Intron	-0.166495198
4769	EHMT2	(NC);(NC)	Intron;Intron	-1.399486938
4770	EHMT2		No Mutation	0.465139904
4771	EHMT2		No Mutation	0.72979823
4772	EHMT2	(NC);(NC);(NC)	Intron;Intron;Intron	-2.651105226
4773	EHMT2		No Mutation	-1.17714328
4774	EHMT2	L274L	Silent	-0.302286351
4775	EHMT2	K276K;V277I	Silent;Missense	-1.108923623
4776	EHMT2	V271V;H272Y	Silent;Missense	-0.634439954
4777	EHMT2		No Mutation	-0.452800276
4778	EHMT2		No Mutation	0.663786288
4779	EHMT2	V271I	Missense	0.383063198
4780	EHMT2	R266H	Missense	0.163552186
4781	EHMT2		No Mutation	-0.353601821
4782	EHMT2		No Mutation	0.502093057
4783	EHMT2		No Mutation	-0.349633648
4784	EHMT2	E261K	Missense	0.172059857
4785	EHMT2	E261K	Missense	0.034985385
4786	EHMT2	R258Q	Missense	-0.620845354
4787	EHMT2	K257K;R258Q	Silent;Missense	-0.62887555
4788	EHMT2	K257K;R258Q	Silent;Missense	0.692092725
4789	EHMT2	K257K;R258Q	Silent;Missense	0.180425148
4790	EHMT2	P252L;P253L	Missense;Missense	-0.401362062
4791	EHMT2	E256K	Missense	0.237040077
4792	EHMT2		No Mutation	0.509186548
4793	EHMT2	(NC)	Splice-acceptor	0.864417657
4794	EHMT2	(NC);(NC)	Intron;Intron	0.196751508
4795	EHMT2		No Mutation	0.588413627
4796	EHMT2		No Mutation	0.356556228
4797	EHMT2	Q251*	Nonsense	1.135333622
4798	EHMT2	Q251*	Nonsense	1.516198724
4799	EHMT2	(NC);(NC);(NC)	Splice-donor;Intron;Intron	-1.048891953
4800	EHMT2		No Mutation	-0.791069048
4801	EHMT2		No Mutation	0.083036672
4802	EHMT2	G250E;Q251Q	Missense;Silent	0.231983223
4803	EHMT2	S245S;P247S	Silent;Missense	-0.477428467
4804	EHMT2	G248E	Missense	0.046591943
4805	EHMT2	S245F	Missense	-0.042731159
4806	EHMT2	T243I	Missense	-0.823486956
4807	EHMT2	R241H	Missense	-0.172426581
4808	EHMT2	A240T;R241H	Missense;Missense	0.104344354
4809	EHMT2	K236K;V237I	Silent;Missense	-0.594335114
4810	EHMT2	K236K;V237I	Silent;Missense	-0.299568163
4811	EHMT2	S230S;P231L	Silent;Missense	0.65133047
4812	EHMT2	G233E;Q234Q	Missense;Silent	-0.218691835
4813	EHMT2	E232E;G233K	Silent;Missense	-0.667607349
4814	EHMT2	E232K	Missense	-0.301846886
4815	EHMT2	A227V;T228I	Missense;Missense	0.182512318
4816	EHMT2	S230N	Missense	0.414812443
4817	EHMT2	A227V	Missense	-0.038444925
4818	EHMT2	T229T;S230N	Silent;Missense	-0.94588936
4819	EHMT2	T229T;S230N	Silent;Missense	-0.308495177
4820	EHMT2	T229T;S230N	Silent;Missense	-0.96271918
4821	EHMT2	A220T;G221R	Missense;Missense	0.251081138
4822	EHMT2	A220T	Missense	0.498781124
4823	EHMT2		No Mutation	0.128699496
4824	EHMT2	Q215*	Nonsense	0.280152334
4825	EHMT2	A217T;A218T	Missense;Missense	-0.785663312
4826	EHMT2		No Mutation	0.416607491
4827	EHMT2		No Mutation	0.239672748
4828	EHMT2	L208L	Silent	-0.660294504
4829	EHMT2	M206I;R207K	Missense;Missense	0.320681147
4830	EHMT2	V201V;Q202*	Silent;Nonsense	1.039050803
4831	EHMT2	L204L;A205T	Silent;Missense	-0.600917034
4832	EHMT2	S203N	Missense	-0.644996818
4833	EHMT2	P199L	Missense	-0.875031112
4834	EHMT2	G193K	Missense	-0.10395324
4835	EHMT2	S190L	Missense	0.778869655
4836	EHMT2		No Mutation	-0.037168142
4837	EHMT2	A187A	Silent	0.140765679
4838	EHMT2	M191I	Missense	-0.858500565
4839	EHMT2	A187V	Missense	-0.07771252
4840	EHMT2	A187V	Missense	0.120005895
4841	EHMT2	M189I	Missense	-0.818201533
4842	EHMT2	K188K	Silent	-1.256735081
4843	EHMT2		No Mutation	-0.842377331
4844	EHMT2		No Mutation	-1.585127266
4845	EHMT2	C183Y	Missense	0.872863538
4846	EHMT2	C183Y	Missense	-0.483511239
4847	EHMT2		No Mutation	0.081842945
4848	EHMT2	G181D	Missense	-0.457817406
4849	EHMT2	K179K;G180K	Silent;Missense	0.249637803
4850	EHMT2	K179K;G180K	Silent;Missense	-0.400331232
4851	EHMT2	K179K;G180R	Silent;Missense	0.53786003
4852	EHMT2	S175F;S176F	Missense;Missense	-0.752627501
4853	EHMT2	P174P;S175F	Silent;Missense	0.217725281
4854	EHMT2	P174L;S175F	Missense;Missense	0.622125004
4855	EHMT2	P174F;S175F	Missense;Missense	0.281258178
4856	EHMT2	F173F;P174F	Silent;Missense	1.417515709
4857	EHMT2		No Mutation	-0.35883391
4858	EHMT2		No Mutation	0.178242137
4859	EHMT2	A169T	Missense	-0.485853747
4860	EHMT2		No Mutation	-0.04826879
4861	EHMT2	(NC)	Intron	0.147591848
4862	EHMT2	(NC)	Intron	0.127828476
4863	EHMT2		No Mutation	-0.482498279
4864	EHMT2		No Mutation	-2.560869321
4865	EHMT2		No Mutation	-0.153553586
4866	EHMT2	(NC);(NC);(NC)	Intron;Intron;Intron	-0.029270376
4867	EHMT2	L165L;L166L	Silent;Silent	-0.035837652
4868	EHMT2	I164I;L165L;L166L	Silent;Silent;Silent	0.252857231
4869	EHMT2	(NC);(NC)	Intron;Intron	-0.516817463
4870	EHMT2	I164I	Silent	0.6945657
4871	EHMT2	L165L	Silent	-0.361884854
4872	EHMT2		No Mutation	0.399927815
4873	EHMT2		No Mutation	0.666230764
4874	EHMT2	R163R	Silent	-0.060596483
4875	EHMT2	D158D	Silent	-0.487880809
4876	EHMT2		No Mutation	0.006962154
4877	EHMT2		No Mutation	-0.23886197
4878	EHMT2		No Mutation	0.183488259
4879	EHMT2		No Mutation	-0.018805603
4880	EHMT2	L153F	Missense	-1.309896749
4881	EHMT2		No Mutation	-0.327948889
4882	EHMT2		No Mutation	0.024829908
4883	EHMT2	S150F	Missense	1.511828778
4884	EHMT2		No Mutation	-0.12857175
4885	EHMT2	E149K	Missense	0.726978647
4886	EHMT2	A142V	Missense	0.95747426
4887	EHMT2	A142V	Missense	-0.801435173
4888	EHMT2	A142V	Missense	-0.362667427
4889	EHMT2		No Mutation	-0.208213888
4890	EHMT2		No Mutation	-0.134387209
4891	EHMT2		No Mutation	-0.582672794
4892	EHMT2	A136V	Missense	-1.583865055
4893	EHMT2	A136V	Missense	1.061880822
4894	EHMT2	A136V	Missense	0.057850499
4895	EHMT2	V129V;T130I	Silent;Missense	0.624872666
4896	EHMT2	V129V;T130I	Silent;Missense	-0.746667999
4897	EHMT2	V129V;T130I	Silent;Missense	0.305855292
4898	EHMT2	V129V	Silent	0.210924632
4899	EHMT2	V131I	Missense	-0.950001408
4900	EHMT2	S126F	Missense	-0.013490749
4901	EHMT2	V129I	Missense	-0.134771163
4902	EHMT2	V127I	Missense	-0.254812425
4903	EHMT2	V127I	Missense	-0.49978908
4904	EHMT2	V127I	Missense	-0.049363406
4905	EHMT2		No Mutation	-1.466841252
4906	EHMT2		No Mutation	0.417630437
4907	EHMT2	G120D	Missense	0.937462203
4908	EHMT2	A119T	Missense	0.396622726
4909	EHMT2	A119T	Missense	0.401326798
4910	EHMT2	E117E;A119T	Silent;Missense	-0.032794468
4911	EHMT2	E117E	Silent	-0.14415058
4912	EHMT2	D114D;S115F	Silent;Missense	-0.380304108
4913	EHMT2	L116L;E117K	Silent;Missense	0.39135612
4914	EHMT2		No Mutation	-0.731268571
4915	EHMT2	D114N	Missense	-0.717030604
4916	EHMT2	A111V	Missense	-0.17033759
4917	EHMT2	D114N	Missense	-0.667084707
4918	EHMT2		No Mutation	1.219174354
4919	EHMT2		No Mutation	0.197626078
4920	EHMT2		No Mutation	0.770420542
4921	EHMT2		No Mutation	0.255158318
4922	EHMT2		No Mutation	-0.522120682
4923	EHMT2	H95Y	Missense	0.511361349
4924	EHMT2	(NC)	Intron	-0.060439817
4925	EHMT2	G96D	Missense	-0.554354771
4926	EHMT2	(NC)	Intron	-0.085628218
4927	EHMT2	(NC)	Intron	-0.340868428
4928	EHMT2	(NC);(NC)	Intron;Intron	-0.436059774
4929	EHMT2		No Mutation	-1.372427607
4930	EHMT2		No Mutation	-0.427391309
4931	EHMT2	(NC);(NC)	Intron;Intron	-1.316718246
4932	EHMT2	(NC);(NC)	Intron;Intron	0.261488944
4933	EHMT2	E92E;R93K	Silent;Missense	-0.225293237
4934	EHMT2		No Mutation	0.602919089
4935	EHMT2	L83L	Silent	0.483977761
4936	EHMT2	A80V;L81L	Missense;Silent	0.117361311
4937	EHMT2		No Mutation	-1.368334364
4938	EHMT2	A80A;L81L	Silent;Silent	0.009959389
4939	EHMT2	A80T	Missense	-0.234963646
4940	EHMT2	G79G;A80T	Silent;Missense	0.450838623
4941	EHMT2	G79E;A80T	Missense;Missense	-0.319556558
4942	EHMT2	A74V;P75S	Missense;Missense	-0.903208702
4943	EHMT2	A74V	Missense	0.046467821
4944	EHMT2	A74V	Missense	-0.378570735
4945	EHMT2		No Mutation	-0.093998957
4946	EHMT2	A76T	Missense	0.250204115
4947	EHMT2		No Mutation	0.298164454
4948	EHMT2	A74T	Missense	0.260641911
4949	EHMT2	E73E;A74T	Silent;Missense	0.164759425
4950	EHMT2	Q71Q;G72K	Silent;Missense	-0.538324783
4951	EHMT2	L68F;P69S	Missense;Missense	-0.059383416
4952	EHMT2	Q71Q;G72R	Silent;Missense	-0.70550201
4953	EHMT2	L68F	Missense	0.887693494
4954	EHMT2	P66L	Missense	-0.092527743
4955	EHMT2	P66F	Missense	0.318246751
4956	EHMT2		No Mutation	0.054342204
4957	EHMT2	V65V;P66F	Silent;Missense	0.674425726
4958	EHMT2		No Mutation	-0.230882404
4959	EHMT2		No Mutation	0.47662398
4960	EHMT2	C67Y	Missense	-0.453265853
4961	EHMT2	G59G;L60L	Silent;Silent	-0.465265825
4962	EHMT2	G59E;L60L	Missense;Silent	-0.061676446
4963	EHMT2	G59K	Missense	0.383553304
4964	EHMT2	G59K	Missense	-1.743435309
4965	EHMT2	G59K	Missense	-0.415647539
4966	EHMT2	T53I;P54F	Missense;Missense	-0.349067992
4967	EHMT2		No Mutation	-0.175845903
4968	EHMT2	T53I;P54F	Missense;Missense	-0.693697878
4969	EHMT2		No Mutation	-0.625936141
4970	EHMT2		No Mutation	-0.438226213
4971	EHMT2	W52*	Nonsense	0.727182714
4972	EHMT2	W52*	Nonsense	-0.910607325
4973	EHMT2	P46L	Missense	-0.800864313
4974	EHMT2	L43L;S44F;L45F	Silent;Missense;Missense	-0.277628325
4975	EHMT2	R47K;A48T	Missense;Missense	0.72438339
4976	EHMT2	S41S;L42L;L43F	Silent;Silent;Missense	0.252288248
4977	EHMT2		No Mutation	0.262427139
4978	EHMT2	S41S;L42L	Silent;Silent	-0.673766186
4979	EHMT2		No Mutation	0.146278873
4980	EHMT2		No Mutation	0.248124262
4981	EHMT2	R38K	Missense	0.865689756
4982	EHMT2		No Mutation	0.189462328
4983	EHMT2	G37D;R38K	Missense;Missense	0.584255472
4984	EHMT2	G37N;R38K	Missense;Missense	0.020759776
4985	EHMT2	P32L;H33Y	Missense;Missense	0.090133329
4986	EHMT2	P32F	Missense	-0.293560638
4987	EHMT2		No Mutation	0.294501381
4988	EHMT2	G31G	Silent	-1.235548253
4989	EHMT2	R29R;G30K;G31R	Silent;Missense;Missense	0.047035297
4990	EHMT2	G26G	Silent	0.160913619
4991	EHMT2	R25*	Nonsense	-0.020990329
4992	EHMT2	S24S;R25*	Silent;Nonsense	0.815907246
4993	EHMT2	S24S;R25*	Silent;Nonsense	-1.34159376
4994	EHMT2	S24S;R25*	Silent;Nonsense	0.086367412
4995	EHMT2	R27H;G28K	Missense;Missense	-1.005860311
4996	EHMT2	G23G;S24S;R25*	Silent;Silent;Nonsense	0.071280595
4997	EHMT2	G23G;S24S	Silent;Silent	-0.387330562
4998	EHMT2	G26N;R27H	Missense;Missense	0.080275648
4999	EHMT2	G26N	Missense	0.620914805
5000	EHMT2	R25Q;G26N	Missense;Missense	1.117199457
5001	EHMT2	P22L	Missense	0.304948967
5002	EHMT2	A20V;P21F	Missense;Missense	-0.207495676
5003	EHMT2	R18C	Missense	0.181394898
5004	EHMT2	R18C	Missense	1.035653225
5005	EHMT2	A19T;A20T	Missense;Missense	-1.011968268
5006	EHMT2	R18H;A19T	Missense;Missense	-0.329728159
5007	EHMT2	A13A;R14W	Silent;Missense	-0.309468168
5008	EHMT2	R12W	Missense	-0.219068005
5009	EHMT2	R12W	Missense	0.390337148
5010	EHMT2		No Mutation	-0.030090844
5011	EHMT2		No Mutation	-0.529073805
5012	EHMT2		No Mutation	0.151866161
5013	EHMT2		No Mutation	0.682215668
5014	EHMT2		No Mutation	-0.494647975
5015	EHMT2	L10L	Silent	0.035594313
5016	EHMT2		No Mutation	-0.187794652
5017	EHMT2		No Mutation	-0.205722565
5018	EHMT2	L4L	Silent	0.135409289
5019	EHMT2	L4L	Silent	-0.417344189
5020	EHMT2	L4L	Silent	0.156466475
5021	EHMT2		No Mutation	-0.278374366
5022	EHMT2	R2W	Missense	-0.35598356
5023	EHMT2	R2W	Missense	0.307750146
5024	EHMT2		No Mutation	-0.125987734
5025	EHMT2		No Mutation	0.257837976
5026	EHMT2	G3D	Missense	-1.203247256
5027	EHMT2	(NC);(NC)	Flank;Flank	-1.008694271
5028	EHMT2	(NC);(NC)	Flank;Flank	-0.37515119
5029	EHMT2	(NC)	Flank	-0.181937268
5030	EHMT2	(NC)	Flank	-0.167568223
5031	EHMT2	(NC);(NC)	Flank;Flank	0.116453876
5032	EHMT2	(NC);(NC)	Flank;Flank	0.41089768
5033	SUV39H1	(NC)	UTR	-0.252432975
5034	SUV39H1	(NC)	UTR	0.357178465
5035	SUV39H1	(NC);(NC)	UTR;UTR	0.304527451
5036	SUV39H1	(NC)	UTR	-0.696629679
5037	SUV39H1	S5N;R6H	Missense;Missense	-0.278717203
5038	SUV39H1	R6R;L7L	Silent;Silent	0.012628106
5039	SUV39H1	L12L;A13T	Silent;Missense	0.249525285
5040	SUV39H1	L12L;A13V	Silent;Missense	-0.202115176
5041	SUV39H1	A13V	Missense	0.136204099
5042	SUV39H1	D14D;P15L;L16L	Silent;Missense;Silent	-0.305826132
5043	SUV39H1	L16L	Silent	0.454351353
5044	SUV39H1	(NC);(NC);(NC)	Intron;Intron;Intron	0.383937859
5045	SUV39H1	(NC);(NC);(NC)	Intron;Intron;Intron	0.402194194
5046	SUV39H1	(NC);(NC)	Intron;Intron	-1.284365423
5047	SUV39H1	G18D;C19Y	Missense;Missense	-0.344993354
5048	SUV39H1	C19Y	Missense	-1.239571318
5049	SUV39H1	C19Y;S20N	Missense;Missense	-0.371624189
5050	SUV39H1	C22Y;C23Y	Missense;Missense	0.275289588
5051	SUV39H1		No Mutation	0.302514676
5052	SUV39H1	S26F	Missense	0.017939912
5053	SUV39H1	Q31*	Nonsense	-0.846189446
5054	SUV39H1	K38K	Silent	0.9394302
5055	SUV39H1		No Mutation	-1.534203885
5056	SUV39H1	C41Y	Missense	-1.020864746
5057	SUV39H1	L39F;S40F	Missense;Missense	-1.224707707
5058	SUV39H1	A43T	Missense	-0.600713014
5059	SUV39H1	G45D	Missense	0.311547165
5060	SUV39H1	A43V;L44F	Missense;Missense	-0.67112897
5061	SUV39H1		No Mutation	-0.786863303
5062	SUV39H1		No Mutation	-1.233799145
5063	SUV39H1	K48K;R49K	Silent;Missense	-1.112199454
5064	SUV39H1	K48K;R49K	Silent;Missense	-1.198405737
5065	SUV39H1	V56I;E57K	Missense;Missense	-0.1077007
5066	SUV39H1	K63K;K64K	Silent;Silent	0.769431042
5067	SUV39H1		No Mutation	-0.922518505
5068	SUV39H1		No Mutation	0.243612054
5069	SUV39H1	I65I	Silent	-0.506027321
5070	SUV39H1	(NC);(NC)	Intron;Intron	-0.948993661
5071	SUV39H1	(NC)	Intron	0.055769608
5072	SUV39H1		No Mutation	-0.765812941
5073	SUV39H1	(NC);(NC);(NC)	Intron;Intron;Intron	0.204131261
5074	SUV39H1		No Mutation	0.24674774
5075	SUV39H1		No Mutation	0.477121683
5076	SUV39H1	(NC)	Splice-acceptor	-0.310729276
5077	SUV39H1	(NC);(NC);(NC);(NC)	Intron;Intron;Intron;Intron	0.546965705
5078	SUV39H1	(NC);E67K	Splice-acceptor;Missense	-0.644977887
5079	SUV39H1	(NC);E67K	Splice-acceptor;Missense	-1.00470937
5080	SUV39H1	Q68Q	Silent	-0.141007405
5081	SUV39H1	Q68Q;E69K	Silent;Missense	-1.716609421
5082	SUV39H1	Q68Q;E69K	Silent;Missense	-0.615209937
5083	SUV39H1	E69K	Missense	-1.706633199
5084	SUV39H1		No Mutation	-1.594499225
5085	SUV39H1	Q68*	Nonsense	0.456822201
5086	SUV39H1		No Mutation	-0.144411367
5087	SUV39H1		No Mutation	-0.814515081
5088	SUV39H1	Y71Y;L72L	Silent;Silent	-0.997208886
5089	SUV39H1	G77K	Missense	-0.191053252
5090	SUV39H1	P79L;D80D	Missense;Silent	-0.995957195
5091	SUV39H1	D80D	Silent	0.092992829
5092	SUV39H1	W85*	Nonsense	0.056699561
5093	SUV39H1	S83S	Silent	-0.05666528
5094	SUV39H1	Q89Q	Silent	0.417593954
5095	SUV39H1	K92K;C93Y	Silent;Missense	-0.248032401
5096	SUV39H1	I96I;L97F	Silent;Missense	-0.055414124
5097	SUV39H1	K102K;D103N	Silent;Missense	-0.296699315
5098	SUV39H1	F100F;H101Y	Silent;Missense	-0.476627491
5099	SUV39H1	F100F;H101Y	Silent;Missense	-0.047017116
5100	SUV39H1	R106K;E107K	Missense;Missense	-0.832530979
5101	SUV39H1		No Mutation	0.077083291
5102	SUV39H1		No Mutation	-0.790371522
5103	SUV39H1	L109F	Missense	-0.576779406
5104	SUV39H1	R114R	Silent	-0.428808665
5105	SUV39H1	H113H;R114W	Silent;Missense	0.196265687
5106	SUV39H1		No Mutation	-0.757029492
5107	SUV39H1		No Mutation	0.38939064
5108	SUV39H1	R119Q	Missense	1.298544233
5109	SUV39H1		No Mutation	-0.28000804
5110	SUV39H1	H120Y;L121L	Missense;Silent	0.567750411
5111	SUV39H1		No Mutation	-0.291954039
5112	SUV39H1	S124N	Missense	0.324021135
5113	SUV39H1	S124N	Missense	0.99615849
5114	SUV39H1	S124N	Missense	-0.261606345
5115	SUV39H1	L125L;A126T	Silent;Missense	-0.916913482
5116	SUV39H1	S124S	Silent	0.684654446
5117	SUV39H1		No Mutation	0.376716459
5118	SUV39H1		No Mutation	0.08704465
5119	SUV39H1	A126A;N127N	Silent;Silent	-0.841526577
5120	SUV39H1	Q131Q;K132K	Silent;Silent	-0.76696509
5121	SUV39H1	Q131*	Nonsense	-0.3637573
5122	SUV39H1	K134K	Silent	-0.367327537
5123	SUV39H1		No Mutation	0.320728493
5124	SUV39H1		No Mutation	-0.40901837
5125	SUV39H1	A138A	Silent	-1.253638237
5126	SUV39H1	R137W	Missense	-0.061895986
5127	SUV39H1	R137W	Missense	-0.218075923
5128	SUV39H1	L139F;R140C	Missense;Missense	0.274997168
5129	SUV39H1	Q144Q;E145K	Silent;Missense	-1.077678146
5130	SUV39H1	A148V	Missense	0.292768368
5131	SUV39H1	A148V	Missense	-1.025527785
5132	SUV39H1	L153L;G154K	Silent;Missense	-0.142469188
5133	SUV39H1	V158I	Missense	-1.323836258
5134	SUV39H1	R155R;I156I	Silent;Silent	-0.476154896
5135	SUV39H1	I156I;T157I	Silent;Missense	0.081728495
5136	SUV39H1		No Mutation	-0.548765211
5137	SUV39H1		No Mutation	0.373315637
5138	SUV39H1	D163D;L164L	Silent;Silent	-0.089549622
5139	SUV39H1	D163D;L164L	Silent;Silent	0.579742254
5140	SUV39H1	P168P;R169Q;A170T	Silent;Missense;Missense	-0.156415246
5141	SUV39H1	V172I	Missense	0.343930391
5142	SUV39H1	V172I	Missense	-0.386027678
5143	SUV39H1		No Mutation	-0.782313002
5144	SUV39H1	E176K	Missense	-0.617788221
5145	SUV39H1	I174I	Silent	-0.416050092
5146	SUV39H1		No Mutation	-0.130847226
5147	SUV39H1		No Mutation	0.11342324
5148	SUV39H1		No Mutation	-0.04629495
5149	SUV39H1	G182G	Silent	-1.651664357
5150	SUV39H1	G182G;I183I	Silent;Silent	-0.913830009
5151	SUV39H1	T184T;L185F	Silent;Missense	0.704695775
5152	SUV39H1	L185F	Missense	-0.846017045
5153	SUV39H1	V190I	Missense	-0.32450426
5154	SUV39H1	V190I;G191S	Missense;Missense	-0.071396034
5155	SUV39H1	C192Y;E193K	Missense;Missense	0.14437976
5156	SUV39H1		No Mutation	-0.48782577
5157	SUV39H1	C194C	Silent	-0.914925126
5158	SUV39H1	C194C;Q195*	Silent;Nonsense	-1.015295803
5159	SUV39H1	W199*;A200T	Nonsense;Missense	-0.11303351
5160	SUV39H1	L198L	Silent	0.175489039
5161	SUV39H1	L198L	Silent	-0.193380809
5162	SUV39H1	P201P;T202I	Silent;Missense	0.284087278
5163	SUV39H1	T202I	Missense	-0.482890321
5164	SUV39H1	T202I	Missense	-0.683556509
5165	SUV39H1		No Mutation	-0.189875646
5166	SUV39H1	C206Y	Missense	-0.067698872
5167	SUV39H1	C206Y;P207P	Missense;Silent	-0.974116173
5168	SUV39H1	L211L	Silent	0.495072223
5169	SUV39H1		No Mutation	0.942783493
5170	SUV39H1		No Mutation	-1.521883719
5171	SUV39H1	A215V	Missense	0.484318812
5172	SUV39H1	A215A;Y216Y	Silent;Silent	0.34065451
5173	SUV39H1	D218D	Silent	-0.263381479
5174	SUV39H1	G220D;Q221Q	Missense;Silent	0.47606513
5175	SUV39H1	R223R	Silent	-0.971371212
5176	SUV39H1	Q221*	Nonsense	-1.510497532
5177	SUV39H1		No Mutation	-1.163401672
5178	SUV39H1	A226T;G227R	Missense;Missense	0.862356854
5179	SUV39H1	E232K	Missense	-1.576302996
5180	SUV39H1		No Mutation	-0.213419864
5181	SUV39H1		No Mutation	-0.757655996
5182	SUV39H1	N234N;S235F	Silent;Missense	-1.151267355
5183	SUV39H1	G240D	Missense	0.342815198
5184	SUV39H1	D242N	Missense	0.045080545
5185	SUV39H1	C243Y	Missense	0.423932504
5186	SUV39H1	D242D	Silent	-0.589107263
5187	SUV39H1	R246C	Missense	-0.405286738
5188	SUV39H1	R246C	Missense	-0.383139617
5189	SUV39H1	Q249Q	Silent	0.229301103
5190	SUV39H1	Q249Q	Silent	-0.158746343
5191	SUV39H1		No Mutation	-0.183564612
5192	SUV39H1	D255D;L256F	Silent;Missense	-0.123929792
5193	SUV39H1	T261T;D262N	Silent;Missense	0.262353508
5194	SUV39H1	I258I	Silent	1.507057527
5195	SUV39H1	I258I;F259F	Silent;Silent	-0.911059583
5196	SUV39H1	R260C;T261M	Missense;Missense	0.049385612
5197	SUV39H1	T261M	Missense	0.605727973
5198	SUV39H1		No Mutation	-0.088311528
5199	SUV39H1	G264G;R265H;G266S	Silent;Missense;Missense	-0.375233555
5200	SUV39H1		No Mutation	-0.882333114
5201	SUV39H1	G266G	Silent	-0.608240503
5202	SUV39H1	K274K	Silent	-0.742348743
5203	SUV39H1	R276H;K277K	Missense;Silent	-0.233661986
5204	SUV39H1	K277K	Silent	-3.451080705
5205	SUV39H1	R276R	Silent	0.309857208
5206	SUV39H1	S279S;F280F	Silent;Silent	0.338411949
5207	SUV39H1	F280F	Silent	0.283968703
5208	SUV39H1	V281V	Silent	-0.906022017
5209	SUV39H1		No Mutation	-0.40616611
5210	SUV39H1	Y284Y	Silent	-0.640713347
5211	SUV39H1		No Mutation	0.373179518
5212	SUV39H1		No Mutation	-0.091172509
5213	SUV39H1		No Mutation	-0.286751704
5214	SUV39H1		No Mutation	-0.706155714
5215	SUV39H1		No Mutation	-0.471007506
5216	SUV39H1		No Mutation	-1.261781463
5217	SUV39H1	(NC)	Splice-acceptor	-1.49838503
5218	SUV39H1	(NC)	Splice-acceptor	-0.45963447
5219	SUV39H1		No Mutation	-0.561764472
5220	SUV39H1		No Mutation	-1.112910872
5221	SUV39H1	(NC)	Intron	-0.013722845
5222	SUV39H1	I288I	Silent	-0.840996226
5223	SUV39H1	E292K	Missense	-0.325669263
5224	SUV39H1	E292K	Missense	-0.74080908
5225	SUV39H1	T290I;S291L	Missense;Missense	0.75367322
5226	SUV39H1	S291L	Missense	-0.471186661
5227	SUV39H1		No Mutation	-0.162262584
5228	SUV39H1		No Mutation	-0.359232027
5229	SUV39H1	E295E;R296Q	Silent;Missense	-1.307942498
5230	SUV39H1	G298G;Q299*	Silent;Nonsense	-0.982386716
5231	SUV39H1	Q299*	Nonsense	-0.50807378
5232	SUV39H1	Q304Q;G305S	Silent;Missense	-0.909962589
5233	SUV39H1		No Mutation	0.613415565
5234	SUV39H1	A306A;T307I	Silent;Missense	-0.05003533
5235	SUV39H1	L312L	Silent	0.503251166
5236	SUV39H1	L312L;D313N	Silent;Missense	-0.317245025
5237	SUV39H1	L309L	Silent	-0.271994451
5238	SUV39H1	D311D;L312L	Silent;Silent	0.407755995
5239	SUV39H1	V315M	Missense	-0.520684551
5240	SUV39H1	E316E;D317N;V318M	Silent;Missense;Missense	-0.926820047
5241	SUV39H1		No Mutation	-0.175035568
5242	SUV39H1		No Mutation	-0.215944431
5243	SUV39H1		No Mutation	-0.685621481
5244	SUV39H1		No Mutation	-0.969191388
5245	SUV39H1		No Mutation	-1.963884958
5246	SUV39H1	H331H	Silent	-0.568538084
5247	SUV39H1		No Mutation	-0.548990058
5248	SUV39H1	S336N	Missense	1.433448373
5249	SUV39H1	S336N;(NC)	Missense;Splice-donor	-1.189688304
5250	SUV39H1	H335Y	Missense	-0.296956571
5251	SUV39H1		No Mutation	0.386523236
5252	SUV39H1	(NC)	Intron	-0.394326934
5253	SUV39H1		No Mutation	0.534773952
5254	SUV39H1		No Mutation	-0.451229057
5255	SUV39H1	(NC)	Intron	-0.632687028
5256	SUV39H1	(NC)	Intron	0.200382593
5257	SUV39H1		No Mutation	0.648145439
5258	SUV39H1	L341L	Silent	0.158231996
5259	SUV39H1	L341L	Silent	-0.589425034
5260	SUV39H1	V343V	Silent	0.150484804
5261	SUV39H1		No Mutation	-0.01173772
5262	SUV39H1		No Mutation	-0.043967341
5263	SUV39H1	V346I	Missense	-2.2373802
5264	SUV39H1	D349D	Silent	0.460627347
5265	SUV39H1	L355L	Silent	-0.176351667
5266	SUV39H1	A362T	Missense	0.526169253
5267	SUV39H1	A362T	Missense	0.102857099
5268	SUV39H1	A362T	Missense	0.505325429
5269	SUV39H1	A362V	Missense	0.89875018
5270	SUV39H1	A362V	Missense	-1.147704247
5271	SUV39H1	T363I	Missense	0.144960287
5272	SUV39H1	R367Q;A368T	Missense;Missense	-1.15672451
5273	SUV39H1	T365I	Missense	-0.458146859
5274	SUV39H1	E370E;E371K	Silent;Missense	-0.580374946
5275	SUV39H1	E371E	Silent	-0.3278174
5276	SUV39H1		No Mutation	-0.604240771
5277	SUV39H1		No Mutation	-0.780591705
5278	SUV39H1	Y376Y	Silent	0.361961034
5279	SUV39H1	M378I	Missense	0.000768944
5280	SUV39H1	Y376Y	Silent	0.476923748
5281	SUV39H1	Y376Y	Silent	-0.572368268
5282	SUV39H1	N377N	Silent	-0.27823539
5283	SUV39H1	Q379*	Nonsense	-0.022020667
5284	SUV39H1	Q379*	Nonsense	-0.220688705
5285	SUV39H1		No Mutation	-1.176277812
5286	SUV39H1		No Mutation	0.520861955
5287	SUV39H1		No Mutation	0.657591172
5288	SUV39H1		No Mutation	-1.150556768
5289	SUV39H1	(NC)	Intron	0.215559221
5290	SUV39H1		No Mutation	0.281748694
5291	SUV39H1	(NC)	Splice-acceptor	-0.509011396
5292	SUV39H1	(NC)	Splice-acceptor	-0.387330562
5293	SUV39H1	(NC);(NC);(NC)	Intron;Intron;Intron	0.006105636
5294	SUV39H1		No Mutation	-0.907077425
5295	SUV39H1	V383V;D384N	Silent;Missense	-0.189572003
5296	SUV39H1	E386E;S387N	Silent;Missense	0.76123518
5297	SUV39H1	S387N	Missense	-0.096450691
5298	SUV39H1	S387N	Missense	-0.578334311
5299	SUV39H1	D384D	Silent	-0.500963349
5300	SUV39H1	R389C	Missense	0.145053437
5301	SUV39H1		No Mutation	-0.153095811
5302	SUV39H1	D391D	Silent	-0.6491644
5303	SUV39H1	G395S	Missense	0.365567038
5304	SUV39H1	S392F	Missense	-0.813511667
5305	SUV39H1	S392F;N393N	Missense;Silent	-0.077298129
5306	SUV39H1	G398K	Missense	-0.459761725
5307	SUV39H1	G395G;L396L	Silent;Silent	-1.548403089
5308	SUV39H1	G401N	Missense	-0.571700945
5309	SUV39H1	P400L;G401G	Missense;Silent	-0.259975026
5310	SUV39H1	G401G	Silent	0.098304269
5311	SUV39H1	K404K;K405K	Silent;Silent	-0.155849793
5312	SUV39H1	K405K;R406Q	Silent;Missense	0.217630526
5313	SUV39H1	R408H	Missense	-1.053337071
5314	SUV39H1	R408H	Missense	-0.28126035
5315	SUV39H1	R408H	Missense	0.751051183
5316	SUV39H1	R408C	Missense	-0.215882085
5317	SUV39H1		No Mutation	-0.590289171
5318	SUV39H1	K412K;C413Y;G414R	Silent;Missense;Missense	-0.494791954
5319	SUV39H1		No Mutation	0.42444072
5320	SUV39H1	*424*	Silent	-0.20519306
5321	SUV39H1	(NC);(NC)	UTR;UTR	0.538293504
5322	SUV39H1	(NC);(NC)	UTR;UTR	0.436967723
5323	SUV39H1	(NC);(NC)	UTR;UTR	0.209061766
5324	SUV39H1	(NC);(NC)	UTR;UTR	0.5268825
5325	SUV39H2	(NC)	UTR	0.283512195
5326	SUV39H2		No Mutation	-0.871268205
5327	SUV39H2	(NC)	UTR	-0.996811654
5328	SUV39H2	(NC);(NC)	UTR;UTR	-0.521216083
5329	SUV39H2	(NC)	UTR	0.231778556
5330	SUV39H2	(NC)	UTR	-1.191077152
5331	SUV39H2	(NC)	UTR	0.227074508
5332	SUV39H2	A2V	Missense	-0.546542571
5333	SUV39H2	V4V	Silent	0.837954677
5334	SUV39H2	A6V	Missense	-0.853203248
5335	SUV39H2	A6A	Silent	0.187415598
5336	SUV39H2	A8V;R9*	Missense;Nonsense	1.052096783
5337	SUV39H2	(NC);(NC);(NC)	Splice-donor;Intron;Intron	0.489672311
5338	SUV39H2		No Mutation	0.206389938
5339	SUV39H2	D21N	Missense	0.501939505
5340	SUV39H2	S19L;L20F	Missense;Missense	-0.709400802
5341	SUV39H2		No Mutation	0.351662589
5342	SUV39H2	L32F;T33I	Missense;Missense	-0.491376598
5343	SUV39H2	S36L	Missense	0.861155454
5344	SUV39H2		No Mutation	-0.670299669
5345	SUV39H2	L44L	Silent	0.290328391
5346	SUV39H2	L44L	Silent	0.021490974
5347	SUV39H2	Y51Y	Silent	-0.165188351
5348	SUV39H2	D54D	Silent	-0.352140158
5349	SUV39H2	Y55Y	Silent	0.212491615
5350	SUV39H2		No Mutation	0.546295798
5351	SUV39H2	L65F	Missense	-0.048920237
5352	SUV39H2		No Mutation	-0.542875193
5353	SUV39H2	P72L	Missense	-0.549400865
5354	SUV39H2		No Mutation	-1.294219178
5355	SUV39H2	W78*	Nonsense	-0.485873513
5356	SUV39H2	Q91Q	Silent	-0.149225659
5357	SUV39H2		No Mutation	-0.514291577
5358	SUV39H2	H98Y	Missense	0.179602296
5359	SUV39H2	S102F	Missense	0.577749129
5360	SUV39H2		No Mutation	-0.697078451
5361	SUV39H2	V128I	Missense	0.159576075
5362	SUV39H2		No Mutation	-0.450461837
5363	SUV39H2		No Mutation	-0.28187301
5364	SUV39H2		No Mutation	0.087783816
5365	SUV39H2		No Mutation	-0.296548115
5366	SUV39H2		No Mutation	0.61328163
5367	SUV39H2	T159I	Missense	-0.572940667
5368	SUV39H2		No Mutation	0.057887376
5369	SUV39H2		No Mutation	-0.112630219
5370	SUV39H2		No Mutation	0.327426623
5371	SUV39H2		No Mutation	0.310274467
5372	SUV39H2	S182N	Missense	0.055383233
5373	SUV39H2	V184I	Missense	0.217113331
5374	SUV39H2	V184V	Silent	0.117291549
5375	SUV39H2	C193Y	Missense	-1.125210685
5376	SUV39H2		No Mutation	0.059421862
5377	SUV39H2		No Mutation	-0.33498966
5378	SUV39H2	V208I	Missense	-0.30172265
5379	SUV39H2	Q217*	Nonsense	0.640073624
5380	SUV39H2		No Mutation	-0.238912768
5381	SUV39H2		No Mutation	-0.364254968
5382	SUV39H2	E228K	Missense	1.241602134
5383	SUV39H2	I226I	Silent	-0.068709465
5384	SUV39H2		No Mutation	-0.712172293
5385	SUV39H2		No Mutation	0.252353185
5386	SUV39H2	N230N;S231L	Silent;Missense	-0.545423253
5387	SUV39H2	P237F	Missense	-0.178716465
5388	SUV39H2	R242K	Missense	-1.978913001
5389	SUV39H2		No Mutation	-0.422780642
5390	SUV39H2	I254I	Silent	-0.614894481
5391	SUV39H2	R256*;T257I	Nonsense;Missense	0.530808298
5392	SUV39H2	T257I;S258S	Missense;Silent	-0.590019637
5393	SUV39H2	S258S	Silent	-1.043945291
5394	SUV39H2	S258S	Silent	-0.812169248
5395	SUV39H2	V277V	Silent	-0.32602726
5396	SUV39H2		No Mutation	0.304240334
5397	SUV39H2	Q295*	Nonsense	-1.074981307
5398	SUV39H2	Q295*	Nonsense	-1.141836516
5399	SUV39H2	I302I;T303M	Silent;Missense	-0.535153467
5400	SUV39H2	S312F	Missense	0.780164143
5401	SUV39H2		No Mutation	-0.77959911
5402	SUV39H2		No Mutation	-0.003710253
5403	SUV39H2		No Mutation	-0.025184332
5404	SUV39H2		No Mutation	0.012848106
5405	SUV39H2	V339V	Silent	-1.231464512
5406	SUV39H2		No Mutation	-0.686203167
5407	SUV39H2		No Mutation	-0.377353684
5408	SUV39H2		No Mutation	-0.162264698
5409	SUV39H2		No Mutation	-0.24128634
5410	SUV39H2		No Mutation	-0.351416518
5411	SUV39H2	T359I	Missense	0.354907709
5412	SUV39H2	A364T	Missense	-0.263169132
5413	SUV39H2	E367K	Missense	-0.404657417
5414	SUV39H2	H387H;S388S	Silent;Silent	-0.957831108
5415	SUV39H2	H387H;S388S;P389S	Silent;Silent;Missense	0.669576688
5416	SUV39H2	T396I	Missense	-0.125867586
5417	SUV39H2	A402V	Missense	0.497896321
5418	SUV39H2	(NC)	UTR	-0.262444299
5419	PTPN2	(NC)	UTR	-0.239186848
5420	PTPN2		No Mutation	0.221632734
5421	PTPN2		No Mutation	-0.224480727
5422	PTPN2	M392I;G393K	Missense;Missense	-0.579986879
5423	PTPN2	P387L	Missense	0.278081627
5424	PTPN2	P387F	Missense	0.068339874
5425	PTPN2	P387F	Missense	0.655094095
5426	PTPN2		No Mutation	-0.166667433
5427	PTPN2	R377*	Nonsense	2.083360061
5428	PTPN2		No Mutation	-0.564184917
5429	PTPN2	Q366*	Nonsense	0.125703019
5430	PTPN2	V365V;Q366Q	Silent;Silent	0.031765709
5431	PTPN2	K364K;V365I	Silent;Missense	0.463943882
5432	PTPN2	A359V	Missense	-0.881108115
5433	PTPN2	R354*	Nonsense	0.079667103
5434	PTPN2	R350W	Missense	0.167802568
5435	PTPN2	R350Q	Missense	0.313481844
5436	PTPN2	(NC);(NC)	Intron;Intron	-0.079040807
5437	PTPN2	(NC)	Intron	-0.66344315
5438	PTPN2		No Mutation	-0.090508159
5439	PTPN2	Q338*	Nonsense	-0.049285238
5440	PTPN2		No Mutation	-0.061523566
5441	PTPN2		No Mutation	0.159824952
5442	PTPN2	T326I	Missense	0.625399804
5443	PTPN2		No Mutation	1.574011083
5444	PTPN2	Y313Y	Silent	1.045342481
5445	PTPN2	T310I	Missense	-0.195376878
5446	PTPN2	T310I	Missense	-0.324783664
5447	PTPN2		No Mutation	0.249302663
5448	PTPN2		No Mutation	0.496793031
5449	PTPN2		No Mutation	-0.42905203
5450	PTPN2	E291K	Missense	-0.195277527
5451	PTPN2	W289*	Nonsense	0.017491265
5452	PTPN2	W289*	Nonsense	0.097513512
5453	PTPN2	(NC);(NC);(NC)	Intron;Intron;Intron	-1.020230344
5454	PTPN2	Q286*	Nonsense	0.304348449
5455	PTPN2		No Mutation	0.093982315
5456	PTPN2	A276V	Missense	-0.676870764
5457	PTPN2		No Mutation	-1.299019533
5458	PTPN2	Y269Y	Silent	-0.007774501
5459	PTPN2	L265L	Silent	-1.330671329
5460	PTPN2		No Mutation	0.733040631
5461	PTPN2		No Mutation	-1.142656069
5462	PTPN2	R266K	Missense	-0.575448446
5463	PTPN2	Q260Q	Silent	-0.321650503
5464	PTPN2		No Mutation	0.530349569
5465	PTPN2	N250N	Silent	-0.355341153
5466	PTPN2	(NC)	Intron	-0.11012188
5467	PTPN2	D230D	Silent	0.559631852
5468	PTPN2		No Mutation	-0.837964945
5469	PTPN2	R222R;S223F	Silent;Missense	-0.039658633
5470	PTPN2	A218V	Missense	0.680144895
5471	PTPN2	G221R	Missense	-0.30704935
5472	PTPN2	H215H	Silent	-0.568249308
5473	PTPN2	H215Y	Missense	-0.167678231
5474	PTPN2		No Mutation	-0.46706895
5475	PTPN2	C216Y;S217N	Missense;Missense	-0.371219251
5476	PTPN2	V213V	Silent	-0.74588681
5477	PTPN2	A212T;V213M	Missense;Missense	-0.890317375
5478	PTPN2	A212T;V213M	Missense;Missense	0.136186794
5479	PTPN2	N206N;P207F	Silent;Missense	-1.088510452
5480	PTPN2	G210K	Missense	-0.216889674
5481	PTPN2	S204F	Missense	-0.05481227
5482	PTPN2	S204F	Missense	-0.551239799
5483	PTPN2		No Mutation	-0.623784896
5484	PTPN2		No Mutation	0.774221289
5485	PTPN2		No Mutation	-0.30188951
5486	PTPN2		No Mutation	0.315570172
5487	PTPN2	E187K	Missense	0.784968695
5488	PTPN2	G184E;V185I	Missense;Missense	0.004003581
5489	PTPN2	T178I;T179I	Missense;Missense	-0.611916632
5490	PTPN2	H174H	Silent	0.507947025
5491	PTPN2		No Mutation	-0.17035653
5492	PTPN2	(NC)	Splice-acceptor	0.53781147
5493	PTPN2		No Mutation	0.458084281
5494	PTPN2	L135L	Silent	0.787062712
5495	PTPN2	E138K	Missense	-0.138422533
5496	PTPN2	E133K	Missense	-0.210698016
5497	PTPN2		No Mutation	0.469259086
5498	PTPN2	(NC)	Intron	0.532533025
5499	PTPN2	E119K	Missense	0.180817151
5500	PTPN2	R114R	Silent	0.902990812
5501	PTPN2	V110V;L112L	Silent;Silent	-0.558299553
5502	PTPN2	M111I;L112L	Missense;Silent	0.394770458
5503	PTPN2	M100I;V101I	Missense;Missense	-2.79752962
5504	PTPN2	F97F	Silent	0.219079999
5505	PTPN2	C94C;C95C;H96Y	Silent;Silent;Missense	-0.737176428
5506	PTPN2		No Mutation	-1.042317837
5507	PTPN2	N92N;T93I	Silent;Missense	0.767684173
5508	PTPN2	C94Y;C95Y	Missense;Missense	-0.695683316
5509	PTPN2	G88N	Missense	-0.168710137
5510	PTPN2	(NC);(NC);(NC)	Intron;Intron;Intron	-0.657398121
5511	PTPN2		No Mutation	0.0166768
5512	PTPN2	D75D	Silent	-1.177324731
5513	PTPN2	E77K	Missense	0.97259898
5514	PTPN2		No Mutation	-0.469655779
5515	PTPN2	(NC);(NC);(NC)	Intron;Intron;Intron	0.019463967
5516	PTPN2	(NC);(NC);(NC);(NC)	Intron;Intron;Intron;Intron	0.131968719
5517	PTPN2	S52S;P53L	Silent;Missense	0.427187914
5518	PTPN2	S52S;P53L	Silent;Missense	0.563469839
5519	PTPN2	K38K	Silent	0.845772673
5520	PTPN2	R35K;V36M	Missense;Missense	0.190616915
5521	PTPN2	R35K	Missense	1.583904015
5522	PTPN2	D31D	Silent	-0.695674104
5523	PTPN2		No Mutation	0.645099443
5524	PTPN2	(NC);(NC)	Intron;Intron	0.279777667
5525	PTPN2	L21L	Silent	-0.472586597
5526	PTPN2	R17R;Q19*	Silent;Nonsense	-1.121017845
5527	PTPN2		No Mutation	0.53697172
5528	PTPN2	R7W	Missense	-0.047456063
5529	PTPN2	E10K	Missense	0.485307426
5530	PTPN2	E8E	Silent	-1.25170171
5531	PTPN2	R7Q;E8K	Missense;Missense	0.260578416
5532	PTPN2	R7Q;E8K	Missense;Missense	-0.928766833
5533	PTPN2	E6K	Missense	-1.767894543
5534	PTPN2	P2F	Missense	0.467484597
5535	PTPN2	P2F	Missense	0.073947353
5536	PTPN2		No Mutation	-1.315981557
5537	PTPN2		No Mutation	-0.186738135
5538	PTPN2	(NC)	UTR	-1.777249642
