ID	Gene	Mutation_list	Mutation_type	sgRNA_score
0	SETDB1	(NC)	UTR	0.96578789
1	SETDB1	(NC)	UTR	0.2682550092918802
2	SETDB1	S3F;L4F	Missense;Missense	-0.438526748
3	SETDB1	P5F	Missense	-0.22773799
4	SETDB1	G9N	Missense	0.4846170672129425
5	SETDB1	G9N	Missense	-0.45915856
6	SETDB1	L10L;D11N	Silent;Missense	-0.058024384
7	SETDB1	A12V	Missense	-0.438590897
8	SETDB1		No Mutation	0.3262172971759988
9	SETDB1	L25L	Silent	0.1851592438896834
10	SETDB1	Q26*;Q27*	Nonsense;Nonsense	-1.662201033
11	SETDB1	A28V	Missense	3.105896851148034
12	SETDB1	A28V	Missense	-0.879678451
13	SETDB1	L33L	Silent	-0.261276602
14	SETDB1	L33L	Silent	0.1186155070883293
15	SETDB1	I35I;S36F	Silent;Missense	-1.413763275
16	SETDB1	R41W;H42Y	Missense;Missense	-1.323911844
17	SETDB1	F43F	Silent	0.5501580568972112
18	SETDB1		No Mutation	-0.157800712
19	SETDB1	A62V	Missense	-0.914935764
20	SETDB1	A62V	Missense	0.055412348
21	SETDB1	Q70*	Nonsense	-0.823358289
22	SETDB1	Q70*	Nonsense	-0.401825835
23	SETDB1	L81L	Silent	-0.304657861
24	SETDB1	A85T	Missense	-1.459642931
25	SETDB1	S86F	Missense	-0.108975022
26	SETDB1	(NC);(NC);(NC)	Intron;Intron;Intron	-1.530771589
27	SETDB1	(NC)	Intron	0.2672887858772894
28	SETDB1	(NC)	Intron	-1.613713727
29	SETDB1	V89V	Silent	0.5730103736618959
30	SETDB1	T90I	Missense	-0.726698858
31	SETDB1		No Mutation	-0.329428827
32	SETDB1	D98D	Silent	0.4017107255280274
33	SETDB1	D98D	Silent	0.1751519459358732
34	SETDB1	L103L	Silent	0.1535576197934116
35	SETDB1	L103L	Silent	-0.072884196
36	SETDB1		No Mutation	-0.009305945
37	SETDB1	Y107Y;R108W	Silent;Missense	-0.154994878
38	SETDB1	E113K;D114N	Missense;Missense	-0.334941042
39	SETDB1	S112F	Missense	0.7090857077215471
40	SETDB1		No Mutation	-0.607614381
41	SETDB1	E124K	Missense	0.068858116
42	SETDB1	D131N;V132I	Missense;Missense	-0.216749911
43	SETDB1	V132V;L133F	Silent;Missense	-0.352174454
44	SETDB1	L133L	Silent	-0.661125617
45	SETDB1		No Mutation	-0.15713494
46	SETDB1	G138S;(NC)	Missense;Splice-donor	0.3093504727732803
47	SETDB1		No Mutation	-0.043473596
48	SETDB1		No Mutation	0.3270428086989752
49	SETDB1		No Mutation	-0.636225771
50	SETDB1	(NC);(NC)	Intron;Intron	-0.415981734
51	SETDB1	G141E;S142N	Missense;Missense	-0.315555611
52	SETDB1	T144I;P145S	Missense;Missense	-0.315331431
53	SETDB1	D147D;Q148*	Silent;Nonsense	0.6371599493585921
54	SETDB1	(NC);(NC)	Splice-donor;Intron	-0.52517871
55	SETDB1	Q148*	Nonsense	0.1794354660814406
56	SETDB1		No Mutation	0.1669804011225113
57	SETDB1	(NC);(NC);(NC)	Intron;Intron;Intron	-0.207095596
58	SETDB1		No Mutation	0.2135524531064149
59	SETDB1		No Mutation	-0.498196517
60	SETDB1		No Mutation	0.8188309384754403
61	SETDB1	(NC)	Splice-acceptor	-0.627849816
62	SETDB1	R151H	Missense	-0.514003281
63	SETDB1	R151H;E152K	Missense;Missense	-1.740554477
64	SETDB1	R151H;E152K	Missense;Missense	0.8892430723611919
65	SETDB1	(NC);L150F	Intron;Missense	0.1500446403299096
66	SETDB1	A156T	Missense	0.3052744400348542
67	SETDB1		No Mutation	0.07108243
68	SETDB1		No Mutation	-0.899349077
69	SETDB1	N172N	Silent	-0.241999781
70	SETDB1	S177F;Q178*	Missense;Nonsense	1.1186965069378976
71	SETDB1	L180L	Silent	-0.910439092
72	SETDB1	L180L	Silent	0.8123795561659957
73	SETDB1	G183R;(NC)	Missense;Splice-donor	-0.570495495
74	SETDB1	G183R;(NC)	Missense;Splice-donor	-0.593679714
75	SETDB1		No Mutation	1.319693845347057
76	SETDB1		No Mutation	-0.399483339
77	SETDB1	(NC)	Intron	0.2079125124047998
78	SETDB1	T184I	Missense	-0.738581973
79	SETDB1	G190K	Missense	0.005236755
80	SETDB1		No Mutation	0.6308461050172477
81	SETDB1	V200V	Silent	-0.274414094
82	SETDB1	M202I;R203Q	Missense;Missense	-0.179371048
83	SETDB1	V200V	Silent	-0.286039826
84	SETDB1		No Mutation	0.632602723
85	SETDB1	T210I	Missense	-1.021254541
86	SETDB1	A220V	Missense	1.3911407186555544
87	SETDB1	Q222Q	Silent	-0.663838666
88	SETDB1	Q222Q;V224I	Silent;Missense	-0.028687374
89	SETDB1	(NC);(NC)	Splice-donor;Intron	-0.015868815
90	SETDB1	(NC);(NC)	Intron;Intron	-0.243660907
91	SETDB1		No Mutation	-0.869803021
92	SETDB1		No Mutation	-0.367247591
93	SETDB1	G227K	Missense	0.3766353780896356
94	SETDB1	G227K	Missense	-0.86903313
95	SETDB1	P226L	Missense	-1.290014728
96	SETDB1	K231K;V232M	Silent;Missense	-0.818616564
97	SETDB1		No Mutation	-0.663304376
98	SETDB1		No Mutation	0.4278272050354487
99	SETDB1		No Mutation	-0.32749293
100	SETDB1		No Mutation	-0.427718883
101	SETDB1		No Mutation	-0.094411614
102	SETDB1		No Mutation	1.075101794
103	SETDB1	K257K	Silent	-0.371642464
104	SETDB1	A255V	Missense	1.2319413586730068
105	SETDB1	K257K;L258L	Silent;Silent	1.08162618
106	SETDB1	A255V	Missense	0.056983364
107	SETDB1	L258L	Silent	-0.524315834
108	SETDB1	V260M	Missense	-0.529312412
109	SETDB1	L258L	Silent	-0.042491788
110	SETDB1	L258L	Silent	0.0431837293321325
111	SETDB1		No Mutation	0.3094587206867517
112	SETDB1	V265V;A266V	Silent;Missense	1.0638143063920311
113	SETDB1	V265V;A266V	Silent;Missense	-0.539735804
114	SETDB1	Y268Y	Silent	-0.124847618
115	SETDB1	G271E	Missense	-0.460510534
116	SETDB1		No Mutation	-1.020133266
117	SETDB1	Q273*	Nonsense	0.879207804
118	SETDB1	N286N;V287V	Silent;Silent	0.741567761
119	SETDB1	N289N	Silent	-1.055559478
120	SETDB1	L291F	Missense	0.7123960738791565
121	SETDB1	(NC)	Intron	-0.936508578
122	SETDB1	(NC)	Intron	0.8709105795600494
123	SETDB1	S303F	Missense	-0.543727485
124	SETDB1	S308S;E309K	Silent;Missense	-0.66580876
125	SETDB1	L310L	Silent	0.08448705
126	SETDB1	(NC);(NC)	Splice-donor;Intron	0.1454857028999882
127	SETDB1	(NC);(NC);(NC)	Splice-donor;Intron;Intron	-0.785011846
128	SETDB1		No Mutation	0.2960095773142608
129	SETDB1		No Mutation	-0.368723989
130	SETDB1	(NC)	Intron	-0.228448302
131	SETDB1	(NC)	Intron	-0.446574686
132	SETDB1		No Mutation	-0.0412736
133	SETDB1	S328S;C329C;R330C	Silent;Silent;Missense	-0.005024557
134	SETDB1	E334K	Missense	0.9017949537660188
135	SETDB1	E334E;E335K	Silent;Missense	0.2448347126957576
136	SETDB1	A339A;Y340Y;P341S	Silent;Silent;Missense	-1.007648417
137	SETDB1	M345I	Missense	0.8377102566276395
138	SETDB1	M345I;V346I	Missense;Missense	-0.734647096
139	SETDB1	V346I	Missense	1.7937665381943884
140	SETDB1	L347L	Silent	1.827514242292523
141	SETDB1	L347L	Silent	0.098691488
142	SETDB1		No Mutation	0.166627100350019
143	SETDB1	K349K	Silent	-0.463132217
144	SETDB1	K349K;S350N	Silent;Missense	-0.639359356
145	SETDB1	K349K;S350N	Silent;Missense	1.0948817362337326
146	SETDB1	L353F	Missense	-0.880072678
147	SETDB1	L353F	Missense	-0.094325373
148	SETDB1	E357K	Missense	-1.36512743
149	SETDB1	I354I	Silent	-1.048584499
150	SETDB1	T356I	Missense	-0.92343487
151	SETDB1		No Mutation	-0.492027308
152	SETDB1		No Mutation	-0.028830383
153	SETDB1		No Mutation	0.3907224166210353
154	SETDB1	S365F;R366*	Missense;Nonsense	-0.415323598
155	SETDB1	R366*	Nonsense	-1.781507767
156	SETDB1	V370V;D371N	Silent;Missense	-0.601872487
157	SETDB1	V370V;D371N;G372S	Silent;Missense;Missense	0.440552306052353
158	SETDB1		No Mutation	0.9095264258431236
159	SETDB1	V375V	Silent	-0.612539678
160	SETDB1		No Mutation	-0.740319396
161	SETDB1	(NC)	Intron	0.2695594862659876
162	SETDB1		No Mutation	-1.00203236
163	SETDB1	(NC)	Intron	-0.395053721
164	SETDB1	D382D	Silent	0.4814230637306984
165	SETDB1		No Mutation	-0.422095556
166	SETDB1	I388I	Silent	0.5135564833822597
167	SETDB1	R390*	Nonsense	-0.629670919
168	SETDB1	S404F	Missense	0.0236549488010956
169	SETDB1	L409L;E410K	Silent;Missense	0.2764603659015767
170	SETDB1	A408V;L409L	Missense;Silent	0.5601925036653789
171	SETDB1	K411K;K412K	Silent;Silent	-1.417139631
172	SETDB1		No Mutation	0.096364554
173	SETDB1	L416L	Silent	-0.434110379
174	SETDB1	T418I	Missense	0.5153444404339772
175	SETDB1	(NC)	Intron	0.061135861
176	SETDB1	(NC)	Intron	-0.922497505
177	SETDB1	(NC);(NC)	Intron;Intron	0.8838293275528398
178	SETDB1	A424T;V425M	Missense;Missense	-0.348524169
179	SETDB1	A424V	Missense	0.3368735399528352
180	SETDB1	R426K;S427N	Missense;Missense	-0.08710269
181	SETDB1		No Mutation	-0.641113819
182	SETDB1		No Mutation	-0.227850278
183	SETDB1		No Mutation	0.9590725072038248
184	SETDB1	Y434Y;T435I	Silent;Missense	1.6700614882969989
185	SETDB1	L438L	Silent	0.3997694390228193
186	SETDB1	Q436*	Nonsense	-0.906899776
187	SETDB1	Q444Q	Silent	-0.801727125
188	SETDB1	T443I;Q444*	Missense;Nonsense	0.2144283190971629
189	SETDB1	V448V;E449K	Silent;Missense	-1.091586715
190	SETDB1	V448V;E449K	Silent;Missense	0.060181876
191	SETDB1	Q452Q	Silent	0.9553189011319444
192	SETDB1	A455T	Missense	0.098950108
193	SETDB1		No Mutation	-0.08462611
194	SETDB1		No Mutation	1.4160839612737022
195	SETDB1		No Mutation	0.5182178574378308
196	SETDB1	A458T	Missense	0.08004247
197	SETDB1		No Mutation	-1.224005568
198	SETDB1		No Mutation	-0.021748306
199	SETDB1	A464T	Missense	-0.021770066
200	SETDB1	A464T	Missense	-0.193392985
201	SETDB1	A464T	Missense	-0.154976748
202	SETDB1		No Mutation	-0.219557993
203	SETDB1		No Mutation	0.5716446457001019
204	SETDB1		No Mutation	0.2102963599109498
205	SETDB1		No Mutation	-0.24097188
206	SETDB1	P466F;L467L	Missense;Silent	-0.141307792
207	SETDB1	A471T	Missense	0.6852073274917929
208	SETDB1	A471T;G472N	Missense;Missense	0.4105968008442366
209	SETDB1	S474N	Missense	-0.258612755
210	SETDB1	S474N;D475N	Missense;Missense	0.029958193
211	SETDB1	S474N;D475N	Missense;Missense	0.1464694286398384
212	SETDB1	S474N;D475N;(NC)	Missense;Missense;Splice-donor	0.0238778503454427
213	SETDB1	D475N;(NC)	Missense;Splice-donor	0.2916977224376023
214	SETDB1		No Mutation	0.025184358390887
215	SETDB1	(NC)	Intron	1.1881107125787604
216	SETDB1	S478N	Missense	-0.961330799
217	SETDB1	S478S;Q479*	Silent;Nonsense	-1.693830621
218	SETDB1	A481V;Q482*	Missense;Nonsense	2.4183961428977216
219	SETDB1	R484Q	Missense	-0.66979694
220	SETDB1	Q486Q;V487I	Silent;Missense	-0.858874538
221	SETDB1	Q486Q;V487I;A488T	Silent;Missense;Missense	0.988644549
222	SETDB1	S491S;T492M	Silent;Missense	-1.017187321
223	SETDB1	S493S;R495*	Silent;Nonsense	0.3016702243883526
224	SETDB1	R495*	Nonsense	0.2029237095433349
225	SETDB1	V499I	Missense	0.8807012089264706
226	SETDB1	P496L	Missense	0.0458557090440178
227	SETDB1	G502N	Missense	0.0143081931602491
228	SETDB1	A510T	Missense	1.0751356975808966
229	SETDB1		No Mutation	-0.632684899
230	SETDB1		No Mutation	-0.677471277
231	SETDB1	S512N	Missense	-0.024727639
232	SETDB1	L511F	Missense	0.087183882
233	SETDB1		No Mutation	-0.725119161
234	SETDB1		No Mutation	-0.080535876
235	SETDB1	V515V;S516F	Silent;Missense	0.7168430891192861
236	SETDB1	V515V;S516F	Silent;Missense	-0.206248395
237	SETDB1	I522I	Silent	-0.556019389
238	SETDB1		No Mutation	-0.43126336
239	SETDB1		No Mutation	-0.075669973
240	SETDB1		No Mutation	-0.489363467
241	SETDB1	A534T	Missense	-0.871985805
242	SETDB1	A538T	Missense	-0.27606933
243	SETDB1		No Mutation	0.6981557817230768
244	SETDB1	A538V;P539S	Missense;Missense	-0.408231238
245	SETDB1		No Mutation	0.1851198980629405
246	SETDB1		No Mutation	-0.081046865
247	SETDB1		No Mutation	0.4063062581284231
248	SETDB1	A544T	Missense	0.043781772
249	SETDB1		No Mutation	0.7955865747519927
250	SETDB1		No Mutation	0.1779933925440778
251	SETDB1		No Mutation	0.2234802738325762
252	SETDB1	V550I	Missense	0.4859788340768331
253	SETDB1	V550I	Missense	1.5318324095418665
254	SETDB1	A547V;P548F	Missense;Missense	-1.26722218
255	SETDB1	V550I	Missense	0.9135317968190334
256	SETDB1		No Mutation	-0.373840338
257	SETDB1	V550V	Silent	-0.144968874
258	SETDB1	G553N	Missense	-1.612502958
259	SETDB1	G553D;M554I	Missense;Missense	-1.261453303
260	SETDB1	M554I	Missense	-1.691544897
261	SETDB1	M554I	Missense	0.1686892175430762
262	SETDB1	F551F;H552Y	Silent;Missense	-0.869190528
263	SETDB1	F551F;H552Y	Silent;Missense	1.2390509570663932
264	SETDB1	E556E;R557Q;A558T	Silent;Missense;Missense	0.6774992706012599
265	SETDB1		No Mutation	2.0621386145489007
266	SETDB1		No Mutation	-0.571468648
267	SETDB1	R565H	Missense	1.9979244016403648
268	SETDB1	P562P;S563F	Silent;Missense	-0.74687214
269	SETDB1		No Mutation	-0.463424447
270	SETDB1	M568I	Missense	-0.010111208
271	SETDB1	M568I;E569K	Missense;Missense	0.034697581
272	SETDB1	E569E;K570K	Silent;Silent	1.518682649240789
273	SETDB1		No Mutation	0.1567598209360725
274	SETDB1		No Mutation	0.4491146346017961
275	SETDB1		No Mutation	0.048368469
276	SETDB1	R587K	Missense	0.6055798527638496
277	SETDB1	S584F;R585*	Missense;Nonsense	-1.538972509
278	SETDB1		No Mutation	-0.434057733
279	SETDB1		No Mutation	-0.828377615
280	SETDB1		No Mutation	-1.599540716
281	SETDB1	Q593Q	Silent	0.3396266086756481
282	SETDB1	G596G	Silent	0.5029101510366107
283	SETDB1	L600L	Silent	-0.368025915
284	SETDB1	P603P	Silent	0.2955858468438136
285	SETDB1		No Mutation	0.051044053
286	SETDB1	P603L	Missense	0.04793466
287	SETDB1	L605L	Silent	-0.954238671
288	SETDB1		No Mutation	0.6892338451217833
289	SETDB1	R609Q	Missense	0.3636266489512632
290	SETDB1	F608F;R609W	Silent;Missense	0.9913893281464784
291	SETDB1	R614Q	Missense	0.732084038
292	SETDB1	R619H	Missense	1.5451160643909287
293	SETDB1	R616*	Nonsense	-1.113020001
294	SETDB1	R619H	Missense	0.2374362376670687
295	SETDB1	R616*	Nonsense	-0.202050766
296	SETDB1	V625I	Missense	-0.859748773
297	SETDB1	I626I	Silent	-0.493321754
298	SETDB1	P630L	Missense	-0.653416004
299	SETDB1	R636Q	Missense	-0.299150675
300	SETDB1	Q639Q;E640K	Silent;Missense	-0.053634174
301	SETDB1	C650Y;D651N	Missense;Missense	-0.561596395
302	SETDB1	G649G	Silent	-0.384257521
303	SETDB1	F654F;L655L	Silent;Silent	0.3484431948463251
304	SETDB1	M657I	Missense	-0.336898636
305	SETDB1	L660L;D661N	Silent;Missense	2.137302204872027
306	SETDB1	P662S	Missense	-0.676717262
307	SETDB1	D667N;R668Q	Missense;Missense	1.1015822638860686
308	SETDB1		No Mutation	-1.926536599
309	SETDB1		No Mutation	0.1001703917116648
310	SETDB1		No Mutation	0.6914042884435108
311	SETDB1	L680L;D681N	Silent;Missense	-0.161414249
312	SETDB1	D681D	Silent	0.1406727655151252
313	SETDB1	E696K	Missense	-0.112220652
314	SETDB1	E696K	Missense	-0.378617453
315	SETDB1	E696K	Missense	-0.898933068
316	SETDB1	D698N	Missense	0.9535600630418188
317	SETDB1	D698D;T699I	Silent;Missense	-0.887170766
318	SETDB1	T700I;P701S	Missense;Missense	0.4639720642886754
319	SETDB1	V705V;A706T	Silent;Missense	1.7087182022970564
320	SETDB1	V705V;A706T	Silent;Missense	-0.068866204
321	SETDB1	A706T	Missense	-0.34719584
322	SETDB1	P703P;Q704*	Silent;Nonsense	-0.936069165
323	SETDB1	S708N	Missense	-0.023322406
324	SETDB1	S708N	Missense	-0.623527337
325	SETDB1	S708N;K709K	Missense;Silent	-1.620419208
326	SETDB1	K709K;E710K	Silent;Missense	0.2703767337350754
327	SETDB1	Y707Y;S708S	Silent;Silent	0.2986396207614112
328	SETDB1	S708S	Silent	0.217265695826281
329	SETDB1	R711H	Missense	0.1489522677027433
330	SETDB1	R711C	Missense	0.037247321
331	SETDB1	R711C	Missense	0.1662724228767187
332	SETDB1		No Mutation	-0.646890205
333	SETDB1		No Mutation	1.3147162096216485
334	SETDB1	N720N;T721I	Silent;Missense	0.4177141967278616
335	SETDB1	G722G;P723F	Silent;Missense	-1.324483659
336	SETDB1	G728N	Missense	2.4258011225441254
337	SETDB1	G728N;C729Y	Missense;Missense	-1.103246168
338	SETDB1		No Mutation	-0.694096726
339	SETDB1	G728G	Silent	-1.179311666
340	SETDB1	G728G	Silent	0.9653837011406684
341	SETDB1	D730D;C731C	Silent;Silent	-0.422537987
342	SETDB1	D730D;C731C	Silent;Silent	0.1989762788353179
343	SETDB1	R736W	Missense	0.8012563995136861
344	SETDB1	R736W	Missense	-0.32303561
345	SETDB1	D737D	Silent	1.2693420485876292
346	SETDB1	D737D	Silent	0.6318569542742789
347	SETDB1	D737D	Silent	-0.910393546
348	SETDB1	D737D	Silent	0.9067024095966476
349	SETDB1	(NC)	Intron	0.637307559
350	SETDB1	(NC)	Intron	1.3626547650265812
351	SETDB1	K738K	Silent	-0.579155013
352	SETDB1		No Mutation	-0.210312062
353	SETDB1		No Mutation	0.5423459693499545
354	SETDB1	C743C;H744Y;Q745*	Silent;Missense;Nonsense	0.2790177151455684
355	SETDB1		No Mutation	0.1229610738788521
356	SETDB1	Q749Q;A750T	Silent;Missense	-0.02862045
357	SETDB1	A750V;T751I	Missense;Missense	1.3757969931262013
358	SETDB1		No Mutation	0.069207033
359	SETDB1	T751I;A752V	Missense;Missense	-0.848265609
360	SETDB1	G757D	Missense	0.9091508213150948
361	SETDB1		No Mutation	0.079177185
362	SETDB1		No Mutation	0.26535582082878
363	SETDB1		No Mutation	0.7224593927727473
364	SETDB1	Q758*	Nonsense	1.8539295558561737
365	SETDB1	G764S	Missense	-0.046015146
366	SETDB1	Q766Q	Silent	-0.188898839
367	SETDB1	Q766Q	Silent	-0.171976993
368	SETDB1	E771K;E772K	Missense;Missense	0.7139392098158085
369	SETDB1		No Mutation	-0.383904473
370	SETDB1		No Mutation	-1.499582441
371	SETDB1	L774L;P775S	Silent;Missense	0.073434479
372	SETDB1	P775P;T776I	Silent;Missense	0.2520244946376
373	SETDB1	(NC)	Intron	0.2811715636543266
374	SETDB1		No Mutation	-0.584769802
375	SETDB1	(NC)	Intron	-1.09429355
376	SETDB1	(NC)	Intron	-0.710568923
377	SETDB1	E780K	Missense	-1.965064165
378	SETDB1	E780K;C781Y	Missense;Missense	2.641078973892944
379	SETDB1	C781Y	Missense	0.3427049371362332
380	SETDB1	C781Y	Missense	-1.073256139
381	SETDB1	P789L;N790N	Missense;Silent	-0.462961879
382	SETDB1	N790N	Silent	0.048627227
383	SETDB1		No Mutation	-0.244682857
384	SETDB1	R795Q	Missense	0.6917879223053112
385	SETDB1	N794N;R795W	Silent;Missense	-0.025001018
386	SETDB1	G800K	Missense	-0.520850656
387	SETDB1	H799Y	Missense	-0.734089562
388	SETDB1	F808F	Silent	1.473371392959173
389	SETDB1	F808F	Silent	0.055303104
390	SETDB1	T810I	Missense	0.8997220533153023
391	SETDB1	T810I;Q811*	Missense;Nonsense	-0.022703096
392	SETDB1	T810I;Q811*	Missense;Nonsense	-1.341166475
393	SETDB1	G814G	Silent	-0.171554963
394	SETDB1	A824T	Missense	-0.948804373
395	SETDB1		No Mutation	0.0658287
396	SETDB1	C830Y	Missense	-0.47813439
397	SETDB1		No Mutation	0.6920495169924223
398	SETDB1		No Mutation	0.02247402
399	SETDB1		No Mutation	-1.176170865
400	SETDB1		No Mutation	1.3570042735319814
401	SETDB1		No Mutation	-0.197083097
402	SETDB1		No Mutation	-0.443336365
403	SETDB1	A842T;D843N	Missense;Missense	-0.107812579
404	SETDB1	D840D	Silent	-0.527571067
405	SETDB1	D840D	Silent	0.8828955234013249
406	SETDB1	A842V	Missense	-0.424523539
407	SETDB1	D843D	Silent	-0.0132889
408	SETDB1		No Mutation	-0.528954108
409	SETDB1		No Mutation	-0.255655922
410	SETDB1	D858D;H859Y	Silent;Missense	1.1047479905801598
411	SETDB1	V863V;E864K	Silent;Missense	-0.741906547
412	SETDB1		No Mutation	-0.746137185
413	SETDB1	S877F	Missense	-1.200143614
414	SETDB1	S880N	Missense	-0.794114921
415	SETDB1	S880N	Missense	0.4779547185162212
416	SETDB1	S880N;S881N	Missense;Missense	-0.042748173
417	SETDB1	S880N;S881N	Missense;Missense	0.3923507462041895
418	SETDB1	G882D;V883I	Missense;Missense	-0.028876659
419	SETDB1	S880S	Silent	-0.398450008
420	SETDB1		No Mutation	-1.915899602
421	SETDB1		No Mutation	0.051572253
422	SETDB1	Q888*	Nonsense	-1.319527879
423	SETDB1	S893N;G894S	Missense;Missense	-0.191935778
424	SETDB1	G891G	Silent	-0.15614788
425	SETDB1	D903N;D904N	Missense;Missense	-0.522367792
426	SETDB1	D903N;D904N	Missense;Missense	0.7706854578058835
427	SETDB1	D907N	Missense	0.7666796356019866
428	SETDB1		No Mutation	-0.192128663
429	SETDB1	N909N	Silent	0.4741197702210546
430	SETDB1	F916F;S917S	Silent;Silent	0.3105075434544116
431	SETDB1	S917S;T918I	Silent;Missense	0.2915474822530075
432	SETDB1	R923Q;S924N	Missense;Missense	0.1967684415660453
433	SETDB1	R923W	Missense	1.340547418415795
434	SETDB1	S924S	Silent	-0.62782499
435	SETDB1	A926V;T927I	Missense;Missense	-0.200072994
436	SETDB1	T927I;R928W	Missense;Missense	0.007198049
437	SETDB1	T927I;R928W	Missense;Missense	0.1086401928562116
438	SETDB1	R932Q;G933N	Missense;Missense	3.846408790252767
439	SETDB1	R932R;G933N	Silent;Missense	-1.481850238
440	SETDB1	R932W	Missense	-1.85622617
441	SETDB1	E936E	Silent	-0.19214777
442	SETDB1	E936E;G938R	Silent;Missense	-0.388999256
443	SETDB1		No Mutation	-1.283970562
444	SETDB1	L939L;S940F	Silent;Missense	-0.840015034
445	SETDB1		No Mutation	0.7173568143642951
446	SETDB1	S947F;H948Y	Missense;Missense	-0.993545261
447	SETDB1	G953K	Missense	-0.277918438
448	SETDB1	G953K	Missense	-0.357645302
449	SETDB1		No Mutation	0.9142552360441244
450	SETDB1		No Mutation	1.0250607507281604
451	SETDB1		No Mutation	0.073037754
452	SETDB1		No Mutation	1.0159830338568263
453	SETDB1		No Mutation	0.1470910981588726
454	SETDB1	V959I	Missense	-0.125365772
455	SETDB1		No Mutation	0.2615979974272038
456	SETDB1		No Mutation	0.1179391425574605
457	SETDB1		No Mutation	-0.697492271
458	SETDB1	P960F;P961F	Missense;Missense	-0.535467491
459	SETDB1		No Mutation	-0.300916999
460	SETDB1	P961F;S962L	Missense;Missense	0.1555229327765503
461	SETDB1	V965I;G966N	Missense;Missense	-1.657495122
462	SETDB1	G966N;G967N	Missense;Missense	-1.200322086
463	SETDB1	G966D;G967N	Missense;Missense	0.4209316968734893
464	SETDB1		No Mutation	-0.087781811
465	SETDB1		No Mutation	1.0704119606126383
466	SETDB1	E975K	Missense	-0.982157755
467	SETDB1		No Mutation	-1.112442838
468	SETDB1	K978K	Silent	-0.053330523
469	SETDB1		No Mutation	0.1889268068831458
470	SETDB1	K978K	Silent	0.4766985410285482
471	SETDB1	T976I;P977S	Missense;Missense	0.1680245073975015
472	SETDB1	N979N	Silent	0.004318378
473	SETDB1	A982T	Missense	1.2640597749711673
474	SETDB1		No Mutation	-1.6142631
475	SETDB1	C987Y	Missense	0.1919320136762856
476	SETDB1	C987C	Silent	-0.611233754
477	SETDB1		No Mutation	-0.707541414
478	SETDB1	K1005K	Silent	-1.561730855
479	SETDB1	S1003F	Missense	-0.283608737
480	SETDB1	F1004F	Silent	-0.073783986
481	SETDB1	F1004F	Silent	1.1927479515778472
482	SETDB1	F1004F	Silent	-0.135099538
483	SETDB1	G1009N	Missense	-0.874272171
484	SETDB1	T1006I	Missense	0.1923749824619623
485	SETDB1	T1006I	Missense	-0.42003635
486	SETDB1		No Mutation	0.487197449796121
487	SETDB1		No Mutation	-2.422819166
488	SETDB1		No Mutation	0.23872275691323
489	SETDB1		No Mutation	1.034368334486675
490	SETDB1		No Mutation	1.5896080640388457
491	SETDB1		No Mutation	0.096846742
492	SETDB1	A1014V	Missense	-0.667599195
493	SETDB1		No Mutation	0.9897488233815956
494	SETDB1	R1018Q	Missense	1.036026818402433
495	SETDB1	S1017S;R1018*	Silent;Nonsense	1.0188105838856156
496	SETDB1	E1022E;K1023K;A1024T	Silent;Silent;Missense	-0.594141838
497	SETDB1		No Mutation	1.0081454471577045
498	SETDB1	A1024V;S1025F	Missense;Missense	-0.432905991
499	SETDB1	G1030N	Missense	-0.038177506
500	SETDB1	T1026T;S1027L	Silent;Missense	-0.394450621
501	SETDB1	G1030D	Missense	-1.118983215
502	SETDB1	K1032K	Silent	-1.066710046
503	SETDB1	L1029L	Silent	-0.397295793
504	SETDB1	L1029L	Silent	-2.020351374
505	SETDB1		No Mutation	1.3129026057048865
506	SETDB1	I1037I;Q1039*	Silent;Nonsense	1.6700244785999954
507	SETDB1		No Mutation	0.5184796759335144
508	SETDB1	(NC);(NC)	Intron;Intron	0.6143107727355475
509	SETDB1		No Mutation	-0.694237466
510	SETDB1		No Mutation	-0.784608217
511	SETDB1	R1048Q	Missense	0.2139240526891812
512	SETDB1	V1053I;(NC)	Missense;Splice-donor	-0.256716692
513	SETDB1	(NC);V1054I	Splice-acceptor;Missense	-1.325060196
514	SETDB1		No Mutation	0.5438721048580843
515	SETDB1	E1056K	Missense	-0.123250221
516	SETDB1	E1056K	Missense	-0.747553538
517	SETDB1	E1056K;S1057N	Missense;Missense	0.2483638339080247
518	SETDB1	S1057N	Missense	-0.341635929
519	SETDB1		No Mutation	-0.623169459
520	SETDB1	S1066F;P1067F	Missense;Missense	-0.485060723
521	SETDB1	E1071K	Missense	-0.698321598
522	SETDB1	G1072K	Missense	1.7509185693775042
523	SETDB1	R1075H	Missense	0.789465237
524	SETDB1	K1079K	Silent	0.4469510648120633
525	SETDB1	S1081N	Missense	-0.908691971
526	SETDB1	S1081N	Missense	-0.421006618
527	SETDB1	M1082I	Missense	0.513440194
528	SETDB1	Q1084*	Nonsense	1.4188100515453612
529	SETDB1	A1092T	Missense	-0.398211246
530	SETDB1	(NC)	Intron	-1.782429897
531	SETDB1		No Mutation	0.1866454049717246
532	SETDB1		No Mutation	-0.545561193
533	SETDB1	(NC);(NC);(NC)	Intron;Intron;Intron	0.6980134279570449
534	SETDB1	(NC);D1098N	Splice-acceptor;Missense	-1.46181848
535	SETDB1	(NC);D1098N;V1099I	Splice-acceptor;Missense;Missense	-0.263088041
536	SETDB1	V1099I	Missense	0.5038861619025086
537	SETDB1		No Mutation	1.3884349427008795
538	SETDB1	L1102L	Silent	-0.672041864
539	SETDB1	L1102L	Silent	0.4020758603025849
540	SETDB1	S1105N	Missense	-0.007097995
541	SETDB1	S1103S;S1104S	Silent;Silent	-1.591311183
542	SETDB1	S1104S	Silent	-0.238016805
543	SETDB1	S1104S;S1105S	Silent;Silent	-0.29177338
544	SETDB1	S1104S;S1105S	Silent;Silent	0.287229624
545	SETDB1	S1108N;E1109K	Missense;Missense	-0.230714631
546	SETDB1		No Mutation	0.02980169
547	SETDB1		No Mutation	0.1823301416566772
548	SETDB1	S1115S;R1116*	Silent;Nonsense	1.312196731125475
549	SETDB1	A1120T	Missense	0.3545171028674738
550	SETDB1	G1121N	Missense	0.4899290184473939
551	SETDB1	P1118P;T1119I	Silent;Missense	1.7152160598280597
552	SETDB1		No Mutation	0.0475058556934442
553	SETDB1	S1124S	Silent	-0.446261204
554	SETDB1	Q1122*	Nonsense	-0.337476966
555	SETDB1	I1133I;Q1134*	Silent;Nonsense	0.9383253317866608
556	SETDB1	G1139N	Missense	0.4715319096463566
557	SETDB1	S1137F	Missense	0.033707815
558	SETDB1	S1137F	Missense	0.4381319443850796
559	SETDB1	S1137F	Missense	0.0202120177748645
560	SETDB1	E1141K	Missense	-0.008930013
561	SETDB1	G1142E;D1143N	Missense;Missense	0.9012419468418322
562	SETDB1		No Mutation	1.2911721855252063
563	SETDB1	D1147D	Silent	0.032413538
564	SETDB1	N1150N	Silent	0.057163191
565	SETDB1	(NC)	Intron	0.0363909239351629
566	SETDB1	(NC);(NC)	Intron;Intron	0.1126913947132564
567	SETDB1	(NC)	Intron	-0.153635089
568	SETDB1	(NC)	Intron	-0.509337415
569	SETDB1	(NC)	Splice-acceptor	-0.663697281
570	SETDB1		No Mutation	-0.156724679
571	SETDB1	M1155I	Missense	2.019235722997709
572	SETDB1	M1155I;K1156K	Missense;Silent	0.2017233231268977
573	SETDB1	P1154L	Missense	-0.642726333
574	SETDB1	R1157H	Missense	0.2147080050907484
575	SETDB1	V1159I;A1160T	Missense;Missense	0.035582829
576	SETDB1	A1160V	Missense	-1.183396974
577	SETDB1		No Mutation	-0.151103893
578	SETDB1		No Mutation	0.6421825068969087
579	SETDB1	A1168V;L1169F	Missense;Missense	-0.744788093
580	SETDB1	A1168V;L1169F	Missense;Missense	1.8836604232602536
581	SETDB1		No Mutation	0.9964248478106744
582	SETDB1		No Mutation	-1.616975038
583	SETDB1		No Mutation	1.5854009824892945
584	SETDB1	T1180I	Missense	-0.088852628
585	SETDB1	N1181N	Silent	-1.740935134
586	SETDB1	A1183V	Missense	-0.070876875
587	SETDB1	A1183V	Missense	0.7630486744048927
588	SETDB1	V1185V;D1186N	Silent;Missense	0.045232819
589	SETDB1	A1183V	Missense	0.3685074876755651
590	SETDB1	G1188E;E1189K	Missense;Missense	-0.807742376
591	SETDB1	R1198H	Missense	0.6931005916118658
592	SETDB1	T1197I;R1198C	Missense;Missense	1.493784024864981
593	SETDB1	R1198R;Q1199*	Silent;Nonsense	-0.916114636
594	SETDB1	E1204K;E1205K	Missense;Missense	0.6090536146834928
595	SETDB1		No Mutation	0.8692049940335183
596	SETDB1	A1212A;L1214F	Silent;Missense	-0.445600285
597	SETDB1	L1214F	Missense	-0.971462722
598	SETDB1	L1218L	Silent	0.311767652
599	SETDB1	(NC)	Splice-donor	-0.858189419
600	SETDB1	(NC);(NC)	Intron;Intron	0.6225307706162145
601	SETDB1		No Mutation	-0.32779012
602	SETDB1	(NC)	Splice-acceptor	-1.050306867
603	SETDB1	S1225N	Missense	-0.806603491
604	SETDB1	S1227N	Missense	0.4877073699086561
605	SETDB1	Q1233Q	Silent	-0.26088063
606	SETDB1	Q1233Q	Silent	-1.205470519
607	SETDB1	Q1233Q	Silent	-0.163575359
608	SETDB1	V1232V;Q1233*	Silent;Nonsense	1.5127998710913149
609	SETDB1	V1235I	Missense	1.6483941122560053
610	SETDB1	V1237V;D1238N	Silent;Missense	-0.357321258
611	SETDB1		No Mutation	-0.542965628
612	SETDB1	L1242F	Missense	-1.047651582
613	SETDB1		No Mutation	-1.352603425
614	SETDB1	L1242F;R1243C	Missense;Missense	-1.188831486
615	SETDB1		No Mutation	-1.008173855
616	SETDB1	A1251T	Missense	-0.170445344
617	SETDB1	A1251T	Missense	-0.007438201
618	SETDB1	A1251T	Missense	1.0025587174487798
619	SETDB1	F1249F	Silent	0.2103464779601376
620	SETDB1	(NC)	Splice-donor	0.5812252651631336
621	SETDB1	A1251V;S1252S	Missense;Silent	0.9752248740994232
622	SETDB1		No Mutation	-0.529251853
623	SETDB1		No Mutation	-0.458879028
624	SETDB1	(NC);(NC)	Intron;Intron	-0.34443778
625	SETDB1		No Mutation	1.0234980610881474
626	SETDB1		No Mutation	-0.872058381
627	SETDB1	(NC)	Splice-acceptor	-0.749120017
628	SETDB1	(NC);(NC);(NC)	Intron;Intron;Intron	-1.168018713
629	SETDB1	(NC);(NC);(NC)	Intron;Intron;Intron	0.6066910668295953
630	SETDB1	(NC)	Intron	0.01649139
631	SETDB1	(NC)	Intron	-1.190414066
632	SETDB1	R1256Q;A1257T	Missense;Missense	-0.761042737
633	SETDB1	A1257V	Missense	-0.952636322
634	SETDB1		No Mutation	-1.429195668
635	SETDB1		No Mutation	0.4428206388417188
636	SETDB1		No Mutation	-0.312242832
637	SETDB1	D1264D	Silent	-0.801155032
638	SETDB1	D1264D	Silent	0.0166449757477058
639	SETDB1	N1266N;Y1267Y	Silent;Silent	0.035872504
640	SETDB1		No Mutation	0.5519016953590445
641	SETDB1	G1270G	Silent	0.5235643480412414
642	SETDB1	L1277L	Silent	0.0148645533775768
643	SETDB1	L1277L	Silent	1.2108715523601226
644	SETDB1	L1277L;L1278F	Silent;Missense	-0.856140693
645	SETDB1	A1283V	Missense	0.1432056344351745
646	SETDB1	G1288E;R1289H	Missense;Missense	0.4856541791026757
647	SETDB1		No Mutation	-0.724858009
648	TRIM28	(NC);(NC);(NC)	UTR;UTR;UTR	-0.958111046
649	TRIM28	(NC);(NC);(NC)	UTR;UTR;UTR	-0.054739289
650	TRIM28	(NC);(NC);(NC);(NC)	UTR;UTR;UTR;UTR	0.472196656
651	TRIM28	(NC);(NC)	UTR;UTR	-0.436131227
652	TRIM28	(NC);M1I	UTR;Missense	-0.013382181
653	TRIM28	M1I;A2T	Missense;Missense	0.1876946431092633
654	TRIM28	M1I;A2T	Missense;Missense	0.1566617431019061
655	TRIM28	M1I;A2T	Missense;Missense	-0.23553182
656	TRIM28		No Mutation	-1.078610978
657	TRIM28		No Mutation	-1.720530153
658	TRIM28	A3A;S4F	Silent;Missense	0.8062376850915829
659	TRIM28	S9S	Silent	-1.015884204
660	TRIM28	S9S;A10T	Silent;Missense	-0.960759155
661	TRIM28	A7V	Missense	0.5133992455901013
662	TRIM28	A8A;S9L	Silent;Missense	-1.005819274
663	TRIM28	S14S	Silent	-0.352216745
664	TRIM28	A12V;A13V	Missense;Missense	-1.043205428
665	TRIM28	A15V	Missense	-0.402522811
666	TRIM28	A15V;A16V	Missense;Missense	0.9602720032863764
667	TRIM28	G18D;S19N	Missense;Missense	0.6458602267411768
668	TRIM28	A16A;S17F	Silent;Missense	-0.711864216
669	TRIM28	S17F	Missense	0.6019184223614339
670	TRIM28	P20P;G21N	Silent;Missense	0.1090026759957386
671	TRIM28	G21D;P22P	Missense;Silent	-0.864874659
672	TRIM28	G18G;S19S;P20S	Silent;Silent;Missense	0.6511361216128841
673	TRIM28	S19S;P20L	Silent;Missense	-1.289581093
674	TRIM28	E24E;G25N	Silent;Missense	-0.325161409
675	TRIM28	P22L	Missense	1.0170506418525724
676	TRIM28	G25N	Missense	0.7506686833219297
677	TRIM28	G23G	Silent	-2.446419513
678	TRIM28	A27T;G28S	Missense;Missense	-0.528726788
679	TRIM28	A27T;G28N	Missense;Missense	-0.763616997
680	TRIM28	R32C	Missense	0.4129716743487217
681	TRIM28	A39T	Missense	-0.361879545
682	TRIM28	A35A;P36F	Silent;Missense	-0.246291176
683	TRIM28	A40T	Missense	-0.877102686
684	TRIM28	S41S	Silent	0.2593729627782477
685	TRIM28	S41S;A42T	Silent;Missense	-0.06648565
686	TRIM28	S41S;A42T	Silent;Missense	-0.034526814
687	TRIM28	A44T	Missense	-0.006518909
688	TRIM28	A42V	Missense	-0.837819243
689	TRIM28	A46T	Missense	0.8672296541300684
690	TRIM28	A47A;A48T	Silent;Missense	-0.061873889
691	TRIM28	S49S;S50S	Silent;Silent	-0.316686652
692	TRIM28	A46A;A47V	Silent;Missense	-0.355837036
693	TRIM28	A47V;A48V	Missense;Missense	-0.468988414
694	TRIM28	A47V;A48V	Missense;Missense	-0.408310214
695	TRIM28	A48V	Missense	0.3001873659883321
696	TRIM28	A48V;S49L	Missense;Missense	-0.967392736
697	TRIM28	A52T	Missense	-0.16299379
698	TRIM28	S49L;S50L	Missense;Missense	0.7451828678311431
699	TRIM28	P51P;A52V	Silent;Missense	-0.429387384
700	TRIM28	A56T;E57K	Missense;Missense	-1.775505873
701	TRIM28	E57K	Missense	-1.007848603
702	TRIM28	G54G	Silent	0.992791081235112
703	TRIM28	A56A	Silent	-0.534447568
704	TRIM28	L61L;L62L	Silent;Silent	-0.038900262
705	TRIM28	L61L	Silent	-0.907879362
706	TRIM28	R71C	Missense	-0.106640687
707	TRIM28	R71C;L72L	Missense;Silent	0.6966679679540988
708	TRIM28	R76R;E77K	Silent;Missense	0.9454495169079532
709	TRIM28	R79H	Missense	-0.587672537
710	TRIM28	R79H;L80L	Missense;Silent	-0.244016298
711	TRIM28	C83Y	Missense	-0.976029251
712	TRIM28	C83Y;L84L	Missense;Silent	0.2744884038594013
713	TRIM28	L81L;P82S	Silent;Missense	-1.042329413
714	TRIM28	L84L	Silent	0.0200176353542481
715	TRIM28	L84L	Silent	-0.449464013
716	TRIM28	A87T;C88Y	Missense;Missense	-2.633788213
717	TRIM28	C88Y	Missense	0.191018687549289
718	TRIM28	A87V	Missense	0.526445451
719	TRIM28	A87V	Missense	-0.66653261
720	TRIM28	G93K	Missense	0.2775704328243538
721	TRIM28	A90V	Missense	-0.709428624
722	TRIM28	A95A;A96T	Silent;Missense	0.3074821348824478
723	TRIM28	A99T;A100T	Missense;Missense	-0.493941848
724	TRIM28	A100T	Missense	0.3924199134989414
725	TRIM28	P97P;A98V	Silent;Missense	0.2638370119560829
726	TRIM28	A98V;A99V	Missense;Missense	0.6972146238710598
727	TRIM28	A98V;A99V	Missense;Missense	-0.199368795
728	TRIM28	S102N	Missense	-0.772208628
729	TRIM28	A98A;A99V	Silent;Missense	0.4364760761063483
730	TRIM28	S102N	Missense	0.8107694835442621
731	TRIM28	S102N	Missense	-0.867660734
732	TRIM28	S102N;S103S	Missense;Silent	0.4989516955947399
733	TRIM28	A100V	Missense	2.177583679048948
734	TRIM28	S103S;G104K	Silent;Missense	0.333081090123123
735	TRIM28	N101N	Silent	-0.605426877
736	TRIM28	N101N;S102S	Silent;Silent	0.1919283513063898
737	TRIM28	G104E;D105N	Missense;Missense	0.074333946
738	TRIM28	N101N;S102S	Silent;Silent	-0.698750015
739	TRIM28	G106N	Missense	-0.412472151
740	TRIM28	S102S;S103L	Silent;Missense	-0.301175755
741	TRIM28		No Mutation	-0.363028767
742	TRIM28		No Mutation	0.7538511709614187
743	TRIM28	G106G	Silent	-0.356717969
744	TRIM28	A108V;A109V	Missense;Missense	0.7264337015174025
745	TRIM28		No Mutation	0.004821967
746	TRIM28	(NC)	Intron	1.1157607860456331
747	TRIM28	(NC);(NC);(NC)	Intron;Intron;Intron	1.6237032668809623
748	TRIM28	(NC)	Intron	-1.122111394
749	TRIM28	(NC)	Intron	-0.610951865
750	TRIM28	(NC);(NC);(NC)	Intron;Intron;Intron	-0.911147142
751	TRIM28	V114V;V115I	Silent;Missense	0.4992937043035421
752	TRIM28	V114V;V115I;D116N	Silent;Missense;Missense	0.070910963
753	TRIM28	Q123Q;C124Y	Silent;Missense	0.8148769178263741
754	TRIM28	Q123Q;C124Y	Silent;Missense	-0.39367638
755	TRIM28	C124C;F125F	Silent;Silent	0.004756395
756	TRIM28	E131E	Silent	0.8359111600913184
757	TRIM28		No Mutation	0.5514287668700445
758	TRIM28	R136C	Missense	-0.383891337
759	TRIM28	A142V	Missense	0.4712690311811963
760	TRIM28	A149T	Missense	-0.168591558
761	TRIM28	D145D;A146V;Q147*	Silent;Missense;Nonsense	0.6887773331260996
762	TRIM28	A149A	Silent	0.4339039404326688
763	TRIM28	Q151Q;(NC);(NC)	Silent;Splice-donor;Intron	-0.104017554
764	TRIM28	Q151Q;(NC);(NC)	Silent;Splice-donor;Intron	-0.137777918
765	TRIM28	(NC)	Intron	-0.31555676
766	TRIM28	(NC);(NC)	Intron;Splice-acceptor	-0.495786684
767	TRIM28	(NC);C152Y	Splice-acceptor;Missense	-0.217300753
768	TRIM28	C152Y;C153Y	Missense;Missense	-0.036421538
769	TRIM28	C152C	Silent	-0.735533745
770	TRIM28	A162V	Missense	0.2357922549361735
771	TRIM28	C166Y	Missense	-1.451830295
772	TRIM28	C166Y;V167M	Missense;Missense	-0.778315333
773	TRIM28	C166Y;V167M	Missense;Missense	-0.441694505
774	TRIM28	V167V;E168K	Silent;Missense	0.6486003967179138
775	TRIM28	S164S;Y165Y	Silent;Silent	-0.118670517
776	TRIM28	E168E;C169Y	Silent;Missense	0.7726173527893349
777	TRIM28		No Mutation	0.2478052481653379
778	TRIM28	C177Y;V178I	Missense;Missense	-0.039936081
779	TRIM28		No Mutation	-0.639426258
780	TRIM28		No Mutation	0.5260600037120122
781	TRIM28	Q182Q	Silent	-0.010512035
782	TRIM28	R183W	Missense	0.2349840351967224
783	TRIM28		No Mutation	-0.363790241
784	TRIM28	V192V;R193H	Silent;Missense	0.5388964940840869
785	TRIM28	H190Y;T191I	Missense;Missense	1.0882781694133978
786	TRIM28	G196R	Missense	-1.293513398
787	TRIM28	R193C;S194F	Missense;Missense	0.5175964339455832
788	TRIM28	T195I	Missense	-0.825996305
789	TRIM28	T195I	Missense	0.1925477921695565
790	TRIM28		No Mutation	-0.70345881
791	TRIM28	(NC)	Intron	0.3584517276025976
792	TRIM28	(NC)	Intron	-0.165177195
793	TRIM28		No Mutation	-0.088770402
794	TRIM28		No Mutation	0.0173106518301697
795	TRIM28		No Mutation	-1.24225612
796	TRIM28		No Mutation	0.2694679053063407
797	TRIM28	A198T	Missense	0.5653464532321069
798	TRIM28	A198T	Missense	-0.462847237
799	TRIM28	(NC)	Intron	-0.529364897
800	TRIM28	P197S	Missense	-0.460295772
801	TRIM28	K199K	Silent	-0.814243721
802	TRIM28	K199K	Silent	0.069186839
803	TRIM28	P197L;A198V	Missense;Missense	0.6892360375895216
804	TRIM28	R201Q	Missense	-0.120301095
805	TRIM28	D202N;G203N	Missense;Missense	-0.67831985
806	TRIM28	G203D;E204K	Missense;Missense	1.1309894332364905
807	TRIM28	C221Y;E222K	Missense;Missense	-0.165724512
808	TRIM28	C221Y;E222K	Missense;Missense	1.6659239136761834
809	TRIM28	E222K	Missense	0.3382544990215542
810	TRIM28	Q233Q	Silent	-0.29355645
811	TRIM28	A236T	Missense	0.6351668564505127
812	TRIM28	C232C;Q233*;L234F	Silent;Nonsense;Missense	0.5754745884587794
813	TRIM28	K238K;D239N	Silent;Missense	1.5135601870860511
814	TRIM28	(NC);(NC)	Splice-donor;Intron	-1.202112924
815	TRIM28	(NC);(NC);(NC)	Splice-donor;Intron;Intron	-0.329251018
816	TRIM28	D239D;H240Y	Silent;Missense	0.329343808163907
817	TRIM28	(NC);(NC)	Intron;Intron	-0.213892842
818	TRIM28		No Mutation	-0.631025514
819	TRIM28	(NC)	Intron	-0.404568207
820	TRIM28	(NC);(NC);(NC)	Intron;Intron;Intron	-0.160361981
821	TRIM28	(NC);(NC);(NC)	Intron;Intron;Intron	0.4625500267715596
822	TRIM28	(NC);(NC)	Intron;Intron	2.231494814949132
823	TRIM28	F244F	Silent	0.2748187030216849
824	TRIM28	A248T;V249M	Missense;Missense	0.2405480587530345
825	TRIM28	N251N;Q252*	Silent;Nonsense	0.1616246570647299
826	TRIM28	R253R;L255F	Silent;Missense	-0.079309635
827	TRIM28	L256L;A257T	Silent;Missense	0.6546444547601833
828	TRIM28	V260V;K261K	Silent;Silent	-0.289646942
829	TRIM28	S258L;L259L	Missense;Silent	0.053117201
830	TRIM28	S258L;L259L	Missense;Silent	-0.893723277
831	TRIM28	L259L	Silent	0.7758667434499034
832	TRIM28	R262H	Missense	1.1163463886996712
833	TRIM28	A268T	Missense	-0.4608393
834	TRIM28	Q271*	Nonsense	-0.555387977
835	TRIM28	Q271*	Nonsense	0.2192585270214601
836	TRIM28	S279N;(NC)	Missense;Splice-donor	-0.446797476
837	TRIM28	R278C	Missense	0.6194518432865765
838	TRIM28	R278C	Missense	0.1953673435567649
839	TRIM28	S279S;S280L	Silent;Missense	0.1616658933101242
840	TRIM28	S280L	Missense	-0.495768453
841	TRIM28	S280L	Missense	-0.599245602
842	TRIM28		No Mutation	2.525350656562083
843	TRIM28		No Mutation	0.4263341657220423
844	TRIM28		No Mutation	-0.498889268
845	TRIM28	(NC)	Splice-acceptor	-1.329780906
846	TRIM28	(NC);(NC);(NC)	Intron;Intron;Intron	1.362864828965069
847	TRIM28	Q283Q;V284I	Silent;Missense	1.1044673135956449
848	TRIM28	Q283Q;V284I	Silent;Missense	-0.521056256
849	TRIM28	V284I	Missense	0.5392851212812325
850	TRIM28	V287I	Missense	0.1712375716236216
851	TRIM28	Q288Q	Silent	0.8507524733452206
852	TRIM28	Q288*	Nonsense	-0.952886907
853	TRIM28	Q292*	Nonsense	-0.239295456
854	TRIM28	A298A;I299I;L300L	Silent;Silent;Silent	2.013276014626377
855	TRIM28	M303I;K304K	Missense;Silent	-0.537393526
856	TRIM28	K304K;E305K	Silent;Missense	-0.490927272
857	TRIM28		No Mutation	-0.209243979
858	TRIM28		No Mutation	0.3593148500825981
859	TRIM28		No Mutation	-0.614493639
860	TRIM28	R309W	Missense	1.2807026875895942
861	TRIM28	L313L	Silent	-0.871094653
862	TRIM28	D316N;A317T	Missense;Missense	0.1087290247011985
863	TRIM28	A317A;Q318*	Silent;Nonsense	-0.018424086
864	TRIM28	(NC);(NC)	Intron;Intron	-1.185945616
865	TRIM28	(NC);(NC);(NC)	Intron;Intron;Intron	0.4658197330779889
866	TRIM28	(NC);(NC)	Intron;Intron	-0.371616666
867	TRIM28	(NC);(NC)	Intron;Intron	-0.721947195
868	TRIM28	(NC)	Intron	-1.374552518
869	TRIM28	(NC);(NC);(NC)	Intron;Intron;Intron	0.3157959638543151
870	TRIM28	K319K;V320I	Silent;Missense	-0.894564699
871	TRIM28	(NC);(NC)	Intron;Intron	-0.397610396
872	TRIM28	(NC);(NC)	Intron;Intron	0.3301744272684775
873	TRIM28	(NC)	Intron	-0.49394699
874	TRIM28		No Mutation	-0.090970179
875	TRIM28	Q324*	Nonsense	1.947232944930599
876	TRIM28	Q325*	Nonsense	-0.696558952
877	TRIM28	R327R;L328L	Silent;Silent	0.884429507
878	TRIM28	W333*	Nonsense	-0.044755216
879	TRIM28	Q339Q;K340K	Silent;Silent	0.1014615002241439
880	TRIM28	T336T	Silent	0.3981465264440091
881	TRIM28	Q342Q	Silent	-0.168571934
882	TRIM28	E343E	Silent	-0.050907192
883	TRIM28	L346L;R347H	Silent;Missense	-0.358233722
884	TRIM28	L346L	Silent	-0.40177271
885	TRIM28	L346L;R347C	Silent;Missense	0.7578734477353333
886	TRIM28	R347R	Silent	0.1190585120647198
887	TRIM28	E354E;S355N	Silent;Missense	-0.514529559
888	TRIM28	K365K;K366K	Silent;Silent	1.3556177291806644
889	TRIM28	K365K;K366K	Silent;Silent	-1.216200624
890	TRIM28		No Mutation	1.0234757055015375
891	TRIM28		No Mutation	1.461384247910221
892	TRIM28		No Mutation	-0.824381072
893	TRIM28		No Mutation	-0.068079732
894	TRIM28	(NC)	Intron	-0.262452435
895	TRIM28		No Mutation	0.8182307592423684
896	TRIM28	(NC)	Splice-acceptor	-0.843440965
897	TRIM28	(NC)	Splice-acceptor	0.8184693767273157
898	TRIM28		No Mutation	0.2182137294389418
899	TRIM28	Q371Q	Silent	0.3002274066887145
900	TRIM28	I368I;Y369Y	Silent;Silent	0.565517807
901	TRIM28	I368I;Y369Y	Silent;Silent	-0.087385932
902	TRIM28	Q371Q;L372L	Silent;Silent	-0.501429084
903	TRIM28		No Mutation	0.905930104
904	TRIM28	A375V;L376F	Missense;Missense	0.856270917
905	TRIM28	M378I;V380M	Missense;Missense	0.6536703945374873
906	TRIM28	V380V;D381N	Silent;Missense	0.6946038554455255
907	TRIM28		No Mutation	-0.544836214
908	TRIM28	V380V;D381N	Silent;Missense	1.1481123589947015
909	TRIM28	P382F	Missense	-0.858698588
910	TRIM28	G387N;E388K	Missense;Missense	0.7515713228777393
911	TRIM28	G387D;E388K	Missense;Missense	-0.433822015
912	TRIM28	K390K	Silent	-0.115080906
913	TRIM28	G387G	Silent	1.0410809520947684
914	TRIM28	G387G	Silent	-1.486118893
915	TRIM28		No Mutation	0.4134091533573996
916	TRIM28	K400K	Silent	0.1911037814491928
917	TRIM28	A397A	Silent	0.075483434
918	TRIM28	E403K	Missense	-0.151782055
919	TRIM28		No Mutation	0.6288789027743582
920	TRIM28	A402V	Missense	0.728776546
921	TRIM28	A402V	Missense	0.008939407
922	TRIM28		No Mutation	0.3177965814222447
923	TRIM28	(NC);(NC)	Intron;Intron	0.2683239111243327
924	TRIM28	(NC)	Intron	-1.787853696
925	TRIM28		No Mutation	-0.187054367
926	TRIM28	P413F	Missense	0.1487909239994894
927	TRIM28	G419N	Missense	0.4862381128630734
928	TRIM28	T418I	Missense	-1.136252421
929	TRIM28		No Mutation	0.3446991855135772
930	TRIM28		No Mutation	-0.040692642
931	TRIM28	A424V;P425F	Missense;Missense	0.0295869635518092
932	TRIM28	R427K;A428T	Missense;Missense	0.1739090017578139
933	TRIM28	A424V;P425F	Missense;Missense	0.6183720116904825
934	TRIM28	R427K;A428T	Missense;Missense	0.0301737426489052
935	TRIM28	G430K	Missense	-0.991267026
936	TRIM28	G430K	Missense	-1.001318551
937	TRIM28	G430K	Missense	0.4291411614672132
938	TRIM28		No Mutation	0.121207660848747
939	TRIM28	P431S	Missense	1.1141223686812929
940	TRIM28	P431F	Missense	0.054447455
941	TRIM28	S433N;K434K	Missense;Silent	-0.804970427
942	TRIM28	K434K	Silent	1.4340229292507147
943	TRIM28	K434K	Silent	-0.790894916
944	TRIM28	L432L	Silent	-0.697621846
945	TRIM28	G436N	Missense	0.086843881
946	TRIM28	G436D	Missense	-0.955445478
947	TRIM28	G438S	Missense	-0.396974853
948	TRIM28	G436G	Silent	-0.01129938
949	TRIM28	G438G;S439S	Silent;Silent	-0.849982281
950	TRIM28	S440S;Q441*	Silent;Nonsense	0.0102746117393787
951	TRIM28	(NC);(NC);(NC)	Intron;Intron;Intron	0.0352738086085513
952	TRIM28	(NC)	Intron	1.235107651910376
953	TRIM28	(NC)	Intron	-0.002994119
954	TRIM28		No Mutation	-0.515269558
955	TRIM28	(NC);P442S	Intron;Missense	0.7524922562795134
956	TRIM28	P442F	Missense	-0.982849138
957	TRIM28		No Mutation	-0.536870308
958	TRIM28	E447K;G448N	Missense;Missense	-0.392021346
959	TRIM28	G448N	Missense	0.6799104527143691
960	TRIM28	Q446*	Nonsense	1.1243005550361973
961	TRIM28		No Mutation	-0.700796335
962	TRIM28	G448G	Silent	0.5642212649232129
963	TRIM28	G450G	Silent	-0.00088823
964	TRIM28	G450G	Silent	-0.0155016
965	TRIM28		No Mutation	-0.069285353
966	TRIM28		No Mutation	0.4354196600149882
967	TRIM28		No Mutation	-0.494883606
968	TRIM28	(NC)	Intron	2.579980819320744
969	TRIM28		No Mutation	-0.973497273
970	TRIM28	D456N	Missense	0.3618051845334682
971	TRIM28	E462K	Missense	-0.613781964
972	TRIM28	E462E	Silent	0.0140478299487418
973	TRIM28	A461V	Missense	0.083847946
974	TRIM28		No Mutation	0.4179882425984564
975	TRIM28	V468I	Missense	0.1646270042619463
976	TRIM28	V468V	Silent	1.416101508986768
977	TRIM28	V468V	Silent	1.5631159979119134
978	TRIM28		No Mutation	0.957091694
979	TRIM28		No Mutation	0.6221616535368257
980	TRIM28		No Mutation	1.1046056027254287
981	TRIM28		No Mutation	-0.009865902
982	TRIM28		No Mutation	0.032281052
983	TRIM28	(NC)	Intron	-0.447961642
984	TRIM28	(NC)	Splice-acceptor	0.9835304838184062
985	TRIM28	(NC)	Intron	-0.57206293
986	TRIM28	(NC)	Intron	-1.296674009
987	TRIM28	S471F	Missense	-0.105471549
988	TRIM28	S471S;R472C	Silent;Missense	0.5382909598302835
989	TRIM28	G476D;E477K	Missense;Missense	0.176367762339625
990	TRIM28	E477K;V478M	Missense;Missense	0.1746095402059371
991	TRIM28		No Mutation	-1.284674711
992	TRIM28	S479S	Silent	1.1970748069860468
993	TRIM28	V485V	Silent	-0.202947436
994	TRIM28		No Mutation	-1.543501598
995	TRIM28	E491K;R492H	Missense;Missense	0.5039220463416914
996	TRIM28	S489S;L490F	Silent;Missense	-0.787712099
997	TRIM28	L495L;D496N	Silent;Missense	0.05994075
998	TRIM28	A499T	Missense	-0.265048496
999	TRIM28	D500N	Missense	0.6990258608165476
1000	TRIM28	Q502Q	Silent	-0.924587224
1001	TRIM28	S501S;Q502*;P503S	Silent;Nonsense;Missense	1.851928106269296
1002	TRIM28	K507K;V508I	Silent;Missense	0.95877583974773
1003	TRIM28	V505V	Silent	-0.252172148
1004	TRIM28	V508I	Missense	0.2060398791852011
1005	TRIM28		No Mutation	0.2987611550355826
1006	TRIM28		No Mutation	0.6792527776297713
1007	TRIM28	F509F;P510L	Silent;Missense	-1.205320432
1008	TRIM28	E515K;D516N	Missense;Missense	0.8880051719080226
1009	TRIM28	E515K;D516N	Missense;Missense	0.9820120797918316
1010	TRIM28		No Mutation	-0.342151732
1011	TRIM28	L519F	Missense	-0.71102745
1012	TRIM28	R524H;G525S	Missense;Missense	-0.04378803
1013	TRIM28	A526V;A527V	Missense;Missense	-0.521529292
1014	TRIM28	A529V;A530V	Missense;Missense	-0.698409491
1015	TRIM28	A529V;A530V	Missense;Missense	-0.015108648
1016	TRIM28	G532D;Q533Q	Missense;Silent	-0.074393616
1017	TRIM28	A537T	Missense	1.4917606209056329
1018	TRIM28	P534L	Missense	0.4819219962989243
1019	TRIM28	A537A;A539T	Silent;Missense	0.3704389188038923
1020	TRIM28	A539T;G540K	Missense;Missense	-0.216859033
1021	TRIM28	A537V;P538F	Missense;Missense	0.6428812905906525
1022	TRIM28	G543N;A544T	Missense;Missense	-0.448395653
1023	TRIM28	T541T;P542F	Silent;Missense	1.8746886593545964
1024	TRIM28	A544V	Missense	0.6659783329018226
1025	TRIM28	L547L	Silent	-0.179261345
1026	TRIM28	L547L;A548T	Silent;Missense	-1.007633105
1027	TRIM28	L547L;A548T	Silent;Missense	1.072229886783188
1028	TRIM28	A544A;P545L;P546S	Silent;Missense;Missense	-0.904595892
1029	TRIM28	G549D;M550I	Missense;Missense	-0.100057248
1030	TRIM28	M550I;A551T	Missense;Missense	-0.280908951
1031	TRIM28	M550I;A551T	Missense;Missense	0.073072489
1032	TRIM28	A551T	Missense	-0.487725859
1033	TRIM28		No Mutation	0.1529095321177767
1034	TRIM28	G549G	Silent	-1.405655783
1035	TRIM28	V553I	Missense	0.8506257056137837
1036	TRIM28	(NC);(NC)	Intron;Intron	-0.606728565
1037	TRIM28		No Mutation	0.8922888971448666
1038	TRIM28	(NC);(NC);(NC)	Intron;Intron;Intron	-0.249287322
1039	TRIM28	(NC);(NC)	Intron;Intron	0.4507243958104387
1040	TRIM28	(NC)	Intron	-0.372561119
1041	TRIM28	(NC);(NC)	Intron;Splice-acceptor	-0.62701261
1042	TRIM28	(NC);(NC);(NC)	Intron;Intron;Intron	-0.72445803
1043	TRIM28	(NC);(NC);E555K	Intron;Splice-acceptor;Missense	-2.149864713
1044	TRIM28	(NC);(NC)	Intron;Intron	1.2872994793782433
1045	TRIM28		No Mutation	-0.35447658
1046	TRIM28	A564A;P565F;P566S	Silent;Missense;Missense	0.1955959348357319
1047	TRIM28	P565F;P566F	Missense;Missense	2.0617638675411256
1048	TRIM28	E570K	Missense	-0.522304828
1049	TRIM28	E570K;G571S	Missense;Missense	0.4196855041331939
1050	TRIM28	E570K;G571N	Missense;Missense	-0.260505875
1051	TRIM28	G571N	Missense	1.5072352284385069
1052	TRIM28	E573E	Silent	-0.115133071
1053	TRIM28	T574I	Missense	-0.504005854
1054	TRIM28	V577I	Missense	0.1241084140102204
1055	TRIM28	V577I	Missense	-1.479453975
1056	TRIM28	M579I;A580T	Missense;Missense	-0.124702677
1057	TRIM28	L578F	Missense	-0.754998653
1058	TRIM28	L578F	Missense	0.4224667119864009
1059	TRIM28	L578F	Missense	1.770733210144682
1060	TRIM28	A582T	Missense	0.4008773465236045
1061	TRIM28	A580V;L581F	Missense;Missense	-0.494083704
1062	TRIM28		No Mutation	-0.375484752
1063	TRIM28		No Mutation	-1.228680583
1064	TRIM28	A587V	Missense	0.5906576045168102
1065	TRIM28	R591H	Missense	0.1162383757391967
1066	TRIM28	R591C;L592L	Missense;Silent	0.0280006723783341
1067	TRIM28	S596N	Missense	1.5334500325391212
1068	TRIM28	S596N	Missense	1.545308494529518
1069	TRIM28	S596N;G597S	Missense;Missense	-0.287212742
1070	TRIM28	G597N	Missense	-0.99731451
1071	TRIM28	S598N	Missense	-0.20385209
1072	TRIM28		No Mutation	-0.210730911
1073	TRIM28	G597G	Silent	-0.007008301
1074	TRIM28	S600N	Missense	-0.31490452
1075	TRIM28	G597G;S598S	Silent;Silent	-0.220282123
1076	TRIM28	S598S;T599I	Silent;Missense	-0.068302881
1077	TRIM28	T599T;S600S	Silent;Silent	0.2295695751969325
1078	TRIM28	S600S;S601L	Silent;Missense	-0.95854744
1079	TRIM28	E604E;V605I	Silent;Missense	0.048929238
1080	TRIM28		No Mutation	-0.363452938
1081	TRIM28		No Mutation	0.457142994199718
1082	TRIM28		No Mutation	0.4913423862900906
1083	TRIM28	T611I	Missense	0.7193998684466265
1084	TRIM28	A613T	Missense	0.1563725057421799
1085	TRIM28	T611I;S612L	Missense;Missense	-0.732619047
1086	TRIM28	A613V;P614S	Missense;Missense	-0.126663858
1087	TRIM28	A613V;P614L	Missense;Missense	2.0258132969640945
1088	TRIM28	G616D;G617N	Missense;Missense	-0.501655548
1089	TRIM28	P618P;G619K	Silent;Missense	-0.035499553
1090	TRIM28		No Mutation	-0.435019668
1091	TRIM28	P618P;G619K	Silent;Missense	0.2713716990322709
1092	TRIM28	G619K	Missense	-1.241479028
1093	TRIM28	D623N	Missense	0.036738655
1094	TRIM28	D623N;S624N	Missense;Missense	-0.150862566
1095	TRIM28		No Mutation	-0.869748664
1096	TRIM28		No Mutation	0.1899357668635561
1097	TRIM28	C631Y	Missense	-0.062431257
1098	TRIM28	C631Y;Q632Q	Missense;Silent	-0.485748329
1099	TRIM28	R629C	Missense	0.5706156379332521
1100	TRIM28	K633K;G635S	Silent;Missense	-0.808792708
1101	TRIM28	C631C;Q632*	Silent;Nonsense	-0.309725669
1102	TRIM28	L637L;V638I	Silent;Missense	-0.369507854
1103	TRIM28	M639I;C640Y	Missense;Missense	-0.483030172
1104	TRIM28		No Mutation	0.7064081786571244
1105	TRIM28	H648H;L649L	Silent;Silent	-0.403435057
1106	TRIM28	L653L	Silent	0.042911296
1107	TRIM28	L653L;P654P;A655T	Silent;Silent;Missense	-0.69014923
1108	TRIM28	H652Y;L653L	Missense;Silent	-0.838410445
1109	TRIM28	Q657Q;D658N;V659I	Silent;Missense;Missense	-0.35349905
1110	TRIM28	A655V;L656L	Missense;Silent	0.5938105979985846
1111	TRIM28	A655V;L656L	Missense;Silent	-0.702304612
1112	TRIM28	V659I	Missense	0.9514985162490956
1113	TRIM28	G661K;(NC)	Missense;Splice-donor	-0.08004324
1114	TRIM28	G661K;(NC)	Missense;Splice-donor	0.1907882097485047
1115	TRIM28	P660L	Missense	-0.053825899
1116	TRIM28	P660L	Missense	-0.115174245
1117	TRIM28		No Mutation	-0.816998546
1118	TRIM28		No Mutation	-0.190842754
1119	TRIM28		No Mutation	0.1415947252989374
1120	TRIM28	(NC);(NC);(NC)	Intron;Intron;Intron	-1.512709142
1121	TRIM28		No Mutation	-0.382262416
1122	TRIM28		No Mutation	0.1696723254387188
1123	TRIM28	(NC)	Splice-acceptor	0.8817093424466611
1124	TRIM28	(NC);(NC)	Intron;Intron	-1.170094988
1125	TRIM28	W664*;S665N	Nonsense;Missense	-0.9052833
1126	TRIM28	S665N;C666Y	Missense;Missense	0.7823494357111531
1127	TRIM28	L672F	Missense	-0.292002098
1128	TRIM28	L672F;P673S	Missense;Missense	0.3230143168263579
1129	TRIM28	L675L	Silent	-0.489294881
1130	TRIM28	L672L;P673F	Silent;Missense	-0.10512149
1131	TRIM28	D674D;L675L	Silent;Silent	0.7245852376644214
1132	TRIM28	E677E;E678K;D679N	Silent;Missense;Missense	0.2057059848326984
1133	TRIM28	E678K;D679N	Missense;Missense	0.4613961380386226
1134	TRIM28	G680N	Missense	0.021975194
1135	TRIM28		No Mutation	-0.328547567
1136	TRIM28	G680G	Silent	1.1516909936166984
1137	TRIM28	A687T;D688N	Missense;Missense	-0.098180295
1138	TRIM28		No Mutation	2.1342917608097274
1139	TRIM28	S689N	Missense	0.1382361503054451
1140	TRIM28	A687V	Missense	0.8291648913250541
1141	TRIM28	D688D	Silent	-0.866982692
1142	TRIM28	L696L;S697L	Silent;Missense	0.3585629309324183
1143	TRIM28		No Mutation	0.5180545466982391
1144	TRIM28	L696L;S697L;P698S	Silent;Missense;Missense	-0.946340705
1145	TRIM28	P698L;A699V	Missense;Missense	0.4121690564505781
1146	TRIM28	A699V	Missense	-0.288164634
1147	TRIM28	N700N;Q701*	Silent;Nonsense	0.8160352589902394
1148	TRIM28	(NC);(NC);(NC)	Splice-donor;Intron;Intron	-0.89841113
1149	TRIM28	N700N;Q701*	Silent;Nonsense	0.7432305565782704
1150	TRIM28	N700N;Q701*;R702W	Silent;Nonsense;Missense	-0.445885414
1151	TRIM28	(NC);(NC);(NC)	Intron;Intron;Intron	-0.977611893
1152	TRIM28	(NC);(NC);(NC);(NC)	Intron;Intron;Intron;Intron	-0.396437837
1153	TRIM28		No Mutation	0.6606322452906057
1154	TRIM28	(NC)	Intron	0.078822873
1155	TRIM28	(NC)	Intron	0.3219711681924094
1156	TRIM28	(NC)	Splice-acceptor	0.5146101617898771
1157	TRIM28	(NC)	Splice-acceptor	-1.228340673
1158	TRIM28		No Mutation	1.5450159072200682
1159	TRIM28		No Mutation	0.4613007770304982
1160	TRIM28		No Mutation	-0.461305288
1161	TRIM28	C717C;R718C;P719S	Silent;Missense;Missense	0.2379313474404909
1162	TRIM28		No Mutation	-0.547104763
1163	TRIM28	Q722Q	Silent	-0.651002261
1164	TRIM28	Q722Q;L723L;A724T	Silent;Silent;Missense	0.6083444387578434
1165	TRIM28	L723L;A724T	Silent;Missense	0.5349392334232681
1166	TRIM28	A724T	Missense	-0.454749795
1167	TRIM28		No Mutation	-0.64204167
1168	TRIM28	D726N	Missense	0.3763901936159259
1169	TRIM28	T725T;D726D	Silent;Silent	0.079915015
1170	TRIM28	L731L	Silent	0.8222217879242686
1171	TRIM28	F729F;S730F	Silent;Missense	-0.202586562
1172	TRIM28	(NC);(NC)	Intron;Intron	0.7441463265893081
1173	TRIM28	(NC)	Intron	0.4600431219806312
1174	TRIM28	S730S;L731L	Silent;Silent	-0.085357083
1175	TRIM28	L731L	Silent	-0.44421872
1176	TRIM28	(NC);(NC);(NC)	Intron;Intron;Intron	0.6474570809443572
1177	TRIM28	(NC)	Intron	-0.838408005
1178	TRIM28	(NC);(NC);(NC)	Intron;Intron;Intron	1.3278321936853985
1179	TRIM28	(NC);(NC)	Intron;Intron	-0.139353643
1180	TRIM28	(NC);(NC)	Intron;Intron	-1.200994368
1181	TRIM28		No Mutation	1.2223372698430233
1182	TRIM28	(NC);(NC)	Intron;Intron	1.0567773852059985
1183	TRIM28	(NC);(NC)	Intron;Intron	0.1774062787193819
1184	TRIM28	G735N;G736S	Missense;Missense	-1.156935176
1185	TRIM28	D732D;Q733*;P734S	Silent;Nonsense;Missense	-1.07399109
1186	TRIM28	L738L;D739N	Silent;Missense	-0.308490763
1187	TRIM28	D739N	Missense	1.1724622306117007
1188	TRIM28	L740L	Silent	1.8779708743819288
1189	TRIM28	L742L	Silent	-1.321160964
1190	TRIM28	L742L	Silent	0.4437827826251878
1191	TRIM28	I743I;R744C	Silent;Missense	0.1828341525064805
1192	TRIM28	R746H	Missense	-0.618219102
1193	TRIM28		No Mutation	0.064765388
1194	TRIM28	Q748Q;E749K	Silent;Missense	0.033053548
1195	TRIM28	K750K;L751L	Silent;Silent	-0.332026738
1196	TRIM28	K750K;L751L	Silent;Silent	-1.162972262
1197	TRIM28	L751L	Silent	0.5197851699418533
1198	TRIM28		No Mutation	-1.114713664
1199	TRIM28	P754F	Missense	-1.054859621
1200	TRIM28		No Mutation	0.064554437
1201	TRIM28	Q759Q;E760K	Silent;Missense	-1.005102788
1202	TRIM28	Q759Q;E760K	Silent;Missense	0.1639661762699063
1203	TRIM28	S757S;P758L;Q759*	Silent;Missense;Nonsense	-1.281894946
1204	TRIM28	Q763Q	Silent	0.5898222341510634
1205	TRIM28		No Mutation	0.2097764007104872
1206	TRIM28	Q763Q;D764N	Silent;Missense	-0.474348325
1207	TRIM28		No Mutation	-0.844134642
1208	TRIM28	Q763Q;D764N	Silent;Missense	0.9624816261908672
1209	TRIM28	R767H;M768I	Missense;Missense	-0.523103008
1210	TRIM28	M768I	Missense	-0.997023404
1211	TRIM28		No Mutation	-0.442853228
1212	TRIM28	F772F	Silent	-0.572114449
1213	TRIM28	T776I	Missense	0.7486748724009553
1214	TRIM28		No Mutation	-1.231537814
1215	TRIM28	(NC);(NC)	Intron;Intron	0.5295562866152509
1216	TRIM28	(NC)	Intron	-0.639185557
1217	TRIM28	(NC);(NC)	Intron;Intron	-1.175826128
1218	TRIM28	(NC);(NC)	Intron;Intron	-1.269001909
1219	TRIM28	K779K	Silent	-0.420729605
1220	TRIM28	V782I	Missense	-0.246742013
1221	TRIM28	V782I	Missense	-0.107319947
1222	TRIM28	D781D	Silent	0.9835770200444356
1223	TRIM28	Q789Q;R790H	Silent;Missense	0.3988023405921764
1224	TRIM28	R795C	Missense	-0.991964829
1225	TRIM28	K804K	Silent	-0.500018096
1226	TRIM28	T803T	Silent	-0.460113864
1227	TRIM28	F805F	Silent	-0.112990061
1228	TRIM28	V808V;L809L	Silent;Silent	1.265656648584356
1229	TRIM28	P813L;P814L	Missense;Missense	-0.47695749
1230	TRIM28	L817L	Silent	0.2215883605389902
1231	TRIM28	L817L	Silent	0.8704829309986728
1232	TRIM28	L817L;G819S	Silent;Missense	0.2135228851965515
1233	TRIM28		No Mutation	0.231082673530257
1234	TRIM28	G819N	Missense	0.2124720830341786
1235	TRIM28	G819N;A820T	Missense;Missense	0.132186782
1236	TRIM28	L822L	Silent	-1.120368063
1237	TRIM28	A820V	Missense	-0.774135889
1238	TRIM28	S823N	Missense	0.526086523
1239	TRIM28	S824F	Missense	-0.633294922
1240	TRIM28	E826E;L827L	Silent;Silent	0.2233302888422454
1241	TRIM28	S824F;Q825*	Missense;Nonsense	-1.122516121
1242	TRIM28	L827L	Silent	1.1628699000670102
1243	TRIM28	G829D;G830N	Missense;Missense	-0.266608983
1244	TRIM28	G830N	Missense	1.6473537651181671
1245	TRIM28	S828F	Missense	-1.073540565
1246	TRIM28	P831F	Missense	0.9118168524748786
1247	TRIM28		No Mutation	0.985654376
1248	TRIM28	*836*;(NC)	Silent;UTR	0.1408209065139302
1249	TRIM28	*836*;(NC);(NC)	Silent;UTR;UTR	1.0347019442634715
1250	TRIM28		No Mutation	-0.192879151
1251	TRIM28		No Mutation	-0.97017412
1252	TRIM28		No Mutation	-1.009548249
1253	TRIM28		No Mutation	0.585536834
1254	MPHOSPH8	(NC)	UTR	-0.026801359
1255	MPHOSPH8	(NC);(NC)	UTR;UTR	-1.036965985
1256	MPHOSPH8	(NC)	UTR	-0.215021555
1257	MPHOSPH8	(NC)	UTR	-1.528694396
1258	MPHOSPH8		No Mutation	-0.33149706
1259	MPHOSPH8		No Mutation	-0.710358347
1260	MPHOSPH8		No Mutation	0.3766862739877575
1261	MPHOSPH8		No Mutation	1.370845071302888
1262	MPHOSPH8		No Mutation	1.8227055974657516
1263	MPHOSPH8	A17T	Missense	-1.125456236
1264	MPHOSPH8	D19N	Missense	-0.209199355
1265	MPHOSPH8	D19N;S20N	Missense;Missense	0.638567352
1266	MPHOSPH8	A17V	Missense	0.3360470001792383
1267	MPHOSPH8	A18A;D19D	Silent;Silent	1.8725854870348144
1268	MPHOSPH8	E23E;L24L	Silent;Silent	-0.621249821
1269	MPHOSPH8	A25V	Missense	1.231666263199718
1270	MPHOSPH8		No Mutation	-0.533947114
1271	MPHOSPH8	G30E;V31I	Missense;Missense	1.284538008666121
1272	MPHOSPH8		No Mutation	-0.175869122
1273	MPHOSPH8		No Mutation	0.2517321291784054
1274	MPHOSPH8		No Mutation	1.238743555374915
1275	MPHOSPH8	D39D;A40V	Silent;Missense	-0.905500073
1276	MPHOSPH8	A41V	Missense	-1.550216493
1277	MPHOSPH8		No Mutation	0.6514154818517554
1278	MPHOSPH8	E46E;A47T	Silent;Missense	0.09440429
1279	MPHOSPH8	A47V	Missense	0.9876925853908252
1280	MPHOSPH8	A47A	Silent	2.175199883
1281	MPHOSPH8	G49G	Silent	-1.139503693
1282	MPHOSPH8	E52E;E53K	Silent;Missense	-0.535784695
1283	MPHOSPH8	D50D	Silent	-0.691354747
1284	MPHOSPH8	D54D	Silent	-0.435570055
1285	MPHOSPH8		No Mutation	-0.445566867
1286	MPHOSPH8	F59F	Silent	1.1304978269376833
1287	MPHOSPH8	I64I;L65L	Silent;Silent	-0.392906457
1288	MPHOSPH8	L65L	Silent	-0.695634689
1289	MPHOSPH8	D66D	Silent	-1.809374584
1290	MPHOSPH8	D66D	Silent	1.3180581885043257
1291	MPHOSPH8	E70K;G71R	Missense;Missense	0.6436311399282904
1292	MPHOSPH8	T69I	Missense	0.0470397131918676
1293	MPHOSPH8	T69I	Missense	-0.080853242
1294	MPHOSPH8	T69I	Missense	-0.154876078
1295	MPHOSPH8	T69T	Silent	0.264624084
1296	MPHOSPH8	(NC);(NC);(NC);(NC)	Intron;Intron;Intron;Intron	-0.225434765
1297	MPHOSPH8		No Mutation	-0.777962093
1298	MPHOSPH8		No Mutation	-0.5285832
1299	MPHOSPH8		No Mutation	1.3045001214171
1300	MPHOSPH8		No Mutation	-0.007403365
1301	MPHOSPH8		No Mutation	0.3657942241176867
1302	MPHOSPH8	(NC)	Splice-acceptor	-0.214718601
1303	MPHOSPH8	L75F	Missense	0.5012735939404723
1304	MPHOSPH8	Y76Y	Silent	0.1458695320232265
1305	MPHOSPH8	R79R	Silent	-1.01162641
1306	MPHOSPH8	T84I;S85L	Missense;Missense	0.546133474
1307	MPHOSPH8	S85L	Missense	1.5375269422674291
1308	MPHOSPH8	P92S	Missense	-0.51955299
1309	MPHOSPH8		No Mutation	-0.1899069
1310	MPHOSPH8	P92F	Missense	-0.069544193
1311	MPHOSPH8	E97K;D98N	Missense;Missense	1.0847792217557826
1312	MPHOSPH8	E97E;D98N	Silent;Missense	-0.395953533
1313	MPHOSPH8	E101K;V102M	Missense;Missense	-0.141524885
1314	MPHOSPH8		No Mutation	-0.845401953
1315	MPHOSPH8	N113N	Silent	-0.873831379
1316	MPHOSPH8	A115V	Missense	-0.549170186
1317	MPHOSPH8	K120K;D121N	Silent;Missense	-0.612881649
1318	MPHOSPH8	V118V	Silent	0.6185506019262931
1319	MPHOSPH8		No Mutation	-0.681914684
1320	MPHOSPH8		No Mutation	1.507941156601216
1321	MPHOSPH8		No Mutation	0.5177340569468144
1322	MPHOSPH8		No Mutation	0.1435286611546097
1323	MPHOSPH8		No Mutation	1.2796853072420258
1324	MPHOSPH8		No Mutation	1.4534620003283467
1325	MPHOSPH8	D180D	Silent	1.2580639885328149
1326	MPHOSPH8	E187E;S188N	Silent;Missense	-0.376724682
1327	MPHOSPH8	D185D;L186L	Silent;Silent	-0.216992051
1328	MPHOSPH8		No Mutation	-1.318663536
1329	MPHOSPH8	L190L;E191K	Silent;Missense	-0.077026762
1330	MPHOSPH8		No Mutation	0.5345548591052157
1331	MPHOSPH8	A206V	Missense	-0.091980073
1332	MPHOSPH8	K211K;E212K	Silent;Missense	0.3035217813905809
1333	MPHOSPH8		No Mutation	-0.657077492
1334	MPHOSPH8		No Mutation	0.2639483448554425
1335	MPHOSPH8		No Mutation	-0.665865976
1336	MPHOSPH8		No Mutation	0.2130046697101965
1337	MPHOSPH8		No Mutation	0.2723745170179769
1338	MPHOSPH8		No Mutation	-1.073584979
1339	MPHOSPH8		No Mutation	0.2942716947087079
1340	MPHOSPH8	P275L	Missense	-0.68314567
1341	MPHOSPH8	D278N;S279N	Missense;Missense	0.9345093059080044
1342	MPHOSPH8	P275L	Missense	-0.111511233
1343	MPHOSPH8	S279N	Missense	-0.243898728
1344	MPHOSPH8	E280K;G281K	Missense;Missense	-0.452611666
1345	MPHOSPH8	E289E	Silent	-0.156865912
1346	MPHOSPH8	A296V	Missense	-0.001649285
1347	MPHOSPH8	A296V	Missense	-0.299690854
1348	MPHOSPH8		No Mutation	0.4692736479772124
1349	MPHOSPH8		No Mutation	0.3922587469309344
1350	MPHOSPH8	A300V	Missense	0.6782627940340508
1351	MPHOSPH8	A300V	Missense	-0.571943611
1352	MPHOSPH8	Q302*	Nonsense	-1.019969142
1353	MPHOSPH8	D303D	Silent	0.1402267681359448
1354	MPHOSPH8	M318I;S319N	Missense;Missense	-0.875733994
1355	MPHOSPH8	M318I;S319N	Missense;Missense	-0.906278076
1356	MPHOSPH8	D315D	Silent	0.1197453947580454
1357	MPHOSPH8	M318I;S319N;A320T	Missense;Missense;Missense	0.7470735687959265
1358	MPHOSPH8	A317V	Missense	-0.805881911
1359	MPHOSPH8	E322E;D323N	Silent;Missense	-1.357571274
1360	MPHOSPH8		No Mutation	0.099177379
1361	MPHOSPH8	T324I	Missense	-0.728496981
1362	MPHOSPH8	T324I	Missense	-0.581270186
1363	MPHOSPH8	R329K;R330K	Missense;Missense	1.360078216378812
1364	MPHOSPH8		No Mutation	4.598847798128631
1365	MPHOSPH8	T334I;P335S	Missense;Missense	-0.158225137
1366	MPHOSPH8	E339E;D340N	Silent;Missense	0.2032130927407278
1367	MPHOSPH8	E339E;D340N	Silent;Missense	-0.301366384
1368	MPHOSPH8	D340N	Missense	0.8883913379564943
1369	MPHOSPH8	D340D	Silent	0.049351719
1370	MPHOSPH8	T358I	Missense	-0.10475628
1371	MPHOSPH8	S382F	Missense	-0.487586386
1372	MPHOSPH8	S382F;A383V	Missense;Missense	-0.089640639
1373	MPHOSPH8	T385T	Silent	0.1266863759971712
1374	MPHOSPH8	A383V;Q384*	Missense;Nonsense	0.2676122553379729
1375	MPHOSPH8	T385M	Missense	-0.291081527
1376	MPHOSPH8	G388D;R389Q	Missense;Missense	-0.055541198
1377	MPHOSPH8	R389Q	Missense	-0.215047225
1378	MPHOSPH8		No Mutation	0.9526959351890444
1379	MPHOSPH8	G388G	Silent	0.2973913510017936
1380	MPHOSPH8	G388G;R389W	Silent;Missense	0.112750599957513
1381	MPHOSPH8	L391L;S392N	Silent;Missense	-0.916747936
1382	MPHOSPH8		No Mutation	-0.73765225
1383	MPHOSPH8		No Mutation	0.3912391827210238
1384	MPHOSPH8		No Mutation	-0.51041028
1385	MPHOSPH8	S400F	Missense	0.3233433443929485
1386	MPHOSPH8	A404T	Missense	0.742912011
1387	MPHOSPH8	S400S;T401M	Silent;Missense	-0.172039616
1388	MPHOSPH8	D402D;S403L	Silent;Missense	1.197968406616031
1389	MPHOSPH8	E405E;E406K	Silent;Missense	-0.875734902
1390	MPHOSPH8	D402D;S403L	Silent;Missense	0.1547074219695957
1391	MPHOSPH8	A404A	Silent	-0.198740411
1392	MPHOSPH8		No Mutation	2.266864154521292
1393	MPHOSPH8		No Mutation	-0.93293924
1394	MPHOSPH8	(NC)	Intron	0.9221752914443364
1395	MPHOSPH8		No Mutation	-0.627826886
1396	MPHOSPH8		No Mutation	1.5864995603082557
1397	MPHOSPH8	H423Y	Missense	-1.328504982
1398	MPHOSPH8	S425F	Missense	-0.153899511
1399	MPHOSPH8	G431G	Silent	1.2298580104917352
1400	MPHOSPH8	(NC);(NC)	Splice-donor;Intron	-0.62242838
1401	MPHOSPH8		No Mutation	1.3733959993731708
1402	MPHOSPH8		No Mutation	0.6753739180990893
1403	MPHOSPH8	S462F	Missense	2.027662854
1404	MPHOSPH8		No Mutation	-0.117804497
1405	MPHOSPH8		No Mutation	1.554096371372978
1406	MPHOSPH8	D479D	Silent	-0.544269533
1407	MPHOSPH8	Q488*	Nonsense	-0.748767798
1408	MPHOSPH8	A504V	Missense	-0.85279109
1409	MPHOSPH8	A507V	Missense	0.2349068631714508
1410	MPHOSPH8	A508V	Missense	-0.146264966
1411	MPHOSPH8	Q520*;A521V	Nonsense;Missense	0.2656090189856206
1412	MPHOSPH8	D526N	Missense	-0.175004973
1413	MPHOSPH8		No Mutation	0.2641319144628512
1414	MPHOSPH8	(NC)	Intron	-0.076838505
1415	MPHOSPH8		No Mutation	-1.103246556
1416	MPHOSPH8	Q530Q	Silent	-0.530132726
1417	MPHOSPH8	Q529*;Q530*	Nonsense;Nonsense	0.7060893698554367
1418	MPHOSPH8	Q529*;Q530*	Nonsense;Nonsense	-0.757751372
1419	MPHOSPH8	L532L	Silent	-0.215455063
1420	MPHOSPH8	G535G	Silent	-0.465687388
1421	MPHOSPH8	D537D	Silent	0.2727295873974112
1422	MPHOSPH8		No Mutation	0.6238364093007913
1423	MPHOSPH8	W542*;M543I	Nonsense;Missense	0.6999020781447047
1424	MPHOSPH8	F548F;Q549*	Silent;Nonsense	0.3911640913993675
1425	MPHOSPH8	F548F;Q549*	Silent;Nonsense	-0.253303942
1426	MPHOSPH8	G554K	Missense	-0.88963615
1427	MPHOSPH8	E557K	Missense	0.6670309979832396
1428	MPHOSPH8	P566L	Missense	0.3799818653226536
1429	MPHOSPH8	(NC)	Intron	-0.217389706
1430	MPHOSPH8		No Mutation	0.3165414517882607
1431	MPHOSPH8		No Mutation	0.3298187587235038
1432	MPHOSPH8		No Mutation	-0.494942733
1433	MPHOSPH8		No Mutation	-1.121281014
1434	MPHOSPH8		No Mutation	0.7478948059852097
1435	MPHOSPH8		No Mutation	-0.283644353
1436	MPHOSPH8	(NC)	Intron	1.2795818938767791
1437	MPHOSPH8		No Mutation	0.9341941088189788
1438	MPHOSPH8	(NC);(NC);(NC)	Intron;Intron;Intron	2.519939645792121
1439	MPHOSPH8	S600N;G601K	Missense;Missense	-0.290180064
1440	MPHOSPH8	S599F	Missense	-0.089285116
1441	MPHOSPH8	L604L;V605I	Silent;Missense	-0.128689202
1442	MPHOSPH8		No Mutation	-0.607808349
1443	MPHOSPH8	L607F	Missense	0.4913128343568758
1444	MPHOSPH8	L607F	Missense	-0.262431147
1445	MPHOSPH8	A608V	Missense	0.00033217
1446	MPHOSPH8	Q613Q;D614N	Silent;Missense	-0.172686256
1447	MPHOSPH8	D615N	Missense	-0.052117455
1448	MPHOSPH8		No Mutation	0.0319893923203572
1449	MPHOSPH8		No Mutation	-0.039957678
1450	MPHOSPH8	R618*;L619F	Nonsense;Missense	1.2214210622624762
1451	MPHOSPH8		No Mutation	1.3190545867150436
1452	MPHOSPH8	G624G;A625V	Silent;Missense	0.006809095
1453	MPHOSPH8	N628N	Silent	-0.510637501
1454	MPHOSPH8	N628N	Silent	-0.615952281
1455	MPHOSPH8	A641T	Missense	-0.418842343
1456	MPHOSPH8	A642T	Missense	-1.358601737
1457	MPHOSPH8	L638L;H640Y	Silent;Missense	-1.091293153
1458	MPHOSPH8	E643K	Missense	-0.15807091
1459	MPHOSPH8	E643K	Missense	-0.665359284
1460	MPHOSPH8	A641V;A642V	Missense;Missense	0.4956737781622899
1461	MPHOSPH8	(NC)	Splice-acceptor	0.8083498321337454
1462	MPHOSPH8	T649I	Missense	0.6153561167954229
1463	MPHOSPH8		No Mutation	0.1925655600708379
1464	MPHOSPH8	E668K	Missense	-0.782435793
1465	MPHOSPH8		No Mutation	0.6016135535109679
1466	MPHOSPH8		No Mutation	0.5282891941780206
1467	MPHOSPH8	(NC);A674T	Splice-acceptor;Missense	-0.138753961
1468	MPHOSPH8	(NC)	Intron	-0.346817493
1469	MPHOSPH8	R684*;L685F	Nonsense;Missense	0.2829279836643137
1470	MPHOSPH8	L704L	Silent	-0.326029951
1471	MPHOSPH8	K708K;Q709Q	Silent;Silent	-0.369277614
1472	MPHOSPH8	K708K;Q709Q	Silent;Silent	0.2742445528398562
1473	MPHOSPH8	A730V	Missense	0.1576867982348979
1474	MPHOSPH8	V748I	Missense	-0.227626307
1475	MPHOSPH8	A752T;C753Y	Missense;Missense	0.134142013751637
1476	MPHOSPH8	R755Q	Missense	0.6934808462011093
1477	MPHOSPH8	H754Y	Missense	-0.828830156
1478	MPHOSPH8	H754Y	Missense	-1.091974899
1479	MPHOSPH8	D765N	Missense	-1.138737271
1480	MPHOSPH8	P771L;Q772*	Missense;Nonsense	0.2095121227100328
1481	MPHOSPH8	E776K	Missense	-0.378682361
1482	MPHOSPH8	E776K	Missense	-0.055846982
1483	MPHOSPH8	E776K;G777S	Missense;Missense	-0.550481581
1484	MPHOSPH8	E776K;G777S;(NC)	Missense;Missense;Splice-donor	-1.229800258
1485	MPHOSPH8	(NC)	Intron	0.4011539864127398
1486	MPHOSPH8	G779N	Missense	-0.911255073
1487	MPHOSPH8	G779N	Missense	-0.671313327
1488	MPHOSPH8	A787T	Missense	0.5463557129450495
1489	MPHOSPH8	L790L;G791N	Silent;Missense	-0.393296013
1490	MPHOSPH8		No Mutation	1.594551280707858
1491	MPHOSPH8		No Mutation	-0.604289763
1492	MPHOSPH8	A806T;V807I	Missense;Missense	0.397284562374214
1493	MPHOSPH8	(NC)	Intron	1.8419435405255429
1494	MPHOSPH8		No Mutation	0.2584400901105121
1495	MPHOSPH8	S826L	Missense	-0.670573305
1496	MPHOSPH8		No Mutation	-0.516719386
1497	MPHOSPH8		No Mutation	1.367330470347588
1498	MPHOSPH8	P833L	Missense	-0.42953137
1499	MPHOSPH8	R839K	Missense	0.1817787908963122
1500	MPHOSPH8	R839K	Missense	-0.258321191
1501	MPHOSPH8		No Mutation	-0.688859272
1502	MPHOSPH8	(NC)	Intron	1.3110675024967522
1503	MPHOSPH8	(NC)	Intron	0.3889603298387232
1504	MPHOSPH8		No Mutation	0.7089054657831895
1505	MPHOSPH8		No Mutation	0.5993129783037863
1506	MPHOSPH8	(NC)	Intron	-0.260803764
1507	MPHOSPH8	Q860*	Nonsense	0.6599319661501833
1508	MPHOSPH8	Q860*	Nonsense	0.6406030118920386
1509	MPHOSPH8	(NC);(NC)	UTR;UTR	0.4799899145267067
1510	MPHOSPH8	(NC);(NC)	UTR;UTR	1.125532958302229
1511	MPHOSPH8	(NC)	UTR	-0.412152838
1512	MPHOSPH8	(NC);(NC);(NC)	UTR;UTR;UTR	0.8997143121132157
1513	TASOR		No Mutation	0.1795614914524357
1514	TASOR	E1608K	Missense	0.4110336592513397
1515	TASOR		No Mutation	-1.531002619
1516	TASOR	W1596*;G1597K	Nonsense;Missense	0.3096098905878529
1517	TASOR	P1591L;P1592F	Missense;Missense	-1.117573485
1518	TASOR	P1591L;P1592S	Missense;Missense	-0.521733354
1519	TASOR	S1590F;P1591L	Missense;Missense	-0.770104247
1520	TASOR	A1580V	Missense	-1.529490698
1521	TASOR	Q1569Q	Silent	0.009130851
1522	TASOR	Q1569Q	Silent	-0.651884892
1523	TASOR	S1568N	Missense	-0.004519868
1524	TASOR		No Mutation	1.059831939175235
1525	TASOR		No Mutation	0.5910116379263993
1526	TASOR	S1530L	Missense	-0.077369402
1527	TASOR		No Mutation	-0.913978648
1528	TASOR	E1509E;R1510K	Silent;Missense	0.5580520114758274
1529	TASOR	G1477E	Missense	-0.016687129
1530	TASOR	T1472I	Missense	0.3809054724633641
1531	TASOR		No Mutation	-0.283680096
1532	TASOR		No Mutation	-0.918719959
1533	TASOR		No Mutation	-0.467991613
1534	TASOR		No Mutation	0.4673528430190978
1535	TASOR		No Mutation	-0.043488589
1536	TASOR	N1438N	Silent	0.6203567159138781
1537	TASOR	L1429F	Missense	1.505054480946254
1538	TASOR	E1427K	Missense	0.4637625064122455
1539	TASOR	A1425T	Missense	-0.26064087
1540	TASOR		No Mutation	-0.071031118
1541	TASOR	N1404N	Silent	-0.453957144
1542	TASOR	N1404N	Silent	0.120710091259228
1543	TASOR	T1389I	Missense	1.078823674334935
1544	TASOR	G1392K	Missense	0.1126391872736809
1545	TASOR	S1386F	Missense	-1.26821162
1546	TASOR	Q1365Q;A1366T	Silent;Missense	-0.354576822
1547	TASOR	C1360C;L1361F	Silent;Missense	0.094278699
1548	TASOR		No Mutation	0.2000532026987751
1549	TASOR	R1353*	Nonsense	0.3307049197091228
1550	TASOR		No Mutation	-0.656802526
1551	TASOR	V1333V;Q1335*	Silent;Nonsense	-0.240912054
1552	TASOR	L1314L	Silent	1.5251539488975998
1553	TASOR		No Mutation	2.6361662723076247
1554	TASOR	Q1311*	Nonsense	1.045576153305527
1555	TASOR	Q1311Q;K1312K	Silent;Silent	-0.668549718
1556	TASOR	P1298L	Missense	0.551998521
1557	TASOR	T1297I	Missense	1.7995682432038071
1558	TASOR	L1295F	Missense	-0.639508624
1559	TASOR		No Mutation	0.2218353581959079
1560	TASOR	V1282I;E1283K;(NC)	Missense;Missense;Splice-donor	0.8578732432765208
1561	TASOR	V1282I;E1283K	Missense;Missense	1.6316609794953447
1562	TASOR	P1277L	Missense	0.3176361376361772
1563	TASOR	S1273L	Missense	0.5646186384488294
1564	TASOR		No Mutation	0.99507276
1565	TASOR		No Mutation	0.5004231028478245
1566	TASOR	G1246N	Missense	-0.297919728
1567	TASOR	A1245T;G1246N	Missense;Missense	1.759966975043894
1568	TASOR	A1245T;G1246S	Missense;Missense	-0.37332642
1569	TASOR		No Mutation	2.5666158540885027
1570	TASOR	(NC)	Intron	1.032452664030164
1571	TASOR		No Mutation	-0.424014592
1572	TASOR	A1224V	Missense	0.30500075
1573	TASOR	Q1219*	Nonsense	0.00696504
1574	TASOR	E1206K;R1207K	Missense;Missense	-0.915135293
1575	TASOR		No Mutation	0.2920492432078323
1576	TASOR		No Mutation	0.2226228384316075
1577	TASOR	L1183F	Missense	0.1757356880438194
1578	TASOR	S1158N	Missense	1.140246920713916
1579	TASOR		No Mutation	-0.949936923
1580	TASOR	V1155I	Missense	0.8853168569881218
1581	TASOR		No Mutation	0.7560149139105367
1582	TASOR		No Mutation	-0.006955869
1583	TASOR		No Mutation	-1.087588306
1584	TASOR		No Mutation	-0.846627999
1585	TASOR		No Mutation	-0.478135189
1586	TASOR	E1128K	Missense	-0.036574704
1587	TASOR	E1128K	Missense	-0.294843175
1588	TASOR	R1123Q;E1124K	Missense;Missense	-1.010079407
1589	TASOR	P1118F	Missense	-1.381589118
1590	TASOR	P1118F	Missense	-0.310557898
1591	TASOR		No Mutation	-0.571522076
1592	TASOR	S1113F	Missense	-0.229550848
1593	TASOR	V1111V	Silent	1.0772232027186388
1594	TASOR	E1108K	Missense	-0.577303823
1595	TASOR	H1105Y	Missense	-0.127883345
1596	TASOR	E1108K	Missense	-1.174173618
1597	TASOR	E1097K	Missense	-0.659338519
1598	TASOR	Q1089*	Nonsense	0.6668466272697698
1599	TASOR	Q1089Q	Silent	-0.435993496
1600	TASOR		No Mutation	-0.382578396
1601	TASOR		No Mutation	-1.860857725
1602	TASOR	S1078N;D1079N	Missense;Missense	0.2168488955181391
1603	TASOR		No Mutation	1.531524158195689
1604	TASOR	D1066N	Missense	0.9760655288731604
1605	TASOR	V1059I	Missense	0.1556625707157991
1606	TASOR	A1051V;S1052L	Missense;Missense	0.299468361875507
1607	TASOR		No Mutation	-1.274797548
1608	TASOR	A1048T	Missense	1.1473678525389102
1609	TASOR	D1045N	Missense	-0.284767777
1610	TASOR	V1041V	Silent	-0.07006934
1611	TASOR	D1045N	Missense	-0.047189232
1612	TASOR	L1038L	Silent	0.1563912440299363
1613	TASOR	A1031V	Missense	-0.768071389
1614	TASOR	A1031V	Missense	-0.799979262
1615	TASOR		No Mutation	-0.56933297
1616	TASOR		No Mutation	0.722863199
1617	TASOR	Q1014*	Nonsense	-0.019440472
1618	TASOR	Q1014Q;E1015K	Silent;Missense	-0.156542318
1619	TASOR	S1009F	Missense	0.1342041766622239
1620	TASOR	S1006F	Missense	2.3870147218668305
1621	TASOR	K1007K	Silent	-0.321196989
1622	TASOR	T993I;Q994*	Missense;Nonsense	0.8805964700155964
1623	TASOR	E995K	Missense	-0.948479244
1624	TASOR		No Mutation	-0.95236812
1625	TASOR	V960V	Silent	0.038003158
1626	TASOR	T956I	Missense	0.3895330072453266
1627	TASOR	S953S	Silent	-0.521409063
1628	TASOR		No Mutation	0.6847395970532941
1629	TASOR	E954K	Missense	-0.113382936
1630	TASOR	E948K	Missense	0.042422352
1631	TASOR		No Mutation	-0.483228783
1632	TASOR		No Mutation	0.7166438114289467
1633	TASOR	D931D	Silent	1.5191349713425697
1634	TASOR	D931D	Silent	-0.605210585
1635	TASOR	V932V;L933L	Silent;Silent	-0.772566657
1636	TASOR		No Mutation	-0.295012181
1637	TASOR	L924L	Silent	-0.807202671
1638	TASOR		No Mutation	-0.330363912
1639	TASOR	(NC)	Intron	0.3589543207351067
1640	TASOR		No Mutation	0.6131711250323832
1641	TASOR		No Mutation	0.6114952148028749
1642	TASOR	(NC)	Splice-acceptor	0.3727573771741016
1643	TASOR		No Mutation	-0.314282075
1644	TASOR		No Mutation	-0.350818791
1645	TASOR	L917L	Silent	0.9744688144596878
1646	TASOR		No Mutation	1.9829976402278289
1647	TASOR	R899H	Missense	0.001303937
1648	TASOR	R899H	Missense	-0.42834693
1649	TASOR		No Mutation	-0.65993941
1650	TASOR	E895K	Missense	0.2945809012001618
1651	TASOR		No Mutation	-0.112352319
1652	TASOR	V880I	Missense	-0.836576301
1653	TASOR		No Mutation	0.9332401079332328
1654	TASOR	L871L;E873K	Silent;Missense	-0.293075185
1655	TASOR	D866N	Missense	-1.280997265
1656	TASOR	S859F	Missense	0.5475993220338577
1657	TASOR		No Mutation	-0.603169849
1658	TASOR		No Mutation	0.0198028046076346
1659	TASOR		No Mutation	1.6675186055311264
1660	TASOR	E826K	Missense	-0.291106832
1661	TASOR	E826K	Missense	-0.289272347
1662	TASOR		No Mutation	-0.235434709
1663	TASOR	A804V	Missense	0.1439324791805381
1664	TASOR	D802N	Missense	0.4144244458705617
1665	TASOR	T792I	Missense	0.2062326390923148
1666	TASOR	L789L	Silent	-1.127736285
1667	TASOR	W774*	Nonsense	0.042548371
1668	TASOR	I768I;H769Y	Silent;Missense	0.0364984510664843
1669	TASOR		No Mutation	-0.173956063
1670	TASOR	G764G	Silent	-0.401541034
1671	TASOR	A766T	Missense	-0.38095722
1672	TASOR	Q758*	Nonsense	-0.349067721
1673	TASOR	D752D	Silent	1.0560880432121715
1674	TASOR		No Mutation	0.3597719220860329
1675	TASOR	H749Y	Missense	-0.817423572
1676	TASOR	G748K	Missense	0.1527355782486167
1677	TASOR		No Mutation	-1.019543756
1678	TASOR	Q742*;P743F	Nonsense;Missense	-0.163030464
1679	TASOR	S740F	Missense	-0.93344235
1680	TASOR		No Mutation	-0.049237358
1681	TASOR		No Mutation	-0.791003391
1682	TASOR		No Mutation	1.7913395950713875
1683	TASOR		No Mutation	-0.969298227
1684	TASOR	V709V	Silent	1.3071500221764514
1685	TASOR	S706S	Silent	-0.024414837
1686	TASOR		No Mutation	-0.139480809
1687	TASOR		No Mutation	0.2586270511476199
1688	TASOR		No Mutation	-0.142404239
1689	TASOR		No Mutation	-0.535648141
1690	TASOR		No Mutation	-0.103603662
1691	TASOR		No Mutation	0.8547739176719553
1692	TASOR	S673F	Missense	0.3645214151569422
1693	TASOR		No Mutation	-0.831366325
1694	TASOR	K667K	Silent	-0.265684763
1695	TASOR		No Mutation	0.3258107912419634
1696	TASOR	R655*	Nonsense	0.6619432823525582
1697	TASOR	T648I	Missense	-0.137894451
1698	TASOR	Q641*	Nonsense	-1.05311386
1699	TASOR	E639K;G640N	Missense;Missense	0.3755236838016409
1700	TASOR	P634L;L635F	Missense;Missense	0.3791561432200919
1701	TASOR		No Mutation	1.388472632667194
1702	TASOR	E610K	Missense	-0.277146909
1703	TASOR	L602L	Silent	0.1429186319447747
1704	TASOR	C601Y;L602L	Missense;Silent	-0.782857311
1705	TASOR		No Mutation	-0.265970298
1706	TASOR		No Mutation	-0.555228432
1707	TASOR	D583N	Missense	0.1389001248502994
1708	TASOR	V553I	Missense	1.0671102808420545
1709	TASOR		No Mutation	-0.564585676
1710	TASOR	E519K;S520N	Missense;Missense	0.2184939424307586
1711	TASOR	Q515Q;E516K	Silent;Missense	-1.004784203
1712	TASOR	A512V	Missense	0.6751192944002751
1713	TASOR	T510I	Missense	0.547453337
1714	TASOR	(NC)	Splice-donor	-0.640993245
1715	TASOR		No Mutation	-0.002358479
1716	TASOR		No Mutation	-0.088675636
1717	TASOR		No Mutation	1.860880038212023
1718	TASOR	(NC);(NC)	Intron;Intron	0.5799661962973603
1719	TASOR	P478F	Missense	0.7569474002181741
1720	TASOR		No Mutation	-1.07217223
1721	TASOR	Q475*	Nonsense	-0.275803909
1722	TASOR		No Mutation	-1.048006984
1723	TASOR		No Mutation	-0.102796437
1724	TASOR		No Mutation	-0.472285157
1725	TASOR	L471F	Missense	-0.249210602
1726	TASOR		No Mutation	-0.753444099
1727	TASOR		No Mutation	0.6138152778374261
1728	TASOR	G466K	Missense	-0.034712567
1729	TASOR	P461F	Missense	1.0408309573337682
1730	TASOR	L458F	Missense	-0.098774315
1731	TASOR	L458F	Missense	-0.158954563
1732	TASOR	(NC);(NC);(NC)	Intron;Intron;Intron	1.998890620763599
1733	TASOR		No Mutation	-0.675230171
1734	TASOR		No Mutation	-0.326867095
1735	TASOR	C429C;S430S;L431F	Silent;Silent;Missense	-0.053546956
1736	TASOR	(NC)	Intron	0.4750949144613247
1737	TASOR	P419S	Missense	-0.227236905
1738	TASOR	Y416Y	Silent	-0.189409287
1739	TASOR	K413K;E414K	Silent;Missense	0.483332161660424
1740	TASOR		No Mutation	-0.175571675
1741	TASOR		No Mutation	-0.79886861
1742	TASOR	V393I;E394K	Missense;Missense	-0.584193038
1743	TASOR	(NC)	Intron	-0.648643021
1744	TASOR	L383L	Silent	0.8819917586810443
1745	TASOR	Q362Q	Silent	1.7611297972602251
1746	TASOR	N355N	Silent	2.711821250715148
1747	TASOR		No Mutation	0.1757195686411406
1748	TASOR	T347I	Missense	-0.226331218
1749	TASOR	(NC)	Intron	-0.252799374
1750	TASOR	S339L;S340L	Missense;Missense	-0.628787509
1751	TASOR		No Mutation	-0.089662077
1752	TASOR		No Mutation	0.840211416
1753	TASOR		No Mutation	-0.029348177
1754	TASOR		No Mutation	-0.719062118
1755	TASOR	G306G	Silent	-0.419153191
1756	TASOR	T298I	Missense	-0.579211782
1757	TASOR	Q299Q;(NC)	Silent;Splice-donor	-1.021540506
1758	TASOR		No Mutation	0.396405074
1759	TASOR	A294V	Missense	-0.638717832
1760	TASOR		No Mutation	0.1982677482891641
1761	TASOR	R285*	Nonsense	-1.056497368
1762	TASOR	V279M	Missense	0.8822351682110247
1763	TASOR	C277Y	Missense	-0.476383747
1764	TASOR	E276K;C277Y	Missense;Missense	-1.123410079
1765	TASOR	E276K	Missense	-0.155140368
1766	TASOR		No Mutation	1.2336209495199848
1767	TASOR	P254P	Silent	-0.507034147
1768	TASOR		No Mutation	0.5732619783812398
1769	TASOR		No Mutation	-1.480587685
1770	TASOR	A234T	Missense	-0.324182479
1771	TASOR		No Mutation	-0.478462487
1772	TASOR		No Mutation	0.1837098499705934
1773	TASOR	P229S	Missense	-0.661582866
1774	TASOR	A227V	Missense	0.9171766095296148
1775	TASOR	A227V	Missense	0.6730449549659312
1776	TASOR	A227V	Missense	-0.316829141
1777	TASOR	Q226*	Nonsense	-0.994196947
1778	TASOR		No Mutation	-1.183228518
1779	TASOR	V216I	Missense	-0.174892626
1780	TASOR		No Mutation	-0.509337125
1781	TASOR		No Mutation	0.5080479537149112
1782	TASOR		No Mutation	0.444550464668809
1783	TASOR	L209F	Missense	-0.699130479
1784	TASOR	L209F	Missense	-0.212704802
1785	TASOR	G210N	Missense	0.7257756619438949
1786	TASOR	S204F	Missense	-0.069923795
1787	TASOR		No Mutation	0.084491614
1788	TASOR		No Mutation	0.6692851117046573
1789	TASOR	Q192*;T193I	Nonsense;Missense	1.3477765719900492
1790	TASOR		No Mutation	-0.576579777
1791	TASOR		No Mutation	0.7756033682103192
1792	TASOR	M185I;V186I	Missense;Missense	0.4834820316667514
1793	TASOR	S180F	Missense	-0.070020015
1794	TASOR		No Mutation	-0.90975632
1795	TASOR		No Mutation	-0.556660168
1796	TASOR	H152Y	Missense	1.1037468928136644
1797	TASOR	N144N;Y145Y	Silent;Silent	0.9842423799320452
1798	TASOR		No Mutation	0.3884922733716156
1799	TASOR		No Mutation	1.033504984350674
1800	TASOR	V140I	Missense	-0.174794759
1801	TASOR	E136K	Missense	0.4196618742292649
1802	TASOR	E124K	Missense	0.6708908269129337
1803	TASOR	G119N	Missense	-0.680414417
1804	TASOR	S106S	Silent	-0.126578493
1805	TASOR		No Mutation	0.6505885025498188
1806	TASOR		No Mutation	0.2738779401963009
1807	TASOR	R97K;R98K	Missense;Missense	0.5614020543880743
1808	TASOR	R97K;R98K	Missense;Missense	-1.18143303
1809	TASOR	P92L	Missense	0.6924055573352547
1810	TASOR	P92F	Missense	1.0410877613593337
1811	TASOR	R94K	Missense	0.1716955976353751
1812	TASOR	R94K	Missense	0.0143921004838154
1813	TASOR	R94K	Missense	-0.340491963
1814	TASOR	G88G;P89F	Silent;Missense	-0.177757046
1815	TASOR	E91E	Silent	-1.494045063
1816	TASOR	E91K	Missense	-0.290464317
1817	TASOR	E90K;E91K	Missense;Missense	1.918064117
1818	TASOR	E90K	Missense	0.4109947515020838
1819	TASOR	G88D	Missense	-0.636137223
1820	TASOR	A82V;A83V	Missense;Missense	-0.44665586
1821	TASOR	A82A;A83T	Silent;Missense	0.5818741648664292
1822	TASOR	D76D;S77F	Silent;Missense	-0.819170593
1823	TASOR	E79K;A80T	Missense;Missense	-0.84925483
1824	TASOR	Q75*	Nonsense	1.531280797688486
1825	TASOR	Q75*	Nonsense	-0.204950995
1826	TASOR	P74F;Q75*	Missense;Nonsense	1.0112856872310687
1827	TASOR	Q75Q;D76N	Silent;Missense	-0.584257848
1828	TASOR	Q73Q	Silent	0.026471009
1829	TASOR	L69L;S70S;H71Y	Silent;Silent;Missense	-0.205152276
1830	TASOR	E72K	Missense	-1.08178272
1831	TASOR	E72K	Missense	0.4198389157192951
1832	TASOR	S70N	Missense	-1.016958798
1833	TASOR	S68N	Missense	1.7178439539281274
1834	TASOR		No Mutation	-0.548903774
1835	TASOR	R57C	Missense	-0.997265758
1836	TASOR	R57C	Missense	2.328071194347615
1837	TASOR	R57C	Missense	1.2019204918418656
1838	TASOR	R57C	Missense	0.2000308440384325
1839	TASOR	G56E;R57H	Missense;Missense	0.8430403960474057
1840	TASOR	G56K;R57H	Missense;Missense	-1.067675785
1841	TASOR	S52S;G53G	Silent;Silent	-0.963006976
1842	TASOR	P51F	Missense	0.3289141031505656
1843	TASOR	P51F	Missense	-0.106265812
1844	TASOR	I48I;A49V	Silent;Missense	0.3133237690098598
1845	TASOR	E50E	Silent	0.4599522003073135
1846	TASOR	N47N	Silent	-0.744922992
1847	TASOR	Q39*	Nonsense	0.6094744674312869
1848	TASOR	Q38*;Q39*	Nonsense;Nonsense	0.2096932850319993
1849	TASOR	S37F;Q38*	Missense;Nonsense	-0.266874318
1850	TASOR	S36F;S37F	Missense;Missense	0.7121964039920317
1851	TASOR	S36F	Missense	-0.041223031
1852	TASOR		No Mutation	-0.191151305
1853	TASOR		No Mutation	-0.79680725
1854	TASOR		No Mutation	-0.005180256
1855	TASOR		No Mutation	0.46611895
1856	TASOR	A15V	Missense	0.4496460868585555
1857	TASOR	A15V	Missense	-0.465802928
1858	TASOR	W17*;E18K	Nonsense;Missense	-0.103047167
1859	TASOR	P12L	Missense	-0.012398216
1860	TASOR	P12L	Missense	0.2731293857828809
1861	TASOR	A15T	Missense	0.8175828168749704
1862	TASOR		No Mutation	-0.298282802
1863	TASOR	A2V	Missense	0.4004129246562945
1864	TASOR	A4T	Missense	-0.879191913
1865	TASOR	(NC);(NC)	UTR;UTR	-0.281373718
1866	TASOR	M1I;A2T	Missense;Missense	0.6755891406011745
1867	TASOR	(NC);(NC)	UTR;UTR	0.4176781187921666
1868	TASOR	(NC);(NC)	UTR;UTR	0.8203059367638014
1869	TASOR	(NC);(NC);(NC)	UTR;UTR;UTR	-0.897362374
1870	PPHLN1		No Mutation	0.2406579675002438
1871	PPHLN1	S24N	Missense	0.670242752
1872	PPHLN1	S24N;(NC)	Missense;Splice-donor	0.3318964302577643
1873	PPHLN1		No Mutation	-0.177721127
1874	PPHLN1		No Mutation	-0.788189397
1875	PPHLN1	L40L	Silent	-1.016303655
1876	PPHLN1	P39L;L40L	Missense;Silent	-0.281150627
1877	PPHLN1	R43K	Missense	-0.717304894
1878	PPHLN1	L41L	Silent	-0.502070994
1879	PPHLN1	G45N	Missense	1.204999428454772
1880	PPHLN1		No Mutation	0.2216882474042836
1881	PPHLN1	Y58Y;R59*	Silent;Nonsense	1.1828461217571442
1882	PPHLN1	Y58Y;R59*	Silent;Nonsense	-0.301925244
1883	PPHLN1	E63E;G64N	Silent;Missense	0.2200355346489242
1884	PPHLN1	D70N	Missense	1.3174219359193726
1885	PPHLN1		No Mutation	1.533193635118974
1886	PPHLN1	(NC);(NC)	Splice-donor;Intron	-0.677194907
1887	PPHLN1	(NC)	Intron	-0.102373382
1888	PPHLN1		No Mutation	0.5846948145044059
1889	PPHLN1		No Mutation	-0.207682842
1890	PPHLN1	S94S	Silent	-0.025809988
1891	PPHLN1	P97F	Missense	0.2958827785407486
1892	PPHLN1	(NC)	Intron	-1.395719363
1893	PPHLN1	S114F;H115Y	Missense;Missense	1.5506810986988304
1894	PPHLN1	E119E;R120Q	Silent;Missense	-0.849189754
1895	PPHLN1	E119E;R120Q	Silent;Missense	-0.92809403
1896	PPHLN1	R120W	Missense	0.3644834512901213
1897	PPHLN1	R120W	Missense	0.3691841632947372
1898	PPHLN1	S133L;P134S	Missense;Missense	-0.880106641
1899	PPHLN1	D139N	Missense	0.5137868001796962
1900	PPHLN1		No Mutation	-0.463479701
1901	PPHLN1	S140F;P141L	Missense;Missense	0.8945134538910694
1902	PPHLN1	G146N	Missense	-0.678783453
1903	PPHLN1	R152K;S153N	Missense;Missense	1.695715313682583
1904	PPHLN1	S153S	Silent	-0.481375649
1905	PPHLN1		No Mutation	-0.12529698
1906	PPHLN1	R170K	Missense	-0.373386575
1907	PPHLN1		No Mutation	-0.048447902
1908	PPHLN1	(NC)	Splice-acceptor	-0.141638795
1909	PPHLN1	(NC)	Splice-acceptor	-0.197802104
1910	PPHLN1	K171K	Silent	0.2661326829268714
1911	PPHLN1	K171K;V173M	Silent;Missense	-0.827662633
1912	PPHLN1	V173I	Missense	-0.031610282
1913	PPHLN1		No Mutation	-0.88161627
1914	PPHLN1	R174H	Missense	-0.346367421
1915	PPHLN1		No Mutation	0.0133683110638899
1916	PPHLN1	P175L	Missense	0.083464896
1917	PPHLN1	R181Q	Missense	-0.646634413
1918	PPHLN1	Y179Y	Silent	-0.699817442
1919	PPHLN1	Q182Q	Silent	0.3495235706588283
1920	PPHLN1	E184K	Missense	0.2378218935644543
1921	PPHLN1		No Mutation	0.377458671
1922	PPHLN1	(NC)	Intron	0.6561288663654568
1923	PPHLN1	(NC)	Intron	0.5290088108044018
1924	PPHLN1	T204I	Missense	-0.018829521
1925	PPHLN1	A211T;V212I	Missense;Missense	-0.818217732
1926	PPHLN1	V212I	Missense	0.1700469433067658
1927	PPHLN1	A211V	Missense	-0.349403659
1928	PPHLN1		No Mutation	1.563674855562564
1929	PPHLN1	P221P	Silent	-0.743406548
1930	PPHLN1		No Mutation	-0.117411579
1931	PPHLN1	A230V	Missense	-0.719401725
1932	PPHLN1		No Mutation	0.6920598277141337
1933	PPHLN1		No Mutation	-0.584637339
1934	PPHLN1	E256K	Missense	-0.004420159
1935	PPHLN1	S253F	Missense	-0.466712904
1936	PPHLN1		No Mutation	-0.254148271
1937	PPHLN1		No Mutation	-0.668902895
1938	PPHLN1		No Mutation	0.5090372161916623
1939	PPHLN1	Q267Q	Silent	-0.90031617
1940	PPHLN1	E272K	Missense	-0.099935693
1941	PPHLN1		No Mutation	-0.971227778
1942	PPHLN1	S273L	Missense	0.075533426
1943	PPHLN1	S273L	Missense	-0.493255075
1944	PPHLN1		No Mutation	0.2617873218991475
1945	PPHLN1		No Mutation	-0.470390248
1946	PPHLN1	T298I	Missense	0.7312398887294653
1947	PPHLN1		No Mutation	1.5118077529938212
1948	PPHLN1	R306Q	Missense	1.184343756951953
1949	PPHLN1	Q307*	Nonsense	0.1365697870322431
1950	PPHLN1	D308D	Silent	0.3025480143936156
1951	PPHLN1		No Mutation	-1.051003768
1952	PPHLN1	D308D	Silent	-0.937146941
1953	PPHLN1		No Mutation	-0.291591976
1954	PPHLN1	S329F	Missense	-0.03770692
1955	PPHLN1	Q336*	Nonsense	-0.767139662
1956	PPHLN1	H339Y	Missense	0.4670786279623117
1957	PPHLN1	(NC);(NC)	Intron;Intron	0.3483637784961308
1958	PPHLN1	(NC);(NC)	Intron;Intron	1.0489576185254557
1959	PPHLN1	(NC);E342E	Splice-acceptor;Silent	1.893589263
1960	PPHLN1	S343F	Missense	0.4625228024865097
1961	PPHLN1	Q346Q	Silent	-0.295396853
1962	PPHLN1	Q346*	Nonsense	-0.11496466
1963	PPHLN1	Q350*	Nonsense	0.5439205490084833
1964	PPHLN1		No Mutation	-0.321078592
1965	PPHLN1	E358K	Missense	-0.879134965
1966	PPHLN1	E358K	Missense	-0.57476546
1967	PPHLN1	E358K	Missense	-2.109120149
1968	PPHLN1	E358K	Missense	-0.637864856
1969	PPHLN1	T357I	Missense	1.0317921044817375
1970	PPHLN1	T364I	Missense	0.2121724808823666
1971	PPHLN1	A373V;Q374*	Missense;Nonsense	-0.44809158
1972	PPHLN1	(NC)	Intron	-0.34972501
1973	PPHLN1	(NC)	Intron	-0.568199031
1974	PPHLN1		No Mutation	-0.603543607
1975	PPHLN1	Q378Q	Silent	-1.082416655
1976	PPHLN1	A376V;P377S	Missense;Missense	-0.087270672
1977	PPHLN1	Q378Q	Silent	1.3004064149646644
1978	PPHLN1	Q381Q;A382T	Silent;Missense	0.9219299175281626
1979	PPHLN1	Q381Q;A382T	Silent;Missense	0.2568541127684715
1980	PPHLN1	A382T	Missense	-0.302468815
1981	PPHLN1	Q384Q	Silent	0.4283134100753931
1982	PPHLN1	Q384Q	Silent	0.5786464302115794
1983	PPHLN1	Q384Q	Silent	0.3841528950761466
1984	PPHLN1		No Mutation	-0.292371933
1985	PPHLN1	P383L;Q384*	Missense;Nonsense	0.063568021
1986	PPHLN1	Q387Q	Silent	0.1560064103077381
1987	PPHLN1	Q387Q	Silent	0.2721074667959525
1988	PPHLN1	R389Q	Missense	-0.671076402
1989	PPHLN1	Q387*	Nonsense	1.804062613434198
1990	PPHLN1	Q387*;P388S	Nonsense;Missense	0.4777978160018432
1991	PPHLN1	K390K	Silent	0.3773314143385907
1992	PPHLN1	K390K	Silent	-1.375263529
1993	PPHLN1	K390K	Silent	-0.017999369
1994	PPHLN1		No Mutation	-1.056972092
1995	PPHLN1	V393I;R394H	Missense;Missense	-0.289320592
1996	PPHLN1	R394H	Missense	-0.694712298
1997	PPHLN1	R394H	Missense	-0.191285029
1998	PPHLN1	T396M	Missense	1.129983911531896
1999	PPHLN1	Q398*;L399F	Nonsense;Missense	0.3636642715162405
2000	PPHLN1	A405V	Missense	0.1423449647638132
2001	PPHLN1	A405V;P406S	Missense;Missense	0.6213908328626018
2002	PPHLN1	A405V;P406L	Missense;Missense	2.003933545186652
2003	PPHLN1	A405V;P406L	Missense;Missense	0.050033614
2004	PPHLN1	W410*;G411K	Nonsense;Missense	0.249002631179335
2005	PPHLN1	W410*;G411K	Nonsense;Missense	0.2281390496099647
2006	PPHLN1	G411K	Missense	0.2402165644644765
2007	PPHLN1	K414K;K415K	Silent;Silent	-0.096088624
2008	PPHLN1	L413L	Silent	0.2243647493441339
2009	PPHLN1		No Mutation	0.1608902538388251
2010	PPHLN1	T416I;T417I	Missense;Missense	-0.330078121
2011	PPHLN1	Q428Q	Silent	-0.291502523
2012	PPHLN1		No Mutation	0.1548791661988828
2013	PPHLN1	V443I;V444I	Missense;Missense	-0.645513629
2014	PPHLN1	H445Y	Missense	-0.027537263
2015	PPHLN1	C446C;N447N	Silent;Silent	0.8503125689965472
2016	PPHLN1		No Mutation	-0.529918061
2017	MORC2	(NC);(NC);(NC)	UTR;UTR;UTR	-1.150526047
2018	MORC2	T1029T	Silent	0.4206348321131207
2019	MORC2	G1031G;D1032N	Silent;Missense	0.1743779997565433
2020	MORC2	I1028I;T1029I	Silent;Missense	-0.32190712
2021	MORC2	D1026D;L1027F	Silent;Missense	-0.743248806
2022	MORC2	D1026D	Silent	1.0922788179958267
2023	MORC2		No Mutation	-0.251983987
2024	MORC2		No Mutation	-0.367433375
2025	MORC2		No Mutation	-0.859652715
2026	MORC2	L1020L	Silent	-0.370636903
2027	MORC2	I1014I;N1015N	Silent;Silent	0.5925944284723257
2028	MORC2		No Mutation	-0.827967399
2029	MORC2	D1011N	Missense	0.07615358
2030	MORC2	(NC);D1011N	Splice-acceptor;Missense	1.0886524753757454
2031	MORC2	(NC)	Splice-acceptor	0.1819089992621594
2032	MORC2		No Mutation	-0.593395436
2033	MORC2	(NC);(NC);(NC)	Intron;Intron;Intron	-0.01044347
2034	MORC2	Q1009*	Nonsense	-0.012827449
2035	MORC2	L1004L;L1005L;Q1006*	Silent;Silent;Nonsense	0.681589941
2036	MORC2	L1004F;L1005L	Missense;Silent	0.8357455202875222
2037	MORC2	I1001I	Silent	-0.523262879
2038	MORC2	L1005L	Silent	0.416329993862635
2039	MORC2	L997L	Silent	-1.40048748
2040	MORC2		No Mutation	-0.758811961
2041	MORC2		No Mutation	1.684412448538844
2042	MORC2	R988H	Missense	-1.005104188
2043	MORC2	E984E;R985K	Silent;Missense	0.2603776674981202
2044	MORC2	S979S;L980L	Silent;Silent	-1.285939182
2045	MORC2	R981H	Missense	-0.346684599
2046	MORC2	L980L;R981H	Silent;Missense	0.5668996947017491
2047	MORC2	S979N	Missense	-0.24963824
2048	MORC2	E977K;E978K	Missense;Missense	-0.976295589
2049	MORC2	E977K	Missense	-0.193002866
2050	MORC2	S971S;R972W	Silent;Missense	0.4239573144919153
2051	MORC2	R972R;A973T	Silent;Missense	0.1482745893794372
2052	MORC2	A969V	Missense	0.2659189814160811
2053	MORC2		No Mutation	-1.31560963
2054	MORC2	S967S;R968C	Silent;Missense	0.1587592223249509
2055	MORC2	S967S	Silent	-0.226991454
2056	MORC2	D970N	Missense	0.2948251857562594
2057	MORC2	Q966Q	Silent	0.012109053756561
2058	MORC2		No Mutation	0.2405093524781101
2059	MORC2	F951F	Silent	-0.893885622
2060	MORC2	F951F	Silent	0.8969183902845272
2061	MORC2		No Mutation	-0.576691725
2062	MORC2		No Mutation	-0.748299465
2063	MORC2	(NC);(NC)	Intron;Intron	0.2602605438526951
2064	MORC2		No Mutation	-0.190624875
2065	MORC2		No Mutation	0.3673715607852197
2066	MORC2	(NC);(NC)	Intron;Intron	-0.318245186
2067	MORC2	S935N;A936T	Missense;Missense	-0.490869505
2068	MORC2	Q933Q;L934L	Silent;Silent	-0.550573274
2069	MORC2	Q933Q	Silent	-0.921279747
2070	MORC2	K932K;Q933Q	Silent;Silent	-0.265118104
2071	MORC2		No Mutation	-0.915308316
2072	MORC2		No Mutation	-0.101250098
2073	MORC2		No Mutation	0.8212090381075386
2074	MORC2	C918Y	Missense	0.8088353722737615
2075	MORC2	(NC)	Intron	-0.43605527
2076	MORC2	C918Y	Missense	-1.620682915
2077	MORC2	R916R	Silent	1.1787678537874244
2078	MORC2	(NC);(NC)	Intron;Intron	0.6708145153842077
2079	MORC2	(NC)	Intron	1.805874091300038
2080	MORC2		No Mutation	1.1254306360420163
2081	MORC2	(NC)	Intron	0.2840221395823937
2082	MORC2		No Mutation	0.089656706
2083	MORC2	L911F	Missense	-0.49874135
2084	MORC2	Q913Q	Silent	-0.53051995
2085	MORC2	D909N	Missense	-0.765024267
2086	MORC2	E906K	Missense	1.183689120070344
2087	MORC2	E906K	Missense	-0.481254663
2088	MORC2		No Mutation	-0.236252998
2089	MORC2	L901L;S902N	Silent;Missense	0.626942912
2090	MORC2		No Mutation	-0.30363802
2091	MORC2	D897N	Missense	-0.482332225
2092	MORC2	E895K	Missense	-0.124154318
2093	MORC2	R893H	Missense	-0.233119339
2094	MORC2	C891Y	Missense	0.3787423315578744
2095	MORC2	C891Y	Missense	0.539625595
2096	MORC2	E885E	Silent	-0.062402249
2097	MORC2	V883I;A884T	Missense;Missense	0.9779494166324272
2098	MORC2	V883I	Missense	0.1775180167702717
2099	MORC2	A880T	Missense	0.3665041182319096
2100	MORC2	Q879Q;A880T	Silent;Missense	-1.091784762
2101	MORC2	G874G;P875S	Silent;Missense	-0.194105419
2102	MORC2		No Mutation	-0.167468657
2103	MORC2	G868G	Silent	0.9003035057720227
2104	MORC2	G868G	Silent	-0.175393589
2105	MORC2		No Mutation	-1.511337456
2106	MORC2	Q866*	Nonsense	0.084474676
2107	MORC2	Q865*;Q866*	Nonsense;Nonsense	-0.823936698
2108	MORC2	T864I;Q865*	Missense;Nonsense	-0.787069188
2109	MORC2	Q866Q;E867K;G868S	Silent;Missense;Missense	-0.467289828
2110	MORC2	T864I	Missense	0.3461861180760768
2111	MORC2	T864I	Missense	-0.549266315
2112	MORC2	L862F	Missense	-0.843366034
2113	MORC2	S861S;L862F	Silent;Missense	0.5082922386600037
2114	MORC2	S861S;L862F	Silent;Missense	0.3068660173299327
2115	MORC2	D863N	Missense	-0.103976063
2116	MORC2	Q860Q;S861N	Silent;Missense	-0.630431698
2117	MORC2	Q860Q	Silent	0.3317723330890152
2118	MORC2	Q860Q	Silent	0.3000180296163868
2119	MORC2		No Mutation	0.5141500783408985
2120	MORC2		No Mutation	-0.099585161
2121	MORC2	G845G	Silent	-0.861040497
2122	MORC2		No Mutation	-0.475526629
2123	MORC2	G845N	Missense	0.1424774362804293
2124	MORC2	(NC);(NC)	Intron;Intron	-0.418960429
2125	MORC2		No Mutation	0.3096079408191218
2126	MORC2	(NC)	Intron	0.917908948
2127	MORC2	(NC)	Intron	0.9293921265580636
2128	MORC2		No Mutation	-0.819070907
2129	MORC2		No Mutation	-0.315608125
2130	MORC2		No Mutation	-1.912901381
2131	MORC2	R840R	Silent	-0.7031262
2132	MORC2	(NC)	Intron	-1.056283012
2133	MORC2	T835M;T836I	Missense;Missense	0.4606309064139292
2134	MORC2	R838K	Missense	0.4901704245538726
2135	MORC2	H820Y	Missense	-0.573271503
2136	MORC2	G818G	Silent	0.4380097336476065
2137	MORC2	G818G	Silent	0.085324342
2138	MORC2	K819K	Silent	-0.897129524
2139	MORC2		No Mutation	-0.589921595
2140	MORC2	V815V;E816K;V817M	Silent;Missense;Missense	-0.069429173
2141	MORC2	V812V;T813I	Silent;Missense	0.4363057742485442
2142	MORC2	V812V	Silent	-0.64919404
2143	MORC2	G810G;R811C	Silent;Missense	-0.282574878
2144	MORC2	G810G;R811C	Silent;Missense	-0.524042344
2145	MORC2	N804N	Silent	-0.675673412
2146	MORC2	N804N	Silent	-1.490959877
2147	MORC2	R802C	Missense	-0.549106753
2148	MORC2		No Mutation	-1.151584735
2149	MORC2		No Mutation	0.4532743629979829
2150	MORC2		No Mutation	0.1885973090671293
2151	MORC2		No Mutation	-0.085663696
2152	MORC2	(NC);(NC)	Intron;Intron	0.6419949845260771
2153	MORC2	(NC);(NC)	Intron;Intron	-0.8627153
2154	MORC2	(NC)	Splice-acceptor	-0.245823799
2155	MORC2	(NC)	Intron	-0.09841598
2156	MORC2	Q792*	Nonsense	0.5380226118926615
2157	MORC2	A791V;Q792*	Missense;Nonsense	0.0315529017821116
2158	MORC2	A791V;Q792*	Missense;Nonsense	-0.326263969
2159	MORC2	A791V;Q792*	Missense;Nonsense	-0.408560936
2160	MORC2	Q792Q;D794N	Silent;Missense	-0.407206224
2161	MORC2	L788F	Missense	-0.107608044
2162	MORC2	A780V	Missense	-0.234336497
2163	MORC2	D778D	Silent	-0.214790512
2164	MORC2	L776F	Missense	-1.303071496
2165	MORC2	L776F	Missense	0.8112717323922741
2166	MORC2	S779N	Missense	-1.104524607
2167	MORC2	(NC);L776F	Intron;Missense	0.6417159085642273
2168	MORC2		No Mutation	0.8787904543790134
2169	MORC2		No Mutation	-0.960345392
2170	MORC2		No Mutation	-1.005160343
2171	MORC2	D772D;S773L	Silent;Missense	-0.654350919
2172	MORC2		No Mutation	-0.327426027
2173	MORC2		No Mutation	0.6480155421327278
2174	MORC2	G762G	Silent	-0.385427785
2175	MORC2	G762G	Silent	-0.953732483
2176	MORC2		No Mutation	0.7211627003514491
2177	MORC2		No Mutation	-0.463421541
2178	MORC2		No Mutation	0.6407566672349274
2179	MORC2	A752V	Missense	-0.476628987
2180	MORC2		No Mutation	-0.341777609
2181	MORC2		No Mutation	-0.804927447
2182	MORC2		No Mutation	-0.031315462
2183	MORC2		No Mutation	0.984950556277
2184	MORC2		No Mutation	0.1029954752300797
2185	MORC2	V740V	Silent	0.8371349120844961
2186	MORC2	S739N;V740I	Missense;Missense	1.4143101777519298
2187	MORC2	R738R;S739N;V740I	Silent;Missense;Missense	0.5373362431496759
2188	MORC2	R738Q;S739N	Missense;Missense	-0.209525662
2189	MORC2	A732V;T733I	Missense;Missense	0.3359613953565775
2190	MORC2	(NC)	Intron	-0.282807341
2191	MORC2		No Mutation	0.062137619
2192	MORC2	(NC)	Intron	1.2016113692066237
2193	MORC2	(NC);(NC);(NC)	Intron;Intron;Intron	-0.668595865
2194	MORC2	P731P;(NC)	Silent;Splice-donor	-1.420245257
2195	MORC2	P726F	Missense	0.2718208953181065
2196	MORC2	E724K	Missense	1.2856024456964112
2197	MORC2		No Mutation	-0.33988377
2198	MORC2		No Mutation	-1.251747789
2199	MORC2	V714V	Silent	-1.115228912
2200	MORC2		No Mutation	-0.233226005
2201	MORC2		No Mutation	2.9801621033774444
2202	MORC2		No Mutation	0.2022178422470442
2203	MORC2	E708E;V709I	Silent;Missense	0.1356552533755022
2204	MORC2	R707Q	Missense	-0.177333549
2205	MORC2	R707Q	Missense	-0.840412608
2206	MORC2	N702N;S703F	Silent;Missense	-0.007353831
2207	MORC2	P701P;N702N	Silent;Silent	0.4016682649217299
2208	MORC2	P701L;N702N	Missense;Silent	-0.788543667
2209	MORC2		No Mutation	0.082133163
2210	MORC2	L695L	Silent	0.0422311375639624
2211	MORC2	L695L	Silent	1.8592009658615392
2212	MORC2	L695L	Silent	-0.320185523
2213	MORC2	Q693Q	Silent	2.6732305450616205
2214	MORC2	L691L;V692I	Silent;Missense	0.8850989560765423
2215	MORC2	L691L;V692I	Silent;Missense	-2.101648603
2216	MORC2	S686F;R687*	Missense;Nonsense	-0.828725247
2217	MORC2	K683K	Silent	-0.496313254
2218	MORC2	V682I	Missense	-0.830697954
2219	MORC2		No Mutation	-1.503333117
2220	MORC2		No Mutation	-0.507350347
2221	MORC2		No Mutation	-0.159776525
2222	MORC2	K676K	Silent	-0.97148087
2223	MORC2	R675Q	Missense	-0.756617027
2224	MORC2		No Mutation	-1.307736637
2225	MORC2	L667L;L668F	Silent;Missense	-0.442770804
2226	MORC2	L667L	Silent	3.560931738506761
2227	MORC2		No Mutation	1.6896964651705726
2228	MORC2		No Mutation	0.3916343674961706
2229	MORC2	S663N	Missense	-0.132410484
2230	MORC2	R659Q;E660K	Missense;Missense	-0.688591498
2231	MORC2		No Mutation	-0.829050974
2232	MORC2	R659Q;E660K	Missense;Missense	0.093576802
2233	MORC2	A655V	Missense	1.1286702280149217
2234	MORC2	L653L;P654F	Silent;Missense	-0.122374373
2235	MORC2	L653L;P654F	Silent;Missense	-0.388533597
2236	MORC2	L656L;A657T	Silent;Missense	-0.314557002
2237	MORC2	L656L;A657T	Silent;Missense	0.1635174565606447
2238	MORC2	L656L	Silent	-1.352166263
2239	MORC2	T650T;P651L	Silent;Missense	0.021369029
2240	MORC2		No Mutation	-0.118241255
2241	MORC2		No Mutation	0.8693476602267918
2242	MORC2		No Mutation	0.7878129500433853
2243	MORC2	V646I	Missense	0.2250405418626859
2244	MORC2	V646I	Missense	-0.063623204
2245	MORC2	K643K;A644T	Silent;Missense	-0.104054511
2246	MORC2	R642Q	Missense	0.8985136503515296
2247	MORC2	A638V	Missense	0.563571053
2248	MORC2	Q640Q	Silent	-0.580793198
2249	MORC2	A638T;S639N	Missense;Missense	-1.38291121
2250	MORC2	R636K	Missense	0.4960826868641592
2251	MORC2		No Mutation	-0.242824736
2252	MORC2		No Mutation	0.5170892442661937
2253	MORC2		No Mutation	-1.340602884
2254	MORC2	L632L	Silent	2.1001768522535893
2255	MORC2		No Mutation	0.4590522422200856
2256	MORC2		No Mutation	-0.183056208
2257	MORC2		No Mutation	0.3393233393944421
2258	MORC2	A625T	Missense	-0.099109618
2259	MORC2	R623K	Missense	-0.516065163
2260	MORC2	V621V	Silent	-0.372560036
2261	MORC2	V621V	Silent	-0.263689889
2262	MORC2	V621I	Missense	-0.630514846
2263	MORC2	P617L	Missense	0.075626958
2264	MORC2		No Mutation	-0.555665866
2265	MORC2	S615S	Silent	0.3688567071873305
2266	MORC2		No Mutation	0.1100384843640398
2267	MORC2	Q611Q;R612H	Silent;Missense	0.4258058873383984
2268	MORC2	V607I	Missense	1.1691805376718056
2269	MORC2	(NC);(NC)	Intron;Intron	0.2508612633702099
2270	MORC2	(NC);(NC)	Intron;Intron	0.9496081798927336
2271	MORC2		No Mutation	0.6332105056625918
2272	MORC2		No Mutation	-0.979799067
2273	MORC2	(NC);(NC)	Intron;Intron	-0.177396271
2274	MORC2	T603I	Missense	0.2828071466673715
2275	MORC2	(NC)	Intron	-1.302970075
2276	MORC2	S602S;T603I	Silent;Missense	0.3789426983948709
2277	MORC2	S602F;T603I	Missense;Missense	0.2032838433317583
2278	MORC2	E604E;(NC);(NC)	Silent;Splice-donor;Intron	-0.998062836
2279	MORC2	E604K	Missense	-0.867903706
2280	MORC2	T598T;T599I	Silent;Missense	-0.711034891
2281	MORC2	R600K	Missense	0.3601027395246595
2282	MORC2	R600K	Missense	-0.429349269
2283	MORC2	L595L;E596K	Silent;Missense	-0.55549614
2284	MORC2	D589D;L590L	Silent;Silent	0.3547473850177022
2285	MORC2	K591K	Silent	0.7546036437190959
2286	MORC2	K591K	Silent	0.1787993064515223
2287	MORC2	L590L	Silent	-0.263163905
2288	MORC2	D589N	Missense	-0.530610021
2289	MORC2	A588T;D589N	Missense;Missense	1.019674829555346
2290	MORC2		No Mutation	1.212385647713937
2291	MORC2	(NC)	Intron	-0.50050372
2292	MORC2	(NC)	Intron	-0.126781578
2293	MORC2	(NC)	Intron	0.5777293559636519
2294	MORC2	(NC);(NC)	Intron;Intron	-0.430465512
2295	MORC2	Q579*	Nonsense	-1.01033697
2296	MORC2	A577V	Missense	-0.031877691
2297	MORC2	A577V	Missense	-0.620387032
2298	MORC2	L575L	Silent	-0.696435345
2299	MORC2	K574K;L575L;E576K	Silent;Silent;Missense	-3.092555396
2300	MORC2	Q571*;Q572*	Nonsense;Nonsense	-1.519328714
2301	MORC2	R569R;Q570*;Q571*	Silent;Nonsense;Nonsense	1.3021679993807818
2302	MORC2		No Mutation	0.81141413
2303	MORC2		No Mutation	1.289013291274565
2304	MORC2	K552K;D553N	Silent;Missense	-0.148311252
2305	MORC2	R551K;K552K	Missense;Silent	-0.043250114
2306	MORC2	R551K	Missense	0.6909253560776347
2307	MORC2	P546P;L547L	Silent;Silent	0.897483839
2308	MORC2	Q543*	Nonsense	-1.117191797
2309	MORC2	Q543*	Nonsense	-0.406507501
2310	MORC2	S539F	Missense	0.032822529
2311	MORC2	C536Y;E537K	Missense;Missense	-0.705698895
2312	MORC2	(NC)	Intron	0.5602227538929018
2313	MORC2		No Mutation	0.635452787
2314	MORC2	(NC)	Intron	-0.722594174
2315	MORC2	(NC);(NC)	Intron;Intron	0.4897032175902045
2316	MORC2	(NC);(NC)	Intron;Intron	-0.550008973
2317	MORC2		No Mutation	-1.195224982
2318	MORC2	(NC)	Intron	-0.642684497
2319	MORC2	(NC);(NC)	Intron;Intron	-1.167632056
2320	MORC2	D534N;R535Q	Missense;Missense	-0.3911088
2321	MORC2	Q533Q;D534N	Silent;Missense	-0.977577317
2322	MORC2	P529L	Missense	-0.097627824
2323	MORC2	E532K	Missense	-0.6928643
2324	MORC2	N528N;P529S	Silent;Missense	-0.184867133
2325	MORC2	M527I	Missense	-0.639653396
2326	MORC2	C525Y	Missense	0.2983529273783979
2327	MORC2	C525Y	Missense	-0.620616513
2328	MORC2		No Mutation	1.5831374696524725
2329	MORC2		No Mutation	0.8235422793070636
2330	MORC2	V515I	Missense	-0.15124495
2331	MORC2	V515M	Missense	-0.221291297
2332	MORC2	V515M	Missense	-0.341515447
2333	MORC2	P509P;F510F;Q511*	Silent;Silent;Nonsense	-1.269643058
2334	MORC2	L512L;S513N	Silent;Missense	0.011874808
2335	MORC2	L512L;S513N	Silent;Missense	-0.837628433
2336	MORC2	(NC)	Intron	-0.35303075
2337	MORC2	(NC);(NC);(NC);(NC)	Intron;Intron;Intron;Intron	-0.33043711
2338	MORC2	C499C	Silent	-0.315843363
2339	MORC2	(NC);(NC)	Intron;Intron	-0.707087613
2340	MORC2	Q498*	Nonsense	0.1014993485571334
2341	MORC2	(NC);(NC);(NC)	Splice-donor;Intron;Intron	-1.049421997
2342	MORC2	I497I;Q498*	Silent;Nonsense	0.7143134878806882
2343	MORC2	T496T;I497I;Q498*	Silent;Silent;Nonsense	-2.017420998
2344	MORC2	C499Y;D500N;(NC)	Missense;Missense;Splice-donor	-1.231962387
2345	MORC2	C499Y;D500N;(NC)	Missense;Missense;Splice-donor	0.2950222358105624
2346	MORC2	Q498Q;C499Y;D500N	Silent;Missense;Missense	0.163328798
2347	MORC2	P494F;T495I	Missense;Missense	-1.496364479
2348	MORC2		No Mutation	-0.281042156
2349	MORC2	Y485Y;R487C	Silent;Missense	-0.007866332
2350	MORC2	L483L	Silent	1.1148826977304358
2351	MORC2		No Mutation	0.003245262
2352	MORC2	R484H	Missense	0.2754709005705887
2353	MORC2	L483L;R484H	Silent;Missense	0.3007314478987051
2354	MORC2	L483L;R484H	Silent;Missense	-1.126801589
2355	MORC2	L483L;R484H	Silent;Missense	0.1693630031907087
2356	MORC2	E482K	Missense	0.3008793442304954
2357	MORC2		No Mutation	-0.618816364
2358	MORC2	W475*	Nonsense	-0.867392122
2359	MORC2	G469G;Y470Y	Silent;Silent	-0.693518734
2360	MORC2		No Mutation	-0.013229308
2361	MORC2		No Mutation	0.1962535922336566
2362	MORC2	K463K	Silent	-0.54445021
2363	MORC2		No Mutation	0.1493953776458511
2364	MORC2	K463K	Silent	0.3102846622697675
2365	MORC2		No Mutation	-0.321960594
2366	MORC2	(NC)	Intron	0.5281236028166667
2367	MORC2	(NC)	Intron	-0.915162508
2368	MORC2	(NC)	Intron	0.4412356739261133
2369	MORC2		No Mutation	0.4509221695078584
2370	MORC2		No Mutation	-0.393964598
2371	MORC2	(NC);(NC);(NC)	Intron;Intron;Intron	-1.015342111
2372	MORC2	A455V;I456I	Missense;Silent	-0.630942551
2373	MORC2	A455V	Missense	0.4858586451978006
2374	MORC2		No Mutation	0.8430713324426713
2375	MORC2		No Mutation	-0.309201656
2376	MORC2		No Mutation	0.2879915626255556
2377	MORC2		No Mutation	0.4808586747169167
2378	MORC2	W451*;K452K;D453N	Nonsense;Silent;Missense	0.301655633030327
2379	MORC2	H446H;L447L	Silent;Silent	-0.078141877
2380	MORC2	H446Y	Missense	0.8120732462672319
2381	MORC2	E445E	Silent	-0.745325781
2382	MORC2	A442V	Missense	1.0899983060025238
2383	MORC2	M443I;G444K;E445K	Missense;Missense;Missense	0.2074847775493687
2384	MORC2	H438H;L439L;L440F	Silent;Silent;Missense	-1.183172102
2385	MORC2	A442T	Missense	0.8454949303012853
2386	MORC2	H438H;L439L	Silent;Silent	-0.449001743
2387	MORC2	H438Y;L439L	Missense;Silent	-0.594028998
2388	MORC2	H438Y;L439L	Missense;Silent	-0.683331179
2389	MORC2	L439L	Silent	1.306955011273912
2390	MORC2	A431V	Missense	1.4039112223185477
2391	MORC2	D429D	Silent	0.3929663726899891
2392	MORC2	Q428Q;D429N	Silent;Missense	-0.079852774
2393	MORC2	P423F	Missense	2.295999542941662
2394	MORC2		No Mutation	-0.250787336
2395	MORC2		No Mutation	0.3113887688272176
2396	MORC2	E422E	Silent	-0.851020804
2397	MORC2	E422K	Missense	-0.351072158
2398	MORC2	P417S	Missense	-1.203711728
2399	MORC2		No Mutation	0.6146325369010689
2400	MORC2		No Mutation	0.1030730837551063
2401	MORC2	A406V	Missense	0.3973844020730003
2402	MORC2	A406V	Missense	-1.378143153
2403	MORC2	G408D;G409K	Missense;Missense	-0.143337619
2404	MORC2	G408N;G409K	Missense;Missense	-0.02989618
2405	MORC2	(NC)	Intron	1.0180239283069556
2406	MORC2	(NC);(NC)	Intron;Intron	0.5077973693757147
2407	MORC2	(NC);(NC);(NC)	Intron;Intron;Intron	-0.715811849
2408	MORC2	(NC);(NC)	Intron;Intron	0.6360353660263136
2409	MORC2	(NC)	Intron	0.1241644298535925
2410	MORC2	G404N	Missense	-1.099056046
2411	MORC2	G403G;G404N	Silent;Missense	-0.140234889
2412	MORC2	G398G;P399L	Silent;Missense	0.3932228645660299
2413	MORC2	G398G;P399S	Silent;Missense	3.079207069016193
2414	MORC2	G398G	Silent	-0.081006323
2415	MORC2		No Mutation	-0.968679532
2416	MORC2		No Mutation	-0.050082606
2417	MORC2		No Mutation	-0.584320481
2418	MORC2	I391I	Silent	-0.196929695
2419	MORC2	M382I	Missense	0.7261391418909937
2420	MORC2	H376Y	Missense	0.7054214595948975
2421	MORC2	N373N	Silent	-0.394460081
2422	MORC2	V372V	Silent	-0.026371928
2423	MORC2	V372V	Silent	-1.57784852
2424	MORC2	V369I	Missense	-0.315991262
2425	MORC2	A359V;L360F	Missense;Missense	-0.640183861
2426	MORC2	(NC)	Intron	-0.080564583
2427	MORC2	(NC)	Intron	1.1668890014757556
2428	MORC2	Q357*	Nonsense	0.2596262355459673
2429	MORC2	I352I	Silent	0.8650174928774403
2430	MORC2	V348V	Silent	0.2843997010132336
2431	MORC2	R351K	Missense	-0.341282571
2432	MORC2	V348V	Silent	0.2761177110483119
2433	MORC2	A346V	Missense	-0.668802805
2434	MORC2	R344K;E345K	Missense;Missense	-0.98124644
2435	MORC2		No Mutation	1.4789657256083864
2436	MORC2	(NC)	Intron	2.5636100319350863
2437	MORC2	(NC);(NC)	Intron;Splice-acceptor	-0.494406925
2438	MORC2	(NC)	Intron	0.1788954905402688
2439	MORC2	(NC);(NC)	Intron;Intron	-1.151714956
2440	MORC2	(NC)	Intron	-0.848173316
2441	MORC2		No Mutation	0.3848931558341237
2442	MORC2	(NC);(NC)	Intron;Intron	1.1091365277514789
2443	MORC2		No Mutation	-0.32781338
2444	MORC2	D327D;S328F	Silent;Missense	0.1791276257657348
2445	MORC2	R329K;(NC)	Missense;Splice-donor	-0.784956634
2446	MORC2	T325M;R326W	Missense;Missense	-0.649037725
2447	MORC2	D323D;L324F	Silent;Missense	0.5681846243983448
2448	MORC2	D323D;L324F	Silent;Missense	0.1535561295551346
2449	MORC2	T325T	Silent	-0.773311686
2450	MORC2		No Mutation	0.7403862514068439
2451	MORC2		No Mutation	-0.224126679
2452	MORC2		No Mutation	-0.538682435
2453	MORC2	T315I	Missense	-0.332817713
2454	MORC2	A309V	Missense	0.2005301422950335
2455	MORC2		No Mutation	0.2661950042886041
2456	MORC2	A302V	Missense	-0.356632102
2457	MORC2	(NC);A302V	Intron;Missense	-0.735197379
2458	MORC2		No Mutation	-0.596007626
2459	MORC2	(NC);(NC)	Intron;Intron	-0.288586819
2460	MORC2	(NC)	Intron	-0.192099131
2461	MORC2		No Mutation	-0.776405987
2462	MORC2		No Mutation	1.171879437331957
2463	MORC2	H297Y	Missense	0.2738203433777386
2464	MORC2	A295V	Missense	-0.770578883
2465	MORC2	E291E;V292I	Silent;Missense	-0.642709192
2466	MORC2	E291E;V292I	Silent;Missense	-1.47463861
2467	MORC2	T286I;R287C	Missense;Missense	-1.106947108
2468	MORC2	F284F	Silent	0.8855533701599168
2469	MORC2	A288T;E289K	Missense;Missense	0.5592208730103698
2470	MORC2	S282S;R283C	Silent;Missense	-0.35987919
2471	MORC2	(NC)	Intron	-0.254073576
2472	MORC2		No Mutation	0.6616910720291349
2473	MORC2	(NC);(NC)	Intron;Intron	-0.353378839
2474	MORC2	(NC);(NC);(NC)	Splice-donor;Intron;Intron	0.6391982466979041
2475	MORC2	Y272Y	Silent	-0.572204808
2476	MORC2	L271L	Silent	-0.972934677
2477	MORC2	C270C;L271L	Silent;Silent	0.3635663387469962
2478	MORC2	K273K	Silent	0.2327642742476668
2479	MORC2	C269C;C270C	Silent;Silent	1.0550121999622069
2480	MORC2	C269Y;C270Y	Missense;Missense	0.1235922477152803
2481	MORC2	H260H	Silent	0.086176743
2482	MORC2	V262V;Q263Q	Silent;Silent	0.6053945898338372
2483	MORC2	I255I;F256F	Silent;Silent	-0.340705985
2484	MORC2		No Mutation	-0.981792362
2485	MORC2		No Mutation	0.5694591894701349
2486	MORC2		No Mutation	-0.350460587
2487	MORC2		No Mutation	-1.118892547
2488	MORC2		No Mutation	-0.338958656
2489	MORC2		No Mutation	0.5511873633084428
2490	MORC2	L247F	Missense	0.262592986
2491	MORC2	D250N	Missense	0.9728735717041616
2492	MORC2		No Mutation	0.1150971303406673
2493	MORC2	V246I	Missense	0.051352412
2494	MORC2	R241H	Missense	0.2233888241235686
2495	MORC2	R237Q;R238H	Missense;Missense	-1.066135091
2496	MORC2	E236K	Missense	0.5302659690336522
2497	MORC2	E236K	Missense	-0.181315374
2498	MORC2	(NC);(NC);(NC)	Intron;Intron;Intron	-0.677664675
2499	MORC2		No Mutation	0.3221603036642884
2500	MORC2		No Mutation	-0.27337323
2501	MORC2		No Mutation	-0.577431172
2502	MORC2	T233M	Missense	-0.209385658
2503	MORC2	G232G;T233M	Silent;Missense	0.7917803982108212
2504	MORC2	(NC);(NC);(NC)	Intron;Intron;Intron	1.7794070833816489
2505	MORC2	G232G	Silent	0.1858707328121576
2506	MORC2	(NC);(NC)	Intron;Intron	0.6274735178727934
2507	MORC2	(NC);(NC);(NC)	Intron;Intron;Intron	-0.208154521
2508	MORC2	P230L	Missense	-0.087430656
2509	MORC2	M225I;A226T	Missense;Missense	0.2106395532873317
2510	MORC2	P220L	Missense	-0.354541217
2511	MORC2		No Mutation	0.1780577442822302
2512	MORC2	L204F	Missense	-0.126588962
2513	MORC2	I201I;F202F	Silent;Silent	0.2220200252898443
2514	MORC2	(NC)	Intron	-0.820561209
2515	MORC2		No Mutation	-1.602139167
2516	MORC2	(NC)	Intron	-0.334665668
2517	MORC2		No Mutation	-0.333729069
2518	MORC2		No Mutation	1.8969397529915168
2519	MORC2	G193R	Missense	0.036610226
2520	MORC2		No Mutation	-0.239912329
2521	MORC2		No Mutation	-0.644682691
2522	MORC2		No Mutation	-0.428986312
2523	MORC2	Q187*	Nonsense	0.2782784548892797
2524	MORC2	V184I	Missense	-0.765327563
2525	MORC2	E182K;E183K	Missense;Missense	-0.535010032
2526	MORC2	P177L	Missense	0.1056362630487983
2527	MORC2	Y175Y;S176F;P177S	Silent;Missense;Missense	-1.082552078
2528	MORC2		No Mutation	-1.231481465
2529	MORC2	V162I;E163K	Missense;Missense	-1.209068831
2530	MORC2	D160N	Missense	0.016310751
2531	MORC2	D160N	Missense	-0.340793932
2532	MORC2	R155Q	Missense	-0.924102024
2533	MORC2	R153Q	Missense	-0.784441557
2534	MORC2	R153Q	Missense	-0.660113418
2535	MORC2	T149T	Silent	0.6426909950293191
2536	MORC2	T149I	Missense	0.2476599339055619
2537	MORC2	A152T	Missense	0.4400216730859259
2538	MORC2	W150*;A152T	Nonsense;Missense	-1.08519553
2539	MORC2	P148F	Missense	0.3490131138080501
2540	MORC2	V145V	Silent	0.5294768193045595
2541	MORC2		No Mutation	0.3143575877556268
2542	MORC2		No Mutation	-0.224078142
2543	MORC2	(NC);(NC)	Intron;Intron	-0.641409937
2544	MORC2		No Mutation	0.7435083685283168
2545	MORC2		No Mutation	1.0876532169878943
2546	MORC2	T133M	Missense	-1.210302872
2547	MORC2	E136K	Missense	3.0194308457950454
2548	MORC2	S131F;R132C	Missense;Missense	0.7054869505901632
2549	MORC2	T133T	Silent	-1.110646139
2550	MORC2	R132H	Missense	-0.327459399
2551	MORC2	L130L	Silent	-0.189934664
2552	MORC2	M125I	Missense	1.2506038771664645
2553	MORC2	K121K;E122K;D123N	Silent;Missense;Missense	0.9272098717552792
2554	MORC2	G107G;S108L	Silent;Missense	-0.386803141
2555	MORC2	G107G	Silent	-0.564861269
2556	MORC2		No Mutation	-0.752016317
2557	MORC2	M109I	Missense	-1.394496302
2558	MORC2		No Mutation	1.3904312551054132
2559	MORC2		No Mutation	-1.484635816
2560	MORC2		No Mutation	0.9074198085441416
2561	MORC2		No Mutation	0.049891606
2562	MORC2		No Mutation	-0.18082977
2563	MORC2	T95I;Q96*	Missense;Nonsense	1.914220468229364
2564	MORC2	T95I;Q96*	Missense;Nonsense	-0.035572478
2565	MORC2	G98K	Missense	-0.246539074
2566	MORC2	P92L	Missense	-0.38018332
2567	MORC2	P92F	Missense	-0.934534985
2568	MORC2	E93E	Silent	-0.248700894
2569	MORC2	S87S;A88T	Silent;Missense	0.5590592238036368
2570	MORC2	I82I;Q83*	Silent;Nonsense	0.7559544879676826
2571	MORC2	G85K	Missense	0.2168738041350947
2572	MORC2	A79V	Missense	1.2361249890175094
2573	MORC2	A79V	Missense	-1.146404446
2574	MORC2	A79T	Missense	0.3203883900456505
2575	MORC2	A79T	Missense	1.4200361077397967
2576	MORC2		No Mutation	-0.334603515
2577	MORC2	(NC)	Intron	0.5025052023538983
2578	MORC2		No Mutation	0.5001755580206967
2579	MORC2	M63I	Missense	2.7299478037250946
2580	MORC2	R55*	Nonsense	5.10909127
2581	MORC2	R55*	Nonsense	0.068292997
2582	MORC2		No Mutation	0.5113101958700613
2583	MORC2	A52T	Missense	-0.513790263
2584	MORC2		No Mutation	-0.237790058
2585	MORC2		No Mutation	0.6840725657179622
2586	MORC2	A40V	Missense	0.3532374057263964
2587	MORC2	L36L	Silent	1.245255371
2588	MORC2	D38N	Missense	0.2177953255287112
2589	MORC2	D38N	Missense	-0.230952476
2590	MORC2		No Mutation	0.7677884665555177
2591	MORC2	L29L	Silent	0.4810823512050712
2592	MORC2	T25I;H26Y	Missense;Missense	0.9004398636810439
2593	MORC2	S23L	Missense	-0.075872905
2594	MORC2		No Mutation	-0.148238574
2595	MORC2	M1I;A2T	Missense;Missense	0.2917880111890268
2596	MORC2	(NC);(NC)	UTR;UTR	-0.663773622
2597	ATF7IP	Q8*	Nonsense	-0.438350491
2598	ATF7IP	L26F	Missense	0.9305225226207914
2599	ATF7IP		No Mutation	0.5625639173045498
2600	ATF7IP		No Mutation	-0.483918436
2601	ATF7IP	N47N;H48Y	Silent;Missense	-0.21395789
2602	ATF7IP	D54D;P55S	Silent;Missense	-0.190300635
2603	ATF7IP	T56T;S57L;P58S	Silent;Missense;Missense	-0.193884789
2604	ATF7IP		No Mutation	-1.351762239
2605	ATF7IP	Y64Y	Silent	0.5452332405535271
2606	ATF7IP	D67D	Silent	0.6038341547484454
2607	ATF7IP		No Mutation	0.5338137860163727
2608	ATF7IP	A86T;E87K	Missense;Missense	0.2055469007882348
2609	ATF7IP		No Mutation	-1.280657375
2610	ATF7IP	V97I	Missense	0.8759466454628286
2611	ATF7IP		No Mutation	1.117030436658054
2612	ATF7IP		No Mutation	1.6739365582857086
2613	ATF7IP		No Mutation	-0.373842161
2614	ATF7IP	E120K	Missense	-0.442592068
2615	ATF7IP	E120K	Missense	-0.368500064
2616	ATF7IP	E120K	Missense	-0.02123658
2617	ATF7IP		No Mutation	0.5462522462154158
2618	ATF7IP	A127T	Missense	5.714738935548687
2619	ATF7IP	P126F;A127V	Missense;Missense	-1.134509977
2620	ATF7IP	G132N	Missense	0.4655224329392695
2621	ATF7IP	S131F	Missense	0.9499315526835344
2622	ATF7IP	A135T	Missense	0.5389280519398262
2623	ATF7IP	P134L	Missense	0.6191976937889241
2624	ATF7IP	P136F	Missense	0.9946297586306084
2625	ATF7IP	L139L;D140N	Silent;Missense	-0.368876643
2626	ATF7IP	A141T	Missense	0.5478021678067388
2627	ATF7IP	A141T;G142R	Missense;Missense	-0.453618921
2628	ATF7IP	A141V	Missense	-1.191220332
2629	ATF7IP	G147K	Missense	0.1108196869053156
2630	ATF7IP	P144L	Missense	0.4287285674655192
2631	ATF7IP	S146F	Missense	-0.913905534
2632	ATF7IP	L149L;A150T	Silent;Missense	0.7881406670406297
2633	ATF7IP		No Mutation	0.9426813894405172
2634	ATF7IP	G152N	Missense	-1.266565872
2635	ATF7IP	S151F	Missense	-0.329426734
2636	ATF7IP		No Mutation	0.136998351704509
2637	ATF7IP		No Mutation	-0.61677615
2638	ATF7IP		No Mutation	-0.307875673
2639	ATF7IP		No Mutation	0.3112195275853507
2640	ATF7IP		No Mutation	-0.397660244
2641	ATF7IP		No Mutation	0.2998367183043151
2642	ATF7IP	S166F	Missense	-0.892244412
2643	ATF7IP	A169T;A170T	Missense;Missense	0.282175074
2644	ATF7IP	A170T	Missense	-0.402180742
2645	ATF7IP		No Mutation	0.1300195340481496
2646	ATF7IP	S171F	Missense	0.3034577779403524
2647	ATF7IP		No Mutation	-0.822318073
2648	ATF7IP	S176F	Missense	1.2376535535730933
2649	ATF7IP		No Mutation	2.8555428320467926
2650	ATF7IP	S181F	Missense	-0.398816667
2651	ATF7IP	V184V	Silent	-1.936602564
2652	ATF7IP	V184V	Silent	-0.722542527
2653	ATF7IP		No Mutation	-0.188219739
2654	ATF7IP	P186F	Missense	0.2126872209662496
2655	ATF7IP		No Mutation	1.2946045170129696
2656	ATF7IP	G192S	Missense	-0.67098125
2657	ATF7IP	G192N	Missense	-0.935290759
2658	ATF7IP		No Mutation	0.2854851767075392
2659	ATF7IP	A196T	Missense	-0.273404041
2660	ATF7IP	A196V	Missense	0.4820796950883472
2661	ATF7IP		No Mutation	-0.376839888
2662	ATF7IP		No Mutation	-0.524276706
2663	ATF7IP	S206F	Missense	0.4694773860330642
2664	ATF7IP		No Mutation	0.1556444729829568
2665	ATF7IP		No Mutation	-0.251285898
2666	ATF7IP		No Mutation	-0.119839738
2667	ATF7IP	P209F	Missense	0.9563636749704358
2668	ATF7IP	P214P;V215I	Silent;Missense	-0.15254821
2669	ATF7IP	P214P;V215I	Silent;Missense	0.1425893602833448
2670	ATF7IP	V217I	Missense	-0.923954314
2671	ATF7IP	V217I	Missense	1.2438971270100696
2672	ATF7IP	P216F	Missense	0.2422426962167753
2673	ATF7IP		No Mutation	-0.192995043
2674	ATF7IP	G222S	Missense	-1.056407384
2675	ATF7IP	G222N	Missense	-0.394667524
2676	ATF7IP	C224Y;A225T	Missense;Missense	-0.277583398
2677	ATF7IP	C224Y;A225T	Missense;Missense	-0.476615278
2678	ATF7IP		No Mutation	-0.365468616
2679	ATF7IP		No Mutation	0.4781550453880428
2680	ATF7IP		No Mutation	-0.416256456
2681	ATF7IP	S236F	Missense	-0.545465947
2682	ATF7IP	A250T	Missense	-1.021620179
2683	ATF7IP	D252N	Missense	0.7091679009857169
2684	ATF7IP	P249L	Missense	-0.306580251
2685	ATF7IP	S251F	Missense	0.2497700471064947
2686	ATF7IP	L254L;A255T	Silent;Missense	-0.069647289
2687	ATF7IP		No Mutation	0.2809489308659498
2688	ATF7IP		No Mutation	-0.787142372
2689	ATF7IP	L259L	Silent	2.079295837948136
2690	ATF7IP		No Mutation	-0.588175323
2691	ATF7IP	L264L	Silent	0.0386625
2692	ATF7IP	S266F	Missense	0.1952490099633159
2693	ATF7IP		No Mutation	-0.498041702
2694	ATF7IP	L269L	Silent	0.2447524891733232
2695	ATF7IP		No Mutation	0.749046193
2696	ATF7IP		No Mutation	0.3267706164774473
2697	ATF7IP	E290K	Missense	-1.101331287
2698	ATF7IP	V294I	Missense	-0.458264071
2699	ATF7IP	V296I;C297Y	Missense;Missense	1.1347777837038049
2700	ATF7IP	V300I	Missense	0.6984244214369449
2701	ATF7IP	D304N	Missense	0.3403445105572226
2702	ATF7IP	E307K	Missense	-1.278939951
2703	ATF7IP	D313N;D314N	Missense;Missense	1.3269779994013604
2704	ATF7IP	Q330*	Nonsense	-0.279274783
2705	ATF7IP	P365F	Missense	-0.334054359
2706	ATF7IP		No Mutation	0.7840068707163125
2707	ATF7IP	I376I;T377I	Silent;Missense	-0.448317273
2708	ATF7IP	A385V	Missense	0.141107004
2709	ATF7IP		No Mutation	-0.145247628
2710	ATF7IP		No Mutation	-0.986133671
2711	ATF7IP		No Mutation	0.230170762960999
2712	ATF7IP	L442F	Missense	0.064827353
2713	ATF7IP		No Mutation	-1.515083371
2714	ATF7IP	E462E	Silent	-0.803066182
2715	ATF7IP		No Mutation	-1.199683012
2716	ATF7IP		No Mutation	0.8691084690396714
2717	ATF7IP		No Mutation	-0.043517838
2718	ATF7IP		No Mutation	-0.839499393
2719	ATF7IP	S483N;S484N	Missense;Missense	-0.607765421
2720	ATF7IP	P488L	Missense	-0.002608538
2721	ATF7IP	L493L;V494I	Silent;Missense	-0.93465287
2722	ATF7IP	D497N	Missense	-0.494523075
2723	ATF7IP	V494V;L495F	Silent;Missense	-0.205756396
2724	ATF7IP		No Mutation	-0.334472407
2725	ATF7IP	E499E;D500N	Silent;Missense	0.361433826
2726	ATF7IP		No Mutation	-1.261007315
2727	ATF7IP		No Mutation	0.4365393032311531
2728	ATF7IP		No Mutation	-0.336412238
2729	ATF7IP		No Mutation	-0.413535757
2730	ATF7IP		No Mutation	-0.334680968
2731	ATF7IP	V537I	Missense	-0.592816658
2732	ATF7IP		No Mutation	0.3320249598025206
2733	ATF7IP	S557F	Missense	0.6537921398223145
2734	ATF7IP	R569C	Missense	-0.635215132
2735	ATF7IP		No Mutation	0.1737527516378121
2736	ATF7IP		No Mutation	-0.584393154
2737	ATF7IP	Q593Q	Silent	-0.083947072
2738	ATF7IP	N592N;Q593*	Silent;Nonsense	1.3605539470882768
2739	ATF7IP		No Mutation	-1.312985041
2740	ATF7IP	(NC)	Intron	-0.23409211
2741	ATF7IP		No Mutation	1.383415195170051
2742	ATF7IP		No Mutation	0.8511426426105398
2743	ATF7IP		No Mutation	-0.869321552
2744	ATF7IP		No Mutation	-0.948898879
2745	ATF7IP	L639F	Missense	-0.552070692
2746	ATF7IP		No Mutation	0.4338799322479771
2747	ATF7IP	R652H	Missense	-0.669879142
2748	ATF7IP	A656T	Missense	-0.514035909
2749	ATF7IP		No Mutation	-0.602581338
2750	ATF7IP		No Mutation	-0.129483722
2751	ATF7IP		No Mutation	0.5126385324866524
2752	ATF7IP		No Mutation	1.123281104256395
2753	ATF7IP		No Mutation	0.7220328311846221
2754	ATF7IP	N669N;P670L	Silent;Missense	0.1076220015508091
2755	ATF7IP	V672I	Missense	0.3045838302803237
2756	ATF7IP		No Mutation	-0.019644473
2757	ATF7IP		No Mutation	-0.180208385
2758	ATF7IP		No Mutation	-0.431559278
2759	ATF7IP		No Mutation	-0.956048282
2760	ATF7IP	G693G;T694I	Silent;Missense	-0.692705661
2761	ATF7IP	S706N;E707K	Missense;Missense	0.02733581
2762	ATF7IP		No Mutation	-1.234094993
2763	ATF7IP	V717M	Missense	-0.146613117
2764	ATF7IP	Q714*;T715I	Nonsense;Missense	-0.113702152
2765	ATF7IP	V717V	Silent	-0.013911219
2766	ATF7IP		No Mutation	-0.631874717
2767	ATF7IP		No Mutation	0.8338550583581764
2768	ATF7IP	S733N;S734N	Missense;Missense	0.096938831
2769	ATF7IP	S734N	Missense	-1.381228578
2770	ATF7IP	V742M	Missense	-0.025722467
2771	ATF7IP	Q739*	Nonsense	0.7157094483160843
2772	ATF7IP	Q739*;T740I	Nonsense;Missense	-0.273276963
2773	ATF7IP		No Mutation	0.7901443420394838
2774	ATF7IP	V752I	Missense	0.067462788
2775	ATF7IP	V752I	Missense	0.1711552640823054
2776	ATF7IP	A759T	Missense	0.2081095177919097
2777	ATF7IP	V761I;V762I	Missense;Missense	0.2241012765832807
2778	ATF7IP	V762I	Missense	-1.293933827
2779	ATF7IP		No Mutation	0.3006541815703798
2780	ATF7IP	T764I;T765I	Missense;Missense	0.0619825462873032
2781	ATF7IP	Q773Q	Silent	3.097948835893364
2782	ATF7IP		No Mutation	0.3926413352081478
2783	ATF7IP		No Mutation	0.9333200921556688
2784	ATF7IP		No Mutation	-0.523244847
2785	ATF7IP	Q779Q	Silent	-0.312360662
2786	ATF7IP	L785L	Silent	0.089394415
2787	ATF7IP	V787I	Missense	-0.409383794
2788	ATF7IP		No Mutation	1.2100465131014737
2789	ATF7IP		No Mutation	0.0288638
2790	ATF7IP	Q799Q	Silent	-1.159330788
2791	ATF7IP	Q799Q	Silent	0.3651284747315886
2792	ATF7IP	L797F;L798L	Missense;Silent	0.2305913342723254
2793	ATF7IP	S800N	Missense	-0.465101109
2794	ATF7IP	L798L	Silent	-0.537593422
2795	ATF7IP	S800S;H801Y	Silent;Missense	0.4101471302022051
2796	ATF7IP	L805L;V806I	Silent;Missense	-0.46236475
2797	ATF7IP		No Mutation	-0.62306809
2798	ATF7IP	T807I	Missense	-0.015295297
2799	ATF7IP	E815K	Missense	0.4687748909865648
2800	ATF7IP	S821S;P822L	Silent;Missense	0.072807548
2801	ATF7IP	G827N	Missense	-0.658431148
2802	ATF7IP	G827N	Missense	-0.173241584
2803	ATF7IP		No Mutation	-0.51120596
2804	ATF7IP		No Mutation	0.2784464149891018
2805	ATF7IP		No Mutation	0.3933551327670753
2806	ATF7IP		No Mutation	-0.400463532
2807	ATF7IP		No Mutation	-0.543243561
2808	ATF7IP		No Mutation	-0.195216139
2809	ATF7IP	V847I	Missense	-0.057219125
2810	ATF7IP	V847I	Missense	-0.198100396
2811	ATF7IP	V850M	Missense	-0.229737163
2812	ATF7IP	S854N	Missense	0.002983277
2813	ATF7IP	P851L	Missense	-0.769088583
2814	ATF7IP	R857K	Missense	0.7459312020313522
2815	ATF7IP	R857K	Missense	1.875451745478467
2816	ATF7IP		No Mutation	-0.104075138
2817	ATF7IP	A861V	Missense	-0.019740478
2818	ATF7IP	A864T	Missense	-0.046427283
2819	ATF7IP	A861V	Missense	3.5575699592249816
2820	ATF7IP	A864T	Missense	0.950486185
2821	ATF7IP	L866L;G867K	Silent;Missense	0.4154957180223112
2822	ATF7IP	A871T	Missense	-0.536581393
2823	ATF7IP	T868I	Missense	-0.987392033
2824	ATF7IP	V882I	Missense	1.084183261848058
2825	ATF7IP	S880F	Missense	1.173542726670986
2826	ATF7IP		No Mutation	-0.637331995
2827	ATF7IP	T887I	Missense	-0.141095183
2828	ATF7IP	T887I;S888F	Missense;Missense	-0.19888791
2829	ATF7IP	P890F;T891I	Missense;Missense	-0.583665322
2830	ATF7IP	G896K	Missense	-0.455136839
2831	ATF7IP	G896K	Missense	-0.653232098
2832	ATF7IP	S899N	Missense	-0.118069196
2833	ATF7IP	S899N	Missense	-0.487202697
2834	ATF7IP	P900L	Missense	-1.076720895
2835	ATF7IP	G905N	Missense	-0.292641951
2836	ATF7IP	S917N	Missense	0.6390509674796792
2837	ATF7IP	T928I	Missense	-2.07063268
2838	ATF7IP	(NC);(NC)	Splice-donor;Intron	-0.539855239
2839	ATF7IP	(NC)	Intron	-2.56107565
2840	ATF7IP	(NC)	Intron	0.5147904121309634
2841	ATF7IP		No Mutation	-1.340381587
2842	ATF7IP		No Mutation	-1.128652881
2843	ATF7IP	A949V	Missense	-0.08910776
2844	ATF7IP	(NC)	Intron	-0.40755018
2845	ATF7IP	T959I	Missense	-0.564559615
2846	ATF7IP	S964N	Missense	-0.308798035
2847	ATF7IP	V966V	Silent	-1.021261306
2848	ATF7IP		No Mutation	-0.414382731
2849	ATF7IP		No Mutation	1.1269602573693158
2850	ATF7IP	S994N	Missense	-0.007820103
2851	ATF7IP	Q997Q	Silent	0.7134359905199353
2852	ATF7IP	L1003L	Silent	0.2304693981307518
2853	ATF7IP		No Mutation	0.3461678751023354
2854	ATF7IP	P1010P	Silent	-0.678684751
2855	ATF7IP	P1010P	Silent	-0.273875843
2856	ATF7IP	P1010L;P1011F	Missense;Missense	-2.789687608
2857	ATF7IP		No Mutation	0.4150937604004349
2858	ATF7IP	P1010L;P1011F	Missense;Missense	0.4527047324701412
2859	ATF7IP	P1011F;L1012F	Missense;Missense	-0.344486566
2860	ATF7IP	G1016K	Missense	-0.24111931
2861	ATF7IP	G1016K;V1017M	Missense;Missense	-0.415631902
2862	ATF7IP	S1015F	Missense	-0.543480136
2863	ATF7IP	S1020N	Missense	0.5181104251423189
2864	ATF7IP		No Mutation	0.4015707624193306
2865	ATF7IP		No Mutation	0.037303573
2866	ATF7IP	H1028Y	Missense	1.5975418678206137
2867	ATF7IP		No Mutation	0.2088301760593926
2868	ATF7IP		No Mutation	-0.418395142
2869	ATF7IP	(NC);(NC)	Intron;Intron	-0.698842816
2870	ATF7IP		No Mutation	-1.499985887
2871	ATF7IP	V1039I	Missense	0.2998208357876721
2872	ATF7IP	R1042H	Missense	0.063002189
2873	ATF7IP	H1041Y;R1042C	Missense;Missense	0.1320760059733579
2874	ATF7IP		No Mutation	0.1601258547928679
2875	ATF7IP		No Mutation	-0.654480899
2876	ATF7IP	A1058T	Missense	-0.485448305
2877	ATF7IP	A1058T	Missense	-0.116211702
2878	ATF7IP	A1056V;P1057S	Missense;Missense	0.2737859249217389
2879	ATF7IP		No Mutation	0.7365129537728257
2880	ATF7IP	P1057F	Missense	-1.119941504
2881	ATF7IP	V1062I;V1063I	Missense;Missense	0.4159092983881962
2882	ATF7IP		No Mutation	0.2401542073106595
2883	ATF7IP		No Mutation	0.5563726010887987
2884	ATF7IP	P1068F	Missense	-1.414837871
2885	ATF7IP	Q1073Q;A1074T	Silent;Missense	1.0264582864438814
2886	ATF7IP	A1072V;Q1073*	Missense;Nonsense	-1.47615048
2887	ATF7IP		No Mutation	0.5534811467314699
2888	ATF7IP	L1076L;R1077Q	Silent;Missense	0.2826896390406946
2889	ATF7IP	R1077*	Nonsense	0.7456940032486239
2890	ATF7IP	V1080I	Missense	0.8106125463415114
2891	ATF7IP	M1081I	Missense	-0.622172473
2892	ATF7IP	Q1082*	Nonsense	-1.812719226
2893	ATF7IP	A1083V;P1084S	Missense;Missense	0.155341974875256
2894	ATF7IP	V1089I	Missense	-0.078179752
2895	ATF7IP		No Mutation	0.3732330956308368
2896	ATF7IP	(NC)	Intron	1.2740466019305328
2897	ATF7IP	V1106I	Missense	-1.290577089
2898	ATF7IP	T1104I	Missense	0.106919434501081
2899	ATF7IP		No Mutation	1.5537772115867912
2900	ATF7IP	N1108N	Silent	1.3299857138290865
2901	ATF7IP	N1108N	Silent	-0.422769376
2902	ATF7IP	L1111L;T1112I	Silent;Missense	-0.649270654
2903	ATF7IP	G1117E	Missense	-0.195474894
2904	ATF7IP		No Mutation	0.2189947423559275
2905	ATF7IP		No Mutation	0.483915058
2906	ATF7IP	V1129V	Silent	-0.893289191
2907	ATF7IP	(NC)	Splice-donor	-0.631747252
2908	ATF7IP	(NC);(NC)	Splice-donor;Intron	-0.59730898
2909	ATF7IP	T1131I	Missense	1.4576145351502183
2910	ATF7IP		No Mutation	-0.573944615
2911	ATF7IP	E1132E	Silent	-0.302605082
2912	ATF7IP		No Mutation	0.080775518
2913	ATF7IP		No Mutation	-0.172407812
2914	ATF7IP	A1140T	Missense	0.078687564
2915	ATF7IP	A1140T	Missense	0.5840095092037011
2916	ATF7IP		No Mutation	0.002588457
2917	ATF7IP		No Mutation	-0.682107674
2918	ATF7IP		No Mutation	0.3219504922643456
2919	ATF7IP	E1144K;A1145T	Missense;Missense	-0.10550612
2920	ATF7IP	E1144K;A1145T	Missense;Missense	0.7674767271733196
2921	ATF7IP		No Mutation	-0.117848269
2922	ATF7IP		No Mutation	-1.002420969
2923	ATF7IP		No Mutation	0.6249512066396561
2924	ATF7IP	L1151L	Silent	-0.237498565
2925	ATF7IP	E1154K	Missense	-1.084295695
2926	ATF7IP	S1157N	Missense	0.1144724067549008
2927	ATF7IP	S1157N	Missense	-1.840904361
2928	ATF7IP		No Mutation	0.7740930230837991
2929	ATF7IP		No Mutation	-0.810131464
2930	ATF7IP	Q1162Q	Silent	0.6843618173152378
2931	ATF7IP	L1166L	Silent	0.1057257579341686
2932	ATF7IP	A1169T;R1170H	Missense;Missense	1.0126806771219077
2933	ATF7IP	R1170C	Missense	0.4259616019754029
2934	ATF7IP	G1176G	Silent	1.643469839175956
2935	ATF7IP	L1179L	Silent	0.3373963465484323
2936	ATF7IP	S1180L	Missense	-0.009069166
2937	ATF7IP		No Mutation	0.092427848
2938	ATF7IP	S1189N	Missense	0.2224942600211558
2939	ATF7IP		No Mutation	2.176078473877993
2940	ATF7IP	L1198F	Missense	-0.600820054
2941	ATF7IP	E1203K	Missense	-0.773784466
2942	ATF7IP	A1207T	Missense	0.2118444273189301
2943	ATF7IP		No Mutation	-0.484689236
2944	ATF7IP	A1207V;T1208I	Missense;Missense	1.2173098384120753
2945	ATF7IP		No Mutation	-0.937451502
2946	ATF7IP	W1213*	Nonsense	-0.729340498
2947	ATF7IP	S1211L;Q1212*	Missense;Nonsense	1.2256749875781623
2948	ATF7IP	S1211L;Q1212*	Missense;Nonsense	0.090793559
2949	ATF7IP	Q1212*	Nonsense	-0.515507346
2950	ATF7IP		No Mutation	-0.395304841
2951	ATF7IP	A1221V;L1222F	Missense;Missense	0.3100060954115126
2952	ATF7IP	C1228Y	Missense	-1.096843766
2953	ATF7IP	C1228Y	Missense	0.082877912
2954	ATF7IP		No Mutation	0.4290007167313804
2955	ATF7IP		No Mutation	-0.852658391
2956	ATF7IP	L1230F;T1231I	Missense;Missense	-2.137621586
2957	ATF7IP	G1236D;S1237N	Missense;Missense	0.095501855
2958	ATF7IP	S1237N	Missense	1.2932456481786876
2959	ATF7IP	Y1240Y	Silent	-0.75975216
2960	ATF7IP	R1244*;A1245V	Nonsense;Missense	-0.829231353
2961	ATF7IP		No Mutation	0.3128245554543405
2962	ATF7IP	G1250E;R1251H	Missense;Missense	0.0179235895401623
2963	ATF7IP	Q1259Q	Silent	-0.46126374
2964	ATF7IP	V1263I	Missense	-0.917921781
2965	ATF7IP	T1267T;Q1268*	Silent;Nonsense	0.2953245399705058
2966	ATF7IP	(NC)	UTR	-0.873556019
2967	ATF7IP	(NC);(NC)	UTR;UTR	-0.309281016
2968	ATF7IP		No Mutation	0.6662740232523184
2969	ATF7IP2	(NC);(NC)	Intron;Intron	0.7907655166452605
2970	ATF7IP2	M1I;A2T	Missense;Missense	-0.416425858
2971	ATF7IP2	P4L	Missense	-0.093256062
2972	ATF7IP2	R9Q	Missense	0.041455998
2973	ATF7IP2	T17I	Missense	0.09832909
2974	ATF7IP2	K24K	Silent	0.4009890358245209
2975	ATF7IP2	K24K	Silent	0.1933182088906169
2976	ATF7IP2	K24K;V26I	Silent;Missense	-0.679597993
2977	ATF7IP2	E27E;M28I	Silent;Missense	-0.376155848
2978	ATF7IP2		No Mutation	1.34735737542362
2979	ATF7IP2	A37V;L38L	Missense;Silent	-0.166705445
2980	ATF7IP2	A37V;L38L	Missense;Silent	1.896336401083592
2981	ATF7IP2		No Mutation	-0.779502719
2982	ATF7IP2	S52N	Missense	-1.57758143
2983	ATF7IP2	P55F	Missense	-0.287286949
2984	ATF7IP2	R60K	Missense	-0.003492416
2985	ATF7IP2		No Mutation	0.3739299774684321
2986	ATF7IP2		No Mutation	0.022025993
2987	ATF7IP2	V103I	Missense	-0.270744146
2988	ATF7IP2	H104Y	Missense	-0.274821032
2989	ATF7IP2		No Mutation	-0.09956642
2990	ATF7IP2	E124K	Missense	0.2415175988901003
2991	ATF7IP2		No Mutation	-0.527485737
2992	ATF7IP2	S127S	Silent	0.5014981851841465
2993	ATF7IP2	E132K	Missense	-0.839149669
2994	ATF7IP2	E132K	Missense	0.5418397115666201
2995	ATF7IP2	E132K	Missense	-0.640983823
2996	ATF7IP2	E159E;G160K	Silent;Missense	-0.512869877
2997	ATF7IP2	E159E;G160K;A161T	Silent;Missense;Missense	0.517631958
2998	ATF7IP2	S172N	Missense	-0.593269391
2999	ATF7IP2	P170L;P171F	Missense;Missense	-0.907685763
3000	ATF7IP2	S175N;G176N	Missense;Missense	-0.44461639
3001	ATF7IP2	G176N;V177I	Missense;Missense	-0.033031761
3002	ATF7IP2	G176D;V177I	Missense;Missense	0.7987571364583156
3003	ATF7IP2	S187N	Missense	-0.79460763
3004	ATF7IP2	T184I	Missense	1.9515703977366812
3005	ATF7IP2	T184I	Missense	-0.430653123
3006	ATF7IP2	K192K	Silent	-0.930452973
3007	ATF7IP2	D191D	Silent	2.2464938521835425
3008	ATF7IP2	E202K	Missense	0.2175667705549195
3009	ATF7IP2		No Mutation	0.1594256408120824
3010	ATF7IP2	S207L	Missense	2.822609444262385
3011	ATF7IP2	D211N	Missense	0.4861427309368588
3012	ATF7IP2		No Mutation	-0.171744536
3013	ATF7IP2	V239I	Missense	-0.728088718
3014	ATF7IP2	C262Y;E263K	Missense;Missense	1.0603995816106293
3015	ATF7IP2		No Mutation	-1.373489713
3016	ATF7IP2	S279S;H280Y	Silent;Missense	-0.495237312
3017	ATF7IP2		No Mutation	-0.258108718
3018	ATF7IP2		No Mutation	-1.085056907
3019	ATF7IP2	Q314*	Nonsense	0.5275123609116074
3020	ATF7IP2	T315I	Missense	-0.648752979
3021	ATF7IP2		No Mutation	-0.731745199
3022	ATF7IP2	Q320*	Nonsense	-0.371599759
3023	ATF7IP2	Q320*	Nonsense	-0.288698536
3024	ATF7IP2		No Mutation	0.103722998
3025	ATF7IP2	V321V;H323Y	Silent;Missense	-0.269681615
3026	ATF7IP2		No Mutation	1.0216699865569037
3027	ATF7IP2		No Mutation	0.1039410988580576
3028	ATF7IP2	K350K;E352K	Silent;Missense	-1.08564192
3029	ATF7IP2	C353C	Silent	-0.664969562
3030	ATF7IP2		No Mutation	-0.121498116
3031	ATF7IP2	T377I	Missense	-0.153423725
3032	ATF7IP2	N389N	Silent	0.8722024969877283
3033	ATF7IP2	S393N	Missense	-0.208582594
3034	ATF7IP2	S392S	Silent	-0.737931192
3035	ATF7IP2	K398K	Silent	0.7223780499855662
3036	ATF7IP2		No Mutation	-0.032470601
3037	ATF7IP2		No Mutation	-1.275618635
3038	ATF7IP2	A400T	Missense	1.191763092695405
3039	ATF7IP2		No Mutation	-0.329953008
3040	ATF7IP2	S402L	Missense	1.3020133699501866
3041	ATF7IP2	S428F	Missense	-0.541236431
3042	ATF7IP2		No Mutation	-0.682218029
3043	ATF7IP2	S447F	Missense	0.8436101842466193
3044	ATF7IP2		No Mutation	0.5219642236289364
3045	ATF7IP2		No Mutation	1.2625529712977643
3046	ATF7IP2	T471I	Missense	-0.666475522
3047	ATF7IP2		No Mutation	-0.184180492
3048	ATF7IP2	(NC)	Intron	1.1041320237113557
3049	ATF7IP2	T477I	Missense	-0.252506073
3050	ATF7IP2	P489F	Missense	-0.157218432
3051	ATF7IP2	M494I;(NC)	Missense;Splice-donor	-0.288126447
3052	ATF7IP2	M494I;(NC);(NC)	Missense;Splice-donor;Intron	-0.982273509
3053	ATF7IP2		No Mutation	0.2678745619273358
3054	ATF7IP2	L511L;S512F	Silent;Missense	0.055937046
3055	ATF7IP2	E517K	Missense	1.163936679397675
3056	ATF7IP2	N513N;C514C	Silent;Silent	0.3160072690486069
3057	ATF7IP2	(NC)	Splice-acceptor	0.615048022
3058	ATF7IP2	P519S	Missense	0.7345898387033982
3059	ATF7IP2	E524K	Missense	1.3559508578262442
3060	ATF7IP2	S527S	Silent	0.7786296604863204
3061	ATF7IP2	S527S	Silent	-0.775956641
3062	ATF7IP2	S527S	Silent	-0.179351375
3063	ATF7IP2	S527S	Silent	-0.52499407
3064	ATF7IP2	S527S;A529T	Silent;Missense	-0.786508539
3065	ATF7IP2	A529V	Missense	1.0243401694939085
3066	ATF7IP2		No Mutation	-0.286322386
3067	ATF7IP2	A540V;Q541*	Missense;Nonsense	0.4778013069490146
3068	ATF7IP2	(NC);(NC)	Intron;Intron	-0.790859765
3069	ATF7IP2	(NC)	Intron	1.045539326763512
3070	ATF7IP2		No Mutation	-0.702402872
3071	ATF7IP2		No Mutation	-0.072640101
3072	ATF7IP2	E558K	Missense	0.3906030723705784
3073	ATF7IP2		No Mutation	0.6563199037137338
3074	ATF7IP2	A561T	Missense	-1.134051503
3075	ATF7IP2		No Mutation	0.130747558530444
3076	ATF7IP2		No Mutation	0.082812649
3077	ATF7IP2	E565K	Missense	-0.344724451
3078	ATF7IP2	E565K	Missense	-0.196512919
3079	ATF7IP2	V567I;D568N	Missense;Missense	0.4172477365267518
3080	ATF7IP2		No Mutation	-0.339817457
3081	ATF7IP2		No Mutation	-1.323031036
3082	ATF7IP2	E580K	Missense	-0.457788285
3083	ATF7IP2		No Mutation	0.1022355395913062
3084	ATF7IP2		No Mutation	0.1363778661542977
3085	ATF7IP2	V583M	Missense	-0.240592101
3086	ATF7IP2	P579L	Missense	-0.168327328
3087	ATF7IP2	L581F	Missense	-0.575126345
3088	ATF7IP2	R585Q	Missense	0.8921146845618522
3089	ATF7IP2	G591G	Silent	0.450206335695213
3090	ATF7IP2	L594L	Silent	0.8973039978669969
3091	ATF7IP2	L594L	Silent	0.2575728188683308
3092	ATF7IP2		No Mutation	0.0215183462010938
3093	ATF7IP2	K604K;C605Y	Silent;Missense	0.059563321
3094	ATF7IP2	V608I;E609K	Missense;Missense	-0.683948406
3095	ATF7IP2	E609K	Missense	0.8942359260351515
3096	ATF7IP2		No Mutation	-0.61049399
3097	ATF7IP2	E618K	Missense	-0.961354427
3098	ATF7IP2		No Mutation	0.9384859344600792
3099	ATF7IP2	S620F	Missense	0.4414974719688986
3100	ATF7IP2		No Mutation	0.1588431513771132
3101	ATF7IP2	A634V	Missense	-0.179791626
3102	ATF7IP2	C641Y	Missense	1.3198215718903343
3103	ATF7IP2		No Mutation	-0.830445701
3104	ATF7IP2		No Mutation	-0.446771379
3105	ATF7IP2		No Mutation	-0.187572116
3106	ATF7IP2	Q645Q	Silent	1.7869220656198277
3107	ATF7IP2		No Mutation	-0.442100388
3108	ATF7IP2		No Mutation	0.006623742
3109	ATF7IP2		No Mutation	1.1345976171365315
3110	ATF7IP2		No Mutation	-0.935069893
3111	SETDB2	(NC)	UTR	0.6323551150464132
3112	SETDB2	(NC)	UTR	0.0444847912727127
3113	SETDB2		No Mutation	1.363654034735338
3114	SETDB2		No Mutation	-0.285026275
3115	SETDB2	G6G	Silent	-0.600664214
3116	SETDB2	A8V	Missense	0.2140204649183055
3117	SETDB2		No Mutation	-0.612686774
3118	SETDB2		No Mutation	-0.552446611
3119	SETDB2	Q37*	Nonsense	1.389769220934215
3120	SETDB2	Q37*	Nonsense	0.2281735069850448
3121	SETDB2	S43F	Missense	0.6113776579458682
3122	SETDB2	(NC);(NC)	Intron;Intron	-0.958514225
3123	SETDB2	(NC)	Intron	-0.737032763
3124	SETDB2	V56I	Missense	-0.539897352
3125	SETDB2	N63N	Silent	-1.341714775
3126	SETDB2	S65L	Missense	0.1532336421193305
3127	SETDB2		No Mutation	-0.789674699
3128	SETDB2	A71T	Missense	-0.676301416
3129	SETDB2		No Mutation	1.0720329344227004
3130	SETDB2	Q73Q	Silent	-0.028830307
3131	SETDB2		No Mutation	0.8590395244672695
3132	SETDB2	(NC)	Intron	-0.206216568
3133	SETDB2	(NC)	Intron	0.3325229363097643
3134	SETDB2	P85S	Missense	-0.024923788
3135	SETDB2	Q88Q	Silent	-0.270680388
3136	SETDB2		No Mutation	0.4247104944796986
3137	SETDB2	E90K	Missense	0.018708189434221
3138	SETDB2		No Mutation	0.1449052046479401
3139	SETDB2	C111Y	Missense	0.8906509131953887
3140	SETDB2		No Mutation	0.2101500039080373
3141	SETDB2	(NC)	Intron	0.1026266558159043
3142	SETDB2	Q143*	Nonsense	1.283801060642579
3143	SETDB2	G149S	Missense	0.3885641563251941
3144	SETDB2	P156S	Missense	0.2539648051131011
3145	SETDB2	P156L	Missense	-0.104358717
3146	SETDB2		No Mutation	0.2398980719561174
3147	SETDB2		No Mutation	-0.73621609
3148	SETDB2		No Mutation	-0.118618945
3149	SETDB2	K179K	Silent	-1.148413294
3150	SETDB2		No Mutation	-1.471068754
3151	SETDB2		No Mutation	-0.27642154
3152	SETDB2	S198N	Missense	0.4800136154132263
3153	SETDB2		No Mutation	1.0892531354512176
3154	SETDB2	R200Q	Missense	0.4471485921223972
3155	SETDB2		No Mutation	-0.266609775
3156	SETDB2	L199L	Silent	1.713448054847455
3157	SETDB2	E213E;C214Y	Silent;Missense	0.653907323
3158	SETDB2	F224F	Silent	-0.154361574
3159	SETDB2	T226I	Missense	-0.499742214
3160	SETDB2	R232Q	Missense	0.465187174
3161	SETDB2		No Mutation	0.465966657
3162	SETDB2		No Mutation	-0.311778104
3163	SETDB2		No Mutation	-0.152016419
3164	SETDB2	E260K	Missense	0.1789507151963016
3165	SETDB2	E260K	Missense	1.2252009178709415
3166	SETDB2	R272K	Missense	0.7970494712582702
3167	SETDB2	R272K	Missense	-0.876457378
3168	SETDB2	Y271Y	Silent	-0.659879939
3169	SETDB2		No Mutation	-0.36170261
3170	SETDB2	M288I	Missense	-0.122401021
3171	SETDB2		No Mutation	0.05049321
3172	SETDB2	S292F	Missense	-0.034588621
3173	SETDB2	S292F	Missense	-0.396896481
3174	SETDB2	E297E;G298N	Silent;Missense	-0.126970446
3175	SETDB2		No Mutation	0.1755352742708337
3176	SETDB2		No Mutation	0.1373120262043733
3177	SETDB2	(NC)	Splice-acceptor	-0.537795678
3178	SETDB2	L308F	Missense	0.4837572391897488
3179	SETDB2	L320L	Silent	-1.08932359
3180	SETDB2		No Mutation	0.7175539949767038
3181	SETDB2	Q335*	Nonsense	-0.854485355
3182	SETDB2		No Mutation	-0.481964338
3183	SETDB2	Q337*	Nonsense	1.3970421495327656
3184	SETDB2	T340I	Missense	-0.836176221
3185	SETDB2		No Mutation	0.5840119333458726
3186	SETDB2		No Mutation	0.5693278094694141
3187	SETDB2	N358N;R359*	Silent;Nonsense	-0.452919329
3188	SETDB2	G364N	Missense	0.2764901161298905
3189	SETDB2	H363Y	Missense	-0.650461614
3190	SETDB2	V367I	Missense	-0.430912843
3191	SETDB2	P365F;Q366*	Missense;Nonsense	0.647557011
3192	SETDB2	Q370Q;V371M	Silent;Missense	-0.835033783
3193	SETDB2	F372F	Silent	0.067108104
3194	SETDB2	F372F	Silent	-0.095304592
3195	SETDB2	T374I	Missense	-0.041935826
3196	SETDB2	T374I	Missense	-0.894507526
3197	SETDB2	T374I	Missense	0.2226817164682082
3198	SETDB2	L384L	Silent	-0.00081211
3199	SETDB2		No Mutation	-0.398787635
3200	SETDB2		No Mutation	-1.367862242
3201	SETDB2		No Mutation	-1.378448471
3202	SETDB2	N405N;T406I	Silent;Missense	0.565195788
3203	SETDB2		No Mutation	0.609827766
3204	SETDB2		No Mutation	0.821175386
3205	SETDB2		No Mutation	-0.387378126
3206	SETDB2	L444F	Missense	0.3080454750324362
3207	SETDB2		No Mutation	0.081870163
3208	SETDB2		No Mutation	-0.231069204
3209	SETDB2		No Mutation	-0.013592372
3210	SETDB2	F464F	Silent	0.8282819137937498
3211	SETDB2		No Mutation	-0.091856846
3212	SETDB2	V473M;(NC)	Missense;Splice-donor	-0.651334641
3213	SETDB2	(NC)	Splice-donor	-0.576160441
3214	SETDB2		No Mutation	-0.768048006
3215	SETDB2	T475T	Silent	-0.66728483
3216	SETDB2	A497T	Missense	-0.270775533
3217	SETDB2		No Mutation	0.6779841835941796
3218	SETDB2	G503K	Missense	-0.553539143
3219	SETDB2	H501Y	Missense	-0.330082131
3220	SETDB2		No Mutation	-0.349159942
3221	SETDB2		No Mutation	-0.176975515
3222	SETDB2	E507K	Missense	1.0035483976024513
3223	SETDB2		No Mutation	-0.612380615
3224	SETDB2	T515I;P516L	Missense;Missense	1.4616458487744073
3225	SETDB2	G521K	Missense	0.3580258649125276
3226	SETDB2	L529L	Silent	-0.928495033
3227	SETDB2		No Mutation	-0.668715249
3228	SETDB2		No Mutation	-0.838406814
3229	SETDB2	L529L	Silent	-0.620741153
3230	SETDB2	L529L	Silent	-0.666017081
3231	SETDB2	T533I	Missense	2.043261851781307
3232	SETDB2	(NC);(NC);(NC)	Splice-donor;Intron;Intron	-0.025921578
3233	SETDB2	(NC);(NC)	Intron;Intron	-0.362400855
3234	SETDB2	(NC);K538K;D539N	Splice-acceptor;Silent;Missense	-0.287090626
3235	SETDB2	E549K;D550N	Missense;Missense	-0.2617457
3236	SETDB2		No Mutation	0.069296394
3237	SETDB2		No Mutation	0.1821515049340289
3238	SETDB2	C574Y	Missense	-0.5404053
3239	SETDB2		No Mutation	1.1618064029131467
3240	SETDB2	N575N;Q576*	Silent;Nonsense	-0.345963789
3241	SETDB2	L580L;D581N	Silent;Missense	-0.958927428
3242	SETDB2	Q583Q	Silent	-0.623008184
3243	SETDB2	Q583*	Nonsense	1.7458254021761408
3244	SETDB2		No Mutation	-0.615987897
3245	SETDB2	Q594*	Nonsense	0.2452922891061673
3246	SETDB2	Q594*	Nonsense	-0.56778431
3247	SETDB2		No Mutation	-0.339505848
3248	SETDB2		No Mutation	0.0234030652066297
3249	SETDB2	A603T	Missense	-0.430635868
3250	SETDB2	A603V	Missense	0.1794477818875726
3251	SETDB2	D625N	Missense	0.2855600699698305
3252	SETDB2	T628I	Missense	1.196132011754541
3253	SETDB2		No Mutation	-0.531251478
3254	SETDB2	T641I	Missense	0.228414576184543
3255	SETDB2	F649F;L650F	Silent;Missense	-0.788043773
3256	SETDB2	F649F;L650F	Silent;Missense	-0.273144658
3257	SETDB2	(NC);(NC)	Intron;Intron	0.5197587545729422
3258	SETDB2	(NC);(NC);(NC)	Intron;Intron;Intron	-0.261226418
3259	SETDB2		No Mutation	-1.435448506
3260	SETDB2		No Mutation	0.5891111082662499
3261	SETDB2	Q661Q	Silent	-1.170845206
3262	SETDB2	Q661Q	Silent	-0.092614918
3263	SETDB2		No Mutation	-0.331697569
3264	SETDB2	A676V	Missense	0.278328896
3265	SETDB2	(NC)	Intron	-0.408801088
3266	SETDB2	A685V	Missense	-1.289363662
3267	SETDB2		No Mutation	0.971126577394256
3268	SETDB2	L689L	Silent	-0.635300152
3269	SETDB2		No Mutation	-0.112991385
3270	SETDB2		No Mutation	1.492726074683374
3271	SETDB2		No Mutation	1.028738103175288
3272	SETDB2	C707Y	Missense	-0.269839812
3273	SETDB2		No Mutation	-0.139413066
3274	SETDB2	I705I	Silent	0.1179867767912605
3275	SETDB2	I705I	Silent	-0.280071645
3276	SETDB2		No Mutation	-0.180204596
3277	EHMT1	(NC);(NC)	UTR;UTR	-1.630844306
3278	EHMT1	(NC);(NC)	UTR;UTR	-0.994965514
3279	EHMT1	(NC);(NC);(NC)	UTR;UTR;UTR	0.8973530172902515
3280	EHMT1	A4T	Missense	-0.01556604
3281	EHMT1	A4T;D5N	Missense;Missense	-0.209319345
3282	EHMT1	A2V	Missense	-0.356463737
3283	EHMT1	A6T	Missense	-1.099913972
3284	EHMT1	E7E;(NC);(NC)	Silent;Splice-donor;Intron	-2.736155327
3285	EHMT1	A6V	Missense	-0.229501794
3286	EHMT1	A6V	Missense	-0.306071333
3287	EHMT1	(NC);(NC)	Intron;Intron	-0.186419565
3288	EHMT1	A6V	Missense	-0.71461221
3289	EHMT1	(NC);(NC)	Intron;Intron	-0.553764687
3290	EHMT1		No Mutation	0.5232419572248483
3291	EHMT1		No Mutation	-0.241806653
3292	EHMT1	(NC)	Intron	-0.025137234
3293	EHMT1	(NC);(NC);(NC)	Intron;Intron;Intron	1.2767231571598188
3294	EHMT1	(NC)	Intron	-0.831492374
3295	EHMT1	(NC)	Intron	-1.061092944
3296	EHMT1	(NC);(NC)	Intron;Intron	-1.367048599
3297	EHMT1		No Mutation	-0.087416115
3298	EHMT1	(NC);(NC)	Intron;Intron	0.3519652556527286
3299	EHMT1	(NC)	Intron	-0.376178621
3300	EHMT1	(NC)	Intron	-1.199131915
3301	EHMT1	(NC);A8V	Intron;Missense	-0.014178263
3302	EHMT1	A8V	Missense	-0.68653861
3303	EHMT1	A8V	Missense	0.4281847792325178
3304	EHMT1		No Mutation	0.2816650944568661
3305	EHMT1		No Mutation	1.7086895980907246
3306	EHMT1	C20Y;V21M	Missense;Missense	-2.201604095
3307	EHMT1		No Mutation	0.0302584848886923
3308	EHMT1		No Mutation	-0.775975707
3309	EHMT1	T23I	Missense	0.579097172
3310	EHMT1	L25L;L26L	Silent;Silent	-0.112742055
3311	EHMT1	L25L;L26L	Silent;Silent	-0.143348325
3312	EHMT1	E29K;(NC)	Missense;Splice-donor	-0.369184508
3313	EHMT1	L26L	Silent	-0.080318736
3314	EHMT1		No Mutation	-0.094364034
3315	EHMT1	(NC)	Intron	0.7141526822694967
3316	EHMT1		No Mutation	-1.012471738
3317	EHMT1	P31F	Missense	0.6026789396638863
3318	EHMT1	E36K;G37N	Missense;Missense	-0.171588859
3319	EHMT1	E40K	Missense	-0.724418598
3320	EHMT1	G37G	Silent	-1.071970137
3321	EHMT1	S38L;A39V	Missense;Missense	-1.066517212
3322	EHMT1		No Mutation	0.2689239699423706
3323	EHMT1	A43V	Missense	-0.454831942
3324	EHMT1		No Mutation	0.5526782355487931
3325	EHMT1	A46V;H47Y	Missense;Missense	1.809564978734373
3326	EHMT1	G52N	Missense	-0.468112807
3327	EHMT1	A50V	Missense	-0.17517609
3328	EHMT1	A50V;D51D	Missense;Silent	-0.718393094
3329	EHMT1	A69T	Missense	-1.507277083
3330	EHMT1	A69V	Missense	1.2583677048231643
3331	EHMT1	H72H;T73I	Silent;Missense	-0.516382028
3332	EHMT1	H72H;T73I;Q74*	Silent;Missense;Nonsense	2.109413295480773
3333	EHMT1	S76S;A77V	Silent;Missense	1.3591817619440676
3334	EHMT1		No Mutation	0.4034171993599631
3335	EHMT1		No Mutation	1.6211018743576335
3336	EHMT1		No Mutation	-0.906257474
3337	EHMT1		No Mutation	0.5865634845532721
3338	EHMT1		No Mutation	0.1259348387894652
3339	EHMT1	G84G;T85I	Silent;Missense	-0.147494447
3340	EHMT1	N86N;T87I;L88L	Silent;Missense;Silent	-0.581004879
3341	EHMT1	R90Q	Missense	-0.487729484
3342	EHMT1	T89I;R90W	Missense;Missense	0.1377059010457962
3343	EHMT1	T89I;R90W	Missense;Missense	0.656052101
3344	EHMT1	R90W	Missense	1.2820923496534038
3345	EHMT1		No Mutation	-0.427431016
3346	EHMT1	D113N	Missense	-1.122929896
3347	EHMT1	Q116Q	Silent	-0.268236641
3348	EHMT1	Q116*	Nonsense	1.0412075492440107
3349	EHMT1	S118F	Missense	-0.582541991
3350	EHMT1	Y125Y	Silent	-0.420058877
3351	EHMT1		No Mutation	0.5776742473206031
3352	EHMT1	Q135Q	Silent	-0.401016575
3353	EHMT1	Q133*	Nonsense	-0.360988916
3354	EHMT1	L137L	Silent	-0.310178544
3355	EHMT1	L137L	Silent	0.531304972
3356	EHMT1		No Mutation	-0.548691786
3357	EHMT1	S141N	Missense	-0.16858112
3358	EHMT1	S141N	Missense	-1.153609168
3359	EHMT1	S146S	Silent	0.4582961331387088
3360	EHMT1	L143L;A144V	Silent;Missense	-0.053596071
3361	EHMT1	G149D	Missense	-1.34992129
3362	EHMT1	A151V;A152V	Missense;Missense	0.4511818662876243
3363	EHMT1	A152V	Missense	-0.110506355
3364	EHMT1	A152V	Missense	0.2262984883955583
3365	EHMT1		No Mutation	-0.8267821
3366	EHMT1	T154I;L155F	Missense;Missense	0.086418616
3367	EHMT1	P156F	Missense	0.4576167593073817
3368	EHMT1	G160N	Missense	-0.612513943
3369	EHMT1	G160N	Missense	-0.424250744
3370	EHMT1		No Mutation	-0.102796951
3371	EHMT1	G162N	Missense	-0.189171072
3372	EHMT1	Q170Q	Silent	-0.973421239
3373	EHMT1	A174T	Missense	0.784645833
3374	EHMT1		No Mutation	-0.664017597
3375	EHMT1		No Mutation	0.7186049191418091
3376	EHMT1	A174V;P175L	Missense;Missense	0.5192379082255231
3377	EHMT1	A177T	Missense	-0.302736746
3378	EHMT1	A174V;P175L	Missense;Missense	-0.34821749
3379	EHMT1	A174A;P175L;P176S	Silent;Missense;Missense	1.1962372940624824
3380	EHMT1		No Mutation	0.2164155770601498
3381	EHMT1	P176L	Missense	-0.450920689
3382	EHMT1	P176L;A177V	Missense;Missense	2.708697442710452
3383	EHMT1	P176L;A177V	Missense;Missense	-0.136728915
3384	EHMT1	G180K	Missense	-0.664691206
3385	EHMT1	G180K;E181K	Missense;Missense	1.30098728755864
3386	EHMT1	G180K;E181K	Missense;Missense	0.005309253
3387	EHMT1	E181K;G182K	Missense;Missense	-0.228812865
3388	EHMT1	G182E;S183N	Missense;Missense	-1.164755306
3389	EHMT1	S183N;A184T	Missense;Missense	0.4289671310454042
3390	EHMT1	A184T;D185N	Missense;Missense	-0.497518692
3391	EHMT1		No Mutation	0.5297214385487111
3392	EHMT1	A184V	Missense	0.7400018741455437
3393	EHMT1		No Mutation	0.9907524656369624
3394	EHMT1		No Mutation	0.1281618428281248
3395	EHMT1	A193A;P194F	Silent;Missense	-0.947918378
3396	EHMT1	D197N;V198I	Missense;Missense	-0.893153282
3397	EHMT1	D197N;V198I	Missense;Missense	-0.571257266
3398	EHMT1	K199K	Silent	0.4159856661576125
3399	EHMT1	K199K;V200I	Silent;Missense	0.1491374382241984
3400	EHMT1	K199K;V200I	Silent;Missense	0.2358096057820838
3401	EHMT1	A196V;D197D	Missense;Silent	-1.034709082
3402	EHMT1	A196A;D197D	Silent;Silent	0.2919864091370259
3403	EHMT1	R202K	Missense	0.1630339760350823
3404	EHMT1	K205K	Silent	0.1396842676953584
3405	EHMT1	T206T;P208S	Silent;Missense	0.5802303239202041
3406	EHMT1	P208L	Missense	-0.279114816
3407	EHMT1	V212I	Missense	-1.296525044
3408	EHMT1		No Mutation	-0.715758932
3409	EHMT1	G213N	Missense	1.119234538649314
3410	EHMT1		No Mutation	0.6777323252286561
3411	EHMT1		No Mutation	0.9434331312579876
3412	EHMT1	R222K;E223K	Missense;Missense	1.911371320555753
3413	EHMT1	E226K;A227T	Missense;Missense	-0.01548233
3414	EHMT1	A227T	Missense	0.4836596903380675
3415	EHMT1		No Mutation	0.3277688395611032
3416	EHMT1	H230Y	Missense	-0.400202143
3417	EHMT1		No Mutation	0.1543129024209241
3418	EHMT1		No Mutation	-1.380985323
3419	EHMT1		No Mutation	-0.427451038
3420	EHMT1		No Mutation	-0.621719827
3421	EHMT1		No Mutation	-0.282097866
3422	EHMT1	Q258Q	Silent	0.3074940525143901
3423	EHMT1	Q258Q;S259S	Silent;Silent	1.0431734484372426
3424	EHMT1	S259S	Silent	0.567121606
3425	EHMT1		No Mutation	-0.311829683
3426	EHMT1		No Mutation	-0.430573215
3427	EHMT1	Q262*	Nonsense	-1.49830861
3428	EHMT1		No Mutation	-1.261462341
3429	EHMT1		No Mutation	0.048858248
3430	EHMT1	T269I;T270I	Missense;Missense	1.3711003164400282
3431	EHMT1	S272L;Q273*	Missense;Nonsense	0.4695794100937241
3432	EHMT1	T274I	Missense	-0.542250471
3433	EHMT1	A283T;A284T	Missense;Missense	0.8182936895104559
3434	EHMT1		No Mutation	-0.124327988
3435	EHMT1		No Mutation	1.0327220653269622
3436	EHMT1		No Mutation	1.425721203332086
3437	EHMT1	K301K	Silent	1.0296925005933746
3438	EHMT1	T304I	Missense	0.6845779899707619
3439	EHMT1		No Mutation	0.9543913778269628
3440	EHMT1	S318S	Silent	-0.916442341
3441	EHMT1	T320I	Missense	-0.466175159
3442	EHMT1	S322F	Missense	0.3868421432320599
3443	EHMT1	K327K;(NC)	Silent;Splice-donor	0.5566585713978562
3444	EHMT1	(NC);(NC);(NC)	Intron;Intron;Intron	1.4119404106820688
3445	EHMT1	(NC);(NC);(NC)	Intron;Intron;Intron	-0.966264838
3446	EHMT1	(NC);(NC)	Intron;Intron	-0.777258855
3447	EHMT1	(NC);(NC);(NC)	Intron;Intron;Intron	-1.343693954
3448	EHMT1	(NC)	Intron	0.5836629417203376
3449	EHMT1	E329K	Missense	-0.102923428
3450	EHMT1	E329E;K330K	Silent;Silent	-1.053322948
3451	EHMT1	(NC)	Intron	0.8846320844976229
3452	EHMT1		No Mutation	0.595523079
3453	EHMT1	L337L	Silent	-0.539974369
3454	EHMT1	S335S	Silent	-0.319868021
3455	EHMT1	S335S;S336S	Silent;Silent	-0.193970083
3456	EHMT1	S335S;S336S;L337L	Silent;Silent;Silent	-0.636443537
3457	EHMT1	V339V	Silent	-0.156066929
3458	EHMT1	H338H	Silent	0.096755552
3459	EHMT1	G341G;E342K	Silent;Missense	0.7742533289735763
3460	EHMT1		No Mutation	-0.838063329
3461	EHMT1	S343S;L344L	Silent;Silent	0.2246373075857538
3462	EHMT1		No Mutation	0.8756479307384831
3463	EHMT1	S348S;D349N;E350K	Silent;Missense;Missense	0.3019355416531245
3464	EHMT1		No Mutation	0.451104249597383
3465	EHMT1	D351D;D352D	Silent;Silent	-0.506637731
3466	EHMT1	D352D;S353L	Silent;Missense	-1.882133358
3467	EHMT1	L356F	Missense	-0.298295833
3468	EHMT1		No Mutation	-1.3878006
3469	EHMT1	D360D;G361G;H362Y	Silent;Silent;Missense	0.1709151097874158
3470	EHMT1	G361G;H362Y	Silent;Missense	0.066556125
3471	EHMT1	Q366Q;A367T;A368T	Silent;Missense;Missense	-0.720212185
3472	EHMT1	A368V	Missense	0.4739532677020736
3473	EHMT1	F370F;P371F	Silent;Missense	0.4136359265205928
3474	EHMT1	E373E;D374N	Silent;Missense	-0.793524066
3475	EHMT1	R376K	Missense	-0.558017356
3476	EHMT1	R376K	Missense	0.6593518229141665
3477	EHMT1	R376K	Missense	-0.592231306
3478	EHMT1	D374D	Silent	0.6207849853129754
3479	EHMT1	S378F	Missense	2.1961535188044508
3480	EHMT1	S378S	Silent	-0.245580353
3481	EHMT1	S383S;E384K	Silent;Missense	3.118126346
3482	EHMT1	A385V	Missense	0.5757397632860721
3483	EHMT1	(NC)	Intron	-0.703605946
3484	EHMT1		No Mutation	0.568832209
3485	EHMT1	(NC);(NC)	Intron;Intron	0.3821149818692373
3486	EHMT1		No Mutation	0.2192270922857335
3487	EHMT1	(NC);(NC)	Intron;Intron	0.06939028
3488	EHMT1	(NC);(NC);(NC)	Intron;Intron;Intron	1.0339256210604584
3489	EHMT1	(NC)	Intron	1.266160382678401
3490	EHMT1	(NC)	Intron	-1.007161148
3491	EHMT1	(NC)	Intron	1.3422538344661756
3492	EHMT1	(NC)	Intron	-0.968445753
3493	EHMT1		No Mutation	-1.279578284
3494	EHMT1	D392D	Silent	0.694745157
3495	EHMT1		No Mutation	-0.849625784
3496	EHMT1		No Mutation	-0.918615798
3497	EHMT1	E400E	Silent	-0.241467108
3498	EHMT1	Q399*	Nonsense	-1.027086324
3499	EHMT1		No Mutation	1.6553305986344191
3500	EHMT1		No Mutation	0.4399048548391274
3501	EHMT1	S401F	Missense	-0.736522167
3502	EHMT1	S401S	Silent	0.1187143105585834
3503	EHMT1	D403D	Silent	0.2474984679736481
3504	EHMT1	E406E;E407K	Silent;Missense	0.338601175
3505	EHMT1	T404I	Missense	-0.042776284
3506	EHMT1		No Mutation	0.6764453056521447
3507	EHMT1	G410N	Missense	0.1332933436889885
3508	EHMT1	G410G	Silent	0.8217140032846526
3509	EHMT1	(NC)	Intron	0.7646261991834822
3510	EHMT1		No Mutation	-0.558091014
3511	EHMT1		No Mutation	-0.675492671
3512	EHMT1	(NC);S417N	Splice-acceptor;Missense	-0.102129263
3513	EHMT1	(NC);S417N	Splice-acceptor;Missense	-0.378744959
3514	EHMT1	S421N	Missense	-0.36828366
3515	EHMT1		No Mutation	0.086205632
3516	EHMT1		No Mutation	-0.525813307
3517	EHMT1		No Mutation	-0.477016666
3518	EHMT1		No Mutation	-1.493115262
3519	EHMT1	K439K	Silent	0.7801193565701617
3520	EHMT1	P436L	Missense	0.089868443
3521	EHMT1	A441T;R442K	Missense;Missense	0.091165846
3522	EHMT1	I438I	Silent	-0.166555058
3523	EHMT1	R442K	Missense	-0.757107629
3524	EHMT1	P440L	Missense	0.3733094210458089
3525	EHMT1	P440L;A441V	Missense;Missense	-0.385740261
3526	EHMT1		No Mutation	0.3763708840355098
3527	EHMT1	P452F	Missense	-0.986695173
3528	EHMT1	G457S;(NC)	Missense;Splice-donor	-1.452907873
3529	EHMT1	(NC)	Splice-donor	1.3244582482029452
3530	EHMT1	A455V;L456F	Missense;Missense	-0.261898638
3531	EHMT1	A455V;L456F	Missense;Missense	-0.637500538
3532	EHMT1	A455A;L456F	Silent;Missense	-0.441359934
3533	EHMT1	L456F	Missense	0.4008429288079382
3534	EHMT1	(NC);(NC);(NC);(NC)	Intron;Intron;Intron;Intron	0.1396861929050855
3535	EHMT1		No Mutation	-0.037220152
3536	EHMT1	(NC);(NC);(NC);(NC)	Intron;Intron;Intron;Intron	0.7048788304690248
3537	EHMT1		No Mutation	-1.100464281
3538	EHMT1		No Mutation	-1.142028263
3539	EHMT1	E459K	Missense	0.3550260128086147
3540	EHMT1	S460S	Silent	0.4304398208838949
3541	EHMT1	S460L	Missense	0.6710730613636201
3542	EHMT1		No Mutation	-0.550301276
3543	EHMT1	A468V	Missense	0.072426807
3544	EHMT1	A472V;P473L	Missense;Missense	-0.618927578
3545	EHMT1	A472V;P473L	Missense;Missense	-0.213224004
3546	EHMT1	D475D	Silent	-0.028039279
3547	EHMT1	G478K	Missense	0.216620036959348
3548	EHMT1	Y479Y	Silent	-0.718859155
3549	EHMT1		No Mutation	-0.839694783
3550	EHMT1	L487L	Silent	-0.653536417
3551	EHMT1		No Mutation	0.0482416002324694
3552	EHMT1	G493R	Missense	0.9888361220464804
3553	EHMT1	L495L	Silent	-0.830758511
3554	EHMT1	L495L;S496F	Silent;Missense	0.049713268
3555	EHMT1	Q498*;A499V	Nonsense;Missense	0.2386713157400036
3556	EHMT1	A499V	Missense	-0.781830181
3557	EHMT1		No Mutation	0.2577081593490433
3558	EHMT1	(NC)	Intron	0.3140361846547115
3559	EHMT1	(NC)	Intron	-0.504741547
3560	EHMT1	(NC)	Intron	0.4571487720034421
3561	EHMT1	A503A;N504N	Silent;Silent	-1.185898247
3562	EHMT1	V508V;L509L	Silent;Silent	0.034494516
3563	EHMT1		No Mutation	0.057180588
3564	EHMT1	D512N	Missense	-1.034789523
3565	EHMT1		No Mutation	0.30495341
3566	EHMT1		No Mutation	-0.629986991
3567	EHMT1	C520Y	Missense	-0.912019958
3568	EHMT1	P518F	Missense	-0.311770833
3569	EHMT1	L519F	Missense	0.8142471
3570	EHMT1	R523Q	Missense	0.4307786297098656
3571	EHMT1	P527P;K528K	Silent;Silent	1.4867594956374452
3572	EHMT1		No Mutation	-0.214454649
3573	EHMT1	R530*	Nonsense	-1.586530086
3574	EHMT1	Q539Q	Silent	-0.419683881
3575	EHMT1	A536V	Missense	-0.673353546
3576	EHMT1	M541I;A542T	Missense;Missense	0.8270799794957365
3577	EHMT1	C540C	Silent	-0.081261404
3578	EHMT1	E544K	Missense	-0.189010878
3579	EHMT1	(NC);(NC)	Intron;Intron	-0.824612157
3580	EHMT1	(NC);(NC)	Intron;Intron	-0.087370041
3581	EHMT1	(NC)	Intron	-0.137359925
3582	EHMT1	(NC)	Intron	-0.935651476
3583	EHMT1	(NC);(NC)	Intron;Splice-acceptor	0.3270780471624595
3584	EHMT1	(NC)	Intron	0.5469056463426536
3585	EHMT1	G551G;R552W	Silent;Missense	-0.3247875
3586	EHMT1	V557I;V558I	Missense;Missense	-0.134141322
3587	EHMT1	R564C	Missense	0.5868545097542905
3588	EHMT1	P570P	Silent	-0.076870497
3589	EHMT1	P570P	Silent	-0.920898048
3590	EHMT1	P570P	Silent	-0.877802221
3591	EHMT1		No Mutation	0.011576979985843
3592	EHMT1	L574L;C575Y	Silent;Missense	0.783329789
3593	EHMT1	L574L;C575Y;E576K	Silent;Missense;Missense	-1.502705989
3594	EHMT1	C575Y;E576K	Missense;Missense	-0.321232306
3595	EHMT1	L574L	Silent	-0.379202755
3596	EHMT1	L574L	Silent	0.08257539
3597	EHMT1	D577N	Missense	-0.701624935
3598	EHMT1	L574L	Silent	-0.950818212
3599	EHMT1	D577D;H578Y	Silent;Missense	-0.028124533
3600	EHMT1	M582I;V583I	Missense;Missense	-0.347582509
3601	EHMT1	V583V;K584K	Silent;Silent	0.047364924
3602	EHMT1	Q586Q	Silent	-1.127039749
3603	EHMT1	H585Y	Missense	-0.2191635
3604	EHMT1	Q586*	Nonsense	0.8495019484414931
3605	EHMT1	C591Y;G592S	Missense;Missense	0.35747141399066
3606	EHMT1	C595Y	Missense	0.7437844923413565
3607	EHMT1	G592G	Silent	-0.091077229
3608	EHMT1	A597V	Missense	-0.229660795
3609	EHMT1	G598D	Missense	0.3990389081065635
3610	EHMT1		No Mutation	-0.629858978
3611	EHMT1		No Mutation	-0.766856602
3612	EHMT1		No Mutation	0.2200932972655555
3613	EHMT1		No Mutation	0.039957474
3614	EHMT1	C617Y;A618T	Missense;Missense	-0.307483685
3615	EHMT1		No Mutation	-0.832961699
3616	EHMT1	A624T	Missense	0.1287655394471079
3617	EHMT1	S625S	Silent	0.527923521
3618	EHMT1	S625S	Silent	-0.52746562
3619	EHMT1	S625S	Silent	-0.628448785
3620	EHMT1	C630Y	Missense	1.2794361069284423
3621	EHMT1	P628S	Missense	-0.252823762
3622	EHMT1	E633K;S634N	Missense;Missense	-0.115098548
3623	EHMT1	E633E;S634N	Silent;Missense	-0.367387165
3624	EHMT1		No Mutation	-0.061232259
3625	EHMT1	E633E;S634N	Silent;Missense	-0.273503209
3626	EHMT1	S634S	Silent	-0.995422335
3627	EHMT1	V640V;T641T	Silent;Silent	0.075490587
3628	EHMT1	A643T	Missense	1.5991651557955295
3629	EHMT1		No Mutation	-0.036957698
3630	EHMT1	T650I	Missense	1.276937366614353
3631	EHMT1	T650I	Missense	0.6507790058490128
3632	EHMT1	V654I	Missense	-0.122062147
3633	EHMT1	T652I;P653S	Missense;Missense	0.6841787949424867
3634	EHMT1	G656K	Missense	-0.089378934
3635	EHMT1	V654V;P655S	Silent;Missense	-0.324687546
3636	EHMT1	V654V;P655F	Silent;Missense	-1.706798681
3637	EHMT1	E658K	Missense	0.236493034822572
3638	EHMT1	P655P;Q657*	Silent;Nonsense	-0.580447016
3639	EHMT1	K659K;G660N	Silent;Missense	-0.558350687
3640	EHMT1	G660N	Missense	-0.64286869
3641	EHMT1	G660D;S661S	Missense;Silent	0.4265703620244483
3642	EHMT1		No Mutation	-0.345802403
3643	EHMT1		No Mutation	-1.197678234
3644	EHMT1		No Mutation	1.5701175987301723
3645	EHMT1	G660G;S661L	Silent;Missense	0.7837672989047986
3646	EHMT1	G660G;S661L	Silent;Missense	0.042200886
3647	EHMT1	D668N	Missense	-1.530103202
3648	EHMT1	D668N	Missense	-1.110841616
3649	EHMT1	G665G	Silent	0.6402763992803044
3650	EHMT1	A667V	Missense	-0.639976459
3651	EHMT1	A667V;D668D	Missense;Silent	0.3803919103030113
3652	EHMT1	G672D;S673N;(NC)	Missense;Missense;Splice-donor	0.3754970703724185
3653	EHMT1	T669T;T670I	Silent;Missense	-1.688772683
3654	EHMT1	(NC)	Intron	-0.499606294
3655	EHMT1	G672G	Silent	0.2961707291738369
3656	EHMT1	(NC);(NC)	Intron;Intron	0.094157655
3657	EHMT1	(NC);(NC)	Intron;Intron	1.0379297959446414
3658	EHMT1	(NC)	Intron	1.1413638320055222
3659	EHMT1		No Mutation	0.535132152
3660	EHMT1	(NC)	Intron	-0.50590022
3661	EHMT1	(NC);(NC)	Intron;Splice-acceptor	-0.599061593
3662	EHMT1	(NC);(NC)	Intron;Splice-acceptor	-1.124956709
3663	EHMT1	(NC);(NC);(NC);(NC)	Intron;Intron;Intron;Intron	-1.149924064
3664	EHMT1	(NC);(NC);(NC);(NC)	Intron;Intron;Intron;Intron	-0.145759238
3665	EHMT1	A675T;G676R	Missense;Missense	1.192467040098614
3666	EHMT1	G676K	Missense	-0.258203058
3667	EHMT1	G676K	Missense	-0.334507209
3668	EHMT1	G676E	Missense	1.0652687156811242
3669	EHMT1	A675V	Missense	-0.366519428
3670	EHMT1	A675A;P677S	Silent;Missense	0.007883473
3671	EHMT1	S680S;E681K	Silent;Missense	0.2529139291989548
3672	EHMT1	D682N;D683N	Missense;Missense	0.4402017209288774
3673	EHMT1	D683N	Missense	-1.906939722
3674	EHMT1		No Mutation	1.6393475137731746
3675	EHMT1		No Mutation	-1.714729913
3676	EHMT1	A689V	Missense	0.5687533404643634
3677	EHMT1	A689V;S690F	Missense;Missense	-0.379205751
3678	EHMT1	E694E;G695N	Silent;Missense	-0.574216952
3679	EHMT1	G695D	Missense	-0.429915302
3680	EHMT1	D697N	Missense	-0.244207463
3681	EHMT1	P693P	Silent	-0.560010783
3682	EHMT1		No Mutation	0.7147102317365983
3683	EHMT1		No Mutation	1.2611752231625146
3684	EHMT1	T699T	Silent	0.7497043775069454
3685	EHMT1	P698L	Missense	0.428556177102624
3686	EHMT1	P698L	Missense	0.2087688879404347
3687	EHMT1	T699M	Missense	-0.031373146
3688	EHMT1	T699M	Missense	-1.068207967
3689	EHMT1	G703K	Missense	-0.421539502
3690	EHMT1	P701F	Missense	0.4485998838716232
3691	EHMT1	R706K	Missense	1.4727742298880404
3692	EHMT1	L704F	Missense	-0.751076108
3693	EHMT1	T708I;P709S	Missense;Missense	-0.451560615
3694	EHMT1	T708I;P709F	Missense;Missense	0.2434747174219212
3695	EHMT1		No Mutation	-0.389227285
3696	EHMT1	G710G;L711F	Silent;Missense	-0.640237301
3697	EHMT1	G710G;L711F	Silent;Missense	-0.884953277
3698	EHMT1	G714K	Missense	-0.527276452
3699	EHMT1	G714E	Missense	-0.263446662
3700	EHMT1	S712F;Q713*	Missense;Nonsense	0.3609261414751084
3701	EHMT1	G716K	Missense	-0.594054602
3702	EHMT1	K717K;E718K	Silent;Missense	-0.447528748
3703	EHMT1	P715L	Missense	-0.731751905
3704	EHMT1	K717K;E718K	Silent;Missense	0.3238973670726588
3705	EHMT1	L720L;E721K	Silent;Missense	-0.203853249
3706	EHMT1		No Mutation	0.3596864796382761
3707	EHMT1	L724F	Missense	0.082511845
3708	EHMT1	K734K	Silent	0.306191263368843
3709	EHMT1	K734K	Silent	-0.801045999
3710	EHMT1		No Mutation	0.6480256841369392
3711	EHMT1		No Mutation	-0.091528007
3712	EHMT1	L742L	Silent	0.059186114
3713	EHMT1		No Mutation	-0.119713364
3714	EHMT1		No Mutation	-1.043980344
3715	EHMT1	L742L	Silent	-0.736793056
3716	EHMT1	Y743Y	Silent	-1.165934039
3717	EHMT1	Y743Y;F744F	Silent;Silent	-1.388152808
3718	EHMT1	Y743Y;F744F	Silent;Silent	-0.143861178
3719	EHMT1	E750E	Silent	-0.387513711
3720	EHMT1	Q748*	Nonsense	-0.697516825
3721	EHMT1	Q752Q	Silent	2.486889894236506
3722	EHMT1		No Mutation	0.5166099582097246
3723	EHMT1		No Mutation	-0.474017723
3724	EHMT1	(NC);(NC)	Intron;Intron	0.162576626
3725	EHMT1		No Mutation	-0.690248804
3726	EHMT1	(NC)	Intron	-0.378814209
3727	EHMT1	(NC);(NC)	Intron;Intron	1.445480668191777
3728	EHMT1	(NC)	Intron	-0.597170742
3729	EHMT1		No Mutation	-0.746245796
3730	EHMT1	D763D;P764S	Silent;Missense	0.158372734842795
3731	EHMT1		No Mutation	0.5278650104015663
3732	EHMT1	R774R;S775F;P776S	Silent;Missense;Missense	0.6143804523885474
3733	EHMT1	L777L;H778Y	Silent;Missense	-0.351851044
3734	EHMT1	H778Y;A779V	Missense;Missense	-0.498804385
3735	EHMT1	A781T;E782K	Missense;Missense	0.1188260732411721
3736	EHMT1	A781V	Missense	-0.77973285
3737	EHMT1	G784E	Missense	-0.89100193
3738	EHMT1	D787D	Silent	0.2520771931768792
3739	EHMT1	I788I;C789C;H790Y	Silent;Silent;Missense	-0.817700743
3740	EHMT1	H790H	Silent	-0.720744884
3741	EHMT1	L792L	Silent	-0.399748708
3742	EHMT1	Q794Q;(NC);(NC)	Silent;Splice-donor;Intron	0.1460432512457625
3743	EHMT1	Q794*	Nonsense	-0.927058342
3744	EHMT1	(NC);(NC)	Intron;Intron	1.9399649717099496
3745	EHMT1	(NC)	Intron	-0.035157118
3746	EHMT1	(NC)	Intron	-0.097675158
3747	EHMT1	(NC)	Intron	0.4978949578898042
3748	EHMT1		No Mutation	-0.686164741
3749	EHMT1	T801I;C802C	Missense;Silent	0.9613246340159356
3750	EHMT1	Q806Q;R807K	Silent;Missense	2.312481367090334
3751	EHMT1	D805D;Q806*	Silent;Nonsense	-0.14126294
3752	EHMT1	L810L;M811I;E812K	Silent;Missense;Missense	-0.915922237
3753	EHMT1	A814T	Missense	-0.124179934
3754	EHMT1	A814T;E815K	Missense;Missense	0.1540527282373444
3755	EHMT1	A814V	Missense	0.2416891544625564
3756	EHMT1	V822V;K823K	Silent;Silent	-0.493078601
3757	EHMT1		No Mutation	0.1148915943405745
3758	EHMT1		No Mutation	-0.514445048
3759	EHMT1	Y824Y	Silent	0.4995624889844631
3760	EHMT1	Y824Y;L825F	Silent;Missense	-0.137336768
3761	EHMT1	L825L;I826I	Silent;Silent	1.167229591544602
3762	EHMT1	I826I	Silent	-0.73139116
3763	EHMT1	G829G;A830T	Silent;Missense	-0.80969376
3764	EHMT1	A830V;L831L	Missense;Silent	-0.223539511
3765	EHMT1	K835K;(NC)	Silent;Splice-donor	-0.193843709
3766	EHMT1	K835K;(NC)	Silent;Splice-donor	-1.741901667
3767	EHMT1	(NC)	Intron	0.9464479003606818
3768	EHMT1	(NC)	Intron	-1.515948015
3769	EHMT1		No Mutation	-0.586720723
3770	EHMT1	(NC)	Intron	-0.52821918
3771	EHMT1	(NC)	Intron	0.7516889988418418
3772	EHMT1	G839G;S840F	Silent;Missense	2.406166089747739
3773	EHMT1	H844Y;L845L	Missense;Silent	-0.434747288
3774	EHMT1	G850N	Missense	-0.168814572
3775	EHMT1		No Mutation	-1.19319251
3776	EHMT1	E853K	Missense	-0.174183937
3777	EHMT1	Q856Q	Silent	-0.090476497
3778	EHMT1	Q856*	Nonsense	1.3748463313587909
3779	EHMT1	G862R	Missense	0.2919664808629996
3780	EHMT1	L859F	Missense	-0.599481902
3781	EHMT1	Q863Q	Silent	-1.562432687
3782	EHMT1		No Mutation	-0.265604226
3783	EHMT1	(NC)	Intron	0.2899754832954321
3784	EHMT1	(NC);(NC);(NC)	Intron;Intron;Intron	-0.083177296
3785	EHMT1	(NC);(NC);(NC)	Intron;Intron;Intron	0.095448569
3786	EHMT1	D870N;D871N	Missense;Missense	-0.381337684
3787	EHMT1	(NC)	Intron	-0.004307893
3788	EHMT1	G872K;G873N	Missense;Missense	-1.585289482
3789	EHMT1	G872E;G873N	Missense;Missense	0.2296163288529421
3790	EHMT1	G873G	Silent	0.0286675320102435
3791	EHMT1	G873G	Silent	1.6272967482052214
3792	EHMT1	E882K	Missense	-1.014517096
3793	EHMT1	E882K	Missense	-0.272635962
3794	EHMT1	A880A;T881I	Silent;Missense	-0.361454643
3795	EHMT1	V886I	Missense	-0.821392698
3796	EHMT1	L891L	Silent	-0.449740503
3797	EHMT1	L892L;L893L	Silent;Silent	0.9722999326190228
3798	EHMT1	L891L	Silent	0.239774297
3799	EHMT1		No Mutation	0.152575998658982
3800	EHMT1	(NC)	Intron	0.1836679792721046
3801	EHMT1	(NC)	Intron	0.6560012338231076
3802	EHMT1	(NC)	Intron	0.6021158884856431
3803	EHMT1	(NC);(NC)	Intron;Intron	0.050048175
3804	EHMT1	(NC)	Intron	-0.545317757
3805	EHMT1	N907N	Silent	0.8695439866928311
3806	EHMT1	N907N	Silent	-0.929383442
3807	EHMT1	N907N	Silent	-0.355828117
3808	EHMT1	H911Y	Missense	-0.391412732
3809	EHMT1	A914A	Silent	-0.594387905
3810	EHMT1	A914V	Missense	0.994212683
3811	EHMT1	A922T	Missense	0.0381310214846575
3812	EHMT1	D920D	Silent	0.089255012
3813	EHMT1	A928T	Missense	-0.204932862
3814	EHMT1	K929K;C930Y;D931N	Silent;Missense;Missense	0.5558309636583636
3815	EHMT1	A934T	Missense	-0.516374033
3816	EHMT1	H933Y;A934V	Missense;Missense	-0.769127318
3817	EHMT1		No Mutation	-0.801994596
3818	EHMT1	G939R	Missense	0.8872087628640053
3819	EHMT1	G939E;D940N	Missense;Missense	-0.917712034
3820	EHMT1	L943L	Silent	-0.10587359
3821	EHMT1	P942L;L943L	Missense;Silent	1.594630076823599
3822	EHMT1	L943L;H944Y	Silent;Missense	1.3548610096932767
3823	EHMT1	A947T;R948Q	Missense;Missense	1.087189996171814
3824	EHMT1	R951H	Missense	-0.195967244
3825	EHMT1	D953N	Missense	0.3268285485447637
3826	EHMT1	D953N	Missense	0.7475344199816257
3827	EHMT1	V956I;(NC)	Missense;Splice-donor	-0.092714126
3828	EHMT1	(NC)	Splice-acceptor	0.2675152767463681
3829	EHMT1		No Mutation	-0.81733868
3830	EHMT1		No Mutation	0.2904632169769537
3831	EHMT1	R961R;D962N	Silent;Missense	0.7407316328266684
3832	EHMT1	V965V	Silent	0.0152575965393527
3833	EHMT1	T966I	Missense	1.4097539242912474
3834	EHMT1	G972K	Missense	-0.102417224
3835	EHMT1	S980N	Missense	-0.197121649
3836	EHMT1	S980N	Missense	-0.540265703
3837	EHMT1		No Mutation	1.656096132196703
3838	EHMT1	A979V	Missense	-0.890447254
3839	EHMT1	S980S;L981F	Silent;Missense	-0.357284829
3840	EHMT1	V985V;W986*	Silent;Nonsense	0.5421643498306752
3841	EHMT1	S987S;A988V;L989L	Silent;Missense;Silent	-0.405731582
3842	EHMT1		No Mutation	-0.236230296
3843	EHMT1	S992S	Silent	0.3969622740308189
3844	EHMT1	D997D	Silent	0.5437171736149753
3845	EHMT1	P1000P;D1001D	Silent;Silent	0.3069087240803736
3846	EHMT1	S1004N	Missense	-1.376906589
3847	EHMT1	V1006M	Missense	0.71790001
3848	EHMT1	V1006M	Missense	0.8983805965308299
3849	EHMT1	P1003F	Missense	-0.630428181
3850	EHMT1	V1006I	Missense	0.50103333
3851	EHMT1	R1008K	Missense	-0.345393566
3852	EHMT1	R1008K	Missense	1.035689492
3853	EHMT1		No Mutation	1.1451770770777652
3854	EHMT1	V1010I	Missense	-0.206116438
3855	EHMT1	V1010I;S1011N	Missense;Missense	-0.402816695
3856	EHMT1	V1010V;S1011N	Silent;Missense	-0.53589339
3857	EHMT1	S1011S	Silent	-0.013640913
3858	EHMT1	(NC)	Intron	-0.191613596
3859	EHMT1	(NC);(NC)	Intron;Intron	1.1845599510749527
3860	EHMT1	(NC);(NC)	Intron;Intron	0.2789307963611115
3861	EHMT1	(NC);(NC);R1012R	Intron;Splice-acceptor;Silent	0.7586850874598596
3862	EHMT1	D1013N	Missense	0.077637054
3863	EHMT1	(NC)	Intron	1.0445264149165363
3864	EHMT1	A1015T	Missense	-0.022338293
3865	EHMT1	I1023I;P1024F	Silent;Missense	-0.577192031
3866	EHMT1	A1028T	Missense	-0.036684325
3867	EHMT1	A1028T	Missense	1.5459160579739006
3868	EHMT1	A1028T	Missense	0.3917214713196504
3869	EHMT1	V1029I;D1030N	Missense;Missense	0.077213977
3870	EHMT1	V1029I;D1030N	Missense;Missense	-0.309889169
3871	EHMT1	V1029V;D1030N	Silent;Missense	0.020052869
3872	EHMT1	C1034Y	Missense	-0.474874343
3873	EHMT1		No Mutation	0.3747792430344796
3874	EHMT1	K1039K;V1041I	Silent;Missense	5.10909127
3875	EHMT1	R1054K	Missense	0.6124678620029734
3876	EHMT1	R1054K	Missense	-0.397098956
3877	EHMT1	R1054K	Missense	0.074231254
3878	EHMT1	R1054K	Missense	0.092768554
3879	EHMT1		No Mutation	2.124175397
3880	EHMT1	H1058Y;L1059L	Missense;Silent	0.1027876612668422
3881	EHMT1		No Mutation	0.8053189328147754
3882	EHMT1		No Mutation	0.8165383695801057
3883	EHMT1		No Mutation	-0.25744707
3884	EHMT1		No Mutation	-0.169529128
3885	EHMT1		No Mutation	-0.792473013
3886	EHMT1	(NC)	Splice-acceptor	1.1333423400275415
3887	EHMT1	(NC)	Splice-acceptor	-0.937484308
3888	EHMT1	C1062Y;V1063M	Missense;Missense	0.3001213401291159
3889	EHMT1	S1070F	Missense	-0.913062002
3890	EHMT1	M1074I;C1075Y	Missense;Missense	-1.572623635
3891	EHMT1	C1075Y;G1076N	Missense;Missense	0.1206097902191608
3892	EHMT1	L1078F	Missense	-0.305469887
3893	EHMT1	C1082Y	Missense	-0.453788041
3894	EHMT1	R1081C	Missense	-0.395595567
3895	EHMT1	C1082C	Silent	-1.241128243
3896	EHMT1	C1082C	Silent	-0.602774944
3897	EHMT1	Y1084Y	Silent	-0.423175047
3898	EHMT1	(NC)	Intron	-1.023513746
3899	EHMT1	(NC)	Intron	-0.748531297
3900	EHMT1	(NC);(NC)	Intron;Intron	2.041336115
3901	EHMT1	(NC)	Intron	-0.049837094
3902	EHMT1	(NC)	Intron	0.5621668491264006
3903	EHMT1	(NC);(NC)	Intron;Intron	1.0875463874343736
3904	EHMT1	(NC)	Intron	-0.377491895
3905	EHMT1		No Mutation	0.086934757
3906	EHMT1	L1090L;L1091L;P1092S	Silent;Silent;Missense	-0.020413219
3907	EHMT1	E1093E	Silent	2.432266354859084
3908	EHMT1	P1092L	Missense	0.044233044
3909	EHMT1	M1096I;A1097T	Missense;Missense	-0.26826502
3910	EHMT1	A1097T;E1098K	Missense;Missense	-1.460081848
3911	EHMT1	E1104K;C1105Y	Missense;Missense	0.9003765778574998
3912	EHMT1	C1105Y	Missense	-1.116871254
3913	EHMT1	C1105Y	Missense	-0.23550161
3914	EHMT1	N1106N;H1107Y	Silent;Missense	-0.331484147
3915	EHMT1	H1107H;A1108V	Silent;Missense	0.4121115125974045
3916	EHMT1	W1112*	Nonsense	0.038382358
3917	EHMT1	C1115Y;R1116Q	Missense;Missense	0.4043660065664424
3918	EHMT1	R1118C	Missense	-0.292027918
3919	EHMT1	Q1121Q	Silent	-0.000724074
3920	EHMT1	V1119V	Silent	0.1911280188758063
3921	EHMT1		No Mutation	-0.769732911
3922	EHMT1		No Mutation	0.9996361106991348
3923	EHMT1		No Mutation	-0.32310477
3924	EHMT1	A1126V	Missense	-0.787313432
3925	EHMT1	Q1129*	Nonsense	-0.623333006
3926	EHMT1	Q1129*;L1130F	Nonsense;Missense	-0.42852849
3927	EHMT1	L1130L;Y1131Y;R1132W	Silent;Silent;Missense	-0.645085743
3928	EHMT1	Y1131Y;R1132W	Silent;Missense	-0.003396944
3929	EHMT1	T1133M	Missense	-0.817749494
3930	EHMT1	T1133M;R1134W	Missense;Missense	1.3987118441844049
3931	EHMT1	T1133M;R1134W	Missense;Missense	-0.900954534
3932	EHMT1	M1136I;G1137N	Missense;Missense	-0.247441744
3933	EHMT1	D1135D	Silent	-0.052526046
3934	EHMT1	G1139G	Silent	-0.288651917
3935	EHMT1	L1143L;Q1144*	Silent;Nonsense	1.2985415784975205
3936	EHMT1		No Mutation	0.5751895477391458
3937	EHMT1	G1149S	Missense	-0.06625809
3938	EHMT1	V1152I	Missense	-0.098765215
3939	EHMT1	V1152I;C1153Y	Missense;Missense	-0.578868045
3940	EHMT1	C1153Y;E1154K	Missense;Missense	0.6688785776488085
3941	EHMT1	(NC);(NC);(NC)	Intron;Intron;Intron	-0.641289645
3942	EHMT1	C1153C	Silent	0.37907048
3943	EHMT1	C1153C	Silent	0.7474887463736494
3944	EHMT1		No Mutation	-0.072858584
3945	EHMT1	(NC);(NC)	Intron;Intron	0.1224357050095446
3946	EHMT1	(NC)	Intron	-0.81935975
3947	EHMT1	(NC);(NC);(NC)	Intron;Intron;Intron	-0.309934195
3948	EHMT1	(NC);(NC);(NC);(NC)	Intron;Intron;Intron;Intron	-0.37011477
3949	EHMT1	(NC);(NC);(NC)	Intron;Intron;Intron	0.1816267893863293
3950	EHMT1	E1154E;V1156I	Silent;Missense	-0.748823198
3951	EHMT1	G1157K	Missense	0.2216166862341506
3952	EHMT1	G1157K;E1158K	Missense;Missense	-1.365515429
3953	EHMT1		No Mutation	-0.342055117
3954	EHMT1	D1171N	Missense	0.4562401683550295
3955	EHMT1	L1174L	Silent	0.5964569215795573
3956	EHMT1		No Mutation	0.6482589844274733
3957	EHMT1	(NC);(NC);(NC)	Intron;Intron;Intron	0.3748478207239478
3958	EHMT1	(NC)	Intron	0.853560738
3959	EHMT1	(NC)	Intron	-0.298622936
3960	EHMT1	(NC);(NC)	Intron;Intron	-0.230976645
3961	EHMT1	(NC);(NC)	Intron;Intron	-0.022754504
3962	EHMT1	(NC);(NC)	Intron;Intron	0.060447268
3963	EHMT1	(NC);(NC);D1181N	Intron;Splice-acceptor;Missense	-1.143900579
3964	EHMT1	E1183E;V1184I	Silent;Missense	-0.169700592
3965	EHMT1	E1183E;V1184I	Silent;Missense	-0.049403067
3966	EHMT1	Y1185Y	Silent	-0.658611181
3967	EHMT1	I1187I	Silent	-0.962602979
3968	EHMT1	I1187I;D1188D	Silent;Silent	1.0244259278837182
3969	EHMT1	F1191F;Y1192Y	Silent;Silent	-0.370136634
3970	EHMT1		No Mutation	-0.494586741
3971	EHMT1	H1201H;H1202Y	Silent;Missense	-0.260600784
3972	EHMT1		No Mutation	-0.761779268
3973	EHMT1	L1207L;V1208M	Silent;Missense	1.0595608755918886
3974	EHMT1	V1210I;R1211H	Missense;Missense	0.5379314651599151
3975	EHMT1	V1210V;R1211H	Silent;Missense	0.8288762353609384
3976	EHMT1	P1209F	Missense	-0.125156894
3977	EHMT1	V1212I	Missense	0.4798791925745104
3978	EHMT1	M1214I;A1215T	Missense;Missense	-0.09765922
3979	EHMT1	M1214I;A1215T	Missense;Missense	1.165382591746924
3980	EHMT1	R1211R	Silent	0.580148503
3981	EHMT1	A1215V	Missense	-0.000268143
3982	EHMT1	D1218D	Silent	-0.600179743
3983	EHMT1	R1220Q	Missense	-0.155240937
3984	EHMT1	R1220R	Silent	-0.494947555
3985	EHMT1		No Mutation	-0.894497349
3986	EHMT1	R1223R;A1225T	Silent;Missense	0.4270822186350251
3987	EHMT1		No Mutation	-0.483848318
3988	EHMT1	S1228N	Missense	-0.582084967
3989	EHMT1	S1228N	Missense	1.7186466609478837
3990	EHMT1	S1228N	Missense	1.620981970304907
3991	EHMT1	R1230H;L1231L	Missense;Silent	0.6664069153269463
3992	EHMT1	F1227F;S1228S	Silent;Silent	0.2046094195699234
3993	EHMT1	T1229I;R1230C	Missense;Missense	-0.800094085
3994	EHMT1	G1235N	Missense	0.3999483270241915
3995	EHMT1	G1235N;E1236K	Missense;Missense	-0.798110188
3996	EHMT1	E1236K	Missense	0.8004821073341742
3997	EHMT1	A1234V	Missense	0.448079812
3998	EHMT1	A1234V	Missense	0.072985772
3999	EHMT1	G1239E;(NC)	Missense;Splice-donor	-1.156558847
4000	EHMT1	L1238L	Silent	0.1709952395469549
4001	EHMT1	(NC);(NC);(NC)	Intron;Intron;Intron	0.1095758967655697
4002	EHMT1	(NC)	Intron	-0.448189747
4003	EHMT1		No Mutation	-1.6631563
4004	EHMT1	(NC);(NC);(NC);(NC)	Intron;Intron;Intron;Intron	-0.388230432
4005	EHMT1		No Mutation	0.1799718359960888
4006	EHMT1	G1243R	Missense	-1.144443343
4007	EHMT1	G1243K;E1244K	Missense;Missense	-0.976755825
4008	EHMT1	G1243K;E1244K	Missense;Missense	-0.561484652
4009	EHMT1	G1243E;E1244K	Missense;Missense	1.8224809941804236
4010	EHMT1	D1241D	Silent	-0.559781837
4011	EHMT1	D1241D	Silent	-1.887941926
4012	EHMT1	R1245C	Missense	-0.122264047
4013	EHMT1	L1253F	Missense	-0.904761685
4014	EHMT1	C1258C;G1259G	Silent;Silent	0.4848800389963119
4015	EHMT1	K1262K	Silent	-0.444228791
4016	EHMT1	S1266S	Silent	0.2865951435832022
4017	EHMT1	C1263C;R1264W	Silent;Missense	0.6375383930099642
4018	EHMT1	S1266S	Silent	-1.13944767
4019	EHMT1	S1266S;S1267N	Silent;Missense	-0.828396839
4020	EHMT1	S1266S;S1267N	Silent;Missense	0.1509344470720688
4021	EHMT1	H1265Y	Missense	-0.372718336
4022	EHMT1	A1268A;A1269T	Silent;Missense	-0.049590865
4023	EHMT1	A1269V;L1270L	Missense;Silent	-0.284846024
4024	EHMT1	Q1274Q;A1275T	Silent;Missense	-0.009285719
4025	EHMT1	A1271A;Q1272*;R1273C	Silent;Nonsense;Missense	0.3936583763729744
4026	EHMT1	Q1274Q;A1275T	Silent;Missense	0.4383122357576594
4027	EHMT1	S1276N;A1277T	Missense;Missense	0.064165733
4028	EHMT1	Q1274*	Nonsense	-0.390633045
4029	EHMT1	A1277T;A1278T	Missense;Missense	0.047967542
4030	EHMT1	A1275V	Missense	-0.630094021
4031	EHMT1	S1276S;A1277V	Silent;Missense	0.061376409
4032	EHMT1	E1280E;A1281T	Silent;Missense	-0.105733045
4033	EHMT1	A1278V;Q1279*	Missense;Nonsense	-0.334738931
4034	EHMT1	Q1279*	Nonsense	1.4027959799612588
4035	EHMT1	E1283E;D1284N	Silent;Missense	0.0102173808883521
4036	EHMT1	E1283E;D1284N;G1285S	Silent;Missense;Missense	-0.209181171
4037	EHMT1	L1286L	Silent	0.7266047866438885
4038	EHMT1	L1286L;D1288N	Silent;Missense	-0.259610557
4039	EHMT1	P1287F	Missense	-0.029414713
4040	EHMT1	A1292T;A1293T	Missense;Missense	0.5582740160733857
4041	EHMT1	A1292A;A1293T	Silent;Missense	0.077678507
4042	EHMT1	A1295T	Missense	-0.403779566
4043	EHMT1		No Mutation	0.516368189
4044	EHMT2	(NC);(NC)	UTR;UTR	0.0162320794809949
4045	EHMT2	(NC)	UTR	-0.881477037
4046	EHMT2	*1268*;(NC)	Silent;UTR	0.517824632
4047	EHMT2	*1268*;(NC)	Silent;UTR	-1.85424066
4048	EHMT2	P1264L;V1265V	Missense;Silent	0.3994119650795033
4049	EHMT2		No Mutation	-0.972806437
4050	EHMT2		No Mutation	-0.440384347
4051	EHMT2	L1262L	Silent	0.5435469521580476
4052	EHMT2	L1262L	Silent	-0.874670381
4053	EHMT2	E1258K	Missense	-0.678589527
4054	EHMT2	E1258K	Missense	0.2570666830438804
4055	EHMT2	L1255L	Silent	1.6184061361991762
4056	EHMT2	L1256L	Silent	-0.333993502
4057	EHMT2	L1255L;L1256L	Silent;Silent	0.6069832305717404
4058	EHMT2	E1254K	Missense	0.2848824398908252
4059	EHMT2	E1254K	Missense	-0.080648972
4060	EHMT2		No Mutation	1.2355965106558626
4061	EHMT2	L1249L;D1250N	Silent;Missense	-0.309061583
4062	EHMT2	S1244S;R1245C	Silent;Missense	-1.029489479
4063	EHMT2	L1246L;A1247T	Silent;Missense	1.4749675598974776
4064	EHMT2	R1245H;L1246L	Missense;Silent	0.3848913078227938
4065	EHMT2	A1240A;L1241L	Silent;Silent	0.2540249627215295
4066	EHMT2	Q1243Q;S1244N	Silent;Missense	-0.211090182
4067	EHMT2	L1241L;E1242K	Silent;Missense	0.5574336832905687
4068	EHMT2	A1236V	Missense	0.6840987506889609
4069	EHMT2	E1230E;K1231K	Silent;Silent	0.147124461
4070	EHMT2	E1230K	Missense	0.8768468998375221
4071	EHMT2		No Mutation	0.366680810425139
4072	EHMT2	D1210D	Silent	-0.425018511
4073	EHMT2	D1210D	Silent	-0.845059507
4074	EHMT2		No Mutation	-0.227542411
4075	EHMT2	(NC)	Intron	-0.737147183
4076	EHMT2	(NC);G1208G	Splice-acceptor;Silent	0.5365515742001664
4077	EHMT2	(NC);(NC)	Intron;Intron	-0.582164366
4078	EHMT2	(NC);(NC)	Intron;Intron	-0.289757005
4079	EHMT2	(NC)	Intron	0.8064362477879801
4080	EHMT2	L1207L	Silent	-0.140549622
4081	EHMT2	L1207L	Silent	-1.50565659
4082	EHMT2	L1207L	Silent	0.3559143555494007
4083	EHMT2	E1206E;G1208R	Silent;Missense	-1.482971385
4084	EHMT2	T1203I	Missense	-1.397878384
4085	EHMT2	R1202W;T1203I	Missense;Missense	0.3267055296243498
4086	EHMT2	G1204K;E1205K	Missense;Missense	-0.184944213
4087	EHMT2	G1204K	Missense	-1.557698749
4088	EHMT2	D1200D	Silent	0.2345902690624253
4089	EHMT2	S1198S;R1199*	Silent;Nonsense	-0.452985133
4090	EHMT2	S1198F;R1199*	Missense;Nonsense	-0.246427075
4091	EHMT2	S1198F;R1199*	Missense;Nonsense	0.475735146898686
4092	EHMT2	F1196F	Silent	-0.251779293
4093	EHMT2	R1199Q;D1200N	Missense;Missense	0.8847597764660208
4094	EHMT2	S1197N	Missense	0.1573097639895253
4095	EHMT2	A1194T	Missense	-0.945991608
4096	EHMT2		No Mutation	-0.594598035
4097	EHMT2	L1184L	Silent	0.6631074047331638
4098	EHMT2	M1183I;L1184L	Missense;Silent	0.0292369946303486
4099	EHMT2	M1183I	Missense	-0.80656274
4100	EHMT2	R1180Q	Missense	0.381197612
4101	EHMT2	V1179I;R1180Q	Missense;Missense	-0.65800516
4102	EHMT2	V1179I	Missense	0.3200570115109566
4103	EHMT2	P1174P;N1175N	Silent;Silent	-1.447649036
4104	EHMT2	P1174L;N1175N	Missense;Silent	-0.186809507
4105	EHMT2		No Mutation	-0.6626093
4106	EHMT2		No Mutation	-0.174180539
4107	EHMT2	L1171L	Silent	0.3429041011834017
4108	EHMT2		No Mutation	-0.188676095
4109	EHMT2		No Mutation	0.638940939
4110	EHMT2		No Mutation	-0.582958949
4111	EHMT2	V1153V	Silent	1.4579497758786395
4112	EHMT2	V1153V	Silent	0.4100582519836027
4113	EHMT2	V1153I	Missense	-2.228740025
4114	EHMT2	E1152K;V1153M	Missense;Missense	-1.363822157
4115	EHMT2	G1151E;E1152K	Missense;Missense	-0.657402177
4116	EHMT2	G1151K;E1152K	Missense;Missense	-0.862617071
4117	EHMT2	G1151K;E1152K	Missense;Missense	0.063841509
4118	EHMT2	(NC);(NC);(NC)	Intron;Intron;Intron	0.1826794199946845
4119	EHMT2	(NC);D1150N	Splice-acceptor;Missense	-0.38655847
4120	EHMT2	(NC);(NC);(NC)	Intron;Intron;Intron	0.003681344
4121	EHMT2	(NC);(NC)	Intron;Intron	-0.540378884
4122	EHMT2	D1147D	Silent	-0.375476562
4123	EHMT2		No Mutation	-0.465324702
4124	EHMT2	L1143L;F1144F	Silent;Silent	-0.223054389
4125	EHMT2		No Mutation	0.3962092744773601
4126	EHMT2	L1128L	Silent	0.4349287564291851
4127	EHMT2	G1126G;E1127K	Silent;Missense	2.630227820907992
4128	EHMT2	G1126E;E1127K	Missense;Missense	0.2094410888532016
4129	EHMT2	V1125I;G1126R	Missense;Missense	0.7226407231580727
4130	EHMT2	(NC);(NC);(NC)	Intron;Intron;Intron	-0.602778049
4131	EHMT2	(NC);(NC)	Intron;Intron	0.2304554278603229
4132	EHMT2	(NC);(NC)	Intron;Intron	-0.587553274
4133	EHMT2		No Mutation	-0.688543897
4134	EHMT2		No Mutation	0.6718202323909942
4135	EHMT2	I1121I;C1122C	Silent;Silent	-0.119880375
4136	EHMT2	(NC)	Intron	-0.309155692
4137	EHMT2	I1121I	Silent	-1.060599602
4138	EHMT2	C1122Y	Missense	-0.525255372
4139	EHMT2		No Mutation	-0.95740018
4140	EHMT2		No Mutation	-0.277259845
4141	EHMT2	Q1117Q;G1118R	Silent;Missense	0.4786952155062698
4142	EHMT2	Q1117Q	Silent	-1.737150291
4143	EHMT2	Q1113*	Nonsense	-0.777272705
4144	EHMT2	L1112L;Q1113*	Silent;Nonsense	-0.790469552
4145	EHMT2	A1111A;L1112L;Q1113*	Silent;Silent;Nonsense	-0.94818557
4146	EHMT2		No Mutation	-0.245502419
4147	EHMT2	G1108E;V1109I	Missense;Missense	-0.092335305
4148	EHMT2	A1103V	Missense	-0.706634302
4149	EHMT2	M1105I;G1106N	Missense;Missense	-0.418133217
4150	EHMT2	T1102I;A1103V	Missense;Missense	-0.076539242
4151	EHMT2	T1102I;A1103V	Missense;Missense	-0.503552546
4152	EHMT2	T1102I	Missense	-0.460641424
4153	EHMT2	T1102I	Missense	-0.373629318
4154	EHMT2	Y1100Y;R1101*	Silent;Nonsense	0.600375056
4155	EHMT2	L1099L;Y1100Y;R1101*	Silent;Silent;Nonsense	0.1079848393728707
4156	EHMT2	Q1098Q	Silent	-0.919074371
4157	EHMT2	Q1098Q	Silent	0.9286037836014264
4158	EHMT2	Q1098Q	Silent	-0.337758272
4159	EHMT2	Q1098Q	Silent	-0.463280292
4160	EHMT2	R1096Q	Missense	-0.312233627
4161	EHMT2	(NC);K1094K	Splice-acceptor;Silent	-1.157205081
4162	EHMT2	(NC);(NC)	Intron;Intron	-0.817736882
4163	EHMT2	(NC);(NC);(NC)	Intron;Intron;Intron	-0.216509727
4164	EHMT2	Q1090*	Nonsense	-0.930864975
4165	EHMT2	G1092N	Missense	-0.909077271
4166	EHMT2	N1086N;R1087W	Silent;Missense	-1.224203296
4167	EHMT2		No Mutation	0.045418795
4168	EHMT2		No Mutation	1.4403289502446512
4169	EHMT2	W1081*	Nonsense	-0.530836064
4170	EHMT2	N1075N;Q1076*	Silent;Nonsense	-0.450652592
4171	EHMT2	C1074Y	Missense	-1.361972749
4172	EHMT2	E1073K;C1074Y	Missense;Missense	-2.438039162
4173	EHMT2	K1065K;E1067K	Silent;Missense	-0.997800516
4174	EHMT2	L1059L	Silent	1.3638400077611128
4175	EHMT2	L1059L	Silent	0.090616493
4176	EHMT2		No Mutation	0.9943915791093038
4177	EHMT2	G1057E;R1058Q	Missense;Missense	-1.222019473
4178	EHMT2	G1057K	Missense	0.4370843563219599
4179	EHMT2	D1056N;G1057K	Missense;Missense	0.4135171618621749
4180	EHMT2	(NC);D1056N;G1057R	Splice-acceptor;Missense;Missense	-0.535712241
4181	EHMT2	(NC);D1056N	Splice-acceptor;Missense	-0.325130839
4182	EHMT2	(NC);(NC);(NC);(NC)	Intron;Intron;Intron;Intron	-0.767719164
4183	EHMT2	(NC);(NC);(NC);(NC)	Intron;Intron;Intron;Intron	1.0739830521789475
4184	EHMT2	(NC);(NC);(NC);(NC)	Intron;Intron;Intron;Intron	-0.226494003
4185	EHMT2	(NC)	Intron	-0.340399938
4186	EHMT2	(NC)	Intron	0.434284194955166
4187	EHMT2	K1055K;(NC)	Silent;Splice-donor	1.2409025056915093
4188	EHMT2	I1049I;R1050W	Silent;Missense	-1.598433969
4189	EHMT2	R1050R;C1051Y	Silent;Missense	0.374994081
4190	EHMT2	L1047F	Missense	0.053707610652017
4191	EHMT2	S1048N	Missense	0.643520791
4192	EHMT2	C1044C;G1045G	Silent;Silent	-0.352067352
4193	EHMT2	G1045D;Q1046Q	Missense;Silent	-0.609771212
4194	EHMT2	S1039S;S1040F	Silent;Missense	-0.297091606
4195	EHMT2	V1034I;D1035N	Missense;Missense	0.3257153598948989
4196	EHMT2	C1033Y;V1034I	Missense;Missense	-0.411887434
4197	EHMT2	C1033Y;V1034M	Missense;Missense	-1.119630322
4198	EHMT2	(NC);(NC);H1030Y	Intron;Intron;Missense	-0.817208496
4199	EHMT2	C1031Y;T1032T	Missense;Silent	-0.053660644
4200	EHMT2	C1031Y	Missense	-0.556236786
4201	EHMT2	(NC)	Splice-acceptor	0.8171894952672942
4202	EHMT2		No Mutation	-0.121359668
4203	EHMT2	(NC);(NC);(NC);(NC)	Intron;Intron;Intron;Intron	-0.417260136
4204	EHMT2		No Mutation	-0.110664822
4205	EHMT2	Q1029*	Nonsense	-0.032960052
4206	EHMT2	(NC);(NC);(NC)	Intron;Intron;Intron	0.9640554855930532
4207	EHMT2	(NC);(NC);(NC)	Intron;Intron;Intron	-0.492851475
4208	EHMT2	H1027H;L1028L	Silent;Silent	-0.178034083
4209	EHMT2	H1027Y;L1028L	Missense;Silent	0.708296239
4210	EHMT2	T1026T;H1027Y;L1028L	Silent;Missense;Silent	-1.173207373
4211	EHMT2	T1026I;H1027Y	Missense;Missense	-1.108890018
4212	EHMT2	R1023R;N1024N	Silent;Silent	0.4276504536114334
4213	EHMT2	R1023H	Missense	-0.039097195
4214	EHMT2	R1023H	Missense	-0.084145987
4215	EHMT2		No Mutation	1.488117411477497
4216	EHMT2	K1008K	Silent	-0.538436194
4217	EHMT2	K1008K	Silent	-1.627862042
4218	EHMT2		No Mutation	-0.495638777
4219	EHMT2		No Mutation	0.063319173
4220	EHMT2	V998V;D999N	Silent;Missense	1.0610964029838346
4221	EHMT2	V998I;D999N	Missense;Missense	-0.653847748
4222	EHMT2	V995V	Silent	-0.438469142
4223	EHMT2	V995V	Silent	0.4329027682497067
4224	EHMT2		No Mutation	0.8133497249296733
4225	EHMT2	G997N	Missense	-0.596852473
4226	EHMT2	G997N	Missense	1.1910130139466633
4227	EHMT2	P993F	Missense	-1.070508349
4228	EHMT2	P991F	Missense	0.896546637
4229	EHMT2	(NC)	Intron	-0.708332224
4230	EHMT2	(NC);(NC)	Intron;Intron	0.6455901749534809
4231	EHMT2	(NC);(NC)	Intron;Intron	-0.328569963
4232	EHMT2	V983I	Missense	-0.923252168
4233	EHMT2	D982N;V983M	Missense;Missense	0.7607224494117539
4234	EHMT2	(NC);(NC)	Intron;Intron	0.8051273175616458
4235	EHMT2	(NC)	Intron	0.1242655051372121
4236	EHMT2	(NC)	Intron	0.044571222
4237	EHMT2	(NC)	Intron	-1.18413654
4238	EHMT2	(NC);(NC)	Intron;Intron	0.2088585048442804
4239	EHMT2	(NC)	Intron	0.2145947626216857
4240	EHMT2		No Mutation	1.171116881073773
4241	EHMT2	I979I	Silent	0.7638969741816082
4242	EHMT2	I978I;I979I	Silent;Silent	-0.344896721
4243	EHMT2		No Mutation	-1.398659586
4244	EHMT2	T975I	Missense	-0.618077808
4245	EHMT2	K977K	Silent	-0.287504505
4246	EHMT2		No Mutation	0.7050317292527647
4247	EHMT2	L966F	Missense	0.3598893554328625
4248	EHMT2	L966F	Missense	0.3981553910727731
4249	EHMT2	G967K;V968M	Missense;Missense	-0.129657433
4250	EHMT2	L964F	Missense	-0.258446108
4251	EHMT2	R962R;L964F	Silent;Missense	0.1975674762695145
4252	EHMT2	N961N;R962C	Silent;Missense	-0.796822258
4253	EHMT2	N961N;R962C	Silent;Missense	-0.735677036
4254	EHMT2	N961N;R962C	Silent;Missense	0.6758151826649548
4255	EHMT2	A957A	Silent	-1.153136025
4256	EHMT2	V954V;W955*	Silent;Nonsense	0.2760217759959451
4257	EHMT2	V954I;W955*	Missense;Nonsense	0.3288551191543118
4258	EHMT2	P949L	Missense	-0.448483513
4259	EHMT2	D953N	Missense	1.1573981898762409
4260	EHMT2		No Mutation	1.1016772104804322
4261	EHMT2		No Mutation	-0.030512084
4262	EHMT2	E940K	Missense	-0.89776429
4263	EHMT2	L936L;R937W	Silent;Missense	0.4276280241480518
4264	EHMT2	E940K	Missense	0.2305713818824689
4265	EHMT2	L936L	Silent	0.054947804
4266	EHMT2	L936L	Silent	-0.511124295
4267	EHMT2	L936L	Silent	1.458856199110041
4268	EHMT2	R937Q	Missense	0.035548313
4269	EHMT2	A932V	Missense	0.2652684417652609
4270	EHMT2		No Mutation	0.4940336114394905
4271	EHMT2		No Mutation	-0.820891542
4272	EHMT2		No Mutation	0.2314226307112627
4273	EHMT2		No Mutation	-0.30526006
4274	EHMT2	L928L	Silent	-0.188284739
4275	EHMT2	L928L	Silent	-0.362055202
4276	EHMT2		No Mutation	-0.808455996
4277	EHMT2	(NC);L925L	Splice-acceptor;Silent	0.515114118
4278	EHMT2	(NC);(NC);(NC)	Intron;Intron;Intron	0.914745416527044
4279	EHMT2	(NC);(NC);(NC)	Splice-donor;Intron;Intron	0.187103712354564
4280	EHMT2	R917Q	Missense	0.078922702
4281	EHMT2	A916T;R917Q	Missense;Missense	-0.359212047
4282	EHMT2	A916T	Missense	-1.077193656
4283	EHMT2	A916T	Missense	-0.206998271
4284	EHMT2	P911P;L912L;H913Y	Silent;Silent;Missense	-0.815097725
4285	EHMT2	P911L;L912L	Missense;Silent	-0.276555889
4286	EHMT2	L912L	Silent	-0.860023455
4287	EHMT2	G908R	Missense	-0.625065761
4288	EHMT2	A903V	Missense	-0.988927289
4289	EHMT2		No Mutation	-0.191440745
4290	EHMT2	A903V	Missense	-0.368853575
4291	EHMT2	H902Y;A903V	Missense;Missense	-1.32089337
4292	EHMT2	C899Y;D900N	Missense;Missense	0.6616544269540682
4293	EHMT2	A897T	Missense	0.2470238126546883
4294	EHMT2	L895L	Silent	0.1004355437332691
4295	EHMT2		No Mutation	-0.594348358
4296	EHMT2	A889T	Missense	2.098498125363756
4297	EHMT2	S887N;A888T	Missense;Missense	0.4638918746753484
4298	EHMT2		No Mutation	-0.206942695
4299	EHMT2	H880Y	Missense	-0.147033301
4300	EHMT2	H880Y	Missense	-1.530541743
4301	EHMT2	N876N	Silent	0.2695988004309029
4302	EHMT2	N876N	Silent	-0.739901854
4303	EHMT2	C878Y	Missense	-0.66323321
4304	EHMT2		No Mutation	-0.720506581
4305	EHMT2	E874E;E875K	Silent;Missense	-0.251712706
4306	EHMT2	(NC);E874K	Splice-acceptor;Missense	-0.296950644
4307	EHMT2	(NC);E874K	Splice-acceptor;Missense	-0.940833966
4308	EHMT2	(NC);(NC);(NC);(NC)	Intron;Intron;Intron;Intron	-0.073757522
4309	EHMT2	(NC);(NC);(NC);(NC)	Intron;Intron;Intron;Intron	-0.005652742
4310	EHMT2	(NC)	Intron	-0.251021197
4311	EHMT2		No Mutation	-0.970081646
4312	EHMT2	D872D;N873N	Silent;Silent	0.6325705556210708
4313	EHMT2	(NC);(NC);(NC)	Intron;Intron;Intron	-1.032372441
4314	EHMT2	(NC);(NC)	Intron;Intron	-0.490504885
4315	EHMT2	D872N	Missense	-0.130127435
4316	EHMT2	T863T;R864Q;G865S	Silent;Missense;Missense	-0.568085909
4317	EHMT2	R859C	Missense	-0.328353474
4318	EHMT2	I858I;R859C	Silent;Missense	-0.652801026
4319	EHMT2	I858I;R859C	Silent;Missense	-0.00853069
4320	EHMT2	H852Y	Missense	-0.607613606
4321	EHMT2	E851K	Missense	0.3512685343378979
4322	EHMT2	A850T;E851K	Missense;Missense	0.3956757829931039
4323	EHMT2		No Mutation	-0.812517686
4324	EHMT2		No Mutation	-0.4292372
4325	EHMT2	G842K;W843*	Missense;Nonsense	0.2733355565777037
4326	EHMT2	G841G;G842K	Silent;Missense	0.3433906742603705
4327	EHMT2	G841K;G842R	Missense;Missense	-0.605022369
4328	EHMT2	(NC);(NC)	Intron;Intron	-0.226136718
4329	EHMT2	S840N;G841K	Missense;Missense	0.1077560170302019
4330	EHMT2	(NC);(NC);(NC)	Intron;Intron;Intron	-0.270940429
4331	EHMT2	(NC);(NC);(NC);(NC)	Intron;Intron;Intron;Intron	0.681128217
4332	EHMT2	D839N;S840N	Missense;Missense	0.4556903039911679
4333	EHMT2	(NC);(NC);(NC);(NC)	Intron;Intron;Intron;Intron	-0.423724726
4334	EHMT2	(NC);D839N	Splice-acceptor;Missense	-1.059269971
4335	EHMT2	(NC);(NC);(NC);(NC)	Intron;Intron;Intron;Intron	0.6069424630383696
4336	EHMT2	(NC);(NC);(NC)	Intron;Intron;Intron	0.4149738888361168
4337	EHMT2		No Mutation	-0.415589141
4338	EHMT2		No Mutation	-0.609193324
4339	EHMT2	(NC);(NC);(NC)	Intron;Intron;Intron	1.0881051059745634
4340	EHMT2		No Mutation	0.7098405036617608
4341	EHMT2		No Mutation	0.765443903
4342	EHMT2	V835V	Silent	-0.021130136
4343	EHMT2		No Mutation	0.1921968855025875
4344	EHMT2	L828L	Silent	-0.270095993
4345	EHMT2	G831K	Missense	-0.388622469
4346	EHMT2	L827L;L828L	Silent;Silent	1.3258055025727242
4347	EHMT2	S825S;L826L	Silent;Silent	-1.144740625
4348	EHMT2	L821L;E822K	Silent;Missense	0.274034005
4349	EHMT2	I818I	Silent	-0.780212272
4350	EHMT2	A816V	Missense	-0.769016074
4351	EHMT2	H813H;H814Y	Silent;Missense	-0.439051761
4352	EHMT2	H813Y;H814Y	Missense;Missense	0.277085093829482
4353	EHMT2	A816T	Missense	-0.09878257
4354	EHMT2	A815T	Missense	0.1876114552949156
4355	EHMT2	G808N	Missense	0.082156199
4356	EHMT2	G808N	Missense	-0.325127813
4357	EHMT2	(NC);(NC);(NC);(NC)	Intron;Intron;Intron;Intron	1.1051424285542772
4358	EHMT2	E805K;E806K	Missense;Missense	-0.207482533
4359	EHMT2	(NC);E805K;E806K	Splice-acceptor;Missense;Missense	-0.058537095
4360	EHMT2	(NC)	Intron	-0.159671324
4361	EHMT2	(NC);(NC);(NC)	Intron;Intron;Intron	-0.541882722
4362	EHMT2	(NC);(NC)	Intron;Intron	0.78175359
4363	EHMT2	(NC);(NC)	Intron;Intron	-0.641507576
4364	EHMT2	(NC)	Intron	0.00178012
4365	EHMT2		No Mutation	0.5451288972302097
4366	EHMT2	S803S	Silent	0.5546715724326446
4367	EHMT2	G799G	Silent	1.626333334688476
4368	EHMT2	Q796Q;R797H;G798S	Silent;Missense;Missense	-0.520519969
4369	EHMT2	Q796Q;R797H	Silent;Missense	-0.74419435
4370	EHMT2	Y793Y	Silent	-0.737338076
4371	EHMT2	R792C	Missense	-1.191130224
4372	EHMT2		No Mutation	-0.079039123
4373	EHMT2		No Mutation	-0.14134254
4374	EHMT2	R792H	Missense	-0.303787038
4375	EHMT2	L788L	Silent	-1.156737748
4376	EHMT2		No Mutation	-0.118862785
4377	EHMT2	A782A	Silent	1.4118537041344583
4378	EHMT2	V783I;V784M	Missense;Missense	-0.250133751
4379	EHMT2	P778L;L779L	Missense;Silent	1.211764271344115
4380	EHMT2	R776W	Missense	-1.072324356
4381	EHMT2	Q775*;R776W	Nonsense;Missense	1.5617352077477409
4382	EHMT2	A770V	Missense	-0.255992334
4383	EHMT2	V771V;D772N	Silent;Missense	-0.43469073
4384	EHMT2	A766V	Missense	0.033147231
4385	EHMT2		No Mutation	-0.397970549
4386	EHMT2	A766T	Missense	0.5093509063199261
4387	EHMT2	A766T	Missense	-1.424207745
4388	EHMT2	G765E;A766T	Missense;Missense	-1.268825499
4389	EHMT2	A764T;G765K	Missense;Missense	0.3125962092723481
4390	EHMT2	(NC);A764T	Splice-acceptor;Missense	-0.352677034
4391	EHMT2	(NC);A764T	Splice-acceptor;Missense	0.4026485845089276
4392	EHMT2	(NC);(NC);(NC)	Intron;Intron;Intron	-0.045740298
4393	EHMT2		No Mutation	0.2327490704878737
4394	EHMT2	(NC);(NC);(NC);(NC)	Intron;Intron;Intron;Intron	0.6802947200658174
4395	EHMT2	Q763*	Nonsense	0.1988743230465312
4396	EHMT2	L761L;L762L	Silent;Silent	0.6242911184625504
4397	EHMT2	L761L;L762L	Silent;Silent	0.2275166893127332
4398	EHMT2	Q763Q;(NC)	Silent;Splice-donor	-0.595909477
4399	EHMT2	I757I;C758C;H759Y	Silent;Silent;Missense	1.619285135280153
4400	EHMT2	V760I	Missense	-0.742507465
4401	EHMT2	V755V;E756K	Silent;Missense	-0.432314005
4402	EHMT2	V755V;E756K	Silent;Missense	-0.784705545
4403	EHMT2	V755I	Missense	0.5514722743503512
4404	EHMT2	A749A;A750V;Q751*	Silent;Missense;Nonsense	-0.022439021
4405	EHMT2	Q751Q	Silent	0.4023676233632011
4406	EHMT2	Q751Q	Silent	-0.295145932
4407	EHMT2	H747Y;A748V	Missense;Missense	-0.520470818
4408	EHMT2	A750T	Missense	-0.33110298
4409	EHMT2	H747Y	Missense	1.5879076592763417
4410	EHMT2	T744T	Silent	-0.010319688
4411	EHMT2	Q740Q;S741N	Silent;Missense	-0.244485609
4412	EHMT2	Q739Q	Silent	-0.296396793
4413	EHMT2	D738N	Missense	-0.981937677
4414	EHMT2	D738N	Missense	0.1831642415556982
4415	EHMT2	Q736Q	Silent	0.1971906992143739
4416	EHMT2	L731L;D732N	Silent;Missense	-0.607829401
4417	EHMT2	L731L;D732N	Silent;Missense	0.3555227067280789
4418	EHMT2	L731L;D732N	Silent;Missense	-0.232957392
4419	EHMT2	(NC)	Intron	0.5182429786434264
4420	EHMT2		No Mutation	0.1565750865540179
4421	EHMT2		No Mutation	0.2939657487999636
4422	EHMT2	(NC);(NC)	Intron;Intron	-1.042513812
4423	EHMT2	Q717*	Nonsense	-0.222300546
4424	EHMT2	E719E;L720L	Silent;Silent	0.1359695732597846
4425	EHMT2	Q717Q;G718N;E719K	Silent;Missense;Missense	1.9230397723173571
4426	EHMT2	Y712Y;L713L	Silent;Silent	-0.771790649
4427	EHMT2	Y712Y;L713L	Silent;Silent	-0.03466067
4428	EHMT2	L713L	Silent	0.8027494788570723
4429	EHMT2	L713L	Silent	-0.170247636
4430	EHMT2	L711L	Silent	0.058528346
4431	EHMT2	R709R;Q710Q	Silent;Silent	0.0111483032397348
4432	EHMT2	L704F	Missense	0.976463153
4433	EHMT2	K702K;K703K	Silent;Silent	-0.701825474
4434	EHMT2	K702K;K703K	Silent;Silent	-0.268910275
4435	EHMT2	(NC);R700R;R701Q	Splice-acceptor;Silent;Missense	-0.836164227
4436	EHMT2	(NC);R700R	Splice-acceptor;Silent	1.2006837292019403
4437	EHMT2	(NC);(NC)	Intron;Intron	0.5086231937050172
4438	EHMT2	(NC);(NC)	Intron;Intron	-0.591142418
4439	EHMT2	(NC)	Intron	0.3951253745004258
4440	EHMT2	(NC);(NC);(NC)	Intron;Intron;Intron	0.3042544244993073
4441	EHMT2		No Mutation	-0.486269486
4442	EHMT2		No Mutation	0.7004518586525239
4443	EHMT2	(NC);(NC);(NC)	Splice-donor;Intron;Intron	-0.190854962
4444	EHMT2	S698L	Missense	-0.120883997
4445	EHMT2	S698L	Missense	0.152384025876626
4446	EHMT2		No Mutation	-0.917986778
4447	EHMT2	V694V;I695I	Silent;Silent	0.067930738
4448	EHMT2	E697E	Silent	-0.501124596
4449	EHMT2		No Mutation	-0.309332644
4450	EHMT2	A688V;L689L	Missense;Silent	0.1112133106112149
4451	EHMT2	G685G;R686W	Silent;Missense	0.7417205571550096
4452	EHMT2	P684L	Missense	0.1223371768321504
4453	EHMT2	R686Q;E687K	Missense;Missense	-1.571418743
4454	EHMT2	L682L	Silent	0.9097502467107932
4455	EHMT2	P681L;L682L	Missense;Silent	1.5659469842018343
4456	EHMT2	P681L	Missense	0.474553702307443
4457	EHMT2	L682L;G683K	Silent;Missense	1.4606791850543068
4458	EHMT2	L680L	Silent	0.1868783644526074
4459	EHMT2	A677V	Missense	-0.142598072
4460	EHMT2	A677V	Missense	1.1674217675739669
4461	EHMT2	A677V	Missense	0.0581827484620566
4462	EHMT2	G679G;L680L	Silent;Silent	0.1674842630920115
4463	EHMT2	G673G;C674C	Silent;Silent	1.082118692034363
4464	EHMT2	G673G	Silent	-0.104360441
4465	EHMT2	G673G	Silent	-0.70351565
4466	EHMT2		No Mutation	0.1441599736156862
4467	EHMT2		No Mutation	-0.060462269
4468	EHMT2	C674Y	Missense	-0.51599722
4469	EHMT2	G673D;C674Y	Missense;Missense	0.7708324226045536
4470	EHMT2	G672K;G673S	Missense;Missense	0.1496844362895743
4471	EHMT2	G672K	Missense	0.1254001850867343
4472	EHMT2		No Mutation	-0.601401006
4473	EHMT2	L667L;T668I	Silent;Missense	0.8069953984505394
4474	EHMT2		No Mutation	0.9137912310025094
4475	EHMT2	S666S;L667L	Silent;Silent	-0.151396678
4476	EHMT2	S666F;L667L	Missense;Silent	0.8518434021845651
4477	EHMT2	S666F;L667L	Missense;Silent	-1.153743843
4478	EHMT2	G664E	Missense	-0.640737291
4479	EHMT2	D658D;T659I	Silent;Missense	-0.076266939
4480	EHMT2	D658D;T659I	Silent;Missense	-0.617153738
4481	EHMT2	D661N	Missense	0.3896656089577903
4482	EHMT2	D661N	Missense	-0.258398535
4483	EHMT2	D661N	Missense	-0.133387298
4484	EHMT2	D658N	Missense	-0.149742695
4485	EHMT2	A657T;D658N	Missense;Missense	0.9025632840416647
4486	EHMT2	L656L;A657T	Silent;Missense	0.2918288551774357
4487	EHMT2	L656L;A657T	Silent;Missense	-0.193161769
4488	EHMT2	R650R;P651L;P652S	Silent;Missense;Missense	-0.016057023
4489	EHMT2	D654N	Missense	0.1639356240550065
4490	EHMT2	C653Y;D654N	Missense;Missense	0.5305394980664317
4491	EHMT2	C653Y;D654N	Missense;Missense	-0.936983609
4492	EHMT2		No Mutation	-1.5510642
4493	EHMT2	G646K;E647K	Missense;Missense	0.9861648052122756
4494	EHMT2	G646K	Missense	1.3905184439505305
4495	EHMT2	A640A;R641W	Silent;Missense	-0.866893067
4496	EHMT2	A640V;R641W	Missense;Missense	0.3178718179747284
4497	EHMT2	A640V;R641W	Missense;Missense	0.2746306082906338
4498	EHMT2	M642I;R643Q;G644R	Missense;Missense;Missense	-0.000784529
4499	EHMT2	(NC)	Intron	-0.626873784
4500	EHMT2	(NC);(NC)	Intron;Intron	-0.836670812
4501	EHMT2	R641Q	Missense	-0.023996892
4502	EHMT2	(NC);(NC);(NC)	Intron;Intron;Intron	-0.443176859
4503	EHMT2		No Mutation	-0.765371757
4504	EHMT2		No Mutation	0.2940593287358056
4505	EHMT2	T635I;S636F	Missense;Missense	-0.634985724
4506	EHMT2	A633V;D634D	Missense;Silent	0.4350728185360186
4507	EHMT2		No Mutation	-0.953542052
4508	EHMT2		No Mutation	-1.171349096
4509	EHMT2		No Mutation	0.068968073
4510	EHMT2	G631G;R632K;A633T	Silent;Missense;Missense	-0.121004537
4511	EHMT2	G631E;R632K	Missense;Missense	-0.244187684
4512	EHMT2	G631R	Missense	0.4781134275036818
4513	EHMT2		No Mutation	-0.462676942
4514	EHMT2	V629I	Missense	-0.396403835
4515	EHMT2	S626F	Missense	0.2284385042857492
4516	EHMT2	L625L;S626F	Silent;Missense	0.193480526892601
4517	EHMT2	D628N;V629I	Missense;Missense	-0.862823237
4518	EHMT2	Q627Q;D628N;V629I	Silent;Missense;Missense	0.069807091
4519	EHMT2	Q627Q;D628N	Silent;Missense	-0.203912148
4520	EHMT2	Q627Q;D628N	Silent;Missense	-0.114692663
4521	EHMT2	L625L	Silent	-0.440258548
4522	EHMT2	P622F;P623S	Missense;Missense	-0.105512554
4523	EHMT2	A621T	Missense	0.4745401363247713
4524	EHMT2	A619T	Missense	-0.822040008
4525	EHMT2	A618T;A619T	Missense;Missense	-0.805298692
4526	EHMT2	A618T;A619T	Missense;Missense	2.021414909007605
4527	EHMT2	A618T	Missense	-1.302936331
4528	EHMT2		No Mutation	0.7996354512479154
4529	EHMT2	D609D	Silent	1.5611313876131403
4530	EHMT2	V611V	Silent	1.6815041839528644
4531	EHMT2	V611V	Silent	-0.167170742
4532	EHMT2	V611I	Missense	-0.135783296
4533	EHMT2	G610G;V611I	Silent;Missense	0.078831531
4534	EHMT2	G610K	Missense	-0.054988196
4535	EHMT2	T604T;I605I;P606S	Silent;Silent;Missense	-0.079082373
4536	EHMT2	T604I;I605I	Missense;Silent	-0.37798093
4537	EHMT2	T604I	Missense	0.4071045153009178
4538	EHMT2		No Mutation	0.041240858
4539	EHMT2		No Mutation	0.072907065
4540	EHMT2		No Mutation	0.2724351251088286
4541	EHMT2	A597V	Missense	-0.85544741
4542	EHMT2	A597T	Missense	-0.868100036
4543	EHMT2	A597T	Missense	-0.352767813
4544	EHMT2	D596N;A597T	Missense;Missense	-0.602750021
4545	EHMT2	F589F;P591S	Silent;Missense	0.004712631
4546	EHMT2	V588V;F589F	Silent;Silent	-0.099300477
4547	EHMT2	V588V;F589F	Silent;Silent	-0.553986864
4548	EHMT2	V588V	Silent	0.2874900849721071
4549	EHMT2	S582F;Q583*	Missense;Nonsense	-0.85523471
4550	EHMT2	L584L	Silent	1.1306528527936837
4551	EHMT2		No Mutation	-0.460635814
4552	EHMT2		No Mutation	-0.377966574
4553	EHMT2	V581V	Silent	-0.580673845
4554	EHMT2	C580Y;V581M	Missense;Missense	0.4664921316563406
4555	EHMT2	K578K;A579T	Silent;Missense	-0.465317971
4556	EHMT2	K578K;A579T	Silent;Missense	0.2610213339940718
4557	EHMT2	A573V;H574Y	Missense;Missense	0.2026953179208201
4558	EHMT2		No Mutation	-0.242272049
4559	EHMT2	A573T	Missense	-0.7781163
4560	EHMT2	V572V;A573T	Silent;Missense	0.3071425164879784
4561	EHMT2	V572I;A573T	Missense;Missense	-0.704505559
4562	EHMT2	C566C;H567Y;P568S	Silent;Missense;Missense	0.2198785162402359
4563	EHMT2	D569N	Missense	0.7045223859696621
4564	EHMT2		No Mutation	-0.685410895
4565	EHMT2	L564L;E565K	Silent;Missense	1.3584953157334785
4566	EHMT2	L564L;E565K	Silent;Missense	0.5418937250558814
4567	EHMT2		No Mutation	-0.673388234
4568	EHMT2		No Mutation	0.6853567756829986
4569	EHMT2	(NC);(NC);(NC);(NC)	Intron;Intron;Intron;Intron	-0.698416492
4570	EHMT2	(NC)	Intron	0.002461165
4571	EHMT2	(NC)	Intron	-0.505596252
4572	EHMT2	(NC)	Intron	0.2581330027795524
4573	EHMT2	(NC);(NC)	Intron;Intron	0.7200387649263718
4574	EHMT2	A560V	Missense	-0.449050797
4575	EHMT2	A560V	Missense	-0.034491884
4576	EHMT2	T559M;A560V	Missense;Missense	0.9197629027089153
4577	EHMT2	C554C;G555G	Silent;Silent	-0.668479841
4578	EHMT2	C558Y	Missense	-1.026611359
4579	EHMT2	G553G;C554C	Silent;Silent	0.051547493
4580	EHMT2		No Mutation	1.7433109283378674
4581	EHMT2	C554Y;G555S	Missense;Missense	0.4998883104409063
4582	EHMT2	H549Y	Missense	-0.599373864
4583	EHMT2	H548Y	Missense	0.0204255672126409
4584	EHMT2	V546V;H548Y	Silent;Missense	-0.466784471
4585	EHMT2		No Mutation	-0.885618206
4586	EHMT2		No Mutation	0.5410608055213261
4587	EHMT2		No Mutation	0.6447575337829609
4588	EHMT2	M545I;V546I	Missense;Missense	0.1113296262668499
4589	EHMT2	M545I;V546I	Missense;Missense	1.8238577779914733
4590	EHMT2	T540I;H541Y	Missense;Missense	0.6657606530989882
4591	EHMT2	E539K	Missense	-0.396903311
4592	EHMT2	C538Y;E539K	Missense;Missense	-1.122236223
4593	EHMT2	M535I;V536I	Missense;Missense	0.024639048
4594	EHMT2	L534L;M535I	Silent;Missense	1.8483341523940824
4595	EHMT2	A533T	Missense	-0.316029588
4596	EHMT2	S529S;S530S;R531C	Silent;Silent;Missense	0.007061108
4597	EHMT2	S530N;R531H	Missense;Missense	-0.528964302
4598	EHMT2	P528S	Missense	-0.533531083
4599	EHMT2	M526I	Missense	-1.049305325
4600	EHMT2	L521L	Silent	0.5249090624904065
4601	EHMT2	E524E	Silent	-0.209845578
4602	EHMT2	R523Q;E524K	Missense;Missense	-0.068384115
4603	EHMT2	A518V	Missense	1.222227883167275
4604	EHMT2	A518V	Missense	-0.186933417
4605	EHMT2	L513L	Silent	-0.424659812
4606	EHMT2	(NC);(NC)	Intron;Intron	0.6051258595735126
4607	EHMT2	(NC)	Splice-acceptor	-0.29716084
4608	EHMT2	(NC)	Splice-acceptor	0.9282827518472304
4609	EHMT2	(NC);(NC)	Intron;Intron	-0.57658725
4610	EHMT2		No Mutation	-0.68489685
4611	EHMT2		No Mutation	0.7463810750346549
4612	EHMT2		No Mutation	-0.706339515
4613	EHMT2	D510D	Silent	0.6732892537277364
4614	EHMT2	D510D	Silent	0.7050639646079047
4615	EHMT2		No Mutation	-0.648611496
4616	EHMT2		No Mutation	-0.754963677
4617	EHMT2		No Mutation	0.1835573647093941
4618	EHMT2	G511K	Missense	0.1600103244271343
4619	EHMT2		No Mutation	0.40234962
4620	EHMT2	A505V;T506I	Missense;Missense	1.444343603199715
4621	EHMT2	C503C	Silent	-0.837673318
4622	EHMT2	A499V	Missense	-0.248094682
4623	EHMT2	R498R;A499T;G500R	Silent;Missense;Missense	-0.608848692
4624	EHMT2	R494R;I495I	Silent;Silent	-0.643685059
4625	EHMT2	R494C	Missense	0.1071251479436039
4626	EHMT2	D493D;R494C	Silent;Missense	0.1373726992003221
4627	EHMT2	D493D;R494C	Silent;Missense	-0.869495999
4628	EHMT2	D493D	Silent	0.09733111
4629	EHMT2	S496N	Missense	-0.410951113
4630	EHMT2	S496N	Missense	0.1503052273332834
4631	EHMT2	K491K	Silent	1.949227928934289
4632	EHMT2	M487I;E488K	Missense;Missense	-0.220943528
4633	EHMT2	R486H;M487I	Missense;Missense	1.1458320486779137
4634	EHMT2	R486H	Missense	0.3333508811501888
4635	EHMT2	C483C	Silent	-0.763919471
4636	EHMT2	P481P;L482L	Silent;Silent	-0.876668563
4637	EHMT2	T473I	Missense	1.5200453020947682
4638	EHMT2	S470L;L471L	Missense;Silent	0.5144313769423727
4639	EHMT2	S470L;L471L	Missense;Silent	-0.43995193
4640	EHMT2	S470S;L471L	Silent;Silent	-1.430134612
4641	EHMT2	S465S	Silent	-0.128393986
4642	EHMT2	D467N	Missense	-0.371943313
4643	EHMT2		No Mutation	-0.443783072
4644	EHMT2	V464V	Silent	-1.068956248
4645	EHMT2	(NC)	Splice-acceptor	-2.422967611
4646	EHMT2	(NC);(NC)	Intron;Intron	0.0178444475810073
4647	EHMT2	(NC);(NC)	Intron;Intron	0.5971161621013459
4648	EHMT2		No Mutation	-0.085002454
4649	EHMT2		No Mutation	-0.545224287
4650	EHMT2		No Mutation	0.2324798769190492
4651	EHMT2	(NC)	Intron	0.5280964905582282
4652	EHMT2	(NC)	Intron	0.4004240180425668
4653	EHMT2		No Mutation	-0.772919102
4654	EHMT2	(NC)	Splice-donor	0.2048576970650814
4655	EHMT2	A462T;G463R	Missense;Missense	-0.431725411
4656	EHMT2	A462T	Missense	-0.497560257
4657	EHMT2	L457F;S458F	Missense;Missense	-0.719939846
4658	EHMT2		No Mutation	-0.402033072
4659	EHMT2		No Mutation	1.6321839053687477
4660	EHMT2	E454K;G455R	Missense;Missense	0.2305845866764048
4661	EHMT2	S453N;E454K	Missense;Missense	0.3729230773061167
4662	EHMT2		No Mutation	0.1256657531466418
4663	EHMT2	L449L	Silent	0.2354171389513367
4664	EHMT2	S448S;L449L	Silent;Silent	-0.968099051
4665	EHMT2	E450K	Missense	0.3369978313623647
4666	EHMT2	L449L;E450K	Silent;Missense	-0.320034176
4667	EHMT2	V444V;P445S	Silent;Missense	-0.817414008
4668	EHMT2	Y441Y	Silent	-0.738488985
4669	EHMT2	Y441Y	Silent	1.2293561825404935
4670	EHMT2	Y441Y	Silent	-0.197100529
4671	EHMT2	E443E;V444I	Silent;Missense	1.249965931703639
4672	EHMT2	E443K;V444I	Missense;Missense	-0.577900631
4673	EHMT2	M442I;E443K;V444I	Missense;Missense;Missense	-0.958912318
4674	EHMT2	G437G;P438F	Silent;Missense	-1.241059829
4675	EHMT2	E440E	Silent	0.1429021244651532
4676	EHMT2	G437G;P438S	Silent;Missense	-0.294625837
4677	EHMT2		No Mutation	-0.09854703
4678	EHMT2	(NC)	Intron	0.4204234571799541
4679	EHMT2	(NC)	Intron	-0.350330365
4680	EHMT2	(NC)	Intron	0.8711593007093336
4681	EHMT2	(NC);(NC);(NC)	Intron;Intron;Intron	-0.971983172
4682	EHMT2		No Mutation	0.3286043686394537
4683	EHMT2	(NC)	Intron	0.7989690769742454
4684	EHMT2	(NC);(NC);(NC)	Splice-donor;Intron;Intron	1.6257572571887982
4685	EHMT2	P427S	Missense	-0.431128826
4686	EHMT2	A424A	Silent	0.2844270235504487
4687	EHMT2	R428Q	Missense	-0.177226104
4688	EHMT2	R423W;A424V	Missense;Missense	0.5941779231061166
4689	EHMT2	E426K	Missense	-0.129306495
4690	EHMT2	P421S	Missense	-0.752488428
4691	EHMT2	R417R;R419W	Silent;Missense	1.1214047683514845
4692	EHMT2	R417R	Silent	-0.267797398
4693	EHMT2	R417H	Missense	0.1794360240029153
4694	EHMT2	R414W	Missense	0.545092835
4695	EHMT2	P408L	Missense	0.092328309
4696	EHMT2	R404*	Nonsense	-0.581207576
4697	EHMT2	R404*	Nonsense	0.070625535
4698	EHMT2	K400K;K401K	Silent;Silent	-0.867966551
4699	EHMT2	R397R	Silent	0.1578656201904279
4700	EHMT2	K398K;A399T	Silent;Missense	-0.002615254
4701	EHMT2	S393F	Missense	-0.802353745
4702	EHMT2	G395N	Missense	-0.84381946
4703	EHMT2	S394N;G395N	Missense;Missense	-1.084193477
4704	EHMT2		No Mutation	0.6516972147251278
4705	EHMT2	S394N	Missense	0.1668173142052494
4706	EHMT2		No Mutation	-0.615467771
4707	EHMT2	G392D	Missense	-0.979627215
4708	EHMT2	(NC);(NC);(NC)	Intron;Intron;Intron	0.2796123780172732
4709	EHMT2	G392N	Missense	-0.893294223
4710	EHMT2	S391N;G392N	Missense;Missense	1.6222132201953643
4711	EHMT2	(NC);S391N	Splice-acceptor;Missense	0.8728138560014067
4712	EHMT2	(NC);(NC);(NC);(NC)	Intron;Intron;Intron;Intron	-0.694569923
4713	EHMT2		No Mutation	-0.0278821
4714	EHMT2	S388L	Missense	-0.461886946
4715	EHMT2		No Mutation	0.1315702601917691
4716	EHMT2	S384L	Missense	-0.30033516
4717	EHMT2		No Mutation	0.8768774863018897
4718	EHMT2		No Mutation	0.040994393
4719	EHMT2		No Mutation	-1.89738396
4720	EHMT2		No Mutation	-0.594316955
4721	EHMT2		No Mutation	0.471102760479487
4722	EHMT2		No Mutation	0.095407602
4723	EHMT2		No Mutation	-0.973161499
4724	EHMT2		No Mutation	-0.959957767
4725	EHMT2		No Mutation	-0.467387763
4726	EHMT2		No Mutation	-0.566160864
4727	EHMT2		No Mutation	-0.872624845
4728	EHMT2		No Mutation	-1.757573864
4729	EHMT2	L355L	Silent	-0.406544941
4730	EHMT2	Q354*;L355L	Nonsense;Silent	-1.120193147
4731	EHMT2	Q354*	Nonsense	0.3732711245622979
4732	EHMT2	A350T	Missense	-0.142677554
4733	EHMT2	A350T	Missense	0.3613461265281873
4734	EHMT2	E347K;V348I	Missense;Missense	-0.286146817
4735	EHMT2	S344S	Silent	0.454947784
4736	EHMT2	(NC);(NC)	Intron;Intron	-0.262383464
4737	EHMT2	R339R	Silent	-0.01824357
4738	EHMT2	E338E;R339H	Silent;Missense	1.0253576380050005
4739	EHMT2	Y334Y;S335F	Silent;Missense	0.004867312
4740	EHMT2	Y330Y	Silent	1.4992901413821724
4741	EHMT2	S315S;L316L	Silent;Silent	-0.215658801
4742	EHMT2	E318E;W319*	Silent;Nonsense	0.6517768848032235
4743	EHMT2	E318K;W319*	Missense;Nonsense	0.9713164852223172
4744	EHMT2	E317E;E318K	Silent;Missense	-0.016978331
4745	EHMT2	P313P	Silent	-0.556067294
4746	EHMT2	P313L	Missense	-0.13428382
4747	EHMT2	D312D;P313S	Silent;Missense	0.215116554699853
4748	EHMT2		No Mutation	1.0440784637544231
4749	EHMT2	G314R	Missense	-0.49822877
4750	EHMT2		No Mutation	-0.811181822
4751	EHMT2	T309M	Missense	0.5180850231841515
4752	EHMT2	L308L;T309M	Silent;Missense	0.5123633950541083
4753	EHMT2		No Mutation	0.1913971179270813
4754	EHMT2		No Mutation	0.3332730655051772
4755	EHMT2		No Mutation	1.8524367426371648
4756	EHMT2	V306I	Missense	1.0186655020924602
4757	EHMT2	V306I	Missense	0.3886636281441158
4758	EHMT2	S299F	Missense	-0.234955312
4759	EHMT2		No Mutation	0.6147001167302387
4760	EHMT2		No Mutation	0.4927623802049921
4761	EHMT2	(NC);(NC)	Intron;Intron	0.003041438
4762	EHMT2	G292G;L293L	Silent;Silent	-0.14868479
4763	EHMT2	N288N	Silent	0.2242837521880358
4764	EHMT2	L287L	Silent	-0.824042366
4765	EHMT2		No Mutation	1.286346712221066
4766	EHMT2	L287L	Silent	-0.566678642
4767	EHMT2		No Mutation	0.6795476708579427
4768	EHMT2	(NC)	Intron	-0.390406609
4769	EHMT2	(NC);(NC)	Intron;Intron	-1.113899945
4770	EHMT2		No Mutation	0.1302814448994806
4771	EHMT2		No Mutation	-1.276129824
4772	EHMT2	(NC);(NC);(NC)	Intron;Intron;Intron	0.6328632977611732
4773	EHMT2		No Mutation	-0.475447177
4774	EHMT2	L274L	Silent	1.567739496984253
4775	EHMT2	K276K;V277I	Silent;Missense	-1.942853488
4776	EHMT2	V271V;H272Y	Silent;Missense	-2.027203803
4777	EHMT2		No Mutation	0.2992761348062468
4778	EHMT2		No Mutation	-0.697041258
4779	EHMT2	V271I	Missense	0.6404302120670092
4780	EHMT2	R266H	Missense	0.1659200256718941
4781	EHMT2		No Mutation	-0.436230394
4782	EHMT2		No Mutation	0.2954873738248682
4783	EHMT2		No Mutation	0.040730785
4784	EHMT2	E261K	Missense	-0.53494393
4785	EHMT2	E261K	Missense	-0.714637794
4786	EHMT2	R258Q	Missense	0.637842496
4787	EHMT2	K257K;R258Q	Silent;Missense	-0.886986922
4788	EHMT2	K257K;R258Q	Silent;Missense	0.648224911
4789	EHMT2	K257K;R258Q	Silent;Missense	-0.596702077
4790	EHMT2	P252L;P253L	Missense;Missense	0.063738284
4791	EHMT2	E256K	Missense	-0.310093185
4792	EHMT2		No Mutation	0.1992793740901413
4793	EHMT2	(NC)	Splice-acceptor	0.2140764791083587
4794	EHMT2	(NC);(NC)	Intron;Intron	0.3318980403033033
4795	EHMT2		No Mutation	0.2425828780458885
4796	EHMT2		No Mutation	0.6746871119844868
4797	EHMT2	Q251*	Nonsense	0.3955179676112706
4798	EHMT2	Q251*	Nonsense	1.208631713369692
4799	EHMT2	(NC);(NC);(NC)	Splice-donor;Intron;Intron	-0.049546087
4800	EHMT2		No Mutation	-0.133410846
4801	EHMT2		No Mutation	-1.311111587
4802	EHMT2	G250E;Q251Q	Missense;Silent	0.1782766019827805
4803	EHMT2	S245S;P247S	Silent;Missense	0.81922562
4804	EHMT2	G248E	Missense	0.084436824
4805	EHMT2	S245F	Missense	0.064303755
4806	EHMT2	T243I	Missense	0.4818097000154484
4807	EHMT2	R241H	Missense	0.8566941015545533
4808	EHMT2	A240T;R241H	Missense;Missense	0.465213153459276
4809	EHMT2	K236K;V237I	Silent;Missense	-0.029470562
4810	EHMT2	K236K;V237I	Silent;Missense	-0.062022627
4811	EHMT2	S230S;P231L	Silent;Missense	0.05579277443132
4812	EHMT2	G233E;Q234Q	Missense;Silent	0.5122228492755097
4813	EHMT2	E232E;G233K	Silent;Missense	-0.43196059
4814	EHMT2	E232K	Missense	-0.988974287
4815	EHMT2	A227V;T228I	Missense;Missense	0.1192271892885188
4816	EHMT2	S230N	Missense	-0.259184965
4817	EHMT2	A227V	Missense	-0.275965255
4818	EHMT2	T229T;S230N	Silent;Missense	1.0152621290786388
4819	EHMT2	T229T;S230N	Silent;Missense	-0.639215407
4820	EHMT2	T229T;S230N	Silent;Missense	-0.366282122
4821	EHMT2	A220T;G221R	Missense;Missense	0.1600238000306393
4822	EHMT2	A220T	Missense	2.220125499483079
4823	EHMT2		No Mutation	-0.263893753
4824	EHMT2	Q215*	Nonsense	0.6635780002244728
4825	EHMT2	A217T;A218T	Missense;Missense	-0.088903927
4826	EHMT2		No Mutation	-0.806428599
4827	EHMT2		No Mutation	0.042311201
4828	EHMT2	L208L	Silent	0.6937596560994612
4829	EHMT2	M206I;R207K	Missense;Missense	-0.231632674
4830	EHMT2	V201V;Q202*	Silent;Nonsense	0.9618924374914992
4831	EHMT2	L204L;A205T	Silent;Missense	-1.004943747
4832	EHMT2	S203N	Missense	-0.883311036
4833	EHMT2	P199L	Missense	-0.347437265
4834	EHMT2	G193K	Missense	-0.916325789
4835	EHMT2	S190L	Missense	0.7313765843651735
4836	EHMT2		No Mutation	-0.383149595
4837	EHMT2	A187A	Silent	0.08940979
4838	EHMT2	M191I	Missense	0.0164094835676641
4839	EHMT2	A187V	Missense	-0.53956671
4840	EHMT2	A187V	Missense	0.3810592829366622
4841	EHMT2	M189I	Missense	-0.030938469
4842	EHMT2	K188K	Silent	-0.653494057
4843	EHMT2		No Mutation	-1.343069793
4844	EHMT2		No Mutation	3.820026174640891
4845	EHMT2	C183Y	Missense	1.355050394791387
4846	EHMT2	C183Y	Missense	-0.634743635
4847	EHMT2		No Mutation	0.0591305612838843
4848	EHMT2	G181D	Missense	-1.299059327
4849	EHMT2	K179K;G180K	Silent;Missense	-0.359872125
4850	EHMT2	K179K;G180K	Silent;Missense	-0.32900923
4851	EHMT2	K179K;G180R	Silent;Missense	0.2044327689106784
4852	EHMT2	S175F;S176F	Missense;Missense	-0.282036448
4853	EHMT2	P174P;S175F	Silent;Missense	-0.898943695
4854	EHMT2	P174L;S175F	Missense;Missense	-1.155721435
4855	EHMT2	P174F;S175F	Missense;Missense	-0.205512072
4856	EHMT2	F173F;P174F	Silent;Missense	1.4660121558953116
4857	EHMT2		No Mutation	-0.158703664
4858	EHMT2		No Mutation	0.4674990299421543
4859	EHMT2	A169T	Missense	-0.21253922
4860	EHMT2		No Mutation	-0.425855953
4861	EHMT2	(NC)	Intron	-0.05257898
4862	EHMT2	(NC)	Intron	-0.519995327
4863	EHMT2		No Mutation	-0.821187176
4864	EHMT2		No Mutation	1.2059019444965569
4865	EHMT2		No Mutation	-0.53104129
4866	EHMT2	(NC);(NC);(NC)	Intron;Intron;Intron	-0.025228415
4867	EHMT2	L165L;L166L	Silent;Silent	-0.053697973
4868	EHMT2	I164I;L165L;L166L	Silent;Silent;Silent	-0.470062526
4869	EHMT2	(NC);(NC)	Intron;Intron	0.6998322811690703
4870	EHMT2	I164I	Silent	-0.878927711
4871	EHMT2	L165L	Silent	-0.397393097
4872	EHMT2		No Mutation	-1.611274314
4873	EHMT2		No Mutation	-0.057755078
4874	EHMT2	R163R	Silent	-0.624033109
4875	EHMT2	D158D	Silent	0.6459507671199095
4876	EHMT2		No Mutation	0.03017676
4877	EHMT2		No Mutation	-0.111944043
4878	EHMT2		No Mutation	-0.246516587
4879	EHMT2		No Mutation	0.1802214383181227
4880	EHMT2	L153F	Missense	-0.132717922
4881	EHMT2		No Mutation	0.536923747
4882	EHMT2		No Mutation	0.1140699463386812
4883	EHMT2	S150F	Missense	1.2105848910057049
4884	EHMT2		No Mutation	-0.319672326
4885	EHMT2	E149K	Missense	-0.532984223
4886	EHMT2	A142V	Missense	-0.557488821
4887	EHMT2	A142V	Missense	-0.546183644
4888	EHMT2	A142V	Missense	0.9138190063478148
4889	EHMT2		No Mutation	0.6942765297183283
4890	EHMT2		No Mutation	0.4636109563214222
4891	EHMT2		No Mutation	-0.146668273
4892	EHMT2	A136V	Missense	-0.942485174
4893	EHMT2	A136V	Missense	0.2412759243733399
4894	EHMT2	A136V	Missense	0.7217158464688935
4895	EHMT2	V129V;T130I	Silent;Missense	0.1090932305030439
4896	EHMT2	V129V;T130I	Silent;Missense	-1.209296434
4897	EHMT2	V129V;T130I	Silent;Missense	0.8717417573936233
4898	EHMT2	V129V	Silent	-0.803812416
4899	EHMT2	V131I	Missense	-0.549965984
4900	EHMT2	S126F	Missense	-1.009077913
4901	EHMT2	V129I	Missense	0.1699397241025054
4902	EHMT2	V127I	Missense	-0.413686012
4903	EHMT2	V127I	Missense	0.5165095414618346
4904	EHMT2	V127I	Missense	-0.592073691
4905	EHMT2		No Mutation	0.2475095336639166
4906	EHMT2		No Mutation	-0.56297991
4907	EHMT2	G120D	Missense	-0.139178882
4908	EHMT2	A119T	Missense	-0.797873342
4909	EHMT2	A119T	Missense	1.081855785
4910	EHMT2	E117E;A119T	Silent;Missense	-0.395425576
4911	EHMT2	E117E	Silent	-0.875730549
4912	EHMT2	D114D;S115F	Silent;Missense	0.198043410148283
4913	EHMT2	L116L;E117K	Silent;Missense	-0.524659413
4914	EHMT2		No Mutation	0.5311752573881428
4915	EHMT2	D114N	Missense	0.1856721151880705
4916	EHMT2	A111V	Missense	-0.50334095
4917	EHMT2	D114N	Missense	0.7355099303183787
4918	EHMT2		No Mutation	0.038873771
4919	EHMT2		No Mutation	1.2016483734189316
4920	EHMT2		No Mutation	0.0578846612157764
4921	EHMT2		No Mutation	0.9927087965351464
4922	EHMT2		No Mutation	-0.517653322
4923	EHMT2	H95Y	Missense	0.8434703615655437
4924	EHMT2	(NC)	Intron	-0.284457073
4925	EHMT2	G96D	Missense	0.2515305438731343
4926	EHMT2	(NC)	Intron	-0.841212673
4927	EHMT2	(NC)	Intron	0.1080097881950722
4928	EHMT2	(NC);(NC)	Intron;Intron	-0.132037453
4929	EHMT2		No Mutation	0.1951544012747068
4930	EHMT2		No Mutation	-1.25695046
4931	EHMT2	(NC);(NC)	Intron;Intron	0.3077539368719668
4932	EHMT2	(NC);(NC)	Intron;Intron	-1.02625741
4933	EHMT2	E92E;R93K	Silent;Missense	-0.196479064
4934	EHMT2		No Mutation	-0.55205535
4935	EHMT2	L83L	Silent	-1.046614319
4936	EHMT2	A80V;L81L	Missense;Silent	-0.055081327
4937	EHMT2		No Mutation	1.0111304701434374
4938	EHMT2	A80A;L81L	Silent;Silent	-0.797985471
4939	EHMT2	A80T	Missense	0.30019088
4940	EHMT2	G79G;A80T	Silent;Missense	-0.391468304
4941	EHMT2	G79E;A80T	Missense;Missense	-0.444050752
4942	EHMT2	A74V;P75S	Missense;Missense	-0.827116058
4943	EHMT2	A74V	Missense	-0.233159996
4944	EHMT2	A74V	Missense	0.1250366772419502
4945	EHMT2		No Mutation	1.8731933449206453
4946	EHMT2	A76T	Missense	-0.217972345
4947	EHMT2		No Mutation	-0.306008506
4948	EHMT2	A74T	Missense	-0.468452353
4949	EHMT2	E73E;A74T	Silent;Missense	-0.982575545
4950	EHMT2	Q71Q;G72K	Silent;Missense	1.4358404882695472
4951	EHMT2	L68F;P69S	Missense;Missense	-0.798186087
4952	EHMT2	Q71Q;G72R	Silent;Missense	0.075709231
4953	EHMT2	L68F	Missense	-0.123239327
4954	EHMT2	P66L	Missense	-0.255545826
4955	EHMT2	P66F	Missense	0.1953742679591648
4956	EHMT2		No Mutation	0.5634543970630497
4957	EHMT2	V65V;P66F	Silent;Missense	-0.24680177
4958	EHMT2		No Mutation	0.4024574023291415
4959	EHMT2		No Mutation	0.4001180525339031
4960	EHMT2	C67Y	Missense	0.068222061
4961	EHMT2	G59G;L60L	Silent;Silent	-1.152145724
4962	EHMT2	G59E;L60L	Missense;Silent	-0.663321496
4963	EHMT2	G59K	Missense	0.043179577
4964	EHMT2	G59K	Missense	-0.135701022
4965	EHMT2	G59K	Missense	0.780872115
4966	EHMT2	T53I;P54F	Missense;Missense	0.2605373403853579
4967	EHMT2		No Mutation	-0.570983948
4968	EHMT2	T53I;P54F	Missense;Missense	-0.486783145
4969	EHMT2		No Mutation	0.2950872123840812
4970	EHMT2		No Mutation	0.6989155985461564
4971	EHMT2	W52*	Nonsense	0.5641353832010692
4972	EHMT2	W52*	Nonsense	-0.021887679
4973	EHMT2	P46L	Missense	0.3921918923449659
4974	EHMT2	L43L;S44F;L45F	Silent;Missense;Missense	0.9976940455161428
4975	EHMT2	R47K;A48T	Missense;Missense	-0.878789583
4976	EHMT2	S41S;L42L;L43F	Silent;Silent;Missense	0.354830289699475
4977	EHMT2		No Mutation	0.4414624219471476
4978	EHMT2	S41S;L42L	Silent;Silent	-0.277312972
4979	EHMT2		No Mutation	1.5517491887348416
4980	EHMT2		No Mutation	-1.599282347
4981	EHMT2	R38K	Missense	-0.833257341
4982	EHMT2		No Mutation	0.4770668812713843
4983	EHMT2	G37D;R38K	Missense;Missense	-0.751575697
4984	EHMT2	G37N;R38K	Missense;Missense	-0.316731304
4985	EHMT2	P32L;H33Y	Missense;Missense	-1.482829918
4986	EHMT2	P32F	Missense	0.712964736
4987	EHMT2		No Mutation	-0.216849299
4988	EHMT2	G31G	Silent	0.3138993102191382
4989	EHMT2	R29R;G30K;G31R	Silent;Missense;Missense	2.8596487168458697
4990	EHMT2	G26G	Silent	-0.604301768
4991	EHMT2	R25*	Nonsense	-1.283042752
4992	EHMT2	S24S;R25*	Silent;Nonsense	-0.41480576
4993	EHMT2	S24S;R25*	Silent;Nonsense	-0.098700272
4994	EHMT2	S24S;R25*	Silent;Nonsense	0.627723807
4995	EHMT2	R27H;G28K	Missense;Missense	2.046010380487312
4996	EHMT2	G23G;S24S;R25*	Silent;Silent;Nonsense	-0.933757526
4997	EHMT2	G23G;S24S	Silent;Silent	0.2863880777080873
4998	EHMT2	G26N;R27H	Missense;Missense	-0.263824668
4999	EHMT2	G26N	Missense	0.057772412
5000	EHMT2	R25Q;G26N	Missense;Missense	0.5899457710003599
5001	EHMT2	P22L	Missense	0.4024389073477217
5002	EHMT2	A20V;P21F	Missense;Missense	-0.608364245
5003	EHMT2	R18C	Missense	-0.675143182
5004	EHMT2	R18C	Missense	0.111091527793063
5005	EHMT2	A19T;A20T	Missense;Missense	-0.159162874
5006	EHMT2	R18H;A19T	Missense;Missense	-0.548087652
5007	EHMT2	A13A;R14W	Silent;Missense	0.028120649
5008	EHMT2	R12W	Missense	0.2134257526093386
5009	EHMT2	R12W	Missense	-0.922417544
5010	EHMT2		No Mutation	0.3238714721778414
5011	EHMT2		No Mutation	-1.409227193
5012	EHMT2		No Mutation	1.6653811848755204
5013	EHMT2		No Mutation	0.1007725507619725
5014	EHMT2		No Mutation	-0.24893633
5015	EHMT2	L10L	Silent	-0.661527422
5016	EHMT2		No Mutation	0.7748710246918222
5017	EHMT2		No Mutation	-0.397267879
5018	EHMT2	L4L	Silent	-0.44601444
5019	EHMT2	L4L	Silent	-1.274720084
5020	EHMT2	L4L	Silent	-1.313366646
5021	EHMT2		No Mutation	0.1993028193493634
5022	EHMT2	R2W	Missense	0.6476384762311885
5023	EHMT2	R2W	Missense	-0.179845972
5024	EHMT2		No Mutation	-0.274497005
5025	EHMT2		No Mutation	-1.475757442
5026	EHMT2	G3D	Missense	-0.094750958
5027	EHMT2	(NC);(NC)	Flank;Flank	0.4170114215611959
5028	EHMT2	(NC);(NC)	Flank;Flank	-0.187821594
5029	EHMT2	(NC)	Flank	-1.050089636
5030	EHMT2	(NC)	Flank	0.034857507
5031	EHMT2	(NC);(NC)	Flank;Flank	-0.958362225
5032	EHMT2	(NC);(NC)	Flank;Flank	-0.636150554
5033	SUV39H1	(NC)	UTR	-0.278891451
5034	SUV39H1	(NC)	UTR	-0.626406266
5035	SUV39H1	(NC);(NC)	UTR;UTR	-0.760399365
5036	SUV39H1	(NC)	UTR	-0.30547625
5037	SUV39H1	S5N;R6H	Missense;Missense	0.1605530750451533
5038	SUV39H1	R6R;L7L	Silent;Silent	0.7639971061337651
5039	SUV39H1	L12L;A13T	Silent;Missense	0.6768781799481438
5040	SUV39H1	L12L;A13V	Silent;Missense	-2.254529346
5041	SUV39H1	A13V	Missense	-0.221265864
5042	SUV39H1	D14D;P15L;L16L	Silent;Missense;Silent	-0.107275448
5043	SUV39H1	L16L	Silent	2.0178935784069374
5044	SUV39H1	(NC);(NC);(NC)	Intron;Intron;Intron	0.846026254
5045	SUV39H1	(NC);(NC);(NC)	Intron;Intron;Intron	0.5642057278351997
5046	SUV39H1	(NC);(NC)	Intron;Intron	-0.43931725
5047	SUV39H1	G18D;C19Y	Missense;Missense	1.368450788711971
5048	SUV39H1	C19Y	Missense	-1.470959676
5049	SUV39H1	C19Y;S20N	Missense;Missense	0.3475640407213931
5050	SUV39H1	C22Y;C23Y	Missense;Missense	1.1319713482443032
5051	SUV39H1		No Mutation	0.097145134
5052	SUV39H1	S26F	Missense	1.0579881229229553
5053	SUV39H1	Q31*	Nonsense	0.1510447572450821
5054	SUV39H1	K38K	Silent	0.5922079656290725
5055	SUV39H1		No Mutation	1.0880451615254048
5056	SUV39H1	C41Y	Missense	0.328648233639605
5057	SUV39H1	L39F;S40F	Missense;Missense	-0.509619499
5058	SUV39H1	A43T	Missense	1.034770578
5059	SUV39H1	G45D	Missense	0.1448406599736121
5060	SUV39H1	A43V;L44F	Missense;Missense	-0.494879485
5061	SUV39H1		No Mutation	-0.89778478
5062	SUV39H1		No Mutation	0.1406990612348184
5063	SUV39H1	K48K;R49K	Silent;Missense	1.335502645671817
5064	SUV39H1	K48K;R49K	Silent;Missense	-0.831578194
5065	SUV39H1	V56I;E57K	Missense;Missense	-0.467187897
5066	SUV39H1	K63K;K64K	Silent;Silent	1.708296854032284
5067	SUV39H1		No Mutation	-0.33969544
5068	SUV39H1		No Mutation	-0.524490238
5069	SUV39H1	I65I	Silent	-0.668407594
5070	SUV39H1	(NC);(NC)	Intron;Intron	-1.362653494
5071	SUV39H1	(NC)	Intron	0.09848511
5072	SUV39H1		No Mutation	-0.072161906
5073	SUV39H1	(NC);(NC);(NC)	Intron;Intron;Intron	-0.131338766
5074	SUV39H1		No Mutation	-0.283645196
5075	SUV39H1		No Mutation	-0.10436527
5076	SUV39H1	(NC)	Splice-acceptor	-1.756000856
5077	SUV39H1	(NC);(NC);(NC);(NC)	Intron;Intron;Intron;Intron	-0.040789991
5078	SUV39H1	(NC);E67K	Splice-acceptor;Missense	0.4154931852100443
5079	SUV39H1	(NC);E67K	Splice-acceptor;Missense	0.8606487463378086
5080	SUV39H1	Q68Q	Silent	0.0328815606348671
5081	SUV39H1	Q68Q;E69K	Silent;Missense	0.5801258328005308
5082	SUV39H1	Q68Q;E69K	Silent;Missense	0.3223909838671847
5083	SUV39H1	E69K	Missense	-0.7167726
5084	SUV39H1		No Mutation	0.5426917717684431
5085	SUV39H1	Q68*	Nonsense	-0.453849592
5086	SUV39H1		No Mutation	0.5358615953873083
5087	SUV39H1		No Mutation	-0.416870515
5088	SUV39H1	Y71Y;L72L	Silent;Silent	-0.133047291
5089	SUV39H1	G77K	Missense	1.262632280905124
5090	SUV39H1	P79L;D80D	Missense;Silent	0.5594271238118728
5091	SUV39H1	D80D	Silent	1.0637932109385653
5092	SUV39H1	W85*	Nonsense	0.8077620439770131
5093	SUV39H1	S83S	Silent	-0.205814669
5094	SUV39H1	Q89Q	Silent	1.165623753347263
5095	SUV39H1	K92K;C93Y	Silent;Missense	0.0499468
5096	SUV39H1	I96I;L97F	Silent;Missense	-0.964731661
5097	SUV39H1	K102K;D103N	Silent;Missense	0.3759186992491492
5098	SUV39H1	F100F;H101Y	Silent;Missense	-0.57525033
5099	SUV39H1	F100F;H101Y	Silent;Missense	0.0167270391742473
5100	SUV39H1	R106K;E107K	Missense;Missense	-1.093995499
5101	SUV39H1		No Mutation	1.099872776194299
5102	SUV39H1		No Mutation	0.2000980140782129
5103	SUV39H1	L109F	Missense	-0.57555235
5104	SUV39H1	R114R	Silent	-1.427049946
5105	SUV39H1	H113H;R114W	Silent;Missense	-0.405101663
5106	SUV39H1		No Mutation	0.4289880981040017
5107	SUV39H1		No Mutation	-0.476888511
5108	SUV39H1	R119Q	Missense	0.7239976319784247
5109	SUV39H1		No Mutation	1.0326784155529345
5110	SUV39H1	H120Y;L121L	Missense;Silent	-0.206876492
5111	SUV39H1		No Mutation	-0.379636698
5112	SUV39H1	S124N	Missense	0.3568561927606316
5113	SUV39H1	S124N	Missense	0.2700852396070228
5114	SUV39H1	S124N	Missense	0.4790304184866683
5115	SUV39H1	L125L;A126T	Silent;Missense	1.6472633769574432
5116	SUV39H1	S124S	Silent	-0.703379246
5117	SUV39H1		No Mutation	-0.401475327
5118	SUV39H1		No Mutation	0.3060505713969081
5119	SUV39H1	A126A;N127N	Silent;Silent	-0.559315225
5120	SUV39H1	Q131Q;K132K	Silent;Silent	-0.816122049
5121	SUV39H1	Q131*	Nonsense	-0.941091185
5122	SUV39H1	K134K	Silent	-0.671220545
5123	SUV39H1		No Mutation	-1.104413639
5124	SUV39H1		No Mutation	-0.71310331
5125	SUV39H1	A138A	Silent	-1.380188793
5126	SUV39H1	R137W	Missense	1.0148509683774338
5127	SUV39H1	R137W	Missense	-0.675075957
5128	SUV39H1	L139F;R140C	Missense;Missense	-1.598847555
5129	SUV39H1	Q144Q;E145K	Silent;Missense	1.1485097796551644
5130	SUV39H1	A148V	Missense	-1.372120063
5131	SUV39H1	A148V	Missense	0.3551922193722427
5132	SUV39H1	L153L;G154K	Silent;Missense	0.5315611115231427
5133	SUV39H1	V158I	Missense	-1.192485483
5134	SUV39H1	R155R;I156I	Silent;Silent	0.043035373
5135	SUV39H1	I156I;T157I	Silent;Missense	-0.580254441
5136	SUV39H1		No Mutation	0.1790122186679577
5137	SUV39H1		No Mutation	0.5494291526457611
5138	SUV39H1	D163D;L164L	Silent;Silent	-0.492479616
5139	SUV39H1	D163D;L164L	Silent;Silent	0.7648420079283297
5140	SUV39H1	P168P;R169Q;A170T	Silent;Missense;Missense	0.1087629581977887
5141	SUV39H1	V172I	Missense	-0.711495887
5142	SUV39H1	V172I	Missense	-0.159041185
5143	SUV39H1		No Mutation	-1.002811551
5144	SUV39H1	E176K	Missense	-0.447830398
5145	SUV39H1	I174I	Silent	0.6431063681885021
5146	SUV39H1		No Mutation	-0.514851057
5147	SUV39H1		No Mutation	-0.876934903
5148	SUV39H1		No Mutation	-0.745721869
5149	SUV39H1	G182G	Silent	3.377081407073097
5150	SUV39H1	G182G;I183I	Silent;Silent	0.056881871
5151	SUV39H1	T184T;L185F	Silent;Missense	-1.750608335
5152	SUV39H1	L185F	Missense	-0.783544434
5153	SUV39H1	V190I	Missense	-0.940788845
5154	SUV39H1	V190I;G191S	Missense;Missense	-0.343260661
5155	SUV39H1	C192Y;E193K	Missense;Missense	0.631316146
5156	SUV39H1		No Mutation	-0.97039397
5157	SUV39H1	C194C	Silent	-0.342759109
5158	SUV39H1	C194C;Q195*	Silent;Nonsense	-1.223841413
5159	SUV39H1	W199*;A200T	Nonsense;Missense	-0.250636303
5160	SUV39H1	L198L	Silent	1.265662597493455
5161	SUV39H1	L198L	Silent	0.6425870490159904
5162	SUV39H1	P201P;T202I	Silent;Missense	-0.753600474
5163	SUV39H1	T202I	Missense	-0.29858925
5164	SUV39H1	T202I	Missense	0.041058977
5165	SUV39H1		No Mutation	-0.076884091
5166	SUV39H1	C206Y	Missense	0.091964272
5167	SUV39H1	C206Y;P207P	Missense;Silent	-0.173736622
5168	SUV39H1	L211L	Silent	0.4564282379532433
5169	SUV39H1		No Mutation	0.0780155
5170	SUV39H1		No Mutation	0.4621667235854015
5171	SUV39H1	A215V	Missense	0.075942845
5172	SUV39H1	A215A;Y216Y	Silent;Silent	-0.5309419
5173	SUV39H1	D218D	Silent	0.1425475163583169
5174	SUV39H1	G220D;Q221Q	Missense;Silent	-0.142496574
5175	SUV39H1	R223R	Silent	1.5279114601435333
5176	SUV39H1	Q221*	Nonsense	0.3564378506781571
5177	SUV39H1		No Mutation	0.540592203
5178	SUV39H1	A226T;G227R	Missense;Missense	1.2849242823000784
5179	SUV39H1	E232K	Missense	1.140968138754172
5180	SUV39H1		No Mutation	-0.742349745
5181	SUV39H1		No Mutation	-0.063886595
5182	SUV39H1	N234N;S235F	Silent;Missense	0.030453651
5183	SUV39H1	G240D	Missense	0.5919168872972919
5184	SUV39H1	D242N	Missense	-0.384888049
5185	SUV39H1	C243Y	Missense	-0.872974687
5186	SUV39H1	D242D	Silent	0.1448179884354252
5187	SUV39H1	R246C	Missense	0.1484379066612204
5188	SUV39H1	R246C	Missense	-0.601970086
5189	SUV39H1	Q249Q	Silent	0.1693020384398159
5190	SUV39H1	Q249Q	Silent	0.098793386
5191	SUV39H1		No Mutation	-0.493318609
5192	SUV39H1	D255D;L256F	Silent;Missense	0.1241721180751937
5193	SUV39H1	T261T;D262N	Silent;Missense	0.4403440714988265
5194	SUV39H1	I258I	Silent	0.3715465774081394
5195	SUV39H1	I258I;F259F	Silent;Silent	-0.177375776
5196	SUV39H1	R260C;T261M	Missense;Missense	-0.700066318
5197	SUV39H1	T261M	Missense	-0.090211438
5198	SUV39H1		No Mutation	1.4878910928227354
5199	SUV39H1	G264G;R265H;G266S	Silent;Missense;Missense	-1.301882067
5200	SUV39H1		No Mutation	-0.998085405
5201	SUV39H1	G266G	Silent	-0.413147298
5202	SUV39H1	K274K	Silent	-0.35614393
5203	SUV39H1	R276H;K277K	Missense;Silent	0.1531565340899791
5204	SUV39H1	K277K	Silent	-0.588092294
5205	SUV39H1	R276R	Silent	-0.199603251
5206	SUV39H1	S279S;F280F	Silent;Silent	-1.142021592
5207	SUV39H1	F280F	Silent	1.311014704841917
5208	SUV39H1	V281V	Silent	-0.100284183
5209	SUV39H1		No Mutation	0.069937242
5210	SUV39H1	Y284Y	Silent	-1.521258953
5211	SUV39H1		No Mutation	0.5366231511762681
5212	SUV39H1		No Mutation	-0.862913558
5213	SUV39H1		No Mutation	-0.056590392
5214	SUV39H1		No Mutation	-1.161146044
5215	SUV39H1		No Mutation	0.2139923262454657
5216	SUV39H1		No Mutation	0.7225200860259043
5217	SUV39H1	(NC)	Splice-acceptor	-0.425757748
5218	SUV39H1	(NC)	Splice-acceptor	0.8983876786667432
5219	SUV39H1		No Mutation	0.6115597211571407
5220	SUV39H1		No Mutation	0.2141923892873014
5221	SUV39H1	(NC)	Intron	1.1028893153139077
5222	SUV39H1	I288I	Silent	-0.215355353
5223	SUV39H1	E292K	Missense	-0.715369483
5224	SUV39H1	E292K	Missense	-0.701685251
5225	SUV39H1	T290I;S291L	Missense;Missense	-0.589283327
5226	SUV39H1	S291L	Missense	0.9550792270703832
5227	SUV39H1		No Mutation	0.6379888840589809
5228	SUV39H1		No Mutation	-0.179326123
5229	SUV39H1	E295E;R296Q	Silent;Missense	-0.249061146
5230	SUV39H1	G298G;Q299*	Silent;Nonsense	-1.215014979
5231	SUV39H1	Q299*	Nonsense	1.1022596198842738
5232	SUV39H1	Q304Q;G305S	Silent;Missense	0.5641233051124388
5233	SUV39H1		No Mutation	-0.287869781
5234	SUV39H1	A306A;T307I	Silent;Missense	1.6880730105623876
5235	SUV39H1	L312L	Silent	0.1339086975979226
5236	SUV39H1	L312L;D313N	Silent;Missense	-1.02342001
5237	SUV39H1	L309L	Silent	-0.359476165
5238	SUV39H1	D311D;L312L	Silent;Silent	-0.249703343
5239	SUV39H1	V315M	Missense	-0.555554408
5240	SUV39H1	E316E;D317N;V318M	Silent;Missense;Missense	-0.391942751
5241	SUV39H1		No Mutation	-0.294756377
5242	SUV39H1		No Mutation	-0.032511741
5243	SUV39H1		No Mutation	-0.307653576
5244	SUV39H1		No Mutation	-1.340860596
5245	SUV39H1		No Mutation	-0.323632072
5246	SUV39H1	H331H	Silent	0.1280199614707708
5247	SUV39H1		No Mutation	-0.021705348
5248	SUV39H1	S336N	Missense	1.1083491338814946
5249	SUV39H1	S336N;(NC)	Missense;Splice-donor	-0.768851822
5250	SUV39H1	H335Y	Missense	0.6616137077606312
5251	SUV39H1		No Mutation	-0.28232743
5252	SUV39H1	(NC)	Intron	1.2426377413795646
5253	SUV39H1		No Mutation	-0.410259483
5254	SUV39H1		No Mutation	-0.498196138
5255	SUV39H1	(NC)	Intron	0.3759926083573398
5256	SUV39H1	(NC)	Intron	1.3084306728085378
5257	SUV39H1		No Mutation	0.1928573546099096
5258	SUV39H1	L341L	Silent	0.6766268673801237
5259	SUV39H1	L341L	Silent	0.1702809820655962
5260	SUV39H1	V343V	Silent	-0.43374262
5261	SUV39H1		No Mutation	-0.581565664
5262	SUV39H1		No Mutation	0.4842330387087014
5263	SUV39H1	V346I	Missense	-0.525928472
5264	SUV39H1	D349D	Silent	0.3875934363662468
5265	SUV39H1	L355L	Silent	-0.569400465
5266	SUV39H1	A362T	Missense	-0.102734547
5267	SUV39H1	A362T	Missense	0.3876816158695579
5268	SUV39H1	A362T	Missense	0.3846025072580821
5269	SUV39H1	A362V	Missense	-1.646810843
5270	SUV39H1	A362V	Missense	-0.826461459
5271	SUV39H1	T363I	Missense	0.5315796670452146
5272	SUV39H1	R367Q;A368T	Missense;Missense	-0.21983137
5273	SUV39H1	T365I	Missense	-1.169745435
5274	SUV39H1	E370E;E371K	Silent;Missense	1.1181792598473157
5275	SUV39H1	E371E	Silent	-0.565784756
5276	SUV39H1		No Mutation	-0.132206038
5277	SUV39H1		No Mutation	0.38032386
5278	SUV39H1	Y376Y	Silent	0.029408538963976
5279	SUV39H1	M378I	Missense	-0.242812438
5280	SUV39H1	Y376Y	Silent	0.8696415810367708
5281	SUV39H1	Y376Y	Silent	-0.474530261
5282	SUV39H1	N377N	Silent	0.7860781836231934
5283	SUV39H1	Q379*	Nonsense	0.348349574
5284	SUV39H1	Q379*	Nonsense	0.3600996484271066
5285	SUV39H1		No Mutation	-0.691479584
5286	SUV39H1		No Mutation	0.035064862
5287	SUV39H1		No Mutation	1.326207881800915
5288	SUV39H1		No Mutation	-0.439313237
5289	SUV39H1	(NC)	Intron	0.305651314
5290	SUV39H1		No Mutation	0.615935347
5291	SUV39H1	(NC)	Splice-acceptor	2.471649725413898
5292	SUV39H1	(NC)	Splice-acceptor	0.2342031374322358
5293	SUV39H1	(NC);(NC);(NC)	Intron;Intron;Intron	1.908611638124181
5294	SUV39H1		No Mutation	-0.682163072
5295	SUV39H1	V383V;D384N	Silent;Missense	-0.524910489
5296	SUV39H1	E386E;S387N	Silent;Missense	-0.319926569
5297	SUV39H1	S387N	Missense	-0.099499957
5298	SUV39H1	S387N	Missense	0.2229472191396944
5299	SUV39H1	D384D	Silent	-0.180956144
5300	SUV39H1	R389C	Missense	0.4399199182394379
5301	SUV39H1		No Mutation	-0.584177533
5302	SUV39H1	D391D	Silent	-0.86309651
5303	SUV39H1	G395S	Missense	-0.143726134
5304	SUV39H1	S392F	Missense	-0.486438914
5305	SUV39H1	S392F;N393N	Missense;Silent	0.8392276239584993
5306	SUV39H1	G398K	Missense	0.2222076194840252
5307	SUV39H1	G395G;L396L	Silent;Silent	0.2043690214000262
5308	SUV39H1	G401N	Missense	0.9026438314733426
5309	SUV39H1	P400L;G401G	Missense;Silent	-0.12684604
5310	SUV39H1	G401G	Silent	-0.212974631
5311	SUV39H1	K404K;K405K	Silent;Silent	-0.240813993
5312	SUV39H1	K405K;R406Q	Silent;Missense	0.3271647529213367
5313	SUV39H1	R408H	Missense	-0.024958032
5314	SUV39H1	R408H	Missense	0.036983642
5315	SUV39H1	R408H	Missense	0.4171027919577039
5316	SUV39H1	R408C	Missense	-0.207593786
5317	SUV39H1		No Mutation	0.1523245717413897
5318	SUV39H1	K412K;C413Y;G414R	Silent;Missense;Missense	0.5674910498359125
5319	SUV39H1		No Mutation	1.980448488658312
5320	SUV39H1	*424*	Silent	-0.017847146
5321	SUV39H1	(NC);(NC)	UTR;UTR	-0.270742769
5322	SUV39H1	(NC);(NC)	UTR;UTR	0.3930601191601011
5323	SUV39H1	(NC);(NC)	UTR;UTR	-0.212389323
5324	SUV39H1	(NC);(NC)	UTR;UTR	1.1598714537636898
5325	SUV39H2	(NC)	UTR	0.00290616
5326	SUV39H2		No Mutation	-0.533552263
5327	SUV39H2	(NC)	UTR	-0.194502562
5328	SUV39H2	(NC);(NC)	UTR;UTR	-0.769009011
5329	SUV39H2	(NC)	UTR	2.002828557463211
5330	SUV39H2	(NC)	UTR	-0.319512256
5331	SUV39H2	(NC)	UTR	0.7007591012203573
5332	SUV39H2	A2V	Missense	0.2926408956107539
5333	SUV39H2	V4V	Silent	1.3074825603761877
5334	SUV39H2	A6V	Missense	0.1122030401460169
5335	SUV39H2	A6A	Silent	-1.494413902
5336	SUV39H2	A8V;R9*	Missense;Nonsense	1.0516053761737476
5337	SUV39H2	(NC);(NC);(NC)	Splice-donor;Intron;Intron	0.2757172458066312
5338	SUV39H2		No Mutation	0.8428429476363954
5339	SUV39H2	D21N	Missense	-0.249783154
5340	SUV39H2	S19L;L20F	Missense;Missense	0.918435074172382
5341	SUV39H2		No Mutation	0.6237509096557672
5342	SUV39H2	L32F;T33I	Missense;Missense	-0.262765422
5343	SUV39H2	S36L	Missense	-0.10127558
5344	SUV39H2		No Mutation	0.3948357589638899
5345	SUV39H2	L44L	Silent	0.8558131362097499
5346	SUV39H2	L44L	Silent	0.496535355829178
5347	SUV39H2	Y51Y	Silent	0.5458622078969533
5348	SUV39H2	D54D	Silent	0.4656806528521724
5349	SUV39H2	Y55Y	Silent	-0.774786955
5350	SUV39H2		No Mutation	0.6497679551883917
5351	SUV39H2	L65F	Missense	0.3463557450833714
5352	SUV39H2		No Mutation	-0.063190181
5353	SUV39H2	P72L	Missense	-0.260542646
5354	SUV39H2		No Mutation	0.9781198441268876
5355	SUV39H2	W78*	Nonsense	-0.820385695
5356	SUV39H2	Q91Q	Silent	0.05796478
5357	SUV39H2		No Mutation	-0.07354536
5358	SUV39H2	H98Y	Missense	-0.312038769
5359	SUV39H2	S102F	Missense	0.4684239229207305
5360	SUV39H2		No Mutation	-1.080973844
5361	SUV39H2	V128I	Missense	-1.033647046
5362	SUV39H2		No Mutation	1.3615262660658836
5363	SUV39H2		No Mutation	-0.121136199
5364	SUV39H2		No Mutation	0.6363938934519745
5365	SUV39H2		No Mutation	0.4601469902397987
5366	SUV39H2		No Mutation	0.1044527948929819
5367	SUV39H2	T159I	Missense	0.9142405410129776
5368	SUV39H2		No Mutation	-1.573227733
5369	SUV39H2		No Mutation	0.6632982197477014
5370	SUV39H2		No Mutation	1.341312185117524
5371	SUV39H2		No Mutation	-0.402774048
5372	SUV39H2	S182N	Missense	-0.15957454
5373	SUV39H2	V184I	Missense	-0.77021169
5374	SUV39H2	V184V	Silent	-0.100976289
5375	SUV39H2	C193Y	Missense	0.6779646254833128
5376	SUV39H2		No Mutation	0.2968445769447219
5377	SUV39H2		No Mutation	-0.932780611
5378	SUV39H2	V208I	Missense	-0.394608478
5379	SUV39H2	Q217*	Nonsense	0.4266595093130718
5380	SUV39H2		No Mutation	-0.132514989
5381	SUV39H2		No Mutation	0.6389774788491583
5382	SUV39H2	E228K	Missense	1.8299693225206275
5383	SUV39H2	I226I	Silent	-0.478403472
5384	SUV39H2		No Mutation	-0.267711928
5385	SUV39H2		No Mutation	-0.090918779
5386	SUV39H2	N230N;S231L	Silent;Missense	0.0528227882965709
5387	SUV39H2	P237F	Missense	-0.727670106
5388	SUV39H2	R242K	Missense	-1.111264891
5389	SUV39H2		No Mutation	0.9430887855926762
5390	SUV39H2	I254I	Silent	0.4306630924391704
5391	SUV39H2	R256*;T257I	Nonsense;Missense	-0.30766993
5392	SUV39H2	T257I;S258S	Missense;Silent	1.1657098936662007
5393	SUV39H2	S258S	Silent	0.6452180083330362
5394	SUV39H2	S258S	Silent	-0.381948076
5395	SUV39H2	V277V	Silent	-0.832829876
5396	SUV39H2		No Mutation	0.7707534669233129
5397	SUV39H2	Q295*	Nonsense	-0.1429468
5398	SUV39H2	Q295*	Nonsense	-0.00581984
5399	SUV39H2	I302I;T303M	Silent;Missense	0.32773246
5400	SUV39H2	S312F	Missense	-0.93626152
5401	SUV39H2		No Mutation	0.418757181018313
5402	SUV39H2		No Mutation	-1.114410095
5403	SUV39H2		No Mutation	-0.359169511
5404	SUV39H2		No Mutation	0.2413118862712104
5405	SUV39H2	V339V	Silent	0.3641121114293406
5406	SUV39H2		No Mutation	-0.519389487
5407	SUV39H2		No Mutation	-0.269054393
5408	SUV39H2		No Mutation	-0.691280492
5409	SUV39H2		No Mutation	0.1621166654028553
5410	SUV39H2		No Mutation	-0.45733277
5411	SUV39H2	T359I	Missense	-0.965464548
5412	SUV39H2	A364T	Missense	-0.974628094
5413	SUV39H2	E367K	Missense	-1.111993626
5414	SUV39H2	H387H;S388S	Silent;Silent	0.588413073
5415	SUV39H2	H387H;S388S;P389S	Silent;Silent;Missense	-0.859701689
5416	SUV39H2	T396I	Missense	-0.45058783
5417	SUV39H2	A402V	Missense	-1.263178248
5418	SUV39H2	(NC)	UTR	-0.708800693
5419	PTPN2	(NC)	UTR	1.1373228960032162
5420	PTPN2		No Mutation	0.060165736
5421	PTPN2		No Mutation	-1.018005355
5422	PTPN2	M392I;G393K	Missense;Missense	0.005125774
5423	PTPN2	P387L	Missense	2.2112886930354816
5424	PTPN2	P387F	Missense	1.9176362015177304
5425	PTPN2	P387F	Missense	0.2196047714653059
5426	PTPN2		No Mutation	0.4929491461125893
5427	PTPN2	R377*	Nonsense	1.6255962105688933
5428	PTPN2		No Mutation	1.4804939974436249
5429	PTPN2	Q366*	Nonsense	0.1983981314791307
5430	PTPN2	V365V;Q366Q	Silent;Silent	-1.198572552
5431	PTPN2	K364K;V365I	Silent;Missense	0.005495712
5432	PTPN2	A359V	Missense	0.9498988026630892
5433	PTPN2	R354*	Nonsense	-0.750341318
5434	PTPN2	R350W	Missense	1.0555181913946343
5435	PTPN2	R350Q	Missense	0.35582106448125
5436	PTPN2	(NC);(NC)	Intron;Intron	-0.283437345
5437	PTPN2	(NC)	Intron	-0.170269961
5438	PTPN2		No Mutation	0.2028664516769499
5439	PTPN2	Q338*	Nonsense	0.8697817756657298
5440	PTPN2		No Mutation	0.3396342069140541
5441	PTPN2		No Mutation	0.1254743010736407
5442	PTPN2	T326I	Missense	0.0612111983125051
5443	PTPN2		No Mutation	-1.074094051
5444	PTPN2	Y313Y	Silent	-1.213886764
5445	PTPN2	T310I	Missense	-0.003761248
5446	PTPN2	T310I	Missense	0.9989855732316344
5447	PTPN2		No Mutation	-0.121245418
5448	PTPN2		No Mutation	-0.102466183
5449	PTPN2		No Mutation	-0.775800735
5450	PTPN2	E291K	Missense	-0.250971945
5451	PTPN2	W289*	Nonsense	-0.383801219
5452	PTPN2	W289*	Nonsense	-0.49614787
5453	PTPN2	(NC);(NC);(NC)	Intron;Intron;Intron	0.2634159411236543
5454	PTPN2	Q286*	Nonsense	0.766479041
5455	PTPN2		No Mutation	-0.648521155
5456	PTPN2	A276V	Missense	0.004752795
5457	PTPN2		No Mutation	-0.283262185
5458	PTPN2	Y269Y	Silent	0.5401398105641645
5459	PTPN2	L265L	Silent	0.1685801774070273
5460	PTPN2		No Mutation	0.1434878075315089
5461	PTPN2		No Mutation	-0.440871018
5462	PTPN2	R266K	Missense	-0.020064506
5463	PTPN2	Q260Q	Silent	-0.850097932
5464	PTPN2		No Mutation	-0.860979919
5465	PTPN2	N250N	Silent	1.077335044006252
5466	PTPN2	(NC)	Intron	0.4966946163033439
5467	PTPN2	D230D	Silent	-1.061010792
5468	PTPN2		No Mutation	0.3260469077469007
5469	PTPN2	R222R;S223F	Silent;Missense	1.0501797853215653
5470	PTPN2	A218V	Missense	-0.043296403
5471	PTPN2	G221R	Missense	-1.518936596
5472	PTPN2	H215H	Silent	0.2507148549218667
5473	PTPN2	H215Y	Missense	0.2221443341130234
5474	PTPN2		No Mutation	-1.559353022
5475	PTPN2	C216Y;S217N	Missense;Missense	1.855122187488892
5476	PTPN2	V213V	Silent	-0.166127663
5477	PTPN2	A212T;V213M	Missense;Missense	-0.216739056
5478	PTPN2	A212T;V213M	Missense;Missense	0.4549648263656857
5479	PTPN2	N206N;P207F	Silent;Missense	0.1430305148017241
5480	PTPN2	G210K	Missense	0.053686742
5481	PTPN2	S204F	Missense	-0.212971375
5482	PTPN2	S204F	Missense	-0.285304749
5483	PTPN2		No Mutation	0.3554193908499682
5484	PTPN2		No Mutation	0.4903115215254837
5485	PTPN2		No Mutation	-0.507590084
5486	PTPN2		No Mutation	-0.205345269
5487	PTPN2	E187K	Missense	-0.322169482
5488	PTPN2	G184E;V185I	Missense;Missense	-1.270866686
5489	PTPN2	T178I;T179I	Missense;Missense	0.067064014
5490	PTPN2	H174H	Silent	0.3852700475308883
5491	PTPN2		No Mutation	-0.008648375
5492	PTPN2	(NC)	Splice-acceptor	-0.390948996
5493	PTPN2		No Mutation	-0.752119702
5494	PTPN2	L135L	Silent	0.3401992703179674
5495	PTPN2	E138K	Missense	0.4659091839813902
5496	PTPN2	E133K	Missense	-0.937918082
5497	PTPN2		No Mutation	-0.033157659
5498	PTPN2	(NC)	Intron	-0.932641795
5499	PTPN2	E119K	Missense	0.7935307844518262
5500	PTPN2	R114R	Silent	-0.716854582
5501	PTPN2	V110V;L112L	Silent;Silent	-0.721005139
5502	PTPN2	M111I;L112L	Missense;Silent	-0.925234747
5503	PTPN2	M100I;V101I	Missense;Missense	0.6127603076344726
5504	PTPN2	F97F	Silent	-0.474276903
5505	PTPN2	C94C;C95C;H96Y	Silent;Silent;Missense	-0.512500252
5506	PTPN2		No Mutation	-0.164485576
5507	PTPN2	N92N;T93I	Silent;Missense	-0.697978056
5508	PTPN2	C94Y;C95Y	Missense;Missense	-0.860688001
5509	PTPN2	G88N	Missense	0.3164250033184113
5510	PTPN2	(NC);(NC);(NC)	Intron;Intron;Intron	0.1877622453089655
5511	PTPN2		No Mutation	0.2124518203814541
5512	PTPN2	D75D	Silent	-0.17831728
5513	PTPN2	E77K	Missense	-0.898885989
5514	PTPN2		No Mutation	-0.396759056
5515	PTPN2	(NC);(NC);(NC)	Intron;Intron;Intron	0.5583221769979957
5516	PTPN2	(NC);(NC);(NC);(NC)	Intron;Intron;Intron;Intron	0.085352739
5517	PTPN2	S52S;P53L	Silent;Missense	0.5676476297051731
5518	PTPN2	S52S;P53L	Silent;Missense	-0.991309231
5519	PTPN2	K38K	Silent	0.4787517802167242
5520	PTPN2	R35K;V36M	Missense;Missense	-0.034204494
5521	PTPN2	R35K	Missense	-0.438476996
5522	PTPN2	D31D	Silent	0.7971553376627474
5523	PTPN2		No Mutation	-0.134391501
5524	PTPN2	(NC);(NC)	Intron;Intron	-0.386552006
5525	PTPN2	L21L	Silent	0.027572710977883
5526	PTPN2	R17R;Q19*	Silent;Nonsense	0.5585412749278102
5527	PTPN2		No Mutation	-0.046834451
5528	PTPN2	R7W	Missense	-0.54820275
5529	PTPN2	E10K	Missense	0.8414136414011626
5530	PTPN2	E8E	Silent	0.1197511142804824
5531	PTPN2	R7Q;E8K	Missense;Missense	-0.401553832
5532	PTPN2	R7Q;E8K	Missense;Missense	-0.059357242
5533	PTPN2	E6K	Missense	0.003693344
5534	PTPN2	P2F	Missense	-0.641565467
5535	PTPN2	P2F	Missense	0.5815374636721176
5536	PTPN2		No Mutation	-1.130548809
5537	PTPN2		No Mutation	0.6724384749398296
5538	PTPN2	(NC)	UTR	2.450051830529583
