ID	Gene	Mutation_list	Mutation_type	sgRNA_score
0	SETDB1	(NC);M1V	UTR;Missense	-0.627182642
1	SETDB1	M1V	Missense	-2.215974318
2	SETDB1		No Mutation	0.000262339
3	SETDB1		No Mutation	-0.465199352
4	SETDB1	I8T;G9G	Missense;Silent	0.6203484773210735
5	SETDB1	I8I;G9G;L10L	Silent;Silent;Silent	0.4376424532480746
6	SETDB1	L10P	Missense	0.8385764726208913
7	SETDB1	A12A	Silent	0.021265311
8	SETDB1	I22V	Missense	-0.039157098
9	SETDB1	A23A;E24G	Silent;Missense	0.8287548228231149
10	SETDB1	Q26R	Missense	-0.490463754
11	SETDB1	A28A	Silent	-0.441725464
12	SETDB1	A28A	Silent	0.3927041874030821
13	SETDB1	E32G	Missense	0.1602210925427047
14	SETDB1	E32E	Silent	-1.578349543
15	SETDB1		No Mutation	-0.879812368
16	SETDB1		No Mutation	-0.148788126
17	SETDB1	I44V	Missense	0.8061558109204608
18	SETDB1	E46G	Missense	0.2859659466743585
19	SETDB1	L61L;A62A	Silent;Silent	0.067863611
20	SETDB1	L61L;A62A	Silent;Silent	0.3672010194564594
21	SETDB1	V68V;I69V	Silent;Missense	-0.629228427
22	SETDB1	I69M;Q70R;K71E	Missense;Missense;Missense	-0.043801986
23	SETDB1		No Mutation	0.2727115194591227
24	SETDB1	D84D;S86P	Silent;Missense	-1.432369472
25	SETDB1	R87G	Missense	-0.217949586
26	SETDB1	(NC)	Intron	0.1279848619933097
27	SETDB1	(NC)	Intron	-0.24191562
28	SETDB1	(NC)	Intron	0.8804070584551115
29	SETDB1	V89A;T90T	Missense;Silent	0.2740287355204435
30	SETDB1	T90A;N91D	Missense;Missense	0.5887095547887878
31	SETDB1		No Mutation	-1.820221953
32	SETDB1	D98G	Missense	0.4655180035450571
33	SETDB1	D98G	Missense	-0.315447651
34	SETDB1	K102R	Missense	-1.129756083
35	SETDB1		No Mutation	0.1463263399122966
36	SETDB1	Y107H	Missense	-0.01260634
37	SETDB1		No Mutation	-0.606540273
38	SETDB1	S112S	Silent	-0.363787532
39	SETDB1	E113G	Missense	-1.012450485
40	SETDB1	I122T;I123T	Missense;Missense	0.9474809460844144
41	SETDB1	I125T	Missense	0.7763696556615233
42	SETDB1	D131D;V132A	Silent;Missense	0.7200748002588298
43	SETDB1		No Mutation	0.067398582
44	SETDB1	S134G;I135V	Missense;Missense	-0.241461421
45	SETDB1	S134G;I135V	Missense;Missense	0.3512394524654143
46	SETDB1	(NC)	Splice-donor	-0.723081219
47	SETDB1	S137S;(NC)	Silent;Intron	-1.096841684
48	SETDB1	(NC);(NC)	Intron;Intron	0.3595258265968372
49	SETDB1	(NC)	Intron	-1.170093356
50	SETDB1		No Mutation	-0.81813244
51	SETDB1		No Mutation	-0.960146788
52	SETDB1	R143R;T144A	Silent;Missense	1.2654334817782824
53	SETDB1	K146K;D147G	Silent;Missense	0.7687026855810741
54	SETDB1	(NC)	Splice-donor	0.4562671291465083
55	SETDB1	Q148R;K149G	Missense;Missense	1.0093897469721391
56	SETDB1	(NC);(NC)	Intron;Intron	-1.249417174
57	SETDB1	(NC)	Intron	0.690363428
58	SETDB1	(NC);(NC)	Intron;Intron	0.8474098619066297
59	SETDB1	(NC)	Intron	0.7479669622986372
60	SETDB1	(NC)	Intron	0.3394377055245222
61	SETDB1	(NC)	Intron	-0.402962377
62	SETDB1	L150P;R151R	Missense;Silent	0.6671057472540702
63	SETDB1	R151R	Silent	0.6786544764206175
64	SETDB1	R151R	Silent	-0.624722772
65	SETDB1	(NC);(NC)	Intron;Splice-acceptor	-1.716620932
66	SETDB1	A155A;L157L	Silent;Silent	0.0435855834383961
67	SETDB1	A161A	Silent	0.022171997
68	SETDB1	Q162Q;D163G	Silent;Missense	-0.821371574
69	SETDB1	K173G;K174E	Missense;Missense	0.3302623066628123
70	SETDB1	Q178R	Missense	-0.785093029
71	SETDB1	D179G	Missense	-0.354550132
72	SETDB1	D179G	Missense	-0.324203057
73	SETDB1	(NC)	Splice-donor	-1.696005621
74	SETDB1	(NC);(NC)	Splice-donor;Intron	0.3340749052511009
75	SETDB1	(NC)	Intron	0.988108941
76	SETDB1	(NC)	Intron	0.6622358568106098
77	SETDB1	(NC);(NC)	Intron;Intron	0.6295542558884752
78	SETDB1	T184A	Missense	0.4262327827503925
79	SETDB1	S189S	Silent	1.179801132126396
80	SETDB1	G190G;E191G	Silent;Missense	-0.482527542
81	SETDB1	I199M;S201G	Missense;Missense	0.043428683141795
82	SETDB1		No Mutation	-0.525305374
83	SETDB1	S201G	Missense	0.099558977
84	SETDB1	K207R;K208G	Missense;Missense	0.1806263668544445
85	SETDB1	T210A;K211G	Missense;Missense	1.093655050882034
86	SETDB1	I219V	Missense	-0.218312325
87	SETDB1		No Mutation	0.0186272062276909
88	SETDB1		No Mutation	0.7886464257833627
89	SETDB1	(NC);(NC)	Splice-donor;Intron	-2.933695837
90	SETDB1	(NC)	Intron	0.5637116220681133
91	SETDB1		No Mutation	0.009896931
92	SETDB1	(NC)	Intron	-0.054543784
93	SETDB1		No Mutation	1.140552136097532
94	SETDB1		No Mutation	-0.939280799
95	SETDB1	P226P	Silent	0.022995848047269
96	SETDB1	V232A	Missense	-0.634724092
97	SETDB1	K233G	Missense	0.1087859837254849
98	SETDB1	K237K;G238G;K239E	Silent;Silent;Missense	0.4473070579194061
99	SETDB1	G238G;K239G	Silent;Missense	-1.24375777
100	SETDB1	G238G;K239G	Silent;Missense	-0.830702588
101	SETDB1	D250D;Y251H	Silent;Missense	0.5483632264979187
102	SETDB1	P253P;P254P	Silent;Silent	-1.964024456
103	SETDB1		No Mutation	-0.705092243
104	SETDB1		No Mutation	0.709632992
105	SETDB1	L258P;Y259H	Missense;Missense	0.3004687602609452
106	SETDB1	D256G	Missense	0.063288944
107	SETDB1	L258P;Y259H	Missense;Missense	0.8043194055636544
108	SETDB1	Y259H;V260A	Missense;Missense	0.7815370217139379
109	SETDB1	K257R	Missense	-0.333062213
110	SETDB1		No Mutation	-0.508979825
111	SETDB1	Y259C	Missense	-0.763870345
112	SETDB1		No Mutation	1.010593837695107
113	SETDB1		No Mutation	0.6184124635728392
114	SETDB1	K267K;Y268C;K269E	Silent;Missense;Missense	1.2765256197441346
115	SETDB1	N272N	Silent	0.5204044330266224
116	SETDB1	K269R;D270G	Missense;Missense	-0.636648728
117	SETDB1	Q273R	Missense	0.0330604913854422
118	SETDB1	N286S	Missense	0.1683579410124454
119	SETDB1	K288K;N289G;K290E	Silent;Missense;Missense	-0.486049562
120	SETDB1	R292G	Missense	-3.06588258
121	SETDB1	(NC)	Intron	1.1733584819750864
122	SETDB1	(NC);(NC)	Intron;Intron	1.4282117058716297
123	SETDB1		No Mutation	-1.706764909
124	SETDB1		No Mutation	-0.121200944
125	SETDB1	E309G	Missense	-1.615220443
126	SETDB1	(NC)	Splice-donor	-1.613131898
127	SETDB1	(NC)	Splice-donor	-0.417205749
128	SETDB1	(NC);(NC);(NC);(NC)	Intron;Intron;Intron;Intron	0.5126403763163938
129	SETDB1	(NC);(NC)	Intron;Intron	0.5897669333079862
130	SETDB1	(NC);(NC);(NC);(NC)	Intron;Intron;Intron;Splice-acceptor	-0.073868061
131	SETDB1	(NC);(NC);(NC)	Intron;Intron;Splice-acceptor	-2.454877664
132	SETDB1	(NC);K318E	Splice-acceptor;Missense	-3.410689519
133	SETDB1		No Mutation	-0.015858635
134	SETDB1	I333T	Missense	-0.652828615
135	SETDB1	Y336H	Missense	-0.417943355
136	SETDB1	Y340C	Missense	-0.558251057
137	SETDB1	M345T	Missense	-0.318299755
138	SETDB1	V346A	Missense	-0.401778299
139	SETDB1	V346A;L347P	Missense;Missense	-0.799414154
140	SETDB1	V346A;L347P	Missense;Missense	0.6745905758956993
141	SETDB1	L348P	Missense	0.4679759856902622
142	SETDB1	M345V	Missense	0.5998269312555217
143	SETDB1		No Mutation	-0.010698332
144	SETDB1		No Mutation	0.4419548903636283
145	SETDB1	S350S	Silent	1.057463465694429
146	SETDB1	Q352R	Missense	0.8107366978368289
147	SETDB1	I354V	Missense	0.4080100543319346
148	SETDB1	T356T;W358R	Silent;Missense	0.6641644919622568
149	SETDB1	I354V;K355G	Missense;Missense	1.484069638356261
150	SETDB1	E357G	Missense	0.6687773193723627
151	SETDB1	E357G	Missense	-0.496456284
152	SETDB1	K364E	Missense	0.2709577826228919
153	SETDB1	K364G	Missense	0.2578476720567547
154	SETDB1		No Mutation	0.3138268075746583
155	SETDB1	R366R	Silent	0.3692582366856157
156	SETDB1	V370A;D371D	Missense;Silent	0.2393185070763516
157	SETDB1	D371D	Silent	-0.567713528
158	SETDB1	D371G	Missense	0.1011967746489377
159	SETDB1	L374L;R376G	Silent;Missense	-0.654291709
160	SETDB1	F379P	Missense	-0.504657154
161	SETDB1	(NC);(NC);(NC)	Intron;Intron;Intron	-0.762841359
162	SETDB1	(NC);(NC)	Intron;Intron	-0.373773627
163	SETDB1		No Mutation	-0.022871706
164	SETDB1	D381G;D382G	Missense;Missense	0.8349022872988654
165	SETDB1	E386G	Missense	0.7367972595270741
166	SETDB1	Y389C	Missense	-0.234998012
167	SETDB1	R390R	Silent	0.2224755651040805
168	SETDB1	T403T	Silent	1.2062580715886948
169	SETDB1	L409P	Missense	-0.361546955
170	SETDB1	A408A	Silent	-1.077459955
171	SETDB1		No Mutation	-0.67636206
172	SETDB1	K411R;K412G	Missense;Missense	0.9075322302660904
173	SETDB1	R417G;T418A	Missense;Missense	0.6691352842546477
174	SETDB1	R417G;T418A	Missense;Missense	0.5845845719501297
175	SETDB1	(NC);(NC)	Intron;Intron	-0.669222536
176	SETDB1	(NC)	Intron	-1.12815877
177	SETDB1		No Mutation	0.2015854276028315
178	SETDB1	G423G;A424A	Silent;Silent	0.1007155465031948
179	SETDB1		No Mutation	1.083548229813022
180	SETDB1		No Mutation	-0.150477488
181	SETDB1		No Mutation	0.5185914507600234
182	SETDB1		No Mutation	-0.907399659
183	SETDB1		No Mutation	0.2753869009991108
184	SETDB1	Y434C;T435A	Missense;Missense	-0.089375548
185	SETDB1	D437D;L438P	Silent;Missense	-0.465951962
186	SETDB1	Q436R;D437G	Missense;Missense	-0.812641106
187	SETDB1	F445P	Missense	0.355597664640582
188	SETDB1	G442G;T443A	Silent;Missense	0.3890283525476012
189	SETDB1	V448A	Missense	-0.228755983
190	SETDB1		No Mutation	0.042822107
191	SETDB1		No Mutation	-0.292610179
192	SETDB1	A455A	Silent	-0.409711667
193	SETDB1	A455A	Silent	-0.650002266
194	SETDB1	A455A	Silent	-0.433769429
195	SETDB1		No Mutation	0.3763861418167774
196	SETDB1		No Mutation	0.7613024254187701
197	SETDB1	F461P	Missense	-0.343717584
198	SETDB1		No Mutation	-0.617352083
199	SETDB1	P463P;A464A	Silent;Silent	0.205305148839878
200	SETDB1	P463P;A464A	Silent;Silent	-0.57551045
201	SETDB1	A464A	Silent	-0.056840605
202	SETDB1		No Mutation	-0.051452492
203	SETDB1	P466P;L467P;S468P	Silent;Missense;Missense	0.5104844870267611
204	SETDB1	L467P;S468P	Missense;Missense	-1.664971437
205	SETDB1	S468P	Missense	-0.780344454
206	SETDB1		No Mutation	0.7004951680863648
207	SETDB1		No Mutation	0.1579445613227793
208	SETDB1		No Mutation	-0.425798493
209	SETDB1	S474S	Silent	0.010788694
210	SETDB1	S474S	Silent	-0.080481377
211	SETDB1	S474S	Silent	0.5598949945046552
212	SETDB1	S474S	Silent	1.1290311514598212
213	SETDB1	S474S;(NC)	Silent;Splice-donor	-2.288447514
214	SETDB1	(NC);(NC)	Intron;Intron	-0.333197101
215	SETDB1	(NC)	Intron	-0.488250369
216	SETDB1		No Mutation	-0.092974613
217	SETDB1	Q479R	Missense	-0.015529075
218	SETDB1		No Mutation	0.4875132927814403
219	SETDB1		No Mutation	0.9088465540791764
220	SETDB1	V487A	Missense	-0.154850496
221	SETDB1	V487A	Missense	1.2334353444498762
222	SETDB1	S491G;T492A	Missense;Missense	-0.88946771
223	SETDB1		No Mutation	0.4827421516474869
224	SETDB1		No Mutation	0.9210047395101566
225	SETDB1	S498S;V499A	Silent;Missense	-0.656201305
226	SETDB1	P496P	Silent	0.004518631
227	SETDB1	S501P	Missense	0.833896404
228	SETDB1	P509P	Silent	0.6237335762027006
229	SETDB1	L511P	Missense	-0.247337789
230	SETDB1	L511P	Missense	1.1181797868175605
231	SETDB1	L511P	Missense	0.908668003
232	SETDB1	S512G	Missense	1.0536057549982123
233	SETDB1	S512G;E513G	Missense;Missense	-1.22571104
234	SETDB1	E513G	Missense	0.118745024789463
235	SETDB1		No Mutation	0.2457820203301809
236	SETDB1		No Mutation	0.5956968445883811
237	SETDB1	I522V	Missense	-0.597712923
238	SETDB1	Y526H	Missense	0.1826298522035906
239	SETDB1	Y526C;R527G	Missense;Missense	-0.048368338
240	SETDB1	(NC)	Intron	0.486013907
241	SETDB1	S535P	Missense	-0.365278091
242	SETDB1		No Mutation	-0.371167508
243	SETDB1	S540P	Missense	0.6547815055046207
244	SETDB1	P537P;A538A	Silent;Silent	-0.083513714
245	SETDB1	L542P	Missense	-0.305377688
246	SETDB1	L542P	Missense	0.7425270172918458
247	SETDB1	L542P	Missense	0.0520431985323541
248	SETDB1		No Mutation	-0.337243362
249	SETDB1	P545P	Silent	-0.422805089
250	SETDB1		No Mutation	0.5579256538786115
251	SETDB1		No Mutation	0.3096226670217608
252	SETDB1	V550A	Missense	-0.311644087
253	SETDB1	V550A;F551L	Missense;Missense	0.4778054887867381
254	SETDB1	A547A	Silent	0.009372993
255	SETDB1	V550A;F551P	Missense;Missense	0.2388289637181183
256	SETDB1	F551P	Missense	0.3087112382411154
257	SETDB1	P549P	Silent	-1.903470173
258	SETDB1	M554T	Missense	0.1011528664571933
259	SETDB1	M554T	Missense	0.068359059
260	SETDB1	M554T	Missense	-1.338582642
261	SETDB1	M554T;L555P	Missense;Missense	0.2395400800634085
262	SETDB1	H552R	Missense	0.065009657
263	SETDB1	H552R	Missense	-1.122394137
264	SETDB1		No Mutation	0.4524608205362046
265	SETDB1	Y564H	Missense	-0.033738523
266	SETDB1	Y564H	Missense	-0.377182778
267	SETDB1	Y564H	Missense	-0.268481067
268	SETDB1		No Mutation	-0.520647946
269	SETDB1	M568T	Missense	-1.708103147
270	SETDB1	M568T	Missense	0.0353191458716101
271	SETDB1	M568T	Missense	0.7636717976314069
272	SETDB1		No Mutation	0.3900864578335449
273	SETDB1	F572P;Y573H	Missense;Missense	0.1141114206057237
274	SETDB1	F572S;Y573H	Missense;Missense	-0.473228591
275	SETDB1	Y580H	Missense	-0.33543058
276	SETDB1	V586A	Missense	-0.444028052
277	SETDB1	R585R	Silent	-0.068634076
278	SETDB1	R590G	Missense	0.4670926696882269
279	SETDB1	R590G;N591D	Missense;Missense	0.5327464359916776
280	SETDB1	R590G;N591G	Missense;Missense	-0.168925022
281	SETDB1	Y594H	Missense	-1.30299809
282	SETDB1	K597E	Missense	0.1171291115415081
283	SETDB1	P599P;L600P	Silent;Missense	-2.119812422
284	SETDB1	L604P	Missense	-0.871395538
285	SETDB1	L604P;L605P	Missense;Missense	-0.279758752
286	SETDB1	L604L	Silent	0.3371293118911438
287	SETDB1	L604L;L605L	Silent;Silent	0.5667360540040385
288	SETDB1	F608P	Missense	-1.602190922
289	SETDB1	F608P	Missense	0.4019230544903003
290	SETDB1		No Mutation	-0.393409967
291	SETDB1		No Mutation	0.6861686679222698
292	SETDB1		No Mutation	-0.927638208
293	SETDB1	R616R	Silent	0.7135876697627355
294	SETDB1		No Mutation	0.5110883628270924
295	SETDB1	R616R	Silent	-0.386709596
296	SETDB1	F623F;H624H	Silent;Silent	-0.391052348
297	SETDB1	I626V;Y627C	Missense;Missense	-1.718639754
298	SETDB1		No Mutation	-0.336556179
299	SETDB1	L635P	Missense	-0.035430197
300	SETDB1		No Mutation	-0.308325409
301	SETDB1	C650R	Missense	-1.902351885
302	SETDB1		No Mutation	0.021717827
303	SETDB1		No Mutation	0.3516860652631081
304	SETDB1	F658P;C659R	Missense;Missense	-0.744441363
305	SETDB1	C659C;L660P	Silent;Missense	0.6036552018571466
306	SETDB1	D661G	Missense	-0.889251929
307	SETDB1		No Mutation	0.1139472313828832
308	SETDB1	Y673H	Missense	0.3574961972874045
309	SETDB1	Y677H;Y678H	Missense;Missense	0.6189050406019725
310	SETDB1	Y678H	Missense	-0.222772857
311	SETDB1	L680P	Missense	0.2463145775714028
312	SETDB1	D681G;I682V	Missense;Missense	-2.294897939
313	SETDB1	N695N	Silent	0.915606153
314	SETDB1	N695N	Silent	-0.354036033
315	SETDB1	N695N	Silent	-0.023094953
316	SETDB1	I697T	Missense	-0.196782779
317	SETDB1	T699A;T700A	Missense;Missense	-0.291275999
318	SETDB1	T699T;T700A	Silent;Missense	-0.676496091
319	SETDB1	V705A	Missense	0.1085116152604441
320	SETDB1	Y707H	Missense	0.592459872
321	SETDB1	Y707H	Missense	-0.761766855
322	SETDB1	Q704R	Missense	0.7697093901056562
323	SETDB1	Y707H	Missense	-0.705245116
324	SETDB1		No Mutation	-0.084234819
325	SETDB1		No Mutation	-0.203146338
326	SETDB1		No Mutation	1.0434005015411765
327	SETDB1	S708G;K709E	Missense;Missense	-1.295190603
328	SETDB1	S708G;K709G	Missense;Missense	-1.342870423
329	SETDB1	R711R;I712T	Silent;Missense	1.1537608298071442
330	SETDB1	E710G	Missense	-1.181890393
331	SETDB1	E710G	Missense	-0.417958388
332	SETDB1	V717V;F718P	Silent;Missense	-0.67394906
333	SETDB1	F718P;I719T	Missense;Missense	-0.178201158
334	SETDB1	T721A	Missense	-0.392186909
335	SETDB1		No Mutation	-0.061108013
336	SETDB1	V727V;C729R	Silent;Missense	-1.062494761
337	SETDB1	C729R	Missense	-0.795443953
338	SETDB1		No Mutation	1.0775684070519358
339	SETDB1		No Mutation	-0.604776663
340	SETDB1		No Mutation	-0.265985084
341	SETDB1	D730G	Missense	0.070771317
342	SETDB1	K732E	Missense	-0.934504586
343	SETDB1		No Mutation	-0.469956315
344	SETDB1	D737G	Missense	-0.912852491
345	SETDB1	D737G	Missense	0.5519008420178723
346	SETDB1	D737G;K738E	Missense;Missense	0.4904021980717745
347	SETDB1	D737G;K738G	Missense;Missense	0.090434325
348	SETDB1	D737G;K738G	Missense;Missense	0.2134949027050302
349	SETDB1	(NC)	Intron	0.5608683157776209
350	SETDB1	(NC);(NC)	Intron;Intron	-0.328174466
351	SETDB1	S739P	Missense	0.9068064764576038
352	SETDB1	S739P	Missense	-0.558053782
353	SETDB1	H744H	Silent	0.3929127874974111
354	SETDB1	H744R	Missense	0.1452774017773496
355	SETDB1	T747T;I748T	Silent;Missense	-0.949971171
356	SETDB1		No Mutation	-0.500465289
357	SETDB1	T751A	Missense	-0.206130081
358	SETDB1	C753C	Silent	-0.763019737
359	SETDB1	T751A	Missense	-0.420264817
360	SETDB1		No Mutation	0.0183979507652124
361	SETDB1	I759T	Missense	0.0422832550965088
362	SETDB1		No Mutation	-0.170004345
363	SETDB1		No Mutation	-0.124763921
364	SETDB1	Q758R;I759V	Missense;Missense	0.1121505139591463
365	SETDB1	S763P	Missense	0.2867909071059756
366	SETDB1	Y767H	Missense	-0.453623401
367	SETDB1	Y767H	Missense	-0.238709692
368	SETDB1		No Mutation	-0.133542215
369	SETDB1	E771G;E772G	Missense;Missense	-0.305288866
370	SETDB1	E771G;E772G	Missense;Missense	0.2411095672676609
371	SETDB1	L774L	Silent	0.2898274774767484
372	SETDB1	T776A	Missense	1.652067309509451
373	SETDB1	(NC)	Intron	0.4983402653423303
374	SETDB1	(NC);(NC)	Intron;Intron	-0.704813836
375	SETDB1	(NC)	Intron	0.259854176
376	SETDB1	(NC)	Intron	0.2976110344040557
377	SETDB1	Y779H	Missense	-0.259729349
378	SETDB1	C781R	Missense	-1.003805062
379	SETDB1	C781R	Missense	-1.339985531
380	SETDB1	C781C	Silent	-0.008519774
381	SETDB1	P789P;N790G	Silent;Missense	1.1202575050975805
382	SETDB1	M791V	Missense	0.8765231136182401
383	SETDB1		No Mutation	0.9069817868453592
384	SETDB1		No Mutation	-0.644291677
385	SETDB1	N794G	Missense	-1.101388694
386	SETDB1	H799H	Silent	0.8749515573735545
387	SETDB1	Q798R;H799R	Missense;Missense	-1.609085092
388	SETDB1	L807L;K809E	Silent;Missense	0.2689961288377929
389	SETDB1	K809G	Missense	-0.547060055
390	SETDB1	K809R;T810A	Missense;Missense	2.2960990096850704
391	SETDB1	T810A	Missense	-0.127239444
392	SETDB1	T810A;Q811R	Missense;Missense	0.2174892706809365
393	SETDB1		No Mutation	-0.216656094
394	SETDB1	I823T	Missense	-0.846944604
395	SETDB1	D821G	Missense	0.3964419888763317
396	SETDB1	V829A;C830R	Missense;Missense	-0.265998548
397	SETDB1		No Mutation	0.0370386056056835
398	SETDB1		No Mutation	-1.507603128
399	SETDB1		No Mutation	0.4366314525106928
400	SETDB1	(NC);(NC)	Intron;Intron	1.1231309681204211
401	SETDB1	(NC);(NC);(NC)	Intron;Intron;Intron	1.2246593060874331
402	SETDB1	T838T;D839G	Silent;Missense	0.2633913594889444
403	SETDB1	F841F	Silent	0.1764858851916948
404	SETDB1	D840G	Missense	0.0467658750067243
405	SETDB1	D840G	Missense	0.1766589117848355
406	SETDB1	A842A	Silent	0.625142533
407	SETDB1	K844G	Missense	-0.662489356
408	SETDB1	K844G;E845G	Missense;Missense	-1.240042018
409	SETDB1	E852G	Missense	-0.733906064
410	SETDB1	D858G	Missense	-2.367881432
411	SETDB1		No Mutation	-0.597301421
412	SETDB1	E864G	Missense	-0.022351468
413	SETDB1		No Mutation	0.5671611865197338
414	SETDB1		No Mutation	0.91545164305641
415	SETDB1		No Mutation	-0.366707459
416	SETDB1		No Mutation	0.094333657
417	SETDB1	S881S	Silent	-1.0684672
418	SETDB1	G882G;V883A	Silent;Missense	0.8897443452403572
419	SETDB1	S881G	Missense	0.035405078
420	SETDB1	V883V	Silent	0.8467998229232371
421	SETDB1	K886G	Missense	-0.582042632
422	SETDB1	Q888R;E889G	Missense;Missense	0.7842513676438353
423	SETDB1		No Mutation	0.2273105489705345
424	SETDB1	N892D	Missense	0.3354189944198686
425	SETDB1	N902N;D903D	Silent;Silent	-0.21906703
426	SETDB1	D903D	Silent	0.0366061826641023
427	SETDB1	D907D	Silent	0.2873501940835803
428	SETDB1	S906S;D907G	Silent;Missense	0.5099664206325927
429	SETDB1	N909G	Missense	-1.109940846
430	SETDB1	S917G	Missense	0.1058388930207503
431	SETDB1	T918A	Missense	-0.049844592
432	SETDB1		No Mutation	0.1479867336157592
433	SETDB1		No Mutation	-1.01164778
434	SETDB1	S924G	Missense	-0.019617342
435	SETDB1	T927A	Missense	0.6156243096107306
436	SETDB1	T927A	Missense	-0.01999111
437	SETDB1	T927A	Missense	-0.564304802
438	SETDB1		No Mutation	-0.102704237
439	SETDB1		No Mutation	-0.247229486
440	SETDB1		No Mutation	0.2308926326377831
441	SETDB1		No Mutation	1.1612530352808117
442	SETDB1		No Mutation	1.2025353072607343
443	SETDB1	L939P;S940P	Missense;Missense	-0.354751941
444	SETDB1		No Mutation	-0.19249517
445	SETDB1		No Mutation	0.9653013206540796
446	SETDB1	H948R	Missense	-0.572670028
447	SETDB1	L952P	Missense	-0.233916185
448	SETDB1	L952L	Silent	-0.624474011
449	SETDB1		No Mutation	-0.339662119
450	SETDB1		No Mutation	0.4408920715708739
451	SETDB1		No Mutation	0.2733183081941763
452	SETDB1		No Mutation	-0.351467566
453	SETDB1		No Mutation	1.3191838442868382
454	SETDB1	V959A	Missense	0.1882926767569654
455	SETDB1	V959A;P960P	Missense;Silent	0.1213202689610671
456	SETDB1	V959V;P960P	Silent;Silent	0.9048511440757776
457	SETDB1	P960P	Silent	0.3833081338746941
458	SETDB1		No Mutation	0.4393760216647718
459	SETDB1	I963T	Missense	0.2548995347137992
460	SETDB1		No Mutation	-0.528024988
461	SETDB1	V965A	Missense	-1.342977364
462	SETDB1	G966G	Silent	0.1553394491012998
463	SETDB1	G966G	Silent	-0.291916021
464	SETDB1	N969N	Silent	0.148944342
465	SETDB1	N969N	Silent	-0.418339291
466	SETDB1		No Mutation	0.2749738364520944
467	SETDB1		No Mutation	-0.467391571
468	SETDB1		No Mutation	0.5192245565441986
469	SETDB1	E974E;E975G;T976A	Silent;Missense;Missense	0.4158225160963072
470	SETDB1		No Mutation	-0.03361676
471	SETDB1	T976A	Missense	0.063725233
472	SETDB1	K978R;N979G	Missense;Missense	-0.613214923
473	SETDB1	S983P	Missense	-1.059499681
474	SETDB1	S983P	Missense	-0.523147207
475	SETDB1	N988N	Silent	0.4275480208927188
476	SETDB1	N988G	Missense	-0.303907658
477	SETDB1	N988G;S989G	Missense;Missense	0.6999758322404501
478	SETDB1	T1006T	Silent	-0.752940113
479	SETDB1		No Mutation	-0.440697257
480	SETDB1	K1005G	Missense	0.1757529931480164
481	SETDB1	K1005G	Missense	-0.030933424
482	SETDB1	K1005G;T1006A	Missense;Missense	-0.826170387
483	SETDB1	G1009G	Silent	-0.40873835
484	SETDB1	T1006A;N1007D	Missense;Missense	-0.427198086
485	SETDB1	T1006A;N1007G	Missense;Missense	-0.437211387
486	SETDB1	N1007S;E1008G	Missense;Missense	1.155979310925361
487	SETDB1	E1008G	Missense	0.670425334
488	SETDB1		No Mutation	-0.376984588
489	SETDB1		No Mutation	1.3859297769923298
490	SETDB1		No Mutation	0.4292089096456926
491	SETDB1	E1011G	Missense	-0.13779321
492	SETDB1		No Mutation	-0.021999379
493	SETDB1		No Mutation	0.1086911839732675
494	SETDB1		No Mutation	1.0382279505707677
495	SETDB1	R1018R;M1019V	Silent;Missense	1.0383041650434364
496	SETDB1		No Mutation	-0.134341673
497	SETDB1	E1022G;K1023G	Missense;Missense	0.1568895722415969
498	SETDB1		No Mutation	0.1040036000997786
499	SETDB1	L1029P	Missense	0.1251132157508084
500	SETDB1	S1027S	Silent	0.3603573382171308
501	SETDB1	I1031T	Missense	-0.253057909
502	SETDB1	I1031T	Missense	0.1770594247958652
503	SETDB1	G1028G;L1029L	Silent;Silent	-0.233979444
504	SETDB1	L1029L	Silent	0.9397855060683772
505	SETDB1	E1034G	Missense	0.096856225
506	SETDB1	K1038G	Missense	0.3652966878181892
507	SETDB1	K1041G;K1042G	Missense;Missense	0.041635501
508	SETDB1	(NC)	Intron	-0.125384823
509	SETDB1	(NC);(NC);(NC)	Intron;Intron;Intron	0.3002460261772695
510	SETDB1	(NC);(NC)	Intron;Intron	0.3232006846962242
511	SETDB1		No Mutation	-1.281133652
512	SETDB1	V1053A;(NC)	Missense;Splice-donor	-1.496269965
513	SETDB1	V1054A	Missense	-0.897802555
514	SETDB1	V1054A;T1055T	Missense;Silent	0.059557453
515	SETDB1	V1054V;T1055T	Silent;Silent	-0.403463777
516	SETDB1	T1055T	Silent	-0.023953762
517	SETDB1		No Mutation	0.2033772732045355
518	SETDB1		No Mutation	1.0413517926125624
519	SETDB1	E1056G;S1057G	Missense;Missense	-0.99973877
520	SETDB1		No Mutation	-0.332146411
521	SETDB1	P1070P	Silent	-0.197949237
522	SETDB1	L1073P	Missense	0.1049199340584202
523	SETDB1		No Mutation	0.012377455
524	SETDB1	T1080T	Silent	0.1228946703949045
525	SETDB1	T1080T;S1081S	Silent;Silent	-0.126364111
526	SETDB1	S1081S;M1082T	Silent;Missense	-0.015944957
527	SETDB1	M1082T	Missense	0.8914670771844969
528	SETDB1	Q1084R;S1085G	Missense;Missense	0.1738133842812232
529	SETDB1	A1090A;S1091P	Silent;Missense	0.7238719810962443
530	SETDB1	(NC)	Intron	0.7694725611485705
531	SETDB1	(NC)	Intron	-0.803145041
532	SETDB1	(NC)	Intron	0.5623443822934865
533	SETDB1	(NC)	Intron	-0.753061255
534	SETDB1	D1098D	Silent	-0.169015135
535	SETDB1	D1098D	Silent	-0.974955164
536	SETDB1	D1098D;V1099A	Silent;Missense	0.034171953
537	SETDB1	L1102P	Missense	-0.533914735
538	SETDB1	L1102P	Missense	0.389877620755987
539	SETDB1	L1102P;S1103P	Missense;Missense	-0.062065888
540	SETDB1		No Mutation	0.5938178182692861
541	SETDB1	S1104G;S1105G	Missense;Missense	0.5092371682980814
542	SETDB1	S1104G;S1105G	Missense;Missense	-0.257482797
543	SETDB1	S1105G	Missense	-0.008593811
544	SETDB1	S1105G;T1106A	Missense;Missense	-0.092563866
545	SETDB1	S1108S	Silent	0.6452702816500937
546	SETDB1	E1107G;S1108G	Missense;Missense	-0.670260434
547	SETDB1	E1107G;S1108G	Missense;Missense	0.1343530924446332
548	SETDB1	S1115G	Missense	0.5553566864199324
549	SETDB1	T1119T;A1120A	Silent;Silent	0.7404273229456388
550	SETDB1	A1120A;G1121G	Silent;Silent	-0.266562319
551	SETDB1	T1119A	Missense	0.046262715
552	SETDB1	T1123T;S1124P	Silent;Missense	0.4217372443147191
553	SETDB1	T1123T;S1124P	Silent;Missense	-0.134691418
554	SETDB1	Q1122R;T1123A	Missense;Missense	0.9029678422376826
555	SETDB1	I1133V;Q1134R	Missense;Missense	0.7024883846929437
556	SETDB1	S1138S;S1140P	Silent;Missense	-0.180993978
557	SETDB1	I1136V	Missense	1.4478309609236166
558	SETDB1	I1136M	Missense	-0.121097407
559	SETDB1	I1136M	Missense	0.4140361376999962
560	SETDB1	S1140S	Silent	0.128959968736201
561	SETDB1	D1143D	Silent	0.2372323974468846
562	SETDB1	E1141G	Missense	-2.334192244
563	SETDB1	D1147G;K1148G	Missense;Missense	0.071729885
564	SETDB1	N1150G;M1151V	Missense;Missense	0.4201901112173991
565	SETDB1	(NC)	Intron	0.142830881653426
566	SETDB1	(NC)	Intron	-0.039569094
567	SETDB1	(NC);(NC)	Intron;Intron	-0.361435558
568	SETDB1	(NC)	Intron	-0.068091115
569	SETDB1	(NC)	Intron	0.5223396278157768
570	SETDB1	M1155T	Missense	-0.429621113
571	SETDB1	M1155T	Missense	0.5621498457089382
572	SETDB1	M1155T	Missense	0.6853715187590488
573	SETDB1	P1154P;M1155V	Silent;Missense	-0.221397516
574	SETDB1	R1157R	Silent	0.5504696812330545
575	SETDB1	V1159A	Missense	-0.972170828
576	SETDB1	A1160A	Silent	0.071168395
577	SETDB1	L1169P	Missense	-0.051471319
578	SETDB1	L1169L;S1171P	Silent;Missense	1.0374221148230014
579	SETDB1		No Mutation	0.6035661422137559
580	SETDB1		No Mutation	0.1116600533558238
581	SETDB1	I1177T	Missense	-0.08194674
582	SETDB1	I1177I;S1179P	Silent;Missense	0.2276830977246707
583	SETDB1	A1176A;I1177V;K1178E	Silent;Missense;Missense	1.8801402161445355
584	SETDB1	S1179S;T1180A;N1181D	Silent;Missense;Missense	-0.591154048
585	SETDB1	M1182V	Missense	0.077455411
586	SETDB1	M1182V	Missense	0.067368046
587	SETDB1		No Mutation	-0.242542304
588	SETDB1	V1185A	Missense	0.3077083862558558
589	SETDB1		No Mutation	0.1708378490352747
590	SETDB1		No Mutation	-0.986850514
591	SETDB1		No Mutation	0.5450104158152371
592	SETDB1	T1197A	Missense	1.8022933143167168
593	SETDB1	Q1199R	Missense	-0.285396957
594	SETDB1		No Mutation	-0.165059688
595	SETDB1	I1210V;D1211G	Missense;Missense	-0.122290205
596	SETDB1	K1213G	Missense	0.4173258858891494
597	SETDB1	K1213G	Missense	-0.645964467
598	SETDB1	L1218P	Missense	-0.5145121
599	SETDB1		No Mutation	-0.736516626
600	SETDB1		No Mutation	-1.427987857
601	SETDB1	(NC);(NC)	Intron;Intron	1.1631247525739348
602	SETDB1		No Mutation	-0.768358154
603	SETDB1	S1225S	Silent	-1.275963189
604	SETDB1		No Mutation	-0.588768087
605	SETDB1		No Mutation	0.6211361307041098
606	SETDB1		No Mutation	1.0858823769267316
607	SETDB1	N1234N	Silent	-0.923440021
608	SETDB1		No Mutation	-0.534593862
609	SETDB1	N1234N;V1235A;F1236L	Silent;Missense;Missense	-0.876497268
610	SETDB1	D1238D	Silent	-0.519915146
611	SETDB1	H1240R;D1241G	Missense;Missense	-0.434862417
612	SETDB1	D1241G	Missense	-1.799095586
613	SETDB1	F1244S	Missense	-0.622517693
614	SETDB1		No Mutation	-1.486590251
615	SETDB1	W1246R	Missense	-1.032879876
616	SETDB1	F1250P	Missense	-0.390630045
617	SETDB1	F1250P	Missense	0.037521582
618	SETDB1	F1250S	Missense	0.2970476313230179
619	SETDB1		No Mutation	0.3138664464858869
620	SETDB1	(NC)	Splice-donor	-1.814531455
621	SETDB1	S1252G	Missense	-0.617747822
622	SETDB1	K1253G;(NC)	Missense;Intron	0.5197226703446193
623	SETDB1	K1253R;(NC);(NC)	Missense;Intron;Intron	0.351866869
624	SETDB1	(NC)	Intron	0.6642425401196345
625	SETDB1	(NC);(NC)	Intron;Intron	-1.921388273
626	SETDB1	(NC);(NC);(NC)	Intron;Intron;Intron	0.0323159795256052
627	SETDB1		No Mutation	0.2368726880406213
628	SETDB1		No Mutation	-0.213561538
629	SETDB1		No Mutation	-1.00465978
630	SETDB1	(NC)	Splice-acceptor	-1.628175816
631	SETDB1	(NC);K1253K	Splice-acceptor;Silent	-1.388102567
632	SETDB1		No Mutation	-0.449722571
633	SETDB1		No Mutation	-0.672637865
634	SETDB1	T1259A	Missense	0.3870411118230353
635	SETDB1	L1261P	Missense	0.4021396365198296
636	SETDB1		No Mutation	-1.829834011
637	SETDB1	D1264G	Missense	-1.68208744
638	SETDB1	D1264G;Y1265C	Missense;Missense	-1.219694968
639	SETDB1	Y1267C	Missense	-0.914458002
640	SETDB1	E1268G	Missense	-2.090835846
641	SETDB1	S1271G	Missense	-0.052616973
642	SETDB1	E1276G	Missense	-0.958686118
643	SETDB1	E1276G;L1277L	Missense;Silent	1.8437602341308987
644	SETDB1	L1277L	Silent	0.7612011199823505
645	SETDB1		No Mutation	0.089340478
646	SETDB1	R1289R	Silent	0.3974383960294403
647	SETDB1	R1287R;G1288G	Silent;Silent	-0.32887183
648	TRIM28		No Mutation	-0.689196181
649	TRIM28		No Mutation	-0.431656318
650	TRIM28		No Mutation	0.240491311717613
651	TRIM28		No Mutation	-0.569826699
652	TRIM28	M1T	Missense	-0.074170262
653	TRIM28	M1T	Missense	0.5978588248909806
654	TRIM28	M1T	Missense	1.1634825854729685
655	TRIM28	M1T	Missense	-0.252888599
656	TRIM28	(NC);M1V	UTR;Missense	0.4211023924640313
657	TRIM28	(NC);M1V	UTR;Missense	0.4670739137180563
658	TRIM28		No Mutation	0.1232136643661692
659	TRIM28	S9P	Missense	-0.293103967
660	TRIM28		No Mutation	0.095209637
661	TRIM28	A7A	Silent	0.1322346259671944
662	TRIM28		No Mutation	-1.441866432
663	TRIM28	S14P	Missense	-0.733359002
664	TRIM28		No Mutation	-0.840927849
665	TRIM28		No Mutation	0.3141777238879515
666	TRIM28		No Mutation	0.8831789866330145
667	TRIM28		No Mutation	0.6445607836780742
668	TRIM28		No Mutation	-0.278302064
669	TRIM28		No Mutation	-0.256855958
670	TRIM28		No Mutation	-0.483008292
671	TRIM28		No Mutation	-0.513070741
672	TRIM28	S19G	Missense	-0.413819247
673	TRIM28	S19G	Missense	-0.054507066
674	TRIM28	S26P	Missense	-0.276502035
675	TRIM28		No Mutation	-0.237049236
676	TRIM28	S26P	Missense	-0.393267911
677	TRIM28	E24G	Missense	-0.409691006
678	TRIM28	A27A	Silent	-1.131693437
679	TRIM28	A27A	Silent	-0.227400581
680	TRIM28		No Mutation	-0.099822549
681	TRIM28		No Mutation	-0.448511579
682	TRIM28		No Mutation	-2.152617848
683	TRIM28		No Mutation	-1.149912691
684	TRIM28	S41P	Missense	0.04733992
685	TRIM28	S41P	Missense	-0.208162927
686	TRIM28	S41P	Missense	0.8472023399095284
687	TRIM28	S43S	Silent	-0.467264938
688	TRIM28		No Mutation	-0.105418705
689	TRIM28		No Mutation	0.4472167068708557
690	TRIM28		No Mutation	-0.352033718
691	TRIM28	S50P	Missense	-0.149774881
692	TRIM28		No Mutation	-0.068437188
693	TRIM28		No Mutation	-0.080970666
694	TRIM28		No Mutation	0.4786092835244329
695	TRIM28		No Mutation	-1.0988854
696	TRIM28		No Mutation	0.7882959979854826
697	TRIM28		No Mutation	0.08118754
698	TRIM28		No Mutation	-0.270621282
699	TRIM28		No Mutation	0.2199128025943462
700	TRIM28		No Mutation	0.1604174438026264
701	TRIM28		No Mutation	-0.145052741
702	TRIM28		No Mutation	0.1083353479481652
703	TRIM28	E57G	Missense	0.2335864767848623
704	TRIM28	L61P;L62P	Missense;Missense	-0.45693593
705	TRIM28	E60G	Missense	-0.150607346
706	TRIM28	E70G	Missense	0.3151203074174972
707	TRIM28		No Mutation	0.1341353422212974
708	TRIM28		No Mutation	-0.235981215
709	TRIM28	L80P	Missense	0.4017208658317081
710	TRIM28	L80P	Missense	-1.501472192
711	TRIM28	C83R;L84P	Missense;Missense	-0.00688604
712	TRIM28	C83C;L84P	Silent;Missense	-0.227639277
713	TRIM28		No Mutation	-0.079080426
714	TRIM28	C83C;L84P	Silent;Missense	-1.489019772
715	TRIM28	S86P	Missense	-0.05676533
716	TRIM28	C88R	Missense	0.05861206
717	TRIM28	C88R	Missense	-0.344341795
718	TRIM28		No Mutation	-0.667431648
719	TRIM28		No Mutation	-0.036415421
720	TRIM28	L92S	Missense	0.4768934227890054
721	TRIM28		No Mutation	0.5197069360783475
722	TRIM28		No Mutation	0.3983624067066161
723	TRIM28		No Mutation	-0.108383812
724	TRIM28		No Mutation	-0.554955664
725	TRIM28		No Mutation	-0.207981948
726	TRIM28		No Mutation	0.1454131551628067
727	TRIM28		No Mutation	-1.011291712
728	TRIM28		No Mutation	-0.760191162
729	TRIM28		No Mutation	-0.536640158
730	TRIM28	S103P	Missense	0.101701492
731	TRIM28	S103P	Missense	-0.063770033
732	TRIM28	S103P	Missense	-0.642393894
733	TRIM28	N101G	Missense	0.003705341
734	TRIM28		No Mutation	-0.167853658
735	TRIM28	N101G;S102G	Missense;Missense	0.293752610334232
736	TRIM28	N101S;S102G	Missense;Missense	0.5508234551407447
737	TRIM28		No Mutation	-0.303713437
738	TRIM28	S102G	Missense	0.092051702
739	TRIM28		No Mutation	0.1769384351690066
740	TRIM28		No Mutation	-0.972923433
741	TRIM28		No Mutation	-0.640659722
742	TRIM28	D105G	Missense	0.6251324243117446
743	TRIM28		No Mutation	-0.111799682
744	TRIM28		No Mutation	0.4241126144854598
745	TRIM28	(NC);(NC)	Intron;Intron	0.1884947983492681
746	TRIM28	(NC);(NC)	Intron;Intron	1.2099594333094688
747	TRIM28	(NC)	Intron	-0.705186983
748	TRIM28	(NC)	Intron	0.04358776
749	TRIM28	(NC)	Intron	-0.258302642
750	TRIM28		No Mutation	-0.288219212
751	TRIM28	V114A;V115A	Missense;Missense	0.91735110887004
752	TRIM28	V115A	Missense	0.74621809
753	TRIM28	C124R	Missense	-0.374598807
754	TRIM28	C124R	Missense	-0.361175757
755	TRIM28		No Mutation	0.1076205201773981
756	TRIM28	N132N	Silent	0.5599528624939746
757	TRIM28	Y133C	Missense	-0.031332814
758	TRIM28		No Mutation	0.8417227904856339
759	TRIM28		No Mutation	-0.091138484
760	TRIM28	D148D	Silent	-0.636828454
761	TRIM28		No Mutation	0.4919431904282195
762	TRIM28		No Mutation	-0.079619188
763	TRIM28	(NC)	Splice-donor	-1.418378132
764	TRIM28	(NC)	Splice-donor	-0.455661888
765	TRIM28	(NC)	Intron	-1.399575937
766	TRIM28	C152R	Missense	0.3919723901953428
767	TRIM28	C152R	Missense	0.6692936055592664
768	TRIM28	C153R	Missense	0.082694068
769	TRIM28		No Mutation	-1.380639064
770	TRIM28	P161P;T163A	Silent;Missense	0.4501056792037916
771	TRIM28	C166R	Missense	-0.94403222
772	TRIM28	C166R	Missense	-0.764911199
773	TRIM28	C166R;V167A	Missense;Missense	0.3253720247209299
774	TRIM28	V167A	Missense	-0.153289714
775	TRIM28	Y165C	Missense	0.3448125725967343
776	TRIM28	C169R	Missense	-0.16229693
777	TRIM28		No Mutation	0.1772646157543052
778	TRIM28	C177R;V178A	Missense;Missense	-0.094010663
779	TRIM28	V178V	Silent	-0.231079019
780	TRIM28	V178V	Silent	-0.473217024
781	TRIM28		No Mutation	-1.072506447
782	TRIM28		No Mutation	-0.879071945
783	TRIM28		No Mutation	-0.831161656
784	TRIM28	V192A	Missense	-0.55323166
785	TRIM28	H190R;T191A	Missense;Missense	0.2931740650707476
786	TRIM28	S194S;T195T	Silent;Silent	0.6581641544928561
787	TRIM28		No Mutation	1.018061216
788	TRIM28	T195A	Missense	-0.388758314
789	TRIM28		No Mutation	-0.162766821
790	TRIM28	(NC)	Intron	-0.924327565
791	TRIM28	(NC)	Intron	-1.130536132
792	TRIM28	(NC);(NC)	Intron;Intron	-1.030022856
793	TRIM28	(NC)	Intron	0.5079251280171452
794	TRIM28	(NC);(NC)	Intron;Intron	0.4721731144960322
795	TRIM28	(NC);(NC)	Intron;Intron	-1.578645549
796	TRIM28	(NC)	Intron	-0.031394098
797	TRIM28		No Mutation	-0.323530125
798	TRIM28		No Mutation	-0.175057158
799	TRIM28	(NC)	Splice-acceptor	-0.701696885
800	TRIM28	(NC)	Splice-acceptor	-0.964043313
801	TRIM28	S200P	Missense	0.7386015176864882
802	TRIM28	S200P	Missense	-0.5421407
803	TRIM28	P197P	Silent	0.8821986144468258
804	TRIM28	S200P	Missense	0.9543539
805	TRIM28	D202D	Silent	0.5949026187077866
806	TRIM28	G203G	Silent	-0.157335933
807	TRIM28	C221R	Missense	0.5285159025001605
808	TRIM28	C221C	Silent	-0.341490359
809	TRIM28	C221C	Silent	-0.223455221
810	TRIM28	L234P	Missense	0.060877495
811	TRIM28	N235N	Silent	0.921107927862678
812	TRIM28	Q233R	Missense	-0.190638384
813	TRIM28		No Mutation	0.8434999861279084
814	TRIM28	(NC)	Splice-donor	-1.286186212
815	TRIM28	(NC)	Splice-donor	-1.206194379
816	TRIM28	D239G;H240R	Missense;Missense	-0.055332205
817	TRIM28		No Mutation	-0.118019128
818	TRIM28	(NC)	Intron	-0.124759662
819	TRIM28	(NC)	Intron	-0.309080543
820	TRIM28	(NC)	Intron	-0.424528818
821	TRIM28	(NC);(NC)	Intron;Intron	-0.931143783
822	TRIM28	(NC);(NC)	Intron;Intron	0.6758487539325103
823	TRIM28	L245L	Silent	-0.086566191
824	TRIM28	D247D	Silent	0.7210432945890111
825	TRIM28	N251G	Missense	0.5243257075517553
826	TRIM28	K254G	Missense	-0.797967727
827	TRIM28	S258P	Missense	-1.503416628
828	TRIM28		No Mutation	-0.321425248
829	TRIM28	S258S	Silent	1.1331673654768748
830	TRIM28	S258S	Silent	-0.355432985
831	TRIM28	S258S	Silent	-0.03009577
832	TRIM28	L263P	Missense	-0.50005292
833	TRIM28	H267H	Silent	0.1805673109360662
834	TRIM28	T269T	Silent	1.381702319478554
835	TRIM28	Q271R;K272E	Missense;Missense	0.2436070067465813
836	TRIM28	S280P	Missense	0.04949245
837	TRIM28		No Mutation	0.4262796666595926
838	TRIM28	S279G	Missense	0.5730077869367408
839	TRIM28		No Mutation	0.1621101242695255
840	TRIM28	(NC)	Intron	-0.30938348
841	TRIM28	(NC);(NC)	Intron;Intron	0.9780781872990062
842	TRIM28		No Mutation	0.5494988146898891
843	TRIM28		No Mutation	-0.240352265
844	TRIM28	(NC)	Intron	0.8788677520410698
845	TRIM28	I281T	Missense	0.075822634
846	TRIM28		No Mutation	0.606240521
847	TRIM28	V284A	Missense	-0.505562226
848	TRIM28	V284A;S285P	Missense;Missense	-0.162345427
849	TRIM28	V284A;S285P	Missense;Missense	0.4381124251618345
850	TRIM28	V287A	Missense	0.8795656701669555
851	TRIM28		No Mutation	-0.726016469
852	TRIM28	V287V;Q288R;K289E	Silent;Missense;Missense	0.008267329
853	TRIM28	Q292R	Missense	1.005631214276904
854	TRIM28	I299V	Missense	0.3172400294312459
855	TRIM28	M303T	Missense	-0.587320851
856	TRIM28		No Mutation	0.9715909614667498
857	TRIM28	K304G	Missense	-0.719040625
858	TRIM28	K304G	Missense	-0.586822258
859	TRIM28	K304G;E305G	Missense;Missense	-0.508389414
860	TRIM28	K308G	Missense	-0.19881756
861	TRIM28		No Mutation	0.9462919773947548
862	TRIM28	N315N;D316D	Silent;Silent	0.0367219692883737
863	TRIM28	Q318R	Missense	0.455774339555405
864	TRIM28	(NC)	Intron	0.3673809529950914
865	TRIM28		No Mutation	0.5412300419271361
866	TRIM28		No Mutation	-0.452657316
867	TRIM28		No Mutation	0.5491567237502324
868	TRIM28	(NC);(NC)	Intron;Intron	-0.220995957
869	TRIM28	(NC)	Intron	0.880215345
870	TRIM28	V320A	Missense	0.8605259644043635
871	TRIM28		No Mutation	-0.650185385
872	TRIM28	(NC)	Splice-acceptor	0.2326260546371035
873	TRIM28	(NC)	Splice-acceptor	0.0017735
874	TRIM28	T321A	Missense	-1.505694892
875	TRIM28		No Mutation	0.091302005
876	TRIM28	Q324R;Q325R	Missense;Missense	-0.31568069
877	TRIM28		No Mutation	0.008996181
878	TRIM28	W333R	Missense	0.077213532
879	TRIM28		No Mutation	1.2254199686699907
880	TRIM28	K337G;I338V	Missense;Missense	-2.52717519
881	TRIM28		No Mutation	0.0115578351945179
882	TRIM28		No Mutation	-0.484037274
883	TRIM28	F348L	Missense	-0.259592575
884	TRIM28		No Mutation	-0.557146916
885	TRIM28		No Mutation	0.5903809303422864
886	TRIM28		No Mutation	-0.118263336
887	TRIM28	S355S	Silent	0.7431356762606696
888	TRIM28		No Mutation	1.3027666879609272
889	TRIM28	L367L	Silent	-1.50784637
890	TRIM28	K365G;K366G	Missense;Missense	1.2641183321782874
891	TRIM28	K366G	Missense	0.8471741503437795
892	TRIM28	K366R	Missense	-0.655814476
893	TRIM28	(NC)	Intron	0.099900324
894	TRIM28	(NC)	Intron	-0.291120931
895	TRIM28		No Mutation	0.4367813527521588
896	TRIM28		No Mutation	0.6833855067413663
897	TRIM28	I368T	Missense	0.077466481
898	TRIM28	F370P	Missense	0.6313583897915174
899	TRIM28	F370S	Missense	0.1355293489881694
900	TRIM28	Y369C	Missense	0.3670911790980324
901	TRIM28	Y369C	Missense	-0.027733813
902	TRIM28	L372P	Missense	-0.028144442
903	TRIM28	L376P	Missense	-1.270601773
904	TRIM28		No Mutation	-0.146096936
905	TRIM28	I379T	Missense	-0.198234718
906	TRIM28	V380A;D381D	Missense;Silent	-0.717345066
907	TRIM28	M378V;I379V	Missense;Missense	-0.060007045
908	TRIM28	D381D	Silent	0.004347907
909	TRIM28	D381G	Missense	0.2098893208280431
910	TRIM28		No Mutation	-0.069284979
911	TRIM28		No Mutation	-0.182349924
912	TRIM28	F391P	Missense	0.5801424902549929
913	TRIM28	E388G	Missense	-1.067692455
914	TRIM28	E388G;M389V	Missense;Missense	0.5665044496228633
915	TRIM28	Q392R	Missense	-0.707050536
916	TRIM28		No Mutation	-1.514349312
917	TRIM28	T399A	Missense	-1.061935179
918	TRIM28		No Mutation	-0.284531711
919	TRIM28	K400G;S401G	Missense;Missense	-0.494222063
920	TRIM28	S401G	Missense	-0.059542008
921	TRIM28		No Mutation	-0.384206102
922	TRIM28	F405P	Missense	-0.730157448
923	TRIM28	(NC)	Intron	0.2971164853967037
924	TRIM28	(NC)	Intron	0.092710542
925	TRIM28	I408V	Missense	0.09264631
926	TRIM28		No Mutation	-0.769274894
927	TRIM28		No Mutation	0.4553561083518369
928	TRIM28	S417S;T418A	Silent;Missense	0.570761096
929	TRIM28	P425P	Silent	-0.619034785
930	TRIM28	P425P	Silent	0.6554685267968304
931	TRIM28		No Mutation	0.301908821
932	TRIM28		No Mutation	0.7757741152121223
933	TRIM28		No Mutation	-0.750080121
934	TRIM28		No Mutation	0.09535772
935	TRIM28		No Mutation	-0.433840724
936	TRIM28		No Mutation	-0.698338453
937	TRIM28		No Mutation	-1.142998606
938	TRIM28	L432P	Missense	0.1459256098896347
939	TRIM28	P429P	Silent	0.1509795627902402
940	TRIM28		No Mutation	0.8778771388213755
941	TRIM28		No Mutation	0.2906858138508846
942	TRIM28		No Mutation	-0.861363542
943	TRIM28		No Mutation	-1.272868482
944	TRIM28	S433G	Missense	-0.417512987
945	TRIM28	S437P	Missense	0.1907895344250143
946	TRIM28	S437P	Missense	-0.415255488
947	TRIM28	S437P	Missense	-0.025770475
948	TRIM28		No Mutation	-0.15275014
949	TRIM28	S439G	Missense	0.6931813517244974
950	TRIM28	Q441R	Missense	-0.191263648
951	TRIM28		No Mutation	-0.328701069
952	TRIM28	(NC);(NC)	Intron;Intron	0.085971565
953	TRIM28		No Mutation	-0.554412147
954	TRIM28		No Mutation	0.7273412728457724
955	TRIM28	(NC);(NC)	Intron;Splice-acceptor	-0.052698956
956	TRIM28	M443V	Missense	1.0712476192675409
957	TRIM28	E444G	Missense	-0.792632606
958	TRIM28		No Mutation	1.2617785817906957
959	TRIM28		No Mutation	-0.887904009
960	TRIM28	Q446R;E447G	Missense;Missense	-0.055549387
961	TRIM28	Q446R;E447G	Missense;Missense	0.05952576
962	TRIM28	Y449C	Missense	-0.32591284
963	TRIM28		No Mutation	-0.129286262
964	TRIM28		No Mutation	0.3301565558018577
965	TRIM28	(NC)	Intron	-0.328993983
966	TRIM28	(NC)	Intron	0.4832086204186462
967	TRIM28		No Mutation	0.1909222047990971
968	TRIM28		No Mutation	-0.302328199
969	TRIM28	(NC);(NC);(NC)	Intron;Intron;Intron	0.8923528237227023
970	TRIM28	D455D;D456D	Silent;Silent	-0.877315704
971	TRIM28		No Mutation	-0.397856221
972	TRIM28		No Mutation	-0.015940442
973	TRIM28	A461A;E462G	Silent;Missense	0.2353450082370421
974	TRIM28	H464R	Missense	-0.491529996
975	TRIM28	V468A	Missense	0.2639506101526014
976	TRIM28	V468A	Missense	-1.210836148
977	TRIM28		No Mutation	1.175161818010606
978	TRIM28		No Mutation	0.7031905303707581
979	TRIM28	(NC);(NC);(NC)	Intron;Intron;Intron	0.027592871872643
980	TRIM28	(NC);(NC)	Intron;Intron	0.2776504512007203
981	TRIM28	(NC)	Intron	-0.297698197
982	TRIM28	(NC)	Intron	-0.37250295
983	TRIM28	(NC)	Intron	-0.184575149
984	TRIM28	(NC)	Intron	0.4065197091881574
985	TRIM28	(NC);(NC)	Intron;Intron	-0.786939206
986	TRIM28	(NC)	Splice-acceptor	-0.835145508
987	TRIM28	(NC)	Splice-acceptor	0.4992522337782791
988	TRIM28		No Mutation	-0.71411554
989	TRIM28		No Mutation	-0.284353274
990	TRIM28		No Mutation	-0.389076564
991	TRIM28	E475G	Missense	-0.500170529
992	TRIM28	S479G	Missense	-0.58552451
993	TRIM28		No Mutation	-0.195055115
994	TRIM28	R487R;S489G	Silent;Missense	0.3390275179626409
995	TRIM28		No Mutation	0.4285391901244834
996	TRIM28		No Mutation	-0.254486374
997	TRIM28	L495P	Missense	-0.067490991
998	TRIM28		No Mutation	-0.571167568
999	TRIM28	A499A	Silent	-0.315289925
1000	TRIM28		No Mutation	0.1767190723500373
1001	TRIM28	Q502R	Missense	-0.42166492
1002	TRIM28		No Mutation	-0.04340586
1003	TRIM28		No Mutation	0.5640999822327355
1004	TRIM28	V508A;F509P	Missense;Missense	-0.956096842
1005	TRIM28	F509P	Missense	-0.108370358
1006	TRIM28	F509S	Missense	0.3855340031334528
1007	TRIM28	P510P	Silent	-0.507116505
1008	TRIM28	T514T	Silent	1.4179448684490872
1009	TRIM28		No Mutation	0.5934013766369489
1010	TRIM28	L519P	Missense	0.6742958842468877
1011	TRIM28	I520V	Missense	-0.367617866
1012	TRIM28	R524R	Silent	-0.969469697
1013	TRIM28		No Mutation	-0.373741616
1014	TRIM28	A529A	Silent	-0.653033184
1015	TRIM28	A529A	Silent	0.4659484376193633
1016	TRIM28		No Mutation	-1.138896812
1017	TRIM28	T536T	Silent	-0.436341196
1018	TRIM28	P534P	Silent	-0.36910117
1019	TRIM28	P538P	Silent	-1.347350922
1020	TRIM28		No Mutation	-0.080767252
1021	TRIM28		No Mutation	-2.043109677
1022	TRIM28	G543G	Silent	0.1834974456259076
1023	TRIM28		No Mutation	-0.276846557
1024	TRIM28		No Mutation	1.3302333749116926
1025	TRIM28	L547P	Missense	0.3891073943306582
1026	TRIM28	L547P	Missense	-0.458248609
1027	TRIM28	L547P	Missense	0.1522139137852074
1028	TRIM28	P545P	Silent	0.636246896
1029	TRIM28	M550T	Missense	0.2635340499741653
1030	TRIM28	M550T	Missense	-0.089502193
1031	TRIM28	M550T	Missense	-0.307320103
1032	TRIM28	I552T	Missense	-0.303802871
1033	TRIM28	I552T	Missense	-0.358102228
1034	TRIM28	M550V	Missense	-0.831930103
1035	TRIM28	I552T	Missense	0.8871408038067744
1036	TRIM28	(NC)	Intron	0.3247928423654562
1037	TRIM28	K554G	Missense	-0.103309412
1038	TRIM28	(NC)	Intron	0.8370456208860374
1039	TRIM28	(NC);(NC)	Intron;Intron	0.7285706776604909
1040	TRIM28	(NC);(NC)	Intron;Intron	0.4968947848106751
1041	TRIM28	(NC)	Intron	0.337849341
1042	TRIM28	(NC);(NC)	Intron;Intron	-0.020592279
1043	TRIM28		No Mutation	-0.962708583
1044	TRIM28		No Mutation	0.4061274383081634
1045	TRIM28	P566P;T567T	Silent;Silent	0.0263924911249372
1046	TRIM28		No Mutation	-1.459226365
1047	TRIM28		No Mutation	1.0767271080532062
1048	TRIM28	T569T	Silent	0.2449574486862935
1049	TRIM28	T569T	Silent	1.2495744872946042
1050	TRIM28		No Mutation	-0.047880475
1051	TRIM28		No Mutation	-1.091201146
1052	TRIM28		No Mutation	0.150141174
1053	TRIM28	T574A;K575E	Missense;Missense	-0.525889751
1054	TRIM28	P576P;V577A	Silent;Missense	-0.064770758
1055	TRIM28	V577A;L578P	Missense;Missense	-0.459516984
1056	TRIM28	M579T;A580A	Missense;Silent	-0.039031238
1057	TRIM28		No Mutation	-0.418100739
1058	TRIM28	M579V	Missense	0.06735152
1059	TRIM28	M579V	Missense	-0.640979503
1060	TRIM28	L581P	Missense	0.076129097
1061	TRIM28		No Mutation	0.084901401
1062	TRIM28	E583G	Missense	-0.090786658
1063	TRIM28	E583G	Missense	0.6363155687377055
1064	TRIM28		No Mutation	-0.199057512
1065	TRIM28		No Mutation	0.142405254564209
1066	TRIM28		No Mutation	0.075900288
1067	TRIM28	P595P	Silent	0.1031576878813147
1068	TRIM28	P595P;S596S	Silent;Silent	0.1069264094600202
1069	TRIM28	P595P;S596S	Silent;Silent	-0.073147626
1070	TRIM28	S596S	Silent	0.2475948777154792
1071	TRIM28		No Mutation	-0.30270536
1072	TRIM28	S596G	Missense	-0.405008849
1073	TRIM28		No Mutation	-0.081892088
1074	TRIM28	S601P	Missense	-0.359626024
1075	TRIM28	S598G;T599A	Missense;Missense	-0.531396788
1076	TRIM28	T599A;S600G	Missense;Missense	0.2307059962152123
1077	TRIM28	S600G	Missense	-0.430310482
1078	TRIM28	S601S	Silent	-0.605379716
1079	TRIM28	V605A	Missense	-0.931324642
1080	TRIM28	E604G	Missense	-0.061645376
1081	TRIM28	E604G	Missense	-1.731466457
1082	TRIM28	E609G	Missense	-0.128766748
1083	TRIM28	T611A	Missense	0.7383340171640224
1084	TRIM28		No Mutation	-0.031581703
1085	TRIM28	T611A	Missense	0.4642341982431268
1086	TRIM28	S612S	Silent	0.7650534949285548
1087	TRIM28		No Mutation	0.6558385942825509
1088	TRIM28	G616G	Silent	-0.374289761
1089	TRIM28		No Mutation	-0.497487576
1090	TRIM28		No Mutation	1.1518466718310612
1091	TRIM28		No Mutation	-0.665694103
1092	TRIM28		No Mutation	-0.448297948
1093	TRIM28	D622D	Silent	-0.4284881
1094	TRIM28		No Mutation	0.6909507812369549
1095	TRIM28		No Mutation	-0.566728545
1096	TRIM28		No Mutation	0.2358881183183426
1097	TRIM28	V630A;C631R	Missense;Missense	0.2187965382912958
1098	TRIM28		No Mutation	-0.313413688
1099	TRIM28		No Mutation	0.1277862567856972
1100	TRIM28		No Mutation	-0.362614032
1101	TRIM28	Q632R;K633E	Missense;Missense	0.5524591604661319
1102	TRIM28	D636D;L637P	Silent;Missense	-0.23458105
1103	TRIM28	M639T;C640R	Missense;Missense	0.2950364929767571
1104	TRIM28	C646C;F647P	Silent;Missense	0.812911073
1105	TRIM28		No Mutation	-0.306202445
1106	TRIM28	L653P	Missense	0.6641200157800055
1107	TRIM28		No Mutation	0.14612043672577
1108	TRIM28	H652R	Missense	-0.502292002
1109	TRIM28	D658D	Silent	-0.462610577
1110	TRIM28		No Mutation	1.0767525724295568
1111	TRIM28		No Mutation	-0.052074025
1112	TRIM28	V659A	Missense	0.1009054801567709
1113	TRIM28		No Mutation	-0.647181083
1114	TRIM28	(NC)	Splice-donor	-1.024017537
1115	TRIM28	V659V	Silent	-0.517498386
1116	TRIM28	P660P	Silent	0.292688855
1117	TRIM28	(NC)	Intron	-0.305280133
1118	TRIM28	(NC)	Intron	-0.188013148
1119	TRIM28	(NC)	Intron	0.4756278738697128
1120	TRIM28	(NC)	Intron	0.1016106550176357
1121	TRIM28	(NC)	Intron	-0.797113478
1122	TRIM28	(NC)	Intron	-0.792155178
1123	TRIM28	(NC)	Intron	0.4197370060048814
1124	TRIM28	(NC)	Intron	0.2104035206943085
1125	TRIM28	C666R	Missense	-0.075289129
1126	TRIM28	C666R	Missense	0.2310412548878848
1127	TRIM28		No Mutation	0.2217298784807141
1128	TRIM28		No Mutation	-0.611690693
1129	TRIM28	L675P	Missense	1.227659045371039
1130	TRIM28		No Mutation	-1.247211881
1131	TRIM28	D674G	Missense	1.1399721043814737
1132	TRIM28		No Mutation	-0.258941884
1133	TRIM28		No Mutation	0.2483779353578271
1134	TRIM28	D679D	Silent	0.064992959
1135	TRIM28	D679G	Missense	0.4200499113339868
1136	TRIM28	S681G	Missense	1.1698467724428026
1137	TRIM28	G686G	Silent	-0.738662592
1138	TRIM28	D685G	Missense	-1.014771183
1139	TRIM28		No Mutation	-0.251988184
1140	TRIM28	A687A	Silent	0.038502647
1141	TRIM28	A687A;D688G;S689G	Silent;Missense;Missense	0.2143977350458676
1142	TRIM28	S697S	Silent	0.4132169948515594
1143	TRIM28		No Mutation	-0.487580173
1144	TRIM28	S697S	Silent	-0.003985463
1145	TRIM28	P698P	Silent	0.4007204073651524
1146	TRIM28	P698P;N700D	Silent;Missense	0.5076650712869265
1147	TRIM28	N700G;Q701R	Missense;Missense	0.3807710159765883
1148	TRIM28	(NC)	Splice-donor	-0.939117128
1149	TRIM28	N700S;Q701R	Missense;Missense	-0.693606207
1150	TRIM28	Q701R	Missense	-0.265734666
1151	TRIM28	(NC)	Intron	-0.2847633
1152	TRIM28	(NC)	Intron	0.4935712904814973
1153	TRIM28	(NC)	Intron	-0.450025277
1154	TRIM28		No Mutation	-0.302002743
1155	TRIM28		No Mutation	-0.987055165
1156	TRIM28	(NC)	Intron	-0.306385467
1157	TRIM28		No Mutation	-0.152597939
1158	TRIM28	K703K	Silent	1.124505779520924
1159	TRIM28		No Mutation	-0.322453771
1160	TRIM28	C717R	Missense	0.1301486314511429
1161	TRIM28		No Mutation	0.7087334345143935
1162	TRIM28	H721H	Silent	-0.189634072
1163	TRIM28	H721H	Silent	0.5964489360140676
1164	TRIM28	L723P	Missense	-0.381710996
1165	TRIM28	A724A	Silent	-0.884315966
1166	TRIM28	A724A	Silent	0.5708650539398724
1167	TRIM28	A724A	Silent	0.074385179
1168	TRIM28	A724A	Silent	0.725926576
1169	TRIM28	D726G	Missense	0.020002478
1170	TRIM28	L731P	Missense	0.1175980817396211
1171	TRIM28		No Mutation	-0.627920223
1172	TRIM28	(NC);(NC)	Splice-donor;Intron	0.5901282063162994
1173	TRIM28	(NC);(NC)	Intron;Intron	0.7104240260085682
1174	TRIM28		No Mutation	-0.127530029
1175	TRIM28		No Mutation	-0.123148251
1176	TRIM28	(NC)	Intron	0.5563223184722581
1177	TRIM28	(NC)	Intron	-0.805324491
1178	TRIM28	(NC)	Intron	0.0103444394736702
1179	TRIM28	(NC)	Intron	0.6138888474546572
1180	TRIM28		No Mutation	-0.311857015
1181	TRIM28		No Mutation	-0.468564353
1182	TRIM28		No Mutation	0.030947325
1183	TRIM28	(NC)	Splice-acceptor	0.298541636
1184	TRIM28	G735G	Silent	0.1924815230792796
1185	TRIM28	Q733R	Missense	-0.330085823
1186	TRIM28	L738P	Missense	-0.390562884
1187	TRIM28	D739D;L740P	Silent;Missense	1.0922717179606711
1188	TRIM28	D739D;L740P	Silent;Missense	0.037503896
1189	TRIM28	L742P;I743T	Missense;Missense	0.9276863864037308
1190	TRIM28	I743T	Missense	0.4378593854616963
1191	TRIM28	I743V	Missense	0.4409008064510762
1192	TRIM28	L747P	Missense	-0.284345427
1193	TRIM28	L747P	Missense	-0.014867217
1194	TRIM28		No Mutation	0.2701065678855772
1195	TRIM28	L751P	Missense	0.4268600110248811
1196	TRIM28	L751P;S752P	Missense;Missense	-0.368382559
1197	TRIM28	S752P	Missense	0.3740047041748872
1198	TRIM28	P753P	Silent	-0.48335241
1199	TRIM28		No Mutation	-0.088684423
1200	TRIM28		No Mutation	-0.036810188
1201	TRIM28		No Mutation	-0.170285981
1202	TRIM28		No Mutation	-1.714323993
1203	TRIM28	P758P	Silent	0.8580359173544144
1204	TRIM28		No Mutation	0.017654573
1205	TRIM28	E760G	Missense	0.231379027947919
1206	TRIM28		No Mutation	-0.21308589
1207	TRIM28	E760G	Missense	-0.3175324
1208	TRIM28		No Mutation	0.455475984488787
1209	TRIM28	M768T	Missense	0.2108265409286553
1210	TRIM28	M768T;F769L	Missense;Missense	0.5072042272790909
1211	TRIM28	F772P	Missense	0.070695267
1212	TRIM28	Q771Q;N773D	Silent;Missense	1.7766359614805738
1213	TRIM28	L775L;T776A	Silent;Missense	0.8163220355057665
1214	TRIM28	E777G	Missense	0.2888247685083036
1215	TRIM28	(NC)	Intron	0.5648315482446807
1216	TRIM28	(NC)	Intron	-0.221738904
1217	TRIM28	(NC);(NC)	Intron;Intron	0.088649945
1218	TRIM28		No Mutation	0.5457349599666244
1219	TRIM28		No Mutation	-1.339224597
1220	TRIM28	V782A	Missense	0.086459556
1221	TRIM28	V782A	Missense	-0.431534497
1222	TRIM28	D781G	Missense	0.1824318178199927
1223	TRIM28		No Mutation	0.3998395648776641
1224	TRIM28	M796V	Missense	-0.051401573
1225	TRIM28	F805P	Missense	0.382491359399651
1226	TRIM28	K804G	Missense	0.7548208502021385
1227	TRIM28		No Mutation	0.6806217511403241
1228	TRIM28	V808A;L809P	Missense;Missense	-0.64281105
1229	TRIM28		No Mutation	0.3159476069529559
1230	TRIM28	L817P	Missense	0.086200503
1231	TRIM28	L817P;P818P	Missense;Silent	0.2128668219698607
1232	TRIM28	P818P	Silent	-0.85676671
1233	TRIM28	M815V;S816G	Missense;Missense	-0.17188341
1234	TRIM28	P818P	Silent	-0.471821017
1235	TRIM28	G819G	Silent	0.096444417
1236	TRIM28	L822P	Missense	-0.108837826
1237	TRIM28		No Mutation	-0.903937915
1238	TRIM28	S823S;S824P	Silent;Missense	0.045124769
1239	TRIM28	S823G	Missense	1.5292777520572949
1240	TRIM28	L827P;S828P	Missense;Missense	0.618058026
1241	TRIM28	Q825R	Missense	0.3112083179862952
1242	TRIM28	E826G	Missense	-0.424288813
1243	TRIM28	G829G	Silent	-0.013192122
1244	TRIM28	G829G	Silent	0.8676477908300664
1245	TRIM28		No Mutation	0.027126484
1246	TRIM28		No Mutation	0.2618318103967937
1247	TRIM28	D833G	Missense	-0.1451514
1248	TRIM28	*836R	Missense	-1.530389592
1249	TRIM28	*836R	Missense	-1.625307929
1250	TRIM28	*836W	Missense	0.182883103504478
1251	TRIM28		No Mutation	0.4922460296768169
1252	TRIM28		No Mutation	-0.218032496
1253	TRIM28	(NC)	UTR	0.3584068140042444
1254	MPHOSPH8		No Mutation	-0.142206863
1255	MPHOSPH8	(NC)	UTR	0.5070995437030784
1256	MPHOSPH8		No Mutation	0.3576966240625059
1257	MPHOSPH8	(NC)	UTR	0.4530041773546334
1258	MPHOSPH8	(NC);M1V	UTR;Missense	-3.73544538
1259	MPHOSPH8	M1V	Missense	-2.384018231
1260	MPHOSPH8	M1V;E2G	Missense;Missense	-1.935185144
1261	MPHOSPH8	Q3R	Missense	-0.23739565
1262	MPHOSPH8		No Mutation	-1.566557044
1263	MPHOSPH8	A17A	Silent	-0.533578442
1264	MPHOSPH8		No Mutation	-0.718015384
1265	MPHOSPH8		No Mutation	0.8693438150540671
1266	MPHOSPH8	S16S	Silent	-0.335022852
1267	MPHOSPH8	D19G;S20G	Missense;Missense	-0.394541159
1268	MPHOSPH8	L24P	Missense	-0.264524125
1269	MPHOSPH8		No Mutation	0.075126754
1270	MPHOSPH8	E26G	Missense	-0.555977657
1271	MPHOSPH8	V31A	Missense	-0.162720805
1272	MPHOSPH8	E28E;E29G	Silent;Missense	-0.468770773
1273	MPHOSPH8	E29G	Missense	-0.019604886
1274	MPHOSPH8	N38G;D39G	Missense;Missense	-0.277458705
1275	MPHOSPH8	A40A	Silent	0.2660266416559932
1276	MPHOSPH8	A40A	Silent	-0.270192766
1277	MPHOSPH8	R43G	Missense	0.3052159167188447
1278	MPHOSPH8		No Mutation	-0.277738678
1279	MPHOSPH8		No Mutation	-0.219451636
1280	MPHOSPH8		No Mutation	0.3823259209341205
1281	MPHOSPH8	D50G	Missense	-0.426355629
1282	MPHOSPH8		No Mutation	0.024026445
1283	MPHOSPH8	S51G	Missense	-0.734409862
1284	MPHOSPH8	G55G	Silent	-1.373186804
1285	MPHOSPH8	G55G;E56G	Silent;Missense	-0.18915168
1286	MPHOSPH8	E60G	Missense	-1.581190145
1287	MPHOSPH8		No Mutation	-0.003073726
1288	MPHOSPH8	D66G	Missense	1.178527237246402
1289	MPHOSPH8	D66G	Missense	1.8627552060781616
1290	MPHOSPH8	D66G;M67V	Missense;Missense	0.032091703
1291	MPHOSPH8		No Mutation	-0.662285698
1292	MPHOSPH8	K68G;T69A	Missense;Missense	0.033793455
1293	MPHOSPH8	T69A;E70G	Missense;Missense	-0.200088521
1294	MPHOSPH8	E70G	Missense	1.0842642621011682
1295	MPHOSPH8	E70G	Missense	-0.276771058
1296	MPHOSPH8		No Mutation	0.2450319924181919
1297	MPHOSPH8	(NC)	Intron	-0.814961737
1298	MPHOSPH8	(NC)	Intron	-0.368950772
1299	MPHOSPH8	(NC)	Intron	0.7861806733751497
1300	MPHOSPH8	(NC)	Intron	-0.297909343
1301	MPHOSPH8	(NC);(NC)	Intron;Intron	1.3932842039684732
1302	MPHOSPH8		No Mutation	-0.063375136
1303	MPHOSPH8		No Mutation	0.8830406734734025
1304	MPHOSPH8	Y76C;K77G	Missense;Missense	0.9202772596006656
1305	MPHOSPH8	K81E	Missense	-0.012397426
1306	MPHOSPH8	T84T	Silent	0.6258400387584756
1307	MPHOSPH8	T84T	Silent	-0.116083671
1308	MPHOSPH8	E91G	Missense	-1.016527354
1309	MPHOSPH8	I94T	Missense	-0.508710889
1310	MPHOSPH8		No Mutation	-1.849125651
1311	MPHOSPH8		No Mutation	0.004593166
1312	MPHOSPH8		No Mutation	-0.107678614
1313	MPHOSPH8		No Mutation	-0.609834846
1314	MPHOSPH8	E101G	Missense	0.1392905694250849
1315	MPHOSPH8	N113S;K114G	Missense;Missense	1.218984932520628
1316	MPHOSPH8	K114K;K116E	Silent;Missense	0.4271801204797901
1317	MPHOSPH8	D121D	Silent	-0.28641406
1318	MPHOSPH8	A117A;R119G	Silent;Missense	0.4141150573392291
1319	MPHOSPH8	L127L;N128G;N129D	Silent;Missense;Missense	1.2224098643358308
1320	MPHOSPH8	I131T;F132P	Missense;Missense	0.1134323461033474
1321	MPHOSPH8	K152R;K153G	Missense;Missense	1.0288905793246428
1322	MPHOSPH8	K169G;K170E	Missense;Missense	1.0334230853603086
1323	MPHOSPH8	K170G;K171G	Missense;Missense	-1.143926471
1324	MPHOSPH8	K170R;K171G	Missense;Missense	0.4837799559729578
1325	MPHOSPH8	K181G	Missense	-0.501765292
1326	MPHOSPH8		No Mutation	-0.245544217
1327	MPHOSPH8	P184P;D185G	Silent;Missense	-1.204674378
1328	MPHOSPH8	S189P;L190P	Missense;Missense	0.6191631443873804
1329	MPHOSPH8		No Mutation	1.2757463251813994
1330	MPHOSPH8	V194A;F195P	Missense;Missense	-0.314459654
1331	MPHOSPH8	E205E;K207E	Silent;Missense	-0.514585253
1332	MPHOSPH8		No Mutation	0.0095023
1333	MPHOSPH8	E226E;L227L;K228E	Silent;Silent;Missense	-0.553900289
1334	MPHOSPH8	L227L;K228G	Silent;Missense	0.948703014
1335	MPHOSPH8	E255E;K256G	Silent;Missense	-0.271774879
1336	MPHOSPH8	K256K	Silent	-0.411693897
1337	MPHOSPH8	S266P	Missense	0.1870951152057642
1338	MPHOSPH8	S266P	Missense	0.91528788780121
1339	MPHOSPH8	D271G	Missense	0.4570194002889697
1340	MPHOSPH8	P275P;E276G	Silent;Missense	-0.58395698
1341	MPHOSPH8		No Mutation	0.4239219221143383
1342	MPHOSPH8	P275P;E276G	Silent;Missense	-0.534227076
1343	MPHOSPH8	S279S	Silent	0.3552057767090045
1344	MPHOSPH8		No Mutation	-1.132291787
1345	MPHOSPH8		No Mutation	-0.032820362
1346	MPHOSPH8	S295G	Missense	-0.049022947
1347	MPHOSPH8	A296A	Silent	0.7197848853727988
1348	MPHOSPH8	A296A;R297G	Silent;Missense	0.4961270296770156
1349	MPHOSPH8	R299G	Missense	-0.143156078
1350	MPHOSPH8	R299G	Missense	0.7993240278430561
1351	MPHOSPH8	R299R;A300A	Silent;Silent	-0.035465248
1352	MPHOSPH8	A300A	Silent	0.4246788478648705
1353	MPHOSPH8	D303G;M304V	Missense;Missense	-0.260160203
1354	MPHOSPH8	M318T	Missense	0.6045074774347429
1355	MPHOSPH8	M318T;S319S	Missense;Silent	0.1019492296039122
1356	MPHOSPH8	S316G	Missense	-0.396700891
1357	MPHOSPH8	S319S	Silent	-0.220849878
1358	MPHOSPH8	M318V	Missense	-0.438225265
1359	MPHOSPH8	D323D	Silent	-0.830813696
1360	MPHOSPH8	E322G;D323G	Missense;Missense	0.005134567
1361	MPHOSPH8	D323G;T324A	Missense;Missense	-0.035872954
1362	MPHOSPH8	D325G	Missense	0.4465525636943767
1363	MPHOSPH8		No Mutation	-0.027021792
1364	MPHOSPH8	K331K;K332G;K333E	Silent;Missense;Missense	0.6718875013799015
1365	MPHOSPH8	T334A	Missense	0.9660789323165616
1366	MPHOSPH8		No Mutation	-0.636172358
1367	MPHOSPH8		No Mutation	0.5791776374523574
1368	MPHOSPH8		No Mutation	0.085342697
1369	MPHOSPH8	E339G;D340G	Missense;Missense	0.9963481324354404
1370	MPHOSPH8		No Mutation	0.7185383369193503
1371	MPHOSPH8	V381V	Silent	2.6119049365355917
1372	MPHOSPH8		No Mutation	0.4982122625437384
1373	MPHOSPH8		No Mutation	1.3385446400126717
1374	MPHOSPH8	Q384R	Missense	-0.182520713
1375	MPHOSPH8	Q384R;T385A	Missense;Missense	-0.223728079
1376	MPHOSPH8		No Mutation	-0.597799073
1377	MPHOSPH8		No Mutation	-0.228163596
1378	MPHOSPH8	K387G	Missense	-0.46144959
1379	MPHOSPH8	K387R	Missense	0.3706946525968615
1380	MPHOSPH8		No Mutation	-0.04073221
1381	MPHOSPH8	L391P	Missense	-0.950755762
1382	MPHOSPH8	S392G	Missense	0.2732003335008536
1383	MPHOSPH8	E394G	Missense	-1.071885752
1384	MPHOSPH8	R396G	Missense	0.5539103447147338
1385	MPHOSPH8	T401A	Missense	0.079758923
1386	MPHOSPH8	S403P	Missense	0.0196640753040221
1387	MPHOSPH8	T401A	Missense	0.7920240697488145
1388	MPHOSPH8	D402G;S403S	Missense;Silent	-0.431907421
1389	MPHOSPH8		No Mutation	-1.025805376
1390	MPHOSPH8	S403S	Silent	0.2725359832678095
1391	MPHOSPH8	E405G	Missense	-0.435498872
1392	MPHOSPH8	E405G;E406G	Missense;Missense	-0.928500844
1393	MPHOSPH8	E406G	Missense	0.1827459803493284
1394	MPHOSPH8		No Mutation	-0.13732494
1395	MPHOSPH8		No Mutation	-0.575140721
1396	MPHOSPH8	K416R;E417G	Missense;Missense	-0.068046211
1397	MPHOSPH8	K421K;R422G	Silent;Missense	0.4357104172959115
1398	MPHOSPH8	D426G	Missense	0.0371975873378752
1399	MPHOSPH8	R432G	Missense	0.529107866
1400	MPHOSPH8	(NC)	Splice-donor	-1.582350373
1401	MPHOSPH8	(NC);(NC);(NC);(NC)	Intron;Intron;Intron;Intron	1.7663554239831123
1402	MPHOSPH8	D460G	Missense	0.076023528
1403	MPHOSPH8	E463G	Missense	1.5786484737248374
1404	MPHOSPH8	E463G;N464D	Missense;Missense	-0.397458895
1405	MPHOSPH8	K467K;R468G	Silent;Missense	-0.451982936
1406	MPHOSPH8	I478M;D479G	Missense;Missense	0.1975614168593632
1407	MPHOSPH8	K487R;Q488R	Missense;Missense	2.859804185062081
1408	MPHOSPH8	A504A;Y505C	Silent;Missense	0.7266845518237952
1409	MPHOSPH8		No Mutation	0.3433205274228976
1410	MPHOSPH8	A508A	Silent	-0.88611143
1411	MPHOSPH8	Q520R	Missense	-0.238030319
1412	MPHOSPH8	N524N;S525P	Silent;Missense	-0.148912095
1413	MPHOSPH8	E523G;N524G	Missense;Missense	0.0141288168598502
1414	MPHOSPH8	(NC)	Intron	-0.038260626
1415	MPHOSPH8		No Mutation	0.7768750812562186
1416	MPHOSPH8	I531T	Missense	-0.093409224
1417	MPHOSPH8	Q529R	Missense	0.95498231
1418	MPHOSPH8	Q529R;Q530R	Missense;Missense	-0.007756258
1419	MPHOSPH8	I531V	Missense	0.1805264197178098
1420	MPHOSPH8	M536V	Missense	1.289025253328012
1421	MPHOSPH8	D537G	Missense	0.585234124
1422	MPHOSPH8		No Mutation	-0.046205885
1423	MPHOSPH8	M543T	Missense	-0.705311204
1424	MPHOSPH8	Q549R	Missense	0.7040336747021405
1425	MPHOSPH8	Q549R	Missense	1.2628226728427836
1426	MPHOSPH8	D553D	Silent	-0.359670462
1427	MPHOSPH8	D556D	Silent	-0.178672226
1428	MPHOSPH8	P566P;S567G	Silent;Missense	0.6042385298768962
1429	MPHOSPH8	(NC);(NC);(NC);(NC)	Intron;Intron;Intron;Intron	-1.714314973
1430	MPHOSPH8	R571G;D572G	Missense;Missense	-0.756799757
1431	MPHOSPH8	D572G	Missense	-0.45791101
1432	MPHOSPH8	D572G	Missense	0.052244512
1433	MPHOSPH8	S588S;N589G	Silent;Missense	-0.058950014
1434	MPHOSPH8	E591E;Y592C;N593D	Silent;Missense;Missense	-0.845683737
1435	MPHOSPH8	(NC);(NC)	Intron;Intron	0.3150870983227416
1436	MPHOSPH8	(NC);(NC);(NC)	Intron;Intron;Intron	-0.000324301
1437	MPHOSPH8	(NC);(NC)	Intron;Intron	0.1255023656589995
1438	MPHOSPH8	(NC);(NC)	Intron;Intron	-1.087961078
1439	MPHOSPH8	S600S	Silent	-0.819730181
1440	MPHOSPH8	S600G	Missense	-0.59992858
1441	MPHOSPH8	L604P;V605A	Missense;Missense	-0.626893916
1442	MPHOSPH8	M606V	Missense	-0.93917604
1443	MPHOSPH8	M606V	Missense	0.007837223
1444	MPHOSPH8		No Mutation	-0.165350293
1445	MPHOSPH8		No Mutation	-0.328984029
1446	MPHOSPH8		No Mutation	0.6859701472572615
1447	MPHOSPH8		No Mutation	0.9126574385320768
1448	MPHOSPH8	L616P	Missense	-1.79272328
1449	MPHOSPH8	I621T	Missense	-0.250986444
1450	MPHOSPH8	R618R	Silent	-0.445994481
1451	MPHOSPH8	K623G	Missense	-0.239964247
1452	MPHOSPH8		No Mutation	0.1321615514271035
1453	MPHOSPH8	N628G	Missense	-1.128699155
1454	MPHOSPH8	N628S	Missense	0.3694833424833421
1455	MPHOSPH8	H640H;A641A	Silent;Silent	-0.129248275
1456	MPHOSPH8	A641A	Silent	0.6421017465417302
1457	MPHOSPH8	I639V	Missense	1.4619686275239778
1458	MPHOSPH8		No Mutation	-0.592241355
1459	MPHOSPH8		No Mutation	0.7446434163046192
1460	MPHOSPH8		No Mutation	-0.031306229
1461	MPHOSPH8	(NC)	Intron	-1.318487628
1462	MPHOSPH8	T648T;T649A	Silent;Missense	0.1683976095629339
1463	MPHOSPH8	N661G	Missense	-0.602780989
1464	MPHOSPH8	G667G	Silent	-0.547448654
1465	MPHOSPH8	E668G;T669A	Missense;Missense	-3.35470168
1466	MPHOSPH8	K673R;(NC)	Missense;Intron	-1.508334962
1467	MPHOSPH8	(NC)	Intron	0.1781277548678688
1468	MPHOSPH8	(NC);(NC)	Intron;Splice-acceptor	-1.406997869
1469	MPHOSPH8	R684R	Silent	-0.093038152
1470	MPHOSPH8	F706L	Missense	-0.952251798
1471	MPHOSPH8		No Mutation	-0.027916565
1472	MPHOSPH8	S710P	Missense	1.4791712913486272
1473	MPHOSPH8	V729V;A730A	Silent;Silent	0.5226590063901544
1474	MPHOSPH8		No Mutation	0.6535655627387815
1475	MPHOSPH8	C753R	Missense	-1.594824969
1476	MPHOSPH8	L756P	Missense	-0.060182725
1477	MPHOSPH8	A752A	Silent	-1.130658783
1478	MPHOSPH8	H754R	Missense	-1.275483166
1479	MPHOSPH8	D765D;F766P	Silent;Missense	0.081223576
1480	MPHOSPH8	P771P;Q772R	Silent;Missense	-1.455893523
1481	MPHOSPH8		No Mutation	-0.286016456
1482	MPHOSPH8		No Mutation	0.088104252
1483	MPHOSPH8		No Mutation	-0.059361509
1484	MPHOSPH8		No Mutation	-0.014677766
1485	MPHOSPH8	(NC)	Intron	-0.692403595
1486	MPHOSPH8	S778S	Silent	-0.810175583
1487	MPHOSPH8	I780T	Missense	1.0011008714434344
1488	MPHOSPH8	H786H	Silent	0.4984032681605412
1489	MPHOSPH8	G791G	Silent	-0.250749831
1490	MPHOSPH8	K792G	Missense	-0.322020295
1491	MPHOSPH8	I795V	Missense	0.4329362490244894
1492	MPHOSPH8	A806A;V807A	Silent;Missense	-0.449357302
1493	MPHOSPH8	(NC)	Intron	1.465337817212874
1494	MPHOSPH8	H822H;F823P	Silent;Missense	-0.523322394
1495	MPHOSPH8	S826S	Silent	-0.172617984
1496	MPHOSPH8	N834N	Silent	-0.35510031
1497	MPHOSPH8	N834N	Silent	0.4564530680403026
1498	MPHOSPH8	N834G	Missense	-0.099597782
1499	MPHOSPH8	I838T	Missense	0.6348654733341574
1500	MPHOSPH8	I838T	Missense	-0.373088076
1501	MPHOSPH8	T841T;E842G	Silent;Missense	1.1884983190809275
1502	MPHOSPH8	(NC)	Intron	-0.240485834
1503	MPHOSPH8	(NC)	Intron	1.2001647255442591
1504	MPHOSPH8	(NC);(NC);(NC);(NC)	Intron;Intron;Intron;Intron	0.316881817763498
1505	MPHOSPH8	(NC);(NC)	Intron;Intron	-0.571030115
1506	MPHOSPH8	(NC)	Splice-acceptor	-2.217704761
1507	MPHOSPH8	Q860R	Missense	0.646571793
1508	MPHOSPH8	Q860R	Missense	0.3540892514553174
1509	MPHOSPH8	*861W;(NC)	Missense;UTR	0.1288035398844014
1510	MPHOSPH8	*861W;(NC);(NC)	Missense;UTR;UTR	0.6898991351917568
1511	MPHOSPH8	(NC);(NC);(NC);(NC)	UTR;UTR;UTR;UTR	1.3146831356957351
1512	MPHOSPH8	(NC)	UTR	0.1825714643668325
1513	TASOR	*1610Q	Missense	0.5070135910264215
1514	TASOR		No Mutation	-0.444013674
1515	TASOR	K1598G	Missense	-0.182807096
1516	TASOR	W1596R	Missense	-0.226398478
1517	TASOR	P1591P	Silent	0.6480973291475636
1518	TASOR	P1591P	Silent	0.7249785344646105
1519	TASOR	P1591P	Silent	0.4016275848354198
1520	TASOR		No Mutation	0.8473833857755395
1521	TASOR	S1570P	Missense	0.616736313
1522	TASOR	S1570P	Missense	-0.10638329
1523	TASOR	S1567P	Missense	-0.819895034
1524	TASOR	H1549H;F1550P	Silent;Missense	-0.76932514
1525	TASOR	H1549H;F1550P	Silent;Missense	-0.565159745
1526	TASOR	S1530S	Silent	-0.882614915
1527	TASOR	D1514G;I1515V	Missense;Missense	-0.179934861
1528	TASOR		No Mutation	0.9519771857768424
1529	TASOR		No Mutation	0.4010171330815183
1530	TASOR	E1471G;T1472A	Missense;Missense	-0.284084501
1531	TASOR	E1469G	Missense	-0.855945933
1532	TASOR	M1446V	Missense	0.4440726577504089
1533	TASOR	D1445G;M1446V	Missense;Missense	-0.93062116
1534	TASOR	D1445G;M1446V	Missense;Missense	0.2698177957555676
1535	TASOR	E1443G	Missense	0.2491787402309512
1536	TASOR	D1439G	Missense	0.413353665490173
1537	TASOR	N1428G	Missense	1.287463658772254
1538	TASOR	N1426N	Silent	0.8018178007733651
1539	TASOR	G1424G;A1425A	Silent;Silent	0.2745395911863862
1540	TASOR	E1418G;N1419G	Missense;Missense	0.1282409102674361
1541	TASOR	N1404G	Missense	1.1855903359722828
1542	TASOR	Q1403Q;N1404G	Silent;Missense	-1.333650383
1543	TASOR	T1389A	Missense	1.2369967451961403
1544	TASOR	N1391N	Silent	-1.023543306
1545	TASOR	S1387G	Missense	-0.011362604
1546	TASOR	A1366A	Silent	1.1642146895633076
1547	TASOR		No Mutation	-0.11640114
1548	TASOR	L1361P;I1362T	Missense;Missense	-1.602698366
1549	TASOR	R1353R;N1354D	Silent;Missense	0.5737033999689773
1550	TASOR		No Mutation	0.6800965015062506
1551	TASOR	Y1334C	Missense	0.1182983072015755
1552	TASOR	K1313R;L1314L	Missense;Silent	1.471539540644362
1553	TASOR	K1312G;K1313G	Missense;Missense	-0.393391506
1554	TASOR	K1309K	Silent	-1.322046475
1555	TASOR		No Mutation	0.1160364856681712
1556	TASOR	P1298P;E1299G	Silent;Missense	0.1298908266873319
1557	TASOR	T1297A	Missense	0.157246407304624
1558	TASOR	E1294G	Missense	0.0176578565691328
1559	TASOR	S1296S;T1297T	Silent;Silent	-0.060195776
1560	TASOR	V1282A	Missense	1.6473915016332967
1561	TASOR	V1282A	Missense	0.46334537237587
1562	TASOR	P1277P;E1278G	Silent;Missense	0.4131431551722971
1563	TASOR	E1272E;S1273S;I1274V	Silent;Silent;Missense	0.4722563167074534
1564	TASOR	E1260G	Missense	1.1926758298683606
1565	TASOR	N1259G;E1260G	Missense;Missense	0.0581375664491309
1566	TASOR	A1245A;G1246G	Silent;Silent	0.4043815378708382
1567	TASOR	A1245A	Silent	-2.795041602
1568	TASOR	F1244F;A1245A	Silent;Silent	-1.126367353
1569	TASOR	L1236P	Missense	-0.072171946
1570	TASOR	(NC);(NC);(NC)	Intron;Intron;Intron	0.4059031755702207
1571	TASOR	(NC)	Intron	0.748337919
1572	TASOR	A1224A	Silent	-0.437658128
1573	TASOR	Q1219R;N1220G	Missense;Missense	-0.712257478
1574	TASOR		No Mutation	0.1603955956116136
1575	TASOR	E1189G;Y1190C	Missense;Missense	-0.449147194
1576	TASOR	K1188G	Missense	-1.722805673
1577	TASOR		No Mutation	-1.684695768
1578	TASOR	S1158S;L1159P	Silent;Missense	-0.618111125
1579	TASOR	E1154G	Missense	-0.090796758
1580	TASOR	V1155A;F1156L	Missense;Missense	-0.063139312
1581	TASOR	F1147P;I1148T	Missense;Missense	0.106833001147597
1582	TASOR	I1138T;S1139P	Missense;Missense	-0.139571644
1583	TASOR	I1138T;S1139P	Missense;Missense	0.5346614020536318
1584	TASOR	I1138T;S1139P	Missense;Missense	-0.148073021
1585	TASOR	I1138T	Missense	0.2210296367677121
1586	TASOR		No Mutation	0.2046392276110771
1587	TASOR		No Mutation	0.0984201
1588	TASOR		No Mutation	0.7864907669810092
1589	TASOR	V1117V	Silent	0.6085683621397294
1590	TASOR	V1117V	Silent	-0.008605665
1591	TASOR	I1116V	Missense	0.996836127642652
1592	TASOR	D1114G	Missense	-1.214066494
1593	TASOR	V1111A;T1112T	Missense;Silent	1.245351488991516
1594	TASOR	L1109P	Missense	-0.216944132
1595	TASOR	Q1104Q;H1105R	Silent;Missense	0.4137295327400261
1596	TASOR		No Mutation	0.4871865740389106
1597	TASOR	T1096T	Silent	0.5540621507914134
1598	TASOR	E1088G	Missense	-0.268373998
1599	TASOR	H1090H	Silent	-0.103198578
1600	TASOR	S1086P	Missense	-0.077673433
1601	TASOR	P1080P;L1081P	Silent;Missense	1.5616793465612928
1602	TASOR	C1077C;S1078S	Silent;Silent	0.4499221750280504
1603	TASOR	N1069N	Silent	-0.980395673
1604	TASOR	F1067P	Missense	-0.528918621
1605	TASOR	V1059A;I1060T	Missense;Missense	-0.094116231
1606	TASOR	A1051A	Silent	1.064960432109043
1607	TASOR	I1050V	Missense	-0.080972241
1608	TASOR	A1048A	Silent	1.5271224652455158
1609	TASOR	D1045D;S1046P	Silent;Missense	0.6322918844437135
1610	TASOR	S1042G	Missense	0.2653144950700888
1611	TASOR		No Mutation	0.610687857
1612	TASOR	L1038S	Missense	-0.513237238
1613	TASOR	K1030R;A1031A	Missense;Silent	-0.182424523
1614	TASOR	K1030G	Missense	1.1183402835420773
1615	TASOR	I1029V;K1030G	Missense;Missense	0.099601518
1616	TASOR	I1029V;K1030E	Missense;Missense	1.667095185604446
1617	TASOR	Q1014R	Missense	0.8877326378468002
1618	TASOR		No Mutation	0.9010159786703902
1619	TASOR	K1010E	Missense	0.5551940747587766
1620	TASOR	K1007G	Missense	0.0191525101682352
1621	TASOR	S1006S	Silent	0.9341457959160934
1622	TASOR	T993T;Q994R	Silent;Missense	1.2088510324079773
1623	TASOR		No Mutation	0.1299059168439912
1624	TASOR		No Mutation	1.7422207543032333
1625	TASOR	V960A;L961P	Missense;Missense	-0.768384158
1626	TASOR	T956A;E957G	Missense;Missense	0.0476989741281662
1627	TASOR	S953G	Missense	-0.037129453
1628	TASOR		No Mutation	-0.023054653
1629	TASOR		No Mutation	-1.484089702
1630	TASOR		No Mutation	-0.399392837
1631	TASOR		No Mutation	-0.266336114
1632	TASOR	T934A	Missense	-0.366422691
1633	TASOR		No Mutation	0.7614511087118565
1634	TASOR	D931G	Missense	-0.085938325
1635	TASOR	V932A;L933P	Missense;Missense	-0.42768268
1636	TASOR	E929G;D930G	Missense;Missense	0.2947813178433299
1637	TASOR	T923T;L924L;K925E	Silent;Silent;Missense	0.4262420448749747
1638	TASOR	L924P	Missense	0.9292448333506408
1639	TASOR	(NC)	Intron	-0.099471593
1640	TASOR	(NC);(NC)	Intron;Intron	0.9878122320457224
1641	TASOR		No Mutation	0.2621617122843744
1642	TASOR		No Mutation	-1.72348848
1643	TASOR	(NC);(NC)	Intron;Intron	0.2429537648819424
1644	TASOR	(NC);(NC)	Intron;Intron	-0.187784626
1645	TASOR	K916G	Missense	0.5642330099159438
1646	TASOR	E909G;E910G	Missense;Missense	1.1784295280652717
1647	TASOR	F898S;R899R	Missense;Silent	0.0496125759523046
1648	TASOR	F898P	Missense	0.6323812440254548
1649	TASOR	H896H	Silent	0.4766347694417081
1650	TASOR		No Mutation	0.4257982024579546
1651	TASOR	S891G	Missense	-0.503327511
1652	TASOR	V880A	Missense	1.1821488928481725
1653	TASOR	E873E;(NC);(NC)	Silent;Intron;Intron	0.4851350482524296
1654	TASOR		No Mutation	0.632809714
1655	TASOR	T865T	Silent	0.1462248441876736
1656	TASOR	I858V	Missense	-0.339347368
1657	TASOR	I858V	Missense	-0.460189515
1658	TASOR	E834G;N835G	Missense;Missense	-0.106953448
1659	TASOR	E834G;N835D	Missense;Missense	-0.248765187
1660	TASOR	Y825H	Missense	-0.711428738
1661	TASOR	Y825H	Missense	0.5183293436493015
1662	TASOR	Y825H	Missense	-0.278196529
1663	TASOR	D803G	Missense	-0.527198866
1664	TASOR	T801T;D802D	Silent;Silent	1.3924123401506705
1665	TASOR	T792A	Missense	0.410213552
1666	TASOR	S788S;L789P	Silent;Missense	1.15535253
1667	TASOR	N773N;W774R;L775L	Silent;Missense;Silent	0.4690031136507617
1668	TASOR	H769R	Missense	-0.601690199
1669	TASOR	I768T;H769H	Missense;Silent	-0.393771108
1670	TASOR	I765V	Missense	-0.200711983
1671	TASOR	I765T;A766A	Missense;Silent	0.206966347738797
1672	TASOR	Q758R;D759G	Missense;Missense	-0.008047704
1673	TASOR	R754G	Missense	-0.356816254
1674	TASOR	H749R;D750G	Missense;Missense	0.3604101174128571
1675	TASOR	G748G;H749R	Silent;Missense	-0.529237507
1676	TASOR		No Mutation	0.7798795758545254
1677	TASOR	S746P;L747P	Missense;Missense	-0.597910168
1678	TASOR	Q742R	Missense	-0.670739219
1679	TASOR	E739G	Missense	0.1696025531052625
1680	TASOR	S740S	Silent	0.3811292024912042
1681	TASOR	(NC);(NC);(NC)	Intron;Intron;Intron	2.0263453887459617
1682	TASOR	N733G	Missense	1.1367823845102842
1683	TASOR	L730S;S731P	Missense;Missense	-0.411004377
1684	TASOR	K711E	Missense	-0.519299118
1685	TASOR	K707G	Missense	1.042819329675294
1686	TASOR	K692G;K693E	Missense;Missense	-1.183686092
1687	TASOR	K692G	Missense	-0.49834307
1688	TASOR	R691G;K692G	Missense;Missense	0.5977022519989685
1689	TASOR	R691G	Missense	0.4515128987937606
1690	TASOR	R691G	Missense	0.2292904348182372
1691	TASOR	N686G	Missense	0.4363163452820888
1692	TASOR		No Mutation	0.72703691
1693	TASOR	Q668Q;R669G	Silent;Missense	-0.128630723
1694	TASOR		No Mutation	-0.421597967
1695	TASOR	E661G	Missense	0.8468437227338447
1696	TASOR	K654G	Missense	-0.328066706
1697	TASOR	T648A	Missense	1.4435248650121872
1698	TASOR	Q641R;E642G	Missense;Missense	0.262297453
1699	TASOR		No Mutation	0.4632435188236444
1700	TASOR	P634P	Silent	0.5689431584512358
1701	TASOR	L614P	Missense	-0.397485382
1702	TASOR	P609P	Silent	-0.972216666
1703	TASOR	C601C;L602P	Silent;Missense	-0.957035072
1704	TASOR	C601C;L602P	Silent;Missense	-2.214563613
1705	TASOR	H597H;I598T	Silent;Missense	0.4533166611761728
1706	TASOR	H597H;I598T	Silent;Missense	0.2364533310525362
1707	TASOR	L582P	Missense	-1.398040267
1708	TASOR	S552S;V553A	Silent;Missense	-1.026267339
1709	TASOR	I536V	Missense	-0.019897076
1710	TASOR		No Mutation	1.0486585534781123
1711	TASOR		No Mutation	-0.149196514
1712	TASOR	N511S;A512A	Missense;Silent	0.4864454139990905
1713	TASOR	S509S;T510A;N511D	Silent;Missense;Missense	-0.298778671
1714	TASOR	T504T;S505P	Silent;Missense	-0.93373245
1715	TASOR	F494F;L495P;F496L	Silent;Missense;Missense	-0.704105626
1716	TASOR	L490P;H491H	Missense;Silent	0.7019447802463046
1717	TASOR	(NC);(NC);(NC)	Intron;Intron;Intron	0.2733401075988472
1718	TASOR	(NC);(NC)	Intron;Intron	-0.555884446
1719	TASOR		No Mutation	0.6836840764613805
1720	TASOR		No Mutation	-0.409811514
1721	TASOR	Q475R;M476V	Missense;Missense	-0.291272421
1722	TASOR	P478P	Silent	0.5328233150194813
1723	TASOR	V477V;P478P	Silent;Silent	0.0194602622388069
1724	TASOR	V477A;P478P	Missense;Silent	0.4651466994093071
1725	TASOR		No Mutation	1.3588157928929996
1726	TASOR	P473P;Y474H	Silent;Missense	0.4501123462518412
1727	TASOR	F469F;L470P	Silent;Missense	-2.756674745
1728	TASOR	Y467H	Missense	-0.097335373
1729	TASOR	K460G	Missense	1.098433445476195
1730	TASOR		No Mutation	-0.924835811
1731	TASOR		No Mutation	-0.954929614
1732	TASOR		No Mutation	-0.010200736
1733	TASOR	T438T;R439G;I440V	Silent;Missense;Missense	0.5078309892746407
1734	TASOR	E436G	Missense	0.3825684586505521
1735	TASOR	S430G	Missense	1.1250159799980783
1736	TASOR	(NC);(NC)	Intron;Intron	-0.287899317
1737	TASOR	L417L	Silent	-0.110748355
1738	TASOR	Y416C	Missense	1.4699028174553543
1739	TASOR		No Mutation	1.073183934325472
1740	TASOR	Y412H	Missense	0.5522228608198615
1741	TASOR	F411F;Y412H	Silent;Missense	1.2492028022303596
1742	TASOR	V393A	Missense	1.3802576829502875
1743	TASOR	(NC);(NC)	Intron;Intron	-1.654341105
1744	TASOR	L383S;P384P	Missense;Silent	-0.968345881
1745	TASOR	L363P	Missense	0.6664771042606594
1746	TASOR	N355G;Y356C	Missense;Missense	0.2605072218606268
1747	TASOR	K353R;Y354C	Missense;Missense	0.3433470047372546
1748	TASOR	N346G;T347A	Missense;Missense	-0.679217327
1749	TASOR	(NC);(NC)	Intron;Intron	0.1256889654299343
1750	TASOR	S339S	Silent	-0.500527964
1751	TASOR	S339P;S340P	Missense;Missense	-0.543695622
1752	TASOR	K335R	Missense	0.267636726072281
1753	TASOR	S324P;F325P	Missense;Missense	-0.265967979
1754	TASOR	Y320H	Missense	-0.087986669
1755	TASOR	Y305C	Missense	-2.61882511
1756	TASOR	T298A	Missense	0.1076633271622141
1757	TASOR	(NC)	Splice-donor	-2.100745235
1758	TASOR	Y295C;E296G	Missense;Missense	-0.162550432
1759	TASOR	R293R	Silent	-0.453607319
1760	TASOR	L289P	Missense	0.068651683
1761	TASOR	R285R;I286V	Silent;Missense	-0.128345938
1762	TASOR	V279A	Missense	0.4426627905120409
1763	TASOR	C277R	Missense	-2.430988941
1764	TASOR	C277R	Missense	-2.219068938
1765	TASOR	H275H;C277R	Silent;Missense	-0.745225421
1766	TASOR	L264L;N265D	Silent;Missense	-0.668813084
1767	TASOR	M255V	Missense	0.8265090037075845
1768	TASOR	S250G;I251V	Missense;Missense	0.7373430977040683
1769	TASOR	S250G;I251V	Missense;Missense	0.1233030577672862
1770	TASOR	M235T	Missense	-0.117874648
1771	TASOR	D231G	Missense	-0.007086352
1772	TASOR		No Mutation	0.7203767165057854
1773	TASOR	N228G	Missense	-0.462861884
1774	TASOR	N228G	Missense	1.4784646396490917
1775	TASOR	N228G	Missense	0.0161770047182149
1776	TASOR	Q226Q;N228D	Silent;Missense	0.2603663012037693
1777	TASOR	L224L;L225L	Silent;Silent	0.4522458177511472
1778	TASOR	(NC)	Splice-acceptor	-2.600930979
1779	TASOR	V216A;Y217H	Missense;Missense	-0.086015787
1780	TASOR	(NC);(NC);(NC);(NC)	Intron;Intron;Intron;Intron	0.2862792408136241
1781	TASOR	(NC);(NC);(NC);(NC)	Intron;Intron;Intron;Intron	-0.166827568
1782	TASOR	(NC);(NC);(NC);(NC)	Intron;Intron;Intron;Intron	0.1176763008647567
1783	TASOR		No Mutation	0.5315784988115241
1784	TASOR		No Mutation	0.3409312348131799
1785	TASOR	L209P	Missense	-0.272545046
1786	TASOR	K205G	Missense	0.4704424650818326
1787	TASOR	E196G;K197G	Missense;Missense	-0.006302458
1788	TASOR	E196G;K197E	Missense;Missense	0.1056685798009897
1789	TASOR	Q192R;T193A	Missense;Missense	0.0485626135611383
1790	TASOR	(NC);(NC);(NC)	Intron;Intron;Intron	-0.924406291
1791	TASOR	M185V	Missense	1.1194309128816324
1792	TASOR	M185T;V186A	Missense;Missense	0.954385438
1793	TASOR	E179E	Silent	0.7322086063106309
1794	TASOR	D170G	Missense	0.4199789243960413
1795	TASOR	R165G;E166G	Missense;Missense	-0.515050026
1796	TASOR	V151V	Silent	-0.437566668
1797	TASOR	Y145C;R146G	Missense;Missense	-1.203919105
1798	TASOR	F143S	Missense	1.1119140722078704
1799	TASOR	N142N;F143P	Silent;Missense	0.5983189644776167
1800	TASOR	V140A	Missense	-1.029584329
1801	TASOR	L135L	Silent	-0.026373515
1802	TASOR	F123P	Missense	-0.105316896
1803	TASOR	S120P	Missense	-0.796861804
1804	TASOR	S106G;R107G	Missense;Missense	0.1321938702805125
1805	TASOR	K105G;S106G	Missense;Missense	0.083666639
1806	TASOR	F100P	Missense	1.4460548930573758
1807	TASOR		No Mutation	1.0019669935174695
1808	TASOR		No Mutation	-0.478951255
1809	TASOR	E93G	Missense	0.6071732231265887
1810	TASOR	E91G	Missense	0.6716201824380919
1811	TASOR	P95P	Silent	-0.144148957
1812	TASOR		No Mutation	-0.369893609
1813	TASOR		No Mutation	-0.93232765
1814	TASOR		No Mutation	0.2736277243460454
1815	TASOR		No Mutation	0.2172710296334541
1816	TASOR		No Mutation	-0.292564704
1817	TASOR		No Mutation	-0.082218003
1818	TASOR		No Mutation	0.091268485
1819	TASOR		No Mutation	-0.585007163
1820	TASOR		No Mutation	-0.18106998
1821	TASOR		No Mutation	-0.034270431
1822	TASOR		No Mutation	-0.800986239
1823	TASOR		No Mutation	0.3959723569893627
1824	TASOR	Q75R;D76G	Missense;Missense	-0.430611509
1825	TASOR	Q75R	Missense	0.1598359221078283
1826	TASOR		No Mutation	-0.325145611
1827	TASOR	S77P	Missense	-0.43136487
1828	TASOR	P74P	Silent	-0.676347768
1829	TASOR	S70G	Missense	-0.19255253
1830	TASOR		No Mutation	0.3961536561775228
1831	TASOR		No Mutation	0.3534030515374112
1832	TASOR		No Mutation	-0.377482001
1833	TASOR	L69P	Missense	0.2047365250600918
1834	TASOR	E59G;N60D	Missense;Missense	-0.124523465
1835	TASOR		No Mutation	-0.402276304
1836	TASOR		No Mutation	0.2334146771449203
1837	TASOR		No Mutation	-0.376687072
1838	TASOR		No Mutation	-0.734300396
1839	TASOR	R57R	Silent	0.3758369805367398
1840	TASOR		No Mutation	0.2977749725384464
1841	TASOR		No Mutation	0.2532321948211059
1842	TASOR	E50G	Missense	-0.771569414
1843	TASOR	E50G	Missense	-0.416745173
1844	TASOR	I48V	Missense	-0.137459601
1845	TASOR		No Mutation	-0.314239274
1846	TASOR	N47G;I48V	Missense;Missense	0.5737724383283057
1847	TASOR	Q39R;N40G	Missense;Missense	0.8020037513507616
1848	TASOR	Q38R;Q39R	Missense;Missense	0.375517802
1849	TASOR	Q38R	Missense	-1.218885493
1850	TASOR		No Mutation	0.042604479
1851	TASOR	E35G	Missense	-0.317734208
1852	TASOR	S37P	Missense	1.0669627639516603
1853	TASOR	M27V;K28E	Missense;Missense	-0.764418151
1854	TASOR	E18G	Missense	0.7399844513014229
1855	TASOR	S16G	Missense	-0.537613265
1856	TASOR	S16G	Missense	-0.475976387
1857	TASOR	D14G	Missense	0.7734040234692063
1858	TASOR	W17R	Missense	0.3168579727724646
1859	TASOR	T13A	Missense	-0.496502728
1860	TASOR	Q11R	Missense	1.6402309496984049
1861	TASOR	D14D	Silent	1.3065056513233932
1862	TASOR	E8G	Missense	-0.799890579
1863	TASOR	T3A	Missense	0.3574984667192297
1864	TASOR	T3T;A4A	Silent;Silent	0.2398138378270695
1865	TASOR	M1V	Missense	0.3798016705921847
1866	TASOR	M1T	Missense	0.8441620660939229
1867	TASOR		No Mutation	0.5980696855132634
1868	TASOR		No Mutation	0.1010144320057838
1869	TASOR		No Mutation	-0.20012444
1870	PPHLN1	P18P	Silent	-0.230758537
1871	PPHLN1		No Mutation	-0.662104651
1872	PPHLN1	S24S;(NC)	Silent;Splice-donor	-1.685702476
1873	PPHLN1	(NC);(NC)	Intron;Intron	0.4984865303598738
1874	PPHLN1	(NC)	Intron	-0.030209699
1875	PPHLN1	L40P;L41P	Missense;Missense	-1.135160705
1876	PPHLN1	P39P	Silent	1.5419046347661485
1877	PPHLN1		No Mutation	-0.162709522
1878	PPHLN1	L41L;D42G	Silent;Missense	-0.774827848
1879	PPHLN1	P44P	Silent	0.8154622564225784
1880	PPHLN1	Y49H	Missense	-0.034186024
1881	PPHLN1	Y58C	Missense	0.889912184
1882	PPHLN1	Y58C	Missense	-1.404032685
1883	PPHLN1		No Mutation	-0.827542415
1884	PPHLN1	H69H;D70D	Silent;Silent	0.6949420262634544
1885	PPHLN1	S73G	Missense	-0.933602829
1886	PPHLN1	(NC);(NC)	Splice-donor;Intron	-0.378391089
1887	PPHLN1	(NC);(NC)	Intron;Intron	0.002697317
1888	PPHLN1	(NC)	Intron	1.0158138046423162
1889	PPHLN1	D80G;E81G	Missense;Missense	-0.386069641
1890	PPHLN1	R95G	Missense	-0.195012391
1891	PPHLN1	Q96Q	Silent	-0.467500992
1892	PPHLN1	(NC);(NC);(NC)	Intron;Intron;Splice-acceptor	-1.39192507
1893	PPHLN1	H115R	Missense	-0.002892483
1894	PPHLN1		No Mutation	0.7355301911917405
1895	PPHLN1	S121P	Missense	0.9906055804761492
1896	PPHLN1	E119G	Missense	0.6218770220494672
1897	PPHLN1		No Mutation	0.1780734097352334
1898	PPHLN1	E132E;S133S	Silent;Silent	0.6590634654342132
1899	PPHLN1	D139D;S140P	Silent;Missense	-0.192154014
1900	PPHLN1		No Mutation	0.785755915
1901	PPHLN1		No Mutation	1.0419592436235423
1902	PPHLN1	G146G;S147P	Silent;Missense	0.7049926673103444
1903	PPHLN1		No Mutation	-0.172845281
1904	PPHLN1	R152R;S153G	Silent;Missense	0.2828256602569485
1905	PPHLN1	S161P;Y162H	Missense;Missense	-0.81504347
1906	PPHLN1	H169H	Silent	-0.310290023
1907	PPHLN1	(NC);(NC)	Intron;Intron	-0.898412556
1908	PPHLN1	(NC)	Intron	0.8460172777135293
1909	PPHLN1	(NC)	Intron	-0.091128258
1910	PPHLN1	S172P	Missense	0.1272234218272254
1911	PPHLN1	S172P	Missense	0.2743924301782098
1912	PPHLN1	V173A	Missense	0.6800060839977533
1913	PPHLN1	(NC);(NC);K171R	Intron;Splice-acceptor;Missense	-1.286191457
1914	PPHLN1	R174R;P175P	Silent;Silent	-0.863467845
1915	PPHLN1	S178P	Missense	0.2990744496768297
1916	PPHLN1		No Mutation	-0.032601956
1917	PPHLN1		No Mutation	0.477682456
1918	PPHLN1	Y179C;K180G	Missense;Missense	0.2307974950768185
1919	PPHLN1	N183N	Silent	0.8889680043452706
1920	PPHLN1	N183N	Silent	0.493196861
1921	PPHLN1	E184G	Missense	1.5850565866486803
1922	PPHLN1	(NC);(NC);(NC);(NC)	Intron;Intron;Intron;Intron	0.5616239668607206
1923	PPHLN1	(NC)	Intron	1.7459743529117109
1924	PPHLN1	D203G;T204A	Missense;Missense	0.2465351750462129
1925	PPHLN1	V212A	Missense	-0.038373645
1926	PPHLN1	V212A	Missense	-0.32486337
1927	PPHLN1	S210S;A211A	Silent;Silent	-0.325477228
1928	PPHLN1	L218L	Silent	0.8004625013748661
1929	PPHLN1	S222G;R223G	Missense;Missense	1.0306114544779033
1930	PPHLN1	E226G;K227E	Missense;Missense	0.1477845351096618
1931	PPHLN1	E231G	Missense	0.7625169564408125
1932	PPHLN1	E231G	Missense	-1.337001749
1933	PPHLN1	E251G;I252V	Missense;Missense	-0.092657497
1934	PPHLN1	Y255H	Missense	-0.440753462
1935	PPHLN1		No Mutation	0.4905666292676578
1936	PPHLN1	S259P	Missense	-0.296568189
1937	PPHLN1	F264S;T265T	Missense;Silent	-0.421524618
1938	PPHLN1	T265A	Missense	-0.529043951
1939	PPHLN1		No Mutation	-0.29900807
1940	PPHLN1	P271P;S273P	Silent;Missense	0.4726680767901492
1941	PPHLN1	S273P	Missense	0.033739604
1942	PPHLN1	E272G	Missense	1.1041550680397276
1943	PPHLN1	E272G;S273S	Missense;Silent	0.9733573671052094
1944	PPHLN1		No Mutation	0.2570477770074341
1945	PPHLN1	I294T	Missense	0.1774344349935563
1946	PPHLN1	K297K;T298A;K299E	Silent;Missense;Missense	-0.563469255
1947	PPHLN1	(NC);(NC);(NC)	Intron;Intron;Intron	-1.721257802
1948	PPHLN1		No Mutation	0.4545784779404882
1949	PPHLN1	Q307R;D308G	Missense;Missense	0.4110483004899173
1950	PPHLN1	Q307R;D308G	Missense;Missense	0.4373573966745829
1951	PPHLN1	T311T;F312L	Silent;Missense	0.3681695104399921
1952	PPHLN1		No Mutation	-1.272202232
1953	PPHLN1	E310G;T311A	Missense;Missense	-0.211014165
1954	PPHLN1	I330V	Missense	1.1201850924511856
1955	PPHLN1	Q336R;N337G	Missense;Missense	-1.176676394
1956	PPHLN1	L338L;H339R	Silent;Missense	-0.300109671
1957	PPHLN1	(NC)	Intron	-0.240334286
1958	PPHLN1		No Mutation	0.7572174856006627
1959	PPHLN1	S343P	Missense	-0.564717749
1960	PPHLN1	E342G	Missense	-0.721009476
1961	PPHLN1		No Mutation	-0.995079594
1962	PPHLN1	A344A;G345G	Silent;Silent	1.6145399386803552
1963	PPHLN1	Q349R;Q350R	Missense;Missense	-0.300892077
1964	PPHLN1	R355G	Missense	0.8671502789055376
1965	PPHLN1	T357T	Silent	-0.138658714
1966	PPHLN1	T357T	Silent	0.1465444168981823
1967	PPHLN1	T357T	Silent	0.1115850800821974
1968	PPHLN1	M359T	Missense	0.959369068492308
1969	PPHLN1	T357A;E358G	Missense;Missense	1.5888644714561335
1970	PPHLN1	G363G;T364A	Silent;Missense	-0.738337465
1971	PPHLN1	Q374R	Missense	-0.073655842
1972	PPHLN1	(NC);(NC)	Intron;Intron	0.2745244993518667
1973	PPHLN1	(NC)	Intron	-0.176717065
1974	PPHLN1	(NC);(NC)	Intron;Intron	0.5894154148155468
1975	PPHLN1		No Mutation	0.046805048
1976	PPHLN1		No Mutation	-0.22228204
1977	PPHLN1		No Mutation	0.3235817835583661
1978	PPHLN1		No Mutation	0.8581663417631097
1979	PPHLN1		No Mutation	-0.466296774
1980	PPHLN1		No Mutation	0.070910541
1981	PPHLN1		No Mutation	-0.05943041
1982	PPHLN1		No Mutation	0.5169111004591045
1983	PPHLN1		No Mutation	0.1751563516439986
1984	PPHLN1	L386P	Missense	-0.176943846
1985	PPHLN1	Q384R	Missense	0.205556334716865
1986	PPHLN1		No Mutation	1.189011829386378
1987	PPHLN1		No Mutation	0.032898993
1988	PPHLN1		No Mutation	-0.759823259
1989	PPHLN1	Q387R	Missense	1.423883259726713
1990	PPHLN1	Q387R	Missense	-0.110207582
1991	PPHLN1		No Mutation	-0.397604976
1992	PPHLN1		No Mutation	-0.48615606
1993	PPHLN1		No Mutation	-0.065989217
1994	PPHLN1	K390G	Missense	0.2407549121902583
1995	PPHLN1	V393A	Missense	-0.471335565
1996	PPHLN1	V393A;R394R	Missense;Silent	-0.000228809
1997	PPHLN1	V393V;R394R	Silent;Silent	0.6696993299038378
1998	PPHLN1	T396A	Missense	-0.369443634
1999	PPHLN1	Q398R	Missense	0.1177217376065609
2000	PPHLN1	G404G	Silent	1.1250616303514995
2001	PPHLN1	G404G	Silent	-0.363223958
2002	PPHLN1		No Mutation	0.6019906975580183
2003	PPHLN1	P406P	Silent	-0.049703967
2004	PPHLN1		No Mutation	-1.058349612
2005	PPHLN1		No Mutation	0.3111313486010574
2006	PPHLN1	M412T	Missense	0.5487793899805602
2007	PPHLN1		No Mutation	-1.055244781
2008	PPHLN1	K414E	Missense	0.9201138487396144
2009	PPHLN1	K414G;K415E	Missense;Missense	0.8385076795481426
2010	PPHLN1	T416T;T417A	Silent;Missense	0.1060047151894703
2011	PPHLN1		No Mutation	-0.299780365
2012	PPHLN1	F431P	Missense	-0.491864409
2013	PPHLN1	S442S;V443A	Silent;Missense	0.5557686196870634
2014	PPHLN1	V444V;H445R	Silent;Missense	-0.786239937
2015	PPHLN1	N447G	Missense	0.8960540751214848
2016	PPHLN1		No Mutation	0.6444441157079214
2017	MORC2		No Mutation	-0.523686078
2018	MORC2	K1030G	Missense	0.049590291
2019	MORC2	*1033R	Missense	-0.652973153
2020	MORC2	T1029A	Missense	0.601091234
2021	MORC2	D1026G	Missense	0.4212381827821053
2022	MORC2	E1025G;D1026G	Missense;Missense	-1.02832195
2023	MORC2	E1025G;D1026G	Missense;Missense	-0.266381244
2024	MORC2	E1025G	Missense	-2.910634333
2025	MORC2	L1027P;I1028T	Missense;Missense	-2.817034808
2026	MORC2		No Mutation	-0.698107984
2027	MORC2	N1015G;T1016A	Missense;Missense	-0.275319704
2028	MORC2		No Mutation	-0.815094733
2029	MORC2	I1012T	Missense	1.0877765410095823
2030	MORC2		No Mutation	0.029050475869671
2031	MORC2	(NC)	Intron	-0.302524784
2032	MORC2	(NC);(NC)	Intron;Intron	-0.728633791
2033	MORC2	(NC)	Intron	0.7991954774512435
2034	MORC2		No Mutation	0.5502654331187727
2035	MORC2		No Mutation	-0.481578607
2036	MORC2	A1003A	Silent	-0.357207052
2037	MORC2		No Mutation	1.1917374513611998
2038	MORC2	L1004P;L1005P	Missense;Missense	-2.644233001
2039	MORC2	R998G	Missense	-0.063940777
2040	MORC2	E992G;K993G	Missense;Missense	-1.689875972
2041	MORC2	R985G;K986E	Missense;Missense	-1.569488304
2042	MORC2	L987P	Missense	-2.523743434
2043	MORC2		No Mutation	0.3447806927845178
2044	MORC2		No Mutation	0.6098234068494492
2045	MORC2		No Mutation	-2.064690707
2046	MORC2	L980P	Missense	-1.872365753
2047	MORC2		No Mutation	0.6199026490171826
2048	MORC2		No Mutation	-1.045779477
2049	MORC2		No Mutation	-1.022154737
2050	MORC2		No Mutation	-0.539870489
2051	MORC2		No Mutation	-0.567037753
2052	MORC2		No Mutation	0.068845902
2053	MORC2	S971P	Missense	-0.976140594
2054	MORC2	S967G	Missense	-0.409516054
2055	MORC2	Q966R;S967G	Missense;Missense	-0.783614263
2056	MORC2	A969A	Silent	-1.05357293
2057	MORC2		No Mutation	-1.136920792
2058	MORC2	N963N;S964P;Y965H	Silent;Missense;Missense	-2.420274888
2059	MORC2	K952G	Missense	-1.121363543
2060	MORC2	K952G	Missense	-1.263735081
2061	MORC2	F951P	Missense	-3.117140434
2062	MORC2	F951P	Missense	-1.657693948
2063	MORC2		No Mutation	0.2378723308975505
2064	MORC2		No Mutation	0.9188669267040436
2065	MORC2		No Mutation	0.0279796226813839
2066	MORC2	(NC)	Intron	0.0127360361217803
2067	MORC2	S935S;A936A	Silent;Silent	0.9824750626230578
2068	MORC2	L934P	Missense	-1.058645204
2069	MORC2	L934P	Missense	-0.724677866
2070	MORC2		No Mutation	-1.708410538
2071	MORC2	S930P	Missense	0.6665971636137831
2072	MORC2	I929T;S930P	Missense;Missense	-0.346945291
2073	MORC2		No Mutation	-0.918270769
2074	MORC2	C918C;L919P	Silent;Missense	-0.155834477
2075	MORC2		No Mutation	-0.61461183
2076	MORC2	N917N;C918R	Silent;Missense	2.519337729570722
2077	MORC2	N917N;C918R	Silent;Missense	-2.999404222
2078	MORC2		No Mutation	0.005891859
2079	MORC2	(NC);(NC);(NC);(NC)	Intron;Intron;Intron;Intron	-0.285230088
2080	MORC2	(NC);(NC);(NC);(NC)	Intron;Intron;Intron;Intron	-0.604493094
2081	MORC2	(NC);(NC)	Intron;Intron	0.6174323928858784
2082	MORC2	L915P	Missense	-1.561371272
2083	MORC2		No Mutation	0.055500071
2084	MORC2	V912A	Missense	0.520057392
2085	MORC2	I908T	Missense	-0.73305331
2086	MORC2		No Mutation	0.704669678
2087	MORC2		No Mutation	0.022619874
2088	MORC2	N904N	Silent	-0.660632173
2089	MORC2	L901P	Missense	0.4494327504831577
2090	MORC2		No Mutation	0.056978862
2091	MORC2	P896P	Silent	-0.364192123
2092	MORC2	I894T	Missense	0.3836150419871784
2093	MORC2	L892P	Missense	-0.090851068
2094	MORC2	L892P	Missense	-0.737639439
2095	MORC2	C891R;L892P	Missense;Missense	0.8975465439172559
2096	MORC2		No Mutation	1.4671295443248724
2097	MORC2	A882A;V883A	Silent;Missense	-0.377903009
2098	MORC2	A882A;V883A	Silent;Missense	0.3239263617168644
2099	MORC2	I881T	Missense	0.068711088
2100	MORC2		No Mutation	0.1669999005263001
2101	MORC2		No Mutation	-0.078791943
2102	MORC2	E871G	Missense	-1.040983078
2103	MORC2		No Mutation	-0.868001049
2104	MORC2		No Mutation	-1.847178116
2105	MORC2	E867G	Missense	-0.524630261
2106	MORC2	Q865Q;Q866R	Silent;Missense	-0.128649008
2107	MORC2	T864T;Q865R	Silent;Missense	0.002182867
2108	MORC2	T864A	Missense	0.1330619709039094
2109	MORC2		No Mutation	0.1778929012132081
2110	MORC2	D863G;T864A	Missense;Missense	-0.008757941
2111	MORC2	D863G;T864A	Missense;Missense	-0.12444467
2112	MORC2	D863G	Missense	-1.069949346
2113	MORC2		No Mutation	-0.164926803
2114	MORC2	S861G	Missense	0.8855411191946084
2115	MORC2	L862P	Missense	-0.170088062
2116	MORC2		No Mutation	0.2740400178014698
2117	MORC2	H859H	Silent	-0.047200802
2118	MORC2	H859H	Silent	-0.063486386
2119	MORC2	H859H	Silent	-0.276377653
2120	MORC2	M852V;K853E	Missense;Missense	0.3180162830380306
2121	MORC2	K844R	Missense	-0.479215548
2122	MORC2		No Mutation	-0.870313052
2123	MORC2		No Mutation	-0.142252768
2124	MORC2	(NC)	Intron	-0.035290323
2125	MORC2		No Mutation	0.195478619
2126	MORC2		No Mutation	-0.703916753
2127	MORC2	(NC)	Intron	0.5349818714586894
2128	MORC2	(NC);(NC)	Intron;Intron	-0.613695507
2129	MORC2	(NC)	Intron	-0.64646005
2130	MORC2	(NC)	Intron	-1.413585241
2131	MORC2		No Mutation	-1.147750326
2132	MORC2	(NC);(NC)	Splice-donor;Intron	-2.774042525
2133	MORC2	T836A	Missense	0.9486947581198332
2134	MORC2		No Mutation	0.4173396808517622
2135	MORC2	H820R	Missense	0.2977454645239559
2136	MORC2	K819G	Missense	-0.942025158
2137	MORC2		No Mutation	0.3034419125980846
2138	MORC2	H820H	Silent	0.7508845448072137
2139	MORC2	E816G	Missense	0.2212567728306225
2140	MORC2		No Mutation	0.8616301414601445
2141	MORC2	T813A	Missense	-0.765785468
2142	MORC2	T813A	Missense	0.2748718708662777
2143	MORC2		No Mutation	-0.807405017
2144	MORC2		No Mutation	0.077067069
2145	MORC2	N804G;R805G	Missense;Missense	-0.622448291
2146	MORC2	N804G;R805G	Missense;Missense	-0.647953512
2147	MORC2		No Mutation	0.6014509835576249
2148	MORC2	E800G	Missense	-0.410465276
2149	MORC2	E800G	Missense	0.9753809263848368
2150	MORC2	K795G	Missense	-0.312598991
2151	MORC2	(NC);D794G;K795E	Splice-acceptor;Missense;Missense	-0.199581789
2152	MORC2	(NC);(NC)	Intron;Intron	-0.058686636
2153	MORC2	(NC)	Intron	0.1645968084132786
2154	MORC2	(NC)	Intron	0.1035545040204775
2155	MORC2	(NC)	Intron	-0.285826587
2156	MORC2	Q792R;K793E	Missense;Missense	0.4764747595755636
2157	MORC2	Q792R	Missense	0.6373654151025984
2158	MORC2	Q792R	Missense	0.3236553535028827
2159	MORC2	R790R	Silent	0.2420258606312868
2160	MORC2		No Mutation	-0.899400747
2161	MORC2	K789G	Missense	0.994662302
2162	MORC2		No Mutation	-1.592600372
2163	MORC2	S777S;D778G;S779G	Silent;Missense;Missense	-1.148667217
2164	MORC2		No Mutation	-0.536924743
2165	MORC2	(NC)	Splice-acceptor	-1.263902401
2166	MORC2	S779S	Silent	-0.113171963
2167	MORC2	(NC)	Splice-acceptor	-0.309686223
2168	MORC2	(NC);(NC)	Intron;Intron	-0.23569162
2169	MORC2	(NC)	Intron	-0.637254563
2170	MORC2	N774G;E775G	Missense;Missense	0.3043012763944523
2171	MORC2	D772G	Missense	-1.810728457
2172	MORC2	E769E;K770G;K771E	Silent;Missense;Missense	0.053469778
2173	MORC2	K767E	Missense	0.1566053763735231
2174	MORC2	R763G	Missense	-1.012676947
2175	MORC2	R763G	Missense	-0.640095136
2176	MORC2	K756G;E757G	Missense;Missense	-0.750934516
2177	MORC2	K756G	Missense	0.4384727328257565
2178	MORC2	K756G	Missense	0.498138609
2179	MORC2	E753G	Missense	-0.249149128
2180	MORC2	E751G	Missense	-0.255737783
2181	MORC2	E749G;E750G	Missense;Missense	-0.366426483
2182	MORC2	E749G	Missense	3.3294345858516903
2183	MORC2	E745G	Missense	0.9962473635699504
2184	MORC2	D744G	Missense	-0.818725412
2185	MORC2		No Mutation	0.263198064998365
2186	MORC2	S739S;V740A	Silent;Missense	-0.061134775
2187	MORC2	S739S	Silent	-0.174519685
2188	MORC2	S739S	Silent	0.1836532527983436
2189	MORC2	T733A	Missense	-0.246129656
2190	MORC2	(NC)	Splice-acceptor	-2.339437044
2191	MORC2	A732A	Silent	0.078645543
2192	MORC2	(NC);(NC)	Intron;Intron	0.8347884720266874
2193	MORC2	(NC)	Intron	0.0177246916412976
2194	MORC2	(NC)	Splice-donor	-0.549902313
2195	MORC2	S725S;I727V	Silent;Missense	-0.553546423
2196	MORC2		No Mutation	0.3495136415450488
2197	MORC2	T717T	Silent	-0.596978579
2198	MORC2	T717T	Silent	-0.225144381
2199	MORC2	K713K;I715V	Silent;Missense	0.3971611592026851
2200	MORC2	I715T	Missense	0.6017395909130772
2201	MORC2	S711P	Missense	0.2165926791351274
2202	MORC2	P710P;S711P	Silent;Missense	-0.894760169
2203	MORC2	V709A	Missense	0.1026162143678023
2204	MORC2	P706P	Silent	0.4690630371778375
2205	MORC2	P706P	Silent	0.4458616117051945
2206	MORC2	K704E	Missense	0.1352072249133138
2207	MORC2	N702G	Missense	1.4102015668769852
2208	MORC2	N702G	Missense	0.4301576393888925
2209	MORC2	S703P	Missense	0.074202063
2210	MORC2	L695P;S696P	Missense;Missense	0.5449449472913321
2211	MORC2	L695P;S696P	Missense;Missense	-0.500311506
2212	MORC2	L695P	Missense	0.703265003
2213	MORC2		No Mutation	0.08940442
2214	MORC2	V692A	Missense	0.606810696
2215	MORC2	L691P;V692A	Missense;Missense	0.3162805470896882
2216	MORC2	A685A	Silent	-0.6665575
2217	MORC2	T684T	Silent	-0.4873276
2218	MORC2	V682A	Missense	0.7073677828877659
2219	MORC2	T680T	Silent	-0.001839706
2220	MORC2	T680T	Silent	-0.638590644
2221	MORC2		No Mutation	-0.475281557
2222	MORC2		No Mutation	-0.158418582
2223	MORC2		No Mutation	0.1576020756240137
2224	MORC2		No Mutation	-0.166928006
2225	MORC2		No Mutation	0.2180106531061726
2226	MORC2	L667P;L668P	Missense;Missense	0.2248110930513751
2227	MORC2	S665P	Missense	0.5841391445521402
2228	MORC2	E660G;E661G	Missense;Missense	0.2372009200255831
2229	MORC2		No Mutation	-0.412784638
2230	MORC2		No Mutation	-0.22608267
2231	MORC2		No Mutation	-0.435377191
2232	MORC2		No Mutation	0.9493331613384608
2233	MORC2		No Mutation	-0.544304581
2234	MORC2		No Mutation	-0.836274919
2235	MORC2		No Mutation	-0.451746133
2236	MORC2	L656P	Missense	-0.687960248
2237	MORC2	A655A;L656P	Silent;Missense	-0.042668611
2238	MORC2	A655A;L656P	Silent;Missense	-0.338357697
2239	MORC2	P651P;K652E	Silent;Missense	0.1228105878989109
2240	MORC2		No Mutation	-0.213086943
2241	MORC2	I647T	Missense	-0.572552412
2242	MORC2	V646A;I647T	Missense;Missense	-0.350776375
2243	MORC2	V646A;I647T	Missense;Missense	-0.41454645
2244	MORC2	A644A;P645P	Silent;Silent	-0.839271762
2245	MORC2	A644A	Silent	-0.343199289
2246	MORC2		No Mutation	0.6291907379041548
2247	MORC2	P637P;S639G	Silent;Missense	0.91605881496181
2248	MORC2		No Mutation	0.2330860253211028
2249	MORC2		No Mutation	0.3632231388565201
2250	MORC2	P635P	Silent	-0.521264358
2251	MORC2	T634T;P635P	Silent;Silent	1.1633369039383188
2252	MORC2	T634T;P635P	Silent;Silent	-1.390355948
2253	MORC2	T634T	Silent	-0.507868658
2254	MORC2	S631S;L632P	Silent;Missense	-0.404614254
2255	MORC2	S631P;L632P	Missense;Missense	0.5264405945273481
2256	MORC2	P630P;S631P;L632L	Silent;Missense;Silent	0.1023369833680022
2257	MORC2	P630P;S631P	Silent;Missense	1.1879115142387702
2258	MORC2		No Mutation	0.2352359814003523
2259	MORC2	I622T	Missense	-0.654189502
2260	MORC2	I622T	Missense	0.2189973540739482
2261	MORC2	V621A;I622T	Missense;Missense	-1.776181516
2262	MORC2	V621A;I622T	Missense;Missense	1.4863271925766788
2263	MORC2	L618L	Silent	0.955667669301108
2264	MORC2	L618P	Missense	-1.007161256
2265	MORC2	S615P	Missense	0.2783064354004004
2266	MORC2	R609G	Missense	0.585332568
2267	MORC2		No Mutation	0.006887724
2268	MORC2	P606P;V607A	Silent;Missense	0.044283481
2269	MORC2	(NC)	Intron	-0.13237327
2270	MORC2	(NC)	Intron	-0.364452953
2271	MORC2	(NC);(NC)	Intron;Intron	-0.209226175
2272	MORC2	(NC)	Intron	-0.46253801
2273	MORC2		No Mutation	0.4998874751121217
2274	MORC2	T603A;E604G	Missense;Missense	-0.064161395
2275	MORC2	(NC)	Intron	-0.109030726
2276	MORC2	T603A	Missense	-0.228081876
2277	MORC2	T603A	Missense	0.2314780879064196
2278	MORC2	(NC)	Splice-donor	-1.320063833
2279	MORC2	T603T	Silent	-1.198931176
2280	MORC2	T599A;R600G	Missense;Missense	0.8975379718942789
2281	MORC2		No Mutation	0.055415734
2282	MORC2		No Mutation	0.1103616449032384
2283	MORC2	L595P	Missense	-0.694108832
2284	MORC2	K591E	Missense	0.1019833676161771
2285	MORC2	L593L	Silent	0.8947477503334487
2286	MORC2		No Mutation	-0.022269596
2287	MORC2	L590P	Missense	0.7684717054705604
2288	MORC2		No Mutation	1.5088339440567209
2289	MORC2		No Mutation	0.5050019836980076
2290	MORC2		No Mutation	-0.675589538
2291	MORC2		No Mutation	0.1644090416120425
2292	MORC2	(NC)	Intron	0.07989918
2293	MORC2	(NC);(NC)	Intron;Intron	-0.958820389
2294	MORC2	(NC)	Intron	-0.217865158
2295	MORC2	Q579R	Missense	0.7538148933217278
2296	MORC2	E576G	Missense	0.2452434479816766
2297	MORC2	E576G	Missense	-0.649274487
2298	MORC2	K574G	Missense	-2.016023459
2299	MORC2	L575P	Missense	-1.648535554
2300	MORC2	Q571R	Missense	-0.949899478
2301	MORC2	Q570R	Missense	0.6747000374736845
2302	MORC2	K567G;I568V	Missense;Missense	-1.157181432
2303	MORC2	R551R;K552G	Silent;Missense	0.6202653126189346
2304	MORC2		No Mutation	-0.925411922
2305	MORC2		No Mutation	-0.928721678
2306	MORC2		No Mutation	-0.591951449
2307	MORC2		No Mutation	2.2201473588236817
2308	MORC2	K542G;Q543R	Missense;Missense	-0.465964733
2309	MORC2	Q541Q;K542G	Silent;Missense	-0.125686492
2310	MORC2		No Mutation	0.3326202591234657
2311	MORC2	C536R	Missense	-1.463848718
2312	MORC2		No Mutation	-0.036570479
2313	MORC2	(NC);(NC)	Intron;Intron	1.0827960667721963
2314	MORC2	(NC);(NC)	Intron;Intron	0.4341608936015231
2315	MORC2	(NC);(NC)	Intron;Intron	-0.714481959
2316	MORC2	(NC);(NC)	Intron;Intron	1.1295931581688257
2317	MORC2	(NC);(NC)	Intron;Intron	1.5030930205645354
2318	MORC2	(NC);(NC)	Intron;Intron	-1.126990576
2319	MORC2	(NC)	Splice-donor	-1.207884809
2320	MORC2		No Mutation	-0.214952354
2321	MORC2		No Mutation	0.087171693
2322	MORC2	D530G	Missense	-0.69054497
2323	MORC2	P531P	Silent	-0.091561492
2324	MORC2	N528G	Missense	-0.712922959
2325	MORC2	M527T	Missense	-0.0096965
2326	MORC2	C525R;S526P	Missense;Missense	-0.872303508
2327	MORC2	V524V;C525R;S526P	Silent;Missense;Missense	-2.769607605
2328	MORC2	K517K;D518G	Silent;Missense	0.2918913504843132
2329	MORC2	K517R;D518G	Missense;Missense	-0.02734351
2330	MORC2	S514S;V515A	Silent;Missense	-1.183692166
2331	MORC2	S514P;V515A	Missense;Missense	0.6116272036836932
2332	MORC2	S513S;S514P	Silent;Missense	-0.331609771
2333	MORC2		No Mutation	0.5694015127785153
2334	MORC2	S513S;S514P	Silent;Missense	0.007069305
2335	MORC2	L512P;S513S	Missense;Silent	-2.07786933
2336	MORC2	(NC);D500G	Splice-acceptor;Missense	-0.101935653
2337	MORC2	(NC)	Intron	-1.093123317
2338	MORC2		No Mutation	-0.547113674
2339	MORC2	(NC);(NC)	Intron;Intron	-1.172178284
2340	MORC2	Q498R	Missense	-0.879939814
2341	MORC2	(NC)	Splice-donor	-1.458484702
2342	MORC2	I497V;Q498R	Missense;Missense	-0.837274532
2343	MORC2	I497V	Missense	-0.264868202
2344	MORC2	(NC)	Splice-donor	-0.737027706
2345	MORC2	C499R	Missense	-3.684967258
2346	MORC2	C499R	Missense	-0.632987017
2347	MORC2	T495A	Missense	0.498502275469269
2348	MORC2	I493T	Missense	-0.979539277
2349	MORC2	K486G	Missense	-1.609933077
2350	MORC2	E482G	Missense	-0.190998851
2351	MORC2		No Mutation	0.7797133049321291
2352	MORC2	R484R;Y485H	Silent;Missense	-0.739996956
2353	MORC2	R484R;Y485H	Silent;Missense	-0.992719581
2354	MORC2	L483P;R484R	Missense;Silent	0.90465613959251
2355	MORC2	L483P	Missense	-0.022795948
2356	MORC2	S481S	Silent	-0.717061975
2357	MORC2		No Mutation	-1.689668713
2358	MORC2		No Mutation	0.086719994
2359	MORC2	Y470C	Missense	0.6712073367320924
2360	MORC2	K463G	Missense	-0.255782808
2361	MORC2	G460G;I461V	Silent;Missense	-0.333883066
2362	MORC2	F464L	Missense	0.091897411
2363	MORC2	G460G	Silent	0.099284483
2364	MORC2	I462T	Missense	-0.074058501
2365	MORC2	I461T;I462T	Missense;Missense	0.9557503609957032
2366	MORC2		No Mutation	-0.211382239
2367	MORC2		No Mutation	0.4958138022235556
2368	MORC2		No Mutation	0.4536651057185513
2369	MORC2	(NC);(NC)	Intron;Intron	0.8024826936286833
2370	MORC2	(NC);(NC)	Intron;Intron	0.3887348827041719
2371	MORC2	(NC)	Intron	-0.170108999
2372	MORC2	I456V	Missense	-0.138041438
2373	MORC2	I456V	Missense	0.4002614423184314
2374	MORC2	I454V	Missense	-0.087950787
2375	MORC2	D453G;I454V	Missense;Missense	0.3024921135924161
2376	MORC2	D453G;I454V	Missense;Missense	-1.32493339
2377	MORC2	K452G	Missense	-0.661967506
2378	MORC2		No Mutation	-0.628558028
2379	MORC2		No Mutation	-0.710773848
2380	MORC2	E445G;H446R	Missense;Missense	-0.338852751
2381	MORC2		No Mutation	-2.724872047
2382	MORC2	R441R;A442A;M443V	Silent;Silent;Missense	-0.066283019
2383	MORC2		No Mutation	-0.857732692
2384	MORC2		No Mutation	0.4989800401391392
2385	MORC2		No Mutation	-0.571049974
2386	MORC2	H438R	Missense	-0.235892364
2387	MORC2	H438R	Missense	-1.047586775
2388	MORC2	H438R	Missense	-1.183779704
2389	MORC2	L439P	Missense	-2.304681587
2390	MORC2	D432G	Missense	-0.55750556
2391	MORC2	D429G	Missense	0.065129814
2392	MORC2		No Mutation	0.5923237598621612
2393	MORC2	T424A	Missense	-0.922082298
2394	MORC2		No Mutation	0.240891166387219
2395	MORC2	P423P	Silent	0.085768361
2396	MORC2	P423P	Silent	0.242752879574041
2397	MORC2		No Mutation	0.3143066097860976
2398	MORC2		No Mutation	0.093583265
2399	MORC2		No Mutation	0.4460562389765788
2400	MORC2	A406A	Silent	-0.423124722
2401	MORC2	A406A	Silent	0.8479632444303207
2402	MORC2	A406A	Silent	-0.437153618
2403	MORC2		No Mutation	-0.123465782
2404	MORC2		No Mutation	0.0495128463893944
2405	MORC2	(NC)	Splice-acceptor	-0.911491648
2406	MORC2		No Mutation	-0.586001931
2407	MORC2		No Mutation	0.5824403517508923
2408	MORC2		No Mutation	-0.349977345
2409	MORC2		No Mutation	0.670295071
2410	MORC2	M405T	Missense	0.0401156511270528
2411	MORC2		No Mutation	-0.571281226
2412	MORC2		No Mutation	1.0961984320573397
2413	MORC2		No Mutation	0.1794861449431174
2414	MORC2		No Mutation	-0.045544445
2415	MORC2		No Mutation	0.049429037
2416	MORC2	K396G	Missense	0.1812201134135877
2417	MORC2	K392G;M393V	Missense;Missense	0.2974115862826676
2418	MORC2	K392G;M393V	Missense;Missense	1.5614350083930355
2419	MORC2	M382T;F383L	Missense;Missense	-0.321453702
2420	MORC2	E375G;H376R	Missense;Missense	0.803985265
2421	MORC2	I374V	Missense	0.7941055973210221
2422	MORC2	N373D	Missense	0.2821576189125833
2423	MORC2		No Mutation	-1.751378377
2424	MORC2	F368P;V369A	Missense;Missense	0.7243327235451537
2425	MORC2	R358R;A359A	Silent;Silent	0.6382709533779428
2426	MORC2	(NC)	Intron	-0.098498161
2427	MORC2	(NC)	Intron	-0.602643439
2428	MORC2	K356G;Q357R	Missense;Missense	-1.323307504
2429	MORC2	K353G	Missense	-0.839709847
2430	MORC2	K349G;K350E	Missense;Missense	-0.079271172
2431	MORC2	I352T	Missense	-0.299208402
2432	MORC2	K349E	Missense	-0.003907606
2433	MORC2	E345G	Missense	0.064859858
2434	MORC2		No Mutation	-0.164149829
2435	MORC2	T341T	Silent	-0.905235364
2436	MORC2	(NC)	Splice-acceptor	0.4200482808228108
2437	MORC2	(NC)	Intron	-0.665065116
2438	MORC2	(NC)	Intron	-0.339310967
2439	MORC2	(NC);(NC)	Intron;Intron	0.4292008576337831
2440	MORC2	(NC);(NC)	Intron;Intron	0.4356873505234941
2441	MORC2	(NC);(NC)	Intron;Intron	-1.791342623
2442	MORC2		No Mutation	0.070861911
2443	MORC2	(NC)	Intron	-1.045688565
2444	MORC2	D327G	Missense	-2.765652238
2445	MORC2		No Mutation	-0.779715064
2446	MORC2		No Mutation	0.4417605153480283
2447	MORC2	T325A	Missense	0.4303604952503782
2448	MORC2	D323G	Missense	-0.251321035
2449	MORC2		No Mutation	-0.548653765
2450	MORC2	L320L	Silent	0.1904165728512356
2451	MORC2	L320L	Silent	0.442491343
2452	MORC2	L316L;E317G	Silent;Missense	1.104032870101406
2453	MORC2	T315A	Missense	-0.11676061
2454	MORC2	E308G;A309A	Missense;Silent	-0.562088301
2455	MORC2	E303G	Missense	0.6028057350762112
2456	MORC2	(NC)	Splice-acceptor	-1.840026202
2457	MORC2	(NC)	Splice-acceptor	-1.952733494
2458	MORC2		No Mutation	-0.419531499
2459	MORC2	(NC);(NC);(NC)	Intron;Intron;Intron	0.084538649
2460	MORC2	(NC);(NC)	Intron;Intron	-0.804934392
2461	MORC2	I301V	Missense	-2.242863179
2462	MORC2	I301V	Missense	-0.81843703
2463	MORC2	E296G;H297R	Missense;Missense	0.172690319
2464	MORC2	K294R;A295A	Missense;Silent	1.3875505118093812
2465	MORC2	V292A	Missense	-0.747840569
2466	MORC2	V292A	Missense	-0.573040151
2467	MORC2	T286A	Missense	-0.635688724
2468	MORC2	K285G;T286A	Missense;Missense	-0.55221598
2469	MORC2	R287R	Silent	-0.122230458
2470	MORC2		No Mutation	-0.368309442
2471	MORC2	(NC)	Intron	-0.382706721
2472	MORC2	(NC)	Intron	-0.417478107
2473	MORC2	(NC)	Intron	0.3919503650148046
2474	MORC2	(NC)	Splice-donor	-2.579039036
2475	MORC2	Y272C	Missense	-0.064580328
2476	MORC2	Y272C	Missense	-0.222232516
2477	MORC2		No Mutation	-0.272094823
2478	MORC2		No Mutation	-0.215623627
2479	MORC2		No Mutation	-0.454150283
2480	MORC2	C270R	Missense	-1.285375338
2481	MORC2	H260R;K261G	Missense;Missense	-3.561169863
2482	MORC2		No Mutation	-0.904540982
2483	MORC2	I257V	Missense	0.6464170306968378
2484	MORC2	I257T	Missense	-2.202430707
2485	MORC2	R254G	Missense	-1.124923533
2486	MORC2	F256S;I257T	Missense;Missense	-1.425070724
2487	MORC2	M253V;R254G	Missense;Missense	-0.855214108
2488	MORC2	F256P;I257T	Missense;Missense	-1.13088847
2489	MORC2	Y248C;I249V	Missense;Missense	-0.926313799
2490	MORC2		No Mutation	0.1573134279058523
2491	MORC2	I249T;D250D	Missense;Silent	0.1599113632789013
2492	MORC2	L247P;Y248H	Missense;Missense	1.0912027136898912
2493	MORC2	A245A;V246A	Silent;Missense	0.063337497
2494	MORC2	F240P	Missense	-1.120291631
2495	MORC2		No Mutation	-0.834371184
2496	MORC2		No Mutation	-0.119419325
2497	MORC2		No Mutation	-0.545555699
2498	MORC2		No Mutation	-1.223940566
2499	MORC2		No Mutation	-1.768937782
2500	MORC2	(NC)	Intron	-0.405541849
2501	MORC2	(NC)	Intron	-2.31940832
2502	MORC2	(NC)	Intron	-1.391852113
2503	MORC2	T233A	Missense	0.317146912
2504	MORC2	(NC);(NC)	Intron;Intron	-1.158860584
2505	MORC2	T233A	Missense	-0.27009482
2506	MORC2	(NC);(NC)	Intron;Intron	0.3651845355081454
2507	MORC2	(NC)	Intron	-0.965686385
2508	MORC2	P230P;E231G	Silent;Missense	-0.705401536
2509	MORC2	M225T	Missense	0.7497830539921878
2510	MORC2	P220P;R221G	Silent;Missense	0.5244420401463044
2511	MORC2	I217T;S218P	Missense;Missense	-1.193618208
2512	MORC2	K205G	Missense	-0.567232904
2513	MORC2	N203D	Missense	0.4035332226287438
2514	MORC2		No Mutation	0.2420785581584556
2515	MORC2	(NC);(NC);(NC);(NC)	Intron;Intron;Intron;Intron	-0.026210027
2516	MORC2	(NC)	Intron	-1.424660732
2517	MORC2		No Mutation	-0.361920604
2518	MORC2	K190G;I191V	Missense;Missense	0.2048903942262014
2519	MORC2	I191I;P192P	Silent;Silent	-0.188509442
2520	MORC2	I191T;P192P	Missense;Silent	0.5087318191115592
2521	MORC2	M189V	Missense	0.024072288
2522	MORC2	Q187R	Missense	-0.60350545
2523	MORC2	Q187R	Missense	0.5517398007233415
2524	MORC2	V184A	Missense	-1.298253584
2525	MORC2		No Mutation	0.3514422880452815
2526	MORC2	P177P	Silent	0.41969148
2527	MORC2		No Mutation	-0.232909563
2528	MORC2	L171P;I172T	Missense;Missense	-1.031715841
2529	MORC2	V162A	Missense	-0.443065843
2530	MORC2		No Mutation	0.5252556305318086
2531	MORC2		No Mutation	0.504986291
2532	MORC2		No Mutation	-0.293227733
2533	MORC2		No Mutation	-0.342021741
2534	MORC2		No Mutation	0.4917863295990997
2535	MORC2	N151D	Missense	0.2799777819789419
2536	MORC2		No Mutation	-0.38537481
2537	MORC2	N151N	Silent	-0.240657821
2538	MORC2	N151N	Silent	-0.183644663
2539	MORC2		No Mutation	0.3711186506009475
2540	MORC2	I144M	Missense	0.2776091269513456
2541	MORC2	L147P	Missense	-1.489817453
2542	MORC2	(NC)	Intron	-0.130923768
2543	MORC2	(NC)	Intron	0.6157122966471369
2544	MORC2	E142E;(NC)	Silent;Intron	-0.781191144
2545	MORC2	E138G	Missense	-0.054525588
2546	MORC2	T133A	Missense	-0.125049812
2547	MORC2	F134F;H135H	Silent;Silent	3.042354488920528
2548	MORC2		No Mutation	-1.669441487
2549	MORC2	F134L	Missense	-0.141475364
2550	MORC2	S131S	Silent	0.1425696658322446
2551	MORC2	F129S;L130P	Missense;Missense	0.030115930460247
2552	MORC2	M125T	Missense	0.3812992750567538
2553	MORC2		No Mutation	0.005332171
2554	MORC2	S108S;M109V	Silent;Missense	-0.007518344
2555	MORC2		No Mutation	-0.41804592
2556	MORC2	(NC)	Splice-acceptor	-0.729008449
2557	MORC2	M109T	Missense	0.653890487
2558	MORC2	(NC);(NC);(NC)	Intron;Intron;Intron	0.5194258968737948
2559	MORC2	(NC);(NC);(NC);(NC)	Intron;Intron;Intron;Intron	0.1257673490544514
2560	MORC2	N102G	Missense	-2.688733624
2561	MORC2		No Mutation	-0.186368322
2562	MORC2	I97V	Missense	-0.250003554
2563	MORC2	Q96R	Missense	0.5154201036580333
2564	MORC2	T95A;Q96R	Missense;Missense	1.704325119974983
2565	MORC2	I97T	Missense	0.1722498563104239
2566	MORC2	E93G	Missense	-0.743438695
2567	MORC2	E93G	Missense	-0.556891391
2568	MORC2	S94P	Missense	0.4168285752195539
2569	MORC2		No Mutation	-0.076064494
2570	MORC2	I82V	Missense	0.8606734415886319
2571	MORC2	F84S	Missense	-0.572421315
2572	MORC2	S80G	Missense	0.1247368628398224
2573	MORC2	S80G	Missense	0.068134133
2574	MORC2	A78A	Silent	0.081993415
2575	MORC2	A78A	Silent	-0.275855164
2576	MORC2	(NC)	Intron	-1.025182393
2577	MORC2	(NC);(NC)	Intron;Intron	-0.075213741
2578	MORC2	D68G	Missense	-2.087516084
2579	MORC2	F62F;M63T	Silent;Missense	0.1124603051924957
2580	MORC2	R55R;E56G	Silent;Missense	1.7608795543317513
2581	MORC2	R54G	Missense	-0.722622088
2582	MORC2	I50V;Y51C	Missense;Missense	-0.059090222
2583	MORC2	Y51Y	Silent	-0.057201757
2584	MORC2	I50T;Y51H	Missense;Missense	0.1334292349112605
2585	MORC2	R47G;I48V	Missense;Missense	0.5568202845612116
2586	MORC2	A40A;R41G	Silent;Missense	-1.162179527
2587	MORC2	E35G	Missense	-1.927255623
2588	MORC2	V37V;D38D	Silent;Silent	0.211941284957295
2589	MORC2	V37A;D38D	Missense;Silent	-0.606976348
2590	MORC2		No Mutation	-0.46807578
2591	MORC2	L29S;F30P	Missense;Missense	-0.85087701
2592	MORC2	T25A;H26R	Missense;Missense	-0.659423351
2593	MORC2	N22S	Missense	-1.159494634
2594	MORC2		No Mutation	0.1068721054723723
2595	MORC2	A2A;F3L	Silent;Missense	-0.627715466
2596	MORC2	(NC);(NC)	UTR;UTR	-0.35713346
2597	ATF7IP	Q8R;K9E	Missense;Missense	-0.110998353
2598	ATF7IP	Q25Q	Silent	-0.880059037
2599	ATF7IP	D40G	Missense	0.891210769
2600	ATF7IP	N45G	Missense	1.0978041040397333
2601	ATF7IP	H48R	Missense	1.0254469755215283
2602	ATF7IP	D54G	Missense	0.96904883
2603	ATF7IP	S57S	Silent	0.7623579533903861
2604	ATF7IP	D63G	Missense	1.804868619250328
2605	ATF7IP	I65V;K66E	Missense;Missense	0.4487227089017025
2606	ATF7IP	D67G;K68G	Missense;Missense	0.5992929681192536
2607	ATF7IP	E82G;G83G	Missense;Silent	-0.391466244
2608	ATF7IP		No Mutation	-0.267321857
2609	ATF7IP	G83G;S84G;K85E	Silent;Missense;Missense	1.325914818272146
2610	ATF7IP	V97A	Missense	-0.971296031
2611	ATF7IP	V97A;N98N	Missense;Silent	0.6888280802420861
2612	ATF7IP	N98G	Missense	-0.98986762
2613	ATF7IP	N116N;I117T	Silent;Missense	0.6575770050286364
2614	ATF7IP		No Mutation	-0.607656161
2615	ATF7IP		No Mutation	-1.362136399
2616	ATF7IP		No Mutation	-1.721157955
2617	ATF7IP	L125P	Missense	-0.133394518
2618	ATF7IP	P126P	Silent	3.042354488920528
2619	ATF7IP		No Mutation	-0.45627044
2620	ATF7IP	S131P	Missense	0.748562592
2621	ATF7IP		No Mutation	1.062738949184431
2622	ATF7IP		No Mutation	0.6477038904716952
2623	ATF7IP	P134P	Silent	1.0105817992167356
2624	ATF7IP		No Mutation	-0.344282957
2625	ATF7IP	L139P	Missense	0.2760080419329856
2626	ATF7IP	D140D	Silent	-0.570655029
2627	ATF7IP	D140D	Silent	0.7916682115965429
2628	ATF7IP		No Mutation	0.5118379345230666
2629	ATF7IP		No Mutation	0.8158095639021012
2630	ATF7IP	P144P	Silent	0.6773626570588664
2631	ATF7IP		No Mutation	-0.231071526
2632	ATF7IP	L149P	Missense	-0.728146967
2633	ATF7IP	S151P	Missense	-0.512599528
2634	ATF7IP	S151S;G152G	Silent;Silent	0.4613488269909484
2635	ATF7IP		No Mutation	0.208745001347343
2636	ATF7IP	S156P	Missense	-0.592732257
2637	ATF7IP		No Mutation	0.2765557971253694
2638	ATF7IP	S161P	Missense	-0.129158054
2639	ATF7IP	S165P	Missense	-0.470059156
2640	ATF7IP	S165P	Missense	0.4177976486798421
2641	ATF7IP	S166P	Missense	-0.123248727
2642	ATF7IP	S167G	Missense	0.8424312370475481
2643	ATF7IP	A169A	Silent	0.7157873354413987
2644	ATF7IP	A169A	Silent	-0.168544361
2645	ATF7IP	S171P	Missense	0.3267404838786992
2646	ATF7IP		No Mutation	0.3555035278373252
2647	ATF7IP	S176P	Missense	-0.558801752
2648	ATF7IP		No Mutation	-0.266216691
2649	ATF7IP	P180P;S181P	Silent;Missense	0.5760713398342361
2650	ATF7IP		No Mutation	0.128371931
2651	ATF7IP	V184A;S185P	Missense;Missense	0.4583534738106947
2652	ATF7IP	S185P	Missense	1.1587673511262933
2653	ATF7IP	S185P	Missense	0.1750180873580067
2654	ATF7IP		No Mutation	0.2226766214190452
2655	ATF7IP	S191P	Missense	0.5255677158899242
2656	ATF7IP	S191P	Missense	-0.398093214
2657	ATF7IP	S191P	Missense	-0.77071126
2658	ATF7IP	T195T	Silent	-0.595355114
2659	ATF7IP	T195T;A196A	Silent;Silent	-0.594048707
2660	ATF7IP	D197G	Missense	0.4492172379099992
2661	ATF7IP	L199P;S200P	Missense;Missense	-0.248470381
2662	ATF7IP	S206P	Missense	0.4385944266277213
2663	ATF7IP	S207G	Missense	-0.167763997
2664	ATF7IP	I210T	Missense	-0.622583963
2665	ATF7IP	I210T	Missense	0.5391779876695928
2666	ATF7IP	I210T	Missense	-0.427854042
2667	ATF7IP	I210V	Missense	1.5224001835321677
2668	ATF7IP	V215A	Missense	0.08272991
2669	ATF7IP	V215A	Missense	-0.336170631
2670	ATF7IP	P216P	Silent	0.5897385020667822
2671	ATF7IP	P216P;V217A	Silent;Missense	0.4286727389726337
2672	ATF7IP		No Mutation	-0.595539444
2673	ATF7IP	I220T	Missense	-0.767543395
2674	ATF7IP	I220I;S221P	Silent;Missense	1.3611972392779714
2675	ATF7IP	S221P	Missense	2.211712903985569
2676	ATF7IP	C224R	Missense	-0.32682725
2677	ATF7IP	C224C	Silent	-1.932373954
2678	ATF7IP	S231P	Missense	0.4590432827827265
2679	ATF7IP	T235T;S236P	Silent;Missense	0.2719493333401901
2680	ATF7IP	E233E;I234V;T235A	Silent;Missense;Missense	0.6043947069660807
2681	ATF7IP		No Mutation	0.6649987847369514
2682	ATF7IP		No Mutation	0.85892246
2683	ATF7IP	S251S;D252D	Silent;Silent	0.5170970548804432
2684	ATF7IP	P249P	Silent	-0.251254033
2685	ATF7IP	D252G	Missense	0.9809689887473736
2686	ATF7IP	L254P	Missense	0.6263878563812367
2687	ATF7IP	S256P	Missense	0.7925744469821489
2688	ATF7IP	S261P	Missense	-0.051438164
2689	ATF7IP	L259L	Silent	-0.545948756
2690	ATF7IP	S266P	Missense	-0.018245712
2691	ATF7IP	E263E	Silent	0.431063462
2692	ATF7IP	D267G	Missense	-0.076775886
2693	ATF7IP	T271T	Silent	0.8762081679347188
2694	ATF7IP		No Mutation	-0.565884752
2695	ATF7IP	S276P	Missense	0.651146093
2696	ATF7IP	T280T;S281P	Silent;Missense	-0.81642467
2697	ATF7IP	F289S	Missense	-0.894459315
2698	ATF7IP	S293S;V294A	Silent;Missense	0.1179882802772407
2699	ATF7IP	V296A;C297R	Missense;Missense	1.006016445379346
2700	ATF7IP	V300A	Missense	0.0504205925663292
2701	ATF7IP		No Mutation	-0.316123547
2702	ATF7IP	I306T	Missense	0.1082470065961235
2703	ATF7IP	D313D	Silent	1.3453072077649495
2704	ATF7IP	Q330R;S331G	Missense;Missense	0.78746181
2705	ATF7IP		No Mutation	-1.150161534
2706	ATF7IP	E366E;N367G	Silent;Missense	1.778022135709844
2707	ATF7IP	I376V;T377A	Missense;Missense	0.071026842
2708	ATF7IP	I386V	Missense	-0.617602988
2709	ATF7IP	S389G;M390V	Missense;Missense	-0.001041741
2710	ATF7IP	L424L;E425G;N426D	Silent;Missense;Missense	0.228051747609439
2711	ATF7IP	E434G;I435V	Missense;Missense	1.407500333055105
2712	ATF7IP	E440E;K441G	Silent;Missense	-0.036256307
2713	ATF7IP	L449P	Missense	1.081405614698229
2714	ATF7IP		No Mutation	0.4782095179645259
2715	ATF7IP	N464N	Silent	1.6395237440349963
2716	ATF7IP	E462G;T463A	Missense;Missense	-0.293729511
2717	ATF7IP	P465P;D466G	Silent;Missense	1.3498685005541513
2718	ATF7IP	K470G;M471V	Missense;Missense	0.6889287987003383
2719	ATF7IP	S483S	Silent	0.6729634941530943
2720	ATF7IP	P488P;K489E	Silent;Missense	-1.079701533
2721	ATF7IP	L493P;V494A	Missense;Missense	-0.397848961
2722	ATF7IP	S496S;D497D	Silent;Silent	0.1276264831909118
2723	ATF7IP		No Mutation	-0.398010217
2724	ATF7IP	D497G	Missense	-0.519697563
2725	ATF7IP	D500D	Silent	0.854383749
2726	ATF7IP	D497G;E498G	Missense;Missense	0.1514421894793252
2727	ATF7IP	N514G;E515G	Missense;Missense	0.5351597858570589
2728	ATF7IP	(NC);(NC)	Intron;Intron	-0.207300468
2729	ATF7IP	E521E;V522V	Silent;Silent	-0.250406867
2730	ATF7IP	E526E;K527G	Silent;Missense	0.1588372678473318
2731	ATF7IP	V537A	Missense	-0.265289934
2732	ATF7IP	F551S;S552P	Missense;Missense	-0.822833883
2733	ATF7IP	K558E	Missense	-0.133434263
2734	ATF7IP	K568G	Missense	-2.259026808
2735	ATF7IP	M573V	Missense	-0.589965757
2736	ATF7IP	V583V;K584G	Silent;Missense	-0.023476665
2737	ATF7IP		No Mutation	-0.12334791
2738	ATF7IP	N592G	Missense	0.2050539017925092
2739	ATF7IP	(NC);(NC)	Intron;Intron	-0.197074123
2740	ATF7IP		No Mutation	-0.971155267
2741	ATF7IP	I599V	Missense	-0.77319322
2742	ATF7IP	V614V	Silent	0.1410179705111675
2743	ATF7IP	A620A;E621G	Silent;Missense	-0.20129313
2744	ATF7IP	K628R;I629V	Missense;Missense	-0.547882067
2745	ATF7IP	T637T	Silent	0.7307959204642211
2746	ATF7IP	L649S	Missense	-0.441740313
2747	ATF7IP	F653P	Missense	-0.480707884
2748	ATF7IP		No Mutation	0.3551912942336246
2749	ATF7IP	(NC)	Intron	0.072301968
2750	ATF7IP		No Mutation	0.1739101648938861
2751	ATF7IP		No Mutation	-1.478446006
2752	ATF7IP		No Mutation	0.3202210884627323
2753	ATF7IP		No Mutation	0.4507058745160365
2754	ATF7IP	N669G	Missense	0.0207484397131201
2755	ATF7IP	V672A;S673P	Missense;Missense	0.3139087466082046
2756	ATF7IP	S673P	Missense	-0.74444896
2757	ATF7IP		No Mutation	-0.7571279
2758	ATF7IP	N684S;N685G	Missense;Missense	0.1929781473257982
2759	ATF7IP	(NC)	Intron	0.6047847987401187
2760	ATF7IP	T694A	Missense	-0.203256699
2761	ATF7IP		No Mutation	1.4257113971655482
2762	ATF7IP	T715T	Silent	-0.087589767
2763	ATF7IP	P716P;V717A	Silent;Missense	0.3187511903281648
2764	ATF7IP	Q714R;T715A	Missense;Missense	0.9572117004876284
2765	ATF7IP	V717A;N718N	Missense;Silent	-1.17286625
2766	ATF7IP	(NC);(NC)	Intron;Intron	-0.52296348
2767	ATF7IP	P728P	Silent	-0.264965374
2768	ATF7IP	S733S	Silent	-0.595665786
2769	ATF7IP	S734S	Silent	0.668548105
2770	ATF7IP	V742A	Missense	0.806743373
2771	ATF7IP	Q739R;T740A	Missense;Missense	-0.555202903
2772	ATF7IP	Q739R;T740A	Missense;Missense	-0.491750846
2773	ATF7IP	S746P;L747P	Missense;Missense	1.931133073633492
2774	ATF7IP	V752A	Missense	0.5885004340076412
2775	ATF7IP	V752A	Missense	0.3656131926506187
2776	ATF7IP	A759A	Silent	1.1943049013128284
2777	ATF7IP	V761A;V762A	Missense;Missense	0.8131909067878657
2778	ATF7IP	V761A;V762A	Missense;Missense	0.9538209058694294
2779	ATF7IP	V761V	Silent	-0.5949037
2780	ATF7IP	T764A;T765A	Missense;Missense	0.5817373293186682
2781	ATF7IP		No Mutation	-1.065279739
2782	ATF7IP	S777P;L778P	Missense;Missense	1.2163399724220385
2783	ATF7IP	S777S;L778P	Silent;Missense	-0.748490261
2784	ATF7IP	S777S;L778P	Silent;Missense	0.1246339264392353
2785	ATF7IP		No Mutation	-0.377957455
2786	ATF7IP	L785P	Missense	2.8800859293062304
2787	ATF7IP	V787A	Missense	-0.485534271
2788	ATF7IP	S793P	Missense	-0.352741514
2789	ATF7IP	L797P;L798P	Missense;Missense	1.581509239738783
2790	ATF7IP	L798P	Missense	-0.342704666
2791	ATF7IP		No Mutation	0.2245565970702257
2792	ATF7IP		No Mutation	-0.136504123
2793	ATF7IP		No Mutation	0.1124954427750291
2794	ATF7IP	L798L	Silent	0.6642047529796914
2795	ATF7IP	S800G	Missense	-0.211552634
2796	ATF7IP	V806A	Missense	1.0796051588327933
2797	ATF7IP	T807T	Silent	-0.288678215
2798	ATF7IP	T807A	Missense	0.081615314
2799	ATF7IP	F816P	Missense	-0.177734698
2800	ATF7IP	S821G	Missense	-0.187993751
2801	ATF7IP	S826S;G827G	Silent;Silent	0.8060273452199767
2802	ATF7IP	G827G;L828P	Silent;Missense	-0.053863613
2803	ATF7IP	L828P	Missense	1.196884167643336
2804	ATF7IP	S837P;L838P	Missense;Missense	-0.061672519
2805	ATF7IP	N840N	Silent	-0.021122406
2806	ATF7IP		No Mutation	0.7317098264061039
2807	ATF7IP	T842T	Silent	-0.62849266
2808	ATF7IP		No Mutation	-0.047998098
2809	ATF7IP	V847A	Missense	1.2952084380289313
2810	ATF7IP	V847A	Missense	-0.177084446
2811	ATF7IP	S849P;V850A	Missense;Missense	0.0100268991943106
2812	ATF7IP	P853P	Silent	0.9032466968147904
2813	ATF7IP	S852G	Missense	0.59224154
2814	ATF7IP		No Mutation	-0.216039435
2815	ATF7IP		No Mutation	0.71368977
2816	ATF7IP		No Mutation	-0.44024809
2817	ATF7IP	S862G	Missense	1.1972282776130128
2818	ATF7IP	A863A	Silent	-0.853842188
2819	ATF7IP	S862G	Missense	1.0076490866857428
2820	ATF7IP		No Mutation	0.8895047634034274
2821	ATF7IP	L866S	Missense	1.1071351604736883
2822	ATF7IP	L870P	Missense	-0.287376439
2823	ATF7IP	G867G;T868A;T869A	Silent;Missense;Missense	0.3313110549085042
2824	ATF7IP	I881T;V882A	Missense;Missense	-0.273047021
2825	ATF7IP	I881V	Missense	-0.9115246
2826	ATF7IP	L889S	Missense	0.053564831
2827	ATF7IP	T887A	Missense	0.3820758093398338
2828	ATF7IP	T887A	Missense	0.048394289
2829	ATF7IP	T891A	Missense	-0.101426113
2830	ATF7IP	S895P	Missense	-0.438989836
2831	ATF7IP		No Mutation	0.2698751071472574
2832	ATF7IP	Y898Y;S899S	Silent;Silent	0.060946814
2833	ATF7IP	S899S	Silent	0.401771600211993
2834	ATF7IP	S899G	Missense	0.1435743518241204
2835	ATF7IP	G905G	Silent	0.7006628025054402
2836	ATF7IP	S917S	Silent	-0.686055886
2837	ATF7IP	N927G;T928A	Missense;Missense	-0.861237096
2838	ATF7IP	(NC)	Splice-donor	-1.387520739
2839	ATF7IP	(NC)	Intron	0.25507313604221
2840	ATF7IP	(NC)	Intron	-0.275724412
2841	ATF7IP	(NC)	Intron	0.2307915115811911
2842	ATF7IP		No Mutation	0.4405724483060556
2843	ATF7IP	A948A	Silent	0.068104355
2844	ATF7IP	(NC)	Splice-acceptor	-1.221502985
2845	ATF7IP	T959A	Missense	-0.238156889
2846	ATF7IP	S964S	Silent	0.4364549974032925
2847	ATF7IP	I967V	Missense	0.5357952468025245
2848	ATF7IP	M971V;D972G	Missense;Missense	0.9072795178121884
2849	ATF7IP	E975G;S976G	Missense;Missense	-0.471156247
2850	ATF7IP	S994S;S995P	Silent;Missense	-0.550930813
2851	ATF7IP	P998P	Silent	1.5263012051007645
2852	ATF7IP	L1003P	Missense	0.4026383513034955
2853	ATF7IP		No Mutation	0.2643946185423981
2854	ATF7IP		No Mutation	0.032690378
2855	ATF7IP	P1011P	Silent	0.3272082630749039
2856	ATF7IP		No Mutation	-0.863725718
2857	ATF7IP		No Mutation	-0.059034625
2858	ATF7IP		No Mutation	-1.251349491
2859	ATF7IP		No Mutation	-0.178935602
2860	ATF7IP	S1015P	Missense	0.194740706594571
2861	ATF7IP	V1017A	Missense	0.3286119405578438
2862	ATF7IP		No Mutation	-0.952883232
2863	ATF7IP		No Mutation	1.0266531894669426
2864	ATF7IP	S1023P	Missense	-0.192007378
2865	ATF7IP	I1027T	Missense	0.6053038691235325
2866	ATF7IP	I1027V;H1028R	Missense;Missense	0.6328562070476775
2867	ATF7IP	L1030P;P1031P	Missense;Silent	-0.720428128
2868	ATF7IP	P1031P	Silent	0.064025814
2869	ATF7IP	(NC);(NC)	Intron;Intron	0.6161462964698928
2870	ATF7IP	T1035T	Silent	-0.067956811
2871	ATF7IP	V1039A	Missense	0.1261513889992802
2872	ATF7IP	H1041H;R1042R	Silent;Silent	-0.638196952
2873	ATF7IP	T1040T;H1041R	Silent;Missense	0.331463904771592
2874	ATF7IP		No Mutation	-0.267051237
2875	ATF7IP	V1053A	Missense	-0.432224162
2876	ATF7IP	A1056A;P1057P	Silent;Silent	-0.021295024
2877	ATF7IP	P1057P	Silent	-0.919747772
2878	ATF7IP	R1055R	Silent	1.1575664363430906
2879	ATF7IP		No Mutation	-0.406619673
2880	ATF7IP		No Mutation	-0.014249208
2881	ATF7IP	V1062A;V1063A	Missense;Missense	0.3507881424347896
2882	ATF7IP	Y1064Y	Silent	0.068782774
2883	ATF7IP	T1066T	Silent	0.7380059482869199
2884	ATF7IP		No Mutation	0.1488796445219409
2885	ATF7IP		No Mutation	0.6600290576059199
2886	ATF7IP	Q1073R	Missense	-0.133650231
2887	ATF7IP	L1076P	Missense	-0.81245855
2888	ATF7IP	L1076P	Missense	-0.264922393
2889	ATF7IP	R1077R	Silent	-0.032670649
2890	ATF7IP	V1080A;M1081T	Missense;Missense	-0.095957411
2891	ATF7IP	V1080A;M1081T	Missense;Missense	-0.58094602
2892	ATF7IP	Q1082R	Missense	0.2771980144860357
2893	ATF7IP		No Mutation	-0.003296454
2894	ATF7IP	V1089A	Missense	0.622632471
2895	ATF7IP	(NC);(NC);(NC);(NC)	Intron;Intron;Intron;Intron	0.1523426271896389
2896	ATF7IP	(NC);(NC);(NC);(NC)	Intron;Intron;Intron;Intron	1.4051653498191463
2897	ATF7IP	Y1105H;V1106A	Missense;Missense	-0.352048821
2898	ATF7IP	T1104A;Y1105C	Missense;Missense	-0.688817528
2899	ATF7IP	N1109N	Silent	0.1880278278120494
2900	ATF7IP	V1107V;N1108G;N1109D	Silent;Missense;Missense	1.229005914883566
2901	ATF7IP	N1108G;N1109G	Missense;Missense	-0.336255332
2902	ATF7IP	L1111L;T1112A	Silent;Missense	0.1791292827959044
2903	ATF7IP	P1118P	Silent	0.1283211761794203
2904	ATF7IP	P1118P	Silent	0.074769978
2905	ATF7IP	H1123H	Silent	-0.398276458
2906	ATF7IP	H1130H	Silent	-0.424403703
2907	ATF7IP	T1131T;(NC)	Silent;Splice-donor	-1.110144515
2908	ATF7IP	(NC)	Splice-donor	-0.434799826
2909	ATF7IP	(NC)	Intron	0.3031821318966697
2910	ATF7IP		No Mutation	-0.325894577
2911	ATF7IP		No Mutation	0.83608891
2912	ATF7IP		No Mutation	0.8296372513712279
2913	ATF7IP		No Mutation	1.4965894265932655
2914	ATF7IP		No Mutation	0.2008766993990427
2915	ATF7IP		No Mutation	-0.792410317
2916	ATF7IP	L1142L	Silent	0.148031262455294
2917	ATF7IP	L1142P	Missense	-0.100936392
2918	ATF7IP	L1142P	Missense	0.9094695362273482
2919	ATF7IP		No Mutation	0.2689760857396887
2920	ATF7IP		No Mutation	0.3115283781140276
2921	ATF7IP		No Mutation	-0.214226123
2922	ATF7IP		No Mutation	0.071367077
2923	ATF7IP		No Mutation	-0.463794439
2924	ATF7IP	L1151P	Missense	0.4739214125947011
2925	ATF7IP		No Mutation	-0.238710419
2926	ATF7IP		No Mutation	-0.289784296
2927	ATF7IP		No Mutation	-0.110843208
2928	ATF7IP	S1159P	Missense	1.3043644699062025
2929	ATF7IP	S1159P	Missense	0.1992519988024147
2930	ATF7IP	P1161P	Silent	0.9674083420224722
2931	ATF7IP	L1166P	Missense	-0.734756618
2932	ATF7IP		No Mutation	1.017481001798558
2933	ATF7IP		No Mutation	-0.994773406
2934	ATF7IP	N1175S	Missense	0.7391874192777336
2935	ATF7IP	V1178V	Silent	-0.798146977
2936	ATF7IP	S1180S	Silent	-0.52704292
2937	ATF7IP	S1180S;S1182G	Silent;Missense	0.8397505284806126
2938	ATF7IP	C1190R	Missense	0.8815300950824484
2939	ATF7IP	H1197H	Silent	-0.052346306
2940	ATF7IP		No Mutation	2.2849995168131425
2941	ATF7IP	H1202H	Silent	-0.491065749
2942	ATF7IP	S1206S	Silent	0.227298129
2943	ATF7IP	S1211P	Missense	-0.303930709
2944	ATF7IP	T1208A	Missense	-0.00159896
2945	ATF7IP	S1211P	Missense	0.8399477846598604
2946	ATF7IP	W1213R	Missense	-1.182464282
2947	ATF7IP	S1211S;Q1212R	Silent;Missense	0.3082606578862967
2948	ATF7IP	S1211S;Q1212R	Silent;Missense	-0.678414936
2949	ATF7IP	S1211S;Q1212R	Silent;Missense	-0.258253004
2950	ATF7IP	K1214K;K1215G;I1216V	Silent;Missense;Missense	-0.633867772
2951	ATF7IP	A1221A	Silent	-0.500250399
2952	ATF7IP	C1228R	Missense	-0.701729405
2953	ATF7IP	C1228C;T1229T	Silent;Silent	-0.11848307
2954	ATF7IP	L1230P	Missense	-0.231334315
2955	ATF7IP	L1230P	Missense	-1.014558812
2956	ATF7IP	T1231A	Missense	1.490894693363837
2957	ATF7IP	G1236G	Silent	0.9959059570610564
2958	ATF7IP	G1236G	Silent	1.015394653551818
2959	ATF7IP		No Mutation	1.226860081339989
2960	ATF7IP	R1244R	Silent	0.3803366772200642
2961	ATF7IP	D1247G;I1248V	Missense;Missense	0.2470459165324441
2962	ATF7IP	R1251R	Silent	-0.289728447
2963	ATF7IP	S1260P	Missense	0.6571425489678382
2964	ATF7IP	V1263A;I1264T	Missense;Missense	0.6531485115670013
2965	ATF7IP	Q1268R;S1269G	Missense;Missense	-0.614084037
2966	ATF7IP	(NC);(NC)	UTR;UTR	-1.009697052
2967	ATF7IP	(NC);(NC)	UTR;UTR	0.042042122
2968	ATF7IP	(NC);(NC);(NC);(NC)	UTR;UTR;UTR;UTR	-0.080976091
2969	ATF7IP2	(NC)	Splice-acceptor	1.3202480230026314
2970	ATF7IP2	M1T	Missense	-1.12759908
2971	ATF7IP2	P4P	Silent	-1.901618043
2972	ATF7IP2		No Mutation	0.1456456341835058
2973	ATF7IP2	T17T;M18V	Silent;Missense	1.6669891011275637
2974	ATF7IP2		No Mutation	0.8966184217139836
2975	ATF7IP2		No Mutation	-0.048907541
2976	ATF7IP2		No Mutation	-0.632859469
2977	ATF7IP2	M28T	Missense	-0.182785245
2978	ATF7IP2	E27G;M28V	Missense;Missense	2.377446039644036
2979	ATF7IP2		No Mutation	0.9075576250827356
2980	ATF7IP2		No Mutation	2.087200496747106
2981	ATF7IP2	S44G	Missense	0.7340376759432575
2982	ATF7IP2	S52S;F53P	Silent;Missense	0.3283397238022989
2983	ATF7IP2		No Mutation	-0.098844192
2984	ATF7IP2		No Mutation	0.08459237
2985	ATF7IP2	S68G	Missense	0.4601366911075153
2986	ATF7IP2	E71E;N72G	Silent;Missense	0.081827933
2987	ATF7IP2	V103A	Missense	-1.054707581
2988	ATF7IP2	H104R	Missense	0.1434884572845931
2989	ATF7IP2		No Mutation	-0.535085303
2990	ATF7IP2	S125P	Missense	0.7121510521571526
2991	ATF7IP2	F130S	Missense	-0.1517277
2992	ATF7IP2	R128G	Missense	-0.338781636
2993	ATF7IP2		No Mutation	-0.115811658
2994	ATF7IP2		No Mutation	0.4088220338478272
2995	ATF7IP2		No Mutation	0.1990826999584958
2996	ATF7IP2		No Mutation	1.0162530045496814
2997	ATF7IP2		No Mutation	0.135310555974776
2998	ATF7IP2	S172S	Silent	-0.042981464
2999	ATF7IP2	P170P	Silent	0.0233629181329249
3000	ATF7IP2	S175S	Silent	0.3395825726767037
3001	ATF7IP2	G176G;V177A	Silent;Missense	-0.979700741
3002	ATF7IP2	G176G;V177A	Silent;Missense	2.3276807796803785
3003	ATF7IP2		No Mutation	0.065008789
3004	ATF7IP2	T184A	Missense	-0.197934473
3005	ATF7IP2	T184A	Missense	-0.303097443
3006	ATF7IP2		No Mutation	0.9768198457419046
3007	ATF7IP2	K192G;K193E	Missense;Missense	-0.503003816
3008	ATF7IP2	H200H;L201P	Silent;Missense	1.0367490413924545
3009	ATF7IP2	S205P	Missense	0.059307414
3010	ATF7IP2	S207S;E208G	Silent;Missense	1.2273939965884404
3011	ATF7IP2	H210H;D211D	Silent;Silent	-0.807267058
3012	ATF7IP2	E230G;K231E	Missense;Missense	0.7840383783492995
3013	ATF7IP2	S238P;V239A	Missense;Missense	-0.071778143
3014	ATF7IP2	C262C	Silent	-0.085338959
3015	ATF7IP2	E263G;S264G	Missense;Missense	0.3828491256242639
3016	ATF7IP2	H280R	Missense	0.946433130275372
3017	ATF7IP2	E305E;N306G;I307V	Silent;Missense;Missense	0.7758995092864837
3018	ATF7IP2		No Mutation	1.080824884369625
3019	ATF7IP2	E312E;R313G	Silent;Missense	0.422465280965653
3020	ATF7IP2	Q314Q;T315A	Silent;Missense	-0.3718412
3021	ATF7IP2	E319G	Missense	0.7459372961689212
3022	ATF7IP2	E319G	Missense	0.0601368335910325
3023	ATF7IP2	E319G;Q320R	Missense;Missense	1.325832322846075
3024	ATF7IP2	(NC);(NC);(NC);(NC)	Intron;Intron;Intron;Intron	0.335472425832358
3025	ATF7IP2	R322G	Missense	-1.097288263
3026	ATF7IP2	E343G	Missense	-0.054462323
3027	ATF7IP2	E343G	Missense	-0.708767176
3028	ATF7IP2		No Mutation	-0.530145033
3029	ATF7IP2	R354G	Missense	-0.659785703
3030	ATF7IP2	G359G;I360V	Silent;Missense	0.7144424066258783
3031	ATF7IP2	T377T;V378V	Silent;Silent	0.245819051463572
3032	ATF7IP2	N389G;M390V	Missense;Missense	0.1893833278574428
3033	ATF7IP2	S393S	Silent	0.3469589884324626
3034	ATF7IP2	S393G;N394D	Missense;Missense	-0.11314112
3035	ATF7IP2	S397S	Silent	0.8394864087337501
3036	ATF7IP2	(NC)	Intron	0.7094753112401482
3037	ATF7IP2		No Mutation	3.123775453928636
3038	ATF7IP2		No Mutation	-0.818558487
3039	ATF7IP2	(NC);(NC)	Intron;Splice-acceptor	-0.943391734
3040	ATF7IP2	S402S	Silent	0.5534199315876029
3041	ATF7IP2	N429G	Missense	0.2841257531248801
3042	ATF7IP2	N445S;K446G	Missense;Missense	0.411129397
3043	ATF7IP2		No Mutation	-0.107683783
3044	ATF7IP2	M457V	Missense	0.2071683215604197
3045	ATF7IP2	I470T	Missense	0.341235396
3046	ATF7IP2	I470V;T471A	Missense;Missense	1.4222614588238232
3047	ATF7IP2		No Mutation	-0.249005282
3048	ATF7IP2	(NC);(NC)	Intron;Intron	0.9300353505204676
3049	ATF7IP2	T477A;R478G	Missense;Missense	0.2099629671239973
3050	ATF7IP2	N490D	Missense	-0.128950876
3051	ATF7IP2	M494T;(NC)	Missense;Splice-donor	0.1731580029733565
3052	ATF7IP2	M494T;(NC)	Missense;Splice-donor	0.376644326
3053	ATF7IP2	I504V;D505G	Missense;Missense	-0.064934695
3054	ATF7IP2	L511L	Silent	0.1220837922917723
3055	ATF7IP2	N515N	Silent	0.9936557143390976
3056	ATF7IP2	N513S	Missense	1.2008199957804664
3057	ATF7IP2		No Mutation	-0.895627855
3058	ATF7IP2	E517E;S518G	Silent;Missense	-0.572858308
3059	ATF7IP2	S525P	Missense	0.3020708027207114
3060	ATF7IP2	H526H;S527P	Silent;Missense	0.066045653
3061	ATF7IP2	H526H;S527P	Silent;Missense	-0.335384408
3062	ATF7IP2	S527P	Missense	0.507856211
3063	ATF7IP2		No Mutation	-0.621380744
3064	ATF7IP2		No Mutation	-0.447435005
3065	ATF7IP2	K528K	Silent	0.2533087245865753
3066	ATF7IP2	S533S;K534G	Silent;Missense	-0.36277789
3067	ATF7IP2	A540A	Silent	0.1163204547128629
3068	ATF7IP2	(NC)	Intron	0.0151613595385845
3069	ATF7IP2	(NC);(NC);(NC)	Intron;Intron;Intron	0.5234527122541143
3070	ATF7IP2	L553P	Missense	0.0108628021798562
3071	ATF7IP2	P555P	Silent	0.1671282347976693
3072	ATF7IP2		No Mutation	0.3828859937730931
3073	ATF7IP2		No Mutation	-0.658877672
3074	ATF7IP2		No Mutation	-0.836275887
3075	ATF7IP2		No Mutation	0.1714986176234483
3076	ATF7IP2	L563P	Missense	-0.815001157
3077	ATF7IP2	P564P	Silent	0.85370749
3078	ATF7IP2	L566P	Missense	0.2911219659149678
3079	ATF7IP2	V567A	Missense	0.037809359
3080	ATF7IP2	P575P	Silent	0.253060173
3081	ATF7IP2	P575P	Silent	-0.489449729
3082	ATF7IP2	L581P	Missense	1.0467343566151954
3083	ATF7IP2	L581P	Missense	-0.254842622
3084	ATF7IP2	L581P	Missense	0.6298231483418357
3085	ATF7IP2		No Mutation	1.06034164883
3086	ATF7IP2	E580G	Missense	-0.515375947
3087	ATF7IP2	E580G	Missense	0.084149241
3088	ATF7IP2		No Mutation	-0.028997738
3089	ATF7IP2	N590S	Missense	0.2153854716851532
3090	ATF7IP2	L594P	Missense	-0.90510751
3091	ATF7IP2	L594P;T595T	Missense;Silent	1.0120417126665344
3092	ATF7IP2	I598T	Missense	-0.240715841
3093	ATF7IP2	C605R	Missense	0.7156252498747431
3094	ATF7IP2	V608A	Missense	0.068315255
3095	ATF7IP2	V608A	Missense	0.1311675169951909
3096	ATF7IP2	L613P	Missense	0.7119366381075574
3097	ATF7IP2	H617H	Silent	-0.280730104
3098	ATF7IP2	S620P	Missense	0.8559994585721341
3099	ATF7IP2	N621G	Missense	-0.619091559
3100	ATF7IP2	I625V	Missense	0.320466302
3101	ATF7IP2	K633K	Silent	-0.075978857
3102	ATF7IP2	C641R	Missense	0.2000574014698118
3103	ATF7IP2	T642T;L643P;S644P	Silent;Missense;Missense	0.8586137166649432
3104	ATF7IP2	L643P;S644P	Missense;Missense	0.2195108117718603
3105	ATF7IP2	L643S;S644P	Missense;Missense	-0.75253532
3106	ATF7IP2	F646P	Missense	0.1988680780862699
3107	ATF7IP2	F654S;T655T	Missense;Silent	-0.656483084
3108	ATF7IP2	D670G;I671V	Missense;Missense	-1.447713206
3109	ATF7IP2	D670G;I671V	Missense;Missense	1.1376716088961216
3110	ATF7IP2	E679G;N680D	Missense;Missense	0.5755487666497776
3111	SETDB2	(NC);(NC)	UTR;UTR	-0.019132168
3112	SETDB2	(NC);(NC)	UTR;UTR	0.2401113621915053
3113	SETDB2	(NC);(NC);M1V	UTR;UTR;Missense	0.8426230746824844
3114	SETDB2	G2G	Silent	-0.159506814
3115	SETDB2	D7G	Missense	-0.41104613
3116	SETDB2	A8A;K9E	Silent;Missense	-0.462719541
3117	SETDB2	M13V;E14G	Missense;Missense	-0.122323731
3118	SETDB2	L15L;E16G	Silent;Missense	0.3854353516639783
3119	SETDB2	K36G;Q37R	Missense;Missense	-1.447336127
3120	SETDB2	K36R;Q37R	Missense;Missense	0.1765731623797044
3121	SETDB2		No Mutation	0.8746955118779922
3122	SETDB2	(NC)	Intron	-0.409061601
3123	SETDB2		No Mutation	-0.374063356
3124	SETDB2	V56A	Missense	-0.055936909
3125	SETDB2	S64G	Missense	0.7577416436101603
3126	SETDB2	S64G	Missense	1.0039524916354754
3127	SETDB2	(NC);(NC)	Intron;Intron	-0.170261594
3128	SETDB2	S72P	Missense	1.1910027061545003
3129	SETDB2	S72P	Missense	0.7849647917257229
3130	SETDB2		No Mutation	-0.318854775
3131	SETDB2	N77G	Missense	-0.028862117
3132	SETDB2	(NC);(NC)	Intron;Intron	0.545127866
3133	SETDB2	(NC);(NC);(NC)	Intron;Intron;Intron	-0.076486557
3134	SETDB2	M84V	Missense	0.8243372064603501
3135	SETDB2		No Mutation	-0.679280348
3136	SETDB2	T87A	Missense	1.3204449702300358
3137	SETDB2		No Mutation	-0.279720017
3138	SETDB2	S100S	Silent	0.5705491780774687
3139	SETDB2	C111C	Silent	-0.078348564
3140	SETDB2	F113P;L114P	Missense;Missense	-0.009905508
3141	SETDB2	(NC);L114L;T115A	Splice-acceptor;Silent;Missense	0.1911378936043581
3142	SETDB2	Q143R;S144G	Missense;Missense	1.0971129009592009
3143	SETDB2	S148P	Missense	-0.225666069
3144	SETDB2	K154K;M155V	Silent;Missense	-0.893117219
3145	SETDB2	M155V	Missense	1.3390491071403663
3146	SETDB2	I169T	Missense	0.7099016246841992
3147	SETDB2	I169T	Missense	0.8965675961450403
3148	SETDB2	F173P	Missense	-0.328206935
3149	SETDB2		No Mutation	-0.280567223
3150	SETDB2	S190G;Y191C	Missense;Missense	0.095772122
3151	SETDB2	Y191C;K192G	Missense;Missense	0.909968589
3152	SETDB2	S198S;L199P	Silent;Missense	-1.261744471
3153	SETDB2	S198S;L199P	Silent;Missense	-1.517440191
3154	SETDB2	L199P	Missense	-1.349714148
3155	SETDB2	G196G;R197G;S198G	Silent;Missense;Missense	0.076283783
3156	SETDB2	S198G	Missense	-0.336691572
3157	SETDB2	C214R	Missense	-0.375062458
3158	SETDB2	N225G;T226A	Missense;Missense	-1.819197859
3159	SETDB2	Y227C	Missense	1.484667203008715
3160	SETDB2	A231A	Silent	0.6452907593500735
3161	SETDB2	K238K;E239G	Silent;Missense	0.4869921613618472
3162	SETDB2	D243G	Missense	1.6646711271785746
3163	SETDB2	D245G;I246V	Missense;Missense	0.0287259600794599
3164	SETDB2	N259N	Silent	0.5500614638537167
3165	SETDB2	N259N	Silent	1.0884209817507615
3166	SETDB2		No Mutation	-1.006169182
3167	SETDB2		No Mutation	0.4779056109800856
3168	SETDB2	K270R;Y271C	Missense;Missense	-1.679907886
3169	SETDB2	L282P	Missense	0.4599738307655936
3170	SETDB2	M288T;F289P	Missense;Missense	-0.039593596
3171	SETDB2	D291D;S292P	Silent;Missense	0.5868881550679087
3172	SETDB2		No Mutation	1.3662228219589578
3173	SETDB2		No Mutation	0.584849288
3174	SETDB2		No Mutation	0.2358302320883366
3175	SETDB2	I302V	Missense	0.2819177503177188
3176	SETDB2	(NC);(NC);(NC);(NC)	Intron;Intron;Intron;Intron	0.2195301359588606
3177	SETDB2	(NC)	Intron	-0.375321864
3178	SETDB2		No Mutation	-0.198862739
3179	SETDB2	L320S;S321P	Missense;Missense	1.0925838579522418
3180	SETDB2	S322G;D323G	Missense;Missense	0.7650728236436557
3181	SETDB2	Q335R;R336G	Missense;Missense	-0.065173649
3182	SETDB2	Q335R;R336G	Missense;Missense	-0.414610937
3183	SETDB2	Q337R;I338V	Missense;Missense	0.032134126
3184	SETDB2		No Mutation	-0.18049961
3185	SETDB2	(NC);(NC)	Intron;Intron	0.3541781369435931
3186	SETDB2	C351C;N352N	Silent;Silent	0.5203332674307253
3187	SETDB2	N358G	Missense	-1.537975193
3188	SETDB2	H363H;G364G	Silent;Silent	0.4822250733001127
3189	SETDB2	Q362R;H363R	Missense;Missense	-0.649841699
3190	SETDB2	V367A	Missense	-0.133925688
3191	SETDB2		No Mutation	-0.596610878
3192	SETDB2	V371A	Missense	0.3379914324998466
3193	SETDB2	K373E	Missense	-0.445856024
3194	SETDB2	K373G	Missense	-0.445444249
3195	SETDB2	K373R;T374A	Missense;Missense	1.3697721659441526
3196	SETDB2	K373K;T374A	Silent;Missense	-0.497442693
3197	SETDB2	T374A;E375G	Missense;Missense	-0.007106383
3198	SETDB2	L384L;D385G	Silent;Missense	-0.663135247
3199	SETDB2	L384L;D385G	Silent;Missense	0.2517487108488646
3200	SETDB2		No Mutation	-0.419485871
3201	SETDB2	L401P	Missense	0.7421778755176284
3202	SETDB2	N405G;T406A	Missense;Missense	0.2188576868375304
3203	SETDB2	Y410C	Missense	-1.526447229
3204	SETDB2	Y410C	Missense	0.9985699805233617
3205	SETDB2	E442G	Missense	-0.213840876
3206	SETDB2	E442E	Silent	0.00708348
3207	SETDB2		No Mutation	-0.014251517
3208	SETDB2		No Mutation	0.3274947392019043
3209	SETDB2	N466N	Silent	-0.137239954
3210	SETDB2	S465G	Missense	-1.265109786
3211	SETDB2	N467N	Silent	-1.088313324
3212	SETDB2	V473A;(NC)	Missense;Splice-donor	-0.534537868
3213	SETDB2	V473A;(NC)	Missense;Splice-donor	-1.348103015
3214	SETDB2		No Mutation	-0.864428139
3215	SETDB2	Y477H	Missense	1.00535871
3216	SETDB2	I498T	Missense	-0.582419196
3217	SETDB2	F499S	Missense	-0.560403381
3218	SETDB2	N502N	Silent	0.7364188932171876
3219	SETDB2	Q500Q;H501R;N502D	Silent;Missense;Missense	-0.174279527
3220	SETDB2	(NC);(NC);(NC);(NC)	Intron;Intron;Intron;Intron	0.4652002650268504
3221	SETDB2	(NC);(NC);(NC)	Intron;Intron;Intron	1.6706041419022486
3222	SETDB2	F508P	Missense	-0.962660803
3223	SETDB2	T515T	Silent	-0.721047103
3224	SETDB2	T515A	Missense	0.9471800321126947
3225	SETDB2	F522P	Missense	0.6805539137733896
3226	SETDB2	L529P	Missense	0.1176126972053458
3227	SETDB2	S531P	Missense	-0.117360028
3228	SETDB2	S531P	Missense	-0.250475015
3229	SETDB2	N530D	Missense	0.1134104356543471
3230	SETDB2	N530G	Missense	1.8641029928923456
3231	SETDB2	K534G	Missense	-0.487687322
3232	SETDB2	(NC)	Splice-donor	1.1481055272959249
3233	SETDB2	(NC);(NC)	Intron;Intron	0.4385577813751462
3234	SETDB2		No Mutation	-1.225772575
3235	SETDB2	F548F	Silent	-1.353401847
3236	SETDB2	R565R;E566G	Silent;Missense	-0.270131403
3237	SETDB2	P570P;R571G;S572G	Silent;Missense;Missense	0.3254181420374643
3238	SETDB2	C574R	Missense	-0.419354345
3239	SETDB2		No Mutation	1.1139661194624784
3240	SETDB2	N575G	Missense	-0.734374585
3241	SETDB2	D581D	Silent	1.0135576839046752
3242	SETDB2	N584N	Silent	-0.01238577
3243	SETDB2	N582G	Missense	-0.339816442
3244	SETDB2	I585V;K586E	Missense;Missense	1.1321122965024115
3245	SETDB2	Q592Q;I593V	Silent;Missense	0.3359764082482767
3246	SETDB2	I593V;Q594R	Missense;Missense	0.6416353241889075
3247	SETDB2	S601P	Missense	0.4353194535151186
3248	SETDB2	S601S	Silent	-0.084415965
3249	SETDB2	S601S	Silent	0.1103491199065875
3250	SETDB2	T602T;A603A	Silent;Silent	0.2631006584307369
3251	SETDB2	S624S;D625D	Silent;Silent	0.065279356
3252	SETDB2	L627L;T628A	Silent;Missense	0.4934432359721497
3253	SETDB2	D639G	Missense	0.867820047
3254	SETDB2	T641A;K642G	Missense;Missense	-0.58299081
3255	SETDB2		No Mutation	-0.865422804
3256	SETDB2	N651D	Missense	-0.08448368
3257	SETDB2	(NC)	Intron	0.6521911416501426
3258	SETDB2		No Mutation	-0.061738824
3259	SETDB2	(NC);(NC);(NC);(NC)	Intron;Intron;Intron;Intron	-1.422854158
3260	SETDB2		No Mutation	1.082631826033787
3261	SETDB2		No Mutation	-1.342138354
3262	SETDB2		No Mutation	-0.079359651
3263	SETDB2	F678P	Missense	0.2208306570759337
3264	SETDB2	A676A	Silent	0.8638704107533287
3265	SETDB2	(NC);(NC);(NC)	Intron;Intron;Intron	0.5671977611335097
3266	SETDB2	A685A;R686G	Silent;Missense	0.5782951140275641
3267	SETDB2	A685A;R686G;T687A	Silent;Missense;Missense	0.4029444799959658
3268	SETDB2	E688G	Missense	-0.23465344
3269	SETDB2	D692G;Y693C	Missense;Missense	0.1126079304614269
3270	SETDB2	D692G;Y693C	Missense;Missense	0.4196474351440099
3271	SETDB2	T699A	Missense	-1.30414749
3272	SETDB2	F706P;C707R	Missense;Missense	-0.03775483
3273	SETDB2	E704G;I705V	Missense;Missense	0.075990257
3274	SETDB2	E704G;I705V	Missense;Missense	0.8794351818604959
3275	SETDB2	E704E;I705V	Silent;Missense	-0.473932033
3276	SETDB2	N712N;C714R	Silent;Missense	0.0184625853262676
3277	EHMT1	(NC)	UTR	-0.418390264
3278	EHMT1		No Mutation	-0.843465907
3279	EHMT1		No Mutation	0.3302917074060107
3280	EHMT1		No Mutation	-0.389774183
3281	EHMT1		No Mutation	-0.948441732
3282	EHMT1		No Mutation	0.5518777034683182
3283	EHMT1	D5D	Silent	-0.100814427
3284	EHMT1	(NC)	Splice-donor	-0.62999695
3285	EHMT1	D5G	Missense	0.060793921
3286	EHMT1	D5G	Missense	0.9031155
3287	EHMT1	(NC)	Splice-donor	-0.100368756
3288	EHMT1		No Mutation	-0.060325546
3289	EHMT1		No Mutation	0.0343888741216041
3290	EHMT1	E7G	Missense	-0.371935958
3291	EHMT1	(NC)	Intron	-0.093714663
3292	EHMT1	(NC)	Intron	0.3295163792289756
3293	EHMT1		No Mutation	0.277272721
3294	EHMT1	(NC);(NC)	Intron;Intron	-0.359109254
3295	EHMT1	(NC);(NC)	Intron;Intron	-0.681146064
3296	EHMT1	(NC)	Intron	-0.624426723
3297	EHMT1		No Mutation	0.2137188449561192
3298	EHMT1		No Mutation	0.2195733194412392
3299	EHMT1	(NC);(NC);(NC)	Intron;Intron;Splice-acceptor	-0.433561
3300	EHMT1	(NC);(NC)	Intron;Splice-acceptor	-0.313727074
3301	EHMT1	(NC)	Splice-acceptor	-0.235308907
3302	EHMT1	(NC);A8A	Splice-acceptor;Silent	-0.276305452
3303	EHMT1	A8A	Silent	-0.497302089
3304	EHMT1	R12G	Missense	-0.554957608
3305	EHMT1	P15P	Silent	-0.962114058
3306	EHMT1	C20R;V21A	Missense;Missense	-0.086776114
3307	EHMT1	K22E	Missense	-0.077844193
3308	EHMT1	K22G	Missense	0.8354603444240685
3309	EHMT1	T23A;E24G	Missense;Missense	0.8448660167454846
3310	EHMT1		No Mutation	0.2941682708987509
3311	EHMT1		No Mutation	-0.538840578
3312	EHMT1	(NC)	Splice-donor	-0.625657966
3313	EHMT1		No Mutation	0.3181965773005991
3314	EHMT1	(NC)	Intron	0.1031182870694037
3315	EHMT1	(NC)	Intron	0.1302196428264125
3316	EHMT1		No Mutation	0.858831853
3317	EHMT1	M32V	Missense	-0.252473305
3318	EHMT1		No Mutation	-1.075408641
3319	EHMT1		No Mutation	-0.199652614
3320	EHMT1	E36E	Silent	-0.024354066
3321	EHMT1	S38S	Silent	-1.044184551
3322	EHMT1	A39A;E40G;K41E	Silent;Missense;Missense	0.5687855133433865
3323	EHMT1	A43A	Silent	-0.802143775
3324	EHMT1	G44G;E45G	Silent;Missense	-0.246501309
3325	EHMT1	H47R	Missense	0.1990699342630507
3326	EHMT1	G52G	Silent	-0.016866885
3327	EHMT1	D51G	Missense	0.4875790803902311
3328	EHMT1	D51G	Missense	0.8602654698336807
3329	EHMT1	N68N;A69A	Silent;Silent	-0.387148912
3330	EHMT1		No Mutation	1.6417636009632814
3331	EHMT1	H72R;T73A	Missense;Missense	0.1592153419026787
3332	EHMT1	T73A	Missense	0.5745298278444126
3333	EHMT1	A77A;R78G	Silent;Missense	0.635530885
3334	EHMT1	R78G	Missense	-0.003929405
3335	EHMT1		No Mutation	-0.693458079
3336	EHMT1		No Mutation	-0.278580201
3337	EHMT1		No Mutation	-0.282449872
3338	EHMT1		No Mutation	-0.520482423
3339	EHMT1	T85A	Missense	0.1931594124759374
3340	EHMT1	T87A	Missense	0.0444016167266875
3341	EHMT1	I91T	Missense	1.115141265
3342	EHMT1	T89A	Missense	0.002219987
3343	EHMT1		No Mutation	0.7831905280281594
3344	EHMT1	I91V	Missense	0.6749694871843722
3345	EHMT1	S97S;E98G;R99G	Silent;Missense;Missense	-0.846478271
3346	EHMT1	F114L	Missense	0.3981000462747445
3347	EHMT1	T117T	Silent	-0.368352861
3348	EHMT1	Q116R	Missense	-0.12920882
3349	EHMT1		No Mutation	0.5547314789446116
3350	EHMT1	G124G;Y125C;I126V	Silent;Missense;Missense	-0.945431726
3351	EHMT1	L127L;N128G;K129E	Silent;Missense;Missense	0.1440940078427215
3352	EHMT1		No Mutation	-0.258481007
3353	EHMT1	L132L;Q133R	Silent;Missense	-0.067011149
3354	EHMT1	L137P	Missense	0.000606394
3355	EHMT1	L137P	Missense	1.1286229384048665
3356	EHMT1	R138G;T139A	Missense;Missense	-0.576591955
3357	EHMT1		No Mutation	-0.4548462
3358	EHMT1	T142T	Silent	-0.793780188
3359	EHMT1	S145S;S146P	Silent;Missense	0.6290189996889338
3360	EHMT1		No Mutation	-0.871082215
3361	EHMT1	H150H	Silent	0.4460529044089356
3362	EHMT1		No Mutation	-0.172149785
3363	EHMT1	A152A;K153G	Silent;Missense	-1.392856467
3364	EHMT1	A152A;K153G	Silent;Missense	-0.340096025
3365	EHMT1	A152A;K153G;T154A	Silent;Missense;Missense	-0.136235211
3366	EHMT1	T154A	Missense	0.2844463963335165
3367	EHMT1		No Mutation	-1.051617151
3368	EHMT1	A159A	Silent	-0.074344638
3369	EHMT1	A159A	Silent	-0.152159097
3370	EHMT1	G157G	Silent	0.1424592646386983
3371	EHMT1		No Mutation	0.2776384861949523
3372	EHMT1		No Mutation	0.1491538003077812
3373	EHMT1		No Mutation	-1.666097373
3374	EHMT1		No Mutation	-0.093482701
3375	EHMT1		No Mutation	0.3592520429855667
3376	EHMT1		No Mutation	0.2852071135858193
3377	EHMT1		No Mutation	-0.508655821
3378	EHMT1	P175P	Silent	0.3385661748145752
3379	EHMT1	P175P	Silent	-1.002117519
3380	EHMT1	L179P	Missense	-0.947865344
3381	EHMT1	P175P;P176P	Silent;Silent	0.2009547695896691
3382	EHMT1	P176P	Silent	-0.650014048
3383	EHMT1	P176P	Silent	-0.229892689
3384	EHMT1	L179P	Missense	-0.55152912
3385	EHMT1	L179L	Silent	-0.244631328
3386	EHMT1		No Mutation	-0.368739187
3387	EHMT1		No Mutation	-0.603176315
3388	EHMT1	S183S	Silent	-0.002011513
3389	EHMT1	S183S;A184A	Silent;Silent	-0.068279433
3390	EHMT1	S183S;A184A	Silent;Silent	-0.23752986
3391	EHMT1	S183G	Missense	0.5401034330164283
3392	EHMT1		No Mutation	-0.248669403
3393	EHMT1	T186T;E187G	Silent;Missense	0.001515299
3394	EHMT1	R189G;K190G	Missense;Missense	-0.174874819
3395	EHMT1		No Mutation	-0.003240856
3396	EHMT1		No Mutation	-0.678395733
3397	EHMT1	V198A	Missense	-0.133251426
3398	EHMT1	V198A	Missense	0.2345447204704083
3399	EHMT1		No Mutation	-0.253586507
3400	EHMT1	V200A	Missense	-0.377878433
3401	EHMT1	D197G	Missense	-0.045667194
3402	EHMT1	D197G	Missense	-0.609314976
3403	EHMT1		No Mutation	-0.329945669
3404	EHMT1		No Mutation	-0.073883652
3405	EHMT1	M207V	Missense	-0.168200228
3406	EHMT1	M207V	Missense	-0.915914909
3407	EHMT1	V211A;V212A	Missense;Missense	0.5883864059666789
3408	EHMT1	K209G	Missense	0.5545215206985765
3409	EHMT1	L214P	Missense	-0.332767041
3410	EHMT1	(NC);(NC);(NC)	Splice-donor;Intron;Intron	-0.230017008
3411	EHMT1	(NC);(NC);(NC)	Intron;Intron;Intron	-0.245501855
3412	EHMT1		No Mutation	0.8332476864193172
3413	EHMT1		No Mutation	0.198976188398949
3414	EHMT1	A227A	Silent	-0.635750028
3415	EHMT1	R225R;E226G	Silent;Missense	-0.032932904
3416	EHMT1	H230R;K231E	Missense;Missense	-0.293703876
3417	EHMT1	K239G;N240G	Missense;Missense	1.0092700396580558
3418	EHMT1	L256P	Missense	-0.065778769
3419	EHMT1	L256P;H257H	Missense;Silent	0.089003414
3420	EHMT1	L256L;H257H	Silent;Silent	-0.930939213
3421	EHMT1	H257H	Silent	-0.739309478
3422	EHMT1	H257H	Silent	-0.215545939
3423	EHMT1	S259P	Missense	0.7768039458633573
3424	EHMT1	S259P;L260P	Missense;Missense	0.7537870079118547
3425	EHMT1	L260P;P261P	Missense;Silent	-0.664367486
3426	EHMT1	P261P	Silent	0.6654530342874998
3427	EHMT1	Q262R;N263D	Missense;Missense	0.1364411281943121
3428	EHMT1	Y266H;M267T	Missense;Missense	0.2697915906866093
3429	EHMT1		No Mutation	-0.139463024
3430	EHMT1	T269A;T270A	Missense;Missense	-0.573242245
3431	EHMT1	K271K;S272S	Silent;Silent	0.9699496136692498
3432	EHMT1	T274A	Missense	-1.304679767
3433	EHMT1	A283A	Silent	1.4351307378025424
3434	EHMT1	K288G;K289E	Missense;Missense	-0.073953536
3435	EHMT1	K288G;K289G	Missense;Missense	1.423550288299509
3436	EHMT1	R292R;M293V	Silent;Missense	-0.699115517
3437	EHMT1	P300P	Silent	-0.457589604
3438	EHMT1	K305G	Missense	-0.927067633
3439	EHMT1	K305K;V306V	Silent;Silent	-1.008981947
3440	EHMT1	I319V;T320A	Missense;Missense	0.0185144141163679
3441	EHMT1	I319V;T320A	Missense;Missense	0.090566905
3442	EHMT1	T323A	Missense	-0.687212209
3443	EHMT1	(NC)	Splice-donor	-0.507152144
3444	EHMT1	(NC);(NC)	Intron;Intron	1.846980305151104
3445	EHMT1	(NC)	Intron	-0.84384385
3446	EHMT1	(NC)	Intron	0.1699574888535422
3447	EHMT1		No Mutation	-0.799924934
3448	EHMT1		No Mutation	1.5070915814497683
3449	EHMT1		No Mutation	-0.58884515
3450	EHMT1		No Mutation	-0.560196966
3451	EHMT1	(NC)	Splice-acceptor	-0.051318513
3452	EHMT1	(NC)	Splice-acceptor	-0.199343061
3453	EHMT1	L337P	Missense	-0.20707377
3454	EHMT1	S335G;S336G	Missense;Missense	-0.504693918
3455	EHMT1	S336G	Missense	0.9446187080082528
3456	EHMT1	S336G	Missense	-0.413788881
3457	EHMT1	V339A;N340N	Missense;Silent	-0.202174374
3458	EHMT1	N340D	Missense	-0.693473983
3459	EHMT1		No Mutation	-0.088151731
3460	EHMT1		No Mutation	-0.037799923
3461	EHMT1	S343G	Missense	1.4523935206201444
3462	EHMT1	E345G;M346V	Missense;Missense	-0.535850466
3463	EHMT1	D349D	Silent	0.6202346073046437
3464	EHMT1	D349G	Missense	-0.482391988
3465	EHMT1	D352G	Missense	-0.889378136
3466	EHMT1	S353S	Silent	0.158382532
3467	EHMT1	E355G	Missense	0.3395118246188229
3468	EHMT1	E357G;E358G	Missense;Missense	-0.134974392
3469	EHMT1		No Mutation	0.1928880318958105
3470	EHMT1	H362R	Missense	-0.028443407
3471	EHMT1		No Mutation	0.0139212262471263
3472	EHMT1		No Mutation	-0.435424959
3473	EHMT1		No Mutation	-0.700868106
3474	EHMT1		No Mutation	-1.338702366
3475	EHMT1		No Mutation	0.1550979092995195
3476	EHMT1		No Mutation	-0.246241157
3477	EHMT1	T377T	Silent	0.2597224284635986
3478	EHMT1	D374G;S375G	Missense;Missense	-0.167511208
3479	EHMT1	K379E	Missense	-0.407015441
3480	EHMT1	K379G	Missense	-0.657990052
3481	EHMT1		No Mutation	0.1318120983426428
3482	EHMT1		No Mutation	0.7071494726208172
3483	EHMT1	(NC);(NC);(NC)	Intron;Intron;Intron	-0.277128345
3484	EHMT1	(NC)	Intron	0.166963128
3485	EHMT1	(NC);(NC)	Intron;Intron	-1.061807186
3486	EHMT1	(NC)	Intron	0.094054543
3487	EHMT1	(NC);(NC)	Intron;Intron	0.163789007203282
3488	EHMT1	(NC)	Intron	-0.781237946
3489	EHMT1		No Mutation	-0.577652163
3490	EHMT1		No Mutation	0.4856253082833505
3491	EHMT1		No Mutation	0.4949325319701636
3492	EHMT1		No Mutation	0.4955116660796564
3493	EHMT1	M391V	Missense	-0.165307596
3494	EHMT1	D392G	Missense	0.843593469
3495	EHMT1	E394G	Missense	-0.359776172
3496	EHMT1	E397G	Missense	0.1668037520992542
3497	EHMT1	S401P	Missense	0.3026432661082981
3498	EHMT1	Q399R;E400G	Missense;Missense	0.6772481015220244
3499	EHMT1	Q399R;E400G	Missense;Missense	-0.537325043
3500	EHMT1	E400G	Missense	0.9074870082262728
3501	EHMT1		No Mutation	-0.344896434
3502	EHMT1		No Mutation	0.2232463449286146
3503	EHMT1	D403G;T404A	Missense;Missense	-0.218106784
3504	EHMT1		No Mutation	-0.621666225
3505	EHMT1	T404A	Missense	-0.912178012
3506	EHMT1	E406G	Missense	0.3262490150173986
3507	EHMT1		No Mutation	-1.045695858
3508	EHMT1		No Mutation	0.3989023631216775
3509	EHMT1	(NC)	Intron	0.075053706
3510	EHMT1	(NC)	Intron	-0.691804164
3511	EHMT1		No Mutation	0.3275209182557212
3512	EHMT1	S417S	Silent	0.7085106595495054
3513	EHMT1	S417S;S418P	Silent;Missense	0.5366070329365717
3514	EHMT1		No Mutation	1.2836863128613971
3515	EHMT1	F426P	Missense	0.5634656134401562
3516	EHMT1	K423R;K424G	Missense;Missense	0.2735076273215748
3517	EHMT1	K425G	Missense	0.9047247193973176
3518	EHMT1	G431G;K432G	Silent;Missense	-0.417579201
3519	EHMT1	I438T	Missense	1.244033362109885
3520	EHMT1		No Mutation	0.6291645152809299
3521	EHMT1		No Mutation	-0.230104013
3522	EHMT1	K439G	Missense	1.096667886014587
3523	EHMT1		No Mutation	-0.329461945
3524	EHMT1	K439R;P440P	Missense;Silent	0.0572146255647311
3525	EHMT1	P440P	Silent	0.1376815122298847
3526	EHMT1	S448G;R449G	Missense;Missense	-0.705003492
3527	EHMT1	K451G	Missense	0.0170474499875173
3528	EHMT1	(NC)	Splice-donor	-0.558475469
3529	EHMT1	(NC)	Splice-donor	0.9497274416290692
3530	EHMT1		No Mutation	0.3715497121530511
3531	EHMT1		No Mutation	0.1250979093415886
3532	EHMT1		No Mutation	-0.709313516
3533	EHMT1		No Mutation	-0.287430147
3534	EHMT1	(NC)	Intron	-0.936269319
3535	EHMT1	(NC);(NC);(NC)	Intron;Intron;Intron	-0.404636334
3536	EHMT1	(NC)	Intron	-0.073648356
3537	EHMT1	(NC);(NC);(NC)	Intron;Intron;Intron	-0.442115665
3538	EHMT1		No Mutation	-0.011657977
3539	EHMT1	G457G;S458P	Silent;Missense	0.04429248
3540	EHMT1	Y461H	Missense	1.0638577891442251
3541	EHMT1	Y461C	Missense	-0.300800664
3542	EHMT1	A465A;G466G;S467G	Silent;Silent;Missense	0.4598154061856114
3543	EHMT1	E469G	Missense	-0.086775536
3544	EHMT1	A472A	Silent	1.077275812821263
3545	EHMT1	A472A;P473P	Silent;Silent	0.1437617142983372
3546	EHMT1	G474G;D475G;S476G	Silent;Missense;Missense	0.712726549
3547	EHMT1	Y479H	Missense	0.6709417944126457
3548	EHMT1	Y479C;M480V	Missense;Missense	-0.04812991
3549	EHMT1	E481E	Silent	0.1004344247852977
3550	EHMT1	D488G	Missense	0.6427826330690133
3551	EHMT1	V491A	Missense	0.1032653918869775
3552	EHMT1		No Mutation	0.7010341361342736
3553	EHMT1	I494I;L495P;S496P	Silent;Missense;Missense	0.192253812280823
3554	EHMT1		No Mutation	0.9690041454179316
3555	EHMT1	Q498R	Missense	-0.640518094
3556	EHMT1	A499A;E500G	Silent;Missense	0.1047152361339013
3557	EHMT1		No Mutation	0.3532321341976363
3558	EHMT1		No Mutation	0.7605994614680919
3559	EHMT1		No Mutation	-0.187846759
3560	EHMT1	(NC)	Intron	0.1368718296493411
3561	EHMT1	N504G	Missense	0.7198954040373386
3562	EHMT1	V508A;L509P	Missense;Missense	-0.477943013
3563	EHMT1	D507G	Missense	0.1171376009647421
3564	EHMT1		No Mutation	-0.459257421
3565	EHMT1	E510G;T511A	Missense;Missense	0.4677597165797513
3566	EHMT1	P518P;L519P;C520R	Silent;Missense;Missense	-0.59757089
3567	EHMT1	C520R	Missense	0.6891117551263254
3568	EHMT1		No Mutation	1.1391474854871704
3569	EHMT1		No Mutation	-0.218869712
3570	EHMT1	M524T	Missense	-0.125453241
3571	EHMT1		No Mutation	-0.225241834
3572	EHMT1	I532T	Missense	-0.15721613
3573	EHMT1	R530R	Silent	0.2223882708720063
3574	EHMT1		No Mutation	0.079188731
3575	EHMT1	N537D	Missense	-0.530848556
3576	EHMT1	M541T;A542A	Missense;Silent	-0.193220415
3577	EHMT1	M541V	Missense	0.082502957
3578	EHMT1		No Mutation	-0.118265688
3579	EHMT1	(NC);(NC);(NC)	Intron;Intron;Intron	-0.417861149
3580	EHMT1	(NC);(NC)	Intron;Intron	0.8475158562885918
3581	EHMT1		No Mutation	-0.011430938
3582	EHMT1		No Mutation	-0.176502529
3583	EHMT1	(NC)	Intron	0.834448455
3584	EHMT1	(NC)	Intron	-0.436156888
3585	EHMT1		No Mutation	-0.881020579
3586	EHMT1	V557A	Missense	0.5242544372171118
3587	EHMT1	M563V	Missense	0.221627175637352
3588	EHMT1		No Mutation	-1.287793168
3589	EHMT1	L571P	Missense	0.1772164468310579
3590	EHMT1	L571P	Missense	0.3412213798804265
3591	EHMT1	L571P;L572P	Missense;Missense	-0.392631631
3592	EHMT1	L574P;C575R	Missense;Missense	0.2872550463937784
3593	EHMT1	C575R	Missense	-0.86027368
3594	EHMT1	C575R	Missense	1.0372855478819183
3595	EHMT1		No Mutation	0.9679526363557992
3596	EHMT1		No Mutation	0.5197140224562347
3597	EHMT1		No Mutation	-0.75193303
3598	EHMT1		No Mutation	0.7984817539893145
3599	EHMT1	E576E;D577G	Silent;Missense	-0.180058369
3600	EHMT1	V583A	Missense	0.069346489
3601	EHMT1		No Mutation	0.1731224338636732
3602	EHMT1	C587R	Missense	-0.053038401
3603	EHMT1	K584G;H585R	Missense;Missense	-0.336506068
3604	EHMT1	Q586R	Missense	0.2539608078064053
3605	EHMT1	C591R	Missense	-0.51236244
3606	EHMT1	F594P;C595R	Missense;Missense	0.9590334425329274
3607	EHMT1		No Mutation	-0.023849444
3608	EHMT1		No Mutation	0.2796659118780072
3609	EHMT1	G598G;N599N	Silent;Silent	0.2415074485668136
3610	EHMT1	N599N;F600P	Silent;Missense	1.2013980432204407
3611	EHMT1	N599N;F600P	Silent;Missense	-1.368298874
3612	EHMT1	S610P	Missense	-0.645880279
3613	EHMT1	S610S	Silent	-1.205252183
3614	EHMT1	C617R	Missense	0.3924344231424935
3615	EHMT1	S619P	Missense	-0.319411784
3616	EHMT1		No Mutation	0.6387767067382828
3617	EHMT1	S625G;Y626C	Missense;Missense	-0.178162981
3618	EHMT1	Y626C	Missense	-1.083549661
3619	EHMT1	Y626C	Missense	0.266965079
3620	EHMT1	C630R	Missense	-0.283765021
3621	EHMT1		No Mutation	-0.72630509
3622	EHMT1		No Mutation	0.117280840489051
3623	EHMT1		No Mutation	0.059484327
3624	EHMT1		No Mutation	-0.388305447
3625	EHMT1	S635P	Missense	-1.702416862
3626	EHMT1	S634G	Missense	0.1457484024897084
3627	EHMT1	V640A	Missense	0.1089258971300884
3628	EHMT1	I642T;A643A	Missense;Silent	0.3147332778817203
3629	EHMT1		No Mutation	-0.313996496
3630	EHMT1	T650A	Missense	0.4185051404652541
3631	EHMT1		No Mutation	-0.276620991
3632	EHMT1	V654A	Missense	0.9016367405179748
3633	EHMT1	T652A	Missense	-0.194690923
3634	EHMT1		No Mutation	-0.119056474
3635	EHMT1	P653P	Silent	0.7148018564941887
3636	EHMT1		No Mutation	0.3152033167714177
3637	EHMT1		No Mutation	-0.672423785
3638	EHMT1		No Mutation	-0.377340947
3639	EHMT1	S661P	Missense	-0.177009942
3640	EHMT1	S661P	Missense	0.3499018010235479
3641	EHMT1	S661P	Missense	-0.275117593
3642	EHMT1	E658G;K659E	Missense;Missense	0.5201287996946766
3643	EHMT1	K659G	Missense	0.4727145020458869
3644	EHMT1	K659G	Missense	0.6506851830400671
3645	EHMT1		No Mutation	0.074006303
3646	EHMT1		No Mutation	-0.183835662
3647	EHMT1		No Mutation	-0.064566928
3648	EHMT1		No Mutation	-0.396577761
3649	EHMT1	R666G	Missense	-0.670551396
3650	EHMT1	R666G	Missense	0.6608185774262396
3651	EHMT1	D668G	Missense	-1.121073894
3652	EHMT1		No Mutation	-1.039822856
3653	EHMT1	T670A;T671A	Missense;Missense	-0.450701777
3654	EHMT1	(NC)	Intron	-0.1085657
3655	EHMT1	S673G	Missense	0.4699472959338173
3656	EHMT1	(NC)	Intron	-0.678602662
3657	EHMT1		No Mutation	1.374568628499781
3658	EHMT1	(NC)	Intron	-0.594766808
3659	EHMT1	(NC)	Intron	1.0252116250510508
3660	EHMT1	(NC)	Intron	0.0167131151699824
3661	EHMT1	(NC)	Intron	-0.911516448
3662	EHMT1	S673S	Silent	-1.354256448
3663	EHMT1		No Mutation	0.364221038
3664	EHMT1		No Mutation	0.8548311932817204
3665	EHMT1	A674A	Silent	-0.07022049
3666	EHMT1		No Mutation	-0.501493466
3667	EHMT1		No Mutation	0.3090785604081234
3668	EHMT1		No Mutation	0.3266514573461079
3669	EHMT1		No Mutation	1.3040869866556035
3670	EHMT1		No Mutation	0.2496262571474311
3671	EHMT1		No Mutation	-0.185504844
3672	EHMT1		No Mutation	-1.172296348
3673	EHMT1		No Mutation	0.5306544380424499
3674	EHMT1	E681G	Missense	0.8809243181825755
3675	EHMT1	E681G;D682G	Missense;Missense	1.044364280161408
3676	EHMT1	A688A	Silent	-0.839890347
3677	EHMT1		No Mutation	-0.114922607
3678	EHMT1		No Mutation	0.4172994471790171
3679	EHMT1	F696P	Missense	-0.213974009
3680	EHMT1	F696P	Missense	-0.258959309
3681	EHMT1	E694G	Missense	-0.050469
3682	EHMT1	E694G	Missense	-0.007301818
3683	EHMT1		No Mutation	-0.390869322
3684	EHMT1		No Mutation	-0.779979208
3685	EHMT1	D697G	Missense	-1.132793934
3686	EHMT1	D697G;P698P	Missense;Silent	0.4351177558646704
3687	EHMT1	T699A	Missense	-0.665659001
3688	EHMT1	G700G	Silent	-0.076127266
3689	EHMT1	L704P	Missense	0.362364475
3690	EHMT1	G700G	Silent	-0.146395251
3691	EHMT1		No Mutation	-0.050069305
3692	EHMT1		No Mutation	0.6351639094845729
3693	EHMT1	P707P;T708A	Silent;Missense	0.456468902
3694	EHMT1	T708A	Missense	-0.350727313
3695	EHMT1	S712P	Missense	-0.264808583
3696	EHMT1		No Mutation	0.000733452
3697	EHMT1		No Mutation	-0.655180277
3698	EHMT1		No Mutation	-0.37389548
3699	EHMT1		No Mutation	-0.219064034
3700	EHMT1		No Mutation	0.6084352083956328
3701	EHMT1		No Mutation	-0.243433847
3702	EHMT1		No Mutation	-0.270068988
3703	EHMT1	G714G;P715P	Silent;Silent	0.2591556576907123
3704	EHMT1		No Mutation	-0.280085233
3705	EHMT1	L720P	Missense	-0.350037671
3706	EHMT1	L724P;I725T	Missense;Missense	0.039257611
3707	EHMT1	I725V	Missense	-0.223691115
3708	EHMT1	L735P	Missense	0.7326302013537408
3709	EHMT1	L735P	Missense	-1.154381128
3710	EHMT1	F737P	Missense	-0.023771411
3711	EHMT1	F737S	Missense	0.0516199363461948
3712	EHMT1	Y743H;F744L	Missense;Missense	-0.163908792
3713	EHMT1	F744P;S745P	Missense;Missense	0.1974818721379367
3714	EHMT1	F744P;S745P	Missense;Missense	0.3331717512965135
3715	EHMT1	Q741R	Missense	-0.808400409
3716	EHMT1	Y743C	Missense	0.057635535
3717	EHMT1	Y743C	Missense	-0.302362203
3718	EHMT1		No Mutation	-0.571508444
3719	EHMT1	L751P	Missense	0.5336523548480734
3720	EHMT1	Q748R	Missense	-0.130623521
3721	EHMT1	L751P	Missense	0.004365177
3722	EHMT1	K753G	Missense	0.9076768550070964
3723	EHMT1	K753G	Missense	-0.770587864
3724	EHMT1	(NC)	Intron	-0.036376285
3725	EHMT1	(NC)	Intron	-0.640515706
3726	EHMT1	(NC)	Intron	-0.387603123
3727	EHMT1		No Mutation	0.17251390300207
3728	EHMT1	(NC)	Intron	1.2744228132865332
3729	EHMT1		No Mutation	0.4266540239556154
3730	EHMT1	D763G	Missense	0.3375081907972626
3731	EHMT1	S775S	Silent	-1.162382333
3732	EHMT1		No Mutation	0.7307087539556464
3733	EHMT1	P776P	Silent	0.4474269019827565
3734	EHMT1	H778R	Missense	-0.498173436
3735	EHMT1		No Mutation	-0.30901674
3736	EHMT1	A781A	Silent	-0.208549549
3737	EHMT1		No Mutation	0.7932129663461391
3738	EHMT1	D787G;I788V	Missense;Missense	1.7215599609654475
3739	EHMT1		No Mutation	-0.548673512
3740	EHMT1	H790R;M791V	Missense;Missense	-0.012725892
3741	EHMT1		No Mutation	0.6477510593279628
3742	EHMT1	(NC)	Splice-donor	-1.824604268
3743	EHMT1	Q794R	Missense	-0.443849923
3744	EHMT1	(NC)	Intron	-1.243325268
3745	EHMT1	(NC);(NC)	Intron;Intron	0.3887933120580354
3746	EHMT1	(NC)	Intron	0.4616439109294397
3747	EHMT1		No Mutation	0.4636786145339004
3748	EHMT1	(NC)	Intron	0.4031766979160919
3749	EHMT1		No Mutation	0.6134357787646247
3750	EHMT1		No Mutation	1.1027759782877342
3751	EHMT1	Q806R;R807G	Missense;Missense	-0.625717638
3752	EHMT1	M811T	Missense	-0.127384606
3753	EHMT1		No Mutation	0.2820213627489752
3754	EHMT1		No Mutation	-0.266521701
3755	EHMT1	A813A	Silent	0.4023264422946026
3756	EHMT1	Y824H	Missense	0.3707785475036106
3757	EHMT1	A821A;K823E	Silent;Missense	0.4999086734417523
3758	EHMT1	K823G;Y824C	Missense;Missense	-0.693169152
3759	EHMT1	K823R;Y824C	Missense;Missense	1.5696884302088931
3760	EHMT1	Y824C	Missense	0.6590305950404105
3761	EHMT1	I826V;K827E	Missense;Missense	0.0168368008682653
3762	EHMT1	K827G	Missense	-0.897773693
3763	EHMT1		No Mutation	-1.317949618
3764	EHMT1		No Mutation	-0.481601998
3765	EHMT1	(NC)	Splice-donor	-0.792543185
3766	EHMT1	(NC);(NC)	Splice-donor;Intron	0.9111629796697504
3767	EHMT1	(NC);(NC)	Intron;Intron	0.1467201710516975
3768	EHMT1	(NC);(NC)	Intron;Intron	-0.048397163
3769	EHMT1	(NC)	Intron	0.3170727338582062
3770	EHMT1		No Mutation	0.072220418
3771	EHMT1		No Mutation	-0.762444308
3772	EHMT1	T841A	Missense	0.3710912862660267
3773	EHMT1	H844R	Missense	-0.102391758
3774	EHMT1		No Mutation	-0.365332597
3775	EHMT1	K849G	Missense	-0.345019746
3776	EHMT1		No Mutation	0.3342966154013138
3777	EHMT1	Y857H	Missense	0.05900665
3778	EHMT1	Q856R;Y857C	Missense;Missense	1.1184449710973374
3779	EHMT1	N861N	Silent	-0.052290681
3780	EHMT1		No Mutation	-0.097203758
3781	EHMT1		No Mutation	-0.181030636
3782	EHMT1	M864V	Missense	-0.312017373
3783	EHMT1		No Mutation	-0.263701715
3784	EHMT1		No Mutation	1.4556581655735272
3785	EHMT1		No Mutation	0.1687981495272881
3786	EHMT1	D870D	Silent	-0.183174634
3787	EHMT1	(NC)	Splice-acceptor	-0.780259112
3788	EHMT1		No Mutation	-1.160426309
3789	EHMT1		No Mutation	-0.610326171
3790	EHMT1		No Mutation	-0.546474605
3791	EHMT1	T875A	Missense	-0.162249113
3792	EHMT1		No Mutation	-0.549930906
3793	EHMT1		No Mutation	0.013290868
3794	EHMT1	T881A	Missense	0.4000392474201432
3795	EHMT1	V886A	Missense	0.3186370413932085
3796	EHMT1	K890G	Missense	0.6412436390621863
3797	EHMT1	L893P;S894P	Missense;Missense	-1.130303732
3798	EHMT1	K890G	Missense	0.4442683150626889
3799	EHMT1	I899T	Missense	0.5941490743906765
3800	EHMT1	(NC);(NC);(NC)	Intron;Intron;Intron	-0.104630007
3801	EHMT1		No Mutation	-0.832534127
3802	EHMT1		No Mutation	-0.316291793
3803	EHMT1		No Mutation	0.4521454191553637
3804	EHMT1		No Mutation	-1.015703992
3805	EHMT1	E906G;N907G	Missense;Missense	1.2418319777981732
3806	EHMT1	N907G;I908V	Missense;Missense	-1.271847494
3807	EHMT1	I908V	Missense	-0.187296691
3808	EHMT1	H911R	Missense	-1.291467918
3809	EHMT1	F915P;S916P	Missense;Missense	-1.251378033
3810	EHMT1		No Mutation	-0.630935033
3811	EHMT1	I921T	Missense	-0.349981225
3812	EHMT1	I921V	Missense	0.6291886738127979
3813	EHMT1	A927A	Silent	-0.516722843
3814	EHMT1	C930R	Missense	-0.211054523
3815	EHMT1		No Mutation	-0.231430518
3816	EHMT1	H933R	Missense	-0.487301568
3817	EHMT1	I937T	Missense	-0.377902733
3818	EHMT1		No Mutation	0.2062920888500533
3819	EHMT1		No Mutation	-0.743500774
3820	EHMT1	L943P	Missense	-1.071574933
3821	EHMT1	P942P	Silent	0.2818427752452579
3822	EHMT1	P942P	Silent	0.3743204636813587
3823	EHMT1		No Mutation	0.7027230372526394
3824	EHMT1	Y952H	Missense	0.06154856
3825	EHMT1		No Mutation	-1.050023263
3826	EHMT1	C954R	Missense	-0.525429714
3827	EHMT1	V956A;(NC)	Missense;Splice-donor	0.6219870129399168
3828	EHMT1	(NC);(NC);(NC)	Intron;Intron;Intron	0.3801648119477614
3829	EHMT1	F958F;L959P;S960P	Silent;Missense;Missense	0.1901479630031501
3830	EHMT1	L959P;S960P	Missense;Missense	-0.412085115
3831	EHMT1	D962D;S963P	Silent;Missense	0.6372958356592051
3832	EHMT1	T966A	Missense	-0.715626861
3833	EHMT1	T966A	Missense	1.2428397014550294
3834	EHMT1		No Mutation	0.5120955191965832
3835	EHMT1	L981P	Missense	0.1062836919266082
3836	EHMT1	L981P	Missense	0.1582260036659938
3837	EHMT1	L981P	Missense	1.156690284135059
3838	EHMT1	S980G	Missense	-0.155873565
3839	EHMT1		No Mutation	1.0135533028455257
3840	EHMT1	W986R	Missense	0.1968866086904187
3841	EHMT1		No Mutation	-0.338846304
3842	EHMT1	M991V;S992G	Missense;Missense	-0.420808579
3843	EHMT1	K993G	Missense	-0.619743926
3844	EHMT1	Q996R;D997G	Missense;Missense	-0.791248972
3845	EHMT1	D1001G;R1002G	Missense;Missense	-0.515340927
3846	EHMT1		No Mutation	-0.506030925
3847	EHMT1		No Mutation	0.030660288
3848	EHMT1	V1006A	Missense	0.7413063403528491
3849	EHMT1		No Mutation	0.099136312
3850	EHMT1	V1006A	Missense	-0.633550758
3851	EHMT1	I1009T	Missense	-1.340931081
3852	EHMT1	I1009T	Missense	-0.887550903
3853	EHMT1	E1007G	Missense	0.416215749150837
3854	EHMT1	V1010A	Missense	-0.658347641
3855	EHMT1	V1010A	Missense	-0.328824675
3856	EHMT1	V1010A	Missense	-0.200199567
3857	EHMT1	R1012G	Missense	0.6176353242006463
3858	EHMT1	(NC)	Intron	0.1320094409898167
3859	EHMT1		No Mutation	-1.035903778
3860	EHMT1		No Mutation	-0.014144965
3861	EHMT1		No Mutation	1.698724416453572
3862	EHMT1	I1014T	Missense	0.2211718854979097
3863	EHMT1	(NC)	Splice-acceptor	-1.297442961
3864	EHMT1	A1015A	Silent	-0.452516753
3865	EHMT1		No Mutation	0.2815656405415913
3866	EHMT1		No Mutation	-0.271748692
3867	EHMT1		No Mutation	0.3017818563246477
3868	EHMT1		No Mutation	0.0610513355821022
3869	EHMT1	V1029A	Missense	0.063295736
3870	EHMT1	V1029A	Missense	0.1177782005783344
3871	EHMT1	V1029A	Missense	0.4531914603459127
3872	EHMT1	C1034R	Missense	0.3942854552085291
3873	EHMT1	Y1038H	Missense	-0.590149572
3874	EHMT1	Y1040H	Missense	-0.724522143
3875	EHMT1		No Mutation	0.045252383
3876	EHMT1		No Mutation	-0.099357758
3877	EHMT1		No Mutation	0.153203772561643
3878	EHMT1	N1055N	Silent	0.1574033874585704
3879	EHMT1	R1054R;N1055G;I1056V	Silent;Missense;Missense	0.5690093315231181
3880	EHMT1	H1058R	Missense	0.751414986
3881	EHMT1	(NC)	Intron	-0.490661807
3882	EHMT1	(NC)	Intron	-0.44635762
3883	EHMT1	(NC);(NC);(NC)	Intron;Intron;Intron	0.4721864835517581
3884	EHMT1	(NC);(NC);(NC)	Intron;Intron;Intron	-0.177295852
3885	EHMT1	(NC);(NC)	Intron;Intron	0.2010847435223446
3886	EHMT1	(NC)	Intron	0.2025575561038171
3887	EHMT1	(NC);Y1061H	Intron;Missense	-0.079590601
3888	EHMT1	C1062R	Missense	0.3692862077468001
3889	EHMT1	S1071G	Missense	1.2138612353087073
3890	EHMT1	M1074T;C1075R	Missense;Missense	-0.073822276
3891	EHMT1		No Mutation	0.4434274009319354
3892	EHMT1	Q1077R	Missense	0.3414087124677309
3893	EHMT1	C1082R;W1083R	Missense;Missense	-1.091579671
3894	EHMT1		No Mutation	0.5368269549885876
3895	EHMT1		No Mutation	-0.374613467
3896	EHMT1		No Mutation	0.1988055058562546
3897	EHMT1	Y1084C	Missense	0.007977204
3898	EHMT1		No Mutation	0.4162436062436394
3899	EHMT1		No Mutation	-0.483474409
3900	EHMT1		No Mutation	-0.985891214
3901	EHMT1	(NC);(NC)	Intron;Intron	-0.876066894
3902	EHMT1	(NC)	Intron	-0.35609162
3903	EHMT1	(NC)	Intron	-0.053800957
3904	EHMT1		No Mutation	-0.589930789
3905	EHMT1	L1090P;L1091P	Missense;Missense	-0.9333228
3906	EHMT1		No Mutation	0.2591110503040992
3907	EHMT1	F1094P	Missense	-0.210176295
3908	EHMT1	P1092P	Silent	0.9001949729842358
3909	EHMT1	M1096T	Missense	0.70141301
3910	EHMT1		No Mutation	-0.293403386
3911	EHMT1	C1105R	Missense	-0.424118941
3912	EHMT1	C1105R	Missense	-0.796511059
3913	EHMT1		No Mutation	-0.488808375
3914	EHMT1	N1106S;H1107R	Missense;Missense	0.3261781130116863
3915	EHMT1	H1107R	Missense	0.1097043081909827
3916	EHMT1	W1112R	Missense	0.4773382614697545
3917	EHMT1		No Mutation	0.6578129177468193
3918	EHMT1	N1117G	Missense	0.3815942239879874
3919	EHMT1		No Mutation	0.5485766604962289
3920	EHMT1	V1120V	Silent	0.3198726421210648
3921	EHMT1	N1122G	Missense	-0.391503987
3922	EHMT1	(NC);(NC)	Intron;Intron	1.6760183457295907
3923	EHMT1	(NC);(NC);(NC)	Intron;Intron;Intron	-0.626959349
3924	EHMT1	A1126A;R1127G	Silent;Missense	0.6320726073125866
3925	EHMT1	Q1129R	Missense	-0.109860064
3926	EHMT1	Q1129R	Missense	-0.268207198
3927	EHMT1	Y1131C	Missense	-0.191533191
3928	EHMT1	Y1131C	Missense	0.2574768538964606
3929	EHMT1	T1133A	Missense	0.7580333348151526
3930	EHMT1	T1133A	Missense	-0.477537801
3931	EHMT1	T1133A	Missense	0.2039509434607465
3932	EHMT1	W1138R	Missense	-0.305035947
3933	EHMT1	D1135G;M1136V	Missense;Missense	0.1359918982270505
3934	EHMT1		No Mutation	0.0381944608170772
3935	EHMT1	Q1144R	Missense	2.391963198453288
3936	EHMT1		No Mutation	-0.222528221
3937	EHMT1		No Mutation	-0.753861723
3938	EHMT1	F1151F;V1152A;C1153R	Silent;Missense;Missense	-0.643065868
3939	EHMT1	V1152A;C1153R	Missense;Missense	0.5012698903967144
3940	EHMT1	C1153R	Missense	0.4301995697551166
3941	EHMT1	(NC)	Intron	-1.234750375
3942	EHMT1	E1154G	Missense	0.5032409920964322
3943	EHMT1	E1154G	Missense	-0.315412156
3944	EHMT1	(NC)	Intron	-0.201111283
3945	EHMT1	(NC)	Intron	-0.38389437
3946	EHMT1	(NC)	Intron	-0.244985346
3947	EHMT1	(NC)	Intron	0.9850913616133696
3948	EHMT1		No Mutation	-0.513691982
3949	EHMT1		No Mutation	0.0133600703748625
3950	EHMT1	Y1155H	Missense	0.5820650451661419
3951	EHMT1	V1156A	Missense	1.4833514647702448
3952	EHMT1	V1156V	Silent	0.3325694839402344
3953	EHMT1	S1163S;E1164G	Silent;Missense	-0.083835135
3954	EHMT1	D1171D	Silent	0.8860796303546674
3955	EHMT1		No Mutation	-0.158038401
3956	EHMT1	N1179N	Silent	-0.269926317
3957	EHMT1		No Mutation	-0.463863061
3958	EHMT1		No Mutation	0.8384390549361803
3959	EHMT1	(NC)	Intron	0.8479869891373697
3960	EHMT1		No Mutation	0.1832296281401157
3961	EHMT1		No Mutation	-0.496602811
3962	EHMT1		No Mutation	-0.681412537
3963	EHMT1		No Mutation	0.091638233
3964	EHMT1	V1184A	Missense	0.8047847752595279
3965	EHMT1	V1184A;Y1185H	Missense;Missense	0.367964709817243
3966	EHMT1	Y1185C	Missense	0.030824425
3967	EHMT1	I1187V;D1188G	Missense;Missense	0.138684944
3968	EHMT1	D1188G	Missense	0.8091698477086365
3969	EHMT1	Y1192C	Missense	0.3779247503222882
3970	EHMT1	C1203R	Missense	0.4405591517358875
3971	EHMT1	H1202R	Missense	0.1526844027520303
3972	EHMT1		No Mutation	-0.350257852
3973	EHMT1	L1207P	Missense	-0.409759771
3974	EHMT1	V1210A	Missense	-0.276523801
3975	EHMT1	V1210A	Missense	0.099680054
3976	EHMT1		No Mutation	0.7198397662793365
3977	EHMT1	V1212A;F1213L	Missense;Missense	-1.193720898
3978	EHMT1	M1214T	Missense	0.4509264814306949
3979	EHMT1	M1214T	Missense	0.5410298589476679
3980	EHMT1		No Mutation	-0.723646568
3981	EHMT1		No Mutation	0.278958423097227
3982	EHMT1	Q1217R;D1218G	Missense;Missense	-0.893504405
3983	EHMT1	F1221P	Missense	-1.304221046
3984	EHMT1	F1221P	Missense	-0.412066894
3985	EHMT1		No Mutation	0.9197290327531492
3986	EHMT1	I1224T	Missense	-0.262039201
3987	EHMT1	F1227P	Missense	-0.733300506
3988	EHMT1	F1227P	Missense	-0.888941905
3989	EHMT1	F1227S	Missense	0.1248610847169988
3990	EHMT1		No Mutation	-0.023181208
3991	EHMT1	L1231P	Missense	0.4602854199281621
3992	EHMT1	S1228G;T1229A	Missense;Missense	0.7536454545135991
3993	EHMT1	T1229A	Missense	1.0602590949661603
3994	EHMT1		No Mutation	-0.465207745
3995	EHMT1		No Mutation	-0.163715553
3996	EHMT1		No Mutation	-0.164302083
3997	EHMT1	E1233G	Missense	-0.26126269
3998	EHMT1	E1233G	Missense	-0.465061828
3999	EHMT1	(NC)	Splice-donor	0.037483252
4000	EHMT1		No Mutation	-0.494257239
4001	EHMT1	(NC)	Intron	-0.472901405
4002	EHMT1		No Mutation	-0.021986185
4003	EHMT1	(NC)	Intron	-0.774729968
4004	EHMT1		No Mutation	0.393719103147287
4005	EHMT1	Y1242H	Missense	1.137518073081759
4006	EHMT1	Y1242H	Missense	-0.46785638
4007	EHMT1	Y1242Y	Silent	-0.056752521
4008	EHMT1		No Mutation	0.7538526787522374
4009	EHMT1		No Mutation	-0.258389702
4010	EHMT1	D1241G;Y1242C	Missense;Missense	-0.015646495
4011	EHMT1	Y1242C	Missense	-0.223943229
4012	EHMT1		No Mutation	-0.063764118
4013	EHMT1		No Mutation	1.2115949972515552
4014	EHMT1		No Mutation	-0.135174272
4015	EHMT1	C1263R	Missense	-0.08824044
4016	EHMT1	S1266P	Missense	-0.126486683
4017	EHMT1		No Mutation	-0.580863385
4018	EHMT1	S1266P	Missense	0.0253374146515195
4019	EHMT1	S1266P	Missense	-0.329929785
4020	EHMT1		No Mutation	-0.3351148
4021	EHMT1	H1265R	Missense	0.0108094377471125
4022	EHMT1		No Mutation	1.149801503893998
4023	EHMT1		No Mutation	0.1295696796337679
4024	EHMT1		No Mutation	0.3459642318771266
4025	EHMT1	Q1272R	Missense	-0.669118073
4026	EHMT1		No Mutation	-0.578765518
4027	EHMT1		No Mutation	-0.013585189
4028	EHMT1	Q1274R	Missense	-0.191066167
4029	EHMT1		No Mutation	0.3447587038542503
4030	EHMT1	S1276G	Missense	0.2959488579560017
4031	EHMT1		No Mutation	-0.598314945
4032	EHMT1		No Mutation	-0.329517843
4033	EHMT1		No Mutation	-0.670127097
4034	EHMT1	Q1279R;E1280G	Missense;Missense	0.1130626314081217
4035	EHMT1		No Mutation	1.119604765894921
4036	EHMT1		No Mutation	-0.308605022
4037	EHMT1	L1286S	Missense	0.5242461635670609
4038	EHMT1		No Mutation	-0.082391223
4039	EHMT1		No Mutation	-0.347006558
4040	EHMT1		No Mutation	-0.18318853
4041	EHMT1	A1293A	Silent	0.4330102306828727
4042	EHMT1		No Mutation	-0.784998232
4043	EHMT1		No Mutation	0.3291463202907008
4044	EHMT2		No Mutation	0.5590742068484431
4045	EHMT2		No Mutation	-0.057187238
4046	EHMT2		No Mutation	-0.502860126
4047	EHMT2	*1268R	Missense	-0.089313009
4048	EHMT2		No Mutation	0.4929189560631452
4049	EHMT2	*1268R	Missense	0.1376389344316441
4050	EHMT2		No Mutation	-1.040895207
4051	EHMT2	L1262P	Missense	-1.050394191
4052	EHMT2	L1262P	Missense	-0.48674661
4053	EHMT2	L1259P	Missense	0.1939037999859856
4054	EHMT2		No Mutation	-0.104211566
4055	EHMT2	E1254G	Missense	-0.84577333
4056	EHMT2	L1256P	Missense	-0.645529574
4057	EHMT2	L1256P	Missense	-0.214646951
4058	EHMT2	P1253P	Silent	0.3614247434966774
4059	EHMT2	P1253P	Silent	-0.405494606
4060	EHMT2	P1253P	Silent	0.6115011042390841
4061	EHMT2		No Mutation	0.75954693
4062	EHMT2	S1244G	Missense	0.7914212552013543
4063	EHMT2	R1245R;L1246P	Silent;Missense	0.0385213796242975
4064	EHMT2	R1245R;L1246P	Silent;Missense	0.2650823499798778
4065	EHMT2		No Mutation	1.2962436466950975
4066	EHMT2		No Mutation	-0.104174906
4067	EHMT2	L1241P	Missense	0.2403237860768891
4068	EHMT2	S1235S	Silent	-0.007796437
4069	EHMT2	C1232R	Missense	-1.937040043
4070	EHMT2	S1229S	Silent	0.140815934
4071	EHMT2	Y1222C	Missense	1.1356579101796116
4072	EHMT2	Y1211C	Missense	-0.749524828
4073	EHMT2	D1210G;Y1211C	Missense;Missense	-1.132639667
4074	EHMT2	Y1211H	Missense	-0.477600263
4075	EHMT2	(NC)	Intron	0.5755823581841607
4076	EHMT2	F1209L	Missense	2.1282908716007576
4077	EHMT2	(NC)	Intron	-0.166311656
4078	EHMT2	(NC)	Intron	0.935896320405554
4079	EHMT2	(NC);(NC)	Intron;Intron	-0.195035131
4080	EHMT2	L1207L	Silent	0.1736924211015508
4081	EHMT2	L1207L	Silent	-0.883902876
4082	EHMT2	E1206G;L1207L	Missense;Silent	-0.077944517
4083	EHMT2	L1207P	Missense	-1.248086508
4084	EHMT2	T1203A	Missense	0.7488691435437977
4085	EHMT2	T1203A	Missense	-0.740784025
4086	EHMT2	T1203T	Silent	0.040728558
4087	EHMT2	T1203T	Silent	0.1001772077085949
4088	EHMT2	R1199R;D1200G;I1201V	Silent;Missense;Missense	-0.508865767
4089	EHMT2	R1199R	Silent	0.00492262
4090	EHMT2	R1199R	Silent	0.0104466856118354
4091	EHMT2		No Mutation	-0.215445274
4092	EHMT2	S1197G	Missense	0.6955722645098069
4093	EHMT2		No Mutation	0.1069307685157243
4094	EHMT2	F1196P	Missense	0.07677901
4095	EHMT2	I1193T	Missense	-0.529018289
4096	EHMT2	F1190F	Silent	-0.373501581
4097	EHMT2		No Mutation	1.523204476194771
4098	EHMT2	M1183T;L1184P	Missense;Missense	-0.393061583
4099	EHMT2	M1183T;L1184P	Missense;Missense	-0.908309802
4100	EHMT2	V1179A	Missense	-0.141475153
4101	EHMT2	V1179A	Missense	-0.638770731
4102	EHMT2	V1179A	Missense	-0.58095023
4103	EHMT2	N1175G;I1176V	Missense;Missense	-1.085377315
4104	EHMT2	N1175G	Missense	-0.116423555
4105	EHMT2	I1176T	Missense	-0.7209632
4106	EHMT2		No Mutation	-0.518992776
4107	EHMT2	L1171P;C1172R	Missense;Missense	-1.298208259
4108	EHMT2	I1164T	Missense	0.4810964829792308
4109	EHMT2	I1164T	Missense	1.5528979450127105
4110	EHMT2	I1156V;D1157G	Missense;Missense	-2.102816972
4111	EHMT2	Y1154H;C1155R	Missense;Missense	-1.274110683
4112	EHMT2	V1153A;Y1154H	Missense;Missense	-1.523275668
4113	EHMT2	V1153A;Y1154H	Missense;Missense	-0.520737041
4114	EHMT2		No Mutation	-0.115985515
4115	EHMT2		No Mutation	-0.676612546
4116	EHMT2		No Mutation	-0.001043404
4117	EHMT2	D1150D	Silent	-0.585996338
4118	EHMT2		No Mutation	0.7845719231337941
4119	EHMT2	D1150D	Silent	1.2324703607640854
4120	EHMT2	(NC)	Intron	0.4579013832254655
4121	EHMT2	(NC)	Intron	-0.605139472
4122	EHMT2	L1146L;D1147G	Silent;Missense	0.3188197200045504
4123	EHMT2		No Mutation	0.7118584461699969
4124	EHMT2		No Mutation	0.2585388995099673
4125	EHMT2	E1133G	Missense	-0.341746478
4126	EHMT2	I1129V	Missense	0.1247354118306359
4127	EHMT2		No Mutation	-0.478730242
4128	EHMT2		No Mutation	0.1410079709215984
4129	EHMT2	Y1124Y;V1125A	Silent;Missense	0.3782249413315926
4130	EHMT2		No Mutation	-0.089442097
4131	EHMT2		No Mutation	-0.35228768
4132	EHMT2		No Mutation	0.9424335568255828
4133	EHMT2		No Mutation	0.7140501494064899
4134	EHMT2	(NC);(NC)	Intron;Intron	0.3020485797505519
4135	EHMT2		No Mutation	-0.141365222
4136	EHMT2	(NC)	Intron	0.1430916273624535
4137	EHMT2	I1121V	Missense	0.1394706283230679
4138	EHMT2	I1121T;C1122R	Missense;Missense	-1.174250055
4139	EHMT2	I1121T;C1122R	Missense;Missense	-0.730928072
4140	EHMT2	F1120P	Missense	-0.312576425
4141	EHMT2		No Mutation	-0.016140961
4142	EHMT2		No Mutation	-0.482157907
4143	EHMT2	Q1113R	Missense	-0.20107902
4144	EHMT2	Q1113R	Missense	-0.292969385
4145	EHMT2		No Mutation	-0.025207818
4146	EHMT2	I1115T	Missense	-0.533418154
4147	EHMT2	V1109A	Missense	0.8660299737494289
4148	EHMT2	T1102T;K1104E	Silent;Missense	-0.257521438
4149	EHMT2	W1107R	Missense	-0.101624401
4150	EHMT2	T1102T	Silent	-0.08619962
4151	EHMT2	T1102A	Missense	-0.138241749
4152	EHMT2	R1101R;T1102A	Silent;Missense	0.753273416
4153	EHMT2	R1101R;T1102A	Silent;Missense	-0.173388204
4154	EHMT2	Y1100C	Missense	0.2506431510405617
4155	EHMT2	Y1100C	Missense	0.039528921
4156	EHMT2	L1099P	Missense	-0.606705949
4157	EHMT2	L1099P	Missense	0.2502126410634517
4158	EHMT2		No Mutation	-0.534838786
4159	EHMT2	L1097P	Missense	0.1153225616597382
4160	EHMT2	L1097P	Missense	-0.55280645
4161	EHMT2		No Mutation	1.064996904057364
4162	EHMT2	(NC)	Intron	-0.661596106
4163	EHMT2	(NC)	Intron	0.2711196914663331
4164	EHMT2	Q1090R;S1091G	Missense;Missense	0.6217139295107019
4165	EHMT2	S1091S	Silent	0.4168561529243297
4166	EHMT2	N1086G	Missense	-0.55476306
4167	EHMT2	R1082G;N1083D	Missense;Missense	0.3156997285057085
4168	EHMT2	R1082G	Missense	0.4559618464199266
4169	EHMT2	W1081R	Missense	-0.389135728
4170	EHMT2	N1075S;Q1076R	Missense;Missense	-0.352593374
4171	EHMT2	C1074R	Missense	0.2374961187090489
4172	EHMT2	C1074R	Missense	-0.314515658
4173	EHMT2	I1066T	Missense	-0.821433979
4174	EHMT2	L1059S;L1060P	Missense;Missense	-0.776172223
4175	EHMT2	L1059P;L1060P	Missense;Missense	-1.241326072
4176	EHMT2	D1056G	Missense	0.4033150063754203
4177	EHMT2		No Mutation	-0.109301399
4178	EHMT2	D1056D	Silent	0.5053251730380753
4179	EHMT2	D1056D	Silent	-1.273117252
4180	EHMT2	D1056D	Silent	0.003062432
4181	EHMT2	(NC)	Intron	0.1775320955369868
4182	EHMT2		No Mutation	0.1888333242528642
4183	EHMT2		No Mutation	-0.259679735
4184	EHMT2		No Mutation	-0.821849133
4185	EHMT2		No Mutation	0.3958294221626878
4186	EHMT2		No Mutation	-0.36581654
4187	EHMT2		No Mutation	-0.291083125
4188	EHMT2		No Mutation	-0.045965751
4189	EHMT2	C1051R;W1052R	Missense;Missense	0.830602437
4190	EHMT2	Q1046R	Missense	-0.698900881
4191	EHMT2		No Mutation	-0.09343327
4192	EHMT2		No Mutation	-0.260895643
4193	EHMT2		No Mutation	-1.149130606
4194	EHMT2	S1039G	Missense	0.3479363892816894
4195	EHMT2	C1033C;V1034A	Silent;Missense	-0.321438488
4196	EHMT2	C1033C;V1034A	Silent;Missense	0.907280623521426
4197	EHMT2	C1033R;V1034A	Missense;Missense	-0.579507433
4198	EHMT2	(NC)	Splice-acceptor	-1.214123854
4199	EHMT2		No Mutation	0.1575940920074248
4200	EHMT2	C1031R	Missense	-0.455925662
4201	EHMT2		No Mutation	1.134252732750041
4202	EHMT2	(NC)	Intron	-0.998517663
4203	EHMT2		No Mutation	-0.004414187
4204	EHMT2	Q1029R	Missense	0.3177032039914098
4205	EHMT2	Q1029R	Missense	-0.965680225
4206	EHMT2	(NC)	Intron	-0.192868321
4207	EHMT2	(NC)	Intron	0.7663119805714711
4208	EHMT2	H1027R	Missense	-0.512012844
4209	EHMT2	H1027R	Missense	-0.53198023
4210	EHMT2	H1027R	Missense	-0.650483679
4211	EHMT2	H1027R	Missense	0.0294125437095436
4212	EHMT2	N1024G;I1025V	Missense;Missense	-1.243668053
4213	EHMT2		No Mutation	-0.196896941
4214	EHMT2	D1022D	Silent	1.049450860070149
4215	EHMT2	Y1009H;I1010T	Missense;Missense	0.093687153
4216	EHMT2	Y1009H	Missense	0.2056614819035207
4217	EHMT2		No Mutation	0.1794805000731623
4218	EHMT2	Y1007H	Missense	-0.24038404
4219	EHMT2		No Mutation	0.062778934
4220	EHMT2	V998A;D999D	Missense;Silent	-1.017444863
4221	EHMT2	V998A	Missense	-0.209914608
4222	EHMT2	N996D	Missense	0.9533210318615298
4223	EHMT2		No Mutation	-0.311810266
4224	EHMT2		No Mutation	-0.523085621
4225	EHMT2	G997G	Silent	0.7234010823671376
4226	EHMT2		No Mutation	0.3925038674262432
4227	EHMT2		No Mutation	0.008837274
4228	EHMT2	I992V	Missense	-0.083642069
4229	EHMT2	(NC)	Splice-acceptor	-0.516980285
4230	EHMT2	(NC)	Splice-acceptor	0.3471510123513071
4231	EHMT2		No Mutation	0.9155468447088022
4232	EHMT2	V983A	Missense	0.2594641664259698
4233	EHMT2	V983A	Missense	-0.183068315
4234	EHMT2		No Mutation	0.062576069
4235	EHMT2	(NC)	Intron	0.5537848257368863
4236	EHMT2	(NC);(NC)	Intron;Intron	0.9670019969806544
4237	EHMT2	(NC);(NC);(NC)	Intron;Intron;Intron	-0.435867833
4238	EHMT2		No Mutation	-0.606197811
4239	EHMT2		No Mutation	0.5688868130107839
4240	EHMT2	(NC)	Intron	-0.366999635
4241	EHMT2	I979V	Missense	-0.847450361
4242	EHMT2	I979V	Missense	-0.200306896
4243	EHMT2	I979T;C980R	Missense;Missense	0.3476080034537674
4244	EHMT2	T975T;E976G	Silent;Missense	0.3086284542405093
4245	EHMT2	I978T	Missense	-0.244005561
4246	EHMT2	N970N	Silent	-0.488316647
4247	EHMT2	R965R	Silent	-0.978223383
4248	EHMT2	R965R	Silent	0.5610096671907242
4249	EHMT2	L966L	Silent	-0.324106402
4250	EHMT2	K963G	Missense	0.5829775184441316
4251	EHMT2	K963G	Missense	-0.680751639
4252	EHMT2	K963E	Missense	-0.545751991
4253	EHMT2	N961S	Missense	0.7929433174131948
4254	EHMT2	N961G	Missense	-1.313116756
4255	EHMT2	L958P	Missense	0.3278059974067028
4256	EHMT2	V954A;W955R	Missense;Missense	-0.240717921
4257	EHMT2	V954A;W955R	Missense;Missense	-0.091787669
4258	EHMT2	E950G	Missense	0.1597192441419425
4259	EHMT2	S952P	Missense	-1.144454962
4260	EHMT2	K939K;E940G	Silent;Missense	0.0199519061961216
4261	EHMT2	K939R;E940G	Missense;Missense	0.1388944096879986
4262	EHMT2		No Mutation	-0.737790249
4263	EHMT2		No Mutation	0.8288112401743318
4264	EHMT2		No Mutation	0.7391123847229297
4265	EHMT2	E935G	Missense	-0.512577924
4266	EHMT2	E935G	Missense	-0.19260441
4267	EHMT2	E935G	Missense	0.6585383079275668
4268	EHMT2		No Mutation	0.7641900843384357
4269	EHMT2		No Mutation	-0.233037324
4270	EHMT2		No Mutation	-0.625812308
4271	EHMT2	L926L	Silent	-0.359468853
4272	EHMT2	L926L	Silent	-0.277901946
4273	EHMT2	(NC)	Splice-acceptor	-0.244235414
4274	EHMT2	L928P;S929P	Missense;Missense	-0.427345514
4275	EHMT2	F927S;L928P	Missense;Missense	-0.558648821
4276	EHMT2	F927P;L928P	Missense;Missense	-0.857433965
4277	EHMT2	L926P	Missense	-0.403760337
4278	EHMT2	(NC)	Intron	0.4872388490302783
4279	EHMT2	(NC)	Splice-donor	-1.517281563
4280	EHMT2	A916A	Silent	-0.147942108
4281	EHMT2	A916A	Silent	1.5805648893356368
4282	EHMT2	A916A	Silent	-0.253737682
4283	EHMT2	A916A	Silent	0.1502811296240571
4284	EHMT2		No Mutation	0.3397500329015748
4285	EHMT2		No Mutation	-0.630207229
4286	EHMT2	L912P	Missense	-0.549800736
4287	EHMT2	H907H	Silent	-1.515723499
4288	EHMT2		No Mutation	1.2725144508044235
4289	EHMT2	Y906H	Missense	-0.292614175
4290	EHMT2	H902R	Missense	0.3517886464935316
4291	EHMT2	H902R	Missense	-0.918953603
4292	EHMT2	C899R	Missense	-0.315366685
4293	EHMT2	N896N	Silent	0.063055261
4294	EHMT2	L894P;L895P	Missense;Missense	0.3742868664784492
4295	EHMT2	V893A;L894P	Missense;Missense	-0.638988309
4296	EHMT2		No Mutation	0.8007608009552716
4297	EHMT2		No Mutation	-0.259144178
4298	EHMT2	F884P	Missense	0.084248763
4299	EHMT2	H880R	Missense	-0.730001776
4300	EHMT2	H880R	Missense	-1.093252745
4301	EHMT2	N876G;I877V	Missense;Missense	0.3190711734635914
4302	EHMT2	E875G;N876G	Missense;Missense	-0.075820222
4303	EHMT2	I877T;C878R	Missense;Missense	-0.828970992
4304	EHMT2	I877T	Missense	-0.033420558
4305	EHMT2		No Mutation	-0.467836221
4306	EHMT2		No Mutation	0.8246340668832706
4307	EHMT2		No Mutation	0.4207301912728344
4308	EHMT2		No Mutation	0.1361936628079243
4309	EHMT2		No Mutation	-0.231374133
4310	EHMT2	(NC)	Intron	1.3583359501403311
4311	EHMT2	(NC)	Intron	0.5047966046383959
4312	EHMT2	N873G	Missense	-1.043435791
4313	EHMT2	(NC)	Intron	-0.264055039
4314	EHMT2	(NC);(NC)	Splice-donor;Intron	-0.957366756
4315	EHMT2	T871T	Silent	0.4180484462183894
4316	EHMT2		No Mutation	1.7032690373452064
4317	EHMT2	M860V	Missense	0.3506455181159242
4318	EHMT2	M860V	Missense	0.082287998
4319	EHMT2		No Mutation	0.1272284520510257
4320	EHMT2	A850A;E851G	Silent;Missense	-0.857117595
4321	EHMT2		No Mutation	-0.782446373
4322	EHMT2		No Mutation	-0.152454757
4323	EHMT2	T844A	Missense	-0.585401057
4324	EHMT2		No Mutation	0.31710194
4325	EHMT2	W843R	Missense	-0.567816626
4326	EHMT2	W843R	Missense	0.2168394091491665
4327	EHMT2	S840S	Silent	-0.111491514
4328	EHMT2	(NC);(NC)	Intron;Splice-acceptor	-0.643475725
4329	EHMT2	S840S	Silent	-1.378998892
4330	EHMT2	(NC);(NC)	Intron;Intron	-0.956671521
4331	EHMT2	(NC)	Intron	0.021048413
4332	EHMT2		No Mutation	0.8099734019944843
4333	EHMT2	(NC)	Intron	-0.365157511
4334	EHMT2		No Mutation	1.786504996497727
4335	EHMT2	(NC)	Intron	-0.197302766
4336	EHMT2	(NC)	Intron	0.785146085
4337	EHMT2		No Mutation	-0.31024037
4338	EHMT2		No Mutation	-0.52949392
4339	EHMT2	(NC)	Intron	-0.714432885
4340	EHMT2		No Mutation	0.4070257215383239
4341	EHMT2		No Mutation	-0.869986777
4342	EHMT2	N836G	Missense	-0.247082089
4343	EHMT2		No Mutation	0.6725423398232976
4344	EHMT2	S829G	Missense	0.8981598248848913
4345	EHMT2		No Mutation	-0.609693598
4346	EHMT2		No Mutation	0.4912764836967306
4347	EHMT2	S825G	Missense	-0.250717098
4348	EHMT2	L821S	Missense	1.0750699377199366
4349	EHMT2	K817K;I818V	Silent;Missense	0.3507474988883277
4350	EHMT2	A815A;K817E	Silent;Missense	-0.020891724
4351	EHMT2	H813R;H814R	Missense;Missense	-1.041745496
4352	EHMT2	H813R;H814R	Missense;Missense	0.050312691
4353	EHMT2		No Mutation	0.4797279374806937
4354	EHMT2		No Mutation	-0.676689912
4355	EHMT2	G808G;S809P	Silent;Missense	-0.810102354
4356	EHMT2	G808G;S809P	Silent;Missense	1.086141708033093
4357	EHMT2		No Mutation	-0.007899035
4358	EHMT2		No Mutation	0.099910427
4359	EHMT2		No Mutation	0.5839813438711057
4360	EHMT2		No Mutation	-0.611450633
4361	EHMT2		No Mutation	-0.031025852
4362	EHMT2		No Mutation	-0.08071158
4363	EHMT2	(NC)	Intron	0.1888476489552143
4364	EHMT2		No Mutation	0.3707859095005459
4365	EHMT2		No Mutation	0.2455134365994689
4366	EHMT2	S803G;K804E	Missense;Missense	0.2462001644081373
4367	EHMT2		No Mutation	-0.265116911
4368	EHMT2	R797R	Silent	-1.175830363
4369	EHMT2	R797R	Silent	-0.272469102
4370	EHMT2	Y793C;M794V	Missense;Missense	0.5300531881424302
4371	EHMT2	Y793C	Missense	0.4213954315288305
4372	EHMT2	R792R;Y793H	Silent;Missense	0.6072516733629284
4373	EHMT2	E789G	Missense	-0.423108288
4374	EHMT2	R792R;Y793H	Silent;Missense	0.8036208840784507
4375	EHMT2	L788P	Missense	-0.980940081
4376	EHMT2	N785D	Missense	-0.060119368
4377	EHMT2		No Mutation	-0.346905662
4378	EHMT2	V783A;V784A	Missense;Missense	-0.124235411
4379	EHMT2	P778P	Silent	-0.036235869
4380	EHMT2	T777A	Missense	0.099764931
4381	EHMT2	Q775R	Missense	0.6868759125851184
4382	EHMT2	A770A	Silent	-0.664325933
4383	EHMT2	V771A	Missense	-0.735375094
4384	EHMT2	G765G;N767D	Silent;Missense	-0.232713974
4385	EHMT2		No Mutation	0.1393515371425777
4386	EHMT2		No Mutation	0.136511996
4387	EHMT2		No Mutation	0.0268911212984528
4388	EHMT2		No Mutation	-0.37941922
4389	EHMT2	A764A	Silent	0.2997116358137193
4390	EHMT2		No Mutation	-0.184012118
4391	EHMT2		No Mutation	0.539584097
4392	EHMT2		No Mutation	0.9317422904077646
4393	EHMT2	(NC)	Intron	-0.137868557
4394	EHMT2		No Mutation	0.1994708816794338
4395	EHMT2	Q763R	Missense	-0.283433932
4396	EHMT2		No Mutation	0.049413521
4397	EHMT2		No Mutation	-0.65478735
4398	EHMT2	(NC)	Splice-donor	-0.857094532
4399	EHMT2		No Mutation	1.4769715234779754
4400	EHMT2	H759H;V760A	Silent;Missense	0.2721549103252884
4401	EHMT2		No Mutation	1.3227577181484322
4402	EHMT2	V755A	Missense	-0.523380957
4403	EHMT2	V755A	Missense	0.034624146928824
4404	EHMT2		No Mutation	0.0274890232298676
4405	EHMT2		No Mutation	-0.802703966
4406	EHMT2		No Mutation	-0.366707308
4407	EHMT2	H747R	Missense	-0.828644619
4408	EHMT2		No Mutation	-0.537816894
4409	EHMT2	H747R	Missense	-0.68092296
4410	EHMT2		No Mutation	0.6031072966323794
4411	EHMT2		No Mutation	-0.951010653
4412	EHMT2		No Mutation	-0.0203227
4413	EHMT2		No Mutation	0.2165924630367659
4414	EHMT2		No Mutation	-0.265181413
4415	EHMT2		No Mutation	-0.41823125
4416	EHMT2	L731P	Missense	-0.09504377
4417	EHMT2	L731P	Missense	-0.011835307
4418	EHMT2	L731P	Missense	0.215904410712028
4419	EHMT2		No Mutation	0.2117921018652947
4420	EHMT2	(NC)	Intron	0.064244666
4421	EHMT2	(NC);(NC)	Intron;Intron	-0.72327366
4422	EHMT2	(NC)	Intron	-2.065596396
4423	EHMT2	Q717R	Missense	-0.241620347
4424	EHMT2	L720P	Missense	-0.457434345
4425	EHMT2		No Mutation	0.347930757
4426	EHMT2	Y712C	Missense	-0.343339832
4427	EHMT2	Y712C	Missense	1.2015324098093094
4428	EHMT2	L713P;S714P	Missense;Missense	0.928836079
4429	EHMT2	L713P;S714P	Missense;Missense	-0.917381584
4430	EHMT2	Y712H	Missense	0.6403495227625661
4431	EHMT2	L711L	Silent	0.1268041099720454
4432	EHMT2	K703R	Missense	-1.324697241
4433	EHMT2		No Mutation	-0.124445979
4434	EHMT2		No Mutation	-0.459202215
4435	EHMT2		No Mutation	-0.266874291
4436	EHMT2		No Mutation	-0.252541102
4437	EHMT2		No Mutation	-0.244751755
4438	EHMT2	(NC);(NC)	Intron;Intron	-0.086907036
4439	EHMT2	(NC);(NC)	Intron;Intron	-0.497129342
4440	EHMT2		No Mutation	0.606164589
4441	EHMT2	(NC);(NC)	Intron;Intron	-0.012499505
4442	EHMT2	(NC)	Intron	-0.367633006
4443	EHMT2	(NC)	Splice-donor	0.8166752478620722
4444	EHMT2	E697G;S698S	Missense;Silent	-0.040715891
4445	EHMT2	E697G	Missense	0.5782312723772796
4446	EHMT2	E697G	Missense	0.8422912275257983
4447	EHMT2	I695V	Missense	-0.167372953
4448	EHMT2	S698P	Missense	-0.031262467
4449	EHMT2	E690E;K691G	Silent;Missense	0.901114818
4450	EHMT2		No Mutation	-0.684112714
4451	EHMT2		No Mutation	-0.264788916
4452	EHMT2	P684P	Silent	-0.866870514
4453	EHMT2		No Mutation	0.2366218243120559
4454	EHMT2	P681P	Silent	-0.789101322
4455	EHMT2	P681P	Silent	-0.325877113
4456	EHMT2	P681P	Silent	0.7103906219750175
4457	EHMT2	L682P	Missense	0.0449120352515706
4458	EHMT2		No Mutation	0.8069452372264211
4459	EHMT2		No Mutation	0.1846778592780584
4460	EHMT2		No Mutation	-0.19718711
4461	EHMT2	S676S	Silent	-0.138454199
4462	EHMT2	L680P	Missense	-0.393378271
4463	EHMT2		No Mutation	-0.390092998
4464	EHMT2		No Mutation	0.080341484
4465	EHMT2		No Mutation	-0.282271946
4466	EHMT2	L675P;S676P	Missense;Missense	-1.049198324
4467	EHMT2	L675P;S676P	Missense;Missense	0.718608396
4468	EHMT2	C674R	Missense	-0.029187077
4469	EHMT2	C674R	Missense	-0.249587145
4470	EHMT2	N671N	Silent	0.3404220297619124
4471	EHMT2	N671N	Silent	-0.497565413
4472	EHMT2	N671N	Silent	-0.513161321
4473	EHMT2	T668A	Missense	-0.905182318
4474	EHMT2		No Mutation	0.2154555731748793
4475	EHMT2	T668A	Missense	-0.328431715
4476	EHMT2		No Mutation	0.2066006980519932
4477	EHMT2		No Mutation	0.4373558186420288
4478	EHMT2		No Mutation	-0.054497909
4479	EHMT2	D658G;T659A	Missense;Missense	0.8759609960508523
4480	EHMT2	D658G;T659A	Missense;Missense	0.7557568952542534
4481	EHMT2	I660I	Silent	-0.387586547
4482	EHMT2	I660T	Missense	0.6612123329557369
4483	EHMT2	I660T	Missense	0.8251604036574971
4484	EHMT2	A657A	Silent	0.2785001335042523
4485	EHMT2	A657A	Silent	0.2734627216115087
4486	EHMT2	L656P	Missense	0.010601592
4487	EHMT2	L656P	Missense	-0.318974343
4488	EHMT2		No Mutation	0.9883103882668756
4489	EHMT2	D654D	Silent	-0.402970532
4490	EHMT2	D654D	Silent	-0.195303857
4491	EHMT2	C653R	Missense	-0.455921165
4492	EHMT2	R643R	Silent	-0.380811647
4493	EHMT2	H645H	Silent	-0.457150813
4494	EHMT2	H645H	Silent	0.1628616191403823
4495	EHMT2	M642V	Missense	-0.219528606
4496	EHMT2		No Mutation	-0.039529495
4497	EHMT2		No Mutation	-0.077755642
4498	EHMT2		No Mutation	-0.723607805
4499	EHMT2	(NC);(NC)	Intron;Splice-acceptor	0.4011467057155202
4500	EHMT2	(NC);(NC)	Intron;Splice-acceptor	0.1103352991931848
4501	EHMT2		No Mutation	-0.31010396
4502	EHMT2		No Mutation	-0.761543318
4503	EHMT2	(NC)	Intron	-1.470759458
4504	EHMT2		No Mutation	0.6203751111696342
4505	EHMT2		No Mutation	-0.44609347
4506	EHMT2	A633A;D634G	Silent;Missense	0.7894186380922814
4507	EHMT2	T635T;S636P	Silent;Missense	-0.034070853
4508	EHMT2	T635T;S636P	Silent;Missense	0.1524736115345426
4509	EHMT2	T635T;S636P	Silent;Missense	0.738727004
4510	EHMT2		No Mutation	0.4683771117072953
4511	EHMT2		No Mutation	-0.018700784
4512	EHMT2		No Mutation	-0.037475672
4513	EHMT2	V629A	Missense	-0.22625765
4514	EHMT2	V629A	Missense	-0.33301547
4515	EHMT2		No Mutation	-0.42475877
4516	EHMT2		No Mutation	0.064704827
4517	EHMT2	D628D;V629A	Silent;Missense	-0.726542847
4518	EHMT2	D628D	Silent	0.4170347143365702
4519	EHMT2	D628D	Silent	0.3736497778272076
4520	EHMT2		No Mutation	0.1465359179480476
4521	EHMT2	L625P;S626P	Missense;Missense	-0.835909185
4522	EHMT2	A621A	Silent	-0.381268635
4523	EHMT2	P620P	Silent	1.1194480491133514
4524	EHMT2	A619A	Silent	-0.991837638
4525	EHMT2		No Mutation	-0.321556702
4526	EHMT2	T617T	Silent	-0.595729024
4527	EHMT2	T617T	Silent	0.018254637
4528	EHMT2		No Mutation	1.2456294289051102
4529	EHMT2	D609G	Missense	-0.146203241
4530	EHMT2		No Mutation	0.1008725648769327
4531	EHMT2	V611A	Missense	-1.085269625
4532	EHMT2	V611A	Missense	0.3328395590532462
4533	EHMT2	V611A	Missense	-0.929512782
4534	EHMT2		No Mutation	-0.802142423
4535	EHMT2	I605V	Missense	-0.081001692
4536	EHMT2	I605V	Missense	-0.754478041
4537	EHMT2	T604A;I605V	Missense;Missense	0.2306392273983812
4538	EHMT2	E602G	Missense	0.27109979
4539	EHMT2	Q601Q;E602G	Silent;Missense	0.6765998126919687
4540	EHMT2	Q601R;E602G	Missense;Missense	0.559289213
4541	EHMT2		No Mutation	-0.026554853
4542	EHMT2	D596D;A597A;S598P	Silent;Silent;Missense	-0.641706605
4543	EHMT2	D596D;A597A	Silent;Silent	-0.28190002
4544	EHMT2	D596D	Silent	-0.04543665
4545	EHMT2		No Mutation	-0.654077231
4546	EHMT2		No Mutation	0.073142916
4547	EHMT2		No Mutation	-0.330227752
4548	EHMT2		No Mutation	0.1638259326117963
4549	EHMT2		No Mutation	0.1438430131137485
4550	EHMT2	L584P;N585N	Missense;Silent	1.9451066838193327
4551	EHMT2		No Mutation	0.7229463232287607
4552	EHMT2		No Mutation	-0.598753425
4553	EHMT2	S582P	Missense	0.006686876
4554	EHMT2	C580R	Missense	-0.72134481
4555	EHMT2	C580R	Missense	-0.604033963
4556	EHMT2		No Mutation	-0.457698426
4557	EHMT2		No Mutation	0.3748204779731049
4558	EHMT2	F576P	Missense	-1.441160422
4559	EHMT2		No Mutation	-0.444597383
4560	EHMT2		No Mutation	-1.568051504
4561	EHMT2	R571R;V572A	Silent;Missense	-0.262975092
4562	EHMT2	H567R	Missense	0.04414267
4563	EHMT2	P568P;F570L	Silent;Missense	1.5390530913503684
4564	EHMT2	P568P	Silent	0.3055249396709472
4565	EHMT2	C566R	Missense	0.3437368153518117
4566	EHMT2	L564P	Missense	0.072998177
4567	EHMT2	F563P	Missense	-0.605825775
4568	EHMT2	F563P	Missense	0.2106122154950092
4569	EHMT2		No Mutation	-0.040920682
4570	EHMT2	(NC)	Intron	0.7894276175273225
4571	EHMT2		No Mutation	-0.983423235
4572	EHMT2		No Mutation	-0.369974932
4573	EHMT2	(NC)	Intron	0.032969076
4574	EHMT2		No Mutation	-0.000498501
4575	EHMT2		No Mutation	0.002242637
4576	EHMT2		No Mutation	0.3509564689014528
4577	EHMT2		No Mutation	0.24025166
4578	EHMT2	F557P;C558R	Missense;Missense	-0.035309034
4579	EHMT2		No Mutation	-0.615610353
4580	EHMT2	F557P;C558R	Missense;Missense	-2.502016972
4581	EHMT2	C554R	Missense	-0.686218278
4582	EHMT2	H549R	Missense	0.4732233622831949
4583	EHMT2	K547G;H548R	Missense;Missense	0.088053963
4584	EHMT2	K547G	Missense	-0.15010902
4585	EHMT2	C550R	Missense	-1.155859421
4586	EHMT2		No Mutation	-0.007931182
4587	EHMT2		No Mutation	0.0373074830430653
4588	EHMT2	V546A	Missense	0.6945304963636382
4589	EHMT2	M545T;V546A	Missense;Missense	0.6895190203239898
4590	EHMT2	T540A	Missense	-0.475486989
4591	EHMT2	C538C	Silent	0.0295019745975139
4592	EHMT2	C538C	Silent	0.7972138445701109
4593	EHMT2	V536A	Missense	0.1098897073716504
4594	EHMT2	L534P;M535T	Missense;Missense	-0.264693943
4595	EHMT2	L534P	Missense	0.8725062121888798
4596	EHMT2	S530G	Missense	-0.077462092
4597	EHMT2	R531R	Silent	-0.029321331
4598	EHMT2	R527G	Missense	-0.49804088
4599	EHMT2	M526T	Missense	-0.502891859
4600	EHMT2	K522G	Missense	0.6546187591308804
4601	EHMT2		No Mutation	0.4416569750639042
4602	EHMT2		No Mutation	-0.746170408
4603	EHMT2		No Mutation	1.676048172857274
4604	EHMT2	N517S	Missense	0.4106641390043571
4605	EHMT2	L513P;S514P	Missense;Missense	-0.677379694
4606	EHMT2	(NC)	Intron	0.2988298722020004
4607	EHMT2		No Mutation	0.5768699579255672
4608	EHMT2		No Mutation	0.7181235757894593
4609	EHMT2		No Mutation	0.021137249
4610	EHMT2		No Mutation	-0.519871081
4611	EHMT2		No Mutation	-0.407315952
4612	EHMT2	E512G	Missense	0.051103102
4613	EHMT2	G511G	Silent	0.096285691
4614	EHMT2	D510G;G511G	Missense;Silent	-0.254713772
4615	EHMT2		No Mutation	-0.248339728
4616	EHMT2	S508G	Missense	1.318685535447672
4617	EHMT2	S508G	Missense	-0.025511142
4618	EHMT2		No Mutation	0.2086024392958554
4619	EHMT2	E507G;S508G	Missense;Missense	-0.262910236
4620	EHMT2	T506A	Missense	-0.850029259
4621	EHMT2	M504V	Missense	0.4879928012281529
4622	EHMT2		No Mutation	0.2271154742248067
4623	EHMT2		No Mutation	-0.711342841
4624	EHMT2	I495V	Missense	-0.43126748
4625	EHMT2	I495V	Missense	0.8363629558075859
4626	EHMT2	I495V	Missense	0.1513909056172044
4627	EHMT2	D493G	Missense	0.3318707873268718
4628	EHMT2	D493G	Missense	0.5804697523866859
4629	EHMT2	I495T	Missense	-0.103088155
4630	EHMT2	I495T	Missense	0.4815824366788921
4631	EHMT2		No Mutation	-1.080525709
4632	EHMT2	M487T	Missense	1.405221666042607
4633	EHMT2	M487T	Missense	-0.404569492
4634	EHMT2	M487T	Missense	-0.714756249
4635	EHMT2	S484G	Missense	0.5787631041434155
4636	EHMT2		No Mutation	-0.325355579
4637	EHMT2	T473A	Missense	0.1544170174641713
4638	EHMT2		No Mutation	-0.631654527
4639	EHMT2		No Mutation	0.208299832043748
4640	EHMT2	L471P	Missense	-0.163172589
4641	EHMT2	N466G	Missense	0.3348123496855373
4642	EHMT2	N466N	Silent	0.7584605985860757
4643	EHMT2	N466N	Silent	0.6675020946137235
4644	EHMT2	V464A;S465P	Missense;Missense	-0.507753488
4645	EHMT2		No Mutation	-1.170117756
4646	EHMT2	(NC)	Intron	0.6060308391651588
4647	EHMT2		No Mutation	-0.048280067
4648	EHMT2	(NC);(NC)	Intron;Intron	-1.415329229
4649	EHMT2	(NC)	Intron	-0.281640678
4650	EHMT2	(NC)	Intron	0.9031051520184342
4651	EHMT2	(NC);(NC)	Intron;Intron	0.3045021989901404
4652	EHMT2	(NC);(NC)	Intron;Intron	0.8094730011594741
4653	EHMT2	(NC);(NC);(NC)	Splice-donor;Intron;Intron	-1.175413805
4654	EHMT2	(NC);(NC)	Splice-donor;Intron	0.386691102
4655	EHMT2	A462A	Silent	0.0110914878576003
4656	EHMT2	A462A	Silent	0.6103439014926719
4657	EHMT2		No Mutation	-0.221273355
4658	EHMT2	L457P;S458P	Missense;Missense	-0.554810688
4659	EHMT2	L457P;S458P	Missense;Missense	-0.242510142
4660	EHMT2		No Mutation	1.1133568283971398
4661	EHMT2		No Mutation	-0.274237731
4662	EHMT2	E450G	Missense	0.2702083784835142
4663	EHMT2	E450G	Missense	0.4235273842491102
4664	EHMT2		No Mutation	-0.099471518
4665	EHMT2	L451P	Missense	-1.578501868
4666	EHMT2		No Mutation	0.3835444626478433
4667	EHMT2		No Mutation	0.2531073232804077
4668	EHMT2	Y441C;M442V	Missense;Missense	-0.628786966
4669	EHMT2	Y441C;M442V	Missense;Missense	0.5188299
4670	EHMT2	Y441C;M442V	Missense;Missense	-0.361438442
4671	EHMT2	V444A	Missense	0.951888794841198
4672	EHMT2	V444A	Missense	0.5891105626062552
4673	EHMT2		No Mutation	-0.137151211
4674	EHMT2	S439G	Missense	0.9137272794930256
4675	EHMT2	Y441H	Missense	0.1739013829136223
4676	EHMT2	S436S	Silent	-1.118692026
4677	EHMT2	N431G	Missense	-0.279230361
4678	EHMT2	(NC)	Splice-acceptor	0.192426674123828
4679	EHMT2	(NC)	Splice-acceptor	-0.160920786
4680	EHMT2		No Mutation	-0.315303642
4681	EHMT2		No Mutation	-0.201737823
4682	EHMT2	(NC)	Intron	0.5087554443397235
4683	EHMT2	(NC);(NC)	Intron;Intron	-0.192426467
4684	EHMT2	(NC)	Splice-donor	-0.191229793
4685	EHMT2	E426G	Missense	-0.34452995
4686	EHMT2	K425G	Missense	-0.154253554
4687	EHMT2		No Mutation	-0.165984488
4688	EHMT2		No Mutation	-0.731110143
4689	EHMT2		No Mutation	-0.220621424
4690	EHMT2	E420G	Missense	-0.125878541
4691	EHMT2	K418G	Missense	-0.079467666
4692	EHMT2	K418G	Missense	-0.177997725
4693	EHMT2		No Mutation	-0.354875753
4694	EHMT2	K415E	Missense	1.1768451350802456
4695	EHMT2	P408P	Silent	0.017851442
4696	EHMT2	R404R;K405E	Silent;Missense	-0.632571463
4697	EHMT2	R404R	Silent	0.1311500332622532
4698	EHMT2		No Mutation	0.4418572654783326
4699	EHMT2	K398G	Missense	0.1045957034109342
4700	EHMT2		No Mutation	-0.82588389
4701	EHMT2	S394G	Missense	0.044031305
4702	EHMT2	S394S	Silent	0.8379859255536651
4703	EHMT2	S394S	Silent	-0.423506877
4704	EHMT2	(NC);S391G	Splice-acceptor;Missense	-0.422526976
4705	EHMT2	S393P	Missense	-0.511426263
4706	EHMT2	G392G;S393P	Silent;Missense	-0.855258226
4707	EHMT2	G392G;S393P	Silent;Missense	0.6949598999817579
4708	EHMT2	(NC)	Splice-acceptor	-0.334341629
4709	EHMT2	G392G;S393P	Silent;Missense	0.005589591
4710	EHMT2	S391S	Silent	-1.318012287
4711	EHMT2		No Mutation	-0.877766007
4712	EHMT2		No Mutation	-0.158641345
4713	EHMT2	(NC)	Intron	0.1961187273579379
4714	EHMT2	S388S;D389G	Silent;Missense	-1.130668426
4715	EHMT2	S384S;N386D	Silent;Missense	0.2065430167286842
4716	EHMT2	S384S	Silent	0.4594139287050466
4717	EHMT2	E379G;E380G	Missense;Missense	-0.606346044
4718	EHMT2	E379G;E380G	Missense;Missense	0.9837105341598088
4719	EHMT2	E376E;E377G	Silent;Missense	-0.463715145
4720	EHMT2	E374G	Missense	-4.699165856
4721	EHMT2	E370G	Missense	-1.933423423
4722	EHMT2	E367E;E368G	Silent;Missense	-0.407216154
4723	EHMT2	E366E;E367G	Silent;Missense	-1.37764885
4724	EHMT2	E365E;E366G	Silent;Missense	-1.83927429
4725	EHMT2	E364G	Missense	-3.701425003
4726	EHMT2	E359G	Missense	-3.41538009
4727	EHMT2	E357E;E358G	Silent;Missense	-2.085752955
4728	EHMT2	L355L;S356G	Silent;Missense	-0.564339882
4729	EHMT2	Q354Q;L355L;S356G	Silent;Silent;Missense	0.1919452353351993
4730	EHMT2	E353E;Q354R	Silent;Missense	1.030868433023691
4731	EHMT2	E353G	Missense	0.7637682040512455
4732	EHMT2	A350A	Silent	-0.376161267
4733	EHMT2	A350A	Silent	-0.215166925
4734	EHMT2	V348A	Missense	-0.386166005
4735	EHMT2	K345G	Missense	2.106979275315602
4736	EHMT2		No Mutation	0.3063609617583858
4737	EHMT2		No Mutation	0.1377761981935198
4738	EHMT2		No Mutation	-0.652929905
4739	EHMT2		No Mutation	-0.38481991
4740	EHMT2	Y331C	Missense	0.1326393811338192
4741	EHMT2		No Mutation	0.4335930871197663
4742	EHMT2	W319R	Missense	0.3981383798893053
4743	EHMT2	W319R	Missense	0.2980210066953984
4744	EHMT2	W319R	Missense	0.104779741004863
4745	EHMT2		No Mutation	0.039310079
4746	EHMT2		No Mutation	0.300664396020963
4747	EHMT2	D312G	Missense	1.1712133572547785
4748	EHMT2	K310K	Silent	-0.033656164
4749	EHMT2		No Mutation	-0.304380377
4750	EHMT2		No Mutation	0.2664400695902211
4751	EHMT2	T309A	Missense	0.9730641816803578
4752	EHMT2	T309A	Missense	-0.396873021
4753	EHMT2	E305E;T307A	Silent;Missense	-0.042884541
4754	EHMT2	E305G	Missense	1.7747409667529028
4755	EHMT2	E305G	Missense	0.5157456401069525
4756	EHMT2	V306A	Missense	-0.154151037
4757	EHMT2	V306A	Missense	0.072267041
4758	EHMT2		No Mutation	-0.741253164
4759	EHMT2	E295G;E296G	Missense;Missense	1.0320754552132982
4760	EHMT2	(NC);(NC);(NC);(NC)	Intron;Intron;Intron;Intron	-0.327054169
4761	EHMT2		No Mutation	-0.559721659
4762	EHMT2		No Mutation	-0.47417422
4763	EHMT2	N288G	Missense	0.4106320505157417
4764	EHMT2	K286G	Missense	0.5863522843515961
4765	EHMT2	R285G;K286G	Missense;Missense	0.3111578151986602
4766	EHMT2	L287P	Missense	-0.210958746
4767	EHMT2	R284G;R285G	Missense;Missense	1.588077775878106
4768	EHMT2	(NC);D280G	Splice-acceptor;Missense	0.092804542
4769	EHMT2	(NC)	Splice-acceptor	-1.00444284
4770	EHMT2	(NC);(NC)	Intron;Intron	0.0182123001124059
4771	EHMT2	(NC);(NC);(NC)	Intron;Intron;Intron	0.327889247
4772	EHMT2		No Mutation	-0.26197075
4773	EHMT2	(NC)	Intron	0.1360280729202834
4774	EHMT2		No Mutation	0.4237923720519438
4775	EHMT2	V277A	Missense	0.017734141
4776	EHMT2		No Mutation	-0.630860116
4777	EHMT2	D269G;D270G	Missense;Missense	-1.532590057
4778	EHMT2	D269G	Missense	-0.241299515
4779	EHMT2	D270D;V271A	Silent;Missense	-0.003153722
4780	EHMT2	F265P	Missense	0.1268998867330007
4781	EHMT2	H264H;F265P	Silent;Missense	1.4354347033085926
4782	EHMT2	H264H;F265P	Silent;Missense	-0.276528218
4783	EHMT2	H264H;F265P	Silent;Missense	-0.449461464
4784	EHMT2	P260P	Silent	-0.667404984
4785	EHMT2	P260P	Silent	0.4096385483972006
4786	EHMT2		No Mutation	-0.172875508
4787	EHMT2		No Mutation	0.1015399799737947
4788	EHMT2		No Mutation	-0.022271964
4789	EHMT2		No Mutation	-0.019729292
4790	EHMT2		No Mutation	1.9828740510342688
4791	EHMT2	P255P	Silent	0.1332170772550123
4792	EHMT2		No Mutation	-0.066176739
4793	EHMT2		No Mutation	0.2954012519844964
4794	EHMT2		No Mutation	0.052562806
4795	EHMT2	(NC)	Intron	1.071787264837424
4796	EHMT2	(NC)	Intron	0.4856869841782362
4797	EHMT2	G250G;Q251R	Silent;Missense	-0.233364424
4798	EHMT2	G250G	Silent	1.0070344749121054
4799	EHMT2	(NC)	Splice-donor	-1.702675016
4800	EHMT2	G248G;N249G	Silent;Missense	0.1888930680861545
4801	EHMT2	G248G;N249G	Silent;Missense	-0.192969993
4802	EHMT2		No Mutation	0.1913964055671169
4803	EHMT2	K246G	Missense	0.6063496712876761
4804	EHMT2	N249N	Silent	0.147653471
4805	EHMT2	M244V	Missense	0.2659070735365433
4806	EHMT2	K242G;T243A	Missense;Missense	-1.429814715
4807	EHMT2		No Mutation	-0.06109153
4808	EHMT2		No Mutation	-0.242168005
4809	EHMT2	V237A	Missense	0.6194036914541974
4810	EHMT2		No Mutation	1.0288391813714668
4811	EHMT2	P231P	Silent	-0.08937852
4812	EHMT2		No Mutation	0.069361884
4813	EHMT2		No Mutation	-0.762532108
4814	EHMT2		No Mutation	-0.223748379
4815	EHMT2	T228A	Missense	-1.247554238
4816	EHMT2		No Mutation	1.2452144770555336
4817	EHMT2	P226P;T228A	Silent;Missense	-0.051840007
4818	EHMT2		No Mutation	0.2863417105473597
4819	EHMT2		No Mutation	0.1435919057738715
4820	EHMT2		No Mutation	0.227306062
4821	EHMT2		No Mutation	-0.563536655
4822	EHMT2		No Mutation	0.4465446429701498
4823	EHMT2	Q215R;G216G	Missense;Silent	1.085575480642275
4824	EHMT2	Q215R	Missense	-0.054220729
4825	EHMT2	A217A	Silent	-0.442341964
4826	EHMT2	S210G;M211V	Missense;Missense	0.9436079004358148
4827	EHMT2	S210G;M211V	Missense;Missense	0.057698243
4828	EHMT2	R207G	Missense	1.0766045621682545
4829	EHMT2		No Mutation	0.2733846031452148
4830	EHMT2	Q202R	Missense	-0.691926542
4831	EHMT2	L204P	Missense	-1.051284142
4832	EHMT2	S203S;L204P	Silent;Missense	-1.543137317
4833	EHMT2	P199P	Silent	-0.34337111
4834	EHMT2		No Mutation	0.7591530302367221
4835	EHMT2	M189V	Missense	0.5406073102024257
4836	EHMT2	M189V	Missense	-0.078046964
4837	EHMT2	K188G;M189V	Missense;Missense	0.652484349
4838	EHMT2	M191T	Missense	-0.667667209
4839	EHMT2	K188G	Missense	-0.231977926
4840	EHMT2	K188G	Missense	0.1783635985922662
4841	EHMT2	M189T;S190P	Missense;Missense	0.691337239
4842	EHMT2		No Mutation	-0.700517798
4843	EHMT2		No Mutation	-0.376135641
4844	EHMT2		No Mutation	0.8618605590710402
4845	EHMT2	C183R	Missense	0.3563501862022203
4846	EHMT2	S182P;C183R	Missense;Missense	-0.319285769
4847	EHMT2	G181G;S182P;C183R	Silent;Missense;Missense	-0.01839169
4848	EHMT2	G181G;S182P	Silent;Missense	-0.140167004
4849	EHMT2		No Mutation	-0.344358045
4850	EHMT2		No Mutation	0.035102718100016
4851	EHMT2		No Mutation	-0.004590307
4852	EHMT2		No Mutation	-0.607363442
4853	EHMT2		No Mutation	-0.01233879
4854	EHMT2		No Mutation	0.3856843164586427
4855	EHMT2		No Mutation	0.5147796146146582
4856	EHMT2		No Mutation	-0.016687761
4857	EHMT2	S175P	Missense	-0.428941903
4858	EHMT2	F173P	Missense	-0.804165427
4859	EHMT2	H168H	Silent	-0.289917926
4860	EHMT2	(NC);(NC);(NC);(NC)	Intron;Intron;Intron;Intron	0.075562983
4861	EHMT2	(NC)	Intron	0.7368988859067461
4862	EHMT2	(NC)	Intron	-0.299669134
4863	EHMT2	(NC);(NC)	Intron;Intron	0.079716798
4864	EHMT2	(NC);(NC)	Intron;Intron	1.059863264364475
4865	EHMT2	(NC);(NC)	Intron;Intron	-0.075088096
4866	EHMT2	(NC)	Intron	0.9260104914478312
4867	EHMT2		No Mutation	-0.177313053
4868	EHMT2		No Mutation	-0.298488579
4869	EHMT2	(NC)	Splice-donor	-0.072585379
4870	EHMT2	I164V	Missense	0.5127539365683353
4871	EHMT2	L165P	Missense	-0.389676549
4872	EHMT2		No Mutation	0.2954747184965248
4873	EHMT2		No Mutation	0.4462598223904268
4874	EHMT2	I164T	Missense	-0.295003437
4875	EHMT2	D158G	Missense	0.517862997
4876	EHMT2	D156G	Missense	-0.233039164
4877	EHMT2	G155G;D156G	Silent;Missense	0.7284764040807484
4878	EHMT2	G155G;D156G	Silent;Missense	-1.269863221
4879	EHMT2	G155G;D156G	Silent;Missense	-0.565510754
4880	EHMT2	N152G	Missense	0.4762386424688665
4881	EHMT2	E151G;N152G	Missense;Missense	1.117934164456051
4882	EHMT2	E151G;N152G	Missense;Missense	-0.948283688
4883	EHMT2	E149G	Missense	-0.14052662
4884	EHMT2	E149G	Missense	0.4878504886840998
4885	EHMT2	S150P	Missense	0.1121311039085461
4886	EHMT2	T143A	Missense	-0.85261027
4887	EHMT2		No Mutation	-0.255966272
4888	EHMT2		No Mutation	0.093612107
4889	EHMT2	L145P	Missense	-0.563049024
4890	EHMT2		No Mutation	-0.725134145
4891	EHMT2		No Mutation	-1.118830529
4892	EHMT2		No Mutation	0.1590585478158044
4893	EHMT2		No Mutation	0.1218213646883477
4894	EHMT2		No Mutation	0.4765371188286836
4895	EHMT2	T130A	Missense	0.7111051481542772
4896	EHMT2	T130A	Missense	0.4453342560981662
4897	EHMT2	T130A	Missense	-0.574255553
4898	EHMT2	T130A	Missense	0.1445291250194963
4899	EHMT2	T130T;V131A	Silent;Missense	-0.439263597
4900	EHMT2		No Mutation	0.9277042520550712
4901	EHMT2	V129A	Missense	0.1769338426786696
4902	EHMT2	S126S;V127A	Silent;Missense	-0.018406992
4903	EHMT2	S126P;V127A	Missense;Missense	0.2610138430019046
4904	EHMT2	S126P	Missense	-1.266875486
4905	EHMT2	S123P	Missense	0.5750679392115331
4906	EHMT2	S122P	Missense	-0.364006792
4907	EHMT2		No Mutation	-0.727072943
4908	EHMT2	P118P;A119A	Silent;Silent	-0.50372648
4909	EHMT2	P118P	Silent	-0.278662519
4910	EHMT2	P118P	Silent	-0.339094836
4911	EHMT2	P118P	Silent	0.253452432611548
4912	EHMT2	D114G	Missense	-0.009602142
4913	EHMT2	L116P	Missense	-0.044859163
4914	EHMT2	S115P	Missense	0.2417084577830327
4915	EHMT2	S115P	Missense	-0.310378957
4916	EHMT2	T112A	Missense	-0.114872333
4917	EHMT2		No Mutation	0.6611511456290131
4918	EHMT2		No Mutation	-0.203350772
4919	EHMT2	E105G	Missense	0.02708851
4920	EHMT2	L108P	Missense	-0.405691788
4921	EHMT2		No Mutation	-0.688019693
4922	EHMT2		No Mutation	0.5688635441798322
4923	EHMT2	(NC)	Splice-acceptor	-0.041189751
4924	EHMT2	(NC)	Splice-acceptor	0.03665489
4925	EHMT2	S97P	Missense	0.6959508580953279
4926	EHMT2	(NC);(NC)	Intron;Splice-acceptor	0.8601923948554503
4927	EHMT2	(NC);(NC)	Intron;Splice-acceptor	-0.209245927
4928	EHMT2		No Mutation	-0.030464955
4929	EHMT2	(NC)	Intron	-0.137540715
4930	EHMT2	(NC)	Intron	-0.059812556
4931	EHMT2		No Mutation	-0.430670688
4932	EHMT2	(NC)	Intron	0.075031254
4933	EHMT2		No Mutation	-0.244119185
4934	EHMT2	R88G	Missense	1.4273881395450947
4935	EHMT2	E84G	Missense	0.7609897052526642
4936	EHMT2		No Mutation	0.2420465618388567
4937	EHMT2	M78V	Missense	0.3538553810069978
4938	EHMT2	L81P	Missense	-0.713680784
4939	EHMT2	L81P	Missense	-0.727161983
4940	EHMT2		No Mutation	-0.997838385
4941	EHMT2		No Mutation	-0.246999428
4942	EHMT2		No Mutation	-0.200585261
4943	EHMT2	E73G	Missense	-0.283754486
4944	EHMT2	E73G	Missense	0.3484704954965555
4945	EHMT2	E73G	Missense	-0.585204921
4946	EHMT2	A76A	Silent	-0.999055859
4947	EHMT2		No Mutation	-0.169818964
4948	EHMT2		No Mutation	-0.496766245
4949	EHMT2		No Mutation	0.024694339
4950	EHMT2		No Mutation	0.037849971
4951	EHMT2		No Mutation	-0.742806621
4952	EHMT2		No Mutation	-0.64592813
4953	EHMT2		No Mutation	0.081985902
4954	EHMT2		No Mutation	-0.154974568
4955	EHMT2		No Mutation	0.4677174829938732
4956	EHMT2	S70P	Missense	-1.47775898
4957	EHMT2		No Mutation	-0.254763122
4958	EHMT2	L68P	Missense	0.4814593170546069
4959	EHMT2	C67C;L68P	Silent;Missense	-1.642022003
4960	EHMT2	P66P;C67R	Silent;Missense	-0.02486605
4961	EHMT2	L60P	Missense	-0.939520048
4962	EHMT2	L60P	Missense	0.1192767034426127
4963	EHMT2	L60P	Missense	0.4647266110303445
4964	EHMT2	T58T	Silent	-0.007368349
4965	EHMT2	T58T	Silent	0.1183316834993752
4966	EHMT2		No Mutation	0.4522422148218135
4967	EHMT2	L56P;S57P	Missense;Missense	0.0509918941496303
4968	EHMT2	T53A	Missense	0.2190646814534545
4969	EHMT2		No Mutation	-0.176841508
4970	EHMT2		No Mutation	-1.054791601
4971	EHMT2	W52R	Missense	0.1611518187531374
4972	EHMT2	S51P;W52R	Missense;Missense	-0.13748316
4973	EHMT2	R47G	Missense	-0.360786566
4974	EHMT2		No Mutation	0.2051044794001337
4975	EHMT2		No Mutation	0.694377094
4976	EHMT2	L42L	Silent	-0.342127464
4977	EHMT2	S44S;L45P	Silent;Missense	-0.349274832
4978	EHMT2	L42L	Silent	-0.001346472
4979	EHMT2	S44S;L45P	Silent;Missense	0.019503076
4980	EHMT2	S44P;L45P	Missense;Missense	-0.199062351
4981	EHMT2	G37G	Silent	-0.865375228
4982	EHMT2	R34R;G35G	Silent;Silent	-0.225537375
4983	EHMT2	G37G	Silent	-0.378791746
4984	EHMT2	G37G	Silent	-0.654065916
4985	EHMT2	H33R	Missense	-0.613662877
4986	EHMT2		No Mutation	-0.125179599
4987	EHMT2	R29G	Missense	-0.415483697
4988	EHMT2		No Mutation	-0.245460772
4989	EHMT2		No Mutation	-0.521347496
4990	EHMT2	R25R	Silent	0.4327149085412251
4991	EHMT2	R25R	Silent	0.2389470053664455
4992	EHMT2	R25R	Silent	1.0150946626461868
4993	EHMT2	R25R	Silent	-0.48208506
4994	EHMT2	S24G	Missense	-0.286231101
4995	EHMT2		No Mutation	-0.905899285
4996	EHMT2	S24G	Missense	-0.044778446
4997	EHMT2	S24G	Missense	-0.185266854
4998	EHMT2		No Mutation	0.2035601598283154
4999	EHMT2		No Mutation	-0.217015208
5000	EHMT2		No Mutation	-0.855628079
5001	EHMT2		No Mutation	0.631929032
5002	EHMT2		No Mutation	0.554714071
5003	EHMT2		No Mutation	0.130570081621786
5004	EHMT2		No Mutation	0.5266119964432189
5005	EHMT2	R18R	Silent	-0.384405516
5006	EHMT2	R18R	Silent	-0.669941949
5007	EHMT2		No Mutation	-0.358917919
5008	EHMT2	M11V	Missense	-0.743052317
5009	EHMT2	M11V	Missense	0.037267911
5010	EHMT2	M11V	Missense	0.3096173639772618
5011	EHMT2		No Mutation	-0.039432938
5012	EHMT2		No Mutation	-0.946882157
5013	EHMT2		No Mutation	0.8705738702235951
5014	EHMT2		No Mutation	-1.570131144
5015	EHMT2	L10P;M11T	Missense;Missense	0.2786806583683004
5016	EHMT2	R6R;R8G	Silent;Missense	0.709435611
5017	EHMT2	R6R	Silent	0.6352825667652875
5018	EHMT2	L4L	Silent	0.3551260418000335
5019	EHMT2		No Mutation	-0.535392932
5020	EHMT2		No Mutation	0.3345573024860852
5021	EHMT2		No Mutation	0.4918754848681489
5022	EHMT2		No Mutation	-0.497215052
5023	EHMT2	M1V	Missense	0.7161550577456453
5024	EHMT2	L4P	Missense	-0.112550655
5025	EHMT2	G3G;L4P	Silent;Missense	-0.500379053
5026	EHMT2	G3G;L4P	Silent;Missense	0.0531459434212259
5027	EHMT2		No Mutation	0.1558105173846015
5028	EHMT2		No Mutation	-0.168463522
5029	EHMT2		No Mutation	-0.467678
5030	EHMT2		No Mutation	0.8986740650486228
5031	EHMT2		No Mutation	-0.36209196
5032	EHMT2		No Mutation	-0.172225464
5033	SUV39H1	(NC);(NC)	UTR;UTR	-0.428314962
5034	SUV39H1	(NC);(NC)	UTR;UTR	0.9642695400527048
5035	SUV39H1	(NC)	UTR	0.083644968
5036	SUV39H1	(NC)	UTR	0.1159871903755231
5037	SUV39H1	S5S	Silent	-0.166286355
5038	SUV39H1	R8G	Missense	-0.260132229
5039	SUV39H1	L12P	Missense	0.4392871242995152
5040	SUV39H1		No Mutation	0.2413206038995123
5041	SUV39H1	D14G	Missense	0.8052875502618771
5042	SUV39H1	P15P	Silent	-0.306610731
5043	SUV39H1	P15P;T17A	Silent;Missense	0.5562209463655542
5044	SUV39H1	(NC);(NC)	Intron;Intron	0.3164102464865359
5045	SUV39H1	(NC)	Intron	0.075717376
5046	SUV39H1		No Mutation	0.4954553120896909
5047	SUV39H1	C19R	Missense	-0.065439932
5048	SUV39H1	C19R	Missense	0.8817053814554251
5049	SUV39H1	C19R	Missense	0.4550680489156479
5050	SUV39H1	C22R;C23R	Missense;Missense	-0.084902858
5051	SUV39H1		No Mutation	0.2907626818278812
5052	SUV39H1		No Mutation	1.4641794678986717
5053	SUV39H1	Q31R	Missense	0.572271955
5054	SUV39H1		No Mutation	-0.190154034
5055	SUV39H1	S40P;C41R	Missense;Missense	0.8939962753709401
5056	SUV39H1	C41R	Missense	0.466301880193709
5057	SUV39H1		No Mutation	-0.756226383
5058	SUV39H1	P42P	Silent	-0.912610738
5059	SUV39H1	G45G;I46T	Silent;Missense	0.084580697
5060	SUV39H1		No Mutation	-0.140845421
5061	SUV39H1	S47P	Missense	0.3198922149204906
5062	SUV39H1	S47P	Missense	-0.215282351
5063	SUV39H1		No Mutation	2.0945944745310565
5064	SUV39H1		No Mutation	-0.155371392
5065	SUV39H1	V56A	Missense	-0.691136471
5066	SUV39H1		No Mutation	0.070942908
5067	SUV39H1	K64G;I65V	Missense;Missense	1.099967295703244
5068	SUV39H1	K64G;I65V	Missense;Missense	-0.641608638
5069	SUV39H1	K64R;I65V	Missense;Missense	-0.364044388
5070	SUV39H1	(NC)	Intron	0.016105442
5071	SUV39H1		No Mutation	-0.624732797
5072	SUV39H1		No Mutation	-1.136674415
5073	SUV39H1	(NC)	Intron	0.6537946372995667
5074	SUV39H1		No Mutation	0.454624129
5075	SUV39H1		No Mutation	-0.54442344
5076	SUV39H1		No Mutation	-0.56500077
5077	SUV39H1	(NC)	Intron	1.0625504167854198
5078	SUV39H1		No Mutation	-0.354788237
5079	SUV39H1		No Mutation	0.3060350951358667
5080	SUV39H1		No Mutation	-0.06092419
5081	SUV39H1		No Mutation	0.3499546498813045
5082	SUV39H1	Y70H	Missense	0.2258997304072308
5083	SUV39H1	Y70H	Missense	-0.314143251
5084	SUV39H1	Y70H	Missense	0.4959978005636246
5085	SUV39H1	E67G	Missense	0.3354878728167109
5086	SUV39H1	Y70H;Y71H	Missense;Missense	0.4164011362416648
5087	SUV39H1	E69G;Y70C	Missense;Missense	1.020046615278681
5088	SUV39H1	Y71C	Missense	0.5820127483616361
5089	SUV39H1	R76R;Y78H	Silent;Missense	0.2594893952425129
5090	SUV39H1	P79P;D80G	Silent;Missense	0.5909795834061238
5091	SUV39H1	P79P;D80G	Silent;Missense	0.06678939
5092	SUV39H1	W85R	Missense	-0.401779946
5093	SUV39H1	E82G;S83G	Missense;Missense	0.3184079041287744
5094	SUV39H1	N90N	Silent	0.5286844758252978
5095	SUV39H1	C93R	Missense	0.8143140757708236
5096	SUV39H1	K98E	Missense	0.1912175146856108
5097	SUV39H1		No Mutation	-1.047208007
5098	SUV39H1	H101R	Missense	-0.402455269
5099	SUV39H1	H101R;K102E	Missense;Missense	-0.740866942
5100	SUV39H1		No Mutation	-0.6228771
5101	SUV39H1	L104L;E105G	Silent;Missense	-0.60103512
5102	SUV39H1	E105G;R106G	Missense;Missense	-0.378304815
5103	SUV39H1		No Mutation	-0.03777256
5104	SUV39H1	S115P	Missense	0.1872045214070001
5105	SUV39H1	H113R	Missense	0.3955826470409685
5106	SUV39H1		No Mutation	-0.507232054
5107	SUV39H1	S115S;K116G;T117A	Silent;Missense;Missense	-1.153300284
5108	SUV39H1		No Mutation	0.5628893801151849
5109	SUV39H1		No Mutation	0.7698086522930304
5110	SUV39H1	H120R	Missense	-0.098603886
5111	SUV39H1		No Mutation	-0.128316935
5112	SUV39H1		No Mutation	-0.230927467
5113	SUV39H1		No Mutation	0.1778417653855604
5114	SUV39H1	L125L	Silent	-0.497082332
5115	SUV39H1		No Mutation	-0.076393942
5116	SUV39H1	P123P;S124G	Silent;Missense	0.094115647
5117	SUV39H1	Y128H	Missense	1.1652135181233314
5118	SUV39H1	Y128H;L129P	Missense;Missense	0.6466100077492674
5119	SUV39H1	N127G	Missense	0.0242379190443019
5120	SUV39H1		No Mutation	-0.122517329
5121	SUV39H1	Q131R	Missense	0.3242331153325755
5122	SUV39H1		No Mutation	-0.884796228
5123	SUV39H1	Q131R;K132G	Missense;Missense	1.6488640974008848
5124	SUV39H1	K132G	Missense	-0.260511823
5125	SUV39H1	L139P	Missense	-0.249152138
5126	SUV39H1		No Mutation	0.2728731958937412
5127	SUV39H1		No Mutation	0.5359968421758103
5128	SUV39H1		No Mutation	0.3495998720991022
5129	SUV39H1		No Mutation	1.0114720117538274
5130	SUV39H1	K149E	Missense	-0.339429548
5131	SUV39H1	K149G	Missense	-1.977361065
5132	SUV39H1	L153P	Missense	-0.167695767
5133	SUV39H1	T157T	Silent	0.3622792443860287
5134	SUV39H1	I156V;T157A	Missense;Missense	-0.10480704
5135	SUV39H1	T157A	Missense	1.3840182086747306
5136	SUV39H1	V158V;E159G;N160D	Silent;Missense;Missense	0.4504353154681754
5137	SUV39H1	N160G;E161G	Missense;Missense	0.2147176373031637
5138	SUV39H1	D163G	Missense	-0.166160916
5139	SUV39H1		No Mutation	0.1281730677700985
5140	SUV39H1		No Mutation	-0.711625286
5141	SUV39H1	V172A;Y173H	Missense;Missense	0.079755511
5142	SUV39H1	V172A;Y173H	Missense;Missense	-0.055038896
5143	SUV39H1	Y173H;I174T	Missense;Missense	0.2883662894489893
5144	SUV39H1	N175N	Silent	0.9358231477154496
5145	SUV39H1	I174V;N175G	Missense;Missense	-0.605839474
5146	SUV39H1	E176G	Missense	0.8993911249198195
5147	SUV39H1	E176G;Y177C	Missense;Missense	0.2080829686656264
5148	SUV39H1	I183T	Missense	0.4080080782886874
5149	SUV39H1	I183V	Missense	0.1058624453659117
5150	SUV39H1	I183V;T184A	Missense;Missense	-0.292276597
5151	SUV39H1	N186D	Missense	0.8598350179803599
5152	SUV39H1	N186G	Missense	-0.753403802
5153	SUV39H1	A189A;V190A	Silent;Missense	0.4069189651598655
5154	SUV39H1	A189A;V190A	Silent;Missense	1.098716656615808
5155	SUV39H1	C192R	Missense	-0.094437861
5156	SUV39H1		No Mutation	-0.018516563
5157	SUV39H1	E193G	Missense	0.016301775
5158	SUV39H1		No Mutation	0.105208422661549
5159	SUV39H1		No Mutation	0.1880927153212931
5160	SUV39H1		No Mutation	0.2228096318827352
5161	SUV39H1		No Mutation	0.2380993050808653
5162	SUV39H1	T202A	Missense	0.096317208
5163	SUV39H1	T202A	Missense	-0.298393907
5164	SUV39H1	G203G	Silent	-1.20419909
5165	SUV39H1	G203G	Silent	0.6300340807490078
5166	SUV39H1	C206R	Missense	0.078036361
5167	SUV39H1		No Mutation	0.286307476
5168	SUV39H1		No Mutation	-0.157847473
5169	SUV39H1		No Mutation	-0.345191758
5170	SUV39H1		No Mutation	0.6838410994689624
5171	SUV39H1		No Mutation	0.3909439632605152
5172	SUV39H1	Y216C;N217D	Missense;Missense	0.065856804
5173	SUV39H1	N217S;D218G	Missense;Missense	0.6669259794712162
5174	SUV39H1		No Mutation	-0.521988488
5175	SUV39H1	L224P	Missense	0.1183596168572745
5176	SUV39H1	Q221R	Missense	0.6888222090707417
5177	SUV39H1	Q221R	Missense	-0.69293843
5178	SUV39H1		No Mutation	-0.18163141
5179	SUV39H1		No Mutation	0.548846945
5180	SUV39H1	S235P	Missense	-0.417947791
5181	SUV39H1	S235P	Missense	0.7193597585001789
5182	SUV39H1	N234G	Missense	-0.490436964
5183	SUV39H1	Y241H	Missense	0.4850620977980395
5184	SUV39H1	Y241H	Missense	0.8637578862570986
5185	SUV39H1	C243R	Missense	0.068706146
5186	SUV39H1	D242G	Missense	-0.482323735
5187	SUV39H1	P244P;N245G	Silent;Missense	1.030590141352847
5188	SUV39H1	N245G	Missense	1.4758370066219406
5189	SUV39H1		No Mutation	-0.18226021
5190	SUV39H1		No Mutation	-0.015159225
5191	SUV39H1	I258T;F259L	Missense;Missense	-0.301740284
5192	SUV39H1		No Mutation	-0.475299216
5193	SUV39H1		No Mutation	-0.069132878
5194	SUV39H1	I258V	Missense	-1.517286255
5195	SUV39H1		No Mutation	-0.431276387
5196	SUV39H1	T261A	Missense	-0.359310797
5197	SUV39H1	D262G	Missense	-0.130810767
5198	SUV39H1	D262G	Missense	0.4769409833523685
5199	SUV39H1	R265R	Silent	-0.59092719
5200	SUV39H1	D262G;D263G	Missense;Missense	-0.262529079
5201	SUV39H1		No Mutation	0.471546306
5202	SUV39H1	I275T	Missense	-0.100011644
5203	SUV39H1		No Mutation	0.8452373334876429
5204	SUV39H1		No Mutation	-0.017856597
5205	SUV39H1	K277G;N278D	Missense;Missense	0.5450226904786462
5206	SUV39H1		No Mutation	0.3573229109432767
5207	SUV39H1		No Mutation	0.1500526245256367
5208	SUV39H1	M282V	Missense	-0.534586743
5209	SUV39H1	E283G;Y284C	Missense;Missense	-0.187685534
5210	SUV39H1	E283G;Y284C	Missense;Missense	0.000747648
5211	SUV39H1	G286G	Silent	0.5185676382428213
5212	SUV39H1	G286G	Silent	0.5927729345542985
5213	SUV39H1	(NC)	Intron	0.2039301381299234
5214	SUV39H1	(NC);(NC);(NC)	Intron;Intron;Intron	-0.446794228
5215	SUV39H1	(NC);(NC);(NC)	Intron;Intron;Intron	-0.724077687
5216	SUV39H1	(NC);(NC);(NC)	Intron;Intron;Intron	-0.549298427
5217	SUV39H1	(NC)	Intron	0.4101134155326775
5218	SUV39H1	(NC);I288T	Intron;Missense	-0.31357981
5219	SUV39H1	I289T	Missense	-1.398375091
5220	SUV39H1	I289T	Missense	0.3830561673792705
5221	SUV39H1	(NC);I288V	Splice-acceptor;Missense	1.1385681359414357
5222	SUV39H1	I288V;I289V	Missense;Missense	1.3087789839854749
5223	SUV39H1	S291P	Missense	0.4003345263887866
5224	SUV39H1		No Mutation	-0.011405045
5225	SUV39H1	S291S	Silent	-0.687042066
5226	SUV39H1	S291S;E292G	Silent;Missense	-0.238269621
5227	SUV39H1	S291S;E292G	Silent;Missense	0.4073271902938624
5228	SUV39H1	E292G;E293G	Missense;Missense	0.7234837344126337
5229	SUV39H1		No Mutation	-0.071623409
5230	SUV39H1	Q299R;I300V	Missense;Missense	-0.752524262
5231	SUV39H1	Q299R;I300V	Missense;Missense	0.1661797315388364
5232	SUV39H1	R303R	Silent	-0.022678147
5233	SUV39H1	Y308H	Missense	-0.586873074
5234	SUV39H1	T307A	Missense	-0.985356763
5235	SUV39H1	L312P	Missense	-0.726595187
5236	SUV39H1	L312P	Missense	0.8190854802034875
5237	SUV39H1		No Mutation	-0.068105224
5238	SUV39H1	D311G	Missense	0.2739810409619148
5239	SUV39H1	Y314H	Missense	0.0517938197743887
5240	SUV39H1		No Mutation	0.3755702972438559
5241	SUV39H1	E316G	Missense	-0.162875418
5242	SUV39H1	D322G	Missense	0.5323766380638147
5243	SUV39H1	Y326H	Missense	0.214164189726187
5244	SUV39H1	I329T	Missense	0.1024117116495514
5245	SUV39H1	I329T;S330P	Missense;Missense	0.6322893184712378
5246	SUV39H1		No Mutation	-0.06677972
5247	SUV39H1		No Mutation	-1.612297121
5248	SUV39H1	S336S	Silent	-0.79682651
5249	SUV39H1	S336S	Silent	-0.03116926
5250	SUV39H1	H335R;S336G	Missense;Missense	0.2998450942269476
5251	SUV39H1		No Mutation	0.4614569265077758
5252	SUV39H1		No Mutation	0.2747646740629128
5253	SUV39H1		No Mutation	0.5638208501022084
5254	SUV39H1	(NC)	Intron	0.5317007763008009
5255	SUV39H1	(NC)	Intron	0.9181032102517254
5256	SUV39H1		No Mutation	0.2759531525611172
5257	SUV39H1		No Mutation	0.377225386923519
5258	SUV39H1	L341P	Missense	-0.03878637
5259	SUV39H1	L341P	Missense	1.2274687990708817
5260	SUV39H1	Y344H	Missense	0.2273402366046426
5261	SUV39H1	Y344H	Missense	-0.295246594
5262	SUV39H1		No Mutation	0.0431351722610233
5263	SUV39H1	V346A;F347L	Missense;Missense	0.4737820778981877
5264	SUV39H1	I348M;D349G	Missense;Missense	0.5667675841605577
5265	SUV39H1		No Mutation	-0.790201779
5266	SUV39H1	F361P	Missense	-0.079638826
5267	SUV39H1	F361S	Missense	-1.065501898
5268	SUV39H1	F361F	Silent	0.2156320186849451
5269	SUV39H1		No Mutation	0.088435552
5270	SUV39H1	T363A	Missense	1.428617136986235
5271	SUV39H1	T363A;R364G	Missense;Missense	0.3366827474739743
5272	SUV39H1		No Mutation	-0.169119041
5273	SUV39H1	R364R;T365A;I366V	Silent;Missense;Missense	0.866182968
5274	SUV39H1		No Mutation	0.5242516471746423
5275	SUV39H1	L372P	Missense	-0.74887188
5276	SUV39H1	D375G	Missense	-0.354089624
5277	SUV39H1	D375G;Y376C	Missense;Missense	-0.287513638
5278	SUV39H1	D375G;Y376C	Missense;Missense	1.367270842
5279	SUV39H1	M378T	Missense	0.1869372890684575
5280	SUV39H1	Y376C;N377D	Missense;Missense	0.6465359943767479
5281	SUV39H1	Y376C;N377G	Missense;Missense	1.0476292877379465
5282	SUV39H1	N377G;M378V	Missense;Missense	0.6863865133705312
5283	SUV39H1	Q379R	Missense	0.1272897634459764
5284	SUV39H1	Q379R	Missense	0.6770851550987895
5285	SUV39H1		No Mutation	0.2698569746512653
5286	SUV39H1		No Mutation	0.00566167
5287	SUV39H1		No Mutation	0.3105144513125517
5288	SUV39H1		No Mutation	-0.184542865
5289	SUV39H1		No Mutation	0.1101118311250871
5290	SUV39H1	(NC)	Intron	0.7519405641247854
5291	SUV39H1		No Mutation	-0.25091255
5292	SUV39H1	V380A	Missense	0.0287214074223833
5293	SUV39H1	(NC)	Intron	-0.033216667
5294	SUV39H1	(NC)	Splice-acceptor	0.055961288
5295	SUV39H1	V383A	Missense	-0.072318239
5296	SUV39H1		No Mutation	0.034918934
5297	SUV39H1		No Mutation	-0.303129591
5298	SUV39H1		No Mutation	0.1793387454169123
5299	SUV39H1	M385V	Missense	0.2353149871586242
5300	SUV39H1	M390V	Missense	0.5086165061431819
5301	SUV39H1	F394P	Missense	-0.428120111
5302	SUV39H1	D391G	Missense	-0.1089489
5303	SUV39H1	F394P	Missense	-0.439524375
5304	SUV39H1	N393G	Missense	-0.025137897
5305	SUV39H1	N393G	Missense	0.3860596013151293
5306	SUV39H1	A397A	Silent	0.093419342
5307	SUV39H1		No Mutation	1.163702658458886
5308	SUV39H1	P400P;S402P	Silent;Missense	-0.086041637
5309	SUV39H1		No Mutation	0.4472739338040075
5310	SUV39H1		No Mutation	-0.324328221
5311	SUV39H1		No Mutation	-0.708409604
5312	SUV39H1		No Mutation	-0.357343151
5313	SUV39H1	V407A;R408R	Missense;Silent	0.068481271
5314	SUV39H1	R408R	Silent	0.5060318340454804
5315	SUV39H1	R408R;I409T	Silent;Missense	0.2639092849576774
5316	SUV39H1	I409V	Missense	-0.472744641
5317	SUV39H1	I409V	Missense	0.1645052770734882
5318	SUV39H1	C413R	Missense	3.572157456861228
5319	SUV39H1	L422P;F423P	Missense;Missense	1.2094481422527503
5320	SUV39H1	*424Q	Missense	0.1281668869440836
5321	SUV39H1		No Mutation	-0.862084332
5322	SUV39H1	*424W	Missense	0.6075091653211396
5323	SUV39H1		No Mutation	-0.040804739
5324	SUV39H1		No Mutation	0.2115607141212289
5325	SUV39H2	(NC);(NC)	UTR;UTR	0.3790811883431979
5326	SUV39H2	(NC);(NC);(NC)	UTR;UTR;UTR	-0.356635503
5327	SUV39H2	(NC);(NC);(NC)	UTR;UTR;UTR	-0.105548793
5328	SUV39H2		No Mutation	0.866617516
5329	SUV39H2	(NC);(NC);(NC)	UTR;UTR;UTR	-0.435252384
5330	SUV39H2	(NC);(NC);(NC)	UTR;UTR;UTR	0.6355634301954367
5331	SUV39H2	(NC);(NC);M1V	UTR;UTR;Missense	-0.333815009
5332	SUV39H2		No Mutation	-0.115727311
5333	SUV39H2		No Mutation	0.3134520411711635
5334	SUV39H2		No Mutation	0.4651852329468696
5335	SUV39H2	E7G	Missense	-0.097040004
5336	SUV39H2		No Mutation	1.3358859145916673
5337	SUV39H2	(NC)	Splice-donor	-0.583515881
5338	SUV39H2	G10G	Silent	0.0565083715798577
5339	SUV39H2	L20P	Missense	0.026429569
5340	SUV39H2	S19S	Silent	0.091580086
5341	SUV39H2	D21D;T22T	Silent;Silent	-0.530695762
5342	SUV39H2	T33A	Missense	1.8551748290051608
5343	SUV39H2	I37V	Missense	-0.613118372
5344	SUV39H2	N46N	Silent	-0.078144063
5345	SUV39H2	N43G	Missense	0.4118875620711388
5346	SUV39H2	L44L;N45D	Silent;Missense	0.37237738
5347	SUV39H2	E50E;Y51C	Silent;Missense	1.160572178858541
5348	SUV39H2	D54G	Missense	-0.451554627
5349	SUV39H2	Y55C;K56G	Missense;Missense	1.2782133711609878
5350	SUV39H2	E62G;Y63C	Missense;Missense	-1.159627643
5351	SUV39H2	Y64C	Missense	-0.412112802
5352	SUV39H2	V66V	Silent	0.6387472287174398
5353	SUV39H2	P72P;D73G	Silent;Missense	0.3980337706032408
5354	SUV39H2	P72P;D73G	Silent;Missense	0.958948149042108
5355	SUV39H2	T77T;W78R	Silent;Missense	2.6172448175272693
5356	SUV39H2	F93L	Missense	1.1944688490389068
5357	SUV39H2	F93P	Missense	0.73643232
5358	SUV39H2	H98R;N99D	Missense;Missense	0.6192261402499486
5359	SUV39H2	L101L	Silent	-1.128445317
5360	SUV39H2	Y126H;I127T	Missense;Missense	-0.172853102
5361	SUV39H2	I127T;V128A	Missense;Missense	1.7289120401732083
5362	SUV39H2	E125G	Missense	0.9421795474449728
5363	SUV39H2	K129G	Missense	0.5263390610009036
5364	SUV39H2	I135V	Missense	0.4315200409873045
5365	SUV39H2	R146G;R147G	Missense;Missense	-0.380252053
5366	SUV39H2	E157E;N158G;T159A	Silent;Missense;Missense	0.3148071193796111
5367	SUV39H2	N158G;T159A	Missense;Missense	0.9804678313227496
5368	SUV39H2	Y170H;Y171H	Missense;Missense	0.624481693
5369	SUV39H2	Y170H;Y171H	Missense;Missense	-0.901561382
5370	SUV39H2	Y171H;I172T	Missense;Missense	-0.182842485
5371	SUV39H2	E174G;Y175C	Missense;Missense	-0.444249572
5372	SUV39H2	L183P	Missense	1.0600347253000777
5373	SUV39H2	V184A	Missense	0.509978003
5374	SUV39H2	N185G	Missense	0.6464903969085773
5375	SUV39H2		No Mutation	0.4286031985356162
5376	SUV39H2		No Mutation	0.756767659
5377	SUV39H2	E205G	Missense	0.5180253545820048
5378	SUV39H2	V208A;L209P	Missense;Missense	-0.916232038
5379	SUV39H2	Q217R;I218V	Missense;Missense	0.4436198807239989
5380	SUV39H2	I226T;Y227H	Missense;Missense	0.356936227
5381	SUV39H2	I226T;Y227H	Missense;Missense	-0.505788432
5382	SUV39H2	Y227H	Missense	1.0973113441446125
5383	SUV39H2	Y227C	Missense	0.1338010707898504
5384	SUV39H2	S231P	Missense	-0.185613304
5385	SUV39H2	S231P	Missense	0.9535266424966105
5386	SUV39H2	N230G	Missense	-0.514041909
5387	SUV39H2		No Mutation	0.035483922
5388	SUV39H2	I243T	Missense	0.1638753301499241
5389	SUV39H2	N241G;R242G	Missense;Missense	-0.602448967
5390	SUV39H2	I254V	Missense	-0.108568988
5391	SUV39H2	R256R;T257A	Silent;Missense	0.4538559170748571
5392	SUV39H2	S258G	Missense	0.1413338653198003
5393	SUV39H2	S258G;N259D	Missense;Missense	0.2618466362886724
5394	SUV39H2	S258G;N259G	Missense;Missense	-0.12546517
5395	SUV39H2	M278V	Missense	0.084852876
5396	SUV39H2	E288G;E289G	Missense;Missense	0.8370263382449632
5397	SUV39H2	G294G;Q295R	Silent;Missense	1.7875817485526055
5398	SUV39H2	Q295R	Missense	1.4122094282250828
5399	SUV39H2	T303A	Missense	-0.324722203
5400	SUV39H2		No Mutation	-0.079299522
5401	SUV39H2	E314G	Missense	-0.025506597
5402	SUV39H2	D318G	Missense	0.2379181763409008
5403	SUV39H2		No Mutation	-0.002617691
5404	SUV39H2		No Mutation	-0.69724483
5405	SUV39H2	F340P	Missense	-0.986362023
5406	SUV39H2	F340P	Missense	-0.049375221
5407	SUV39H2	L351L	Silent	0.4603786990341029
5408	SUV39H2	F357P;S358P	Missense;Missense	0.943493958
5409	SUV39H2	F357S;S358P	Missense;Missense	-0.232194228
5410	SUV39H2	F357F;S358P	Silent;Missense	0.8631635709412089
5411	SUV39H2	T359A;R360G	Missense;Missense	0.7438229371974754
5412	SUV39H2	N363N;A364A	Silent;Silent	0.2952303563090985
5413	SUV39H2		No Mutation	-0.24503814
5414	SUV39H2	H387R;S388G	Missense;Missense	-1.457076828
5415	SUV39H2	S388G	Missense	0.1441242756198358
5416	SUV39H2	R395G;T396A	Missense;Missense	1.2157787920071703
5417	SUV39H2	G401G	Silent	-0.607468485
5418	SUV39H2	(NC);(NC)	UTR;UTR	0.1773209396523104
5419	PTPN2	(NC);(NC);(NC);(NC)	UTR;UTR;UTR;UTR	0.7072510462094141
5420	PTPN2	(NC);(NC);(NC);(NC)	UTR;UTR;UTR;UTR	-0.030396325
5421	PTPN2	M395V	Missense	0.003949874
5422	PTPN2	M392T	Missense	1.7786726629805818
5423	PTPN2	I388V	Missense	0.098766283
5424	PTPN2	I388V	Missense	-0.475890438
5425	PTPN2	Q386Q;I388V	Silent;Missense	0.1250807078781748
5426	PTPN2	R379R;K380G	Silent;Missense	-0.536808409
5427	PTPN2	E376G;R377R	Missense;Silent	-0.049540938
5428	PTPN2	N375S;E376G	Missense;Missense	-0.586506486
5429	PTPN2	Q366R	Missense	0.4046754092288356
5430	PTPN2	V365A	Missense	0.1908956563512265
5431	PTPN2	V365A	Missense	-0.629558422
5432	PTPN2	T360A	Missense	0.1898731233695836
5433	PTPN2	I353V	Missense	-0.218944076
5434	PTPN2	L349L;K351E	Silent;Missense	-0.431545849
5435	PTPN2		No Mutation	-0.799662321
5436	PTPN2		No Mutation	1.9095757938096505
5437	PTPN2	(NC);(NC)	Intron;Intron	-0.173202451
5438	PTPN2	E342G	Missense	1.0838458343615764
5439	PTPN2	K336K;M337V	Silent;Missense	0.0317649125640053
5440	PTPN2	K336G;M337V	Missense;Missense	-0.683055104
5441	PTPN2	L333L;S334P;S335P	Silent;Missense;Missense	0.5834109768042496
5442	PTPN2	T326A	Missense	0.323945758
5443	PTPN2	E321G;E322G	Missense;Missense	-0.147851873
5444	PTPN2	Y313C;N314G	Missense;Missense	0.2507554911715086
5445	PTPN2	T310A	Missense	-0.569552065
5446	PTPN2	M309V;T310A	Missense;Missense	-0.481104202
5447	PTPN2		No Mutation	-0.208489409
5448	PTPN2	S304P	Missense	0.2442930689554701
5449	PTPN2	R288R;K290E	Silent;Missense	-0.400145727
5450	PTPN2		No Mutation	0.0410964
5451	PTPN2	W289R	Missense	-0.469091212
5452	PTPN2	W289R	Missense	-0.609572224
5453	PTPN2		No Mutation	1.5721601222249395
5454	PTPN2	I285M;Q286R	Missense;Missense	-0.220209279
5455	PTPN2	G281G	Silent	1.3855617354487082
5456	PTPN2	G275G	Silent	-0.030598711
5457	PTPN2	E274E;G275G	Silent;Silent	-0.363356723
5458	PTPN2	Y269C;M270V	Missense;Missense	-0.282140868
5459	PTPN2	Q264Q;R266G	Silent;Missense	0.033799103
5460	PTPN2	F267P;S268P	Missense;Missense	0.007511151
5461	PTPN2	F267P;S268P	Missense;Missense	-0.119220681
5462	PTPN2	F267P	Missense	0.345863297
5463	PTPN2	I259I	Silent	0.3220988740455919
5464	PTPN2	M251V;R252G	Missense;Missense	-0.595000055
5465	PTPN2	M251V;R252G	Missense;Missense	0.065990028
5466	PTPN2		No Mutation	0.766168902
5467	PTPN2	V229V;D230G;T231A	Silent;Missense;Missense	0.9219000077929018
5468	PTPN2	T231T	Silent	-0.146401013
5469	PTPN2		No Mutation	-0.218145895
5470	PTPN2	A218A	Silent	0.8976482552990568
5471	PTPN2	I220T	Missense	-1.350260099
5472	PTPN2	H215R	Missense	-0.031826311
5473	PTPN2	H215R	Missense	0.1073384321107319
5474	PTPN2	I214V	Missense	0.3906249227589611
5475	PTPN2	C216R	Missense	0.4065478946607375
5476	PTPN2	I214T	Missense	-0.227007406
5477	PTPN2	V213A	Missense	0.004078247
5478	PTPN2	P211P	Silent	-0.235694637
5479	PTPN2		No Mutation	-0.001693485
5480	PTPN2	H209H	Silent	0.1260757351006016
5481	PTPN2		No Mutation	-1.10505261
5482	PTPN2		No Mutation	-0.856250139
5483	PTPN2	K198G	Missense	-0.897924871
5484	PTPN2	N194N;F195P	Silent;Missense	1.2931357724105967
5485	PTPN2	S191P;F192P	Missense;Missense	-0.538020722
5486	PTPN2	A190A;S191P;F192L	Silent;Missense;Missense	0.3510454857607255
5487	PTPN2	P186P	Silent	0.8371637753361201
5488	PTPN2	V185A	Missense	-0.135225468
5489	PTPN2	T178A;T179A	Missense;Missense	1.4963390652880062
5490	PTPN2	H174R	Missense	-1.616763406
5491	PTPN2	F175P	Missense	0.937061723
5492	PTPN2	(NC);(NC);(NC)	Intron;Intron;Intron	1.4161132827219571
5493	PTPN2	(NC);(NC);(NC);(NC)	Intron;Intron;Intron;Intron	-0.638014561
5494	PTPN2	M134V	Missense	1.0464562939631683
5495	PTPN2	F136F	Silent	-0.457925884
5496	PTPN2	M134T	Missense	1.6860375644093106
5497	PTPN2	K122G	Missense	0.1856461356126215
5498	PTPN2	(NC);(NC)	Intron;Intron	0.56608003
5499	PTPN2	S120P	Missense	-0.161404984
5500	PTPN2	I115V	Missense	-0.648574895
5501	PTPN2	M111V	Missense	0.5992142350865328
5502	PTPN2	M111T;L112P	Missense;Missense	-0.010003294
5503	PTPN2	V101A;W102R	Missense;Missense	0.2309090321089439
5504	PTPN2	H96R	Missense	0.6548327286960322
5505	PTPN2		No Mutation	-0.603661778
5506	PTPN2	H96H;F97P	Silent;Missense	0.3083644916596407
5507	PTPN2	N92S;T93A	Missense;Missense	-0.546406311
5508	PTPN2	C94R;C95R	Missense;Missense	1.036279830478522
5509	PTPN2	G88G	Silent	-0.221868843
5510	PTPN2		No Mutation	-0.489584229
5511	PTPN2	S82G	Missense	-1.886120338
5512	PTPN2	D75G;I76V	Missense;Missense	1.6019097783443148
5513	PTPN2	I76T	Missense	0.2107172171964859
5514	PTPN2	L73L	Silent	1.3992487861748328
5515	PTPN2	(NC);(NC)	Intron;Intron	-0.365347274
5516	PTPN2	(NC)	Intron	0.1370638651696794
5517	PTPN2	P53P	Silent	0.0323647832396554
5518	PTPN2	P53P	Silent	0.6026160777367827
5519	PTPN2	F39P	Missense	0.8192971842090522
5520	PTPN2	H34H	Silent	0.3000667075061234
5521	PTPN2	H34H	Silent	0.4153186301850532
5522	PTPN2	D31G	Missense	0.67203739
5523	PTPN2	(NC)	Intron	0.3480341983451285
5524	PTPN2	(NC)	Intron	0.669175466
5525	PTPN2	Y22C	Missense	0.9821779793715792
5526	PTPN2		No Mutation	-0.0871519
5527	PTPN2	D13G	Missense	0.1939395085242558
5528	PTPN2		No Mutation	1.0115714174427226
5529	PTPN2	F9S	Missense	0.1241119191924003
5530	PTPN2	F9P	Missense	0.9071364527451132
5531	PTPN2		No Mutation	0.1780439534692854
5532	PTPN2		No Mutation	1.0029856179527092
5533	PTPN2	I5T	Missense	-0.327703229
5534	PTPN2	T3A	Missense	-1.217503421
5535	PTPN2		No Mutation	1.1386500186927344
5536	PTPN2		No Mutation	-0.258635037
5537	PTPN2		No Mutation	-0.281139016
5538	PTPN2		No Mutation	-0.359405947
