ID	Gene	Mutation_list	Mutation_type	sgRNA_score
0	SETDB1	(NC)	UTR	-0.251722693
1	SETDB1	(NC)	UTR	-0.33188647
2	SETDB1	S3F;L4F	Missense;Missense	-0.384199383
3	SETDB1	P5F	Missense	-0.25265439
4	SETDB1	G9N	Missense	0.6868731052380819
5	SETDB1	G9N	Missense	0.6850996942367784
6	SETDB1	L10L;D11N	Silent;Missense	0.3999652029285091
7	SETDB1	A12V	Missense	-0.616582002
8	SETDB1		No Mutation	-0.01184397
9	SETDB1	L25L	Silent	-0.330121093
10	SETDB1	Q26*;Q27*	Nonsense;Nonsense	-1.113435238
11	SETDB1	A28V	Missense	-0.228479008
12	SETDB1	A28V	Missense	-0.957879109
13	SETDB1	L33L	Silent	-0.493316258
14	SETDB1	L33L	Silent	-0.034761239
15	SETDB1	I35I;S36F	Silent;Missense	-1.592582961
16	SETDB1	R41W;H42Y	Missense;Missense	-0.017824385
17	SETDB1	F43F	Silent	-0.060731684
18	SETDB1		No Mutation	-0.881004571
19	SETDB1	A62V	Missense	-0.215573841
20	SETDB1	A62V	Missense	-0.474006401
21	SETDB1	Q70*	Nonsense	-2.417717804
22	SETDB1	Q70*	Nonsense	0.3031888354237919
23	SETDB1	L81L	Silent	0.063118361
24	SETDB1	A85T	Missense	-0.12060473
25	SETDB1	S86F	Missense	-0.360978138
26	SETDB1	(NC);(NC);(NC)	Intron;Intron;Intron	-0.140611165
27	SETDB1	(NC)	Intron	1.2268373764246563
28	SETDB1	(NC)	Intron	0.078209156
29	SETDB1	V89V	Silent	-0.655902628
30	SETDB1	T90I	Missense	-0.16321399
31	SETDB1		No Mutation	0.7486628383297809
32	SETDB1	D98D	Silent	-0.078301343
33	SETDB1	D98D	Silent	-0.615222864
34	SETDB1	L103L	Silent	-0.625007564
35	SETDB1	L103L	Silent	-0.118197022
36	SETDB1		No Mutation	-0.067038059
37	SETDB1	Y107Y;R108W	Silent;Missense	-0.975684717
38	SETDB1	E113K;D114N	Missense;Missense	-0.58311346
39	SETDB1	S112F	Missense	-0.777660907
40	SETDB1		No Mutation	-0.670343627
41	SETDB1	E124K	Missense	0.1740368645915243
42	SETDB1	D131N;V132I	Missense;Missense	0.3606171447429002
43	SETDB1	V132V;L133F	Silent;Missense	-0.72095032
44	SETDB1	L133L	Silent	-0.434613661
45	SETDB1		No Mutation	-1.257528292
46	SETDB1	G138S;(NC)	Missense;Splice-donor	-1.161893247
47	SETDB1		No Mutation	-0.750308236
48	SETDB1		No Mutation	-0.842859989
49	SETDB1		No Mutation	-0.892115586
50	SETDB1	(NC);(NC)	Intron;Intron	-0.360254026
51	SETDB1	G141E;S142N	Missense;Missense	-0.696473806
52	SETDB1	T144I;P145S	Missense;Missense	-0.709273439
53	SETDB1	D147D;Q148*	Silent;Nonsense	-0.53151099
54	SETDB1	(NC);(NC)	Splice-donor;Intron	-0.503342134
55	SETDB1	Q148*	Nonsense	-1.536130086
56	SETDB1		No Mutation	-0.545132136
57	SETDB1	(NC);(NC);(NC)	Intron;Intron;Intron	1.0854894180931969
58	SETDB1		No Mutation	-0.983481078
59	SETDB1		No Mutation	-0.863967019
60	SETDB1		No Mutation	-0.004256583
61	SETDB1	(NC)	Splice-acceptor	-1.751160205
62	SETDB1	R151H	Missense	0.003846613
63	SETDB1	R151H;E152K	Missense;Missense	0.1826469113826047
64	SETDB1	R151H;E152K	Missense;Missense	-0.251532901
65	SETDB1	(NC);L150F	Intron;Missense	-0.19988043
66	SETDB1	A156T	Missense	-0.228567178
67	SETDB1		No Mutation	0.0101831054505379
68	SETDB1		No Mutation	-1.667577655
69	SETDB1	N172N	Silent	-0.875992323
70	SETDB1	S177F;Q178*	Missense;Nonsense	-1.182656216
71	SETDB1	L180L	Silent	-0.596476019
72	SETDB1	L180L	Silent	0.2937577760027904
73	SETDB1	G183R;(NC)	Missense;Splice-donor	-0.640090712
74	SETDB1	G183R;(NC)	Missense;Splice-donor	-1.332050292
75	SETDB1		No Mutation	0.7752704606868067
76	SETDB1		No Mutation	-0.009034642
77	SETDB1	(NC)	Intron	-0.100398688
78	SETDB1	T184I	Missense	-0.594048486
79	SETDB1	G190K	Missense	-0.027218138
80	SETDB1		No Mutation	-0.93924363
81	SETDB1	V200V	Silent	-0.169444137
82	SETDB1	M202I;R203Q	Missense;Missense	0.07145527
83	SETDB1	V200V	Silent	0.9477901950311092
84	SETDB1		No Mutation	-0.494645335
85	SETDB1	T210I	Missense	-1.003964126
86	SETDB1	A220V	Missense	-0.755050143
87	SETDB1	Q222Q	Silent	-0.11699343
88	SETDB1	Q222Q;V224I	Silent;Missense	-0.656672551
89	SETDB1	(NC);(NC)	Splice-donor;Intron	-0.988106128
90	SETDB1	(NC);(NC)	Intron;Intron	0.9188645202318818
91	SETDB1		No Mutation	-0.31776906
92	SETDB1		No Mutation	-0.411722886
93	SETDB1	G227K	Missense	-1.34847642
94	SETDB1	G227K	Missense	-0.164429418
95	SETDB1	P226L	Missense	-0.763228463
96	SETDB1	K231K;V232M	Silent;Missense	-1.413998267
97	SETDB1		No Mutation	-0.51823338
98	SETDB1		No Mutation	-0.892450596
99	SETDB1		No Mutation	-0.595288576
100	SETDB1		No Mutation	0.6186351637789276
101	SETDB1		No Mutation	-1.284085076
102	SETDB1		No Mutation	-0.408573504
103	SETDB1	K257K	Silent	-0.5427072
104	SETDB1	A255V	Missense	0.6704681388096979
105	SETDB1	K257K;L258L	Silent;Silent	-0.313075811
106	SETDB1	A255V	Missense	-0.080791938
107	SETDB1	L258L	Silent	-0.692762331
108	SETDB1	V260M	Missense	0.7991825186032633
109	SETDB1	L258L	Silent	-0.720623134
110	SETDB1	L258L	Silent	-0.240579914
111	SETDB1		No Mutation	-0.627351298
112	SETDB1	V265V;A266V	Silent;Missense	-0.560878115
113	SETDB1	V265V;A266V	Silent;Missense	0.007335736
114	SETDB1	Y268Y	Silent	-0.374527315
115	SETDB1	G271E	Missense	-1.200358046
116	SETDB1		No Mutation	0.0113009933431373
117	SETDB1	Q273*	Nonsense	-1.13506877
118	SETDB1	N286N;V287V	Silent;Silent	0.5199465355706733
119	SETDB1	N289N	Silent	-0.801285806
120	SETDB1	L291F	Missense	-0.949285622
121	SETDB1	(NC)	Intron	-0.110527069
122	SETDB1	(NC)	Intron	0.4152222266060396
123	SETDB1	S303F	Missense	-0.817316664
124	SETDB1	S308S;E309K	Silent;Missense	0.2571153380846751
125	SETDB1	L310L	Silent	-0.19163325
126	SETDB1	(NC);(NC)	Splice-donor;Intron	-0.990602318
127	SETDB1	(NC);(NC);(NC)	Splice-donor;Intron;Intron	-0.471161421
128	SETDB1		No Mutation	-0.264718286
129	SETDB1		No Mutation	0.1852472992777624
130	SETDB1	(NC)	Intron	-0.798624583
131	SETDB1	(NC)	Intron	0.4104245262395798
132	SETDB1		No Mutation	-1.064724608
133	SETDB1	S328S;C329C;R330C	Silent;Silent;Missense	-0.84351517
134	SETDB1	E334K	Missense	0.083082971
135	SETDB1	E334E;E335K	Silent;Missense	-0.337242954
136	SETDB1	A339A;Y340Y;P341S	Silent;Silent;Missense	-0.868048731
137	SETDB1	M345I	Missense	-1.050939145
138	SETDB1	M345I;V346I	Missense;Missense	-0.987630328
139	SETDB1	V346I	Missense	0.1763508511605525
140	SETDB1	L347L	Silent	-0.528991865
141	SETDB1	L347L	Silent	-0.276397456
142	SETDB1		No Mutation	-0.642926136
143	SETDB1	K349K	Silent	-0.330939969
144	SETDB1	K349K;S350N	Silent;Missense	-0.143025657
145	SETDB1	K349K;S350N	Silent;Missense	-0.780726459
146	SETDB1	L353F	Missense	-0.758199224
147	SETDB1	L353F	Missense	0.3373054839406871
148	SETDB1	E357K	Missense	-0.81097331
149	SETDB1	I354I	Silent	1.7728986086298155
150	SETDB1	T356I	Missense	-0.946886034
151	SETDB1		No Mutation	-1.340291374
152	SETDB1		No Mutation	-0.769017341
153	SETDB1		No Mutation	-2.294143155
154	SETDB1	S365F;R366*	Missense;Nonsense	-1.865171211
155	SETDB1	R366*	Nonsense	-2.939800444
156	SETDB1	V370V;D371N	Silent;Missense	-0.810414489
157	SETDB1	V370V;D371N;G372S	Silent;Missense;Missense	-0.763709229
158	SETDB1		No Mutation	0.1750800770150156
159	SETDB1	V375V	Silent	-0.531340926
160	SETDB1		No Mutation	-1.183480971
161	SETDB1	(NC)	Intron	-1.014048784
162	SETDB1		No Mutation	-0.424721282
163	SETDB1	(NC)	Intron	0.033444713
164	SETDB1	D382D	Silent	-0.871097574
165	SETDB1		No Mutation	-0.754598265
166	SETDB1	I388I	Silent	-0.934666348
167	SETDB1	R390*	Nonsense	-1.946713084
168	SETDB1	S404F	Missense	0.071313372
169	SETDB1	L409L;E410K	Silent;Missense	-0.517692787
170	SETDB1	A408V;L409L	Missense;Silent	-0.020233282
171	SETDB1	K411K;K412K	Silent;Silent	-0.679398205
172	SETDB1		No Mutation	-1.036815383
173	SETDB1	L416L	Silent	-0.258785756
174	SETDB1	T418I	Missense	0.041129525
175	SETDB1	(NC)	Intron	-0.090661707
176	SETDB1	(NC)	Intron	3.503068443809388
177	SETDB1	(NC);(NC)	Intron;Intron	-0.044835033
178	SETDB1	A424T;V425M	Missense;Missense	-0.318069413
179	SETDB1	A424V	Missense	-0.360514605
180	SETDB1	R426K;S427N	Missense;Missense	1.930393092047612
181	SETDB1		No Mutation	-0.10976581
182	SETDB1		No Mutation	0.3635111054770468
183	SETDB1		No Mutation	0.1242216156588932
184	SETDB1	Y434Y;T435I	Silent;Missense	0.8793055568430999
185	SETDB1	L438L	Silent	-0.235777919
186	SETDB1	Q436*	Nonsense	0.5636776116052824
187	SETDB1	Q444Q	Silent	-0.245417425
188	SETDB1	T443I;Q444*	Missense;Nonsense	-0.647225141
189	SETDB1	V448V;E449K	Silent;Missense	-0.095580652
190	SETDB1	V448V;E449K	Silent;Missense	-0.018244354
191	SETDB1	Q452Q	Silent	0.1442586546280884
192	SETDB1	A455T	Missense	0.2975127149345764
193	SETDB1		No Mutation	-0.379157191
194	SETDB1		No Mutation	-1.09149316
195	SETDB1		No Mutation	-0.735819636
196	SETDB1	A458T	Missense	-0.129642922
197	SETDB1		No Mutation	-0.569025956
198	SETDB1		No Mutation	0.5096720713885805
199	SETDB1	A464T	Missense	-0.577569675
200	SETDB1	A464T	Missense	-0.029537795
201	SETDB1	A464T	Missense	-0.561623859
202	SETDB1		No Mutation	0.019118588538496
203	SETDB1		No Mutation	-1.099156877
204	SETDB1		No Mutation	-0.721775314
205	SETDB1		No Mutation	0.941772511511584
206	SETDB1	P466F;L467L	Missense;Silent	0.3433318702912031
207	SETDB1	A471T	Missense	-0.676548852
208	SETDB1	A471T;G472N	Missense;Missense	-0.7640232
209	SETDB1	S474N	Missense	-0.713860918
210	SETDB1	S474N;D475N	Missense;Missense	-0.408045259
211	SETDB1	S474N;D475N	Missense;Missense	-0.403475264
212	SETDB1	S474N;D475N;(NC)	Missense;Missense;Splice-donor	-0.493048971
213	SETDB1	D475N;(NC)	Missense;Splice-donor	-0.972555702
214	SETDB1		No Mutation	-0.643150651
215	SETDB1	(NC)	Intron	-0.334667609
216	SETDB1	S478N	Missense	0.0190574378055883
217	SETDB1	S478S;Q479*	Silent;Nonsense	-1.045985712
218	SETDB1	A481V;Q482*	Missense;Nonsense	-0.331010901
219	SETDB1	R484Q	Missense	0.2379674256580941
220	SETDB1	Q486Q;V487I	Silent;Missense	-0.788601293
221	SETDB1	Q486Q;V487I;A488T	Silent;Missense;Missense	0.2878386072549249
222	SETDB1	S491S;T492M	Silent;Missense	0.5829030634660615
223	SETDB1	S493S;R495*	Silent;Nonsense	-0.995807552
224	SETDB1	R495*	Nonsense	-1.207978047
225	SETDB1	V499I	Missense	-0.258459404
226	SETDB1	P496L	Missense	0.1575664107264815
227	SETDB1	G502N	Missense	-0.508937255
228	SETDB1	A510T	Missense	-0.348562096
229	SETDB1		No Mutation	-0.598808961
230	SETDB1		No Mutation	-1.033387992
231	SETDB1	S512N	Missense	0.7173243776448462
232	SETDB1	L511F	Missense	-0.432691987
233	SETDB1		No Mutation	-0.662643824
234	SETDB1		No Mutation	-0.254113391
235	SETDB1	V515V;S516F	Silent;Missense	-0.705906841
236	SETDB1	V515V;S516F	Silent;Missense	0.9252689953574644
237	SETDB1	I522I	Silent	-0.781708669
238	SETDB1		No Mutation	-0.745554592
239	SETDB1		No Mutation	-0.317405439
240	SETDB1		No Mutation	0.5124795881628323
241	SETDB1	A534T	Missense	0.0125699548660265
242	SETDB1	A538T	Missense	-0.214779421
243	SETDB1		No Mutation	-0.075045078
244	SETDB1	A538V;P539S	Missense;Missense	-0.243954354
245	SETDB1		No Mutation	-0.09227073
246	SETDB1		No Mutation	-0.092286393
247	SETDB1		No Mutation	0.5032703892695367
248	SETDB1	A544T	Missense	-0.046296354
249	SETDB1		No Mutation	0.0223518099687139
250	SETDB1		No Mutation	-0.026942422
251	SETDB1		No Mutation	-0.480031962
252	SETDB1	V550I	Missense	0.4756655243347667
253	SETDB1	V550I	Missense	-0.052668653
254	SETDB1	A547V;P548F	Missense;Missense	-0.347857922
255	SETDB1	V550I	Missense	-0.613155603
256	SETDB1		No Mutation	0.4926446451730975
257	SETDB1	V550V	Silent	1.1278678633692092
258	SETDB1	G553N	Missense	-0.05877581
259	SETDB1	G553D;M554I	Missense;Missense	-0.284290571
260	SETDB1	M554I	Missense	-0.614982572
261	SETDB1	M554I	Missense	-0.408477179
262	SETDB1	F551F;H552Y	Silent;Missense	-0.182711795
263	SETDB1	F551F;H552Y	Silent;Missense	0.8756187344075109
264	SETDB1	E556E;R557Q;A558T	Silent;Missense;Missense	0.2292141687057425
265	SETDB1		No Mutation	-0.630068079
266	SETDB1		No Mutation	-1.370425086
267	SETDB1	R565H	Missense	-0.496798822
268	SETDB1	P562P;S563F	Silent;Missense	-0.69349722
269	SETDB1		No Mutation	-1.158875603
270	SETDB1	M568I	Missense	-0.791063737
271	SETDB1	M568I;E569K	Missense;Missense	-0.396327979
272	SETDB1	E569E;K570K	Silent;Silent	-0.365158195
273	SETDB1		No Mutation	-0.345513298
274	SETDB1		No Mutation	1.2445850937636187
275	SETDB1		No Mutation	1.1835665810404967
276	SETDB1	R587K	Missense	-0.370875035
277	SETDB1	S584F;R585*	Missense;Nonsense	-2.268052902
278	SETDB1		No Mutation	-0.236545508
279	SETDB1		No Mutation	0.3215070070767648
280	SETDB1		No Mutation	-0.543975634
281	SETDB1	Q593Q	Silent	-0.62653918
282	SETDB1	G596G	Silent	-0.338738204
283	SETDB1	L600L	Silent	-0.79302131
284	SETDB1	P603P	Silent	-0.209390527
285	SETDB1		No Mutation	0.0203497734933049
286	SETDB1	P603L	Missense	-1.114728638
287	SETDB1	L605L	Silent	0.1164026337421483
288	SETDB1		No Mutation	0.154577369682715
289	SETDB1	R609Q	Missense	1.289358938211643
290	SETDB1	F608F;R609W	Silent;Missense	-0.087580346
291	SETDB1	R614Q	Missense	0.3293931623877749
292	SETDB1	R619H	Missense	0.038089797
293	SETDB1	R616*	Nonsense	-1.645338741
294	SETDB1	R619H	Missense	-0.452286692
295	SETDB1	R616*	Nonsense	-2.692921085
296	SETDB1	V625I	Missense	-0.296951233
297	SETDB1	I626I	Silent	0.5205804844813816
298	SETDB1	P630L	Missense	-0.429434614
299	SETDB1	R636Q	Missense	-0.190276879
300	SETDB1	Q639Q;E640K	Silent;Missense	-1.577048325
301	SETDB1	C650Y;D651N	Missense;Missense	-0.839544026
302	SETDB1	G649G	Silent	0.3868495425643228
303	SETDB1	F654F;L655L	Silent;Silent	-0.278296061
304	SETDB1	M657I	Missense	-0.870050057
305	SETDB1	L660L;D661N	Silent;Missense	0.068451959
306	SETDB1	P662S	Missense	-0.82106694
307	SETDB1	D667N;R668Q	Missense;Missense	0.7908392267935254
308	SETDB1		No Mutation	-0.792054343
309	SETDB1		No Mutation	-1.004762088
310	SETDB1		No Mutation	0.4258172183451296
311	SETDB1	L680L;D681N	Silent;Missense	-0.048240186
312	SETDB1	D681D	Silent	-0.57145009
313	SETDB1	E696K	Missense	-0.721818734
314	SETDB1	E696K	Missense	-1.310521428
315	SETDB1	E696K	Missense	-0.754315556
316	SETDB1	D698N	Missense	-0.090299023
317	SETDB1	D698D;T699I	Silent;Missense	-0.955693652
318	SETDB1	T700I;P701S	Missense;Missense	-0.829974355
319	SETDB1	V705V;A706T	Silent;Missense	-0.89054681
320	SETDB1	V705V;A706T	Silent;Missense	0.2139229513588899
321	SETDB1	A706T	Missense	-0.715987666
322	SETDB1	P703P;Q704*	Silent;Nonsense	-2.044221557
323	SETDB1	S708N	Missense	-0.60750754
324	SETDB1	S708N	Missense	-0.521675319
325	SETDB1	S708N;K709K	Missense;Silent	0.254460900198812
326	SETDB1	K709K;E710K	Silent;Missense	-0.601814864
327	SETDB1	Y707Y;S708S	Silent;Silent	1.0862028917587407
328	SETDB1	S708S	Silent	-0.29443365
329	SETDB1	R711H	Missense	0.013182949292197
330	SETDB1	R711C	Missense	-0.819388992
331	SETDB1	R711C	Missense	-0.748905995
332	SETDB1		No Mutation	-0.510503516
333	SETDB1		No Mutation	0.1651389335432169
334	SETDB1	N720N;T721I	Silent;Missense	-0.345955684
335	SETDB1	G722G;P723F	Silent;Missense	-0.162435176
336	SETDB1	G728N	Missense	-1.125382721
337	SETDB1	G728N;C729Y	Missense;Missense	-1.413960685
338	SETDB1		No Mutation	-0.312310424
339	SETDB1	G728G	Silent	-0.174852861
340	SETDB1	G728G	Silent	-0.376421407
341	SETDB1	D730D;C731C	Silent;Silent	-0.577677793
342	SETDB1	D730D;C731C	Silent;Silent	0.30028056
343	SETDB1	R736W	Missense	0.8895756100951298
344	SETDB1	R736W	Missense	-0.146543044
345	SETDB1	D737D	Silent	-0.058649595
346	SETDB1	D737D	Silent	-0.051931535
347	SETDB1	D737D	Silent	-0.798715937
348	SETDB1	D737D	Silent	0.1684268425351767
349	SETDB1	(NC)	Intron	1.0147728523309272
350	SETDB1	(NC)	Intron	-0.233594515
351	SETDB1	K738K	Silent	-0.616673791
352	SETDB1		No Mutation	-0.454091671
353	SETDB1		No Mutation	1.295168449484633
354	SETDB1	C743C;H744Y;Q745*	Silent;Missense;Nonsense	-0.971611507
355	SETDB1		No Mutation	-0.88458624
356	SETDB1	Q749Q;A750T	Silent;Missense	-0.387391939
357	SETDB1	A750V;T751I	Missense;Missense	0.3524947005703203
358	SETDB1		No Mutation	-0.077621267
359	SETDB1	T751I;A752V	Missense;Missense	-0.727821748
360	SETDB1	G757D	Missense	-0.232626276
361	SETDB1		No Mutation	-0.8629687
362	SETDB1		No Mutation	-0.052909317
363	SETDB1		No Mutation	0.057678224
364	SETDB1	Q758*	Nonsense	-0.487851203
365	SETDB1	G764S	Missense	-0.130870224
366	SETDB1	Q766Q	Silent	1.6992069807971562
367	SETDB1	Q766Q	Silent	-0.703133472
368	SETDB1	E771K;E772K	Missense;Missense	-0.546589492
369	SETDB1		No Mutation	-0.262099633
370	SETDB1		No Mutation	-0.1786885
371	SETDB1	L774L;P775S	Silent;Missense	-0.319454338
372	SETDB1	P775P;T776I	Silent;Missense	-0.888179804
373	SETDB1	(NC)	Intron	-0.411934749
374	SETDB1		No Mutation	-1.340305316
375	SETDB1	(NC)	Intron	-0.193568712
376	SETDB1	(NC)	Intron	-0.536083485
377	SETDB1	E780K	Missense	-0.201124451
378	SETDB1	E780K;C781Y	Missense;Missense	-2.553889753
379	SETDB1	C781Y	Missense	-2.633603065
380	SETDB1	C781Y	Missense	-0.395843257
381	SETDB1	P789L;N790N	Missense;Silent	-0.27655734
382	SETDB1	N790N	Silent	-0.25535462
383	SETDB1		No Mutation	0.1164114093910825
384	SETDB1	R795Q	Missense	-0.287187526
385	SETDB1	N794N;R795W	Silent;Missense	-0.745163652
386	SETDB1	G800K	Missense	-1.31570525
387	SETDB1	H799Y	Missense	-0.320162566
388	SETDB1	F808F	Silent	-0.138071923
389	SETDB1	F808F	Silent	0.1139420224535391
390	SETDB1	T810I	Missense	-0.364731856
391	SETDB1	T810I;Q811*	Missense;Nonsense	-1.57168033
392	SETDB1	T810I;Q811*	Missense;Nonsense	-0.630731438
393	SETDB1	G814G	Silent	-0.824260196
394	SETDB1	A824T	Missense	-0.95531107
395	SETDB1		No Mutation	0.264222665871333
396	SETDB1	C830Y	Missense	-0.42962438
397	SETDB1		No Mutation	4.381645575801805
398	SETDB1		No Mutation	-0.197408429
399	SETDB1		No Mutation	0.3989186219755761
400	SETDB1		No Mutation	0.065147294
401	SETDB1		No Mutation	-1.16134284
402	SETDB1		No Mutation	-0.311373559
403	SETDB1	A842T;D843N	Missense;Missense	-1.543529163
404	SETDB1	D840D	Silent	-0.033727789
405	SETDB1	D840D	Silent	-0.223906372
406	SETDB1	A842V	Missense	-0.48097019
407	SETDB1	D843D	Silent	-0.304296319
408	SETDB1		No Mutation	-0.33842598
409	SETDB1		No Mutation	0.3747761608866459
410	SETDB1	D858D;H859Y	Silent;Missense	-1.250642986
411	SETDB1	V863V;E864K	Silent;Missense	-2.594420119
412	SETDB1		No Mutation	0.3362141316247407
413	SETDB1	S877F	Missense	-0.448743612
414	SETDB1	S880N	Missense	-0.823318271
415	SETDB1	S880N	Missense	-0.050679587
416	SETDB1	S880N;S881N	Missense;Missense	-0.865592207
417	SETDB1	S880N;S881N	Missense;Missense	-0.213403247
418	SETDB1	G882D;V883I	Missense;Missense	0.1150942221528227
419	SETDB1	S880S	Silent	-0.358582122
420	SETDB1		No Mutation	0.576023844
421	SETDB1		No Mutation	-0.119877673
422	SETDB1	Q888*	Nonsense	-1.700862427
423	SETDB1	S893N;G894S	Missense;Missense	0.4780745014439244
424	SETDB1	G891G	Silent	0.6021815919567395
425	SETDB1	D903N;D904N	Missense;Missense	-0.077383679
426	SETDB1	D903N;D904N	Missense;Missense	0.1049784632706726
427	SETDB1	D907N	Missense	0.2707951199162595
428	SETDB1		No Mutation	0.2277688895421995
429	SETDB1	N909N	Silent	-0.422653443
430	SETDB1	F916F;S917S	Silent;Silent	-0.432804416
431	SETDB1	S917S;T918I	Silent;Missense	-0.288042313
432	SETDB1	R923Q;S924N	Missense;Missense	-0.449437455
433	SETDB1	R923W	Missense	-0.569266926
434	SETDB1	S924S	Silent	0.8369480651880878
435	SETDB1	A926V;T927I	Missense;Missense	0.2304085039338117
436	SETDB1	T927I;R928W	Missense;Missense	-0.618229551
437	SETDB1	T927I;R928W	Missense;Missense	-0.657306481
438	SETDB1	R932Q;G933N	Missense;Missense	0.1644492951970639
439	SETDB1	R932R;G933N	Silent;Missense	-0.658246123
440	SETDB1	R932W	Missense	-0.14568474
441	SETDB1	E936E	Silent	0.501319131
442	SETDB1	E936E;G938R	Silent;Missense	0.3979515913427551
443	SETDB1		No Mutation	0.2156960049407937
444	SETDB1	L939L;S940F	Silent;Missense	-0.270520467
445	SETDB1		No Mutation	2.403620048630138
446	SETDB1	S947F;H948Y	Missense;Missense	0.1110783112584641
447	SETDB1	G953K	Missense	-0.644233765
448	SETDB1	G953K	Missense	-0.490793833
449	SETDB1		No Mutation	-0.175393948
450	SETDB1		No Mutation	0.3499995073496035
451	SETDB1		No Mutation	-0.500103685
452	SETDB1		No Mutation	0.5169613751221058
453	SETDB1		No Mutation	-0.568411201
454	SETDB1	V959I	Missense	0.3675500250351871
455	SETDB1		No Mutation	-0.375309914
456	SETDB1		No Mutation	0.2531218735525543
457	SETDB1		No Mutation	0.0150877497483264
458	SETDB1	P960F;P961F	Missense;Missense	-0.491262837
459	SETDB1		No Mutation	-0.334211613
460	SETDB1	P961F;S962L	Missense;Missense	-0.236751556
461	SETDB1	V965I;G966N	Missense;Missense	0.2218855433433992
462	SETDB1	G966N;G967N	Missense;Missense	-0.132104816
463	SETDB1	G966D;G967N	Missense;Missense	-0.021131758
464	SETDB1		No Mutation	-0.012081645
465	SETDB1		No Mutation	-0.4947824
466	SETDB1	E975K	Missense	-0.691661322
467	SETDB1		No Mutation	-0.311969523
468	SETDB1	K978K	Silent	0.7565477391897041
469	SETDB1		No Mutation	-0.048784083
470	SETDB1	K978K	Silent	-0.591030031
471	SETDB1	T976I;P977S	Missense;Missense	-0.762919802
472	SETDB1	N979N	Silent	-1.321121262
473	SETDB1	A982T	Missense	0.4569824396684747
474	SETDB1		No Mutation	-1.009777799
475	SETDB1	C987Y	Missense	-0.230319557
476	SETDB1	C987C	Silent	-0.549127895
477	SETDB1		No Mutation	-1.396097348
478	SETDB1	K1005K	Silent	-0.31727842
479	SETDB1	S1003F	Missense	0.7446047173951278
480	SETDB1	F1004F	Silent	-0.563593569
481	SETDB1	F1004F	Silent	-0.057752823
482	SETDB1	F1004F	Silent	-0.263719144
483	SETDB1	G1009N	Missense	0.2988946221109938
484	SETDB1	T1006I	Missense	-0.837449417
485	SETDB1	T1006I	Missense	-0.068659895
486	SETDB1		No Mutation	0.2731976491136179
487	SETDB1		No Mutation	0.1615718956972651
488	SETDB1		No Mutation	0.2501260181314911
489	SETDB1		No Mutation	0.1860233578654665
490	SETDB1		No Mutation	-0.120596944
491	SETDB1		No Mutation	-0.05542043
492	SETDB1	A1014V	Missense	-0.447539137
493	SETDB1		No Mutation	-0.379554384
494	SETDB1	R1018Q	Missense	0.3904737278892317
495	SETDB1	S1017S;R1018*	Silent;Nonsense	-0.560728345
496	SETDB1	E1022E;K1023K;A1024T	Silent;Silent;Missense	0.1805170651382283
497	SETDB1		No Mutation	-0.088428745
498	SETDB1	A1024V;S1025F	Missense;Missense	0.084689974
499	SETDB1	G1030N	Missense	-0.239812227
500	SETDB1	T1026T;S1027L	Silent;Missense	-0.570906331
501	SETDB1	G1030D	Missense	-0.340328049
502	SETDB1	K1032K	Silent	-0.124489468
503	SETDB1	L1029L	Silent	-0.842996617
504	SETDB1	L1029L	Silent	0.2823360088135064
505	SETDB1		No Mutation	-0.331659569
506	SETDB1	I1037I;Q1039*	Silent;Nonsense	-0.689811547
507	SETDB1		No Mutation	-1.40019655
508	SETDB1	(NC);(NC)	Intron;Intron	0.4625508295094125
509	SETDB1		No Mutation	-1.455936592
510	SETDB1		No Mutation	-2.269311469
511	SETDB1	R1048Q	Missense	-0.441469433
512	SETDB1	V1053I;(NC)	Missense;Splice-donor	-2.723729564
513	SETDB1	(NC);V1054I	Splice-acceptor;Missense	-1.247859311
514	SETDB1		No Mutation	2.244185160773453
515	SETDB1	E1056K	Missense	-0.593860831
516	SETDB1	E1056K	Missense	-0.421777477
517	SETDB1	E1056K;S1057N	Missense;Missense	0.088944938
518	SETDB1	S1057N	Missense	-0.879712029
519	SETDB1		No Mutation	0.289925074153039
520	SETDB1	S1066F;P1067F	Missense;Missense	-0.940020474
521	SETDB1	E1071K	Missense	-0.298207379
522	SETDB1	G1072K	Missense	-0.698824853
523	SETDB1	R1075H	Missense	0.1555337417609792
524	SETDB1	K1079K	Silent	0.5123472438075622
525	SETDB1	S1081N	Missense	-0.809937937
526	SETDB1	S1081N	Missense	-0.187580334
527	SETDB1	M1082I	Missense	0.5849824423695942
528	SETDB1	Q1084*	Nonsense	-0.548616151
529	SETDB1	A1092T	Missense	0.1093684607639505
530	SETDB1	(NC)	Intron	-1.6676689
531	SETDB1		No Mutation	-0.936681738
532	SETDB1		No Mutation	1.108673796754039
533	SETDB1	(NC);(NC);(NC)	Intron;Intron;Intron	-0.314796112
534	SETDB1	(NC);D1098N	Splice-acceptor;Missense	-1.96054554
535	SETDB1	(NC);D1098N;V1099I	Splice-acceptor;Missense;Missense	-2.271721646
536	SETDB1	V1099I	Missense	-0.103092626
537	SETDB1		No Mutation	-0.257013917
538	SETDB1	L1102L	Silent	0.8444378126844043
539	SETDB1	L1102L	Silent	-0.494992906
540	SETDB1	S1105N	Missense	0.041159506
541	SETDB1	S1103S;S1104S	Silent;Silent	-0.737443704
542	SETDB1	S1104S	Silent	-1.03624018
543	SETDB1	S1104S;S1105S	Silent;Silent	-0.72226326
544	SETDB1	S1104S;S1105S	Silent;Silent	-0.832949897
545	SETDB1	S1108N;E1109K	Missense;Missense	-0.336591241
546	SETDB1		No Mutation	0.1817133481520023
547	SETDB1		No Mutation	0.908160591
548	SETDB1	S1115S;R1116*	Silent;Nonsense	-1.132648277
549	SETDB1	A1120T	Missense	0.7639006545685938
550	SETDB1	G1121N	Missense	-0.073559168
551	SETDB1	P1118P;T1119I	Silent;Missense	-0.602538927
552	SETDB1		No Mutation	-0.600250037
553	SETDB1	S1124S	Silent	-0.143700208
554	SETDB1	Q1122*	Nonsense	-1.700474455
555	SETDB1	I1133I;Q1134*	Silent;Nonsense	-0.056165425
556	SETDB1	G1139N	Missense	1.2120542814530229
557	SETDB1	S1137F	Missense	-0.98523961
558	SETDB1	S1137F	Missense	-0.446027676
559	SETDB1	S1137F	Missense	-0.863845482
560	SETDB1	E1141K	Missense	-0.262357351
561	SETDB1	G1142E;D1143N	Missense;Missense	0.3354146251744212
562	SETDB1		No Mutation	-1.410066623
563	SETDB1	D1147D	Silent	-1.102128046
564	SETDB1	N1150N	Silent	-0.185701924
565	SETDB1	(NC)	Intron	0.9131739487016008
566	SETDB1	(NC);(NC)	Intron;Intron	-0.532309197
567	SETDB1	(NC)	Intron	0.6017122784899245
568	SETDB1	(NC)	Intron	0.6810824821867839
569	SETDB1	(NC)	Splice-acceptor	-2.343304574
570	SETDB1		No Mutation	-0.32720809
571	SETDB1	M1155I	Missense	0.9528463252619924
572	SETDB1	M1155I;K1156K	Missense;Silent	0.1312728371934123
573	SETDB1	P1154L	Missense	0.083015514
574	SETDB1	R1157H	Missense	-0.037967753
575	SETDB1	V1159I;A1160T	Missense;Missense	3.1681534866685417
576	SETDB1	A1160V	Missense	-0.903996169
577	SETDB1		No Mutation	2.1719371345419693
578	SETDB1		No Mutation	-0.374194416
579	SETDB1	A1168V;L1169F	Missense;Missense	-0.165032915
580	SETDB1	A1168V;L1169F	Missense;Missense	-0.048094143
581	SETDB1		No Mutation	1.0794272913673302
582	SETDB1		No Mutation	-0.151384486
583	SETDB1		No Mutation	1.0056740227731913
584	SETDB1	T1180I	Missense	-0.881451138
585	SETDB1	N1181N	Silent	-0.073196778
586	SETDB1	A1183V	Missense	0.6016180097113187
587	SETDB1	A1183V	Missense	-0.406027366
588	SETDB1	V1185V;D1186N	Silent;Missense	0.8957471167807455
589	SETDB1	A1183V	Missense	-0.469088136
590	SETDB1	G1188E;E1189K	Missense;Missense	-0.824146319
591	SETDB1	R1198H	Missense	-0.698923806
592	SETDB1	T1197I;R1198C	Missense;Missense	-0.409871998
593	SETDB1	R1198R;Q1199*	Silent;Nonsense	-0.081008683
594	SETDB1	E1204K;E1205K	Missense;Missense	-1.687586313
595	SETDB1		No Mutation	1.2008982014138765
596	SETDB1	A1212A;L1214F	Silent;Missense	0.1714308616307193
597	SETDB1	L1214F	Missense	-0.038415496
598	SETDB1	L1218L	Silent	1.3077780235477083
599	SETDB1	(NC)	Splice-donor	-0.28812137
600	SETDB1	(NC);(NC)	Intron;Intron	-0.609739393
601	SETDB1		No Mutation	-1.816445976
602	SETDB1	(NC)	Splice-acceptor	-0.684618508
603	SETDB1	S1225N	Missense	-0.800221284
604	SETDB1	S1227N	Missense	0.6071391661549967
605	SETDB1	Q1233Q	Silent	0.2777412360962205
606	SETDB1	Q1233Q	Silent	-0.735526789
607	SETDB1	Q1233Q	Silent	-0.122734538
608	SETDB1	V1232V;Q1233*	Silent;Nonsense	-0.640989969
609	SETDB1	V1235I	Missense	0.7576422097224587
610	SETDB1	V1237V;D1238N	Silent;Missense	-0.457118075
611	SETDB1		No Mutation	-0.571109344
612	SETDB1	L1242F	Missense	-1.322370256
613	SETDB1		No Mutation	-0.361133136
614	SETDB1	L1242F;R1243C	Missense;Missense	-2.550714075
615	SETDB1		No Mutation	-0.224768017
616	SETDB1	A1251T	Missense	-0.559405994
617	SETDB1	A1251T	Missense	0.9702184856947343
618	SETDB1	A1251T	Missense	1.1090470751647827
619	SETDB1	F1249F	Silent	-0.713453743
620	SETDB1	(NC)	Splice-donor	-0.255909558
621	SETDB1	A1251V;S1252S	Missense;Silent	0.8719721245291989
622	SETDB1		No Mutation	-0.565762221
623	SETDB1		No Mutation	-0.05080892
624	SETDB1	(NC);(NC)	Intron;Intron	0.6483642161751835
625	SETDB1		No Mutation	-0.471922858
626	SETDB1		No Mutation	-1.243285803
627	SETDB1	(NC)	Splice-acceptor	-3.652042679
628	SETDB1	(NC);(NC);(NC)	Intron;Intron;Intron	0.044139632
629	SETDB1	(NC);(NC);(NC)	Intron;Intron;Intron	0.2452164197260362
630	SETDB1	(NC)	Intron	-0.871495293
631	SETDB1	(NC)	Intron	0.044953136
632	SETDB1	R1256Q;A1257T	Missense;Missense	-1.242034301
633	SETDB1	A1257V	Missense	-0.578270665
634	SETDB1		No Mutation	-1.64193092
635	SETDB1		No Mutation	0.1196978340743238
636	SETDB1		No Mutation	-0.55536459
637	SETDB1	D1264D	Silent	-0.428773234
638	SETDB1	D1264D	Silent	-0.923934979
639	SETDB1	N1266N;Y1267Y	Silent;Silent	-0.849153863
640	SETDB1		No Mutation	-0.633379276
641	SETDB1	G1270G	Silent	-0.594583844
642	SETDB1	L1277L	Silent	-0.217477402
643	SETDB1	L1277L	Silent	0.2215890706433242
644	SETDB1	L1277L;L1278F	Silent;Missense	0.8904932189548672
645	SETDB1	A1283V	Missense	-0.323636874
646	SETDB1	G1288E;R1289H	Missense;Missense	-0.513746197
647	SETDB1		No Mutation	0.5183023610344901
648	TRIM28	(NC);(NC);(NC)	UTR;UTR;UTR	-0.811245393
649	TRIM28	(NC);(NC);(NC)	UTR;UTR;UTR	-0.618274595
650	TRIM28	(NC);(NC);(NC);(NC)	UTR;UTR;UTR;UTR	0.2467515970835268
651	TRIM28	(NC);(NC)	UTR;UTR	0.4383899016807546
652	TRIM28	(NC);M1I	UTR;Missense	-0.126724858
653	TRIM28	M1I;A2T	Missense;Missense	0.7033552072130281
654	TRIM28	M1I;A2T	Missense;Missense	1.4433772772179272
655	TRIM28	M1I;A2T	Missense;Missense	0.2610467041362058
656	TRIM28		No Mutation	0.2807214771344427
657	TRIM28		No Mutation	-0.242127895
658	TRIM28	A3A;S4F	Silent;Missense	-0.280293104
659	TRIM28	S9S	Silent	-0.087276576
660	TRIM28	S9S;A10T	Silent;Missense	-0.206967749
661	TRIM28	A7V	Missense	0.2659730908514003
662	TRIM28	A8A;S9L	Silent;Missense	0.037694789
663	TRIM28	S14S	Silent	-0.024324673
664	TRIM28	A12V;A13V	Missense;Missense	-0.682106268
665	TRIM28	A15V	Missense	2.449529895795876
666	TRIM28	A15V;A16V	Missense;Missense	0.4474774641233187
667	TRIM28	G18D;S19N	Missense;Missense	0.030955584
668	TRIM28	A16A;S17F	Silent;Missense	0.3604863587408611
669	TRIM28	S17F	Missense	0.076278646
670	TRIM28	P20P;G21N	Silent;Missense	0.4916321167600589
671	TRIM28	G21D;P22P	Missense;Silent	0.2932972113450965
672	TRIM28	G18G;S19S;P20S	Silent;Silent;Missense	0.3509753777608205
673	TRIM28	S19S;P20L	Silent;Missense	-0.836149143
674	TRIM28	E24E;G25N	Silent;Missense	0.30830816865603
675	TRIM28	P22L	Missense	0.6344527681738004
676	TRIM28	G25N	Missense	3.42206504034102
677	TRIM28	G23G	Silent	0.4187673939123447
678	TRIM28	A27T;G28S	Missense;Missense	1.028996562900372
679	TRIM28	A27T;G28N	Missense;Missense	1.7685616767685186
680	TRIM28	R32C	Missense	0.1411166501785661
681	TRIM28	A39T	Missense	0.0241036103709484
682	TRIM28	A35A;P36F	Silent;Missense	0.081858658
683	TRIM28	A40T	Missense	-0.230578292
684	TRIM28	S41S	Silent	-0.147964467
685	TRIM28	S41S;A42T	Silent;Missense	-0.752176958
686	TRIM28	S41S;A42T	Silent;Missense	-0.209698224
687	TRIM28	A44T	Missense	0.3538988501784185
688	TRIM28	A42V	Missense	-0.585470611
689	TRIM28	A46T	Missense	-0.761717217
690	TRIM28	A47A;A48T	Silent;Missense	-0.060312596
691	TRIM28	S49S;S50S	Silent;Silent	-0.45406603
692	TRIM28	A46A;A47V	Silent;Missense	0.093449467
693	TRIM28	A47V;A48V	Missense;Missense	-0.655159179
694	TRIM28	A47V;A48V	Missense;Missense	-0.436751181
695	TRIM28	A48V	Missense	-0.366720443
696	TRIM28	A48V;S49L	Missense;Missense	-0.474537615
697	TRIM28	A52T	Missense	0.0357872537479627
698	TRIM28	S49L;S50L	Missense;Missense	2.327884983333944
699	TRIM28	P51P;A52V	Silent;Missense	-0.013141857
700	TRIM28	A56T;E57K	Missense;Missense	0.7582881686202982
701	TRIM28	E57K	Missense	0.1661950087448782
702	TRIM28	G54G	Silent	-0.622531305
703	TRIM28	A56A	Silent	0.4048400191731894
704	TRIM28	L61L;L62L	Silent;Silent	-0.729373064
705	TRIM28	L61L	Silent	0.5576891066733033
706	TRIM28	R71C	Missense	-0.163000413
707	TRIM28	R71C;L72L	Missense;Silent	1.0568673622779945
708	TRIM28	R76R;E77K	Silent;Missense	0.3371442622480442
709	TRIM28	R79H	Missense	-0.000196103
710	TRIM28	R79H;L80L	Missense;Silent	-0.409570604
711	TRIM28	C83Y	Missense	-0.588386806
712	TRIM28	C83Y;L84L	Missense;Silent	0.6510879561245326
713	TRIM28	L81L;P82S	Silent;Missense	-0.22104604
714	TRIM28	L84L	Silent	0.993445687
715	TRIM28	L84L	Silent	-0.166943465
716	TRIM28	A87T;C88Y	Missense;Missense	-0.200406185
717	TRIM28	C88Y	Missense	0.9746490394656446
718	TRIM28	A87V	Missense	0.564740726
719	TRIM28	A87V	Missense	-0.30457647
720	TRIM28	G93K	Missense	-0.439980422
721	TRIM28	A90V	Missense	-0.283893691
722	TRIM28	A95A;A96T	Silent;Missense	0.3475178602034816
723	TRIM28	A99T;A100T	Missense;Missense	-0.234386914
724	TRIM28	A100T	Missense	0.095430888
725	TRIM28	P97P;A98V	Silent;Missense	0.222200762
726	TRIM28	A98V;A99V	Missense;Missense	0.2989985714484428
727	TRIM28	A98V;A99V	Missense;Missense	-0.477663503
728	TRIM28	S102N	Missense	-0.511133781
729	TRIM28	A98A;A99V	Silent;Missense	-0.139727163
730	TRIM28	S102N	Missense	-0.049875178
731	TRIM28	S102N	Missense	0.338861401601754
732	TRIM28	S102N;S103S	Missense;Silent	0.6448962538899107
733	TRIM28	A100V	Missense	0.403500491
734	TRIM28	S103S;G104K	Silent;Missense	-0.594211248
735	TRIM28	N101N	Silent	0.3445516121049392
736	TRIM28	N101N;S102S	Silent;Silent	0.0348712814422932
737	TRIM28	G104E;D105N	Missense;Missense	-0.598634341
738	TRIM28	N101N;S102S	Silent;Silent	0.050013161
739	TRIM28	G106N	Missense	-0.028970175
740	TRIM28	S102S;S103L	Silent;Missense	0.1263591666395483
741	TRIM28		No Mutation	0.1826310199295256
742	TRIM28		No Mutation	0.594810968
743	TRIM28	G106G	Silent	-0.593857102
744	TRIM28	A108V;A109V	Missense;Missense	0.9077311217259606
745	TRIM28		No Mutation	-0.64996278
746	TRIM28	(NC)	Intron	0.538621073
747	TRIM28	(NC);(NC);(NC)	Intron;Intron;Intron	-0.955541349
748	TRIM28	(NC)	Intron	0.0172653589331187
749	TRIM28	(NC)	Intron	-0.803958823
750	TRIM28	(NC);(NC);(NC)	Intron;Intron;Intron	-0.027388939
751	TRIM28	V114V;V115I	Silent;Missense	-0.341811309
752	TRIM28	V114V;V115I;D116N	Silent;Missense;Missense	0.2368325062317272
753	TRIM28	Q123Q;C124Y	Silent;Missense	0.050930067
754	TRIM28	Q123Q;C124Y	Silent;Missense	0.078608269
755	TRIM28	C124C;F125F	Silent;Silent	1.764832314395078
756	TRIM28	E131E	Silent	0.524174422
757	TRIM28		No Mutation	-0.706624342
758	TRIM28	R136C	Missense	-0.117028633
759	TRIM28	A142V	Missense	-0.152235206
760	TRIM28	A149T	Missense	-0.095458388
761	TRIM28	D145D;A146V;Q147*	Silent;Missense;Nonsense	0.6106418343563662
762	TRIM28	A149A	Silent	0.2762956271877272
763	TRIM28	Q151Q;(NC);(NC)	Silent;Splice-donor;Intron	-0.564632212
764	TRIM28	Q151Q;(NC);(NC)	Silent;Splice-donor;Intron	0.1764939810864525
765	TRIM28	(NC)	Intron	-0.556775087
766	TRIM28	(NC);(NC)	Intron;Splice-acceptor	-0.395311817
767	TRIM28	(NC);C152Y	Splice-acceptor;Missense	0.4182688465628954
768	TRIM28	C152Y;C153Y	Missense;Missense	0.054193137027434
769	TRIM28	C152C	Silent	-0.809115269
770	TRIM28	A162V	Missense	0.7893705371461839
771	TRIM28	C166Y	Missense	0.1853824618655723
772	TRIM28	C166Y;V167M	Missense;Missense	0.2924092308791697
773	TRIM28	C166Y;V167M	Missense;Missense	-0.346216802
774	TRIM28	V167V;E168K	Silent;Missense	-0.143357488
775	TRIM28	S164S;Y165Y	Silent;Silent	-0.515180257
776	TRIM28	E168E;C169Y	Silent;Missense	-0.270506745
777	TRIM28		No Mutation	-0.383312716
778	TRIM28	C177Y;V178I	Missense;Missense	0.3842062695690196
779	TRIM28		No Mutation	-0.153910814
780	TRIM28		No Mutation	1.1306094845009806
781	TRIM28	Q182Q	Silent	0.4110049517849785
782	TRIM28	R183W	Missense	0.065068061
783	TRIM28		No Mutation	-0.511592647
784	TRIM28	V192V;R193H	Silent;Missense	-0.566915212
785	TRIM28	H190Y;T191I	Missense;Missense	0.4509744882144352
786	TRIM28	G196R	Missense	0.2429328917038005
787	TRIM28	R193C;S194F	Missense;Missense	0.3783653943646293
788	TRIM28	T195I	Missense	-0.671918228
789	TRIM28	T195I	Missense	0.5299422449401281
790	TRIM28		No Mutation	-0.130872203
791	TRIM28	(NC)	Intron	-0.142304889
792	TRIM28	(NC)	Intron	-0.632603049
793	TRIM28		No Mutation	0.3275712909802871
794	TRIM28		No Mutation	1.000399135524321
795	TRIM28		No Mutation	-0.389846498
796	TRIM28		No Mutation	0.078159077
797	TRIM28	A198T	Missense	-0.328952949
798	TRIM28	A198T	Missense	-0.801504741
799	TRIM28	(NC)	Intron	-0.105973385
800	TRIM28	P197S	Missense	0.1757118965637653
801	TRIM28	K199K	Silent	-0.382752069
802	TRIM28	K199K	Silent	-0.341777694
803	TRIM28	P197L;A198V	Missense;Missense	0.00609673
804	TRIM28	R201Q	Missense	1.393301473043071
805	TRIM28	D202N;G203N	Missense;Missense	0.5432920885904073
806	TRIM28	G203D;E204K	Missense;Missense	1.2974361259886935
807	TRIM28	C221Y;E222K	Missense;Missense	0.3783037432087437
808	TRIM28	C221Y;E222K	Missense;Missense	0.620396897
809	TRIM28	E222K	Missense	-0.111872556
810	TRIM28	Q233Q	Silent	0.1755723145085677
811	TRIM28	A236T	Missense	-0.464497116
812	TRIM28	C232C;Q233*;L234F	Silent;Nonsense;Missense	-0.757155581
813	TRIM28	K238K;D239N	Silent;Missense	0.6289947356711889
814	TRIM28	(NC);(NC)	Splice-donor;Intron	0.2043953084872312
815	TRIM28	(NC);(NC);(NC)	Splice-donor;Intron;Intron	-1.183522677
816	TRIM28	D239D;H240Y	Silent;Missense	0.6169851863595521
817	TRIM28	(NC);(NC)	Intron;Intron	-0.128126403
818	TRIM28		No Mutation	-0.77131581
819	TRIM28	(NC)	Intron	-0.036621935
820	TRIM28	(NC);(NC);(NC)	Intron;Intron;Intron	-0.420342185
821	TRIM28	(NC);(NC);(NC)	Intron;Intron;Intron	-0.173058699
822	TRIM28	(NC);(NC)	Intron;Intron	-0.477965682
823	TRIM28	F244F	Silent	3.262004094773366
824	TRIM28	A248T;V249M	Missense;Missense	0.043396048
825	TRIM28	N251N;Q252*	Silent;Nonsense	0.017973452
826	TRIM28	R253R;L255F	Silent;Missense	0.095135983
827	TRIM28	L256L;A257T	Silent;Missense	0.3761674440594677
828	TRIM28	V260V;K261K	Silent;Silent	-0.293188976
829	TRIM28	S258L;L259L	Missense;Silent	1.0919915061962115
830	TRIM28	S258L;L259L	Missense;Silent	-0.113423608
831	TRIM28	L259L	Silent	0.1302839500967662
832	TRIM28	R262H	Missense	-0.256985187
833	TRIM28	A268T	Missense	-0.836150948
834	TRIM28	Q271*	Nonsense	-0.230667703
835	TRIM28	Q271*	Nonsense	-0.213570762
836	TRIM28	S279N;(NC)	Missense;Splice-donor	0.1301333338358512
837	TRIM28	R278C	Missense	0.9059221006848468
838	TRIM28	R278C	Missense	-0.519790555
839	TRIM28	S279S;S280L	Silent;Missense	0.3280285508703586
840	TRIM28	S280L	Missense	-0.495230918
841	TRIM28	S280L	Missense	1.4807652672152951
842	TRIM28		No Mutation	0.5847915516846495
843	TRIM28		No Mutation	-0.07462277
844	TRIM28		No Mutation	-0.453475894
845	TRIM28	(NC)	Splice-acceptor	0.6376256320597529
846	TRIM28	(NC);(NC);(NC)	Intron;Intron;Intron	-0.273084676
847	TRIM28	Q283Q;V284I	Silent;Missense	0.070446391
848	TRIM28	Q283Q;V284I	Silent;Missense	-0.405115977
849	TRIM28	V284I	Missense	0.466803941
850	TRIM28	V287I	Missense	-0.445201191
851	TRIM28	Q288Q	Silent	0.3491047691163853
852	TRIM28	Q288*	Nonsense	-0.533248591
853	TRIM28	Q292*	Nonsense	-0.045332656
854	TRIM28	A298A;I299I;L300L	Silent;Silent;Silent	-0.205629991
855	TRIM28	M303I;K304K	Missense;Silent	-0.914894075
856	TRIM28	K304K;E305K	Silent;Missense	0.3937224482002722
857	TRIM28		No Mutation	-0.205545306
858	TRIM28		No Mutation	-0.245629527
859	TRIM28		No Mutation	-0.731395223
860	TRIM28	R309W	Missense	-0.706550221
861	TRIM28	L313L	Silent	0.7911237604910489
862	TRIM28	D316N;A317T	Missense;Missense	1.0020353530798003
863	TRIM28	A317A;Q318*	Silent;Nonsense	0.068832298
864	TRIM28	(NC);(NC)	Intron;Intron	0.1383675552277057
865	TRIM28	(NC);(NC);(NC)	Intron;Intron;Intron	-0.096170461
866	TRIM28	(NC);(NC)	Intron;Intron	-0.178628477
867	TRIM28	(NC);(NC)	Intron;Intron	0.9828626688909696
868	TRIM28	(NC)	Intron	-0.281811884
869	TRIM28	(NC);(NC);(NC)	Intron;Intron;Intron	1.2370223243456826
870	TRIM28	K319K;V320I	Silent;Missense	-0.471902416
871	TRIM28	(NC);(NC)	Intron;Intron	-0.194963885
872	TRIM28	(NC);(NC)	Intron;Intron	-0.319414259
873	TRIM28	(NC)	Intron	-0.325621751
874	TRIM28		No Mutation	0.3277803111176819
875	TRIM28	Q324*	Nonsense	0.6900495141683143
876	TRIM28	Q325*	Nonsense	-0.804752937
877	TRIM28	R327R;L328L	Silent;Silent	0.5259249349578956
878	TRIM28	W333*	Nonsense	-0.061229031
879	TRIM28	Q339Q;K340K	Silent;Silent	-0.081831645
880	TRIM28	T336T	Silent	0.3978360277310544
881	TRIM28	Q342Q	Silent	0.1194932528058674
882	TRIM28	E343E	Silent	0.5431577351863137
883	TRIM28	L346L;R347H	Silent;Missense	-0.648890096
884	TRIM28	L346L	Silent	0.082940937
885	TRIM28	L346L;R347C	Silent;Missense	-0.214342438
886	TRIM28	R347R	Silent	-0.648662826
887	TRIM28	E354E;S355N	Silent;Missense	-0.228838551
888	TRIM28	K365K;K366K	Silent;Silent	-0.009878624
889	TRIM28	K365K;K366K	Silent;Silent	0.1097742026651583
890	TRIM28		No Mutation	0.2468030414410872
891	TRIM28		No Mutation	0.2729077311695854
892	TRIM28		No Mutation	-0.072372283
893	TRIM28		No Mutation	-0.359894694
894	TRIM28	(NC)	Intron	-0.359615879
895	TRIM28		No Mutation	0.6504142889921223
896	TRIM28	(NC)	Splice-acceptor	-0.960416773
897	TRIM28	(NC)	Splice-acceptor	-0.809577175
898	TRIM28		No Mutation	0.010628639
899	TRIM28	Q371Q	Silent	0.5088781750175617
900	TRIM28	I368I;Y369Y	Silent;Silent	-0.439957072
901	TRIM28	I368I;Y369Y	Silent;Silent	-0.330017241
902	TRIM28	Q371Q;L372L	Silent;Silent	0.1268429330752228
903	TRIM28		No Mutation	0.610240178
904	TRIM28	A375V;L376F	Missense;Missense	-0.098404502
905	TRIM28	M378I;V380M	Missense;Missense	0.069092576
906	TRIM28	V380V;D381N	Silent;Missense	-0.384479148
907	TRIM28		No Mutation	-0.096771092
908	TRIM28	V380V;D381N	Silent;Missense	0.007356692
909	TRIM28	P382F	Missense	0.2279307892995534
910	TRIM28	G387N;E388K	Missense;Missense	0.092724143
911	TRIM28	G387D;E388K	Missense;Missense	0.3754685814896276
912	TRIM28	K390K	Silent	-0.774150956
913	TRIM28	G387G	Silent	-0.819416735
914	TRIM28	G387G	Silent	0.339595516
915	TRIM28		No Mutation	0.4387565492784528
916	TRIM28	K400K	Silent	-0.325875622
917	TRIM28	A397A	Silent	-0.258040814
918	TRIM28	E403K	Missense	-0.285843685
919	TRIM28		No Mutation	-0.159234863
920	TRIM28	A402V	Missense	1.1189956126301608
921	TRIM28	A402V	Missense	0.097551127
922	TRIM28		No Mutation	0.3048672461243158
923	TRIM28	(NC);(NC)	Intron;Intron	0.716058809
924	TRIM28	(NC)	Intron	-0.259093874
925	TRIM28		No Mutation	-0.664280018
926	TRIM28	P413F	Missense	0.4504264721366134
927	TRIM28	G419N	Missense	-0.040354427
928	TRIM28	T418I	Missense	-0.945788252
929	TRIM28		No Mutation	0.3321147610358189
930	TRIM28		No Mutation	0.7510688535110255
931	TRIM28	A424V;P425F	Missense;Missense	-0.622611575
932	TRIM28	R427K;A428T	Missense;Missense	2.847068313911463
933	TRIM28	A424V;P425F	Missense;Missense	0.2967242055325584
934	TRIM28	R427K;A428T	Missense;Missense	0.4058178882527301
935	TRIM28	G430K	Missense	-0.3910508
936	TRIM28	G430K	Missense	0.4650886206201746
937	TRIM28	G430K	Missense	-0.156351429
938	TRIM28		No Mutation	-0.040027631
939	TRIM28	P431S	Missense	0.4266720296966879
940	TRIM28	P431F	Missense	-0.509559108
941	TRIM28	S433N;K434K	Missense;Silent	-0.68025061
942	TRIM28	K434K	Silent	-0.07043177
943	TRIM28	K434K	Silent	0.4893408511447197
944	TRIM28	L432L	Silent	-0.694591885
945	TRIM28	G436N	Missense	0.3745457577904008
946	TRIM28	G436D	Missense	-0.767504555
947	TRIM28	G438S	Missense	0.4763215815573323
948	TRIM28	G436G	Silent	0.1496065518113132
949	TRIM28	G438G;S439S	Silent;Silent	-0.177337201
950	TRIM28	S440S;Q441*	Silent;Nonsense	-0.736036346
951	TRIM28	(NC);(NC);(NC)	Intron;Intron;Intron	-0.62675628
952	TRIM28	(NC)	Intron	0.3123271938665423
953	TRIM28	(NC)	Intron	-0.157368847
954	TRIM28		No Mutation	0.006966943
955	TRIM28	(NC);P442S	Intron;Missense	0.2608864828905298
956	TRIM28	P442F	Missense	0.2695663906147826
957	TRIM28		No Mutation	0.1610271403727956
958	TRIM28	E447K;G448N	Missense;Missense	0.3001676303024073
959	TRIM28	G448N	Missense	-0.051712606
960	TRIM28	Q446*	Nonsense	0.1832438404172482
961	TRIM28		No Mutation	1.1628545492766584
962	TRIM28	G448G	Silent	0.7530571048753191
963	TRIM28	G450G	Silent	0.178835149071973
964	TRIM28	G450G	Silent	-0.274493706
965	TRIM28		No Mutation	1.0447592842375253
966	TRIM28		No Mutation	-0.076111316
967	TRIM28		No Mutation	-0.391500472
968	TRIM28	(NC)	Intron	0.125757451743643
969	TRIM28		No Mutation	-0.671920354
970	TRIM28	D456N	Missense	0.7537697796212426
971	TRIM28	E462K	Missense	1.290757423737343
972	TRIM28	E462E	Silent	0.5431091289522032
973	TRIM28	A461V	Missense	0.094487088
974	TRIM28		No Mutation	-1.023631861
975	TRIM28	V468I	Missense	0.6442838447420042
976	TRIM28	V468V	Silent	-0.262415599
977	TRIM28	V468V	Silent	-0.13367411
978	TRIM28		No Mutation	-0.146262541
979	TRIM28		No Mutation	0.031388284
980	TRIM28		No Mutation	0.4098046365891623
981	TRIM28		No Mutation	0.035091051
982	TRIM28		No Mutation	-0.433732218
983	TRIM28	(NC)	Intron	-0.712989765
984	TRIM28	(NC)	Splice-acceptor	-0.379947417
985	TRIM28	(NC)	Intron	-0.193011365
986	TRIM28	(NC)	Intron	-0.041094533
987	TRIM28	S471F	Missense	0.2033772931734427
988	TRIM28	S471S;R472C	Silent;Missense	0.1910626752377168
989	TRIM28	G476D;E477K	Missense;Missense	0.9537892501133974
990	TRIM28	E477K;V478M	Missense;Missense	0.570643865
991	TRIM28		No Mutation	-0.092054764
992	TRIM28	S479S	Silent	0.6553036675514132
993	TRIM28	V485V	Silent	-0.982331848
994	TRIM28		No Mutation	1.446732276145329
995	TRIM28	E491K;R492H	Missense;Missense	1.2173410715168145
996	TRIM28	S489S;L490F	Silent;Missense	-0.430686605
997	TRIM28	L495L;D496N	Silent;Missense	-0.044064809
998	TRIM28	A499T	Missense	-0.060302853
999	TRIM28	D500N	Missense	0.3936163732985189
1000	TRIM28	Q502Q	Silent	0.1962540344063308
1001	TRIM28	S501S;Q502*;P503S	Silent;Nonsense;Missense	-0.571337222
1002	TRIM28	K507K;V508I	Silent;Missense	0.00054609
1003	TRIM28	V505V	Silent	1.4979260315439564
1004	TRIM28	V508I	Missense	0.2324016338957202
1005	TRIM28		No Mutation	0.1703109164980019
1006	TRIM28		No Mutation	-0.268704606
1007	TRIM28	F509F;P510L	Silent;Missense	0.6926287012809834
1008	TRIM28	E515K;D516N	Missense;Missense	0.178606923
1009	TRIM28	E515K;D516N	Missense;Missense	0.3496496008251237
1010	TRIM28		No Mutation	-0.830805555
1011	TRIM28	L519F	Missense	-0.81426447
1012	TRIM28	R524H;G525S	Missense;Missense	-0.137291131
1013	TRIM28	A526V;A527V	Missense;Missense	-0.663866496
1014	TRIM28	A529V;A530V	Missense;Missense	0.4558691211296843
1015	TRIM28	A529V;A530V	Missense;Missense	-0.476484502
1016	TRIM28	G532D;Q533Q	Missense;Silent	-0.549586437
1017	TRIM28	A537T	Missense	0.3156263113438158
1018	TRIM28	P534L	Missense	-0.063680915
1019	TRIM28	A537A;A539T	Silent;Missense	-0.324025297
1020	TRIM28	A539T;G540K	Missense;Missense	0.1544539549919081
1021	TRIM28	A537V;P538F	Missense;Missense	-0.653651693
1022	TRIM28	G543N;A544T	Missense;Missense	0.3800852551482558
1023	TRIM28	T541T;P542F	Silent;Missense	0.2139668856282062
1024	TRIM28	A544V	Missense	0.8796870942803583
1025	TRIM28	L547L	Silent	-0.776879174
1026	TRIM28	L547L;A548T	Silent;Missense	-0.619769089
1027	TRIM28	L547L;A548T	Silent;Missense	-0.271805847
1028	TRIM28	A544A;P545L;P546S	Silent;Missense;Missense	-0.727061639
1029	TRIM28	G549D;M550I	Missense;Missense	0.2009521373163662
1030	TRIM28	M550I;A551T	Missense;Missense	-0.256905735
1031	TRIM28	M550I;A551T	Missense;Missense	-0.439838547
1032	TRIM28	A551T	Missense	-0.303654288
1033	TRIM28		No Mutation	0.3565404219873361
1034	TRIM28	G549G	Silent	-0.630247831
1035	TRIM28	V553I	Missense	0.3686012200931621
1036	TRIM28	(NC);(NC)	Intron;Intron	-0.309720939
1037	TRIM28		No Mutation	-0.563750756
1038	TRIM28	(NC);(NC);(NC)	Intron;Intron;Intron	0.2876343721455281
1039	TRIM28	(NC);(NC)	Intron;Intron	0.3050008278015593
1040	TRIM28	(NC)	Intron	-0.307152464
1041	TRIM28	(NC);(NC)	Intron;Splice-acceptor	1.4664297736568572
1042	TRIM28	(NC);(NC);(NC)	Intron;Intron;Intron	0.1268139581921037
1043	TRIM28	(NC);(NC);E555K	Intron;Splice-acceptor;Missense	-1.655107884
1044	TRIM28	(NC);(NC)	Intron;Intron	-0.589576632
1045	TRIM28		No Mutation	-1.077778067
1046	TRIM28	A564A;P565F;P566S	Silent;Missense;Missense	-0.4850019
1047	TRIM28	P565F;P566F	Missense;Missense	0.3899660499847397
1048	TRIM28	E570K	Missense	-0.501682226
1049	TRIM28	E570K;G571S	Missense;Missense	1.5260390305165823
1050	TRIM28	E570K;G571N	Missense;Missense	0.0114212029971033
1051	TRIM28	G571N	Missense	0.5706842064118165
1052	TRIM28	E573E	Silent	-0.037836982
1053	TRIM28	T574I	Missense	0.098148463
1054	TRIM28	V577I	Missense	-0.624876727
1055	TRIM28	V577I	Missense	-0.140873214
1056	TRIM28	M579I;A580T	Missense;Missense	0.307351289347978
1057	TRIM28	L578F	Missense	0.3022265975269869
1058	TRIM28	L578F	Missense	-0.287336032
1059	TRIM28	L578F	Missense	0.3119413551917278
1060	TRIM28	A582T	Missense	1.7679995925262857
1061	TRIM28	A580V;L581F	Missense;Missense	-0.083095937
1062	TRIM28		No Mutation	0.099052805
1063	TRIM28		No Mutation	-0.191836109
1064	TRIM28	A587V	Missense	0.3845082236557683
1065	TRIM28	R591H	Missense	0.220764075
1066	TRIM28	R591C;L592L	Missense;Silent	-0.326080579
1067	TRIM28	S596N	Missense	0.6860762168269512
1068	TRIM28	S596N	Missense	0.1763062437185824
1069	TRIM28	S596N;G597S	Missense;Missense	-0.156254167
1070	TRIM28	G597N	Missense	-0.31680781
1071	TRIM28	S598N	Missense	-0.577365572
1072	TRIM28		No Mutation	-0.427931715
1073	TRIM28	G597G	Silent	-0.34112523
1074	TRIM28	S600N	Missense	0.1631004076114622
1075	TRIM28	G597G;S598S	Silent;Silent	0.7996553788482932
1076	TRIM28	S598S;T599I	Silent;Missense	0.3531035744895292
1077	TRIM28	T599T;S600S	Silent;Silent	-0.436202237
1078	TRIM28	S600S;S601L	Silent;Missense	-0.101289517
1079	TRIM28	E604E;V605I	Silent;Missense	0.3740635041938982
1080	TRIM28		No Mutation	-0.308871803
1081	TRIM28		No Mutation	0.3249260969286675
1082	TRIM28		No Mutation	-0.776595113
1083	TRIM28	T611I	Missense	-0.650143709
1084	TRIM28	A613T	Missense	-0.411000669
1085	TRIM28	T611I;S612L	Missense;Missense	-0.757398212
1086	TRIM28	A613V;P614S	Missense;Missense	-0.945496757
1087	TRIM28	A613V;P614L	Missense;Missense	1.1364849794837384
1088	TRIM28	G616D;G617N	Missense;Missense	-0.302735578
1089	TRIM28	P618P;G619K	Silent;Missense	-0.487911937
1090	TRIM28		No Mutation	0.5235582123701117
1091	TRIM28	P618P;G619K	Silent;Missense	0.1519292539220347
1092	TRIM28	G619K	Missense	0.2183735383460934
1093	TRIM28	D623N	Missense	-0.287464857
1094	TRIM28	D623N;S624N	Missense;Missense	-0.08116909
1095	TRIM28		No Mutation	-0.038129986
1096	TRIM28		No Mutation	-0.033285854
1097	TRIM28	C631Y	Missense	-0.083740495
1098	TRIM28	C631Y;Q632Q	Missense;Silent	0.1196592050299063
1099	TRIM28	R629C	Missense	-0.305463525
1100	TRIM28	K633K;G635S	Silent;Missense	-0.295293507
1101	TRIM28	C631C;Q632*	Silent;Nonsense	-0.268616079
1102	TRIM28	L637L;V638I	Silent;Missense	-0.38586098
1103	TRIM28	M639I;C640Y	Missense;Missense	2.159113904312949
1104	TRIM28		No Mutation	0.2780969221898894
1105	TRIM28	H648H;L649L	Silent;Silent	-0.655539496
1106	TRIM28	L653L	Silent	-0.602449347
1107	TRIM28	L653L;P654P;A655T	Silent;Silent;Missense	1.2151742906198164
1108	TRIM28	H652Y;L653L	Missense;Silent	-0.36970802
1109	TRIM28	Q657Q;D658N;V659I	Silent;Missense;Missense	0.080127623
1110	TRIM28	A655V;L656L	Missense;Silent	-0.482987465
1111	TRIM28	A655V;L656L	Missense;Silent	-0.378384177
1112	TRIM28	V659I	Missense	-0.278162395
1113	TRIM28	G661K;(NC)	Missense;Splice-donor	-0.306998798
1114	TRIM28	G661K;(NC)	Missense;Splice-donor	0.092396959
1115	TRIM28	P660L	Missense	-0.692629898
1116	TRIM28	P660L	Missense	0.6435954703942569
1117	TRIM28		No Mutation	-0.726226485
1118	TRIM28		No Mutation	0.4724521307485344
1119	TRIM28		No Mutation	0.061360315
1120	TRIM28	(NC);(NC);(NC)	Intron;Intron;Intron	-0.205248627
1121	TRIM28		No Mutation	-0.385779909
1122	TRIM28		No Mutation	0.4373869416641899
1123	TRIM28	(NC)	Splice-acceptor	0.007503339
1124	TRIM28	(NC);(NC)	Intron;Intron	-0.541742272
1125	TRIM28	W664*;S665N	Nonsense;Missense	-0.938636936
1126	TRIM28	S665N;C666Y	Missense;Missense	-0.787876772
1127	TRIM28	L672F	Missense	-0.189592477
1128	TRIM28	L672F;P673S	Missense;Missense	-0.33173032
1129	TRIM28	L675L	Silent	0.049819591
1130	TRIM28	L672L;P673F	Silent;Missense	-0.00140674
1131	TRIM28	D674D;L675L	Silent;Silent	0.4614493993510644
1132	TRIM28	E677E;E678K;D679N	Silent;Missense;Missense	-0.094749232
1133	TRIM28	E678K;D679N	Missense;Missense	0.1856781284071373
1134	TRIM28	G680N	Missense	-1.152752635
1135	TRIM28		No Mutation	0.3819732005032206
1136	TRIM28	G680G	Silent	-0.098970661
1137	TRIM28	A687T;D688N	Missense;Missense	-0.303780936
1138	TRIM28		No Mutation	0.4962142185785894
1139	TRIM28	S689N	Missense	-0.149282987
1140	TRIM28	A687V	Missense	0.5355335342454743
1141	TRIM28	D688D	Silent	-0.952265132
1142	TRIM28	L696L;S697L	Silent;Missense	-0.247231253
1143	TRIM28		No Mutation	0.133036666
1144	TRIM28	L696L;S697L;P698S	Silent;Missense;Missense	0.2062452532294623
1145	TRIM28	P698L;A699V	Missense;Missense	0.3988123961394054
1146	TRIM28	A699V	Missense	2.696423456
1147	TRIM28	N700N;Q701*	Silent;Nonsense	0.094457244
1148	TRIM28	(NC);(NC);(NC)	Splice-donor;Intron;Intron	-0.009419916
1149	TRIM28	N700N;Q701*	Silent;Nonsense	0.6232870569970023
1150	TRIM28	N700N;Q701*;R702W	Silent;Nonsense;Missense	-0.466860951
1151	TRIM28	(NC);(NC);(NC)	Intron;Intron;Intron	-0.553829872
1152	TRIM28	(NC);(NC);(NC);(NC)	Intron;Intron;Intron;Intron	-0.204900077
1153	TRIM28		No Mutation	-0.364056708
1154	TRIM28	(NC)	Intron	-0.010849989
1155	TRIM28	(NC)	Intron	-0.070729364
1156	TRIM28	(NC)	Splice-acceptor	0.4247537101612093
1157	TRIM28	(NC)	Splice-acceptor	-0.492439517
1158	TRIM28		No Mutation	0.1816495186969985
1159	TRIM28		No Mutation	-0.228302151
1160	TRIM28		No Mutation	-0.930149782
1161	TRIM28	C717C;R718C;P719S	Silent;Missense;Missense	0.6834132072910495
1162	TRIM28		No Mutation	-0.010559325
1163	TRIM28	Q722Q	Silent	1.3513761120842134
1164	TRIM28	Q722Q;L723L;A724T	Silent;Silent;Missense	-0.352616665
1165	TRIM28	L723L;A724T	Silent;Missense	0.2774644414724687
1166	TRIM28	A724T	Missense	-0.142081966
1167	TRIM28		No Mutation	-0.375842614
1168	TRIM28	D726N	Missense	0.1224223731194099
1169	TRIM28	T725T;D726D	Silent;Silent	-0.636561232
1170	TRIM28	L731L	Silent	0.4493196992621283
1171	TRIM28	F729F;S730F	Silent;Missense	-0.079642069
1172	TRIM28	(NC);(NC)	Intron;Intron	0.2705656545517559
1173	TRIM28	(NC)	Intron	0.581478539
1174	TRIM28	S730S;L731L	Silent;Silent	-1.103195355
1175	TRIM28	L731L	Silent	0.1429029510070082
1176	TRIM28	(NC);(NC);(NC)	Intron;Intron;Intron	0.2368367429448923
1177	TRIM28	(NC)	Intron	-0.926533191
1178	TRIM28	(NC);(NC);(NC)	Intron;Intron;Intron	0.5733500174325777
1179	TRIM28	(NC);(NC)	Intron;Intron	-0.216007808
1180	TRIM28	(NC);(NC)	Intron;Intron	-0.653854841
1181	TRIM28		No Mutation	1.3720493607034732
1182	TRIM28	(NC);(NC)	Intron;Intron	0.079175199
1183	TRIM28	(NC);(NC)	Intron;Intron	-0.180605863
1184	TRIM28	G735N;G736S	Missense;Missense	0.6928106978914013
1185	TRIM28	D732D;Q733*;P734S	Silent;Nonsense;Missense	-1.032448898
1186	TRIM28	L738L;D739N	Silent;Missense	-0.5446154
1187	TRIM28	D739N	Missense	0.1132168269457573
1188	TRIM28	L740L	Silent	0.8761872769243699
1189	TRIM28	L742L	Silent	-0.103814269
1190	TRIM28	L742L	Silent	0.6478399899800402
1191	TRIM28	I743I;R744C	Silent;Missense	-0.129100782
1192	TRIM28	R746H	Missense	0.2427334249854131
1193	TRIM28		No Mutation	0.1418383693241236
1194	TRIM28	Q748Q;E749K	Silent;Missense	-0.268184026
1195	TRIM28	K750K;L751L	Silent;Silent	-0.200035118
1196	TRIM28	K750K;L751L	Silent;Silent	0.5471195352817814
1197	TRIM28	L751L	Silent	-0.494389305
1198	TRIM28		No Mutation	-0.637992809
1199	TRIM28	P754F	Missense	0.2831156093536056
1200	TRIM28		No Mutation	-0.756328698
1201	TRIM28	Q759Q;E760K	Silent;Missense	-0.510923215
1202	TRIM28	Q759Q;E760K	Silent;Missense	-0.196049722
1203	TRIM28	S757S;P758L;Q759*	Silent;Missense;Nonsense	0.4585379464739814
1204	TRIM28	Q763Q	Silent	-0.147769533
1205	TRIM28		No Mutation	-1.499285928
1206	TRIM28	Q763Q;D764N	Silent;Missense	-0.647290119
1207	TRIM28		No Mutation	-0.285796926
1208	TRIM28	Q763Q;D764N	Silent;Missense	-0.096434184
1209	TRIM28	R767H;M768I	Missense;Missense	0.2210746687779545
1210	TRIM28	M768I	Missense	0.9833002375645504
1211	TRIM28		No Mutation	0.5513152742266441
1212	TRIM28	F772F	Silent	-0.235218288
1213	TRIM28	T776I	Missense	-0.0878709
1214	TRIM28		No Mutation	-0.825872715
1215	TRIM28	(NC);(NC)	Intron;Intron	0.096874333
1216	TRIM28	(NC)	Intron	0.7528409751932452
1217	TRIM28	(NC);(NC)	Intron;Intron	0.2067036020971629
1218	TRIM28	(NC);(NC)	Intron;Intron	0.9013191445683272
1219	TRIM28	K779K	Silent	-0.493317679
1220	TRIM28	V782I	Missense	0.029085795193149
1221	TRIM28	V782I	Missense	-0.336934396
1222	TRIM28	D781D	Silent	-0.103009565
1223	TRIM28	Q789Q;R790H	Silent;Missense	1.0631521520903555
1224	TRIM28	R795C	Missense	-0.172257396
1225	TRIM28	K804K	Silent	0.2803999539178928
1226	TRIM28	T803T	Silent	-0.213642105
1227	TRIM28	F805F	Silent	-0.473584728
1228	TRIM28	V808V;L809L	Silent;Silent	-0.1878505
1229	TRIM28	P813L;P814L	Missense;Missense	0.068743333
1230	TRIM28	L817L	Silent	-0.243489927
1231	TRIM28	L817L	Silent	0.041486576
1232	TRIM28	L817L;G819S	Silent;Missense	-0.375764984
1233	TRIM28		No Mutation	-0.200736405
1234	TRIM28	G819N	Missense	2.0825836122566987
1235	TRIM28	G819N;A820T	Missense;Missense	1.3468080681120589
1236	TRIM28	L822L	Silent	0.1757705581855901
1237	TRIM28	A820V	Missense	0.005973057
1238	TRIM28	S823N	Missense	-0.292515115
1239	TRIM28	S824F	Missense	-0.330528235
1240	TRIM28	E826E;L827L	Silent;Silent	0.3137427089438022
1241	TRIM28	S824F;Q825*	Missense;Nonsense	-0.471625212
1242	TRIM28	L827L	Silent	0.5767382030224335
1243	TRIM28	G829D;G830N	Missense;Missense	-0.772846608
1244	TRIM28	G830N	Missense	-0.617463444
1245	TRIM28	S828F	Missense	-0.956288796
1246	TRIM28	P831F	Missense	-0.176432761
1247	TRIM28		No Mutation	-0.122823449
1248	TRIM28	*836*;(NC)	Silent;UTR	-0.422614434
1249	TRIM28	*836*;(NC);(NC)	Silent;UTR;UTR	0.056067842
1250	TRIM28		No Mutation	-0.304858202
1251	TRIM28		No Mutation	-0.513146107
1252	TRIM28		No Mutation	-0.709395481
1253	TRIM28		No Mutation	-0.382770695
1254	MPHOSPH8	(NC)	UTR	0.8866827971946052
1255	MPHOSPH8	(NC);(NC)	UTR;UTR	0.1945212237476472
1256	MPHOSPH8	(NC)	UTR	-0.547209837
1257	MPHOSPH8	(NC)	UTR	0.2388006143331204
1258	MPHOSPH8		No Mutation	-1.212315422
1259	MPHOSPH8		No Mutation	-0.358862831
1260	MPHOSPH8		No Mutation	-0.275313831
1261	MPHOSPH8		No Mutation	-0.631668279
1262	MPHOSPH8		No Mutation	-0.968382162
1263	MPHOSPH8	A17T	Missense	0.2621057787744156
1264	MPHOSPH8	D19N	Missense	-0.072650649
1265	MPHOSPH8	D19N;S20N	Missense;Missense	-0.470560014
1266	MPHOSPH8	A17V	Missense	0.612548154
1267	MPHOSPH8	A18A;D19D	Silent;Silent	-1.150245586
1268	MPHOSPH8	E23E;L24L	Silent;Silent	-0.071109527
1269	MPHOSPH8	A25V	Missense	0.382359282132472
1270	MPHOSPH8		No Mutation	0.5482866748693351
1271	MPHOSPH8	G30E;V31I	Missense;Missense	0.3768116875469927
1272	MPHOSPH8		No Mutation	-0.505963569
1273	MPHOSPH8		No Mutation	-0.333887627
1274	MPHOSPH8		No Mutation	0.7553632277526496
1275	MPHOSPH8	D39D;A40V	Silent;Missense	0.3741968764537756
1276	MPHOSPH8	A41V	Missense	-0.597787431
1277	MPHOSPH8		No Mutation	-0.102277371
1278	MPHOSPH8	E46E;A47T	Silent;Missense	-0.097073921
1279	MPHOSPH8	A47V	Missense	-0.795463427
1280	MPHOSPH8	A47A	Silent	-0.400140329
1281	MPHOSPH8	G49G	Silent	0.2933449848291533
1282	MPHOSPH8	E52E;E53K	Silent;Missense	0.1567471800965525
1283	MPHOSPH8	D50D	Silent	-0.430856125
1284	MPHOSPH8	D54D	Silent	-0.558489824
1285	MPHOSPH8		No Mutation	-0.27489044
1286	MPHOSPH8	F59F	Silent	0.1488733218806319
1287	MPHOSPH8	I64I;L65L	Silent;Silent	-1.187168934
1288	MPHOSPH8	L65L	Silent	-0.363732054
1289	MPHOSPH8	D66D	Silent	-0.078061473
1290	MPHOSPH8	D66D	Silent	-0.393829108
1291	MPHOSPH8	E70K;G71R	Missense;Missense	-0.433965613
1292	MPHOSPH8	T69I	Missense	0.7388577405526465
1293	MPHOSPH8	T69I	Missense	-0.688371432
1294	MPHOSPH8	T69I	Missense	-0.30706627
1295	MPHOSPH8	T69T	Silent	0.2377467077071492
1296	MPHOSPH8	(NC);(NC);(NC);(NC)	Intron;Intron;Intron;Intron	-0.431199346
1297	MPHOSPH8		No Mutation	-0.572557811
1298	MPHOSPH8		No Mutation	0.2961166841517569
1299	MPHOSPH8		No Mutation	0.2673615248591632
1300	MPHOSPH8		No Mutation	-0.552761517
1301	MPHOSPH8		No Mutation	-0.272621835
1302	MPHOSPH8	(NC)	Splice-acceptor	-0.440566933
1303	MPHOSPH8	L75F	Missense	-0.5335241
1304	MPHOSPH8	Y76Y	Silent	0.1870067093863758
1305	MPHOSPH8	R79R	Silent	-0.3011457
1306	MPHOSPH8	T84I;S85L	Missense;Missense	-0.372717585
1307	MPHOSPH8	S85L	Missense	-1.355253515
1308	MPHOSPH8	P92S	Missense	0.1844071950750164
1309	MPHOSPH8		No Mutation	-0.027776663
1310	MPHOSPH8	P92F	Missense	-0.535165423
1311	MPHOSPH8	E97K;D98N	Missense;Missense	-0.348605569
1312	MPHOSPH8	E97E;D98N	Silent;Missense	-0.213724519
1313	MPHOSPH8	E101K;V102M	Missense;Missense	0.3343338300116021
1314	MPHOSPH8		No Mutation	0.2029352513810526
1315	MPHOSPH8	N113N	Silent	2.040585992970512
1316	MPHOSPH8	A115V	Missense	0.7992573500383406
1317	MPHOSPH8	K120K;D121N	Silent;Missense	0.2981309889434073
1318	MPHOSPH8	V118V	Silent	0.3226737123302351
1319	MPHOSPH8		No Mutation	-0.127915632
1320	MPHOSPH8		No Mutation	0.445812674936981
1321	MPHOSPH8		No Mutation	0.2401918168194439
1322	MPHOSPH8		No Mutation	0.8679793237970221
1323	MPHOSPH8		No Mutation	0.4470302519720972
1324	MPHOSPH8		No Mutation	-0.397831948
1325	MPHOSPH8	D180D	Silent	-0.266816039
1326	MPHOSPH8	E187E;S188N	Silent;Missense	-0.782406084
1327	MPHOSPH8	D185D;L186L	Silent;Silent	0.2398354882141172
1328	MPHOSPH8		No Mutation	0.6542617476423361
1329	MPHOSPH8	L190L;E191K	Silent;Missense	0.740234142
1330	MPHOSPH8		No Mutation	0.2641086423388614
1331	MPHOSPH8	A206V	Missense	0.8809052196706992
1332	MPHOSPH8	K211K;E212K	Silent;Missense	-0.535033713
1333	MPHOSPH8		No Mutation	-0.784394704
1334	MPHOSPH8		No Mutation	1.2774837943381332
1335	MPHOSPH8		No Mutation	-0.078504045
1336	MPHOSPH8		No Mutation	-0.489634173
1337	MPHOSPH8		No Mutation	-0.092581479
1338	MPHOSPH8		No Mutation	0.5784454211650563
1339	MPHOSPH8		No Mutation	0.910482465
1340	MPHOSPH8	P275L	Missense	0.7689860646620694
1341	MPHOSPH8	D278N;S279N	Missense;Missense	-0.047497463
1342	MPHOSPH8	P275L	Missense	-0.053081022
1343	MPHOSPH8	S279N	Missense	-0.501245827
1344	MPHOSPH8	E280K;G281K	Missense;Missense	0.2716490153329443
1345	MPHOSPH8	E289E	Silent	-0.512919061
1346	MPHOSPH8	A296V	Missense	-0.90362902
1347	MPHOSPH8	A296V	Missense	0.074886839
1348	MPHOSPH8		No Mutation	1.2240011722921538
1349	MPHOSPH8		No Mutation	-1.233713977
1350	MPHOSPH8	A300V	Missense	0.2360001934710955
1351	MPHOSPH8	A300V	Missense	-0.344156598
1352	MPHOSPH8	Q302*	Nonsense	-0.554230791
1353	MPHOSPH8	D303D	Silent	-0.647886068
1354	MPHOSPH8	M318I;S319N	Missense;Missense	0.033128491
1355	MPHOSPH8	M318I;S319N	Missense;Missense	-0.040140721
1356	MPHOSPH8	D315D	Silent	-0.122038618
1357	MPHOSPH8	M318I;S319N;A320T	Missense;Missense;Missense	-0.65972269
1358	MPHOSPH8	A317V	Missense	-0.346310394
1359	MPHOSPH8	E322E;D323N	Silent;Missense	-0.254939291
1360	MPHOSPH8		No Mutation	0.078475387
1361	MPHOSPH8	T324I	Missense	-0.496124705
1362	MPHOSPH8	T324I	Missense	-0.852402259
1363	MPHOSPH8	R329K;R330K	Missense;Missense	-0.852774136
1364	MPHOSPH8		No Mutation	0.4242389055426264
1365	MPHOSPH8	T334I;P335S	Missense;Missense	-0.197889146
1366	MPHOSPH8	E339E;D340N	Silent;Missense	0.1082782212399708
1367	MPHOSPH8	E339E;D340N	Silent;Missense	-1.045221321
1368	MPHOSPH8	D340N	Missense	-0.240506557
1369	MPHOSPH8	D340D	Silent	0.9915076949699037
1370	MPHOSPH8	T358I	Missense	-0.601889555
1371	MPHOSPH8	S382F	Missense	0.00012955
1372	MPHOSPH8	S382F;A383V	Missense;Missense	0.1784568728597202
1373	MPHOSPH8	T385T	Silent	0.4105472152623803
1374	MPHOSPH8	A383V;Q384*	Missense;Nonsense	-1.221951197
1375	MPHOSPH8	T385M	Missense	0.008692009
1376	MPHOSPH8	G388D;R389Q	Missense;Missense	-0.025957259
1377	MPHOSPH8	R389Q	Missense	-0.593527687
1378	MPHOSPH8		No Mutation	0.092402133
1379	MPHOSPH8	G388G	Silent	0.6365050954433964
1380	MPHOSPH8	G388G;R389W	Silent;Missense	-0.02187706
1381	MPHOSPH8	L391L;S392N	Silent;Missense	0.023709451
1382	MPHOSPH8		No Mutation	-0.221656688
1383	MPHOSPH8		No Mutation	0.6194213886091078
1384	MPHOSPH8		No Mutation	-0.28289211
1385	MPHOSPH8	S400F	Missense	-0.384726228
1386	MPHOSPH8	A404T	Missense	0.1344782734569226
1387	MPHOSPH8	S400S;T401M	Silent;Missense	-0.519673747
1388	MPHOSPH8	D402D;S403L	Silent;Missense	1.2506703246702486
1389	MPHOSPH8	E405E;E406K	Silent;Missense	-0.668168986
1390	MPHOSPH8	D402D;S403L	Silent;Missense	-0.106882872
1391	MPHOSPH8	A404A	Silent	-0.007970565
1392	MPHOSPH8		No Mutation	-0.068883068
1393	MPHOSPH8		No Mutation	0.1277175999410561
1394	MPHOSPH8	(NC)	Intron	0.092187946
1395	MPHOSPH8		No Mutation	0.2462070553787692
1396	MPHOSPH8		No Mutation	1.2044282784997626
1397	MPHOSPH8	H423Y	Missense	-1.373787102
1398	MPHOSPH8	S425F	Missense	0.1446595624320498
1399	MPHOSPH8	G431G	Silent	0.1708146777157178
1400	MPHOSPH8	(NC);(NC)	Splice-donor;Intron	-0.497103263
1401	MPHOSPH8		No Mutation	0.3442443488588149
1402	MPHOSPH8		No Mutation	-0.306269725
1403	MPHOSPH8	S462F	Missense	0.3765473121614465
1404	MPHOSPH8		No Mutation	0.058338593
1405	MPHOSPH8		No Mutation	0.5505636264713425
1406	MPHOSPH8	D479D	Silent	0.4472674717869579
1407	MPHOSPH8	Q488*	Nonsense	-0.14526722
1408	MPHOSPH8	A504V	Missense	-0.479403654
1409	MPHOSPH8	A507V	Missense	0.2814109061566633
1410	MPHOSPH8	A508V	Missense	-0.092448779
1411	MPHOSPH8	Q520*;A521V	Nonsense;Missense	0.1099030601984428
1412	MPHOSPH8	D526N	Missense	0.1883497784108125
1413	MPHOSPH8		No Mutation	-0.1456714
1414	MPHOSPH8	(NC)	Intron	-0.647735501
1415	MPHOSPH8		No Mutation	0.7376550633261353
1416	MPHOSPH8	Q530Q	Silent	0.2290739754733348
1417	MPHOSPH8	Q529*;Q530*	Nonsense;Nonsense	-0.655154635
1418	MPHOSPH8	Q529*;Q530*	Nonsense;Nonsense	-1.203769199
1419	MPHOSPH8	L532L	Silent	0.003099643
1420	MPHOSPH8	G535G	Silent	-0.498083326
1421	MPHOSPH8	D537D	Silent	-0.143123898
1422	MPHOSPH8		No Mutation	0.1790110402906145
1423	MPHOSPH8	W542*;M543I	Nonsense;Missense	-0.663197642
1424	MPHOSPH8	F548F;Q549*	Silent;Nonsense	-0.156660394
1425	MPHOSPH8	F548F;Q549*	Silent;Nonsense	-1.142026838
1426	MPHOSPH8	G554K	Missense	-0.321874195
1427	MPHOSPH8	E557K	Missense	2.5851471329058056
1428	MPHOSPH8	P566L	Missense	-0.931891134
1429	MPHOSPH8	(NC)	Intron	0.085013359
1430	MPHOSPH8		No Mutation	0.118777658815506
1431	MPHOSPH8		No Mutation	-0.134840283
1432	MPHOSPH8		No Mutation	-0.248551327
1433	MPHOSPH8		No Mutation	0.052517415
1434	MPHOSPH8		No Mutation	-0.22874937
1435	MPHOSPH8		No Mutation	0.020760737658231
1436	MPHOSPH8	(NC)	Intron	-0.157527143
1437	MPHOSPH8		No Mutation	0.9454840755821698
1438	MPHOSPH8	(NC);(NC);(NC)	Intron;Intron;Intron	1.189210823380187
1439	MPHOSPH8	S600N;G601K	Missense;Missense	-0.910905236
1440	MPHOSPH8	S599F	Missense	-0.57393958
1441	MPHOSPH8	L604L;V605I	Silent;Missense	0.1693176276528232
1442	MPHOSPH8		No Mutation	0.2298177006955929
1443	MPHOSPH8	L607F	Missense	-0.035044739
1444	MPHOSPH8	L607F	Missense	-0.194637465
1445	MPHOSPH8	A608V	Missense	-0.064330301
1446	MPHOSPH8	Q613Q;D614N	Silent;Missense	-0.944365884
1447	MPHOSPH8	D615N	Missense	-0.038577811
1448	MPHOSPH8		No Mutation	0.2013584233833406
1449	MPHOSPH8		No Mutation	0.091202409
1450	MPHOSPH8	R618*;L619F	Nonsense;Missense	0.7530695631229063
1451	MPHOSPH8		No Mutation	-0.385192524
1452	MPHOSPH8	G624G;A625V	Silent;Missense	0.232091036
1453	MPHOSPH8	N628N	Silent	-0.537088329
1454	MPHOSPH8	N628N	Silent	0.150233441
1455	MPHOSPH8	A641T	Missense	-0.272601284
1456	MPHOSPH8	A642T	Missense	-0.767134049
1457	MPHOSPH8	L638L;H640Y	Silent;Missense	0.035858675
1458	MPHOSPH8	E643K	Missense	-0.92786781
1459	MPHOSPH8	E643K	Missense	-0.741362882
1460	MPHOSPH8	A641V;A642V	Missense;Missense	-1.068076922
1461	MPHOSPH8	(NC)	Splice-acceptor	-1.472138458
1462	MPHOSPH8	T649I	Missense	-0.891509755
1463	MPHOSPH8		No Mutation	-0.021302888
1464	MPHOSPH8	E668K	Missense	-0.648080378
1465	MPHOSPH8		No Mutation	-0.117736762
1466	MPHOSPH8		No Mutation	0.6572336185377045
1467	MPHOSPH8	(NC);A674T	Splice-acceptor;Missense	-1.655039494
1468	MPHOSPH8	(NC)	Intron	-0.635865169
1469	MPHOSPH8	R684*;L685F	Nonsense;Missense	-0.727412296
1470	MPHOSPH8	L704L	Silent	-0.231414876
1471	MPHOSPH8	K708K;Q709Q	Silent;Silent	-0.165929462
1472	MPHOSPH8	K708K;Q709Q	Silent;Silent	0.8132468149169334
1473	MPHOSPH8	A730V	Missense	-0.890399179
1474	MPHOSPH8	V748I	Missense	-0.278720152
1475	MPHOSPH8	A752T;C753Y	Missense;Missense	-0.431151788
1476	MPHOSPH8	R755Q	Missense	0.0236666840447424
1477	MPHOSPH8	H754Y	Missense	-1.055238597
1478	MPHOSPH8	H754Y	Missense	-0.356335428
1479	MPHOSPH8	D765N	Missense	1.0742817542206753
1480	MPHOSPH8	P771L;Q772*	Missense;Nonsense	-0.379694639
1481	MPHOSPH8	E776K	Missense	-0.079419489
1482	MPHOSPH8	E776K	Missense	0.4473412051643153
1483	MPHOSPH8	E776K;G777S	Missense;Missense	-0.872417664
1484	MPHOSPH8	E776K;G777S;(NC)	Missense;Missense;Splice-donor	-0.700238561
1485	MPHOSPH8	(NC)	Intron	-0.272605642
1486	MPHOSPH8	G779N	Missense	0.1183303726674938
1487	MPHOSPH8	G779N	Missense	-0.175974028
1488	MPHOSPH8	A787T	Missense	-0.564735231
1489	MPHOSPH8	L790L;G791N	Silent;Missense	-0.02537792
1490	MPHOSPH8		No Mutation	0.182783347916529
1491	MPHOSPH8		No Mutation	-0.170955449
1492	MPHOSPH8	A806T;V807I	Missense;Missense	0.9829138682992272
1493	MPHOSPH8	(NC)	Intron	0.6100790755760446
1494	MPHOSPH8		No Mutation	0.2987856193414701
1495	MPHOSPH8	S826L	Missense	-1.531965599
1496	MPHOSPH8		No Mutation	-0.133064234
1497	MPHOSPH8		No Mutation	1.5271946131050436
1498	MPHOSPH8	P833L	Missense	-0.963137472
1499	MPHOSPH8	R839K	Missense	-1.082181746
1500	MPHOSPH8	R839K	Missense	0.4239008072595182
1501	MPHOSPH8		No Mutation	-0.523866151
1502	MPHOSPH8	(NC)	Intron	-0.337235512
1503	MPHOSPH8	(NC)	Intron	0.491025466
1504	MPHOSPH8		No Mutation	-0.039702944
1505	MPHOSPH8		No Mutation	-0.229287372
1506	MPHOSPH8	(NC)	Intron	0.1898425241973674
1507	MPHOSPH8	Q860*	Nonsense	-0.356839696
1508	MPHOSPH8	Q860*	Nonsense	-0.86040339
1509	MPHOSPH8	(NC);(NC)	UTR;UTR	-0.193687135
1510	MPHOSPH8	(NC);(NC)	UTR;UTR	-0.450752054
1511	MPHOSPH8	(NC)	UTR	0.6828020191819375
1512	MPHOSPH8	(NC);(NC);(NC)	UTR;UTR;UTR	0.6375505898285693
1513	TASOR		No Mutation	-0.802391174
1514	TASOR	E1608K	Missense	-0.056091019
1515	TASOR		No Mutation	0.3271037037638918
1516	TASOR	W1596*;G1597K	Nonsense;Missense	-0.126194453
1517	TASOR	P1591L;P1592F	Missense;Missense	0.2141042971127186
1518	TASOR	P1591L;P1592S	Missense;Missense	0.2405717912222071
1519	TASOR	S1590F;P1591L	Missense;Missense	0.5037058109313468
1520	TASOR	A1580V	Missense	0.4734294558572842
1521	TASOR	Q1569Q	Silent	0.203981691146184
1522	TASOR	Q1569Q	Silent	-1.04359036
1523	TASOR	S1568N	Missense	0.042981883
1524	TASOR		No Mutation	-0.084427625
1525	TASOR		No Mutation	1.094829923
1526	TASOR	S1530L	Missense	-0.311703369
1527	TASOR		No Mutation	0.6764416743406362
1528	TASOR	E1509E;R1510K	Silent;Missense	-0.314091631
1529	TASOR	G1477E	Missense	0.1776321309485218
1530	TASOR	T1472I	Missense	0.003411167
1531	TASOR		No Mutation	-0.626088726
1532	TASOR		No Mutation	-0.224503733
1533	TASOR		No Mutation	-0.514698271
1534	TASOR		No Mutation	-0.249126502
1535	TASOR		No Mutation	0.0242227566789354
1536	TASOR	N1438N	Silent	0.2607014077497353
1537	TASOR	L1429F	Missense	0.1035224717194365
1538	TASOR	E1427K	Missense	1.039476028759096
1539	TASOR	A1425T	Missense	-0.278038623
1540	TASOR		No Mutation	-0.667149105
1541	TASOR	N1404N	Silent	-0.329277916
1542	TASOR	N1404N	Silent	0.0168447581832761
1543	TASOR	T1389I	Missense	0.058567992
1544	TASOR	G1392K	Missense	-0.868423691
1545	TASOR	S1386F	Missense	-0.563373019
1546	TASOR	Q1365Q;A1366T	Silent;Missense	-0.317476694
1547	TASOR	C1360C;L1361F	Silent;Missense	-0.238516213
1548	TASOR		No Mutation	0.10697826660008
1549	TASOR	R1353*	Nonsense	-0.97782215
1550	TASOR		No Mutation	-1.116469247
1551	TASOR	V1333V;Q1335*	Silent;Nonsense	0.8905169924765668
1552	TASOR	L1314L	Silent	-0.275984201
1553	TASOR		No Mutation	-1.203995531
1554	TASOR	Q1311*	Nonsense	-0.750820881
1555	TASOR	Q1311Q;K1312K	Silent;Silent	-0.314416357
1556	TASOR	P1298L	Missense	0.1449812417866893
1557	TASOR	T1297I	Missense	-0.102108645
1558	TASOR	L1295F	Missense	0.2015297385061653
1559	TASOR		No Mutation	-0.750169373
1560	TASOR	V1282I;E1283K;(NC)	Missense;Missense;Splice-donor	0.0559316818798638
1561	TASOR	V1282I;E1283K	Missense;Missense	-0.551820594
1562	TASOR	P1277L	Missense	0.559707165
1563	TASOR	S1273L	Missense	-0.685802971
1564	TASOR		No Mutation	0.1174272097879187
1565	TASOR		No Mutation	-0.115084077
1566	TASOR	G1246N	Missense	0.5046745535475876
1567	TASOR	A1245T;G1246N	Missense;Missense	0.2661345240166317
1568	TASOR	A1245T;G1246S	Missense;Missense	-0.739718859
1569	TASOR		No Mutation	0.2118878269458453
1570	TASOR	(NC)	Intron	0.2880054775674647
1571	TASOR		No Mutation	0.047295882
1572	TASOR	A1224V	Missense	-0.106960956
1573	TASOR	Q1219*	Nonsense	0.7513415580514705
1574	TASOR	E1206K;R1207K	Missense;Missense	-0.174530735
1575	TASOR		No Mutation	0.2631514988007006
1576	TASOR		No Mutation	0.9769141240965042
1577	TASOR	L1183F	Missense	0.2968299503643029
1578	TASOR	S1158N	Missense	0.5977658248917944
1579	TASOR		No Mutation	-0.56404339
1580	TASOR	V1155I	Missense	-0.063320654
1581	TASOR		No Mutation	1.8303992408154024
1582	TASOR		No Mutation	-0.041694086
1583	TASOR		No Mutation	0.1760425783644161
1584	TASOR		No Mutation	-0.43739984
1585	TASOR		No Mutation	-0.471571672
1586	TASOR	E1128K	Missense	0.2754796036734265
1587	TASOR	E1128K	Missense	-0.444240475
1588	TASOR	R1123Q;E1124K	Missense;Missense	-0.11146508
1589	TASOR	P1118F	Missense	0.1450994675677839
1590	TASOR	P1118F	Missense	0.4307361185921528
1591	TASOR		No Mutation	0.6048778461195942
1592	TASOR	S1113F	Missense	0.4772725266776568
1593	TASOR	V1111V	Silent	-0.329399252
1594	TASOR	E1108K	Missense	-0.508803528
1595	TASOR	H1105Y	Missense	1.1156222089626606
1596	TASOR	E1108K	Missense	-0.057921744
1597	TASOR	E1097K	Missense	-0.327308177
1598	TASOR	Q1089*	Nonsense	-0.290467143
1599	TASOR	Q1089Q	Silent	0.1407618541610185
1600	TASOR		No Mutation	0.2549650289479825
1601	TASOR		No Mutation	1.084543443951711
1602	TASOR	S1078N;D1079N	Missense;Missense	0.422992268259299
1603	TASOR		No Mutation	-0.78563584
1604	TASOR	D1066N	Missense	-0.618686046
1605	TASOR	V1059I	Missense	0.2010595368195441
1606	TASOR	A1051V;S1052L	Missense;Missense	0.363674580137805
1607	TASOR		No Mutation	1.1251493651769549
1608	TASOR	A1048T	Missense	1.0706279314110745
1609	TASOR	D1045N	Missense	-0.193985767
1610	TASOR	V1041V	Silent	0.1500372041222831
1611	TASOR	D1045N	Missense	-0.641742957
1612	TASOR	L1038L	Silent	2.258003060628257
1613	TASOR	A1031V	Missense	-0.331766917
1614	TASOR	A1031V	Missense	0.08797462
1615	TASOR		No Mutation	-0.076802422
1616	TASOR		No Mutation	0.165601083448686
1617	TASOR	Q1014*	Nonsense	-0.879789411
1618	TASOR	Q1014Q;E1015K	Silent;Missense	0.369674069407136
1619	TASOR	S1009F	Missense	-0.511122723
1620	TASOR	S1006F	Missense	0.994467642699604
1621	TASOR	K1007K	Silent	0.8467838218589124
1622	TASOR	T993I;Q994*	Missense;Nonsense	-0.481227289
1623	TASOR	E995K	Missense	-0.169598953
1624	TASOR		No Mutation	-0.407438642
1625	TASOR	V960V	Silent	-0.848962454
1626	TASOR	T956I	Missense	0.2674873056765883
1627	TASOR	S953S	Silent	-0.262906983
1628	TASOR		No Mutation	0.2890291158445066
1629	TASOR	E954K	Missense	1.2131475421865043
1630	TASOR	E948K	Missense	-0.152216449
1631	TASOR		No Mutation	-0.073806161
1632	TASOR		No Mutation	0.7304639930294251
1633	TASOR	D931D	Silent	1.3205953122778409
1634	TASOR	D931D	Silent	1.2173093234525798
1635	TASOR	V932V;L933L	Silent;Silent	0.1863516672431766
1636	TASOR		No Mutation	0.1788195060667132
1637	TASOR	L924L	Silent	-0.619016089
1638	TASOR		No Mutation	0.7283960753149104
1639	TASOR	(NC)	Intron	0.6999378445422744
1640	TASOR		No Mutation	-0.147228668
1641	TASOR		No Mutation	-0.098013543
1642	TASOR	(NC)	Splice-acceptor	0.4319612477043164
1643	TASOR		No Mutation	0.1178764607528429
1644	TASOR		No Mutation	-0.28702278
1645	TASOR	L917L	Silent	0.8486355674847484
1646	TASOR		No Mutation	0.4979917272250257
1647	TASOR	R899H	Missense	-0.245431793
1648	TASOR	R899H	Missense	-0.241164594
1649	TASOR		No Mutation	4.480600841046556
1650	TASOR	E895K	Missense	0.047858444
1651	TASOR		No Mutation	0.6708926256605492
1652	TASOR	V880I	Missense	0.2353996162413701
1653	TASOR		No Mutation	0.2914272626191566
1654	TASOR	L871L;E873K	Silent;Missense	-0.192637208
1655	TASOR	D866N	Missense	0.67803462
1656	TASOR	S859F	Missense	-0.145282456
1657	TASOR		No Mutation	-0.454171156
1658	TASOR		No Mutation	-0.280490972
1659	TASOR		No Mutation	-0.149515582
1660	TASOR	E826K	Missense	-0.352311311
1661	TASOR	E826K	Missense	0.1312673302087459
1662	TASOR		No Mutation	-0.55179057
1663	TASOR	A804V	Missense	-0.238244465
1664	TASOR	D802N	Missense	0.6398170158466348
1665	TASOR	T792I	Missense	-0.581904728
1666	TASOR	L789L	Silent	-0.137115981
1667	TASOR	W774*	Nonsense	-1.241375069
1668	TASOR	I768I;H769Y	Silent;Missense	0.5737016681586555
1669	TASOR		No Mutation	-1.026667611
1670	TASOR	G764G	Silent	-0.558521741
1671	TASOR	A766T	Missense	0.7191079872988513
1672	TASOR	Q758*	Nonsense	-0.907735785
1673	TASOR	D752D	Silent	0.3333955825073531
1674	TASOR		No Mutation	1.0574243211615764
1675	TASOR	H749Y	Missense	0.5131825615179006
1676	TASOR	G748K	Missense	0.287147439482917
1677	TASOR		No Mutation	-0.827682379
1678	TASOR	Q742*;P743F	Nonsense;Missense	0.8663138467445881
1679	TASOR	S740F	Missense	0.212946373
1680	TASOR		No Mutation	-0.451001354
1681	TASOR		No Mutation	-1.179571737
1682	TASOR		No Mutation	-0.400020094
1683	TASOR		No Mutation	0.7320278920941443
1684	TASOR	V709V	Silent	0.083826228
1685	TASOR	S706S	Silent	-1.038842849
1686	TASOR		No Mutation	-0.351017571
1687	TASOR		No Mutation	0.4645756016568638
1688	TASOR		No Mutation	-0.804502501
1689	TASOR		No Mutation	-0.492328182
1690	TASOR		No Mutation	-0.242707752
1691	TASOR		No Mutation	-0.157428212
1692	TASOR	S673F	Missense	-0.005953789
1693	TASOR		No Mutation	-0.105086986
1694	TASOR	K667K	Silent	-0.184864143
1695	TASOR		No Mutation	-0.276735565
1696	TASOR	R655*	Nonsense	-1.128243891
1697	TASOR	T648I	Missense	1.0820975979157077
1698	TASOR	Q641*	Nonsense	-1.154647915
1699	TASOR	E639K;G640N	Missense;Missense	0.013204278
1700	TASOR	P634L;L635F	Missense;Missense	0.2743013252799668
1701	TASOR		No Mutation	0.5852952044072817
1702	TASOR	E610K	Missense	1.2019862560874852
1703	TASOR	L602L	Silent	0.4411689540421348
1704	TASOR	C601Y;L602L	Missense;Silent	0.086530984
1705	TASOR		No Mutation	-0.401311096
1706	TASOR		No Mutation	-0.278248472
1707	TASOR	D583N	Missense	-0.573710347
1708	TASOR	V553I	Missense	-0.056782802
1709	TASOR		No Mutation	0.9114647035688928
1710	TASOR	E519K;S520N	Missense;Missense	-0.592740635
1711	TASOR	Q515Q;E516K	Silent;Missense	0.4109904889149464
1712	TASOR	A512V	Missense	0.3727935527038629
1713	TASOR	T510I	Missense	0.9588333510134216
1714	TASOR	(NC)	Splice-donor	-0.700969862
1715	TASOR		No Mutation	0.055613377
1716	TASOR		No Mutation	-1.086534915
1717	TASOR		No Mutation	-0.1279252
1718	TASOR	(NC);(NC)	Intron;Intron	-0.289576289
1719	TASOR	P478F	Missense	-0.490859505
1720	TASOR		No Mutation	-0.219823876
1721	TASOR	Q475*	Nonsense	-1.687212411
1722	TASOR		No Mutation	0.7809991650609008
1723	TASOR		No Mutation	-0.606265635
1724	TASOR		No Mutation	-0.716706343
1725	TASOR	L471F	Missense	0.099639405
1726	TASOR		No Mutation	-0.218918278
1727	TASOR		No Mutation	-0.484407048
1728	TASOR	G466K	Missense	-0.400778071
1729	TASOR	P461F	Missense	0.1630717157701958
1730	TASOR	L458F	Missense	-0.310354662
1731	TASOR	L458F	Missense	-0.285174818
1732	TASOR	(NC);(NC);(NC)	Intron;Intron;Intron	1.2001688135647464
1733	TASOR		No Mutation	-0.699480221
1734	TASOR		No Mutation	0.3106815313334802
1735	TASOR	C429C;S430S;L431F	Silent;Silent;Missense	-0.189493712
1736	TASOR	(NC)	Intron	-0.339501132
1737	TASOR	P419S	Missense	0.062934531
1738	TASOR	Y416Y	Silent	0.3350147037306528
1739	TASOR	K413K;E414K	Silent;Missense	0.8656602547492116
1740	TASOR		No Mutation	1.1773992852838928
1741	TASOR		No Mutation	0.098242428
1742	TASOR	V393I;E394K	Missense;Missense	-0.556632546
1743	TASOR	(NC)	Intron	-1.102238312
1744	TASOR	L383L	Silent	0.5871392971754406
1745	TASOR	Q362Q	Silent	0.8372692602781644
1746	TASOR	N355N	Silent	1.1493771779456046
1747	TASOR		No Mutation	-0.397396118
1748	TASOR	T347I	Missense	-0.283226139
1749	TASOR	(NC)	Intron	-0.881065477
1750	TASOR	S339L;S340L	Missense;Missense	0.093271056
1751	TASOR		No Mutation	-0.236476592
1752	TASOR		No Mutation	-0.13275517
1753	TASOR		No Mutation	0.1580041567504975
1754	TASOR		No Mutation	-0.19500253
1755	TASOR	G306G	Silent	0.2869801160918168
1756	TASOR	T298I	Missense	-1.299355246
1757	TASOR	Q299Q;(NC)	Silent;Splice-donor	-1.325567439
1758	TASOR		No Mutation	-0.485958965
1759	TASOR	A294V	Missense	-0.583921237
1760	TASOR		No Mutation	-0.186348735
1761	TASOR	R285*	Nonsense	-0.318954355
1762	TASOR	V279M	Missense	-0.483503517
1763	TASOR	C277Y	Missense	-1.196235462
1764	TASOR	E276K;C277Y	Missense;Missense	-1.223804732
1765	TASOR	E276K	Missense	-0.952419088
1766	TASOR		No Mutation	1.0307917290187785
1767	TASOR	P254P	Silent	-0.059394116
1768	TASOR		No Mutation	0.1640740935260203
1769	TASOR		No Mutation	-0.241025252
1770	TASOR	A234T	Missense	0.2270123973978439
1771	TASOR		No Mutation	-0.529571851
1772	TASOR		No Mutation	0.2420191117147638
1773	TASOR	P229S	Missense	0.1416440879348681
1774	TASOR	A227V	Missense	0.192858608870974
1775	TASOR	A227V	Missense	-0.070059605
1776	TASOR	A227V	Missense	-0.417998074
1777	TASOR	Q226*	Nonsense	0.1942184169506589
1778	TASOR		No Mutation	0.2177892276615602
1779	TASOR	V216I	Missense	0.837426075
1780	TASOR		No Mutation	0.8122272668599823
1781	TASOR		No Mutation	1.101102578410151
1782	TASOR		No Mutation	-0.250040639
1783	TASOR	L209F	Missense	-0.127553192
1784	TASOR	L209F	Missense	0.1949343057703402
1785	TASOR	G210N	Missense	-0.443029251
1786	TASOR	S204F	Missense	-0.400854009
1787	TASOR		No Mutation	0.072127581
1788	TASOR		No Mutation	-0.099386982
1789	TASOR	Q192*;T193I	Nonsense;Missense	-0.051184102
1790	TASOR		No Mutation	0.047833450267969
1791	TASOR		No Mutation	-0.059735425
1792	TASOR	M185I;V186I	Missense;Missense	0.9680095492088732
1793	TASOR	S180F	Missense	1.5707039638703153
1794	TASOR		No Mutation	-0.332080491
1795	TASOR		No Mutation	-0.144140842
1796	TASOR	H152Y	Missense	-0.629510167
1797	TASOR	N144N;Y145Y	Silent;Silent	2.956788818502417
1798	TASOR		No Mutation	-0.144711601
1799	TASOR		No Mutation	1.938025528009564
1800	TASOR	V140I	Missense	-0.644658315
1801	TASOR	E136K	Missense	-0.266829671
1802	TASOR	E124K	Missense	-0.576212425
1803	TASOR	G119N	Missense	0.2269938160960337
1804	TASOR	S106S	Silent	-0.540294873
1805	TASOR		No Mutation	-0.604272925
1806	TASOR		No Mutation	0.7389838426238595
1807	TASOR	R97K;R98K	Missense;Missense	-0.394927992
1808	TASOR	R97K;R98K	Missense;Missense	-0.955801834
1809	TASOR	P92L	Missense	0.098353028
1810	TASOR	P92F	Missense	0.2834353865437988
1811	TASOR	R94K	Missense	-0.300986577
1812	TASOR	R94K	Missense	-0.339012394
1813	TASOR	R94K	Missense	-0.907090458
1814	TASOR	G88G;P89F	Silent;Missense	-0.521411107
1815	TASOR	E91E	Silent	-0.483990466
1816	TASOR	E91K	Missense	-0.278758215
1817	TASOR	E90K;E91K	Missense;Missense	-0.71230312
1818	TASOR	E90K	Missense	0.2607723714900354
1819	TASOR	G88D	Missense	0.839214036
1820	TASOR	A82V;A83V	Missense;Missense	0.2572599571416741
1821	TASOR	A82A;A83T	Silent;Missense	-0.143982275
1822	TASOR	D76D;S77F	Silent;Missense	-0.402953046
1823	TASOR	E79K;A80T	Missense;Missense	-0.84984171
1824	TASOR	Q75*	Nonsense	-0.150762825
1825	TASOR	Q75*	Nonsense	-0.297460727
1826	TASOR	P74F;Q75*	Missense;Nonsense	-0.847364364
1827	TASOR	Q75Q;D76N	Silent;Missense	-0.496748883
1828	TASOR	Q73Q	Silent	0.1891687064956536
1829	TASOR	L69L;S70S;H71Y	Silent;Silent;Missense	-0.138827903
1830	TASOR	E72K	Missense	-0.193023328
1831	TASOR	E72K	Missense	-0.162152303
1832	TASOR	S70N	Missense	-0.71536321
1833	TASOR	S68N	Missense	-0.095414783
1834	TASOR		No Mutation	-0.285436655
1835	TASOR	R57C	Missense	-0.674269039
1836	TASOR	R57C	Missense	-0.301409441
1837	TASOR	R57C	Missense	0.6142921789533626
1838	TASOR	R57C	Missense	0.00963705
1839	TASOR	G56E;R57H	Missense;Missense	0.5705019790442706
1840	TASOR	G56K;R57H	Missense;Missense	-0.259163983
1841	TASOR	S52S;G53G	Silent;Silent	-0.222124975
1842	TASOR	P51F	Missense	-0.357648774
1843	TASOR	P51F	Missense	0.5615948384653228
1844	TASOR	I48I;A49V	Silent;Missense	0.2708483409083909
1845	TASOR	E50E	Silent	0.4414843187477363
1846	TASOR	N47N	Silent	-0.246243286
1847	TASOR	Q39*	Nonsense	0.4193352555044136
1848	TASOR	Q38*;Q39*	Nonsense;Nonsense	-0.729852891
1849	TASOR	S37F;Q38*	Missense;Nonsense	0.1372208306752041
1850	TASOR	S36F;S37F	Missense;Missense	-0.896109327
1851	TASOR	S36F	Missense	-0.26739022
1852	TASOR		No Mutation	0.965050118
1853	TASOR		No Mutation	-0.053761269
1854	TASOR		No Mutation	0.003910927
1855	TASOR		No Mutation	-0.975019202
1856	TASOR	A15V	Missense	-0.263788007
1857	TASOR	A15V	Missense	-0.574954977
1858	TASOR	W17*;E18K	Nonsense;Missense	0.4915924328624312
1859	TASOR	P12L	Missense	0.370248495
1860	TASOR	P12L	Missense	-0.190414659
1861	TASOR	A15T	Missense	0.024949984
1862	TASOR		No Mutation	-0.630073346
1863	TASOR	A2V	Missense	0.5075671289933212
1864	TASOR	A4T	Missense	-0.554424528
1865	TASOR	(NC);(NC)	UTR;UTR	-0.443339161
1866	TASOR	M1I;A2T	Missense;Missense	-0.014224971
1867	TASOR	(NC);(NC)	UTR;UTR	0.1946894688585108
1868	TASOR	(NC);(NC)	UTR;UTR	0.7307216255548965
1869	TASOR	(NC);(NC);(NC)	UTR;UTR;UTR	0.2078737953735294
1870	PPHLN1		No Mutation	0.2069391985382491
1871	PPHLN1	S24N	Missense	0.2837329651557018
1872	PPHLN1	S24N;(NC)	Missense;Splice-donor	-0.762932765
1873	PPHLN1		No Mutation	-0.273751853
1874	PPHLN1		No Mutation	-0.370424953
1875	PPHLN1	L40L	Silent	-0.597391471
1876	PPHLN1	P39L;L40L	Missense;Silent	0.1271123821830118
1877	PPHLN1	R43K	Missense	-0.794849221
1878	PPHLN1	L41L	Silent	0.4059893315993895
1879	PPHLN1	G45N	Missense	0.2342165497615487
1880	PPHLN1		No Mutation	-0.375047352
1881	PPHLN1	Y58Y;R59*	Silent;Nonsense	-0.927163123
1882	PPHLN1	Y58Y;R59*	Silent;Nonsense	0.085666641
1883	PPHLN1	E63E;G64N	Silent;Missense	0.3445835078310529
1884	PPHLN1	D70N	Missense	-0.149482597
1885	PPHLN1		No Mutation	0.0145787272493271
1886	PPHLN1	(NC);(NC)	Splice-donor;Intron	0.5982573115329202
1887	PPHLN1	(NC)	Intron	-0.617822748
1888	PPHLN1		No Mutation	0.2044670664269207
1889	PPHLN1		No Mutation	-0.061736146
1890	PPHLN1	S94S	Silent	0.3737486362659908
1891	PPHLN1	P97F	Missense	0.3463017449348636
1892	PPHLN1	(NC)	Intron	-0.21859449
1893	PPHLN1	S114F;H115Y	Missense;Missense	-0.327074934
1894	PPHLN1	E119E;R120Q	Silent;Missense	-0.915666988
1895	PPHLN1	E119E;R120Q	Silent;Missense	-0.109863967
1896	PPHLN1	R120W	Missense	0.5822623101822311
1897	PPHLN1	R120W	Missense	-0.218558502
1898	PPHLN1	S133L;P134S	Missense;Missense	0.0242194866980047
1899	PPHLN1	D139N	Missense	0.7518974105133663
1900	PPHLN1		No Mutation	-0.394972744
1901	PPHLN1	S140F;P141L	Missense;Missense	-0.421163645
1902	PPHLN1	G146N	Missense	-0.462631988
1903	PPHLN1	R152K;S153N	Missense;Missense	0.3689896855930658
1904	PPHLN1	S153S	Silent	-0.598878837
1905	PPHLN1		No Mutation	0.4174834093194194
1906	PPHLN1	R170K	Missense	-0.30490338
1907	PPHLN1		No Mutation	0.5673169156903817
1908	PPHLN1	(NC)	Splice-acceptor	-0.372154429
1909	PPHLN1	(NC)	Splice-acceptor	-0.009817639
1910	PPHLN1	K171K	Silent	-0.302341689
1911	PPHLN1	K171K;V173M	Silent;Missense	0.274109412604483
1912	PPHLN1	V173I	Missense	-0.497642551
1913	PPHLN1		No Mutation	0.0193902342522199
1914	PPHLN1	R174H	Missense	-0.338474433
1915	PPHLN1		No Mutation	0.088362589
1916	PPHLN1	P175L	Missense	0.4367462764258357
1917	PPHLN1	R181Q	Missense	0.5407620385157728
1918	PPHLN1	Y179Y	Silent	-0.127192907
1919	PPHLN1	Q182Q	Silent	0.2583652252173274
1920	PPHLN1	E184K	Missense	-0.062392314
1921	PPHLN1		No Mutation	0.1789033501828303
1922	PPHLN1	(NC)	Intron	0.289377243
1923	PPHLN1	(NC)	Intron	0.3995696095712944
1924	PPHLN1	T204I	Missense	-0.315283747
1925	PPHLN1	A211T;V212I	Missense;Missense	-0.005501509
1926	PPHLN1	V212I	Missense	-0.141141561
1927	PPHLN1	A211V	Missense	0.3867612328677946
1928	PPHLN1		No Mutation	0.3717176188020543
1929	PPHLN1	P221P	Silent	-0.50869932
1930	PPHLN1		No Mutation	0.046104007
1931	PPHLN1	A230V	Missense	-0.22449039
1932	PPHLN1		No Mutation	0.7694180426202497
1933	PPHLN1		No Mutation	-1.135322024
1934	PPHLN1	E256K	Missense	-0.227651573
1935	PPHLN1	S253F	Missense	-0.45998849
1936	PPHLN1		No Mutation	-0.096022873
1937	PPHLN1		No Mutation	0.0149740188001951
1938	PPHLN1		No Mutation	-0.879056436
1939	PPHLN1	Q267Q	Silent	-0.750247477
1940	PPHLN1	E272K	Missense	1.4165847945036338
1941	PPHLN1		No Mutation	-0.104565773
1942	PPHLN1	S273L	Missense	0.9920004001659342
1943	PPHLN1	S273L	Missense	0.3580678618074422
1944	PPHLN1		No Mutation	0.002742541
1945	PPHLN1		No Mutation	-0.062651085
1946	PPHLN1	T298I	Missense	-0.019005188
1947	PPHLN1		No Mutation	0.3548694387807458
1948	PPHLN1	R306Q	Missense	-0.359759663
1949	PPHLN1	Q307*	Nonsense	1.8549672697388984
1950	PPHLN1	D308D	Silent	0.355697972
1951	PPHLN1		No Mutation	0.2565434687236047
1952	PPHLN1	D308D	Silent	-0.092566501
1953	PPHLN1		No Mutation	0.3445076399456921
1954	PPHLN1	S329F	Missense	-0.380192235
1955	PPHLN1	Q336*	Nonsense	0.083308159
1956	PPHLN1	H339Y	Missense	0.093271381
1957	PPHLN1	(NC);(NC)	Intron;Intron	-0.126367275
1958	PPHLN1	(NC);(NC)	Intron;Intron	-0.314036885
1959	PPHLN1	(NC);E342E	Splice-acceptor;Silent	-0.303824614
1960	PPHLN1	S343F	Missense	-0.030858319
1961	PPHLN1	Q346Q	Silent	0.1616052263907072
1962	PPHLN1	Q346*	Nonsense	-0.039946855
1963	PPHLN1	Q350*	Nonsense	-0.255835001
1964	PPHLN1		No Mutation	0.7788226617983881
1965	PPHLN1	E358K	Missense	-0.0120979
1966	PPHLN1	E358K	Missense	-0.614020366
1967	PPHLN1	E358K	Missense	-0.385490117
1968	PPHLN1	E358K	Missense	-0.043411164
1969	PPHLN1	T357I	Missense	1.2727232086486595
1970	PPHLN1	T364I	Missense	-0.143294902
1971	PPHLN1	A373V;Q374*	Missense;Nonsense	-0.157310402
1972	PPHLN1	(NC)	Intron	-0.423589595
1973	PPHLN1	(NC)	Intron	-0.581720609
1974	PPHLN1		No Mutation	0.028133891
1975	PPHLN1	Q378Q	Silent	0.008780155
1976	PPHLN1	A376V;P377S	Missense;Missense	0.3780678523177044
1977	PPHLN1	Q378Q	Silent	-0.489615216
1978	PPHLN1	Q381Q;A382T	Silent;Missense	1.1524482154679392
1979	PPHLN1	Q381Q;A382T	Silent;Missense	0.301554083595496
1980	PPHLN1	A382T	Missense	-0.938834308
1981	PPHLN1	Q384Q	Silent	0.2779178156544065
1982	PPHLN1	Q384Q	Silent	0.5252553660365327
1983	PPHLN1	Q384Q	Silent	-0.008191518
1984	PPHLN1		No Mutation	0.365677394969473
1985	PPHLN1	P383L;Q384*	Missense;Nonsense	-0.107699973
1986	PPHLN1	Q387Q	Silent	-0.154879817
1987	PPHLN1	Q387Q	Silent	0.4613136166121577
1988	PPHLN1	R389Q	Missense	-0.232536649
1989	PPHLN1	Q387*	Nonsense	0.3277422368218464
1990	PPHLN1	Q387*;P388S	Nonsense;Missense	-0.545395842
1991	PPHLN1	K390K	Silent	0.3312935716263661
1992	PPHLN1	K390K	Silent	0.8181497335386697
1993	PPHLN1	K390K	Silent	0.4643169818656955
1994	PPHLN1		No Mutation	0.3289956879238673
1995	PPHLN1	V393I;R394H	Missense;Missense	0.2765569204824575
1996	PPHLN1	R394H	Missense	0.092464086
1997	PPHLN1	R394H	Missense	-0.500919884
1998	PPHLN1	T396M	Missense	0.1421799430627519
1999	PPHLN1	Q398*;L399F	Nonsense;Missense	0.212019917307485
2000	PPHLN1	A405V	Missense	0.6193791069027124
2001	PPHLN1	A405V;P406S	Missense;Missense	0.009658373
2002	PPHLN1	A405V;P406L	Missense;Missense	-0.549944647
2003	PPHLN1	A405V;P406L	Missense;Missense	-0.734718113
2004	PPHLN1	W410*;G411K	Nonsense;Missense	0.7215134596516388
2005	PPHLN1	W410*;G411K	Nonsense;Missense	-0.751986681
2006	PPHLN1	G411K	Missense	0.237801338
2007	PPHLN1	K414K;K415K	Silent;Silent	0.0412670215387414
2008	PPHLN1	L413L	Silent	-0.114638828
2009	PPHLN1		No Mutation	0.4445154777884846
2010	PPHLN1	T416I;T417I	Missense;Missense	1.4483834730160612
2011	PPHLN1	Q428Q	Silent	0.2053428335750013
2012	PPHLN1		No Mutation	-0.599426292
2013	PPHLN1	V443I;V444I	Missense;Missense	-0.506296061
2014	PPHLN1	H445Y	Missense	-0.05270279
2015	PPHLN1	C446C;N447N	Silent;Silent	0.4472622064473021
2016	PPHLN1		No Mutation	-0.269341095
2017	MORC2	(NC);(NC);(NC)	UTR;UTR;UTR	0.1859796332979304
2018	MORC2	T1029T	Silent	-0.650121503
2019	MORC2	G1031G;D1032N	Silent;Missense	-0.587820462
2020	MORC2	I1028I;T1029I	Silent;Missense	-0.772958432
2021	MORC2	D1026D;L1027F	Silent;Missense	-0.382153595
2022	MORC2	D1026D	Silent	-0.290912556
2023	MORC2		No Mutation	0.6979633369996558
2024	MORC2		No Mutation	-0.198814164
2025	MORC2		No Mutation	-0.373072004
2026	MORC2	L1020L	Silent	0.8993434554879247
2027	MORC2	I1014I;N1015N	Silent;Silent	-0.350021204
2028	MORC2		No Mutation	0.067775156
2029	MORC2	D1011N	Missense	0.5384655478541773
2030	MORC2	(NC);D1011N	Splice-acceptor;Missense	-0.39998901
2031	MORC2	(NC)	Splice-acceptor	-1.515621158
2032	MORC2		No Mutation	-1.333863783
2033	MORC2	(NC);(NC);(NC)	Intron;Intron;Intron	0.3386380997194883
2034	MORC2	Q1009*	Nonsense	-0.498453293
2035	MORC2	L1004L;L1005L;Q1006*	Silent;Silent;Nonsense	-0.380789622
2036	MORC2	L1004F;L1005L	Missense;Silent	-0.512215475
2037	MORC2	I1001I	Silent	0.126871357
2038	MORC2	L1005L	Silent	0.075761906
2039	MORC2	L997L	Silent	1.0745201172031034
2040	MORC2		No Mutation	-0.016871679
2041	MORC2		No Mutation	0.268870478
2042	MORC2	R988H	Missense	-0.108172926
2043	MORC2	E984E;R985K	Silent;Missense	-0.500722133
2044	MORC2	S979S;L980L	Silent;Silent	-0.2403086
2045	MORC2	R981H	Missense	-1.091770694
2046	MORC2	L980L;R981H	Silent;Missense	-0.287973828
2047	MORC2	S979N	Missense	0.0480053142654759
2048	MORC2	E977K;E978K	Missense;Missense	0.7061098535582264
2049	MORC2	E977K	Missense	-1.124906089
2050	MORC2	S971S;R972W	Silent;Missense	-0.919451749
2051	MORC2	R972R;A973T	Silent;Missense	-0.436041874
2052	MORC2	A969V	Missense	-0.56944969
2053	MORC2		No Mutation	-0.13171559
2054	MORC2	S967S;R968C	Silent;Missense	-0.925360423
2055	MORC2	S967S	Silent	0.102757109381171
2056	MORC2	D970N	Missense	0.222542443190035
2057	MORC2	Q966Q	Silent	-0.367337522
2058	MORC2		No Mutation	-0.422017129
2059	MORC2	F951F	Silent	-0.662975186
2060	MORC2	F951F	Silent	-0.361149778
2061	MORC2		No Mutation	-0.618269282
2062	MORC2		No Mutation	-0.869199116
2063	MORC2	(NC);(NC)	Intron;Intron	0.0113466233680411
2064	MORC2		No Mutation	-1.50694655
2065	MORC2		No Mutation	-0.412580851
2066	MORC2	(NC);(NC)	Intron;Intron	-0.223370197
2067	MORC2	S935N;A936T	Missense;Missense	-1.087377994
2068	MORC2	Q933Q;L934L	Silent;Silent	0.4918665991051075
2069	MORC2	Q933Q	Silent	-0.220020705
2070	MORC2	K932K;Q933Q	Silent;Silent	1.362096757374577
2071	MORC2		No Mutation	-0.633313195
2072	MORC2		No Mutation	-0.602391073
2073	MORC2		No Mutation	0.2184448538802904
2074	MORC2	C918Y	Missense	0.6073086404785567
2075	MORC2	(NC)	Intron	0.272009787
2076	MORC2	C918Y	Missense	0.5752641017160005
2077	MORC2	R916R	Silent	0.4805315963953242
2078	MORC2	(NC);(NC)	Intron;Intron	-0.674502272
2079	MORC2	(NC)	Intron	0.2027247556617526
2080	MORC2		No Mutation	0.1563309180856965
2081	MORC2	(NC)	Intron	-0.613906628
2082	MORC2		No Mutation	0.3442181738499905
2083	MORC2	L911F	Missense	-1.253714749
2084	MORC2	Q913Q	Silent	-0.565164587
2085	MORC2	D909N	Missense	-1.183115462
2086	MORC2	E906K	Missense	0.2920247270507977
2087	MORC2	E906K	Missense	0.0151352082201001
2088	MORC2		No Mutation	-0.842033758
2089	MORC2	L901L;S902N	Silent;Missense	0.1586130005971945
2090	MORC2		No Mutation	-0.538163374
2091	MORC2	D897N	Missense	-0.675166821
2092	MORC2	E895K	Missense	-0.262293096
2093	MORC2	R893H	Missense	-0.204084255
2094	MORC2	C891Y	Missense	-0.339755865
2095	MORC2	C891Y	Missense	0.2736841891372713
2096	MORC2	E885E	Silent	-0.453694212
2097	MORC2	V883I;A884T	Missense;Missense	-0.087081319
2098	MORC2	V883I	Missense	-0.289507793
2099	MORC2	A880T	Missense	-0.74730071
2100	MORC2	Q879Q;A880T	Silent;Missense	-0.519336304
2101	MORC2	G874G;P875S	Silent;Missense	0.4068961831454702
2102	MORC2		No Mutation	-1.069966168
2103	MORC2	G868G	Silent	-0.516953122
2104	MORC2	G868G	Silent	-1.543610042
2105	MORC2		No Mutation	-0.74434152
2106	MORC2	Q866*	Nonsense	-1.234940147
2107	MORC2	Q865*;Q866*	Nonsense;Nonsense	-1.353593671
2108	MORC2	T864I;Q865*	Missense;Nonsense	-0.917438288
2109	MORC2	Q866Q;E867K;G868S	Silent;Missense;Missense	-0.698593082
2110	MORC2	T864I	Missense	0.5295089451463785
2111	MORC2	T864I	Missense	-0.275030683
2112	MORC2	L862F	Missense	0.00972785
2113	MORC2	S861S;L862F	Silent;Missense	-0.322889922
2114	MORC2	S861S;L862F	Silent;Missense	-0.62047442
2115	MORC2	D863N	Missense	-0.198047547
2116	MORC2	Q860Q;S861N	Silent;Missense	0.2061975011827337
2117	MORC2	Q860Q	Silent	-0.075041478
2118	MORC2	Q860Q	Silent	-0.165566982
2119	MORC2		No Mutation	-0.665025292
2120	MORC2		No Mutation	-0.252352231
2121	MORC2	G845G	Silent	0.1764304572137598
2122	MORC2		No Mutation	-0.409982498
2123	MORC2	G845N	Missense	-0.93218091
2124	MORC2	(NC);(NC)	Intron;Intron	0.1123518755539446
2125	MORC2		No Mutation	-0.547079048
2126	MORC2	(NC)	Intron	-0.57875399
2127	MORC2	(NC)	Intron	0.8519917652823288
2128	MORC2		No Mutation	-0.292767026
2129	MORC2		No Mutation	-0.168717453
2130	MORC2		No Mutation	0.3376472087378896
2131	MORC2	R840R	Silent	0.439236722532319
2132	MORC2	(NC)	Intron	-0.657091364
2133	MORC2	T835M;T836I	Missense;Missense	-0.098078268
2134	MORC2	R838K	Missense	-0.013493097
2135	MORC2	H820Y	Missense	-0.354053253
2136	MORC2	G818G	Silent	-0.813534533
2137	MORC2	G818G	Silent	0.1829714055317636
2138	MORC2	K819K	Silent	-0.566079009
2139	MORC2		No Mutation	-0.769338358
2140	MORC2	V815V;E816K;V817M	Silent;Missense;Missense	-0.597618188
2141	MORC2	V812V;T813I	Silent;Missense	0.8194270220780777
2142	MORC2	V812V	Silent	-0.276123377
2143	MORC2	G810G;R811C	Silent;Missense	0.5569260650036978
2144	MORC2	G810G;R811C	Silent;Missense	-0.558879503
2145	MORC2	N804N	Silent	-0.234753536
2146	MORC2	N804N	Silent	-0.533992948
2147	MORC2	R802C	Missense	-0.183287728
2148	MORC2		No Mutation	-0.507256652
2149	MORC2		No Mutation	0.5325712204070208
2150	MORC2		No Mutation	-0.313211978
2151	MORC2		No Mutation	-0.431721255
2152	MORC2	(NC);(NC)	Intron;Intron	0.01862515
2153	MORC2	(NC);(NC)	Intron;Intron	-0.145318493
2154	MORC2	(NC)	Splice-acceptor	-1.052372507
2155	MORC2	(NC)	Intron	-0.614865622
2156	MORC2	Q792*	Nonsense	-0.66787781
2157	MORC2	A791V;Q792*	Missense;Nonsense	-1.280155287
2158	MORC2	A791V;Q792*	Missense;Nonsense	-0.531157155
2159	MORC2	A791V;Q792*	Missense;Nonsense	-0.710962809
2160	MORC2	Q792Q;D794N	Silent;Missense	-0.790608189
2161	MORC2	L788F	Missense	0.020716379
2162	MORC2	A780V	Missense	0.5942355605350809
2163	MORC2	D778D	Silent	-0.315698277
2164	MORC2	L776F	Missense	0.2968648511683316
2165	MORC2	L776F	Missense	-0.838777484
2166	MORC2	S779N	Missense	-1.108129345
2167	MORC2	(NC);L776F	Intron;Missense	-0.726474661
2168	MORC2		No Mutation	-0.215032726
2169	MORC2		No Mutation	0.442954317
2170	MORC2		No Mutation	-0.494621364
2171	MORC2	D772D;S773L	Silent;Missense	0.72883534
2172	MORC2		No Mutation	-0.286506107
2173	MORC2		No Mutation	0.1176746072608974
2174	MORC2	G762G	Silent	-0.19239451
2175	MORC2	G762G	Silent	-0.750207724
2176	MORC2		No Mutation	-0.616450203
2177	MORC2		No Mutation	0.3996082413186082
2178	MORC2		No Mutation	0.1969078004457876
2179	MORC2	A752V	Missense	1.111741688314322
2180	MORC2		No Mutation	-0.695191061
2181	MORC2		No Mutation	-0.594889567
2182	MORC2		No Mutation	-0.062533182
2183	MORC2		No Mutation	-0.596096314
2184	MORC2		No Mutation	0.6782414792113256
2185	MORC2	V740V	Silent	0.1226702607480361
2186	MORC2	S739N;V740I	Missense;Missense	-0.404448839
2187	MORC2	R738R;S739N;V740I	Silent;Missense;Missense	-0.257526267
2188	MORC2	R738Q;S739N	Missense;Missense	-0.50864571
2189	MORC2	A732V;T733I	Missense;Missense	0.7611321182715522
2190	MORC2	(NC)	Intron	0.5932549873795965
2191	MORC2		No Mutation	-0.911320496
2192	MORC2	(NC)	Intron	-0.803335786
2193	MORC2	(NC);(NC);(NC)	Intron;Intron;Intron	-0.533199744
2194	MORC2	P731P;(NC)	Silent;Splice-donor	-0.568076683
2195	MORC2	P726F	Missense	-0.23828194
2196	MORC2	E724K	Missense	0.1598432397973622
2197	MORC2		No Mutation	-0.123934521
2198	MORC2		No Mutation	-0.471628232
2199	MORC2	V714V	Silent	0.1621097944468304
2200	MORC2		No Mutation	0.7930263220470207
2201	MORC2		No Mutation	0.3695802289106367
2202	MORC2		No Mutation	-0.053758828
2203	MORC2	E708E;V709I	Silent;Missense	-0.517409414
2204	MORC2	R707Q	Missense	-0.666361446
2205	MORC2	R707Q	Missense	-0.054990178
2206	MORC2	N702N;S703F	Silent;Missense	-0.385023251
2207	MORC2	P701P;N702N	Silent;Silent	0.1363642952293933
2208	MORC2	P701L;N702N	Missense;Silent	-0.224022937
2209	MORC2		No Mutation	0.5218973755080506
2210	MORC2	L695L	Silent	0.006374828
2211	MORC2	L695L	Silent	0.00585696
2212	MORC2	L695L	Silent	0.1433797797589662
2213	MORC2	Q693Q	Silent	-0.611537812
2214	MORC2	L691L;V692I	Silent;Missense	-0.125960571
2215	MORC2	L691L;V692I	Silent;Missense	-0.716808495
2216	MORC2	S686F;R687*	Missense;Nonsense	-0.311277556
2217	MORC2	K683K	Silent	0.034954015
2218	MORC2	V682I	Missense	0.4152856980275828
2219	MORC2		No Mutation	-0.528153934
2220	MORC2		No Mutation	0.4786593183936596
2221	MORC2		No Mutation	0.1766576340754688
2222	MORC2	K676K	Silent	-0.110016476
2223	MORC2	R675Q	Missense	-0.126556242
2224	MORC2		No Mutation	-0.409716186
2225	MORC2	L667L;L668F	Silent;Missense	-0.198824463
2226	MORC2	L667L	Silent	0.1640881069800805
2227	MORC2		No Mutation	-0.039170878
2228	MORC2		No Mutation	-0.110545869
2229	MORC2	S663N	Missense	0.955857288840986
2230	MORC2	R659Q;E660K	Missense;Missense	0.3590415667108965
2231	MORC2		No Mutation	0.2149532236606997
2232	MORC2	R659Q;E660K	Missense;Missense	-0.087941608
2233	MORC2	A655V	Missense	1.0023152303074152
2234	MORC2	L653L;P654F	Silent;Missense	-0.316255555
2235	MORC2	L653L;P654F	Silent;Missense	0.008059186
2236	MORC2	L656L;A657T	Silent;Missense	0.5969056059361739
2237	MORC2	L656L;A657T	Silent;Missense	-0.12482787
2238	MORC2	L656L	Silent	0.3658406900468578
2239	MORC2	T650T;P651L	Silent;Missense	-0.436702155
2240	MORC2		No Mutation	-0.100142077
2241	MORC2		No Mutation	-0.557619624
2242	MORC2		No Mutation	-0.771999854
2243	MORC2	V646I	Missense	0.3167654873317831
2244	MORC2	V646I	Missense	0.5951528260108067
2245	MORC2	K643K;A644T	Silent;Missense	-0.19943965
2246	MORC2	R642Q	Missense	0.3729186870961867
2247	MORC2	A638V	Missense	-0.091378482
2248	MORC2	Q640Q	Silent	-0.260820175
2249	MORC2	A638T;S639N	Missense;Missense	0.097567579
2250	MORC2	R636K	Missense	-0.079532917
2251	MORC2		No Mutation	-0.282742288
2252	MORC2		No Mutation	0.7776725427052247
2253	MORC2		No Mutation	-0.505104458
2254	MORC2	L632L	Silent	0.5723822267302179
2255	MORC2		No Mutation	0.6443125041274713
2256	MORC2		No Mutation	-0.09640531
2257	MORC2		No Mutation	-0.29341437
2258	MORC2	A625T	Missense	-0.187532479
2259	MORC2	R623K	Missense	-0.254784324
2260	MORC2	V621V	Silent	-0.223535841
2261	MORC2	V621V	Silent	-0.107846335
2262	MORC2	V621I	Missense	-0.438561618
2263	MORC2	P617L	Missense	-0.401132235
2264	MORC2		No Mutation	-0.632218094
2265	MORC2	S615S	Silent	-0.533666732
2266	MORC2		No Mutation	0.3421340536730236
2267	MORC2	Q611Q;R612H	Silent;Missense	0.18818941019389
2268	MORC2	V607I	Missense	0.5565686584158482
2269	MORC2	(NC);(NC)	Intron;Intron	0.1128921870824166
2270	MORC2	(NC);(NC)	Intron;Intron	-0.148757794
2271	MORC2		No Mutation	0.4604771441211175
2272	MORC2		No Mutation	0.7895834491372757
2273	MORC2	(NC);(NC)	Intron;Intron	1.0979802632934663
2274	MORC2	T603I	Missense	-0.471270054
2275	MORC2	(NC)	Intron	-0.026991766
2276	MORC2	S602S;T603I	Silent;Missense	-0.345338362
2277	MORC2	S602F;T603I	Missense;Missense	-0.076613042
2278	MORC2	E604E;(NC);(NC)	Silent;Splice-donor;Intron	-0.42573465
2279	MORC2	E604K	Missense	-0.834930913
2280	MORC2	T598T;T599I	Silent;Missense	-0.609189088
2281	MORC2	R600K	Missense	-0.044129374
2282	MORC2	R600K	Missense	-0.443337936
2283	MORC2	L595L;E596K	Silent;Missense	-0.36236219
2284	MORC2	D589D;L590L	Silent;Silent	0.4404140670061255
2285	MORC2	K591K	Silent	0.0497110955860953
2286	MORC2	K591K	Silent	0.5141853038604507
2287	MORC2	L590L	Silent	-0.204155371
2288	MORC2	D589N	Missense	-0.160404598
2289	MORC2	A588T;D589N	Missense;Missense	0.2289226821250936
2290	MORC2		No Mutation	-0.25507796
2291	MORC2	(NC)	Intron	-0.52283529
2292	MORC2	(NC)	Intron	-0.835775123
2293	MORC2	(NC)	Intron	0.3331498651314417
2294	MORC2	(NC);(NC)	Intron;Intron	-0.092231018
2295	MORC2	Q579*	Nonsense	-1.057113228
2296	MORC2	A577V	Missense	-0.137448186
2297	MORC2	A577V	Missense	-0.263073235
2298	MORC2	L575L	Silent	-0.284819504
2299	MORC2	K574K;L575L;E576K	Silent;Silent;Missense	0.4567398919264191
2300	MORC2	Q571*;Q572*	Nonsense;Nonsense	-1.286948933
2301	MORC2	R569R;Q570*;Q571*	Silent;Nonsense;Nonsense	-0.682071471
2302	MORC2		No Mutation	-0.020475119
2303	MORC2		No Mutation	0.7401814502931017
2304	MORC2	K552K;D553N	Silent;Missense	-0.05714189
2305	MORC2	R551K;K552K	Missense;Silent	-0.173675318
2306	MORC2	R551K	Missense	0.1215963542339906
2307	MORC2	P546P;L547L	Silent;Silent	0.1439955627986168
2308	MORC2	Q543*	Nonsense	-0.579765609
2309	MORC2	Q543*	Nonsense	-0.441230937
2310	MORC2	S539F	Missense	0.1331384757634828
2311	MORC2	C536Y;E537K	Missense;Missense	-0.995369449
2312	MORC2	(NC)	Intron	-0.11024974
2313	MORC2		No Mutation	-0.129655332
2314	MORC2	(NC)	Intron	0.8179600160795287
2315	MORC2	(NC);(NC)	Intron;Intron	1.3394454904573774
2316	MORC2	(NC);(NC)	Intron;Intron	-0.177800503
2317	MORC2		No Mutation	0.6583156748578896
2318	MORC2	(NC)	Intron	0.8121633690629179
2319	MORC2	(NC);(NC)	Intron;Intron	-0.831947302
2320	MORC2	D534N;R535Q	Missense;Missense	-0.323458421
2321	MORC2	Q533Q;D534N	Silent;Missense	-0.06821294
2322	MORC2	P529L	Missense	-0.411835879
2323	MORC2	E532K	Missense	-0.055790412
2324	MORC2	N528N;P529S	Silent;Missense	0.6260580740757725
2325	MORC2	M527I	Missense	-0.087010867
2326	MORC2	C525Y	Missense	0.1036461440960557
2327	MORC2	C525Y	Missense	-0.914716983
2328	MORC2		No Mutation	-0.462524382
2329	MORC2		No Mutation	0.7748967864616385
2330	MORC2	V515I	Missense	-0.025579997
2331	MORC2	V515M	Missense	-0.312009237
2332	MORC2	V515M	Missense	-0.056700362
2333	MORC2	P509P;F510F;Q511*	Silent;Silent;Nonsense	-1.643630876
2334	MORC2	L512L;S513N	Silent;Missense	0.027442494
2335	MORC2	L512L;S513N	Silent;Missense	-0.152667817
2336	MORC2	(NC)	Intron	0.433167846
2337	MORC2	(NC);(NC);(NC);(NC)	Intron;Intron;Intron;Intron	0.2647306582728808
2338	MORC2	C499C	Silent	0.7853492843939303
2339	MORC2	(NC);(NC)	Intron;Intron	-0.706824162
2340	MORC2	Q498*	Nonsense	-0.78403434
2341	MORC2	(NC);(NC);(NC)	Splice-donor;Intron;Intron	-1.295670744
2342	MORC2	I497I;Q498*	Silent;Nonsense	-0.615022541
2343	MORC2	T496T;I497I;Q498*	Silent;Silent;Nonsense	-0.816321948
2344	MORC2	C499Y;D500N;(NC)	Missense;Missense;Splice-donor	-1.476163034
2345	MORC2	C499Y;D500N;(NC)	Missense;Missense;Splice-donor	-0.541688098
2346	MORC2	Q498Q;C499Y;D500N	Silent;Missense;Missense	0.1130408029685015
2347	MORC2	P494F;T495I	Missense;Missense	-0.721407325
2348	MORC2		No Mutation	-0.958714723
2349	MORC2	Y485Y;R487C	Silent;Missense	-0.598842601
2350	MORC2	L483L	Silent	0.2258386253479434
2351	MORC2		No Mutation	-0.708466601
2352	MORC2	R484H	Missense	-0.711876198
2353	MORC2	L483L;R484H	Silent;Missense	-0.071241375
2354	MORC2	L483L;R484H	Silent;Missense	-0.503296571
2355	MORC2	L483L;R484H	Silent;Missense	-0.16355816
2356	MORC2	E482K	Missense	0.3767058902964195
2357	MORC2		No Mutation	-0.406199123
2358	MORC2	W475*	Nonsense	-1.203924376
2359	MORC2	G469G;Y470Y	Silent;Silent	0.8756859952261532
2360	MORC2		No Mutation	-0.270590108
2361	MORC2		No Mutation	0.1193113701705213
2362	MORC2	K463K	Silent	0.4747081400762866
2363	MORC2		No Mutation	0.6082206747654492
2364	MORC2	K463K	Silent	0.9476429300878014
2365	MORC2		No Mutation	0.5476219664291796
2366	MORC2	(NC)	Intron	0.4714700436826735
2367	MORC2	(NC)	Intron	-0.309386227
2368	MORC2	(NC)	Intron	0.864509842
2369	MORC2		No Mutation	0.7834014711151477
2370	MORC2		No Mutation	0.1497541172184827
2371	MORC2	(NC);(NC);(NC)	Intron;Intron;Intron	-0.488057443
2372	MORC2	A455V;I456I	Missense;Silent	-0.47360974
2373	MORC2	A455V	Missense	0.2147447353788925
2374	MORC2		No Mutation	-0.515142188
2375	MORC2		No Mutation	-0.343053138
2376	MORC2		No Mutation	-0.114172044
2377	MORC2		No Mutation	-0.006391297
2378	MORC2	W451*;K452K;D453N	Nonsense;Silent;Missense	-1.595943767
2379	MORC2	H446H;L447L	Silent;Silent	-0.324621134
2380	MORC2	H446Y	Missense	-0.476187949
2381	MORC2	E445E	Silent	-0.239617943
2382	MORC2	A442V	Missense	-0.34285671
2383	MORC2	M443I;G444K;E445K	Missense;Missense;Missense	-0.145032201
2384	MORC2	H438H;L439L;L440F	Silent;Silent;Missense	-0.040338947
2385	MORC2	A442T	Missense	-0.400247115
2386	MORC2	H438H;L439L	Silent;Silent	-0.33870215
2387	MORC2	H438Y;L439L	Missense;Silent	-0.193508639
2388	MORC2	H438Y;L439L	Missense;Silent	-0.137594738
2389	MORC2	L439L	Silent	0.2663151107258959
2390	MORC2	A431V	Missense	-0.413621974
2391	MORC2	D429D	Silent	-0.262527882
2392	MORC2	Q428Q;D429N	Silent;Missense	0.6099640190511224
2393	MORC2	P423F	Missense	0.4066719554103761
2394	MORC2		No Mutation	-0.13813706
2395	MORC2		No Mutation	-0.49178328
2396	MORC2	E422E	Silent	-0.547216279
2397	MORC2	E422K	Missense	-0.510874771
2398	MORC2	P417S	Missense	-0.507412047
2399	MORC2		No Mutation	0.1516962352991052
2400	MORC2		No Mutation	-1.18347499
2401	MORC2	A406V	Missense	0.7851410916947227
2402	MORC2	A406V	Missense	-0.624316139
2403	MORC2	G408D;G409K	Missense;Missense	-1.192593828
2404	MORC2	G408N;G409K	Missense;Missense	-0.604179505
2405	MORC2	(NC)	Intron	-0.014069842
2406	MORC2	(NC);(NC)	Intron;Intron	1.7898519591751565
2407	MORC2	(NC);(NC);(NC)	Intron;Intron;Intron	-0.6383258
2408	MORC2	(NC);(NC)	Intron;Intron	-0.321263459
2409	MORC2	(NC)	Intron	0.9584860954147284
2410	MORC2	G404N	Missense	-0.308384444
2411	MORC2	G403G;G404N	Silent;Missense	-0.246914014
2412	MORC2	G398G;P399L	Silent;Missense	0.2848047758308213
2413	MORC2	G398G;P399S	Silent;Missense	-0.183956876
2414	MORC2	G398G	Silent	-0.288733544
2415	MORC2		No Mutation	0.4225202834117325
2416	MORC2		No Mutation	-0.452954234
2417	MORC2		No Mutation	-0.414568617
2418	MORC2	I391I	Silent	-0.413047022
2419	MORC2	M382I	Missense	0.2409690299950748
2420	MORC2	H376Y	Missense	0.3400699268467759
2421	MORC2	N373N	Silent	-0.013610406
2422	MORC2	V372V	Silent	1.1798074463755237
2423	MORC2	V372V	Silent	0.3870044093701872
2424	MORC2	V369I	Missense	0.1116368989648872
2425	MORC2	A359V;L360F	Missense;Missense	0.0148509526057449
2426	MORC2	(NC)	Intron	0.353621392
2427	MORC2	(NC)	Intron	-0.220566254
2428	MORC2	Q357*	Nonsense	0.4350749984461538
2429	MORC2	I352I	Silent	-0.502633626
2430	MORC2	V348V	Silent	0.3271347541180626
2431	MORC2	R351K	Missense	0.3580308935596101
2432	MORC2	V348V	Silent	-0.283923638
2433	MORC2	A346V	Missense	-0.681462251
2434	MORC2	R344K;E345K	Missense;Missense	-0.665307629
2435	MORC2		No Mutation	0.03304477793699
2436	MORC2	(NC)	Intron	-0.419611121
2437	MORC2	(NC);(NC)	Intron;Splice-acceptor	-0.966076837
2438	MORC2	(NC)	Intron	0.067532154
2439	MORC2	(NC);(NC)	Intron;Intron	-0.230896098
2440	MORC2	(NC)	Intron	-0.460134011
2441	MORC2		No Mutation	-0.184640821
2442	MORC2	(NC);(NC)	Intron;Intron	-0.371108643
2443	MORC2		No Mutation	-0.140456525
2444	MORC2	D327D;S328F	Silent;Missense	-0.564141841
2445	MORC2	R329K;(NC)	Missense;Splice-donor	-1.059818906
2446	MORC2	T325M;R326W	Missense;Missense	0.6435634667485864
2447	MORC2	D323D;L324F	Silent;Missense	0.5054586894650182
2448	MORC2	D323D;L324F	Silent;Missense	-0.287680242
2449	MORC2	T325T	Silent	0.050203001
2450	MORC2		No Mutation	0.8802719597867382
2451	MORC2		No Mutation	-0.07560246
2452	MORC2		No Mutation	1.1536435955903932
2453	MORC2	T315I	Missense	0.300315915445643
2454	MORC2	A309V	Missense	0.1725863268904263
2455	MORC2		No Mutation	-0.327728678
2456	MORC2	A302V	Missense	-0.784161504
2457	MORC2	(NC);A302V	Intron;Missense	-0.242749454
2458	MORC2		No Mutation	-0.532549434
2459	MORC2	(NC);(NC)	Intron;Intron	-0.884027726
2460	MORC2	(NC)	Intron	-0.103634097
2461	MORC2		No Mutation	-0.401722842
2462	MORC2		No Mutation	-0.280290986
2463	MORC2	H297Y	Missense	-0.440000219
2464	MORC2	A295V	Missense	-0.597952826
2465	MORC2	E291E;V292I	Silent;Missense	-1.426382926
2466	MORC2	E291E;V292I	Silent;Missense	-0.023597973
2467	MORC2	T286I;R287C	Missense;Missense	-0.655863834
2468	MORC2	F284F	Silent	0.1357009641664013
2469	MORC2	A288T;E289K	Missense;Missense	0.3233012444760187
2470	MORC2	S282S;R283C	Silent;Missense	-0.475249941
2471	MORC2	(NC)	Intron	0.2508542077590647
2472	MORC2		No Mutation	0.2581663529183964
2473	MORC2	(NC);(NC)	Intron;Intron	1.2636222783726518
2474	MORC2	(NC);(NC);(NC)	Splice-donor;Intron;Intron	-1.340327926
2475	MORC2	Y272Y	Silent	-0.399937289
2476	MORC2	L271L	Silent	-0.801235687
2477	MORC2	C270C;L271L	Silent;Silent	1.001468465677541
2478	MORC2	K273K	Silent	0.1407542263415808
2479	MORC2	C269C;C270C	Silent;Silent	0.327404118
2480	MORC2	C269Y;C270Y	Missense;Missense	0.3636256884470733
2481	MORC2	H260H	Silent	-0.445371703
2482	MORC2	V262V;Q263Q	Silent;Silent	0.16556907627915
2483	MORC2	I255I;F256F	Silent;Silent	0.6747893287277366
2484	MORC2		No Mutation	-0.845729425
2485	MORC2		No Mutation	0.4111687275733747
2486	MORC2		No Mutation	-0.189592494
2487	MORC2		No Mutation	0.009030819
2488	MORC2		No Mutation	0.660310801
2489	MORC2		No Mutation	-0.704495634
2490	MORC2	L247F	Missense	-0.182604041
2491	MORC2	D250N	Missense	-1.028073379
2492	MORC2		No Mutation	0.035477549
2493	MORC2	V246I	Missense	-0.699650609
2494	MORC2	R241H	Missense	-1.085757059
2495	MORC2	R237Q;R238H	Missense;Missense	-0.318426239
2496	MORC2	E236K	Missense	-1.194648328
2497	MORC2	E236K	Missense	-0.479727287
2498	MORC2	(NC);(NC);(NC)	Intron;Intron;Intron	-0.847556791
2499	MORC2		No Mutation	-0.407573423
2500	MORC2		No Mutation	0.4583222603072068
2501	MORC2		No Mutation	3.8378351413880742
2502	MORC2	T233M	Missense	-0.554275542
2503	MORC2	G232G;T233M	Silent;Missense	0.1871154023401451
2504	MORC2	(NC);(NC);(NC)	Intron;Intron;Intron	-0.219181958
2505	MORC2	G232G	Silent	0.8716970244360063
2506	MORC2	(NC);(NC)	Intron;Intron	-0.665484237
2507	MORC2	(NC);(NC);(NC)	Intron;Intron;Intron	-0.517605803
2508	MORC2	P230L	Missense	0.0219174478738306
2509	MORC2	M225I;A226T	Missense;Missense	-0.302910019
2510	MORC2	P220L	Missense	-1.058788727
2511	MORC2		No Mutation	0.3174600890734791
2512	MORC2	L204F	Missense	-0.746035433
2513	MORC2	I201I;F202F	Silent;Silent	0.4051018658776705
2514	MORC2	(NC)	Intron	0.3739202969571333
2515	MORC2		No Mutation	-0.190107116
2516	MORC2	(NC)	Intron	-0.326674131
2517	MORC2		No Mutation	-0.81837667
2518	MORC2		No Mutation	-0.240301773
2519	MORC2	G193R	Missense	0.180643127302116
2520	MORC2		No Mutation	-0.753951938
2521	MORC2		No Mutation	-0.431286033
2522	MORC2		No Mutation	-0.955893516
2523	MORC2	Q187*	Nonsense	0.2668078220338798
2524	MORC2	V184I	Missense	-0.856093541
2525	MORC2	E182K;E183K	Missense;Missense	-0.932783806
2526	MORC2	P177L	Missense	-0.996168736
2527	MORC2	Y175Y;S176F;P177S	Silent;Missense;Missense	-1.601237308
2528	MORC2		No Mutation	-0.177220885
2529	MORC2	V162I;E163K	Missense;Missense	-0.410388215
2530	MORC2	D160N	Missense	-0.876950049
2531	MORC2	D160N	Missense	-0.050538538
2532	MORC2	R155Q	Missense	-0.339628422
2533	MORC2	R153Q	Missense	-0.262917787
2534	MORC2	R153Q	Missense	0.318253372
2535	MORC2	T149T	Silent	0.0174612637127027
2536	MORC2	T149I	Missense	-0.26571255
2537	MORC2	A152T	Missense	-0.752354582
2538	MORC2	W150*;A152T	Nonsense;Missense	-1.172508445
2539	MORC2	P148F	Missense	-0.807797627
2540	MORC2	V145V	Silent	0.2157381012025876
2541	MORC2		No Mutation	-0.77127017
2542	MORC2		No Mutation	-0.447028007
2543	MORC2	(NC);(NC)	Intron;Intron	-0.03101149
2544	MORC2		No Mutation	0.1783433609911822
2545	MORC2		No Mutation	-0.331711228
2546	MORC2	T133M	Missense	-0.862938123
2547	MORC2	E136K	Missense	4.586763403
2548	MORC2	S131F;R132C	Missense;Missense	-0.853922154
2549	MORC2	T133T	Silent	-1.400353438
2550	MORC2	R132H	Missense	0.2228067568810642
2551	MORC2	L130L	Silent	0.082518934
2552	MORC2	M125I	Missense	0.6417398162503141
2553	MORC2	K121K;E122K;D123N	Silent;Missense;Missense	0.1619868358790952
2554	MORC2	G107G;S108L	Silent;Missense	-0.874021601
2555	MORC2	G107G	Silent	-0.486465003
2556	MORC2		No Mutation	-0.012005434
2557	MORC2	M109I	Missense	-0.472760548
2558	MORC2		No Mutation	0.448764118
2559	MORC2		No Mutation	-0.310154617
2560	MORC2		No Mutation	-0.66667384
2561	MORC2		No Mutation	-0.761479292
2562	MORC2		No Mutation	-0.428014487
2563	MORC2	T95I;Q96*	Missense;Nonsense	-1.10956299
2564	MORC2	T95I;Q96*	Missense;Nonsense	-0.789968144
2565	MORC2	G98K	Missense	-0.451012634
2566	MORC2	P92L	Missense	-0.214976533
2567	MORC2	P92F	Missense	-0.312784415
2568	MORC2	E93E	Silent	0.2401252223923945
2569	MORC2	S87S;A88T	Silent;Missense	0.2409415279391811
2570	MORC2	I82I;Q83*	Silent;Nonsense	-0.425543353
2571	MORC2	G85K	Missense	-0.904830916
2572	MORC2	A79V	Missense	-0.500360157
2573	MORC2	A79V	Missense	0.1147605560048954
2574	MORC2	A79T	Missense	-0.745509908
2575	MORC2	A79T	Missense	0.1391067430244831
2576	MORC2		No Mutation	0.5037828660369088
2577	MORC2	(NC)	Intron	-0.119151943
2578	MORC2		No Mutation	-0.233101869
2579	MORC2	M63I	Missense	0.3365597727861866
2580	MORC2	R55*	Nonsense	3.676293073019635
2581	MORC2	R55*	Nonsense	-1.254875291
2582	MORC2		No Mutation	-0.119185594
2583	MORC2	A52T	Missense	0.4026427931935184
2584	MORC2		No Mutation	-0.260430336
2585	MORC2		No Mutation	0.015051423233522
2586	MORC2	A40V	Missense	-0.516675166
2587	MORC2	L36L	Silent	-0.748227384
2588	MORC2	D38N	Missense	0.2864975650291487
2589	MORC2	D38N	Missense	-0.393103194
2590	MORC2		No Mutation	0.9850991114166366
2591	MORC2	L29L	Silent	-0.065058327
2592	MORC2	T25I;H26Y	Missense;Missense	-1.026300797
2593	MORC2	S23L	Missense	-1.600577922
2594	MORC2		No Mutation	-0.083842815
2595	MORC2	M1I;A2T	Missense;Missense	-0.079242639
2596	MORC2	(NC);(NC)	UTR;UTR	-1.173098644
2597	ATF7IP	Q8*	Nonsense	-1.090727726
2598	ATF7IP	L26F	Missense	-0.063498027
2599	ATF7IP		No Mutation	-0.165197688
2600	ATF7IP		No Mutation	-0.335406186
2601	ATF7IP	N47N;H48Y	Silent;Missense	0.8110721673584558
2602	ATF7IP	D54D;P55S	Silent;Missense	0.009651363
2603	ATF7IP	T56T;S57L;P58S	Silent;Missense;Missense	0.9286590210981396
2604	ATF7IP		No Mutation	-0.065306316
2605	ATF7IP	Y64Y	Silent	0.4730060374586167
2606	ATF7IP	D67D	Silent	0.6338888972091417
2607	ATF7IP		No Mutation	0.8764956614579642
2608	ATF7IP	A86T;E87K	Missense;Missense	-0.092604997
2609	ATF7IP		No Mutation	-0.225720642
2610	ATF7IP	V97I	Missense	0.2796805966258817
2611	ATF7IP		No Mutation	0.1312083160424395
2612	ATF7IP		No Mutation	1.2445286178931234
2613	ATF7IP		No Mutation	1.5112829658042912
2614	ATF7IP	E120K	Missense	-0.040103732
2615	ATF7IP	E120K	Missense	-0.068460672
2616	ATF7IP	E120K	Missense	-0.462880893
2617	ATF7IP		No Mutation	0.1307862875206581
2618	ATF7IP	A127T	Missense	3.676293073019635
2619	ATF7IP	P126F;A127V	Missense;Missense	-0.115092468
2620	ATF7IP	G132N	Missense	0.2740267805782603
2621	ATF7IP	S131F	Missense	-0.113603652
2622	ATF7IP	A135T	Missense	-0.06605196
2623	ATF7IP	P134L	Missense	1.264762209284604
2624	ATF7IP	P136F	Missense	0.7617918436347587
2625	ATF7IP	L139L;D140N	Silent;Missense	0.3929522670211063
2626	ATF7IP	A141T	Missense	0.5382226337471057
2627	ATF7IP	A141T;G142R	Missense;Missense	0.7892507989093059
2628	ATF7IP	A141V	Missense	-0.056766196
2629	ATF7IP	G147K	Missense	0.1545941543632234
2630	ATF7IP	P144L	Missense	0.2540270981122844
2631	ATF7IP	S146F	Missense	-0.073660715
2632	ATF7IP	L149L;A150T	Silent;Missense	0.2378554890321488
2633	ATF7IP		No Mutation	-0.200454993
2634	ATF7IP	G152N	Missense	0.572412272
2635	ATF7IP	S151F	Missense	-0.566647771
2636	ATF7IP		No Mutation	-0.656260718
2637	ATF7IP		No Mutation	-0.676061401
2638	ATF7IP		No Mutation	-0.49371998
2639	ATF7IP		No Mutation	-0.237252885
2640	ATF7IP		No Mutation	0.4317218040640036
2641	ATF7IP		No Mutation	2.705986432697093
2642	ATF7IP	S166F	Missense	-0.299286053
2643	ATF7IP	A169T;A170T	Missense;Missense	-0.300459188
2644	ATF7IP	A170T	Missense	-0.201174846
2645	ATF7IP		No Mutation	-0.328651782
2646	ATF7IP	S171F	Missense	-0.892513133
2647	ATF7IP		No Mutation	0.032733732
2648	ATF7IP	S176F	Missense	0.4083242005978397
2649	ATF7IP		No Mutation	0.5231016003662856
2650	ATF7IP	S181F	Missense	-0.333770953
2651	ATF7IP	V184V	Silent	-0.223377416
2652	ATF7IP	V184V	Silent	-0.058220325
2653	ATF7IP		No Mutation	-0.504171826
2654	ATF7IP	P186F	Missense	-0.096825575
2655	ATF7IP		No Mutation	-0.479998272
2656	ATF7IP	G192S	Missense	-0.06592682
2657	ATF7IP	G192N	Missense	0.5275811378036234
2658	ATF7IP		No Mutation	0.1487155745674561
2659	ATF7IP	A196T	Missense	-0.010737085
2660	ATF7IP	A196V	Missense	0.2779297213143644
2661	ATF7IP		No Mutation	0.1747968796799225
2662	ATF7IP		No Mutation	-0.293386752
2663	ATF7IP	S206F	Missense	-0.610588564
2664	ATF7IP		No Mutation	0.2928179810138334
2665	ATF7IP		No Mutation	-0.119154115
2666	ATF7IP		No Mutation	0.2175462616636829
2667	ATF7IP	P209F	Missense	-0.215780866
2668	ATF7IP	P214P;V215I	Silent;Missense	-0.366623159
2669	ATF7IP	P214P;V215I	Silent;Missense	-0.374723856
2670	ATF7IP	V217I	Missense	-0.276606738
2671	ATF7IP	V217I	Missense	-0.084270621
2672	ATF7IP	P216F	Missense	-0.194076466
2673	ATF7IP		No Mutation	0.4003701038968887
2674	ATF7IP	G222S	Missense	-0.602421809
2675	ATF7IP	G222N	Missense	1.986451891185996
2676	ATF7IP	C224Y;A225T	Missense;Missense	-0.10814
2677	ATF7IP	C224Y;A225T	Missense;Missense	0.068960199
2678	ATF7IP		No Mutation	-0.266168686
2679	ATF7IP		No Mutation	-0.294894917
2680	ATF7IP		No Mutation	-0.514688393
2681	ATF7IP	S236F	Missense	0.738440401
2682	ATF7IP	A250T	Missense	0.4538995952479835
2683	ATF7IP	D252N	Missense	0.300534372
2684	ATF7IP	P249L	Missense	-0.055682827
2685	ATF7IP	S251F	Missense	0.029078527
2686	ATF7IP	L254L;A255T	Silent;Missense	-0.563508098
2687	ATF7IP		No Mutation	-0.57405301
2688	ATF7IP		No Mutation	0.2482020417866563
2689	ATF7IP	L259L	Silent	0.4248809739847357
2690	ATF7IP		No Mutation	-0.525524081
2691	ATF7IP	L264L	Silent	-0.670466123
2692	ATF7IP	S266F	Missense	0.2127567785283061
2693	ATF7IP		No Mutation	-0.721134538
2694	ATF7IP	L269L	Silent	2.735319409528519
2695	ATF7IP		No Mutation	0.0282780823432414
2696	ATF7IP		No Mutation	-0.028776763
2697	ATF7IP	E290K	Missense	-0.507067118
2698	ATF7IP	V294I	Missense	0.4195599596816649
2699	ATF7IP	V296I;C297Y	Missense;Missense	0.1749883608476979
2700	ATF7IP	V300I	Missense	0.308325094300777
2701	ATF7IP	D304N	Missense	1.0658223719566944
2702	ATF7IP	E307K	Missense	-0.588642992
2703	ATF7IP	D313N;D314N	Missense;Missense	0.4516394493003081
2704	ATF7IP	Q330*	Nonsense	-0.047874338
2705	ATF7IP	P365F	Missense	0.4717576924133226
2706	ATF7IP		No Mutation	0.7706302699387143
2707	ATF7IP	I376I;T377I	Silent;Missense	-0.41027788
2708	ATF7IP	A385V	Missense	-0.279532593
2709	ATF7IP		No Mutation	1.7976651698704995
2710	ATF7IP		No Mutation	0.5707071918285782
2711	ATF7IP		No Mutation	-0.239199641
2712	ATF7IP	L442F	Missense	-0.145390406
2713	ATF7IP		No Mutation	0.096717769
2714	ATF7IP	E462E	Silent	-0.735230204
2715	ATF7IP		No Mutation	-0.446162703
2716	ATF7IP		No Mutation	-0.577306709
2717	ATF7IP		No Mutation	-1.012020202
2718	ATF7IP		No Mutation	0.4642231483311005
2719	ATF7IP	S483N;S484N	Missense;Missense	0.1995258477934578
2720	ATF7IP	P488L	Missense	-0.408317815
2721	ATF7IP	L493L;V494I	Silent;Missense	-0.582138223
2722	ATF7IP	D497N	Missense	0.3314954535607615
2723	ATF7IP	V494V;L495F	Silent;Missense	-0.23625375
2724	ATF7IP		No Mutation	-0.445007324
2725	ATF7IP	E499E;D500N	Silent;Missense	0.4222905628679145
2726	ATF7IP		No Mutation	-0.47410148
2727	ATF7IP		No Mutation	0.8664692262191118
2728	ATF7IP		No Mutation	-0.288849942
2729	ATF7IP		No Mutation	-0.422070791
2730	ATF7IP		No Mutation	0.031596654
2731	ATF7IP	V537I	Missense	-0.308366869
2732	ATF7IP		No Mutation	-0.019864151
2733	ATF7IP	S557F	Missense	1.5033855147750192
2734	ATF7IP	R569C	Missense	-0.33091648
2735	ATF7IP		No Mutation	0.146039261915865
2736	ATF7IP		No Mutation	-1.170369573
2737	ATF7IP	Q593Q	Silent	0.422649837431525
2738	ATF7IP	N592N;Q593*	Silent;Nonsense	0.1171761449256798
2739	ATF7IP		No Mutation	-0.084748779
2740	ATF7IP	(NC)	Intron	0.2138582143204328
2741	ATF7IP		No Mutation	0.535631634
2742	ATF7IP		No Mutation	0.6200893183816031
2743	ATF7IP		No Mutation	-0.290747479
2744	ATF7IP		No Mutation	0.1363110582708558
2745	ATF7IP	L639F	Missense	-0.201233187
2746	ATF7IP		No Mutation	-0.481103469
2747	ATF7IP	R652H	Missense	0.6801077710835538
2748	ATF7IP	A656T	Missense	0.4183229731035619
2749	ATF7IP		No Mutation	-0.11436611
2750	ATF7IP		No Mutation	-0.318535259
2751	ATF7IP		No Mutation	-0.47298264
2752	ATF7IP		No Mutation	0.5361332027637572
2753	ATF7IP		No Mutation	-0.767362096
2754	ATF7IP	N669N;P670L	Silent;Missense	-0.375721817
2755	ATF7IP	V672I	Missense	-0.065063952
2756	ATF7IP		No Mutation	0.1528711348063746
2757	ATF7IP		No Mutation	-0.104657296
2758	ATF7IP		No Mutation	-0.141069097
2759	ATF7IP		No Mutation	-0.229069876
2760	ATF7IP	G693G;T694I	Silent;Missense	-0.147057438
2761	ATF7IP	S706N;E707K	Missense;Missense	0.0168806932407666
2762	ATF7IP		No Mutation	-0.527921633
2763	ATF7IP	V717M	Missense	-0.28772774
2764	ATF7IP	Q714*;T715I	Nonsense;Missense	0.5751810252269516
2765	ATF7IP	V717V	Silent	-0.399608492
2766	ATF7IP		No Mutation	1.363415705033662
2767	ATF7IP		No Mutation	0.5371220174405182
2768	ATF7IP	S733N;S734N	Missense;Missense	0.6131951266255931
2769	ATF7IP	S734N	Missense	-0.195535738
2770	ATF7IP	V742M	Missense	-0.806332258
2771	ATF7IP	Q739*	Nonsense	-0.523448104
2772	ATF7IP	Q739*;T740I	Nonsense;Missense	0.2441611222244429
2773	ATF7IP		No Mutation	-0.036423582
2774	ATF7IP	V752I	Missense	0.3273573579744193
2775	ATF7IP	V752I	Missense	-0.610754463
2776	ATF7IP	A759T	Missense	1.352996865045505
2777	ATF7IP	V761I;V762I	Missense;Missense	0.0036509
2778	ATF7IP	V762I	Missense	0.3941320275301189
2779	ATF7IP		No Mutation	-0.368048131
2780	ATF7IP	T764I;T765I	Missense;Missense	-0.762756984
2781	ATF7IP	Q773Q	Silent	-0.988020129
2782	ATF7IP		No Mutation	0.9740551685349516
2783	ATF7IP		No Mutation	-0.545306208
2784	ATF7IP		No Mutation	-0.444818589
2785	ATF7IP	Q779Q	Silent	-0.359914786
2786	ATF7IP	L785L	Silent	0.771026275
2787	ATF7IP	V787I	Missense	0.2795563743056862
2788	ATF7IP		No Mutation	-0.809829346
2789	ATF7IP		No Mutation	0.6935131841129554
2790	ATF7IP	Q799Q	Silent	-0.889213233
2791	ATF7IP	Q799Q	Silent	0.5253025991115462
2792	ATF7IP	L797F;L798L	Missense;Silent	0.4433994390283603
2793	ATF7IP	S800N	Missense	0.1681139975739541
2794	ATF7IP	L798L	Silent	-0.651231545
2795	ATF7IP	S800S;H801Y	Silent;Missense	-0.264170927
2796	ATF7IP	L805L;V806I	Silent;Missense	-0.44021123
2797	ATF7IP		No Mutation	-0.201714569
2798	ATF7IP	T807I	Missense	-0.950120763
2799	ATF7IP	E815K	Missense	0.043949831
2800	ATF7IP	S821S;P822L	Silent;Missense	0.1979525855648098
2801	ATF7IP	G827N	Missense	-0.520752808
2802	ATF7IP	G827N	Missense	-1.035785286
2803	ATF7IP		No Mutation	-0.260843979
2804	ATF7IP		No Mutation	0.8480807080988405
2805	ATF7IP		No Mutation	-0.259938495
2806	ATF7IP		No Mutation	-1.013089189
2807	ATF7IP		No Mutation	1.2090119279092826
2808	ATF7IP		No Mutation	-0.190093372
2809	ATF7IP	V847I	Missense	0.2905749486201325
2810	ATF7IP	V847I	Missense	0.1631140727355781
2811	ATF7IP	V850M	Missense	-0.897977914
2812	ATF7IP	S854N	Missense	-0.223222472
2813	ATF7IP	P851L	Missense	-0.580001844
2814	ATF7IP	R857K	Missense	0.1678716873623279
2815	ATF7IP	R857K	Missense	0.1646422746335928
2816	ATF7IP		No Mutation	0.4989329614275994
2817	ATF7IP	A861V	Missense	-0.085049826
2818	ATF7IP	A864T	Missense	-0.631236554
2819	ATF7IP	A861V	Missense	0.062652467
2820	ATF7IP	A864T	Missense	-0.324195367
2821	ATF7IP	L866L;G867K	Silent;Missense	0.0163374840412159
2822	ATF7IP	A871T	Missense	-0.349449955
2823	ATF7IP	T868I	Missense	-0.891540382
2824	ATF7IP	V882I	Missense	-0.183739498
2825	ATF7IP	S880F	Missense	-0.767856891
2826	ATF7IP		No Mutation	-0.258205645
2827	ATF7IP	T887I	Missense	-0.462013984
2828	ATF7IP	T887I;S888F	Missense;Missense	-0.870924076
2829	ATF7IP	P890F;T891I	Missense;Missense	-0.53534419
2830	ATF7IP	G896K	Missense	-0.070528602
2831	ATF7IP	G896K	Missense	-0.315343078
2832	ATF7IP	S899N	Missense	0.4928692850199683
2833	ATF7IP	S899N	Missense	0.043546195
2834	ATF7IP	P900L	Missense	-0.189019669
2835	ATF7IP	G905N	Missense	1.1032801660059544
2836	ATF7IP	S917N	Missense	-0.698783558
2837	ATF7IP	T928I	Missense	0.0530448580981798
2838	ATF7IP	(NC);(NC)	Splice-donor;Intron	-1.693991641
2839	ATF7IP	(NC)	Intron	-1.470614975
2840	ATF7IP	(NC)	Intron	-1.407847743
2841	ATF7IP		No Mutation	-0.841664791
2842	ATF7IP		No Mutation	-0.003682363
2843	ATF7IP	A949V	Missense	-0.333898575
2844	ATF7IP	(NC)	Intron	0.1537447556807654
2845	ATF7IP	T959I	Missense	0.2341050915825016
2846	ATF7IP	S964N	Missense	0.3192749497118378
2847	ATF7IP	V966V	Silent	0.8681047756665663
2848	ATF7IP		No Mutation	-0.162903031
2849	ATF7IP		No Mutation	-0.629852488
2850	ATF7IP	S994N	Missense	0.6880636866063703
2851	ATF7IP	Q997Q	Silent	-0.151050683
2852	ATF7IP	L1003L	Silent	0.2838633679752722
2853	ATF7IP		No Mutation	0.4486427601453107
2854	ATF7IP	P1010P	Silent	0.3905036067668531
2855	ATF7IP	P1010P	Silent	-0.239852215
2856	ATF7IP	P1010L;P1011F	Missense;Missense	0.2130661324477158
2857	ATF7IP		No Mutation	1.108061489
2858	ATF7IP	P1010L;P1011F	Missense;Missense	-0.460340256
2859	ATF7IP	P1011F;L1012F	Missense;Missense	-0.196200913
2860	ATF7IP	G1016K	Missense	0.00453185
2861	ATF7IP	G1016K;V1017M	Missense;Missense	-0.33460185
2862	ATF7IP	S1015F	Missense	-0.936483957
2863	ATF7IP	S1020N	Missense	-0.588955418
2864	ATF7IP		No Mutation	-0.548372349
2865	ATF7IP		No Mutation	-0.260597394
2866	ATF7IP	H1028Y	Missense	0.8620866413591071
2867	ATF7IP		No Mutation	-0.336394386
2868	ATF7IP		No Mutation	-0.214784893
2869	ATF7IP	(NC);(NC)	Intron;Intron	0.002546042
2870	ATF7IP		No Mutation	0.1680711707242216
2871	ATF7IP	V1039I	Missense	-1.016503377
2872	ATF7IP	R1042H	Missense	-0.236462588
2873	ATF7IP	H1041Y;R1042C	Missense;Missense	-0.175137118
2874	ATF7IP		No Mutation	-0.014483228
2875	ATF7IP		No Mutation	0.086498486
2876	ATF7IP	A1058T	Missense	-0.652467741
2877	ATF7IP	A1058T	Missense	0.3335328920927271
2878	ATF7IP	A1056V;P1057S	Missense;Missense	0.727113268
2879	ATF7IP		No Mutation	0.6440757650522803
2880	ATF7IP	P1057F	Missense	-0.282261956
2881	ATF7IP	V1062I;V1063I	Missense;Missense	-0.252254363
2882	ATF7IP		No Mutation	-0.309775268
2883	ATF7IP		No Mutation	-0.200306839
2884	ATF7IP	P1068F	Missense	-0.200930256
2885	ATF7IP	Q1073Q;A1074T	Silent;Missense	0.6620672357096565
2886	ATF7IP	A1072V;Q1073*	Missense;Nonsense	-1.632981173
2887	ATF7IP		No Mutation	0.3412947055259225
2888	ATF7IP	L1076L;R1077Q	Silent;Missense	-0.419396999
2889	ATF7IP	R1077*	Nonsense	-0.55662632
2890	ATF7IP	V1080I	Missense	2.050811951
2891	ATF7IP	M1081I	Missense	-0.297456688
2892	ATF7IP	Q1082*	Nonsense	-1.223601326
2893	ATF7IP	A1083V;P1084S	Missense;Missense	0.1561555424757569
2894	ATF7IP	V1089I	Missense	-0.309632061
2895	ATF7IP		No Mutation	-0.634934448
2896	ATF7IP	(NC)	Intron	1.0935134751867093
2897	ATF7IP	V1106I	Missense	0.0400459325573139
2898	ATF7IP	T1104I	Missense	-0.538654193
2899	ATF7IP		No Mutation	-0.100620619
2900	ATF7IP	N1108N	Silent	-0.274178908
2901	ATF7IP	N1108N	Silent	0.3058664550258108
2902	ATF7IP	L1111L;T1112I	Silent;Missense	-0.252382939
2903	ATF7IP	G1117E	Missense	-0.193460335
2904	ATF7IP		No Mutation	-0.254557631
2905	ATF7IP		No Mutation	-0.101698178
2906	ATF7IP	V1129V	Silent	0.2638485290716963
2907	ATF7IP	(NC)	Splice-donor	-1.902966503
2908	ATF7IP	(NC);(NC)	Splice-donor;Intron	-1.707840924
2909	ATF7IP	T1131I	Missense	0.063348033
2910	ATF7IP		No Mutation	0.7660184059498043
2911	ATF7IP	E1132E	Silent	0.4077792641916786
2912	ATF7IP		No Mutation	1.0778478737399464
2913	ATF7IP		No Mutation	-0.182305161
2914	ATF7IP	A1140T	Missense	-0.267193575
2915	ATF7IP	A1140T	Missense	0.5726162775101087
2916	ATF7IP		No Mutation	0.7540164509020578
2917	ATF7IP		No Mutation	2.595952742337211
2918	ATF7IP		No Mutation	-0.005387495
2919	ATF7IP	E1144K;A1145T	Missense;Missense	-0.01545529
2920	ATF7IP	E1144K;A1145T	Missense;Missense	0.1848479730830443
2921	ATF7IP		No Mutation	-0.239919069
2922	ATF7IP		No Mutation	0.0452994102555412
2923	ATF7IP		No Mutation	0.4874315230726782
2924	ATF7IP	L1151L	Silent	-0.539956078
2925	ATF7IP	E1154K	Missense	-0.563235053
2926	ATF7IP	S1157N	Missense	-0.276182722
2927	ATF7IP	S1157N	Missense	-0.421507083
2928	ATF7IP		No Mutation	-0.974964257
2929	ATF7IP		No Mutation	0.052838912
2930	ATF7IP	Q1162Q	Silent	-0.366246045
2931	ATF7IP	L1166L	Silent	-0.906517172
2932	ATF7IP	A1169T;R1170H	Missense;Missense	-0.184320138
2933	ATF7IP	R1170C	Missense	-1.061550584
2934	ATF7IP	G1176G	Silent	0.2159625926168995
2935	ATF7IP	L1179L	Silent	-1.139948081
2936	ATF7IP	S1180L	Missense	-1.071851189
2937	ATF7IP		No Mutation	-1.434336594
2938	ATF7IP	S1189N	Missense	-0.009585691
2939	ATF7IP		No Mutation	-0.331264371
2940	ATF7IP	L1198F	Missense	-0.363440794
2941	ATF7IP	E1203K	Missense	-0.495683527
2942	ATF7IP	A1207T	Missense	-0.764395611
2943	ATF7IP		No Mutation	-0.332016188
2944	ATF7IP	A1207V;T1208I	Missense;Missense	0.7540965923527212
2945	ATF7IP		No Mutation	-0.813386235
2946	ATF7IP	W1213*	Nonsense	-0.422722099
2947	ATF7IP	S1211L;Q1212*	Missense;Nonsense	0.4868137063575966
2948	ATF7IP	S1211L;Q1212*	Missense;Nonsense	-0.765022459
2949	ATF7IP	Q1212*	Nonsense	-0.909302041
2950	ATF7IP		No Mutation	0.5556181879139667
2951	ATF7IP	A1221V;L1222F	Missense;Missense	0.2006433676082227
2952	ATF7IP	C1228Y	Missense	-1.021345293
2953	ATF7IP	C1228Y	Missense	-0.101891589
2954	ATF7IP		No Mutation	-0.039284301
2955	ATF7IP		No Mutation	2.2112784910806003
2956	ATF7IP	L1230F;T1231I	Missense;Missense	-0.103544226
2957	ATF7IP	G1236D;S1237N	Missense;Missense	0.3117406531411663
2958	ATF7IP	S1237N	Missense	-0.624831652
2959	ATF7IP	Y1240Y	Silent	-0.544291226
2960	ATF7IP	R1244*;A1245V	Nonsense;Missense	-0.795718235
2961	ATF7IP		No Mutation	0.1854123379207984
2962	ATF7IP	G1250E;R1251H	Missense;Missense	-0.499335096
2963	ATF7IP	Q1259Q	Silent	0.9823338251761664
2964	ATF7IP	V1263I	Missense	-0.515840079
2965	ATF7IP	T1267T;Q1268*	Silent;Nonsense	-0.745640197
2966	ATF7IP	(NC)	UTR	-0.120795322
2967	ATF7IP	(NC);(NC)	UTR;UTR	-0.558156441
2968	ATF7IP		No Mutation	0.3438571473733759
2969	ATF7IP2	(NC);(NC)	Intron;Intron	-0.267425502
2970	ATF7IP2	M1I;A2T	Missense;Missense	-0.21103989
2971	ATF7IP2	P4L	Missense	-0.975985436
2972	ATF7IP2	R9Q	Missense	0.096989188
2973	ATF7IP2	T17I	Missense	-0.25131952
2974	ATF7IP2	K24K	Silent	0.5960386712967486
2975	ATF7IP2	K24K	Silent	-0.683019208
2976	ATF7IP2	K24K;V26I	Silent;Missense	-0.310229884
2977	ATF7IP2	E27E;M28I	Silent;Missense	-0.001288558
2978	ATF7IP2		No Mutation	0.398116302
2979	ATF7IP2	A37V;L38L	Missense;Silent	-0.520006738
2980	ATF7IP2	A37V;L38L	Missense;Silent	0.259256097763145
2981	ATF7IP2		No Mutation	0.2620141209965416
2982	ATF7IP2	S52N	Missense	-0.195155346
2983	ATF7IP2	P55F	Missense	1.112690450228025
2984	ATF7IP2	R60K	Missense	0.1799774079137259
2985	ATF7IP2		No Mutation	0.9041159382446023
2986	ATF7IP2		No Mutation	-0.224510889
2987	ATF7IP2	V103I	Missense	0.142825841028137
2988	ATF7IP2	H104Y	Missense	1.0756875277971198
2989	ATF7IP2		No Mutation	0.4913115501617122
2990	ATF7IP2	E124K	Missense	-0.209866738
2991	ATF7IP2		No Mutation	-0.20134212
2992	ATF7IP2	S127S	Silent	-0.589185306
2993	ATF7IP2	E132K	Missense	-0.771609943
2994	ATF7IP2	E132K	Missense	1.0491763364405124
2995	ATF7IP2	E132K	Missense	-0.174765472
2996	ATF7IP2	E159E;G160K	Silent;Missense	-0.112770803
2997	ATF7IP2	E159E;G160K;A161T	Silent;Missense;Missense	0.533977802
2998	ATF7IP2	S172N	Missense	0.3274257832057724
2999	ATF7IP2	P170L;P171F	Missense;Missense	-1.440629961
3000	ATF7IP2	S175N;G176N	Missense;Missense	-0.748975229
3001	ATF7IP2	G176N;V177I	Missense;Missense	-0.551755542
3002	ATF7IP2	G176D;V177I	Missense;Missense	0.345191498
3003	ATF7IP2	S187N	Missense	-0.957606767
3004	ATF7IP2	T184I	Missense	-0.188331166
3005	ATF7IP2	T184I	Missense	-0.565489335
3006	ATF7IP2	K192K	Silent	0.2830960114853501
3007	ATF7IP2	D191D	Silent	0.4308471972160789
3008	ATF7IP2	E202K	Missense	0.3045081387538227
3009	ATF7IP2		No Mutation	-0.129061813
3010	ATF7IP2	S207L	Missense	-0.058598729
3011	ATF7IP2	D211N	Missense	0.1814482139655416
3012	ATF7IP2		No Mutation	-0.073267279
3013	ATF7IP2	V239I	Missense	0.4407101508588971
3014	ATF7IP2	C262Y;E263K	Missense;Missense	-0.466086573
3015	ATF7IP2		No Mutation	-0.159464517
3016	ATF7IP2	S279S;H280Y	Silent;Missense	0.8052033331566878
3017	ATF7IP2		No Mutation	-0.312298456
3018	ATF7IP2		No Mutation	0.007321255
3019	ATF7IP2	Q314*	Nonsense	0.0429854714565549
3020	ATF7IP2	T315I	Missense	-0.518939987
3021	ATF7IP2		No Mutation	-0.172286499
3022	ATF7IP2	Q320*	Nonsense	-0.386649479
3023	ATF7IP2	Q320*	Nonsense	-0.968507082
3024	ATF7IP2		No Mutation	0.7538298631238302
3025	ATF7IP2	V321V;H323Y	Silent;Missense	0.7119587507032664
3026	ATF7IP2		No Mutation	0.5309660816562338
3027	ATF7IP2		No Mutation	-0.284200077
3028	ATF7IP2	K350K;E352K	Silent;Missense	-0.365276624
3029	ATF7IP2	C353C	Silent	-0.621972924
3030	ATF7IP2		No Mutation	-0.578558686
3031	ATF7IP2	T377I	Missense	0.2312591349742754
3032	ATF7IP2	N389N	Silent	0.0592313
3033	ATF7IP2	S393N	Missense	0.2841062367352731
3034	ATF7IP2	S392S	Silent	-0.655222649
3035	ATF7IP2	K398K	Silent	0.1681417354479335
3036	ATF7IP2		No Mutation	-0.792311625
3037	ATF7IP2		No Mutation	0.2910900969311254
3038	ATF7IP2	A400T	Missense	0.3821235114405203
3039	ATF7IP2		No Mutation	0.6534001975011727
3040	ATF7IP2	S402L	Missense	-0.280071759
3041	ATF7IP2	S428F	Missense	1.493241957497841
3042	ATF7IP2		No Mutation	-0.494170162
3043	ATF7IP2	S447F	Missense	0.1316082209952802
3044	ATF7IP2		No Mutation	-0.055418679
3045	ATF7IP2		No Mutation	0.1121932967268056
3046	ATF7IP2	T471I	Missense	-0.521991175
3047	ATF7IP2		No Mutation	-0.274397662
3048	ATF7IP2	(NC)	Intron	0.6316003595402431
3049	ATF7IP2	T477I	Missense	1.103524724
3050	ATF7IP2	P489F	Missense	0.0509085915655825
3051	ATF7IP2	M494I;(NC)	Missense;Splice-donor	0.1217534553699155
3052	ATF7IP2	M494I;(NC);(NC)	Missense;Splice-donor;Intron	-0.128520276
3053	ATF7IP2		No Mutation	1.2089792411671405
3054	ATF7IP2	L511L;S512F	Silent;Missense	0.4896978104297228
3055	ATF7IP2	E517K	Missense	0.9248948976747448
3056	ATF7IP2	N513N;C514C	Silent;Silent	-0.512328833
3057	ATF7IP2	(NC)	Splice-acceptor	0.1516139213733384
3058	ATF7IP2	P519S	Missense	-0.422518022
3059	ATF7IP2	E524K	Missense	0.040863619
3060	ATF7IP2	S527S	Silent	0.5738951086670245
3061	ATF7IP2	S527S	Silent	-0.621224198
3062	ATF7IP2	S527S	Silent	-0.593311391
3063	ATF7IP2	S527S	Silent	-0.111257204
3064	ATF7IP2	S527S;A529T	Silent;Missense	-0.622638075
3065	ATF7IP2	A529V	Missense	0.2134190045037168
3066	ATF7IP2		No Mutation	-0.161927312
3067	ATF7IP2	A540V;Q541*	Missense;Nonsense	0.085626184
3068	ATF7IP2	(NC);(NC)	Intron;Intron	-0.323527109
3069	ATF7IP2	(NC)	Intron	-0.303010701
3070	ATF7IP2		No Mutation	-0.620113774
3071	ATF7IP2		No Mutation	0.092439445
3072	ATF7IP2	E558K	Missense	0.5083053822053887
3073	ATF7IP2		No Mutation	-0.233656131
3074	ATF7IP2	A561T	Missense	-0.772267109
3075	ATF7IP2		No Mutation	-0.384328549
3076	ATF7IP2		No Mutation	0.9799501615282018
3077	ATF7IP2	E565K	Missense	-0.599449887
3078	ATF7IP2	E565K	Missense	-0.075999572
3079	ATF7IP2	V567I;D568N	Missense;Missense	-0.248295688
3080	ATF7IP2		No Mutation	0.3807658871485089
3081	ATF7IP2		No Mutation	-0.521392582
3082	ATF7IP2	E580K	Missense	0.3692740272322052
3083	ATF7IP2		No Mutation	-0.310626901
3084	ATF7IP2		No Mutation	0.4996272477261974
3085	ATF7IP2	V583M	Missense	-0.470796099
3086	ATF7IP2	P579L	Missense	-0.454880657
3087	ATF7IP2	L581F	Missense	0.7562247330226359
3088	ATF7IP2	R585Q	Missense	-0.340282779
3089	ATF7IP2	G591G	Silent	0.4668656500378351
3090	ATF7IP2	L594L	Silent	1.762399899195349
3091	ATF7IP2	L594L	Silent	0.3104167412567314
3092	ATF7IP2		No Mutation	-0.163574139
3093	ATF7IP2	K604K;C605Y	Silent;Missense	0.2173014912674192
3094	ATF7IP2	V608I;E609K	Missense;Missense	-0.306673715
3095	ATF7IP2	E609K	Missense	-0.454360431
3096	ATF7IP2		No Mutation	0.5377668692980508
3097	ATF7IP2	E618K	Missense	-0.576103191
3098	ATF7IP2		No Mutation	0.3032240468736484
3099	ATF7IP2	S620F	Missense	0.9359047331452036
3100	ATF7IP2		No Mutation	0.5627289584500633
3101	ATF7IP2	A634V	Missense	-0.383062731
3102	ATF7IP2	C641Y	Missense	0.1194441862672203
3103	ATF7IP2		No Mutation	0.2802856213890782
3104	ATF7IP2		No Mutation	-0.152228886
3105	ATF7IP2		No Mutation	-0.270023367
3106	ATF7IP2	Q645Q	Silent	0.8103321448763763
3107	ATF7IP2		No Mutation	0.3887883567745835
3108	ATF7IP2		No Mutation	-0.222297402
3109	ATF7IP2		No Mutation	-0.407969265
3110	ATF7IP2		No Mutation	1.3057526186961874
3111	SETDB2	(NC)	UTR	-0.622873315
3112	SETDB2	(NC)	UTR	0.5906222739148822
3113	SETDB2		No Mutation	0.3071172260824882
3114	SETDB2		No Mutation	1.7081283710470538
3115	SETDB2	G6G	Silent	-0.08567674
3116	SETDB2	A8V	Missense	-0.410600832
3117	SETDB2		No Mutation	-0.027483826
3118	SETDB2		No Mutation	-0.415202613
3119	SETDB2	Q37*	Nonsense	-0.409515071
3120	SETDB2	Q37*	Nonsense	1.176109730375972
3121	SETDB2	S43F	Missense	-0.099018724
3122	SETDB2	(NC);(NC)	Intron;Intron	0.024871251
3123	SETDB2	(NC)	Intron	0.3258697544159085
3124	SETDB2	V56I	Missense	-0.216037913
3125	SETDB2	N63N	Silent	0.682511881
3126	SETDB2	S65L	Missense	1.118443279737627
3127	SETDB2		No Mutation	-0.248403968
3128	SETDB2	A71T	Missense	-0.329149436
3129	SETDB2		No Mutation	-0.116700575
3130	SETDB2	Q73Q	Silent	-0.272133464
3131	SETDB2		No Mutation	-0.017582877
3132	SETDB2	(NC)	Intron	-0.152821814
3133	SETDB2	(NC)	Intron	0.3601516959553735
3134	SETDB2	P85S	Missense	-0.373902006
3135	SETDB2	Q88Q	Silent	0.6897654869416006
3136	SETDB2		No Mutation	0.8637784663427421
3137	SETDB2	E90K	Missense	-0.218782756
3138	SETDB2		No Mutation	0.062105671
3139	SETDB2	C111Y	Missense	-0.43361079
3140	SETDB2		No Mutation	-0.126484476
3141	SETDB2	(NC)	Intron	0.003561995
3142	SETDB2	Q143*	Nonsense	0.7142314285784097
3143	SETDB2	G149S	Missense	-0.7306339
3144	SETDB2	P156S	Missense	1.3106440932203125
3145	SETDB2	P156L	Missense	0.316857159523022
3146	SETDB2		No Mutation	0.5927814365224063
3147	SETDB2		No Mutation	0.2935912161550282
3148	SETDB2		No Mutation	-0.222693443
3149	SETDB2	K179K	Silent	-0.876012455
3150	SETDB2		No Mutation	0.9158157291445458
3151	SETDB2		No Mutation	-0.219106773
3152	SETDB2	S198N	Missense	-0.076174486
3153	SETDB2		No Mutation	-0.068894934
3154	SETDB2	R200Q	Missense	-0.150000477
3155	SETDB2		No Mutation	-0.089927825
3156	SETDB2	L199L	Silent	-0.086256049
3157	SETDB2	E213E;C214Y	Silent;Missense	0.6630697613842358
3158	SETDB2	F224F	Silent	0.0299496186722398
3159	SETDB2	T226I	Missense	-0.13470168
3160	SETDB2	R232Q	Missense	-0.511230523
3161	SETDB2		No Mutation	-0.139974713
3162	SETDB2		No Mutation	-0.020832335
3163	SETDB2		No Mutation	-0.410858753
3164	SETDB2	E260K	Missense	1.3700356201973922
3165	SETDB2	E260K	Missense	0.5706276578498439
3166	SETDB2	R272K	Missense	-0.282494451
3167	SETDB2	R272K	Missense	-0.563583029
3168	SETDB2	Y271Y	Silent	-0.329326699
3169	SETDB2		No Mutation	0.2249600844652552
3170	SETDB2	M288I	Missense	0.3471339847973131
3171	SETDB2		No Mutation	-0.706833922
3172	SETDB2	S292F	Missense	-0.347276893
3173	SETDB2	S292F	Missense	0.022299509
3174	SETDB2	E297E;G298N	Silent;Missense	-0.368221306
3175	SETDB2		No Mutation	-0.040593856
3176	SETDB2		No Mutation	0.28890492699052
3177	SETDB2	(NC)	Splice-acceptor	-0.437556149
3178	SETDB2	L308F	Missense	-0.425733028
3179	SETDB2	L320L	Silent	-0.776584338
3180	SETDB2		No Mutation	0.4776232471936288
3181	SETDB2	Q335*	Nonsense	0.0534108384353409
3182	SETDB2		No Mutation	0.4327222974935953
3183	SETDB2	Q337*	Nonsense	-0.445896584
3184	SETDB2	T340I	Missense	1.068584321916642
3185	SETDB2		No Mutation	-0.510716215
3186	SETDB2		No Mutation	0.487869758
3187	SETDB2	N358N;R359*	Silent;Nonsense	-0.019241561
3188	SETDB2	G364N	Missense	0.0174201767075947
3189	SETDB2	H363Y	Missense	0.3281058635447806
3190	SETDB2	V367I	Missense	0.0329568648355204
3191	SETDB2	P365F;Q366*	Missense;Nonsense	0.845410252
3192	SETDB2	Q370Q;V371M	Silent;Missense	-0.915402084
3193	SETDB2	F372F	Silent	0.5396514492134019
3194	SETDB2	F372F	Silent	0.4133123617082238
3195	SETDB2	T374I	Missense	-0.138001309
3196	SETDB2	T374I	Missense	-0.580526354
3197	SETDB2	T374I	Missense	0.4421622307585758
3198	SETDB2	L384L	Silent	0.2230604082126554
3199	SETDB2		No Mutation	-0.403159065
3200	SETDB2		No Mutation	-0.659912612
3201	SETDB2		No Mutation	0.2846553023074251
3202	SETDB2	N405N;T406I	Silent;Missense	0.4166403866749142
3203	SETDB2		No Mutation	0.4880995180903275
3204	SETDB2		No Mutation	0.8842678426664277
3205	SETDB2		No Mutation	0.3934652984622351
3206	SETDB2	L444F	Missense	-0.492539945
3207	SETDB2		No Mutation	-0.399237368
3208	SETDB2		No Mutation	-0.163109722
3209	SETDB2		No Mutation	-0.256494932
3210	SETDB2	F464F	Silent	-0.077269657
3211	SETDB2		No Mutation	-0.555136169
3212	SETDB2	V473M;(NC)	Missense;Splice-donor	-0.612656553
3213	SETDB2	(NC)	Splice-donor	0.2592912433245963
3214	SETDB2		No Mutation	-0.319817842
3215	SETDB2	T475T	Silent	-0.475211126
3216	SETDB2	A497T	Missense	-0.24131331
3217	SETDB2		No Mutation	-0.213465893
3218	SETDB2	G503K	Missense	0.3011657772802161
3219	SETDB2	H501Y	Missense	2.954903239131616
3220	SETDB2		No Mutation	-0.274835472
3221	SETDB2		No Mutation	0.4940225573853359
3222	SETDB2	E507K	Missense	0.4743626231231532
3223	SETDB2		No Mutation	-0.259015203
3224	SETDB2	T515I;P516L	Missense;Missense	0.6613341803149027
3225	SETDB2	G521K	Missense	2.347125784300673
3226	SETDB2	L529L	Silent	0.7078422557017495
3227	SETDB2		No Mutation	0.1371129773733406
3228	SETDB2		No Mutation	-0.377380404
3229	SETDB2	L529L	Silent	-0.535320292
3230	SETDB2	L529L	Silent	0.0344053985129122
3231	SETDB2	T533I	Missense	-0.260291961
3232	SETDB2	(NC);(NC);(NC)	Splice-donor;Intron;Intron	0.4312925152089989
3233	SETDB2	(NC);(NC)	Intron;Intron	0.094828281
3234	SETDB2	(NC);K538K;D539N	Splice-acceptor;Silent;Missense	-0.252132117
3235	SETDB2	E549K;D550N	Missense;Missense	1.5655508101317015
3236	SETDB2		No Mutation	-0.224766278
3237	SETDB2		No Mutation	-0.354377279
3238	SETDB2	C574Y	Missense	-0.050262883
3239	SETDB2		No Mutation	0.4590037514625162
3240	SETDB2	N575N;Q576*	Silent;Nonsense	-0.132749673
3241	SETDB2	L580L;D581N	Silent;Missense	0.035212368
3242	SETDB2	Q583Q	Silent	-0.261893604
3243	SETDB2	Q583*	Nonsense	-0.01278842
3244	SETDB2		No Mutation	-0.236537242
3245	SETDB2	Q594*	Nonsense	0.1147793717702752
3246	SETDB2	Q594*	Nonsense	-0.140955145
3247	SETDB2		No Mutation	-0.41236604
3248	SETDB2		No Mutation	0.7372316121524781
3249	SETDB2	A603T	Missense	0.102242472411266
3250	SETDB2	A603V	Missense	-0.195621337
3251	SETDB2	D625N	Missense	2.1147567179657467
3252	SETDB2	T628I	Missense	-0.418504267
3253	SETDB2		No Mutation	0.6795783574135625
3254	SETDB2	T641I	Missense	-0.933449353
3255	SETDB2	F649F;L650F	Silent;Missense	-0.37506445
3256	SETDB2	F649F;L650F	Silent;Missense	0.003338853
3257	SETDB2	(NC);(NC)	Intron;Intron	0.2693277684094421
3258	SETDB2	(NC);(NC);(NC)	Intron;Intron;Intron	-0.174125524
3259	SETDB2		No Mutation	1.3117085273643811
3260	SETDB2		No Mutation	-0.574906872
3261	SETDB2	Q661Q	Silent	-0.16697166
3262	SETDB2	Q661Q	Silent	0.1414429733072612
3263	SETDB2		No Mutation	0.7249669736350852
3264	SETDB2	A676V	Missense	0.2899774489451933
3265	SETDB2	(NC)	Intron	0.3147112939338226
3266	SETDB2	A685V	Missense	1.2097092967353436
3267	SETDB2		No Mutation	0.2630452730363738
3268	SETDB2	L689L	Silent	-0.630759164
3269	SETDB2		No Mutation	-0.175394349
3270	SETDB2		No Mutation	1.5536336884769677
3271	SETDB2		No Mutation	-0.283489479
3272	SETDB2	C707Y	Missense	0.8558484964500859
3273	SETDB2		No Mutation	0.1230572466828561
3274	SETDB2	I705I	Silent	-0.350151865
3275	SETDB2	I705I	Silent	-0.301484641
3276	SETDB2		No Mutation	0.034243069
3277	EHMT1	(NC);(NC)	UTR;UTR	-0.642162475
3278	EHMT1	(NC);(NC)	UTR;UTR	0.082765308
3279	EHMT1	(NC);(NC);(NC)	UTR;UTR;UTR	-0.698939557
3280	EHMT1	A4T	Missense	0.3475198344900472
3281	EHMT1	A4T;D5N	Missense;Missense	-0.099676675
3282	EHMT1	A2V	Missense	-0.129124972
3283	EHMT1	A6T	Missense	-0.374302591
3284	EHMT1	E7E;(NC);(NC)	Silent;Splice-donor;Intron	-0.461832324
3285	EHMT1	A6V	Missense	0.1832360779359233
3286	EHMT1	A6V	Missense	0.8615451979769084
3287	EHMT1	(NC);(NC)	Intron;Intron	0.3323905230476083
3288	EHMT1	A6V	Missense	0.3095861273734877
3289	EHMT1	(NC);(NC)	Intron;Intron	0.5625890830772122
3290	EHMT1		No Mutation	0.110869020016717
3291	EHMT1		No Mutation	-0.501604604
3292	EHMT1	(NC)	Intron	-0.039770362
3293	EHMT1	(NC);(NC);(NC)	Intron;Intron;Intron	0.9708036244368808
3294	EHMT1	(NC)	Intron	-0.114435574
3295	EHMT1	(NC)	Intron	-0.478130846
3296	EHMT1	(NC);(NC)	Intron;Intron	0.1209816683074662
3297	EHMT1		No Mutation	0.8717231301995901
3298	EHMT1	(NC);(NC)	Intron;Intron	0.3676425393765257
3299	EHMT1	(NC)	Intron	0.045205914
3300	EHMT1	(NC)	Intron	-0.280218591
3301	EHMT1	(NC);A8V	Intron;Missense	-0.04694748
3302	EHMT1	A8V	Missense	0.048900462
3303	EHMT1	A8V	Missense	0.6473374969021837
3304	EHMT1		No Mutation	0.3306009983782826
3305	EHMT1		No Mutation	-0.460450023
3306	EHMT1	C20Y;V21M	Missense;Missense	0.179010245
3307	EHMT1		No Mutation	0.098969737
3308	EHMT1		No Mutation	-0.049697598
3309	EHMT1	T23I	Missense	0.1505571651173805
3310	EHMT1	L25L;L26L	Silent;Silent	-0.326421393
3311	EHMT1	L25L;L26L	Silent;Silent	1.329764359096986
3312	EHMT1	E29K;(NC)	Missense;Splice-donor	0.8276796785126226
3313	EHMT1	L26L	Silent	0.5494028467390933
3314	EHMT1		No Mutation	0.6195208831064323
3315	EHMT1	(NC)	Intron	1.5566781679853
3316	EHMT1		No Mutation	-0.055565955
3317	EHMT1	P31F	Missense	-1.01142157
3318	EHMT1	E36K;G37N	Missense;Missense	-0.454605576
3319	EHMT1	E40K	Missense	0.6991983273612231
3320	EHMT1	G37G	Silent	0.750926946
3321	EHMT1	S38L;A39V	Missense;Missense	1.2755426486311858
3322	EHMT1		No Mutation	0.6311513752731617
3323	EHMT1	A43V	Missense	1.0108640063202738
3324	EHMT1		No Mutation	0.3443334152369175
3325	EHMT1	A46V;H47Y	Missense;Missense	0.4496907116390121
3326	EHMT1	G52N	Missense	0.1437169319196615
3327	EHMT1	A50V	Missense	-0.306702303
3328	EHMT1	A50V;D51D	Missense;Silent	-0.773075908
3329	EHMT1	A69T	Missense	0.021433742
3330	EHMT1	A69V	Missense	2.6999261654825952
3331	EHMT1	H72H;T73I	Silent;Missense	0.2320894059570949
3332	EHMT1	H72H;T73I;Q74*	Silent;Missense;Nonsense	0.3012124464704871
3333	EHMT1	S76S;A77V	Silent;Missense	0.489483022
3334	EHMT1		No Mutation	-0.471634514
3335	EHMT1		No Mutation	-0.500434615
3336	EHMT1		No Mutation	0.6325175648167546
3337	EHMT1		No Mutation	0.2047464844834151
3338	EHMT1		No Mutation	-0.248823399
3339	EHMT1	G84G;T85I	Silent;Missense	0.401548158660071
3340	EHMT1	N86N;T87I;L88L	Silent;Missense;Silent	-0.450312215
3341	EHMT1	R90Q	Missense	0.1871813782079804
3342	EHMT1	T89I;R90W	Missense;Missense	-0.254456181
3343	EHMT1	T89I;R90W	Missense;Missense	-0.362130726
3344	EHMT1	R90W	Missense	0.413972971975853
3345	EHMT1		No Mutation	-0.234659287
3346	EHMT1	D113N	Missense	-0.431556055
3347	EHMT1	Q116Q	Silent	-0.596091338
3348	EHMT1	Q116*	Nonsense	0.1981441168069711
3349	EHMT1	S118F	Missense	-0.155040812
3350	EHMT1	Y125Y	Silent	-0.01734016
3351	EHMT1		No Mutation	-0.192172412
3352	EHMT1	Q135Q	Silent	0.5214316826684635
3353	EHMT1	Q133*	Nonsense	-1.267857443
3354	EHMT1	L137L	Silent	-0.307463587
3355	EHMT1	L137L	Silent	0.7979785324082459
3356	EHMT1		No Mutation	0.5903824347148907
3357	EHMT1	S141N	Missense	1.0972643941517068
3358	EHMT1	S141N	Missense	-0.543456705
3359	EHMT1	S146S	Silent	0.4458376160986231
3360	EHMT1	L143L;A144V	Silent;Missense	-0.60234652
3361	EHMT1	G149D	Missense	-0.412430133
3362	EHMT1	A151V;A152V	Missense;Missense	1.4095592106897985
3363	EHMT1	A152V	Missense	-0.424548791
3364	EHMT1	A152V	Missense	0.2167723309196573
3365	EHMT1		No Mutation	0.3376291721391137
3366	EHMT1	T154I;L155F	Missense;Missense	2.322044041177006
3367	EHMT1	P156F	Missense	0.3231462860571816
3368	EHMT1	G160N	Missense	-0.317752247
3369	EHMT1	G160N	Missense	-0.245673982
3370	EHMT1		No Mutation	-0.479217504
3371	EHMT1	G162N	Missense	0.09058607
3372	EHMT1	Q170Q	Silent	0.4518001145128875
3373	EHMT1	A174T	Missense	0.4521160385854821
3374	EHMT1		No Mutation	-0.308032573
3375	EHMT1		No Mutation	0.7329890503757397
3376	EHMT1	A174V;P175L	Missense;Missense	0.3738697371753254
3377	EHMT1	A177T	Missense	1.1002431639839303
3378	EHMT1	A174V;P175L	Missense;Missense	0.8192452328508274
3379	EHMT1	A174A;P175L;P176S	Silent;Missense;Missense	0.3136855965620251
3380	EHMT1		No Mutation	-0.464670931
3381	EHMT1	P176L	Missense	-0.397583627
3382	EHMT1	P176L;A177V	Missense;Missense	0.1661782268010961
3383	EHMT1	P176L;A177V	Missense;Missense	-0.013575278
3384	EHMT1	G180K	Missense	0.633872254
3385	EHMT1	G180K;E181K	Missense;Missense	0.9490349005748104
3386	EHMT1	G180K;E181K	Missense;Missense	0.1949483407961717
3387	EHMT1	E181K;G182K	Missense;Missense	1.0693156906825303
3388	EHMT1	G182E;S183N	Missense;Missense	-0.154355933
3389	EHMT1	S183N;A184T	Missense;Missense	0.082760816
3390	EHMT1	A184T;D185N	Missense;Missense	-0.678988892
3391	EHMT1		No Mutation	0.2798750732531117
3392	EHMT1	A184V	Missense	0.4414961132857723
3393	EHMT1		No Mutation	0.2009432492259166
3394	EHMT1		No Mutation	0.1956471525086248
3395	EHMT1	A193A;P194F	Silent;Missense	-0.70512339
3396	EHMT1	D197N;V198I	Missense;Missense	0.1052124003608603
3397	EHMT1	D197N;V198I	Missense;Missense	0.4826382714423594
3398	EHMT1	K199K	Silent	0.3473838531693607
3399	EHMT1	K199K;V200I	Silent;Missense	-0.390444367
3400	EHMT1	K199K;V200I	Silent;Missense	-0.037521062
3401	EHMT1	A196V;D197D	Missense;Silent	0.005028661
3402	EHMT1	A196A;D197D	Silent;Silent	0.068498091
3403	EHMT1	R202K	Missense	0.9627365201590226
3404	EHMT1	K205K	Silent	-0.370925663
3405	EHMT1	T206T;P208S	Silent;Missense	-0.111413308
3406	EHMT1	P208L	Missense	0.793856548
3407	EHMT1	V212I	Missense	-0.338733193
3408	EHMT1		No Mutation	1.5445512869537223
3409	EHMT1	G213N	Missense	0.178717913109912
3410	EHMT1		No Mutation	-0.208802535
3411	EHMT1		No Mutation	-0.358825814
3412	EHMT1	R222K;E223K	Missense;Missense	0.2500531133248062
3413	EHMT1	E226K;A227T	Missense;Missense	0.6692318959285267
3414	EHMT1	A227T	Missense	0.059111873
3415	EHMT1		No Mutation	0.8963730764031238
3416	EHMT1	H230Y	Missense	0.2176766914454085
3417	EHMT1		No Mutation	0.158441413783706
3418	EHMT1		No Mutation	-0.583733516
3419	EHMT1		No Mutation	-0.171575834
3420	EHMT1		No Mutation	-0.553567248
3421	EHMT1		No Mutation	0.001442742
3422	EHMT1	Q258Q	Silent	-0.493103053
3423	EHMT1	Q258Q;S259S	Silent;Silent	0.007361651
3424	EHMT1	S259S	Silent	-0.835364919
3425	EHMT1		No Mutation	-0.613968209
3426	EHMT1		No Mutation	-0.666834838
3427	EHMT1	Q262*	Nonsense	0.3837897172972085
3428	EHMT1		No Mutation	1.173132655292812
3429	EHMT1		No Mutation	0.074944023
3430	EHMT1	T269I;T270I	Missense;Missense	0.9322735680099838
3431	EHMT1	S272L;Q273*	Missense;Nonsense	0.2777128977717027
3432	EHMT1	T274I	Missense	0.4818469827330366
3433	EHMT1	A283T;A284T	Missense;Missense	0.142725157362914
3434	EHMT1		No Mutation	1.2176152313073971
3435	EHMT1		No Mutation	-0.155164806
3436	EHMT1		No Mutation	2.389857606801667
3437	EHMT1	K301K	Silent	0.8796948120165041
3438	EHMT1	T304I	Missense	0.927204042378686
3439	EHMT1		No Mutation	-0.334015813
3440	EHMT1	S318S	Silent	0.1813176981604949
3441	EHMT1	T320I	Missense	0.5986872110030391
3442	EHMT1	S322F	Missense	-0.459145817
3443	EHMT1	K327K;(NC)	Silent;Splice-donor	0.1885247741247085
3444	EHMT1	(NC);(NC);(NC)	Intron;Intron;Intron	-0.177852768
3445	EHMT1	(NC);(NC);(NC)	Intron;Intron;Intron	0.4120960776855952
3446	EHMT1	(NC);(NC)	Intron;Intron	-0.493783332
3447	EHMT1	(NC);(NC);(NC)	Intron;Intron;Intron	0.066903651
3448	EHMT1	(NC)	Intron	0.0572079619430406
3449	EHMT1	E329K	Missense	0.1101391789224789
3450	EHMT1	E329E;K330K	Silent;Silent	0.2323570003039077
3451	EHMT1	(NC)	Intron	0.004125443
3452	EHMT1		No Mutation	0.1075333652573108
3453	EHMT1	L337L	Silent	0.5909619706739445
3454	EHMT1	S335S	Silent	-0.460074116
3455	EHMT1	S335S;S336S	Silent;Silent	-0.181854262
3456	EHMT1	S335S;S336S;L337L	Silent;Silent;Silent	-0.211775565
3457	EHMT1	V339V	Silent	-0.17165301
3458	EHMT1	H338H	Silent	-0.104111449
3459	EHMT1	G341G;E342K	Silent;Missense	-0.456261351
3460	EHMT1		No Mutation	0.05612494
3461	EHMT1	S343S;L344L	Silent;Silent	0.5212021782150187
3462	EHMT1		No Mutation	-0.156812798
3463	EHMT1	S348S;D349N;E350K	Silent;Missense;Missense	0.2244883990860046
3464	EHMT1		No Mutation	-0.039408745
3465	EHMT1	D351D;D352D	Silent;Silent	-0.003281659
3466	EHMT1	D352D;S353L	Silent;Missense	-0.546047343
3467	EHMT1	L356F	Missense	0.6264416271709672
3468	EHMT1		No Mutation	0.5732067647451908
3469	EHMT1	D360D;G361G;H362Y	Silent;Silent;Missense	-0.668193958
3470	EHMT1	G361G;H362Y	Silent;Missense	0.0527345
3471	EHMT1	Q366Q;A367T;A368T	Silent;Missense;Missense	0.0107283011059094
3472	EHMT1	A368V	Missense	-0.274754146
3473	EHMT1	F370F;P371F	Silent;Missense	0.295065658748707
3474	EHMT1	E373E;D374N	Silent;Missense	-0.46968037
3475	EHMT1	R376K	Missense	0.1055923446574996
3476	EHMT1	R376K	Missense	-0.158559952
3477	EHMT1	R376K	Missense	-0.364299003
3478	EHMT1	D374D	Silent	0.3275427626800706
3479	EHMT1	S378F	Missense	0.5070923190019798
3480	EHMT1	S378S	Silent	-0.054663527
3481	EHMT1	S383S;E384K	Silent;Missense	0.5898786890623283
3482	EHMT1	A385V	Missense	0.511869382
3483	EHMT1	(NC)	Intron	-0.063904787
3484	EHMT1		No Mutation	0.8040954524626871
3485	EHMT1	(NC);(NC)	Intron;Intron	0.019337423
3486	EHMT1		No Mutation	-0.058244909
3487	EHMT1	(NC);(NC)	Intron;Intron	0.077789985
3488	EHMT1	(NC);(NC);(NC)	Intron;Intron;Intron	0.5627137995212751
3489	EHMT1	(NC)	Intron	-0.255244814
3490	EHMT1	(NC)	Intron	-0.355082607
3491	EHMT1	(NC)	Intron	-0.328015361
3492	EHMT1	(NC)	Intron	-0.825028775
3493	EHMT1		No Mutation	-0.381083464
3494	EHMT1	D392D	Silent	-0.445222377
3495	EHMT1		No Mutation	0.5071229146332323
3496	EHMT1		No Mutation	-0.475302019
3497	EHMT1	E400E	Silent	-0.465347798
3498	EHMT1	Q399*	Nonsense	-0.262264383
3499	EHMT1		No Mutation	-0.767336595
3500	EHMT1		No Mutation	0.1384749645564652
3501	EHMT1	S401F	Missense	1.3225338162605422
3502	EHMT1	S401S	Silent	-0.154100363
3503	EHMT1	D403D	Silent	-0.441786726
3504	EHMT1	E406E;E407K	Silent;Missense	-0.005044479
3505	EHMT1	T404I	Missense	0.2038418329131481
3506	EHMT1		No Mutation	0.7492091864737136
3507	EHMT1	G410N	Missense	0.7601753290741017
3508	EHMT1	G410G	Silent	-0.174873931
3509	EHMT1	(NC)	Intron	0.3153873530946416
3510	EHMT1		No Mutation	0.3163898214629322
3511	EHMT1		No Mutation	-0.010754904
3512	EHMT1	(NC);S417N	Splice-acceptor;Missense	1.305570441360017
3513	EHMT1	(NC);S417N	Splice-acceptor;Missense	-0.386237953
3514	EHMT1	S421N	Missense	0.1736218594915248
3515	EHMT1		No Mutation	0.2739885133298133
3516	EHMT1		No Mutation	0.136947977557034
3517	EHMT1		No Mutation	0.1252364255994172
3518	EHMT1		No Mutation	0.4726254746153531
3519	EHMT1	K439K	Silent	0.004072354
3520	EHMT1	P436L	Missense	0.4090878890809924
3521	EHMT1	A441T;R442K	Missense;Missense	0.4558043977302354
3522	EHMT1	I438I	Silent	-0.071578478
3523	EHMT1	R442K	Missense	-0.231947473
3524	EHMT1	P440L	Missense	-0.120222111
3525	EHMT1	P440L;A441V	Missense;Missense	-0.062383161
3526	EHMT1		No Mutation	1.6479598659694925
3527	EHMT1	P452F	Missense	-0.273669492
3528	EHMT1	G457S;(NC)	Missense;Splice-donor	0.3724549115105193
3529	EHMT1	(NC)	Splice-donor	0.1452984294949368
3530	EHMT1	A455V;L456F	Missense;Missense	-0.382963106
3531	EHMT1	A455V;L456F	Missense;Missense	-0.326392182
3532	EHMT1	A455A;L456F	Silent;Missense	0.002833421
3533	EHMT1	L456F	Missense	-0.688510121
3534	EHMT1	(NC);(NC);(NC);(NC)	Intron;Intron;Intron;Intron	-0.972106592
3535	EHMT1		No Mutation	-0.225647119
3536	EHMT1	(NC);(NC);(NC);(NC)	Intron;Intron;Intron;Intron	0.5061969412036873
3537	EHMT1		No Mutation	-0.071224415
3538	EHMT1		No Mutation	-0.252278787
3539	EHMT1	E459K	Missense	0.533236374
3540	EHMT1	S460S	Silent	0.5927774438076637
3541	EHMT1	S460L	Missense	0.1383955597903107
3542	EHMT1		No Mutation	0.7953290930660586
3543	EHMT1	A468V	Missense	-0.088823302
3544	EHMT1	A472V;P473L	Missense;Missense	0.6460678426870066
3545	EHMT1	A472V;P473L	Missense;Missense	-0.381867659
3546	EHMT1	D475D	Silent	0.386487058
3547	EHMT1	G478K	Missense	-0.130673387
3548	EHMT1	Y479Y	Silent	0.5793811844589765
3549	EHMT1		No Mutation	-0.116940173
3550	EHMT1	L487L	Silent	-0.580314982
3551	EHMT1		No Mutation	0.3452313084520605
3552	EHMT1	G493R	Missense	0.4586246083256524
3553	EHMT1	L495L	Silent	-0.291156602
3554	EHMT1	L495L;S496F	Silent;Missense	0.3974432412072436
3555	EHMT1	Q498*;A499V	Nonsense;Missense	1.315089611118518
3556	EHMT1	A499V	Missense	-0.82367463
3557	EHMT1		No Mutation	-0.019733754
3558	EHMT1	(NC)	Intron	-0.073174276
3559	EHMT1	(NC)	Intron	0.6773524014993791
3560	EHMT1	(NC)	Intron	-0.640967021
3561	EHMT1	A503A;N504N	Silent;Silent	1.1552064156969948
3562	EHMT1	V508V;L509L	Silent;Silent	-0.134573916
3563	EHMT1		No Mutation	0.7601432317347094
3564	EHMT1	D512N	Missense	-1.000249987
3565	EHMT1		No Mutation	0.505410515
3566	EHMT1		No Mutation	-0.573254678
3567	EHMT1	C520Y	Missense	0.3538045933110068
3568	EHMT1	P518F	Missense	0.5404477636476734
3569	EHMT1	L519F	Missense	-0.458403567
3570	EHMT1	R523Q	Missense	0.2466543628593228
3571	EHMT1	P527P;K528K	Silent;Silent	1.455072585438998
3572	EHMT1		No Mutation	-0.242659681
3573	EHMT1	R530*	Nonsense	0.001202329
3574	EHMT1	Q539Q	Silent	-0.081627589
3575	EHMT1	A536V	Missense	-0.397797078
3576	EHMT1	M541I;A542T	Missense;Missense	-0.119170889
3577	EHMT1	C540C	Silent	-0.030656085
3578	EHMT1	E544K	Missense	-0.017009793
3579	EHMT1	(NC);(NC)	Intron;Intron	-0.486713168
3580	EHMT1	(NC);(NC)	Intron;Intron	-0.529277844
3581	EHMT1	(NC)	Intron	-0.615860035
3582	EHMT1	(NC)	Intron	-0.543554748
3583	EHMT1	(NC);(NC)	Intron;Splice-acceptor	0.8964548995826627
3584	EHMT1	(NC)	Intron	-0.353251915
3585	EHMT1	G551G;R552W	Silent;Missense	0.2694488638568942
3586	EHMT1	V557I;V558I	Missense;Missense	0.3426337488331233
3587	EHMT1	R564C	Missense	0.1130655744888526
3588	EHMT1	P570P	Silent	-0.441996522
3589	EHMT1	P570P	Silent	-0.682612104
3590	EHMT1	P570P	Silent	1.2291214123384666
3591	EHMT1		No Mutation	0.6855800120440321
3592	EHMT1	L574L;C575Y	Silent;Missense	0.1848471862321302
3593	EHMT1	L574L;C575Y;E576K	Silent;Missense;Missense	0.6186877929113755
3594	EHMT1	C575Y;E576K	Missense;Missense	-0.399754509
3595	EHMT1	L574L	Silent	0.7016804243283692
3596	EHMT1	L574L	Silent	0.7274489132197015
3597	EHMT1	D577N	Missense	-0.450397678
3598	EHMT1	L574L	Silent	-0.316136074
3599	EHMT1	D577D;H578Y	Silent;Missense	-0.14326064
3600	EHMT1	M582I;V583I	Missense;Missense	0.0287463258904596
3601	EHMT1	V583V;K584K	Silent;Silent	0.2346354951206709
3602	EHMT1	Q586Q	Silent	-0.630928317
3603	EHMT1	H585Y	Missense	0.2996819123266556
3604	EHMT1	Q586*	Nonsense	-0.070206235
3605	EHMT1	C591Y;G592S	Missense;Missense	-0.346487232
3606	EHMT1	C595Y	Missense	2.0903478484428977
3607	EHMT1	G592G	Silent	0.864114482
3608	EHMT1	A597V	Missense	0.1010599516713746
3609	EHMT1	G598D	Missense	0.1520884782294446
3610	EHMT1		No Mutation	1.317457387172898
3611	EHMT1		No Mutation	0.29900167995262
3612	EHMT1		No Mutation	-0.398311124
3613	EHMT1		No Mutation	1.0327290950046746
3614	EHMT1	C617Y;A618T	Missense;Missense	-0.851462997
3615	EHMT1		No Mutation	-1.075367191
3616	EHMT1	A624T	Missense	0.4006502099840794
3617	EHMT1	S625S	Silent	-0.113323224
3618	EHMT1	S625S	Silent	0.1032587541484719
3619	EHMT1	S625S	Silent	-0.087184906
3620	EHMT1	C630Y	Missense	-0.040251864
3621	EHMT1	P628S	Missense	-0.195032727
3622	EHMT1	E633K;S634N	Missense;Missense	1.9825247456841544
3623	EHMT1	E633E;S634N	Silent;Missense	-0.529996752
3624	EHMT1		No Mutation	0.5044153842237354
3625	EHMT1	E633E;S634N	Silent;Missense	0.1396871449713739
3626	EHMT1	S634S	Silent	0.382847542
3627	EHMT1	V640V;T641T	Silent;Silent	0.3050469577984037
3628	EHMT1	A643T	Missense	0.5159550226731574
3629	EHMT1		No Mutation	0.615601714
3630	EHMT1	T650I	Missense	1.2333693848911875
3631	EHMT1	T650I	Missense	0.4448508955959205
3632	EHMT1	V654I	Missense	0.044967167
3633	EHMT1	T652I;P653S	Missense;Missense	-0.107016659
3634	EHMT1	G656K	Missense	-0.529192707
3635	EHMT1	V654V;P655S	Silent;Missense	0.1659796758034201
3636	EHMT1	V654V;P655F	Silent;Missense	-0.215443655
3637	EHMT1	E658K	Missense	0.4239556048630127
3638	EHMT1	P655P;Q657*	Silent;Nonsense	-0.39783038
3639	EHMT1	K659K;G660N	Silent;Missense	-0.540754079
3640	EHMT1	G660N	Missense	0.5905258686283748
3641	EHMT1	G660D;S661S	Missense;Silent	4.728429415877942
3642	EHMT1		No Mutation	1.606617707653298
3643	EHMT1		No Mutation	-0.070784625
3644	EHMT1		No Mutation	0.5374357887004202
3645	EHMT1	G660G;S661L	Silent;Missense	0.33192781
3646	EHMT1	G660G;S661L	Silent;Missense	0.1863259813210913
3647	EHMT1	D668N	Missense	-0.070901087
3648	EHMT1	D668N	Missense	0.0138406366632549
3649	EHMT1	G665G	Silent	0.5781413072725591
3650	EHMT1	A667V	Missense	-0.02212608
3651	EHMT1	A667V;D668D	Missense;Silent	0.5662851887235201
3652	EHMT1	G672D;S673N;(NC)	Missense;Missense;Splice-donor	-0.503862736
3653	EHMT1	T669T;T670I	Silent;Missense	0.1822600619796198
3654	EHMT1	(NC)	Intron	2.1102936397105143
3655	EHMT1	G672G	Silent	-0.07586765
3656	EHMT1	(NC);(NC)	Intron;Intron	0.5761918544948561
3657	EHMT1	(NC);(NC)	Intron;Intron	0.6125482201416418
3658	EHMT1	(NC)	Intron	-0.795958353
3659	EHMT1		No Mutation	0.023416017
3660	EHMT1	(NC)	Intron	-0.693039477
3661	EHMT1	(NC);(NC)	Intron;Splice-acceptor	-0.443829245
3662	EHMT1	(NC);(NC)	Intron;Splice-acceptor	-0.388653128
3663	EHMT1	(NC);(NC);(NC);(NC)	Intron;Intron;Intron;Intron	1.0356514539226422
3664	EHMT1	(NC);(NC);(NC);(NC)	Intron;Intron;Intron;Intron	-0.145027264
3665	EHMT1	A675T;G676R	Missense;Missense	-0.115090052
3666	EHMT1	G676K	Missense	-0.006476029
3667	EHMT1	G676K	Missense	-0.311724639
3668	EHMT1	G676E	Missense	-0.195000512
3669	EHMT1	A675V	Missense	0.564899841
3670	EHMT1	A675A;P677S	Silent;Missense	0.8395250929536844
3671	EHMT1	S680S;E681K	Silent;Missense	0.3729388664043854
3672	EHMT1	D682N;D683N	Missense;Missense	-0.061985763
3673	EHMT1	D683N	Missense	-0.360612576
3674	EHMT1		No Mutation	0.083975275
3675	EHMT1		No Mutation	-0.220919211
3676	EHMT1	A689V	Missense	-0.10470467
3677	EHMT1	A689V;S690F	Missense;Missense	-0.118854281
3678	EHMT1	E694E;G695N	Silent;Missense	0.3929333408994648
3679	EHMT1	G695D	Missense	-0.341437723
3680	EHMT1	D697N	Missense	-0.040219594
3681	EHMT1	P693P	Silent	-0.18168716
3682	EHMT1		No Mutation	0.6982164709133395
3683	EHMT1		No Mutation	0.12362604
3684	EHMT1	T699T	Silent	0.6662500661536425
3685	EHMT1	P698L	Missense	-0.675808468
3686	EHMT1	P698L	Missense	0.094941577
3687	EHMT1	T699M	Missense	0.057512517
3688	EHMT1	T699M	Missense	-0.766170702
3689	EHMT1	G703K	Missense	-0.33744721
3690	EHMT1	P701F	Missense	0.5581057626546259
3691	EHMT1	R706K	Missense	0.508989573
3692	EHMT1	L704F	Missense	-0.204274147
3693	EHMT1	T708I;P709S	Missense;Missense	-0.830360184
3694	EHMT1	T708I;P709F	Missense;Missense	0.2840456493287068
3695	EHMT1		No Mutation	0.4151626283071945
3696	EHMT1	G710G;L711F	Silent;Missense	0.3817372441158708
3697	EHMT1	G710G;L711F	Silent;Missense	-0.940790078
3698	EHMT1	G714K	Missense	2.970289893302148
3699	EHMT1	G714E	Missense	0.078787181
3700	EHMT1	S712F;Q713*	Missense;Nonsense	0.4821113358524506
3701	EHMT1	G716K	Missense	-0.679027641
3702	EHMT1	K717K;E718K	Silent;Missense	-0.532208083
3703	EHMT1	P715L	Missense	0.3438454136257531
3704	EHMT1	K717K;E718K	Silent;Missense	-0.360938833
3705	EHMT1	L720L;E721K	Silent;Missense	-0.330153609
3706	EHMT1		No Mutation	0.1601668551181621
3707	EHMT1	L724F	Missense	-0.115468504
3708	EHMT1	K734K	Silent	0.3817211325968123
3709	EHMT1	K734K	Silent	-0.435572484
3710	EHMT1		No Mutation	0.4487769144561755
3711	EHMT1		No Mutation	-0.795514255
3712	EHMT1	L742L	Silent	-0.050172607
3713	EHMT1		No Mutation	0.042450729
3714	EHMT1		No Mutation	-0.538727586
3715	EHMT1	L742L	Silent	-0.217587902
3716	EHMT1	Y743Y	Silent	0.6315239947829163
3717	EHMT1	Y743Y;F744F	Silent;Silent	0.7770789325675492
3718	EHMT1	Y743Y;F744F	Silent;Silent	-0.051586401
3719	EHMT1	E750E	Silent	-0.223090486
3720	EHMT1	Q748*	Nonsense	-0.415585951
3721	EHMT1	Q752Q	Silent	-0.202670568
3722	EHMT1		No Mutation	1.043132012095908
3723	EHMT1		No Mutation	0.8302789264829729
3724	EHMT1	(NC);(NC)	Intron;Intron	0.4920485770100384
3725	EHMT1		No Mutation	-0.770277891
3726	EHMT1	(NC)	Intron	0.2138981074050867
3727	EHMT1	(NC);(NC)	Intron;Intron	-0.308711628
3728	EHMT1	(NC)	Intron	-0.309524569
3729	EHMT1		No Mutation	-0.339879058
3730	EHMT1	D763D;P764S	Silent;Missense	0.8297668796418707
3731	EHMT1		No Mutation	-0.857359985
3732	EHMT1	R774R;S775F;P776S	Silent;Missense;Missense	-0.10516101
3733	EHMT1	L777L;H778Y	Silent;Missense	0.6012926797535949
3734	EHMT1	H778Y;A779V	Missense;Missense	0.2169163901761213
3735	EHMT1	A781T;E782K	Missense;Missense	0.5524175636403017
3736	EHMT1	A781V	Missense	0.1027972918155715
3737	EHMT1	G784E	Missense	0.2335806000278576
3738	EHMT1	D787D	Silent	1.0146432735341628
3739	EHMT1	I788I;C789C;H790Y	Silent;Silent;Missense	0.5983489629170153
3740	EHMT1	H790H	Silent	-1.134399143
3741	EHMT1	L792L	Silent	0.3105098898616254
3742	EHMT1	Q794Q;(NC);(NC)	Silent;Splice-donor;Intron	-0.865000058
3743	EHMT1	Q794*	Nonsense	-0.041897783
3744	EHMT1	(NC);(NC)	Intron;Intron	0.087213173
3745	EHMT1	(NC)	Intron	0.76020988
3746	EHMT1	(NC)	Intron	0.3113206119563646
3747	EHMT1	(NC)	Intron	0.2216421702807141
3748	EHMT1		No Mutation	-0.150983165
3749	EHMT1	T801I;C802C	Missense;Silent	1.0483655719702127
3750	EHMT1	Q806Q;R807K	Silent;Missense	-0.441850685
3751	EHMT1	D805D;Q806*	Silent;Nonsense	-0.245546049
3752	EHMT1	L810L;M811I;E812K	Silent;Missense;Missense	0.7378789064456849
3753	EHMT1	A814T	Missense	-0.66125365
3754	EHMT1	A814T;E815K	Missense;Missense	-0.14635891
3755	EHMT1	A814V	Missense	-0.142365144
3756	EHMT1	V822V;K823K	Silent;Silent	-0.307571267
3757	EHMT1		No Mutation	0.047343905
3758	EHMT1		No Mutation	0.5000688641948917
3759	EHMT1	Y824Y	Silent	0.4608790257820075
3760	EHMT1	Y824Y;L825F	Silent;Missense	0.365754738189307
3761	EHMT1	L825L;I826I	Silent;Silent	0.3728945417543663
3762	EHMT1	I826I	Silent	-0.556890643
3763	EHMT1	G829G;A830T	Silent;Missense	0.0312280208814385
3764	EHMT1	A830V;L831L	Missense;Silent	0.5513734795314207
3765	EHMT1	K835K;(NC)	Silent;Splice-donor	-1.496904705
3766	EHMT1	K835K;(NC)	Silent;Splice-donor	-0.356162695
3767	EHMT1	(NC)	Intron	0.2152128882273918
3768	EHMT1	(NC)	Intron	0.6895414290390902
3769	EHMT1		No Mutation	1.0636826892781834
3770	EHMT1	(NC)	Intron	-0.44625429
3771	EHMT1	(NC)	Intron	0.8054520171207482
3772	EHMT1	G839G;S840F	Silent;Missense	-0.042959116
3773	EHMT1	H844Y;L845L	Missense;Silent	-0.680818294
3774	EHMT1	G850N	Missense	-0.276036861
3775	EHMT1		No Mutation	-0.945212806
3776	EHMT1	E853K	Missense	-0.25983762
3777	EHMT1	Q856Q	Silent	0.2981125843754781
3778	EHMT1	Q856*	Nonsense	2.012168937274313
3779	EHMT1	G862R	Missense	0.2152067560023018
3780	EHMT1	L859F	Missense	0.1125800819717082
3781	EHMT1	Q863Q	Silent	0.6425603915146152
3782	EHMT1		No Mutation	-0.077285139
3783	EHMT1	(NC)	Intron	-0.219682305
3784	EHMT1	(NC);(NC);(NC)	Intron;Intron;Intron	0.8474436305855224
3785	EHMT1	(NC);(NC);(NC)	Intron;Intron;Intron	-0.382609943
3786	EHMT1	D870N;D871N	Missense;Missense	-0.846418448
3787	EHMT1	(NC)	Intron	-0.349950803
3788	EHMT1	G872K;G873N	Missense;Missense	-0.086661539
3789	EHMT1	G872E;G873N	Missense;Missense	0.020330455
3790	EHMT1	G873G	Silent	-0.31682365
3791	EHMT1	G873G	Silent	0.041840731
3792	EHMT1	E882K	Missense	-0.864420549
3793	EHMT1	E882K	Missense	0.6383557194224285
3794	EHMT1	A880A;T881I	Silent;Missense	0.0287402892168812
3795	EHMT1	V886I	Missense	-0.50787158
3796	EHMT1	L891L	Silent	0.9610978340222108
3797	EHMT1	L892L;L893L	Silent;Silent	0.1712947206865158
3798	EHMT1	L891L	Silent	-0.400823978
3799	EHMT1		No Mutation	-0.155479481
3800	EHMT1	(NC)	Intron	-0.212636048
3801	EHMT1	(NC)	Intron	-0.318083845
3802	EHMT1	(NC)	Intron	-0.175060465
3803	EHMT1	(NC);(NC)	Intron;Intron	-0.458348776
3804	EHMT1	(NC)	Intron	-0.85282748
3805	EHMT1	N907N	Silent	-0.007588161
3806	EHMT1	N907N	Silent	0.07212884
3807	EHMT1	N907N	Silent	-0.875744284
3808	EHMT1	H911Y	Missense	0.087261822
3809	EHMT1	A914A	Silent	0.1689273067503031
3810	EHMT1	A914V	Missense	0.3753207659473221
3811	EHMT1	A922T	Missense	-0.525657055
3812	EHMT1	D920D	Silent	0.4733452831046314
3813	EHMT1	A928T	Missense	0.089278539
3814	EHMT1	K929K;C930Y;D931N	Silent;Missense;Missense	0.3207043518110698
3815	EHMT1	A934T	Missense	-0.387465576
3816	EHMT1	H933Y;A934V	Missense;Missense	0.5913853433268372
3817	EHMT1		No Mutation	-0.636234727
3818	EHMT1	G939R	Missense	-0.418171848
3819	EHMT1	G939E;D940N	Missense;Missense	0.2885899808046377
3820	EHMT1	L943L	Silent	0.8212529776616413
3821	EHMT1	P942L;L943L	Missense;Silent	0.5489654592780275
3822	EHMT1	L943L;H944Y	Silent;Missense	0.6096543453796013
3823	EHMT1	A947T;R948Q	Missense;Missense	-0.069215918
3824	EHMT1	R951H	Missense	-0.471286661
3825	EHMT1	D953N	Missense	-0.355084903
3826	EHMT1	D953N	Missense	0.1686043462403603
3827	EHMT1	V956I;(NC)	Missense;Splice-donor	0.1844327116525109
3828	EHMT1	(NC)	Splice-acceptor	-0.210764194
3829	EHMT1		No Mutation	0.2326590712640079
3830	EHMT1		No Mutation	-0.597914642
3831	EHMT1	R961R;D962N	Silent;Missense	-0.265322188
3832	EHMT1	V965V	Silent	1.0808078556243368
3833	EHMT1	T966I	Missense	0.3429711847528954
3834	EHMT1	G972K	Missense	0.2298209665969869
3835	EHMT1	S980N	Missense	0.1989141876023299
3836	EHMT1	S980N	Missense	-0.420607336
3837	EHMT1		No Mutation	-0.849796013
3838	EHMT1	A979V	Missense	-0.384501572
3839	EHMT1	S980S;L981F	Silent;Missense	1.047766288925999
3840	EHMT1	V985V;W986*	Silent;Nonsense	-1.223732042
3841	EHMT1	S987S;A988V;L989L	Silent;Missense;Silent	0.154954039784409
3842	EHMT1		No Mutation	0.4925359067514476
3843	EHMT1	S992S	Silent	-0.320826345
3844	EHMT1	D997D	Silent	0.1051391571183479
3845	EHMT1	P1000P;D1001D	Silent;Silent	0.2476119804366587
3846	EHMT1	S1004N	Missense	0.3440320234815136
3847	EHMT1	V1006M	Missense	0.1349736408955011
3848	EHMT1	V1006M	Missense	-0.272300252
3849	EHMT1	P1003F	Missense	-0.500074343
3850	EHMT1	V1006I	Missense	-0.507827693
3851	EHMT1	R1008K	Missense	-0.117476933
3852	EHMT1	R1008K	Missense	0.3067530130046079
3853	EHMT1		No Mutation	0.6370199266222142
3854	EHMT1	V1010I	Missense	-0.438788611
3855	EHMT1	V1010I;S1011N	Missense;Missense	0.2618388275103631
3856	EHMT1	V1010V;S1011N	Silent;Missense	-0.3179127
3857	EHMT1	S1011S	Silent	-0.153071144
3858	EHMT1	(NC)	Intron	0.4392470109826506
3859	EHMT1	(NC);(NC)	Intron;Intron	2.038036937
3860	EHMT1	(NC);(NC)	Intron;Intron	-0.197349247
3861	EHMT1	(NC);(NC);R1012R	Intron;Splice-acceptor;Silent	-0.517142011
3862	EHMT1	D1013N	Missense	0.085889542
3863	EHMT1	(NC)	Intron	-0.127148193
3864	EHMT1	A1015T	Missense	0.7056536025618287
3865	EHMT1	I1023I;P1024F	Silent;Missense	0.3198997546671093
3866	EHMT1	A1028T	Missense	0.382232090297096
3867	EHMT1	A1028T	Missense	-0.577127561
3868	EHMT1	A1028T	Missense	0.1975844481186005
3869	EHMT1	V1029I;D1030N	Missense;Missense	0.3631589758729213
3870	EHMT1	V1029I;D1030N	Missense;Missense	0.1320314271118272
3871	EHMT1	V1029V;D1030N	Silent;Missense	0.1683533737600229
3872	EHMT1	C1034Y	Missense	-0.292956772
3873	EHMT1		No Mutation	-0.211621642
3874	EHMT1	K1039K;V1041I	Silent;Missense	2.3188920831820843
3875	EHMT1	R1054K	Missense	0.2587189474351146
3876	EHMT1	R1054K	Missense	-0.75744438
3877	EHMT1	R1054K	Missense	0.8070724581018249
3878	EHMT1	R1054K	Missense	1.9510927516670056
3879	EHMT1		No Mutation	1.2536750461927222
3880	EHMT1	H1058Y;L1059L	Missense;Silent	0.041702639
3881	EHMT1		No Mutation	0.2077180583664909
3882	EHMT1		No Mutation	-0.12054457
3883	EHMT1		No Mutation	-0.746302083
3884	EHMT1		No Mutation	0.1210386922034755
3885	EHMT1		No Mutation	0.5892599222184294
3886	EHMT1	(NC)	Splice-acceptor	0.5890556281722871
3887	EHMT1	(NC)	Splice-acceptor	0.4232525685506483
3888	EHMT1	C1062Y;V1063M	Missense;Missense	-0.427321703
3889	EHMT1	S1070F	Missense	-0.358417205
3890	EHMT1	M1074I;C1075Y	Missense;Missense	0.3745123631483544
3891	EHMT1	C1075Y;G1076N	Missense;Missense	0.324587937
3892	EHMT1	L1078F	Missense	0.3185447465542578
3893	EHMT1	C1082Y	Missense	-0.092670732
3894	EHMT1	R1081C	Missense	-0.067341561
3895	EHMT1	C1082C	Silent	-0.307782776
3896	EHMT1	C1082C	Silent	0.2520184616784952
3897	EHMT1	Y1084Y	Silent	-0.516360281
3898	EHMT1	(NC)	Intron	-0.528996553
3899	EHMT1	(NC)	Intron	0.322310369408285
3900	EHMT1	(NC);(NC)	Intron;Intron	-0.503411585
3901	EHMT1	(NC)	Intron	1.0153227328940195
3902	EHMT1	(NC)	Intron	0.0144685573493384
3903	EHMT1	(NC);(NC)	Intron;Intron	-0.498027519
3904	EHMT1	(NC)	Intron	-0.53733957
3905	EHMT1		No Mutation	-0.395399694
3906	EHMT1	L1090L;L1091L;P1092S	Silent;Silent;Missense	0.5414392048701855
3907	EHMT1	E1093E	Silent	0.8170333305627506
3908	EHMT1	P1092L	Missense	-0.293486765
3909	EHMT1	M1096I;A1097T	Missense;Missense	-0.118129641
3910	EHMT1	A1097T;E1098K	Missense;Missense	-0.321989463
3911	EHMT1	E1104K;C1105Y	Missense;Missense	0.121705622792768
3912	EHMT1	C1105Y	Missense	-0.068316872
3913	EHMT1	C1105Y	Missense	-0.100788621
3914	EHMT1	N1106N;H1107Y	Silent;Missense	1.172848125589694
3915	EHMT1	H1107H;A1108V	Silent;Missense	-0.025298455
3916	EHMT1	W1112*	Nonsense	-0.142077009
3917	EHMT1	C1115Y;R1116Q	Missense;Missense	-0.085765274
3918	EHMT1	R1118C	Missense	0.2196085462385528
3919	EHMT1	Q1121Q	Silent	0.7647062790420931
3920	EHMT1	V1119V	Silent	-0.458714197
3921	EHMT1		No Mutation	-0.322624492
3922	EHMT1		No Mutation	1.5133238152960626
3923	EHMT1		No Mutation	-0.869490532
3924	EHMT1	A1126V	Missense	0.3044093971763076
3925	EHMT1	Q1129*	Nonsense	0.08257577
3926	EHMT1	Q1129*;L1130F	Nonsense;Missense	-0.68789538
3927	EHMT1	L1130L;Y1131Y;R1132W	Silent;Silent;Missense	0.022986286
3928	EHMT1	Y1131Y;R1132W	Silent;Missense	-0.315364691
3929	EHMT1	T1133M	Missense	1.566103322524086
3930	EHMT1	T1133M;R1134W	Missense;Missense	0.7252190932277134
3931	EHMT1	T1133M;R1134W	Missense;Missense	0.1261243578661069
3932	EHMT1	M1136I;G1137N	Missense;Missense	0.6421713843282527
3933	EHMT1	D1135D	Silent	-0.418664186
3934	EHMT1	G1139G	Silent	0.8176637265569798
3935	EHMT1	L1143L;Q1144*	Silent;Nonsense	-0.245826097
3936	EHMT1		No Mutation	-0.773610795
3937	EHMT1	G1149S	Missense	0.4907353999858991
3938	EHMT1	V1152I	Missense	-0.391758619
3939	EHMT1	V1152I;C1153Y	Missense;Missense	-0.314548267
3940	EHMT1	C1153Y;E1154K	Missense;Missense	0.2094497700792563
3941	EHMT1	(NC);(NC);(NC)	Intron;Intron;Intron	0.7856187947997593
3942	EHMT1	C1153C	Silent	0.110761358478832
3943	EHMT1	C1153C	Silent	-0.162291335
3944	EHMT1		No Mutation	0.3713969576257988
3945	EHMT1	(NC);(NC)	Intron;Intron	0.027927402
3946	EHMT1	(NC)	Intron	-0.042697946
3947	EHMT1	(NC);(NC);(NC)	Intron;Intron;Intron	-0.181131297
3948	EHMT1	(NC);(NC);(NC);(NC)	Intron;Intron;Intron;Intron	-0.726389162
3949	EHMT1	(NC);(NC);(NC)	Intron;Intron;Intron	0.4944496807662545
3950	EHMT1	E1154E;V1156I	Silent;Missense	0.2038961049254572
3951	EHMT1	G1157K	Missense	-0.146056277
3952	EHMT1	G1157K;E1158K	Missense;Missense	-0.647647053
3953	EHMT1		No Mutation	-0.167404277
3954	EHMT1	D1171N	Missense	-0.516603893
3955	EHMT1	L1174L	Silent	1.0714278703430782
3956	EHMT1		No Mutation	1.3889013805805748
3957	EHMT1	(NC);(NC);(NC)	Intron;Intron;Intron	-0.045754363
3958	EHMT1	(NC)	Intron	0.0316081904358931
3959	EHMT1	(NC)	Intron	-0.161019296
3960	EHMT1	(NC);(NC)	Intron;Intron	-0.387281174
3961	EHMT1	(NC);(NC)	Intron;Intron	0.6776074586630225
3962	EHMT1	(NC);(NC)	Intron;Intron	1.115079684988804
3963	EHMT1	(NC);(NC);D1181N	Intron;Splice-acceptor;Missense	0.048802609
3964	EHMT1	E1183E;V1184I	Silent;Missense	-0.371131644
3965	EHMT1	E1183E;V1184I	Silent;Missense	-1.033054858
3966	EHMT1	Y1185Y	Silent	-0.345845966
3967	EHMT1	I1187I	Silent	-0.103252002
3968	EHMT1	I1187I;D1188D	Silent;Silent	-0.01791201
3969	EHMT1	F1191F;Y1192Y	Silent;Silent	0.023391537
3970	EHMT1		No Mutation	-0.339126367
3971	EHMT1	H1201H;H1202Y	Silent;Missense	0.80636984
3972	EHMT1		No Mutation	-0.411944191
3973	EHMT1	L1207L;V1208M	Silent;Missense	-0.527820783
3974	EHMT1	V1210I;R1211H	Missense;Missense	1.0334783515567971
3975	EHMT1	V1210V;R1211H	Silent;Missense	0.2842404212302806
3976	EHMT1	P1209F	Missense	1.0487236557614978
3977	EHMT1	V1212I	Missense	0.3688945803623266
3978	EHMT1	M1214I;A1215T	Missense;Missense	0.9395623847948348
3979	EHMT1	M1214I;A1215T	Missense;Missense	-0.556192384
3980	EHMT1	R1211R	Silent	-0.223690292
3981	EHMT1	A1215V	Missense	-0.554688897
3982	EHMT1	D1218D	Silent	-0.448467149
3983	EHMT1	R1220Q	Missense	0.075048858
3984	EHMT1	R1220R	Silent	0.5267487194490609
3985	EHMT1		No Mutation	0.5382222600982287
3986	EHMT1	R1223R;A1225T	Silent;Missense	-0.018139945
3987	EHMT1		No Mutation	0.2930723549218078
3988	EHMT1	S1228N	Missense	0.1687000780102203
3989	EHMT1	S1228N	Missense	0.3739816706347293
3990	EHMT1	S1228N	Missense	0.787159728
3991	EHMT1	R1230H;L1231L	Missense;Silent	0.064317005
3992	EHMT1	F1227F;S1228S	Silent;Silent	-0.117660656
3993	EHMT1	T1229I;R1230C	Missense;Missense	0.7196737260450873
3994	EHMT1	G1235N	Missense	0.6432744227001997
3995	EHMT1	G1235N;E1236K	Missense;Missense	-0.085670428
3996	EHMT1	E1236K	Missense	0.6312417724036409
3997	EHMT1	A1234V	Missense	0.088465968
3998	EHMT1	A1234V	Missense	-0.30520474
3999	EHMT1	G1239E;(NC)	Missense;Splice-donor	-0.287472947
4000	EHMT1	L1238L	Silent	0.941456136
4001	EHMT1	(NC);(NC);(NC)	Intron;Intron;Intron	0.955979714
4002	EHMT1	(NC)	Intron	0.074694604
4003	EHMT1		No Mutation	-0.519747823
4004	EHMT1	(NC);(NC);(NC);(NC)	Intron;Intron;Intron;Intron	-0.372512083
4005	EHMT1		No Mutation	0.1308750353257944
4006	EHMT1	G1243R	Missense	-0.003020957
4007	EHMT1	G1243K;E1244K	Missense;Missense	-0.320328009
4008	EHMT1	G1243K;E1244K	Missense;Missense	-0.016710807
4009	EHMT1	G1243E;E1244K	Missense;Missense	0.6386059192837146
4010	EHMT1	D1241D	Silent	0.3938518230145612
4011	EHMT1	D1241D	Silent	-0.623410281
4012	EHMT1	R1245C	Missense	0.8338947068949595
4013	EHMT1	L1253F	Missense	0.2951812723869432
4014	EHMT1	C1258C;G1259G	Silent;Silent	-0.130951488
4015	EHMT1	K1262K	Silent	-0.720148561
4016	EHMT1	S1266S	Silent	-0.12672414
4017	EHMT1	C1263C;R1264W	Silent;Missense	1.0608421999843312
4018	EHMT1	S1266S	Silent	-0.199113743
4019	EHMT1	S1266S;S1267N	Silent;Missense	-0.135736469
4020	EHMT1	S1266S;S1267N	Silent;Missense	0.7630275095254972
4021	EHMT1	H1265Y	Missense	-0.648461094
4022	EHMT1	A1268A;A1269T	Silent;Missense	0.1882547158743595
4023	EHMT1	A1269V;L1270L	Missense;Silent	-0.630749004
4024	EHMT1	Q1274Q;A1275T	Silent;Missense	0.5603309142241211
4025	EHMT1	A1271A;Q1272*;R1273C	Silent;Nonsense;Missense	-0.254221702
4026	EHMT1	Q1274Q;A1275T	Silent;Missense	-0.087248724
4027	EHMT1	S1276N;A1277T	Missense;Missense	0.1712206593464973
4028	EHMT1	Q1274*	Nonsense	1.2407563819627982
4029	EHMT1	A1277T;A1278T	Missense;Missense	-0.755848698
4030	EHMT1	A1275V	Missense	-0.124271238
4031	EHMT1	S1276S;A1277V	Silent;Missense	-0.309488078
4032	EHMT1	E1280E;A1281T	Silent;Missense	-0.402829983
4033	EHMT1	A1278V;Q1279*	Missense;Nonsense	2.2207843743424176
4034	EHMT1	Q1279*	Nonsense	-0.310380967
4035	EHMT1	E1283E;D1284N	Silent;Missense	1.2137550551314091
4036	EHMT1	E1283E;D1284N;G1285S	Silent;Missense;Missense	0.2283799509744827
4037	EHMT1	L1286L	Silent	-0.130221225
4038	EHMT1	L1286L;D1288N	Silent;Missense	0.2079113135822694
4039	EHMT1	P1287F	Missense	-0.290425575
4040	EHMT1	A1292T;A1293T	Missense;Missense	-0.312953593
4041	EHMT1	A1292A;A1293T	Silent;Missense	0.6337137924738896
4042	EHMT1	A1295T	Missense	0.179353819
4043	EHMT1		No Mutation	-0.616620369
4044	EHMT2	(NC);(NC)	UTR;UTR	0.2480024294887816
4045	EHMT2	(NC)	UTR	0.03707561
4046	EHMT2	*1268*;(NC)	Silent;UTR	-0.311758894
4047	EHMT2	*1268*;(NC)	Silent;UTR	0.558481066
4048	EHMT2	P1264L;V1265V	Missense;Silent	0.8044102621924321
4049	EHMT2		No Mutation	0.8624300552605866
4050	EHMT2		No Mutation	0.5782879419417168
4051	EHMT2	L1262L	Silent	-0.23298674
4052	EHMT2	L1262L	Silent	0.2438813908210775
4053	EHMT2	E1258K	Missense	0.8683392125205875
4054	EHMT2	E1258K	Missense	0.4609284272591533
4055	EHMT2	L1255L	Silent	0.7252403524026234
4056	EHMT2	L1256L	Silent	0.4450415861238426
4057	EHMT2	L1255L;L1256L	Silent;Silent	0.5099612998298352
4058	EHMT2	E1254K	Missense	-0.708496735
4059	EHMT2	E1254K	Missense	-0.351824766
4060	EHMT2		No Mutation	0.001622884
4061	EHMT2	L1249L;D1250N	Silent;Missense	0.2430121114624077
4062	EHMT2	S1244S;R1245C	Silent;Missense	-0.503718642
4063	EHMT2	L1246L;A1247T	Silent;Missense	0.894341386
4064	EHMT2	R1245H;L1246L	Missense;Silent	-0.17495669
4065	EHMT2	A1240A;L1241L	Silent;Silent	0.3271732504973146
4066	EHMT2	Q1243Q;S1244N	Silent;Missense	-0.100199555
4067	EHMT2	L1241L;E1242K	Silent;Missense	-0.095527314
4068	EHMT2	A1236V	Missense	0.195968389
4069	EHMT2	E1230E;K1231K	Silent;Silent	1.074829213
4070	EHMT2	E1230K	Missense	-1.121524576
4071	EHMT2		No Mutation	-0.338793133
4072	EHMT2	D1210D	Silent	-0.000795412
4073	EHMT2	D1210D	Silent	-0.2856947
4074	EHMT2		No Mutation	0.055752922
4075	EHMT2	(NC)	Intron	-0.427087523
4076	EHMT2	(NC);G1208G	Splice-acceptor;Silent	0.08169037
4077	EHMT2	(NC);(NC)	Intron;Intron	0.1412070567667505
4078	EHMT2	(NC);(NC)	Intron;Intron	0.05461513
4079	EHMT2	(NC)	Intron	0.2761216756131419
4080	EHMT2	L1207L	Silent	-0.329059541
4081	EHMT2	L1207L	Silent	-0.042126467
4082	EHMT2	L1207L	Silent	0.3538805918883468
4083	EHMT2	E1206E;G1208R	Silent;Missense	0.081966737
4084	EHMT2	T1203I	Missense	-0.474823515
4085	EHMT2	R1202W;T1203I	Missense;Missense	0.4836941588217974
4086	EHMT2	G1204K;E1205K	Missense;Missense	-0.152410537
4087	EHMT2	G1204K	Missense	-0.665904612
4088	EHMT2	D1200D	Silent	-0.020841978
4089	EHMT2	S1198S;R1199*	Silent;Nonsense	-0.195413811
4090	EHMT2	S1198F;R1199*	Missense;Nonsense	-0.211595724
4091	EHMT2	S1198F;R1199*	Missense;Nonsense	-0.402661562
4092	EHMT2	F1196F	Silent	0.5103876763231419
4093	EHMT2	R1199Q;D1200N	Missense;Missense	-0.527292221
4094	EHMT2	S1197N	Missense	0.5648063061245656
4095	EHMT2	A1194T	Missense	0.1551519455158133
4096	EHMT2		No Mutation	-0.47790671
4097	EHMT2	L1184L	Silent	0.2042924662754557
4098	EHMT2	M1183I;L1184L	Missense;Silent	-0.114343015
4099	EHMT2	M1183I	Missense	-0.139238996
4100	EHMT2	R1180Q	Missense	0.2068989015567727
4101	EHMT2	V1179I;R1180Q	Missense;Missense	-0.078671868
4102	EHMT2	V1179I	Missense	-0.426167756
4103	EHMT2	P1174P;N1175N	Silent;Silent	-0.438684237
4104	EHMT2	P1174L;N1175N	Missense;Silent	-0.401203365
4105	EHMT2		No Mutation	0.077193507
4106	EHMT2		No Mutation	0.0477836317312843
4107	EHMT2	L1171L	Silent	1.2856904809815564
4108	EHMT2		No Mutation	0.034972292
4109	EHMT2		No Mutation	0.4550841552847058
4110	EHMT2		No Mutation	0.052705674
4111	EHMT2	V1153V	Silent	0.284400178
4112	EHMT2	V1153V	Silent	0.1471626594978703
4113	EHMT2	V1153I	Missense	-0.236076321
4114	EHMT2	E1152K;V1153M	Missense;Missense	-1.050346004
4115	EHMT2	G1151E;E1152K	Missense;Missense	-0.668860564
4116	EHMT2	G1151K;E1152K	Missense;Missense	-0.739029571
4117	EHMT2	G1151K;E1152K	Missense;Missense	0.079257169
4118	EHMT2	(NC);(NC);(NC)	Intron;Intron;Intron	-0.122215459
4119	EHMT2	(NC);D1150N	Splice-acceptor;Missense	0.3538082853233675
4120	EHMT2	(NC);(NC);(NC)	Intron;Intron;Intron	-0.228082241
4121	EHMT2	(NC);(NC)	Intron;Intron	-0.400637382
4122	EHMT2	D1147D	Silent	0.1124391702583895
4123	EHMT2		No Mutation	0.2806182076614564
4124	EHMT2	L1143L;F1144F	Silent;Silent	0.085372017
4125	EHMT2		No Mutation	-0.230950435
4126	EHMT2	L1128L	Silent	0.2664978201101043
4127	EHMT2	G1126G;E1127K	Silent;Missense	-0.424294533
4128	EHMT2	G1126E;E1127K	Missense;Missense	0.3746332087366441
4129	EHMT2	V1125I;G1126R	Missense;Missense	0.7435821687722242
4130	EHMT2	(NC);(NC);(NC)	Intron;Intron;Intron	-0.026409693
4131	EHMT2	(NC);(NC)	Intron;Intron	0.2821543614397052
4132	EHMT2	(NC);(NC)	Intron;Intron	-0.152677695
4133	EHMT2		No Mutation	-0.200995238
4134	EHMT2		No Mutation	-0.810166748
4135	EHMT2	I1121I;C1122C	Silent;Silent	0.099162006
4136	EHMT2	(NC)	Intron	0.5263106532401894
4137	EHMT2	I1121I	Silent	-0.319487531
4138	EHMT2	C1122Y	Missense	-0.097635055
4139	EHMT2		No Mutation	-0.312915648
4140	EHMT2		No Mutation	-0.415379395
4141	EHMT2	Q1117Q;G1118R	Silent;Missense	0.3700009915042668
4142	EHMT2	Q1117Q	Silent	0.093391334
4143	EHMT2	Q1113*	Nonsense	-0.25924646
4144	EHMT2	L1112L;Q1113*	Silent;Nonsense	0.3065641358962739
4145	EHMT2	A1111A;L1112L;Q1113*	Silent;Silent;Nonsense	1.3838509519798468
4146	EHMT2		No Mutation	-0.259636349
4147	EHMT2	G1108E;V1109I	Missense;Missense	0.1735676039815701
4148	EHMT2	A1103V	Missense	0.4277614259595136
4149	EHMT2	M1105I;G1106N	Missense;Missense	0.1526353764491859
4150	EHMT2	T1102I;A1103V	Missense;Missense	-0.45449364
4151	EHMT2	T1102I;A1103V	Missense;Missense	-0.124942016
4152	EHMT2	T1102I	Missense	-0.376932539
4153	EHMT2	T1102I	Missense	0.2500145421462336
4154	EHMT2	Y1100Y;R1101*	Silent;Nonsense	-0.381699181
4155	EHMT2	L1099L;Y1100Y;R1101*	Silent;Silent;Nonsense	0.6038191807679679
4156	EHMT2	Q1098Q	Silent	0.4585570185406253
4157	EHMT2	Q1098Q	Silent	-0.038919896
4158	EHMT2	Q1098Q	Silent	-0.200658849
4159	EHMT2	Q1098Q	Silent	-0.145695296
4160	EHMT2	R1096Q	Missense	0.2462619458514962
4161	EHMT2	(NC);K1094K	Splice-acceptor;Silent	-0.715874893
4162	EHMT2	(NC);(NC)	Intron;Intron	-0.362798481
4163	EHMT2	(NC);(NC);(NC)	Intron;Intron;Intron	-0.663063552
4164	EHMT2	Q1090*	Nonsense	-0.329478133
4165	EHMT2	G1092N	Missense	-0.087876937
4166	EHMT2	N1086N;R1087W	Silent;Missense	-0.427938621
4167	EHMT2		No Mutation	-0.376339479
4168	EHMT2		No Mutation	-0.87548355
4169	EHMT2	W1081*	Nonsense	1.1149078987675505
4170	EHMT2	N1075N;Q1076*	Silent;Nonsense	-0.117316355
4171	EHMT2	C1074Y	Missense	-0.902230665
4172	EHMT2	E1073K;C1074Y	Missense;Missense	-0.141404291
4173	EHMT2	K1065K;E1067K	Silent;Missense	-0.215008926
4174	EHMT2	L1059L	Silent	-0.503668378
4175	EHMT2	L1059L	Silent	-0.181251917
4176	EHMT2		No Mutation	-0.163477687
4177	EHMT2	G1057E;R1058Q	Missense;Missense	-0.598941064
4178	EHMT2	G1057K	Missense	-0.535250203
4179	EHMT2	D1056N;G1057K	Missense;Missense	-0.662898091
4180	EHMT2	(NC);D1056N;G1057R	Splice-acceptor;Missense;Missense	-0.322194577
4181	EHMT2	(NC);D1056N	Splice-acceptor;Missense	-0.093302318
4182	EHMT2	(NC);(NC);(NC);(NC)	Intron;Intron;Intron;Intron	-0.573345517
4183	EHMT2	(NC);(NC);(NC);(NC)	Intron;Intron;Intron;Intron	0.9943957181235212
4184	EHMT2	(NC);(NC);(NC);(NC)	Intron;Intron;Intron;Intron	-0.160940352
4185	EHMT2	(NC)	Intron	-0.096285272
4186	EHMT2	(NC)	Intron	-0.440639069
4187	EHMT2	K1055K;(NC)	Silent;Splice-donor	-0.612376828
4188	EHMT2	I1049I;R1050W	Silent;Missense	-0.336851272
4189	EHMT2	R1050R;C1051Y	Silent;Missense	1.6834898455547287
4190	EHMT2	L1047F	Missense	0.1323499745855108
4191	EHMT2	S1048N	Missense	0.3263701795315711
4192	EHMT2	C1044C;G1045G	Silent;Silent	-0.483814264
4193	EHMT2	G1045D;Q1046Q	Missense;Silent	0.1173049945145949
4194	EHMT2	S1039S;S1040F	Silent;Missense	-0.667983655
4195	EHMT2	V1034I;D1035N	Missense;Missense	-0.166989437
4196	EHMT2	C1033Y;V1034I	Missense;Missense	-0.469528725
4197	EHMT2	C1033Y;V1034M	Missense;Missense	-0.862771003
4198	EHMT2	(NC);(NC);H1030Y	Intron;Intron;Missense	-0.56440549
4199	EHMT2	C1031Y;T1032T	Missense;Silent	-0.233236029
4200	EHMT2	C1031Y	Missense	-0.890209646
4201	EHMT2	(NC)	Splice-acceptor	0.555312727
4202	EHMT2		No Mutation	-0.553662711
4203	EHMT2	(NC);(NC);(NC);(NC)	Intron;Intron;Intron;Intron	0.6202212410478406
4204	EHMT2		No Mutation	-0.026966984
4205	EHMT2	Q1029*	Nonsense	0.08542616
4206	EHMT2	(NC);(NC);(NC)	Intron;Intron;Intron	-0.104516628
4207	EHMT2	(NC);(NC);(NC)	Intron;Intron;Intron	0.4479252041293425
4208	EHMT2	H1027H;L1028L	Silent;Silent	-0.558177936
4209	EHMT2	H1027Y;L1028L	Missense;Silent	-0.697029809
4210	EHMT2	T1026T;H1027Y;L1028L	Silent;Missense;Silent	0.040305873
4211	EHMT2	T1026I;H1027Y	Missense;Missense	-0.32702735
4212	EHMT2	R1023R;N1024N	Silent;Silent	0.4218148789605678
4213	EHMT2	R1023H	Missense	-0.115292797
4214	EHMT2	R1023H	Missense	-0.635335731
4215	EHMT2		No Mutation	-0.25205438
4216	EHMT2	K1008K	Silent	0.3857886709181072
4217	EHMT2	K1008K	Silent	0.931999031879852
4218	EHMT2		No Mutation	0.3388739092573214
4219	EHMT2		No Mutation	-0.147201728
4220	EHMT2	V998V;D999N	Silent;Missense	-0.537403971
4221	EHMT2	V998I;D999N	Missense;Missense	-0.539616942
4222	EHMT2	V995V	Silent	0.5770825513179467
4223	EHMT2	V995V	Silent	-0.100049435
4224	EHMT2		No Mutation	-0.071235697
4225	EHMT2	G997N	Missense	-0.117120152
4226	EHMT2	G997N	Missense	-0.586129025
4227	EHMT2	P993F	Missense	-0.752155609
4228	EHMT2	P991F	Missense	-0.831790049
4229	EHMT2	(NC)	Intron	-0.269080091
4230	EHMT2	(NC);(NC)	Intron;Intron	-0.195778851
4231	EHMT2	(NC);(NC)	Intron;Intron	0.072284273
4232	EHMT2	V983I	Missense	0.5384851363844899
4233	EHMT2	D982N;V983M	Missense;Missense	-0.18165913
4234	EHMT2	(NC);(NC)	Intron;Intron	0.2088005339352996
4235	EHMT2	(NC)	Intron	-0.326146163
4236	EHMT2	(NC)	Intron	-0.312699809
4237	EHMT2	(NC)	Intron	0.3249535772220696
4238	EHMT2	(NC);(NC)	Intron;Intron	0.1133901414599589
4239	EHMT2	(NC)	Intron	-0.076682162
4240	EHMT2		No Mutation	0.4854229090746209
4241	EHMT2	I979I	Silent	-0.37031712
4242	EHMT2	I978I;I979I	Silent;Silent	0.5509028427625697
4243	EHMT2		No Mutation	0.166135229988496
4244	EHMT2	T975I	Missense	0.2663727119029124
4245	EHMT2	K977K	Silent	-0.287083512
4246	EHMT2		No Mutation	-0.113748588
4247	EHMT2	L966F	Missense	-0.860633896
4248	EHMT2	L966F	Missense	0.00616049
4249	EHMT2	G967K;V968M	Missense;Missense	0.4360529454264691
4250	EHMT2	L964F	Missense	-0.068685791
4251	EHMT2	R962R;L964F	Silent;Missense	-0.181214158
4252	EHMT2	N961N;R962C	Silent;Missense	-0.098064755
4253	EHMT2	N961N;R962C	Silent;Missense	0.263739317
4254	EHMT2	N961N;R962C	Silent;Missense	-0.107919571
4255	EHMT2	A957A	Silent	0.7337250062476623
4256	EHMT2	V954V;W955*	Silent;Nonsense	-0.316474537
4257	EHMT2	V954I;W955*	Missense;Nonsense	-0.258597678
4258	EHMT2	P949L	Missense	-0.458090931
4259	EHMT2	D953N	Missense	0.1296630295095882
4260	EHMT2		No Mutation	0.6101899712551137
4261	EHMT2		No Mutation	-0.119214862
4262	EHMT2	E940K	Missense	-0.377791664
4263	EHMT2	L936L;R937W	Silent;Missense	0.4803059214650108
4264	EHMT2	E940K	Missense	-0.456876672
4265	EHMT2	L936L	Silent	0.035039836037797
4266	EHMT2	L936L	Silent	0.3263583704709645
4267	EHMT2	L936L	Silent	-0.20442578
4268	EHMT2	R937Q	Missense	0.0456728336099619
4269	EHMT2	A932V	Missense	-0.677948414
4270	EHMT2		No Mutation	0.439413928315932
4271	EHMT2		No Mutation	-0.284454975
4272	EHMT2		No Mutation	-0.292271385
4273	EHMT2		No Mutation	0.080924369
4274	EHMT2	L928L	Silent	0.038990898
4275	EHMT2	L928L	Silent	0.388988216
4276	EHMT2		No Mutation	-0.2381222
4277	EHMT2	(NC);L925L	Splice-acceptor;Silent	1.012591589483059
4278	EHMT2	(NC);(NC);(NC)	Intron;Intron;Intron	-0.646179235
4279	EHMT2	(NC);(NC);(NC)	Splice-donor;Intron;Intron	-0.972120821
4280	EHMT2	R917Q	Missense	-0.259988297
4281	EHMT2	A916T;R917Q	Missense;Missense	0.979988416060376
4282	EHMT2	A916T	Missense	-0.122360442
4283	EHMT2	A916T	Missense	-0.342527086
4284	EHMT2	P911P;L912L;H913Y	Silent;Silent;Missense	-0.384577891
4285	EHMT2	P911L;L912L	Missense;Silent	0.032973360895192
4286	EHMT2	L912L	Silent	0.700383162
4287	EHMT2	G908R	Missense	0.1471646631925589
4288	EHMT2	A903V	Missense	-0.155803535
4289	EHMT2		No Mutation	-0.911678183
4290	EHMT2	A903V	Missense	-0.272339355
4291	EHMT2	H902Y;A903V	Missense;Missense	-0.005634663
4292	EHMT2	C899Y;D900N	Missense;Missense	1.4469136214293947
4293	EHMT2	A897T	Missense	0.652872815
4294	EHMT2	L895L	Silent	-1.146318054
4295	EHMT2		No Mutation	-0.309383552
4296	EHMT2	A889T	Missense	-0.068784659
4297	EHMT2	S887N;A888T	Missense;Missense	-0.279599118
4298	EHMT2		No Mutation	0.5651096551072705
4299	EHMT2	H880Y	Missense	0.3266555532388497
4300	EHMT2	H880Y	Missense	-1.029794493
4301	EHMT2	N876N	Silent	0.2335898387535888
4302	EHMT2	N876N	Silent	0.1981648925913293
4303	EHMT2	C878Y	Missense	-0.910475457
4304	EHMT2		No Mutation	0.4202218005734017
4305	EHMT2	E874E;E875K	Silent;Missense	-0.187668489
4306	EHMT2	(NC);E874K	Splice-acceptor;Missense	-0.089210467
4307	EHMT2	(NC);E874K	Splice-acceptor;Missense	0.1883878408115603
4308	EHMT2	(NC);(NC);(NC);(NC)	Intron;Intron;Intron;Intron	-0.361154707
4309	EHMT2	(NC);(NC);(NC);(NC)	Intron;Intron;Intron;Intron	0.087513946
4310	EHMT2	(NC)	Intron	0.6650119402409378
4311	EHMT2		No Mutation	-0.44038191
4312	EHMT2	D872D;N873N	Silent;Silent	0.6462277552376966
4313	EHMT2	(NC);(NC);(NC)	Intron;Intron;Intron	-1.033836075
4314	EHMT2	(NC);(NC)	Intron;Intron	0.7969424538717345
4315	EHMT2	D872N	Missense	2.4899285898978625
4316	EHMT2	T863T;R864Q;G865S	Silent;Missense;Missense	-0.535540959
4317	EHMT2	R859C	Missense	-0.026161012
4318	EHMT2	I858I;R859C	Silent;Missense	0.6093313599102983
4319	EHMT2	I858I;R859C	Silent;Missense	-0.443675383
4320	EHMT2	H852Y	Missense	0.035832359
4321	EHMT2	E851K	Missense	0.081204289
4322	EHMT2	A850T;E851K	Missense;Missense	-0.090464546
4323	EHMT2		No Mutation	0.3079632357662351
4324	EHMT2		No Mutation	-0.764604958
4325	EHMT2	G842K;W843*	Missense;Nonsense	-0.623181411
4326	EHMT2	G841G;G842K	Silent;Missense	-0.641569759
4327	EHMT2	G841K;G842R	Missense;Missense	0.836938756
4328	EHMT2	(NC);(NC)	Intron;Intron	0.092542516
4329	EHMT2	S840N;G841K	Missense;Missense	0.1583415839270579
4330	EHMT2	(NC);(NC);(NC)	Intron;Intron;Intron	-0.087943462
4331	EHMT2	(NC);(NC);(NC);(NC)	Intron;Intron;Intron;Intron	-0.234185877
4332	EHMT2	D839N;S840N	Missense;Missense	-0.624021516
4333	EHMT2	(NC);(NC);(NC);(NC)	Intron;Intron;Intron;Intron	-0.167751549
4334	EHMT2	(NC);D839N	Splice-acceptor;Missense	-0.292451183
4335	EHMT2	(NC);(NC);(NC);(NC)	Intron;Intron;Intron;Intron	-1.195709637
4336	EHMT2	(NC);(NC);(NC)	Intron;Intron;Intron	0.6572368357536451
4337	EHMT2		No Mutation	-0.176963275
4338	EHMT2		No Mutation	0.4586112281552176
4339	EHMT2	(NC);(NC);(NC)	Intron;Intron;Intron	-0.533531758
4340	EHMT2		No Mutation	-0.5266086
4341	EHMT2		No Mutation	-0.356107485
4342	EHMT2	V835V	Silent	-0.124589958
4343	EHMT2		No Mutation	-0.698434456
4344	EHMT2	L828L	Silent	-0.437613589
4345	EHMT2	G831K	Missense	0.3820574899585611
4346	EHMT2	L827L;L828L	Silent;Silent	-0.227376805
4347	EHMT2	S825S;L826L	Silent;Silent	-0.503298921
4348	EHMT2	L821L;E822K	Silent;Missense	0.3743037469859138
4349	EHMT2	I818I	Silent	-0.591199632
4350	EHMT2	A816V	Missense	-0.720333143
4351	EHMT2	H813H;H814Y	Silent;Missense	0.3831610956878639
4352	EHMT2	H813Y;H814Y	Missense;Missense	-0.009016578
4353	EHMT2	A816T	Missense	0.1801435572278376
4354	EHMT2	A815T	Missense	-0.222614806
4355	EHMT2	G808N	Missense	-0.416707248
4356	EHMT2	G808N	Missense	0.2107486578771779
4357	EHMT2	(NC);(NC);(NC);(NC)	Intron;Intron;Intron;Intron	0.2699324774001942
4358	EHMT2	E805K;E806K	Missense;Missense	-0.187911379
4359	EHMT2	(NC);E805K;E806K	Splice-acceptor;Missense;Missense	0.7655572383539659
4360	EHMT2	(NC)	Intron	-0.349064599
4361	EHMT2	(NC);(NC);(NC)	Intron;Intron;Intron	-0.507335529
4362	EHMT2	(NC);(NC)	Intron;Intron	0.8634583710163808
4363	EHMT2	(NC);(NC)	Intron;Intron	-0.407378625
4364	EHMT2	(NC)	Intron	-0.291166366
4365	EHMT2		No Mutation	-0.583133884
4366	EHMT2	S803S	Silent	0.3855708659153662
4367	EHMT2	G799G	Silent	0.1194881394657587
4368	EHMT2	Q796Q;R797H;G798S	Silent;Missense;Missense	-0.091664908
4369	EHMT2	Q796Q;R797H	Silent;Missense	0.9457891958254778
4370	EHMT2	Y793Y	Silent	-0.179615896
4371	EHMT2	R792C	Missense	0.8035339663429837
4372	EHMT2		No Mutation	0.7508747773089774
4373	EHMT2		No Mutation	-0.151874887
4374	EHMT2	R792H	Missense	0.4104178163854152
4375	EHMT2	L788L	Silent	-0.234335794
4376	EHMT2		No Mutation	-0.06113466
4377	EHMT2	A782A	Silent	-0.116715976
4378	EHMT2	V783I;V784M	Missense;Missense	-0.158092943
4379	EHMT2	P778L;L779L	Missense;Silent	0.036766353
4380	EHMT2	R776W	Missense	-0.610605606
4381	EHMT2	Q775*;R776W	Nonsense;Missense	-0.094917172
4382	EHMT2	A770V	Missense	-0.780636201
4383	EHMT2	V771V;D772N	Silent;Missense	0.4157599779341831
4384	EHMT2	A766V	Missense	0.4942572905738657
4385	EHMT2		No Mutation	0.5883974000171728
4386	EHMT2	A766T	Missense	-0.650609843
4387	EHMT2	A766T	Missense	-0.720469593
4388	EHMT2	G765E;A766T	Missense;Missense	-0.095786433
4389	EHMT2	A764T;G765K	Missense;Missense	0.072619735
4390	EHMT2	(NC);A764T	Splice-acceptor;Missense	1.2461229767889626
4391	EHMT2	(NC);A764T	Splice-acceptor;Missense	-0.599615517
4392	EHMT2	(NC);(NC);(NC)	Intron;Intron;Intron	0.689616407
4393	EHMT2		No Mutation	-0.210662567
4394	EHMT2	(NC);(NC);(NC);(NC)	Intron;Intron;Intron;Intron	-0.156710745
4395	EHMT2	Q763*	Nonsense	0.1128745581386813
4396	EHMT2	L761L;L762L	Silent;Silent	0.1140897933202799
4397	EHMT2	L761L;L762L	Silent;Silent	0.9279005266150492
4398	EHMT2	Q763Q;(NC)	Silent;Splice-donor	-0.203895725
4399	EHMT2	I757I;C758C;H759Y	Silent;Silent;Missense	1.138645692606764
4400	EHMT2	V760I	Missense	0.5063242148581879
4401	EHMT2	V755V;E756K	Silent;Missense	0.6211950861287081
4402	EHMT2	V755V;E756K	Silent;Missense	3.092868404219947
4403	EHMT2	V755I	Missense	-0.002751911
4404	EHMT2	A749A;A750V;Q751*	Silent;Missense;Nonsense	0.2620003560992117
4405	EHMT2	Q751Q	Silent	-0.089412811
4406	EHMT2	Q751Q	Silent	0.295794683
4407	EHMT2	H747Y;A748V	Missense;Missense	-0.407493493
4408	EHMT2	A750T	Missense	0.1209213341171222
4409	EHMT2	H747Y	Missense	0.1217527408879113
4410	EHMT2	T744T	Silent	0.493476423442002
4411	EHMT2	Q740Q;S741N	Silent;Missense	-0.492987174
4412	EHMT2	Q739Q	Silent	-0.076222944
4413	EHMT2	D738N	Missense	0.108323046
4414	EHMT2	D738N	Missense	0.6987320405490781
4415	EHMT2	Q736Q	Silent	-0.702791881
4416	EHMT2	L731L;D732N	Silent;Missense	-0.258480233
4417	EHMT2	L731L;D732N	Silent;Missense	-0.311471225
4418	EHMT2	L731L;D732N	Silent;Missense	0.1408874408460902
4419	EHMT2	(NC)	Intron	-0.028571641
4420	EHMT2		No Mutation	-0.814422994
4421	EHMT2		No Mutation	0.3978202167293529
4422	EHMT2	(NC);(NC)	Intron;Intron	0.113818058403828
4423	EHMT2	Q717*	Nonsense	-0.123878435
4424	EHMT2	E719E;L720L	Silent;Silent	-0.31613667
4425	EHMT2	Q717Q;G718N;E719K	Silent;Missense;Missense	-0.411112997
4426	EHMT2	Y712Y;L713L	Silent;Silent	-0.385731797
4427	EHMT2	Y712Y;L713L	Silent;Silent	0.1340325971654388
4428	EHMT2	L713L	Silent	-0.372354354
4429	EHMT2	L713L	Silent	0.2484196667898073
4430	EHMT2	L711L	Silent	-0.318685602
4431	EHMT2	R709R;Q710Q	Silent;Silent	-0.306870201
4432	EHMT2	L704F	Missense	0.5986117603911156
4433	EHMT2	K702K;K703K	Silent;Silent	0.2946605468263525
4434	EHMT2	K702K;K703K	Silent;Silent	-0.18402938
4435	EHMT2	(NC);R700R;R701Q	Splice-acceptor;Silent;Missense	0.913398881387904
4436	EHMT2	(NC);R700R	Splice-acceptor;Silent	-0.41629122
4437	EHMT2	(NC);(NC)	Intron;Intron	-0.065878651
4438	EHMT2	(NC);(NC)	Intron;Intron	-0.791894172
4439	EHMT2	(NC)	Intron	0.6078380802497465
4440	EHMT2	(NC);(NC);(NC)	Intron;Intron;Intron	0.1608193250816166
4441	EHMT2		No Mutation	-0.262910184
4442	EHMT2		No Mutation	-0.125276717
4443	EHMT2	(NC);(NC);(NC)	Splice-donor;Intron;Intron	-0.19358055
4444	EHMT2	S698L	Missense	1.288496057280735
4445	EHMT2	S698L	Missense	0.1612817523187785
4446	EHMT2		No Mutation	-0.863254503
4447	EHMT2	V694V;I695I	Silent;Silent	-0.207836804
4448	EHMT2	E697E	Silent	0.2078526737969984
4449	EHMT2		No Mutation	0.2336734231614303
4450	EHMT2	A688V;L689L	Missense;Silent	1.090086792599795
4451	EHMT2	G685G;R686W	Silent;Missense	-0.78248577
4452	EHMT2	P684L	Missense	0.1860264155712437
4453	EHMT2	R686Q;E687K	Missense;Missense	-0.357946277
4454	EHMT2	L682L	Silent	0.4991170534984571
4455	EHMT2	P681L;L682L	Missense;Silent	0.891271056
4456	EHMT2	P681L	Missense	1.7562336185790013
4457	EHMT2	L682L;G683K	Silent;Missense	0.1890575165505623
4458	EHMT2	L680L	Silent	0.2344592800039661
4459	EHMT2	A677V	Missense	0.5904767205240921
4460	EHMT2	A677V	Missense	1.034919916142822
4461	EHMT2	A677V	Missense	-0.308356793
4462	EHMT2	G679G;L680L	Silent;Silent	0.5223648171631061
4463	EHMT2	G673G;C674C	Silent;Silent	-0.297520081
4464	EHMT2	G673G	Silent	0.2679283093138469
4465	EHMT2	G673G	Silent	1.9854110650497607
4466	EHMT2		No Mutation	-0.900755017
4467	EHMT2		No Mutation	0.5114618278566933
4468	EHMT2	C674Y	Missense	-0.140692787
4469	EHMT2	G673D;C674Y	Missense;Missense	0.055319433
4470	EHMT2	G672K;G673S	Missense;Missense	0.1946823982643856
4471	EHMT2	G672K	Missense	-0.977694612
4472	EHMT2		No Mutation	-0.596594691
4473	EHMT2	L667L;T668I	Silent;Missense	-0.598751269
4474	EHMT2		No Mutation	0.4577977932237774
4475	EHMT2	S666S;L667L	Silent;Silent	0.1811907834466682
4476	EHMT2	S666F;L667L	Missense;Silent	-0.004007965
4477	EHMT2	S666F;L667L	Missense;Silent	0.9448082231498982
4478	EHMT2	G664E	Missense	-0.007174
4479	EHMT2	D658D;T659I	Silent;Missense	-0.357605558
4480	EHMT2	D658D;T659I	Silent;Missense	0.066421457
4481	EHMT2	D661N	Missense	-0.393825985
4482	EHMT2	D661N	Missense	-0.213825817
4483	EHMT2	D661N	Missense	-0.107293551
4484	EHMT2	D658N	Missense	-0.423604977
4485	EHMT2	A657T;D658N	Missense;Missense	-0.238255031
4486	EHMT2	L656L;A657T	Silent;Missense	-0.298778413
4487	EHMT2	L656L;A657T	Silent;Missense	-0.421316738
4488	EHMT2	R650R;P651L;P652S	Silent;Missense;Missense	-0.206478353
4489	EHMT2	D654N	Missense	-0.005746364
4490	EHMT2	C653Y;D654N	Missense;Missense	0.3670091669684073
4491	EHMT2	C653Y;D654N	Missense;Missense	-0.198386684
4492	EHMT2		No Mutation	-0.568158564
4493	EHMT2	G646K;E647K	Missense;Missense	-0.031194178
4494	EHMT2	G646K	Missense	-0.424684058
4495	EHMT2	A640A;R641W	Silent;Missense	-0.56524165
4496	EHMT2	A640V;R641W	Missense;Missense	0.466951738368614
4497	EHMT2	A640V;R641W	Missense;Missense	0.4961471806945934
4498	EHMT2	M642I;R643Q;G644R	Missense;Missense;Missense	-0.293769085
4499	EHMT2	(NC)	Intron	0.4567248325388428
4500	EHMT2	(NC);(NC)	Intron;Intron	-0.494167029
4501	EHMT2	R641Q	Missense	-0.568424702
4502	EHMT2	(NC);(NC);(NC)	Intron;Intron;Intron	-0.523643834
4503	EHMT2		No Mutation	1.2696380880982243
4504	EHMT2		No Mutation	-0.224855629
4505	EHMT2	T635I;S636F	Missense;Missense	0.5058435955233447
4506	EHMT2	A633V;D634D	Missense;Silent	0.2135630767076204
4507	EHMT2		No Mutation	0.238376368
4508	EHMT2		No Mutation	-0.532968793
4509	EHMT2		No Mutation	-0.659241841
4510	EHMT2	G631G;R632K;A633T	Silent;Missense;Missense	0.7413049961851197
4511	EHMT2	G631E;R632K	Missense;Missense	-0.530551419
4512	EHMT2	G631R	Missense	-0.682579604
4513	EHMT2		No Mutation	-0.257943576
4514	EHMT2	V629I	Missense	-0.242827274
4515	EHMT2	S626F	Missense	-0.378447228
4516	EHMT2	L625L;S626F	Silent;Missense	-0.10980756
4517	EHMT2	D628N;V629I	Missense;Missense	-0.866167637
4518	EHMT2	Q627Q;D628N;V629I	Silent;Missense;Missense	0.9854632215334662
4519	EHMT2	Q627Q;D628N	Silent;Missense	-0.446868079
4520	EHMT2	Q627Q;D628N	Silent;Missense	-0.406370209
4521	EHMT2	L625L	Silent	-0.269956894
4522	EHMT2	P622F;P623S	Missense;Missense	0.1946267062131333
4523	EHMT2	A621T	Missense	-0.407264694
4524	EHMT2	A619T	Missense	0.7062868087044272
4525	EHMT2	A618T;A619T	Missense;Missense	-0.513686705
4526	EHMT2	A618T;A619T	Missense;Missense	0.154768637
4527	EHMT2	A618T	Missense	0.2503687289818751
4528	EHMT2		No Mutation	-0.292741625
4529	EHMT2	D609D	Silent	0.2432532738689246
4530	EHMT2	V611V	Silent	0.2855427912299077
4531	EHMT2	V611V	Silent	0.0258172492833361
4532	EHMT2	V611I	Missense	-0.013603929
4533	EHMT2	G610G;V611I	Silent;Missense	0.5668256707860175
4534	EHMT2	G610K	Missense	0.045987011
4535	EHMT2	T604T;I605I;P606S	Silent;Silent;Missense	0.031025921
4536	EHMT2	T604I;I605I	Missense;Silent	-0.521726766
4537	EHMT2	T604I	Missense	0.3293048961476525
4538	EHMT2		No Mutation	-0.326787968
4539	EHMT2		No Mutation	-0.641986331
4540	EHMT2		No Mutation	0.056674415
4541	EHMT2	A597V	Missense	0.1878443816486543
4542	EHMT2	A597T	Missense	0.2834549444834241
4543	EHMT2	A597T	Missense	-0.414748283
4544	EHMT2	D596N;A597T	Missense;Missense	0.4122037334055304
4545	EHMT2	F589F;P591S	Silent;Missense	-0.533223777
4546	EHMT2	V588V;F589F	Silent;Silent	-0.015386345
4547	EHMT2	V588V;F589F	Silent;Silent	-0.436915951
4548	EHMT2	V588V	Silent	-0.197639996
4549	EHMT2	S582F;Q583*	Missense;Nonsense	-0.017946971
4550	EHMT2	L584L	Silent	0.3680556661599901
4551	EHMT2		No Mutation	-0.167744561
4552	EHMT2		No Mutation	0.2774738936546159
4553	EHMT2	V581V	Silent	-0.585546869
4554	EHMT2	C580Y;V581M	Missense;Missense	0.3313338510126998
4555	EHMT2	K578K;A579T	Silent;Missense	0.5222026021441515
4556	EHMT2	K578K;A579T	Silent;Missense	-0.19494126
4557	EHMT2	A573V;H574Y	Missense;Missense	0.3459910354370317
4558	EHMT2		No Mutation	0.2911277809059455
4559	EHMT2	A573T	Missense	0.150248311
4560	EHMT2	V572V;A573T	Silent;Missense	0.9323913702686109
4561	EHMT2	V572I;A573T	Missense;Missense	-0.295891079
4562	EHMT2	C566C;H567Y;P568S	Silent;Missense;Missense	0.5334172194821605
4563	EHMT2	D569N	Missense	0.4306584462825976
4564	EHMT2		No Mutation	-0.047292754
4565	EHMT2	L564L;E565K	Silent;Missense	-0.186670253
4566	EHMT2	L564L;E565K	Silent;Missense	0.1589921916411854
4567	EHMT2		No Mutation	-0.356741552
4568	EHMT2		No Mutation	-0.077988038
4569	EHMT2	(NC);(NC);(NC);(NC)	Intron;Intron;Intron;Intron	-0.335435952
4570	EHMT2	(NC)	Intron	-0.174549964
4571	EHMT2	(NC)	Intron	0.4350827788480393
4572	EHMT2	(NC)	Intron	-0.686140856
4573	EHMT2	(NC);(NC)	Intron;Intron	0.8487022673600165
4574	EHMT2	A560V	Missense	0.2720200604127668
4575	EHMT2	A560V	Missense	-0.31846057
4576	EHMT2	T559M;A560V	Missense;Missense	0.2747019869870929
4577	EHMT2	C554C;G555G	Silent;Silent	-0.028612456
4578	EHMT2	C558Y	Missense	0.539503479
4579	EHMT2	G553G;C554C	Silent;Silent	0.5524940019894695
4580	EHMT2		No Mutation	-0.443530574
4581	EHMT2	C554Y;G555S	Missense;Missense	0.1653258060471163
4582	EHMT2	H549Y	Missense	-0.326209213
4583	EHMT2	H548Y	Missense	0.4616591191342317
4584	EHMT2	V546V;H548Y	Silent;Missense	2.2019290301437637
4585	EHMT2		No Mutation	-0.329352929
4586	EHMT2		No Mutation	0.150938583473372
4587	EHMT2		No Mutation	-0.144241768
4588	EHMT2	M545I;V546I	Missense;Missense	0.4018744468564832
4589	EHMT2	M545I;V546I	Missense;Missense	0.1773742560044129
4590	EHMT2	T540I;H541Y	Missense;Missense	-0.829994058
4591	EHMT2	E539K	Missense	-0.319767322
4592	EHMT2	C538Y;E539K	Missense;Missense	-0.524414018
4593	EHMT2	M535I;V536I	Missense;Missense	-0.457669142
4594	EHMT2	L534L;M535I	Silent;Missense	0.3238634872700886
4595	EHMT2	A533T	Missense	0.0108937320325576
4596	EHMT2	S529S;S530S;R531C	Silent;Silent;Missense	3.032155914055864
4597	EHMT2	S530N;R531H	Missense;Missense	-0.075574653
4598	EHMT2	P528S	Missense	-0.299939275
4599	EHMT2	M526I	Missense	0.032462369
4600	EHMT2	L521L	Silent	0.1897393225319181
4601	EHMT2	E524E	Silent	-0.234100633
4602	EHMT2	R523Q;E524K	Missense;Missense	-0.013958151
4603	EHMT2	A518V	Missense	0.9573019576482158
4604	EHMT2	A518V	Missense	-0.209278699
4605	EHMT2	L513L	Silent	-0.545138919
4606	EHMT2	(NC);(NC)	Intron;Intron	0.1293527692374312
4607	EHMT2	(NC)	Splice-acceptor	0.5502941945427782
4608	EHMT2	(NC)	Splice-acceptor	-0.404106151
4609	EHMT2	(NC);(NC)	Intron;Intron	0.008160316
4610	EHMT2		No Mutation	-0.592000933
4611	EHMT2		No Mutation	-0.089878792
4612	EHMT2		No Mutation	0.4556347449398158
4613	EHMT2	D510D	Silent	0.7873895940175271
4614	EHMT2	D510D	Silent	-0.15614657
4615	EHMT2		No Mutation	-0.599969944
4616	EHMT2		No Mutation	0.9753396072092628
4617	EHMT2		No Mutation	-0.810891532
4618	EHMT2	G511K	Missense	-0.122385001
4619	EHMT2		No Mutation	0.1823576809237858
4620	EHMT2	A505V;T506I	Missense;Missense	0.567401121
4621	EHMT2	C503C	Silent	-0.428455021
4622	EHMT2	A499V	Missense	-0.324870169
4623	EHMT2	R498R;A499T;G500R	Silent;Missense;Missense	-0.210689084
4624	EHMT2	R494R;I495I	Silent;Silent	1.0263707874866022
4625	EHMT2	R494C	Missense	-0.025896458
4626	EHMT2	D493D;R494C	Silent;Missense	0.3789935463616132
4627	EHMT2	D493D;R494C	Silent;Missense	0.6181709363547923
4628	EHMT2	D493D	Silent	0.6840806302006859
4629	EHMT2	S496N	Missense	0.1456793489905683
4630	EHMT2	S496N	Missense	-0.421755655
4631	EHMT2	K491K	Silent	-0.392764253
4632	EHMT2	M487I;E488K	Missense;Missense	2.610410047142531
4633	EHMT2	R486H;M487I	Missense;Missense	0.090881289
4634	EHMT2	R486H	Missense	0.800338827
4635	EHMT2	C483C	Silent	-0.325946752
4636	EHMT2	P481P;L482L	Silent;Silent	0.2971897811317121
4637	EHMT2	T473I	Missense	-0.422731733
4638	EHMT2	S470L;L471L	Missense;Silent	0.6214121400453043
4639	EHMT2	S470L;L471L	Missense;Silent	-0.552693921
4640	EHMT2	S470S;L471L	Silent;Silent	1.4118838376870737
4641	EHMT2	S465S	Silent	-0.043008259
4642	EHMT2	D467N	Missense	-0.420222371
4643	EHMT2		No Mutation	0.3986640939567136
4644	EHMT2	V464V	Silent	-0.800091846
4645	EHMT2	(NC)	Splice-acceptor	-0.063855079
4646	EHMT2	(NC);(NC)	Intron;Intron	0.041706186
4647	EHMT2	(NC);(NC)	Intron;Intron	0.095002381
4648	EHMT2		No Mutation	0.1030082749336585
4649	EHMT2		No Mutation	-0.067547091
4650	EHMT2		No Mutation	0.3209875012376184
4651	EHMT2	(NC)	Intron	0.4885262995651863
4652	EHMT2	(NC)	Intron	-0.252857809
4653	EHMT2		No Mutation	0.043323853988793
4654	EHMT2	(NC)	Splice-donor	0.04271399
4655	EHMT2	A462T;G463R	Missense;Missense	-0.032289199
4656	EHMT2	A462T	Missense	0.196540657554439
4657	EHMT2	L457F;S458F	Missense;Missense	1.347876153710646
4658	EHMT2		No Mutation	0.1365535257576543
4659	EHMT2		No Mutation	-0.067694288
4660	EHMT2	E454K;G455R	Missense;Missense	0.7399250259967308
4661	EHMT2	S453N;E454K	Missense;Missense	-0.982242541
4662	EHMT2		No Mutation	0.097920324
4663	EHMT2	L449L	Silent	0.7167356131465193
4664	EHMT2	S448S;L449L	Silent;Silent	0.7921540283593445
4665	EHMT2	E450K	Missense	0.3931066181792039
4666	EHMT2	L449L;E450K	Silent;Missense	0.0131397988514184
4667	EHMT2	V444V;P445S	Silent;Missense	-0.229540445
4668	EHMT2	Y441Y	Silent	-0.567579829
4669	EHMT2	Y441Y	Silent	-0.458720266
4670	EHMT2	Y441Y	Silent	-0.240230053
4671	EHMT2	E443E;V444I	Silent;Missense	-0.139640179
4672	EHMT2	E443K;V444I	Missense;Missense	-0.007855299
4673	EHMT2	M442I;E443K;V444I	Missense;Missense;Missense	0.038037648
4674	EHMT2	G437G;P438F	Silent;Missense	-0.688485969
4675	EHMT2	E440E	Silent	-0.255696967
4676	EHMT2	G437G;P438S	Silent;Missense	1.4789484412966498
4677	EHMT2		No Mutation	-0.103984109
4678	EHMT2	(NC)	Intron	0.5350387946886349
4679	EHMT2	(NC)	Intron	-0.686470064
4680	EHMT2	(NC)	Intron	0.081204107
4681	EHMT2	(NC);(NC);(NC)	Intron;Intron;Intron	-0.295548599
4682	EHMT2		No Mutation	0.069178208
4683	EHMT2	(NC)	Intron	-0.361415824
4684	EHMT2	(NC);(NC);(NC)	Splice-donor;Intron;Intron	0.3373316266799553
4685	EHMT2	P427S	Missense	-0.273045864
4686	EHMT2	A424A	Silent	0.1760642962727676
4687	EHMT2	R428Q	Missense	-1.007481525
4688	EHMT2	R423W;A424V	Missense;Missense	0.065532339
4689	EHMT2	E426K	Missense	0.2719375434493671
4690	EHMT2	P421S	Missense	-0.185881177
4691	EHMT2	R417R;R419W	Silent;Missense	0.9777096740355016
4692	EHMT2	R417R	Silent	-0.630824365
4693	EHMT2	R417H	Missense	0.4091226862621324
4694	EHMT2	R414W	Missense	2.3378530014606933
4695	EHMT2	P408L	Missense	0.2334812157660813
4696	EHMT2	R404*	Nonsense	-0.185851179
4697	EHMT2	R404*	Nonsense	-0.229939985
4698	EHMT2	K400K;K401K	Silent;Silent	0.2015432686519825
4699	EHMT2	R397R	Silent	-0.355167763
4700	EHMT2	K398K;A399T	Silent;Missense	-0.186537604
4701	EHMT2	S393F	Missense	0.3202691630303108
4702	EHMT2	G395N	Missense	-0.492566519
4703	EHMT2	S394N;G395N	Missense;Missense	0.4344390857300687
4704	EHMT2		No Mutation	-0.386675852
4705	EHMT2	S394N	Missense	-0.674458905
4706	EHMT2		No Mutation	-0.424947576
4707	EHMT2	G392D	Missense	-0.509941744
4708	EHMT2	(NC);(NC);(NC)	Intron;Intron;Intron	0.7796203259722565
4709	EHMT2	G392N	Missense	-0.651562033
4710	EHMT2	S391N;G392N	Missense;Missense	-1.106415554
4711	EHMT2	(NC);S391N	Splice-acceptor;Missense	-0.199189885
4712	EHMT2	(NC);(NC);(NC);(NC)	Intron;Intron;Intron;Intron	0.0559816962446867
4713	EHMT2		No Mutation	0.509956485
4714	EHMT2	S388L	Missense	-0.320110376
4715	EHMT2		No Mutation	-0.02100138
4716	EHMT2	S384L	Missense	1.7777461152142582
4717	EHMT2		No Mutation	-0.145082147
4718	EHMT2		No Mutation	0.9978498933366282
4719	EHMT2		No Mutation	-0.208422694
4720	EHMT2		No Mutation	0.3319203804818205
4721	EHMT2		No Mutation	-0.885051871
4722	EHMT2		No Mutation	-0.349805877
4723	EHMT2		No Mutation	-0.732168048
4724	EHMT2		No Mutation	1.162953931468764
4725	EHMT2		No Mutation	-1.658574061
4726	EHMT2		No Mutation	2.687474370537642
4727	EHMT2		No Mutation	-1.326401388
4728	EHMT2		No Mutation	0.6823799481066054
4729	EHMT2	L355L	Silent	-0.389222492
4730	EHMT2	Q354*;L355L	Nonsense;Silent	0.0312190239417216
4731	EHMT2	Q354*	Nonsense	-0.175417621
4732	EHMT2	A350T	Missense	0.7865017996991281
4733	EHMT2	A350T	Missense	0.003159254
4734	EHMT2	E347K;V348I	Missense;Missense	1.2282736556796705
4735	EHMT2	S344S	Silent	-0.201676442
4736	EHMT2	(NC);(NC)	Intron;Intron	-0.721847687
4737	EHMT2	R339R	Silent	0.4854817655997011
4738	EHMT2	E338E;R339H	Silent;Missense	-0.570684226
4739	EHMT2	Y334Y;S335F	Silent;Missense	0.1582978686696227
4740	EHMT2	Y330Y	Silent	0.6744361870921386
4741	EHMT2	S315S;L316L	Silent;Silent	0.1862656400461697
4742	EHMT2	E318E;W319*	Silent;Nonsense	-0.351337921
4743	EHMT2	E318K;W319*	Missense;Nonsense	0.5577346889431721
4744	EHMT2	E317E;E318K	Silent;Missense	0.2817846058936206
4745	EHMT2	P313P	Silent	0.087657358
4746	EHMT2	P313L	Missense	0.7921831547586579
4747	EHMT2	D312D;P313S	Silent;Missense	0.6248910350619233
4748	EHMT2		No Mutation	0.08476245
4749	EHMT2	G314R	Missense	0.1509788987531914
4750	EHMT2		No Mutation	-0.432872503
4751	EHMT2	T309M	Missense	0.090870949
4752	EHMT2	L308L;T309M	Silent;Missense	-0.264304123
4753	EHMT2		No Mutation	0.5493356171965774
4754	EHMT2		No Mutation	-0.203351791
4755	EHMT2		No Mutation	-0.255100776
4756	EHMT2	V306I	Missense	-0.007225858
4757	EHMT2	V306I	Missense	-0.172403109
4758	EHMT2	S299F	Missense	0.3933462733512625
4759	EHMT2		No Mutation	-0.389528389
4760	EHMT2		No Mutation	0.4250014630424424
4761	EHMT2	(NC);(NC)	Intron;Intron	0.4622693694174781
4762	EHMT2	G292G;L293L	Silent;Silent	0.1906216382023222
4763	EHMT2	N288N	Silent	0.1919154313218873
4764	EHMT2	L287L	Silent	-0.544675641
4765	EHMT2		No Mutation	-0.275537912
4766	EHMT2	L287L	Silent	-0.141462311
4767	EHMT2		No Mutation	1.0759007846107331
4768	EHMT2	(NC)	Intron	-0.733745895
4769	EHMT2	(NC);(NC)	Intron;Intron	0.089049926
4770	EHMT2		No Mutation	-0.911201009
4771	EHMT2		No Mutation	-0.196047622
4772	EHMT2	(NC);(NC);(NC)	Intron;Intron;Intron	-0.587841085
4773	EHMT2		No Mutation	0.030559
4774	EHMT2	L274L	Silent	-0.246764945
4775	EHMT2	K276K;V277I	Silent;Missense	-0.024339879
4776	EHMT2	V271V;H272Y	Silent;Missense	0.4843901100490524
4777	EHMT2		No Mutation	-0.274554132
4778	EHMT2		No Mutation	-0.162348508
4779	EHMT2	V271I	Missense	-0.63205496
4780	EHMT2	R266H	Missense	1.0292962481407388
4781	EHMT2		No Mutation	-0.4836257
4782	EHMT2		No Mutation	-0.284023732
4783	EHMT2		No Mutation	0.6528090713865986
4784	EHMT2	E261K	Missense	-1.129534088
4785	EHMT2	E261K	Missense	0.6133242156694351
4786	EHMT2	R258Q	Missense	1.1070992259784458
4787	EHMT2	K257K;R258Q	Silent;Missense	-0.497522952
4788	EHMT2	K257K;R258Q	Silent;Missense	0.3113427767214725
4789	EHMT2	K257K;R258Q	Silent;Missense	0.3102400248027278
4790	EHMT2	P252L;P253L	Missense;Missense	0.3227943729639265
4791	EHMT2	E256K	Missense	-0.351075168
4792	EHMT2		No Mutation	0.5066540816964504
4793	EHMT2	(NC)	Splice-acceptor	-0.781687621
4794	EHMT2	(NC);(NC)	Intron;Intron	0.5232265833488984
4795	EHMT2		No Mutation	-0.143374288
4796	EHMT2		No Mutation	0.2656234585391066
4797	EHMT2	Q251*	Nonsense	0.043506923
4798	EHMT2	Q251*	Nonsense	-1.109621007
4799	EHMT2	(NC);(NC);(NC)	Splice-donor;Intron;Intron	-0.154162391
4800	EHMT2		No Mutation	0.774409491
4801	EHMT2		No Mutation	0.4285624409835233
4802	EHMT2	G250E;Q251Q	Missense;Silent	-0.508261468
4803	EHMT2	S245S;P247S	Silent;Missense	0.1353434762140373
4804	EHMT2	G248E	Missense	0.0382148080668377
4805	EHMT2	S245F	Missense	0.4323924676946571
4806	EHMT2	T243I	Missense	0.547448096
4807	EHMT2	R241H	Missense	-0.047967507
4808	EHMT2	A240T;R241H	Missense;Missense	0.3986855817701504
4809	EHMT2	K236K;V237I	Silent;Missense	-0.047272651
4810	EHMT2	K236K;V237I	Silent;Missense	0.4910318958517378
4811	EHMT2	S230S;P231L	Silent;Missense	-0.272719113
4812	EHMT2	G233E;Q234Q	Missense;Silent	-0.449513759
4813	EHMT2	E232E;G233K	Silent;Missense	-0.155281181
4814	EHMT2	E232K	Missense	0.029337656
4815	EHMT2	A227V;T228I	Missense;Missense	-0.292883733
4816	EHMT2	S230N	Missense	-0.301563896
4817	EHMT2	A227V	Missense	0.3399978173914694
4818	EHMT2	T229T;S230N	Silent;Missense	0.8138119739092133
4819	EHMT2	T229T;S230N	Silent;Missense	-0.270703746
4820	EHMT2	T229T;S230N	Silent;Missense	0.5460435396604207
4821	EHMT2	A220T;G221R	Missense;Missense	-0.156615744
4822	EHMT2	A220T	Missense	0.472597865511134
4823	EHMT2		No Mutation	-1.150051204
4824	EHMT2	Q215*	Nonsense	-0.529017511
4825	EHMT2	A217T;A218T	Missense;Missense	-0.46755478
4826	EHMT2		No Mutation	-0.615620054
4827	EHMT2		No Mutation	-0.571412589
4828	EHMT2	L208L	Silent	0.068506974
4829	EHMT2	M206I;R207K	Missense;Missense	0.4990158821457467
4830	EHMT2	V201V;Q202*	Silent;Nonsense	0.045916182
4831	EHMT2	L204L;A205T	Silent;Missense	0.1497339239604243
4832	EHMT2	S203N	Missense	-0.156492221
4833	EHMT2	P199L	Missense	0.2454585080444694
4834	EHMT2	G193K	Missense	-0.635821359
4835	EHMT2	S190L	Missense	0.09531662
4836	EHMT2		No Mutation	-0.152720432
4837	EHMT2	A187A	Silent	0.2125308007643132
4838	EHMT2	M191I	Missense	0.8403876193932486
4839	EHMT2	A187V	Missense	0.4180956613547171
4840	EHMT2	A187V	Missense	-0.038544058
4841	EHMT2	M189I	Missense	0.3783338262520419
4842	EHMT2	K188K	Silent	0.7414173495812912
4843	EHMT2		No Mutation	0.415333086466189
4844	EHMT2		No Mutation	0.1936780826728801
4845	EHMT2	C183Y	Missense	0.184555113927023
4846	EHMT2	C183Y	Missense	0.9422556000158532
4847	EHMT2		No Mutation	0.5435883773578624
4848	EHMT2	G181D	Missense	0.1521065521530391
4849	EHMT2	K179K;G180K	Silent;Missense	-0.719408645
4850	EHMT2	K179K;G180K	Silent;Missense	-0.375271354
4851	EHMT2	K179K;G180R	Silent;Missense	-0.538684576
4852	EHMT2	S175F;S176F	Missense;Missense	-0.433926403
4853	EHMT2	P174P;S175F	Silent;Missense	-0.779425437
4854	EHMT2	P174L;S175F	Missense;Missense	-0.227888157
4855	EHMT2	P174F;S175F	Missense;Missense	-0.029658933
4856	EHMT2	F173F;P174F	Silent;Missense	-0.633581718
4857	EHMT2		No Mutation	-0.264415312
4858	EHMT2		No Mutation	0.043439348
4859	EHMT2	A169T	Missense	-0.067493651
4860	EHMT2		No Mutation	-0.443214506
4861	EHMT2	(NC)	Intron	-0.741032887
4862	EHMT2	(NC)	Intron	-0.793912067
4863	EHMT2		No Mutation	0.2154926430814261
4864	EHMT2		No Mutation	1.1927848175221416
4865	EHMT2		No Mutation	-0.546429132
4866	EHMT2	(NC);(NC);(NC)	Intron;Intron;Intron	-0.464848982
4867	EHMT2	L165L;L166L	Silent;Silent	-0.096769619
4868	EHMT2	I164I;L165L;L166L	Silent;Silent;Silent	0.6208732899649314
4869	EHMT2	(NC);(NC)	Intron;Intron	-0.630676613
4870	EHMT2	I164I	Silent	-0.1204776
4871	EHMT2	L165L	Silent	-0.889407107
4872	EHMT2		No Mutation	-0.065683497
4873	EHMT2		No Mutation	0.4060417006598865
4874	EHMT2	R163R	Silent	-0.227235351
4875	EHMT2	D158D	Silent	-0.708449059
4876	EHMT2		No Mutation	-0.297801759
4877	EHMT2		No Mutation	-0.027989746
4878	EHMT2		No Mutation	0.3566860008351088
4879	EHMT2		No Mutation	-0.250012868
4880	EHMT2	L153F	Missense	-0.038088858
4881	EHMT2		No Mutation	0.033149878
4882	EHMT2		No Mutation	-0.106524482
4883	EHMT2	S150F	Missense	0.964072276440776
4884	EHMT2		No Mutation	-0.933428456
4885	EHMT2	E149K	Missense	0.09761044
4886	EHMT2	A142V	Missense	0.3104945007694338
4887	EHMT2	A142V	Missense	-0.43964645
4888	EHMT2	A142V	Missense	0.2614793461560275
4889	EHMT2		No Mutation	-0.330449223
4890	EHMT2		No Mutation	-0.373849738
4891	EHMT2		No Mutation	-0.066331604
4892	EHMT2	A136V	Missense	0.1464848751724423
4893	EHMT2	A136V	Missense	-0.361888117
4894	EHMT2	A136V	Missense	0.81983006
4895	EHMT2	V129V;T130I	Silent;Missense	-0.093675001
4896	EHMT2	V129V;T130I	Silent;Missense	0.0268297228085256
4897	EHMT2	V129V;T130I	Silent;Missense	-0.270793829
4898	EHMT2	V129V	Silent	-0.516659744
4899	EHMT2	V131I	Missense	0.1399297057811093
4900	EHMT2	S126F	Missense	0.1149303088609812
4901	EHMT2	V129I	Missense	0.6115305557193323
4902	EHMT2	V127I	Missense	0.4320155641741576
4903	EHMT2	V127I	Missense	0.5061467794288763
4904	EHMT2	V127I	Missense	-0.129681064
4905	EHMT2		No Mutation	0.4571796450494607
4906	EHMT2		No Mutation	-0.28824515
4907	EHMT2	G120D	Missense	-0.760315218
4908	EHMT2	A119T	Missense	0.3667600285288592
4909	EHMT2	A119T	Missense	-1.011625917
4910	EHMT2	E117E;A119T	Silent;Missense	-0.723312876
4911	EHMT2	E117E	Silent	-0.212466071
4912	EHMT2	D114D;S115F	Silent;Missense	4.480490166945519
4913	EHMT2	L116L;E117K	Silent;Missense	2.0078063618904487
4914	EHMT2		No Mutation	0.6903636598245652
4915	EHMT2	D114N	Missense	-0.606284932
4916	EHMT2	A111V	Missense	-0.555879911
4917	EHMT2	D114N	Missense	0.4433177288782572
4918	EHMT2		No Mutation	-0.571333358
4919	EHMT2		No Mutation	-0.421585221
4920	EHMT2		No Mutation	-0.10282901
4921	EHMT2		No Mutation	0.1332241089862881
4922	EHMT2		No Mutation	-0.081743245
4923	EHMT2	H95Y	Missense	0.7704891100423317
4924	EHMT2	(NC)	Intron	-0.216133854
4925	EHMT2	G96D	Missense	-0.504721621
4926	EHMT2	(NC)	Intron	0.4721912839597404
4927	EHMT2	(NC)	Intron	-0.06318124
4928	EHMT2	(NC);(NC)	Intron;Intron	-0.325671093
4929	EHMT2		No Mutation	4.396444112849371
4930	EHMT2		No Mutation	-0.003996806
4931	EHMT2	(NC);(NC)	Intron;Intron	0.9591278982343894
4932	EHMT2	(NC);(NC)	Intron;Intron	-0.581960809
4933	EHMT2	E92E;R93K	Silent;Missense	-0.153180155
4934	EHMT2		No Mutation	0.3652993237918206
4935	EHMT2	L83L	Silent	0.5511239953426752
4936	EHMT2	A80V;L81L	Missense;Silent	1.0765847480753084
4937	EHMT2		No Mutation	0.6452337696622911
4938	EHMT2	A80A;L81L	Silent;Silent	0.5486103038220068
4939	EHMT2	A80T	Missense	0.5342556466435651
4940	EHMT2	G79G;A80T	Silent;Missense	-0.540642041
4941	EHMT2	G79E;A80T	Missense;Missense	-0.847282508
4942	EHMT2	A74V;P75S	Missense;Missense	-0.502401186
4943	EHMT2	A74V	Missense	-0.179087838
4944	EHMT2	A74V	Missense	0.017027643
4945	EHMT2		No Mutation	0.1047456439217521
4946	EHMT2	A76T	Missense	-0.122273226
4947	EHMT2		No Mutation	-0.201741926
4948	EHMT2	A74T	Missense	-0.249976541
4949	EHMT2	E73E;A74T	Silent;Missense	-0.43439175
4950	EHMT2	Q71Q;G72K	Silent;Missense	0.7149678522909722
4951	EHMT2	L68F;P69S	Missense;Missense	0.1311406172611187
4952	EHMT2	Q71Q;G72R	Silent;Missense	1.0738252703799551
4953	EHMT2	L68F	Missense	-0.2808024
4954	EHMT2	P66L	Missense	-0.30945032
4955	EHMT2	P66F	Missense	-0.412704848
4956	EHMT2		No Mutation	0.3884442836603985
4957	EHMT2	V65V;P66F	Silent;Missense	-0.269393514
4958	EHMT2		No Mutation	0.323802094
4959	EHMT2		No Mutation	0.219275578596935
4960	EHMT2	C67Y	Missense	1.1406515572583733
4961	EHMT2	G59G;L60L	Silent;Silent	-0.807404807
4962	EHMT2	G59E;L60L	Missense;Silent	-0.028062538
4963	EHMT2	G59K	Missense	0.5350744555074806
4964	EHMT2	G59K	Missense	0.3825509491960013
4965	EHMT2	G59K	Missense	-0.438852416
4966	EHMT2	T53I;P54F	Missense;Missense	-0.066215209
4967	EHMT2		No Mutation	-0.116610289
4968	EHMT2	T53I;P54F	Missense;Missense	0.4043685668618216
4969	EHMT2		No Mutation	0.5176611121856844
4970	EHMT2		No Mutation	0.9259688238024408
4971	EHMT2	W52*	Nonsense	0.069649106
4972	EHMT2	W52*	Nonsense	-0.358240414
4973	EHMT2	P46L	Missense	0.8335218411219729
4974	EHMT2	L43L;S44F;L45F	Silent;Missense;Missense	-1.101170735
4975	EHMT2	R47K;A48T	Missense;Missense	0.0358740844889495
4976	EHMT2	S41S;L42L;L43F	Silent;Silent;Missense	0.6944548035693536
4977	EHMT2		No Mutation	-0.003716643
4978	EHMT2	S41S;L42L	Silent;Silent	-0.242270512
4979	EHMT2		No Mutation	-0.126414772
4980	EHMT2		No Mutation	0.6383717776629965
4981	EHMT2	R38K	Missense	0.0105619034290738
4982	EHMT2		No Mutation	0.6343380250393694
4983	EHMT2	G37D;R38K	Missense;Missense	-0.87226866
4984	EHMT2	G37N;R38K	Missense;Missense	0.5748444302431452
4985	EHMT2	P32L;H33Y	Missense;Missense	-0.486505716
4986	EHMT2	P32F	Missense	0.5732321880455884
4987	EHMT2		No Mutation	-0.268503639
4988	EHMT2	G31G	Silent	0.076830409
4989	EHMT2	R29R;G30K;G31R	Silent;Missense;Missense	0.9110805901253262
4990	EHMT2	G26G	Silent	0.2019402621722835
4991	EHMT2	R25*	Nonsense	0.235887547
4992	EHMT2	S24S;R25*	Silent;Nonsense	0.6171041493985812
4993	EHMT2	S24S;R25*	Silent;Nonsense	-0.021443115
4994	EHMT2	S24S;R25*	Silent;Nonsense	-0.397568925
4995	EHMT2	R27H;G28K	Missense;Missense	0.085463345
4996	EHMT2	G23G;S24S;R25*	Silent;Silent;Nonsense	-0.916203618
4997	EHMT2	G23G;S24S	Silent;Silent	-0.234467898
4998	EHMT2	G26N;R27H	Missense;Missense	-0.462857999
4999	EHMT2	G26N	Missense	0.005564609
5000	EHMT2	R25Q;G26N	Missense;Missense	-0.180248717
5001	EHMT2	P22L	Missense	-0.409313311
5002	EHMT2	A20V;P21F	Missense;Missense	0.60379049
5003	EHMT2	R18C	Missense	0.5720665350273996
5004	EHMT2	R18C	Missense	0.2370816436889239
5005	EHMT2	A19T;A20T	Missense;Missense	1.123125354589066
5006	EHMT2	R18H;A19T	Missense;Missense	-0.356989581
5007	EHMT2	A13A;R14W	Silent;Missense	-0.402777988
5008	EHMT2	R12W	Missense	-0.7209856
5009	EHMT2	R12W	Missense	-0.314789506
5010	EHMT2		No Mutation	0.148946664
5011	EHMT2		No Mutation	-0.373719322
5012	EHMT2		No Mutation	1.036558465539959
5013	EHMT2		No Mutation	-0.072107398
5014	EHMT2		No Mutation	-0.279147507
5015	EHMT2	L10L	Silent	0.1767973650056284
5016	EHMT2		No Mutation	0.2692625318796744
5017	EHMT2		No Mutation	-0.826503238
5018	EHMT2	L4L	Silent	-0.06871023
5019	EHMT2	L4L	Silent	-0.521561796
5020	EHMT2	L4L	Silent	0.1194473135514447
5021	EHMT2		No Mutation	-0.066049096
5022	EHMT2	R2W	Missense	-0.175989616
5023	EHMT2	R2W	Missense	-0.568025667
5024	EHMT2		No Mutation	-0.5312921
5025	EHMT2		No Mutation	0.5955645616916807
5026	EHMT2	G3D	Missense	0.3210633224268832
5027	EHMT2	(NC);(NC)	Flank;Flank	0.2292634303248035
5028	EHMT2	(NC);(NC)	Flank;Flank	-0.229356758
5029	EHMT2	(NC)	Flank	-0.350071263
5030	EHMT2	(NC)	Flank	-0.209770997
5031	EHMT2	(NC);(NC)	Flank;Flank	0.2113017801355168
5032	EHMT2	(NC);(NC)	Flank;Flank	-1.263922945
5033	SUV39H1	(NC)	UTR	0.3976147156085716
5034	SUV39H1	(NC)	UTR	0.300293983
5035	SUV39H1	(NC);(NC)	UTR;UTR	0.2745186486522633
5036	SUV39H1	(NC)	UTR	-0.376955562
5037	SUV39H1	S5N;R6H	Missense;Missense	0.3190596670497183
5038	SUV39H1	R6R;L7L	Silent;Silent	1.149025633194907
5039	SUV39H1	L12L;A13T	Silent;Missense	-0.323681418
5040	SUV39H1	L12L;A13V	Silent;Missense	0.4252900670273721
5041	SUV39H1	A13V	Missense	-0.189836114
5042	SUV39H1	D14D;P15L;L16L	Silent;Missense;Silent	-0.119444648
5043	SUV39H1	L16L	Silent	0.098049409
5044	SUV39H1	(NC);(NC);(NC)	Intron;Intron;Intron	-0.076191258
5045	SUV39H1	(NC);(NC);(NC)	Intron;Intron;Intron	0.1643712627537095
5046	SUV39H1	(NC);(NC)	Intron;Intron	-0.463785266
5047	SUV39H1	G18D;C19Y	Missense;Missense	0.2857317229895606
5048	SUV39H1	C19Y	Missense	0.4344741528973594
5049	SUV39H1	C19Y;S20N	Missense;Missense	-0.246380718
5050	SUV39H1	C22Y;C23Y	Missense;Missense	-0.04593581
5051	SUV39H1		No Mutation	1.1256908221209263
5052	SUV39H1	S26F	Missense	0.249252925065617
5053	SUV39H1	Q31*	Nonsense	-0.306757578
5054	SUV39H1	K38K	Silent	0.7523186382905835
5055	SUV39H1		No Mutation	0.1736149182661347
5056	SUV39H1	C41Y	Missense	0.2746488922051142
5057	SUV39H1	L39F;S40F	Missense;Missense	-0.120279282
5058	SUV39H1	A43T	Missense	-0.31028176
5059	SUV39H1	G45D	Missense	-0.26852503
5060	SUV39H1	A43V;L44F	Missense;Missense	1.156346422
5061	SUV39H1		No Mutation	0.1410961011832852
5062	SUV39H1		No Mutation	-0.474631699
5063	SUV39H1	K48K;R49K	Silent;Missense	0.1257671321416933
5064	SUV39H1	K48K;R49K	Silent;Missense	2.3212039124188024
5065	SUV39H1	V56I;E57K	Missense;Missense	-0.327666865
5066	SUV39H1	K63K;K64K	Silent;Silent	0.1993233819455631
5067	SUV39H1		No Mutation	1.117772831
5068	SUV39H1		No Mutation	-0.082210857
5069	SUV39H1	I65I	Silent	-0.642408053
5070	SUV39H1	(NC);(NC)	Intron;Intron	0.006446053
5071	SUV39H1	(NC)	Intron	0.2415506606957748
5072	SUV39H1		No Mutation	0.018432766
5073	SUV39H1	(NC);(NC);(NC)	Intron;Intron;Intron	0.057384744
5074	SUV39H1		No Mutation	0.025368536
5075	SUV39H1		No Mutation	-0.189457738
5076	SUV39H1	(NC)	Splice-acceptor	0.3861976665491791
5077	SUV39H1	(NC);(NC);(NC);(NC)	Intron;Intron;Intron;Intron	-0.257419919
5078	SUV39H1	(NC);E67K	Splice-acceptor;Missense	-0.58068942
5079	SUV39H1	(NC);E67K	Splice-acceptor;Missense	0.3429461096118528
5080	SUV39H1	Q68Q	Silent	0.0317899867095101
5081	SUV39H1	Q68Q;E69K	Silent;Missense	0.005885593
5082	SUV39H1	Q68Q;E69K	Silent;Missense	-0.161660943
5083	SUV39H1	E69K	Missense	-0.009020285
5084	SUV39H1		No Mutation	0.4303657638445011
5085	SUV39H1	Q68*	Nonsense	-0.052174415
5086	SUV39H1		No Mutation	-0.508591519
5087	SUV39H1		No Mutation	-0.054246715
5088	SUV39H1	Y71Y;L72L	Silent;Silent	-0.234453018
5089	SUV39H1	G77K	Missense	0.238839571273269
5090	SUV39H1	P79L;D80D	Missense;Silent	0.9321147693647138
5091	SUV39H1	D80D	Silent	0.2547892890084472
5092	SUV39H1	W85*	Nonsense	0.5609149051173643
5093	SUV39H1	S83S	Silent	0.1857176082082353
5094	SUV39H1	Q89Q	Silent	-0.507683843
5095	SUV39H1	K92K;C93Y	Silent;Missense	0.4261898912337871
5096	SUV39H1	I96I;L97F	Silent;Missense	-0.600499479
5097	SUV39H1	K102K;D103N	Silent;Missense	-0.216040981
5098	SUV39H1	F100F;H101Y	Silent;Missense	-0.325427871
5099	SUV39H1	F100F;H101Y	Silent;Missense	0.7461069356124493
5100	SUV39H1	R106K;E107K	Missense;Missense	-0.400825098
5101	SUV39H1		No Mutation	0.144685168080636
5102	SUV39H1		No Mutation	0.039703178
5103	SUV39H1	L109F	Missense	0.1898009603744125
5104	SUV39H1	R114R	Silent	0.3171954231777533
5105	SUV39H1	H113H;R114W	Silent;Missense	0.1785387120332527
5106	SUV39H1		No Mutation	-0.088040655
5107	SUV39H1		No Mutation	-0.446244896
5108	SUV39H1	R119Q	Missense	0.3842900046466435
5109	SUV39H1		No Mutation	-0.05301422
5110	SUV39H1	H120Y;L121L	Missense;Silent	-0.511028169
5111	SUV39H1		No Mutation	0.8187712183364853
5112	SUV39H1	S124N	Missense	0.6141716705155409
5113	SUV39H1	S124N	Missense	-0.162128698
5114	SUV39H1	S124N	Missense	0.1285128179902105
5115	SUV39H1	L125L;A126T	Silent;Missense	-0.4846746
5116	SUV39H1	S124S	Silent	-0.23995461
5117	SUV39H1		No Mutation	0.045432967
5118	SUV39H1		No Mutation	-0.122348059
5119	SUV39H1	A126A;N127N	Silent;Silent	-0.692406331
5120	SUV39H1	Q131Q;K132K	Silent;Silent	-0.529862231
5121	SUV39H1	Q131*	Nonsense	0.674776581
5122	SUV39H1	K134K	Silent	0.8616726125638701
5123	SUV39H1		No Mutation	0.2778835347728621
5124	SUV39H1		No Mutation	-0.525042563
5125	SUV39H1	A138A	Silent	0.2379767521545453
5126	SUV39H1	R137W	Missense	-0.253496083
5127	SUV39H1	R137W	Missense	-0.007359063
5128	SUV39H1	L139F;R140C	Missense;Missense	-0.158929342
5129	SUV39H1	Q144Q;E145K	Silent;Missense	0.4631844606452004
5130	SUV39H1	A148V	Missense	-0.238394567
5131	SUV39H1	A148V	Missense	0.4985379854413364
5132	SUV39H1	L153L;G154K	Silent;Missense	0.9431717020678928
5133	SUV39H1	V158I	Missense	-0.040144377
5134	SUV39H1	R155R;I156I	Silent;Silent	0.8963845664549315
5135	SUV39H1	I156I;T157I	Silent;Missense	0.6107230715780831
5136	SUV39H1		No Mutation	0.4219885930735968
5137	SUV39H1		No Mutation	0.2738068121602973
5138	SUV39H1	D163D;L164L	Silent;Silent	0.1778650453587745
5139	SUV39H1	D163D;L164L	Silent;Silent	2.968024733589407
5140	SUV39H1	P168P;R169Q;A170T	Silent;Missense;Missense	-0.098684532
5141	SUV39H1	V172I	Missense	0.2644594206138415
5142	SUV39H1	V172I	Missense	0.7592565892892833
5143	SUV39H1		No Mutation	-0.233730729
5144	SUV39H1	E176K	Missense	1.051712922370586
5145	SUV39H1	I174I	Silent	-0.430670507
5146	SUV39H1		No Mutation	-0.598696036
5147	SUV39H1		No Mutation	-0.765004608
5148	SUV39H1		No Mutation	-0.136136565
5149	SUV39H1	G182G	Silent	-0.07157383
5150	SUV39H1	G182G;I183I	Silent;Silent	-0.335623155
5151	SUV39H1	T184T;L185F	Silent;Missense	0.1160775064442604
5152	SUV39H1	L185F	Missense	-0.105703798
5153	SUV39H1	V190I	Missense	-0.145028802
5154	SUV39H1	V190I;G191S	Missense;Missense	0.5128277987133427
5155	SUV39H1	C192Y;E193K	Missense;Missense	0.3289204112007936
5156	SUV39H1		No Mutation	0.1370725725765031
5157	SUV39H1	C194C	Silent	-0.171126724
5158	SUV39H1	C194C;Q195*	Silent;Nonsense	-0.080416683
5159	SUV39H1	W199*;A200T	Nonsense;Missense	0.8975781816934378
5160	SUV39H1	L198L	Silent	0.6064963670378686
5161	SUV39H1	L198L	Silent	-1.181014887
5162	SUV39H1	P201P;T202I	Silent;Missense	-0.229494097
5163	SUV39H1	T202I	Missense	-0.18689181
5164	SUV39H1	T202I	Missense	-0.199184244
5165	SUV39H1		No Mutation	0.008931403
5166	SUV39H1	C206Y	Missense	0.54458898
5167	SUV39H1	C206Y;P207P	Missense;Silent	0.3447562963012994
5168	SUV39H1	L211L	Silent	0.070920544
5169	SUV39H1		No Mutation	0.2670029437036327
5170	SUV39H1		No Mutation	-0.197473097
5171	SUV39H1	A215V	Missense	-0.535845255
5172	SUV39H1	A215A;Y216Y	Silent;Silent	0.2133422631005304
5173	SUV39H1	D218D	Silent	0.3075126889333885
5174	SUV39H1	G220D;Q221Q	Missense;Silent	-0.401505368
5175	SUV39H1	R223R	Silent	-0.13540368
5176	SUV39H1	Q221*	Nonsense	0.4790742166641333
5177	SUV39H1		No Mutation	0.7131677747075744
5178	SUV39H1	A226T;G227R	Missense;Missense	-0.318280985
5179	SUV39H1	E232K	Missense	2.026529180502524
5180	SUV39H1		No Mutation	0.4336622333955145
5181	SUV39H1		No Mutation	0.0474613519124588
5182	SUV39H1	N234N;S235F	Silent;Missense	0.048050957
5183	SUV39H1	G240D	Missense	0.2688269464435207
5184	SUV39H1	D242N	Missense	-0.472410452
5185	SUV39H1	C243Y	Missense	0.5934997397151545
5186	SUV39H1	D242D	Silent	0.4231799979417971
5187	SUV39H1	R246C	Missense	0.1162697926932806
5188	SUV39H1	R246C	Missense	-0.234864294
5189	SUV39H1	Q249Q	Silent	-0.669942029
5190	SUV39H1	Q249Q	Silent	0.081250032
5191	SUV39H1		No Mutation	0.22336812119216
5192	SUV39H1	D255D;L256F	Silent;Missense	0.16522536924873
5193	SUV39H1	T261T;D262N	Silent;Missense	0.1607365467696473
5194	SUV39H1	I258I	Silent	-0.604115723
5195	SUV39H1	I258I;F259F	Silent;Silent	0.6060654551647129
5196	SUV39H1	R260C;T261M	Missense;Missense	-0.603624884
5197	SUV39H1	T261M	Missense	0.0100950665830119
5198	SUV39H1		No Mutation	0.3563757784993197
5199	SUV39H1	G264G;R265H;G266S	Silent;Missense;Missense	-0.540405365
5200	SUV39H1		No Mutation	-0.204596581
5201	SUV39H1	G266G	Silent	0.1581763731082724
5202	SUV39H1	K274K	Silent	0.2966513429674062
5203	SUV39H1	R276H;K277K	Missense;Silent	-0.362737747
5204	SUV39H1	K277K	Silent	4.193304106216258
5205	SUV39H1	R276R	Silent	0.5542440369615714
5206	SUV39H1	S279S;F280F	Silent;Silent	-0.323311886
5207	SUV39H1	F280F	Silent	-0.733975009
5208	SUV39H1	V281V	Silent	0.071141041
5209	SUV39H1		No Mutation	0.6313734427942267
5210	SUV39H1	Y284Y	Silent	0.5171210645792601
5211	SUV39H1		No Mutation	-0.011293679
5212	SUV39H1		No Mutation	0.5591972338386006
5213	SUV39H1		No Mutation	-0.077142943
5214	SUV39H1		No Mutation	0.3858373864790396
5215	SUV39H1		No Mutation	-0.053046568
5216	SUV39H1		No Mutation	-0.103219725
5217	SUV39H1	(NC)	Splice-acceptor	0.027344556
5218	SUV39H1	(NC)	Splice-acceptor	0.1602131837721805
5219	SUV39H1		No Mutation	0.1622687044502658
5220	SUV39H1		No Mutation	-0.281548439
5221	SUV39H1	(NC)	Intron	0.6959600503844056
5222	SUV39H1	I288I	Silent	0.1799524085650699
5223	SUV39H1	E292K	Missense	-0.244326418
5224	SUV39H1	E292K	Missense	-0.532054277
5225	SUV39H1	T290I;S291L	Missense;Missense	-0.041892813
5226	SUV39H1	S291L	Missense	0.2812831357802124
5227	SUV39H1		No Mutation	0.5318610687770744
5228	SUV39H1		No Mutation	-0.07146501
5229	SUV39H1	E295E;R296Q	Silent;Missense	0.9173153539703016
5230	SUV39H1	G298G;Q299*	Silent;Nonsense	-0.01599304
5231	SUV39H1	Q299*	Nonsense	0.142953922811335
5232	SUV39H1	Q304Q;G305S	Silent;Missense	0.082849205
5233	SUV39H1		No Mutation	0.018524977
5234	SUV39H1	A306A;T307I	Silent;Missense	0.5320147045907927
5235	SUV39H1	L312L	Silent	0.5773467099280247
5236	SUV39H1	L312L;D313N	Silent;Missense	-0.179052032
5237	SUV39H1	L309L	Silent	0.4867677572474345
5238	SUV39H1	D311D;L312L	Silent;Silent	-1.037371004
5239	SUV39H1	V315M	Missense	0.481068155
5240	SUV39H1	E316E;D317N;V318M	Silent;Missense;Missense	1.0389381890901224
5241	SUV39H1		No Mutation	-0.16234309
5242	SUV39H1		No Mutation	-0.061876407
5243	SUV39H1		No Mutation	-0.075063084
5244	SUV39H1		No Mutation	-0.478125649
5245	SUV39H1		No Mutation	0.1257371461033701
5246	SUV39H1	H331H	Silent	-0.222193048
5247	SUV39H1		No Mutation	-0.063486425
5248	SUV39H1	S336N	Missense	0.1592489641254243
5249	SUV39H1	S336N;(NC)	Missense;Splice-donor	-0.142806243
5250	SUV39H1	H335Y	Missense	0.6860897939475089
5251	SUV39H1		No Mutation	0.9260819463388144
5252	SUV39H1	(NC)	Intron	-0.283624871
5253	SUV39H1		No Mutation	-0.413707768
5254	SUV39H1		No Mutation	-0.107533414
5255	SUV39H1	(NC)	Intron	-0.156094455
5256	SUV39H1	(NC)	Intron	1.7282114816255807
5257	SUV39H1		No Mutation	-0.742301609
5258	SUV39H1	L341L	Silent	-0.7087021
5259	SUV39H1	L341L	Silent	0.9697039573260228
5260	SUV39H1	V343V	Silent	-0.313509062
5261	SUV39H1		No Mutation	-0.567989569
5262	SUV39H1		No Mutation	-0.590677943
5263	SUV39H1	V346I	Missense	0.8507292730559661
5264	SUV39H1	D349D	Silent	-0.091153587
5265	SUV39H1	L355L	Silent	0.2769637193489096
5266	SUV39H1	A362T	Missense	-0.303835175
5267	SUV39H1	A362T	Missense	0.4754509903805367
5268	SUV39H1	A362T	Missense	0.1076667186861687
5269	SUV39H1	A362V	Missense	1.1258376317299454
5270	SUV39H1	A362V	Missense	0.3590373531533437
5271	SUV39H1	T363I	Missense	0.069441721
5272	SUV39H1	R367Q;A368T	Missense;Missense	-0.104111345
5273	SUV39H1	T365I	Missense	0.1749347439671438
5274	SUV39H1	E370E;E371K	Silent;Missense	0.124784794088258
5275	SUV39H1	E371E	Silent	0.2435944940028649
5276	SUV39H1		No Mutation	1.2299648246258916
5277	SUV39H1		No Mutation	0.3499482501191417
5278	SUV39H1	Y376Y	Silent	-0.509767698
5279	SUV39H1	M378I	Missense	0.0471472583105831
5280	SUV39H1	Y376Y	Silent	-0.438048342
5281	SUV39H1	Y376Y	Silent	0.2335224965775665
5282	SUV39H1	N377N	Silent	-0.517008538
5283	SUV39H1	Q379*	Nonsense	-0.388391995
5284	SUV39H1	Q379*	Nonsense	-0.358043002
5285	SUV39H1		No Mutation	-0.488437468
5286	SUV39H1		No Mutation	0.98191859
5287	SUV39H1		No Mutation	0.1202046498129105
5288	SUV39H1		No Mutation	-0.415296402
5289	SUV39H1	(NC)	Intron	-0.694223286
5290	SUV39H1		No Mutation	-0.29074755
5291	SUV39H1	(NC)	Splice-acceptor	-0.218787034
5292	SUV39H1	(NC)	Splice-acceptor	-0.107856374
5293	SUV39H1	(NC);(NC);(NC)	Intron;Intron;Intron	0.1266711456140305
5294	SUV39H1		No Mutation	-0.302576814
5295	SUV39H1	V383V;D384N	Silent;Missense	-0.146595056
5296	SUV39H1	E386E;S387N	Silent;Missense	0.04983166
5297	SUV39H1	S387N	Missense	0.056941215214642
5298	SUV39H1	S387N	Missense	1.0483297980681432
5299	SUV39H1	D384D	Silent	-0.615829902
5300	SUV39H1	R389C	Missense	-0.183854893
5301	SUV39H1		No Mutation	-0.441877319
5302	SUV39H1	D391D	Silent	0.2491265427491503
5303	SUV39H1	G395S	Missense	-0.456049475
5304	SUV39H1	S392F	Missense	-0.50365418
5305	SUV39H1	S392F;N393N	Missense;Silent	0.448317259
5306	SUV39H1	G398K	Missense	0.2220699932671476
5307	SUV39H1	G395G;L396L	Silent;Silent	0.0527162004036403
5308	SUV39H1	G401N	Missense	-0.090673414
5309	SUV39H1	P400L;G401G	Missense;Silent	-0.291986448
5310	SUV39H1	G401G	Silent	0.8595226474809528
5311	SUV39H1	K404K;K405K	Silent;Silent	-0.747412027
5312	SUV39H1	K405K;R406Q	Silent;Missense	-0.694277277
5313	SUV39H1	R408H	Missense	1.125192617898663
5314	SUV39H1	R408H	Missense	0.7181209524393921
5315	SUV39H1	R408H	Missense	-0.276038045
5316	SUV39H1	R408C	Missense	-0.28329413
5317	SUV39H1		No Mutation	-0.126206564
5318	SUV39H1	K412K;C413Y;G414R	Silent;Missense;Missense	0.6809452213087615
5319	SUV39H1		No Mutation	-0.62211246
5320	SUV39H1	*424*	Silent	0.4118376326120559
5321	SUV39H1	(NC);(NC)	UTR;UTR	-0.109220819
5322	SUV39H1	(NC);(NC)	UTR;UTR	-0.887000076
5323	SUV39H1	(NC);(NC)	UTR;UTR	-0.144558492
5324	SUV39H1	(NC);(NC)	UTR;UTR	0.8443976723845769
5325	SUV39H2	(NC)	UTR	0.1764303430159092
5326	SUV39H2		No Mutation	-0.171953604
5327	SUV39H2	(NC)	UTR	0.3509719907880556
5328	SUV39H2	(NC);(NC)	UTR;UTR	0.7631453025391431
5329	SUV39H2	(NC)	UTR	0.141111510295408
5330	SUV39H2	(NC)	UTR	0.085077002
5331	SUV39H2	(NC)	UTR	-0.821632226
5332	SUV39H2	A2V	Missense	0.3921243315928953
5333	SUV39H2	V4V	Silent	-0.935296138
5334	SUV39H2	A6V	Missense	0.4513432803797567
5335	SUV39H2	A6A	Silent	-0.509640461
5336	SUV39H2	A8V;R9*	Missense;Nonsense	0.4295475952360018
5337	SUV39H2	(NC);(NC);(NC)	Splice-donor;Intron;Intron	1.0841555111317935
5338	SUV39H2		No Mutation	-0.452052419
5339	SUV39H2	D21N	Missense	-0.234926068
5340	SUV39H2	S19L;L20F	Missense;Missense	0.6606268635700435
5341	SUV39H2		No Mutation	-0.74218848
5342	SUV39H2	L32F;T33I	Missense;Missense	0.056921802
5343	SUV39H2	S36L	Missense	0.6652050442530257
5344	SUV39H2		No Mutation	-0.413159294
5345	SUV39H2	L44L	Silent	-0.605737486
5346	SUV39H2	L44L	Silent	0.1047394124874082
5347	SUV39H2	Y51Y	Silent	-1.053067579
5348	SUV39H2	D54D	Silent	-0.133346533
5349	SUV39H2	Y55Y	Silent	-0.642755024
5350	SUV39H2		No Mutation	0.2500229862874727
5351	SUV39H2	L65F	Missense	1.757365628435858
5352	SUV39H2		No Mutation	-0.045254774
5353	SUV39H2	P72L	Missense	-0.267494214
5354	SUV39H2		No Mutation	-0.021781548
5355	SUV39H2	W78*	Nonsense	-0.08478587
5356	SUV39H2	Q91Q	Silent	0.001244664
5357	SUV39H2		No Mutation	-0.250220584
5358	SUV39H2	H98Y	Missense	-0.206312343
5359	SUV39H2	S102F	Missense	-0.176943207
5360	SUV39H2		No Mutation	-0.874092027
5361	SUV39H2	V128I	Missense	0.7093345305422641
5362	SUV39H2		No Mutation	0.6478651780911326
5363	SUV39H2		No Mutation	-0.604488951
5364	SUV39H2		No Mutation	0.6247795232721217
5365	SUV39H2		No Mutation	-0.153224951
5366	SUV39H2		No Mutation	0.3796271600894731
5367	SUV39H2	T159I	Missense	-0.330430755
5368	SUV39H2		No Mutation	0.2750055992537939
5369	SUV39H2		No Mutation	0.038364812
5370	SUV39H2		No Mutation	0.4893973768337121
5371	SUV39H2		No Mutation	-0.064909295
5372	SUV39H2	S182N	Missense	0.5545831867984082
5373	SUV39H2	V184I	Missense	0.049476832
5374	SUV39H2	V184V	Silent	0.9248383830303258
5375	SUV39H2	C193Y	Missense	0.4198239600467274
5376	SUV39H2		No Mutation	0.8925042391839342
5377	SUV39H2		No Mutation	-1.001766097
5378	SUV39H2	V208I	Missense	1.2369624163619173
5379	SUV39H2	Q217*	Nonsense	0.0146825238244225
5380	SUV39H2		No Mutation	0.2306580512168105
5381	SUV39H2		No Mutation	-0.617362286
5382	SUV39H2	E228K	Missense	-0.545702764
5383	SUV39H2	I226I	Silent	-0.429488935
5384	SUV39H2		No Mutation	0.078770566
5385	SUV39H2		No Mutation	0.3980194148843174
5386	SUV39H2	N230N;S231L	Silent;Missense	-0.540820184
5387	SUV39H2	P237F	Missense	0.729144692
5388	SUV39H2	R242K	Missense	-0.096776291
5389	SUV39H2		No Mutation	0.5724940163624852
5390	SUV39H2	I254I	Silent	-0.302737336
5391	SUV39H2	R256*;T257I	Nonsense;Missense	-0.020347226
5392	SUV39H2	T257I;S258S	Missense;Silent	0.3603255142405503
5393	SUV39H2	S258S	Silent	-0.089983947
5394	SUV39H2	S258S	Silent	0.003673523
5395	SUV39H2	V277V	Silent	-0.348061845
5396	SUV39H2		No Mutation	-0.115467907
5397	SUV39H2	Q295*	Nonsense	0.7956654937222134
5398	SUV39H2	Q295*	Nonsense	-0.583243407
5399	SUV39H2	I302I;T303M	Silent;Missense	0.3004501506059605
5400	SUV39H2	S312F	Missense	-0.072831835
5401	SUV39H2		No Mutation	-0.447333943
5402	SUV39H2		No Mutation	0.053009682
5403	SUV39H2		No Mutation	-0.106929112
5404	SUV39H2		No Mutation	0.9437415381969644
5405	SUV39H2	V339V	Silent	-0.491921499
5406	SUV39H2		No Mutation	-1.113265638
5407	SUV39H2		No Mutation	-0.17508853
5408	SUV39H2		No Mutation	0.3418063373226633
5409	SUV39H2		No Mutation	-0.302227541
5410	SUV39H2		No Mutation	0.068386862
5411	SUV39H2	T359I	Missense	0.2879434301514731
5412	SUV39H2	A364T	Missense	0.028689525
5413	SUV39H2	E367K	Missense	-0.853472184
5414	SUV39H2	H387H;S388S	Silent;Silent	0.2608376320551818
5415	SUV39H2	H387H;S388S;P389S	Silent;Silent;Missense	-0.40298041
5416	SUV39H2	T396I	Missense	0.5034338996337954
5417	SUV39H2	A402V	Missense	-0.357032088
5418	SUV39H2	(NC)	UTR	-0.812216529
5419	PTPN2	(NC)	UTR	-0.102403485
5420	PTPN2		No Mutation	0.4414592431176931
5421	PTPN2		No Mutation	0.4917876988032688
5422	PTPN2	M392I;G393K	Missense;Missense	-0.147390587
5423	PTPN2	P387L	Missense	0.2982944519020347
5424	PTPN2	P387F	Missense	0.2273657179977972
5425	PTPN2	P387F	Missense	-0.117350458
5426	PTPN2		No Mutation	-0.05885607
5427	PTPN2	R377*	Nonsense	-0.375717977
5428	PTPN2		No Mutation	1.5684910578318612
5429	PTPN2	Q366*	Nonsense	0.1063966650717452
5430	PTPN2	V365V;Q366Q	Silent;Silent	0.1922648674864384
5431	PTPN2	K364K;V365I	Silent;Missense	0.3441657659803373
5432	PTPN2	A359V	Missense	0.7379936672589393
5433	PTPN2	R354*	Nonsense	0.2764621543503757
5434	PTPN2	R350W	Missense	-0.914469995
5435	PTPN2	R350Q	Missense	0.6229672701862199
5436	PTPN2	(NC);(NC)	Intron;Intron	-0.644880116
5437	PTPN2	(NC)	Intron	-0.531847272
5438	PTPN2		No Mutation	-0.123335319
5439	PTPN2	Q338*	Nonsense	0.4052417402976715
5440	PTPN2		No Mutation	0.6083513536576762
5441	PTPN2		No Mutation	0.3143832724853728
5442	PTPN2	T326I	Missense	-0.60462227
5443	PTPN2		No Mutation	0.4172008489815058
5444	PTPN2	Y313Y	Silent	-0.692608065
5445	PTPN2	T310I	Missense	0.4034267988884287
5446	PTPN2	T310I	Missense	0.7306524021802392
5447	PTPN2		No Mutation	-0.528777047
5448	PTPN2		No Mutation	-0.235124843
5449	PTPN2		No Mutation	-0.055382236
5450	PTPN2	E291K	Missense	-0.474177005
5451	PTPN2	W289*	Nonsense	-0.614862621
5452	PTPN2	W289*	Nonsense	-0.207761516
5453	PTPN2	(NC);(NC);(NC)	Intron;Intron;Intron	0.3506129688057
5454	PTPN2	Q286*	Nonsense	-0.026012371
5455	PTPN2		No Mutation	0.2072341561474863
5456	PTPN2	A276V	Missense	-0.176990083
5457	PTPN2		No Mutation	-0.374749843
5458	PTPN2	Y269Y	Silent	-0.276523547
5459	PTPN2	L265L	Silent	0.7375862265452742
5460	PTPN2		No Mutation	-0.238827749
5461	PTPN2		No Mutation	0.2850779584221342
5462	PTPN2	R266K	Missense	-0.043556775
5463	PTPN2	Q260Q	Silent	0.4205485491474599
5464	PTPN2		No Mutation	-0.475315307
5465	PTPN2	N250N	Silent	0.2224235775470765
5466	PTPN2	(NC)	Intron	0.5518008467915166
5467	PTPN2	D230D	Silent	-0.245260748
5468	PTPN2		No Mutation	0.094155521
5469	PTPN2	R222R;S223F	Silent;Missense	0.7756622345969664
5470	PTPN2	A218V	Missense	-0.028304504
5471	PTPN2	G221R	Missense	-0.350601391
5472	PTPN2	H215H	Silent	0.8691763902843981
5473	PTPN2	H215Y	Missense	0.3920100365927979
5474	PTPN2		No Mutation	-0.401409552
5475	PTPN2	C216Y;S217N	Missense;Missense	0.028918271
5476	PTPN2	V213V	Silent	0.2898453495953969
5477	PTPN2	A212T;V213M	Missense;Missense	0.078720872
5478	PTPN2	A212T;V213M	Missense;Missense	-0.159080343
5479	PTPN2	N206N;P207F	Silent;Missense	-0.726057163
5480	PTPN2	G210K	Missense	-0.552038142
5481	PTPN2	S204F	Missense	0.2133375087748998
5482	PTPN2	S204F	Missense	0.133608299496201
5483	PTPN2		No Mutation	0.2027738295682877
5484	PTPN2		No Mutation	-0.087642944
5485	PTPN2		No Mutation	-0.063703082
5486	PTPN2		No Mutation	-0.096334364
5487	PTPN2	E187K	Missense	0.034932392
5488	PTPN2	G184E;V185I	Missense;Missense	2.103406488
5489	PTPN2	T178I;T179I	Missense;Missense	-0.492435933
5490	PTPN2	H174H	Silent	0.8092021053642826
5491	PTPN2		No Mutation	0.5973760180798563
5492	PTPN2	(NC)	Splice-acceptor	-0.466996804
5493	PTPN2		No Mutation	1.2935013737234444
5494	PTPN2	L135L	Silent	0.3829528687612532
5495	PTPN2	E138K	Missense	0.6183481739761204
5496	PTPN2	E133K	Missense	1.2439927254944068
5497	PTPN2		No Mutation	0.888708172
5498	PTPN2	(NC)	Intron	-0.040161409
5499	PTPN2	E119K	Missense	-0.00164591
5500	PTPN2	R114R	Silent	0.2510896273595917
5501	PTPN2	V110V;L112L	Silent;Silent	1.1896426714907886
5502	PTPN2	M111I;L112L	Missense;Silent	-0.682244837
5503	PTPN2	M100I;V101I	Missense;Missense	-0.264581173
5504	PTPN2	F97F	Silent	-0.131309352
5505	PTPN2	C94C;C95C;H96Y	Silent;Silent;Missense	0.003625933
5506	PTPN2		No Mutation	0.1178775906256511
5507	PTPN2	N92N;T93I	Silent;Missense	-0.56787995
5508	PTPN2	C94Y;C95Y	Missense;Missense	-0.206770713
5509	PTPN2	G88N	Missense	0.6624059192550923
5510	PTPN2	(NC);(NC);(NC)	Intron;Intron;Intron	0.6133461939458534
5511	PTPN2		No Mutation	0.1999587799529194
5512	PTPN2	D75D	Silent	0.7869578008724689
5513	PTPN2	E77K	Missense	0.3443827436060844
5514	PTPN2		No Mutation	-0.143698233
5515	PTPN2	(NC);(NC);(NC)	Intron;Intron;Intron	-0.290209808
5516	PTPN2	(NC);(NC);(NC);(NC)	Intron;Intron;Intron;Intron	-0.456899184
5517	PTPN2	S52S;P53L	Silent;Missense	-0.274075661
5518	PTPN2	S52S;P53L	Silent;Missense	-0.385278598
5519	PTPN2	K38K	Silent	0.2804520382510165
5520	PTPN2	R35K;V36M	Missense;Missense	-0.379543985
5521	PTPN2	R35K	Missense	-0.091875206
5522	PTPN2	D31D	Silent	0.4164633096192229
5523	PTPN2		No Mutation	0.097565615
5524	PTPN2	(NC);(NC)	Intron;Intron	-0.551159681
5525	PTPN2	L21L	Silent	-0.141159107
5526	PTPN2	R17R;Q19*	Silent;Nonsense	0.2557148490852188
5527	PTPN2		No Mutation	1.1534559481859483
5528	PTPN2	R7W	Missense	-0.180561352
5529	PTPN2	E10K	Missense	-0.368604448
5530	PTPN2	E8E	Silent	0.2980929077899381
5531	PTPN2	R7Q;E8K	Missense;Missense	0.279859375
5532	PTPN2	R7Q;E8K	Missense;Missense	0.1649177226270799
5533	PTPN2	E6K	Missense	0.1754426791436792
5534	PTPN2	P2F	Missense	0.2373858732635028
5535	PTPN2	P2F	Missense	-0.286388923
5536	PTPN2		No Mutation	-0.759968006
5537	PTPN2		No Mutation	0.1511690774493313
5538	PTPN2	(NC)	UTR	1.3394756561623744
