ID	Gene	Mutation_list	Mutation_type	sgRNA_score
0	SETDB1	(NC);M1V	UTR;Missense	-0.215025397
1	SETDB1	M1V	Missense	-0.740015146
2	SETDB1		No Mutation	0.2037651334944723
3	SETDB1		No Mutation	-0.015447387
4	SETDB1	I8T;G9G	Missense;Silent	0.4182796209834464
5	SETDB1	I8I;G9G;L10L	Silent;Silent;Silent	-0.001521035
6	SETDB1	L10P	Missense	0.3327554676257751
7	SETDB1	A12A	Silent	0.054300374
8	SETDB1	I22V	Missense	0.1659378829570216
9	SETDB1	A23A;E24G	Silent;Missense	-0.119432186
10	SETDB1	Q26R	Missense	-0.197259526
11	SETDB1	A28A	Silent	0.4919003439930849
12	SETDB1	A28A	Silent	-0.440073617
13	SETDB1	E32G	Missense	0.057908405
14	SETDB1	E32E	Silent	-0.208417964
15	SETDB1		No Mutation	-0.490023828
16	SETDB1		No Mutation	0.045640546
17	SETDB1	I44V	Missense	0.123710455881481
18	SETDB1	E46G	Missense	-0.036401403
19	SETDB1	L61L;A62A	Silent;Silent	-0.339505897
20	SETDB1	L61L;A62A	Silent;Silent	0.1461116556212973
21	SETDB1	V68V;I69V	Silent;Missense	0.1540481898185834
22	SETDB1	I69M;Q70R;K71E	Missense;Missense;Missense	0.1991571279570445
23	SETDB1		No Mutation	0.1038270878438409
24	SETDB1	D84D;S86P	Silent;Missense	0.2558143186596675
25	SETDB1	R87G	Missense	0.2211964534161259
26	SETDB1	(NC)	Intron	0.017235038129499
27	SETDB1	(NC)	Intron	-0.13074807
28	SETDB1	(NC)	Intron	-0.140616634
29	SETDB1	V89A;T90T	Missense;Silent	0.2390476581056618
30	SETDB1	T90A;N91D	Missense;Missense	0.2823255575850386
31	SETDB1		No Mutation	0.4063853992177465
32	SETDB1	D98G	Missense	0.099825406
33	SETDB1	D98G	Missense	0.592184049
34	SETDB1	K102R	Missense	0.076137821
35	SETDB1		No Mutation	-0.235734248
36	SETDB1	Y107H	Missense	-0.105917446
37	SETDB1		No Mutation	0.5562814760146367
38	SETDB1	S112S	Silent	0.1864820548734261
39	SETDB1	E113G	Missense	0.1165154236382881
40	SETDB1	I122T;I123T	Missense;Missense	0.5501763620605444
41	SETDB1	I125T	Missense	0.3698261353850027
42	SETDB1	D131D;V132A	Silent;Missense	0.3154241182669731
43	SETDB1		No Mutation	-0.063319749
44	SETDB1	S134G;I135V	Missense;Missense	0.1523452881093664
45	SETDB1	S134G;I135V	Missense;Missense	0.6100261928497626
46	SETDB1	(NC)	Splice-donor	-0.821181612
47	SETDB1	S137S;(NC)	Silent;Intron	0.3120385811484231
48	SETDB1	(NC);(NC)	Intron;Intron	-0.749711689
49	SETDB1	(NC)	Intron	-0.202415006
50	SETDB1		No Mutation	0.1981818732199427
51	SETDB1		No Mutation	-0.026807867
52	SETDB1	R143R;T144A	Silent;Missense	0.7354483992330403
53	SETDB1	K146K;D147G	Silent;Missense	0.4198638012234009
54	SETDB1	(NC)	Splice-donor	-0.180673806
55	SETDB1	Q148R;K149G	Missense;Missense	-0.237923601
56	SETDB1	(NC);(NC)	Intron;Intron	0.0379941836838917
57	SETDB1	(NC)	Intron	0.7764883613847708
58	SETDB1	(NC);(NC)	Intron;Intron	0.027737192
59	SETDB1	(NC)	Intron	-0.040202882
60	SETDB1	(NC)	Intron	0.4826758089261951
61	SETDB1	(NC)	Intron	-0.300795542
62	SETDB1	L150P;R151R	Missense;Silent	-0.208892857
63	SETDB1	R151R	Silent	0.2301830626977283
64	SETDB1	R151R	Silent	-0.07929298
65	SETDB1	(NC);(NC)	Intron;Splice-acceptor	-1.177243181
66	SETDB1	A155A;L157L	Silent;Silent	0.1084293508248437
67	SETDB1	A161A	Silent	0.4224916748117115
68	SETDB1	Q162Q;D163G	Silent;Missense	0.2366316091967044
69	SETDB1	K173G;K174E	Missense;Missense	0.2081221639660219
70	SETDB1	Q178R	Missense	0.3062168263468916
71	SETDB1	D179G	Missense	-0.458067812
72	SETDB1	D179G	Missense	-0.058849298
73	SETDB1	(NC)	Splice-donor	-0.323892776
74	SETDB1	(NC);(NC)	Splice-donor;Intron	0.0151745569929671
75	SETDB1	(NC)	Intron	-0.151908211
76	SETDB1	(NC)	Intron	-0.039607735
77	SETDB1	(NC);(NC)	Intron;Intron	0.083941706
78	SETDB1	T184A	Missense	-0.059883436
79	SETDB1	S189S	Silent	-0.179109209
80	SETDB1	G190G;E191G	Silent;Missense	0.5149770648796629
81	SETDB1	I199M;S201G	Missense;Missense	-0.044131692
82	SETDB1		No Mutation	-0.484059546
83	SETDB1	S201G	Missense	-0.013611303
84	SETDB1	K207R;K208G	Missense;Missense	-0.585976974
85	SETDB1	T210A;K211G	Missense;Missense	0.5124563709193342
86	SETDB1	I219V	Missense	0.025734745
87	SETDB1		No Mutation	0.1280318951879201
88	SETDB1		No Mutation	-0.043691741
89	SETDB1	(NC);(NC)	Splice-donor;Intron	-0.338480433
90	SETDB1	(NC)	Intron	0.3931447248622366
91	SETDB1		No Mutation	0.3277636930121383
92	SETDB1	(NC)	Intron	0.9394119334820455
93	SETDB1		No Mutation	-0.116370469
94	SETDB1		No Mutation	-0.112890599
95	SETDB1	P226P	Silent	0.1412401698926807
96	SETDB1	V232A	Missense	-0.697224836
97	SETDB1	K233G	Missense	-0.068805547
98	SETDB1	K237K;G238G;K239E	Silent;Silent;Missense	0.082049369
99	SETDB1	G238G;K239G	Silent;Missense	0.2105575216076474
100	SETDB1	G238G;K239G	Silent;Missense	-0.792704926
101	SETDB1	D250D;Y251H	Silent;Missense	0.7073444634757527
102	SETDB1	P253P;P254P	Silent;Silent	0.4770144270165238
103	SETDB1		No Mutation	0.3700257074921097
104	SETDB1		No Mutation	0.4992942948373162
105	SETDB1	L258P;Y259H	Missense;Missense	0.031785457
106	SETDB1	D256G	Missense	-0.142444057
107	SETDB1	L258P;Y259H	Missense;Missense	-0.130740152
108	SETDB1	Y259H;V260A	Missense;Missense	-0.151142488
109	SETDB1	K257R	Missense	-0.101334421
110	SETDB1		No Mutation	0.3757601102384038
111	SETDB1	Y259C	Missense	-0.287799341
112	SETDB1		No Mutation	0.1545144609684738
113	SETDB1		No Mutation	0.1093054165596836
114	SETDB1	K267K;Y268C;K269E	Silent;Missense;Missense	1.2612105922229475
115	SETDB1	N272N	Silent	0.00093047
116	SETDB1	K269R;D270G	Missense;Missense	-0.087108494
117	SETDB1	Q273R	Missense	0.3322163655782432
118	SETDB1	N286S	Missense	0.6284103958801037
119	SETDB1	K288K;N289G;K290E	Silent;Missense;Missense	-0.289899099
120	SETDB1	R292G	Missense	-1.149684251
121	SETDB1	(NC)	Intron	0.3529040858787443
122	SETDB1	(NC);(NC)	Intron;Intron	0.5415593358087873
123	SETDB1		No Mutation	-0.495230327
124	SETDB1		No Mutation	-0.278148394
125	SETDB1	E309G	Missense	0.5650698886505058
126	SETDB1	(NC)	Splice-donor	-0.632018348
127	SETDB1	(NC)	Splice-donor	-1.080939394
128	SETDB1	(NC);(NC);(NC);(NC)	Intron;Intron;Intron;Intron	-0.358472093
129	SETDB1	(NC);(NC)	Intron;Intron	0.5284871008376223
130	SETDB1	(NC);(NC);(NC);(NC)	Intron;Intron;Intron;Splice-acceptor	0.4439559070678887
131	SETDB1	(NC);(NC);(NC)	Intron;Intron;Splice-acceptor	-1.05542453
132	SETDB1	(NC);K318E	Splice-acceptor;Missense	-1.637541705
133	SETDB1		No Mutation	-0.014189563
134	SETDB1	I333T	Missense	0.5139401357718143
135	SETDB1	Y336H	Missense	-0.272085892
136	SETDB1	Y340C	Missense	0.1188433514469224
137	SETDB1	M345T	Missense	0.1863378084586586
138	SETDB1	V346A	Missense	0.1189140025224222
139	SETDB1	V346A;L347P	Missense;Missense	0.3634480715991059
140	SETDB1	V346A;L347P	Missense;Missense	-0.451545014
141	SETDB1	L348P	Missense	-0.43049542
142	SETDB1	M345V	Missense	0.1370647261840605
143	SETDB1		No Mutation	0.3381347484987189
144	SETDB1		No Mutation	0.4708353667315751
145	SETDB1	S350S	Silent	0.098242524
146	SETDB1	Q352R	Missense	0.050076473
147	SETDB1	I354V	Missense	0.098869179
148	SETDB1	T356T;W358R	Silent;Missense	0.964129252416056
149	SETDB1	I354V;K355G	Missense;Missense	-0.235926057
150	SETDB1	E357G	Missense	0.1106924541340732
151	SETDB1	E357G	Missense	0.3155714223680742
152	SETDB1	K364E	Missense	-0.169730007
153	SETDB1	K364G	Missense	0.1070499344362965
154	SETDB1		No Mutation	0.2168795077312953
155	SETDB1	R366R	Silent	-0.125688746
156	SETDB1	V370A;D371D	Missense;Silent	-0.119162547
157	SETDB1	D371D	Silent	-0.436558219
158	SETDB1	D371G	Missense	0.0151699324668314
159	SETDB1	L374L;R376G	Silent;Missense	-0.309756763
160	SETDB1	F379P	Missense	-0.135623834
161	SETDB1	(NC);(NC);(NC)	Intron;Intron;Intron	0.3207294060055768
162	SETDB1	(NC);(NC)	Intron;Intron	-0.133319337
163	SETDB1		No Mutation	-0.008166417
164	SETDB1	D381G;D382G	Missense;Missense	-0.015941181
165	SETDB1	E386G	Missense	-0.394599693
166	SETDB1	Y389C	Missense	-1.086958596
167	SETDB1	R390R	Silent	0.5005092087966971
168	SETDB1	T403T	Silent	-0.16463526
169	SETDB1	L409P	Missense	-0.239424381
170	SETDB1	A408A	Silent	0.3520722034922575
171	SETDB1		No Mutation	-0.133443902
172	SETDB1	K411R;K412G	Missense;Missense	0.4095486270902225
173	SETDB1	R417G;T418A	Missense;Missense	0.4496765342994162
174	SETDB1	R417G;T418A	Missense;Missense	0.8732440964687027
175	SETDB1	(NC);(NC)	Intron;Intron	-0.148377871
176	SETDB1	(NC)	Intron	0.3253622513121394
177	SETDB1		No Mutation	0.5476484092049583
178	SETDB1	G423G;A424A	Silent;Silent	0.2942030443461658
179	SETDB1		No Mutation	-0.182991587
180	SETDB1		No Mutation	-0.218619054
181	SETDB1		No Mutation	0.2838606597603063
182	SETDB1		No Mutation	0.4143422994092862
183	SETDB1		No Mutation	-0.021536348
184	SETDB1	Y434C;T435A	Missense;Missense	-0.489110832
185	SETDB1	D437D;L438P	Silent;Missense	-0.046207022
186	SETDB1	Q436R;D437G	Missense;Missense	0.4580681802483803
187	SETDB1	F445P	Missense	-0.176497339
188	SETDB1	G442G;T443A	Silent;Missense	0.094696381
189	SETDB1	V448A	Missense	0.0101951769508965
190	SETDB1		No Mutation	0.021667676
191	SETDB1		No Mutation	0.4570287427326305
192	SETDB1	A455A	Silent	-0.137136614
193	SETDB1	A455A	Silent	-0.218444322
194	SETDB1	A455A	Silent	0.030503148
195	SETDB1		No Mutation	-0.417897031
196	SETDB1		No Mutation	0.1303089528983932
197	SETDB1	F461P	Missense	-0.361328086
198	SETDB1		No Mutation	-0.259546369
199	SETDB1	P463P;A464A	Silent;Silent	0.1024679984961675
200	SETDB1	P463P;A464A	Silent;Silent	0.5705459436195969
201	SETDB1	A464A	Silent	-0.039145431
202	SETDB1		No Mutation	-0.274192987
203	SETDB1	P466P;L467P;S468P	Silent;Missense;Missense	-0.189037775
204	SETDB1	L467P;S468P	Missense;Missense	0.051237926
205	SETDB1	S468P	Missense	0.1361098118597534
206	SETDB1		No Mutation	-0.244949441
207	SETDB1		No Mutation	-0.697567845
208	SETDB1		No Mutation	0.8299957488816709
209	SETDB1	S474S	Silent	0.3774521572219366
210	SETDB1	S474S	Silent	0.1432820388325822
211	SETDB1	S474S	Silent	-0.185118251
212	SETDB1	S474S	Silent	0.1437152276900433
213	SETDB1	S474S;(NC)	Silent;Splice-donor	-0.454796718
214	SETDB1	(NC);(NC)	Intron;Intron	-0.094548686
215	SETDB1	(NC)	Intron	-0.400910327
216	SETDB1		No Mutation	0.2312344053121289
217	SETDB1	Q479R	Missense	0.070412943
218	SETDB1		No Mutation	-0.081330417
219	SETDB1		No Mutation	-0.714951463
220	SETDB1	V487A	Missense	0.1889385972409389
221	SETDB1	V487A	Missense	-0.268776091
222	SETDB1	S491G;T492A	Missense;Missense	0.1476567063909744
223	SETDB1		No Mutation	0.114597436195791
224	SETDB1		No Mutation	0.3469162262738903
225	SETDB1	S498S;V499A	Silent;Missense	0.095102339
226	SETDB1	P496P	Silent	-0.27522912
227	SETDB1	S501P	Missense	0.5186045967329082
228	SETDB1	P509P	Silent	0.2546556145685814
229	SETDB1	L511P	Missense	-0.044494034
230	SETDB1	L511P	Missense	0.2909919984428136
231	SETDB1	L511P	Missense	-0.275586614
232	SETDB1	S512G	Missense	0.0141062549673064
233	SETDB1	S512G;E513G	Missense;Missense	0.2621442678857072
234	SETDB1	E513G	Missense	-0.360639706
235	SETDB1		No Mutation	-0.084234295
236	SETDB1		No Mutation	0.1500300581046814
237	SETDB1	I522V	Missense	0.8239524968164864
238	SETDB1	Y526H	Missense	0.006820836
239	SETDB1	Y526C;R527G	Missense;Missense	0.1794804374315388
240	SETDB1	(NC)	Intron	0.4649542481863666
241	SETDB1	S535P	Missense	-0.216992947
242	SETDB1		No Mutation	-0.44417526
243	SETDB1	S540P	Missense	-0.178948147
244	SETDB1	P537P;A538A	Silent;Silent	0.1850593116915745
245	SETDB1	L542P	Missense	-0.057036692
246	SETDB1	L542P	Missense	0.1303275302632048
247	SETDB1	L542P	Missense	0.090573931
248	SETDB1		No Mutation	-0.045636958
249	SETDB1	P545P	Silent	-0.200570632
250	SETDB1		No Mutation	-0.41896177
251	SETDB1		No Mutation	-0.356108577
252	SETDB1	V550A	Missense	0.4157520650577541
253	SETDB1	V550A;F551L	Missense;Missense	0.1206705777919026
254	SETDB1	A547A	Silent	0.3068308237727178
255	SETDB1	V550A;F551P	Missense;Missense	0.6631970462538695
256	SETDB1	F551P	Missense	0.0621080190352186
257	SETDB1	P549P	Silent	0.1428791368064762
258	SETDB1	M554T	Missense	0.7217250949699114
259	SETDB1	M554T	Missense	-0.66274116
260	SETDB1	M554T	Missense	0.2424222723708568
261	SETDB1	M554T;L555P	Missense;Missense	0.3356300331005044
262	SETDB1	H552R	Missense	0.081647454
263	SETDB1	H552R	Missense	0.3483716311023672
264	SETDB1		No Mutation	0.242823193468878
265	SETDB1	Y564H	Missense	0.2940936927795574
266	SETDB1	Y564H	Missense	-0.003722059
267	SETDB1	Y564H	Missense	-0.405464726
268	SETDB1		No Mutation	0.2348185055233063
269	SETDB1	M568T	Missense	0.086735888
270	SETDB1	M568T	Missense	-0.331908744
271	SETDB1	M568T	Missense	-0.122408979
272	SETDB1		No Mutation	0.1187766040653239
273	SETDB1	F572P;Y573H	Missense;Missense	0.3858373526762148
274	SETDB1	F572S;Y573H	Missense;Missense	0.7476374258466876
275	SETDB1	Y580H	Missense	-0.201587318
276	SETDB1	V586A	Missense	0.0245365200325615
277	SETDB1	R585R	Silent	0.006410711
278	SETDB1	R590G	Missense	-0.465416203
279	SETDB1	R590G;N591D	Missense;Missense	0.2061511623956628
280	SETDB1	R590G;N591G	Missense;Missense	-0.058117777
281	SETDB1	Y594H	Missense	0.051721313
282	SETDB1	K597E	Missense	-0.032625005
283	SETDB1	P599P;L600P	Silent;Missense	-1.394968657
284	SETDB1	L604P	Missense	-0.074952327
285	SETDB1	L604P;L605P	Missense;Missense	-1.239313384
286	SETDB1	L604L	Silent	1.5022628006894734
287	SETDB1	L604L;L605L	Silent;Silent	-0.038170141
288	SETDB1	F608P	Missense	-0.939819448
289	SETDB1	F608P	Missense	-0.146283033
290	SETDB1		No Mutation	0.4764723681637845
291	SETDB1		No Mutation	-0.38984014
292	SETDB1		No Mutation	-0.060222262
293	SETDB1	R616R	Silent	0.1035472721695741
294	SETDB1		No Mutation	0.2740489592880911
295	SETDB1	R616R	Silent	0.001697899
296	SETDB1	F623F;H624H	Silent;Silent	-0.435995583
297	SETDB1	I626V;Y627C	Missense;Missense	-0.188652205
298	SETDB1		No Mutation	-0.039535687
299	SETDB1	L635P	Missense	-0.120612931
300	SETDB1		No Mutation	-0.136488781
301	SETDB1	C650R	Missense	-0.576683425
302	SETDB1		No Mutation	-0.023735068
303	SETDB1		No Mutation	0.0389651440163016
304	SETDB1	F658P;C659R	Missense;Missense	-1.316234889
305	SETDB1	C659C;L660P	Silent;Missense	0.2073143958555745
306	SETDB1	D661G	Missense	-0.142075823
307	SETDB1		No Mutation	0.7726584131605794
308	SETDB1	Y673H	Missense	-0.047577644
309	SETDB1	Y677H;Y678H	Missense;Missense	0.6521819856085511
310	SETDB1	Y678H	Missense	0.4646802671108174
311	SETDB1	L680P	Missense	-0.027786724
312	SETDB1	D681G;I682V	Missense;Missense	-0.917111158
313	SETDB1	N695N	Silent	-0.222778001
314	SETDB1	N695N	Silent	-0.273843308
315	SETDB1	N695N	Silent	-0.077703328
316	SETDB1	I697T	Missense	-0.401190525
317	SETDB1	T699A;T700A	Missense;Missense	0.05387013
318	SETDB1	T699T;T700A	Silent;Missense	-0.017871945
319	SETDB1	V705A	Missense	-0.69428424
320	SETDB1	Y707H	Missense	-0.610910422
321	SETDB1	Y707H	Missense	0.007023838
322	SETDB1	Q704R	Missense	-0.146217093
323	SETDB1	Y707H	Missense	-0.367568959
324	SETDB1		No Mutation	-0.019359235
325	SETDB1		No Mutation	-0.041128587
326	SETDB1		No Mutation	0.079947621
327	SETDB1	S708G;K709E	Missense;Missense	-0.768202622
328	SETDB1	S708G;K709G	Missense;Missense	-0.866023762
329	SETDB1	R711R;I712T	Silent;Missense	0.3406519109804369
330	SETDB1	E710G	Missense	0.056831816
331	SETDB1	E710G	Missense	0.335486530134204
332	SETDB1	V717V;F718P	Silent;Missense	-0.407285899
333	SETDB1	F718P;I719T	Missense;Missense	0.053130572
334	SETDB1	T721A	Missense	-0.114353521
335	SETDB1		No Mutation	0.001751954
336	SETDB1	V727V;C729R	Silent;Missense	-0.943353154
337	SETDB1	C729R	Missense	-0.015109172
338	SETDB1		No Mutation	0.6792039071445315
339	SETDB1		No Mutation	-0.166284301
340	SETDB1		No Mutation	0.3144690425013167
341	SETDB1	D730G	Missense	-0.596113758
342	SETDB1	K732E	Missense	0.0104899662668007
343	SETDB1		No Mutation	-0.04494499
344	SETDB1	D737G	Missense	0.7461372236837367
345	SETDB1	D737G	Missense	-0.217473545
346	SETDB1	D737G;K738E	Missense;Missense	0.3775283298273888
347	SETDB1	D737G;K738G	Missense;Missense	-0.293633502
348	SETDB1	D737G;K738G	Missense;Missense	0.308856192
349	SETDB1	(NC)	Intron	-0.235845199
350	SETDB1	(NC);(NC)	Intron;Intron	-0.487507026
351	SETDB1	S739P	Missense	0.5371629352332478
352	SETDB1	S739P	Missense	0.053142366
353	SETDB1	H744H	Silent	0.4474871500896171
354	SETDB1	H744R	Missense	0.079213859
355	SETDB1	T747T;I748T	Silent;Missense	0.2686711264549497
356	SETDB1		No Mutation	0.4086517647840391
357	SETDB1	T751A	Missense	-0.140519156
358	SETDB1	C753C	Silent	-0.064974667
359	SETDB1	T751A	Missense	0.1223151653259122
360	SETDB1		No Mutation	0.1055656102201496
361	SETDB1	I759T	Missense	0.2820951132402124
362	SETDB1		No Mutation	-0.226360619
363	SETDB1		No Mutation	0.4648141362494881
364	SETDB1	Q758R;I759V	Missense;Missense	0.3969228833057517
365	SETDB1	S763P	Missense	-0.443891776
366	SETDB1	Y767H	Missense	0.4827717197408938
367	SETDB1	Y767H	Missense	-0.261554043
368	SETDB1		No Mutation	-0.522668039
369	SETDB1	E771G;E772G	Missense;Missense	0.1120154542011896
370	SETDB1	E771G;E772G	Missense;Missense	0.3618944284798535
371	SETDB1	L774L	Silent	-0.044662719
372	SETDB1	T776A	Missense	-0.24014826
373	SETDB1	(NC)	Intron	-0.090073108
374	SETDB1	(NC);(NC)	Intron;Intron	-0.322561972
375	SETDB1	(NC)	Intron	-0.640429668
376	SETDB1	(NC)	Intron	-0.32943222
377	SETDB1	Y779H	Missense	-0.163478095
378	SETDB1	C781R	Missense	-0.970282291
379	SETDB1	C781R	Missense	-0.049893766
380	SETDB1	C781C	Silent	0.5072716928934203
381	SETDB1	P789P;N790G	Silent;Missense	0.8863205420099336
382	SETDB1	M791V	Missense	0.0303865533607553
383	SETDB1		No Mutation	0.2511076294895271
384	SETDB1		No Mutation	0.1093578225282014
385	SETDB1	N794G	Missense	0.6230799014765129
386	SETDB1	H799H	Silent	-0.282474832
387	SETDB1	Q798R;H799R	Missense;Missense	-0.140120773
388	SETDB1	L807L;K809E	Silent;Missense	-0.018846493
389	SETDB1	K809G	Missense	-0.007324757
390	SETDB1	K809R;T810A	Missense;Missense	0.1775000011013281
391	SETDB1	T810A	Missense	0.3154580204217247
392	SETDB1	T810A;Q811R	Missense;Missense	0.9039193581533967
393	SETDB1		No Mutation	-0.373713065
394	SETDB1	I823T	Missense	0.2825748060990204
395	SETDB1	D821G	Missense	-0.378869379
396	SETDB1	V829A;C830R	Missense;Missense	-0.195996556
397	SETDB1		No Mutation	0.407422877784472
398	SETDB1		No Mutation	-0.090187916
399	SETDB1		No Mutation	0.1090275552473447
400	SETDB1	(NC);(NC)	Intron;Intron	0.3409065091855203
401	SETDB1	(NC);(NC);(NC)	Intron;Intron;Intron	0.3023037216059103
402	SETDB1	T838T;D839G	Silent;Missense	-0.127611757
403	SETDB1	F841F	Silent	-0.094989866
404	SETDB1	D840G	Missense	-0.136966071
405	SETDB1	D840G	Missense	0.7833528107183811
406	SETDB1	A842A	Silent	-0.017586795
407	SETDB1	K844G	Missense	-0.820478448
408	SETDB1	K844G;E845G	Missense;Missense	-1.376773516
409	SETDB1	E852G	Missense	-0.592732177
410	SETDB1	D858G	Missense	-1.599114004
411	SETDB1		No Mutation	-0.172982104
412	SETDB1	E864G	Missense	0.064515259
413	SETDB1		No Mutation	0.08467048
414	SETDB1		No Mutation	-0.189958649
415	SETDB1		No Mutation	0.08894528
416	SETDB1		No Mutation	0.6332549362918832
417	SETDB1	S881S	Silent	0.8374687088724448
418	SETDB1	G882G;V883A	Silent;Missense	0.1373387786594475
419	SETDB1	S881G	Missense	0.8628820559516232
420	SETDB1	V883V	Silent	0.3904895461475532
421	SETDB1	K886G	Missense	0.6463777011780705
422	SETDB1	Q888R;E889G	Missense;Missense	-0.493276153
423	SETDB1		No Mutation	-0.148868974
424	SETDB1	N892D	Missense	-0.06776504
425	SETDB1	N902N;D903D	Silent;Silent	-0.337295081
426	SETDB1	D903D	Silent	0.1815760722227088
427	SETDB1	D907D	Silent	-0.724822451
428	SETDB1	S906S;D907G	Silent;Missense	0.00500341
429	SETDB1	N909G	Missense	0.2644096107125192
430	SETDB1	S917G	Missense	0.1428852207571813
431	SETDB1	T918A	Missense	0.4428418810479877
432	SETDB1		No Mutation	-0.26564266
433	SETDB1		No Mutation	0.083788393
434	SETDB1	S924G	Missense	0.2296534237929481
435	SETDB1	T927A	Missense	0.080012547
436	SETDB1	T927A	Missense	-0.587964379
437	SETDB1	T927A	Missense	0.087338453
438	SETDB1		No Mutation	0.1356880988484685
439	SETDB1		No Mutation	-0.236570391
440	SETDB1		No Mutation	0.2004323132956174
441	SETDB1		No Mutation	-0.531001991
442	SETDB1		No Mutation	-0.384641672
443	SETDB1	L939P;S940P	Missense;Missense	0.1600968755962737
444	SETDB1		No Mutation	-0.620024376
445	SETDB1		No Mutation	0.4692179933171551
446	SETDB1	H948R	Missense	-0.097475761
447	SETDB1	L952P	Missense	0.4864327725675135
448	SETDB1	L952L	Silent	0.1358939394403507
449	SETDB1		No Mutation	0.189107152624947
450	SETDB1		No Mutation	0.094160058
451	SETDB1		No Mutation	0.212482250113409
452	SETDB1		No Mutation	-0.233573116
453	SETDB1		No Mutation	0.1078677812474805
454	SETDB1	V959A	Missense	0.2882259751637339
455	SETDB1	V959A;P960P	Missense;Silent	0.7361994046697193
456	SETDB1	V959V;P960P	Silent;Silent	0.4760438753497409
457	SETDB1	P960P	Silent	0.143221344
458	SETDB1		No Mutation	0.5383885635263564
459	SETDB1	I963T	Missense	0.3209032550671662
460	SETDB1		No Mutation	0.1695665263897844
461	SETDB1	V965A	Missense	0.172408182548833
462	SETDB1	G966G	Silent	0.031836957514376
463	SETDB1	G966G	Silent	-0.23026637
464	SETDB1	N969N	Silent	0.032416184
465	SETDB1	N969N	Silent	0.029343613
466	SETDB1		No Mutation	-0.036142029
467	SETDB1		No Mutation	0.0361471770723045
468	SETDB1		No Mutation	-0.414091659
469	SETDB1	E974E;E975G;T976A	Silent;Missense;Missense	0.1007466198396271
470	SETDB1		No Mutation	-0.197467693
471	SETDB1	T976A	Missense	0.1662287432406632
472	SETDB1	K978R;N979G	Missense;Missense	0.5769444552989412
473	SETDB1	S983P	Missense	0.0203794020070908
474	SETDB1	S983P	Missense	0.3697419216617962
475	SETDB1	N988N	Silent	-0.319456025
476	SETDB1	N988G	Missense	-0.47073991
477	SETDB1	N988G;S989G	Missense;Missense	-0.185641797
478	SETDB1	T1006T	Silent	-0.47891663
479	SETDB1		No Mutation	-0.931240272
480	SETDB1	K1005G	Missense	-0.379697741
481	SETDB1	K1005G	Missense	0.1830302285160806
482	SETDB1	K1005G;T1006A	Missense;Missense	0.071508655
483	SETDB1	G1009G	Silent	0.5693519452032573
484	SETDB1	T1006A;N1007D	Missense;Missense	-0.182570189
485	SETDB1	T1006A;N1007G	Missense;Missense	0.4238084455896811
486	SETDB1	N1007S;E1008G	Missense;Missense	0.3224907088435939
487	SETDB1	E1008G	Missense	-0.401047231
488	SETDB1		No Mutation	0.087750833
489	SETDB1		No Mutation	0.5364954041324645
490	SETDB1		No Mutation	-0.058336728
491	SETDB1	E1011G	Missense	-0.287836028
492	SETDB1		No Mutation	-0.03319946
493	SETDB1		No Mutation	-0.53806484
494	SETDB1		No Mutation	0.2172530304465785
495	SETDB1	R1018R;M1019V	Silent;Missense	-0.015949743
496	SETDB1		No Mutation	-0.392610307
497	SETDB1	E1022G;K1023G	Missense;Missense	-0.042690994
498	SETDB1		No Mutation	-0.047535952
499	SETDB1	L1029P	Missense	-0.239692497
500	SETDB1	S1027S	Silent	0.1828521903775884
501	SETDB1	I1031T	Missense	0.2648939919996542
502	SETDB1	I1031T	Missense	0.2074975392089462
503	SETDB1	G1028G;L1029L	Silent;Silent	-0.414718029
504	SETDB1	L1029L	Silent	0.1731252541714411
505	SETDB1	E1034G	Missense	-0.015817345
506	SETDB1	K1038G	Missense	0.2484642876121164
507	SETDB1	K1041G;K1042G	Missense;Missense	0.1145878914775779
508	SETDB1	(NC)	Intron	0.3468378291275822
509	SETDB1	(NC);(NC);(NC)	Intron;Intron;Intron	0.2951622943950304
510	SETDB1	(NC);(NC)	Intron;Intron	0.0152991083115054
511	SETDB1		No Mutation	-0.542786579
512	SETDB1	V1053A;(NC)	Missense;Splice-donor	-1.145675293
513	SETDB1	V1054A	Missense	0.2956258213586637
514	SETDB1	V1054A;T1055T	Missense;Silent	-0.061421248
515	SETDB1	V1054V;T1055T	Silent;Silent	0.335117832901034
516	SETDB1	T1055T	Silent	0.4991144391982158
517	SETDB1		No Mutation	-0.177437908
518	SETDB1		No Mutation	-0.595199039
519	SETDB1	E1056G;S1057G	Missense;Missense	-0.172770857
520	SETDB1		No Mutation	0.2036451547801278
521	SETDB1	P1070P	Silent	0.098778195
522	SETDB1	L1073P	Missense	0.3734761618523124
523	SETDB1		No Mutation	-0.680419275
524	SETDB1	T1080T	Silent	0.1830441586578779
525	SETDB1	T1080T;S1081S	Silent;Silent	-0.107320487
526	SETDB1	S1081S;M1082T	Silent;Missense	-0.237696068
527	SETDB1	M1082T	Missense	0.7130107595748469
528	SETDB1	Q1084R;S1085G	Missense;Missense	0.2023533327818926
529	SETDB1	A1090A;S1091P	Silent;Missense	0.1179655363541871
530	SETDB1	(NC)	Intron	0.1545259048974066
531	SETDB1	(NC)	Intron	-0.341920955
532	SETDB1	(NC)	Intron	-0.065705637
533	SETDB1	(NC)	Intron	-0.117301901
534	SETDB1	D1098D	Silent	0.3079620816445081
535	SETDB1	D1098D	Silent	-0.27376074
536	SETDB1	D1098D;V1099A	Silent;Missense	0.2076551878674051
537	SETDB1	L1102P	Missense	0.1325437952732348
538	SETDB1	L1102P	Missense	-0.03918536
539	SETDB1	L1102P;S1103P	Missense;Missense	0.127576117933486
540	SETDB1		No Mutation	0.0537662309195599
541	SETDB1	S1104G;S1105G	Missense;Missense	-0.261382931
542	SETDB1	S1104G;S1105G	Missense;Missense	-0.742534218
543	SETDB1	S1105G	Missense	-0.304552997
544	SETDB1	S1105G;T1106A	Missense;Missense	0.1160349235266454
545	SETDB1	S1108S	Silent	0.6919131942413376
546	SETDB1	E1107G;S1108G	Missense;Missense	-0.031756709
547	SETDB1	E1107G;S1108G	Missense;Missense	-0.80265636
548	SETDB1	S1115G	Missense	0.2743064040827491
549	SETDB1	T1119T;A1120A	Silent;Silent	0.2816021324429232
550	SETDB1	A1120A;G1121G	Silent;Silent	-0.191918643
551	SETDB1	T1119A	Missense	-0.05378268
552	SETDB1	T1123T;S1124P	Silent;Missense	0.1178540087737267
553	SETDB1	T1123T;S1124P	Silent;Missense	0.2775176373296522
554	SETDB1	Q1122R;T1123A	Missense;Missense	0.0279353977384052
555	SETDB1	I1133V;Q1134R	Missense;Missense	0.243314395567313
556	SETDB1	S1138S;S1140P	Silent;Missense	0.067099325
557	SETDB1	I1136V	Missense	-0.433896439
558	SETDB1	I1136M	Missense	-0.541166908
559	SETDB1	I1136M	Missense	0.1434386088739255
560	SETDB1	S1140S	Silent	-0.021725828
561	SETDB1	D1143D	Silent	-0.186246153
562	SETDB1	E1141G	Missense	-0.98259934
563	SETDB1	D1147G;K1148G	Missense;Missense	-0.199718139
564	SETDB1	N1150G;M1151V	Missense;Missense	0.093007351
565	SETDB1	(NC)	Intron	0.2205841306221748
566	SETDB1	(NC)	Intron	-0.179693038
567	SETDB1	(NC);(NC)	Intron;Intron	-0.063115358
568	SETDB1	(NC)	Intron	-0.380010921
569	SETDB1	(NC)	Intron	-0.312712355
570	SETDB1	M1155T	Missense	-0.259082008
571	SETDB1	M1155T	Missense	-0.365539562
572	SETDB1	M1155T	Missense	0.2327350039566658
573	SETDB1	P1154P;M1155V	Silent;Missense	-0.621180639
574	SETDB1	R1157R	Silent	-0.002192185
575	SETDB1	V1159A	Missense	1.2526100908354585
576	SETDB1	A1160A	Silent	-0.175231031
577	SETDB1	L1169P	Missense	0.2682881787090307
578	SETDB1	L1169L;S1171P	Silent;Missense	0.2231386447195116
579	SETDB1		No Mutation	-0.775422465
580	SETDB1		No Mutation	-0.38585805
581	SETDB1	I1177T	Missense	0.2706049584584959
582	SETDB1	I1177I;S1179P	Silent;Missense	0.025342777
583	SETDB1	A1176A;I1177V;K1178E	Silent;Missense;Missense	0.5252950899404789
584	SETDB1	S1179S;T1180A;N1181D	Silent;Missense;Missense	-0.331915393
585	SETDB1	M1182V	Missense	-0.287154252
586	SETDB1	M1182V	Missense	-0.144098334
587	SETDB1		No Mutation	0.3242426719388378
588	SETDB1	V1185A	Missense	0.0174796550639685
589	SETDB1		No Mutation	0.0445713474520755
590	SETDB1		No Mutation	0.1154295661148766
591	SETDB1		No Mutation	-0.365688455
592	SETDB1	T1197A	Missense	0.9198536618690742
593	SETDB1	Q1199R	Missense	0.1259579951801681
594	SETDB1		No Mutation	0.1832435475282344
595	SETDB1	I1210V;D1211G	Missense;Missense	0.7127176390373218
596	SETDB1	K1213G	Missense	0.027148788443322
597	SETDB1	K1213G	Missense	0.094331655
598	SETDB1	L1218P	Missense	0.1207163768738344
599	SETDB1		No Mutation	-0.198747027
600	SETDB1		No Mutation	-0.749130707
601	SETDB1	(NC);(NC)	Intron;Intron	-0.397965735
602	SETDB1		No Mutation	-0.132628844
603	SETDB1	S1225S	Silent	-0.776815478
604	SETDB1		No Mutation	-0.044326122
605	SETDB1		No Mutation	-0.073784105
606	SETDB1		No Mutation	0.082981543
607	SETDB1	N1234N	Silent	1.196348208021308
608	SETDB1		No Mutation	0.3778620983138316
609	SETDB1	N1234N;V1235A;F1236L	Silent;Missense;Missense	0.4311198647948331
610	SETDB1	D1238D	Silent	-0.236032191
611	SETDB1	H1240R;D1241G	Missense;Missense	-0.310422264
612	SETDB1	D1241G	Missense	-1.040964784
613	SETDB1	F1244S	Missense	-0.488817517
614	SETDB1		No Mutation	-0.192995932
615	SETDB1	W1246R	Missense	-0.441077845
616	SETDB1	F1250P	Missense	-0.251419255
617	SETDB1	F1250P	Missense	-0.305180676
618	SETDB1	F1250S	Missense	0.5662421063434517
619	SETDB1		No Mutation	-0.079405308
620	SETDB1	(NC)	Splice-donor	-1.10672325
621	SETDB1	S1252G	Missense	-0.300243376
622	SETDB1	K1253G;(NC)	Missense;Intron	0.007745874
623	SETDB1	K1253R;(NC);(NC)	Missense;Intron;Intron	-0.293140581
624	SETDB1	(NC)	Intron	-0.055041372
625	SETDB1	(NC);(NC)	Intron;Intron	-1.574250204
626	SETDB1	(NC);(NC);(NC)	Intron;Intron;Intron	0.1037594210882304
627	SETDB1		No Mutation	0.7728111771115055
628	SETDB1		No Mutation	-1.319418072
629	SETDB1		No Mutation	-0.182360274
630	SETDB1	(NC)	Splice-acceptor	-0.877872203
631	SETDB1	(NC);K1253K	Splice-acceptor;Silent	-0.953116274
632	SETDB1		No Mutation	-0.09781951
633	SETDB1		No Mutation	0.197204857533202
634	SETDB1	T1259A	Missense	-0.060882168
635	SETDB1	L1261P	Missense	0.2959961535781072
636	SETDB1		No Mutation	-0.364716943
637	SETDB1	D1264G	Missense	-1.751871339
638	SETDB1	D1264G;Y1265C	Missense;Missense	-1.930447059
639	SETDB1	Y1267C	Missense	-0.375875979
640	SETDB1	E1268G	Missense	-1.169589354
641	SETDB1	S1271G	Missense	0.8937635595063385
642	SETDB1	E1276G	Missense	-0.081650122
643	SETDB1	E1276G;L1277L	Missense;Silent	0.005667506
644	SETDB1	L1277L	Silent	0.2813141767332165
645	SETDB1		No Mutation	-0.331039057
646	SETDB1	R1289R	Silent	0.6888890590385381
647	SETDB1	R1287R;G1288G	Silent;Silent	-0.171653584
648	TRIM28		No Mutation	0.4142308706662666
649	TRIM28		No Mutation	-0.298799157
650	TRIM28		No Mutation	-0.200554959
651	TRIM28		No Mutation	-0.101235843
652	TRIM28	M1T	Missense	-1.604323058
653	TRIM28	M1T	Missense	-1.346671756
654	TRIM28	M1T	Missense	-0.3936268
655	TRIM28	M1T	Missense	-0.99140767
656	TRIM28	(NC);M1V	UTR;Missense	-1.349112392
657	TRIM28	(NC);M1V	UTR;Missense	-1.485018489
658	TRIM28		No Mutation	0.6052016865398722
659	TRIM28	S9P	Missense	0.5731776763058161
660	TRIM28		No Mutation	-0.357146375
661	TRIM28	A7A	Silent	0.0506990868125928
662	TRIM28		No Mutation	-0.211449532
663	TRIM28	S14P	Missense	0.071479722
664	TRIM28		No Mutation	-0.243050058
665	TRIM28		No Mutation	-0.051504258
666	TRIM28		No Mutation	-0.354535146
667	TRIM28		No Mutation	0.2345661061316328
668	TRIM28		No Mutation	-0.012669099
669	TRIM28		No Mutation	-0.332624556
670	TRIM28		No Mutation	-0.104716133
671	TRIM28		No Mutation	-0.048810077
672	TRIM28	S19G	Missense	-0.01190246
673	TRIM28	S19G	Missense	-0.011721729
674	TRIM28	S26P	Missense	-0.242795227
675	TRIM28		No Mutation	-0.227067264
676	TRIM28	S26P	Missense	-0.223657596
677	TRIM28	E24G	Missense	0.2239106709553068
678	TRIM28	A27A	Silent	-0.482254628
679	TRIM28	A27A	Silent	0.2633624615951979
680	TRIM28		No Mutation	-0.004794806
681	TRIM28		No Mutation	0.1931185283454286
682	TRIM28		No Mutation	0.3881116916924116
683	TRIM28		No Mutation	0.0465169850173796
684	TRIM28	S41P	Missense	0.0523513832907784
685	TRIM28	S41P	Missense	0.061658307
686	TRIM28	S41P	Missense	0.1399971501720889
687	TRIM28	S43S	Silent	-0.014364085
688	TRIM28		No Mutation	0.05886266
689	TRIM28		No Mutation	-0.069378012
690	TRIM28		No Mutation	0.1143296615421282
691	TRIM28	S50P	Missense	0.072088727
692	TRIM28		No Mutation	0.3681257915429166
693	TRIM28		No Mutation	-0.027155036
694	TRIM28		No Mutation	0.2047976039220227
695	TRIM28		No Mutation	-0.235987939
696	TRIM28		No Mutation	-0.125291976
697	TRIM28		No Mutation	0.4988311434188429
698	TRIM28		No Mutation	0.1513432660647096
699	TRIM28		No Mutation	0.1383083661922484
700	TRIM28		No Mutation	-0.27496378
701	TRIM28		No Mutation	0.1265559934210398
702	TRIM28		No Mutation	-0.027381504
703	TRIM28	E57G	Missense	-0.283653842
704	TRIM28	L61P;L62P	Missense;Missense	0.073337903
705	TRIM28	E60G	Missense	0.135372843823795
706	TRIM28	E70G	Missense	-0.327597932
707	TRIM28		No Mutation	-0.221045186
708	TRIM28		No Mutation	0.4303295833894155
709	TRIM28	L80P	Missense	-1.771920155
710	TRIM28	L80P	Missense	-2.303194565
711	TRIM28	C83R;L84P	Missense;Missense	-1.34128465
712	TRIM28	C83C;L84P	Silent;Missense	-1.765070535
713	TRIM28		No Mutation	-0.091441717
714	TRIM28	C83C;L84P	Silent;Missense	-0.85888714
715	TRIM28	S86P	Missense	-0.425404082
716	TRIM28	C88R	Missense	-1.958839723
717	TRIM28	C88R	Missense	-1.105387087
718	TRIM28		No Mutation	0.1803614942961778
719	TRIM28		No Mutation	-0.079415232
720	TRIM28	L92S	Missense	-1.403488574
721	TRIM28		No Mutation	-0.048444673
722	TRIM28		No Mutation	0.4495532057132643
723	TRIM28		No Mutation	0.1045571342612283
724	TRIM28		No Mutation	0.0139445427550164
725	TRIM28		No Mutation	0.5514353764997927
726	TRIM28		No Mutation	-0.224784195
727	TRIM28		No Mutation	0.07484413
728	TRIM28		No Mutation	0.2469658449595569
729	TRIM28		No Mutation	-0.178955724
730	TRIM28	S103P	Missense	0.5252055442115667
731	TRIM28	S103P	Missense	-0.223820055
732	TRIM28	S103P	Missense	0.090130103
733	TRIM28	N101G	Missense	-0.297907874
734	TRIM28		No Mutation	-0.348676736
735	TRIM28	N101G;S102G	Missense;Missense	-0.487654982
736	TRIM28	N101S;S102G	Missense;Missense	0.5093968571455234
737	TRIM28		No Mutation	0.036327347
738	TRIM28	S102G	Missense	-0.060826501
739	TRIM28		No Mutation	-0.267792997
740	TRIM28		No Mutation	-0.461515609
741	TRIM28		No Mutation	0.4085311632243933
742	TRIM28	D105G	Missense	0.1949149472415356
743	TRIM28		No Mutation	0.0254667070337341
744	TRIM28		No Mutation	0.5521948039492866
745	TRIM28	(NC);(NC)	Intron;Intron	0.7185035460119022
746	TRIM28	(NC);(NC)	Intron;Intron	0.188768615224758
747	TRIM28	(NC)	Intron	0.4475624651227281
748	TRIM28	(NC)	Intron	0.3523449302150293
749	TRIM28	(NC)	Intron	-0.389650725
750	TRIM28		No Mutation	0.1628266333913544
751	TRIM28	V114A;V115A	Missense;Missense	-0.120965789
752	TRIM28	V115A	Missense	0.4602280671702099
753	TRIM28	C124R	Missense	-1.661293839
754	TRIM28	C124R	Missense	-1.195091925
755	TRIM28		No Mutation	0.3576879115945631
756	TRIM28	N132N	Silent	0.2687699104179761
757	TRIM28	Y133C	Missense	0.012055334
758	TRIM28		No Mutation	0.5067664640590267
759	TRIM28		No Mutation	-0.063890642
760	TRIM28	D148D	Silent	-0.028452554
761	TRIM28		No Mutation	0.1208218662154493
762	TRIM28		No Mutation	-0.463816883
763	TRIM28	(NC)	Splice-donor	-0.986250695
764	TRIM28	(NC)	Splice-donor	-0.754542787
765	TRIM28	(NC)	Intron	0.3039060620832173
766	TRIM28	C152R	Missense	-0.215338013
767	TRIM28	C152R	Missense	0.3336658165964902
768	TRIM28	C153R	Missense	0.5693319696311998
769	TRIM28		No Mutation	-1.200293775
770	TRIM28	P161P;T163A	Silent;Missense	-0.131034557
771	TRIM28	C166R	Missense	0.1727749379060333
772	TRIM28	C166R	Missense	0.469527169386135
773	TRIM28	C166R;V167A	Missense;Missense	-0.119926661
774	TRIM28	V167A	Missense	0.8454756113406374
775	TRIM28	Y165C	Missense	0.096248424
776	TRIM28	C169R	Missense	0.5948067184848123
777	TRIM28		No Mutation	0.1659067719640738
778	TRIM28	C177R;V178A	Missense;Missense	0.6139744061626252
779	TRIM28	V178V	Silent	0.090822789
780	TRIM28	V178V	Silent	0.3214700279299268
781	TRIM28		No Mutation	-0.69633027
782	TRIM28		No Mutation	-0.692320506
783	TRIM28		No Mutation	0.087689897
784	TRIM28	V192A	Missense	0.3334995554407481
785	TRIM28	H190R;T191A	Missense;Missense	-0.245698389
786	TRIM28	S194S;T195T	Silent;Silent	0.2259646376479301
787	TRIM28		No Mutation	0.466739302586412
788	TRIM28	T195A	Missense	-0.447367279
789	TRIM28		No Mutation	0.302258459
790	TRIM28	(NC)	Intron	-0.950498674
791	TRIM28	(NC)	Intron	-0.929871059
792	TRIM28	(NC);(NC)	Intron;Intron	-0.682543797
793	TRIM28	(NC)	Intron	0.08999808
794	TRIM28	(NC);(NC)	Intron;Intron	-0.15421118
795	TRIM28	(NC);(NC)	Intron;Intron	0.2082361645379109
796	TRIM28	(NC)	Intron	0.462721585571579
797	TRIM28		No Mutation	-0.045272562
798	TRIM28		No Mutation	0.1939416032476143
799	TRIM28	(NC)	Splice-acceptor	-1.401383434
800	TRIM28	(NC)	Splice-acceptor	-1.209955319
801	TRIM28	S200P	Missense	0.0246202639991057
802	TRIM28	S200P	Missense	0.2920282636548328
803	TRIM28	P197P	Silent	0.0479995911930165
804	TRIM28	S200P	Missense	0.3333610659115924
805	TRIM28	D202D	Silent	0.3455462103304179
806	TRIM28	G203G	Silent	0.038598082
807	TRIM28	C221R	Missense	-1.120762992
808	TRIM28	C221C	Silent	-0.879096134
809	TRIM28	C221C	Silent	-0.246958762
810	TRIM28	L234P	Missense	0.2818178720069868
811	TRIM28	N235N	Silent	0.3736528488008098
812	TRIM28	Q233R	Missense	0.095366654
813	TRIM28		No Mutation	0.4785930466112938
814	TRIM28	(NC)	Splice-donor	-1.613855307
815	TRIM28	(NC)	Splice-donor	-1.56199016
816	TRIM28	D239G;H240R	Missense;Missense	-1.402382111
817	TRIM28		No Mutation	0.036607891
818	TRIM28	(NC)	Intron	-1.069457438
819	TRIM28	(NC)	Intron	0.0448278015294944
820	TRIM28	(NC)	Intron	0.031305268
821	TRIM28	(NC);(NC)	Intron;Intron	0.066713436
822	TRIM28	(NC);(NC)	Intron;Intron	-0.155808552
823	TRIM28	L245L	Silent	0.5487084254465847
824	TRIM28	D247D	Silent	0.4315457815569523
825	TRIM28	N251G	Missense	0.3492947168266075
826	TRIM28	K254G	Missense	0.060433325
827	TRIM28	S258P	Missense	-1.148239318
828	TRIM28		No Mutation	0.2966001594168836
829	TRIM28	S258S	Silent	-0.088867097
830	TRIM28	S258S	Silent	-0.200267983
831	TRIM28	S258S	Silent	-0.155188368
832	TRIM28	L263P	Missense	-1.516354442
833	TRIM28	H267H	Silent	-0.299951673
834	TRIM28	T269T	Silent	0.2841939805780507
835	TRIM28	Q271R;K272E	Missense;Missense	-0.197313179
836	TRIM28	S280P	Missense	-1.517195624
837	TRIM28		No Mutation	0.2323717468772256
838	TRIM28	S279G	Missense	0.3198560250153057
839	TRIM28		No Mutation	0.2072374082487929
840	TRIM28	(NC)	Intron	-0.283515417
841	TRIM28	(NC);(NC)	Intron;Intron	-0.37741643
842	TRIM28		No Mutation	-0.085936077
843	TRIM28		No Mutation	0.5089286379852047
844	TRIM28	(NC)	Intron	0.063764139
845	TRIM28	I281T	Missense	0.031896258
846	TRIM28		No Mutation	-0.030421095
847	TRIM28	V284A	Missense	0.2631853954660103
848	TRIM28	V284A;S285P	Missense;Missense	-0.208241449
849	TRIM28	V284A;S285P	Missense;Missense	-0.033157545
850	TRIM28	V287A	Missense	0.7956360594650869
851	TRIM28		No Mutation	0.1957109816902876
852	TRIM28	V287V;Q288R;K289E	Silent;Missense;Missense	-0.722282266
853	TRIM28	Q292R	Missense	0.3513668287685882
854	TRIM28	I299V	Missense	-0.38943279
855	TRIM28	M303T	Missense	-0.981408974
856	TRIM28		No Mutation	-0.368773268
857	TRIM28	K304G	Missense	-0.637893058
858	TRIM28	K304G	Missense	-0.396381656
859	TRIM28	K304G;E305G	Missense;Missense	0.084067521
860	TRIM28	K308G	Missense	-0.263346692
861	TRIM28		No Mutation	0.1907204891593506
862	TRIM28	N315N;D316D	Silent;Silent	0.5136031797757706
863	TRIM28	Q318R	Missense	0.2044276535703729
864	TRIM28	(NC)	Intron	0.2143381183806432
865	TRIM28		No Mutation	-0.324957376
866	TRIM28		No Mutation	-0.013492633
867	TRIM28		No Mutation	-0.051732544
868	TRIM28	(NC);(NC)	Intron;Intron	-0.305914483
869	TRIM28	(NC)	Intron	-0.321523743
870	TRIM28	V320A	Missense	0.3222748968765356
871	TRIM28		No Mutation	-0.169894528
872	TRIM28	(NC)	Splice-acceptor	-0.878033071
873	TRIM28	(NC)	Splice-acceptor	-1.183258438
874	TRIM28	T321A	Missense	0.1691040357534943
875	TRIM28		No Mutation	-0.122053569
876	TRIM28	Q324R;Q325R	Missense;Missense	0.4578386261563401
877	TRIM28		No Mutation	-0.178454917
878	TRIM28	W333R	Missense	0.2957293095661026
879	TRIM28		No Mutation	0.6019672553975044
880	TRIM28	K337G;I338V	Missense;Missense	0.056934843
881	TRIM28		No Mutation	0.194474476378734
882	TRIM28		No Mutation	-0.091191522
883	TRIM28	F348L	Missense	-0.171561965
884	TRIM28		No Mutation	0.070411154
885	TRIM28		No Mutation	0.1579889549865585
886	TRIM28		No Mutation	-0.135542556
887	TRIM28	S355S	Silent	0.052577591
888	TRIM28		No Mutation	0.4691439457344057
889	TRIM28	L367L	Silent	-0.132970468
890	TRIM28	K365G;K366G	Missense;Missense	-0.065930725
891	TRIM28	K366G	Missense	0.058596817
892	TRIM28	K366R	Missense	-0.533395873
893	TRIM28	(NC)	Intron	0.2168772160541108
894	TRIM28	(NC)	Intron	0.1328658373503179
895	TRIM28		No Mutation	-0.741645171
896	TRIM28		No Mutation	-0.054648593
897	TRIM28	I368T	Missense	-0.149918489
898	TRIM28	F370P	Missense	-0.477129432
899	TRIM28	F370S	Missense	-1.023099852
900	TRIM28	Y369C	Missense	0.1098436480770465
901	TRIM28	Y369C	Missense	-0.26945312
902	TRIM28	L372P	Missense	-1.931046011
903	TRIM28	L376P	Missense	-0.357225469
904	TRIM28		No Mutation	0.147737632127055
905	TRIM28	I379T	Missense	0.048999489
906	TRIM28	V380A;D381D	Missense;Silent	-0.271758632
907	TRIM28	M378V;I379V	Missense;Missense	-0.156318526
908	TRIM28	D381D	Silent	0.1425187136303652
909	TRIM28	D381G	Missense	0.009646956
910	TRIM28		No Mutation	-0.035461586
911	TRIM28		No Mutation	0.8956184470098001
912	TRIM28	F391P	Missense	0.1161815678979516
913	TRIM28	E388G	Missense	-0.142536855
914	TRIM28	E388G;M389V	Missense;Missense	0.1931016641479263
915	TRIM28	Q392R	Missense	0.6589992301047549
916	TRIM28		No Mutation	0.3008178196093912
917	TRIM28	T399A	Missense	0.1278858872887395
918	TRIM28		No Mutation	-0.040889788
919	TRIM28	K400G;S401G	Missense;Missense	0.1698810137508177
920	TRIM28	S401G	Missense	-0.347019417
921	TRIM28		No Mutation	0.0315244190927053
922	TRIM28	F405P	Missense	-0.021527629
923	TRIM28	(NC)	Intron	0.2253703742563086
924	TRIM28	(NC)	Intron	0.4930484181227071
925	TRIM28	I408V	Missense	-0.431717451
926	TRIM28		No Mutation	0.088289711
927	TRIM28		No Mutation	-0.058840265
928	TRIM28	S417S;T418A	Silent;Missense	-0.170916668
929	TRIM28	P425P	Silent	0.2908328752332068
930	TRIM28	P425P	Silent	-0.211355862
931	TRIM28		No Mutation	0.04872154
932	TRIM28		No Mutation	0.1865116929378526
933	TRIM28		No Mutation	0.8773331558637332
934	TRIM28		No Mutation	0.0558091788822852
935	TRIM28		No Mutation	0.0228088374465174
936	TRIM28		No Mutation	-0.49618028
937	TRIM28		No Mutation	0.035086442
938	TRIM28	L432P	Missense	0.1856861070136937
939	TRIM28	P429P	Silent	-0.145704679
940	TRIM28		No Mutation	0.4588735199618293
941	TRIM28		No Mutation	0.089831738
942	TRIM28		No Mutation	-0.261150885
943	TRIM28		No Mutation	-0.009768345
944	TRIM28	S433G	Missense	-0.167502751
945	TRIM28	S437P	Missense	-0.099151183
946	TRIM28	S437P	Missense	-0.169916848
947	TRIM28	S437P	Missense	0.075184716
948	TRIM28		No Mutation	-0.12153754
949	TRIM28	S439G	Missense	0.3840381093082143
950	TRIM28	Q441R	Missense	0.239609693
951	TRIM28		No Mutation	-0.628650719
952	TRIM28	(NC);(NC)	Intron;Intron	-0.186743455
953	TRIM28		No Mutation	0.2438124940929836
954	TRIM28		No Mutation	0.041060118
955	TRIM28	(NC);(NC)	Intron;Splice-acceptor	0.033759628
956	TRIM28	M443V	Missense	-0.094446363
957	TRIM28	E444G	Missense	-0.144058789
958	TRIM28		No Mutation	-0.048144689
959	TRIM28		No Mutation	0.3410161310077305
960	TRIM28	Q446R;E447G	Missense;Missense	-0.090708342
961	TRIM28	Q446R;E447G	Missense;Missense	-0.130660703
962	TRIM28	Y449C	Missense	-0.169548755
963	TRIM28		No Mutation	-0.205744763
964	TRIM28		No Mutation	0.095061042
965	TRIM28	(NC)	Intron	-0.905236456
966	TRIM28	(NC)	Intron	-0.658153473
967	TRIM28		No Mutation	0.029394845
968	TRIM28		No Mutation	0.4333525422270765
969	TRIM28	(NC);(NC);(NC)	Intron;Intron;Intron	-0.002942642
970	TRIM28	D455D;D456D	Silent;Silent	0.53386246
971	TRIM28		No Mutation	0.011384268
972	TRIM28		No Mutation	0.6680279084033709
973	TRIM28	A461A;E462G	Silent;Missense	-0.537878882
974	TRIM28	H464R	Missense	-0.076036849
975	TRIM28	V468A	Missense	0.164486959279308
976	TRIM28	V468A	Missense	0.165945543
977	TRIM28		No Mutation	-0.005495942
978	TRIM28		No Mutation	-0.022070545
979	TRIM28	(NC);(NC);(NC)	Intron;Intron;Intron	-0.084551694
980	TRIM28	(NC);(NC)	Intron;Intron	-0.623655684
981	TRIM28	(NC)	Intron	0.1684228832514727
982	TRIM28	(NC)	Intron	0.0237145096516975
983	TRIM28	(NC)	Intron	-0.136045498
984	TRIM28	(NC)	Intron	0.4152481869508573
985	TRIM28	(NC);(NC)	Intron;Intron	-0.099806621
986	TRIM28	(NC)	Splice-acceptor	-1.203780982
987	TRIM28	(NC)	Splice-acceptor	-0.5481739
988	TRIM28		No Mutation	0.082975135
989	TRIM28		No Mutation	-0.24984028
990	TRIM28		No Mutation	-0.386231266
991	TRIM28	E475G	Missense	0.072359029
992	TRIM28	S479G	Missense	0.3316348099260729
993	TRIM28		No Mutation	0.2234253314382171
994	TRIM28	R487R;S489G	Silent;Missense	0.5143900516047485
995	TRIM28		No Mutation	0.4136992359099769
996	TRIM28		No Mutation	-0.188439566
997	TRIM28	L495P	Missense	-0.379613744
998	TRIM28		No Mutation	-0.326134762
999	TRIM28	A499A	Silent	-0.142836907
1000	TRIM28		No Mutation	-0.23143164
1001	TRIM28	Q502R	Missense	-0.053791509
1002	TRIM28		No Mutation	-0.175663827
1003	TRIM28		No Mutation	-0.035625614
1004	TRIM28	V508A;F509P	Missense;Missense	-0.282140179
1005	TRIM28	F509P	Missense	-0.564892266
1006	TRIM28	F509S	Missense	0.7701381674724054
1007	TRIM28	P510P	Silent	0.3293291556845615
1008	TRIM28	T514T	Silent	0.2951234517324024
1009	TRIM28		No Mutation	-0.033150368
1010	TRIM28	L519P	Missense	-0.743723798
1011	TRIM28	I520V	Missense	-0.215203892
1012	TRIM28	R524R	Silent	-0.455634111
1013	TRIM28		No Mutation	0.087764544
1014	TRIM28	A529A	Silent	-0.029080413
1015	TRIM28	A529A	Silent	-0.196158026
1016	TRIM28		No Mutation	-0.094108724
1017	TRIM28	T536T	Silent	0.3291442145395237
1018	TRIM28	P534P	Silent	-0.121983832
1019	TRIM28	P538P	Silent	-0.172848388
1020	TRIM28		No Mutation	-0.125871406
1021	TRIM28		No Mutation	-0.583604662
1022	TRIM28	G543G	Silent	0.039057424
1023	TRIM28		No Mutation	0.1555656609713788
1024	TRIM28		No Mutation	-0.052316177
1025	TRIM28	L547P	Missense	0.021849563
1026	TRIM28	L547P	Missense	-0.397775431
1027	TRIM28	L547P	Missense	-0.130473875
1028	TRIM28	P545P	Silent	-0.187309089
1029	TRIM28	M550T	Missense	0.2062532879510706
1030	TRIM28	M550T	Missense	0.066924771
1031	TRIM28	M550T	Missense	0.5474984726065221
1032	TRIM28	I552T	Missense	0.1495252754475531
1033	TRIM28	I552T	Missense	0.9811185037856532
1034	TRIM28	M550V	Missense	0.1183399668469087
1035	TRIM28	I552T	Missense	0.1800906658364317
1036	TRIM28	(NC)	Intron	-0.089473382
1037	TRIM28	K554G	Missense	-0.25902791
1038	TRIM28	(NC)	Intron	0.8906032666321747
1039	TRIM28	(NC);(NC)	Intron;Intron	-0.132799473
1040	TRIM28	(NC);(NC)	Intron;Intron	0.081357241
1041	TRIM28	(NC)	Intron	-0.063328095
1042	TRIM28	(NC);(NC)	Intron;Intron	0.049629101
1043	TRIM28		No Mutation	0.017372938
1044	TRIM28		No Mutation	-0.192327924
1045	TRIM28	P566P;T567T	Silent;Silent	-0.037316524
1046	TRIM28		No Mutation	0.058553392
1047	TRIM28		No Mutation	0.2923057098004092
1048	TRIM28	T569T	Silent	-0.211476416
1049	TRIM28	T569T	Silent	0.2930171908226218
1050	TRIM28		No Mutation	0.050658473
1051	TRIM28		No Mutation	-0.269297075
1052	TRIM28		No Mutation	0.1048542679257359
1053	TRIM28	T574A;K575E	Missense;Missense	-0.406296021
1054	TRIM28	P576P;V577A	Silent;Missense	0.0398190975529603
1055	TRIM28	V577A;L578P	Missense;Missense	-0.005102043
1056	TRIM28	M579T;A580A	Missense;Silent	-0.097016714
1057	TRIM28		No Mutation	-0.142117525
1058	TRIM28	M579V	Missense	0.067411119
1059	TRIM28	M579V	Missense	0.4438172792711305
1060	TRIM28	L581P	Missense	0.538967606
1061	TRIM28		No Mutation	-0.039371492
1062	TRIM28	E583G	Missense	-0.087659322
1063	TRIM28	E583G	Missense	-0.161468703
1064	TRIM28		No Mutation	-0.343430246
1065	TRIM28		No Mutation	0.09224498
1066	TRIM28		No Mutation	-0.483321551
1067	TRIM28	P595P	Silent	0.0176622765837253
1068	TRIM28	P595P;S596S	Silent;Silent	0.016322823
1069	TRIM28	P595P;S596S	Silent;Silent	-0.150091821
1070	TRIM28	S596S	Silent	-0.213890694
1071	TRIM28		No Mutation	-0.546899858
1072	TRIM28	S596G	Missense	0.4056308421810464
1073	TRIM28		No Mutation	0.046948759789155
1074	TRIM28	S601P	Missense	-0.024705626
1075	TRIM28	S598G;T599A	Missense;Missense	0.2084079573524413
1076	TRIM28	T599A;S600G	Missense;Missense	-0.296241431
1077	TRIM28	S600G	Missense	0.1506133971699395
1078	TRIM28	S601S	Silent	0.2229035083529413
1079	TRIM28	V605A	Missense	0.1761800571749041
1080	TRIM28	E604G	Missense	-0.14645229
1081	TRIM28	E604G	Missense	-0.193798629
1082	TRIM28	E609G	Missense	0.3717229994478614
1083	TRIM28	T611A	Missense	0.2218009422237315
1084	TRIM28		No Mutation	-0.12307089
1085	TRIM28	T611A	Missense	0.063411428
1086	TRIM28	S612S	Silent	-0.19913582
1087	TRIM28		No Mutation	-0.521838135
1088	TRIM28	G616G	Silent	-0.412534124
1089	TRIM28		No Mutation	-0.262726167
1090	TRIM28		No Mutation	0.075909071
1091	TRIM28		No Mutation	0.3739788016861823
1092	TRIM28		No Mutation	-0.649678487
1093	TRIM28	D622D	Silent	-0.292641512
1094	TRIM28		No Mutation	-0.11627279
1095	TRIM28		No Mutation	-0.248721142
1096	TRIM28		No Mutation	0.2460791922420607
1097	TRIM28	V630A;C631R	Missense;Missense	-2.100873013
1098	TRIM28		No Mutation	0.3113237823958477
1099	TRIM28		No Mutation	0.1687907482337874
1100	TRIM28		No Mutation	0.1328435605401194
1101	TRIM28	Q632R;K633E	Missense;Missense	-0.177860672
1102	TRIM28	D636D;L637P	Silent;Missense	-0.21838704
1103	TRIM28	M639T;C640R	Missense;Missense	-1.088800921
1104	TRIM28	C646C;F647P	Silent;Missense	-0.883601962
1105	TRIM28		No Mutation	0.1629321424410171
1106	TRIM28	L653P	Missense	-0.516733845
1107	TRIM28		No Mutation	-0.735000371
1108	TRIM28	H652R	Missense	-0.198392945
1109	TRIM28	D658D	Silent	0.3508735405076433
1110	TRIM28		No Mutation	-0.013873409
1111	TRIM28		No Mutation	-0.000207759
1112	TRIM28	V659A	Missense	0.4298619040694276
1113	TRIM28		No Mutation	0.701101573
1114	TRIM28	(NC)	Splice-donor	-0.676572781
1115	TRIM28	V659V	Silent	-0.154522349
1116	TRIM28	P660P	Silent	0.1178831500905585
1117	TRIM28	(NC)	Intron	0.1730388130167168
1118	TRIM28	(NC)	Intron	0.4379692051321082
1119	TRIM28	(NC)	Intron	-0.045263131
1120	TRIM28	(NC)	Intron	0.2394567861156974
1121	TRIM28	(NC)	Intron	0.2522619682833142
1122	TRIM28	(NC)	Intron	0.5757699437695616
1123	TRIM28	(NC)	Intron	0.1484402247532956
1124	TRIM28	(NC)	Intron	0.1316622435823273
1125	TRIM28	C666R	Missense	-1.50319731
1126	TRIM28	C666R	Missense	-1.623725665
1127	TRIM28		No Mutation	0.089562955
1128	TRIM28		No Mutation	0.2992764367863683
1129	TRIM28	L675P	Missense	0.087296884
1130	TRIM28		No Mutation	-0.271441056
1131	TRIM28	D674G	Missense	-0.08175207
1132	TRIM28		No Mutation	-0.545936224
1133	TRIM28		No Mutation	-0.175900287
1134	TRIM28	D679D	Silent	-0.092776122
1135	TRIM28	D679G	Missense	-0.184990576
1136	TRIM28	S681G	Missense	-0.143661002
1137	TRIM28	G686G	Silent	-0.28802132
1138	TRIM28	D685G	Missense	-0.817199197
1139	TRIM28		No Mutation	0.1851061778073266
1140	TRIM28	A687A	Silent	-0.214520584
1141	TRIM28	A687A;D688G;S689G	Silent;Missense;Missense	0.085072032
1142	TRIM28	S697S	Silent	-0.491538257
1143	TRIM28		No Mutation	-0.169547297
1144	TRIM28	S697S	Silent	0.1858740317388428
1145	TRIM28	P698P	Silent	0.1286212250600095
1146	TRIM28	P698P;N700D	Silent;Missense	0.1246206848354233
1147	TRIM28	N700G;Q701R	Missense;Missense	-0.327743998
1148	TRIM28	(NC)	Splice-donor	-1.407496785
1149	TRIM28	N700S;Q701R	Missense;Missense	0.6959719102576039
1150	TRIM28	Q701R	Missense	0.1132919837159054
1151	TRIM28	(NC)	Intron	-0.193088998
1152	TRIM28	(NC)	Intron	0.1486370548360716
1153	TRIM28	(NC)	Intron	-0.167148001
1154	TRIM28		No Mutation	-0.273014521
1155	TRIM28		No Mutation	0.0127474513880662
1156	TRIM28	(NC)	Intron	0.2603438362285415
1157	TRIM28		No Mutation	0.3179666464713016
1158	TRIM28	K703K	Silent	-0.111213264
1159	TRIM28		No Mutation	0.3308479724094571
1160	TRIM28	C717R	Missense	0.1145803750872764
1161	TRIM28		No Mutation	0.638040871
1162	TRIM28	H721H	Silent	0.5303798627219346
1163	TRIM28	H721H	Silent	-0.097478282
1164	TRIM28	L723P	Missense	-0.123336283
1165	TRIM28	A724A	Silent	-0.436011927
1166	TRIM28	A724A	Silent	0.0437999851985308
1167	TRIM28	A724A	Silent	0.0349652204579734
1168	TRIM28	A724A	Silent	-0.654932264
1169	TRIM28	D726G	Missense	0.1535408802345215
1170	TRIM28	L731P	Missense	-0.345354952
1171	TRIM28		No Mutation	0.084205246
1172	TRIM28	(NC);(NC)	Splice-donor;Intron	-1.025164815
1173	TRIM28	(NC);(NC)	Intron;Intron	0.2336671976934827
1174	TRIM28		No Mutation	-0.25717293
1175	TRIM28		No Mutation	-0.076129178
1176	TRIM28	(NC)	Intron	-0.037107933
1177	TRIM28	(NC)	Intron	0.001593962
1178	TRIM28	(NC)	Intron	0.5094417310128887
1179	TRIM28	(NC)	Intron	0.0252565990476315
1180	TRIM28		No Mutation	0.1255174111752085
1181	TRIM28		No Mutation	0.3551173216296828
1182	TRIM28		No Mutation	-0.087636649
1183	TRIM28	(NC)	Splice-acceptor	-0.073882422
1184	TRIM28	G735G	Silent	0.7725089172759432
1185	TRIM28	Q733R	Missense	-0.239379293
1186	TRIM28	L738P	Missense	0.269558037116657
1187	TRIM28	D739D;L740P	Silent;Missense	-0.432414724
1188	TRIM28	D739D;L740P	Silent;Missense	0.5427738575970515
1189	TRIM28	L742P;I743T	Missense;Missense	-0.963531841
1190	TRIM28	I743T	Missense	0.006767714
1191	TRIM28	I743V	Missense	0.4776730500513523
1192	TRIM28	L747P	Missense	-0.891293643
1193	TRIM28	L747P	Missense	-1.220787318
1194	TRIM28		No Mutation	0.035466572
1195	TRIM28	L751P	Missense	-0.071701779
1196	TRIM28	L751P;S752P	Missense;Missense	0.028032491
1197	TRIM28	S752P	Missense	-0.004357471
1198	TRIM28	P753P	Silent	-0.034029353
1199	TRIM28		No Mutation	-0.826250776
1200	TRIM28		No Mutation	0.3871957834411511
1201	TRIM28		No Mutation	-0.318329892
1202	TRIM28		No Mutation	0.8688374417695267
1203	TRIM28	P758P	Silent	-0.306820373
1204	TRIM28		No Mutation	0.1453186492797988
1205	TRIM28	E760G	Missense	-0.065995065
1206	TRIM28		No Mutation	0.3561234666480143
1207	TRIM28	E760G	Missense	-0.237446433
1208	TRIM28		No Mutation	-0.175415065
1209	TRIM28	M768T	Missense	-0.132420737
1210	TRIM28	M768T;F769L	Missense;Missense	0.0507352312546229
1211	TRIM28	F772P	Missense	-0.080474329
1212	TRIM28	Q771Q;N773D	Silent;Missense	0.5400989440120642
1213	TRIM28	L775L;T776A	Silent;Missense	-0.338972002
1214	TRIM28	E777G	Missense	0.1462167647053158
1215	TRIM28	(NC)	Intron	-0.230531199
1216	TRIM28	(NC)	Intron	-0.268960067
1217	TRIM28	(NC);(NC)	Intron;Intron	-0.086865372
1218	TRIM28		No Mutation	0.1101273574721246
1219	TRIM28		No Mutation	0.2961309779708936
1220	TRIM28	V782A	Missense	0.2406928550390519
1221	TRIM28	V782A	Missense	-0.095125116
1222	TRIM28	D781G	Missense	0.041368119
1223	TRIM28		No Mutation	-0.21159952
1224	TRIM28	M796V	Missense	-0.086818439
1225	TRIM28	F805P	Missense	0.4401853063484003
1226	TRIM28	K804G	Missense	0.2482288359976406
1227	TRIM28		No Mutation	0.6641469927870058
1228	TRIM28	V808A;L809P	Missense;Missense	0.5325688028229674
1229	TRIM28		No Mutation	0.3534954654914732
1230	TRIM28	L817P	Missense	0.1793941276331976
1231	TRIM28	L817P;P818P	Missense;Silent	-0.04417704
1232	TRIM28	P818P	Silent	-0.051887165
1233	TRIM28	M815V;S816G	Missense;Missense	-0.377996028
1234	TRIM28	P818P	Silent	-0.271329298
1235	TRIM28	G819G	Silent	0.221290314091322
1236	TRIM28	L822P	Missense	-0.619958492
1237	TRIM28		No Mutation	-0.388232503
1238	TRIM28	S823S;S824P	Silent;Missense	-0.094269753
1239	TRIM28	S823G	Missense	-0.414199901
1240	TRIM28	L827P;S828P	Missense;Missense	-0.236991277
1241	TRIM28	Q825R	Missense	-0.54783489
1242	TRIM28	E826G	Missense	0.012077067227491
1243	TRIM28	G829G	Silent	0.1170314859986191
1244	TRIM28	G829G	Silent	0.4607727718501067
1245	TRIM28		No Mutation	0.000692253
1246	TRIM28		No Mutation	0.006370015
1247	TRIM28	D833G	Missense	0.008083065
1248	TRIM28	*836R	Missense	-1.561448883
1249	TRIM28	*836R	Missense	-1.451289885
1250	TRIM28	*836W	Missense	-0.221626906
1251	TRIM28		No Mutation	-0.131201591
1252	TRIM28		No Mutation	-0.380284639
1253	TRIM28	(NC)	UTR	0.4084658083784969
1254	MPHOSPH8		No Mutation	0.6587983070811783
1255	MPHOSPH8	(NC)	UTR	-0.184811871
1256	MPHOSPH8		No Mutation	0.2475730756030002
1257	MPHOSPH8	(NC)	UTR	-0.040069363
1258	MPHOSPH8	(NC);M1V	UTR;Missense	-1.128541533
1259	MPHOSPH8	M1V	Missense	-1.116920324
1260	MPHOSPH8	M1V;E2G	Missense;Missense	-1.4285807
1261	MPHOSPH8	Q3R	Missense	-0.03433137
1262	MPHOSPH8		No Mutation	0.1665173438295589
1263	MPHOSPH8	A17A	Silent	0.2347118839426477
1264	MPHOSPH8		No Mutation	0.4755914794337205
1265	MPHOSPH8		No Mutation	-0.332393076
1266	MPHOSPH8	S16S	Silent	0.3239289680527652
1267	MPHOSPH8	D19G;S20G	Missense;Missense	0.2156473231439937
1268	MPHOSPH8	L24P	Missense	-0.3692721
1269	MPHOSPH8		No Mutation	-0.281984141
1270	MPHOSPH8	E26G	Missense	0.7349283311616627
1271	MPHOSPH8	V31A	Missense	-0.060580256
1272	MPHOSPH8	E28E;E29G	Silent;Missense	0.1235783767239867
1273	MPHOSPH8	E29G	Missense	-0.261572729
1274	MPHOSPH8	N38G;D39G	Missense;Missense	0.5006254697451094
1275	MPHOSPH8	A40A	Silent	0.085653878
1276	MPHOSPH8	A40A	Silent	0.373214315185133
1277	MPHOSPH8	R43G	Missense	0.1084468484035917
1278	MPHOSPH8		No Mutation	0.2504433122957045
1279	MPHOSPH8		No Mutation	0.2379412449851901
1280	MPHOSPH8		No Mutation	0.1707916360120868
1281	MPHOSPH8	D50G	Missense	0.0142284421564781
1282	MPHOSPH8		No Mutation	0.1314710770476357
1283	MPHOSPH8	S51G	Missense	0.5867096679848227
1284	MPHOSPH8	G55G	Silent	0.045744175
1285	MPHOSPH8	G55G;E56G	Silent;Missense	0.1764338037983004
1286	MPHOSPH8	E60G	Missense	-1.112724049
1287	MPHOSPH8		No Mutation	0.048805344
1288	MPHOSPH8	D66G	Missense	-0.642924592
1289	MPHOSPH8	D66G	Missense	0.2619765274643145
1290	MPHOSPH8	D66G;M67V	Missense;Missense	0.2818603268264051
1291	MPHOSPH8		No Mutation	0.028068708
1292	MPHOSPH8	K68G;T69A	Missense;Missense	0.350315882
1293	MPHOSPH8	T69A;E70G	Missense;Missense	0.004894404
1294	MPHOSPH8	E70G	Missense	-0.088916187
1295	MPHOSPH8	E70G	Missense	0.4514041389289526
1296	MPHOSPH8		No Mutation	0.031801251
1297	MPHOSPH8	(NC)	Intron	0.008446935
1298	MPHOSPH8	(NC)	Intron	-0.124026118
1299	MPHOSPH8	(NC)	Intron	0.043976679
1300	MPHOSPH8	(NC)	Intron	0.0532473952067531
1301	MPHOSPH8	(NC);(NC)	Intron;Intron	0.1402148751034909
1302	MPHOSPH8		No Mutation	0.1271468116265763
1303	MPHOSPH8		No Mutation	0.3086190354524768
1304	MPHOSPH8	Y76C;K77G	Missense;Missense	-0.551578342
1305	MPHOSPH8	K81E	Missense	0.2100576830258291
1306	MPHOSPH8	T84T	Silent	0.0142865923557846
1307	MPHOSPH8	T84T	Silent	0.004810461
1308	MPHOSPH8	E91G	Missense	-0.13456075
1309	MPHOSPH8	I94T	Missense	0.0444690433753331
1310	MPHOSPH8		No Mutation	-0.619919378
1311	MPHOSPH8		No Mutation	-0.181829125
1312	MPHOSPH8		No Mutation	-0.238655023
1313	MPHOSPH8		No Mutation	0.094974459
1314	MPHOSPH8	E101G	Missense	0.4334247189909358
1315	MPHOSPH8	N113S;K114G	Missense;Missense	0.097697152
1316	MPHOSPH8	K114K;K116E	Silent;Missense	0.4682788701771283
1317	MPHOSPH8	D121D	Silent	-0.030926771
1318	MPHOSPH8	A117A;R119G	Silent;Missense	-0.093562289
1319	MPHOSPH8	L127L;N128G;N129D	Silent;Missense;Missense	-0.112220224
1320	MPHOSPH8	I131T;F132P	Missense;Missense	-0.035312833
1321	MPHOSPH8	K152R;K153G	Missense;Missense	0.4195698354408335
1322	MPHOSPH8	K169G;K170E	Missense;Missense	0.8807239278983114
1323	MPHOSPH8	K170G;K171G	Missense;Missense	-0.64611871
1324	MPHOSPH8	K170R;K171G	Missense;Missense	-0.381129737
1325	MPHOSPH8	K181G	Missense	0.04971391
1326	MPHOSPH8		No Mutation	-0.326296357
1327	MPHOSPH8	P184P;D185G	Silent;Missense	0.5070521967303055
1328	MPHOSPH8	S189P;L190P	Missense;Missense	0.3142818413872437
1329	MPHOSPH8		No Mutation	-0.12275113
1330	MPHOSPH8	V194A;F195P	Missense;Missense	-0.391630631
1331	MPHOSPH8	E205E;K207E	Silent;Missense	-0.376128573
1332	MPHOSPH8		No Mutation	0.1043047898438162
1333	MPHOSPH8	E226E;L227L;K228E	Silent;Silent;Missense	-0.20787601
1334	MPHOSPH8	L227L;K228G	Silent;Missense	-0.241454097
1335	MPHOSPH8	E255E;K256G	Silent;Missense	0.087384138
1336	MPHOSPH8	K256K	Silent	0.6825093581510273
1337	MPHOSPH8	S266P	Missense	-0.187371962
1338	MPHOSPH8	S266P	Missense	-0.148586073
1339	MPHOSPH8	D271G	Missense	0.0311873726569549
1340	MPHOSPH8	P275P;E276G	Silent;Missense	-0.172768352
1341	MPHOSPH8		No Mutation	-0.431878566
1342	MPHOSPH8	P275P;E276G	Silent;Missense	0.1058879570494386
1343	MPHOSPH8	S279S	Silent	0.6246779665999378
1344	MPHOSPH8		No Mutation	0.1685513757495504
1345	MPHOSPH8		No Mutation	0.117791302793496
1346	MPHOSPH8	S295G	Missense	0.4619324834333898
1347	MPHOSPH8	A296A	Silent	-0.012552435
1348	MPHOSPH8	A296A;R297G	Silent;Missense	0.2739909206254898
1349	MPHOSPH8	R299G	Missense	-0.200237931
1350	MPHOSPH8	R299G	Missense	0.033599915
1351	MPHOSPH8	R299R;A300A	Silent;Silent	-0.205174682
1352	MPHOSPH8	A300A	Silent	-0.539256374
1353	MPHOSPH8	D303G;M304V	Missense;Missense	0.0317091872453819
1354	MPHOSPH8	M318T	Missense	0.057047446
1355	MPHOSPH8	M318T;S319S	Missense;Silent	0.191056373
1356	MPHOSPH8	S316G	Missense	0.470804659890095
1357	MPHOSPH8	S319S	Silent	-0.067875948
1358	MPHOSPH8	M318V	Missense	-0.378771155
1359	MPHOSPH8	D323D	Silent	0.3282266581579668
1360	MPHOSPH8	E322G;D323G	Missense;Missense	0.1748312734682034
1361	MPHOSPH8	D323G;T324A	Missense;Missense	0.1848600872165239
1362	MPHOSPH8	D325G	Missense	0.4665864331734027
1363	MPHOSPH8		No Mutation	-0.474954328
1364	MPHOSPH8	K331K;K332G;K333E	Silent;Missense;Missense	-0.076201758
1365	MPHOSPH8	T334A	Missense	0.2617038979409439
1366	MPHOSPH8		No Mutation	-0.183354605
1367	MPHOSPH8		No Mutation	0.199077229307913
1368	MPHOSPH8		No Mutation	-0.051902565
1369	MPHOSPH8	E339G;D340G	Missense;Missense	0.6161669987917935
1370	MPHOSPH8		No Mutation	-0.349095324
1371	MPHOSPH8	V381V	Silent	-0.05541304
1372	MPHOSPH8		No Mutation	-0.066088079
1373	MPHOSPH8		No Mutation	0.1607266910412706
1374	MPHOSPH8	Q384R	Missense	0.3780109428178888
1375	MPHOSPH8	Q384R;T385A	Missense;Missense	-0.166541936
1376	MPHOSPH8		No Mutation	-0.012163399
1377	MPHOSPH8		No Mutation	-0.104967224
1378	MPHOSPH8	K387G	Missense	0.1215621288474179
1379	MPHOSPH8	K387R	Missense	-0.483844196
1380	MPHOSPH8		No Mutation	-0.058411516
1381	MPHOSPH8	L391P	Missense	-0.311491227
1382	MPHOSPH8	S392G	Missense	0.1276851818528809
1383	MPHOSPH8	E394G	Missense	0.2275236477903295
1384	MPHOSPH8	R396G	Missense	-0.104521217
1385	MPHOSPH8	T401A	Missense	0.3162034246564184
1386	MPHOSPH8	S403P	Missense	0.1994630438562863
1387	MPHOSPH8	T401A	Missense	-0.299514609
1388	MPHOSPH8	D402G;S403S	Missense;Silent	0.2321312127272923
1389	MPHOSPH8		No Mutation	-0.291299631
1390	MPHOSPH8	S403S	Silent	-0.093159858
1391	MPHOSPH8	E405G	Missense	1.117556076009553
1392	MPHOSPH8	E405G;E406G	Missense;Missense	-0.612961856
1393	MPHOSPH8	E406G	Missense	-0.946554271
1394	MPHOSPH8		No Mutation	-0.189494091
1395	MPHOSPH8		No Mutation	-0.117752458
1396	MPHOSPH8	K416R;E417G	Missense;Missense	0.4724028356908243
1397	MPHOSPH8	K421K;R422G	Silent;Missense	0.7168589464007149
1398	MPHOSPH8	D426G	Missense	0.4380002067664242
1399	MPHOSPH8	R432G	Missense	0.06538895
1400	MPHOSPH8	(NC)	Splice-donor	-0.503290144
1401	MPHOSPH8	(NC);(NC);(NC);(NC)	Intron;Intron;Intron;Intron	-0.381346311
1402	MPHOSPH8	D460G	Missense	0.2091464989991114
1403	MPHOSPH8	E463G	Missense	-0.024954708
1404	MPHOSPH8	E463G;N464D	Missense;Missense	0.6180283853744016
1405	MPHOSPH8	K467K;R468G	Silent;Missense	-0.327581528
1406	MPHOSPH8	I478M;D479G	Missense;Missense	-0.484432923
1407	MPHOSPH8	K487R;Q488R	Missense;Missense	-1.051348428
1408	MPHOSPH8	A504A;Y505C	Silent;Missense	-0.209224894
1409	MPHOSPH8		No Mutation	0.3016820268664735
1410	MPHOSPH8	A508A	Silent	0.5780045175064998
1411	MPHOSPH8	Q520R	Missense	-0.42224053
1412	MPHOSPH8	N524N;S525P	Silent;Missense	0.286044161
1413	MPHOSPH8	E523G;N524G	Missense;Missense	-0.53192097
1414	MPHOSPH8	(NC)	Intron	-0.017106736
1415	MPHOSPH8		No Mutation	0.2523896294479488
1416	MPHOSPH8	I531T	Missense	-0.245408485
1417	MPHOSPH8	Q529R	Missense	0.3129050952792734
1418	MPHOSPH8	Q529R;Q530R	Missense;Missense	0.095463826
1419	MPHOSPH8	I531V	Missense	0.1089218309133898
1420	MPHOSPH8	M536V	Missense	-0.346941879
1421	MPHOSPH8	D537G	Missense	0.2770669796140007
1422	MPHOSPH8		No Mutation	0.2315895219268635
1423	MPHOSPH8	M543T	Missense	-0.42508532
1424	MPHOSPH8	Q549R	Missense	-0.118029041
1425	MPHOSPH8	Q549R	Missense	0.461448196
1426	MPHOSPH8	D553D	Silent	0.055638028
1427	MPHOSPH8	D556D	Silent	0.3893378902762167
1428	MPHOSPH8	P566P;S567G	Silent;Missense	-0.139455672
1429	MPHOSPH8	(NC);(NC);(NC);(NC)	Intron;Intron;Intron;Intron	0.2098139540769619
1430	MPHOSPH8	R571G;D572G	Missense;Missense	0.511788226
1431	MPHOSPH8	D572G	Missense	-0.248144784
1432	MPHOSPH8	D572G	Missense	0.053749051
1433	MPHOSPH8	S588S;N589G	Silent;Missense	-0.932085802
1434	MPHOSPH8	E591E;Y592C;N593D	Silent;Missense;Missense	0.246928319
1435	MPHOSPH8	(NC);(NC)	Intron;Intron	-0.396808706
1436	MPHOSPH8	(NC);(NC);(NC)	Intron;Intron;Intron	0.1144824882736257
1437	MPHOSPH8	(NC);(NC)	Intron;Intron	0.522799899
1438	MPHOSPH8	(NC);(NC)	Intron;Intron	0.0240423044733284
1439	MPHOSPH8	S600S	Silent	0.233094679440854
1440	MPHOSPH8	S600G	Missense	0.2935234950997804
1441	MPHOSPH8	L604P;V605A	Missense;Missense	-0.190316359
1442	MPHOSPH8	M606V	Missense	-1.142468244
1443	MPHOSPH8	M606V	Missense	-0.250742902
1444	MPHOSPH8		No Mutation	-0.822742453
1445	MPHOSPH8		No Mutation	-0.109964199
1446	MPHOSPH8		No Mutation	0.006960761
1447	MPHOSPH8		No Mutation	0.2965632746362925
1448	MPHOSPH8	L616P	Missense	-0.44835815
1449	MPHOSPH8	I621T	Missense	0.086550844
1450	MPHOSPH8	R618R	Silent	1.064898916940162
1451	MPHOSPH8	K623G	Missense	0.2203781113770053
1452	MPHOSPH8		No Mutation	0.030353046
1453	MPHOSPH8	N628G	Missense	-1.258033854
1454	MPHOSPH8	N628S	Missense	-0.107164018
1455	MPHOSPH8	H640H;A641A	Silent;Silent	0.4630405882286184
1456	MPHOSPH8	A641A	Silent	0.066689186
1457	MPHOSPH8	I639V	Missense	-0.345262673
1458	MPHOSPH8		No Mutation	0.0205871172948625
1459	MPHOSPH8		No Mutation	0.2213783570842902
1460	MPHOSPH8		No Mutation	0.3063620805346052
1461	MPHOSPH8	(NC)	Intron	0.7507103272051143
1462	MPHOSPH8	T648T;T649A	Silent;Missense	-0.911552463
1463	MPHOSPH8	N661G	Missense	-0.83866675
1464	MPHOSPH8	G667G	Silent	0.074187068
1465	MPHOSPH8	E668G;T669A	Missense;Missense	-0.438733592
1466	MPHOSPH8	K673R;(NC)	Missense;Intron	-1.08339415
1467	MPHOSPH8	(NC)	Intron	-0.17500771
1468	MPHOSPH8	(NC);(NC)	Intron;Splice-acceptor	-0.655148141
1469	MPHOSPH8	R684R	Silent	-0.069060338
1470	MPHOSPH8	F706L	Missense	-0.548249071
1471	MPHOSPH8		No Mutation	-0.181658814
1472	MPHOSPH8	S710P	Missense	0.3277474657601711
1473	MPHOSPH8	V729V;A730A	Silent;Silent	0.327401541
1474	MPHOSPH8		No Mutation	-0.061274682
1475	MPHOSPH8	C753R	Missense	-0.657312876
1476	MPHOSPH8	L756P	Missense	-0.149727139
1477	MPHOSPH8	A752A	Silent	0.1145707234596109
1478	MPHOSPH8	H754R	Missense	0.1417605648315019
1479	MPHOSPH8	D765D;F766P	Silent;Missense	0.1087587697441352
1480	MPHOSPH8	P771P;Q772R	Silent;Missense	0.7111892377937838
1481	MPHOSPH8		No Mutation	0.0505369896335156
1482	MPHOSPH8		No Mutation	0.3132702142772182
1483	MPHOSPH8		No Mutation	-0.35617827
1484	MPHOSPH8		No Mutation	-0.119713437
1485	MPHOSPH8	(NC)	Intron	0.3129391728916644
1486	MPHOSPH8	S778S	Silent	-0.118889714
1487	MPHOSPH8	I780T	Missense	-0.154718357
1488	MPHOSPH8	H786H	Silent	0.6218366984120968
1489	MPHOSPH8	G791G	Silent	0.285432857
1490	MPHOSPH8	K792G	Missense	-0.221046214
1491	MPHOSPH8	I795V	Missense	-0.395435982
1492	MPHOSPH8	A806A;V807A	Silent;Missense	-0.01876512
1493	MPHOSPH8	(NC)	Intron	-0.461057887
1494	MPHOSPH8	H822H;F823P	Silent;Missense	-0.295589203
1495	MPHOSPH8	S826S	Silent	-0.247099884
1496	MPHOSPH8	N834N	Silent	0.0194719967288377
1497	MPHOSPH8	N834N	Silent	0.7141437335470087
1498	MPHOSPH8	N834G	Missense	-1.670283371
1499	MPHOSPH8	I838T	Missense	-0.324877345
1500	MPHOSPH8	I838T	Missense	0.1282083227255989
1501	MPHOSPH8	T841T;E842G	Silent;Missense	-0.124594812
1502	MPHOSPH8	(NC)	Intron	0.0356740446952627
1503	MPHOSPH8	(NC)	Intron	-0.434986662
1504	MPHOSPH8	(NC);(NC);(NC);(NC)	Intron;Intron;Intron;Intron	-0.054979425
1505	MPHOSPH8	(NC);(NC)	Intron;Intron	-0.120511032
1506	MPHOSPH8	(NC)	Splice-acceptor	-0.595357124
1507	MPHOSPH8	Q860R	Missense	-0.327268949
1508	MPHOSPH8	Q860R	Missense	0.4312987939479298
1509	MPHOSPH8	*861W;(NC)	Missense;UTR	0.3070602649970352
1510	MPHOSPH8	*861W;(NC);(NC)	Missense;UTR;UTR	0.2796124430981784
1511	MPHOSPH8	(NC);(NC);(NC);(NC)	UTR;UTR;UTR;UTR	0.653229026
1512	MPHOSPH8	(NC)	UTR	0.2487082440938946
1513	TASOR	*1610Q	Missense	0.2544806548078506
1514	TASOR		No Mutation	-0.553687884
1515	TASOR	K1598G	Missense	0.416141461814241
1516	TASOR	W1596R	Missense	-0.081712175
1517	TASOR	P1591P	Silent	0.375116632710865
1518	TASOR	P1591P	Silent	-0.091616223
1519	TASOR	P1591P	Silent	0.1426381095875936
1520	TASOR		No Mutation	-0.815142297
1521	TASOR	S1570P	Missense	0.2203526128427672
1522	TASOR	S1570P	Missense	0.308123117931419
1523	TASOR	S1567P	Missense	0.3584480642390587
1524	TASOR	H1549H;F1550P	Silent;Missense	-0.031824236
1525	TASOR	H1549H;F1550P	Silent;Missense	-0.299759004
1526	TASOR	S1530S	Silent	0.688168081
1527	TASOR	D1514G;I1515V	Missense;Missense	0.3891401795228074
1528	TASOR		No Mutation	-0.073380071
1529	TASOR		No Mutation	-0.328049121
1530	TASOR	E1471G;T1472A	Missense;Missense	-0.138256284
1531	TASOR	E1469G	Missense	-0.305681581
1532	TASOR	M1446V	Missense	-0.046109811
1533	TASOR	D1445G;M1446V	Missense;Missense	0.057839031
1534	TASOR	D1445G;M1446V	Missense;Missense	0.5241995429544597
1535	TASOR	E1443G	Missense	0.1018290575099658
1536	TASOR	D1439G	Missense	0.4588402587882181
1537	TASOR	N1428G	Missense	0.1850344114610924
1538	TASOR	N1426N	Silent	0.2837101792528596
1539	TASOR	G1424G;A1425A	Silent;Silent	0.2198661301891348
1540	TASOR	E1418G;N1419G	Missense;Missense	0.3371530873040992
1541	TASOR	N1404G	Missense	0.1003518733199355
1542	TASOR	Q1403Q;N1404G	Silent;Missense	0.161852147620453
1543	TASOR	T1389A	Missense	-0.265941901
1544	TASOR	N1391N	Silent	-0.262822029
1545	TASOR	S1387G	Missense	0.4760487363280638
1546	TASOR	A1366A	Silent	0.8530030555534512
1547	TASOR		No Mutation	0.7091521414824451
1548	TASOR	L1361P;I1362T	Missense;Missense	-0.25301749
1549	TASOR	R1353R;N1354D	Silent;Missense	0.4337801665910615
1550	TASOR		No Mutation	-0.223530929
1551	TASOR	Y1334C	Missense	0.042187236
1552	TASOR	K1313R;L1314L	Missense;Silent	0.4725008408936573
1553	TASOR	K1312G;K1313G	Missense;Missense	0.357153136
1554	TASOR	K1309K	Silent	0.3718593101906806
1555	TASOR		No Mutation	0.067628704
1556	TASOR	P1298P;E1299G	Silent;Missense	0.051658666
1557	TASOR	T1297A	Missense	0.825657633
1558	TASOR	E1294G	Missense	-0.014449057
1559	TASOR	S1296S;T1297T	Silent;Silent	0.0340468101157567
1560	TASOR	V1282A	Missense	0.2816516046133854
1561	TASOR	V1282A	Missense	0.2302918360800594
1562	TASOR	P1277P;E1278G	Silent;Missense	0.4438986855050395
1563	TASOR	E1272E;S1273S;I1274V	Silent;Silent;Missense	0.1482180455005635
1564	TASOR	E1260G	Missense	-0.135616911
1565	TASOR	N1259G;E1260G	Missense;Missense	0.242119664
1566	TASOR	A1245A;G1246G	Silent;Silent	-0.123898557
1567	TASOR	A1245A	Silent	-0.432992881
1568	TASOR	F1244F;A1245A	Silent;Silent	0.2447152812621316
1569	TASOR	L1236P	Missense	0.7350267270767814
1570	TASOR	(NC);(NC);(NC)	Intron;Intron;Intron	0.3225069023332566
1571	TASOR	(NC)	Intron	0.5126518194505498
1572	TASOR	A1224A	Silent	0.038112537
1573	TASOR	Q1219R;N1220G	Missense;Missense	0.257520500659804
1574	TASOR		No Mutation	0.513911057
1575	TASOR	E1189G;Y1190C	Missense;Missense	0.3142680750098616
1576	TASOR	K1188G	Missense	-0.265828125
1577	TASOR		No Mutation	-0.074739507
1578	TASOR	S1158S;L1159P	Silent;Missense	0.3521998244952025
1579	TASOR	E1154G	Missense	0.5966879317881133
1580	TASOR	V1155A;F1156L	Missense;Missense	0.064949808
1581	TASOR	F1147P;I1148T	Missense;Missense	0.7289513040025937
1582	TASOR	I1138T;S1139P	Missense;Missense	0.64410039
1583	TASOR	I1138T;S1139P	Missense;Missense	0.1839798936649692
1584	TASOR	I1138T;S1139P	Missense;Missense	0.051778376
1585	TASOR	I1138T	Missense	-0.153041013
1586	TASOR		No Mutation	-0.13815623
1587	TASOR		No Mutation	0.3253861043376116
1588	TASOR		No Mutation	-0.110093529
1589	TASOR	V1117V	Silent	-0.177701376
1590	TASOR	V1117V	Silent	0.1609959015650562
1591	TASOR	I1116V	Missense	0.1343949813626741
1592	TASOR	D1114G	Missense	0.050680425
1593	TASOR	V1111A;T1112T	Missense;Silent	-0.351012856
1594	TASOR	L1109P	Missense	0.2432497140694194
1595	TASOR	Q1104Q;H1105R	Silent;Missense	-0.84583084
1596	TASOR		No Mutation	0.2557673577069683
1597	TASOR	T1096T	Silent	0.5437638379411243
1598	TASOR	E1088G	Missense	0.2602522059818807
1599	TASOR	H1090H	Silent	0.1593108897622683
1600	TASOR	S1086P	Missense	0.1463008806200667
1601	TASOR	P1080P;L1081P	Silent;Missense	-0.236643025
1602	TASOR	C1077C;S1078S	Silent;Silent	-0.234995933
1603	TASOR	N1069N	Silent	0.1602206043704492
1604	TASOR	F1067P	Missense	-0.08065005
1605	TASOR	V1059A;I1060T	Missense;Missense	0.1522776810861252
1606	TASOR	A1051A	Silent	0.0338608290454018
1607	TASOR	I1050V	Missense	-0.377064748
1608	TASOR	A1048A	Silent	0.2711144001557275
1609	TASOR	D1045D;S1046P	Silent;Missense	-0.035468623
1610	TASOR	S1042G	Missense	-0.297127616
1611	TASOR		No Mutation	0.0220290086410128
1612	TASOR	L1038S	Missense	-0.145338987
1613	TASOR	K1030R;A1031A	Missense;Silent	0.4597597929764913
1614	TASOR	K1030G	Missense	-0.161601157
1615	TASOR	I1029V;K1030G	Missense;Missense	0.3805612423730541
1616	TASOR	I1029V;K1030E	Missense;Missense	0.9581084124149166
1617	TASOR	Q1014R	Missense	0.037053697
1618	TASOR		No Mutation	-0.363985067
1619	TASOR	K1010E	Missense	-0.202094701
1620	TASOR	K1007G	Missense	1.0542952394062968
1621	TASOR	S1006S	Silent	-0.293854037
1622	TASOR	T993T;Q994R	Silent;Missense	-0.306763088
1623	TASOR		No Mutation	-0.395506392
1624	TASOR		No Mutation	-0.770295086
1625	TASOR	V960A;L961P	Missense;Missense	-0.715662622
1626	TASOR	T956A;E957G	Missense;Missense	-0.113850942
1627	TASOR	S953G	Missense	0.3681847919726501
1628	TASOR		No Mutation	0.0407140699327549
1629	TASOR		No Mutation	-0.205771474
1630	TASOR		No Mutation	0.150031319951853
1631	TASOR		No Mutation	-0.018853068
1632	TASOR	T934A	Missense	0.4151956220192784
1633	TASOR		No Mutation	-0.20551082
1634	TASOR	D931G	Missense	0.5897824595378469
1635	TASOR	V932A;L933P	Missense;Missense	-0.378671087
1636	TASOR	E929G;D930G	Missense;Missense	-0.03983008
1637	TASOR	T923T;L924L;K925E	Silent;Silent;Missense	0.3499705901850417
1638	TASOR	L924P	Missense	-0.037422403
1639	TASOR	(NC)	Intron	-0.902842647
1640	TASOR	(NC);(NC)	Intron;Intron	-0.158793411
1641	TASOR		No Mutation	-0.182884423
1642	TASOR		No Mutation	0.016905447
1643	TASOR	(NC);(NC)	Intron;Intron	0.7090894304426623
1644	TASOR	(NC);(NC)	Intron;Intron	0.1782541411841253
1645	TASOR	K916G	Missense	0.9998982030670928
1646	TASOR	E909G;E910G	Missense;Missense	1.2201030008527705
1647	TASOR	F898S;R899R	Missense;Silent	-0.021739574
1648	TASOR	F898P	Missense	0.3687493027710276
1649	TASOR	H896H	Silent	0.6634276481931223
1650	TASOR		No Mutation	-0.247849931
1651	TASOR	S891G	Missense	0.8101019129149207
1652	TASOR	V880A	Missense	-0.585259307
1653	TASOR	E873E;(NC);(NC)	Silent;Intron;Intron	0.074751848
1654	TASOR		No Mutation	-0.229528097
1655	TASOR	T865T	Silent	-0.067175748
1656	TASOR	I858V	Missense	-0.244129121
1657	TASOR	I858V	Missense	0.064108958
1658	TASOR	E834G;N835G	Missense;Missense	-0.289299413
1659	TASOR	E834G;N835D	Missense;Missense	-0.184887669
1660	TASOR	Y825H	Missense	0.0507817254864043
1661	TASOR	Y825H	Missense	-0.085981663
1662	TASOR	Y825H	Missense	0.2311706391210284
1663	TASOR	D803G	Missense	0.2177174566631057
1664	TASOR	T801T;D802D	Silent;Silent	0.000592923
1665	TASOR	T792A	Missense	-0.029302054
1666	TASOR	S788S;L789P	Silent;Missense	0.3070479087271326
1667	TASOR	N773N;W774R;L775L	Silent;Missense;Silent	0.4043263527217613
1668	TASOR	H769R	Missense	-0.161450192
1669	TASOR	I768T;H769H	Missense;Silent	0.3970624330616129
1670	TASOR	I765V	Missense	0.00188704
1671	TASOR	I765T;A766A	Missense;Silent	0.1049931097828992
1672	TASOR	Q758R;D759G	Missense;Missense	0.2653002395892367
1673	TASOR	R754G	Missense	0.902773839
1674	TASOR	H749R;D750G	Missense;Missense	-0.416996561
1675	TASOR	G748G;H749R	Silent;Missense	0.3403500075354889
1676	TASOR		No Mutation	0.3053824600800048
1677	TASOR	S746P;L747P	Missense;Missense	0.008907466
1678	TASOR	Q742R	Missense	0.5370530573567651
1679	TASOR	E739G	Missense	-0.514283505
1680	TASOR	S740S	Silent	-0.404168041
1681	TASOR	(NC);(NC);(NC)	Intron;Intron;Intron	-0.076744264
1682	TASOR	N733G	Missense	-0.045240902
1683	TASOR	L730S;S731P	Missense;Missense	0.5564058428290908
1684	TASOR	K711E	Missense	0.2975207613077306
1685	TASOR	K707G	Missense	-0.061404019
1686	TASOR	K692G;K693E	Missense;Missense	0.038110438
1687	TASOR	K692G	Missense	0.6944842196628855
1688	TASOR	R691G;K692G	Missense;Missense	-0.137600633
1689	TASOR	R691G	Missense	0.4059102465390775
1690	TASOR	R691G	Missense	-0.005897848
1691	TASOR	N686G	Missense	0.6015565978670477
1692	TASOR		No Mutation	0.1285645159641411
1693	TASOR	Q668Q;R669G	Silent;Missense	-0.429293342
1694	TASOR		No Mutation	0.1931136760763037
1695	TASOR	E661G	Missense	0.024611724
1696	TASOR	K654G	Missense	0.023584447
1697	TASOR	T648A	Missense	0.6496978585568535
1698	TASOR	Q641R;E642G	Missense;Missense	0.555072475
1699	TASOR		No Mutation	0.2499724575576543
1700	TASOR	P634P	Silent	0.1340886847962973
1701	TASOR	L614P	Missense	-0.900757785
1702	TASOR	P609P	Silent	-0.121384797
1703	TASOR	C601C;L602P	Silent;Missense	-0.105669127
1704	TASOR	C601C;L602P	Silent;Missense	-1.356565258
1705	TASOR	H597H;I598T	Silent;Missense	-0.229296184
1706	TASOR	H597H;I598T	Silent;Missense	0.1173449910971103
1707	TASOR	L582P	Missense	0.1093894106890753
1708	TASOR	S552S;V553A	Silent;Missense	-0.138832112
1709	TASOR	I536V	Missense	0.040854392
1710	TASOR		No Mutation	-0.098808261
1711	TASOR		No Mutation	-0.491579855
1712	TASOR	N511S;A512A	Missense;Silent	0.092914036
1713	TASOR	S509S;T510A;N511D	Silent;Missense;Missense	0.1003260136856917
1714	TASOR	T504T;S505P	Silent;Missense	0.2660644709931866
1715	TASOR	F494F;L495P;F496L	Silent;Missense;Missense	-1.574242265
1716	TASOR	L490P;H491H	Missense;Silent	0.4676007730352943
1717	TASOR	(NC);(NC);(NC)	Intron;Intron;Intron	0.5333603920032843
1718	TASOR	(NC);(NC)	Intron;Intron	0.8418127771892838
1719	TASOR		No Mutation	0.1644056074373794
1720	TASOR		No Mutation	0.3796184181410664
1721	TASOR	Q475R;M476V	Missense;Missense	0.062742707
1722	TASOR	P478P	Silent	-0.169875946
1723	TASOR	V477V;P478P	Silent;Silent	-0.230445246
1724	TASOR	V477A;P478P	Missense;Silent	-0.224882605
1725	TASOR		No Mutation	-0.403861337
1726	TASOR	P473P;Y474H	Silent;Missense	-0.244375319
1727	TASOR	F469F;L470P	Silent;Missense	-1.235597593
1728	TASOR	Y467H	Missense	-0.109196645
1729	TASOR	K460G	Missense	-0.221854159
1730	TASOR		No Mutation	-0.636166788
1731	TASOR		No Mutation	0.5868661829735883
1732	TASOR		No Mutation	-0.367476595
1733	TASOR	T438T;R439G;I440V	Silent;Missense;Missense	0.1200570046335028
1734	TASOR	E436G	Missense	-0.068188779
1735	TASOR	S430G	Missense	0.3940697162077303
1736	TASOR	(NC);(NC)	Intron;Intron	0.2004768087765911
1737	TASOR	L417L	Silent	0.726064979
1738	TASOR	Y416C	Missense	0.1941990313785733
1739	TASOR		No Mutation	0.063839859
1740	TASOR	Y412H	Missense	0.1838942019671279
1741	TASOR	F411F;Y412H	Silent;Missense	0.5539759321202486
1742	TASOR	V393A	Missense	-0.16839604
1743	TASOR	(NC);(NC)	Intron;Intron	-1.442154387
1744	TASOR	L383S;P384P	Missense;Silent	-0.189383423
1745	TASOR	L363P	Missense	-0.533885269
1746	TASOR	N355G;Y356C	Missense;Missense	-0.400134752
1747	TASOR	K353R;Y354C	Missense;Missense	-0.387476863
1748	TASOR	N346G;T347A	Missense;Missense	0.061658428
1749	TASOR	(NC);(NC)	Intron;Intron	0.5279224072044435
1750	TASOR	S339S	Silent	0.3006248247515944
1751	TASOR	S339P;S340P	Missense;Missense	0.2187021207991426
1752	TASOR	K335R	Missense	0.297368204054004
1753	TASOR	S324P;F325P	Missense;Missense	-0.633369535
1754	TASOR	Y320H	Missense	0.4492197856598243
1755	TASOR	Y305C	Missense	-1.428656325
1756	TASOR	T298A	Missense	0.2134097038521719
1757	TASOR	(NC)	Splice-donor	-0.937899239
1758	TASOR	Y295C;E296G	Missense;Missense	-0.157092638
1759	TASOR	R293R	Silent	-0.305402443
1760	TASOR	L289P	Missense	0.6615007717079169
1761	TASOR	R285R;I286V	Silent;Missense	0.0570872653945216
1762	TASOR	V279A	Missense	0.08042704
1763	TASOR	C277R	Missense	-0.613376328
1764	TASOR	C277R	Missense	-0.887687007
1765	TASOR	H275H;C277R	Silent;Missense	-0.463228172
1766	TASOR	L264L;N265D	Silent;Missense	-0.173204639
1767	TASOR	M255V	Missense	0.2667800080816823
1768	TASOR	S250G;I251V	Missense;Missense	-0.69533796
1769	TASOR	S250G;I251V	Missense;Missense	0.6032997681624828
1770	TASOR	M235T	Missense	0.1101377200988188
1771	TASOR	D231G	Missense	0.1329844017572212
1772	TASOR		No Mutation	0.4603538182052502
1773	TASOR	N228G	Missense	-0.097066956
1774	TASOR	N228G	Missense	0.3381196869414312
1775	TASOR	N228G	Missense	1.0325652877939435
1776	TASOR	Q226Q;N228D	Silent;Missense	0.3780302622513499
1777	TASOR	L224L;L225L	Silent;Silent	0.044963783
1778	TASOR	(NC)	Splice-acceptor	-1.491629264
1779	TASOR	V216A;Y217H	Missense;Missense	0.2523563707924108
1780	TASOR	(NC);(NC);(NC);(NC)	Intron;Intron;Intron;Intron	0.002375663
1781	TASOR	(NC);(NC);(NC);(NC)	Intron;Intron;Intron;Intron	0.2695068965299629
1782	TASOR	(NC);(NC);(NC);(NC)	Intron;Intron;Intron;Intron	0.042346956
1783	TASOR		No Mutation	0.0210361377303398
1784	TASOR		No Mutation	0.1184159515456484
1785	TASOR	L209P	Missense	0.431818188114154
1786	TASOR	K205G	Missense	0.2380300189247979
1787	TASOR	E196G;K197G	Missense;Missense	-0.269003564
1788	TASOR	E196G;K197E	Missense;Missense	0.1997801267411662
1789	TASOR	Q192R;T193A	Missense;Missense	0.4089394191393698
1790	TASOR	(NC);(NC);(NC)	Intron;Intron;Intron	-0.029765003
1791	TASOR	M185V	Missense	0.071431222
1792	TASOR	M185T;V186A	Missense;Missense	-0.084075866
1793	TASOR	E179E	Silent	0.2220799023036532
1794	TASOR	D170G	Missense	-0.35445548
1795	TASOR	R165G;E166G	Missense;Missense	0.112077005464118
1796	TASOR	V151V	Silent	-0.173093595
1797	TASOR	Y145C;R146G	Missense;Missense	0.4653331629998605
1798	TASOR	F143S	Missense	0.3426871835139783
1799	TASOR	N142N;F143P	Silent;Missense	0.3789814963401164
1800	TASOR	V140A	Missense	0.1004003439701429
1801	TASOR	L135L	Silent	-0.600324953
1802	TASOR	F123P	Missense	-0.20084907
1803	TASOR	S120P	Missense	-0.296308607
1804	TASOR	S106G;R107G	Missense;Missense	0.1688362679157533
1805	TASOR	K105G;S106G	Missense;Missense	-0.660735791
1806	TASOR	F100P	Missense	0.1016715906845058
1807	TASOR		No Mutation	0.1898813350590204
1808	TASOR		No Mutation	0.1335168800250101
1809	TASOR	E93G	Missense	0.249647038
1810	TASOR	E91G	Missense	0.027939808
1811	TASOR	P95P	Silent	0.2915669609891725
1812	TASOR		No Mutation	-0.143223958
1813	TASOR		No Mutation	-0.15157814
1814	TASOR		No Mutation	0.055818705
1815	TASOR		No Mutation	-0.073597167
1816	TASOR		No Mutation	0.3892451876780399
1817	TASOR		No Mutation	0.083475914
1818	TASOR		No Mutation	0.1626568717810496
1819	TASOR		No Mutation	-0.259412915
1820	TASOR		No Mutation	-0.202603031
1821	TASOR		No Mutation	-0.314456052
1822	TASOR		No Mutation	0.1176377455330397
1823	TASOR		No Mutation	0.4543325962659639
1824	TASOR	Q75R;D76G	Missense;Missense	0.079737596
1825	TASOR	Q75R	Missense	-0.346257046
1826	TASOR		No Mutation	-0.004663819
1827	TASOR	S77P	Missense	0.050901057
1828	TASOR	P74P	Silent	-0.072016783
1829	TASOR	S70G	Missense	0.7552738050233831
1830	TASOR		No Mutation	-0.119555157
1831	TASOR		No Mutation	-0.009614278
1832	TASOR		No Mutation	0.055222987
1833	TASOR	L69P	Missense	0.1368324445962093
1834	TASOR	E59G;N60D	Missense;Missense	-0.167997711
1835	TASOR		No Mutation	-0.068451648
1836	TASOR		No Mutation	-0.13398357
1837	TASOR		No Mutation	0.29206415240014
1838	TASOR		No Mutation	0.2493670703981978
1839	TASOR	R57R	Silent	0.047172203534145
1840	TASOR		No Mutation	-0.05674798
1841	TASOR		No Mutation	-0.259459922
1842	TASOR	E50G	Missense	0.2234198574530985
1843	TASOR	E50G	Missense	-0.243676635
1844	TASOR	I48V	Missense	0.3654089548832686
1845	TASOR		No Mutation	-0.371892072
1846	TASOR	N47G;I48V	Missense;Missense	0.011341406
1847	TASOR	Q39R;N40G	Missense;Missense	0.2432023011446762
1848	TASOR	Q38R;Q39R	Missense;Missense	-0.018191461
1849	TASOR	Q38R	Missense	0.3078902409563142
1850	TASOR		No Mutation	-0.024151611
1851	TASOR	E35G	Missense	-0.205829523
1852	TASOR	S37P	Missense	0.5394264646190956
1853	TASOR	M27V;K28E	Missense;Missense	-0.120766169
1854	TASOR	E18G	Missense	-0.22609476
1855	TASOR	S16G	Missense	-0.054545102
1856	TASOR	S16G	Missense	-0.092438926
1857	TASOR	D14G	Missense	-0.086442689
1858	TASOR	W17R	Missense	-0.297221087
1859	TASOR	T13A	Missense	0.1860971061599668
1860	TASOR	Q11R	Missense	0.1126471177214776
1861	TASOR	D14D	Silent	-0.038266215
1862	TASOR	E8G	Missense	0.1463270597778888
1863	TASOR	T3A	Missense	0.06302947
1864	TASOR	T3T;A4A	Silent;Silent	0.3370093563934269
1865	TASOR	M1V	Missense	0.6848343074038478
1866	TASOR	M1T	Missense	-0.111274688
1867	TASOR		No Mutation	0.4120417032782691
1868	TASOR		No Mutation	0.3320154318826478
1869	TASOR		No Mutation	0.1612423604314615
1870	PPHLN1	P18P	Silent	-0.015765262
1871	PPHLN1		No Mutation	0.1336927143425704
1872	PPHLN1	S24S;(NC)	Silent;Splice-donor	-0.600135255
1873	PPHLN1	(NC);(NC)	Intron;Intron	0.2850089300104612
1874	PPHLN1	(NC)	Intron	-0.254083458
1875	PPHLN1	L40P;L41P	Missense;Missense	-0.17516444
1876	PPHLN1	P39P	Silent	0.033698233
1877	PPHLN1		No Mutation	0.1174998719335783
1878	PPHLN1	L41L;D42G	Silent;Missense	-0.17325924
1879	PPHLN1	P44P	Silent	0.3016970025075597
1880	PPHLN1	Y49H	Missense	0.1508401877598872
1881	PPHLN1	Y58C	Missense	-0.300315021
1882	PPHLN1	Y58C	Missense	-0.294285902
1883	PPHLN1		No Mutation	0.0291183766273308
1884	PPHLN1	H69H;D70D	Silent;Silent	-0.121405521
1885	PPHLN1	S73G	Missense	0.045580848
1886	PPHLN1	(NC);(NC)	Splice-donor;Intron	0.3046017604017208
1887	PPHLN1	(NC);(NC)	Intron;Intron	-0.184944308
1888	PPHLN1	(NC)	Intron	0.1167362596145401
1889	PPHLN1	D80G;E81G	Missense;Missense	0.008722591
1890	PPHLN1	R95G	Missense	0.099214149
1891	PPHLN1	Q96Q	Silent	0.1365421639831873
1892	PPHLN1	(NC);(NC);(NC)	Intron;Intron;Splice-acceptor	0.144392282703365
1893	PPHLN1	H115R	Missense	0.3324422664121709
1894	PPHLN1		No Mutation	-0.092462878
1895	PPHLN1	S121P	Missense	0.012651221
1896	PPHLN1	E119G	Missense	-0.091832126
1897	PPHLN1		No Mutation	0.2672009339353235
1898	PPHLN1	E132E;S133S	Silent;Silent	-0.244267434
1899	PPHLN1	D139D;S140P	Silent;Missense	0.2059629350990784
1900	PPHLN1		No Mutation	0.1773215945548292
1901	PPHLN1		No Mutation	0.8799743428639102
1902	PPHLN1	G146G;S147P	Silent;Missense	-0.052768608
1903	PPHLN1		No Mutation	0.1575313988311116
1904	PPHLN1	R152R;S153G	Silent;Missense	-0.369005759
1905	PPHLN1	S161P;Y162H	Missense;Missense	0.075753827
1906	PPHLN1	H169H	Silent	-0.471181768
1907	PPHLN1	(NC);(NC)	Intron;Intron	0.2255871906375108
1908	PPHLN1	(NC)	Intron	0.1886238319900376
1909	PPHLN1	(NC)	Intron	-0.007458872
1910	PPHLN1	S172P	Missense	-0.426768417
1911	PPHLN1	S172P	Missense	0.3009049185573695
1912	PPHLN1	V173A	Missense	0.3144665877083897
1913	PPHLN1	(NC);(NC);K171R	Intron;Splice-acceptor;Missense	0.1037686031534685
1914	PPHLN1	R174R;P175P	Silent;Silent	-0.168522347
1915	PPHLN1	S178P	Missense	0.0468137837733214
1916	PPHLN1		No Mutation	-0.23286273
1917	PPHLN1		No Mutation	-0.284624218
1918	PPHLN1	Y179C;K180G	Missense;Missense	-0.051441564
1919	PPHLN1	N183N	Silent	0.2797675525215456
1920	PPHLN1	N183N	Silent	0.1256501505997812
1921	PPHLN1	E184G	Missense	0.5055577818308388
1922	PPHLN1	(NC);(NC);(NC);(NC)	Intron;Intron;Intron;Intron	-0.391821889
1923	PPHLN1	(NC)	Intron	0.2451722138588663
1924	PPHLN1	D203G;T204A	Missense;Missense	-0.083366469
1925	PPHLN1	V212A	Missense	-0.127790457
1926	PPHLN1	V212A	Missense	-0.292646275
1927	PPHLN1	S210S;A211A	Silent;Silent	-0.054043093
1928	PPHLN1	L218L	Silent	-0.193925302
1929	PPHLN1	S222G;R223G	Missense;Missense	-0.161525393
1930	PPHLN1	E226G;K227E	Missense;Missense	0.2852829611187213
1931	PPHLN1	E231G	Missense	-0.189858373
1932	PPHLN1	E231G	Missense	0.386780543571343
1933	PPHLN1	E251G;I252V	Missense;Missense	0.1517858561526779
1934	PPHLN1	Y255H	Missense	0.8962174722784142
1935	PPHLN1		No Mutation	-0.369213489
1936	PPHLN1	S259P	Missense	0.098788391
1937	PPHLN1	F264S;T265T	Missense;Silent	0.053589520656452
1938	PPHLN1	T265A	Missense	-0.142187308
1939	PPHLN1		No Mutation	0.2088407212057543
1940	PPHLN1	P271P;S273P	Silent;Missense	-0.307594864
1941	PPHLN1	S273P	Missense	-0.043407586
1942	PPHLN1	E272G	Missense	0.7074531819499423
1943	PPHLN1	E272G;S273S	Missense;Silent	-0.412440203
1944	PPHLN1		No Mutation	0.4700081426142249
1945	PPHLN1	I294T	Missense	-0.582215409
1946	PPHLN1	K297K;T298A;K299E	Silent;Missense;Missense	-0.140951638
1947	PPHLN1	(NC);(NC);(NC)	Intron;Intron;Intron	0.1504400432840422
1948	PPHLN1		No Mutation	-0.605297621
1949	PPHLN1	Q307R;D308G	Missense;Missense	-0.168456756
1950	PPHLN1	Q307R;D308G	Missense;Missense	0.2990762750972163
1951	PPHLN1	T311T;F312L	Silent;Missense	-0.123378348
1952	PPHLN1		No Mutation	0.2668848393345683
1953	PPHLN1	E310G;T311A	Missense;Missense	0.1115701376073484
1954	PPHLN1	I330V	Missense	-0.136700825
1955	PPHLN1	Q336R;N337G	Missense;Missense	0.5408432401695182
1956	PPHLN1	L338L;H339R	Silent;Missense	0.3139193822864025
1957	PPHLN1	(NC)	Intron	0.2366060971071845
1958	PPHLN1		No Mutation	0.043630263
1959	PPHLN1	S343P	Missense	0.4234207442675395
1960	PPHLN1	E342G	Missense	-0.149706529
1961	PPHLN1		No Mutation	0.6083983800946314
1962	PPHLN1	A344A;G345G	Silent;Silent	-0.04984375
1963	PPHLN1	Q349R;Q350R	Missense;Missense	-0.149187208
1964	PPHLN1	R355G	Missense	0.2322671216481578
1965	PPHLN1	T357T	Silent	0.0415809422624802
1966	PPHLN1	T357T	Silent	0.1385575192160356
1967	PPHLN1	T357T	Silent	0.1800484792604904
1968	PPHLN1	M359T	Missense	0.3758798477969534
1969	PPHLN1	T357A;E358G	Missense;Missense	0.5396631532114453
1970	PPHLN1	G363G;T364A	Silent;Missense	-0.106726019
1971	PPHLN1	Q374R	Missense	0.3536279061773563
1972	PPHLN1	(NC);(NC)	Intron;Intron	0.102577735984733
1973	PPHLN1	(NC)	Intron	0.043703802
1974	PPHLN1	(NC);(NC)	Intron;Intron	0.1233061694283839
1975	PPHLN1		No Mutation	-0.301028748
1976	PPHLN1		No Mutation	-0.05105484
1977	PPHLN1		No Mutation	-0.051342678
1978	PPHLN1		No Mutation	-0.096970947
1979	PPHLN1		No Mutation	0.3174987624668106
1980	PPHLN1		No Mutation	0.2122852801255577
1981	PPHLN1		No Mutation	-0.343882383
1982	PPHLN1		No Mutation	-0.060702003
1983	PPHLN1		No Mutation	-0.217414653
1984	PPHLN1	L386P	Missense	-0.194874298
1985	PPHLN1	Q384R	Missense	-0.135076922
1986	PPHLN1		No Mutation	-0.255122773
1987	PPHLN1		No Mutation	0.1789144080428808
1988	PPHLN1		No Mutation	-0.240747692
1989	PPHLN1	Q387R	Missense	0.4014316550452355
1990	PPHLN1	Q387R	Missense	-0.401689167
1991	PPHLN1		No Mutation	-0.538428151
1992	PPHLN1		No Mutation	0.0440963199773034
1993	PPHLN1		No Mutation	0.2082102800300495
1994	PPHLN1	K390G	Missense	0.078728027
1995	PPHLN1	V393A	Missense	-0.221242256
1996	PPHLN1	V393A;R394R	Missense;Silent	-0.471933006
1997	PPHLN1	V393V;R394R	Silent;Silent	-0.083518345
1998	PPHLN1	T396A	Missense	0.0256086558929113
1999	PPHLN1	Q398R	Missense	-0.094940664
2000	PPHLN1	G404G	Silent	-0.081339247
2001	PPHLN1	G404G	Silent	-0.405633095
2002	PPHLN1		No Mutation	0.7297599002700055
2003	PPHLN1	P406P	Silent	0.1343004374455587
2004	PPHLN1		No Mutation	-0.468692325
2005	PPHLN1		No Mutation	0.0470260287254026
2006	PPHLN1	M412T	Missense	-0.143989136
2007	PPHLN1		No Mutation	-0.055912862
2008	PPHLN1	K414E	Missense	-0.810366599
2009	PPHLN1	K414G;K415E	Missense;Missense	-0.522887488
2010	PPHLN1	T416T;T417A	Silent;Missense	-0.263326963
2011	PPHLN1		No Mutation	0.510610083
2012	PPHLN1	F431P	Missense	0.0174327891657661
2013	PPHLN1	S442S;V443A	Silent;Missense	-0.344719834
2014	PPHLN1	V444V;H445R	Silent;Missense	-0.12059758
2015	PPHLN1	N447G	Missense	0.2254873979325687
2016	PPHLN1		No Mutation	-0.043328511
2017	MORC2		No Mutation	-0.388653843
2018	MORC2	K1030G	Missense	-0.43442802
2019	MORC2	*1033R	Missense	-0.495313363
2020	MORC2	T1029A	Missense	0.8597535640447613
2021	MORC2	D1026G	Missense	0.1268890992891619
2022	MORC2	E1025G;D1026G	Missense;Missense	-0.585570927
2023	MORC2	E1025G;D1026G	Missense;Missense	-0.340587231
2024	MORC2	E1025G	Missense	-0.354590766
2025	MORC2	L1027P;I1028T	Missense;Missense	-0.066141692
2026	MORC2		No Mutation	-0.623828825
2027	MORC2	N1015G;T1016A	Missense;Missense	0.2016626331546662
2028	MORC2		No Mutation	-0.466805095
2029	MORC2	I1012T	Missense	0.081336589
2030	MORC2		No Mutation	-0.314991254
2031	MORC2	(NC)	Intron	-0.50594361
2032	MORC2	(NC);(NC)	Intron;Intron	-0.726953252
2033	MORC2	(NC)	Intron	-0.071316245
2034	MORC2		No Mutation	-0.011187477
2035	MORC2		No Mutation	0.3525508760783699
2036	MORC2	A1003A	Silent	-0.438666179
2037	MORC2		No Mutation	0.2045016781559304
2038	MORC2	L1004P;L1005P	Missense;Missense	-0.464512679
2039	MORC2	R998G	Missense	-0.746032033
2040	MORC2	E992G;K993G	Missense;Missense	-0.856575946
2041	MORC2	R985G;K986E	Missense;Missense	-1.103186922
2042	MORC2	L987P	Missense	-0.762613789
2043	MORC2		No Mutation	-0.411387817
2044	MORC2		No Mutation	0.3416928719911658
2045	MORC2		No Mutation	-0.786487825
2046	MORC2	L980P	Missense	-0.892077033
2047	MORC2		No Mutation	0.2812347561509706
2048	MORC2		No Mutation	0.365704229
2049	MORC2		No Mutation	-0.207767187
2050	MORC2		No Mutation	-0.139541543
2051	MORC2		No Mutation	0.2817382121473812
2052	MORC2		No Mutation	-0.132772399
2053	MORC2	S971P	Missense	-1.041231298
2054	MORC2	S967G	Missense	-0.083458118
2055	MORC2	Q966R;S967G	Missense;Missense	0.06861929
2056	MORC2	A969A	Silent	-0.440810138
2057	MORC2		No Mutation	0.2025785188681845
2058	MORC2	N963N;S964P;Y965H	Silent;Missense;Missense	-0.885543889
2059	MORC2	K952G	Missense	0.1662251918900876
2060	MORC2	K952G	Missense	-0.269710435
2061	MORC2	F951P	Missense	-0.667513667
2062	MORC2	F951P	Missense	-1.29433564
2063	MORC2		No Mutation	-0.100590156
2064	MORC2		No Mutation	-0.128269219
2065	MORC2		No Mutation	0.3669196218375603
2066	MORC2	(NC)	Intron	-0.214366127
2067	MORC2	S935S;A936A	Silent;Silent	0.5987938933473375
2068	MORC2	L934P	Missense	-0.363344251
2069	MORC2	L934P	Missense	-0.30502778
2070	MORC2		No Mutation	0.001758465
2071	MORC2	S930P	Missense	-0.427040786
2072	MORC2	I929T;S930P	Missense;Missense	-0.687790896
2073	MORC2		No Mutation	-0.415024881
2074	MORC2	C918C;L919P	Silent;Missense	-1.699640702
2075	MORC2		No Mutation	0.4334465371085815
2076	MORC2	N917N;C918R	Silent;Missense	-0.31308963
2077	MORC2	N917N;C918R	Silent;Missense	-0.653927659
2078	MORC2		No Mutation	0.1868110960902539
2079	MORC2	(NC);(NC);(NC);(NC)	Intron;Intron;Intron;Intron	0.4375681496937789
2080	MORC2	(NC);(NC);(NC);(NC)	Intron;Intron;Intron;Intron	-0.230006791
2081	MORC2	(NC);(NC)	Intron;Intron	0.2064771809632846
2082	MORC2	L915P	Missense	0.7755638370999193
2083	MORC2		No Mutation	0.2809125856035531
2084	MORC2	V912A	Missense	-0.01781607
2085	MORC2	I908T	Missense	0.058894874
2086	MORC2		No Mutation	-0.70098403
2087	MORC2		No Mutation	-0.002981956
2088	MORC2	N904N	Silent	-0.501933435
2089	MORC2	L901P	Missense	-0.122844313
2090	MORC2		No Mutation	-0.093658219
2091	MORC2	P896P	Silent	0.008501365
2092	MORC2	I894T	Missense	0.1180684619011352
2093	MORC2	L892P	Missense	0.5031006263760309
2094	MORC2	L892P	Missense	-0.484195153
2095	MORC2	C891R;L892P	Missense;Missense	-0.13357801
2096	MORC2		No Mutation	0.2412497035579513
2097	MORC2	A882A;V883A	Silent;Missense	0.2584214206965518
2098	MORC2	A882A;V883A	Silent;Missense	0.2825000607223398
2099	MORC2	I881T	Missense	-0.301889946
2100	MORC2		No Mutation	-0.065961051
2101	MORC2		No Mutation	-0.050605719
2102	MORC2	E871G	Missense	-0.587770933
2103	MORC2		No Mutation	-0.038700516
2104	MORC2		No Mutation	-0.519143584
2105	MORC2	E867G	Missense	-0.456881955
2106	MORC2	Q865Q;Q866R	Silent;Missense	-0.013245569
2107	MORC2	T864T;Q865R	Silent;Missense	0.584177585
2108	MORC2	T864A	Missense	0.2153391682770349
2109	MORC2		No Mutation	-0.059230549
2110	MORC2	D863G;T864A	Missense;Missense	0.0435848833514901
2111	MORC2	D863G;T864A	Missense;Missense	0.4388825030335075
2112	MORC2	D863G	Missense	0.067081869
2113	MORC2		No Mutation	0.1920610584856098
2114	MORC2	S861G	Missense	0.1122890594981489
2115	MORC2	L862P	Missense	-0.351989363
2116	MORC2		No Mutation	0.1023510741940103
2117	MORC2	H859H	Silent	0.2457967442413857
2118	MORC2	H859H	Silent	-0.228314529
2119	MORC2	H859H	Silent	-0.016348422
2120	MORC2	M852V;K853E	Missense;Missense	0.075182166
2121	MORC2	K844R	Missense	0.4929937312295675
2122	MORC2		No Mutation	-0.675267777
2123	MORC2		No Mutation	0.1205341077198292
2124	MORC2	(NC)	Intron	-0.331130459
2125	MORC2		No Mutation	0.073971582
2126	MORC2		No Mutation	-0.077643786
2127	MORC2	(NC)	Intron	0.1601924433796855
2128	MORC2	(NC);(NC)	Intron;Intron	-1.112461886
2129	MORC2	(NC)	Intron	-0.454956572
2130	MORC2	(NC)	Intron	-1.215027339
2131	MORC2		No Mutation	-0.157577293
2132	MORC2	(NC);(NC)	Splice-donor;Intron	-0.959972267
2133	MORC2	T836A	Missense	0.6084259707551465
2134	MORC2		No Mutation	0.219828455
2135	MORC2	H820R	Missense	0.029224868
2136	MORC2	K819G	Missense	0.044509077
2137	MORC2		No Mutation	0.4578052384501724
2138	MORC2	H820H	Silent	0.1211154412551415
2139	MORC2	E816G	Missense	-0.253159741
2140	MORC2		No Mutation	-0.124680346
2141	MORC2	T813A	Missense	0.1010988051831048
2142	MORC2	T813A	Missense	-0.073006208
2143	MORC2		No Mutation	-0.11523239
2144	MORC2		No Mutation	-0.211667201
2145	MORC2	N804G;R805G	Missense;Missense	0.3391927950454263
2146	MORC2	N804G;R805G	Missense;Missense	-0.010224895
2147	MORC2		No Mutation	0.146206523423755
2148	MORC2	E800G	Missense	-0.16455579
2149	MORC2	E800G	Missense	-0.55322458
2150	MORC2	K795G	Missense	0.2521772516411247
2151	MORC2	(NC);D794G;K795E	Splice-acceptor;Missense;Missense	-0.606559645
2152	MORC2	(NC);(NC)	Intron;Intron	-0.112443088
2153	MORC2	(NC)	Intron	-0.64374557
2154	MORC2	(NC)	Intron	0.3235112832597391
2155	MORC2	(NC)	Intron	-0.09224705
2156	MORC2	Q792R;K793E	Missense;Missense	-0.322038789
2157	MORC2	Q792R	Missense	-0.178880419
2158	MORC2	Q792R	Missense	-0.130586859
2159	MORC2	R790R	Silent	-0.008008442
2160	MORC2		No Mutation	-0.893222246
2161	MORC2	K789G	Missense	0.3143862123064238
2162	MORC2		No Mutation	0.1140576074284491
2163	MORC2	S777S;D778G;S779G	Silent;Missense;Missense	-0.303308969
2164	MORC2		No Mutation	-0.643095413
2165	MORC2	(NC)	Splice-acceptor	0.2029236744907476
2166	MORC2	S779S	Silent	-0.216267755
2167	MORC2	(NC)	Splice-acceptor	-0.322654135
2168	MORC2	(NC);(NC)	Intron;Intron	-0.298716473
2169	MORC2	(NC)	Intron	-0.334808409
2170	MORC2	N774G;E775G	Missense;Missense	0.4033875462556977
2171	MORC2	D772G	Missense	0.0200571246073655
2172	MORC2	E769E;K770G;K771E	Silent;Missense;Missense	0.1992321805855895
2173	MORC2	K767E	Missense	0.055331592
2174	MORC2	R763G	Missense	-0.441192859
2175	MORC2	R763G	Missense	-0.295159328
2176	MORC2	K756G;E757G	Missense;Missense	-0.521378623
2177	MORC2	K756G	Missense	0.054562684
2178	MORC2	K756G	Missense	0.1613581623461339
2179	MORC2	E753G	Missense	-0.794400188
2180	MORC2	E751G	Missense	-0.101087528
2181	MORC2	E749G;E750G	Missense;Missense	1.1615784068840775
2182	MORC2	E749G	Missense	-0.182996078
2183	MORC2	E745G	Missense	0.2604537746062576
2184	MORC2	D744G	Missense	0.4406386497487555
2185	MORC2		No Mutation	-0.521033658
2186	MORC2	S739S;V740A	Silent;Missense	-0.00838931
2187	MORC2	S739S	Silent	0.1993754681942952
2188	MORC2	S739S	Silent	0.159070196389382
2189	MORC2	T733A	Missense	0.1820618895947925
2190	MORC2	(NC)	Splice-acceptor	-1.011323106
2191	MORC2	A732A	Silent	0.3688044883161281
2192	MORC2	(NC);(NC)	Intron;Intron	0.1943371047166889
2193	MORC2	(NC)	Intron	0.1573636025952731
2194	MORC2	(NC)	Splice-donor	-1.323448751
2195	MORC2	S725S;I727V	Silent;Missense	-0.130360596
2196	MORC2		No Mutation	0.07291569
2197	MORC2	T717T	Silent	0.0385400347777636
2198	MORC2	T717T	Silent	0.2354975899867476
2199	MORC2	K713K;I715V	Silent;Missense	0.4455987854761238
2200	MORC2	I715T	Missense	0.09792626
2201	MORC2	S711P	Missense	-0.098378151
2202	MORC2	P710P;S711P	Silent;Missense	-0.180104393
2203	MORC2	V709A	Missense	0.018547282
2204	MORC2	P706P	Silent	-0.003234928
2205	MORC2	P706P	Silent	-0.015660785
2206	MORC2	K704E	Missense	0.1448050467808344
2207	MORC2	N702G	Missense	0.09694468
2208	MORC2	N702G	Missense	-0.160884206
2209	MORC2	S703P	Missense	0.5818715891620471
2210	MORC2	L695P;S696P	Missense;Missense	0.3057136422238586
2211	MORC2	L695P;S696P	Missense;Missense	0.0117160512101571
2212	MORC2	L695P	Missense	0.2042473204202491
2213	MORC2		No Mutation	-1.049050977
2214	MORC2	V692A	Missense	-0.266150342
2215	MORC2	L691P;V692A	Missense;Missense	0.4533900870283607
2216	MORC2	A685A	Silent	-0.131158077
2217	MORC2	T684T	Silent	-0.138561309
2218	MORC2	V682A	Missense	-0.368651855
2219	MORC2	T680T	Silent	-0.119994808
2220	MORC2	T680T	Silent	-0.352166806
2221	MORC2		No Mutation	-0.120209779
2222	MORC2		No Mutation	-0.211541575
2223	MORC2		No Mutation	-0.326310465
2224	MORC2		No Mutation	0.3487642583023919
2225	MORC2		No Mutation	-0.105182654
2226	MORC2	L667P;L668P	Missense;Missense	0.4732471949795285
2227	MORC2	S665P	Missense	0.046172688
2228	MORC2	E660G;E661G	Missense;Missense	-0.277526883
2229	MORC2		No Mutation	0.4726198393100978
2230	MORC2		No Mutation	0.051447548
2231	MORC2		No Mutation	-0.219533721
2232	MORC2		No Mutation	-0.156875874
2233	MORC2		No Mutation	0.4489719100669175
2234	MORC2		No Mutation	-0.012912661
2235	MORC2		No Mutation	-0.444824567
2236	MORC2	L656P	Missense	0.1499796043164586
2237	MORC2	A655A;L656P	Silent;Missense	0.2446579045772554
2238	MORC2	A655A;L656P	Silent;Missense	-0.273802064
2239	MORC2	P651P;K652E	Silent;Missense	0.2221683802271307
2240	MORC2		No Mutation	0.1012850995610847
2241	MORC2	I647T	Missense	0.002581375
2242	MORC2	V646A;I647T	Missense;Missense	0.080119922
2243	MORC2	V646A;I647T	Missense;Missense	-0.108772036
2244	MORC2	A644A;P645P	Silent;Silent	-0.267835816
2245	MORC2	A644A	Silent	-0.60662991
2246	MORC2		No Mutation	0.2128510988385469
2247	MORC2	P637P;S639G	Silent;Missense	0.2002327757310428
2248	MORC2		No Mutation	0.3866934536773203
2249	MORC2		No Mutation	0.4680924857027495
2250	MORC2	P635P	Silent	-0.17271074
2251	MORC2	T634T;P635P	Silent;Silent	0.1485955091567898
2252	MORC2	T634T;P635P	Silent;Silent	0.1065407676009976
2253	MORC2	T634T	Silent	-0.389471769
2254	MORC2	S631S;L632P	Silent;Missense	-0.056602295
2255	MORC2	S631P;L632P	Missense;Missense	0.4011397583006891
2256	MORC2	P630P;S631P;L632L	Silent;Missense;Silent	-0.008483512
2257	MORC2	P630P;S631P	Silent;Missense	-0.474307189
2258	MORC2		No Mutation	0.3188924479145099
2259	MORC2	I622T	Missense	0.4381725668664621
2260	MORC2	I622T	Missense	0.063295271
2261	MORC2	V621A;I622T	Missense;Missense	0.3119934040246727
2262	MORC2	V621A;I622T	Missense;Missense	0.2512426118132647
2263	MORC2	L618L	Silent	0.0210255529039254
2264	MORC2	L618P	Missense	0.067690318
2265	MORC2	S615P	Missense	0.3794610023508049
2266	MORC2	R609G	Missense	0.0461462497696479
2267	MORC2		No Mutation	0.786392231
2268	MORC2	P606P;V607A	Silent;Missense	0.565633466
2269	MORC2	(NC)	Intron	-0.314604667
2270	MORC2	(NC)	Intron	0.6569425136118237
2271	MORC2	(NC);(NC)	Intron;Intron	0.2880954312534105
2272	MORC2	(NC)	Intron	-0.083245805
2273	MORC2		No Mutation	0.0449209834766713
2274	MORC2	T603A;E604G	Missense;Missense	0.5176124715455834
2275	MORC2	(NC)	Intron	-0.16709418
2276	MORC2	T603A	Missense	0.2090722343559005
2277	MORC2	T603A	Missense	-0.187295683
2278	MORC2	(NC)	Splice-donor	-0.302365811
2279	MORC2	T603T	Silent	0.1093610619613137
2280	MORC2	T599A;R600G	Missense;Missense	-0.073223503
2281	MORC2		No Mutation	-0.180762706
2282	MORC2		No Mutation	0.3076997723990959
2283	MORC2	L595P	Missense	-0.237115384
2284	MORC2	K591E	Missense	-0.357002931
2285	MORC2	L593L	Silent	-0.344850964
2286	MORC2		No Mutation	-0.020648913
2287	MORC2	L590P	Missense	-0.333797145
2288	MORC2		No Mutation	0.3381250429650101
2289	MORC2		No Mutation	-0.230238817
2290	MORC2		No Mutation	-0.075949804
2291	MORC2		No Mutation	-0.46777979
2292	MORC2	(NC)	Intron	-0.13031979
2293	MORC2	(NC);(NC)	Intron;Intron	0.2356773168052419
2294	MORC2	(NC)	Intron	-0.123849168
2295	MORC2	Q579R	Missense	0.094604128
2296	MORC2	E576G	Missense	0.086581083
2297	MORC2	E576G	Missense	0.090516585
2298	MORC2	K574G	Missense	-0.505585755
2299	MORC2	L575P	Missense	-0.946425066
2300	MORC2	Q571R	Missense	-0.380278354
2301	MORC2	Q570R	Missense	-0.007213297
2302	MORC2	K567G;I568V	Missense;Missense	-0.416209802
2303	MORC2	R551R;K552G	Silent;Missense	-0.441155229
2304	MORC2		No Mutation	0.035477939
2305	MORC2		No Mutation	-0.117056321
2306	MORC2		No Mutation	0.4544562678914297
2307	MORC2		No Mutation	0.009985933
2308	MORC2	K542G;Q543R	Missense;Missense	0.4011238845838727
2309	MORC2	Q541Q;K542G	Silent;Missense	0.5914501912289603
2310	MORC2		No Mutation	-0.580411429
2311	MORC2	C536R	Missense	-0.360516972
2312	MORC2		No Mutation	-0.108083806
2313	MORC2	(NC);(NC)	Intron;Intron	0.06365495
2314	MORC2	(NC);(NC)	Intron;Intron	-0.687529728
2315	MORC2	(NC);(NC)	Intron;Intron	-0.053671443
2316	MORC2	(NC);(NC)	Intron;Intron	-0.300247126
2317	MORC2	(NC);(NC)	Intron;Intron	-0.296167475
2318	MORC2	(NC);(NC)	Intron;Intron	-0.845810318
2319	MORC2	(NC)	Splice-donor	-1.468092973
2320	MORC2		No Mutation	-0.185921805
2321	MORC2		No Mutation	0.2259209306376732
2322	MORC2	D530G	Missense	0.1412047507179541
2323	MORC2	P531P	Silent	0.219478379
2324	MORC2	N528G	Missense	-0.107889797
2325	MORC2	M527T	Missense	-0.281760553
2326	MORC2	C525R;S526P	Missense;Missense	-0.421338537
2327	MORC2	V524V;C525R;S526P	Silent;Missense;Missense	-1.239443733
2328	MORC2	K517K;D518G	Silent;Missense	0.5243893203942844
2329	MORC2	K517R;D518G	Missense;Missense	-0.229545407
2330	MORC2	S514S;V515A	Silent;Missense	0.4786754829013914
2331	MORC2	S514P;V515A	Missense;Missense	0.0461908271515076
2332	MORC2	S513S;S514P	Silent;Missense	0.4530666746307381
2333	MORC2		No Mutation	-0.087677052
2334	MORC2	S513S;S514P	Silent;Missense	-0.476081348
2335	MORC2	L512P;S513S	Missense;Silent	-1.079419868
2336	MORC2	(NC);D500G	Splice-acceptor;Missense	-0.736084983
2337	MORC2	(NC)	Intron	0.1182781013368177
2338	MORC2		No Mutation	0.6435779101831647
2339	MORC2	(NC);(NC)	Intron;Intron	0.1613660125685518
2340	MORC2	Q498R	Missense	-0.873470103
2341	MORC2	(NC)	Splice-donor	-1.326947683
2342	MORC2	I497V;Q498R	Missense;Missense	-0.497270271
2343	MORC2	I497V	Missense	-0.47402356
2344	MORC2	(NC)	Splice-donor	-0.999070021
2345	MORC2	C499R	Missense	-1.603315951
2346	MORC2	C499R	Missense	-0.939761913
2347	MORC2	T495A	Missense	0.4393096369062255
2348	MORC2	I493T	Missense	-0.374551086
2349	MORC2	K486G	Missense	-0.209207034
2350	MORC2	E482G	Missense	-0.160400174
2351	MORC2		No Mutation	0.2631991215749591
2352	MORC2	R484R;Y485H	Silent;Missense	0.034870292
2353	MORC2	R484R;Y485H	Silent;Missense	-0.105905528
2354	MORC2	L483P;R484R	Missense;Silent	0.039204373
2355	MORC2	L483P	Missense	0.2792395897460505
2356	MORC2	S481S	Silent	-0.087073054
2357	MORC2		No Mutation	-0.825522644
2358	MORC2		No Mutation	0.098170092
2359	MORC2	Y470C	Missense	0.1827893083144039
2360	MORC2	K463G	Missense	0.4292157556896729
2361	MORC2	G460G;I461V	Silent;Missense	-0.069523944
2362	MORC2	F464L	Missense	-0.049666671
2363	MORC2	G460G	Silent	-0.359769986
2364	MORC2	I462T	Missense	0.5184358221607712
2365	MORC2	I461T;I462T	Missense;Missense	-0.135643889
2366	MORC2		No Mutation	0.030998642742431
2367	MORC2		No Mutation	0.014736723
2368	MORC2		No Mutation	-0.103967346
2369	MORC2	(NC);(NC)	Intron;Intron	0.0113023457315212
2370	MORC2	(NC);(NC)	Intron;Intron	-0.083919391
2371	MORC2	(NC)	Intron	-0.564339532
2372	MORC2	I456V	Missense	-0.042689893
2373	MORC2	I456V	Missense	-0.363756188
2374	MORC2	I454V	Missense	-0.03373079
2375	MORC2	D453G;I454V	Missense;Missense	-0.02827192
2376	MORC2	D453G;I454V	Missense;Missense	-0.535892931
2377	MORC2	K452G	Missense	-0.297464916
2378	MORC2		No Mutation	0.1288038506206669
2379	MORC2		No Mutation	-0.277928773
2380	MORC2	E445G;H446R	Missense;Missense	0.2019788867957623
2381	MORC2		No Mutation	-0.5591772
2382	MORC2	R441R;A442A;M443V	Silent;Silent;Missense	0.5297501686199457
2383	MORC2		No Mutation	0.3876940739508931
2384	MORC2		No Mutation	-0.318973674
2385	MORC2		No Mutation	-0.244663805
2386	MORC2	H438R	Missense	-0.341485443
2387	MORC2	H438R	Missense	-0.076941233
2388	MORC2	H438R	Missense	-0.414917265
2389	MORC2	L439P	Missense	-0.873544209
2390	MORC2	D432G	Missense	0.1554207894383923
2391	MORC2	D429G	Missense	-0.183266265
2392	MORC2		No Mutation	0.07874918
2393	MORC2	T424A	Missense	0.7162052685989506
2394	MORC2		No Mutation	-0.105346753
2395	MORC2	P423P	Silent	-0.107023615
2396	MORC2	P423P	Silent	-0.044280886
2397	MORC2		No Mutation	-0.070098704
2398	MORC2		No Mutation	0.5890474657963474
2399	MORC2		No Mutation	0.1455439377691393
2400	MORC2	A406A	Silent	0.1932125213738293
2401	MORC2	A406A	Silent	0.6559475249568094
2402	MORC2	A406A	Silent	-0.378650318
2403	MORC2		No Mutation	0.1768474317097305
2404	MORC2		No Mutation	-0.071433253
2405	MORC2	(NC)	Splice-acceptor	-0.521913683
2406	MORC2		No Mutation	0.1775974793035307
2407	MORC2		No Mutation	-0.1601658
2408	MORC2		No Mutation	-0.099836828
2409	MORC2		No Mutation	0.0116101015291278
2410	MORC2	M405T	Missense	0.2043854212525286
2411	MORC2		No Mutation	-0.596078742
2412	MORC2		No Mutation	-0.104854609
2413	MORC2		No Mutation	0.372888383190131
2414	MORC2		No Mutation	0.2074383653222206
2415	MORC2		No Mutation	-0.107802434
2416	MORC2	K396G	Missense	0.2304144156845962
2417	MORC2	K392G;M393V	Missense;Missense	-0.401438212
2418	MORC2	K392G;M393V	Missense;Missense	0.2213571217954185
2419	MORC2	M382T;F383L	Missense;Missense	-0.743317752
2420	MORC2	E375G;H376R	Missense;Missense	0.3021530942103703
2421	MORC2	I374V	Missense	0.3596341491115139
2422	MORC2	N373D	Missense	-0.128045747
2423	MORC2		No Mutation	0.3284392563452458
2424	MORC2	F368P;V369A	Missense;Missense	-0.052130041
2425	MORC2	R358R;A359A	Silent;Silent	0.6411914852241954
2426	MORC2	(NC)	Intron	0.1235141305603557
2427	MORC2	(NC)	Intron	0.1369753226862717
2428	MORC2	K356G;Q357R	Missense;Missense	0.0209137305077682
2429	MORC2	K353G	Missense	-0.587705854
2430	MORC2	K349G;K350E	Missense;Missense	0.1430961247238966
2431	MORC2	I352T	Missense	0.2317937861661485
2432	MORC2	K349E	Missense	1.2746558061361846
2433	MORC2	E345G	Missense	-0.496362433
2434	MORC2		No Mutation	0.1542415732308159
2435	MORC2	T341T	Silent	0.06823833
2436	MORC2	(NC)	Splice-acceptor	-0.372921014
2437	MORC2	(NC)	Intron	0.6217448508892033
2438	MORC2	(NC)	Intron	-0.03336213
2439	MORC2	(NC);(NC)	Intron;Intron	-0.236718597
2440	MORC2	(NC);(NC)	Intron;Intron	-0.257804425
2441	MORC2	(NC);(NC)	Intron;Intron	-0.317375229
2442	MORC2		No Mutation	0.397256346249573
2443	MORC2	(NC)	Intron	-0.600558464
2444	MORC2	D327G	Missense	-0.65049394
2445	MORC2		No Mutation	-0.044836373
2446	MORC2		No Mutation	0.1235500927858588
2447	MORC2	T325A	Missense	0.1092102833847737
2448	MORC2	D323G	Missense	-0.055659201
2449	MORC2		No Mutation	0.146973988
2450	MORC2	L320L	Silent	-0.099003352
2451	MORC2	L320L	Silent	0.3437387291264262
2452	MORC2	L316L;E317G	Silent;Missense	0.4997081282421954
2453	MORC2	T315A	Missense	-0.366686453
2454	MORC2	E308G;A309A	Missense;Silent	-0.110501161
2455	MORC2	E303G	Missense	0.2752564445066822
2456	MORC2	(NC)	Splice-acceptor	-1.017800133
2457	MORC2	(NC)	Splice-acceptor	-1.030805296
2458	MORC2		No Mutation	0.1267377773242302
2459	MORC2	(NC);(NC);(NC)	Intron;Intron;Intron	0.2119328436036833
2460	MORC2	(NC);(NC)	Intron;Intron	0.3169926747505642
2461	MORC2	I301V	Missense	-1.101091349
2462	MORC2	I301V	Missense	-0.622690279
2463	MORC2	E296G;H297R	Missense;Missense	-0.024060799
2464	MORC2	K294R;A295A	Missense;Silent	-0.268695186
2465	MORC2	V292A	Missense	-0.073730168
2466	MORC2	V292A	Missense	0.2647165926937517
2467	MORC2	T286A	Missense	0.1752044865451394
2468	MORC2	K285G;T286A	Missense;Missense	-0.673877332
2469	MORC2	R287R	Silent	0.107378047269904
2470	MORC2		No Mutation	-0.136557636
2471	MORC2	(NC)	Intron	0.158392054744314
2472	MORC2	(NC)	Intron	-0.174610719
2473	MORC2	(NC)	Intron	0.108728148480472
2474	MORC2	(NC)	Splice-donor	-1.007573148
2475	MORC2	Y272C	Missense	-0.467730271
2476	MORC2	Y272C	Missense	0.7051947111268548
2477	MORC2		No Mutation	-0.016717554
2478	MORC2		No Mutation	-0.5344875
2479	MORC2		No Mutation	0.3944749505929242
2480	MORC2	C270R	Missense	-0.940280078
2481	MORC2	H260R;K261G	Missense;Missense	-1.486068724
2482	MORC2		No Mutation	0.5633302929866717
2483	MORC2	I257V	Missense	0.0507301435935107
2484	MORC2	I257T	Missense	-1.059273
2485	MORC2	R254G	Missense	-0.601685897
2486	MORC2	F256S;I257T	Missense;Missense	0.3023558402637064
2487	MORC2	M253V;R254G	Missense;Missense	0.1857493064090747
2488	MORC2	F256P;I257T	Missense;Missense	-0.655713254
2489	MORC2	Y248C;I249V	Missense;Missense	-0.276361888
2490	MORC2		No Mutation	-0.305402261
2491	MORC2	I249T;D250D	Missense;Silent	0.4047931222070799
2492	MORC2	L247P;Y248H	Missense;Missense	0.3910117655053732
2493	MORC2	A245A;V246A	Silent;Missense	0.8272340008664589
2494	MORC2	F240P	Missense	-0.61240646
2495	MORC2		No Mutation	-0.401361055
2496	MORC2		No Mutation	-0.016530269
2497	MORC2		No Mutation	-0.09799526
2498	MORC2		No Mutation	-1.203771138
2499	MORC2		No Mutation	-1.23069498
2500	MORC2	(NC)	Intron	-0.400112824
2501	MORC2	(NC)	Intron	-0.952078564
2502	MORC2	(NC)	Intron	-0.076536146
2503	MORC2	T233A	Missense	-0.525907466
2504	MORC2	(NC);(NC)	Intron;Intron	0.2846010789767323
2505	MORC2	T233A	Missense	0.033286944
2506	MORC2	(NC);(NC)	Intron;Intron	-0.038748175
2507	MORC2	(NC)	Intron	-0.625952447
2508	MORC2	P230P;E231G	Silent;Missense	0.275485372879042
2509	MORC2	M225T	Missense	0.2277600488746843
2510	MORC2	P220P;R221G	Silent;Missense	-0.264233189
2511	MORC2	I217T;S218P	Missense;Missense	-0.051570745
2512	MORC2	K205G	Missense	-0.254033592
2513	MORC2	N203D	Missense	0.6675215266952307
2514	MORC2		No Mutation	0.5331984760101838
2515	MORC2	(NC);(NC);(NC);(NC)	Intron;Intron;Intron;Intron	0.1264966548664077
2516	MORC2	(NC)	Intron	-0.074837391
2517	MORC2		No Mutation	0.6151979487700017
2518	MORC2	K190G;I191V	Missense;Missense	0.2245427624640384
2519	MORC2	I191I;P192P	Silent;Silent	0.6630173209227588
2520	MORC2	I191T;P192P	Missense;Silent	0.0285527317960181
2521	MORC2	M189V	Missense	-0.361268603
2522	MORC2	Q187R	Missense	-0.410024063
2523	MORC2	Q187R	Missense	0.09326407
2524	MORC2	V184A	Missense	-0.907580801
2525	MORC2		No Mutation	-0.139825484
2526	MORC2	P177P	Silent	0.1117748428212307
2527	MORC2		No Mutation	-0.761231954
2528	MORC2	L171P;I172T	Missense;Missense	-0.700850083
2529	MORC2	V162A	Missense	-0.081322615
2530	MORC2		No Mutation	0.6798548482769516
2531	MORC2		No Mutation	0.2234107667567049
2532	MORC2		No Mutation	0.0205361259249876
2533	MORC2		No Mutation	0.4188237309449002
2534	MORC2		No Mutation	0.048298939
2535	MORC2	N151D	Missense	0.085860061
2536	MORC2		No Mutation	-0.084507023
2537	MORC2	N151N	Silent	0.2561498139891729
2538	MORC2	N151N	Silent	0.1935267815695605
2539	MORC2		No Mutation	0.1348384201330815
2540	MORC2	I144M	Missense	-0.479353652
2541	MORC2	L147P	Missense	-1.164857778
2542	MORC2	(NC)	Intron	-0.199131703
2543	MORC2	(NC)	Intron	-0.202197803
2544	MORC2	E142E;(NC)	Silent;Intron	0.3574601625618591
2545	MORC2	E138G	Missense	-0.81525743
2546	MORC2	T133A	Missense	0.2155411849498831
2547	MORC2	F134F;H135H	Silent;Silent	0.2037782689447747
2548	MORC2		No Mutation	-0.252515183
2549	MORC2	F134L	Missense	-0.826348055
2550	MORC2	S131S	Silent	-0.11235702
2551	MORC2	F129S;L130P	Missense;Missense	-1.70709727
2552	MORC2	M125T	Missense	-0.250307898
2553	MORC2		No Mutation	-0.275462219
2554	MORC2	S108S;M109V	Silent;Missense	-0.094240275
2555	MORC2		No Mutation	-0.668891366
2556	MORC2	(NC)	Splice-acceptor	-1.256586464
2557	MORC2	M109T	Missense	-0.453611003
2558	MORC2	(NC);(NC);(NC)	Intron;Intron;Intron	0.7246298693062647
2559	MORC2	(NC);(NC);(NC);(NC)	Intron;Intron;Intron;Intron	0.2593395246349972
2560	MORC2	N102G	Missense	-0.111744602
2561	MORC2		No Mutation	-0.078051168
2562	MORC2	I97V	Missense	-0.114956053
2563	MORC2	Q96R	Missense	-0.171787208
2564	MORC2	T95A;Q96R	Missense;Missense	0.061869316
2565	MORC2	I97T	Missense	-0.919922877
2566	MORC2	E93G	Missense	-0.564027376
2567	MORC2	E93G	Missense	-0.262704881
2568	MORC2	S94P	Missense	0.2702861162776578
2569	MORC2		No Mutation	0.1458957786879124
2570	MORC2	I82V	Missense	0.4320730655233408
2571	MORC2	F84S	Missense	-1.091124328
2572	MORC2	S80G	Missense	-0.103334824
2573	MORC2	S80G	Missense	0.2714146322614318
2574	MORC2	A78A	Silent	0.3972767774190752
2575	MORC2	A78A	Silent	0.0282923523916966
2576	MORC2	(NC)	Intron	0.8456582273412945
2577	MORC2	(NC);(NC)	Intron;Intron	0.7916547885584027
2578	MORC2	D68G	Missense	-0.053314938
2579	MORC2	F62F;M63T	Silent;Missense	-0.202987649
2580	MORC2	R55R;E56G	Silent;Missense	0.3772173953214919
2581	MORC2	R54G	Missense	0.6020969045695209
2582	MORC2	I50V;Y51C	Missense;Missense	-0.106724479
2583	MORC2	Y51Y	Silent	0.3862296056249241
2584	MORC2	I50T;Y51H	Missense;Missense	-0.499725629
2585	MORC2	R47G;I48V	Missense;Missense	-0.450483079
2586	MORC2	A40A;R41G	Silent;Missense	-0.776841398
2587	MORC2	E35G	Missense	-0.977902582
2588	MORC2	V37V;D38D	Silent;Silent	-0.02871091
2589	MORC2	V37A;D38D	Missense;Silent	0.3718597479665495
2590	MORC2		No Mutation	0.4536485492920955
2591	MORC2	L29S;F30P	Missense;Missense	-1.304546346
2592	MORC2	T25A;H26R	Missense;Missense	-1.336512469
2593	MORC2	N22S	Missense	-0.592031731
2594	MORC2		No Mutation	0.004964428
2595	MORC2	A2A;F3L	Silent;Missense	0.630874211
2596	MORC2	(NC);(NC)	UTR;UTR	-0.07551487
2597	ATF7IP	Q8R;K9E	Missense;Missense	0.1413400875358462
2598	ATF7IP	Q25Q	Silent	0.247961206453485
2599	ATF7IP	D40G	Missense	0.1187884676924913
2600	ATF7IP	N45G	Missense	-0.209838408
2601	ATF7IP	H48R	Missense	-0.315592652
2602	ATF7IP	D54G	Missense	0.7936242020295449
2603	ATF7IP	S57S	Silent	0.0407355682581942
2604	ATF7IP	D63G	Missense	0.6038408965979862
2605	ATF7IP	I65V;K66E	Missense;Missense	-0.523666573
2606	ATF7IP	D67G;K68G	Missense;Missense	0.3534192625985142
2607	ATF7IP	E82G;G83G	Missense;Silent	0.146684432179901
2608	ATF7IP		No Mutation	0.5440116099460193
2609	ATF7IP	G83G;S84G;K85E	Silent;Missense;Missense	0.2930538260453578
2610	ATF7IP	V97A	Missense	0.142944163
2611	ATF7IP	V97A;N98N	Missense;Silent	0.053015799
2612	ATF7IP	N98G	Missense	0.2962560526465529
2613	ATF7IP	N116N;I117T	Silent;Missense	0.4638892548847197
2614	ATF7IP		No Mutation	0.4012908193648767
2615	ATF7IP		No Mutation	0.006030142
2616	ATF7IP		No Mutation	0.2856537748128119
2617	ATF7IP	L125P	Missense	-0.34773892
2618	ATF7IP	P126P	Silent	0.8967981507672844
2619	ATF7IP		No Mutation	-0.230997227
2620	ATF7IP	S131P	Missense	-0.038294947
2621	ATF7IP		No Mutation	0.046069962
2622	ATF7IP		No Mutation	-0.361262564
2623	ATF7IP	P134P	Silent	-0.234280475
2624	ATF7IP		No Mutation	0.5077069028616591
2625	ATF7IP	L139P	Missense	0.4231650074113221
2626	ATF7IP	D140D	Silent	-0.161778666
2627	ATF7IP	D140D	Silent	0.2034760104467543
2628	ATF7IP		No Mutation	0.077069634
2629	ATF7IP		No Mutation	0.1995882805563109
2630	ATF7IP	P144P	Silent	-0.190245993
2631	ATF7IP		No Mutation	-0.030791472
2632	ATF7IP	L149P	Missense	0.014800328
2633	ATF7IP	S151P	Missense	-0.351781174
2634	ATF7IP	S151S;G152G	Silent;Silent	-0.124666233
2635	ATF7IP		No Mutation	-0.152408003
2636	ATF7IP	S156P	Missense	0.1231614588125756
2637	ATF7IP		No Mutation	-0.046889313
2638	ATF7IP	S161P	Missense	-0.032858343
2639	ATF7IP	S165P	Missense	-0.045426386
2640	ATF7IP	S165P	Missense	-0.554101926
2641	ATF7IP	S166P	Missense	0.080712609
2642	ATF7IP	S167G	Missense	0.046048901
2643	ATF7IP	A169A	Silent	0.1061199255012026
2644	ATF7IP	A169A	Silent	0.1134039399660764
2645	ATF7IP	S171P	Missense	-0.377046163
2646	ATF7IP		No Mutation	0.2774900280964237
2647	ATF7IP	S176P	Missense	0.5426756824648908
2648	ATF7IP		No Mutation	-0.222577217
2649	ATF7IP	P180P;S181P	Silent;Missense	0.2812919982381309
2650	ATF7IP		No Mutation	-0.122867458
2651	ATF7IP	V184A;S185P	Missense;Missense	-0.274807677
2652	ATF7IP	S185P	Missense	0.1944499616061187
2653	ATF7IP	S185P	Missense	0.481977475
2654	ATF7IP		No Mutation	-0.115819312
2655	ATF7IP	S191P	Missense	-0.123906944
2656	ATF7IP	S191P	Missense	0.016933054
2657	ATF7IP	S191P	Missense	-0.197295119
2658	ATF7IP	T195T	Silent	-0.122542725
2659	ATF7IP	T195T;A196A	Silent;Silent	0.0596584413859064
2660	ATF7IP	D197G	Missense	0.6190270408905635
2661	ATF7IP	L199P;S200P	Missense;Missense	0.0493470912643483
2662	ATF7IP	S206P	Missense	-0.129771337
2663	ATF7IP	S207G	Missense	-0.182605553
2664	ATF7IP	I210T	Missense	0.0169821383503191
2665	ATF7IP	I210T	Missense	0.3670820501274208
2666	ATF7IP	I210T	Missense	0.6911227370979673
2667	ATF7IP	I210V	Missense	0.1338762880842219
2668	ATF7IP	V215A	Missense	0.048612642
2669	ATF7IP	V215A	Missense	0.088387382
2670	ATF7IP	P216P	Silent	0.070837718
2671	ATF7IP	P216P;V217A	Silent;Missense	0.378519382
2672	ATF7IP		No Mutation	-0.156953049
2673	ATF7IP	I220T	Missense	0.120776198433616
2674	ATF7IP	I220I;S221P	Silent;Missense	-0.501936169
2675	ATF7IP	S221P	Missense	-0.366067315
2676	ATF7IP	C224R	Missense	-0.130221196
2677	ATF7IP	C224C	Silent	-0.750855278
2678	ATF7IP	S231P	Missense	0.1535424190465272
2679	ATF7IP	T235T;S236P	Silent;Missense	-0.548185645
2680	ATF7IP	E233E;I234V;T235A	Silent;Missense;Missense	-0.033272118
2681	ATF7IP		No Mutation	-0.024003965
2682	ATF7IP		No Mutation	0.4213238667286955
2683	ATF7IP	S251S;D252D	Silent;Silent	-0.051279999
2684	ATF7IP	P249P	Silent	0.3935108166317616
2685	ATF7IP	D252G	Missense	0.38467928
2686	ATF7IP	L254P	Missense	0.2301671252291501
2687	ATF7IP	S256P	Missense	0.174396649601747
2688	ATF7IP	S261P	Missense	-0.098287063
2689	ATF7IP	L259L	Silent	0.1474846964623293
2690	ATF7IP	S266P	Missense	-0.043193512
2691	ATF7IP	E263E	Silent	0.092049303
2692	ATF7IP	D267G	Missense	-0.12461759
2693	ATF7IP	T271T	Silent	0.1866935436302635
2694	ATF7IP		No Mutation	-0.060943484
2695	ATF7IP	S276P	Missense	-0.503870833
2696	ATF7IP	T280T;S281P	Silent;Missense	0.2298494798428868
2697	ATF7IP	F289S	Missense	0.089014522
2698	ATF7IP	S293S;V294A	Silent;Missense	0.3967790396861714
2699	ATF7IP	V296A;C297R	Missense;Missense	-0.688644477
2700	ATF7IP	V300A	Missense	0.255188646785176
2701	ATF7IP		No Mutation	-0.442145544
2702	ATF7IP	I306T	Missense	-0.457242145
2703	ATF7IP	D313D	Silent	0.6018865486893563
2704	ATF7IP	Q330R;S331G	Missense;Missense	0.0219369680189108
2705	ATF7IP		No Mutation	0.6187563545880439
2706	ATF7IP	E366E;N367G	Silent;Missense	0.8185579839294446
2707	ATF7IP	I376V;T377A	Missense;Missense	0.3048444621080634
2708	ATF7IP	I386V	Missense	-0.115997316
2709	ATF7IP	S389G;M390V	Missense;Missense	0.4362263641692196
2710	ATF7IP	L424L;E425G;N426D	Silent;Missense;Missense	1.1189545260832507
2711	ATF7IP	E434G;I435V	Missense;Missense	0.3225436605693617
2712	ATF7IP	E440E;K441G	Silent;Missense	-0.214457345
2713	ATF7IP	L449P	Missense	0.4229866133394617
2714	ATF7IP		No Mutation	-0.172551117
2715	ATF7IP	N464N	Silent	0.3432736570611249
2716	ATF7IP	E462G;T463A	Missense;Missense	0.1774495181770574
2717	ATF7IP	P465P;D466G	Silent;Missense	0.5241593302639731
2718	ATF7IP	K470G;M471V	Missense;Missense	-0.176650627
2719	ATF7IP	S483S	Silent	0.3104371195659603
2720	ATF7IP	P488P;K489E	Silent;Missense	0.2107903777671609
2721	ATF7IP	L493P;V494A	Missense;Missense	-0.329850925
2722	ATF7IP	S496S;D497D	Silent;Silent	-0.054331777
2723	ATF7IP		No Mutation	-0.167768666
2724	ATF7IP	D497G	Missense	0.4352520850381682
2725	ATF7IP	D500D	Silent	0.1445982943816463
2726	ATF7IP	D497G;E498G	Missense;Missense	-0.160328692
2727	ATF7IP	N514G;E515G	Missense;Missense	0.1631263482131527
2728	ATF7IP	(NC);(NC)	Intron;Intron	-0.666326458
2729	ATF7IP	E521E;V522V	Silent;Silent	-0.233487494
2730	ATF7IP	E526E;K527G	Silent;Missense	-0.058456832
2731	ATF7IP	V537A	Missense	-0.036604223
2732	ATF7IP	F551S;S552P	Missense;Missense	0.6638802698026409
2733	ATF7IP	K558E	Missense	0.2459107722234643
2734	ATF7IP	K568G	Missense	-1.25218364
2735	ATF7IP	M573V	Missense	0.1124549209729766
2736	ATF7IP	V583V;K584G	Silent;Missense	-0.046476911
2737	ATF7IP		No Mutation	0.085215757
2738	ATF7IP	N592G	Missense	0.1595037395621381
2739	ATF7IP	(NC);(NC)	Intron;Intron	0.0127155523103917
2740	ATF7IP		No Mutation	0.0177770043432955
2741	ATF7IP	I599V	Missense	0.345853348347627
2742	ATF7IP	V614V	Silent	0.4903669094507025
2743	ATF7IP	A620A;E621G	Silent;Missense	0.2987165117604745
2744	ATF7IP	K628R;I629V	Missense;Missense	0.00842861
2745	ATF7IP	T637T	Silent	0.122115966
2746	ATF7IP	L649S	Missense	0.4564418256068278
2747	ATF7IP	F653P	Missense	0.0359909230789596
2748	ATF7IP		No Mutation	-0.182349926
2749	ATF7IP	(NC)	Intron	0.85098646
2750	ATF7IP		No Mutation	-0.013876734
2751	ATF7IP		No Mutation	0.0473794171441562
2752	ATF7IP		No Mutation	0.1224262240368241
2753	ATF7IP		No Mutation	0.3124676379159531
2754	ATF7IP	N669G	Missense	0.6385314393442669
2755	ATF7IP	V672A;S673P	Missense;Missense	-0.356188241
2756	ATF7IP	S673P	Missense	-0.273684811
2757	ATF7IP		No Mutation	0.2154117999528836
2758	ATF7IP	N684S;N685G	Missense;Missense	-0.140894612
2759	ATF7IP	(NC)	Intron	0.4984307899836693
2760	ATF7IP	T694A	Missense	0.4959115049476017
2761	ATF7IP		No Mutation	0.5008750342116917
2762	ATF7IP	T715T	Silent	0.053879903
2763	ATF7IP	P716P;V717A	Silent;Missense	-0.386095753
2764	ATF7IP	Q714R;T715A	Missense;Missense	0.3139482614490724
2765	ATF7IP	V717A;N718N	Missense;Silent	-0.155513643
2766	ATF7IP	(NC);(NC)	Intron;Intron	-0.666725284
2767	ATF7IP	P728P	Silent	-0.070201635
2768	ATF7IP	S733S	Silent	-0.189108435
2769	ATF7IP	S734S	Silent	0.4976429001671316
2770	ATF7IP	V742A	Missense	-0.171936366
2771	ATF7IP	Q739R;T740A	Missense;Missense	-0.097384849
2772	ATF7IP	Q739R;T740A	Missense;Missense	0.1756665581981413
2773	ATF7IP	S746P;L747P	Missense;Missense	0.3793647987093658
2774	ATF7IP	V752A	Missense	-0.168655877
2775	ATF7IP	V752A	Missense	-0.043852879
2776	ATF7IP	A759A	Silent	0.2882631080630377
2777	ATF7IP	V761A;V762A	Missense;Missense	-0.059452832
2778	ATF7IP	V761A;V762A	Missense;Missense	-0.115334987
2779	ATF7IP	V761V	Silent	0.064574164
2780	ATF7IP	T764A;T765A	Missense;Missense	-0.614374619
2781	ATF7IP		No Mutation	-0.139998834
2782	ATF7IP	S777P;L778P	Missense;Missense	-0.142803602
2783	ATF7IP	S777S;L778P	Silent;Missense	-0.04782034
2784	ATF7IP	S777S;L778P	Silent;Missense	-0.345126298
2785	ATF7IP		No Mutation	-0.232364062
2786	ATF7IP	L785P	Missense	0.5531434835696007
2787	ATF7IP	V787A	Missense	0.4264920182525852
2788	ATF7IP	S793P	Missense	0.1062838853481464
2789	ATF7IP	L797P;L798P	Missense;Missense	0.4293238542084613
2790	ATF7IP	L798P	Missense	-0.367839911
2791	ATF7IP		No Mutation	0.0413950335857179
2792	ATF7IP		No Mutation	0.1809243964906426
2793	ATF7IP		No Mutation	-0.144009196
2794	ATF7IP	L798L	Silent	-0.235398579
2795	ATF7IP	S800G	Missense	0.1200531018683725
2796	ATF7IP	V806A	Missense	0.6681601066776871
2797	ATF7IP	T807T	Silent	0.2268970690498652
2798	ATF7IP	T807A	Missense	0.485513899
2799	ATF7IP	F816P	Missense	0.4872689181460321
2800	ATF7IP	S821G	Missense	-0.233256318
2801	ATF7IP	S826S;G827G	Silent;Silent	-0.478731167
2802	ATF7IP	G827G;L828P	Silent;Missense	-0.196869327
2803	ATF7IP	L828P	Missense	0.003906904
2804	ATF7IP	S837P;L838P	Missense;Missense	0.4618437681472851
2805	ATF7IP	N840N	Silent	0.2123896395241194
2806	ATF7IP		No Mutation	-0.081810735
2807	ATF7IP	T842T	Silent	0.1103315760301647
2808	ATF7IP		No Mutation	0.7729298973216804
2809	ATF7IP	V847A	Missense	0.3225372851125409
2810	ATF7IP	V847A	Missense	0.096570072
2811	ATF7IP	S849P;V850A	Missense;Missense	0.1452819616245786
2812	ATF7IP	P853P	Silent	0.6571796995064608
2813	ATF7IP	S852G	Missense	-0.127599195
2814	ATF7IP		No Mutation	-0.020521328
2815	ATF7IP		No Mutation	-0.674065934
2816	ATF7IP		No Mutation	0.1886162762314012
2817	ATF7IP	S862G	Missense	-0.160237537
2818	ATF7IP	A863A	Silent	-0.481814594
2819	ATF7IP	S862G	Missense	0.2698518882118307
2820	ATF7IP		No Mutation	0.1914296665344335
2821	ATF7IP	L866S	Missense	-0.292731873
2822	ATF7IP	L870P	Missense	0.078737382
2823	ATF7IP	G867G;T868A;T869A	Silent;Missense;Missense	-0.59177008
2824	ATF7IP	I881T;V882A	Missense;Missense	-0.133835548
2825	ATF7IP	I881V	Missense	0.5015307934914587
2826	ATF7IP	L889S	Missense	0.0234914622298583
2827	ATF7IP	T887A	Missense	0.356213629737976
2828	ATF7IP	T887A	Missense	-0.264614313
2829	ATF7IP	T891A	Missense	-0.055350831
2830	ATF7IP	S895P	Missense	0.1294190785005748
2831	ATF7IP		No Mutation	-0.158800553
2832	ATF7IP	Y898Y;S899S	Silent;Silent	-0.149081083
2833	ATF7IP	S899S	Silent	0.5090319350799722
2834	ATF7IP	S899G	Missense	0.40769006
2835	ATF7IP	G905G	Silent	0.2118924888288427
2836	ATF7IP	S917S	Silent	-0.700459198
2837	ATF7IP	N927G;T928A	Missense;Missense	-0.08554592
2838	ATF7IP	(NC)	Splice-donor	-1.608891759
2839	ATF7IP	(NC)	Intron	-0.029213648
2840	ATF7IP	(NC)	Intron	-0.517187352
2841	ATF7IP	(NC)	Intron	0.2194171275942088
2842	ATF7IP		No Mutation	-0.194552277
2843	ATF7IP	A948A	Silent	0.343907431
2844	ATF7IP	(NC)	Splice-acceptor	-0.412000113
2845	ATF7IP	T959A	Missense	-0.016485546
2846	ATF7IP	S964S	Silent	0.000332176
2847	ATF7IP	I967V	Missense	0.2816365485253941
2848	ATF7IP	M971V;D972G	Missense;Missense	0.2549991901618747
2849	ATF7IP	E975G;S976G	Missense;Missense	-0.118717799
2850	ATF7IP	S994S;S995P	Silent;Missense	0.4094180001553412
2851	ATF7IP	P998P	Silent	0.1897235267580706
2852	ATF7IP	L1003P	Missense	0.1267084952228131
2853	ATF7IP		No Mutation	0.1658583414321883
2854	ATF7IP		No Mutation	-0.19705941
2855	ATF7IP	P1011P	Silent	-0.025728011
2856	ATF7IP		No Mutation	-0.177452224
2857	ATF7IP		No Mutation	0.1863582132961213
2858	ATF7IP		No Mutation	0.1211549017179042
2859	ATF7IP		No Mutation	-0.227088176
2860	ATF7IP	S1015P	Missense	-0.198091998
2861	ATF7IP	V1017A	Missense	-0.016780477
2862	ATF7IP		No Mutation	-0.172641378
2863	ATF7IP		No Mutation	0.1599228200534975
2864	ATF7IP	S1023P	Missense	0.0270242221970335
2865	ATF7IP	I1027T	Missense	0.1192414378880974
2866	ATF7IP	I1027V;H1028R	Missense;Missense	1.0145819757170589
2867	ATF7IP	L1030P;P1031P	Missense;Silent	-0.221081904
2868	ATF7IP	P1031P	Silent	-0.045812513
2869	ATF7IP	(NC);(NC)	Intron;Intron	1.009476371319537
2870	ATF7IP	T1035T	Silent	-0.053905769
2871	ATF7IP	V1039A	Missense	0.2323836031407711
2872	ATF7IP	H1041H;R1042R	Silent;Silent	-0.081304836
2873	ATF7IP	T1040T;H1041R	Silent;Missense	-0.134506798
2874	ATF7IP		No Mutation	0.24814344314744
2875	ATF7IP	V1053A	Missense	0.6765462299368248
2876	ATF7IP	A1056A;P1057P	Silent;Silent	-0.099822284
2877	ATF7IP	P1057P	Silent	0.1330782630646156
2878	ATF7IP	R1055R	Silent	0.7605797239181429
2879	ATF7IP		No Mutation	-0.187780178
2880	ATF7IP		No Mutation	0.2086334543728827
2881	ATF7IP	V1062A;V1063A	Missense;Missense	-0.16825336
2882	ATF7IP	Y1064Y	Silent	-0.016763713
2883	ATF7IP	T1066T	Silent	0.2211953800223112
2884	ATF7IP		No Mutation	0.1651805690893678
2885	ATF7IP		No Mutation	-0.205767879
2886	ATF7IP	Q1073R	Missense	-0.04722025
2887	ATF7IP	L1076P	Missense	0.002513971
2888	ATF7IP	L1076P	Missense	0.066597235
2889	ATF7IP	R1077R	Silent	0.006221552
2890	ATF7IP	V1080A;M1081T	Missense;Missense	0.3882684277809544
2891	ATF7IP	V1080A;M1081T	Missense;Missense	-0.661807445
2892	ATF7IP	Q1082R	Missense	-0.131776905
2893	ATF7IP		No Mutation	0.1427886327082235
2894	ATF7IP	V1089A	Missense	0.062253051
2895	ATF7IP	(NC);(NC);(NC);(NC)	Intron;Intron;Intron;Intron	0.3102437782195493
2896	ATF7IP	(NC);(NC);(NC);(NC)	Intron;Intron;Intron;Intron	0.9225786384059358
2897	ATF7IP	Y1105H;V1106A	Missense;Missense	-0.157327897
2898	ATF7IP	T1104A;Y1105C	Missense;Missense	0.6877638160575184
2899	ATF7IP	N1109N	Silent	0.27422479
2900	ATF7IP	V1107V;N1108G;N1109D	Silent;Missense;Missense	-0.032043009
2901	ATF7IP	N1108G;N1109G	Missense;Missense	0.342426952
2902	ATF7IP	L1111L;T1112A	Silent;Missense	0.1026879165903895
2903	ATF7IP	P1118P	Silent	-0.006127939
2904	ATF7IP	P1118P	Silent	-0.027645357
2905	ATF7IP	H1123H	Silent	0.1111563304096679
2906	ATF7IP	H1130H	Silent	-0.123092784
2907	ATF7IP	T1131T;(NC)	Silent;Splice-donor	0.3462965974452763
2908	ATF7IP	(NC)	Splice-donor	0.2124008
2909	ATF7IP	(NC)	Intron	0.2287069112085812
2910	ATF7IP		No Mutation	-0.107104096
2911	ATF7IP		No Mutation	0.1871211726752311
2912	ATF7IP		No Mutation	0.372812394082854
2913	ATF7IP		No Mutation	-0.12899464
2914	ATF7IP		No Mutation	0.104897623871105
2915	ATF7IP		No Mutation	0.2111090497356836
2916	ATF7IP	L1142L	Silent	0.2970035419544451
2917	ATF7IP	L1142P	Missense	-0.231217723
2918	ATF7IP	L1142P	Missense	0.2327704359977467
2919	ATF7IP		No Mutation	-0.193942978
2920	ATF7IP		No Mutation	-0.20690886
2921	ATF7IP		No Mutation	0.16432955570903
2922	ATF7IP		No Mutation	-0.060359929
2923	ATF7IP		No Mutation	0.085299245
2924	ATF7IP	L1151P	Missense	-0.562246989
2925	ATF7IP		No Mutation	-0.220486081
2926	ATF7IP		No Mutation	-0.050371316
2927	ATF7IP		No Mutation	-0.071450365
2928	ATF7IP	S1159P	Missense	-0.150435315
2929	ATF7IP	S1159P	Missense	0.4282601649625172
2930	ATF7IP	P1161P	Silent	0.8826238505500352
2931	ATF7IP	L1166P	Missense	0.074088854
2932	ATF7IP		No Mutation	-0.170948079
2933	ATF7IP		No Mutation	-0.13141105
2934	ATF7IP	N1175S	Missense	-0.270395376
2935	ATF7IP	V1178V	Silent	0.4572398206636616
2936	ATF7IP	S1180S	Silent	0.2143384931980126
2937	ATF7IP	S1180S;S1182G	Silent;Missense	-0.216604911
2938	ATF7IP	C1190R	Missense	0.6021622938851826
2939	ATF7IP	H1197H	Silent	-0.45057803
2940	ATF7IP		No Mutation	-0.083853485
2941	ATF7IP	H1202H	Silent	0.2600795000553134
2942	ATF7IP	S1206S	Silent	-0.106670772
2943	ATF7IP	S1211P	Missense	0.2738873309659268
2944	ATF7IP	T1208A	Missense	0.0286543303435411
2945	ATF7IP	S1211P	Missense	0.6621209338600215
2946	ATF7IP	W1213R	Missense	-0.601495207
2947	ATF7IP	S1211S;Q1212R	Silent;Missense	-0.748908434
2948	ATF7IP	S1211S;Q1212R	Silent;Missense	0.7199997172820942
2949	ATF7IP	S1211S;Q1212R	Silent;Missense	-0.457858557
2950	ATF7IP	K1214K;K1215G;I1216V	Silent;Missense;Missense	0.2890660872231662
2951	ATF7IP	A1221A	Silent	0.2026972937919052
2952	ATF7IP	C1228R	Missense	0.7450448470560403
2953	ATF7IP	C1228C;T1229T	Silent;Silent	-0.421087022
2954	ATF7IP	L1230P	Missense	0.227493554674082
2955	ATF7IP	L1230P	Missense	0.3412000139701966
2956	ATF7IP	T1231A	Missense	0.2902824810368946
2957	ATF7IP	G1236G	Silent	0.225493533
2958	ATF7IP	G1236G	Silent	1.2474234292100728
2959	ATF7IP		No Mutation	-0.206535963
2960	ATF7IP	R1244R	Silent	0.1132853662219735
2961	ATF7IP	D1247G;I1248V	Missense;Missense	0.085970254
2962	ATF7IP	R1251R	Silent	-0.03432975
2963	ATF7IP	S1260P	Missense	-0.40916418
2964	ATF7IP	V1263A;I1264T	Missense;Missense	0.6975619335013932
2965	ATF7IP	Q1268R;S1269G	Missense;Missense	0.3248670660154771
2966	ATF7IP	(NC);(NC)	UTR;UTR	-0.286693378
2967	ATF7IP	(NC);(NC)	UTR;UTR	0.040055077
2968	ATF7IP	(NC);(NC);(NC);(NC)	UTR;UTR;UTR;UTR	-0.509950406
2969	ATF7IP2	(NC)	Splice-acceptor	0.18130152
2970	ATF7IP2	M1T	Missense	0.3252214845461146
2971	ATF7IP2	P4P	Silent	0.1264082392538286
2972	ATF7IP2		No Mutation	0.082061288
2973	ATF7IP2	T17T;M18V	Silent;Missense	0.1460528497548894
2974	ATF7IP2		No Mutation	0.209865467
2975	ATF7IP2		No Mutation	0.2686182739967249
2976	ATF7IP2		No Mutation	-0.621075848
2977	ATF7IP2	M28T	Missense	1.110003411693315
2978	ATF7IP2	E27G;M28V	Missense;Missense	-0.021000263
2979	ATF7IP2		No Mutation	-0.197117228
2980	ATF7IP2		No Mutation	-0.329866554
2981	ATF7IP2	S44G	Missense	-0.069551146
2982	ATF7IP2	S52S;F53P	Silent;Missense	-0.122887264
2983	ATF7IP2		No Mutation	-0.149146816
2984	ATF7IP2		No Mutation	0.3757192649473817
2985	ATF7IP2	S68G	Missense	-0.758293168
2986	ATF7IP2	E71E;N72G	Silent;Missense	-0.333655645
2987	ATF7IP2	V103A	Missense	0.1816175304016598
2988	ATF7IP2	H104R	Missense	-0.522572408
2989	ATF7IP2		No Mutation	-0.062916216
2990	ATF7IP2	S125P	Missense	-0.416518954
2991	ATF7IP2	F130S	Missense	-0.093635232
2992	ATF7IP2	R128G	Missense	0.001084864
2993	ATF7IP2		No Mutation	-0.134771865
2994	ATF7IP2		No Mutation	0.081778142
2995	ATF7IP2		No Mutation	0.2342618846572148
2996	ATF7IP2		No Mutation	-0.565007839
2997	ATF7IP2		No Mutation	0.052282759273408
2998	ATF7IP2	S172S	Silent	0.5312330545957566
2999	ATF7IP2	P170P	Silent	0.2448106550847766
3000	ATF7IP2	S175S	Silent	0.0207596636074575
3001	ATF7IP2	G176G;V177A	Silent;Missense	-0.040276468
3002	ATF7IP2	G176G;V177A	Silent;Missense	-0.494697724
3003	ATF7IP2		No Mutation	0.6286113455909526
3004	ATF7IP2	T184A	Missense	0.2828313165541374
3005	ATF7IP2	T184A	Missense	0.5639645976974429
3006	ATF7IP2		No Mutation	0.1614485700694372
3007	ATF7IP2	K192G;K193E	Missense;Missense	0.2991184544944918
3008	ATF7IP2	H200H;L201P	Silent;Missense	0.1265118851598625
3009	ATF7IP2	S205P	Missense	-0.170254666
3010	ATF7IP2	S207S;E208G	Silent;Missense	0.4593874478993176
3011	ATF7IP2	H210H;D211D	Silent;Silent	-0.376110982
3012	ATF7IP2	E230G;K231E	Missense;Missense	0.3404112301866132
3013	ATF7IP2	S238P;V239A	Missense;Missense	-0.06554478
3014	ATF7IP2	C262C	Silent	-0.316931174
3015	ATF7IP2	E263G;S264G	Missense;Missense	0.3931807898834258
3016	ATF7IP2	H280R	Missense	0.1487015887504954
3017	ATF7IP2	E305E;N306G;I307V	Silent;Missense;Missense	0.1325091137390811
3018	ATF7IP2		No Mutation	0.3327446329864971
3019	ATF7IP2	E312E;R313G	Silent;Missense	-0.151471529
3020	ATF7IP2	Q314Q;T315A	Silent;Missense	0.3919878358232296
3021	ATF7IP2	E319G	Missense	0.079826489
3022	ATF7IP2	E319G	Missense	-0.00774799
3023	ATF7IP2	E319G;Q320R	Missense;Missense	0.6905498710715902
3024	ATF7IP2	(NC);(NC);(NC);(NC)	Intron;Intron;Intron;Intron	-0.019093462
3025	ATF7IP2	R322G	Missense	-0.122827563
3026	ATF7IP2	E343G	Missense	-0.33161865
3027	ATF7IP2	E343G	Missense	-0.026191393
3028	ATF7IP2		No Mutation	0.2292059810675001
3029	ATF7IP2	R354G	Missense	-0.230410494
3030	ATF7IP2	G359G;I360V	Silent;Missense	-0.270130804
3031	ATF7IP2	T377T;V378V	Silent;Silent	-0.123981957
3032	ATF7IP2	N389G;M390V	Missense;Missense	0.2310715942433241
3033	ATF7IP2	S393S	Silent	0.064039387
3034	ATF7IP2	S393G;N394D	Missense;Missense	-0.369741518
3035	ATF7IP2	S397S	Silent	0.13358765963788
3036	ATF7IP2	(NC)	Intron	0.284085745452828
3037	ATF7IP2		No Mutation	0.1258519717732191
3038	ATF7IP2		No Mutation	-0.760124282
3039	ATF7IP2	(NC);(NC)	Intron;Splice-acceptor	0.1221351885513366
3040	ATF7IP2	S402S	Silent	0.2345598162480158
3041	ATF7IP2	N429G	Missense	0.038983923
3042	ATF7IP2	N445S;K446G	Missense;Missense	-0.285544682
3043	ATF7IP2		No Mutation	-0.019699573
3044	ATF7IP2	M457V	Missense	0.0375453607809656
3045	ATF7IP2	I470T	Missense	0.1763618270644795
3046	ATF7IP2	I470V;T471A	Missense;Missense	0.08361569
3047	ATF7IP2		No Mutation	0.7200460055587942
3048	ATF7IP2	(NC);(NC)	Intron;Intron	0.2624903210349061
3049	ATF7IP2	T477A;R478G	Missense;Missense	-0.187726264
3050	ATF7IP2	N490D	Missense	0.1443058221491999
3051	ATF7IP2	M494T;(NC)	Missense;Splice-donor	0.1664336397003711
3052	ATF7IP2	M494T;(NC)	Missense;Splice-donor	0.2466657722153142
3053	ATF7IP2	I504V;D505G	Missense;Missense	0.2669169183134361
3054	ATF7IP2	L511L	Silent	0.7643276148914981
3055	ATF7IP2	N515N	Silent	0.751781736
3056	ATF7IP2	N513S	Missense	0.9814675110905826
3057	ATF7IP2		No Mutation	-0.028958625
3058	ATF7IP2	E517E;S518G	Silent;Missense	0.1456062847294874
3059	ATF7IP2	S525P	Missense	0.1377536587030771
3060	ATF7IP2	H526H;S527P	Silent;Missense	-0.111015874
3061	ATF7IP2	H526H;S527P	Silent;Missense	-0.61801236
3062	ATF7IP2	S527P	Missense	-0.168801296
3063	ATF7IP2		No Mutation	-0.3261275
3064	ATF7IP2		No Mutation	0.1272919183720773
3065	ATF7IP2	K528K	Silent	0.6110077825734048
3066	ATF7IP2	S533S;K534G	Silent;Missense	0.1466701032576857
3067	ATF7IP2	A540A	Silent	0.031679703
3068	ATF7IP2	(NC)	Intron	-0.055137765
3069	ATF7IP2	(NC);(NC);(NC)	Intron;Intron;Intron	-0.002806737
3070	ATF7IP2	L553P	Missense	-0.356095054
3071	ATF7IP2	P555P	Silent	0.5786299611338576
3072	ATF7IP2		No Mutation	-0.564188532
3073	ATF7IP2		No Mutation	-0.094841485
3074	ATF7IP2		No Mutation	0.0497027038029989
3075	ATF7IP2		No Mutation	-0.557378758
3076	ATF7IP2	L563P	Missense	-0.079566655
3077	ATF7IP2	P564P	Silent	-0.138295247
3078	ATF7IP2	L566P	Missense	-0.723057767
3079	ATF7IP2	V567A	Missense	-0.103723563
3080	ATF7IP2	P575P	Silent	0.1616252147927975
3081	ATF7IP2	P575P	Silent	-0.153378115
3082	ATF7IP2	L581P	Missense	-0.226250256
3083	ATF7IP2	L581P	Missense	-0.02869659
3084	ATF7IP2	L581P	Missense	0.049000233
3085	ATF7IP2		No Mutation	0.180909245888563
3086	ATF7IP2	E580G	Missense	-0.133584138
3087	ATF7IP2	E580G	Missense	-0.155819961
3088	ATF7IP2		No Mutation	0.3839946927030646
3089	ATF7IP2	N590S	Missense	-0.07619813
3090	ATF7IP2	L594P	Missense	0.2340508992708487
3091	ATF7IP2	L594P;T595T	Missense;Silent	-0.188136063
3092	ATF7IP2	I598T	Missense	-0.093110773
3093	ATF7IP2	C605R	Missense	-0.097584397
3094	ATF7IP2	V608A	Missense	0.9187226584103064
3095	ATF7IP2	V608A	Missense	-0.031158827
3096	ATF7IP2	L613P	Missense	-0.132693356
3097	ATF7IP2	H617H	Silent	-0.352850911
3098	ATF7IP2	S620P	Missense	0.321106561
3099	ATF7IP2	N621G	Missense	-0.196997082
3100	ATF7IP2	I625V	Missense	0.4512252870921378
3101	ATF7IP2	K633K	Silent	0.3678282926772406
3102	ATF7IP2	C641R	Missense	0.5887601813143155
3103	ATF7IP2	T642T;L643P;S644P	Silent;Missense;Missense	0.4136709610121387
3104	ATF7IP2	L643P;S644P	Missense;Missense	-0.443513464
3105	ATF7IP2	L643S;S644P	Missense;Missense	-0.015410123
3106	ATF7IP2	F646P	Missense	-0.130042
3107	ATF7IP2	F654S;T655T	Missense;Silent	-0.351914567
3108	ATF7IP2	D670G;I671V	Missense;Missense	0.0281007649333996
3109	ATF7IP2	D670G;I671V	Missense;Missense	-0.036216173
3110	ATF7IP2	E679G;N680D	Missense;Missense	0.049808089
3111	SETDB2	(NC);(NC)	UTR;UTR	0.2668067230658602
3112	SETDB2	(NC);(NC)	UTR;UTR	0.4758549137159391
3113	SETDB2	(NC);(NC);M1V	UTR;UTR;Missense	-0.257510759
3114	SETDB2	G2G	Silent	0.1501366233346968
3115	SETDB2	D7G	Missense	0.085506012
3116	SETDB2	A8A;K9E	Silent;Missense	0.2326041456700626
3117	SETDB2	M13V;E14G	Missense;Missense	-0.166643629
3118	SETDB2	L15L;E16G	Silent;Missense	-0.383482984
3119	SETDB2	K36G;Q37R	Missense;Missense	-0.300722327
3120	SETDB2	K36R;Q37R	Missense;Missense	1.4374478045322836
3121	SETDB2		No Mutation	-0.182184336
3122	SETDB2	(NC)	Intron	-0.179600462
3123	SETDB2		No Mutation	-0.018096608
3124	SETDB2	V56A	Missense	0.308155994
3125	SETDB2	S64G	Missense	1.6081419266582908
3126	SETDB2	S64G	Missense	0.1643187387647215
3127	SETDB2	(NC);(NC)	Intron;Intron	-0.474664482
3128	SETDB2	S72P	Missense	0.1763287664451701
3129	SETDB2	S72P	Missense	0.038667214
3130	SETDB2		No Mutation	-0.174832411
3131	SETDB2	N77G	Missense	0.079558039
3132	SETDB2	(NC);(NC)	Intron;Intron	0.5476281717238332
3133	SETDB2	(NC);(NC);(NC)	Intron;Intron;Intron	0.4912235546297695
3134	SETDB2	M84V	Missense	0.4307279722229524
3135	SETDB2		No Mutation	-0.090332234
3136	SETDB2	T87A	Missense	-0.651392722
3137	SETDB2		No Mutation	-0.045941194
3138	SETDB2	S100S	Silent	-0.379693638
3139	SETDB2	C111C	Silent	0.2153489788331472
3140	SETDB2	F113P;L114P	Missense;Missense	-0.018363003
3141	SETDB2	(NC);L114L;T115A	Splice-acceptor;Silent;Missense	0.5044214529276283
3142	SETDB2	Q143R;S144G	Missense;Missense	-0.098118063
3143	SETDB2	S148P	Missense	-0.110643605
3144	SETDB2	K154K;M155V	Silent;Missense	0.6989862815464419
3145	SETDB2	M155V	Missense	0.1053588363519619
3146	SETDB2	I169T	Missense	-0.112527484
3147	SETDB2	I169T	Missense	-0.137574145
3148	SETDB2	F173P	Missense	-0.473739912
3149	SETDB2		No Mutation	-0.052143563
3150	SETDB2	S190G;Y191C	Missense;Missense	-0.204162445
3151	SETDB2	Y191C;K192G	Missense;Missense	0.05994202
3152	SETDB2	S198S;L199P	Silent;Missense	-0.011667114
3153	SETDB2	S198S;L199P	Silent;Missense	0.1033185644911354
3154	SETDB2	L199P	Missense	-0.064649806
3155	SETDB2	G196G;R197G;S198G	Silent;Missense;Missense	-0.037455189
3156	SETDB2	S198G	Missense	0.3845324025957602
3157	SETDB2	C214R	Missense	0.2124424297377345
3158	SETDB2	N225G;T226A	Missense;Missense	-0.354659854
3159	SETDB2	Y227C	Missense	0.2401056179441478
3160	SETDB2	A231A	Silent	-0.169356682
3161	SETDB2	K238K;E239G	Silent;Missense	0.3645772145709197
3162	SETDB2	D243G	Missense	0.2992635242837302
3163	SETDB2	D245G;I246V	Missense;Missense	-0.823244755
3164	SETDB2	N259N	Silent	0.6074522149208028
3165	SETDB2	N259N	Silent	0.4150949188857087
3166	SETDB2		No Mutation	0.064179781
3167	SETDB2		No Mutation	0.8326991548560473
3168	SETDB2	K270R;Y271C	Missense;Missense	0.085379021
3169	SETDB2	L282P	Missense	-0.19600966
3170	SETDB2	M288T;F289P	Missense;Missense	-0.126320633
3171	SETDB2	D291D;S292P	Silent;Missense	1.2612182317698033
3172	SETDB2		No Mutation	0.4236000847725867
3173	SETDB2		No Mutation	0.2207811803077887
3174	SETDB2		No Mutation	0.2134508355875887
3175	SETDB2	I302V	Missense	0.2050438117238768
3176	SETDB2	(NC);(NC);(NC);(NC)	Intron;Intron;Intron;Intron	0.6438173604598376
3177	SETDB2	(NC)	Intron	-0.231024814
3178	SETDB2		No Mutation	-0.373169661
3179	SETDB2	L320S;S321P	Missense;Missense	-0.102009664
3180	SETDB2	S322G;D323G	Missense;Missense	-0.00072282
3181	SETDB2	Q335R;R336G	Missense;Missense	-0.118958913
3182	SETDB2	Q335R;R336G	Missense;Missense	0.2383541532010404
3183	SETDB2	Q337R;I338V	Missense;Missense	-0.103673813
3184	SETDB2		No Mutation	-0.256172758
3185	SETDB2	(NC);(NC)	Intron;Intron	-0.137389047
3186	SETDB2	C351C;N352N	Silent;Silent	-0.150626636
3187	SETDB2	N358G	Missense	0.4324797627655122
3188	SETDB2	H363H;G364G	Silent;Silent	0.4590281765401911
3189	SETDB2	Q362R;H363R	Missense;Missense	-0.358045781
3190	SETDB2	V367A	Missense	0.1312246370195551
3191	SETDB2		No Mutation	-0.366265844
3192	SETDB2	V371A	Missense	-0.08017006
3193	SETDB2	K373E	Missense	-0.807060689
3194	SETDB2	K373G	Missense	-0.061075112
3195	SETDB2	K373R;T374A	Missense;Missense	0.7392611197406227
3196	SETDB2	K373K;T374A	Silent;Missense	0.039650705
3197	SETDB2	T374A;E375G	Missense;Missense	0.1946766570868653
3198	SETDB2	L384L;D385G	Silent;Missense	0.1356215072035772
3199	SETDB2	L384L;D385G	Silent;Missense	-0.230363118
3200	SETDB2		No Mutation	0.3047988580440593
3201	SETDB2	L401P	Missense	0.4196613059347437
3202	SETDB2	N405G;T406A	Missense;Missense	0.2576309476283582
3203	SETDB2	Y410C	Missense	0.1690279490293629
3204	SETDB2	Y410C	Missense	0.1333546181022288
3205	SETDB2	E442G	Missense	-0.327312547
3206	SETDB2	E442E	Silent	0.1056946718079946
3207	SETDB2		No Mutation	0.1484722238351851
3208	SETDB2		No Mutation	-0.494332199
3209	SETDB2	N466N	Silent	-0.12263365
3210	SETDB2	S465G	Missense	0.559708456
3211	SETDB2	N467N	Silent	0.2490954870074734
3212	SETDB2	V473A;(NC)	Missense;Splice-donor	0.4040630098748081
3213	SETDB2	V473A;(NC)	Missense;Splice-donor	-0.481460616
3214	SETDB2		No Mutation	0.0228688628615703
3215	SETDB2	Y477H	Missense	0.004209176
3216	SETDB2	I498T	Missense	0.017994782183536
3217	SETDB2	F499S	Missense	0.114820315762484
3218	SETDB2	N502N	Silent	-0.025273371
3219	SETDB2	Q500Q;H501R;N502D	Silent;Missense;Missense	0.379312387
3220	SETDB2	(NC);(NC);(NC);(NC)	Intron;Intron;Intron;Intron	0.1399863185307299
3221	SETDB2	(NC);(NC);(NC)	Intron;Intron;Intron	0.3962280457612603
3222	SETDB2	F508P	Missense	-0.239007864
3223	SETDB2	T515T	Silent	-0.122619767
3224	SETDB2	T515A	Missense	0.1209801778638892
3225	SETDB2	F522P	Missense	0.1528566075534716
3226	SETDB2	L529P	Missense	0.1343199885254695
3227	SETDB2	S531P	Missense	0.1562417606315542
3228	SETDB2	S531P	Missense	0.2085894388336036
3229	SETDB2	N530D	Missense	-0.04394439
3230	SETDB2	N530G	Missense	0.7951714349196852
3231	SETDB2	K534G	Missense	0.4852123319760784
3232	SETDB2	(NC)	Splice-donor	0.1617113882207829
3233	SETDB2	(NC);(NC)	Intron;Intron	-0.061489834
3234	SETDB2		No Mutation	-0.199417552
3235	SETDB2	F548F	Silent	-0.801321203
3236	SETDB2	R565R;E566G	Silent;Missense	-0.11342072
3237	SETDB2	P570P;R571G;S572G	Silent;Missense;Missense	1.1033130556919568
3238	SETDB2	C574R	Missense	-0.246117024
3239	SETDB2		No Mutation	0.082282946
3240	SETDB2	N575G	Missense	-0.118334749
3241	SETDB2	D581D	Silent	-0.010887091
3242	SETDB2	N584N	Silent	-0.10580877
3243	SETDB2	N582G	Missense	0.2549486252849122
3244	SETDB2	I585V;K586E	Missense;Missense	0.4194083822846496
3245	SETDB2	Q592Q;I593V	Silent;Missense	-0.210119176
3246	SETDB2	I593V;Q594R	Missense;Missense	0.3890909982723681
3247	SETDB2	S601P	Missense	-0.115478575
3248	SETDB2	S601S	Silent	-0.198402215
3249	SETDB2	S601S	Silent	-0.143356128
3250	SETDB2	T602T;A603A	Silent;Silent	0.5879236187798043
3251	SETDB2	S624S;D625D	Silent;Silent	0.119063091394253
3252	SETDB2	L627L;T628A	Silent;Missense	0.1939403245624162
3253	SETDB2	D639G	Missense	0.4331670165191704
3254	SETDB2	T641A;K642G	Missense;Missense	0.673790497
3255	SETDB2		No Mutation	-0.385787401
3256	SETDB2	N651D	Missense	0.040076465
3257	SETDB2	(NC)	Intron	0.1041954926232733
3258	SETDB2		No Mutation	0.7891680833020587
3259	SETDB2	(NC);(NC);(NC);(NC)	Intron;Intron;Intron;Intron	0.3091630633463715
3260	SETDB2		No Mutation	0.1864047286224532
3261	SETDB2		No Mutation	-0.279350898
3262	SETDB2		No Mutation	0.1928815191901403
3263	SETDB2	F678P	Missense	-0.003067806
3264	SETDB2	A676A	Silent	-0.057431878
3265	SETDB2	(NC);(NC);(NC)	Intron;Intron;Intron	-0.280605473
3266	SETDB2	A685A;R686G	Silent;Missense	-0.238032204
3267	SETDB2	A685A;R686G;T687A	Silent;Missense;Missense	-0.74252859
3268	SETDB2	E688G	Missense	-0.182958945
3269	SETDB2	D692G;Y693C	Missense;Missense	0.1766122252132952
3270	SETDB2	D692G;Y693C	Missense;Missense	0.056692628509722
3271	SETDB2	T699A	Missense	0.015317519
3272	SETDB2	F706P;C707R	Missense;Missense	0.0169836176199187
3273	SETDB2	E704G;I705V	Missense;Missense	0.2339240250990452
3274	SETDB2	E704G;I705V	Missense;Missense	0.1550308278504137
3275	SETDB2	E704E;I705V	Silent;Missense	0.1581614053346248
3276	SETDB2	N712N;C714R	Silent;Missense	0.188833518
3277	EHMT1	(NC)	UTR	-0.169406525
3278	EHMT1		No Mutation	-0.129892049
3279	EHMT1		No Mutation	-0.534250537
3280	EHMT1		No Mutation	-0.387932585
3281	EHMT1		No Mutation	-0.099425111
3282	EHMT1		No Mutation	-0.249061051
3283	EHMT1	D5D	Silent	0.099530762
3284	EHMT1	(NC)	Splice-donor	-0.370120078
3285	EHMT1	D5G	Missense	0.335211557746625
3286	EHMT1	D5G	Missense	0.5019779612583056
3287	EHMT1	(NC)	Splice-donor	-1.096537279
3288	EHMT1		No Mutation	0.1567912753557058
3289	EHMT1		No Mutation	-0.935908294
3290	EHMT1	E7G	Missense	-0.524139458
3291	EHMT1	(NC)	Intron	-0.343167987
3292	EHMT1	(NC)	Intron	-0.159264481
3293	EHMT1		No Mutation	-0.709715212
3294	EHMT1	(NC);(NC)	Intron;Intron	0.1053852250901687
3295	EHMT1	(NC);(NC)	Intron;Intron	-0.163740517
3296	EHMT1	(NC)	Intron	0.052761613
3297	EHMT1		No Mutation	-0.029717691
3298	EHMT1		No Mutation	-0.376525843
3299	EHMT1	(NC);(NC);(NC)	Intron;Intron;Splice-acceptor	0.0402258288526229
3300	EHMT1	(NC);(NC)	Intron;Splice-acceptor	-0.34679977
3301	EHMT1	(NC)	Splice-acceptor	-0.240537937
3302	EHMT1	(NC);A8A	Splice-acceptor;Silent	-0.683516951
3303	EHMT1	A8A	Silent	-0.249784976
3304	EHMT1	R12G	Missense	0.06732299
3305	EHMT1	P15P	Silent	0.3917778545032058
3306	EHMT1	C20R;V21A	Missense;Missense	0.46428602413713
3307	EHMT1	K22E	Missense	0.5221220032872133
3308	EHMT1	K22G	Missense	0.091789872
3309	EHMT1	T23A;E24G	Missense;Missense	0.4387827523278027
3310	EHMT1		No Mutation	-0.20791336
3311	EHMT1		No Mutation	-0.168756469
3312	EHMT1	(NC)	Splice-donor	-0.526037423
3313	EHMT1		No Mutation	0.6060863598686299
3314	EHMT1	(NC)	Intron	-0.336352891
3315	EHMT1	(NC)	Intron	-0.613189294
3316	EHMT1		No Mutation	0.013093616305278
3317	EHMT1	M32V	Missense	-0.071341467
3318	EHMT1		No Mutation	0.1925528028141516
3319	EHMT1		No Mutation	0.1405957638064092
3320	EHMT1	E36E	Silent	0.2639759011756234
3321	EHMT1	S38S	Silent	0.004319328
3322	EHMT1	A39A;E40G;K41E	Silent;Missense;Missense	-0.231398335
3323	EHMT1	A43A	Silent	0.2678663218705518
3324	EHMT1	G44G;E45G	Silent;Missense	-0.020062133
3325	EHMT1	H47R	Missense	0.8680980208011452
3326	EHMT1	G52G	Silent	0.1879581436074879
3327	EHMT1	D51G	Missense	-0.363024033
3328	EHMT1	D51G	Missense	0.7825960833174036
3329	EHMT1	N68N;A69A	Silent;Silent	-0.466324571
3330	EHMT1		No Mutation	-0.428703308
3331	EHMT1	H72R;T73A	Missense;Missense	-0.087905067
3332	EHMT1	T73A	Missense	0.3383619252822664
3333	EHMT1	A77A;R78G	Silent;Missense	0.5573101089076967
3334	EHMT1	R78G	Missense	-0.186678497
3335	EHMT1		No Mutation	0.160462927079382
3336	EHMT1		No Mutation	-0.284287599
3337	EHMT1		No Mutation	0.5875300482382435
3338	EHMT1		No Mutation	-0.226536042
3339	EHMT1	T85A	Missense	0.6005435172151616
3340	EHMT1	T87A	Missense	-0.215838077
3341	EHMT1	I91T	Missense	0.181675708191436
3342	EHMT1	T89A	Missense	0.2286327568116142
3343	EHMT1		No Mutation	-0.058451534
3344	EHMT1	I91V	Missense	-0.046082903
3345	EHMT1	S97S;E98G;R99G	Silent;Missense;Missense	1.8187914038285944
3346	EHMT1	F114L	Missense	-0.110084442
3347	EHMT1	T117T	Silent	0.1182225381885364
3348	EHMT1	Q116R	Missense	0.2009963226257627
3349	EHMT1		No Mutation	-0.08631516
3350	EHMT1	G124G;Y125C;I126V	Silent;Missense;Missense	0.6595964005322799
3351	EHMT1	L127L;N128G;K129E	Silent;Missense;Missense	0.2208712391275912
3352	EHMT1		No Mutation	0.042794697
3353	EHMT1	L132L;Q133R	Silent;Missense	0.3663212047908704
3354	EHMT1	L137P	Missense	-0.319292224
3355	EHMT1	L137P	Missense	-0.067033966
3356	EHMT1	R138G;T139A	Missense;Missense	-0.027937677
3357	EHMT1		No Mutation	0.1493764232703401
3358	EHMT1	T142T	Silent	-0.088912944
3359	EHMT1	S145S;S146P	Silent;Missense	0.021346504
3360	EHMT1		No Mutation	-0.104306494
3361	EHMT1	H150H	Silent	0.2145056440367255
3362	EHMT1		No Mutation	0.6804911905367582
3363	EHMT1	A152A;K153G	Silent;Missense	0.3228035417908381
3364	EHMT1	A152A;K153G	Silent;Missense	-0.197082282
3365	EHMT1	A152A;K153G;T154A	Silent;Missense;Missense	0.037024231
3366	EHMT1	T154A	Missense	0.043081818
3367	EHMT1		No Mutation	0.2477479964385836
3368	EHMT1	A159A	Silent	0.074077333
3369	EHMT1	A159A	Silent	-0.29435929
3370	EHMT1	G157G	Silent	-0.297752559
3371	EHMT1		No Mutation	0.065027762
3372	EHMT1		No Mutation	0.3511461075757619
3373	EHMT1		No Mutation	0.4006277070920234
3374	EHMT1		No Mutation	-0.156393602
3375	EHMT1		No Mutation	0.027914106
3376	EHMT1		No Mutation	-0.007553265
3377	EHMT1		No Mutation	-0.337844498
3378	EHMT1	P175P	Silent	-0.093458434
3379	EHMT1	P175P	Silent	0.6309918717883334
3380	EHMT1	L179P	Missense	-0.005578658
3381	EHMT1	P175P;P176P	Silent;Silent	0.5551904921876817
3382	EHMT1	P176P	Silent	0.1163635491575914
3383	EHMT1	P176P	Silent	-0.530630553
3384	EHMT1	L179P	Missense	1.1860307817409397
3385	EHMT1	L179L	Silent	0.0508499292206902
3386	EHMT1		No Mutation	-0.074362631
3387	EHMT1		No Mutation	0.0176607709188572
3388	EHMT1	S183S	Silent	-0.04622391
3389	EHMT1	S183S;A184A	Silent;Silent	-0.213970336
3390	EHMT1	S183S;A184A	Silent;Silent	-0.099449868
3391	EHMT1	S183G	Missense	0.145068776
3392	EHMT1		No Mutation	0.1912938620027455
3393	EHMT1	T186T;E187G	Silent;Missense	0.1849173602299334
3394	EHMT1	R189G;K190G	Missense;Missense	-0.070077822
3395	EHMT1		No Mutation	0.1129042242848725
3396	EHMT1		No Mutation	-0.382131055
3397	EHMT1	V198A	Missense	0.2709557564595397
3398	EHMT1	V198A	Missense	-0.419793603
3399	EHMT1		No Mutation	0.3269046891513081
3400	EHMT1	V200A	Missense	0.083691104
3401	EHMT1	D197G	Missense	-0.130448839
3402	EHMT1	D197G	Missense	-0.373480447
3403	EHMT1		No Mutation	0.5155762159085486
3404	EHMT1		No Mutation	-0.12190084
3405	EHMT1	M207V	Missense	-0.256275439
3406	EHMT1	M207V	Missense	0.06214968
3407	EHMT1	V211A;V212A	Missense;Missense	-0.151308928
3408	EHMT1	K209G	Missense	0.1715161693261782
3409	EHMT1	L214P	Missense	0.152401547
3410	EHMT1	(NC);(NC);(NC)	Splice-donor;Intron;Intron	0.5209387858775933
3411	EHMT1	(NC);(NC);(NC)	Intron;Intron;Intron	-0.32111142
3412	EHMT1		No Mutation	-0.091794423
3413	EHMT1		No Mutation	-0.016225265
3414	EHMT1	A227A	Silent	0.0386851005750804
3415	EHMT1	R225R;E226G	Silent;Missense	0.004382856
3416	EHMT1	H230R;K231E	Missense;Missense	-0.140321851
3417	EHMT1	K239G;N240G	Missense;Missense	-0.196727097
3418	EHMT1	L256P	Missense	-0.016533849
3419	EHMT1	L256P;H257H	Missense;Silent	-0.46658081
3420	EHMT1	L256L;H257H	Silent;Silent	0.2104832987496682
3421	EHMT1	H257H	Silent	-0.038033616
3422	EHMT1	H257H	Silent	0.1430104419541265
3423	EHMT1	S259P	Missense	0.1005178260857708
3424	EHMT1	S259P;L260P	Missense;Missense	0.3169639388375452
3425	EHMT1	L260P;P261P	Missense;Silent	0.1742864646232065
3426	EHMT1	P261P	Silent	0.1837558500435552
3427	EHMT1	Q262R;N263D	Missense;Missense	-0.161457471
3428	EHMT1	Y266H;M267T	Missense;Missense	0.3600162190962366
3429	EHMT1		No Mutation	0.1736121955882252
3430	EHMT1	T269A;T270A	Missense;Missense	-0.104071258
3431	EHMT1	K271K;S272S	Silent;Silent	0.4525512875879421
3432	EHMT1	T274A	Missense	-1.064461973
3433	EHMT1	A283A	Silent	0.2882927709833949
3434	EHMT1	K288G;K289E	Missense;Missense	0.8616728408622099
3435	EHMT1	K288G;K289G	Missense;Missense	-0.251202274
3436	EHMT1	R292R;M293V	Silent;Missense	-0.665070558
3437	EHMT1	P300P	Silent	0.006826403
3438	EHMT1	K305G	Missense	0.8646075853361093
3439	EHMT1	K305K;V306V	Silent;Silent	0.6209333536228279
3440	EHMT1	I319V;T320A	Missense;Missense	-0.109603312
3441	EHMT1	I319V;T320A	Missense;Missense	0.3431833165754896
3442	EHMT1	T323A	Missense	-0.020436819
3443	EHMT1	(NC)	Splice-donor	-1.230202975
3444	EHMT1	(NC);(NC)	Intron;Intron	0.0250273673286492
3445	EHMT1	(NC)	Intron	-0.307052575
3446	EHMT1	(NC)	Intron	0.5695776273557308
3447	EHMT1		No Mutation	0.099137351
3448	EHMT1		No Mutation	0.007675498
3449	EHMT1		No Mutation	-0.033025498
3450	EHMT1		No Mutation	0.072395399
3451	EHMT1	(NC)	Splice-acceptor	-0.407774229
3452	EHMT1	(NC)	Splice-acceptor	-0.482149843
3453	EHMT1	L337P	Missense	0.3477760087450866
3454	EHMT1	S335G;S336G	Missense;Missense	0.065257019
3455	EHMT1	S336G	Missense	0.368170316728432
3456	EHMT1	S336G	Missense	-0.013966903
3457	EHMT1	V339A;N340N	Missense;Silent	0.4081343531627006
3458	EHMT1	N340D	Missense	-0.15265287
3459	EHMT1		No Mutation	-0.100800829
3460	EHMT1		No Mutation	0.1693806527043148
3461	EHMT1	S343G	Missense	-0.457242722
3462	EHMT1	E345G;M346V	Missense;Missense	0.089975968
3463	EHMT1	D349D	Silent	-0.07085602
3464	EHMT1	D349G	Missense	0.1221917446143954
3465	EHMT1	D352G	Missense	-0.113716296
3466	EHMT1	S353S	Silent	0.5517413405529781
3467	EHMT1	E355G	Missense	0.5340166856015124
3468	EHMT1	E357G;E358G	Missense;Missense	-0.51139859
3469	EHMT1		No Mutation	0.2392585504889591
3470	EHMT1	H362R	Missense	0.2092173250576668
3471	EHMT1		No Mutation	0.0120551574024033
3472	EHMT1		No Mutation	-0.404780876
3473	EHMT1		No Mutation	-0.146544173
3474	EHMT1		No Mutation	-0.363094915
3475	EHMT1		No Mutation	0.1286755177361186
3476	EHMT1		No Mutation	-0.090131477
3477	EHMT1	T377T	Silent	0.112222059618807
3478	EHMT1	D374G;S375G	Missense;Missense	-0.236062786
3479	EHMT1	K379E	Missense	0.3910958380460579
3480	EHMT1	K379G	Missense	-0.522545061
3481	EHMT1		No Mutation	-0.111284003
3482	EHMT1		No Mutation	0.3632606384887777
3483	EHMT1	(NC);(NC);(NC)	Intron;Intron;Intron	-0.295352616
3484	EHMT1	(NC)	Intron	-0.394073751
3485	EHMT1	(NC);(NC)	Intron;Intron	-0.309607849
3486	EHMT1	(NC)	Intron	-0.341980713
3487	EHMT1	(NC);(NC)	Intron;Intron	-0.031341063
3488	EHMT1	(NC)	Intron	-0.488871079
3489	EHMT1		No Mutation	0.3318580864620059
3490	EHMT1		No Mutation	-0.4321534
3491	EHMT1		No Mutation	-0.100303871
3492	EHMT1		No Mutation	-0.117270164
3493	EHMT1	M391V	Missense	-0.060220906
3494	EHMT1	D392G	Missense	-0.233866636
3495	EHMT1	E394G	Missense	0.0151642107552792
3496	EHMT1	E397G	Missense	0.1106248958617215
3497	EHMT1	S401P	Missense	-0.069375687
3498	EHMT1	Q399R;E400G	Missense;Missense	0.1578774044405593
3499	EHMT1	Q399R;E400G	Missense;Missense	0.306817380412804
3500	EHMT1	E400G	Missense	0.2130974493514208
3501	EHMT1		No Mutation	-0.453119029
3502	EHMT1		No Mutation	0.1810209101063273
3503	EHMT1	D403G;T404A	Missense;Missense	0.2879838039040621
3504	EHMT1		No Mutation	-0.277798876
3505	EHMT1	T404A	Missense	-0.168231072
3506	EHMT1	E406G	Missense	-0.46990496
3507	EHMT1		No Mutation	-0.141819082
3508	EHMT1		No Mutation	-0.052324138
3509	EHMT1	(NC)	Intron	-0.077604953
3510	EHMT1	(NC)	Intron	0.078102888
3511	EHMT1		No Mutation	-0.092026543
3512	EHMT1	S417S	Silent	0.1454793101964797
3513	EHMT1	S417S;S418P	Silent;Missense	-0.192786233
3514	EHMT1		No Mutation	-0.093397237
3515	EHMT1	F426P	Missense	0.2877850622433384
3516	EHMT1	K423R;K424G	Missense;Missense	0.3263415959510286
3517	EHMT1	K425G	Missense	0.3141848930404229
3518	EHMT1	G431G;K432G	Silent;Missense	-0.048943324
3519	EHMT1	I438T	Missense	0.097386489
3520	EHMT1		No Mutation	-0.062181687
3521	EHMT1		No Mutation	0.10004675498738
3522	EHMT1	K439G	Missense	-0.398427049
3523	EHMT1		No Mutation	-0.152724481
3524	EHMT1	K439R;P440P	Missense;Silent	0.4779893616009345
3525	EHMT1	P440P	Silent	0.4765907572721111
3526	EHMT1	S448G;R449G	Missense;Missense	-0.267250878
3527	EHMT1	K451G	Missense	-0.055534181
3528	EHMT1	(NC)	Splice-donor	-1.268345463
3529	EHMT1	(NC)	Splice-donor	-0.678601332
3530	EHMT1		No Mutation	0.0617143668098791
3531	EHMT1		No Mutation	0.073369387
3532	EHMT1		No Mutation	0.038762545
3533	EHMT1		No Mutation	-0.281180371
3534	EHMT1	(NC)	Intron	0.0135544444193022
3535	EHMT1	(NC);(NC);(NC)	Intron;Intron;Intron	-0.32668344
3536	EHMT1	(NC)	Intron	0.4347027133446984
3537	EHMT1	(NC);(NC);(NC)	Intron;Intron;Intron	-0.128857429
3538	EHMT1		No Mutation	0.2357590917193134
3539	EHMT1	G457G;S458P	Silent;Missense	0.1575413464819767
3540	EHMT1	Y461H	Missense	0.2233493209333505
3541	EHMT1	Y461C	Missense	-0.53932615
3542	EHMT1	A465A;G466G;S467G	Silent;Silent;Missense	-0.085771365
3543	EHMT1	E469G	Missense	0.072528939
3544	EHMT1	A472A	Silent	0.4926980790396452
3545	EHMT1	A472A;P473P	Silent;Silent	0.2333129428491893
3546	EHMT1	G474G;D475G;S476G	Silent;Missense;Missense	0.7746612620360963
3547	EHMT1	Y479H	Missense	0.1865452913309377
3548	EHMT1	Y479C;M480V	Missense;Missense	-0.077373176
3549	EHMT1	E481E	Silent	0.3702012367946024
3550	EHMT1	D488G	Missense	-0.050564275
3551	EHMT1	V491A	Missense	0.1803912547264601
3552	EHMT1		No Mutation	-0.251395677
3553	EHMT1	I494I;L495P;S496P	Silent;Missense;Missense	-0.053258268
3554	EHMT1		No Mutation	0.0451745783854225
3555	EHMT1	Q498R	Missense	-0.0570633
3556	EHMT1	A499A;E500G	Silent;Missense	-0.139309642
3557	EHMT1		No Mutation	0.4343993228981713
3558	EHMT1		No Mutation	-0.209695619
3559	EHMT1		No Mutation	-0.047927374
3560	EHMT1	(NC)	Intron	-0.384498266
3561	EHMT1	N504G	Missense	-0.009063962
3562	EHMT1	V508A;L509P	Missense;Missense	0.5468669296827371
3563	EHMT1	D507G	Missense	0.2559212919715145
3564	EHMT1		No Mutation	-0.294970845
3565	EHMT1	E510G;T511A	Missense;Missense	-0.149077713
3566	EHMT1	P518P;L519P;C520R	Silent;Missense;Missense	-0.102840569
3567	EHMT1	C520R	Missense	-0.22428533
3568	EHMT1		No Mutation	0.5544816648485663
3569	EHMT1		No Mutation	-0.022211029
3570	EHMT1	M524T	Missense	0.6732872226214542
3571	EHMT1		No Mutation	-0.016165933
3572	EHMT1	I532T	Missense	-0.074640509
3573	EHMT1	R530R	Silent	0.1969453683351517
3574	EHMT1		No Mutation	-0.143500335
3575	EHMT1	N537D	Missense	0.045341107
3576	EHMT1	M541T;A542A	Missense;Silent	0.1007831133016396
3577	EHMT1	M541V	Missense	-0.225955554
3578	EHMT1		No Mutation	0.215456612764424
3579	EHMT1	(NC);(NC);(NC)	Intron;Intron;Intron	-0.214168575
3580	EHMT1	(NC);(NC)	Intron;Intron	0.006291078
3581	EHMT1		No Mutation	0.0200475812831666
3582	EHMT1		No Mutation	0.3239520101333994
3583	EHMT1	(NC)	Intron	0.6832194393134241
3584	EHMT1	(NC)	Intron	0.1330028940084191
3585	EHMT1		No Mutation	0.1299495780746744
3586	EHMT1	V557A	Missense	0.055754418
3587	EHMT1	M563V	Missense	-0.48814582
3588	EHMT1		No Mutation	-0.087685121
3589	EHMT1	L571P	Missense	-0.019941278
3590	EHMT1	L571P	Missense	0.1756690179706702
3591	EHMT1	L571P;L572P	Missense;Missense	0.4849594765374416
3592	EHMT1	L574P;C575R	Missense;Missense	-0.0102178
3593	EHMT1	C575R	Missense	-0.176037781
3594	EHMT1	C575R	Missense	-0.469234944
3595	EHMT1		No Mutation	0.066266631
3596	EHMT1		No Mutation	0.4922863116793549
3597	EHMT1		No Mutation	0.1940176578918117
3598	EHMT1		No Mutation	-0.207997127
3599	EHMT1	E576E;D577G	Silent;Missense	0.09391845
3600	EHMT1	V583A	Missense	0.4787981521839515
3601	EHMT1		No Mutation	-0.146569367
3602	EHMT1	C587R	Missense	-0.358042355
3603	EHMT1	K584G;H585R	Missense;Missense	-0.17260575
3604	EHMT1	Q586R	Missense	0.069751828
3605	EHMT1	C591R	Missense	-0.033549848
3606	EHMT1	F594P;C595R	Missense;Missense	-0.236975879
3607	EHMT1		No Mutation	-0.293422886
3608	EHMT1		No Mutation	0.6226696110123282
3609	EHMT1	G598G;N599N	Silent;Silent	0.4766456063442752
3610	EHMT1	N599N;F600P	Silent;Missense	0.05446631
3611	EHMT1	N599N;F600P	Silent;Missense	-1.391494914
3612	EHMT1	S610P	Missense	0.2895109656239316
3613	EHMT1	S610S	Silent	-0.027722356
3614	EHMT1	C617R	Missense	-0.317508498
3615	EHMT1	S619P	Missense	0.5209277507552039
3616	EHMT1		No Mutation	-0.146270204
3617	EHMT1	S625G;Y626C	Missense;Missense	0.199898251
3618	EHMT1	Y626C	Missense	-0.243838541
3619	EHMT1	Y626C	Missense	-0.211755142
3620	EHMT1	C630R	Missense	-0.319961974
3621	EHMT1		No Mutation	0.050800284782458
3622	EHMT1		No Mutation	-0.28160492
3623	EHMT1		No Mutation	-0.050734179
3624	EHMT1		No Mutation	0.2115437318479883
3625	EHMT1	S635P	Missense	-0.213121095
3626	EHMT1	S634G	Missense	-0.656086466
3627	EHMT1	V640A	Missense	-0.230588804
3628	EHMT1	I642T;A643A	Missense;Silent	-0.266588579
3629	EHMT1		No Mutation	-0.032183305
3630	EHMT1	T650A	Missense	0.2568310479629383
3631	EHMT1		No Mutation	-0.146888873
3632	EHMT1	V654A	Missense	0.1355865550531774
3633	EHMT1	T652A	Missense	0.2442823202143599
3634	EHMT1		No Mutation	-0.167901878
3635	EHMT1	P653P	Silent	0.1587906889777964
3636	EHMT1		No Mutation	0.003057195
3637	EHMT1		No Mutation	0.2310840078126688
3638	EHMT1		No Mutation	-0.072532478
3639	EHMT1	S661P	Missense	0.1678920659126139
3640	EHMT1	S661P	Missense	0.2558030361394126
3641	EHMT1	S661P	Missense	-0.05087466
3642	EHMT1	E658G;K659E	Missense;Missense	-0.109962466
3643	EHMT1	K659G	Missense	-0.400316158
3644	EHMT1	K659G	Missense	0.158093545904944
3645	EHMT1		No Mutation	0.064211855
3646	EHMT1		No Mutation	-0.1158656
3647	EHMT1		No Mutation	-0.272338161
3648	EHMT1		No Mutation	0.1402428254205387
3649	EHMT1	R666G	Missense	-0.417092598
3650	EHMT1	R666G	Missense	0.5977474983266595
3651	EHMT1	D668G	Missense	-0.365442539
3652	EHMT1		No Mutation	-0.689804802
3653	EHMT1	T670A;T671A	Missense;Missense	0.3395551588201013
3654	EHMT1	(NC)	Intron	-0.484386813
3655	EHMT1	S673G	Missense	-1.377373905
3656	EHMT1	(NC)	Intron	-1.545592427
3657	EHMT1		No Mutation	-0.03717374
3658	EHMT1	(NC)	Intron	-0.058627665
3659	EHMT1	(NC)	Intron	-0.368623414
3660	EHMT1	(NC)	Intron	-0.058984038
3661	EHMT1	(NC)	Intron	0.084437701
3662	EHMT1	S673S	Silent	0.6359764915741415
3663	EHMT1		No Mutation	0.1561381242285339
3664	EHMT1		No Mutation	0.069471853
3665	EHMT1	A674A	Silent	-0.079444845
3666	EHMT1		No Mutation	-0.719736698
3667	EHMT1		No Mutation	-0.155201673
3668	EHMT1		No Mutation	0.2980393396223327
3669	EHMT1		No Mutation	0.268366604
3670	EHMT1		No Mutation	0.3905232917862203
3671	EHMT1		No Mutation	0.085095887
3672	EHMT1		No Mutation	0.3196585538869266
3673	EHMT1		No Mutation	-0.321348976
3674	EHMT1	E681G	Missense	0.09839788
3675	EHMT1	E681G;D682G	Missense;Missense	-0.083863179
3676	EHMT1	A688A	Silent	0.2100038905985058
3677	EHMT1		No Mutation	-0.137219087
3678	EHMT1		No Mutation	-0.003707081
3679	EHMT1	F696P	Missense	0.03021682
3680	EHMT1	F696P	Missense	-0.239293837
3681	EHMT1	E694G	Missense	-0.319733161
3682	EHMT1	E694G	Missense	0.4264178135335087
3683	EHMT1		No Mutation	-0.239007069
3684	EHMT1		No Mutation	-0.036795658
3685	EHMT1	D697G	Missense	0.9759376181341068
3686	EHMT1	D697G;P698P	Missense;Silent	0.2177716782694444
3687	EHMT1	T699A	Missense	0.2306816588779039
3688	EHMT1	G700G	Silent	-0.136147987
3689	EHMT1	L704P	Missense	-0.059237053
3690	EHMT1	G700G	Silent	0.1722197333941815
3691	EHMT1		No Mutation	0.077448859
3692	EHMT1		No Mutation	-0.083540408
3693	EHMT1	P707P;T708A	Silent;Missense	0.06758871
3694	EHMT1	T708A	Missense	-0.317845735
3695	EHMT1	S712P	Missense	0.076316572
3696	EHMT1		No Mutation	-0.068634492
3697	EHMT1		No Mutation	-0.128956521
3698	EHMT1		No Mutation	-0.113085258
3699	EHMT1		No Mutation	0.086508729
3700	EHMT1		No Mutation	0.5092929099969657
3701	EHMT1		No Mutation	0.4126205139293373
3702	EHMT1		No Mutation	-0.377633154
3703	EHMT1	G714G;P715P	Silent;Silent	0.1850836276901017
3704	EHMT1		No Mutation	-0.072766254
3705	EHMT1	L720P	Missense	-0.06248824
3706	EHMT1	L724P;I725T	Missense;Missense	-0.300896131
3707	EHMT1	I725V	Missense	-0.080830293
3708	EHMT1	L735P	Missense	0.2252531650832559
3709	EHMT1	L735P	Missense	-0.038670056
3710	EHMT1	F737P	Missense	0.6042402047537959
3711	EHMT1	F737S	Missense	0.098111474
3712	EHMT1	Y743H;F744L	Missense;Missense	-0.701720092
3713	EHMT1	F744P;S745P	Missense;Missense	-0.261161286
3714	EHMT1	F744P;S745P	Missense;Missense	0.1597147770006827
3715	EHMT1	Q741R	Missense	0.1485266815935273
3716	EHMT1	Y743C	Missense	0.3509115010317142
3717	EHMT1	Y743C	Missense	0.071032839
3718	EHMT1		No Mutation	0.1315836908785502
3719	EHMT1	L751P	Missense	0.5685604664712628
3720	EHMT1	Q748R	Missense	0.078596323
3721	EHMT1	L751P	Missense	0.0107484134543899
3722	EHMT1	K753G	Missense	-0.430697279
3723	EHMT1	K753G	Missense	-0.508169766
3724	EHMT1	(NC)	Intron	-0.517769959
3725	EHMT1	(NC)	Intron	-0.264201756
3726	EHMT1	(NC)	Intron	-1.029442636
3727	EHMT1		No Mutation	0.158607222964602
3728	EHMT1	(NC)	Intron	-0.086820265
3729	EHMT1		No Mutation	-0.100261946
3730	EHMT1	D763G	Missense	0.2808759810977079
3731	EHMT1	S775S	Silent	-1.328464789
3732	EHMT1		No Mutation	-0.162414508
3733	EHMT1	P776P	Silent	-0.620155032
3734	EHMT1	H778R	Missense	-0.214787454
3735	EHMT1		No Mutation	-0.04319818
3736	EHMT1	A781A	Silent	0.195963440628595
3737	EHMT1		No Mutation	0.006232269
3738	EHMT1	D787G;I788V	Missense;Missense	-0.237191999
3739	EHMT1		No Mutation	0.1709896548206015
3740	EHMT1	H790R;M791V	Missense;Missense	0.265634324
3741	EHMT1		No Mutation	0.003901832
3742	EHMT1	(NC)	Splice-donor	-1.816636641
3743	EHMT1	Q794R	Missense	0.088528956
3744	EHMT1	(NC)	Intron	0.149946506990734
3745	EHMT1	(NC);(NC)	Intron;Intron	0.3118475474157292
3746	EHMT1	(NC)	Intron	-0.771532743
3747	EHMT1		No Mutation	-0.301632067
3748	EHMT1	(NC)	Intron	0.2768309943578009
3749	EHMT1		No Mutation	-0.173680196
3750	EHMT1		No Mutation	0.2184503361021483
3751	EHMT1	Q806R;R807G	Missense;Missense	-0.372517138
3752	EHMT1	M811T	Missense	-0.645586839
3753	EHMT1		No Mutation	0.3441252336952523
3754	EHMT1		No Mutation	-0.320716957
3755	EHMT1	A813A	Silent	-0.105331138
3756	EHMT1	Y824H	Missense	-0.134315157
3757	EHMT1	A821A;K823E	Silent;Missense	-0.154829866
3758	EHMT1	K823G;Y824C	Missense;Missense	0.3057834084335119
3759	EHMT1	K823R;Y824C	Missense;Missense	0.4816361233196967
3760	EHMT1	Y824C	Missense	0.3384486325199322
3761	EHMT1	I826V;K827E	Missense;Missense	-0.076713207
3762	EHMT1	K827G	Missense	-0.268181992
3763	EHMT1		No Mutation	-0.054956878
3764	EHMT1		No Mutation	0.06739312
3765	EHMT1	(NC)	Splice-donor	-1.340030728
3766	EHMT1	(NC);(NC)	Splice-donor;Intron	-0.533777062
3767	EHMT1	(NC);(NC)	Intron;Intron	0.066925088
3768	EHMT1	(NC);(NC)	Intron;Intron	-0.045120002
3769	EHMT1	(NC)	Intron	0.0440168141889479
3770	EHMT1		No Mutation	0.023843405
3771	EHMT1		No Mutation	0.3242647550511799
3772	EHMT1	T841A	Missense	-0.017706573
3773	EHMT1	H844R	Missense	-0.145621377
3774	EHMT1		No Mutation	-0.234379021
3775	EHMT1	K849G	Missense	-0.059604048
3776	EHMT1		No Mutation	-0.150268057
3777	EHMT1	Y857H	Missense	0.002270013
3778	EHMT1	Q856R;Y857C	Missense;Missense	0.2192555372806528
3779	EHMT1	N861N	Silent	0.4734695131199479
3780	EHMT1		No Mutation	-0.032219429
3781	EHMT1		No Mutation	0.4538853330202816
3782	EHMT1	M864V	Missense	0.2691367175437924
3783	EHMT1		No Mutation	0.0275976524160139
3784	EHMT1		No Mutation	0.065533196
3785	EHMT1		No Mutation	0.084632127
3786	EHMT1	D870D	Silent	-0.464807829
3787	EHMT1	(NC)	Splice-acceptor	-0.264643062
3788	EHMT1		No Mutation	-0.254723376
3789	EHMT1		No Mutation	-0.093215647
3790	EHMT1		No Mutation	0.1408120935969984
3791	EHMT1	T875A	Missense	0.1582658512068109
3792	EHMT1		No Mutation	-0.412029026
3793	EHMT1		No Mutation	-0.2067761
3794	EHMT1	T881A	Missense	-0.189397325
3795	EHMT1	V886A	Missense	-0.15353403
3796	EHMT1	K890G	Missense	-0.188502662
3797	EHMT1	L893P;S894P	Missense;Missense	-1.82928448
3798	EHMT1	K890G	Missense	0.1802866136446269
3799	EHMT1	I899T	Missense	-0.052517887
3800	EHMT1	(NC);(NC);(NC)	Intron;Intron;Intron	-0.204440719
3801	EHMT1		No Mutation	-0.082353706
3802	EHMT1		No Mutation	0.2039222412644928
3803	EHMT1		No Mutation	0.8170180772282115
3804	EHMT1		No Mutation	-0.008479462
3805	EHMT1	E906G;N907G	Missense;Missense	-1.336267368
3806	EHMT1	N907G;I908V	Missense;Missense	-0.950032557
3807	EHMT1	I908V	Missense	-0.192401918
3808	EHMT1	H911R	Missense	-1.572819806
3809	EHMT1	F915P;S916P	Missense;Missense	-1.1123566
3810	EHMT1		No Mutation	0.050359607
3811	EHMT1	I921T	Missense	-0.055743599
3812	EHMT1	I921V	Missense	-0.29859842
3813	EHMT1	A927A	Silent	0.4793771081670833
3814	EHMT1	C930R	Missense	-0.132402612
3815	EHMT1		No Mutation	-0.044632806
3816	EHMT1	H933R	Missense	0.5391892193657936
3817	EHMT1	I937T	Missense	-0.132323669
3818	EHMT1		No Mutation	0.155680352
3819	EHMT1		No Mutation	-1.251380348
3820	EHMT1	L943P	Missense	-0.61136522
3821	EHMT1	P942P	Silent	0.1715349319155554
3822	EHMT1	P942P	Silent	0.3239721881043709
3823	EHMT1		No Mutation	-0.635695581
3824	EHMT1	Y952H	Missense	0.1465101212704823
3825	EHMT1		No Mutation	-0.950463586
3826	EHMT1	C954R	Missense	-1.590546311
3827	EHMT1	V956A;(NC)	Missense;Splice-donor	-0.206187506
3828	EHMT1	(NC);(NC);(NC)	Intron;Intron;Intron	0.4034699904892129
3829	EHMT1	F958F;L959P;S960P	Silent;Missense;Missense	-0.795510277
3830	EHMT1	L959P;S960P	Missense;Missense	-0.675950205
3831	EHMT1	D962D;S963P	Silent;Missense	0.5668602715108297
3832	EHMT1	T966A	Missense	0.3229377083182423
3833	EHMT1	T966A	Missense	0.4081467548920381
3834	EHMT1		No Mutation	0.6582381043413645
3835	EHMT1	L981P	Missense	-0.404049815
3836	EHMT1	L981P	Missense	0.049155699833538
3837	EHMT1	L981P	Missense	-0.151640008
3838	EHMT1	S980G	Missense	0.0180930704643136
3839	EHMT1		No Mutation	0.1687894491604572
3840	EHMT1	W986R	Missense	-0.212482834
3841	EHMT1		No Mutation	-0.121703397
3842	EHMT1	M991V;S992G	Missense;Missense	0.4107817498762732
3843	EHMT1	K993G	Missense	0.1752303243809793
3844	EHMT1	Q996R;D997G	Missense;Missense	0.1851625544044509
3845	EHMT1	D1001G;R1002G	Missense;Missense	-0.24073163
3846	EHMT1		No Mutation	0.070861629
3847	EHMT1		No Mutation	0.2291322015317561
3848	EHMT1	V1006A	Missense	-0.029294314
3849	EHMT1		No Mutation	-0.107886171
3850	EHMT1	V1006A	Missense	-0.086806981
3851	EHMT1	I1009T	Missense	0.074753752
3852	EHMT1	I1009T	Missense	-0.409282169
3853	EHMT1	E1007G	Missense	1.0072733195532262
3854	EHMT1	V1010A	Missense	-0.416954279
3855	EHMT1	V1010A	Missense	0.1601244347055564
3856	EHMT1	V1010A	Missense	-0.02393112
3857	EHMT1	R1012G	Missense	-0.236431336
3858	EHMT1	(NC)	Intron	0.3022349820079266
3859	EHMT1		No Mutation	0.0207482452419863
3860	EHMT1		No Mutation	-0.279694688
3861	EHMT1		No Mutation	-0.014385895
3862	EHMT1	I1014T	Missense	0.064211065
3863	EHMT1	(NC)	Splice-acceptor	-0.712430119
3864	EHMT1	A1015A	Silent	-0.246653612
3865	EHMT1		No Mutation	-0.238744521
3866	EHMT1		No Mutation	0.1629423717223552
3867	EHMT1		No Mutation	0.1124440548543024
3868	EHMT1		No Mutation	-0.404492699
3869	EHMT1	V1029A	Missense	0.443024904
3870	EHMT1	V1029A	Missense	0.1825096704397269
3871	EHMT1	V1029A	Missense	0.1863097555381064
3872	EHMT1	C1034R	Missense	0.3893321350789171
3873	EHMT1	Y1038H	Missense	0.5370364276090457
3874	EHMT1	Y1040H	Missense	0.6055916955252885
3875	EHMT1		No Mutation	0.1251797050765679
3876	EHMT1		No Mutation	0.2329102217499698
3877	EHMT1		No Mutation	0.093996366
3878	EHMT1	N1055N	Silent	0.2666026599930524
3879	EHMT1	R1054R;N1055G;I1056V	Silent;Missense;Missense	-0.820531438
3880	EHMT1	H1058R	Missense	-0.315786827
3881	EHMT1	(NC)	Intron	-0.16256883
3882	EHMT1	(NC)	Intron	-0.246511391
3883	EHMT1	(NC);(NC);(NC)	Intron;Intron;Intron	0.0539990320132493
3884	EHMT1	(NC);(NC);(NC)	Intron;Intron;Intron	-0.108025004
3885	EHMT1	(NC);(NC)	Intron;Intron	0.2597192507287976
3886	EHMT1	(NC)	Intron	0.040454826
3887	EHMT1	(NC);Y1061H	Intron;Missense	-0.304501375
3888	EHMT1	C1062R	Missense	-0.655786192
3889	EHMT1	S1071G	Missense	0.4492222675032306
3890	EHMT1	M1074T;C1075R	Missense;Missense	-1.14111696
3891	EHMT1		No Mutation	-0.18228426
3892	EHMT1	Q1077R	Missense	-0.159623549
3893	EHMT1	C1082R;W1083R	Missense;Missense	-0.089188978
3894	EHMT1		No Mutation	0.1618566550737508
3895	EHMT1		No Mutation	-0.335098058
3896	EHMT1		No Mutation	0.3097704706924454
3897	EHMT1	Y1084C	Missense	-0.035141058
3898	EHMT1		No Mutation	-0.035465163
3899	EHMT1		No Mutation	-0.080858505
3900	EHMT1		No Mutation	0.0140836434188029
3901	EHMT1	(NC);(NC)	Intron;Intron	0.3547442887896229
3902	EHMT1	(NC)	Intron	-0.045685612
3903	EHMT1	(NC)	Intron	-0.37537108
3904	EHMT1		No Mutation	0.2821032204678249
3905	EHMT1	L1090P;L1091P	Missense;Missense	-0.982318241
3906	EHMT1		No Mutation	0.1066033880716888
3907	EHMT1	F1094P	Missense	-0.118884948
3908	EHMT1	P1092P	Silent	-0.041943077
3909	EHMT1	M1096T	Missense	-0.158158391
3910	EHMT1		No Mutation	0.094190834
3911	EHMT1	C1105R	Missense	-1.15506164
3912	EHMT1	C1105R	Missense	-1.35305735
3913	EHMT1		No Mutation	-0.434576413
3914	EHMT1	N1106S;H1107R	Missense;Missense	0.493180235
3915	EHMT1	H1107R	Missense	0.007335762
3916	EHMT1	W1112R	Missense	-0.725470746
3917	EHMT1		No Mutation	-0.346597557
3918	EHMT1	N1117G	Missense	-0.330375191
3919	EHMT1		No Mutation	0.4754956614226961
3920	EHMT1	V1120V	Silent	0.2040969579660511
3921	EHMT1	N1122G	Missense	0.5718855141861261
3922	EHMT1	(NC);(NC)	Intron;Intron	-0.273365382
3923	EHMT1	(NC);(NC);(NC)	Intron;Intron;Intron	0.152437975686416
3924	EHMT1	A1126A;R1127G	Silent;Missense	-0.29311553
3925	EHMT1	Q1129R	Missense	0.3611281744855281
3926	EHMT1	Q1129R	Missense	0.1095497769062443
3927	EHMT1	Y1131C	Missense	0.003101817
3928	EHMT1	Y1131C	Missense	0.1604601944229338
3929	EHMT1	T1133A	Missense	-0.321347013
3930	EHMT1	T1133A	Missense	0.1762302454250794
3931	EHMT1	T1133A	Missense	0.3349387920873721
3932	EHMT1	W1138R	Missense	-1.071705341
3933	EHMT1	D1135G;M1136V	Missense;Missense	-0.115959292
3934	EHMT1		No Mutation	0.1874805673744284
3935	EHMT1	Q1144R	Missense	-0.508115986
3936	EHMT1		No Mutation	-0.118273174
3937	EHMT1		No Mutation	-0.160906533
3938	EHMT1	F1151F;V1152A;C1153R	Silent;Missense;Missense	-0.937745315
3939	EHMT1	V1152A;C1153R	Missense;Missense	-1.334072081
3940	EHMT1	C1153R	Missense	-0.429492134
3941	EHMT1	(NC)	Intron	-0.68122112
3942	EHMT1	E1154G	Missense	-0.394947099
3943	EHMT1	E1154G	Missense	-0.343072331
3944	EHMT1	(NC)	Intron	0.1204837681897358
3945	EHMT1	(NC)	Intron	0.2419244383652149
3946	EHMT1	(NC)	Intron	-0.15192762
3947	EHMT1	(NC)	Intron	0.4191406350130012
3948	EHMT1		No Mutation	0.093949472
3949	EHMT1		No Mutation	0.3508805809572017
3950	EHMT1	Y1155H	Missense	0.079312749
3951	EHMT1	V1156A	Missense	0.4639089481975842
3952	EHMT1	V1156V	Silent	0.092678287
3953	EHMT1	S1163S;E1164G	Silent;Missense	0.5977123965669502
3954	EHMT1	D1171D	Silent	-0.293261036
3955	EHMT1		No Mutation	0.2340016358536613
3956	EHMT1	N1179N	Silent	-0.62938513
3957	EHMT1		No Mutation	-0.181946161
3958	EHMT1		No Mutation	0.3749145231975732
3959	EHMT1	(NC)	Intron	0.3992381474945757
3960	EHMT1		No Mutation	0.06175212
3961	EHMT1		No Mutation	0.2678154339575765
3962	EHMT1		No Mutation	0.3568986679073584
3963	EHMT1		No Mutation	0.1677800189893276
3964	EHMT1	V1184A	Missense	0.0465397974657698
3965	EHMT1	V1184A;Y1185H	Missense;Missense	0.2372398976732674
3966	EHMT1	Y1185C	Missense	0.078735318
3967	EHMT1	I1187V;D1188G	Missense;Missense	-0.32980243
3968	EHMT1	D1188G	Missense	-0.002649163
3969	EHMT1	Y1192C	Missense	0.4781088382785998
3970	EHMT1	C1203R	Missense	-0.400575813
3971	EHMT1	H1202R	Missense	0.2477295326361481
3972	EHMT1		No Mutation	-0.687893205
3973	EHMT1	L1207P	Missense	-0.964177403
3974	EHMT1	V1210A	Missense	0.5577193216393327
3975	EHMT1	V1210A	Missense	0.3292495417208478
3976	EHMT1		No Mutation	0.2182339683851151
3977	EHMT1	V1212A;F1213L	Missense;Missense	-0.242005015
3978	EHMT1	M1214T	Missense	0.001177266
3979	EHMT1	M1214T	Missense	-0.037513423
3980	EHMT1		No Mutation	0.3357425137093931
3981	EHMT1		No Mutation	0.4692709433101936
3982	EHMT1	Q1217R;D1218G	Missense;Missense	-1.385801714
3983	EHMT1	F1221P	Missense	-1.10804076
3984	EHMT1	F1221P	Missense	-0.65042042
3985	EHMT1		No Mutation	-0.09380564
3986	EHMT1	I1224T	Missense	0.0185257380836775
3987	EHMT1	F1227P	Missense	-1.362139931
3988	EHMT1	F1227P	Missense	-0.740662907
3989	EHMT1	F1227S	Missense	-0.574487562
3990	EHMT1		No Mutation	-0.004205472
3991	EHMT1	L1231P	Missense	-0.214876143
3992	EHMT1	S1228G;T1229A	Missense;Missense	0.090814254
3993	EHMT1	T1229A	Missense	0.013807271213882
3994	EHMT1		No Mutation	0.006235439
3995	EHMT1		No Mutation	-0.013205062
3996	EHMT1		No Mutation	0.1365513188219831
3997	EHMT1	E1233G	Missense	0.2880699764186776
3998	EHMT1	E1233G	Missense	0.9760193543641708
3999	EHMT1	(NC)	Splice-donor	-1.584298909
4000	EHMT1		No Mutation	-0.334972636
4001	EHMT1	(NC)	Intron	-1.211946555
4002	EHMT1		No Mutation	-0.233442146
4003	EHMT1	(NC)	Intron	-0.127621117
4004	EHMT1		No Mutation	-0.527454183
4005	EHMT1	Y1242H	Missense	-0.706065247
4006	EHMT1	Y1242H	Missense	-0.110306225
4007	EHMT1	Y1242Y	Silent	0.002173322
4008	EHMT1		No Mutation	-0.366633962
4009	EHMT1		No Mutation	0.4384395465421198
4010	EHMT1	D1241G;Y1242C	Missense;Missense	-0.331402837
4011	EHMT1	Y1242C	Missense	-0.199241657
4012	EHMT1		No Mutation	-0.251566327
4013	EHMT1		No Mutation	-0.130151918
4014	EHMT1		No Mutation	-0.117721702
4015	EHMT1	C1263R	Missense	-0.386910859
4016	EHMT1	S1266P	Missense	-0.037794396
4017	EHMT1		No Mutation	-0.094593437
4018	EHMT1	S1266P	Missense	0.1272752376778096
4019	EHMT1	S1266P	Missense	-0.198878582
4020	EHMT1		No Mutation	0.054534995
4021	EHMT1	H1265R	Missense	-0.145512303
4022	EHMT1		No Mutation	-0.317250934
4023	EHMT1		No Mutation	0.1553679218601349
4024	EHMT1		No Mutation	0.6477719805742203
4025	EHMT1	Q1272R	Missense	-0.361672746
4026	EHMT1		No Mutation	-0.469415608
4027	EHMT1		No Mutation	0.3789805043986223
4028	EHMT1	Q1274R	Missense	-0.105324965
4029	EHMT1		No Mutation	-0.022205012
4030	EHMT1	S1276G	Missense	0.2281243223057829
4031	EHMT1		No Mutation	-0.098187108
4032	EHMT1		No Mutation	0.2151152467627162
4033	EHMT1		No Mutation	-0.166667201
4034	EHMT1	Q1279R;E1280G	Missense;Missense	0.3091744241122197
4035	EHMT1		No Mutation	-0.02996242
4036	EHMT1		No Mutation	0.1515864608996401
4037	EHMT1	L1286S	Missense	-0.067577201
4038	EHMT1		No Mutation	0.1883732473874444
4039	EHMT1		No Mutation	0.2221031606577416
4040	EHMT1		No Mutation	-0.468599999
4041	EHMT1	A1293A	Silent	0.6427766708587491
4042	EHMT1		No Mutation	-0.066966541
4043	EHMT1		No Mutation	-0.205125698
4044	EHMT2		No Mutation	0.3890295648318904
4045	EHMT2		No Mutation	0.5968779499577324
4046	EHMT2		No Mutation	-0.178895144
4047	EHMT2	*1268R	Missense	0.4208575830899214
4048	EHMT2		No Mutation	0.7418870559713895
4049	EHMT2	*1268R	Missense	0.065934503
4050	EHMT2		No Mutation	0.2252712696559922
4051	EHMT2	L1262P	Missense	0.0583702189305501
4052	EHMT2	L1262P	Missense	0.2471680491975674
4053	EHMT2	L1259P	Missense	-0.11835493
4054	EHMT2		No Mutation	-0.098405665
4055	EHMT2	E1254G	Missense	0.1393381970880524
4056	EHMT2	L1256P	Missense	0.024104993
4057	EHMT2	L1256P	Missense	0.2817612138120046
4058	EHMT2	P1253P	Silent	-0.170491869
4059	EHMT2	P1253P	Silent	0.1064412935472289
4060	EHMT2	P1253P	Silent	0.2373970622515702
4061	EHMT2		No Mutation	-0.335381118
4062	EHMT2	S1244G	Missense	-0.374825224
4063	EHMT2	R1245R;L1246P	Silent;Missense	0.1095886447762984
4064	EHMT2	R1245R;L1246P	Silent;Missense	-0.130826094
4065	EHMT2		No Mutation	0.7354455308306614
4066	EHMT2		No Mutation	0.004458008
4067	EHMT2	L1241P	Missense	-0.023437641
4068	EHMT2	S1235S	Silent	0.4615379658813114
4069	EHMT2	C1232R	Missense	-1.189926065
4070	EHMT2	S1229S	Silent	0.046922705
4071	EHMT2	Y1222C	Missense	0.2393811053684812
4072	EHMT2	Y1211C	Missense	-1.950952791
4073	EHMT2	D1210G;Y1211C	Missense;Missense	-0.32418836
4074	EHMT2	Y1211H	Missense	-1.474368814
4075	EHMT2	(NC)	Intron	-0.276612993
4076	EHMT2	F1209L	Missense	0.1186729241898274
4077	EHMT2	(NC)	Intron	-0.265898555
4078	EHMT2	(NC)	Intron	-0.069050419
4079	EHMT2	(NC);(NC)	Intron;Intron	0.3384168533328163
4080	EHMT2	L1207L	Silent	-0.339014201
4081	EHMT2	L1207L	Silent	0.09141168
4082	EHMT2	E1206G;L1207L	Missense;Silent	0.0175842350419584
4083	EHMT2	L1207P	Missense	-1.644335312
4084	EHMT2	T1203A	Missense	0.090713381
4085	EHMT2	T1203A	Missense	0.058327833
4086	EHMT2	T1203T	Silent	0.173735203409874
4087	EHMT2	T1203T	Silent	0.4500353522392545
4088	EHMT2	R1199R;D1200G;I1201V	Silent;Missense;Missense	-0.23786845
4089	EHMT2	R1199R	Silent	-0.138160525
4090	EHMT2	R1199R	Silent	-0.292232473
4091	EHMT2		No Mutation	-0.105090462
4092	EHMT2	S1197G	Missense	-0.05153482
4093	EHMT2		No Mutation	-0.265287248
4094	EHMT2	F1196P	Missense	-0.921867725
4095	EHMT2	I1193T	Missense	-0.746794416
4096	EHMT2	F1190F	Silent	0.1917578127268799
4097	EHMT2		No Mutation	-0.072699259
4098	EHMT2	M1183T;L1184P	Missense;Missense	0.1756968397616738
4099	EHMT2	M1183T;L1184P	Missense;Missense	0.1149246349432802
4100	EHMT2	V1179A	Missense	0.095764329
4101	EHMT2	V1179A	Missense	0.1694245353421071
4102	EHMT2	V1179A	Missense	0.2045983757274252
4103	EHMT2	N1175G;I1176V	Missense;Missense	-1.274431481
4104	EHMT2	N1175G	Missense	-0.672736238
4105	EHMT2	I1176T	Missense	0.1785815783409233
4106	EHMT2		No Mutation	0.5268534080420804
4107	EHMT2	L1171P;C1172R	Missense;Missense	-2.133015848
4108	EHMT2	I1164T	Missense	0.0489323307879616
4109	EHMT2	I1164T	Missense	-0.478551418
4110	EHMT2	I1156V;D1157G	Missense;Missense	0.4293381353931466
4111	EHMT2	Y1154H;C1155R	Missense;Missense	-1.385169265
4112	EHMT2	V1153A;Y1154H	Missense;Missense	-1.466686733
4113	EHMT2	V1153A;Y1154H	Missense;Missense	-2.015545652
4114	EHMT2		No Mutation	-0.825614459
4115	EHMT2		No Mutation	-0.584767766
4116	EHMT2		No Mutation	-0.478286039
4117	EHMT2	D1150D	Silent	0.1391067348794004
4118	EHMT2		No Mutation	0.2167233514967543
4119	EHMT2	D1150D	Silent	0.063402839
4120	EHMT2	(NC)	Intron	-0.2715353
4121	EHMT2	(NC)	Intron	-0.330748085
4122	EHMT2	L1146L;D1147G	Silent;Missense	0.3548331334827682
4123	EHMT2		No Mutation	0.1289136063084737
4124	EHMT2		No Mutation	0.6729104808942198
4125	EHMT2	E1133G	Missense	-0.446738831
4126	EHMT2	I1129V	Missense	-0.363818644
4127	EHMT2		No Mutation	-1.645125175
4128	EHMT2		No Mutation	-0.43571278
4129	EHMT2	Y1124Y;V1125A	Silent;Missense	-0.266729439
4130	EHMT2		No Mutation	-0.358840645
4131	EHMT2		No Mutation	0.1477744331026579
4132	EHMT2		No Mutation	-0.104354967
4133	EHMT2		No Mutation	0.6770490936103251
4134	EHMT2	(NC);(NC)	Intron;Intron	-0.247936709
4135	EHMT2		No Mutation	-0.595100095
4136	EHMT2	(NC)	Intron	-0.824089216
4137	EHMT2	I1121V	Missense	-0.065580264
4138	EHMT2	I1121T;C1122R	Missense;Missense	-0.67112898
4139	EHMT2	I1121T;C1122R	Missense;Missense	-1.262272263
4140	EHMT2	F1120P	Missense	-0.153560872
4141	EHMT2		No Mutation	-0.02197793
4142	EHMT2		No Mutation	0.3674417626134507
4143	EHMT2	Q1113R	Missense	-0.187278905
4144	EHMT2	Q1113R	Missense	-0.139232525
4145	EHMT2		No Mutation	0.196186180473153
4146	EHMT2	I1115T	Missense	-0.650924868
4147	EHMT2	V1109A	Missense	-0.367438475
4148	EHMT2	T1102T;K1104E	Silent;Missense	-0.374958944
4149	EHMT2	W1107R	Missense	-0.64294584
4150	EHMT2	T1102T	Silent	0.08059267
4151	EHMT2	T1102A	Missense	-0.241435547
4152	EHMT2	R1101R;T1102A	Silent;Missense	0.1977374041138118
4153	EHMT2	R1101R;T1102A	Silent;Missense	-0.482656336
4154	EHMT2	Y1100C	Missense	0.4848967377242159
4155	EHMT2	Y1100C	Missense	0.2990145526421941
4156	EHMT2	L1099P	Missense	-1.301873861
4157	EHMT2	L1099P	Missense	-0.508263326
4158	EHMT2		No Mutation	-0.998967112
4159	EHMT2	L1097P	Missense	-0.739137869
4160	EHMT2	L1097P	Missense	0.119850679236191
4161	EHMT2		No Mutation	0.1020747087032997
4162	EHMT2	(NC)	Intron	-0.036565084
4163	EHMT2	(NC)	Intron	0.4006677866961583
4164	EHMT2	Q1090R;S1091G	Missense;Missense	0.018660223
4165	EHMT2	S1091S	Silent	-0.127415098
4166	EHMT2	N1086G	Missense	0.4776527149430296
4167	EHMT2	R1082G;N1083D	Missense;Missense	0.2289770350806974
4168	EHMT2	R1082G	Missense	0.1112170899839388
4169	EHMT2	W1081R	Missense	0.3595941877946587
4170	EHMT2	N1075S;Q1076R	Missense;Missense	-0.146250508
4171	EHMT2	C1074R	Missense	0.2404367434145642
4172	EHMT2	C1074R	Missense	-2.74693415
4173	EHMT2	I1066T	Missense	-0.452022775
4174	EHMT2	L1059S;L1060P	Missense;Missense	-0.816888937
4175	EHMT2	L1059P;L1060P	Missense;Missense	-1.434084749
4176	EHMT2	D1056G	Missense	-0.047699721
4177	EHMT2		No Mutation	-0.688612083
4178	EHMT2	D1056D	Silent	-0.352217431
4179	EHMT2	D1056D	Silent	-0.112281182
4180	EHMT2	D1056D	Silent	-0.122177787
4181	EHMT2	(NC)	Intron	-0.269224684
4182	EHMT2		No Mutation	0.2439401566067401
4183	EHMT2		No Mutation	0.0177566164196728
4184	EHMT2		No Mutation	0.046287052
4185	EHMT2		No Mutation	-0.488120065
4186	EHMT2		No Mutation	-0.017170952
4187	EHMT2		No Mutation	-0.565761476
4188	EHMT2		No Mutation	-0.062610734
4189	EHMT2	C1051R;W1052R	Missense;Missense	0.035794485
4190	EHMT2	Q1046R	Missense	-0.311816404
4191	EHMT2		No Mutation	-0.620746215
4192	EHMT2		No Mutation	-0.100388845
4193	EHMT2		No Mutation	-0.014967809
4194	EHMT2	S1039G	Missense	0.3022614435473816
4195	EHMT2	C1033C;V1034A	Silent;Missense	0.2604341226876413
4196	EHMT2	C1033C;V1034A	Silent;Missense	-0.429212422
4197	EHMT2	C1033R;V1034A	Missense;Missense	-2.11404542
4198	EHMT2	(NC)	Splice-acceptor	-1.226347873
4199	EHMT2		No Mutation	0.007863134
4200	EHMT2	C1031R	Missense	-1.620500049
4201	EHMT2		No Mutation	0.1158029734689319
4202	EHMT2	(NC)	Intron	-0.161822004
4203	EHMT2		No Mutation	0.059984349
4204	EHMT2	Q1029R	Missense	0.6125428657930523
4205	EHMT2	Q1029R	Missense	0.1887808440016238
4206	EHMT2	(NC)	Intron	-0.398235328
4207	EHMT2	(NC)	Intron	0.2804373200133219
4208	EHMT2	H1027R	Missense	0.1488207627153353
4209	EHMT2	H1027R	Missense	0.3501136434363835
4210	EHMT2	H1027R	Missense	0.3470493689037793
4211	EHMT2	H1027R	Missense	0.1907322157595664
4212	EHMT2	N1024G;I1025V	Missense;Missense	0.6152985936445136
4213	EHMT2		No Mutation	0.040634969
4214	EHMT2	D1022D	Silent	-0.180122387
4215	EHMT2	Y1009H;I1010T	Missense;Missense	-0.180012828
4216	EHMT2	Y1009H	Missense	-0.292086584
4217	EHMT2		No Mutation	-0.267617365
4218	EHMT2	Y1007H	Missense	0.053201752
4219	EHMT2		No Mutation	0.2043293809262005
4220	EHMT2	V998A;D999D	Missense;Silent	-0.184999931
4221	EHMT2	V998A	Missense	0.077357105
4222	EHMT2	N996D	Missense	0.4317106706042344
4223	EHMT2		No Mutation	-0.11533735
4224	EHMT2		No Mutation	-0.460507308
4225	EHMT2	G997G	Silent	0.3438725738025607
4226	EHMT2		No Mutation	0.3935206660887936
4227	EHMT2		No Mutation	-0.351724558
4228	EHMT2	I992V	Missense	-0.172684972
4229	EHMT2	(NC)	Splice-acceptor	-1.005106822
4230	EHMT2	(NC)	Splice-acceptor	-0.008721469
4231	EHMT2		No Mutation	-0.638211279
4232	EHMT2	V983A	Missense	-0.123536595
4233	EHMT2	V983A	Missense	-0.164190479
4234	EHMT2		No Mutation	-0.247702316
4235	EHMT2	(NC)	Intron	-0.698620612
4236	EHMT2	(NC);(NC)	Intron;Intron	0.3004049108685435
4237	EHMT2	(NC);(NC);(NC)	Intron;Intron;Intron	0.4755782022030956
4238	EHMT2		No Mutation	-0.473354661
4239	EHMT2		No Mutation	0.1434084824610653
4240	EHMT2	(NC)	Intron	-0.26477026
4241	EHMT2	I979V	Missense	0.5034790480800292
4242	EHMT2	I979V	Missense	-0.033088372
4243	EHMT2	I979T;C980R	Missense;Missense	-0.231062027
4244	EHMT2	T975T;E976G	Silent;Missense	-0.056594418
4245	EHMT2	I978T	Missense	-0.485364995
4246	EHMT2	N970N	Silent	-0.126875195
4247	EHMT2	R965R	Silent	-0.138478974
4248	EHMT2	R965R	Silent	-0.097070421
4249	EHMT2	L966L	Silent	0.157452440288479
4250	EHMT2	K963G	Missense	-0.005797116
4251	EHMT2	K963G	Missense	-0.307616979
4252	EHMT2	K963E	Missense	-0.16306622
4253	EHMT2	N961S	Missense	-0.071526853
4254	EHMT2	N961G	Missense	-0.183271431
4255	EHMT2	L958P	Missense	-0.943896444
4256	EHMT2	V954A;W955R	Missense;Missense	0.4182215793086751
4257	EHMT2	V954A;W955R	Missense;Missense	0.2573883882048108
4258	EHMT2	E950G	Missense	0.1924681590856065
4259	EHMT2	S952P	Missense	0.3277071126690672
4260	EHMT2	K939K;E940G	Silent;Missense	0.3192053323147103
4261	EHMT2	K939R;E940G	Missense;Missense	-0.258308245
4262	EHMT2		No Mutation	0.1166448335143166
4263	EHMT2		No Mutation	-0.085918321
4264	EHMT2		No Mutation	0.05650112
4265	EHMT2	E935G	Missense	-0.040903925
4266	EHMT2	E935G	Missense	0.1356690868653817
4267	EHMT2	E935G	Missense	0.1950248453611001
4268	EHMT2		No Mutation	-0.077885464
4269	EHMT2		No Mutation	0.2021125456054662
4270	EHMT2		No Mutation	-0.00449567
4271	EHMT2	L926L	Silent	0.124345320865119
4272	EHMT2	L926L	Silent	-0.232094212
4273	EHMT2	(NC)	Splice-acceptor	0.1207759301272768
4274	EHMT2	L928P;S929P	Missense;Missense	-0.306024664
4275	EHMT2	F927S;L928P	Missense;Missense	-1.874277959
4276	EHMT2	F927P;L928P	Missense;Missense	-0.933949667
4277	EHMT2	L926P	Missense	-0.680649615
4278	EHMT2	(NC)	Intron	-0.055183804
4279	EHMT2	(NC)	Splice-donor	-1.791202748
4280	EHMT2	A916A	Silent	-0.213663847
4281	EHMT2	A916A	Silent	0.1170882638392711
4282	EHMT2	A916A	Silent	0.5115449670179554
4283	EHMT2	A916A	Silent	0.2311882146010681
4284	EHMT2		No Mutation	-0.368162158
4285	EHMT2		No Mutation	-0.254195633
4286	EHMT2	L912P	Missense	-0.226013439
4287	EHMT2	H907H	Silent	-0.181924391
4288	EHMT2		No Mutation	-0.190883997
4289	EHMT2	Y906H	Missense	-0.193305837
4290	EHMT2	H902R	Missense	0.3315519092922976
4291	EHMT2	H902R	Missense	0.1208041534738387
4292	EHMT2	C899R	Missense	1.1464320597389523
4293	EHMT2	N896N	Silent	-0.298858948
4294	EHMT2	L894P;L895P	Missense;Missense	-1.010199813
4295	EHMT2	V893A;L894P	Missense;Missense	-1.035308023
4296	EHMT2		No Mutation	0.2803315539230536
4297	EHMT2		No Mutation	-0.522898267
4298	EHMT2	F884P	Missense	-0.751231786
4299	EHMT2	H880R	Missense	-0.720722596
4300	EHMT2	H880R	Missense	-0.973134149
4301	EHMT2	N876G;I877V	Missense;Missense	-0.145023079
4302	EHMT2	E875G;N876G	Missense;Missense	-0.044237652
4303	EHMT2	I877T;C878R	Missense;Missense	-0.497779475
4304	EHMT2	I877T	Missense	-0.493172867
4305	EHMT2		No Mutation	-0.012621382
4306	EHMT2		No Mutation	0.2578888439662643
4307	EHMT2		No Mutation	0.4069181681917749
4308	EHMT2		No Mutation	0.0397423437465195
4309	EHMT2		No Mutation	0.080342733
4310	EHMT2	(NC)	Intron	0.090080662
4311	EHMT2	(NC)	Intron	-0.539982843
4312	EHMT2	N873G	Missense	0.2040462330916165
4313	EHMT2	(NC)	Intron	-1.550472269
4314	EHMT2	(NC);(NC)	Splice-donor;Intron	-0.6540689
4315	EHMT2	T871T	Silent	0.022191539459849
4316	EHMT2		No Mutation	2.145328634527323
4317	EHMT2	M860V	Missense	-0.605602566
4318	EHMT2	M860V	Missense	-0.319875437
4319	EHMT2		No Mutation	-0.281556284
4320	EHMT2	A850A;E851G	Silent;Missense	0.4671533253086012
4321	EHMT2		No Mutation	-0.203616139
4322	EHMT2		No Mutation	-0.07003112
4323	EHMT2	T844A	Missense	-0.029801436
4324	EHMT2		No Mutation	0.1390153036453456
4325	EHMT2	W843R	Missense	0.4484220472289189
4326	EHMT2	W843R	Missense	0.3704193416066826
4327	EHMT2	S840S	Silent	0.050155769
4328	EHMT2	(NC);(NC)	Intron;Splice-acceptor	-0.101209916
4329	EHMT2	S840S	Silent	-0.074997746
4330	EHMT2	(NC);(NC)	Intron;Intron	0.073807293
4331	EHMT2	(NC)	Intron	-0.112812456
4332	EHMT2		No Mutation	0.1070907324429389
4333	EHMT2	(NC)	Intron	-0.174182491
4334	EHMT2		No Mutation	0.7974013883442392
4335	EHMT2	(NC)	Intron	0.1090724937725047
4336	EHMT2	(NC)	Intron	0.1412517103289796
4337	EHMT2		No Mutation	-0.167006018
4338	EHMT2		No Mutation	-0.329176046
4339	EHMT2	(NC)	Intron	-0.039193677
4340	EHMT2		No Mutation	-0.187275037
4341	EHMT2		No Mutation	-0.147665856
4342	EHMT2	N836G	Missense	0.074736579
4343	EHMT2		No Mutation	-0.134003043
4344	EHMT2	S829G	Missense	-0.269271358
4345	EHMT2		No Mutation	-0.38373084
4346	EHMT2		No Mutation	0.0209881782208706
4347	EHMT2	S825G	Missense	-0.200448008
4348	EHMT2	L821S	Missense	-0.54203466
4349	EHMT2	K817K;I818V	Silent;Missense	-0.361947679
4350	EHMT2	A815A;K817E	Silent;Missense	-0.180711707
4351	EHMT2	H813R;H814R	Missense;Missense	-0.537950089
4352	EHMT2	H813R;H814R	Missense;Missense	-0.743975506
4353	EHMT2		No Mutation	-0.32628895
4354	EHMT2		No Mutation	-0.073547134
4355	EHMT2	G808G;S809P	Silent;Missense	0.042785502
4356	EHMT2	G808G;S809P	Silent;Missense	0.034227807
4357	EHMT2		No Mutation	-0.568936054
4358	EHMT2		No Mutation	0.3819029955083696
4359	EHMT2		No Mutation	-0.19849061
4360	EHMT2		No Mutation	0.1067800384564512
4361	EHMT2		No Mutation	-0.226222413
4362	EHMT2		No Mutation	-0.204766743
4363	EHMT2	(NC)	Intron	0.7452166342578832
4364	EHMT2		No Mutation	0.2245768472758155
4365	EHMT2		No Mutation	-0.556586226
4366	EHMT2	S803G;K804E	Missense;Missense	-0.203564978
4367	EHMT2		No Mutation	-0.189308219
4368	EHMT2	R797R	Silent	-0.047079429
4369	EHMT2	R797R	Silent	0.174979268
4370	EHMT2	Y793C;M794V	Missense;Missense	0.2388960169071229
4371	EHMT2	Y793C	Missense	0.3551307086021959
4372	EHMT2	R792R;Y793H	Silent;Missense	0.2127059498762864
4373	EHMT2	E789G	Missense	0.007531597
4374	EHMT2	R792R;Y793H	Silent;Missense	-0.205120996
4375	EHMT2	L788P	Missense	-0.295246696
4376	EHMT2	N785D	Missense	-0.162281089
4377	EHMT2		No Mutation	0.1788862593525518
4378	EHMT2	V783A;V784A	Missense;Missense	0.1097684459429572
4379	EHMT2	P778P	Silent	0.7450546419053512
4380	EHMT2	T777A	Missense	-0.063426942
4381	EHMT2	Q775R	Missense	-0.216497647
4382	EHMT2	A770A	Silent	-0.114253812
4383	EHMT2	V771A	Missense	0.8748670038159108
4384	EHMT2	G765G;N767D	Silent;Missense	0.7587526511010378
4385	EHMT2		No Mutation	0.042011161
4386	EHMT2		No Mutation	0.1600387891804093
4387	EHMT2		No Mutation	0.3431786988139311
4388	EHMT2		No Mutation	0.1059407202179096
4389	EHMT2	A764A	Silent	0.2746389543520672
4390	EHMT2		No Mutation	-0.074653037
4391	EHMT2		No Mutation	-0.063711913
4392	EHMT2		No Mutation	0.1691486039753774
4393	EHMT2	(NC)	Intron	0.099995151
4394	EHMT2		No Mutation	0.2203793532189001
4395	EHMT2	Q763R	Missense	0.019529732
4396	EHMT2		No Mutation	0.074251608
4397	EHMT2		No Mutation	-0.168851204
4398	EHMT2	(NC)	Splice-donor	-0.844570714
4399	EHMT2		No Mutation	-0.147619316
4400	EHMT2	H759H;V760A	Silent;Missense	-0.676584413
4401	EHMT2		No Mutation	-0.027417918
4402	EHMT2	V755A	Missense	-0.123149557
4403	EHMT2	V755A	Missense	0.099903639
4404	EHMT2		No Mutation	-0.099872046
4405	EHMT2		No Mutation	0.0580409755528411
4406	EHMT2		No Mutation	0.1336208898247091
4407	EHMT2	H747R	Missense	0.1668289935639446
4408	EHMT2		No Mutation	-0.134323072
4409	EHMT2	H747R	Missense	-0.042363526
4410	EHMT2		No Mutation	0.1417812437794514
4411	EHMT2		No Mutation	-0.007730058
4412	EHMT2		No Mutation	-0.080886959
4413	EHMT2		No Mutation	-0.301663199
4414	EHMT2		No Mutation	-0.135299518
4415	EHMT2		No Mutation	0.015096176
4416	EHMT2	L731P	Missense	-0.69782301
4417	EHMT2	L731P	Missense	-0.058696286
4418	EHMT2	L731P	Missense	-0.006138778
4419	EHMT2		No Mutation	0.0446204923884987
4420	EHMT2	(NC)	Intron	0.2432074540083773
4421	EHMT2	(NC);(NC)	Intron;Intron	-0.182318488
4422	EHMT2	(NC)	Intron	-0.554885628
4423	EHMT2	Q717R	Missense	0.086758002
4424	EHMT2	L720P	Missense	-0.153967317
4425	EHMT2		No Mutation	-0.03984967
4426	EHMT2	Y712C	Missense	0.1711685155422282
4427	EHMT2	Y712C	Missense	-0.480064164
4428	EHMT2	L713P;S714P	Missense;Missense	-0.158856117
4429	EHMT2	L713P;S714P	Missense;Missense	0.9390577339998888
4430	EHMT2	Y712H	Missense	0.1031402939497979
4431	EHMT2	L711L	Silent	0.3008606588371094
4432	EHMT2	K703R	Missense	0.1033727728384531
4433	EHMT2		No Mutation	0.097364116
4434	EHMT2		No Mutation	0.1561339985361378
4435	EHMT2		No Mutation	-0.313065772
4436	EHMT2		No Mutation	0.1224469385999544
4437	EHMT2		No Mutation	-0.111899083
4438	EHMT2	(NC);(NC)	Intron;Intron	0.5781550070244499
4439	EHMT2	(NC);(NC)	Intron;Intron	0.065393104
4440	EHMT2		No Mutation	0.4081509122210254
4441	EHMT2	(NC);(NC)	Intron;Intron	-0.13494556
4442	EHMT2	(NC)	Intron	-1.154111437
4443	EHMT2	(NC)	Splice-donor	-0.440225775
4444	EHMT2	E697G;S698S	Missense;Silent	0.3761917061845301
4445	EHMT2	E697G	Missense	-0.123085355
4446	EHMT2	E697G	Missense	-0.054278958
4447	EHMT2	I695V	Missense	-0.25528727
4448	EHMT2	S698P	Missense	0.1210651743759599
4449	EHMT2	E690E;K691G	Silent;Missense	0.3974621463887285
4450	EHMT2		No Mutation	0.4534334579138249
4451	EHMT2		No Mutation	0.3626448481170451
4452	EHMT2	P684P	Silent	0.0560026703754912
4453	EHMT2		No Mutation	-0.04899018
4454	EHMT2	P681P	Silent	-0.037739312
4455	EHMT2	P681P	Silent	-0.067189422
4456	EHMT2	P681P	Silent	0.002787967
4457	EHMT2	L682P	Missense	0.1909867629654744
4458	EHMT2		No Mutation	-0.045334814
4459	EHMT2		No Mutation	0.1202102348028204
4460	EHMT2		No Mutation	0.3241761252567817
4461	EHMT2	S676S	Silent	0.1986347100584922
4462	EHMT2	L680P	Missense	-0.265067687
4463	EHMT2		No Mutation	-0.055897359
4464	EHMT2		No Mutation	-0.27511187
4465	EHMT2		No Mutation	0.377483883432099
4466	EHMT2	L675P;S676P	Missense;Missense	0.30490629
4467	EHMT2	L675P;S676P	Missense;Missense	-0.078159614
4468	EHMT2	C674R	Missense	0.05642691
4469	EHMT2	C674R	Missense	-0.180477901
4470	EHMT2	N671N	Silent	-0.322599776
4471	EHMT2	N671N	Silent	-0.234388988
4472	EHMT2	N671N	Silent	-0.106441878
4473	EHMT2	T668A	Missense	0.2214789766328345
4474	EHMT2		No Mutation	-0.315045071
4475	EHMT2	T668A	Missense	-0.182814073
4476	EHMT2		No Mutation	-0.349523087
4477	EHMT2		No Mutation	0.4872242983518462
4478	EHMT2		No Mutation	-0.67193511
4479	EHMT2	D658G;T659A	Missense;Missense	0.6870548077038826
4480	EHMT2	D658G;T659A	Missense;Missense	0.0131502032720294
4481	EHMT2	I660I	Silent	0.0511945453510854
4482	EHMT2	I660T	Missense	0.049384506
4483	EHMT2	I660T	Missense	0.0230410364523718
4484	EHMT2	A657A	Silent	0.2871759997677794
4485	EHMT2	A657A	Silent	-0.149021828
4486	EHMT2	L656P	Missense	0.3679472986771075
4487	EHMT2	L656P	Missense	0.095682944
4488	EHMT2		No Mutation	0.2375265434350827
4489	EHMT2	D654D	Silent	-0.040210978
4490	EHMT2	D654D	Silent	0.3375647402698016
4491	EHMT2	C653R	Missense	-0.178477023
4492	EHMT2	R643R	Silent	-0.29858772
4493	EHMT2	H645H	Silent	0.5908304715432579
4494	EHMT2	H645H	Silent	-0.169910024
4495	EHMT2	M642V	Missense	-0.087012855
4496	EHMT2		No Mutation	0.1125807736136729
4497	EHMT2		No Mutation	-0.665945691
4498	EHMT2		No Mutation	0.097670866
4499	EHMT2	(NC);(NC)	Intron;Splice-acceptor	-0.732732306
4500	EHMT2	(NC);(NC)	Intron;Splice-acceptor	-0.706500389
4501	EHMT2		No Mutation	-0.52330717
4502	EHMT2		No Mutation	-0.444588438
4503	EHMT2	(NC)	Intron	-0.154176688
4504	EHMT2		No Mutation	0.3973259349357856
4505	EHMT2		No Mutation	0.3601775497884647
4506	EHMT2	A633A;D634G	Silent;Missense	0.3765181979396216
4507	EHMT2	T635T;S636P	Silent;Missense	-0.128780535
4508	EHMT2	T635T;S636P	Silent;Missense	0.05175022
4509	EHMT2	T635T;S636P	Silent;Missense	-0.504782943
4510	EHMT2		No Mutation	0.07338511
4511	EHMT2		No Mutation	0.0116819928526647
4512	EHMT2		No Mutation	-0.381390003
4513	EHMT2	V629A	Missense	-0.106546208
4514	EHMT2	V629A	Missense	-0.065651884
4515	EHMT2		No Mutation	0.3213525394639137
4516	EHMT2		No Mutation	0.2145561862196377
4517	EHMT2	D628D;V629A	Silent;Missense	0.2927380954850914
4518	EHMT2	D628D	Silent	0.7567006315300302
4519	EHMT2	D628D	Silent	0.1566511961099829
4520	EHMT2		No Mutation	0.046770585
4521	EHMT2	L625P;S626P	Missense;Missense	-0.256281418
4522	EHMT2	A621A	Silent	-0.594893686
4523	EHMT2	P620P	Silent	0.5842027642285756
4524	EHMT2	A619A	Silent	0.2720806931055454
4525	EHMT2		No Mutation	0.1756856518787475
4526	EHMT2	T617T	Silent	0.1598396096679778
4527	EHMT2	T617T	Silent	-0.281238753
4528	EHMT2		No Mutation	-0.386322033
4529	EHMT2	D609G	Missense	0.030280365
4530	EHMT2		No Mutation	-0.212479838
4531	EHMT2	V611A	Missense	-0.256645714
4532	EHMT2	V611A	Missense	-0.245669862
4533	EHMT2	V611A	Missense	0.1257698158545641
4534	EHMT2		No Mutation	0.3604360375346299
4535	EHMT2	I605V	Missense	0.14922796273987
4536	EHMT2	I605V	Missense	0.0308453245578059
4537	EHMT2	T604A;I605V	Missense;Missense	0.2303214481935256
4538	EHMT2	E602G	Missense	-0.312287394
4539	EHMT2	Q601Q;E602G	Silent;Missense	0.2627300233766461
4540	EHMT2	Q601R;E602G	Missense;Missense	0.1270877963908658
4541	EHMT2		No Mutation	-0.334312171
4542	EHMT2	D596D;A597A;S598P	Silent;Silent;Missense	0.3385878769509888
4543	EHMT2	D596D;A597A	Silent;Silent	-0.266778029
4544	EHMT2	D596D	Silent	-0.26500196
4545	EHMT2		No Mutation	0.02686660761897
4546	EHMT2		No Mutation	0.6470068967528699
4547	EHMT2		No Mutation	-0.154903192
4548	EHMT2		No Mutation	0.0441223055817516
4549	EHMT2		No Mutation	0.5766484591216982
4550	EHMT2	L584P;N585N	Missense;Silent	0.9548601708339924
4551	EHMT2		No Mutation	0.888418995
4552	EHMT2		No Mutation	0.0129539264258933
4553	EHMT2	S582P	Missense	0.1050612024136409
4554	EHMT2	C580R	Missense	-1.16567653
4555	EHMT2	C580R	Missense	-1.502376863
4556	EHMT2		No Mutation	-0.530322752
4557	EHMT2		No Mutation	-1.545717577
4558	EHMT2	F576P	Missense	-1.399139298
4559	EHMT2		No Mutation	-0.091471224
4560	EHMT2		No Mutation	-0.107004057
4561	EHMT2	R571R;V572A	Silent;Missense	0.2133315872222395
4562	EHMT2	H567R	Missense	0.2679497661585327
4563	EHMT2	P568P;F570L	Silent;Missense	0.543006273
4564	EHMT2	P568P	Silent	-0.042753263
4565	EHMT2	C566R	Missense	0.1820217842464982
4566	EHMT2	L564P	Missense	-1.178990294
4567	EHMT2	F563P	Missense	-0.211390203
4568	EHMT2	F563P	Missense	-0.430296778
4569	EHMT2		No Mutation	-1.150825923
4570	EHMT2	(NC)	Intron	-0.084030196
4571	EHMT2		No Mutation	0.009600002
4572	EHMT2		No Mutation	0.2156923360123011
4573	EHMT2	(NC)	Intron	0.093651299
4574	EHMT2		No Mutation	0.061912776
4575	EHMT2		No Mutation	0.08089792
4576	EHMT2		No Mutation	0.0456959875206215
4577	EHMT2		No Mutation	0.1919647433391908
4578	EHMT2	F557P;C558R	Missense;Missense	0.2769592510611325
4579	EHMT2		No Mutation	-0.27266411
4580	EHMT2	F557P;C558R	Missense;Missense	-0.67682009
4581	EHMT2	C554R	Missense	-1.043768393
4582	EHMT2	H549R	Missense	-0.251772048
4583	EHMT2	K547G;H548R	Missense;Missense	-0.258641976
4584	EHMT2	K547G	Missense	-0.015898808
4585	EHMT2	C550R	Missense	-0.599460845
4586	EHMT2		No Mutation	-0.702019167
4587	EHMT2		No Mutation	-0.262063647
4588	EHMT2	V546A	Missense	0.123408468881617
4589	EHMT2	M545T;V546A	Missense;Missense	-0.665975777
4590	EHMT2	T540A	Missense	-0.052142975
4591	EHMT2	C538C	Silent	-0.240828208
4592	EHMT2	C538C	Silent	-1.166208411
4593	EHMT2	V536A	Missense	0.2551465492968695
4594	EHMT2	L534P;M535T	Missense;Missense	0.3930603930100489
4595	EHMT2	L534P	Missense	-0.292047568
4596	EHMT2	S530G	Missense	0.091759581
4597	EHMT2	R531R	Silent	-0.436893568
4598	EHMT2	R527G	Missense	-0.431610689
4599	EHMT2	M526T	Missense	-0.16209737
4600	EHMT2	K522G	Missense	0.5004963860750962
4601	EHMT2		No Mutation	0.074043316
4602	EHMT2		No Mutation	0.038204272
4603	EHMT2		No Mutation	-0.61729718
4604	EHMT2	N517S	Missense	-0.347158044
4605	EHMT2	L513P;S514P	Missense;Missense	-1.114943904
4606	EHMT2	(NC)	Intron	-0.01869209
4607	EHMT2		No Mutation	0.0515996577771281
4608	EHMT2		No Mutation	0.0103607169319503
4609	EHMT2		No Mutation	-0.468506956
4610	EHMT2		No Mutation	-0.056819203
4611	EHMT2		No Mutation	-0.118845127
4612	EHMT2	E512G	Missense	-0.00802446
4613	EHMT2	G511G	Silent	-0.159391128
4614	EHMT2	D510G;G511G	Missense;Silent	-0.469876638
4615	EHMT2		No Mutation	0.1453692984567586
4616	EHMT2	S508G	Missense	0.063502833
4617	EHMT2	S508G	Missense	0.063127655
4618	EHMT2		No Mutation	0.4664523318132817
4619	EHMT2	E507G;S508G	Missense;Missense	-0.805626408
4620	EHMT2	T506A	Missense	-0.622053999
4621	EHMT2	M504V	Missense	0.05058667
4622	EHMT2		No Mutation	-0.190824185
4623	EHMT2		No Mutation	-0.204566722
4624	EHMT2	I495V	Missense	-0.209558163
4625	EHMT2	I495V	Missense	0.3304744741884219
4626	EHMT2	I495V	Missense	0.1862382235270758
4627	EHMT2	D493G	Missense	0.7263873589406735
4628	EHMT2	D493G	Missense	-0.312541223
4629	EHMT2	I495T	Missense	-0.053234861
4630	EHMT2	I495T	Missense	-0.484772952
4631	EHMT2		No Mutation	0.2323319286147926
4632	EHMT2	M487T	Missense	-0.51695241
4633	EHMT2	M487T	Missense	-0.383238277
4634	EHMT2	M487T	Missense	-0.604265636
4635	EHMT2	S484G	Missense	-0.088303653
4636	EHMT2		No Mutation	-0.215362545
4637	EHMT2	T473A	Missense	0.4679833869165175
4638	EHMT2		No Mutation	-0.278960719
4639	EHMT2		No Mutation	0.0608373614015684
4640	EHMT2	L471P	Missense	0.2703131829230651
4641	EHMT2	N466G	Missense	0.6444633297900333
4642	EHMT2	N466N	Silent	-0.117726045
4643	EHMT2	N466N	Silent	0.159070332608389
4644	EHMT2	V464A;S465P	Missense;Missense	0.209353067231852
4645	EHMT2		No Mutation	0.4726996459070297
4646	EHMT2	(NC)	Intron	0.3141760290137735
4647	EHMT2		No Mutation	-0.37181081
4648	EHMT2	(NC);(NC)	Intron;Intron	-0.711424735
4649	EHMT2	(NC)	Intron	0.008008248
4650	EHMT2	(NC)	Intron	-0.350680802
4651	EHMT2	(NC);(NC)	Intron;Intron	-0.056036162
4652	EHMT2	(NC);(NC)	Intron;Intron	-0.314917099
4653	EHMT2	(NC);(NC);(NC)	Splice-donor;Intron;Intron	-0.28146915
4654	EHMT2	(NC);(NC)	Splice-donor;Intron	-0.508965715
4655	EHMT2	A462A	Silent	0.3325572810104429
4656	EHMT2	A462A	Silent	-0.156687264
4657	EHMT2		No Mutation	-0.173675943
4658	EHMT2	L457P;S458P	Missense;Missense	0.036236675548612
4659	EHMT2	L457P;S458P	Missense;Missense	-0.103783857
4660	EHMT2		No Mutation	0.9349728719494224
4661	EHMT2		No Mutation	-0.162721289
4662	EHMT2	E450G	Missense	-0.02616901
4663	EHMT2	E450G	Missense	-0.086726152
4664	EHMT2		No Mutation	-0.129897183
4665	EHMT2	L451P	Missense	0.0245257204905877
4666	EHMT2		No Mutation	-0.232692781
4667	EHMT2		No Mutation	0.1222627985151063
4668	EHMT2	Y441C;M442V	Missense;Missense	-0.092860294
4669	EHMT2	Y441C;M442V	Missense;Missense	-0.456845104
4670	EHMT2	Y441C;M442V	Missense;Missense	-0.119639275
4671	EHMT2	V444A	Missense	0.4225635904864722
4672	EHMT2	V444A	Missense	-0.04464619
4673	EHMT2		No Mutation	0.091938923
4674	EHMT2	S439G	Missense	0.2158337978530655
4675	EHMT2	Y441H	Missense	-0.118296924
4676	EHMT2	S436S	Silent	-0.095527775
4677	EHMT2	N431G	Missense	-0.066212063
4678	EHMT2	(NC)	Splice-acceptor	0.2194764127508547
4679	EHMT2	(NC)	Splice-acceptor	-0.271157084
4680	EHMT2		No Mutation	0.3777792202733678
4681	EHMT2		No Mutation	-0.278572877
4682	EHMT2	(NC)	Intron	-0.212219946
4683	EHMT2	(NC);(NC)	Intron;Intron	0.2011251709972805
4684	EHMT2	(NC)	Splice-donor	-0.299381346
4685	EHMT2	E426G	Missense	0.8529654261344615
4686	EHMT2	K425G	Missense	-0.141582151
4687	EHMT2		No Mutation	-0.08049593
4688	EHMT2		No Mutation	0.011413911122396
4689	EHMT2		No Mutation	0.5819671334901302
4690	EHMT2	E420G	Missense	-0.213204173
4691	EHMT2	K418G	Missense	-0.254934182
4692	EHMT2	K418G	Missense	0.041893832
4693	EHMT2		No Mutation	0.1245682556489702
4694	EHMT2	K415E	Missense	0.4758862623783036
4695	EHMT2	P408P	Silent	-0.032156222
4696	EHMT2	R404R;K405E	Silent;Missense	0.288127534094154
4697	EHMT2	R404R	Silent	-0.06296906
4698	EHMT2		No Mutation	0.2469964534463168
4699	EHMT2	K398G	Missense	-0.058999177
4700	EHMT2		No Mutation	-0.324423759
4701	EHMT2	S394G	Missense	-0.269074551
4702	EHMT2	S394S	Silent	-0.074354285
4703	EHMT2	S394S	Silent	0.1231371910123145
4704	EHMT2	(NC);S391G	Splice-acceptor;Missense	-0.681118939
4705	EHMT2	S393P	Missense	0.2922206450426872
4706	EHMT2	G392G;S393P	Silent;Missense	-0.491667822
4707	EHMT2	G392G;S393P	Silent;Missense	-0.472216413
4708	EHMT2	(NC)	Splice-acceptor	-1.509192629
4709	EHMT2	G392G;S393P	Silent;Missense	-0.031795489
4710	EHMT2	S391S	Silent	-0.326247389
4711	EHMT2		No Mutation	0.1563572489155069
4712	EHMT2		No Mutation	0.1184826069210462
4713	EHMT2	(NC)	Intron	0.109861276191278
4714	EHMT2	S388S;D389G	Silent;Missense	0.6596417819850512
4715	EHMT2	S384S;N386D	Silent;Missense	0.3210713028597791
4716	EHMT2	S384S	Silent	0.1277498509133151
4717	EHMT2	E379G;E380G	Missense;Missense	0.3364980332958401
4718	EHMT2	E379G;E380G	Missense;Missense	0.3119186564609124
4719	EHMT2	E376E;E377G	Silent;Missense	-0.26465535
4720	EHMT2	E374G	Missense	-0.850417485
4721	EHMT2	E370G	Missense	-0.423212669
4722	EHMT2	E367E;E368G	Silent;Missense	-0.599267993
4723	EHMT2	E366E;E367G	Silent;Missense	-0.698322192
4724	EHMT2	E365E;E366G	Silent;Missense	-0.265524334
4725	EHMT2	E364G	Missense	-0.331189393
4726	EHMT2	E359G	Missense	-0.042602089
4727	EHMT2	E357E;E358G	Silent;Missense	-1.107730598
4728	EHMT2	L355L;S356G	Silent;Missense	-0.279202958
4729	EHMT2	Q354Q;L355L;S356G	Silent;Silent;Missense	-0.199697492
4730	EHMT2	E353E;Q354R	Silent;Missense	0.3323987915216691
4731	EHMT2	E353G	Missense	0.227480155
4732	EHMT2	A350A	Silent	1.8271291688429447
4733	EHMT2	A350A	Silent	0.0832644
4734	EHMT2	V348A	Missense	0.4040732243957363
4735	EHMT2	K345G	Missense	0.6051861017867282
4736	EHMT2		No Mutation	0.3145522732147473
4737	EHMT2		No Mutation	0.071186401
4738	EHMT2		No Mutation	0.0562633371118918
4739	EHMT2		No Mutation	0.3537918619115177
4740	EHMT2	Y331C	Missense	0.321993048744476
4741	EHMT2		No Mutation	-0.42761954
4742	EHMT2	W319R	Missense	0.1411673866626155
4743	EHMT2	W319R	Missense	-0.006078107
4744	EHMT2	W319R	Missense	0.2359998108354529
4745	EHMT2		No Mutation	0.0265816932302736
4746	EHMT2		No Mutation	0.4739805157974388
4747	EHMT2	D312G	Missense	0.2632407327751239
4748	EHMT2	K310K	Silent	0.4209117074824782
4749	EHMT2		No Mutation	-0.10323273
4750	EHMT2		No Mutation	0.2724633243843228
4751	EHMT2	T309A	Missense	0.2216557923878448
4752	EHMT2	T309A	Missense	0.2266867497799983
4753	EHMT2	E305E;T307A	Silent;Missense	0.3739576253404268
4754	EHMT2	E305G	Missense	0.3055120103497923
4755	EHMT2	E305G	Missense	0.023275328
4756	EHMT2	V306A	Missense	0.2056259497466993
4757	EHMT2	V306A	Missense	-0.068986449
4758	EHMT2		No Mutation	0.4773131812911388
4759	EHMT2	E295G;E296G	Missense;Missense	0.3142524050852401
4760	EHMT2	(NC);(NC);(NC);(NC)	Intron;Intron;Intron;Intron	-0.104810461
4761	EHMT2		No Mutation	-0.080505843
4762	EHMT2		No Mutation	-0.24626938
4763	EHMT2	N288G	Missense	0.174917767148099
4764	EHMT2	K286G	Missense	0.4841322623583116
4765	EHMT2	R285G;K286G	Missense;Missense	-0.257113478
4766	EHMT2	L287P	Missense	0.4546785169151139
4767	EHMT2	R284G;R285G	Missense;Missense	0.062996554
4768	EHMT2	(NC);D280G	Splice-acceptor;Missense	-1.153423015
4769	EHMT2	(NC)	Splice-acceptor	0.028400924
4770	EHMT2	(NC);(NC)	Intron;Intron	0.3480744061314516
4771	EHMT2	(NC);(NC);(NC)	Intron;Intron;Intron	0.1040471135544196
4772	EHMT2		No Mutation	0.2775643659700423
4773	EHMT2	(NC)	Intron	0.2846904195957539
4774	EHMT2		No Mutation	0.089017891
4775	EHMT2	V277A	Missense	-0.267610116
4776	EHMT2		No Mutation	0.074996767
4777	EHMT2	D269G;D270G	Missense;Missense	0.007441373
4778	EHMT2	D269G	Missense	0.065198056
4779	EHMT2	D270D;V271A	Silent;Missense	0.2193754116156464
4780	EHMT2	F265P	Missense	0.04527066
4781	EHMT2	H264H;F265P	Silent;Missense	0.8609815240199736
4782	EHMT2	H264H;F265P	Silent;Missense	0.2279019008063619
4783	EHMT2	H264H;F265P	Silent;Missense	-0.288268084
4784	EHMT2	P260P	Silent	-0.157870745
4785	EHMT2	P260P	Silent	-0.130227372
4786	EHMT2		No Mutation	0.2984023803245941
4787	EHMT2		No Mutation	-0.143075822
4788	EHMT2		No Mutation	0.058721303
4789	EHMT2		No Mutation	0.2722548471396799
4790	EHMT2		No Mutation	0.6273693260907786
4791	EHMT2	P255P	Silent	-0.241360779
4792	EHMT2		No Mutation	-0.095592112
4793	EHMT2		No Mutation	0.1384109169591474
4794	EHMT2		No Mutation	0.002483826
4795	EHMT2	(NC)	Intron	-0.266004125
4796	EHMT2	(NC)	Intron	0.240539004344133
4797	EHMT2	G250G;Q251R	Silent;Missense	-0.005486817
4798	EHMT2	G250G	Silent	0.2412463487013407
4799	EHMT2	(NC)	Splice-donor	-0.39829875
4800	EHMT2	G248G;N249G	Silent;Missense	-0.376940143
4801	EHMT2	G248G;N249G	Silent;Missense	-0.139524638
4802	EHMT2		No Mutation	-0.153199628
4803	EHMT2	K246G	Missense	-0.068059041
4804	EHMT2	N249N	Silent	-0.063688135
4805	EHMT2	M244V	Missense	0.4159541291264573
4806	EHMT2	K242G;T243A	Missense;Missense	0.3439380704658795
4807	EHMT2		No Mutation	-0.308456026
4808	EHMT2		No Mutation	0.0131830689541037
4809	EHMT2	V237A	Missense	-0.063133977
4810	EHMT2		No Mutation	-0.109764007
4811	EHMT2	P231P	Silent	-0.067752701
4812	EHMT2		No Mutation	-0.099170912
4813	EHMT2		No Mutation	-0.345252539
4814	EHMT2		No Mutation	0.2581604314177983
4815	EHMT2	T228A	Missense	0.1188189967346382
4816	EHMT2		No Mutation	-0.093655544
4817	EHMT2	P226P;T228A	Silent;Missense	0.3297365857341007
4818	EHMT2		No Mutation	0.075410146
4819	EHMT2		No Mutation	-0.146895376
4820	EHMT2		No Mutation	0.0100389940973432
4821	EHMT2		No Mutation	-0.893200479
4822	EHMT2		No Mutation	-0.190903056
4823	EHMT2	Q215R;G216G	Missense;Silent	0.0131927657423605
4824	EHMT2	Q215R	Missense	-0.022959086
4825	EHMT2	A217A	Silent	-0.161604816
4826	EHMT2	S210G;M211V	Missense;Missense	-0.083833598
4827	EHMT2	S210G;M211V	Missense;Missense	0.2969789290342171
4828	EHMT2	R207G	Missense	0.0135536501539728
4829	EHMT2		No Mutation	-0.164901675
4830	EHMT2	Q202R	Missense	-0.19674271
4831	EHMT2	L204P	Missense	0.3665482895338436
4832	EHMT2	S203S;L204P	Silent;Missense	0.1829921102520867
4833	EHMT2	P199P	Silent	0.1204083180380129
4834	EHMT2		No Mutation	-0.770544405
4835	EHMT2	M189V	Missense	0.2931884286558205
4836	EHMT2	M189V	Missense	0.2792184594271171
4837	EHMT2	K188G;M189V	Missense;Missense	-0.494483544
4838	EHMT2	M191T	Missense	-0.294332406
4839	EHMT2	K188G	Missense	0.1190812956505789
4840	EHMT2	K188G	Missense	0.4878324287030181
4841	EHMT2	M189T;S190P	Missense;Missense	0.379954373
4842	EHMT2		No Mutation	-0.636292485
4843	EHMT2		No Mutation	0.030646329
4844	EHMT2		No Mutation	-0.413350127
4845	EHMT2	C183R	Missense	0.235290494746987
4846	EHMT2	S182P;C183R	Missense;Missense	-0.126521973
4847	EHMT2	G181G;S182P;C183R	Silent;Missense;Missense	0.1563185094434309
4848	EHMT2	G181G;S182P	Silent;Missense	-0.150601089
4849	EHMT2		No Mutation	-0.177506701
4850	EHMT2		No Mutation	-0.164276729
4851	EHMT2		No Mutation	-0.143937544
4852	EHMT2		No Mutation	-0.144500498
4853	EHMT2		No Mutation	0.2188986105687366
4854	EHMT2		No Mutation	-0.360808358
4855	EHMT2		No Mutation	0.1978862539358135
4856	EHMT2		No Mutation	0.1890927079826497
4857	EHMT2	S175P	Missense	0.084581011
4858	EHMT2	F173P	Missense	0.3260697833422898
4859	EHMT2	H168H	Silent	0.1962213312804161
4860	EHMT2	(NC);(NC);(NC);(NC)	Intron;Intron;Intron;Intron	0.27994953566097
4861	EHMT2	(NC)	Intron	0.0178363676806447
4862	EHMT2	(NC)	Intron	-0.456102449
4863	EHMT2	(NC);(NC)	Intron;Intron	0.004498443
4864	EHMT2	(NC);(NC)	Intron;Intron	-0.124174165
4865	EHMT2	(NC);(NC)	Intron;Intron	-0.164108886
4866	EHMT2	(NC)	Intron	-0.297169699
4867	EHMT2		No Mutation	-0.108456706
4868	EHMT2		No Mutation	0.070467825
4869	EHMT2	(NC)	Splice-donor	-0.622992249
4870	EHMT2	I164V	Missense	-0.059984065
4871	EHMT2	L165P	Missense	0.068918361
4872	EHMT2		No Mutation	0.004910481
4873	EHMT2		No Mutation	0.2532961348413086
4874	EHMT2	I164T	Missense	0.0282382450333393
4875	EHMT2	D158G	Missense	-0.725899898
4876	EHMT2	D156G	Missense	0.1722304826071483
4877	EHMT2	G155G;D156G	Silent;Missense	-0.167647786
4878	EHMT2	G155G;D156G	Silent;Missense	-0.239267007
4879	EHMT2	G155G;D156G	Silent;Missense	-0.021613999
4880	EHMT2	N152G	Missense	-0.134534093
4881	EHMT2	E151G;N152G	Missense;Missense	0.1497655898561832
4882	EHMT2	E151G;N152G	Missense;Missense	-0.302870192
4883	EHMT2	E149G	Missense	-0.413034973
4884	EHMT2	E149G	Missense	0.071102877
4885	EHMT2	S150P	Missense	0.1732819205621479
4886	EHMT2	T143A	Missense	0.1914945341941788
4887	EHMT2		No Mutation	0.4912221245654447
4888	EHMT2		No Mutation	-0.160835331
4889	EHMT2	L145P	Missense	0.1985942325076275
4890	EHMT2		No Mutation	-0.137496093
4891	EHMT2		No Mutation	-0.002986095
4892	EHMT2		No Mutation	0.048094733
4893	EHMT2		No Mutation	0.2459378797618154
4894	EHMT2		No Mutation	-0.228296801
4895	EHMT2	T130A	Missense	-0.034743581
4896	EHMT2	T130A	Missense	0.2600788987072392
4897	EHMT2	T130A	Missense	-0.214381447
4898	EHMT2	T130A	Missense	0.2819112345821952
4899	EHMT2	T130T;V131A	Silent;Missense	0.2360296588013937
4900	EHMT2		No Mutation	0.0106034216255229
4901	EHMT2	V129A	Missense	0.1257052732441539
4902	EHMT2	S126S;V127A	Silent;Missense	0.4793053365950642
4903	EHMT2	S126P;V127A	Missense;Missense	0.2460202055795725
4904	EHMT2	S126P	Missense	0.0101229645079306
4905	EHMT2	S123P	Missense	0.038269992
4906	EHMT2	S122P	Missense	-0.047267521
4907	EHMT2		No Mutation	-0.364595906
4908	EHMT2	P118P;A119A	Silent;Silent	0.021044413
4909	EHMT2	P118P	Silent	0.3051103615445101
4910	EHMT2	P118P	Silent	0.420179090619264
4911	EHMT2	P118P	Silent	-0.270551629
4912	EHMT2	D114G	Missense	-0.047524767
4913	EHMT2	L116P	Missense	-0.317210388
4914	EHMT2	S115P	Missense	0.1862647287612976
4915	EHMT2	S115P	Missense	0.0286454151971682
4916	EHMT2	T112A	Missense	-0.131654721
4917	EHMT2		No Mutation	0.037571398
4918	EHMT2		No Mutation	0.1856076291869556
4919	EHMT2	E105G	Missense	-0.594664557
4920	EHMT2	L108P	Missense	-0.087466085
4921	EHMT2		No Mutation	-0.144625718
4922	EHMT2		No Mutation	0.3499590842372784
4923	EHMT2	(NC)	Splice-acceptor	-0.291194693
4924	EHMT2	(NC)	Splice-acceptor	0.091995715
4925	EHMT2	S97P	Missense	0.046860402
4926	EHMT2	(NC);(NC)	Intron;Splice-acceptor	-0.656408891
4927	EHMT2	(NC);(NC)	Intron;Splice-acceptor	0.0361273578608283
4928	EHMT2		No Mutation	-0.039392735
4929	EHMT2	(NC)	Intron	-0.147123171
4930	EHMT2	(NC)	Intron	-0.015397123
4931	EHMT2		No Mutation	0.01594037
4932	EHMT2	(NC)	Intron	-0.777081726
4933	EHMT2		No Mutation	-0.150291765
4934	EHMT2	R88G	Missense	0.2820567353541631
4935	EHMT2	E84G	Missense	-0.259001436
4936	EHMT2		No Mutation	0.1309842078208493
4937	EHMT2	M78V	Missense	0.019232792
4938	EHMT2	L81P	Missense	0.2399783920948481
4939	EHMT2	L81P	Missense	0.2010247175882744
4940	EHMT2		No Mutation	-0.382826159
4941	EHMT2		No Mutation	0.031597424
4942	EHMT2		No Mutation	0.275157014431088
4943	EHMT2	E73G	Missense	0.069374083
4944	EHMT2	E73G	Missense	-0.102938876
4945	EHMT2	E73G	Missense	0.041064071
4946	EHMT2	A76A	Silent	-0.03415743
4947	EHMT2		No Mutation	0.1695629087272976
4948	EHMT2		No Mutation	0.2109377516679627
4949	EHMT2		No Mutation	0.1593461118205974
4950	EHMT2		No Mutation	-0.067416476
4951	EHMT2		No Mutation	0.2198383407224238
4952	EHMT2		No Mutation	-0.334349232
4953	EHMT2		No Mutation	0.7148764300010104
4954	EHMT2		No Mutation	-0.179578924
4955	EHMT2		No Mutation	-0.086107171
4956	EHMT2	S70P	Missense	-0.091931184
4957	EHMT2		No Mutation	-0.245317954
4958	EHMT2	L68P	Missense	-0.232805951
4959	EHMT2	C67C;L68P	Silent;Missense	-0.346020077
4960	EHMT2	P66P;C67R	Silent;Missense	-0.013134868
4961	EHMT2	L60P	Missense	0.0119861782338463
4962	EHMT2	L60P	Missense	0.1584986457011616
4963	EHMT2	L60P	Missense	-0.202645967
4964	EHMT2	T58T	Silent	-0.177611764
4965	EHMT2	T58T	Silent	-0.001840797
4966	EHMT2		No Mutation	0.4775089463856258
4967	EHMT2	L56P;S57P	Missense;Missense	0.2035076236368725
4968	EHMT2	T53A	Missense	0.3570080847494778
4969	EHMT2		No Mutation	0.3285338517703318
4970	EHMT2		No Mutation	-0.21184353
4971	EHMT2	W52R	Missense	0.1891348623485905
4972	EHMT2	S51P;W52R	Missense;Missense	-0.103050895
4973	EHMT2	R47G	Missense	0.2582968145688241
4974	EHMT2		No Mutation	0.2337807285196117
4975	EHMT2		No Mutation	-0.473673094
4976	EHMT2	L42L	Silent	-0.111880237
4977	EHMT2	S44S;L45P	Silent;Missense	0.0299956635815473
4978	EHMT2	L42L	Silent	0.114575484961515
4979	EHMT2	S44S;L45P	Silent;Missense	0.009202295
4980	EHMT2	S44P;L45P	Missense;Missense	0.088696232
4981	EHMT2	G37G	Silent	-0.150613592
4982	EHMT2	R34R;G35G	Silent;Silent	0.084424655
4983	EHMT2	G37G	Silent	-0.1293181
4984	EHMT2	G37G	Silent	-0.17843736
4985	EHMT2	H33R	Missense	-0.459341
4986	EHMT2		No Mutation	0.1329961487060751
4987	EHMT2	R29G	Missense	-0.085633972
4988	EHMT2		No Mutation	0.2203656700409956
4989	EHMT2		No Mutation	-0.159594382
4990	EHMT2	R25R	Silent	-0.424620149
4991	EHMT2	R25R	Silent	0.1498004122044124
4992	EHMT2	R25R	Silent	-0.001004729
4993	EHMT2	R25R	Silent	-0.080454695
4994	EHMT2	S24G	Missense	-0.084187138
4995	EHMT2		No Mutation	-0.125781591
4996	EHMT2	S24G	Missense	-0.359516797
4997	EHMT2	S24G	Missense	-0.036837867
4998	EHMT2		No Mutation	0.1890035809729557
4999	EHMT2		No Mutation	-0.165192599
5000	EHMT2		No Mutation	0.0146689412931682
5001	EHMT2		No Mutation	-0.418834895
5002	EHMT2		No Mutation	0.060528665
5003	EHMT2		No Mutation	-0.406511725
5004	EHMT2		No Mutation	0.2259362372916226
5005	EHMT2	R18R	Silent	0.1970462130057697
5006	EHMT2	R18R	Silent	0.304530699
5007	EHMT2		No Mutation	0.0272815761384928
5008	EHMT2	M11V	Missense	-0.027824482
5009	EHMT2	M11V	Missense	-0.161390859
5010	EHMT2	M11V	Missense	0.4537200410322818
5011	EHMT2		No Mutation	0.5114386141828728
5012	EHMT2		No Mutation	0.085632196
5013	EHMT2		No Mutation	-0.327502861
5014	EHMT2		No Mutation	0.067161482
5015	EHMT2	L10P;M11T	Missense;Missense	0.0236604485186076
5016	EHMT2	R6R;R8G	Silent;Missense	0.1829138524474388
5017	EHMT2	R6R	Silent	0.064563534
5018	EHMT2	L4L	Silent	-0.323219063
5019	EHMT2		No Mutation	0.8083849244158968
5020	EHMT2		No Mutation	-0.1606097
5021	EHMT2		No Mutation	-0.024630298
5022	EHMT2		No Mutation	0.1993627774358902
5023	EHMT2	M1V	Missense	-0.064916071
5024	EHMT2	L4P	Missense	-0.323050457
5025	EHMT2	G3G;L4P	Silent;Missense	-0.146464715
5026	EHMT2	G3G;L4P	Silent;Missense	0.26419568
5027	EHMT2		No Mutation	-0.052232423
5028	EHMT2		No Mutation	0.0527552476450223
5029	EHMT2		No Mutation	-0.243636038
5030	EHMT2		No Mutation	-0.602867988
5031	EHMT2		No Mutation	-0.316571127
5032	EHMT2		No Mutation	-0.260413488
5033	SUV39H1	(NC);(NC)	UTR;UTR	-0.12141231
5034	SUV39H1	(NC);(NC)	UTR;UTR	0.4275566766340273
5035	SUV39H1	(NC)	UTR	0.17274898658881
5036	SUV39H1	(NC)	UTR	0.3720010665607095
5037	SUV39H1	S5S	Silent	0.1915518561331971
5038	SUV39H1	R8G	Missense	-0.242797054
5039	SUV39H1	L12P	Missense	0.089874232
5040	SUV39H1		No Mutation	0.1220366572887959
5041	SUV39H1	D14G	Missense	0.7863099568726403
5042	SUV39H1	P15P	Silent	0.1588248328179919
5043	SUV39H1	P15P;T17A	Silent;Missense	0.1166724057720907
5044	SUV39H1	(NC);(NC)	Intron;Intron	0.4719223729219134
5045	SUV39H1	(NC)	Intron	-0.254415411
5046	SUV39H1		No Mutation	0.042298061
5047	SUV39H1	C19R	Missense	0.082150681
5048	SUV39H1	C19R	Missense	0.055528442
5049	SUV39H1	C19R	Missense	-0.146367928
5050	SUV39H1	C22R;C23R	Missense;Missense	0.3769644898901895
5051	SUV39H1		No Mutation	0.2894255705593933
5052	SUV39H1		No Mutation	-0.014159223
5053	SUV39H1	Q31R	Missense	0.4132324256133236
5054	SUV39H1		No Mutation	-0.873606561
5055	SUV39H1	S40P;C41R	Missense;Missense	0.3462281207843435
5056	SUV39H1	C41R	Missense	-0.17683627
5057	SUV39H1		No Mutation	0.011412668
5058	SUV39H1	P42P	Silent	-0.11258893
5059	SUV39H1	G45G;I46T	Silent;Missense	-0.333117066
5060	SUV39H1		No Mutation	0.052099683
5061	SUV39H1	S47P	Missense	0.2432088679956253
5062	SUV39H1	S47P	Missense	-0.162411064
5063	SUV39H1		No Mutation	-0.150173746
5064	SUV39H1		No Mutation	0.3412389589034589
5065	SUV39H1	V56A	Missense	1.1611425518221508
5066	SUV39H1		No Mutation	0.3190759612948403
5067	SUV39H1	K64G;I65V	Missense;Missense	0.6368892491440097
5068	SUV39H1	K64G;I65V	Missense;Missense	-0.014576036
5069	SUV39H1	K64R;I65V	Missense;Missense	-0.242879803
5070	SUV39H1	(NC)	Intron	-0.304806289
5071	SUV39H1		No Mutation	-0.048858875
5072	SUV39H1		No Mutation	-0.191037464
5073	SUV39H1	(NC)	Intron	-0.225402889
5074	SUV39H1		No Mutation	-0.036669189
5075	SUV39H1		No Mutation	0.2449054516822023
5076	SUV39H1		No Mutation	-0.114537646
5077	SUV39H1	(NC)	Intron	0.070815858
5078	SUV39H1		No Mutation	-0.015147908
5079	SUV39H1		No Mutation	-0.322794554
5080	SUV39H1		No Mutation	0.082058028
5081	SUV39H1		No Mutation	0.2728874445318505
5082	SUV39H1	Y70H	Missense	-0.190219422
5083	SUV39H1	Y70H	Missense	0.2599394750553757
5084	SUV39H1	Y70H	Missense	0.4224663356770607
5085	SUV39H1	E67G	Missense	-0.350222336
5086	SUV39H1	Y70H;Y71H	Missense;Missense	0.067614379
5087	SUV39H1	E69G;Y70C	Missense;Missense	-0.452468581
5088	SUV39H1	Y71C	Missense	-0.33203811
5089	SUV39H1	R76R;Y78H	Silent;Missense	-0.157129007
5090	SUV39H1	P79P;D80G	Silent;Missense	-0.275392343
5091	SUV39H1	P79P;D80G	Silent;Missense	1.022746005556757
5092	SUV39H1	W85R	Missense	-0.061795527
5093	SUV39H1	E82G;S83G	Missense;Missense	-0.16742487
5094	SUV39H1	N90N	Silent	-0.041636954
5095	SUV39H1	C93R	Missense	0.591487548
5096	SUV39H1	K98E	Missense	-0.03254199
5097	SUV39H1		No Mutation	0.053430965
5098	SUV39H1	H101R	Missense	-0.347864384
5099	SUV39H1	H101R;K102E	Missense;Missense	0.014043488272978
5100	SUV39H1		No Mutation	-0.423236507
5101	SUV39H1	L104L;E105G	Silent;Missense	-0.096436428
5102	SUV39H1	E105G;R106G	Missense;Missense	0.2890457468300118
5103	SUV39H1		No Mutation	-0.120287968
5104	SUV39H1	S115P	Missense	0.1016047073283028
5105	SUV39H1	H113R	Missense	-0.065334765
5106	SUV39H1		No Mutation	0.030036268
5107	SUV39H1	S115S;K116G;T117A	Silent;Missense;Missense	-0.069973184
5108	SUV39H1		No Mutation	0.1514123107303917
5109	SUV39H1		No Mutation	0.09157378
5110	SUV39H1	H120R	Missense	0.2895595399053469
5111	SUV39H1		No Mutation	-0.163736459
5112	SUV39H1		No Mutation	-0.145102364
5113	SUV39H1		No Mutation	0.2820662007807453
5114	SUV39H1	L125L	Silent	-0.260340305
5115	SUV39H1		No Mutation	-0.003853341
5116	SUV39H1	P123P;S124G	Silent;Missense	0.6724947225318665
5117	SUV39H1	Y128H	Missense	0.3447077051318679
5118	SUV39H1	Y128H;L129P	Missense;Missense	0.045631626
5119	SUV39H1	N127G	Missense	0.4595241866454728
5120	SUV39H1		No Mutation	0.1414556988796436
5121	SUV39H1	Q131R	Missense	0.027063795
5122	SUV39H1		No Mutation	0.0248693755462743
5123	SUV39H1	Q131R;K132G	Missense;Missense	-0.111288464
5124	SUV39H1	K132G	Missense	-0.461912858
5125	SUV39H1	L139P	Missense	0.056578648
5126	SUV39H1		No Mutation	0.1635005864531985
5127	SUV39H1		No Mutation	-0.055568813
5128	SUV39H1		No Mutation	0.2177352851489454
5129	SUV39H1		No Mutation	-0.251887349
5130	SUV39H1	K149E	Missense	0.0199699775988142
5131	SUV39H1	K149G	Missense	0.9906454877793812
5132	SUV39H1	L153P	Missense	0.2418290709418374
5133	SUV39H1	T157T	Silent	-0.225430699
5134	SUV39H1	I156V;T157A	Missense;Missense	-0.183238658
5135	SUV39H1	T157A	Missense	-0.053277239
5136	SUV39H1	V158V;E159G;N160D	Silent;Missense;Missense	-0.172156581
5137	SUV39H1	N160G;E161G	Missense;Missense	-0.229935967
5138	SUV39H1	D163G	Missense	0.3093014240783118
5139	SUV39H1		No Mutation	-0.571951573
5140	SUV39H1		No Mutation	-0.051075081
5141	SUV39H1	V172A;Y173H	Missense;Missense	0.3416419928308192
5142	SUV39H1	V172A;Y173H	Missense;Missense	0.058433937
5143	SUV39H1	Y173H;I174T	Missense;Missense	-0.134185665
5144	SUV39H1	N175N	Silent	0.6025828767272815
5145	SUV39H1	I174V;N175G	Missense;Missense	-0.166584811
5146	SUV39H1	E176G	Missense	0.2131832330072305
5147	SUV39H1	E176G;Y177C	Missense;Missense	0.219053947425025
5148	SUV39H1	I183T	Missense	0.3445649632025935
5149	SUV39H1	I183V	Missense	0.1878521352723028
5150	SUV39H1	I183V;T184A	Missense;Missense	-0.050674306
5151	SUV39H1	N186D	Missense	0.1796458125069085
5152	SUV39H1	N186G	Missense	-0.078846965
5153	SUV39H1	A189A;V190A	Silent;Missense	-0.430154203
5154	SUV39H1	A189A;V190A	Silent;Missense	-0.025133725
5155	SUV39H1	C192R	Missense	0.1035326172563632
5156	SUV39H1		No Mutation	0.2925453326849974
5157	SUV39H1	E193G	Missense	-0.034083373
5158	SUV39H1		No Mutation	0.2069677604881585
5159	SUV39H1		No Mutation	-0.04481745
5160	SUV39H1		No Mutation	-0.242404033
5161	SUV39H1		No Mutation	0.069862404
5162	SUV39H1	T202A	Missense	0.038298937
5163	SUV39H1	T202A	Missense	0.2662165327480762
5164	SUV39H1	G203G	Silent	-0.272126613
5165	SUV39H1	G203G	Silent	-0.073701747
5166	SUV39H1	C206R	Missense	-0.053875143
5167	SUV39H1		No Mutation	-0.310313261
5168	SUV39H1		No Mutation	0.0351997459180457
5169	SUV39H1		No Mutation	0.1935766401140098
5170	SUV39H1		No Mutation	0.3228882590496669
5171	SUV39H1		No Mutation	0.5676873423714055
5172	SUV39H1	Y216C;N217D	Missense;Missense	0.071946351
5173	SUV39H1	N217S;D218G	Missense;Missense	-0.354097963
5174	SUV39H1		No Mutation	0.075802119
5175	SUV39H1	L224P	Missense	-0.040082619
5176	SUV39H1	Q221R	Missense	0.8001909210164332
5177	SUV39H1	Q221R	Missense	0.1631492592941781
5178	SUV39H1		No Mutation	0.0191327092216643
5179	SUV39H1		No Mutation	-0.078732688
5180	SUV39H1	S235P	Missense	0.4679257699912018
5181	SUV39H1	S235P	Missense	-0.158632335
5182	SUV39H1	N234G	Missense	0.047255439
5183	SUV39H1	Y241H	Missense	-0.166029746
5184	SUV39H1	Y241H	Missense	-0.2757182
5185	SUV39H1	C243R	Missense	-0.365972389
5186	SUV39H1	D242G	Missense	0.084631026
5187	SUV39H1	P244P;N245G	Silent;Missense	0.175134199
5188	SUV39H1	N245G	Missense	0.3221271875195657
5189	SUV39H1		No Mutation	-0.151281804
5190	SUV39H1		No Mutation	-0.165248983
5191	SUV39H1	I258T;F259L	Missense;Missense	0.5527484440915168
5192	SUV39H1		No Mutation	0.2351387723001669
5193	SUV39H1		No Mutation	-0.136526078
5194	SUV39H1	I258V	Missense	0.2200793626191328
5195	SUV39H1		No Mutation	-0.014332239
5196	SUV39H1	T261A	Missense	-0.359263361
5197	SUV39H1	D262G	Missense	0.2886726434926976
5198	SUV39H1	D262G	Missense	-0.274110311
5199	SUV39H1	R265R	Silent	0.2226821035409655
5200	SUV39H1	D262G;D263G	Missense;Missense	-0.06620114
5201	SUV39H1		No Mutation	0.054957233
5202	SUV39H1	I275T	Missense	0.091418755
5203	SUV39H1		No Mutation	-0.064541569
5204	SUV39H1		No Mutation	0.1694503162658374
5205	SUV39H1	K277G;N278D	Missense;Missense	-0.495263059
5206	SUV39H1		No Mutation	-0.244851409
5207	SUV39H1		No Mutation	-0.135789753
5208	SUV39H1	M282V	Missense	-0.319213174
5209	SUV39H1	E283G;Y284C	Missense;Missense	-0.403942785
5210	SUV39H1	E283G;Y284C	Missense;Missense	0.054351265
5211	SUV39H1	G286G	Silent	-0.655731944
5212	SUV39H1	G286G	Silent	0.2677048513071297
5213	SUV39H1	(NC)	Intron	-0.582549789
5214	SUV39H1	(NC);(NC);(NC)	Intron;Intron;Intron	0.07790545
5215	SUV39H1	(NC);(NC);(NC)	Intron;Intron;Intron	0.3668158933828676
5216	SUV39H1	(NC);(NC);(NC)	Intron;Intron;Intron	-0.53086907
5217	SUV39H1	(NC)	Intron	-0.627556947
5218	SUV39H1	(NC);I288T	Intron;Missense	-0.065468611
5219	SUV39H1	I289T	Missense	-0.429263238
5220	SUV39H1	I289T	Missense	0.065498255
5221	SUV39H1	(NC);I288V	Splice-acceptor;Missense	-0.052995081
5222	SUV39H1	I288V;I289V	Missense;Missense	-0.166016962
5223	SUV39H1	S291P	Missense	-0.192106309
5224	SUV39H1		No Mutation	-0.515051456
5225	SUV39H1	S291S	Silent	-0.342479459
5226	SUV39H1	S291S;E292G	Silent;Missense	-0.133748946
5227	SUV39H1	S291S;E292G	Silent;Missense	-0.102226931
5228	SUV39H1	E292G;E293G	Missense;Missense	-0.172194956
5229	SUV39H1		No Mutation	-0.07703512
5230	SUV39H1	Q299R;I300V	Missense;Missense	-0.223674629
5231	SUV39H1	Q299R;I300V	Missense;Missense	-0.03541827
5232	SUV39H1	R303R	Silent	0.2024031296698979
5233	SUV39H1	Y308H	Missense	-0.238423263
5234	SUV39H1	T307A	Missense	-0.068058364
5235	SUV39H1	L312P	Missense	-0.448160054
5236	SUV39H1	L312P	Missense	-0.61834138
5237	SUV39H1		No Mutation	-0.015356737
5238	SUV39H1	D311G	Missense	0.1865715827624049
5239	SUV39H1	Y314H	Missense	-0.027435363
5240	SUV39H1		No Mutation	-0.103340466
5241	SUV39H1	E316G	Missense	0.2403763101610286
5242	SUV39H1	D322G	Missense	-0.636103813
5243	SUV39H1	Y326H	Missense	-0.100439652
5244	SUV39H1	I329T	Missense	-0.327207313
5245	SUV39H1	I329T;S330P	Missense;Missense	-0.383280356
5246	SUV39H1		No Mutation	-0.522701913
5247	SUV39H1		No Mutation	-0.097432765
5248	SUV39H1	S336S	Silent	-0.188813705
5249	SUV39H1	S336S	Silent	0.8279902067256723
5250	SUV39H1	H335R;S336G	Missense;Missense	0.2043037382196765
5251	SUV39H1		No Mutation	0.1056464198038347
5252	SUV39H1		No Mutation	0.290645524248009
5253	SUV39H1		No Mutation	0.2112186672026428
5254	SUV39H1	(NC)	Intron	-0.205503587
5255	SUV39H1	(NC)	Intron	0.1443515340465007
5256	SUV39H1		No Mutation	0.1916460233007071
5257	SUV39H1		No Mutation	0.008900825
5258	SUV39H1	L341P	Missense	-0.75615389
5259	SUV39H1	L341P	Missense	-0.501352079
5260	SUV39H1	Y344H	Missense	0.0240670956796571
5261	SUV39H1	Y344H	Missense	0.085412966
5262	SUV39H1		No Mutation	0.027822871
5263	SUV39H1	V346A;F347L	Missense;Missense	0.5140769348781962
5264	SUV39H1	I348M;D349G	Missense;Missense	-0.687240869
5265	SUV39H1		No Mutation	-0.544901368
5266	SUV39H1	F361P	Missense	-0.408185266
5267	SUV39H1	F361S	Missense	0.5186586981812473
5268	SUV39H1	F361F	Silent	0.2407770368224045
5269	SUV39H1		No Mutation	0.7813731679848298
5270	SUV39H1	T363A	Missense	0.5266681785789684
5271	SUV39H1	T363A;R364G	Missense;Missense	0.239976778
5272	SUV39H1		No Mutation	-0.028160863
5273	SUV39H1	R364R;T365A;I366V	Silent;Missense;Missense	0.034979492
5274	SUV39H1		No Mutation	0.1782272581217838
5275	SUV39H1	L372P	Missense	0.040212529
5276	SUV39H1	D375G	Missense	-0.202569581
5277	SUV39H1	D375G;Y376C	Missense;Missense	-0.616300037
5278	SUV39H1	D375G;Y376C	Missense;Missense	-0.226622061
5279	SUV39H1	M378T	Missense	0.077462269
5280	SUV39H1	Y376C;N377D	Missense;Missense	-0.690170596
5281	SUV39H1	Y376C;N377G	Missense;Missense	0.1318589665868561
5282	SUV39H1	N377G;M378V	Missense;Missense	0.0104627834250956
5283	SUV39H1	Q379R	Missense	-0.32944456
5284	SUV39H1	Q379R	Missense	-0.257756754
5285	SUV39H1		No Mutation	0.1704389224394067
5286	SUV39H1		No Mutation	-0.039715166
5287	SUV39H1		No Mutation	-0.037958255
5288	SUV39H1		No Mutation	0.044753523
5289	SUV39H1		No Mutation	0.8462630594805136
5290	SUV39H1	(NC)	Intron	-0.187242312
5291	SUV39H1		No Mutation	0.2521221018104229
5292	SUV39H1	V380A	Missense	-0.49474143
5293	SUV39H1	(NC)	Intron	-0.041528969
5294	SUV39H1	(NC)	Splice-acceptor	-0.431379579
5295	SUV39H1	V383A	Missense	0.3755999831928707
5296	SUV39H1		No Mutation	-0.081902834
5297	SUV39H1		No Mutation	0.0356705401271195
5298	SUV39H1		No Mutation	0.007488337
5299	SUV39H1	M385V	Missense	0.2262166066080856
5300	SUV39H1	M390V	Missense	0.3141053680552487
5301	SUV39H1	F394P	Missense	0.6540255394492516
5302	SUV39H1	D391G	Missense	0.081205949
5303	SUV39H1	F394P	Missense	0.3662407199831745
5304	SUV39H1	N393G	Missense	-0.284654418
5305	SUV39H1	N393G	Missense	-0.146792771
5306	SUV39H1	A397A	Silent	0.5142022623315669
5307	SUV39H1		No Mutation	0.4669001757719044
5308	SUV39H1	P400P;S402P	Silent;Missense	0.3613686209313058
5309	SUV39H1		No Mutation	0.1204442023904923
5310	SUV39H1		No Mutation	0.5349812657839843
5311	SUV39H1		No Mutation	0.4263934493310652
5312	SUV39H1		No Mutation	-0.040453449
5313	SUV39H1	V407A;R408R	Missense;Silent	0.2075702881976806
5314	SUV39H1	R408R	Silent	-0.301489627
5315	SUV39H1	R408R;I409T	Silent;Missense	-0.015255244
5316	SUV39H1	I409V	Missense	-0.215128346
5317	SUV39H1	I409V	Missense	0.3575408121021849
5318	SUV39H1	C413R	Missense	-0.142502789
5319	SUV39H1	L422P;F423P	Missense;Missense	-0.290084085
5320	SUV39H1	*424Q	Missense	-0.215961486
5321	SUV39H1		No Mutation	0.212413263
5322	SUV39H1	*424W	Missense	-0.069825691
5323	SUV39H1		No Mutation	-0.196672431
5324	SUV39H1		No Mutation	0.6763660298507553
5325	SUV39H2	(NC);(NC)	UTR;UTR	0.5656026317248198
5326	SUV39H2	(NC);(NC);(NC)	UTR;UTR;UTR	-0.061930473
5327	SUV39H2	(NC);(NC);(NC)	UTR;UTR;UTR	-0.199984777
5328	SUV39H2		No Mutation	-0.151301839
5329	SUV39H2	(NC);(NC);(NC)	UTR;UTR;UTR	-0.097464008
5330	SUV39H2	(NC);(NC);(NC)	UTR;UTR;UTR	-0.186580806
5331	SUV39H2	(NC);(NC);M1V	UTR;UTR;Missense	-0.238549595
5332	SUV39H2		No Mutation	-0.280255964
5333	SUV39H2		No Mutation	-0.220223616
5334	SUV39H2		No Mutation	-0.187224023
5335	SUV39H2	E7G	Missense	-0.297313272
5336	SUV39H2		No Mutation	-0.448636273
5337	SUV39H2	(NC)	Splice-donor	0.2888715944396409
5338	SUV39H2	G10G	Silent	-0.175365377
5339	SUV39H2	L20P	Missense	0.114459217687019
5340	SUV39H2	S19S	Silent	0.2897923697787873
5341	SUV39H2	D21D;T22T	Silent;Silent	0.1115035881839712
5342	SUV39H2	T33A	Missense	0.4030964963174778
5343	SUV39H2	I37V	Missense	-0.808734546
5344	SUV39H2	N46N	Silent	-0.232502137
5345	SUV39H2	N43G	Missense	0.5819516678021207
5346	SUV39H2	L44L;N45D	Silent;Missense	0.4936774725537167
5347	SUV39H2	E50E;Y51C	Silent;Missense	0.243521789963193
5348	SUV39H2	D54G	Missense	0.040948989
5349	SUV39H2	Y55C;K56G	Missense;Missense	-0.300629738
5350	SUV39H2	E62G;Y63C	Missense;Missense	-0.978922593
5351	SUV39H2	Y64C	Missense	-1.052780878
5352	SUV39H2	V66V	Silent	0.1575832082126604
5353	SUV39H2	P72P;D73G	Silent;Missense	0.06492704
5354	SUV39H2	P72P;D73G	Silent;Missense	0.4252553306883946
5355	SUV39H2	T77T;W78R	Silent;Missense	0.105597738648266
5356	SUV39H2	F93L	Missense	-0.302890148
5357	SUV39H2	F93P	Missense	-0.668326772
5358	SUV39H2	H98R;N99D	Missense;Missense	0.2339188420412516
5359	SUV39H2	L101L	Silent	0.1117649247550574
5360	SUV39H2	Y126H;I127T	Missense;Missense	1.102369558
5361	SUV39H2	I127T;V128A	Missense;Missense	0.115839260043308
5362	SUV39H2	E125G	Missense	-0.227932581
5363	SUV39H2	K129G	Missense	-0.331612168
5364	SUV39H2	I135V	Missense	0.1132853012378859
5365	SUV39H2	R146G;R147G	Missense;Missense	-0.418526942
5366	SUV39H2	E157E;N158G;T159A	Silent;Missense;Missense	-1.280049378
5367	SUV39H2	N158G;T159A	Missense;Missense	0.097144263
5368	SUV39H2	Y170H;Y171H	Missense;Missense	0.7413624534185003
5369	SUV39H2	Y170H;Y171H	Missense;Missense	-0.043175836
5370	SUV39H2	Y171H;I172T	Missense;Missense	0.3644949445032017
5371	SUV39H2	E174G;Y175C	Missense;Missense	-0.078224645
5372	SUV39H2	L183P	Missense	-0.390102319
5373	SUV39H2	V184A	Missense	0.1400095678456042
5374	SUV39H2	N185G	Missense	0.2020717153032293
5375	SUV39H2		No Mutation	-0.021570797
5376	SUV39H2		No Mutation	0.2608462365911053
5377	SUV39H2	E205G	Missense	-0.037335656
5378	SUV39H2	V208A;L209P	Missense;Missense	0.060109618
5379	SUV39H2	Q217R;I218V	Missense;Missense	-0.554569456
5380	SUV39H2	I226T;Y227H	Missense;Missense	-0.108431458
5381	SUV39H2	I226T;Y227H	Missense;Missense	-0.01781581
5382	SUV39H2	Y227H	Missense	0.6782513967648984
5383	SUV39H2	Y227C	Missense	-0.252978269
5384	SUV39H2	S231P	Missense	0.2462901967674126
5385	SUV39H2	S231P	Missense	0.035745524
5386	SUV39H2	N230G	Missense	-0.203699934
5387	SUV39H2		No Mutation	0.2011894191722646
5388	SUV39H2	I243T	Missense	0.2095754640546858
5389	SUV39H2	N241G;R242G	Missense;Missense	0.5955247823225003
5390	SUV39H2	I254V	Missense	-0.950426175
5391	SUV39H2	R256R;T257A	Silent;Missense	0.1603007342942899
5392	SUV39H2	S258G	Missense	0.5243947396332591
5393	SUV39H2	S258G;N259D	Missense;Missense	0.0116420434796388
5394	SUV39H2	S258G;N259G	Missense;Missense	-0.205217399
5395	SUV39H2	M278V	Missense	-0.119067508
5396	SUV39H2	E288G;E289G	Missense;Missense	-0.009194611
5397	SUV39H2	G294G;Q295R	Silent;Missense	0.3124728291355991
5398	SUV39H2	Q295R	Missense	0.1270259460457239
5399	SUV39H2	T303A	Missense	-0.03738177
5400	SUV39H2		No Mutation	-0.141136878
5401	SUV39H2	E314G	Missense	0.2300997231138006
5402	SUV39H2	D318G	Missense	-0.514872237
5403	SUV39H2		No Mutation	0.2534597765788756
5404	SUV39H2		No Mutation	-0.025692541
5405	SUV39H2	F340P	Missense	-0.21091176
5406	SUV39H2	F340P	Missense	0.316221466
5407	SUV39H2	L351L	Silent	-0.108977692
5408	SUV39H2	F357P;S358P	Missense;Missense	-0.871373347
5409	SUV39H2	F357S;S358P	Missense;Missense	0.8515729568361663
5410	SUV39H2	F357F;S358P	Silent;Missense	0.7785591539267704
5411	SUV39H2	T359A;R360G	Missense;Missense	1.0907899948070336
5412	SUV39H2	N363N;A364A	Silent;Silent	-0.129906367
5413	SUV39H2		No Mutation	-0.380606284
5414	SUV39H2	H387R;S388G	Missense;Missense	-0.2119292
5415	SUV39H2	S388G	Missense	0.042523415
5416	SUV39H2	R395G;T396A	Missense;Missense	-0.667545257
5417	SUV39H2	G401G	Silent	0.5084545122737982
5418	SUV39H2	(NC);(NC)	UTR;UTR	-0.181507209
5419	PTPN2	(NC);(NC);(NC);(NC)	UTR;UTR;UTR;UTR	0.09752558
5420	PTPN2	(NC);(NC);(NC);(NC)	UTR;UTR;UTR;UTR	-0.352729072
5421	PTPN2	M395V	Missense	0.0106113941285403
5422	PTPN2	M392T	Missense	-0.259833609
5423	PTPN2	I388V	Missense	0.5677800934995376
5424	PTPN2	I388V	Missense	0.35762399
5425	PTPN2	Q386Q;I388V	Silent;Missense	0.1222048499259207
5426	PTPN2	R379R;K380G	Silent;Missense	0.4914793604977913
5427	PTPN2	E376G;R377R	Missense;Silent	-0.45426848
5428	PTPN2	N375S;E376G	Missense;Missense	0.2991013204364412
5429	PTPN2	Q366R	Missense	-0.453157385
5430	PTPN2	V365A	Missense	0.4762613113006279
5431	PTPN2	V365A	Missense	0.0548929405244027
5432	PTPN2	T360A	Missense	-0.424819093
5433	PTPN2	I353V	Missense	0.216781877
5434	PTPN2	L349L;K351E	Silent;Missense	-0.445590146
5435	PTPN2		No Mutation	0.7117660044714549
5436	PTPN2		No Mutation	-0.113847578
5437	PTPN2	(NC);(NC)	Intron;Intron	-0.473533121
5438	PTPN2	E342G	Missense	-0.563498113
5439	PTPN2	K336K;M337V	Silent;Missense	-0.521569665
5440	PTPN2	K336G;M337V	Missense;Missense	0.074148883
5441	PTPN2	L333L;S334P;S335P	Silent;Missense;Missense	0.1233095799909311
5442	PTPN2	T326A	Missense	0.026317599
5443	PTPN2	E321G;E322G	Missense;Missense	0.2962069000513747
5444	PTPN2	Y313C;N314G	Missense;Missense	-0.229353332
5445	PTPN2	T310A	Missense	-0.596029896
5446	PTPN2	M309V;T310A	Missense;Missense	0.5801213243049719
5447	PTPN2		No Mutation	-0.419187099
5448	PTPN2	S304P	Missense	0.1295550802643201
5449	PTPN2	R288R;K290E	Silent;Missense	-0.040769041
5450	PTPN2		No Mutation	0.051543743
5451	PTPN2	W289R	Missense	0.1450472348437316
5452	PTPN2	W289R	Missense	-0.020316694
5453	PTPN2		No Mutation	-0.067077058
5454	PTPN2	I285M;Q286R	Missense;Missense	-0.479745397
5455	PTPN2	G281G	Silent	-0.177409095
5456	PTPN2	G275G	Silent	0.2264413620703599
5457	PTPN2	E274E;G275G	Silent;Silent	-0.046140131
5458	PTPN2	Y269C;M270V	Missense;Missense	-0.001062798
5459	PTPN2	Q264Q;R266G	Silent;Missense	0.2030060286276194
5460	PTPN2	F267P;S268P	Missense;Missense	0.2469559776866884
5461	PTPN2	F267P;S268P	Missense;Missense	0.4240943821364327
5462	PTPN2	F267P	Missense	0.2538854475868486
5463	PTPN2	I259I	Silent	0.1537407574864051
5464	PTPN2	M251V;R252G	Missense;Missense	-0.128799343
5465	PTPN2	M251V;R252G	Missense;Missense	0.22491814608666
5466	PTPN2		No Mutation	-0.387526847
5467	PTPN2	V229V;D230G;T231A	Silent;Missense;Missense	-0.207896653
5468	PTPN2	T231T	Silent	-0.051118001
5469	PTPN2		No Mutation	-0.305363071
5470	PTPN2	A218A	Silent	-0.361060958
5471	PTPN2	I220T	Missense	0.1009437400495925
5472	PTPN2	H215R	Missense	0.3618811142274283
5473	PTPN2	H215R	Missense	0.601575953
5474	PTPN2	I214V	Missense	0.2662914974900849
5475	PTPN2	C216R	Missense	0.3066565189582449
5476	PTPN2	I214T	Missense	-0.039654422
5477	PTPN2	V213A	Missense	0.3636750325391145
5478	PTPN2	P211P	Silent	0.101374655
5479	PTPN2		No Mutation	-0.053831186
5480	PTPN2	H209H	Silent	0.1321873932171087
5481	PTPN2		No Mutation	-0.13040134
5482	PTPN2		No Mutation	-0.185778128
5483	PTPN2	K198G	Missense	0.2569507612872647
5484	PTPN2	N194N;F195P	Silent;Missense	0.2302980981565214
5485	PTPN2	S191P;F192P	Missense;Missense	0.1626555504205731
5486	PTPN2	A190A;S191P;F192L	Silent;Missense;Missense	-0.341464872
5487	PTPN2	P186P	Silent	-0.096126811
5488	PTPN2	V185A	Missense	-0.15232774
5489	PTPN2	T178A;T179A	Missense;Missense	-0.018551062
5490	PTPN2	H174R	Missense	0.5163092897008219
5491	PTPN2	F175P	Missense	-0.47910931
5492	PTPN2	(NC);(NC);(NC)	Intron;Intron;Intron	0.011819407
5493	PTPN2	(NC);(NC);(NC);(NC)	Intron;Intron;Intron;Intron	0.6764891656821588
5494	PTPN2	M134V	Missense	0.1699202600768887
5495	PTPN2	F136F	Silent	-0.12383212
5496	PTPN2	M134T	Missense	0.886612256
5497	PTPN2	K122G	Missense	0.3407203319694893
5498	PTPN2	(NC);(NC)	Intron;Intron	-0.213915454
5499	PTPN2	S120P	Missense	-0.083145999
5500	PTPN2	I115V	Missense	0.185900772538009
5501	PTPN2	M111V	Missense	0.058958341
5502	PTPN2	M111T;L112P	Missense;Missense	0.1520245273103825
5503	PTPN2	V101A;W102R	Missense;Missense	0.049343139
5504	PTPN2	H96R	Missense	-0.072450507
5505	PTPN2		No Mutation	0.1524063426026656
5506	PTPN2	H96H;F97P	Silent;Missense	-0.29883594
5507	PTPN2	N92S;T93A	Missense;Missense	0.2196061195716751
5508	PTPN2	C94R;C95R	Missense;Missense	-0.403473323
5509	PTPN2	G88G	Silent	0.7175017466800013
5510	PTPN2		No Mutation	0.344726813
5511	PTPN2	S82G	Missense	-0.047670566
5512	PTPN2	D75G;I76V	Missense;Missense	0.9227509334034794
5513	PTPN2	I76T	Missense	-0.275427442
5514	PTPN2	L73L	Silent	0.3256516063831105
5515	PTPN2	(NC);(NC)	Intron;Intron	-0.024994498
5516	PTPN2	(NC)	Intron	-0.38055299
5517	PTPN2	P53P	Silent	-0.451123544
5518	PTPN2	P53P	Silent	0.3191826942987256
5519	PTPN2	F39P	Missense	0.2522702820331205
5520	PTPN2	H34H	Silent	0.2928313205788758
5521	PTPN2	H34H	Silent	0.898608108
5522	PTPN2	D31G	Missense	-0.193498868
5523	PTPN2	(NC)	Intron	0.7480044983056353
5524	PTPN2	(NC)	Intron	0.43295357048252
5525	PTPN2	Y22C	Missense	0.104963796486947
5526	PTPN2		No Mutation	-0.210664873
5527	PTPN2	D13G	Missense	0.0334776239556302
5528	PTPN2		No Mutation	-0.344868387
5529	PTPN2	F9S	Missense	0.3276768867717992
5530	PTPN2	F9P	Missense	-0.192136886
5531	PTPN2		No Mutation	-0.239977338
5532	PTPN2		No Mutation	0.053751832
5533	PTPN2	I5T	Missense	0.1852471529276889
5534	PTPN2	T3A	Missense	0.1841559772008947
5535	PTPN2		No Mutation	0.4799895268889831
5536	PTPN2		No Mutation	0.052060355
5537	PTPN2		No Mutation	-0.002718885
5538	PTPN2		No Mutation	0.1718744557468596
