ID	Gene	Mutation_list	Mutation_type	sgRNA_score
0	SETDB1	(NC)	UTR	-0.027237425
1	SETDB1	(NC)	UTR	0.7088440214022954
2	SETDB1	S3F;L4F	Missense;Missense	-0.006471191
3	SETDB1	P5F	Missense	-1.492398503
4	SETDB1	G9N	Missense	-0.334435047
5	SETDB1	G9N	Missense	-0.587206225
6	SETDB1	L10L;D11N	Silent;Missense	-1.896706784
7	SETDB1	A12V	Missense	-0.647731763
8	SETDB1		No Mutation	0.5331358717389358
9	SETDB1	L25L	Silent	0.3755735782798592
10	SETDB1	Q26*;Q27*	Nonsense;Nonsense	-0.470778297
11	SETDB1	A28V	Missense	1.137539577561463
12	SETDB1	A28V	Missense	-0.280286204
13	SETDB1	L33L	Silent	-0.239784196
14	SETDB1	L33L	Silent	0.8932980994250019
15	SETDB1	I35I;S36F	Silent;Missense	-1.078519956
16	SETDB1	R41W;H42Y	Missense;Missense	-0.91161356
17	SETDB1	F43F	Silent	-0.286119447
18	SETDB1		No Mutation	0.59101392
19	SETDB1	A62V	Missense	0.3628166220622522
20	SETDB1	A62V	Missense	0.3419122274802417
21	SETDB1	Q70*	Nonsense	-2.174636498
22	SETDB1	Q70*	Nonsense	-0.886548711
23	SETDB1	L81L	Silent	-1.990982656
24	SETDB1	A85T	Missense	-0.653732168
25	SETDB1	S86F	Missense	-0.058110199
26	SETDB1	(NC);(NC);(NC)	Intron;Intron;Intron	0.108717162833976
27	SETDB1	(NC)	Intron	1.0750460135504525
28	SETDB1	(NC)	Intron	-0.135334144
29	SETDB1	V89V	Silent	-0.525477955
30	SETDB1	T90I	Missense	0.3236946154428631
31	SETDB1		No Mutation	-0.836477873
32	SETDB1	D98D	Silent	1.1184855809124226
33	SETDB1	D98D	Silent	0.4191227316208992
34	SETDB1	L103L	Silent	0.8534993563353742
35	SETDB1	L103L	Silent	0.083284262
36	SETDB1		No Mutation	0.3878905254024958
37	SETDB1	Y107Y;R108W	Silent;Missense	-0.982272453
38	SETDB1	E113K;D114N	Missense;Missense	-0.212295986
39	SETDB1	S112F	Missense	0.1401125344206424
40	SETDB1		No Mutation	0.3805078844530597
41	SETDB1	E124K	Missense	-0.237036932
42	SETDB1	D131N;V132I	Missense;Missense	1.2912324547670235
43	SETDB1	V132V;L133F	Silent;Missense	1.3535283384444885
44	SETDB1	L133L	Silent	-1.581761591
45	SETDB1		No Mutation	-0.426100755
46	SETDB1	G138S;(NC)	Missense;Splice-donor	-2.274914043
47	SETDB1		No Mutation	-0.926339387
48	SETDB1		No Mutation	-0.510378731
49	SETDB1		No Mutation	-0.353569403
50	SETDB1	(NC);(NC)	Intron;Intron	0.9025625528726668
51	SETDB1	G141E;S142N	Missense;Missense	-0.821013711
52	SETDB1	T144I;P145S	Missense;Missense	1.1081329915908935
53	SETDB1	D147D;Q148*	Silent;Nonsense	-0.02787853
54	SETDB1	(NC);(NC)	Splice-donor;Intron	1.170732381067047
55	SETDB1	Q148*	Nonsense	-1.189991022
56	SETDB1		No Mutation	-0.74514426
57	SETDB1	(NC);(NC);(NC)	Intron;Intron;Intron	0.6639418448470652
58	SETDB1		No Mutation	-1.148279799
59	SETDB1		No Mutation	-0.699749069
60	SETDB1		No Mutation	0.4765532759929591
61	SETDB1	(NC)	Splice-acceptor	-0.549280756
62	SETDB1	R151H	Missense	-0.667681836
63	SETDB1	R151H;E152K	Missense;Missense	2.267467969823174
64	SETDB1	R151H;E152K	Missense;Missense	1.4793582208329532
65	SETDB1	(NC);L150F	Intron;Missense	0.3444540374304796
66	SETDB1	A156T	Missense	-0.354226295
67	SETDB1		No Mutation	0.7007447793259626
68	SETDB1		No Mutation	-0.575730938
69	SETDB1	N172N	Silent	0.6963411308141616
70	SETDB1	S177F;Q178*	Missense;Nonsense	-0.342804338
71	SETDB1	L180L	Silent	1.2866082547640014
72	SETDB1	L180L	Silent	-0.931357247
73	SETDB1	G183R;(NC)	Missense;Splice-donor	0.5862563927634779
74	SETDB1	G183R;(NC)	Missense;Splice-donor	-0.311876499
75	SETDB1		No Mutation	2.2340470713836504
76	SETDB1		No Mutation	0.7098995983176731
77	SETDB1	(NC)	Intron	1.5402890539958538
78	SETDB1	T184I	Missense	-0.141503592
79	SETDB1	G190K	Missense	-0.348572567
80	SETDB1		No Mutation	-1.229306461
81	SETDB1	V200V	Silent	0.8109659570005567
82	SETDB1	M202I;R203Q	Missense;Missense	0.4655479323336784
83	SETDB1	V200V	Silent	0.3276280429384473
84	SETDB1		No Mutation	-0.004252838
85	SETDB1	T210I	Missense	-0.324686967
86	SETDB1	A220V	Missense	-1.453143763
87	SETDB1	Q222Q	Silent	-0.581827139
88	SETDB1	Q222Q;V224I	Silent;Missense	0.4885970970998994
89	SETDB1	(NC);(NC)	Splice-donor;Intron	0.306566996950802
90	SETDB1	(NC);(NC)	Intron;Intron	1.2907859630535743
91	SETDB1		No Mutation	-0.667092022
92	SETDB1		No Mutation	2.019443789794699
93	SETDB1	G227K	Missense	0.5993786321582963
94	SETDB1	G227K	Missense	-0.920646252
95	SETDB1	P226L	Missense	-2.690971243
96	SETDB1	K231K;V232M	Silent;Missense	0.042397619
97	SETDB1		No Mutation	-0.307416128
98	SETDB1		No Mutation	0.003510683
99	SETDB1		No Mutation	1.2303820258161042
100	SETDB1		No Mutation	0.1992925357991801
101	SETDB1		No Mutation	-0.542624709
102	SETDB1		No Mutation	-0.318019637
103	SETDB1	K257K	Silent	0.8815190777484702
104	SETDB1	A255V	Missense	1.0443078301996351
105	SETDB1	K257K;L258L	Silent;Silent	0.2487361529079668
106	SETDB1	A255V	Missense	0.8571096077959868
107	SETDB1	L258L	Silent	0.1695185587581131
108	SETDB1	V260M	Missense	0.1162834415149509
109	SETDB1	L258L	Silent	-1.406607888
110	SETDB1	L258L	Silent	0.072041579
111	SETDB1		No Mutation	-0.37267081
112	SETDB1	V265V;A266V	Silent;Missense	-0.545033279
113	SETDB1	V265V;A266V	Silent;Missense	0.7196389312022058
114	SETDB1	Y268Y	Silent	-0.070260044
115	SETDB1	G271E	Missense	1.081497705522395
116	SETDB1		No Mutation	0.0261383945648898
117	SETDB1	Q273*	Nonsense	-0.60009347
118	SETDB1	N286N;V287V	Silent;Silent	-1.474353907
119	SETDB1	N289N	Silent	0.1712334874902885
120	SETDB1	L291F	Missense	-1.010238401
121	SETDB1	(NC)	Intron	0.2335886289101776
122	SETDB1	(NC)	Intron	-0.854153518
123	SETDB1	S303F	Missense	-1.362891766
124	SETDB1	S308S;E309K	Silent;Missense	-0.286334881
125	SETDB1	L310L	Silent	0.1896807598689993
126	SETDB1	(NC);(NC)	Splice-donor;Intron	-0.619326494
127	SETDB1	(NC);(NC);(NC)	Splice-donor;Intron;Intron	-0.841380067
128	SETDB1		No Mutation	-0.666944032
129	SETDB1		No Mutation	-0.730351657
130	SETDB1	(NC)	Intron	0.6261302806115165
131	SETDB1	(NC)	Intron	0.3486154350895764
132	SETDB1		No Mutation	-1.669105512
133	SETDB1	S328S;C329C;R330C	Silent;Silent;Missense	-0.73545532
134	SETDB1	E334K	Missense	-0.345983534
135	SETDB1	E334E;E335K	Silent;Missense	-0.446340004
136	SETDB1	A339A;Y340Y;P341S	Silent;Silent;Missense	-0.536294936
137	SETDB1	M345I	Missense	-0.308021266
138	SETDB1	M345I;V346I	Missense;Missense	-0.579220646
139	SETDB1	V346I	Missense	-0.645793053
140	SETDB1	L347L	Silent	1.1828874872181905
141	SETDB1	L347L	Silent	-1.020196687
142	SETDB1		No Mutation	-0.802816035
143	SETDB1	K349K	Silent	-0.244217613
144	SETDB1	K349K;S350N	Silent;Missense	-1.316478023
145	SETDB1	K349K;S350N	Silent;Missense	-1.820572578
146	SETDB1	L353F	Missense	-1.228569198
147	SETDB1	L353F	Missense	-0.266350525
148	SETDB1	E357K	Missense	0.05594836
149	SETDB1	I354I	Silent	-0.035445878
150	SETDB1	T356I	Missense	-0.028853497
151	SETDB1		No Mutation	0.757780299
152	SETDB1		No Mutation	-0.28636751
153	SETDB1		No Mutation	-0.150778632
154	SETDB1	S365F;R366*	Missense;Nonsense	-2.861642095
155	SETDB1	R366*	Nonsense	-2.068365568
156	SETDB1	V370V;D371N	Silent;Missense	0.092573403
157	SETDB1	V370V;D371N;G372S	Silent;Missense;Missense	-0.091940931
158	SETDB1		No Mutation	0.4670799216285157
159	SETDB1	V375V	Silent	0.011408662080639
160	SETDB1		No Mutation	0.3417360847040752
161	SETDB1	(NC)	Intron	-1.140042031
162	SETDB1		No Mutation	-1.256953263
163	SETDB1	(NC)	Intron	-0.827649459
164	SETDB1	D382D	Silent	-0.707258956
165	SETDB1		No Mutation	0.074010239
166	SETDB1	I388I	Silent	0.6410178039803038
167	SETDB1	R390*	Nonsense	-1.377878679
168	SETDB1	S404F	Missense	0.2281747608098726
169	SETDB1	L409L;E410K	Silent;Missense	-1.000711696
170	SETDB1	A408V;L409L	Missense;Silent	-0.796578428
171	SETDB1	K411K;K412K	Silent;Silent	-1.08053422
172	SETDB1		No Mutation	0.3181344711883088
173	SETDB1	L416L	Silent	0.242492439053668
174	SETDB1	T418I	Missense	0.3980788850938295
175	SETDB1	(NC)	Intron	-0.364000495
176	SETDB1	(NC)	Intron	-0.222655166
177	SETDB1	(NC);(NC)	Intron;Intron	0.1756791822700728
178	SETDB1	A424T;V425M	Missense;Missense	-0.350012892
179	SETDB1	A424V	Missense	-0.016523139
180	SETDB1	R426K;S427N	Missense;Missense	0.0137636816048013
181	SETDB1		No Mutation	-0.246369747
182	SETDB1		No Mutation	0.575189651
183	SETDB1		No Mutation	1.3792942141430828
184	SETDB1	Y434Y;T435I	Silent;Missense	1.7901403492628236
185	SETDB1	L438L	Silent	0.039978804
186	SETDB1	Q436*	Nonsense	0.5387490898685661
187	SETDB1	Q444Q	Silent	-0.351163536
188	SETDB1	T443I;Q444*	Missense;Nonsense	-0.511870598
189	SETDB1	V448V;E449K	Silent;Missense	-0.11434186
190	SETDB1	V448V;E449K	Silent;Missense	-0.01973719
191	SETDB1	Q452Q	Silent	1.410735985890654
192	SETDB1	A455T	Missense	0.2191819204669066
193	SETDB1		No Mutation	-0.309626915
194	SETDB1		No Mutation	-0.872302645
195	SETDB1		No Mutation	0.333676871296622
196	SETDB1	A458T	Missense	1.699520171601102
197	SETDB1		No Mutation	-0.907334246
198	SETDB1		No Mutation	0.5104973894049551
199	SETDB1	A464T	Missense	-0.47114077
200	SETDB1	A464T	Missense	1.7941501162530626
201	SETDB1	A464T	Missense	-1.401954014
202	SETDB1		No Mutation	0.1722770959793027
203	SETDB1		No Mutation	-1.996691308
204	SETDB1		No Mutation	-0.989682313
205	SETDB1		No Mutation	0.7578437343154685
206	SETDB1	P466F;L467L	Missense;Silent	0.3022754003726506
207	SETDB1	A471T	Missense	-0.2749472
208	SETDB1	A471T;G472N	Missense;Missense	0.0114677604384691
209	SETDB1	S474N	Missense	0.4571763256191786
210	SETDB1	S474N;D475N	Missense;Missense	-0.680666542
211	SETDB1	S474N;D475N	Missense;Missense	-0.321869232
212	SETDB1	S474N;D475N;(NC)	Missense;Missense;Splice-donor	-0.706669025
213	SETDB1	D475N;(NC)	Missense;Splice-donor	0.7266546811305774
214	SETDB1		No Mutation	-0.863139073
215	SETDB1	(NC)	Intron	-0.307452228
216	SETDB1	S478N	Missense	1.6585653274197116
217	SETDB1	S478S;Q479*	Silent;Nonsense	0.1041474074599206
218	SETDB1	A481V;Q482*	Missense;Nonsense	1.3210376085000202
219	SETDB1	R484Q	Missense	-0.197522052
220	SETDB1	Q486Q;V487I	Silent;Missense	-1.948181986
221	SETDB1	Q486Q;V487I;A488T	Silent;Missense;Missense	1.2585650166385671
222	SETDB1	S491S;T492M	Silent;Missense	1.1236544044143566
223	SETDB1	S493S;R495*	Silent;Nonsense	-0.641012452
224	SETDB1	R495*	Nonsense	2.516021635
225	SETDB1	V499I	Missense	-0.16439726
226	SETDB1	P496L	Missense	1.9209702906669253
227	SETDB1	G502N	Missense	0.7017864833042041
228	SETDB1	A510T	Missense	-0.036147308
229	SETDB1		No Mutation	-0.157552183
230	SETDB1		No Mutation	-0.818980702
231	SETDB1	S512N	Missense	0.2970799272387797
232	SETDB1	L511F	Missense	0.4683778954929181
233	SETDB1		No Mutation	-1.929804555
234	SETDB1		No Mutation	0.2016307022767662
235	SETDB1	V515V;S516F	Silent;Missense	1.085138143215636
236	SETDB1	V515V;S516F	Silent;Missense	-0.433096273
237	SETDB1	I522I	Silent	0.2868660673144675
238	SETDB1		No Mutation	-1.349803194
239	SETDB1		No Mutation	0.6669342928900024
240	SETDB1		No Mutation	-0.645748638
241	SETDB1	A534T	Missense	0.7976601284423961
242	SETDB1	A538T	Missense	-0.112968438
243	SETDB1		No Mutation	-0.869804727
244	SETDB1	A538V;P539S	Missense;Missense	1.2184290415884116
245	SETDB1		No Mutation	-0.231626745
246	SETDB1		No Mutation	-0.343003399
247	SETDB1		No Mutation	-0.453135216
248	SETDB1	A544T	Missense	1.6444911208928812
249	SETDB1		No Mutation	0.6559892693306303
250	SETDB1		No Mutation	-1.147358756
251	SETDB1		No Mutation	0.006285189
252	SETDB1	V550I	Missense	0.2556173008315512
253	SETDB1	V550I	Missense	-0.253166973
254	SETDB1	A547V;P548F	Missense;Missense	-0.974755323
255	SETDB1	V550I	Missense	0.4084223443391659
256	SETDB1		No Mutation	-0.842980893
257	SETDB1	V550V	Silent	0.6149662047510353
258	SETDB1	G553N	Missense	0.7277326928931235
259	SETDB1	G553D;M554I	Missense;Missense	1.4624498139015605
260	SETDB1	M554I	Missense	-0.270791736
261	SETDB1	M554I	Missense	0.6720745933145894
262	SETDB1	F551F;H552Y	Silent;Missense	-0.392586038
263	SETDB1	F551F;H552Y	Silent;Missense	0.4515681556352658
264	SETDB1	E556E;R557Q;A558T	Silent;Missense;Missense	0.156815345
265	SETDB1		No Mutation	-0.760307069
266	SETDB1		No Mutation	0.7097816701742661
267	SETDB1	R565H	Missense	0.359611823293708
268	SETDB1	P562P;S563F	Silent;Missense	-0.299842764
269	SETDB1		No Mutation	-1.000339473
270	SETDB1	M568I	Missense	0.095341284
271	SETDB1	M568I;E569K	Missense;Missense	-0.841280647
272	SETDB1	E569E;K570K	Silent;Silent	-0.186811397
273	SETDB1		No Mutation	-0.86300704
274	SETDB1		No Mutation	0.4416987355246001
275	SETDB1		No Mutation	0.0229081116324235
276	SETDB1	R587K	Missense	-0.275015347
277	SETDB1	S584F;R585*	Missense;Nonsense	-1.908946074
278	SETDB1		No Mutation	0.662607729
279	SETDB1		No Mutation	-0.760713708
280	SETDB1		No Mutation	0.2093013529488102
281	SETDB1	Q593Q	Silent	-0.284464405
282	SETDB1	G596G	Silent	1.6300329205528272
283	SETDB1	L600L	Silent	0.8171910479409402
284	SETDB1	P603P	Silent	-0.326452725
285	SETDB1		No Mutation	0.5474248031435058
286	SETDB1	P603L	Missense	-0.572559818
287	SETDB1	L605L	Silent	-0.751356354
288	SETDB1		No Mutation	1.8873745015150676
289	SETDB1	R609Q	Missense	-1.355361141
290	SETDB1	F608F;R609W	Silent;Missense	-0.273890743
291	SETDB1	R614Q	Missense	1.6291881212243111
292	SETDB1	R619H	Missense	0.6519906715883637
293	SETDB1	R616*	Nonsense	0.204552596
294	SETDB1	R619H	Missense	1.4798125144181005
295	SETDB1	R616*	Nonsense	-0.710067656
296	SETDB1	V625I	Missense	-0.674580063
297	SETDB1	I626I	Silent	-0.611329055
298	SETDB1	P630L	Missense	-0.532241901
299	SETDB1	R636Q	Missense	-0.311213035
300	SETDB1	Q639Q;E640K	Silent;Missense	0.6649644684233733
301	SETDB1	C650Y;D651N	Missense;Missense	0.5918692450116357
302	SETDB1	G649G	Silent	1.613251454048866
303	SETDB1	F654F;L655L	Silent;Silent	-0.684838372
304	SETDB1	M657I	Missense	-1.323440154
305	SETDB1	L660L;D661N	Silent;Missense	-0.079752565
306	SETDB1	P662S	Missense	-0.688936547
307	SETDB1	D667N;R668Q	Missense;Missense	1.3404283386055371
308	SETDB1		No Mutation	0.2467230650132268
309	SETDB1		No Mutation	0.4204562487754446
310	SETDB1		No Mutation	1.6173487868959366
311	SETDB1	L680L;D681N	Silent;Missense	-2.691835315
312	SETDB1	D681D	Silent	-0.584132869
313	SETDB1	E696K	Missense	0.4525595948321348
314	SETDB1	E696K	Missense	1.4755467731630405
315	SETDB1	E696K	Missense	-0.632144813
316	SETDB1	D698N	Missense	-0.845639716
317	SETDB1	D698D;T699I	Silent;Missense	1.8144169335933056
318	SETDB1	T700I;P701S	Missense;Missense	-0.373049968
319	SETDB1	V705V;A706T	Silent;Missense	0.3955754865689583
320	SETDB1	V705V;A706T	Silent;Missense	-0.042614571
321	SETDB1	A706T	Missense	-0.31950943
322	SETDB1	P703P;Q704*	Silent;Nonsense	-0.688788668
323	SETDB1	S708N	Missense	-0.334381715
324	SETDB1	S708N	Missense	0.6128568147009132
325	SETDB1	S708N;K709K	Missense;Silent	-0.735814165
326	SETDB1	K709K;E710K	Silent;Missense	-0.562684121
327	SETDB1	Y707Y;S708S	Silent;Silent	0.3864630454690205
328	SETDB1	S708S	Silent	-0.760614886
329	SETDB1	R711H	Missense	-0.500165401
330	SETDB1	R711C	Missense	0.1184186645810841
331	SETDB1	R711C	Missense	0.1033663905742127
332	SETDB1		No Mutation	0.9232489818089744
333	SETDB1		No Mutation	-1.774659036
334	SETDB1	N720N;T721I	Silent;Missense	-0.553414129
335	SETDB1	G722G;P723F	Silent;Missense	-0.207942745
336	SETDB1	G728N	Missense	-1.420754826
337	SETDB1	G728N;C729Y	Missense;Missense	0.6390192626619956
338	SETDB1		No Mutation	0.3663628005168398
339	SETDB1	G728G	Silent	1.2305722136833848
340	SETDB1	G728G	Silent	-0.656324779
341	SETDB1	D730D;C731C	Silent;Silent	1.2309173096312394
342	SETDB1	D730D;C731C	Silent;Silent	-0.060226101
343	SETDB1	R736W	Missense	0.4408847292008437
344	SETDB1	R736W	Missense	-0.692839431
345	SETDB1	D737D	Silent	1.0953204446024885
346	SETDB1	D737D	Silent	-0.725664279
347	SETDB1	D737D	Silent	-0.037370227
348	SETDB1	D737D	Silent	-0.039021778
349	SETDB1	(NC)	Intron	1.2628861337242108
350	SETDB1	(NC)	Intron	-0.181678728
351	SETDB1	K738K	Silent	-1.037155604
352	SETDB1		No Mutation	-0.644395283
353	SETDB1		No Mutation	1.375947716313269
354	SETDB1	C743C;H744Y;Q745*	Silent;Missense;Nonsense	-1.711364889
355	SETDB1		No Mutation	-0.702723464
356	SETDB1	Q749Q;A750T	Silent;Missense	0.6377401196893816
357	SETDB1	A750V;T751I	Missense;Missense	-0.203102925
358	SETDB1		No Mutation	0.3424963310080905
359	SETDB1	T751I;A752V	Missense;Missense	-0.574231884
360	SETDB1	G757D	Missense	-0.132669551
361	SETDB1		No Mutation	-0.157773502
362	SETDB1		No Mutation	0.7967132167982328
363	SETDB1		No Mutation	-0.197805196
364	SETDB1	Q758*	Nonsense	0.778866516
365	SETDB1	G764S	Missense	-0.405012546
366	SETDB1	Q766Q	Silent	0.1972323205867617
367	SETDB1	Q766Q	Silent	-0.341648158
368	SETDB1	E771K;E772K	Missense;Missense	0.9875910287638956
369	SETDB1		No Mutation	0.020966864
370	SETDB1		No Mutation	0.6107531759702638
371	SETDB1	L774L;P775S	Silent;Missense	0.2316577650840589
372	SETDB1	P775P;T776I	Silent;Missense	-0.218832018
373	SETDB1	(NC)	Intron	0.06808067
374	SETDB1		No Mutation	-0.562494271
375	SETDB1	(NC)	Intron	-0.005326179
376	SETDB1	(NC)	Intron	-0.851510605
377	SETDB1	E780K	Missense	-1.972297519
378	SETDB1	E780K;C781Y	Missense;Missense	-2.003772224
379	SETDB1	C781Y	Missense	-0.499044347
380	SETDB1	C781Y	Missense	1.428167959934663
381	SETDB1	P789L;N790N	Missense;Silent	-1.11617709
382	SETDB1	N790N	Silent	-0.441793623
383	SETDB1		No Mutation	-0.094786429
384	SETDB1	R795Q	Missense	-0.690424824
385	SETDB1	N794N;R795W	Silent;Missense	0.6976888573477753
386	SETDB1	G800K	Missense	0.098215909
387	SETDB1	H799Y	Missense	-0.218500028
388	SETDB1	F808F	Silent	0.6922097699906705
389	SETDB1	F808F	Silent	0.1394624212947869
390	SETDB1	T810I	Missense	0.6401364978202531
391	SETDB1	T810I;Q811*	Missense;Nonsense	1.1219868151108303
392	SETDB1	T810I;Q811*	Missense;Nonsense	-0.913723835
393	SETDB1	G814G	Silent	1.039925364167612
394	SETDB1	A824T	Missense	-0.395435319
395	SETDB1		No Mutation	0.1916341301056215
396	SETDB1	C830Y	Missense	-0.38238888
397	SETDB1		No Mutation	3.0702593707042523
398	SETDB1		No Mutation	-2.370446419
399	SETDB1		No Mutation	-0.804895253
400	SETDB1		No Mutation	-0.028869863
401	SETDB1		No Mutation	-0.911267664
402	SETDB1		No Mutation	0.3425074254923078
403	SETDB1	A842T;D843N	Missense;Missense	0.3772865310184876
404	SETDB1	D840D	Silent	-0.202543176
405	SETDB1	D840D	Silent	1.3476329141570764
406	SETDB1	A842V	Missense	1.0098742071959343
407	SETDB1	D843D	Silent	0.4694560934352697
408	SETDB1		No Mutation	0.2255723944197719
409	SETDB1		No Mutation	1.008331720606809
410	SETDB1	D858D;H859Y	Silent;Missense	0.2921340662781644
411	SETDB1	V863V;E864K	Silent;Missense	-0.759202945
412	SETDB1		No Mutation	-1.484657675
413	SETDB1	S877F	Missense	0.4756474028849629
414	SETDB1	S880N	Missense	-0.14092544
415	SETDB1	S880N	Missense	0.6554446059164751
416	SETDB1	S880N;S881N	Missense;Missense	1.0876058751618736
417	SETDB1	S880N;S881N	Missense;Missense	1.2262824446426803
418	SETDB1	G882D;V883I	Missense;Missense	1.7964692958021071
419	SETDB1	S880S	Silent	0.072942841
420	SETDB1		No Mutation	1.2217715966119815
421	SETDB1		No Mutation	1.0183160547499015
422	SETDB1	Q888*	Nonsense	0.4444478413286419
423	SETDB1	S893N;G894S	Missense;Missense	0.4748194766322275
424	SETDB1	G891G	Silent	-0.441075388
425	SETDB1	D903N;D904N	Missense;Missense	-1.491227542
426	SETDB1	D903N;D904N	Missense;Missense	0.5994057888907948
427	SETDB1	D907N	Missense	-1.367537225
428	SETDB1		No Mutation	0.3014231285268556
429	SETDB1	N909N	Silent	-0.295001182
430	SETDB1	F916F;S917S	Silent;Silent	0.3427762971772798
431	SETDB1	S917S;T918I	Silent;Missense	0.1885571291418007
432	SETDB1	R923Q;S924N	Missense;Missense	-0.032761765
433	SETDB1	R923W	Missense	-0.141345836
434	SETDB1	S924S	Silent	0.1983928102607881
435	SETDB1	A926V;T927I	Missense;Missense	-1.912651542
436	SETDB1	T927I;R928W	Missense;Missense	-0.07056957
437	SETDB1	T927I;R928W	Missense;Missense	-0.861937733
438	SETDB1	R932Q;G933N	Missense;Missense	0.8234748615468341
439	SETDB1	R932R;G933N	Silent;Missense	-1.203364055
440	SETDB1	R932W	Missense	1.1589183582113058
441	SETDB1	E936E	Silent	0.3131894556834105
442	SETDB1	E936E;G938R	Silent;Missense	0.007905193
443	SETDB1		No Mutation	-0.726659834
444	SETDB1	L939L;S940F	Silent;Missense	-0.717456945
445	SETDB1		No Mutation	0.2973734869420992
446	SETDB1	S947F;H948Y	Missense;Missense	-0.595196386
447	SETDB1	G953K	Missense	0.1162365995610739
448	SETDB1	G953K	Missense	1.4919937831604042
449	SETDB1		No Mutation	0.3668076076365562
450	SETDB1		No Mutation	0.8330499773561841
451	SETDB1		No Mutation	-0.972552379
452	SETDB1		No Mutation	0.1368011610035446
453	SETDB1		No Mutation	-0.84706412
454	SETDB1	V959I	Missense	-0.228274688
455	SETDB1		No Mutation	0.030304655
456	SETDB1		No Mutation	0.3557977316769224
457	SETDB1		No Mutation	0.1830205091055901
458	SETDB1	P960F;P961F	Missense;Missense	0.0414950937236189
459	SETDB1		No Mutation	0.613683704
460	SETDB1	P961F;S962L	Missense;Missense	-0.43563046
461	SETDB1	V965I;G966N	Missense;Missense	0.001454233
462	SETDB1	G966N;G967N	Missense;Missense	-0.681212514
463	SETDB1	G966D;G967N	Missense;Missense	-1.003044779
464	SETDB1		No Mutation	0.1703597088668614
465	SETDB1		No Mutation	-0.421464547
466	SETDB1	E975K	Missense	-1.111115627
467	SETDB1		No Mutation	-0.504686853
468	SETDB1	K978K	Silent	0.072663529
469	SETDB1		No Mutation	0.6081090714452664
470	SETDB1	K978K	Silent	-0.814071478
471	SETDB1	T976I;P977S	Missense;Missense	-1.180280326
472	SETDB1	N979N	Silent	-0.437982154
473	SETDB1	A982T	Missense	-1.29018176
474	SETDB1		No Mutation	0.3332975555768085
475	SETDB1	C987Y	Missense	-1.277791241
476	SETDB1	C987C	Silent	-1.238778408
477	SETDB1		No Mutation	0.2054605766550262
478	SETDB1	K1005K	Silent	0.6757697687630673
479	SETDB1	S1003F	Missense	0.9952011102287992
480	SETDB1	F1004F	Silent	0.7717100278406472
481	SETDB1	F1004F	Silent	-0.241304002
482	SETDB1	F1004F	Silent	-1.112743496
483	SETDB1	G1009N	Missense	-1.032165383
484	SETDB1	T1006I	Missense	0.228806258
485	SETDB1	T1006I	Missense	0.534507255
486	SETDB1		No Mutation	-0.211500336
487	SETDB1		No Mutation	2.213106544692919
488	SETDB1		No Mutation	0.2532962764619567
489	SETDB1		No Mutation	0.8961493586813452
490	SETDB1		No Mutation	-0.627937928
491	SETDB1		No Mutation	0.3712658460154238
492	SETDB1	A1014V	Missense	0.027970992
493	SETDB1		No Mutation	0.9237048254897132
494	SETDB1	R1018Q	Missense	0.9946006649642106
495	SETDB1	S1017S;R1018*	Silent;Nonsense	0.7553861070996708
496	SETDB1	E1022E;K1023K;A1024T	Silent;Silent;Missense	-0.112936315
497	SETDB1		No Mutation	-0.438896023
498	SETDB1	A1024V;S1025F	Missense;Missense	0.8147621006961394
499	SETDB1	G1030N	Missense	1.631129846949783
500	SETDB1	T1026T;S1027L	Silent;Missense	0.1388258564611099
501	SETDB1	G1030D	Missense	-0.339535728
502	SETDB1	K1032K	Silent	-0.744900117
503	SETDB1	L1029L	Silent	-0.651503811
504	SETDB1	L1029L	Silent	-0.147379694
505	SETDB1		No Mutation	2.002598619008531
506	SETDB1	I1037I;Q1039*	Silent;Nonsense	0.5557015759405822
507	SETDB1		No Mutation	0.084253804
508	SETDB1	(NC);(NC)	Intron;Intron	-0.625709999
509	SETDB1		No Mutation	0.7634817921482804
510	SETDB1		No Mutation	-1.232632748
511	SETDB1	R1048Q	Missense	0.7019069121762105
512	SETDB1	V1053I;(NC)	Missense;Splice-donor	-1.719181428
513	SETDB1	(NC);V1054I	Splice-acceptor;Missense	0.1553089412596828
514	SETDB1		No Mutation	-1.227278018
515	SETDB1	E1056K	Missense	0.1960800670131015
516	SETDB1	E1056K	Missense	-0.337510042
517	SETDB1	E1056K;S1057N	Missense;Missense	0.2949413282854886
518	SETDB1	S1057N	Missense	-0.348031412
519	SETDB1		No Mutation	-0.739200171
520	SETDB1	S1066F;P1067F	Missense;Missense	0.1408324967150767
521	SETDB1	E1071K	Missense	0.016666991
522	SETDB1	G1072K	Missense	0.5047618348194877
523	SETDB1	R1075H	Missense	0.7924530793508692
524	SETDB1	K1079K	Silent	-1.212846944
525	SETDB1	S1081N	Missense	0.1587516996783731
526	SETDB1	S1081N	Missense	0.3086872971063801
527	SETDB1	M1082I	Missense	2.253371604656245
528	SETDB1	Q1084*	Nonsense	0.9815387322706848
529	SETDB1	A1092T	Missense	0.2034288839422466
530	SETDB1	(NC)	Intron	0.8314007561636042
531	SETDB1		No Mutation	0.017448548
532	SETDB1		No Mutation	-1.001860385
533	SETDB1	(NC);(NC);(NC)	Intron;Intron;Intron	1.1258383106184502
534	SETDB1	(NC);D1098N	Splice-acceptor;Missense	-2.718627541
535	SETDB1	(NC);D1098N;V1099I	Splice-acceptor;Missense;Missense	-1.702693875
536	SETDB1	V1099I	Missense	-0.0892811
537	SETDB1		No Mutation	-1.209563174
538	SETDB1	L1102L	Silent	-1.976073719
539	SETDB1	L1102L	Silent	-0.122786932
540	SETDB1	S1105N	Missense	0.4064271250675906
541	SETDB1	S1103S;S1104S	Silent;Silent	0.9983907253361464
542	SETDB1	S1104S	Silent	-1.78621042
543	SETDB1	S1104S;S1105S	Silent;Silent	-0.480037845
544	SETDB1	S1104S;S1105S	Silent;Silent	-1.118903352
545	SETDB1	S1108N;E1109K	Missense;Missense	0.4043404011735204
546	SETDB1		No Mutation	0.098902356
547	SETDB1		No Mutation	-0.041127536
548	SETDB1	S1115S;R1116*	Silent;Nonsense	0.6818873309182623
549	SETDB1	A1120T	Missense	0.33051953980182
550	SETDB1	G1121N	Missense	-0.795744368
551	SETDB1	P1118P;T1119I	Silent;Missense	-0.253454746
552	SETDB1		No Mutation	-0.932128479
553	SETDB1	S1124S	Silent	0.2203300656404146
554	SETDB1	Q1122*	Nonsense	-0.582442963
555	SETDB1	I1133I;Q1134*	Silent;Nonsense	-0.474876047
556	SETDB1	G1139N	Missense	0.8107908178178005
557	SETDB1	S1137F	Missense	-0.497890478
558	SETDB1	S1137F	Missense	-1.094212781
559	SETDB1	S1137F	Missense	-0.138443566
560	SETDB1	E1141K	Missense	0.5882281692954114
561	SETDB1	G1142E;D1143N	Missense;Missense	0.5641768134693936
562	SETDB1		No Mutation	-0.829563385
563	SETDB1	D1147D	Silent	1.0749276750224197
564	SETDB1	N1150N	Silent	1.0008679331445187
565	SETDB1	(NC)	Intron	0.2079150612783356
566	SETDB1	(NC);(NC)	Intron;Intron	0.9160169294200772
567	SETDB1	(NC)	Intron	-0.5095351
568	SETDB1	(NC)	Intron	-0.831829056
569	SETDB1	(NC)	Splice-acceptor	-1.495356316
570	SETDB1		No Mutation	0.6032960553010023
571	SETDB1	M1155I	Missense	-0.380275623
572	SETDB1	M1155I;K1156K	Missense;Silent	1.4916287026198605
573	SETDB1	P1154L	Missense	0.3225758362369623
574	SETDB1	R1157H	Missense	0.5001898528163682
575	SETDB1	V1159I;A1160T	Missense;Missense	0.8206641612464001
576	SETDB1	A1160V	Missense	-0.07811144
577	SETDB1		No Mutation	-0.98413943
578	SETDB1		No Mutation	-1.043026771
579	SETDB1	A1168V;L1169F	Missense;Missense	0.020142528
580	SETDB1	A1168V;L1169F	Missense;Missense	0.9747008592229316
581	SETDB1		No Mutation	-0.135136643
582	SETDB1		No Mutation	-1.222444645
583	SETDB1		No Mutation	-0.53316154
584	SETDB1	T1180I	Missense	0.1048012505674873
585	SETDB1	N1181N	Silent	-0.637364209
586	SETDB1	A1183V	Missense	0.006779519
587	SETDB1	A1183V	Missense	0.1206515651335812
588	SETDB1	V1185V;D1186N	Silent;Missense	0.2709382556353104
589	SETDB1	A1183V	Missense	-1.148837016
590	SETDB1	G1188E;E1189K	Missense;Missense	-0.326143224
591	SETDB1	R1198H	Missense	-0.979259825
592	SETDB1	T1197I;R1198C	Missense;Missense	-0.385861392
593	SETDB1	R1198R;Q1199*	Silent;Nonsense	-0.468239657
594	SETDB1	E1204K;E1205K	Missense;Missense	-0.018517245
595	SETDB1		No Mutation	-0.257839388
596	SETDB1	A1212A;L1214F	Silent;Missense	1.028949462377292
597	SETDB1	L1214F	Missense	0.3873833340638219
598	SETDB1	L1218L	Silent	0.6126493354653415
599	SETDB1	(NC)	Splice-donor	-0.142600008
600	SETDB1	(NC);(NC)	Intron;Intron	0.1529138239582201
601	SETDB1		No Mutation	0.4048457113756873
602	SETDB1	(NC)	Splice-acceptor	0.1713975926423131
603	SETDB1	S1225N	Missense	-0.641057927
604	SETDB1	S1227N	Missense	-0.097070547
605	SETDB1	Q1233Q	Silent	2.648771480518804
606	SETDB1	Q1233Q	Silent	0.5033425070833658
607	SETDB1	Q1233Q	Silent	1.0154750965537895
608	SETDB1	V1232V;Q1233*	Silent;Nonsense	-0.029156199
609	SETDB1	V1235I	Missense	-0.923417488
610	SETDB1	V1237V;D1238N	Silent;Missense	-2.073640352
611	SETDB1		No Mutation	0.4647250879890365
612	SETDB1	L1242F	Missense	-0.490417084
613	SETDB1		No Mutation	1.1392774240294494
614	SETDB1	L1242F;R1243C	Missense;Missense	-1.681796035
615	SETDB1		No Mutation	-0.155144794
616	SETDB1	A1251T	Missense	-0.725137874
617	SETDB1	A1251T	Missense	-1.850783445
618	SETDB1	A1251T	Missense	1.5644109955774166
619	SETDB1	F1249F	Silent	0.2912658036197288
620	SETDB1	(NC)	Splice-donor	1.7119367547021425
621	SETDB1	A1251V;S1252S	Missense;Silent	-0.146666668
622	SETDB1		No Mutation	-1.722174433
623	SETDB1		No Mutation	-0.834402635
624	SETDB1	(NC);(NC)	Intron;Intron	0.024515349
625	SETDB1		No Mutation	0.0185158276421271
626	SETDB1		No Mutation	-1.637979468
627	SETDB1	(NC)	Splice-acceptor	-2.355848499
628	SETDB1	(NC);(NC);(NC)	Intron;Intron;Intron	-1.890411416
629	SETDB1	(NC);(NC);(NC)	Intron;Intron;Intron	0.1969439482288419
630	SETDB1	(NC)	Intron	-1.575535961
631	SETDB1	(NC)	Intron	-0.790089983
632	SETDB1	R1256Q;A1257T	Missense;Missense	-0.420484469
633	SETDB1	A1257V	Missense	1.7641987769571446
634	SETDB1		No Mutation	0.4406268390025182
635	SETDB1		No Mutation	1.4915413631258354
636	SETDB1		No Mutation	0.7525325479350605
637	SETDB1	D1264D	Silent	0.5447852737775616
638	SETDB1	D1264D	Silent	0.5959510181042673
639	SETDB1	N1266N;Y1267Y	Silent;Silent	0.5381620037442993
640	SETDB1		No Mutation	0.978294101
641	SETDB1	G1270G	Silent	-0.931451665
642	SETDB1	L1277L	Silent	0.023424505
643	SETDB1	L1277L	Silent	-1.598014943
644	SETDB1	L1277L;L1278F	Silent;Missense	-1.268692382
645	SETDB1	A1283V	Missense	-1.182355317
646	SETDB1	G1288E;R1289H	Missense;Missense	0.2511915547459336
647	SETDB1		No Mutation	0.9596753568782188
648	TRIM28	(NC);(NC);(NC)	UTR;UTR;UTR	-1.084747436
649	TRIM28	(NC);(NC);(NC)	UTR;UTR;UTR	0.026095183
650	TRIM28	(NC);(NC);(NC);(NC)	UTR;UTR;UTR;UTR	-0.410890571
651	TRIM28	(NC);(NC)	UTR;UTR	-0.250940014
652	TRIM28	(NC);M1I	UTR;Missense	0.5837303050432505
653	TRIM28	M1I;A2T	Missense;Missense	0.0234685357746232
654	TRIM28	M1I;A2T	Missense;Missense	-0.643278215
655	TRIM28	M1I;A2T	Missense;Missense	-0.476737378
656	TRIM28		No Mutation	0.6485325055105815
657	TRIM28		No Mutation	-1.063066509
658	TRIM28	A3A;S4F	Silent;Missense	2.5123501023702293
659	TRIM28	S9S	Silent	-0.6271839
660	TRIM28	S9S;A10T	Silent;Missense	-1.169733348
661	TRIM28	A7V	Missense	-0.397478015
662	TRIM28	A8A;S9L	Silent;Missense	-0.300528781
663	TRIM28	S14S	Silent	0.5830370709915863
664	TRIM28	A12V;A13V	Missense;Missense	0.8616664361081334
665	TRIM28	A15V	Missense	-0.499353074
666	TRIM28	A15V;A16V	Missense;Missense	0.5424808394415324
667	TRIM28	G18D;S19N	Missense;Missense	-0.344915754
668	TRIM28	A16A;S17F	Silent;Missense	-1.585574374
669	TRIM28	S17F	Missense	-0.00902747
670	TRIM28	P20P;G21N	Silent;Missense	-0.555235021
671	TRIM28	G21D;P22P	Missense;Silent	0.6326951483578181
672	TRIM28	G18G;S19S;P20S	Silent;Silent;Missense	1.438239136217536
673	TRIM28	S19S;P20L	Silent;Missense	-1.421201307
674	TRIM28	E24E;G25N	Silent;Missense	0.3352550581333662
675	TRIM28	P22L	Missense	1.4782158388822573
676	TRIM28	G25N	Missense	0.074191427
677	TRIM28	G23G	Silent	0.3671199858044615
678	TRIM28	A27T;G28S	Missense;Missense	-0.772387952
679	TRIM28	A27T;G28N	Missense;Missense	0.6656280078867872
680	TRIM28	R32C	Missense	-1.281031833
681	TRIM28	A39T	Missense	-0.742555886
682	TRIM28	A35A;P36F	Silent;Missense	3.010693699916851
683	TRIM28	A40T	Missense	0.055244677
684	TRIM28	S41S	Silent	-0.270155596
685	TRIM28	S41S;A42T	Silent;Missense	0.9215990178697808
686	TRIM28	S41S;A42T	Silent;Missense	0.1455682517577478
687	TRIM28	A44T	Missense	-0.245851437
688	TRIM28	A42V	Missense	-0.476166848
689	TRIM28	A46T	Missense	-0.443732122
690	TRIM28	A47A;A48T	Silent;Missense	-0.687954505
691	TRIM28	S49S;S50S	Silent;Silent	-0.307655373
692	TRIM28	A46A;A47V	Silent;Missense	0.2619423215441067
693	TRIM28	A47V;A48V	Missense;Missense	-0.553992249
694	TRIM28	A47V;A48V	Missense;Missense	0.6112316332211654
695	TRIM28	A48V	Missense	-0.292200869
696	TRIM28	A48V;S49L	Missense;Missense	0.1389425919827559
697	TRIM28	A52T	Missense	-0.361388032
698	TRIM28	S49L;S50L	Missense;Missense	-1.334346529
699	TRIM28	P51P;A52V	Silent;Missense	0.3521987013339686
700	TRIM28	A56T;E57K	Missense;Missense	0.4990945319031792
701	TRIM28	E57K	Missense	-1.469184547
702	TRIM28	G54G	Silent	0.4570918420475115
703	TRIM28	A56A	Silent	-0.44293194
704	TRIM28	L61L;L62L	Silent;Silent	0.1760370645740647
705	TRIM28	L61L	Silent	-1.363115108
706	TRIM28	R71C	Missense	-0.07255173
707	TRIM28	R71C;L72L	Missense;Silent	0.9220924167110496
708	TRIM28	R76R;E77K	Silent;Missense	0.8815997741661106
709	TRIM28	R79H	Missense	0.2550210835473475
710	TRIM28	R79H;L80L	Missense;Silent	-0.668983255
711	TRIM28	C83Y	Missense	0.658740816
712	TRIM28	C83Y;L84L	Missense;Silent	1.2625560807618343
713	TRIM28	L81L;P82S	Silent;Missense	-0.735839909
714	TRIM28	L84L	Silent	0.5250502861251505
715	TRIM28	L84L	Silent	-0.589608535
716	TRIM28	A87T;C88Y	Missense;Missense	-0.064924687
717	TRIM28	C88Y	Missense	1.4651395754660752
718	TRIM28	A87V	Missense	1.4737273267683706
719	TRIM28	A87V	Missense	0.0166092552446301
720	TRIM28	G93K	Missense	-0.458902443
721	TRIM28	A90V	Missense	0.2965114510853991
722	TRIM28	A95A;A96T	Silent;Missense	-0.996423635
723	TRIM28	A99T;A100T	Missense;Missense	1.7395108804648522
724	TRIM28	A100T	Missense	0.8519145130248243
725	TRIM28	P97P;A98V	Silent;Missense	-0.308133533
726	TRIM28	A98V;A99V	Missense;Missense	-0.340629468
727	TRIM28	A98V;A99V	Missense;Missense	-0.670939576
728	TRIM28	S102N	Missense	-0.183718697
729	TRIM28	A98A;A99V	Silent;Missense	1.511149983213112
730	TRIM28	S102N	Missense	1.5151922146994603
731	TRIM28	S102N	Missense	0.9833192975725517
732	TRIM28	S102N;S103S	Missense;Silent	0.765614511
733	TRIM28	A100V	Missense	-0.320460397
734	TRIM28	S103S;G104K	Silent;Missense	0.4689864301786982
735	TRIM28	N101N	Silent	-0.091228756
736	TRIM28	N101N;S102S	Silent;Silent	-0.562714013
737	TRIM28	G104E;D105N	Missense;Missense	-1.162579023
738	TRIM28	N101N;S102S	Silent;Silent	-0.036785203
739	TRIM28	G106N	Missense	-0.537586572
740	TRIM28	S102S;S103L	Silent;Missense	0.867332963
741	TRIM28		No Mutation	-0.377833089
742	TRIM28		No Mutation	-1.044441151
743	TRIM28	G106G	Silent	-0.431872424
744	TRIM28	A108V;A109V	Missense;Missense	-0.409099472
745	TRIM28		No Mutation	0.4008862472209029
746	TRIM28	(NC)	Intron	-0.333353685
747	TRIM28	(NC);(NC);(NC)	Intron;Intron;Intron	-1.887758705
748	TRIM28	(NC)	Intron	-0.432000849
749	TRIM28	(NC)	Intron	-0.367800462
750	TRIM28	(NC);(NC);(NC)	Intron;Intron;Intron	-1.216461947
751	TRIM28	V114V;V115I	Silent;Missense	-0.199000549
752	TRIM28	V114V;V115I;D116N	Silent;Missense;Missense	0.6395389451787403
753	TRIM28	Q123Q;C124Y	Silent;Missense	-0.95679593
754	TRIM28	Q123Q;C124Y	Silent;Missense	-0.558698892
755	TRIM28	C124C;F125F	Silent;Silent	-0.241901351
756	TRIM28	E131E	Silent	-1.204082469
757	TRIM28		No Mutation	-0.303628066
758	TRIM28	R136C	Missense	-1.395742531
759	TRIM28	A142V	Missense	-0.128014505
760	TRIM28	A149T	Missense	0.8076912879151622
761	TRIM28	D145D;A146V;Q147*	Silent;Missense;Nonsense	0.1896554411284505
762	TRIM28	A149A	Silent	-0.645112268
763	TRIM28	Q151Q;(NC);(NC)	Silent;Splice-donor;Intron	-1.520845653
764	TRIM28	Q151Q;(NC);(NC)	Silent;Splice-donor;Intron	1.0328293954197223
765	TRIM28	(NC)	Intron	0.5717645547741798
766	TRIM28	(NC);(NC)	Intron;Splice-acceptor	0.5707807455622547
767	TRIM28	(NC);C152Y	Splice-acceptor;Missense	-0.572138866
768	TRIM28	C152Y;C153Y	Missense;Missense	-0.449520275
769	TRIM28	C152C	Silent	-0.150841962
770	TRIM28	A162V	Missense	1.4801438753575211
771	TRIM28	C166Y	Missense	-1.788685706
772	TRIM28	C166Y;V167M	Missense;Missense	0.4766193240680219
773	TRIM28	C166Y;V167M	Missense;Missense	0.6123452935829075
774	TRIM28	V167V;E168K	Silent;Missense	-0.641799087
775	TRIM28	S164S;Y165Y	Silent;Silent	0.6519670562446117
776	TRIM28	E168E;C169Y	Silent;Missense	-0.196892415
777	TRIM28		No Mutation	0.3820312384430535
778	TRIM28	C177Y;V178I	Missense;Missense	-1.403437642
779	TRIM28		No Mutation	0.6740711059891694
780	TRIM28		No Mutation	1.0175502858383396
781	TRIM28	Q182Q	Silent	0.5136439462429858
782	TRIM28	R183W	Missense	0.6533342547641338
783	TRIM28		No Mutation	0.3583320726057629
784	TRIM28	V192V;R193H	Silent;Missense	-0.449965773
785	TRIM28	H190Y;T191I	Missense;Missense	1.6523676337503832
786	TRIM28	G196R	Missense	-1.739286459
787	TRIM28	R193C;S194F	Missense;Missense	0.8650061201643784
788	TRIM28	T195I	Missense	-0.024301243
789	TRIM28	T195I	Missense	-0.916304364
790	TRIM28		No Mutation	-1.003874685
791	TRIM28	(NC)	Intron	-0.65753356
792	TRIM28	(NC)	Intron	0.05201983
793	TRIM28		No Mutation	0.7188910610784771
794	TRIM28		No Mutation	0.1033036292162873
795	TRIM28		No Mutation	-0.742578201
796	TRIM28		No Mutation	-0.063993719
797	TRIM28	A198T	Missense	1.019623644791376
798	TRIM28	A198T	Missense	0.3625517213167886
799	TRIM28	(NC)	Intron	-0.522392008
800	TRIM28	P197S	Missense	0.9928957494907176
801	TRIM28	K199K	Silent	-0.836201477
802	TRIM28	K199K	Silent	-0.455728983
803	TRIM28	P197L;A198V	Missense;Missense	2.4607753433628856
804	TRIM28	R201Q	Missense	1.0706635656349934
805	TRIM28	D202N;G203N	Missense;Missense	0.4752641430482782
806	TRIM28	G203D;E204K	Missense;Missense	-1.034793158
807	TRIM28	C221Y;E222K	Missense;Missense	0.9703450383100845
808	TRIM28	C221Y;E222K	Missense;Missense	-1.822862996
809	TRIM28	E222K	Missense	0.2920025151072735
810	TRIM28	Q233Q	Silent	2.230430324078773
811	TRIM28	A236T	Missense	-0.63074303
812	TRIM28	C232C;Q233*;L234F	Silent;Nonsense;Missense	0.4131472030319159
813	TRIM28	K238K;D239N	Silent;Missense	-0.039248396
814	TRIM28	(NC);(NC)	Splice-donor;Intron	-0.469678797
815	TRIM28	(NC);(NC);(NC)	Splice-donor;Intron;Intron	-0.506654199
816	TRIM28	D239D;H240Y	Silent;Missense	0.4309007157065821
817	TRIM28	(NC);(NC)	Intron;Intron	-0.051529373
818	TRIM28		No Mutation	0.5685771981651284
819	TRIM28	(NC)	Intron	-0.280042661
820	TRIM28	(NC);(NC);(NC)	Intron;Intron;Intron	0.3340548951285267
821	TRIM28	(NC);(NC);(NC)	Intron;Intron;Intron	-0.16104712
822	TRIM28	(NC);(NC)	Intron;Intron	-0.515697167
823	TRIM28	F244F	Silent	0.27265302
824	TRIM28	A248T;V249M	Missense;Missense	0.9677156582480344
825	TRIM28	N251N;Q252*	Silent;Nonsense	-0.703049599
826	TRIM28	R253R;L255F	Silent;Missense	0.6672029149650915
827	TRIM28	L256L;A257T	Silent;Missense	-0.198559105
828	TRIM28	V260V;K261K	Silent;Silent	0.3609970379507899
829	TRIM28	S258L;L259L	Missense;Silent	0.8071699204190598
830	TRIM28	S258L;L259L	Missense;Silent	0.5997851478206249
831	TRIM28	L259L	Silent	-0.041461095
832	TRIM28	R262H	Missense	0.2190946178221581
833	TRIM28	A268T	Missense	0.127910665
834	TRIM28	Q271*	Nonsense	2.63576311786974
835	TRIM28	Q271*	Nonsense	-0.241635107
836	TRIM28	S279N;(NC)	Missense;Splice-donor	-0.163703501
837	TRIM28	R278C	Missense	-0.842658992
838	TRIM28	R278C	Missense	0.0091085
839	TRIM28	S279S;S280L	Silent;Missense	-0.814757755
840	TRIM28	S280L	Missense	-1.035618952
841	TRIM28	S280L	Missense	-0.747064579
842	TRIM28		No Mutation	1.3592374428951794
843	TRIM28		No Mutation	0.3192106781985461
844	TRIM28		No Mutation	0.8736509328047991
845	TRIM28	(NC)	Splice-acceptor	-0.657079369
846	TRIM28	(NC);(NC);(NC)	Intron;Intron;Intron	0.2517182045299666
847	TRIM28	Q283Q;V284I	Silent;Missense	-1.589749486
848	TRIM28	Q283Q;V284I	Silent;Missense	0.4959669925421778
849	TRIM28	V284I	Missense	0.8208546308228221
850	TRIM28	V287I	Missense	0.4428383077599316
851	TRIM28	Q288Q	Silent	-0.078970385
852	TRIM28	Q288*	Nonsense	0.084266775
853	TRIM28	Q292*	Nonsense	0.09559898
854	TRIM28	A298A;I299I;L300L	Silent;Silent;Silent	0.2711823786991111
855	TRIM28	M303I;K304K	Missense;Silent	0.044767583
856	TRIM28	K304K;E305K	Silent;Missense	0.0612513072161462
857	TRIM28		No Mutation	0.8771944631486148
858	TRIM28		No Mutation	-1.307952322
859	TRIM28		No Mutation	-0.674462609
860	TRIM28	R309W	Missense	0.054162066
861	TRIM28	L313L	Silent	-0.279112251
862	TRIM28	D316N;A317T	Missense;Missense	1.3197710177016346
863	TRIM28	A317A;Q318*	Silent;Nonsense	-0.239236936
864	TRIM28	(NC);(NC)	Intron;Intron	0.3009234735093947
865	TRIM28	(NC);(NC);(NC)	Intron;Intron;Intron	0.5293287018221084
866	TRIM28	(NC);(NC)	Intron;Intron	0.3946388022885487
867	TRIM28	(NC);(NC)	Intron;Intron	0.4890694913729574
868	TRIM28	(NC)	Intron	-0.548740056
869	TRIM28	(NC);(NC);(NC)	Intron;Intron;Intron	-1.177634383
870	TRIM28	K319K;V320I	Silent;Missense	0.1219413678486218
871	TRIM28	(NC);(NC)	Intron;Intron	-0.390333544
872	TRIM28	(NC);(NC)	Intron;Intron	-0.499033766
873	TRIM28	(NC)	Intron	-0.019803965
874	TRIM28		No Mutation	1.5553759448949651
875	TRIM28	Q324*	Nonsense	-0.184292511
876	TRIM28	Q325*	Nonsense	-0.132386897
877	TRIM28	R327R;L328L	Silent;Silent	0.0172349968344532
878	TRIM28	W333*	Nonsense	-2.460610212
879	TRIM28	Q339Q;K340K	Silent;Silent	1.1604797317202558
880	TRIM28	T336T	Silent	2.167640896089261
881	TRIM28	Q342Q	Silent	-0.814212231
882	TRIM28	E343E	Silent	0.8316660281835364
883	TRIM28	L346L;R347H	Silent;Missense	-0.437059204
884	TRIM28	L346L	Silent	-0.086713304
885	TRIM28	L346L;R347C	Silent;Missense	1.1790712864252912
886	TRIM28	R347R	Silent	1.4560961167981947
887	TRIM28	E354E;S355N	Silent;Missense	-0.907501834
888	TRIM28	K365K;K366K	Silent;Silent	0.701168384
889	TRIM28	K365K;K366K	Silent;Silent	-0.168745575
890	TRIM28		No Mutation	0.2474075686277019
891	TRIM28		No Mutation	-0.273958377
892	TRIM28		No Mutation	-0.66474815
893	TRIM28		No Mutation	0.095768594
894	TRIM28	(NC)	Intron	-0.596228897
895	TRIM28		No Mutation	-1.14043389
896	TRIM28	(NC)	Splice-acceptor	-0.994752867
897	TRIM28	(NC)	Splice-acceptor	-0.873620133
898	TRIM28		No Mutation	1.1575119998701535
899	TRIM28	Q371Q	Silent	0.4586708002499271
900	TRIM28	I368I;Y369Y	Silent;Silent	0.5363424659472631
901	TRIM28	I368I;Y369Y	Silent;Silent	0.7542783981392617
902	TRIM28	Q371Q;L372L	Silent;Silent	-1.160695258
903	TRIM28		No Mutation	0.5678727980486011
904	TRIM28	A375V;L376F	Missense;Missense	-1.222722827
905	TRIM28	M378I;V380M	Missense;Missense	0.4853170565793565
906	TRIM28	V380V;D381N	Silent;Missense	-0.17864033
907	TRIM28		No Mutation	-0.343069639
908	TRIM28	V380V;D381N	Silent;Missense	-0.12974457
909	TRIM28	P382F	Missense	-0.419072398
910	TRIM28	G387N;E388K	Missense;Missense	-1.197191872
911	TRIM28	G387D;E388K	Missense;Missense	-0.286549875
912	TRIM28	K390K	Silent	-0.200244075
913	TRIM28	G387G	Silent	-0.696750872
914	TRIM28	G387G	Silent	2.2682115450297893
915	TRIM28		No Mutation	-3.194890378
916	TRIM28	K400K	Silent	-1.02889435
917	TRIM28	A397A	Silent	1.0931641997612314
918	TRIM28	E403K	Missense	-0.929076867
919	TRIM28		No Mutation	-0.114394309
920	TRIM28	A402V	Missense	-1.499265417
921	TRIM28	A402V	Missense	0.428674193
922	TRIM28		No Mutation	0.3326624193167529
923	TRIM28	(NC);(NC)	Intron;Intron	-0.392652839
924	TRIM28	(NC)	Intron	-1.028841367
925	TRIM28		No Mutation	-0.568630606
926	TRIM28	P413F	Missense	0.6424931169804398
927	TRIM28	G419N	Missense	0.8561169408255804
928	TRIM28	T418I	Missense	-0.498417451
929	TRIM28		No Mutation	-0.337407088
930	TRIM28		No Mutation	-1.914069238
931	TRIM28	A424V;P425F	Missense;Missense	0.2507377245465333
932	TRIM28	R427K;A428T	Missense;Missense	0.9028244634003773
933	TRIM28	A424V;P425F	Missense;Missense	0.3896620837683907
934	TRIM28	R427K;A428T	Missense;Missense	-0.606703815
935	TRIM28	G430K	Missense	-0.425273837
936	TRIM28	G430K	Missense	-0.195765382
937	TRIM28	G430K	Missense	0.1836172374148099
938	TRIM28		No Mutation	1.410990692416645
939	TRIM28	P431S	Missense	-0.984112638
940	TRIM28	P431F	Missense	-0.92145421
941	TRIM28	S433N;K434K	Missense;Silent	-0.058918013
942	TRIM28	K434K	Silent	-0.437677822
943	TRIM28	K434K	Silent	0.9426085722749332
944	TRIM28	L432L	Silent	-0.153530681
945	TRIM28	G436N	Missense	-0.821219479
946	TRIM28	G436D	Missense	-0.214042883
947	TRIM28	G438S	Missense	-0.084730908
948	TRIM28	G436G	Silent	-0.472983777
949	TRIM28	G438G;S439S	Silent;Silent	0.3558956628661445
950	TRIM28	S440S;Q441*	Silent;Nonsense	2.5968930217384285
951	TRIM28	(NC);(NC);(NC)	Intron;Intron;Intron	-1.93186475
952	TRIM28	(NC)	Intron	-1.257041498
953	TRIM28	(NC)	Intron	-1.165773991
954	TRIM28		No Mutation	0.2558125333290901
955	TRIM28	(NC);P442S	Intron;Missense	-0.559329476
956	TRIM28	P442F	Missense	-0.872563101
957	TRIM28		No Mutation	0.2168157626536001
958	TRIM28	E447K;G448N	Missense;Missense	0.1173944575518706
959	TRIM28	G448N	Missense	0.3628376685244368
960	TRIM28	Q446*	Nonsense	-0.154406114
961	TRIM28		No Mutation	0.2529004780841688
962	TRIM28	G448G	Silent	2.423779098380113
963	TRIM28	G450G	Silent	0.2096619280267073
964	TRIM28	G450G	Silent	-0.101778861
965	TRIM28		No Mutation	-1.47711982
966	TRIM28		No Mutation	2.262800348593891
967	TRIM28		No Mutation	0.002444886
968	TRIM28	(NC)	Intron	-0.460205187
969	TRIM28		No Mutation	-0.128396268
970	TRIM28	D456N	Missense	1.9524073655418488
971	TRIM28	E462K	Missense	-0.68752911
972	TRIM28	E462E	Silent	-0.415012873
973	TRIM28	A461V	Missense	0.2717315368509806
974	TRIM28		No Mutation	-0.067723237
975	TRIM28	V468I	Missense	-0.639880004
976	TRIM28	V468V	Silent	-1.302195071
977	TRIM28	V468V	Silent	-0.62365214
978	TRIM28		No Mutation	-0.332208116
979	TRIM28		No Mutation	0.9490259130076462
980	TRIM28		No Mutation	0.475818521
981	TRIM28		No Mutation	-0.247012934
982	TRIM28		No Mutation	-0.717728907
983	TRIM28	(NC)	Intron	1.1896018278743288
984	TRIM28	(NC)	Splice-acceptor	0.470234388
985	TRIM28	(NC)	Intron	-0.2096092
986	TRIM28	(NC)	Intron	-0.387232193
987	TRIM28	S471F	Missense	-0.213775883
988	TRIM28	S471S;R472C	Silent;Missense	0.1986332819116196
989	TRIM28	G476D;E477K	Missense;Missense	1.2953539650240826
990	TRIM28	E477K;V478M	Missense;Missense	-0.754912066
991	TRIM28		No Mutation	-0.025538218
992	TRIM28	S479S	Silent	-1.233920639
993	TRIM28	V485V	Silent	0.0530494352216761
994	TRIM28		No Mutation	0.8046029135483423
995	TRIM28	E491K;R492H	Missense;Missense	0.9020834082822776
996	TRIM28	S489S;L490F	Silent;Missense	0.4658629220651299
997	TRIM28	L495L;D496N	Silent;Missense	-0.470391652
998	TRIM28	A499T	Missense	2.045318933
999	TRIM28	D500N	Missense	-0.229740303
1000	TRIM28	Q502Q	Silent	0.8669340326568851
1001	TRIM28	S501S;Q502*;P503S	Silent;Nonsense;Missense	-0.293988511
1002	TRIM28	K507K;V508I	Silent;Missense	0.8161384415555586
1003	TRIM28	V505V	Silent	-1.486115485
1004	TRIM28	V508I	Missense	0.305748819
1005	TRIM28		No Mutation	1.8148554291058367
1006	TRIM28		No Mutation	0.5255630399434762
1007	TRIM28	F509F;P510L	Silent;Missense	0.1775524256385161
1008	TRIM28	E515K;D516N	Missense;Missense	0.7952578752828323
1009	TRIM28	E515K;D516N	Missense;Missense	-0.387299333
1010	TRIM28		No Mutation	0.4487173189006612
1011	TRIM28	L519F	Missense	-1.246392952
1012	TRIM28	R524H;G525S	Missense;Missense	-0.407355732
1013	TRIM28	A526V;A527V	Missense;Missense	-0.873126623
1014	TRIM28	A529V;A530V	Missense;Missense	-0.852560959
1015	TRIM28	A529V;A530V	Missense;Missense	0.6177618345942929
1016	TRIM28	G532D;Q533Q	Missense;Silent	1.3326308794616777
1017	TRIM28	A537T	Missense	1.4611174554664066
1018	TRIM28	P534L	Missense	0.4162467179348915
1019	TRIM28	A537A;A539T	Silent;Missense	2.233058717445732
1020	TRIM28	A539T;G540K	Missense;Missense	0.3996119992710544
1021	TRIM28	A537V;P538F	Missense;Missense	-0.402893971
1022	TRIM28	G543N;A544T	Missense;Missense	0.9748217974976882
1023	TRIM28	T541T;P542F	Silent;Missense	0.9156039304086336
1024	TRIM28	A544V	Missense	1.1108194610404625
1025	TRIM28	L547L	Silent	-0.524321281
1026	TRIM28	L547L;A548T	Silent;Missense	-1.2934539
1027	TRIM28	L547L;A548T	Silent;Missense	-0.019651867
1028	TRIM28	A544A;P545L;P546S	Silent;Missense;Missense	-0.305445892
1029	TRIM28	G549D;M550I	Missense;Missense	0.1785805000763958
1030	TRIM28	M550I;A551T	Missense;Missense	-0.665509543
1031	TRIM28	M550I;A551T	Missense;Missense	-0.310896126
1032	TRIM28	A551T	Missense	-0.329649154
1033	TRIM28		No Mutation	1.4062027590631807
1034	TRIM28	G549G	Silent	-0.498662262
1035	TRIM28	V553I	Missense	0.7388305673572892
1036	TRIM28	(NC);(NC)	Intron;Intron	-1.160569318
1037	TRIM28		No Mutation	0.009374838
1038	TRIM28	(NC);(NC);(NC)	Intron;Intron;Intron	0.2494877684246633
1039	TRIM28	(NC);(NC)	Intron;Intron	0.3934837023947883
1040	TRIM28	(NC)	Intron	0.8862642965833732
1041	TRIM28	(NC);(NC)	Intron;Splice-acceptor	-0.532993504
1042	TRIM28	(NC);(NC);(NC)	Intron;Intron;Intron	0.074147896
1043	TRIM28	(NC);(NC);E555K	Intron;Splice-acceptor;Missense	-1.023507703
1044	TRIM28	(NC);(NC)	Intron;Intron	0.383390271064526
1045	TRIM28		No Mutation	0.2753466740139366
1046	TRIM28	A564A;P565F;P566S	Silent;Missense;Missense	0.4087206596710453
1047	TRIM28	P565F;P566F	Missense;Missense	-0.511618156
1048	TRIM28	E570K	Missense	-0.757875429
1049	TRIM28	E570K;G571S	Missense;Missense	0.072799417
1050	TRIM28	E570K;G571N	Missense;Missense	-0.039228332
1051	TRIM28	G571N	Missense	1.0639624761621267
1052	TRIM28	E573E	Silent	0.022288614
1053	TRIM28	T574I	Missense	-0.128509855
1054	TRIM28	V577I	Missense	-0.991874457
1055	TRIM28	V577I	Missense	0.2474275841706139
1056	TRIM28	M579I;A580T	Missense;Missense	0.1332748357391356
1057	TRIM28	L578F	Missense	-0.681511156
1058	TRIM28	L578F	Missense	-0.367302824
1059	TRIM28	L578F	Missense	1.675009299
1060	TRIM28	A582T	Missense	-0.499315147
1061	TRIM28	A580V;L581F	Missense;Missense	0.4336946055115639
1062	TRIM28		No Mutation	0.233313501311788
1063	TRIM28		No Mutation	-0.136602171
1064	TRIM28	A587V	Missense	1.2427972230806188
1065	TRIM28	R591H	Missense	1.4154492421207194
1066	TRIM28	R591C;L592L	Missense;Silent	-0.261249233
1067	TRIM28	S596N	Missense	0.5159344641797576
1068	TRIM28	S596N	Missense	-0.38799797
1069	TRIM28	S596N;G597S	Missense;Missense	-0.064535136
1070	TRIM28	G597N	Missense	1.1454225846676862
1071	TRIM28	S598N	Missense	0.2748464476842149
1072	TRIM28		No Mutation	1.047263473469659
1073	TRIM28	G597G	Silent	-0.007996676
1074	TRIM28	S600N	Missense	0.283097363
1075	TRIM28	G597G;S598S	Silent;Silent	-0.096063634
1076	TRIM28	S598S;T599I	Silent;Missense	-1.797918212
1077	TRIM28	T599T;S600S	Silent;Silent	-0.012652446
1078	TRIM28	S600S;S601L	Silent;Missense	-0.595062246
1079	TRIM28	E604E;V605I	Silent;Missense	3.556802347270299
1080	TRIM28		No Mutation	-1.144403862
1081	TRIM28		No Mutation	-0.530399551
1082	TRIM28		No Mutation	0.7397051934219983
1083	TRIM28	T611I	Missense	1.8492296096119325
1084	TRIM28	A613T	Missense	0.5754516002306174
1085	TRIM28	T611I;S612L	Missense;Missense	0.5929045127359664
1086	TRIM28	A613V;P614S	Missense;Missense	0.8591660640314533
1087	TRIM28	A613V;P614L	Missense;Missense	0.7926208586928393
1088	TRIM28	G616D;G617N	Missense;Missense	-0.422621218
1089	TRIM28	P618P;G619K	Silent;Missense	0.7704800178378062
1090	TRIM28		No Mutation	0.9359740724572232
1091	TRIM28	P618P;G619K	Silent;Missense	2.137499098943965
1092	TRIM28	G619K	Missense	0.5074226743814827
1093	TRIM28	D623N	Missense	1.0503000827498767
1094	TRIM28	D623N;S624N	Missense;Missense	0.1309757509830774
1095	TRIM28		No Mutation	-0.363852881
1096	TRIM28		No Mutation	0.4393108039828727
1097	TRIM28	C631Y	Missense	0.3777962602029096
1098	TRIM28	C631Y;Q632Q	Missense;Silent	-0.726936762
1099	TRIM28	R629C	Missense	-0.59318957
1100	TRIM28	K633K;G635S	Silent;Missense	0.9871238525913248
1101	TRIM28	C631C;Q632*	Silent;Nonsense	-0.157826856
1102	TRIM28	L637L;V638I	Silent;Missense	0.7411699724010614
1103	TRIM28	M639I;C640Y	Missense;Missense	0.1106512222264506
1104	TRIM28		No Mutation	1.292325841305051
1105	TRIM28	H648H;L649L	Silent;Silent	0.6694831166424733
1106	TRIM28	L653L	Silent	0.1294527411450675
1107	TRIM28	L653L;P654P;A655T	Silent;Silent;Missense	0.9379230252099832
1108	TRIM28	H652Y;L653L	Missense;Silent	-0.792349698
1109	TRIM28	Q657Q;D658N;V659I	Silent;Missense;Missense	0.2307309481307322
1110	TRIM28	A655V;L656L	Missense;Silent	-0.000404197
1111	TRIM28	A655V;L656L	Missense;Silent	-0.753183736
1112	TRIM28	V659I	Missense	3.077287706639687
1113	TRIM28	G661K;(NC)	Missense;Splice-donor	-0.224632192
1114	TRIM28	G661K;(NC)	Missense;Splice-donor	-0.121038553
1115	TRIM28	P660L	Missense	0.2601922025751192
1116	TRIM28	P660L	Missense	-0.162537008
1117	TRIM28		No Mutation	0.5158797965975486
1118	TRIM28		No Mutation	-0.408117458
1119	TRIM28		No Mutation	-0.409887448
1120	TRIM28	(NC);(NC);(NC)	Intron;Intron;Intron	-2.20840199
1121	TRIM28		No Mutation	0.097584823
1122	TRIM28		No Mutation	0.2918781225380888
1123	TRIM28	(NC)	Splice-acceptor	0.126720269
1124	TRIM28	(NC);(NC)	Intron;Intron	-0.969565596
1125	TRIM28	W664*;S665N	Nonsense;Missense	-1.032306176
1126	TRIM28	S665N;C666Y	Missense;Missense	-1.149018917
1127	TRIM28	L672F	Missense	-0.220503722
1128	TRIM28	L672F;P673S	Missense;Missense	-1.219748507
1129	TRIM28	L675L	Silent	0.4808206451372068
1130	TRIM28	L672L;P673F	Silent;Missense	-0.403739564
1131	TRIM28	D674D;L675L	Silent;Silent	0.1402968874361131
1132	TRIM28	E677E;E678K;D679N	Silent;Missense;Missense	-0.045042765
1133	TRIM28	E678K;D679N	Missense;Missense	-1.57615493
1134	TRIM28	G680N	Missense	0.6403137267077955
1135	TRIM28		No Mutation	0.4123499950993143
1136	TRIM28	G680G	Silent	-0.312017497
1137	TRIM28	A687T;D688N	Missense;Missense	-0.466204398
1138	TRIM28		No Mutation	1.871663268187604
1139	TRIM28	S689N	Missense	-0.491677837
1140	TRIM28	A687V	Missense	0.083069711
1141	TRIM28	D688D	Silent	-0.686326801
1142	TRIM28	L696L;S697L	Silent;Missense	1.157076314366718
1143	TRIM28		No Mutation	-0.621891491
1144	TRIM28	L696L;S697L;P698S	Silent;Missense;Missense	1.371070888795744
1145	TRIM28	P698L;A699V	Missense;Missense	0.4338381860617974
1146	TRIM28	A699V	Missense	0.2179265208633229
1147	TRIM28	N700N;Q701*	Silent;Nonsense	1.8095905573130344
1148	TRIM28	(NC);(NC);(NC)	Splice-donor;Intron;Intron	0.4028023217142078
1149	TRIM28	N700N;Q701*	Silent;Nonsense	1.153116471063116
1150	TRIM28	N700N;Q701*;R702W	Silent;Nonsense;Missense	0.1479395330139054
1151	TRIM28	(NC);(NC);(NC)	Intron;Intron;Intron	0.5492902362786534
1152	TRIM28	(NC);(NC);(NC);(NC)	Intron;Intron;Intron;Intron	-1.615040157
1153	TRIM28		No Mutation	0.6208745830765949
1154	TRIM28	(NC)	Intron	0.9801439505793648
1155	TRIM28	(NC)	Intron	-0.003555582
1156	TRIM28	(NC)	Splice-acceptor	-2.5480273
1157	TRIM28	(NC)	Splice-acceptor	-0.843250533
1158	TRIM28		No Mutation	0.6860462283037299
1159	TRIM28		No Mutation	0.7082332559755296
1160	TRIM28		No Mutation	-0.309262686
1161	TRIM28	C717C;R718C;P719S	Silent;Missense;Missense	-0.116004914
1162	TRIM28		No Mutation	-0.438433038
1163	TRIM28	Q722Q	Silent	1.2019306516337285
1164	TRIM28	Q722Q;L723L;A724T	Silent;Silent;Missense	-1.646685727
1165	TRIM28	L723L;A724T	Silent;Missense	-0.068940582
1166	TRIM28	A724T	Missense	-0.136920258
1167	TRIM28		No Mutation	-0.122881719
1168	TRIM28	D726N	Missense	-1.1406
1169	TRIM28	T725T;D726D	Silent;Silent	-0.35599644
1170	TRIM28	L731L	Silent	0.6455200990315012
1171	TRIM28	F729F;S730F	Silent;Missense	-0.224042789
1172	TRIM28	(NC);(NC)	Intron;Intron	-0.027135683
1173	TRIM28	(NC)	Intron	-0.275374833
1174	TRIM28	S730S;L731L	Silent;Silent	0.1094571665295616
1175	TRIM28	L731L	Silent	-0.695650394
1176	TRIM28	(NC);(NC);(NC)	Intron;Intron;Intron	0.4028160311126623
1177	TRIM28	(NC)	Intron	0.7245547050974798
1178	TRIM28	(NC);(NC);(NC)	Intron;Intron;Intron	-1.366707195
1179	TRIM28	(NC);(NC)	Intron;Intron	2.277867296162416
1180	TRIM28	(NC);(NC)	Intron;Intron	-0.346885753
1181	TRIM28		No Mutation	0.3785726885602537
1182	TRIM28	(NC);(NC)	Intron;Intron	1.6190230487051187
1183	TRIM28	(NC);(NC)	Intron;Intron	-0.166100904
1184	TRIM28	G735N;G736S	Missense;Missense	1.0456728498373449
1185	TRIM28	D732D;Q733*;P734S	Silent;Nonsense;Missense	-0.332325205
1186	TRIM28	L738L;D739N	Silent;Missense	0.3709789127049844
1187	TRIM28	D739N	Missense	0.008427385
1188	TRIM28	L740L	Silent	1.0550560719671769
1189	TRIM28	L742L	Silent	-0.616344334
1190	TRIM28	L742L	Silent	0.2686178813202344
1191	TRIM28	I743I;R744C	Silent;Missense	-0.191275759
1192	TRIM28	R746H	Missense	-0.310571199
1193	TRIM28		No Mutation	-0.017275983
1194	TRIM28	Q748Q;E749K	Silent;Missense	-0.404244459
1195	TRIM28	K750K;L751L	Silent;Silent	-0.484613845
1196	TRIM28	K750K;L751L	Silent;Silent	0.8375815348945979
1197	TRIM28	L751L	Silent	0.042660983
1198	TRIM28		No Mutation	-0.384518017
1199	TRIM28	P754F	Missense	0.2984814344707732
1200	TRIM28		No Mutation	0.5352910564641536
1201	TRIM28	Q759Q;E760K	Silent;Missense	0.3708496856332202
1202	TRIM28	Q759Q;E760K	Silent;Missense	-1.250193403
1203	TRIM28	S757S;P758L;Q759*	Silent;Missense;Nonsense	0.082784119
1204	TRIM28	Q763Q	Silent	1.5301955713814546
1205	TRIM28		No Mutation	-0.133234162
1206	TRIM28	Q763Q;D764N	Silent;Missense	-0.051888622
1207	TRIM28		No Mutation	-0.642887269
1208	TRIM28	Q763Q;D764N	Silent;Missense	-1.954618581
1209	TRIM28	R767H;M768I	Missense;Missense	-0.689753811
1210	TRIM28	M768I	Missense	-0.731771733
1211	TRIM28		No Mutation	-0.549075179
1212	TRIM28	F772F	Silent	-0.058959751
1213	TRIM28	T776I	Missense	-0.056102034
1214	TRIM28		No Mutation	-0.313638861
1215	TRIM28	(NC);(NC)	Intron;Intron	-0.386947708
1216	TRIM28	(NC)	Intron	-1.757617365
1217	TRIM28	(NC);(NC)	Intron;Intron	-1.111833168
1218	TRIM28	(NC);(NC)	Intron;Intron	-0.560129877
1219	TRIM28	K779K	Silent	-0.134509532
1220	TRIM28	V782I	Missense	1.247014382
1221	TRIM28	V782I	Missense	-0.806531595
1222	TRIM28	D781D	Silent	1.7363349072346377
1223	TRIM28	Q789Q;R790H	Silent;Missense	0.7225405331573622
1224	TRIM28	R795C	Missense	0.3164512631827233
1225	TRIM28	K804K	Silent	-1.092806832
1226	TRIM28	T803T	Silent	-0.070677798
1227	TRIM28	F805F	Silent	-0.054254974
1228	TRIM28	V808V;L809L	Silent;Silent	0.2931774490492358
1229	TRIM28	P813L;P814L	Missense;Missense	0.6949226600580461
1230	TRIM28	L817L	Silent	-0.265880271
1231	TRIM28	L817L	Silent	-0.369271849
1232	TRIM28	L817L;G819S	Silent;Missense	0.2615993897050789
1233	TRIM28		No Mutation	-0.487210619
1234	TRIM28	G819N	Missense	0.096422469
1235	TRIM28	G819N;A820T	Missense;Missense	-0.102519826
1236	TRIM28	L822L	Silent	1.5524427967589085
1237	TRIM28	A820V	Missense	0.2345582413335236
1238	TRIM28	S823N	Missense	-0.64515152
1239	TRIM28	S824F	Missense	0.6267519311874412
1240	TRIM28	E826E;L827L	Silent;Silent	1.4293456998126102
1241	TRIM28	S824F;Q825*	Missense;Nonsense	0.1608016748613462
1242	TRIM28	L827L	Silent	-1.242256377
1243	TRIM28	G829D;G830N	Missense;Missense	-0.235299086
1244	TRIM28	G830N	Missense	0.2910927820553255
1245	TRIM28	S828F	Missense	-1.220203863
1246	TRIM28	P831F	Missense	0.060951445
1247	TRIM28		No Mutation	1.0978457850737149
1248	TRIM28	*836*;(NC)	Silent;UTR	-0.329400171
1249	TRIM28	*836*;(NC);(NC)	Silent;UTR;UTR	-1.655429825
1250	TRIM28		No Mutation	0.7449297114906562
1251	TRIM28		No Mutation	0.3256326822531531
1252	TRIM28		No Mutation	0.03893803
1253	TRIM28		No Mutation	-0.845874082
1254	MPHOSPH8	(NC)	UTR	0.432935915112967
1255	MPHOSPH8	(NC);(NC)	UTR;UTR	0.4018757779751661
1256	MPHOSPH8	(NC)	UTR	-1.104726841
1257	MPHOSPH8	(NC)	UTR	0.1127617735770223
1258	MPHOSPH8		No Mutation	-0.404807208
1259	MPHOSPH8		No Mutation	0.5613333209045984
1260	MPHOSPH8		No Mutation	1.5303693280312507
1261	MPHOSPH8		No Mutation	0.0173260094495611
1262	MPHOSPH8		No Mutation	-0.323320627
1263	MPHOSPH8	A17T	Missense	-0.900863841
1264	MPHOSPH8	D19N	Missense	-0.209956915
1265	MPHOSPH8	D19N;S20N	Missense;Missense	-0.12699437
1266	MPHOSPH8	A17V	Missense	0.7524346984979224
1267	MPHOSPH8	A18A;D19D	Silent;Silent	0.9575000041013266
1268	MPHOSPH8	E23E;L24L	Silent;Silent	-0.272924782
1269	MPHOSPH8	A25V	Missense	-0.916338847
1270	MPHOSPH8		No Mutation	-0.021738868
1271	MPHOSPH8	G30E;V31I	Missense;Missense	-0.906968938
1272	MPHOSPH8		No Mutation	0.2344975497208877
1273	MPHOSPH8		No Mutation	-0.737191227
1274	MPHOSPH8		No Mutation	0.6301908561643723
1275	MPHOSPH8	D39D;A40V	Silent;Missense	0.5908761425581293
1276	MPHOSPH8	A41V	Missense	0.048532313
1277	MPHOSPH8		No Mutation	1.7258301342920437
1278	MPHOSPH8	E46E;A47T	Silent;Missense	0.1256516542845837
1279	MPHOSPH8	A47V	Missense	-0.699017788
1280	MPHOSPH8	A47A	Silent	1.101926342967842
1281	MPHOSPH8	G49G	Silent	0.5194142352788735
1282	MPHOSPH8	E52E;E53K	Silent;Missense	-1.506549888
1283	MPHOSPH8	D50D	Silent	-0.285136889
1284	MPHOSPH8	D54D	Silent	-0.686891554
1285	MPHOSPH8		No Mutation	0.086140496
1286	MPHOSPH8	F59F	Silent	0.5151974510187523
1287	MPHOSPH8	I64I;L65L	Silent;Silent	0.1996834119536066
1288	MPHOSPH8	L65L	Silent	-1.967727605
1289	MPHOSPH8	D66D	Silent	0.008632515
1290	MPHOSPH8	D66D	Silent	-0.562519226
1291	MPHOSPH8	E70K;G71R	Missense;Missense	0.5141679882547687
1292	MPHOSPH8	T69I	Missense	-1.261176472
1293	MPHOSPH8	T69I	Missense	-0.338114349
1294	MPHOSPH8	T69I	Missense	-0.412172164
1295	MPHOSPH8	T69T	Silent	-0.242290967
1296	MPHOSPH8	(NC);(NC);(NC);(NC)	Intron;Intron;Intron;Intron	1.073002804153394
1297	MPHOSPH8		No Mutation	0.042466789
1298	MPHOSPH8		No Mutation	-0.287203275
1299	MPHOSPH8		No Mutation	0.2563355681441961
1300	MPHOSPH8		No Mutation	-0.028223187
1301	MPHOSPH8		No Mutation	0.4309402988730061
1302	MPHOSPH8	(NC)	Splice-acceptor	-1.277808632
1303	MPHOSPH8	L75F	Missense	-1.158771039
1304	MPHOSPH8	Y76Y	Silent	-0.958682975
1305	MPHOSPH8	R79R	Silent	-0.778853609
1306	MPHOSPH8	T84I;S85L	Missense;Missense	-0.693773546
1307	MPHOSPH8	S85L	Missense	-0.175290112
1308	MPHOSPH8	P92S	Missense	0.3360699850271571
1309	MPHOSPH8		No Mutation	0.4288653757350145
1310	MPHOSPH8	P92F	Missense	-1.056573081
1311	MPHOSPH8	E97K;D98N	Missense;Missense	-1.834957267
1312	MPHOSPH8	E97E;D98N	Silent;Missense	0.8789514965748876
1313	MPHOSPH8	E101K;V102M	Missense;Missense	0.2267241487094415
1314	MPHOSPH8		No Mutation	0.2871770345768443
1315	MPHOSPH8	N113N	Silent	1.927080792422089
1316	MPHOSPH8	A115V	Missense	0.233123920150321
1317	MPHOSPH8	K120K;D121N	Silent;Missense	0.94757621
1318	MPHOSPH8	V118V	Silent	-0.584003266
1319	MPHOSPH8		No Mutation	0.2048327712207274
1320	MPHOSPH8		No Mutation	-0.00260222
1321	MPHOSPH8		No Mutation	3.1042695619287395
1322	MPHOSPH8		No Mutation	0.4796812017793943
1323	MPHOSPH8		No Mutation	1.9155090500519416
1324	MPHOSPH8		No Mutation	0.4829442918682058
1325	MPHOSPH8	D180D	Silent	-0.896986622
1326	MPHOSPH8	E187E;S188N	Silent;Missense	-0.493188213
1327	MPHOSPH8	D185D;L186L	Silent;Silent	-1.371131572
1328	MPHOSPH8		No Mutation	1.4899422053316749
1329	MPHOSPH8	L190L;E191K	Silent;Missense	0.3794934605341999
1330	MPHOSPH8		No Mutation	-0.096355465
1331	MPHOSPH8	A206V	Missense	-0.51593875
1332	MPHOSPH8	K211K;E212K	Silent;Missense	-0.668381655
1333	MPHOSPH8		No Mutation	-0.107722637
1334	MPHOSPH8		No Mutation	1.0036928764314452
1335	MPHOSPH8		No Mutation	0.5940926251256051
1336	MPHOSPH8		No Mutation	2.1907098354019525
1337	MPHOSPH8		No Mutation	0.6160109397266257
1338	MPHOSPH8		No Mutation	-0.052693057
1339	MPHOSPH8		No Mutation	-0.325603357
1340	MPHOSPH8	P275L	Missense	0.0276862382583047
1341	MPHOSPH8	D278N;S279N	Missense;Missense	-0.098845073
1342	MPHOSPH8	P275L	Missense	-1.255290171
1343	MPHOSPH8	S279N	Missense	0.7162343090532448
1344	MPHOSPH8	E280K;G281K	Missense;Missense	-0.902260391
1345	MPHOSPH8	E289E	Silent	-0.576335452
1346	MPHOSPH8	A296V	Missense	-0.118392479
1347	MPHOSPH8	A296V	Missense	1.1811009097700316
1348	MPHOSPH8		No Mutation	-0.826328684
1349	MPHOSPH8		No Mutation	-1.061204765
1350	MPHOSPH8	A300V	Missense	1.6607981314737963
1351	MPHOSPH8	A300V	Missense	-0.898628633
1352	MPHOSPH8	Q302*	Nonsense	-0.160853346
1353	MPHOSPH8	D303D	Silent	-0.415084581
1354	MPHOSPH8	M318I;S319N	Missense;Missense	-1.021383096
1355	MPHOSPH8	M318I;S319N	Missense;Missense	-0.186636899
1356	MPHOSPH8	D315D	Silent	0.3498691981368642
1357	MPHOSPH8	M318I;S319N;A320T	Missense;Missense;Missense	0.1378894820920631
1358	MPHOSPH8	A317V	Missense	0.291789126
1359	MPHOSPH8	E322E;D323N	Silent;Missense	0.021841462
1360	MPHOSPH8		No Mutation	0.7665297916613333
1361	MPHOSPH8	T324I	Missense	0.1522840726580087
1362	MPHOSPH8	T324I	Missense	0.1547969395322381
1363	MPHOSPH8	R329K;R330K	Missense;Missense	-0.682141271
1364	MPHOSPH8		No Mutation	-0.943077637
1365	MPHOSPH8	T334I;P335S	Missense;Missense	-0.221867632
1366	MPHOSPH8	E339E;D340N	Silent;Missense	-0.780189207
1367	MPHOSPH8	E339E;D340N	Silent;Missense	-1.291942548
1368	MPHOSPH8	D340N	Missense	-0.004002641
1369	MPHOSPH8	D340D	Silent	0.3139198801042569
1370	MPHOSPH8	T358I	Missense	1.2105496917337846
1371	MPHOSPH8	S382F	Missense	0.6813923132884153
1372	MPHOSPH8	S382F;A383V	Missense;Missense	1.3796150576451454
1373	MPHOSPH8	T385T	Silent	-0.08621003
1374	MPHOSPH8	A383V;Q384*	Missense;Nonsense	-0.02221353
1375	MPHOSPH8	T385M	Missense	-1.280250369
1376	MPHOSPH8	G388D;R389Q	Missense;Missense	0.9984223490383816
1377	MPHOSPH8	R389Q	Missense	-0.685049802
1378	MPHOSPH8		No Mutation	-0.075401435
1379	MPHOSPH8	G388G	Silent	0.7603665374497511
1380	MPHOSPH8	G388G;R389W	Silent;Missense	-1.194930262
1381	MPHOSPH8	L391L;S392N	Silent;Missense	0.3054865954904963
1382	MPHOSPH8		No Mutation	-0.730022717
1383	MPHOSPH8		No Mutation	1.1259610432796154
1384	MPHOSPH8		No Mutation	-1.557467138
1385	MPHOSPH8	S400F	Missense	-0.365327043
1386	MPHOSPH8	A404T	Missense	0.6292795865704754
1387	MPHOSPH8	S400S;T401M	Silent;Missense	0.3580879401679322
1388	MPHOSPH8	D402D;S403L	Silent;Missense	-0.412314513
1389	MPHOSPH8	E405E;E406K	Silent;Missense	-1.621367472
1390	MPHOSPH8	D402D;S403L	Silent;Missense	-0.426660977
1391	MPHOSPH8	A404A	Silent	-0.613188584
1392	MPHOSPH8		No Mutation	2.3781368825987204
1393	MPHOSPH8		No Mutation	0.1079651273522165
1394	MPHOSPH8	(NC)	Intron	0.300520191195177
1395	MPHOSPH8		No Mutation	0.229836427338683
1396	MPHOSPH8		No Mutation	-0.430744155
1397	MPHOSPH8	H423Y	Missense	0.057589986
1398	MPHOSPH8	S425F	Missense	0.6409035571754244
1399	MPHOSPH8	G431G	Silent	1.6670551184996465
1400	MPHOSPH8	(NC);(NC)	Splice-donor;Intron	-0.584258206
1401	MPHOSPH8		No Mutation	-0.727045408
1402	MPHOSPH8		No Mutation	0.6307026098055833
1403	MPHOSPH8	S462F	Missense	0.8190060586932955
1404	MPHOSPH8		No Mutation	-0.256207206
1405	MPHOSPH8		No Mutation	1.4624444262283134
1406	MPHOSPH8	D479D	Silent	0.470029993708803
1407	MPHOSPH8	Q488*	Nonsense	-2.355900912
1408	MPHOSPH8	A504V	Missense	1.6552935305035388
1409	MPHOSPH8	A507V	Missense	0.310084289
1410	MPHOSPH8	A508V	Missense	0.1802877300678056
1411	MPHOSPH8	Q520*;A521V	Nonsense;Missense	-0.846550541
1412	MPHOSPH8	D526N	Missense	-0.004920738
1413	MPHOSPH8		No Mutation	-1.946641311
1414	MPHOSPH8	(NC)	Intron	0.3839864011537803
1415	MPHOSPH8		No Mutation	0.4020811880273554
1416	MPHOSPH8	Q530Q	Silent	-0.238340053
1417	MPHOSPH8	Q529*;Q530*	Nonsense;Nonsense	-1.210846504
1418	MPHOSPH8	Q529*;Q530*	Nonsense;Nonsense	-0.189127989
1419	MPHOSPH8	L532L	Silent	0.9973356911966732
1420	MPHOSPH8	G535G	Silent	-0.662081979
1421	MPHOSPH8	D537D	Silent	-0.134784049
1422	MPHOSPH8		No Mutation	0.7896348788000594
1423	MPHOSPH8	W542*;M543I	Nonsense;Missense	0.5464140711152103
1424	MPHOSPH8	F548F;Q549*	Silent;Nonsense	2.329812340866761
1425	MPHOSPH8	F548F;Q549*	Silent;Nonsense	-2.610880548
1426	MPHOSPH8	G554K	Missense	-0.65838622
1427	MPHOSPH8	E557K	Missense	-1.449379353
1428	MPHOSPH8	P566L	Missense	0.5934774793430926
1429	MPHOSPH8	(NC)	Intron	2.653189092
1430	MPHOSPH8		No Mutation	1.294378588812172
1431	MPHOSPH8		No Mutation	0.5358418041061829
1432	MPHOSPH8		No Mutation	0.2387077645210834
1433	MPHOSPH8		No Mutation	-0.799507229
1434	MPHOSPH8		No Mutation	-0.95659743
1435	MPHOSPH8		No Mutation	0.7433969745199112
1436	MPHOSPH8	(NC)	Intron	0.4095990281548659
1437	MPHOSPH8		No Mutation	2.7305875550734213
1438	MPHOSPH8	(NC);(NC);(NC)	Intron;Intron;Intron	1.7842075001502888
1439	MPHOSPH8	S600N;G601K	Missense;Missense	-1.411534336
1440	MPHOSPH8	S599F	Missense	-0.679648977
1441	MPHOSPH8	L604L;V605I	Silent;Missense	1.5172115513798454
1442	MPHOSPH8		No Mutation	-0.87873692
1443	MPHOSPH8	L607F	Missense	0.9745227943831458
1444	MPHOSPH8	L607F	Missense	0.1974180379027571
1445	MPHOSPH8	A608V	Missense	0.3133408584202037
1446	MPHOSPH8	Q613Q;D614N	Silent;Missense	-0.082084392
1447	MPHOSPH8	D615N	Missense	-0.060606344
1448	MPHOSPH8		No Mutation	-0.58278062
1449	MPHOSPH8		No Mutation	-1.428928755
1450	MPHOSPH8	R618*;L619F	Nonsense;Missense	-1.686579871
1451	MPHOSPH8		No Mutation	-0.129905951
1452	MPHOSPH8	G624G;A625V	Silent;Missense	0.3537773391679045
1453	MPHOSPH8	N628N	Silent	-0.945784994
1454	MPHOSPH8	N628N	Silent	0.4815713725466841
1455	MPHOSPH8	A641T	Missense	-0.80911453
1456	MPHOSPH8	A642T	Missense	-1.108960079
1457	MPHOSPH8	L638L;H640Y	Silent;Missense	-0.591726205
1458	MPHOSPH8	E643K	Missense	-0.908977825
1459	MPHOSPH8	E643K	Missense	-0.502279801
1460	MPHOSPH8	A641V;A642V	Missense;Missense	-1.714381065
1461	MPHOSPH8	(NC)	Splice-acceptor	-0.405157487
1462	MPHOSPH8	T649I	Missense	-0.365534581
1463	MPHOSPH8		No Mutation	1.6207162182534622
1464	MPHOSPH8	E668K	Missense	-0.344786084
1465	MPHOSPH8		No Mutation	-0.476152726
1466	MPHOSPH8		No Mutation	0.7030958455804929
1467	MPHOSPH8	(NC);A674T	Splice-acceptor;Missense	-1.386839443
1468	MPHOSPH8	(NC)	Intron	0.073549973
1469	MPHOSPH8	R684*;L685F	Nonsense;Missense	0.5540506697964478
1470	MPHOSPH8	L704L	Silent	0.3479384388474449
1471	MPHOSPH8	K708K;Q709Q	Silent;Silent	0.4882678134539888
1472	MPHOSPH8	K708K;Q709Q	Silent;Silent	0.098583098
1473	MPHOSPH8	A730V	Missense	0.3190555586034204
1474	MPHOSPH8	V748I	Missense	-0.45043324
1475	MPHOSPH8	A752T;C753Y	Missense;Missense	0.8358545052314693
1476	MPHOSPH8	R755Q	Missense	-0.107210729
1477	MPHOSPH8	H754Y	Missense	-1.407241054
1478	MPHOSPH8	H754Y	Missense	-0.999663684
1479	MPHOSPH8	D765N	Missense	-3.577029356
1480	MPHOSPH8	P771L;Q772*	Missense;Nonsense	0.089682447
1481	MPHOSPH8	E776K	Missense	-1.002586657
1482	MPHOSPH8	E776K	Missense	-1.075406993
1483	MPHOSPH8	E776K;G777S	Missense;Missense	-0.577008899
1484	MPHOSPH8	E776K;G777S;(NC)	Missense;Missense;Splice-donor	-0.550483223
1485	MPHOSPH8	(NC)	Intron	0.6582472376822648
1486	MPHOSPH8	G779N	Missense	0.5753461409975732
1487	MPHOSPH8	G779N	Missense	-0.968362951
1488	MPHOSPH8	A787T	Missense	-0.594874147
1489	MPHOSPH8	L790L;G791N	Silent;Missense	-0.187102938
1490	MPHOSPH8		No Mutation	0.2639724665009252
1491	MPHOSPH8		No Mutation	-0.656344081
1492	MPHOSPH8	A806T;V807I	Missense;Missense	-0.182847416
1493	MPHOSPH8	(NC)	Intron	2.9048671181833576
1494	MPHOSPH8		No Mutation	-1.241210799
1495	MPHOSPH8	S826L	Missense	-2.147686366
1496	MPHOSPH8		No Mutation	1.1861730935011716
1497	MPHOSPH8		No Mutation	-0.457519858
1498	MPHOSPH8	P833L	Missense	-0.680680303
1499	MPHOSPH8	R839K	Missense	0.169276611761878
1500	MPHOSPH8	R839K	Missense	-0.617090554
1501	MPHOSPH8		No Mutation	-0.824789747
1502	MPHOSPH8	(NC)	Intron	0.6859883423791415
1503	MPHOSPH8	(NC)	Intron	0.0297571453730067
1504	MPHOSPH8		No Mutation	-0.570106507
1505	MPHOSPH8		No Mutation	-1.600600431
1506	MPHOSPH8	(NC)	Intron	-0.757103745
1507	MPHOSPH8	Q860*	Nonsense	-0.240658572
1508	MPHOSPH8	Q860*	Nonsense	-0.474833474
1509	MPHOSPH8	(NC);(NC)	UTR;UTR	0.511262758
1510	MPHOSPH8	(NC);(NC)	UTR;UTR	1.4059146739245387
1511	MPHOSPH8	(NC)	UTR	0.8790995628670022
1512	MPHOSPH8	(NC);(NC);(NC)	UTR;UTR;UTR	-0.354293628
1513	TASOR		No Mutation	0.2130746857418215
1514	TASOR	E1608K	Missense	1.6678559426351578
1515	TASOR		No Mutation	0.9979261144906132
1516	TASOR	W1596*;G1597K	Nonsense;Missense	-0.912520615
1517	TASOR	P1591L;P1592F	Missense;Missense	0.6870126704316998
1518	TASOR	P1591L;P1592S	Missense;Missense	-0.167654936
1519	TASOR	S1590F;P1591L	Missense;Missense	-1.437494039
1520	TASOR	A1580V	Missense	-0.611063389
1521	TASOR	Q1569Q	Silent	-1.390096764
1522	TASOR	Q1569Q	Silent	-0.574605843
1523	TASOR	S1568N	Missense	0.1895344661597056
1524	TASOR		No Mutation	0.8417638602935404
1525	TASOR		No Mutation	1.0390610816876436
1526	TASOR	S1530L	Missense	-0.879023046
1527	TASOR		No Mutation	0.080051205
1528	TASOR	E1509E;R1510K	Silent;Missense	-0.528123569
1529	TASOR	G1477E	Missense	0.7159975218264671
1530	TASOR	T1472I	Missense	1.198873009912066
1531	TASOR		No Mutation	-0.019437815
1532	TASOR		No Mutation	-0.453454485
1533	TASOR		No Mutation	0.1705874371841518
1534	TASOR		No Mutation	-0.34439007
1535	TASOR		No Mutation	0.6147010753345072
1536	TASOR	N1438N	Silent	0.8216674455340904
1537	TASOR	L1429F	Missense	0.3934261150361295
1538	TASOR	E1427K	Missense	-0.212748739
1539	TASOR	A1425T	Missense	-0.073004319
1540	TASOR		No Mutation	0.5044911514265145
1541	TASOR	N1404N	Silent	0.3043189975997818
1542	TASOR	N1404N	Silent	0.9359582278325138
1543	TASOR	T1389I	Missense	0.016995197
1544	TASOR	G1392K	Missense	-2.378730778
1545	TASOR	S1386F	Missense	0.1089784895294689
1546	TASOR	Q1365Q;A1366T	Silent;Missense	0.0468573584331509
1547	TASOR	C1360C;L1361F	Silent;Missense	0.5936178981817575
1548	TASOR		No Mutation	-0.796922436
1549	TASOR	R1353*	Nonsense	-1.440413646
1550	TASOR		No Mutation	-0.931864931
1551	TASOR	V1333V;Q1335*	Silent;Nonsense	-2.720568939
1552	TASOR	L1314L	Silent	0.560796932
1553	TASOR		No Mutation	-2.077904851
1554	TASOR	Q1311*	Nonsense	-0.282161515
1555	TASOR	Q1311Q;K1312K	Silent;Silent	1.2595688368183606
1556	TASOR	P1298L	Missense	-1.312597382
1557	TASOR	T1297I	Missense	1.0175932106289245
1558	TASOR	L1295F	Missense	-0.017874933
1559	TASOR		No Mutation	-1.661827955
1560	TASOR	V1282I;E1283K;(NC)	Missense;Missense;Splice-donor	0.9390702507278638
1561	TASOR	V1282I;E1283K	Missense;Missense	-0.890872262
1562	TASOR	P1277L	Missense	-0.365321612
1563	TASOR	S1273L	Missense	-0.296880258
1564	TASOR		No Mutation	-0.277828949
1565	TASOR		No Mutation	-0.498489385
1566	TASOR	G1246N	Missense	0.2613868831559063
1567	TASOR	A1245T;G1246N	Missense;Missense	-0.802070595
1568	TASOR	A1245T;G1246S	Missense;Missense	-0.659625926
1569	TASOR		No Mutation	-0.117646202
1570	TASOR	(NC)	Intron	1.2033082185596629
1571	TASOR		No Mutation	0.1619378984653693
1572	TASOR	A1224V	Missense	-0.882681456
1573	TASOR	Q1219*	Nonsense	1.5427006654919384
1574	TASOR	E1206K;R1207K	Missense;Missense	-0.580038015
1575	TASOR		No Mutation	0.740409099
1576	TASOR		No Mutation	1.2585237903836897
1577	TASOR	L1183F	Missense	1.700923415259835
1578	TASOR	S1158N	Missense	-2.184488666
1579	TASOR		No Mutation	0.3368147977883138
1580	TASOR	V1155I	Missense	1.3143294403637475
1581	TASOR		No Mutation	0.3160143366400898
1582	TASOR		No Mutation	-0.200529961
1583	TASOR		No Mutation	-0.261853428
1584	TASOR		No Mutation	0.6134064896378286
1585	TASOR		No Mutation	-1.206927249
1586	TASOR	E1128K	Missense	0.8137215664353359
1587	TASOR	E1128K	Missense	-0.730169115
1588	TASOR	R1123Q;E1124K	Missense;Missense	0.3709998335644096
1589	TASOR	P1118F	Missense	1.3678946085919823
1590	TASOR	P1118F	Missense	-0.901498068
1591	TASOR		No Mutation	0.2102834050299525
1592	TASOR	S1113F	Missense	-0.781640157
1593	TASOR	V1111V	Silent	0.2552728827326174
1594	TASOR	E1108K	Missense	-0.54115457
1595	TASOR	H1105Y	Missense	-0.032474874
1596	TASOR	E1108K	Missense	-0.85444022
1597	TASOR	E1097K	Missense	-0.372583054
1598	TASOR	Q1089*	Nonsense	-0.677101999
1599	TASOR	Q1089Q	Silent	0.4817165312035002
1600	TASOR		No Mutation	-0.166816906
1601	TASOR		No Mutation	0.107100344623264
1602	TASOR	S1078N;D1079N	Missense;Missense	0.1144647593313165
1603	TASOR		No Mutation	-1.306037636
1604	TASOR	D1066N	Missense	1.1526085425226615
1605	TASOR	V1059I	Missense	0.5807709886835306
1606	TASOR	A1051V;S1052L	Missense;Missense	-0.749367231
1607	TASOR		No Mutation	-0.622619585
1608	TASOR	A1048T	Missense	-0.278568017
1609	TASOR	D1045N	Missense	-0.660439026
1610	TASOR	V1041V	Silent	-0.006374038
1611	TASOR	D1045N	Missense	-0.228140704
1612	TASOR	L1038L	Silent	0.512585136
1613	TASOR	A1031V	Missense	-0.379972629
1614	TASOR	A1031V	Missense	-1.347300288
1615	TASOR		No Mutation	-0.48583202
1616	TASOR		No Mutation	-0.19731347
1617	TASOR	Q1014*	Nonsense	-0.463699269
1618	TASOR	Q1014Q;E1015K	Silent;Missense	0.9134951611971784
1619	TASOR	S1009F	Missense	1.6643278407714703
1620	TASOR	S1006F	Missense	0.9008009421580706
1621	TASOR	K1007K	Silent	-0.140566661
1622	TASOR	T993I;Q994*	Missense;Nonsense	-1.778643438
1623	TASOR	E995K	Missense	-0.757864895
1624	TASOR		No Mutation	0.062228393
1625	TASOR	V960V	Silent	0.2225408786389318
1626	TASOR	T956I	Missense	0.018732845
1627	TASOR	S953S	Silent	0.511662275
1628	TASOR		No Mutation	-0.745447967
1629	TASOR	E954K	Missense	1.8812159033676852
1630	TASOR	E948K	Missense	-0.427054927
1631	TASOR		No Mutation	0.2846413860087451
1632	TASOR		No Mutation	-0.09563324
1633	TASOR	D931D	Silent	0.273153421
1634	TASOR	D931D	Silent	0.6695859441077747
1635	TASOR	V932V;L933L	Silent;Silent	0.2667017333147629
1636	TASOR		No Mutation	1.613822938
1637	TASOR	L924L	Silent	-0.129849041
1638	TASOR		No Mutation	0.029202090357116
1639	TASOR	(NC)	Intron	0.072966865
1640	TASOR		No Mutation	1.059862175068647
1641	TASOR		No Mutation	0.008941882
1642	TASOR	(NC)	Splice-acceptor	1.1915535540988955
1643	TASOR		No Mutation	-0.212725825
1644	TASOR		No Mutation	-1.061040052
1645	TASOR	L917L	Silent	-1.811491016
1646	TASOR		No Mutation	0.4514122918054053
1647	TASOR	R899H	Missense	-0.793312117
1648	TASOR	R899H	Missense	-0.28733103
1649	TASOR		No Mutation	1.6404177351629703
1650	TASOR	E895K	Missense	-0.666842666
1651	TASOR		No Mutation	0.6140072347903771
1652	TASOR	V880I	Missense	-1.409069591
1653	TASOR		No Mutation	0.919527619514658
1654	TASOR	L871L;E873K	Silent;Missense	0.3013589559816167
1655	TASOR	D866N	Missense	2.207605874534712
1656	TASOR	S859F	Missense	1.2459546045350942
1657	TASOR		No Mutation	-0.447156057
1658	TASOR		No Mutation	0.3313672729758196
1659	TASOR		No Mutation	-1.376474767
1660	TASOR	E826K	Missense	0.0413692523179237
1661	TASOR	E826K	Missense	-0.776717492
1662	TASOR		No Mutation	-1.122808048
1663	TASOR	A804V	Missense	-1.032157315
1664	TASOR	D802N	Missense	-0.353278527
1665	TASOR	T792I	Missense	0.1975363052733768
1666	TASOR	L789L	Silent	0.2792455683975351
1667	TASOR	W774*	Nonsense	-0.152389309
1668	TASOR	I768I;H769Y	Silent;Missense	-0.485975434
1669	TASOR		No Mutation	0.607969043
1670	TASOR	G764G	Silent	-0.426055396
1671	TASOR	A766T	Missense	-0.303586099
1672	TASOR	Q758*	Nonsense	-0.394418509
1673	TASOR	D752D	Silent	-0.266841852
1674	TASOR		No Mutation	-0.387681007
1675	TASOR	H749Y	Missense	-0.772987064
1676	TASOR	G748K	Missense	-0.79621276
1677	TASOR		No Mutation	-0.216233502
1678	TASOR	Q742*;P743F	Nonsense;Missense	-0.575186803
1679	TASOR	S740F	Missense	0.2956919508716854
1680	TASOR		No Mutation	0.2737271844965497
1681	TASOR		No Mutation	-0.163859591
1682	TASOR		No Mutation	0.4620177948874051
1683	TASOR		No Mutation	-1.039758523
1684	TASOR	V709V	Silent	0.31397910062132
1685	TASOR	S706S	Silent	-0.532590799
1686	TASOR		No Mutation	-0.982620334
1687	TASOR		No Mutation	1.65851985195283
1688	TASOR		No Mutation	0.8598968712350797
1689	TASOR		No Mutation	-1.626808358
1690	TASOR		No Mutation	-1.183672155
1691	TASOR		No Mutation	-0.662749693
1692	TASOR	S673F	Missense	-0.729861338
1693	TASOR		No Mutation	0.2921546735310873
1694	TASOR	K667K	Silent	-2.329340626
1695	TASOR		No Mutation	0.4560251907375638
1696	TASOR	R655*	Nonsense	-0.653006155
1697	TASOR	T648I	Missense	-0.49294336
1698	TASOR	Q641*	Nonsense	-2.730222888
1699	TASOR	E639K;G640N	Missense;Missense	-0.049658364
1700	TASOR	P634L;L635F	Missense;Missense	-0.119591148
1701	TASOR		No Mutation	0.2623675314080302
1702	TASOR	E610K	Missense	0.5784496888751033
1703	TASOR	L602L	Silent	-0.228874413
1704	TASOR	C601Y;L602L	Missense;Silent	-0.564536048
1705	TASOR		No Mutation	-1.752252718
1706	TASOR		No Mutation	-1.353314543
1707	TASOR	D583N	Missense	-0.657370343
1708	TASOR	V553I	Missense	-0.488368072
1709	TASOR		No Mutation	0.1690009132017705
1710	TASOR	E519K;S520N	Missense;Missense	1.2434721231656547
1711	TASOR	Q515Q;E516K	Silent;Missense	1.08918993171372
1712	TASOR	A512V	Missense	-0.340240666
1713	TASOR	T510I	Missense	0.1981886209768977
1714	TASOR	(NC)	Splice-donor	-0.368669194
1715	TASOR		No Mutation	0.3135646337467588
1716	TASOR		No Mutation	-0.965821906
1717	TASOR		No Mutation	0.9584027640050056
1718	TASOR	(NC);(NC)	Intron;Intron	0.1954558545589435
1719	TASOR	P478F	Missense	-0.621732247
1720	TASOR		No Mutation	-0.311823219
1721	TASOR	Q475*	Nonsense	0.073409983
1722	TASOR		No Mutation	1.1735558354262796
1723	TASOR		No Mutation	-0.227550209
1724	TASOR		No Mutation	-0.583961295
1725	TASOR	L471F	Missense	-0.548462983
1726	TASOR		No Mutation	-0.689147258
1727	TASOR		No Mutation	-0.228712397
1728	TASOR	G466K	Missense	0.2717028410659822
1729	TASOR	P461F	Missense	-0.03607118
1730	TASOR	L458F	Missense	-1.676542034
1731	TASOR	L458F	Missense	-0.172553938
1732	TASOR	(NC);(NC);(NC)	Intron;Intron;Intron	-1.080019614
1733	TASOR		No Mutation	0.7748004468643231
1734	TASOR		No Mutation	-1.034995266
1735	TASOR	C429C;S430S;L431F	Silent;Silent;Missense	0.1913383494045802
1736	TASOR	(NC)	Intron	0.3134718429133115
1737	TASOR	P419S	Missense	-1.360124468
1738	TASOR	Y416Y	Silent	-0.344643471
1739	TASOR	K413K;E414K	Silent;Missense	2.6917454509051773
1740	TASOR		No Mutation	-0.214079417
1741	TASOR		No Mutation	-2.127124918
1742	TASOR	V393I;E394K	Missense;Missense	1.252814391
1743	TASOR	(NC)	Intron	0.06361326
1744	TASOR	L383L	Silent	0.806644723
1745	TASOR	Q362Q	Silent	2.0265553307012243
1746	TASOR	N355N	Silent	-0.655526242
1747	TASOR		No Mutation	0.7750388929417453
1748	TASOR	T347I	Missense	1.0879715769343974
1749	TASOR	(NC)	Intron	-1.34508334
1750	TASOR	S339L;S340L	Missense;Missense	-0.78001952
1751	TASOR		No Mutation	-1.079953745
1752	TASOR		No Mutation	-1.069766784
1753	TASOR		No Mutation	0.6644417199217582
1754	TASOR		No Mutation	-0.301185328
1755	TASOR	G306G	Silent	-0.748041034
1756	TASOR	T298I	Missense	-0.098032004
1757	TASOR	Q299Q;(NC)	Silent;Splice-donor	-2.576704834
1758	TASOR		No Mutation	-0.98083658
1759	TASOR	A294V	Missense	-0.940820412
1760	TASOR		No Mutation	-0.558732535
1761	TASOR	R285*	Nonsense	-0.265762007
1762	TASOR	V279M	Missense	0.5381046452079548
1763	TASOR	C277Y	Missense	-1.481344953
1764	TASOR	E276K;C277Y	Missense;Missense	-0.161707931
1765	TASOR	E276K	Missense	-0.034327279
1766	TASOR		No Mutation	-0.600141722
1767	TASOR	P254P	Silent	0.088269823
1768	TASOR		No Mutation	1.1873707407167284
1769	TASOR		No Mutation	-0.208828507
1770	TASOR	A234T	Missense	0.2863284800734846
1771	TASOR		No Mutation	-1.020599227
1772	TASOR		No Mutation	0.3917216466257341
1773	TASOR	P229S	Missense	-1.8758259
1774	TASOR	A227V	Missense	-0.147876008
1775	TASOR	A227V	Missense	0.1290435609768051
1776	TASOR	A227V	Missense	-0.781895833
1777	TASOR	Q226*	Nonsense	1.0090320635747698
1778	TASOR		No Mutation	-1.053295871
1779	TASOR	V216I	Missense	1.264707444674937
1780	TASOR		No Mutation	0.032427052
1781	TASOR		No Mutation	-1.203042229
1782	TASOR		No Mutation	1.1160035774492758
1783	TASOR	L209F	Missense	0.7741700499798938
1784	TASOR	L209F	Missense	0.7848008679698052
1785	TASOR	G210N	Missense	-0.64574837
1786	TASOR	S204F	Missense	-1.22054551
1787	TASOR		No Mutation	0.2017680623378138
1788	TASOR		No Mutation	0.052144078
1789	TASOR	Q192*;T193I	Nonsense;Missense	-0.871123605
1790	TASOR		No Mutation	-0.127550019
1791	TASOR		No Mutation	-1.136830598
1792	TASOR	M185I;V186I	Missense;Missense	0.4110832278671137
1793	TASOR	S180F	Missense	-0.404428881
1794	TASOR		No Mutation	1.026196935186261
1795	TASOR		No Mutation	-0.779270791
1796	TASOR	H152Y	Missense	0.3371125243907015
1797	TASOR	N144N;Y145Y	Silent;Silent	0.8444907994216027
1798	TASOR		No Mutation	0.8900264351370926
1799	TASOR		No Mutation	0.074959313
1800	TASOR	V140I	Missense	-0.47500758
1801	TASOR	E136K	Missense	0.096677866
1802	TASOR	E124K	Missense	0.7399515318046028
1803	TASOR	G119N	Missense	-0.693808452
1804	TASOR	S106S	Silent	1.0339020414695128
1805	TASOR		No Mutation	-0.360856234
1806	TASOR		No Mutation	-0.609457091
1807	TASOR	R97K;R98K	Missense;Missense	0.7830495099373924
1808	TASOR	R97K;R98K	Missense;Missense	-0.082618015
1809	TASOR	P92L	Missense	-0.542067279
1810	TASOR	P92F	Missense	0.8534916184356951
1811	TASOR	R94K	Missense	-0.38518457
1812	TASOR	R94K	Missense	-0.821544547
1813	TASOR	R94K	Missense	-0.331501947
1814	TASOR	G88G;P89F	Silent;Missense	0.2678410790684941
1815	TASOR	E91E	Silent	0.7562886901402768
1816	TASOR	E91K	Missense	-0.076418435
1817	TASOR	E90K;E91K	Missense;Missense	-0.522390834
1818	TASOR	E90K	Missense	-0.690516079
1819	TASOR	G88D	Missense	0.1117049669592223
1820	TASOR	A82V;A83V	Missense;Missense	-1.151369214
1821	TASOR	A82A;A83T	Silent;Missense	-0.10229052
1822	TASOR	D76D;S77F	Silent;Missense	-0.840320777
1823	TASOR	E79K;A80T	Missense;Missense	-0.867304539
1824	TASOR	Q75*	Nonsense	1.445486499
1825	TASOR	Q75*	Nonsense	-0.508826277
1826	TASOR	P74F;Q75*	Missense;Nonsense	-1.965280496
1827	TASOR	Q75Q;D76N	Silent;Missense	0.4062975872381507
1828	TASOR	Q73Q	Silent	0.034192084148642
1829	TASOR	L69L;S70S;H71Y	Silent;Silent;Missense	0.1977185877059383
1830	TASOR	E72K	Missense	0.2167725250848993
1831	TASOR	E72K	Missense	-0.714642022
1832	TASOR	S70N	Missense	1.041453461986818
1833	TASOR	S68N	Missense	1.1747339339707334
1834	TASOR		No Mutation	1.757689417347624
1835	TASOR	R57C	Missense	-0.475400576
1836	TASOR	R57C	Missense	-0.005698012
1837	TASOR	R57C	Missense	3.413578309617976
1838	TASOR	R57C	Missense	0.6617209259886239
1839	TASOR	G56E;R57H	Missense;Missense	-0.517373799
1840	TASOR	G56K;R57H	Missense;Missense	0.1883315337775555
1841	TASOR	S52S;G53G	Silent;Silent	0.2402439794602617
1842	TASOR	P51F	Missense	1.4222038614013697
1843	TASOR	P51F	Missense	0.7686156594986195
1844	TASOR	I48I;A49V	Silent;Missense	0.8562690463196949
1845	TASOR	E50E	Silent	-1.052457821
1846	TASOR	N47N	Silent	0.9817290060989284
1847	TASOR	Q39*	Nonsense	0.2475396973729292
1848	TASOR	Q38*;Q39*	Nonsense;Nonsense	-0.290585752
1849	TASOR	S37F;Q38*	Missense;Nonsense	0.054014679
1850	TASOR	S36F;S37F	Missense;Missense	1.5300951332457429
1851	TASOR	S36F	Missense	-0.091450683
1852	TASOR		No Mutation	-0.560981143
1853	TASOR		No Mutation	-1.744295501
1854	TASOR		No Mutation	1.3974162479418222
1855	TASOR		No Mutation	-0.230140424
1856	TASOR	A15V	Missense	-0.77584252
1857	TASOR	A15V	Missense	-0.284709912
1858	TASOR	W17*;E18K	Nonsense;Missense	-0.197973042
1859	TASOR	P12L	Missense	0.5561769328557855
1860	TASOR	P12L	Missense	1.324606584864791
1861	TASOR	A15T	Missense	0.34316752
1862	TASOR		No Mutation	-0.302606103
1863	TASOR	A2V	Missense	0.0178391531169034
1864	TASOR	A4T	Missense	-0.549088881
1865	TASOR	(NC);(NC)	UTR;UTR	-0.290758739
1866	TASOR	M1I;A2T	Missense;Missense	1.116400150062563
1867	TASOR	(NC);(NC)	UTR;UTR	-0.996932492
1868	TASOR	(NC);(NC)	UTR;UTR	-0.213574307
1869	TASOR	(NC);(NC);(NC)	UTR;UTR;UTR	-0.237731835
1870	PPHLN1		No Mutation	0.1359638063223984
1871	PPHLN1	S24N	Missense	-0.262278822
1872	PPHLN1	S24N;(NC)	Missense;Splice-donor	-1.118935593
1873	PPHLN1		No Mutation	-0.287154885
1874	PPHLN1		No Mutation	-0.047045222
1875	PPHLN1	L40L	Silent	-0.646014537
1876	PPHLN1	P39L;L40L	Missense;Silent	0.7316691108342197
1877	PPHLN1	R43K	Missense	-0.354938865
1878	PPHLN1	L41L	Silent	-1.283831389
1879	PPHLN1	G45N	Missense	0.2360050400224796
1880	PPHLN1		No Mutation	-0.739483035
1881	PPHLN1	Y58Y;R59*	Silent;Nonsense	1.0500611830667432
1882	PPHLN1	Y58Y;R59*	Silent;Nonsense	-0.567383322
1883	PPHLN1	E63E;G64N	Silent;Missense	0.09122561
1884	PPHLN1	D70N	Missense	-0.026356687
1885	PPHLN1		No Mutation	-0.094926914
1886	PPHLN1	(NC);(NC)	Splice-donor;Intron	1.9740520162013733
1887	PPHLN1	(NC)	Intron	0.8158457921757647
1888	PPHLN1		No Mutation	0.822164445
1889	PPHLN1		No Mutation	-0.208787341
1890	PPHLN1	S94S	Silent	-0.702416793
1891	PPHLN1	P97F	Missense	0.3840932124848362
1892	PPHLN1	(NC)	Intron	-1.030952408
1893	PPHLN1	S114F;H115Y	Missense;Missense	0.3049648959141902
1894	PPHLN1	E119E;R120Q	Silent;Missense	-0.794906706
1895	PPHLN1	E119E;R120Q	Silent;Missense	0.5130675453396879
1896	PPHLN1	R120W	Missense	0.9445365526966832
1897	PPHLN1	R120W	Missense	-1.45596811
1898	PPHLN1	S133L;P134S	Missense;Missense	-0.376086443
1899	PPHLN1	D139N	Missense	0.4506540233074738
1900	PPHLN1		No Mutation	0.3349414333143411
1901	PPHLN1	S140F;P141L	Missense;Missense	1.2915342510458203
1902	PPHLN1	G146N	Missense	0.017414213
1903	PPHLN1	R152K;S153N	Missense;Missense	-0.155009566
1904	PPHLN1	S153S	Silent	-0.67628442
1905	PPHLN1		No Mutation	-0.11734567
1906	PPHLN1	R170K	Missense	1.3614303537061094
1907	PPHLN1		No Mutation	0.138950235
1908	PPHLN1	(NC)	Splice-acceptor	0.1803141789791343
1909	PPHLN1	(NC)	Splice-acceptor	-0.221123123
1910	PPHLN1	K171K	Silent	0.1002731271721067
1911	PPHLN1	K171K;V173M	Silent;Missense	2.0091392345375603
1912	PPHLN1	V173I	Missense	0.5899112323892345
1913	PPHLN1		No Mutation	0.5395364916824958
1914	PPHLN1	R174H	Missense	-1.189891085
1915	PPHLN1		No Mutation	0.5229898646911147
1916	PPHLN1	P175L	Missense	-0.756146341
1917	PPHLN1	R181Q	Missense	-1.302951224
1918	PPHLN1	Y179Y	Silent	0.5061150292829729
1919	PPHLN1	Q182Q	Silent	-1.096376572
1920	PPHLN1	E184K	Missense	0.6350456728115553
1921	PPHLN1		No Mutation	-0.258665092
1922	PPHLN1	(NC)	Intron	-0.782692184
1923	PPHLN1	(NC)	Intron	-0.374862073
1924	PPHLN1	T204I	Missense	-0.029233911
1925	PPHLN1	A211T;V212I	Missense;Missense	-0.816561815
1926	PPHLN1	V212I	Missense	-0.636062212
1927	PPHLN1	A211V	Missense	-0.255317715
1928	PPHLN1		No Mutation	0.1904061860234856
1929	PPHLN1	P221P	Silent	-0.248106578
1930	PPHLN1		No Mutation	-1.548355369
1931	PPHLN1	A230V	Missense	0.2422183782845943
1932	PPHLN1		No Mutation	-0.560294092
1933	PPHLN1		No Mutation	-0.915554581
1934	PPHLN1	E256K	Missense	-0.576302747
1935	PPHLN1	S253F	Missense	-0.901593765
1936	PPHLN1		No Mutation	-0.412127971
1937	PPHLN1		No Mutation	-0.529253573
1938	PPHLN1		No Mutation	0.0455760308740589
1939	PPHLN1	Q267Q	Silent	-0.922500282
1940	PPHLN1	E272K	Missense	-1.836191764
1941	PPHLN1		No Mutation	-0.674066672
1942	PPHLN1	S273L	Missense	-0.195635893
1943	PPHLN1	S273L	Missense	0.1588750861418651
1944	PPHLN1		No Mutation	-1.102896908
1945	PPHLN1		No Mutation	0.032712088
1946	PPHLN1	T298I	Missense	0.1249807996810615
1947	PPHLN1		No Mutation	0.9117361808412496
1948	PPHLN1	R306Q	Missense	0.6406550179267669
1949	PPHLN1	Q307*	Nonsense	0.3405574059804964
1950	PPHLN1	D308D	Silent	0.1205374336547792
1951	PPHLN1		No Mutation	0.670578686
1952	PPHLN1	D308D	Silent	0.0309692819943643
1953	PPHLN1		No Mutation	-1.235210792
1954	PPHLN1	S329F	Missense	0.1217834037775755
1955	PPHLN1	Q336*	Nonsense	-1.429700118
1956	PPHLN1	H339Y	Missense	0.3393834613299346
1957	PPHLN1	(NC);(NC)	Intron;Intron	0.4473606628522917
1958	PPHLN1	(NC);(NC)	Intron;Intron	1.4385325296322369
1959	PPHLN1	(NC);E342E	Splice-acceptor;Silent	1.8731864014054616
1960	PPHLN1	S343F	Missense	-0.544651401
1961	PPHLN1	Q346Q	Silent	1.0139339783329269
1962	PPHLN1	Q346*	Nonsense	-0.223825305
1963	PPHLN1	Q350*	Nonsense	0.6584004458425791
1964	PPHLN1		No Mutation	0.3997812631703568
1965	PPHLN1	E358K	Missense	1.374930140613666
1966	PPHLN1	E358K	Missense	-0.392073542
1967	PPHLN1	E358K	Missense	-0.568690191
1968	PPHLN1	E358K	Missense	-0.128137876
1969	PPHLN1	T357I	Missense	-1.111828977
1970	PPHLN1	T364I	Missense	0.3230136979106878
1971	PPHLN1	A373V;Q374*	Missense;Nonsense	0.7734691514361394
1972	PPHLN1	(NC)	Intron	-3.269822621
1973	PPHLN1	(NC)	Intron	-0.299745814
1974	PPHLN1		No Mutation	1.2433106040802109
1975	PPHLN1	Q378Q	Silent	-0.238577921
1976	PPHLN1	A376V;P377S	Missense;Missense	-0.039922474
1977	PPHLN1	Q378Q	Silent	0.8049410841782674
1978	PPHLN1	Q381Q;A382T	Silent;Missense	0.055520226
1979	PPHLN1	Q381Q;A382T	Silent;Missense	0.2088255496867413
1980	PPHLN1	A382T	Missense	0.3024987354607484
1981	PPHLN1	Q384Q	Silent	0.4187277145870559
1982	PPHLN1	Q384Q	Silent	1.138332169310204
1983	PPHLN1	Q384Q	Silent	0.5577796491722451
1984	PPHLN1		No Mutation	-0.318726821
1985	PPHLN1	P383L;Q384*	Missense;Nonsense	-1.264047816
1986	PPHLN1	Q387Q	Silent	1.19423772776265
1987	PPHLN1	Q387Q	Silent	0.9787840080289792
1988	PPHLN1	R389Q	Missense	0.2136154231372702
1989	PPHLN1	Q387*	Nonsense	1.1106530118257427
1990	PPHLN1	Q387*;P388S	Nonsense;Missense	1.6909757157873788
1991	PPHLN1	K390K	Silent	1.4098588168410808
1992	PPHLN1	K390K	Silent	1.5339052950302932
1993	PPHLN1	K390K	Silent	0.2644046024776627
1994	PPHLN1		No Mutation	-0.570335868
1995	PPHLN1	V393I;R394H	Missense;Missense	0.1665293754830173
1996	PPHLN1	R394H	Missense	-0.334461121
1997	PPHLN1	R394H	Missense	0.5230641412004349
1998	PPHLN1	T396M	Missense	0.4295913839007329
1999	PPHLN1	Q398*;L399F	Nonsense;Missense	-1.03140817
2000	PPHLN1	A405V	Missense	-1.354849855
2001	PPHLN1	A405V;P406S	Missense;Missense	-1.122421795
2002	PPHLN1	A405V;P406L	Missense;Missense	0.9076988415495952
2003	PPHLN1	A405V;P406L	Missense;Missense	-0.228773382
2004	PPHLN1	W410*;G411K	Nonsense;Missense	-2.34121277
2005	PPHLN1	W410*;G411K	Nonsense;Missense	-1.87914573
2006	PPHLN1	G411K	Missense	-1.430952725
2007	PPHLN1	K414K;K415K	Silent;Silent	-1.474665442
2008	PPHLN1	L413L	Silent	-0.287640391
2009	PPHLN1		No Mutation	0.4374182286382986
2010	PPHLN1	T416I;T417I	Missense;Missense	-1.266031585
2011	PPHLN1	Q428Q	Silent	0.084115866
2012	PPHLN1		No Mutation	0.2799629594328891
2013	PPHLN1	V443I;V444I	Missense;Missense	2.2221192247493105
2014	PPHLN1	H445Y	Missense	-0.571117227
2015	PPHLN1	C446C;N447N	Silent;Silent	0.4053213970447125
2016	PPHLN1		No Mutation	0.2621036602898616
2017	MORC2	(NC);(NC);(NC)	UTR;UTR;UTR	0.2706375942441562
2018	MORC2	T1029T	Silent	-0.276156228
2019	MORC2	G1031G;D1032N	Silent;Missense	-0.375502402
2020	MORC2	I1028I;T1029I	Silent;Missense	1.560073099
2021	MORC2	D1026D;L1027F	Silent;Missense	-1.130712457
2022	MORC2	D1026D	Silent	-0.903358594
2023	MORC2		No Mutation	0.7026102224321518
2024	MORC2		No Mutation	-0.3377642
2025	MORC2		No Mutation	1.9269049273535388
2026	MORC2	L1020L	Silent	0.7510533040775812
2027	MORC2	I1014I;N1015N	Silent;Silent	1.1347228329829706
2028	MORC2		No Mutation	-0.723797151
2029	MORC2	D1011N	Missense	0.4669896761629501
2030	MORC2	(NC);D1011N	Splice-acceptor;Missense	-1.459251925
2031	MORC2	(NC)	Splice-acceptor	-0.834282793
2032	MORC2		No Mutation	-0.119716652
2033	MORC2	(NC);(NC);(NC)	Intron;Intron;Intron	0.5094416965714412
2034	MORC2	Q1009*	Nonsense	0.091401607
2035	MORC2	L1004L;L1005L;Q1006*	Silent;Silent;Nonsense	-0.994348975
2036	MORC2	L1004F;L1005L	Missense;Silent	-0.869587157
2037	MORC2	I1001I	Silent	-0.30791777
2038	MORC2	L1005L	Silent	0.8619576432386731
2039	MORC2	L997L	Silent	-0.69099985
2040	MORC2		No Mutation	-1.153412363
2041	MORC2		No Mutation	0.4171725813966296
2042	MORC2	R988H	Missense	-0.300852065
2043	MORC2	E984E;R985K	Silent;Missense	-0.804347963
2044	MORC2	S979S;L980L	Silent;Silent	-0.022149317
2045	MORC2	R981H	Missense	-1.299113838
2046	MORC2	L980L;R981H	Silent;Missense	-0.858667247
2047	MORC2	S979N	Missense	-0.505878392
2048	MORC2	E977K;E978K	Missense;Missense	0.6674311811683452
2049	MORC2	E977K	Missense	-0.791135475
2050	MORC2	S971S;R972W	Silent;Missense	0.734318184
2051	MORC2	R972R;A973T	Silent;Missense	-2.520324039
2052	MORC2	A969V	Missense	-1.022906016
2053	MORC2		No Mutation	-0.485575669
2054	MORC2	S967S;R968C	Silent;Missense	-1.125955763
2055	MORC2	S967S	Silent	1.6465690227444734
2056	MORC2	D970N	Missense	0.072111508
2057	MORC2	Q966Q	Silent	0.1675549643915483
2058	MORC2		No Mutation	-0.361721303
2059	MORC2	F951F	Silent	-2.299302104
2060	MORC2	F951F	Silent	0.965236386
2061	MORC2		No Mutation	-1.350307585
2062	MORC2		No Mutation	-2.022874887
2063	MORC2	(NC);(NC)	Intron;Intron	0.4558966185623915
2064	MORC2		No Mutation	-0.654810594
2065	MORC2		No Mutation	-1.717423474
2066	MORC2	(NC);(NC)	Intron;Intron	-0.325504117
2067	MORC2	S935N;A936T	Missense;Missense	0.040478618
2068	MORC2	Q933Q;L934L	Silent;Silent	-0.354871178
2069	MORC2	Q933Q	Silent	-0.730874196
2070	MORC2	K932K;Q933Q	Silent;Silent	-1.488020339
2071	MORC2		No Mutation	0.7864780596037543
2072	MORC2		No Mutation	-0.203108989
2073	MORC2		No Mutation	0.6462232037876257
2074	MORC2	C918Y	Missense	0.1406060429455176
2075	MORC2	(NC)	Intron	-0.335397284
2076	MORC2	C918Y	Missense	1.5873794699930763
2077	MORC2	R916R	Silent	-1.362384454
2078	MORC2	(NC);(NC)	Intron;Intron	-0.025353657
2079	MORC2	(NC)	Intron	-1.577244621
2080	MORC2		No Mutation	-0.04378338
2081	MORC2	(NC)	Intron	0.2733196998219726
2082	MORC2		No Mutation	1.7356451952754326
2083	MORC2	L911F	Missense	-0.520737691
2084	MORC2	Q913Q	Silent	-0.855840575
2085	MORC2	D909N	Missense	0.7768277272785857
2086	MORC2	E906K	Missense	-0.64933059
2087	MORC2	E906K	Missense	-0.097559405
2088	MORC2		No Mutation	0.4840597131805365
2089	MORC2	L901L;S902N	Silent;Missense	-0.684095765
2090	MORC2		No Mutation	-0.827033659
2091	MORC2	D897N	Missense	0.2708638740099058
2092	MORC2	E895K	Missense	0.007475177
2093	MORC2	R893H	Missense	1.4304173789302057
2094	MORC2	C891Y	Missense	0.8759542326756622
2095	MORC2	C891Y	Missense	-0.381042113
2096	MORC2	E885E	Silent	-0.56409046
2097	MORC2	V883I;A884T	Missense;Missense	-0.276224533
2098	MORC2	V883I	Missense	1.224103159233094
2099	MORC2	A880T	Missense	0.7016210327546002
2100	MORC2	Q879Q;A880T	Silent;Missense	-0.33874935
2101	MORC2	G874G;P875S	Silent;Missense	-1.618560052
2102	MORC2		No Mutation	0.072498793
2103	MORC2	G868G	Silent	-0.992718052
2104	MORC2	G868G	Silent	-2.645151585
2105	MORC2		No Mutation	-3.808581291
2106	MORC2	Q866*	Nonsense	-1.822383407
2107	MORC2	Q865*;Q866*	Nonsense;Nonsense	-0.975321614
2108	MORC2	T864I;Q865*	Missense;Nonsense	-1.571173068
2109	MORC2	Q866Q;E867K;G868S	Silent;Missense;Missense	-0.139174363
2110	MORC2	T864I	Missense	-1.025538535
2111	MORC2	T864I	Missense	-2.138854477
2112	MORC2	L862F	Missense	0.083095759
2113	MORC2	S861S;L862F	Silent;Missense	-0.507289736
2114	MORC2	S861S;L862F	Silent;Missense	0.5887813920290547
2115	MORC2	D863N	Missense	-0.129658031
2116	MORC2	Q860Q;S861N	Silent;Missense	-1.366541743
2117	MORC2	Q860Q	Silent	-0.927583933
2118	MORC2	Q860Q	Silent	-0.79356107
2119	MORC2		No Mutation	-0.105395915
2120	MORC2		No Mutation	0.3136242254172131
2121	MORC2	G845G	Silent	-0.677112025
2122	MORC2		No Mutation	-0.828353327
2123	MORC2	G845N	Missense	-0.103747952
2124	MORC2	(NC);(NC)	Intron;Intron	-0.538041681
2125	MORC2		No Mutation	-0.823673335
2126	MORC2	(NC)	Intron	-0.946454998
2127	MORC2	(NC)	Intron	0.440935104913136
2128	MORC2		No Mutation	0.5138229576725339
2129	MORC2		No Mutation	0.3295127540398698
2130	MORC2		No Mutation	0.7698174822468387
2131	MORC2	R840R	Silent	0.2530036406319085
2132	MORC2	(NC)	Intron	-0.07223485
2133	MORC2	T835M;T836I	Missense;Missense	1.8534724761856207
2134	MORC2	R838K	Missense	1.2922068890473213
2135	MORC2	H820Y	Missense	0.6528344787917278
2136	MORC2	G818G	Silent	-1.072956555
2137	MORC2	G818G	Silent	0.099041225
2138	MORC2	K819K	Silent	-0.364184307
2139	MORC2		No Mutation	-1.103913194
2140	MORC2	V815V;E816K;V817M	Silent;Missense;Missense	0.6266786099338804
2141	MORC2	V812V;T813I	Silent;Missense	0.6433479795299047
2142	MORC2	V812V	Silent	-1.183017445
2143	MORC2	G810G;R811C	Silent;Missense	-1.098012415
2144	MORC2	G810G;R811C	Silent;Missense	-0.785323324
2145	MORC2	N804N	Silent	-0.122450641
2146	MORC2	N804N	Silent	0.423145071815951
2147	MORC2	R802C	Missense	0.6037280053536136
2148	MORC2		No Mutation	0.4413625831308432
2149	MORC2		No Mutation	0.1924958113677343
2150	MORC2		No Mutation	-0.173469021
2151	MORC2		No Mutation	-0.829901806
2152	MORC2	(NC);(NC)	Intron;Intron	-0.641783992
2153	MORC2	(NC);(NC)	Intron;Intron	0.00243281
2154	MORC2	(NC)	Splice-acceptor	-0.168672216
2155	MORC2	(NC)	Intron	-0.187037741
2156	MORC2	Q792*	Nonsense	-1.277279449
2157	MORC2	A791V;Q792*	Missense;Nonsense	-1.294705441
2158	MORC2	A791V;Q792*	Missense;Nonsense	-0.676042943
2159	MORC2	A791V;Q792*	Missense;Nonsense	0.3954513128530567
2160	MORC2	Q792Q;D794N	Silent;Missense	-0.601676275
2161	MORC2	L788F	Missense	-0.546127141
2162	MORC2	A780V	Missense	-0.909212698
2163	MORC2	D778D	Silent	-0.649472679
2164	MORC2	L776F	Missense	-1.154480399
2165	MORC2	L776F	Missense	0.1459414855591133
2166	MORC2	S779N	Missense	1.3188266442241263
2167	MORC2	(NC);L776F	Intron;Missense	-0.199620657
2168	MORC2		No Mutation	0.4956219170070023
2169	MORC2		No Mutation	0.053719981
2170	MORC2		No Mutation	0.3104899283103609
2171	MORC2	D772D;S773L	Silent;Missense	-0.920874342
2172	MORC2		No Mutation	-0.103945496
2173	MORC2		No Mutation	0.5620790908308844
2174	MORC2	G762G	Silent	-0.840259853
2175	MORC2	G762G	Silent	-0.918486107
2176	MORC2		No Mutation	-0.005827638
2177	MORC2		No Mutation	0.1610107438631361
2178	MORC2		No Mutation	1.9654923689475952
2179	MORC2	A752V	Missense	-0.991019612
2180	MORC2		No Mutation	-0.952295779
2181	MORC2		No Mutation	-1.61105705
2182	MORC2		No Mutation	-0.142235783
2183	MORC2		No Mutation	-0.173075802
2184	MORC2		No Mutation	0.1282437546389606
2185	MORC2	V740V	Silent	-0.242041054
2186	MORC2	S739N;V740I	Missense;Missense	-1.941455504
2187	MORC2	R738R;S739N;V740I	Silent;Missense;Missense	-0.113692705
2188	MORC2	R738Q;S739N	Missense;Missense	-0.273236198
2189	MORC2	A732V;T733I	Missense;Missense	0.1215325691284011
2190	MORC2	(NC)	Intron	-0.153621656
2191	MORC2		No Mutation	0.5683824156833589
2192	MORC2	(NC)	Intron	-0.367145939
2193	MORC2	(NC);(NC);(NC)	Intron;Intron;Intron	-0.643364371
2194	MORC2	P731P;(NC)	Silent;Splice-donor	-1.828992945
2195	MORC2	P726F	Missense	-0.378566509
2196	MORC2	E724K	Missense	-0.207780579
2197	MORC2		No Mutation	1.806817439150167
2198	MORC2		No Mutation	-1.496319369
2199	MORC2	V714V	Silent	-0.777210748
2200	MORC2		No Mutation	0.0506743880640688
2201	MORC2		No Mutation	1.1921802509668145
2202	MORC2		No Mutation	-1.221634295
2203	MORC2	E708E;V709I	Silent;Missense	-0.255063932
2204	MORC2	R707Q	Missense	-0.158818995
2205	MORC2	R707Q	Missense	-0.22260217
2206	MORC2	N702N;S703F	Silent;Missense	-1.112263926
2207	MORC2	P701P;N702N	Silent;Silent	-0.294463824
2208	MORC2	P701L;N702N	Missense;Silent	0.4370362795610762
2209	MORC2		No Mutation	-0.035843454
2210	MORC2	L695L	Silent	-0.509646383
2211	MORC2	L695L	Silent	0.5393558911949512
2212	MORC2	L695L	Silent	-1.352398717
2213	MORC2	Q693Q	Silent	0.9040540600611856
2214	MORC2	L691L;V692I	Silent;Missense	0.6060223260694961
2215	MORC2	L691L;V692I	Silent;Missense	1.559332034431904
2216	MORC2	S686F;R687*	Missense;Nonsense	1.1478672857759291
2217	MORC2	K683K	Silent	-0.637476251
2218	MORC2	V682I	Missense	0.3773286800600154
2219	MORC2		No Mutation	-1.624562892
2220	MORC2		No Mutation	0.7340620235211706
2221	MORC2		No Mutation	-1.021547284
2222	MORC2	K676K	Silent	-0.003546876
2223	MORC2	R675Q	Missense	-0.033272792
2224	MORC2		No Mutation	0.1591649953616272
2225	MORC2	L667L;L668F	Silent;Missense	-0.268835591
2226	MORC2	L667L	Silent	-1.371414243
2227	MORC2		No Mutation	0.807996628
2228	MORC2		No Mutation	0.3657004386411241
2229	MORC2	S663N	Missense	1.7273217793866378
2230	MORC2	R659Q;E660K	Missense;Missense	0.7148368201295155
2231	MORC2		No Mutation	0.1599920900003645
2232	MORC2	R659Q;E660K	Missense;Missense	-0.633573151
2233	MORC2	A655V	Missense	-1.660533949
2234	MORC2	L653L;P654F	Silent;Missense	0.7575801739940264
2235	MORC2	L653L;P654F	Silent;Missense	0.063858475
2236	MORC2	L656L;A657T	Silent;Missense	0.7313004909486831
2237	MORC2	L656L;A657T	Silent;Missense	-0.572544834
2238	MORC2	L656L	Silent	0.6635878082293736
2239	MORC2	T650T;P651L	Silent;Missense	-0.580271687
2240	MORC2		No Mutation	0.6346607654673697
2241	MORC2		No Mutation	-0.137478023
2242	MORC2		No Mutation	-1.058877777
2243	MORC2	V646I	Missense	-0.58810944
2244	MORC2	V646I	Missense	0.0326884399452485
2245	MORC2	K643K;A644T	Silent;Missense	1.3871938618446986
2246	MORC2	R642Q	Missense	-0.298437332
2247	MORC2	A638V	Missense	0.6220894412995024
2248	MORC2	Q640Q	Silent	1.8396415829301644
2249	MORC2	A638T;S639N	Missense;Missense	-0.315632111
2250	MORC2	R636K	Missense	-0.564643672
2251	MORC2		No Mutation	0.5847489633141922
2252	MORC2		No Mutation	-1.374493661
2253	MORC2		No Mutation	-0.149309665
2254	MORC2	L632L	Silent	1.4612140647638652
2255	MORC2		No Mutation	-0.133683441
2256	MORC2		No Mutation	-0.267447947
2257	MORC2		No Mutation	0.482369983
2258	MORC2	A625T	Missense	0.4918778392045181
2259	MORC2	R623K	Missense	0.937011225537796
2260	MORC2	V621V	Silent	1.346022469294044
2261	MORC2	V621V	Silent	-0.011008164
2262	MORC2	V621I	Missense	-0.474797149
2263	MORC2	P617L	Missense	-0.376677066
2264	MORC2		No Mutation	1.0904855239114482
2265	MORC2	S615S	Silent	0.7975990575493367
2266	MORC2		No Mutation	2.196958915292924
2267	MORC2	Q611Q;R612H	Silent;Missense	1.1664993864415891
2268	MORC2	V607I	Missense	2.521776845055975
2269	MORC2	(NC);(NC)	Intron;Intron	-0.331866617
2270	MORC2	(NC);(NC)	Intron;Intron	-0.897320941
2271	MORC2		No Mutation	0.254045262
2272	MORC2		No Mutation	0.8188870986636436
2273	MORC2	(NC);(NC)	Intron;Intron	1.4240486580596603
2274	MORC2	T603I	Missense	0.885097985
2275	MORC2	(NC)	Intron	-0.854929277
2276	MORC2	S602S;T603I	Silent;Missense	-0.925534408
2277	MORC2	S602F;T603I	Missense;Missense	0.3454683030435923
2278	MORC2	E604E;(NC);(NC)	Silent;Splice-donor;Intron	-0.747188205
2279	MORC2	E604K	Missense	0.087705875
2280	MORC2	T598T;T599I	Silent;Missense	0.0274746485574708
2281	MORC2	R600K	Missense	-0.214819776
2282	MORC2	R600K	Missense	-0.532701311
2283	MORC2	L595L;E596K	Silent;Missense	-0.007065914
2284	MORC2	D589D;L590L	Silent;Silent	-0.890032285
2285	MORC2	K591K	Silent	-0.558661277
2286	MORC2	K591K	Silent	0.088752984
2287	MORC2	L590L	Silent	1.3655446294218097
2288	MORC2	D589N	Missense	1.0126226781456924
2289	MORC2	A588T;D589N	Missense;Missense	-1.637444071
2290	MORC2		No Mutation	0.079909382
2291	MORC2	(NC)	Intron	0.7907764891035804
2292	MORC2	(NC)	Intron	-0.142751183
2293	MORC2	(NC)	Intron	-0.412237858
2294	MORC2	(NC);(NC)	Intron;Intron	-0.79223285
2295	MORC2	Q579*	Nonsense	0.8564902685061246
2296	MORC2	A577V	Missense	0.5905462974506295
2297	MORC2	A577V	Missense	-0.934884361
2298	MORC2	L575L	Silent	-0.273446718
2299	MORC2	K574K;L575L;E576K	Silent;Silent;Missense	-0.407008593
2300	MORC2	Q571*;Q572*	Nonsense;Nonsense	-0.567235019
2301	MORC2	R569R;Q570*;Q571*	Silent;Nonsense;Nonsense	0.4417816535587224
2302	MORC2		No Mutation	1.0542059406182038
2303	MORC2		No Mutation	1.0133772588926315
2304	MORC2	K552K;D553N	Silent;Missense	-0.086430037
2305	MORC2	R551K;K552K	Missense;Silent	0.4198973905944634
2306	MORC2	R551K	Missense	2.404154839014736
2307	MORC2	P546P;L547L	Silent;Silent	0.8136656534458767
2308	MORC2	Q543*	Nonsense	2.6118381537730686
2309	MORC2	Q543*	Nonsense	-2.111981199
2310	MORC2	S539F	Missense	1.329223268796747
2311	MORC2	C536Y;E537K	Missense;Missense	-0.601478822
2312	MORC2	(NC)	Intron	-0.068240216
2313	MORC2		No Mutation	-0.658037618
2314	MORC2	(NC)	Intron	1.5892074424820302
2315	MORC2	(NC);(NC)	Intron;Intron	0.5388304582379666
2316	MORC2	(NC);(NC)	Intron;Intron	0.036937921
2317	MORC2		No Mutation	1.3581017339377055
2318	MORC2	(NC)	Intron	-1.133241154
2319	MORC2	(NC);(NC)	Intron;Intron	0.002621787
2320	MORC2	D534N;R535Q	Missense;Missense	-0.80274048
2321	MORC2	Q533Q;D534N	Silent;Missense	0.9971075129031288
2322	MORC2	P529L	Missense	-0.260593685
2323	MORC2	E532K	Missense	0.4415985230051455
2324	MORC2	N528N;P529S	Silent;Missense	0.0493406645260653
2325	MORC2	M527I	Missense	-0.750582168
2326	MORC2	C525Y	Missense	0.079330477
2327	MORC2	C525Y	Missense	-1.050831715
2328	MORC2		No Mutation	0.0442861672297573
2329	MORC2		No Mutation	0.071929601
2330	MORC2	V515I	Missense	-1.262900692
2331	MORC2	V515M	Missense	-1.481225258
2332	MORC2	V515M	Missense	0.2033496219054223
2333	MORC2	P509P;F510F;Q511*	Silent;Silent;Nonsense	0.1806747533273666
2334	MORC2	L512L;S513N	Silent;Missense	-0.523098952
2335	MORC2	L512L;S513N	Silent;Missense	0.4019781267265192
2336	MORC2	(NC)	Intron	-0.900623154
2337	MORC2	(NC);(NC);(NC);(NC)	Intron;Intron;Intron;Intron	0.5048887506524095
2338	MORC2	C499C	Silent	1.3127743014639266
2339	MORC2	(NC);(NC)	Intron;Intron	-0.405681941
2340	MORC2	Q498*	Nonsense	0.6144233624885256
2341	MORC2	(NC);(NC);(NC)	Splice-donor;Intron;Intron	-1.609812231
2342	MORC2	I497I;Q498*	Silent;Nonsense	-0.418113828
2343	MORC2	T496T;I497I;Q498*	Silent;Silent;Nonsense	-0.902557849
2344	MORC2	C499Y;D500N;(NC)	Missense;Missense;Splice-donor	-1.103119701
2345	MORC2	C499Y;D500N;(NC)	Missense;Missense;Splice-donor	-1.228675457
2346	MORC2	Q498Q;C499Y;D500N	Silent;Missense;Missense	-0.077606557
2347	MORC2	P494F;T495I	Missense;Missense	-0.792345876
2348	MORC2		No Mutation	-1.506703827
2349	MORC2	Y485Y;R487C	Silent;Missense	-0.531269788
2350	MORC2	L483L	Silent	1.3301604967481944
2351	MORC2		No Mutation	1.273132888846449
2352	MORC2	R484H	Missense	0.7744981645846403
2353	MORC2	L483L;R484H	Silent;Missense	-0.717230351
2354	MORC2	L483L;R484H	Silent;Missense	-0.76666568
2355	MORC2	L483L;R484H	Silent;Missense	0.0642588
2356	MORC2	E482K	Missense	-1.360648801
2357	MORC2		No Mutation	-0.321098825
2358	MORC2	W475*	Nonsense	-0.970827973
2359	MORC2	G469G;Y470Y	Silent;Silent	-0.540716333
2360	MORC2		No Mutation	0.1522363138945176
2361	MORC2		No Mutation	0.087224824
2362	MORC2	K463K	Silent	0.3232767907618071
2363	MORC2		No Mutation	-1.208159127
2364	MORC2	K463K	Silent	-0.807338545
2365	MORC2		No Mutation	1.290965091284166
2366	MORC2	(NC)	Intron	0.6681745961215027
2367	MORC2	(NC)	Intron	-1.115889116
2368	MORC2	(NC)	Intron	1.121826922347704
2369	MORC2		No Mutation	0.9544028351444336
2370	MORC2		No Mutation	-0.530151477
2371	MORC2	(NC);(NC);(NC)	Intron;Intron;Intron	-0.571162369
2372	MORC2	A455V;I456I	Missense;Silent	-1.133229146
2373	MORC2	A455V	Missense	-1.687181037
2374	MORC2		No Mutation	-0.658744335
2375	MORC2		No Mutation	-0.951325157
2376	MORC2		No Mutation	0.1625377779629095
2377	MORC2		No Mutation	-0.077297534
2378	MORC2	W451*;K452K;D453N	Nonsense;Silent;Missense	-0.518499391
2379	MORC2	H446H;L447L	Silent;Silent	-0.375966461
2380	MORC2	H446Y	Missense	-0.366053873
2381	MORC2	E445E	Silent	-0.009664215
2382	MORC2	A442V	Missense	0.091246457
2383	MORC2	M443I;G444K;E445K	Missense;Missense;Missense	0.0167932629391446
2384	MORC2	H438H;L439L;L440F	Silent;Silent;Missense	-0.161832279
2385	MORC2	A442T	Missense	-0.506666668
2386	MORC2	H438H;L439L	Silent;Silent	-0.887000628
2387	MORC2	H438Y;L439L	Missense;Silent	-0.061549159
2388	MORC2	H438Y;L439L	Missense;Silent	0.0425537945921045
2389	MORC2	L439L	Silent	0.251053534
2390	MORC2	A431V	Missense	-0.434619972
2391	MORC2	D429D	Silent	0.08512507
2392	MORC2	Q428Q;D429N	Silent;Missense	-0.234690892
2393	MORC2	P423F	Missense	-0.663542861
2394	MORC2		No Mutation	-0.206447418
2395	MORC2		No Mutation	-0.277590084
2396	MORC2	E422E	Silent	0.1004282433204374
2397	MORC2	E422K	Missense	0.7007926914870458
2398	MORC2	P417S	Missense	-0.394163928
2399	MORC2		No Mutation	-0.674033732
2400	MORC2		No Mutation	0.1035804046558133
2401	MORC2	A406V	Missense	-0.520845003
2402	MORC2	A406V	Missense	0.7606524474395993
2403	MORC2	G408D;G409K	Missense;Missense	-0.135737987
2404	MORC2	G408N;G409K	Missense;Missense	-2.428351403
2405	MORC2	(NC)	Intron	-1.039874629
2406	MORC2	(NC);(NC)	Intron;Intron	-0.39306301
2407	MORC2	(NC);(NC);(NC)	Intron;Intron;Intron	-0.993298451
2408	MORC2	(NC);(NC)	Intron;Intron	-0.270091969
2409	MORC2	(NC)	Intron	-0.940007961
2410	MORC2	G404N	Missense	-0.971760147
2411	MORC2	G403G;G404N	Silent;Missense	0.592592084
2412	MORC2	G398G;P399L	Silent;Missense	-0.322314564
2413	MORC2	G398G;P399S	Silent;Missense	0.8057695000420945
2414	MORC2	G398G	Silent	-1.361764998
2415	MORC2		No Mutation	-0.343756748
2416	MORC2		No Mutation	-0.00740939
2417	MORC2		No Mutation	-0.441197102
2418	MORC2	I391I	Silent	0.6436231385019372
2419	MORC2	M382I	Missense	0.3683587533839336
2420	MORC2	H376Y	Missense	0.032945142
2421	MORC2	N373N	Silent	-1.286332301
2422	MORC2	V372V	Silent	0.9118931860726284
2423	MORC2	V372V	Silent	-0.210904639
2424	MORC2	V369I	Missense	0.3747902323408169
2425	MORC2	A359V;L360F	Missense;Missense	-0.195372952
2426	MORC2	(NC)	Intron	1.2504830544218968
2427	MORC2	(NC)	Intron	-0.215181754
2428	MORC2	Q357*	Nonsense	-0.479046026
2429	MORC2	I352I	Silent	-1.059868997
2430	MORC2	V348V	Silent	-0.419548676
2431	MORC2	R351K	Missense	0.6615934449867122
2432	MORC2	V348V	Silent	-0.242514343
2433	MORC2	A346V	Missense	-0.864098896
2434	MORC2	R344K;E345K	Missense;Missense	-0.597700745
2435	MORC2		No Mutation	-0.928022762
2436	MORC2	(NC)	Intron	1.0876112885420657
2437	MORC2	(NC);(NC)	Intron;Splice-acceptor	-1.18280013
2438	MORC2	(NC)	Intron	1.343603489307453
2439	MORC2	(NC);(NC)	Intron;Intron	-0.16188335
2440	MORC2	(NC)	Intron	-0.415019184
2441	MORC2		No Mutation	-0.790582237
2442	MORC2	(NC);(NC)	Intron;Intron	1.0298148276626604
2443	MORC2		No Mutation	-0.274503658
2444	MORC2	D327D;S328F	Silent;Missense	1.496345408824597
2445	MORC2	R329K;(NC)	Missense;Splice-donor	-0.657840177
2446	MORC2	T325M;R326W	Missense;Missense	0.6054062950525936
2447	MORC2	D323D;L324F	Silent;Missense	0.6286644194021759
2448	MORC2	D323D;L324F	Silent;Missense	0.2100607823171507
2449	MORC2	T325T	Silent	0.6971472919694202
2450	MORC2		No Mutation	1.223258900736874
2451	MORC2		No Mutation	-0.539120676
2452	MORC2		No Mutation	-1.216520289
2453	MORC2	T315I	Missense	0.2605946901754771
2454	MORC2	A309V	Missense	-0.572636722
2455	MORC2		No Mutation	-0.863377259
2456	MORC2	A302V	Missense	-0.297493279
2457	MORC2	(NC);A302V	Intron;Missense	0.1803013622454076
2458	MORC2		No Mutation	-0.492087581
2459	MORC2	(NC);(NC)	Intron;Intron	0.4588150981963254
2460	MORC2	(NC)	Intron	0.4558229081851761
2461	MORC2		No Mutation	-0.141771581
2462	MORC2		No Mutation	1.0167319612768413
2463	MORC2	H297Y	Missense	-0.172602011
2464	MORC2	A295V	Missense	0.092240112
2465	MORC2	E291E;V292I	Silent;Missense	-2.116815276
2466	MORC2	E291E;V292I	Silent;Missense	-1.559339627
2467	MORC2	T286I;R287C	Missense;Missense	-1.211314527
2468	MORC2	F284F	Silent	-0.294511615
2469	MORC2	A288T;E289K	Missense;Missense	-0.427696002
2470	MORC2	S282S;R283C	Silent;Missense	0.2035388465360631
2471	MORC2	(NC)	Intron	-0.874651617
2472	MORC2		No Mutation	0.6709657509358239
2473	MORC2	(NC);(NC)	Intron;Intron	-0.746379931
2474	MORC2	(NC);(NC);(NC)	Splice-donor;Intron;Intron	-1.559299755
2475	MORC2	Y272Y	Silent	-0.315407591
2476	MORC2	L271L	Silent	0.2110558134238884
2477	MORC2	C270C;L271L	Silent;Silent	-0.391511587
2478	MORC2	K273K	Silent	1.3664341111849554
2479	MORC2	C269C;C270C	Silent;Silent	-0.694027771
2480	MORC2	C269Y;C270Y	Missense;Missense	0.1053678658793599
2481	MORC2	H260H	Silent	0.6225411975940335
2482	MORC2	V262V;Q263Q	Silent;Silent	-0.234312419
2483	MORC2	I255I;F256F	Silent;Silent	-0.086125545
2484	MORC2		No Mutation	-0.251506305
2485	MORC2		No Mutation	-1.079167875
2486	MORC2		No Mutation	-0.749382246
2487	MORC2		No Mutation	-0.453548924
2488	MORC2		No Mutation	-0.601276371
2489	MORC2		No Mutation	-0.105257327
2490	MORC2	L247F	Missense	-0.220592478
2491	MORC2	D250N	Missense	-0.932988046
2492	MORC2		No Mutation	0.1837493582198668
2493	MORC2	V246I	Missense	0.3785263331793244
2494	MORC2	R241H	Missense	0.2159032707561186
2495	MORC2	R237Q;R238H	Missense;Missense	-0.476078178
2496	MORC2	E236K	Missense	-0.922517907
2497	MORC2	E236K	Missense	-0.348299071
2498	MORC2	(NC);(NC);(NC)	Intron;Intron;Intron	-0.152169705
2499	MORC2		No Mutation	0.9223481934944784
2500	MORC2		No Mutation	0.6449136197909379
2501	MORC2		No Mutation	-0.482515215
2502	MORC2	T233M	Missense	0.5854867474351304
2503	MORC2	G232G;T233M	Silent;Missense	1.1116082209482412
2504	MORC2	(NC);(NC);(NC)	Intron;Intron;Intron	-0.580202997
2505	MORC2	G232G	Silent	1.6368240286416338
2506	MORC2	(NC);(NC)	Intron;Intron	0.312452410049661
2507	MORC2	(NC);(NC);(NC)	Intron;Intron;Intron	-1.042110542
2508	MORC2	P230L	Missense	1.7721692560713127
2509	MORC2	M225I;A226T	Missense;Missense	1.5534142230910122
2510	MORC2	P220L	Missense	0.6416012426241233
2511	MORC2		No Mutation	0.0435971663398525
2512	MORC2	L204F	Missense	-1.318890386
2513	MORC2	I201I;F202F	Silent;Silent	0.013357064
2514	MORC2	(NC)	Intron	-0.146599507
2515	MORC2		No Mutation	-0.595142472
2516	MORC2	(NC)	Intron	-0.882854899
2517	MORC2		No Mutation	0.2948680714549196
2518	MORC2		No Mutation	-0.202959176
2519	MORC2	G193R	Missense	2.887880411
2520	MORC2		No Mutation	-0.572897533
2521	MORC2		No Mutation	-0.524717771
2522	MORC2		No Mutation	-0.853657085
2523	MORC2	Q187*	Nonsense	0.8264470798271344
2524	MORC2	V184I	Missense	0.3964231273327705
2525	MORC2	E182K;E183K	Missense;Missense	-2.308699771
2526	MORC2	P177L	Missense	-1.667772362
2527	MORC2	Y175Y;S176F;P177S	Silent;Missense;Missense	-0.155811701
2528	MORC2		No Mutation	-0.018204888
2529	MORC2	V162I;E163K	Missense;Missense	0.1454697901287533
2530	MORC2	D160N	Missense	-1.407597237
2531	MORC2	D160N	Missense	-0.029625629
2532	MORC2	R155Q	Missense	0.4377494018100407
2533	MORC2	R153Q	Missense	1.848493800239588
2534	MORC2	R153Q	Missense	0.7737883437414226
2535	MORC2	T149T	Silent	-0.668137976
2536	MORC2	T149I	Missense	-0.223575889
2537	MORC2	A152T	Missense	-0.124008612
2538	MORC2	W150*;A152T	Nonsense;Missense	-1.070788006
2539	MORC2	P148F	Missense	0.6351222901037002
2540	MORC2	V145V	Silent	-1.415385087
2541	MORC2		No Mutation	-0.711580502
2542	MORC2		No Mutation	0.1939305366466219
2543	MORC2	(NC);(NC)	Intron;Intron	0.2690006054043869
2544	MORC2		No Mutation	-0.261183734
2545	MORC2		No Mutation	0.7474496292781388
2546	MORC2	T133M	Missense	0.2814995165131568
2547	MORC2	E136K	Missense	5.166106647567199
2548	MORC2	S131F;R132C	Missense;Missense	0.1518586009239823
2549	MORC2	T133T	Silent	-1.484225079
2550	MORC2	R132H	Missense	1.225957535698358
2551	MORC2	L130L	Silent	0.2398421650026614
2552	MORC2	M125I	Missense	1.4512575679801647
2553	MORC2	K121K;E122K;D123N	Silent;Missense;Missense	0.8954252859255194
2554	MORC2	G107G;S108L	Silent;Missense	-0.433691851
2555	MORC2	G107G	Silent	0.088991075
2556	MORC2		No Mutation	-1.305603223
2557	MORC2	M109I	Missense	-1.091869402
2558	MORC2		No Mutation	0.4324982732519321
2559	MORC2		No Mutation	-0.39459371
2560	MORC2		No Mutation	0.3991889795870084
2561	MORC2		No Mutation	0.1495182840457119
2562	MORC2		No Mutation	-0.816868029
2563	MORC2	T95I;Q96*	Missense;Nonsense	-1.271339844
2564	MORC2	T95I;Q96*	Missense;Nonsense	-2.352980109
2565	MORC2	G98K	Missense	1.0609236996474405
2566	MORC2	P92L	Missense	0.2496609494741023
2567	MORC2	P92F	Missense	-0.830668361
2568	MORC2	E93E	Silent	0.443622762
2569	MORC2	S87S;A88T	Silent;Missense	0.3531368045517836
2570	MORC2	I82I;Q83*	Silent;Nonsense	-0.332567757
2571	MORC2	G85K	Missense	-2.674671494
2572	MORC2	A79V	Missense	-0.942693061
2573	MORC2	A79V	Missense	0.9756930242448671
2574	MORC2	A79T	Missense	1.1103555373883132
2575	MORC2	A79T	Missense	1.334491288519158
2576	MORC2		No Mutation	0.9767117897783996
2577	MORC2	(NC)	Intron	0.925747614
2578	MORC2		No Mutation	0.1386733812847983
2579	MORC2	M63I	Missense	0.1102930022020305
2580	MORC2	R55*	Nonsense	4.427708812034937
2581	MORC2	R55*	Nonsense	-0.404744727
2582	MORC2		No Mutation	-0.199449118
2583	MORC2	A52T	Missense	0.08609264
2584	MORC2		No Mutation	0.1979037057577587
2585	MORC2		No Mutation	0.69346362
2586	MORC2	A40V	Missense	0.6152697779333002
2587	MORC2	L36L	Silent	-0.916614631
2588	MORC2	D38N	Missense	-0.257176796
2589	MORC2	D38N	Missense	-0.305477306
2590	MORC2		No Mutation	1.1057403638206975
2591	MORC2	L29L	Silent	-0.121462848
2592	MORC2	T25I;H26Y	Missense;Missense	-0.826313077
2593	MORC2	S23L	Missense	-1.447194763
2594	MORC2		No Mutation	0.1927879164111388
2595	MORC2	M1I;A2T	Missense;Missense	-0.751413337
2596	MORC2	(NC);(NC)	UTR;UTR	-0.441873071
2597	ATF7IP	Q8*	Nonsense	-0.839810636
2598	ATF7IP	L26F	Missense	-0.151340282
2599	ATF7IP		No Mutation	0.037421867
2600	ATF7IP		No Mutation	-0.257749571
2601	ATF7IP	N47N;H48Y	Silent;Missense	-0.657916021
2602	ATF7IP	D54D;P55S	Silent;Missense	1.880413417121763
2603	ATF7IP	T56T;S57L;P58S	Silent;Missense;Missense	1.0328305680144656
2604	ATF7IP		No Mutation	0.743010763
2605	ATF7IP	Y64Y	Silent	-0.531359547
2606	ATF7IP	D67D	Silent	-0.193406188
2607	ATF7IP		No Mutation	-0.148687564
2608	ATF7IP	A86T;E87K	Missense;Missense	-0.271643993
2609	ATF7IP		No Mutation	0.9603241386130136
2610	ATF7IP	V97I	Missense	0.034067855
2611	ATF7IP		No Mutation	0.3800102753602797
2612	ATF7IP		No Mutation	-1.638273183
2613	ATF7IP		No Mutation	-0.181584025
2614	ATF7IP	E120K	Missense	-1.343752073
2615	ATF7IP	E120K	Missense	0.2492829849488151
2616	ATF7IP	E120K	Missense	-1.086994825
2617	ATF7IP		No Mutation	1.093440361525864
2618	ATF7IP	A127T	Missense	6.691901381
2619	ATF7IP	P126F;A127V	Missense;Missense	0.1894979262364006
2620	ATF7IP	G132N	Missense	0.9084034979248238
2621	ATF7IP	S131F	Missense	1.546505389011335
2622	ATF7IP	A135T	Missense	0.4481570975411098
2623	ATF7IP	P134L	Missense	-0.186149245
2624	ATF7IP	P136F	Missense	-0.687744095
2625	ATF7IP	L139L;D140N	Silent;Missense	-0.884445708
2626	ATF7IP	A141T	Missense	0.089286933
2627	ATF7IP	A141T;G142R	Missense;Missense	-1.135717166
2628	ATF7IP	A141V	Missense	-0.936419083
2629	ATF7IP	G147K	Missense	-0.750708734
2630	ATF7IP	P144L	Missense	0.9903487787525848
2631	ATF7IP	S146F	Missense	-0.478493314
2632	ATF7IP	L149L;A150T	Silent;Missense	0.8414514693863182
2633	ATF7IP		No Mutation	1.1301487319683172
2634	ATF7IP	G152N	Missense	0.1394708380436674
2635	ATF7IP	S151F	Missense	-1.638879551
2636	ATF7IP		No Mutation	-0.747241053
2637	ATF7IP		No Mutation	-0.631965507
2638	ATF7IP		No Mutation	-0.431806082
2639	ATF7IP		No Mutation	1.1324499225698654
2640	ATF7IP		No Mutation	-0.129410895
2641	ATF7IP		No Mutation	-0.254058495
2642	ATF7IP	S166F	Missense	0.8657001790629993
2643	ATF7IP	A169T;A170T	Missense;Missense	0.1345878481850916
2644	ATF7IP	A170T	Missense	-0.654022017
2645	ATF7IP		No Mutation	0.053346344
2646	ATF7IP	S171F	Missense	-0.353375152
2647	ATF7IP		No Mutation	0.8279121823761313
2648	ATF7IP	S176F	Missense	-0.089580727
2649	ATF7IP		No Mutation	1.6196312059021318
2650	ATF7IP	S181F	Missense	-0.630908811
2651	ATF7IP	V184V	Silent	0.1467082897632614
2652	ATF7IP	V184V	Silent	-0.18022454
2653	ATF7IP		No Mutation	0.2065392891124521
2654	ATF7IP	P186F	Missense	-0.389122937
2655	ATF7IP		No Mutation	0.6763386773459309
2656	ATF7IP	G192S	Missense	-0.078304105
2657	ATF7IP	G192N	Missense	1.349037056803292
2658	ATF7IP		No Mutation	1.574815141944109
2659	ATF7IP	A196T	Missense	-0.023210157
2660	ATF7IP	A196V	Missense	0.3364650942422275
2661	ATF7IP		No Mutation	0.2261832623353995
2662	ATF7IP		No Mutation	-0.09958161
2663	ATF7IP	S206F	Missense	0.095364559
2664	ATF7IP		No Mutation	-0.497081044
2665	ATF7IP		No Mutation	-0.220531321
2666	ATF7IP		No Mutation	0.5903905009684097
2667	ATF7IP	P209F	Missense	-0.931740149
2668	ATF7IP	P214P;V215I	Silent;Missense	0.018786455578956
2669	ATF7IP	P214P;V215I	Silent;Missense	0.4311712203452746
2670	ATF7IP	V217I	Missense	-0.364224676
2671	ATF7IP	V217I	Missense	0.7069411501394613
2672	ATF7IP	P216F	Missense	0.2163752529181679
2673	ATF7IP		No Mutation	1.8815489820008315
2674	ATF7IP	G222S	Missense	-0.948804775
2675	ATF7IP	G222N	Missense	1.8369940470743973
2676	ATF7IP	C224Y;A225T	Missense;Missense	-0.383928108
2677	ATF7IP	C224Y;A225T	Missense;Missense	-0.271818941
2678	ATF7IP		No Mutation	0.2903100722045848
2679	ATF7IP		No Mutation	-0.88221243
2680	ATF7IP		No Mutation	0.8219252314184416
2681	ATF7IP	S236F	Missense	0.3565248044287715
2682	ATF7IP	A250T	Missense	-0.631218364
2683	ATF7IP	D252N	Missense	-0.435726071
2684	ATF7IP	P249L	Missense	-1.273960093
2685	ATF7IP	S251F	Missense	0.5935065880514314
2686	ATF7IP	L254L;A255T	Silent;Missense	-0.707396245
2687	ATF7IP		No Mutation	0.6425878004002168
2688	ATF7IP		No Mutation	0.4381576832918548
2689	ATF7IP	L259L	Silent	-1.158652345
2690	ATF7IP		No Mutation	0.7700495684423467
2691	ATF7IP	L264L	Silent	1.862677931143669
2692	ATF7IP	S266F	Missense	-0.269895331
2693	ATF7IP		No Mutation	-0.556614615
2694	ATF7IP	L269L	Silent	1.4446437458458328
2695	ATF7IP		No Mutation	0.7799736380647014
2696	ATF7IP		No Mutation	-0.325351789
2697	ATF7IP	E290K	Missense	-0.004141578
2698	ATF7IP	V294I	Missense	0.5986791369080708
2699	ATF7IP	V296I;C297Y	Missense;Missense	0.631067897
2700	ATF7IP	V300I	Missense	-0.80295918
2701	ATF7IP	D304N	Missense	0.3765268504384173
2702	ATF7IP	E307K	Missense	-0.483931581
2703	ATF7IP	D313N;D314N	Missense;Missense	1.128503319829682
2704	ATF7IP	Q330*	Nonsense	-3.388458769
2705	ATF7IP	P365F	Missense	0.6454193473095156
2706	ATF7IP		No Mutation	-0.058340152
2707	ATF7IP	I376I;T377I	Silent;Missense	-1.429252985
2708	ATF7IP	A385V	Missense	0.5672833307012217
2709	ATF7IP		No Mutation	0.4186912075857017
2710	ATF7IP		No Mutation	-0.235588459
2711	ATF7IP		No Mutation	-0.747423086
2712	ATF7IP	L442F	Missense	0.4213640437139608
2713	ATF7IP		No Mutation	0.6003506347644235
2714	ATF7IP	E462E	Silent	1.1998686410802957
2715	ATF7IP		No Mutation	0.9786087916796562
2716	ATF7IP		No Mutation	-0.808615512
2717	ATF7IP		No Mutation	-0.678837974
2718	ATF7IP		No Mutation	-0.117362041
2719	ATF7IP	S483N;S484N	Missense;Missense	0.2797950981954333
2720	ATF7IP	P488L	Missense	0.1700914037102896
2721	ATF7IP	L493L;V494I	Silent;Missense	-0.684659938
2722	ATF7IP	D497N	Missense	-0.3518292
2723	ATF7IP	V494V;L495F	Silent;Missense	-0.302986959
2724	ATF7IP		No Mutation	-1.291914207
2725	ATF7IP	E499E;D500N	Silent;Missense	0.001801795
2726	ATF7IP		No Mutation	0.004742868
2727	ATF7IP		No Mutation	0.1819583002443374
2728	ATF7IP		No Mutation	0.2018840789837315
2729	ATF7IP		No Mutation	-0.764875272
2730	ATF7IP		No Mutation	-0.406608702
2731	ATF7IP	V537I	Missense	0.005658644
2732	ATF7IP		No Mutation	1.2099400132397318
2733	ATF7IP	S557F	Missense	-1.894828042
2734	ATF7IP	R569C	Missense	-1.25410384
2735	ATF7IP		No Mutation	0.921567076
2736	ATF7IP		No Mutation	-0.944805893
2737	ATF7IP	Q593Q	Silent	-1.242591258
2738	ATF7IP	N592N;Q593*	Silent;Nonsense	0.8442392732006474
2739	ATF7IP		No Mutation	0.0239781884988393
2740	ATF7IP	(NC)	Intron	-0.315357157
2741	ATF7IP		No Mutation	-0.342962787
2742	ATF7IP		No Mutation	0.4671929418259575
2743	ATF7IP		No Mutation	-1.156402602
2744	ATF7IP		No Mutation	-1.265465317
2745	ATF7IP	L639F	Missense	0.1685343418210181
2746	ATF7IP		No Mutation	0.1386078528383673
2747	ATF7IP	R652H	Missense	-0.58576491
2748	ATF7IP	A656T	Missense	-0.393785513
2749	ATF7IP		No Mutation	0.4668682302934774
2750	ATF7IP		No Mutation	0.3253628727747963
2751	ATF7IP		No Mutation	0.5105400865784968
2752	ATF7IP		No Mutation	0.3248710778647058
2753	ATF7IP		No Mutation	0.6159283549053031
2754	ATF7IP	N669N;P670L	Silent;Missense	0.8558683428737922
2755	ATF7IP	V672I	Missense	0.1851791637459623
2756	ATF7IP		No Mutation	0.077093637
2757	ATF7IP		No Mutation	0.6961083730481198
2758	ATF7IP		No Mutation	-1.061063275
2759	ATF7IP		No Mutation	-0.955007048
2760	ATF7IP	G693G;T694I	Silent;Missense	-1.098656128
2761	ATF7IP	S706N;E707K	Missense;Missense	0.1867323113213031
2762	ATF7IP		No Mutation	-0.772372183
2763	ATF7IP	V717M	Missense	-0.237522331
2764	ATF7IP	Q714*;T715I	Nonsense;Missense	-0.250125113
2765	ATF7IP	V717V	Silent	-1.191116461
2766	ATF7IP		No Mutation	0.6957805737127907
2767	ATF7IP		No Mutation	1.3009768492624867
2768	ATF7IP	S733N;S734N	Missense;Missense	-0.673753899
2769	ATF7IP	S734N	Missense	-0.30708057
2770	ATF7IP	V742M	Missense	1.4898657578953594
2771	ATF7IP	Q739*	Nonsense	-0.986524855
2772	ATF7IP	Q739*;T740I	Nonsense;Missense	-0.787728666
2773	ATF7IP		No Mutation	0.4207900023879509
2774	ATF7IP	V752I	Missense	-0.36116661
2775	ATF7IP	V752I	Missense	0.019944548805997
2776	ATF7IP	A759T	Missense	0.2794884426968205
2777	ATF7IP	V761I;V762I	Missense;Missense	1.2819160299102332
2778	ATF7IP	V762I	Missense	0.950065753013102
2779	ATF7IP		No Mutation	-0.41029116
2780	ATF7IP	T764I;T765I	Missense;Missense	0.09200503
2781	ATF7IP	Q773Q	Silent	1.0055074600040683
2782	ATF7IP		No Mutation	-0.068859361
2783	ATF7IP		No Mutation	-0.824028948
2784	ATF7IP		No Mutation	1.326197517643222
2785	ATF7IP	Q779Q	Silent	-0.214922262
2786	ATF7IP	L785L	Silent	0.8571215643927353
2787	ATF7IP	V787I	Missense	-0.204229281
2788	ATF7IP		No Mutation	-0.706203959
2789	ATF7IP		No Mutation	0.7666519326703338
2790	ATF7IP	Q799Q	Silent	0.7022081018454689
2791	ATF7IP	Q799Q	Silent	-1.018400579
2792	ATF7IP	L797F;L798L	Missense;Silent	-0.361166458
2793	ATF7IP	S800N	Missense	-1.907701034
2794	ATF7IP	L798L	Silent	0.1262390816083686
2795	ATF7IP	S800S;H801Y	Silent;Missense	-0.185303256
2796	ATF7IP	L805L;V806I	Silent;Missense	1.06958826358548
2797	ATF7IP		No Mutation	0.3950969518386649
2798	ATF7IP	T807I	Missense	-0.118260367
2799	ATF7IP	E815K	Missense	0.5464386470846767
2800	ATF7IP	S821S;P822L	Silent;Missense	1.2249379832904106
2801	ATF7IP	G827N	Missense	0.5088163857769208
2802	ATF7IP	G827N	Missense	-0.17241672
2803	ATF7IP		No Mutation	0.4496639693659179
2804	ATF7IP		No Mutation	0.864332495
2805	ATF7IP		No Mutation	-0.670495655
2806	ATF7IP		No Mutation	0.2202614531877207
2807	ATF7IP		No Mutation	-0.686433139
2808	ATF7IP		No Mutation	0.5187492356778871
2809	ATF7IP	V847I	Missense	0.5199706659132681
2810	ATF7IP	V847I	Missense	0.2824902877069259
2811	ATF7IP	V850M	Missense	0.059815923
2812	ATF7IP	S854N	Missense	2.5176866151462267
2813	ATF7IP	P851L	Missense	0.038862916
2814	ATF7IP	R857K	Missense	-0.290484761
2815	ATF7IP	R857K	Missense	-0.414207705
2816	ATF7IP		No Mutation	-0.28719309
2817	ATF7IP	A861V	Missense	-0.211983348
2818	ATF7IP	A864T	Missense	-0.855516193
2819	ATF7IP	A861V	Missense	-0.283070411
2820	ATF7IP	A864T	Missense	-1.386560812
2821	ATF7IP	L866L;G867K	Silent;Missense	-1.05695935
2822	ATF7IP	A871T	Missense	0.3299316751230285
2823	ATF7IP	T868I	Missense	-0.774953104
2824	ATF7IP	V882I	Missense	-0.518609287
2825	ATF7IP	S880F	Missense	0.2640125517804884
2826	ATF7IP		No Mutation	-0.507508865
2827	ATF7IP	T887I	Missense	-0.231452725
2828	ATF7IP	T887I;S888F	Missense;Missense	-0.621982066
2829	ATF7IP	P890F;T891I	Missense;Missense	-1.399307173
2830	ATF7IP	G896K	Missense	-0.171846061
2831	ATF7IP	G896K	Missense	0.8557033235551073
2832	ATF7IP	S899N	Missense	0.974908207
2833	ATF7IP	S899N	Missense	0.2177645772886628
2834	ATF7IP	P900L	Missense	0.0536709285989221
2835	ATF7IP	G905N	Missense	-0.966927775
2836	ATF7IP	S917N	Missense	0.2345751078116514
2837	ATF7IP	T928I	Missense	-0.958127634
2838	ATF7IP	(NC);(NC)	Splice-donor;Intron	0.1006233763535953
2839	ATF7IP	(NC)	Intron	-0.976761259
2840	ATF7IP	(NC)	Intron	-1.350931325
2841	ATF7IP		No Mutation	-0.081184848
2842	ATF7IP		No Mutation	-0.727571401
2843	ATF7IP	A949V	Missense	-1.718195572
2844	ATF7IP	(NC)	Intron	-0.010939754
2845	ATF7IP	T959I	Missense	-0.777345168
2846	ATF7IP	S964N	Missense	0.6578382719865299
2847	ATF7IP	V966V	Silent	-0.898781766
2848	ATF7IP		No Mutation	0.5970482161464878
2849	ATF7IP		No Mutation	-0.024584396
2850	ATF7IP	S994N	Missense	0.053076594
2851	ATF7IP	Q997Q	Silent	0.589991527
2852	ATF7IP	L1003L	Silent	0.3166775963396382
2853	ATF7IP		No Mutation	-1.210852616
2854	ATF7IP	P1010P	Silent	0.864763254
2855	ATF7IP	P1010P	Silent	1.2317700695298766
2856	ATF7IP	P1010L;P1011F	Missense;Missense	3.344111692
2857	ATF7IP		No Mutation	-0.121685124
2858	ATF7IP	P1010L;P1011F	Missense;Missense	0.9345094048406574
2859	ATF7IP	P1011F;L1012F	Missense;Missense	-0.089402285
2860	ATF7IP	G1016K	Missense	1.2581174767734749
2861	ATF7IP	G1016K;V1017M	Missense;Missense	-0.080059552
2862	ATF7IP	S1015F	Missense	-0.164963156
2863	ATF7IP	S1020N	Missense	0.097907297
2864	ATF7IP		No Mutation	0.4341942951289896
2865	ATF7IP		No Mutation	0.1418310346715187
2866	ATF7IP	H1028Y	Missense	0.5479391987316238
2867	ATF7IP		No Mutation	-1.878264623
2868	ATF7IP		No Mutation	0.5378627425653958
2869	ATF7IP	(NC);(NC)	Intron;Intron	0.1824374292750567
2870	ATF7IP		No Mutation	0.3843975160612155
2871	ATF7IP	V1039I	Missense	-0.471065158
2872	ATF7IP	R1042H	Missense	-0.539934211
2873	ATF7IP	H1041Y;R1042C	Missense;Missense	0.3682564203703403
2874	ATF7IP		No Mutation	1.305875204
2875	ATF7IP		No Mutation	-0.067218859
2876	ATF7IP	A1058T	Missense	-0.032076947
2877	ATF7IP	A1058T	Missense	0.5177431643252748
2878	ATF7IP	A1056V;P1057S	Missense;Missense	0.3808401534523624
2879	ATF7IP		No Mutation	-0.070829467
2880	ATF7IP	P1057F	Missense	-0.939517595
2881	ATF7IP	V1062I;V1063I	Missense;Missense	-0.625828571
2882	ATF7IP		No Mutation	0.2587021918090716
2883	ATF7IP		No Mutation	-1.73327549
2884	ATF7IP	P1068F	Missense	-0.200031749
2885	ATF7IP	Q1073Q;A1074T	Silent;Missense	-0.546498213
2886	ATF7IP	A1072V;Q1073*	Missense;Nonsense	0.1935157954651044
2887	ATF7IP		No Mutation	0.4750299037916454
2888	ATF7IP	L1076L;R1077Q	Silent;Missense	-1.449989245
2889	ATF7IP	R1077*	Nonsense	0.2161163177687545
2890	ATF7IP	V1080I	Missense	-0.490153328
2891	ATF7IP	M1081I	Missense	-2.007377932
2892	ATF7IP	Q1082*	Nonsense	-1.514767942
2893	ATF7IP	A1083V;P1084S	Missense;Missense	0.3083309134488872
2894	ATF7IP	V1089I	Missense	0.6861204755596335
2895	ATF7IP		No Mutation	-1.312020733
2896	ATF7IP	(NC)	Intron	1.2866214875143689
2897	ATF7IP	V1106I	Missense	-0.678379249
2898	ATF7IP	T1104I	Missense	-0.248000304
2899	ATF7IP		No Mutation	-0.221939156
2900	ATF7IP	N1108N	Silent	2.2591448605696325
2901	ATF7IP	N1108N	Silent	0.2636580431471594
2902	ATF7IP	L1111L;T1112I	Silent;Missense	-1.042087371
2903	ATF7IP	G1117E	Missense	-0.765574512
2904	ATF7IP		No Mutation	-0.748368829
2905	ATF7IP		No Mutation	-1.339790002
2906	ATF7IP	V1129V	Silent	-0.027558483
2907	ATF7IP	(NC)	Splice-donor	-2.507242316
2908	ATF7IP	(NC);(NC)	Splice-donor;Intron	-1.394894116
2909	ATF7IP	T1131I	Missense	-0.597908304
2910	ATF7IP		No Mutation	1.060641379016861
2911	ATF7IP	E1132E	Silent	-0.406179556
2912	ATF7IP		No Mutation	-0.932068729
2913	ATF7IP		No Mutation	-0.23217608
2914	ATF7IP	A1140T	Missense	0.3704453376293157
2915	ATF7IP	A1140T	Missense	0.6558052978290331
2916	ATF7IP		No Mutation	-0.417166006
2917	ATF7IP		No Mutation	0.1165760513594187
2918	ATF7IP		No Mutation	0.1937362671659942
2919	ATF7IP	E1144K;A1145T	Missense;Missense	-0.850066472
2920	ATF7IP	E1144K;A1145T	Missense;Missense	0.3943652545439128
2921	ATF7IP		No Mutation	0.4157761429144399
2922	ATF7IP		No Mutation	0.080307076
2923	ATF7IP		No Mutation	0.2236489461128213
2924	ATF7IP	L1151L	Silent	0.056240182
2925	ATF7IP	E1154K	Missense	-0.421879079
2926	ATF7IP	S1157N	Missense	0.6624138010997996
2927	ATF7IP	S1157N	Missense	-0.265881226
2928	ATF7IP		No Mutation	-0.46352492
2929	ATF7IP		No Mutation	0.750010759
2930	ATF7IP	Q1162Q	Silent	1.034970623504559
2931	ATF7IP	L1166L	Silent	1.8606485005478808
2932	ATF7IP	A1169T;R1170H	Missense;Missense	0.9466374258938098
2933	ATF7IP	R1170C	Missense	0.9053367038273108
2934	ATF7IP	G1176G	Silent	-1.164054008
2935	ATF7IP	L1179L	Silent	0.1293358055514084
2936	ATF7IP	S1180L	Missense	-0.876358076
2937	ATF7IP		No Mutation	-0.027889019
2938	ATF7IP	S1189N	Missense	-0.071178275
2939	ATF7IP		No Mutation	-0.148673124
2940	ATF7IP	L1198F	Missense	-1.069822762
2941	ATF7IP	E1203K	Missense	0.4491263536944841
2942	ATF7IP	A1207T	Missense	-0.419993043
2943	ATF7IP		No Mutation	-0.598975038
2944	ATF7IP	A1207V;T1208I	Missense;Missense	0.4368908946568425
2945	ATF7IP		No Mutation	1.342287044560904
2946	ATF7IP	W1213*	Nonsense	-0.553332932
2947	ATF7IP	S1211L;Q1212*	Missense;Nonsense	0.6497831178648354
2948	ATF7IP	S1211L;Q1212*	Missense;Nonsense	0.5085719835726145
2949	ATF7IP	Q1212*	Nonsense	-0.316380114
2950	ATF7IP		No Mutation	-0.026031591
2951	ATF7IP	A1221V;L1222F	Missense;Missense	-0.41759725
2952	ATF7IP	C1228Y	Missense	-0.161192625
2953	ATF7IP	C1228Y	Missense	0.0207135131371221
2954	ATF7IP		No Mutation	-0.684291261
2955	ATF7IP		No Mutation	-0.990018074
2956	ATF7IP	L1230F;T1231I	Missense;Missense	-0.531310259
2957	ATF7IP	G1236D;S1237N	Missense;Missense	0.6029713294538931
2958	ATF7IP	S1237N	Missense	2.4295286923226085
2959	ATF7IP	Y1240Y	Silent	0.9993219671259382
2960	ATF7IP	R1244*;A1245V	Nonsense;Missense	0.2314577726574243
2961	ATF7IP		No Mutation	-0.224657233
2962	ATF7IP	G1250E;R1251H	Missense;Missense	-0.707587995
2963	ATF7IP	Q1259Q	Silent	-0.154307713
2964	ATF7IP	V1263I	Missense	-1.148505078
2965	ATF7IP	T1267T;Q1268*	Silent;Nonsense	0.294259866126596
2966	ATF7IP	(NC)	UTR	-0.816285231
2967	ATF7IP	(NC);(NC)	UTR;UTR	-0.593568022
2968	ATF7IP		No Mutation	0.2782509075370218
2969	ATF7IP2	(NC);(NC)	Intron;Intron	-0.557768977
2970	ATF7IP2	M1I;A2T	Missense;Missense	-0.399659039
2971	ATF7IP2	P4L	Missense	-1.038977312
2972	ATF7IP2	R9Q	Missense	0.3094688424798661
2973	ATF7IP2	T17I	Missense	-0.897505194
2974	ATF7IP2	K24K	Silent	0.3213010276767323
2975	ATF7IP2	K24K	Silent	0.227327008
2976	ATF7IP2	K24K;V26I	Silent;Missense	0.231965289536865
2977	ATF7IP2	E27E;M28I	Silent;Missense	0.5271480715288077
2978	ATF7IP2		No Mutation	0.007575326
2979	ATF7IP2	A37V;L38L	Missense;Silent	-0.118848487
2980	ATF7IP2	A37V;L38L	Missense;Silent	-0.668866628
2981	ATF7IP2		No Mutation	-0.928066374
2982	ATF7IP2	S52N	Missense	1.0392484810721392
2983	ATF7IP2	P55F	Missense	1.4696181053983144
2984	ATF7IP2	R60K	Missense	0.2230565360777515
2985	ATF7IP2		No Mutation	-0.757401101
2986	ATF7IP2		No Mutation	0.49752160342003
2987	ATF7IP2	V103I	Missense	-0.284493715
2988	ATF7IP2	H104Y	Missense	0.7350514324120767
2989	ATF7IP2		No Mutation	-1.910413749
2990	ATF7IP2	E124K	Missense	1.1498819021505875
2991	ATF7IP2		No Mutation	-0.870346634
2992	ATF7IP2	S127S	Silent	0.2873601496282292
2993	ATF7IP2	E132K	Missense	-0.364474779
2994	ATF7IP2	E132K	Missense	0.5145782343869799
2995	ATF7IP2	E132K	Missense	0.9591004765996056
2996	ATF7IP2	E159E;G160K	Silent;Missense	-0.399510009
2997	ATF7IP2	E159E;G160K;A161T	Silent;Missense;Missense	1.0403530256929174
2998	ATF7IP2	S172N	Missense	0.8719534551326222
2999	ATF7IP2	P170L;P171F	Missense;Missense	-0.611041038
3000	ATF7IP2	S175N;G176N	Missense;Missense	0.8314349079003653
3001	ATF7IP2	G176N;V177I	Missense;Missense	-0.580501142
3002	ATF7IP2	G176D;V177I	Missense;Missense	-0.267612506
3003	ATF7IP2	S187N	Missense	-0.425794842
3004	ATF7IP2	T184I	Missense	0.1756328799900327
3005	ATF7IP2	T184I	Missense	0.2677034293725118
3006	ATF7IP2	K192K	Silent	0.0456087324251134
3007	ATF7IP2	D191D	Silent	0.939054482938092
3008	ATF7IP2	E202K	Missense	1.2220963802834734
3009	ATF7IP2		No Mutation	-0.162433265
3010	ATF7IP2	S207L	Missense	-1.392787868
3011	ATF7IP2	D211N	Missense	0.3142561013269861
3012	ATF7IP2		No Mutation	-1.167174455
3013	ATF7IP2	V239I	Missense	-0.943817204
3014	ATF7IP2	C262Y;E263K	Missense;Missense	0.5260295961480002
3015	ATF7IP2		No Mutation	0.7350515474984002
3016	ATF7IP2	S279S;H280Y	Silent;Missense	0.8899813471256774
3017	ATF7IP2		No Mutation	1.978506573572533
3018	ATF7IP2		No Mutation	0.706828277
3019	ATF7IP2	Q314*	Nonsense	0.4950043948464512
3020	ATF7IP2	T315I	Missense	0.7795631902183422
3021	ATF7IP2		No Mutation	-0.080016918
3022	ATF7IP2	Q320*	Nonsense	-0.30294349
3023	ATF7IP2	Q320*	Nonsense	-0.647475822
3024	ATF7IP2		No Mutation	-0.65441575
3025	ATF7IP2	V321V;H323Y	Silent;Missense	-1.218645673
3026	ATF7IP2		No Mutation	2.356164235782664
3027	ATF7IP2		No Mutation	0.4493053471689189
3028	ATF7IP2	K350K;E352K	Silent;Missense	-0.385145002
3029	ATF7IP2	C353C	Silent	-1.259671385
3030	ATF7IP2		No Mutation	-2.068037535
3031	ATF7IP2	T377I	Missense	-0.130746479
3032	ATF7IP2	N389N	Silent	0.8315877566006757
3033	ATF7IP2	S393N	Missense	-0.767559275
3034	ATF7IP2	S392S	Silent	-0.961333235
3035	ATF7IP2	K398K	Silent	1.5385553652644528
3036	ATF7IP2		No Mutation	-1.067391904
3037	ATF7IP2		No Mutation	0.6243101796866924
3038	ATF7IP2	A400T	Missense	1.5906413002567588
3039	ATF7IP2		No Mutation	-0.468100138
3040	ATF7IP2	S402L	Missense	-0.09055846
3041	ATF7IP2	S428F	Missense	0.7192589119144928
3042	ATF7IP2		No Mutation	0.4902989173255229
3043	ATF7IP2	S447F	Missense	0.3410202732845901
3044	ATF7IP2		No Mutation	0.7847102254480467
3045	ATF7IP2		No Mutation	-0.884194289
3046	ATF7IP2	T471I	Missense	0.6281632048636149
3047	ATF7IP2		No Mutation	0.8611453030639087
3048	ATF7IP2	(NC)	Intron	-0.381366892
3049	ATF7IP2	T477I	Missense	1.2654507414009792
3050	ATF7IP2	P489F	Missense	-0.209686404
3051	ATF7IP2	M494I;(NC)	Missense;Splice-donor	-1.107808002
3052	ATF7IP2	M494I;(NC);(NC)	Missense;Splice-donor;Intron	-0.584817541
3053	ATF7IP2		No Mutation	0.3007727756448134
3054	ATF7IP2	L511L;S512F	Silent;Missense	0.2858943273845078
3055	ATF7IP2	E517K	Missense	0.7357281697078161
3056	ATF7IP2	N513N;C514C	Silent;Silent	0.1103363604755306
3057	ATF7IP2	(NC)	Splice-acceptor	-0.276472274
3058	ATF7IP2	P519S	Missense	0.1180390599024674
3059	ATF7IP2	E524K	Missense	0.4161331555433568
3060	ATF7IP2	S527S	Silent	0.023528248
3061	ATF7IP2	S527S	Silent	0.5434410018129348
3062	ATF7IP2	S527S	Silent	0.00428981
3063	ATF7IP2	S527S	Silent	-1.42407899
3064	ATF7IP2	S527S;A529T	Silent;Missense	-0.275649158
3065	ATF7IP2	A529V	Missense	1.3513577747636072
3066	ATF7IP2		No Mutation	-0.180971688
3067	ATF7IP2	A540V;Q541*	Missense;Nonsense	0.2811911016845157
3068	ATF7IP2	(NC);(NC)	Intron;Intron	-1.045048059
3069	ATF7IP2	(NC)	Intron	0.9972183283538248
3070	ATF7IP2		No Mutation	-0.499510736
3071	ATF7IP2		No Mutation	-0.23818315
3072	ATF7IP2	E558K	Missense	0.6888927142621577
3073	ATF7IP2		No Mutation	0.6444527145852623
3074	ATF7IP2	A561T	Missense	-1.136603383
3075	ATF7IP2		No Mutation	-0.026794228
3076	ATF7IP2		No Mutation	-0.593884871
3077	ATF7IP2	E565K	Missense	0.5190078643180223
3078	ATF7IP2	E565K	Missense	-1.597429027
3079	ATF7IP2	V567I;D568N	Missense;Missense	-0.143927772
3080	ATF7IP2		No Mutation	0.8211754537295832
3081	ATF7IP2		No Mutation	-1.291321136
3082	ATF7IP2	E580K	Missense	-1.10237382
3083	ATF7IP2		No Mutation	-0.314356044
3084	ATF7IP2		No Mutation	0.6474434134048814
3085	ATF7IP2	V583M	Missense	-0.27961416
3086	ATF7IP2	P579L	Missense	0.1936609140431584
3087	ATF7IP2	L581F	Missense	-0.262005843
3088	ATF7IP2	R585Q	Missense	1.074333757636311
3089	ATF7IP2	G591G	Silent	0.089579811
3090	ATF7IP2	L594L	Silent	-0.416510199
3091	ATF7IP2	L594L	Silent	-1.255702432
3092	ATF7IP2		No Mutation	0.3676651810419332
3093	ATF7IP2	K604K;C605Y	Silent;Missense	1.6158482320515424
3094	ATF7IP2	V608I;E609K	Missense;Missense	0.3127675469173318
3095	ATF7IP2	E609K	Missense	1.3124858428788526
3096	ATF7IP2		No Mutation	-0.068393062
3097	ATF7IP2	E618K	Missense	-1.496796835
3098	ATF7IP2		No Mutation	-0.05604669
3099	ATF7IP2	S620F	Missense	-0.530542116
3100	ATF7IP2		No Mutation	-0.239387983
3101	ATF7IP2	A634V	Missense	-0.823815285
3102	ATF7IP2	C641Y	Missense	0.9364241328771762
3103	ATF7IP2		No Mutation	-0.050546843
3104	ATF7IP2		No Mutation	-0.566348038
3105	ATF7IP2		No Mutation	-0.574843349
3106	ATF7IP2	Q645Q	Silent	3.675623907436631
3107	ATF7IP2		No Mutation	-0.09318509
3108	ATF7IP2		No Mutation	-0.967751887
3109	ATF7IP2		No Mutation	1.3629727290637057
3110	ATF7IP2		No Mutation	-1.09085517
3111	SETDB2	(NC)	UTR	1.1133367235839806
3112	SETDB2	(NC)	UTR	0.3974624071787401
3113	SETDB2		No Mutation	-0.1731025
3114	SETDB2		No Mutation	-1.156478009
3115	SETDB2	G6G	Silent	1.475568407349404
3116	SETDB2	A8V	Missense	0.1717054403426731
3117	SETDB2		No Mutation	-1.034703151
3118	SETDB2		No Mutation	-0.168811943
3119	SETDB2	Q37*	Nonsense	-0.07736146
3120	SETDB2	Q37*	Nonsense	0.2406633200455389
3121	SETDB2	S43F	Missense	1.4640358708051404
3122	SETDB2	(NC);(NC)	Intron;Intron	-0.789559276
3123	SETDB2	(NC)	Intron	0.277932714
3124	SETDB2	V56I	Missense	0.1864685770472195
3125	SETDB2	N63N	Silent	-0.127467769
3126	SETDB2	S65L	Missense	1.581092772329142
3127	SETDB2		No Mutation	0.5008583109283551
3128	SETDB2	A71T	Missense	0.8338776952292968
3129	SETDB2		No Mutation	0.3844532842340851
3130	SETDB2	Q73Q	Silent	-1.371633798
3131	SETDB2		No Mutation	0.093846436
3132	SETDB2	(NC)	Intron	-0.268751006
3133	SETDB2	(NC)	Intron	-2.471993215
3134	SETDB2	P85S	Missense	0.1080838110933824
3135	SETDB2	Q88Q	Silent	-0.146845683
3136	SETDB2		No Mutation	2.0636443941293123
3137	SETDB2	E90K	Missense	0.3813228400224976
3138	SETDB2		No Mutation	-0.224721121
3139	SETDB2	C111Y	Missense	-0.983384882
3140	SETDB2		No Mutation	-0.846801557
3141	SETDB2	(NC)	Intron	-2.728235884
3142	SETDB2	Q143*	Nonsense	0.5124945381864361
3143	SETDB2	G149S	Missense	-0.693247224
3144	SETDB2	P156S	Missense	0.4638018645387569
3145	SETDB2	P156L	Missense	1.8192264329159609
3146	SETDB2		No Mutation	0.0589280551556368
3147	SETDB2		No Mutation	-1.234295828
3148	SETDB2		No Mutation	-0.121123994
3149	SETDB2	K179K	Silent	0.1392262294405744
3150	SETDB2		No Mutation	-0.256358481
3151	SETDB2		No Mutation	-1.041266918
3152	SETDB2	S198N	Missense	1.7390028768208632
3153	SETDB2		No Mutation	1.7052963220662989
3154	SETDB2	R200Q	Missense	0.8704781793730072
3155	SETDB2		No Mutation	-1.037538681
3156	SETDB2	L199L	Silent	-1.033595691
3157	SETDB2	E213E;C214Y	Silent;Missense	-0.265060321
3158	SETDB2	F224F	Silent	0.1016825344254314
3159	SETDB2	T226I	Missense	-0.145108614
3160	SETDB2	R232Q	Missense	-0.450873797
3161	SETDB2		No Mutation	-0.239201556
3162	SETDB2		No Mutation	-0.225815289
3163	SETDB2		No Mutation	0.1043646520191849
3164	SETDB2	E260K	Missense	0.1431126423238158
3165	SETDB2	E260K	Missense	0.005977295
3166	SETDB2	R272K	Missense	-0.647173787
3167	SETDB2	R272K	Missense	-0.184326051
3168	SETDB2	Y271Y	Silent	-0.033830742
3169	SETDB2		No Mutation	0.4736914925718425
3170	SETDB2	M288I	Missense	-0.001044849
3171	SETDB2		No Mutation	-0.348135239
3172	SETDB2	S292F	Missense	-0.550671673
3173	SETDB2	S292F	Missense	0.6463479071709347
3174	SETDB2	E297E;G298N	Silent;Missense	-0.493096669
3175	SETDB2		No Mutation	0.3648471185210023
3176	SETDB2		No Mutation	-1.626877514
3177	SETDB2	(NC)	Splice-acceptor	-0.52332976
3178	SETDB2	L308F	Missense	0.7965960874562893
3179	SETDB2	L320L	Silent	0.1620777905794559
3180	SETDB2		No Mutation	-1.236792886
3181	SETDB2	Q335*	Nonsense	0.479740037
3182	SETDB2		No Mutation	1.1266698186558517
3183	SETDB2	Q337*	Nonsense	0.2490873034022357
3184	SETDB2	T340I	Missense	0.049458017
3185	SETDB2		No Mutation	-0.700122329
3186	SETDB2		No Mutation	1.020598178990911
3187	SETDB2	N358N;R359*	Silent;Nonsense	0.0349618315116431
3188	SETDB2	G364N	Missense	-0.689913003
3189	SETDB2	H363Y	Missense	-0.292482909
3190	SETDB2	V367I	Missense	1.2496953262769748
3191	SETDB2	P365F;Q366*	Missense;Nonsense	-0.61105433
3192	SETDB2	Q370Q;V371M	Silent;Missense	0.3218149124692188
3193	SETDB2	F372F	Silent	-0.771082329
3194	SETDB2	F372F	Silent	-0.249207889
3195	SETDB2	T374I	Missense	0.2735581149745349
3196	SETDB2	T374I	Missense	0.015984092
3197	SETDB2	T374I	Missense	-0.663768841
3198	SETDB2	L384L	Silent	0.6006206079820475
3199	SETDB2		No Mutation	0.9854238433933248
3200	SETDB2		No Mutation	-0.436215543
3201	SETDB2		No Mutation	0.4649554976710111
3202	SETDB2	N405N;T406I	Silent;Missense	-0.189007678
3203	SETDB2		No Mutation	-0.794606698
3204	SETDB2		No Mutation	1.0146319258007097
3205	SETDB2		No Mutation	1.0481972502062038
3206	SETDB2	L444F	Missense	-0.450280292
3207	SETDB2		No Mutation	-0.072322777
3208	SETDB2		No Mutation	0.5890061640862961
3209	SETDB2		No Mutation	-0.874100905
3210	SETDB2	F464F	Silent	0.535633486
3211	SETDB2		No Mutation	0.5038424785170819
3212	SETDB2	V473M;(NC)	Missense;Splice-donor	0.2148014000704335
3213	SETDB2	(NC)	Splice-donor	-0.683019715
3214	SETDB2		No Mutation	-0.987290775
3215	SETDB2	T475T	Silent	-1.005194416
3216	SETDB2	A497T	Missense	-0.645152594
3217	SETDB2		No Mutation	-0.343877249
3218	SETDB2	G503K	Missense	-0.610039242
3219	SETDB2	H501Y	Missense	-0.073736928
3220	SETDB2		No Mutation	-0.732840183
3221	SETDB2		No Mutation	-0.315438105
3222	SETDB2	E507K	Missense	0.623832133
3223	SETDB2		No Mutation	-1.065699118
3224	SETDB2	T515I;P516L	Missense;Missense	1.133492098717041
3225	SETDB2	G521K	Missense	-1.156148319
3226	SETDB2	L529L	Silent	-0.262705626
3227	SETDB2		No Mutation	-0.406432255
3228	SETDB2		No Mutation	-0.989841627
3229	SETDB2	L529L	Silent	-0.240160029
3230	SETDB2	L529L	Silent	-0.794613621
3231	SETDB2	T533I	Missense	1.5845669916262823
3232	SETDB2	(NC);(NC);(NC)	Splice-donor;Intron;Intron	1.0788045269844986
3233	SETDB2	(NC);(NC)	Intron;Intron	-0.554493448
3234	SETDB2	(NC);K538K;D539N	Splice-acceptor;Silent;Missense	9.369530746017318e-05
3235	SETDB2	E549K;D550N	Missense;Missense	1.6625903104967534
3236	SETDB2		No Mutation	-1.352038164
3237	SETDB2		No Mutation	-0.527521618
3238	SETDB2	C574Y	Missense	0.2824599404197101
3239	SETDB2		No Mutation	1.8712013077470544
3240	SETDB2	N575N;Q576*	Silent;Nonsense	0.484609407
3241	SETDB2	L580L;D581N	Silent;Missense	1.0954840398847552
3242	SETDB2	Q583Q	Silent	0.1185283428986769
3243	SETDB2	Q583*	Nonsense	-1.827168572
3244	SETDB2		No Mutation	0.8929663523162583
3245	SETDB2	Q594*	Nonsense	1.1818429562707091
3246	SETDB2	Q594*	Nonsense	-2.422648081
3247	SETDB2		No Mutation	1.3251944064912229
3248	SETDB2		No Mutation	1.0506327044897756
3249	SETDB2	A603T	Missense	-0.392356175
3250	SETDB2	A603V	Missense	0.90482275614342
3251	SETDB2	D625N	Missense	-1.567355828
3252	SETDB2	T628I	Missense	-0.015975131
3253	SETDB2		No Mutation	-0.328488662
3254	SETDB2	T641I	Missense	-0.821747036
3255	SETDB2	F649F;L650F	Silent;Missense	-1.583397254
3256	SETDB2	F649F;L650F	Silent;Missense	0.7103465134235059
3257	SETDB2	(NC);(NC)	Intron;Intron	0.1740277892205268
3258	SETDB2	(NC);(NC);(NC)	Intron;Intron;Intron	-1.301690886
3259	SETDB2		No Mutation	0.4341572543220696
3260	SETDB2		No Mutation	0.036718694
3261	SETDB2	Q661Q	Silent	-1.267719928
3262	SETDB2	Q661Q	Silent	-0.31543757
3263	SETDB2		No Mutation	-0.876827959
3264	SETDB2	A676V	Missense	-0.342269478
3265	SETDB2	(NC)	Intron	-0.421671983
3266	SETDB2	A685V	Missense	0.098024719
3267	SETDB2		No Mutation	0.1985739742413168
3268	SETDB2	L689L	Silent	-0.545494734
3269	SETDB2		No Mutation	-0.006475616
3270	SETDB2		No Mutation	0.3447733240157046
3271	SETDB2		No Mutation	-0.979210039
3272	SETDB2	C707Y	Missense	-0.912370221
3273	SETDB2		No Mutation	-1.258610038
3274	SETDB2	I705I	Silent	0.1994878140219444
3275	SETDB2	I705I	Silent	0.3037789845208378
3276	SETDB2		No Mutation	-3.187358703
3277	EHMT1	(NC);(NC)	UTR;UTR	-3.079045439
3278	EHMT1	(NC);(NC)	UTR;UTR	-0.77010141
3279	EHMT1	(NC);(NC);(NC)	UTR;UTR;UTR	0.1840723728260669
3280	EHMT1	A4T	Missense	0.944125937
3281	EHMT1	A4T;D5N	Missense;Missense	0.0538368770353549
3282	EHMT1	A2V	Missense	-0.910692202
3283	EHMT1	A6T	Missense	-0.769571693
3284	EHMT1	E7E;(NC);(NC)	Silent;Splice-donor;Intron	-1.884487701
3285	EHMT1	A6V	Missense	0.6160036373661236
3286	EHMT1	A6V	Missense	0.8093878855908231
3287	EHMT1	(NC);(NC)	Intron;Intron	0.2760098845869826
3288	EHMT1	A6V	Missense	-0.601309374
3289	EHMT1	(NC);(NC)	Intron;Intron	-1.036441866
3290	EHMT1		No Mutation	2.015849957
3291	EHMT1		No Mutation	1.0191422836282382
3292	EHMT1	(NC)	Intron	-0.687332407
3293	EHMT1	(NC);(NC);(NC)	Intron;Intron;Intron	0.4164195229912935
3294	EHMT1	(NC)	Intron	0.2210363876944699
3295	EHMT1	(NC)	Intron	-0.943704356
3296	EHMT1	(NC);(NC)	Intron;Intron	-1.086175321
3297	EHMT1		No Mutation	-0.548432544
3298	EHMT1	(NC);(NC)	Intron;Intron	-0.192558624
3299	EHMT1	(NC)	Intron	0.2969546306907812
3300	EHMT1	(NC)	Intron	-1.182089619
3301	EHMT1	(NC);A8V	Intron;Missense	0.8183023957707825
3302	EHMT1	A8V	Missense	0.4333611790016106
3303	EHMT1	A8V	Missense	-0.627558339
3304	EHMT1		No Mutation	0.1077912737322746
3305	EHMT1		No Mutation	0.718270256
3306	EHMT1	C20Y;V21M	Missense;Missense	-0.398426326
3307	EHMT1		No Mutation	-0.754866905
3308	EHMT1		No Mutation	-1.531528893
3309	EHMT1	T23I	Missense	-0.143590324
3310	EHMT1	L25L;L26L	Silent;Silent	-1.84221267
3311	EHMT1	L25L;L26L	Silent;Silent	-0.359644768
3312	EHMT1	E29K;(NC)	Missense;Splice-donor	-0.267439034
3313	EHMT1	L26L	Silent	-0.975655592
3314	EHMT1		No Mutation	-0.54207338
3315	EHMT1	(NC)	Intron	-0.033306663
3316	EHMT1		No Mutation	-1.138874262
3317	EHMT1	P31F	Missense	0.1266333771725976
3318	EHMT1	E36K;G37N	Missense;Missense	-0.158503657
3319	EHMT1	E40K	Missense	-0.219271149
3320	EHMT1	G37G	Silent	1.438185322896962
3321	EHMT1	S38L;A39V	Missense;Missense	1.1271897876868089
3322	EHMT1		No Mutation	1.389668711238862
3323	EHMT1	A43V	Missense	-0.78157869
3324	EHMT1		No Mutation	-0.183148305
3325	EHMT1	A46V;H47Y	Missense;Missense	-0.297578687
3326	EHMT1	G52N	Missense	0.9380699707554144
3327	EHMT1	A50V	Missense	0.5261977575013643
3328	EHMT1	A50V;D51D	Missense;Silent	0.1566237066500875
3329	EHMT1	A69T	Missense	0.3353695901309047
3330	EHMT1	A69V	Missense	-0.369636282
3331	EHMT1	H72H;T73I	Silent;Missense	-1.001087539
3332	EHMT1	H72H;T73I;Q74*	Silent;Missense;Nonsense	-1.868883721
3333	EHMT1	S76S;A77V	Silent;Missense	0.7998559378169685
3334	EHMT1		No Mutation	0.232180550547306
3335	EHMT1		No Mutation	-0.5927147
3336	EHMT1		No Mutation	0.6439075336457245
3337	EHMT1		No Mutation	-0.113962666
3338	EHMT1		No Mutation	0.2201244288289436
3339	EHMT1	G84G;T85I	Silent;Missense	1.1294634285781104
3340	EHMT1	N86N;T87I;L88L	Silent;Missense;Silent	0.2635149178372811
3341	EHMT1	R90Q	Missense	-0.770618408
3342	EHMT1	T89I;R90W	Missense;Missense	-1.072295931
3343	EHMT1	T89I;R90W	Missense;Missense	0.8247609761334537
3344	EHMT1	R90W	Missense	-0.25856396
3345	EHMT1		No Mutation	0.3305484824123054
3346	EHMT1	D113N	Missense	-0.443371087
3347	EHMT1	Q116Q	Silent	-0.476604167
3348	EHMT1	Q116*	Nonsense	-0.11116404
3349	EHMT1	S118F	Missense	-0.505230094
3350	EHMT1	Y125Y	Silent	-0.534849995
3351	EHMT1		No Mutation	1.8340157354868347
3352	EHMT1	Q135Q	Silent	0.087858124
3353	EHMT1	Q133*	Nonsense	-1.347536309
3354	EHMT1	L137L	Silent	-0.269831268
3355	EHMT1	L137L	Silent	-0.021908771
3356	EHMT1		No Mutation	0.008699383
3357	EHMT1	S141N	Missense	0.5063246814530233
3358	EHMT1	S141N	Missense	0.6784106290828713
3359	EHMT1	S146S	Silent	-0.310524519
3360	EHMT1	L143L;A144V	Silent;Missense	0.7175677552646709
3361	EHMT1	G149D	Missense	-0.483299853
3362	EHMT1	A151V;A152V	Missense;Missense	0.5971869039790889
3363	EHMT1	A152V	Missense	-0.814627707
3364	EHMT1	A152V	Missense	-1.003835166
3365	EHMT1		No Mutation	-0.426439604
3366	EHMT1	T154I;L155F	Missense;Missense	1.346438856385818
3367	EHMT1	P156F	Missense	0.5211584630875103
3368	EHMT1	G160N	Missense	0.037965629
3369	EHMT1	G160N	Missense	0.9807874670493786
3370	EHMT1		No Mutation	0.6734341788346209
3371	EHMT1	G162N	Missense	1.025762498152826
3372	EHMT1	Q170Q	Silent	0.3677097437057924
3373	EHMT1	A174T	Missense	0.4753192967945879
3374	EHMT1		No Mutation	-0.802671747
3375	EHMT1		No Mutation	0.1814335614505159
3376	EHMT1	A174V;P175L	Missense;Missense	0.2874478381850799
3377	EHMT1	A177T	Missense	0.6568690175291041
3378	EHMT1	A174V;P175L	Missense;Missense	0.095170712
3379	EHMT1	A174A;P175L;P176S	Silent;Missense;Missense	-1.336138505
3380	EHMT1		No Mutation	0.6035256861687823
3381	EHMT1	P176L	Missense	-1.032175161
3382	EHMT1	P176L;A177V	Missense;Missense	-0.015233984
3383	EHMT1	P176L;A177V	Missense;Missense	-0.424908039
3384	EHMT1	G180K	Missense	-1.035052388
3385	EHMT1	G180K;E181K	Missense;Missense	1.0755733442442
3386	EHMT1	G180K;E181K	Missense;Missense	-0.941544383
3387	EHMT1	E181K;G182K	Missense;Missense	-0.663171159
3388	EHMT1	G182E;S183N	Missense;Missense	-1.66879941
3389	EHMT1	S183N;A184T	Missense;Missense	0.1548596279898702
3390	EHMT1	A184T;D185N	Missense;Missense	-1.281789227
3391	EHMT1		No Mutation	2.0196619329608883
3392	EHMT1	A184V	Missense	-0.026570861
3393	EHMT1		No Mutation	0.4965394186350495
3394	EHMT1		No Mutation	0.433233689
3395	EHMT1	A193A;P194F	Silent;Missense	0.035332433
3396	EHMT1	D197N;V198I	Missense;Missense	0.3887539619810372
3397	EHMT1	D197N;V198I	Missense;Missense	1.2918946988699975
3398	EHMT1	K199K	Silent	-0.402107189
3399	EHMT1	K199K;V200I	Silent;Missense	-0.491591593
3400	EHMT1	K199K;V200I	Silent;Missense	0.5528915418358374
3401	EHMT1	A196V;D197D	Missense;Silent	1.5213437064048727
3402	EHMT1	A196A;D197D	Silent;Silent	0.1600628880392203
3403	EHMT1	R202K	Missense	1.024784214715538
3404	EHMT1	K205K	Silent	-0.442925411
3405	EHMT1	T206T;P208S	Silent;Missense	1.063776496
3406	EHMT1	P208L	Missense	0.9375543881226592
3407	EHMT1	V212I	Missense	-0.175709878
3408	EHMT1		No Mutation	0.7701265951691096
3409	EHMT1	G213N	Missense	0.7305419749489249
3410	EHMT1		No Mutation	1.803194806203829
3411	EHMT1		No Mutation	2.0081560529573688
3412	EHMT1	R222K;E223K	Missense;Missense	0.1378337640031099
3413	EHMT1	E226K;A227T	Missense;Missense	0.3408353417727415
3414	EHMT1	A227T	Missense	0.2159573587160252
3415	EHMT1		No Mutation	-1.077078131
3416	EHMT1	H230Y	Missense	0.2511016691208612
3417	EHMT1		No Mutation	0.8880534449841739
3418	EHMT1		No Mutation	1.2339549921126045
3419	EHMT1		No Mutation	-0.476801965
3420	EHMT1		No Mutation	0.099328974
3421	EHMT1		No Mutation	-0.525526615
3422	EHMT1	Q258Q	Silent	-0.613214449
3423	EHMT1	Q258Q;S259S	Silent;Silent	0.7772266860949879
3424	EHMT1	S259S	Silent	0.3087448546820323
3425	EHMT1		No Mutation	-0.899658308
3426	EHMT1		No Mutation	0.744967996
3427	EHMT1	Q262*	Nonsense	-0.987516921
3428	EHMT1		No Mutation	-0.795934742
3429	EHMT1		No Mutation	-0.419856541
3430	EHMT1	T269I;T270I	Missense;Missense	0.4183345421138691
3431	EHMT1	S272L;Q273*	Missense;Nonsense	0.7462930514881356
3432	EHMT1	T274I	Missense	0.1890821654993465
3433	EHMT1	A283T;A284T	Missense;Missense	0.4193801866948266
3434	EHMT1		No Mutation	-1.153496044
3435	EHMT1		No Mutation	0.723657674
3436	EHMT1		No Mutation	0.46426381844475
3437	EHMT1	K301K	Silent	0.7750025411403727
3438	EHMT1	T304I	Missense	-1.034425047
3439	EHMT1		No Mutation	-1.22254354
3440	EHMT1	S318S	Silent	1.0599788676117097
3441	EHMT1	T320I	Missense	1.3616097514721068
3442	EHMT1	S322F	Missense	-0.350607702
3443	EHMT1	K327K;(NC)	Silent;Splice-donor	-0.615159676
3444	EHMT1	(NC);(NC);(NC)	Intron;Intron;Intron	0.7569451841226739
3445	EHMT1	(NC);(NC);(NC)	Intron;Intron;Intron	1.7447221393254513
3446	EHMT1	(NC);(NC)	Intron;Intron	0.80623808
3447	EHMT1	(NC);(NC);(NC)	Intron;Intron;Intron	1.7348301584817358
3448	EHMT1	(NC)	Intron	-1.782303682
3449	EHMT1	E329K	Missense	-0.781233003
3450	EHMT1	E329E;K330K	Silent;Silent	0.2705758282919945
3451	EHMT1	(NC)	Intron	-0.748531945
3452	EHMT1		No Mutation	-0.004946939
3453	EHMT1	L337L	Silent	-0.769540981
3454	EHMT1	S335S	Silent	-0.303072166
3455	EHMT1	S335S;S336S	Silent;Silent	-0.021605357
3456	EHMT1	S335S;S336S;L337L	Silent;Silent;Silent	-0.36266189
3457	EHMT1	V339V	Silent	0.3224211981855062
3458	EHMT1	H338H	Silent	0.3320275260901236
3459	EHMT1	G341G;E342K	Silent;Missense	0.8889913595531048
3460	EHMT1		No Mutation	0.2707241488755658
3461	EHMT1	S343S;L344L	Silent;Silent	1.6192979140696044
3462	EHMT1		No Mutation	0.2696731955997191
3463	EHMT1	S348S;D349N;E350K	Silent;Missense;Missense	-0.464417902
3464	EHMT1		No Mutation	-0.066314883
3465	EHMT1	D351D;D352D	Silent;Silent	0.1635428420552909
3466	EHMT1	D352D;S353L	Silent;Missense	-0.678395514
3467	EHMT1	L356F	Missense	-0.695130182
3468	EHMT1		No Mutation	-0.10601245
3469	EHMT1	D360D;G361G;H362Y	Silent;Silent;Missense	-0.188997335
3470	EHMT1	G361G;H362Y	Silent;Missense	-1.327248808
3471	EHMT1	Q366Q;A367T;A368T	Silent;Missense;Missense	0.8643447503569894
3472	EHMT1	A368V	Missense	0.120585149255351
3473	EHMT1	F370F;P371F	Silent;Missense	0.6308829240886218
3474	EHMT1	E373E;D374N	Silent;Missense	-0.029974081
3475	EHMT1	R376K	Missense	-0.588676925
3476	EHMT1	R376K	Missense	1.1220359399268591
3477	EHMT1	R376K	Missense	-0.9176766
3478	EHMT1	D374D	Silent	0.0494101068228458
3479	EHMT1	S378F	Missense	0.6085443274333331
3480	EHMT1	S378S	Silent	1.071013083862704
3481	EHMT1	S383S;E384K	Silent;Missense	0.6651214675132939
3482	EHMT1	A385V	Missense	0.039046273
3483	EHMT1	(NC)	Intron	-0.605961066
3484	EHMT1		No Mutation	0.2123860302236547
3485	EHMT1	(NC);(NC)	Intron;Intron	0.9047603549329571
3486	EHMT1		No Mutation	-0.250966981
3487	EHMT1	(NC);(NC)	Intron;Intron	-0.177978045
3488	EHMT1	(NC);(NC);(NC)	Intron;Intron;Intron	-0.88726374
3489	EHMT1	(NC)	Intron	0.0142589794592431
3490	EHMT1	(NC)	Intron	0.4234470215502207
3491	EHMT1	(NC)	Intron	-1.526485022
3492	EHMT1	(NC)	Intron	1.4143407697440935
3493	EHMT1		No Mutation	-0.299272091
3494	EHMT1	D392D	Silent	-0.294463579
3495	EHMT1		No Mutation	-0.221259879
3496	EHMT1		No Mutation	-1.149607786
3497	EHMT1	E400E	Silent	0.6390470443976302
3498	EHMT1	Q399*	Nonsense	0.5211291600711221
3499	EHMT1		No Mutation	1.1153730815702088
3500	EHMT1		No Mutation	-0.474569482
3501	EHMT1	S401F	Missense	0.069778259
3502	EHMT1	S401S	Silent	0.7794618119439469
3503	EHMT1	D403D	Silent	-0.193305779
3504	EHMT1	E406E;E407K	Silent;Missense	-0.759604168
3505	EHMT1	T404I	Missense	-2.98744341
3506	EHMT1		No Mutation	-0.388644782
3507	EHMT1	G410N	Missense	-1.54378381
3508	EHMT1	G410G	Silent	-0.712402929
3509	EHMT1	(NC)	Intron	0.049560681
3510	EHMT1		No Mutation	-0.643983831
3511	EHMT1		No Mutation	-1.743363881
3512	EHMT1	(NC);S417N	Splice-acceptor;Missense	-0.402910265
3513	EHMT1	(NC);S417N	Splice-acceptor;Missense	0.3538645719101995
3514	EHMT1	S421N	Missense	0.5696452533360337
3515	EHMT1		No Mutation	0.5331735259158955
3516	EHMT1		No Mutation	-0.264936161
3517	EHMT1		No Mutation	0.1130942599158479
3518	EHMT1		No Mutation	0.0409157934519477
3519	EHMT1	K439K	Silent	-0.508128461
3520	EHMT1	P436L	Missense	-0.071134862
3521	EHMT1	A441T;R442K	Missense;Missense	-1.036376621
3522	EHMT1	I438I	Silent	1.159421923110934
3523	EHMT1	R442K	Missense	1.9113438404193797
3524	EHMT1	P440L	Missense	-0.452639382
3525	EHMT1	P440L;A441V	Missense;Missense	-1.958781693
3526	EHMT1		No Mutation	1.4303457031327111
3527	EHMT1	P452F	Missense	0.6623232480411335
3528	EHMT1	G457S;(NC)	Missense;Splice-donor	1.0646092334088324
3529	EHMT1	(NC)	Splice-donor	-0.020041751
3530	EHMT1	A455V;L456F	Missense;Missense	-0.447856062
3531	EHMT1	A455V;L456F	Missense;Missense	-0.062375371
3532	EHMT1	A455A;L456F	Silent;Missense	-1.334178836
3533	EHMT1	L456F	Missense	0.3516784203748337
3534	EHMT1	(NC);(NC);(NC);(NC)	Intron;Intron;Intron;Intron	0.057418999
3535	EHMT1		No Mutation	-0.319184846
3536	EHMT1	(NC);(NC);(NC);(NC)	Intron;Intron;Intron;Intron	0.9029204759597624
3537	EHMT1		No Mutation	-0.960676502
3538	EHMT1		No Mutation	1.2672039270963102
3539	EHMT1	E459K	Missense	1.2540746332514787
3540	EHMT1	S460S	Silent	-1.131098505
3541	EHMT1	S460L	Missense	-0.060294836
3542	EHMT1		No Mutation	-0.105876003
3543	EHMT1	A468V	Missense	-0.343741979
3544	EHMT1	A472V;P473L	Missense;Missense	0.9683762213267542
3545	EHMT1	A472V;P473L	Missense;Missense	-0.828720904
3546	EHMT1	D475D	Silent	-1.553626476
3547	EHMT1	G478K	Missense	-0.2708225
3548	EHMT1	Y479Y	Silent	-0.686356392
3549	EHMT1		No Mutation	-0.333349407
3550	EHMT1	L487L	Silent	-1.200129242
3551	EHMT1		No Mutation	0.6919558800971649
3552	EHMT1	G493R	Missense	-0.059875977
3553	EHMT1	L495L	Silent	-0.227437487
3554	EHMT1	L495L;S496F	Silent;Missense	0.4352642902428851
3555	EHMT1	Q498*;A499V	Nonsense;Missense	0.4399161184596357
3556	EHMT1	A499V	Missense	0.8263814779047158
3557	EHMT1		No Mutation	-0.490535136
3558	EHMT1	(NC)	Intron	-0.676777433
3559	EHMT1	(NC)	Intron	-1.114095024
3560	EHMT1	(NC)	Intron	-1.13473224
3561	EHMT1	A503A;N504N	Silent;Silent	1.179148391302468
3562	EHMT1	V508V;L509L	Silent;Silent	1.3975441507687276
3563	EHMT1		No Mutation	-0.516390181
3564	EHMT1	D512N	Missense	-0.793323127
3565	EHMT1		No Mutation	-0.396639727
3566	EHMT1		No Mutation	-0.673798023
3567	EHMT1	C520Y	Missense	-1.202494686
3568	EHMT1	P518F	Missense	-0.810347573
3569	EHMT1	L519F	Missense	-0.24830253
3570	EHMT1	R523Q	Missense	1.382741186998365
3571	EHMT1	P527P;K528K	Silent;Silent	0.7118920738224663
3572	EHMT1		No Mutation	0.2106072331506868
3573	EHMT1	R530*	Nonsense	-1.251708357
3574	EHMT1	Q539Q	Silent	-0.312510625
3575	EHMT1	A536V	Missense	-0.404636115
3576	EHMT1	M541I;A542T	Missense;Missense	-0.411783886
3577	EHMT1	C540C	Silent	0.2570976935729372
3578	EHMT1	E544K	Missense	-0.178212155
3579	EHMT1	(NC);(NC)	Intron;Intron	0.6222549848839305
3580	EHMT1	(NC);(NC)	Intron;Intron	-0.89926754
3581	EHMT1	(NC)	Intron	0.7906295796412925
3582	EHMT1	(NC)	Intron	-0.24077832
3583	EHMT1	(NC);(NC)	Intron;Splice-acceptor	0.2175974131425305
3584	EHMT1	(NC)	Intron	-0.511256202
3585	EHMT1	G551G;R552W	Silent;Missense	0.1274472246607125
3586	EHMT1	V557I;V558I	Missense;Missense	0.1556338423357924
3587	EHMT1	R564C	Missense	1.4418054561635996
3588	EHMT1	P570P	Silent	0.4390943533380514
3589	EHMT1	P570P	Silent	-1.634308217
3590	EHMT1	P570P	Silent	1.564984834559159
3591	EHMT1		No Mutation	0.246708115511623
3592	EHMT1	L574L;C575Y	Silent;Missense	-0.463592416
3593	EHMT1	L574L;C575Y;E576K	Silent;Missense;Missense	0.098381539
3594	EHMT1	C575Y;E576K	Missense;Missense	0.2393430970147895
3595	EHMT1	L574L	Silent	0.9038505572284016
3596	EHMT1	L574L	Silent	1.2172125674889585
3597	EHMT1	D577N	Missense	0.1843586776196113
3598	EHMT1	L574L	Silent	1.1973152183333302
3599	EHMT1	D577D;H578Y	Silent;Missense	-0.331873753
3600	EHMT1	M582I;V583I	Missense;Missense	0.2250217604161744
3601	EHMT1	V583V;K584K	Silent;Silent	0.3946304082071965
3602	EHMT1	Q586Q	Silent	-0.440335486
3603	EHMT1	H585Y	Missense	-0.352986445
3604	EHMT1	Q586*	Nonsense	1.0474171352031776
3605	EHMT1	C591Y;G592S	Missense;Missense	0.213993651790209
3606	EHMT1	C595Y	Missense	1.0902849887413757
3607	EHMT1	G592G	Silent	0.435339222581098
3608	EHMT1	A597V	Missense	0.2855635753178926
3609	EHMT1	G598D	Missense	0.3649152492248707
3610	EHMT1		No Mutation	-0.330528958
3611	EHMT1		No Mutation	-0.405896408
3612	EHMT1		No Mutation	0.5187809675613708
3613	EHMT1		No Mutation	0.8634148949052858
3614	EHMT1	C617Y;A618T	Missense;Missense	-1.452648996
3615	EHMT1		No Mutation	-1.376720356
3616	EHMT1	A624T	Missense	-0.692953293
3617	EHMT1	S625S	Silent	-0.727925447
3618	EHMT1	S625S	Silent	0.7518811350848209
3619	EHMT1	S625S	Silent	-0.60483458
3620	EHMT1	C630Y	Missense	-0.745542763
3621	EHMT1	P628S	Missense	-0.056536822
3622	EHMT1	E633K;S634N	Missense;Missense	-0.015198206
3623	EHMT1	E633E;S634N	Silent;Missense	-0.791933335
3624	EHMT1		No Mutation	-1.012016159
3625	EHMT1	E633E;S634N	Silent;Missense	-0.420546245
3626	EHMT1	S634S	Silent	-0.043693841
3627	EHMT1	V640V;T641T	Silent;Silent	0.9751215552112252
3628	EHMT1	A643T	Missense	-1.203246527
3629	EHMT1		No Mutation	0.1522779416346354
3630	EHMT1	T650I	Missense	-1.042355609
3631	EHMT1	T650I	Missense	1.497219673793289
3632	EHMT1	V654I	Missense	0.042183947
3633	EHMT1	T652I;P653S	Missense;Missense	0.2022878969906376
3634	EHMT1	G656K	Missense	-0.092554868
3635	EHMT1	V654V;P655S	Silent;Missense	-1.543759998
3636	EHMT1	V654V;P655F	Silent;Missense	-1.666366243
3637	EHMT1	E658K	Missense	-0.001034978
3638	EHMT1	P655P;Q657*	Silent;Nonsense	0.8976221700596729
3639	EHMT1	K659K;G660N	Silent;Missense	-0.611149822
3640	EHMT1	G660N	Missense	-0.998920633
3641	EHMT1	G660D;S661S	Missense;Silent	0.5611315286452014
3642	EHMT1		No Mutation	-1.517059
3643	EHMT1		No Mutation	0.6176062504649045
3644	EHMT1		No Mutation	0.1375259883730263
3645	EHMT1	G660G;S661L	Silent;Missense	0.383101087522071
3646	EHMT1	G660G;S661L	Silent;Missense	0.4165005672755963
3647	EHMT1	D668N	Missense	-0.406141704
3648	EHMT1	D668N	Missense	1.4642737996277535
3649	EHMT1	G665G	Silent	-0.988555486
3650	EHMT1	A667V	Missense	1.739116997569353
3651	EHMT1	A667V;D668D	Missense;Silent	-0.26466837
3652	EHMT1	G672D;S673N;(NC)	Missense;Missense;Splice-donor	0.4137267258636269
3653	EHMT1	T669T;T670I	Silent;Missense	1.30873308
3654	EHMT1	(NC)	Intron	0.2772811117672528
3655	EHMT1	G672G	Silent	1.1932235612093312
3656	EHMT1	(NC);(NC)	Intron;Intron	2.601003162
3657	EHMT1	(NC);(NC)	Intron;Intron	1.0221285448400923
3658	EHMT1	(NC)	Intron	0.1297456183292294
3659	EHMT1		No Mutation	1.451770223311626
3660	EHMT1	(NC)	Intron	-0.531922275
3661	EHMT1	(NC);(NC)	Intron;Splice-acceptor	0.3405020166833667
3662	EHMT1	(NC);(NC)	Intron;Splice-acceptor	-0.418422211
3663	EHMT1	(NC);(NC);(NC);(NC)	Intron;Intron;Intron;Intron	-1.300446385
3664	EHMT1	(NC);(NC);(NC);(NC)	Intron;Intron;Intron;Intron	0.098899162
3665	EHMT1	A675T;G676R	Missense;Missense	-0.456809352
3666	EHMT1	G676K	Missense	0.065004575
3667	EHMT1	G676K	Missense	-0.015844492
3668	EHMT1	G676E	Missense	0.5011514823831839
3669	EHMT1	A675V	Missense	0.8479245970388023
3670	EHMT1	A675A;P677S	Silent;Missense	-0.110267144
3671	EHMT1	S680S;E681K	Silent;Missense	0.504747897
3672	EHMT1	D682N;D683N	Missense;Missense	0.8643214850828989
3673	EHMT1	D683N	Missense	-0.995643668
3674	EHMT1		No Mutation	0.7992568631679796
3675	EHMT1		No Mutation	-0.826904902
3676	EHMT1	A689V	Missense	0.767273503
3677	EHMT1	A689V;S690F	Missense;Missense	-0.429640298
3678	EHMT1	E694E;G695N	Silent;Missense	0.4672660140104555
3679	EHMT1	G695D	Missense	0.0548422114458015
3680	EHMT1	D697N	Missense	0.5621048937066394
3681	EHMT1	P693P	Silent	0.1863172
3682	EHMT1		No Mutation	0.9338654914917652
3683	EHMT1		No Mutation	-0.62994376
3684	EHMT1	T699T	Silent	1.3978400627350702
3685	EHMT1	P698L	Missense	2.3181811381365773
3686	EHMT1	P698L	Missense	1.5562432352906297
3687	EHMT1	T699M	Missense	-0.264029862
3688	EHMT1	T699M	Missense	-0.94011612
3689	EHMT1	G703K	Missense	-0.003579517
3690	EHMT1	P701F	Missense	-0.476348045
3691	EHMT1	R706K	Missense	0.1287309683162418
3692	EHMT1	L704F	Missense	1.026133700255942
3693	EHMT1	T708I;P709S	Missense;Missense	-2.031381085
3694	EHMT1	T708I;P709F	Missense;Missense	-0.20982846
3695	EHMT1		No Mutation	-0.692044475
3696	EHMT1	G710G;L711F	Silent;Missense	-0.517944399
3697	EHMT1	G710G;L711F	Silent;Missense	-0.587366703
3698	EHMT1	G714K	Missense	-1.64383599
3699	EHMT1	G714E	Missense	1.9166550947831096
3700	EHMT1	S712F;Q713*	Missense;Nonsense	1.0217845201490316
3701	EHMT1	G716K	Missense	-1.517142008
3702	EHMT1	K717K;E718K	Silent;Missense	0.6565200908053713
3703	EHMT1	P715L	Missense	0.8284397996025238
3704	EHMT1	K717K;E718K	Silent;Missense	-0.117765487
3705	EHMT1	L720L;E721K	Silent;Missense	-0.708169444
3706	EHMT1		No Mutation	0.8958523788814354
3707	EHMT1	L724F	Missense	-1.040674167
3708	EHMT1	K734K	Silent	-0.701236124
3709	EHMT1	K734K	Silent	-0.109011249
3710	EHMT1		No Mutation	1.0177959719824816
3711	EHMT1		No Mutation	-0.772105704
3712	EHMT1	L742L	Silent	0.5501298464165243
3713	EHMT1		No Mutation	1.096033689516459
3714	EHMT1		No Mutation	0.3252204891191058
3715	EHMT1	L742L	Silent	1.0369312738938834
3716	EHMT1	Y743Y	Silent	-1.286512465
3717	EHMT1	Y743Y;F744F	Silent;Silent	-1.371640602
3718	EHMT1	Y743Y;F744F	Silent;Silent	0.0120725840253116
3719	EHMT1	E750E	Silent	-1.383609552
3720	EHMT1	Q748*	Nonsense	-0.179134127
3721	EHMT1	Q752Q	Silent	0.223479835
3722	EHMT1		No Mutation	1.1284258106108125
3723	EHMT1		No Mutation	-0.292700094
3724	EHMT1	(NC);(NC)	Intron;Intron	-0.110128467
3725	EHMT1		No Mutation	-1.117624344
3726	EHMT1	(NC)	Intron	0.5215863924228006
3727	EHMT1	(NC);(NC)	Intron;Intron	-0.379410771
3728	EHMT1	(NC)	Intron	-0.215296705
3729	EHMT1		No Mutation	-0.037267173
3730	EHMT1	D763D;P764S	Silent;Missense	-0.091901297
3731	EHMT1		No Mutation	-0.450415532
3732	EHMT1	R774R;S775F;P776S	Silent;Missense;Missense	0.7753134378215495
3733	EHMT1	L777L;H778Y	Silent;Missense	-0.395289937
3734	EHMT1	H778Y;A779V	Missense;Missense	1.0248574221417266
3735	EHMT1	A781T;E782K	Missense;Missense	1.5779308821563025
3736	EHMT1	A781V	Missense	-1.050420504
3737	EHMT1	G784E	Missense	-0.859965858
3738	EHMT1	D787D	Silent	-2.556257116
3739	EHMT1	I788I;C789C;H790Y	Silent;Silent;Missense	0.4882099813374403
3740	EHMT1	H790H	Silent	-0.638383605
3741	EHMT1	L792L	Silent	-0.489227703
3742	EHMT1	Q794Q;(NC);(NC)	Silent;Splice-donor;Intron	-2.355615125
3743	EHMT1	Q794*	Nonsense	-0.478487361
3744	EHMT1	(NC);(NC)	Intron;Intron	0.9308699316644076
3745	EHMT1	(NC)	Intron	-1.600932472
3746	EHMT1	(NC)	Intron	-0.279188565
3747	EHMT1	(NC)	Intron	0.5842983383884188
3748	EHMT1		No Mutation	-0.126120938
3749	EHMT1	T801I;C802C	Missense;Silent	0.4722938505561376
3750	EHMT1	Q806Q;R807K	Silent;Missense	-0.430514903
3751	EHMT1	D805D;Q806*	Silent;Nonsense	-0.311220613
3752	EHMT1	L810L;M811I;E812K	Silent;Missense;Missense	-0.545515076
3753	EHMT1	A814T	Missense	-0.754297805
3754	EHMT1	A814T;E815K	Missense;Missense	-0.001578286
3755	EHMT1	A814V	Missense	0.3460837773720207
3756	EHMT1	V822V;K823K	Silent;Silent	1.4664905240140478
3757	EHMT1		No Mutation	-1.245222126
3758	EHMT1		No Mutation	1.0669751396637042
3759	EHMT1	Y824Y	Silent	0.5306747886944954
3760	EHMT1	Y824Y;L825F	Silent;Missense	0.6925266486599011
3761	EHMT1	L825L;I826I	Silent;Silent	0.352924888
3762	EHMT1	I826I	Silent	-0.28630511
3763	EHMT1	G829G;A830T	Silent;Missense	-1.136724649
3764	EHMT1	A830V;L831L	Missense;Silent	-0.619850927
3765	EHMT1	K835K;(NC)	Silent;Splice-donor	-1.046815493
3766	EHMT1	K835K;(NC)	Silent;Splice-donor	-2.182248438
3767	EHMT1	(NC)	Intron	-0.312571902
3768	EHMT1	(NC)	Intron	0.2135836142094145
3769	EHMT1		No Mutation	-1.209610742
3770	EHMT1	(NC)	Intron	0.3897168565373906
3771	EHMT1	(NC)	Intron	-0.568915348
3772	EHMT1	G839G;S840F	Silent;Missense	0.6248375081221922
3773	EHMT1	H844Y;L845L	Missense;Silent	2.2674719489322603
3774	EHMT1	G850N	Missense	-0.198627577
3775	EHMT1		No Mutation	0.5316130846884444
3776	EHMT1	E853K	Missense	0.0457979106273095
3777	EHMT1	Q856Q	Silent	-0.397838768
3778	EHMT1	Q856*	Nonsense	-0.028127194
3779	EHMT1	G862R	Missense	0.8461471965047839
3780	EHMT1	L859F	Missense	0.2114188425309524
3781	EHMT1	Q863Q	Silent	-0.412137389
3782	EHMT1		No Mutation	-1.051126031
3783	EHMT1	(NC)	Intron	-0.733464115
3784	EHMT1	(NC);(NC);(NC)	Intron;Intron;Intron	-1.15333691
3785	EHMT1	(NC);(NC);(NC)	Intron;Intron;Intron	-0.411454533
3786	EHMT1	D870N;D871N	Missense;Missense	0.1468878443105787
3787	EHMT1	(NC)	Intron	-0.22022886
3788	EHMT1	G872K;G873N	Missense;Missense	-0.695144934
3789	EHMT1	G872E;G873N	Missense;Missense	-1.118758389
3790	EHMT1	G873G	Silent	-0.711418306
3791	EHMT1	G873G	Silent	-1.470667133
3792	EHMT1	E882K	Missense	-0.854353422
3793	EHMT1	E882K	Missense	-0.146458463
3794	EHMT1	A880A;T881I	Silent;Missense	-0.091205034
3795	EHMT1	V886I	Missense	-0.380456185
3796	EHMT1	L891L	Silent	-0.077398819
3797	EHMT1	L892L;L893L	Silent;Silent	-0.441967657
3798	EHMT1	L891L	Silent	-0.194965723
3799	EHMT1		No Mutation	-0.102229203
3800	EHMT1	(NC)	Intron	-0.731793281
3801	EHMT1	(NC)	Intron	0.4816163073732688
3802	EHMT1	(NC)	Intron	0.4340007294794646
3803	EHMT1	(NC);(NC)	Intron;Intron	-0.407513529
3804	EHMT1	(NC)	Intron	-0.643476024
3805	EHMT1	N907N	Silent	-0.545393302
3806	EHMT1	N907N	Silent	-0.029133256
3807	EHMT1	N907N	Silent	-0.615627571
3808	EHMT1	H911Y	Missense	0.7716098501978229
3809	EHMT1	A914A	Silent	0.8648315822749463
3810	EHMT1	A914V	Missense	-0.313669453
3811	EHMT1	A922T	Missense	1.6523699330995163
3812	EHMT1	D920D	Silent	-0.320757
3813	EHMT1	A928T	Missense	0.478233690655749
3814	EHMT1	K929K;C930Y;D931N	Silent;Missense;Missense	0.661085842
3815	EHMT1	A934T	Missense	-1.010328832
3816	EHMT1	H933Y;A934V	Missense;Missense	0.4267004196386967
3817	EHMT1		No Mutation	-0.043752457
3818	EHMT1	G939R	Missense	1.245351775585989
3819	EHMT1	G939E;D940N	Missense;Missense	-1.657001668
3820	EHMT1	L943L	Silent	1.5542825551447386
3821	EHMT1	P942L;L943L	Missense;Silent	0.5054008860402823
3822	EHMT1	L943L;H944Y	Silent;Missense	0.0509113550152288
3823	EHMT1	A947T;R948Q	Missense;Missense	-0.958060601
3824	EHMT1	R951H	Missense	1.3754140346401875
3825	EHMT1	D953N	Missense	0.5953971669556116
3826	EHMT1	D953N	Missense	1.1519383226277868
3827	EHMT1	V956I;(NC)	Missense;Splice-donor	-1.296349326
3828	EHMT1	(NC)	Splice-acceptor	1.228215187984452
3829	EHMT1		No Mutation	-0.396951888
3830	EHMT1		No Mutation	0.4433629048796655
3831	EHMT1	R961R;D962N	Silent;Missense	-0.228858585
3832	EHMT1	V965V	Silent	2.3694437328343216
3833	EHMT1	T966I	Missense	0.5123715913887543
3834	EHMT1	G972K	Missense	0.5982008898468151
3835	EHMT1	S980N	Missense	-0.748361527
3836	EHMT1	S980N	Missense	-0.844917026
3837	EHMT1		No Mutation	1.997952317
3838	EHMT1	A979V	Missense	-1.158050279
3839	EHMT1	S980S;L981F	Silent;Missense	0.069249316
3840	EHMT1	V985V;W986*	Silent;Nonsense	-2.0619848
3841	EHMT1	S987S;A988V;L989L	Silent;Missense;Silent	-0.347205741
3842	EHMT1		No Mutation	1.9151438505974625
3843	EHMT1	S992S	Silent	-0.085614046
3844	EHMT1	D997D	Silent	0.3601254177456457
3845	EHMT1	P1000P;D1001D	Silent;Silent	0.6428590872870505
3846	EHMT1	S1004N	Missense	1.3137219379510685
3847	EHMT1	V1006M	Missense	-0.081283276
3848	EHMT1	V1006M	Missense	0.1872251845637398
3849	EHMT1	P1003F	Missense	0.2495892430860201
3850	EHMT1	V1006I	Missense	-0.903731887
3851	EHMT1	R1008K	Missense	0.083382858
3852	EHMT1	R1008K	Missense	0.3204441976172674
3853	EHMT1		No Mutation	0.2047799568519008
3854	EHMT1	V1010I	Missense	-1.53208351
3855	EHMT1	V1010I;S1011N	Missense;Missense	-1.018489134
3856	EHMT1	V1010V;S1011N	Silent;Missense	-0.343603492
3857	EHMT1	S1011S	Silent	-0.629579935
3858	EHMT1	(NC)	Intron	0.5982367664980544
3859	EHMT1	(NC);(NC)	Intron;Intron	0.9101205178992366
3860	EHMT1	(NC);(NC)	Intron;Intron	1.7268766285550623
3861	EHMT1	(NC);(NC);R1012R	Intron;Splice-acceptor;Silent	0.1717997057224654
3862	EHMT1	D1013N	Missense	0.6584964950744988
3863	EHMT1	(NC)	Intron	0.2411881325164242
3864	EHMT1	A1015T	Missense	0.081384684
3865	EHMT1	I1023I;P1024F	Silent;Missense	-0.134503253
3866	EHMT1	A1028T	Missense	-0.875737524
3867	EHMT1	A1028T	Missense	0.5588977162117078
3868	EHMT1	A1028T	Missense	0.9349258102967454
3869	EHMT1	V1029I;D1030N	Missense;Missense	0.8222602821605982
3870	EHMT1	V1029I;D1030N	Missense;Missense	0.0211068146646919
3871	EHMT1	V1029V;D1030N	Silent;Missense	-0.392184937
3872	EHMT1	C1034Y	Missense	1.483684489836652
3873	EHMT1		No Mutation	-0.69041523
3874	EHMT1	K1039K;V1041I	Silent;Missense	5.108183196
3875	EHMT1	R1054K	Missense	0.3611364273171142
3876	EHMT1	R1054K	Missense	-0.036250604
3877	EHMT1	R1054K	Missense	0.6417400797938556
3878	EHMT1	R1054K	Missense	0.1245671679917371
3879	EHMT1		No Mutation	0.4070497391820133
3880	EHMT1	H1058Y;L1059L	Missense;Silent	-0.034240002
3881	EHMT1		No Mutation	0.8397676371697346
3882	EHMT1		No Mutation	-0.543832788
3883	EHMT1		No Mutation	-0.168111169
3884	EHMT1		No Mutation	0.6567845382609951
3885	EHMT1		No Mutation	0.2545489212294018
3886	EHMT1	(NC)	Splice-acceptor	0.9185736084454036
3887	EHMT1	(NC)	Splice-acceptor	1.0211176323085982
3888	EHMT1	C1062Y;V1063M	Missense;Missense	0.8171511383524692
3889	EHMT1	S1070F	Missense	-1.084972528
3890	EHMT1	M1074I;C1075Y	Missense;Missense	-0.671356268
3891	EHMT1	C1075Y;G1076N	Missense;Missense	-0.003602287
3892	EHMT1	L1078F	Missense	0.058215414795604
3893	EHMT1	C1082Y	Missense	0.392875226359457
3894	EHMT1	R1081C	Missense	-0.896239691
3895	EHMT1	C1082C	Silent	-0.599069578
3896	EHMT1	C1082C	Silent	-0.288624308
3897	EHMT1	Y1084Y	Silent	-0.326260884
3898	EHMT1	(NC)	Intron	-0.350237474
3899	EHMT1	(NC)	Intron	-0.186084198
3900	EHMT1	(NC);(NC)	Intron;Intron	0.5734462934628175
3901	EHMT1	(NC)	Intron	0.2638994879175586
3902	EHMT1	(NC)	Intron	-0.251334898
3903	EHMT1	(NC);(NC)	Intron;Intron	-0.282612179
3904	EHMT1	(NC)	Intron	-0.131939421
3905	EHMT1		No Mutation	-0.545937559
3906	EHMT1	L1090L;L1091L;P1092S	Silent;Silent;Missense	-0.166731649
3907	EHMT1	E1093E	Silent	1.3452023238280344
3908	EHMT1	P1092L	Missense	-0.248340751
3909	EHMT1	M1096I;A1097T	Missense;Missense	0.5568609358588926
3910	EHMT1	A1097T;E1098K	Missense;Missense	0.8382316858784874
3911	EHMT1	E1104K;C1105Y	Missense;Missense	0.7199020901221385
3912	EHMT1	C1105Y	Missense	-0.340698425
3913	EHMT1	C1105Y	Missense	-0.367592753
3914	EHMT1	N1106N;H1107Y	Silent;Missense	0.3277595122749226
3915	EHMT1	H1107H;A1108V	Silent;Missense	0.4529654750093563
3916	EHMT1	W1112*	Nonsense	-3.02596075
3917	EHMT1	C1115Y;R1116Q	Missense;Missense	1.1269264092231257
3918	EHMT1	R1118C	Missense	-0.288058042
3919	EHMT1	Q1121Q	Silent	-0.391243177
3920	EHMT1	V1119V	Silent	-2.964858212
3921	EHMT1		No Mutation	-0.661903622
3922	EHMT1		No Mutation	0.3642014387456952
3923	EHMT1		No Mutation	0.4070220257509287
3924	EHMT1	A1126V	Missense	-0.148615814
3925	EHMT1	Q1129*	Nonsense	-0.574601211
3926	EHMT1	Q1129*;L1130F	Nonsense;Missense	-0.128420461
3927	EHMT1	L1130L;Y1131Y;R1132W	Silent;Silent;Missense	0.035549035
3928	EHMT1	Y1131Y;R1132W	Silent;Missense	0.7933610870393648
3929	EHMT1	T1133M	Missense	-0.788803892
3930	EHMT1	T1133M;R1134W	Missense;Missense	0.7753257225232292
3931	EHMT1	T1133M;R1134W	Missense;Missense	-0.760862745
3932	EHMT1	M1136I;G1137N	Missense;Missense	1.1737384911118036
3933	EHMT1	D1135D	Silent	1.4349598772732546
3934	EHMT1	G1139G	Silent	-0.221280715
3935	EHMT1	L1143L;Q1144*	Silent;Nonsense	0.8175337972088601
3936	EHMT1		No Mutation	-0.316136163
3937	EHMT1	G1149S	Missense	-0.262975466
3938	EHMT1	V1152I	Missense	0.6058880353861356
3939	EHMT1	V1152I;C1153Y	Missense;Missense	1.204629131709841
3940	EHMT1	C1153Y;E1154K	Missense;Missense	-0.515506061
3941	EHMT1	(NC);(NC);(NC)	Intron;Intron;Intron	0.4161130281263339
3942	EHMT1	C1153C	Silent	0.8107613227125934
3943	EHMT1	C1153C	Silent	0.034372505
3944	EHMT1		No Mutation	0.274808714483398
3945	EHMT1	(NC);(NC)	Intron;Intron	0.5660399742837786
3946	EHMT1	(NC)	Intron	1.6424408949939908
3947	EHMT1	(NC);(NC);(NC)	Intron;Intron;Intron	0.2320608826865974
3948	EHMT1	(NC);(NC);(NC);(NC)	Intron;Intron;Intron;Intron	-0.074871911
3949	EHMT1	(NC);(NC);(NC)	Intron;Intron;Intron	0.5249532358411202
3950	EHMT1	E1154E;V1156I	Silent;Missense	-0.796596021
3951	EHMT1	G1157K	Missense	-1.974084639
3952	EHMT1	G1157K;E1158K	Missense;Missense	-1.839757369
3953	EHMT1		No Mutation	-0.386110611
3954	EHMT1	D1171N	Missense	-0.008388551
3955	EHMT1	L1174L	Silent	0.8457523350135696
3956	EHMT1		No Mutation	0.4817192672598781
3957	EHMT1	(NC);(NC);(NC)	Intron;Intron;Intron	1.1876721240138948
3958	EHMT1	(NC)	Intron	1.5155013641561128
3959	EHMT1	(NC)	Intron	-0.217210166
3960	EHMT1	(NC);(NC)	Intron;Intron	-0.427150115
3961	EHMT1	(NC);(NC)	Intron;Intron	0.7334508731246661
3962	EHMT1	(NC);(NC)	Intron;Intron	0.226907802
3963	EHMT1	(NC);(NC);D1181N	Intron;Splice-acceptor;Missense	0.0493293070912113
3964	EHMT1	E1183E;V1184I	Silent;Missense	0.616750841
3965	EHMT1	E1183E;V1184I	Silent;Missense	-0.692001881
3966	EHMT1	Y1185Y	Silent	-0.08505637
3967	EHMT1	I1187I	Silent	-0.23434914
3968	EHMT1	I1187I;D1188D	Silent;Silent	1.087008277509412
3969	EHMT1	F1191F;Y1192Y	Silent;Silent	0.4979557378656274
3970	EHMT1		No Mutation	-2.355097394
3971	EHMT1	H1201H;H1202Y	Silent;Missense	-0.031141851
3972	EHMT1		No Mutation	-0.411492794
3973	EHMT1	L1207L;V1208M	Silent;Missense	-0.543130512
3974	EHMT1	V1210I;R1211H	Missense;Missense	1.0439815466852642
3975	EHMT1	V1210V;R1211H	Silent;Missense	0.13040278168771
3976	EHMT1	P1209F	Missense	-0.155323548
3977	EHMT1	V1212I	Missense	1.9657044139194269
3978	EHMT1	M1214I;A1215T	Missense;Missense	0.7978904872043989
3979	EHMT1	M1214I;A1215T	Missense;Missense	0.4925575189960053
3980	EHMT1	R1211R	Silent	-0.794412241
3981	EHMT1	A1215V	Missense	-0.199477659
3982	EHMT1	D1218D	Silent	-0.282096493
3983	EHMT1	R1220Q	Missense	0.7194436096198273
3984	EHMT1	R1220R	Silent	0.6072906855626806
3985	EHMT1		No Mutation	-2.855933699
3986	EHMT1	R1223R;A1225T	Silent;Missense	1.3229724486662575
3987	EHMT1		No Mutation	1.9586827381026
3988	EHMT1	S1228N	Missense	0.3328021596096797
3989	EHMT1	S1228N	Missense	1.988551443823177
3990	EHMT1	S1228N	Missense	-1.248123114
3991	EHMT1	R1230H;L1231L	Missense;Silent	0.667604764
3992	EHMT1	F1227F;S1228S	Silent;Silent	0.1509109699317351
3993	EHMT1	T1229I;R1230C	Missense;Missense	-1.080490276
3994	EHMT1	G1235N	Missense	-0.401572279
3995	EHMT1	G1235N;E1236K	Missense;Missense	-0.608616002
3996	EHMT1	E1236K	Missense	0.5583435343678838
3997	EHMT1	A1234V	Missense	0.9269722478613104
3998	EHMT1	A1234V	Missense	0.4572690917991217
3999	EHMT1	G1239E;(NC)	Missense;Splice-donor	-0.213874573
4000	EHMT1	L1238L	Silent	0.3445488052429947
4001	EHMT1	(NC);(NC);(NC)	Intron;Intron;Intron	1.9701921033234064
4002	EHMT1	(NC)	Intron	-1.047883334
4003	EHMT1		No Mutation	0.6758103774710578
4004	EHMT1	(NC);(NC);(NC);(NC)	Intron;Intron;Intron;Intron	-0.059885594
4005	EHMT1		No Mutation	-0.33606166
4006	EHMT1	G1243R	Missense	-0.773293386
4007	EHMT1	G1243K;E1244K	Missense;Missense	0.8251970475060735
4008	EHMT1	G1243K;E1244K	Missense;Missense	0.3376626104816818
4009	EHMT1	G1243E;E1244K	Missense;Missense	1.555077871534725
4010	EHMT1	D1241D	Silent	1.936156160790704
4011	EHMT1	D1241D	Silent	-0.332074928
4012	EHMT1	R1245C	Missense	-0.274865267
4013	EHMT1	L1253F	Missense	0.088572161
4014	EHMT1	C1258C;G1259G	Silent;Silent	0.880183861
4015	EHMT1	K1262K	Silent	-0.501932112
4016	EHMT1	S1266S	Silent	0.1579523229663358
4017	EHMT1	C1263C;R1264W	Silent;Missense	-0.821622129
4018	EHMT1	S1266S	Silent	-0.383020084
4019	EHMT1	S1266S;S1267N	Silent;Missense	0.1322390139150475
4020	EHMT1	S1266S;S1267N	Silent;Missense	0.6225403239778582
4021	EHMT1	H1265Y	Missense	0.2155496626340384
4022	EHMT1	A1268A;A1269T	Silent;Missense	-0.489650045
4023	EHMT1	A1269V;L1270L	Missense;Silent	-0.548576186
4024	EHMT1	Q1274Q;A1275T	Silent;Missense	-0.343801737
4025	EHMT1	A1271A;Q1272*;R1273C	Silent;Nonsense;Missense	-0.752146322
4026	EHMT1	Q1274Q;A1275T	Silent;Missense	-0.137743286
4027	EHMT1	S1276N;A1277T	Missense;Missense	0.5492416096219342
4028	EHMT1	Q1274*	Nonsense	-0.638217436
4029	EHMT1	A1277T;A1278T	Missense;Missense	2.046491101378385
4030	EHMT1	A1275V	Missense	0.5228129747226863
4031	EHMT1	S1276S;A1277V	Silent;Missense	-0.334948521
4032	EHMT1	E1280E;A1281T	Silent;Missense	-0.87676648
4033	EHMT1	A1278V;Q1279*	Missense;Nonsense	0.074762294
4034	EHMT1	Q1279*	Nonsense	-0.292283985
4035	EHMT1	E1283E;D1284N	Silent;Missense	-0.058966943
4036	EHMT1	E1283E;D1284N;G1285S	Silent;Missense;Missense	0.8127267909927087
4037	EHMT1	L1286L	Silent	1.652235478818682
4038	EHMT1	L1286L;D1288N	Silent;Missense	-0.243956278
4039	EHMT1	P1287F	Missense	-0.897124107
4040	EHMT1	A1292T;A1293T	Missense;Missense	-1.956925081
4041	EHMT1	A1292A;A1293T	Silent;Missense	-0.229414585
4042	EHMT1	A1295T	Missense	0.349411416
4043	EHMT1		No Mutation	-0.557338898
4044	EHMT2	(NC);(NC)	UTR;UTR	0.2406955737238628
4045	EHMT2	(NC)	UTR	0.2991232257161015
4046	EHMT2	*1268*;(NC)	Silent;UTR	-0.545272931
4047	EHMT2	*1268*;(NC)	Silent;UTR	-0.761177717
4048	EHMT2	P1264L;V1265V	Missense;Silent	0.4706038094078739
4049	EHMT2		No Mutation	1.870895779622984
4050	EHMT2		No Mutation	0.9682028318440664
4051	EHMT2	L1262L	Silent	-0.46274147
4052	EHMT2	L1262L	Silent	0.1712482634298593
4053	EHMT2	E1258K	Missense	-0.766766366
4054	EHMT2	E1258K	Missense	1.2559744479776571
4055	EHMT2	L1255L	Silent	-0.664768663
4056	EHMT2	L1256L	Silent	0.1457842657437841
4057	EHMT2	L1255L;L1256L	Silent;Silent	-0.703014092
4058	EHMT2	E1254K	Missense	1.2951811774600035
4059	EHMT2	E1254K	Missense	-1.005611783
4060	EHMT2		No Mutation	-0.440720366
4061	EHMT2	L1249L;D1250N	Silent;Missense	0.0186794434941297
4062	EHMT2	S1244S;R1245C	Silent;Missense	1.2210993584288647
4063	EHMT2	L1246L;A1247T	Silent;Missense	0.94126085
4064	EHMT2	R1245H;L1246L	Missense;Silent	-0.225790078
4065	EHMT2	A1240A;L1241L	Silent;Silent	0.8556567938816899
4066	EHMT2	Q1243Q;S1244N	Silent;Missense	0.4410388036002994
4067	EHMT2	L1241L;E1242K	Silent;Missense	0.1153089735459041
4068	EHMT2	A1236V	Missense	0.7212809490331324
4069	EHMT2	E1230E;K1231K	Silent;Silent	1.7146705984331678
4070	EHMT2	E1230K	Missense	-0.320347067
4071	EHMT2		No Mutation	0.2229625511623227
4072	EHMT2	D1210D	Silent	0.2372024964329248
4073	EHMT2	D1210D	Silent	-0.836045606
4074	EHMT2		No Mutation	-0.180274556
4075	EHMT2	(NC)	Intron	0.7752638321489492
4076	EHMT2	(NC);G1208G	Splice-acceptor;Silent	-0.154578849
4077	EHMT2	(NC);(NC)	Intron;Intron	0.9330294032482848
4078	EHMT2	(NC);(NC)	Intron;Intron	1.512537407722961
4079	EHMT2	(NC)	Intron	0.5038332062690244
4080	EHMT2	L1207L	Silent	-0.156401002
4081	EHMT2	L1207L	Silent	0.8141045002556578
4082	EHMT2	L1207L	Silent	-0.063037066
4083	EHMT2	E1206E;G1208R	Silent;Missense	-0.237211101
4084	EHMT2	T1203I	Missense	0.090404405
4085	EHMT2	R1202W;T1203I	Missense;Missense	-0.432047298
4086	EHMT2	G1204K;E1205K	Missense;Missense	-0.501411697
4087	EHMT2	G1204K	Missense	0.5200897011814339
4088	EHMT2	D1200D	Silent	-1.161116156
4089	EHMT2	S1198S;R1199*	Silent;Nonsense	-0.193663218
4090	EHMT2	S1198F;R1199*	Missense;Nonsense	-0.440114306
4091	EHMT2	S1198F;R1199*	Missense;Nonsense	-1.085838204
4092	EHMT2	F1196F	Silent	1.2919859213449945
4093	EHMT2	R1199Q;D1200N	Missense;Missense	0.2808688076195918
4094	EHMT2	S1197N	Missense	0.3704839276362892
4095	EHMT2	A1194T	Missense	-0.382516545
4096	EHMT2		No Mutation	-0.51558119
4097	EHMT2	L1184L	Silent	0.2942190926293591
4098	EHMT2	M1183I;L1184L	Missense;Silent	-0.072384
4099	EHMT2	M1183I	Missense	-0.056622994
4100	EHMT2	R1180Q	Missense	0.1044771545959802
4101	EHMT2	V1179I;R1180Q	Missense;Missense	0.2368000786530043
4102	EHMT2	V1179I	Missense	-0.641721846
4103	EHMT2	P1174P;N1175N	Silent;Silent	1.089031442513016
4104	EHMT2	P1174L;N1175N	Missense;Silent	-0.202023763
4105	EHMT2		No Mutation	0.263024045
4106	EHMT2		No Mutation	0.2767409808252777
4107	EHMT2	L1171L	Silent	-0.287547058
4108	EHMT2		No Mutation	-0.15538736
4109	EHMT2		No Mutation	0.2383733935192557
4110	EHMT2		No Mutation	0.7154512879785744
4111	EHMT2	V1153V	Silent	-1.555899367
4112	EHMT2	V1153V	Silent	0.4494311144195197
4113	EHMT2	V1153I	Missense	-2.556829778
4114	EHMT2	E1152K;V1153M	Missense;Missense	-0.259653836
4115	EHMT2	G1151E;E1152K	Missense;Missense	-2.337545249
4116	EHMT2	G1151K;E1152K	Missense;Missense	-2.184247165
4117	EHMT2	G1151K;E1152K	Missense;Missense	-0.255371608
4118	EHMT2	(NC);(NC);(NC)	Intron;Intron;Intron	0.5938920525484914
4119	EHMT2	(NC);D1150N	Splice-acceptor;Missense	-0.659499966
4120	EHMT2	(NC);(NC);(NC)	Intron;Intron;Intron	-2.240204626
4121	EHMT2	(NC);(NC)	Intron;Intron	0.2003009167635276
4122	EHMT2	D1147D	Silent	0.8268310550535353
4123	EHMT2		No Mutation	0.000796233
4124	EHMT2	L1143L;F1144F	Silent;Silent	1.3735384632378336
4125	EHMT2		No Mutation	0.2034067075147614
4126	EHMT2	L1128L	Silent	-0.023111742
4127	EHMT2	G1126G;E1127K	Silent;Missense	-0.219540143
4128	EHMT2	G1126E;E1127K	Missense;Missense	-3.048374344
4129	EHMT2	V1125I;G1126R	Missense;Missense	-1.022191806
4130	EHMT2	(NC);(NC);(NC)	Intron;Intron;Intron	-0.441426174
4131	EHMT2	(NC);(NC)	Intron;Intron	0.1333854413931814
4132	EHMT2	(NC);(NC)	Intron;Intron	0.8262763357244871
4133	EHMT2		No Mutation	-1.274470268
4134	EHMT2		No Mutation	1.1816862745090604
4135	EHMT2	I1121I;C1122C	Silent;Silent	-0.145991318
4136	EHMT2	(NC)	Intron	-0.837558093
4137	EHMT2	I1121I	Silent	-0.635026249
4138	EHMT2	C1122Y	Missense	-0.767932031
4139	EHMT2		No Mutation	-0.218058373
4140	EHMT2		No Mutation	0.3130347290013386
4141	EHMT2	Q1117Q;G1118R	Silent;Missense	-0.588799511
4142	EHMT2	Q1117Q	Silent	0.989670497
4143	EHMT2	Q1113*	Nonsense	-0.669548501
4144	EHMT2	L1112L;Q1113*	Silent;Nonsense	0.5735982303887102
4145	EHMT2	A1111A;L1112L;Q1113*	Silent;Silent;Nonsense	-0.77321473
4146	EHMT2		No Mutation	0.2763306812020487
4147	EHMT2	G1108E;V1109I	Missense;Missense	-0.383150713
4148	EHMT2	A1103V	Missense	-0.475819247
4149	EHMT2	M1105I;G1106N	Missense;Missense	0.7039151457520063
4150	EHMT2	T1102I;A1103V	Missense;Missense	-0.549573625
4151	EHMT2	T1102I;A1103V	Missense;Missense	1.1146126933209823
4152	EHMT2	T1102I	Missense	0.017007656
4153	EHMT2	T1102I	Missense	0.9239819436792744
4154	EHMT2	Y1100Y;R1101*	Silent;Nonsense	-0.121313192
4155	EHMT2	L1099L;Y1100Y;R1101*	Silent;Silent;Nonsense	-0.037504926
4156	EHMT2	Q1098Q	Silent	0.9715365276417816
4157	EHMT2	Q1098Q	Silent	0.3426758093331079
4158	EHMT2	Q1098Q	Silent	0.1770417272374709
4159	EHMT2	Q1098Q	Silent	-0.736289833
4160	EHMT2	R1096Q	Missense	-0.193807322
4161	EHMT2	(NC);K1094K	Splice-acceptor;Silent	-0.009987088
4162	EHMT2	(NC);(NC)	Intron;Intron	-0.722345663
4163	EHMT2	(NC);(NC);(NC)	Intron;Intron;Intron	0.7704748161368883
4164	EHMT2	Q1090*	Nonsense	0.8879983912340093
4165	EHMT2	G1092N	Missense	1.0538442610186862
4166	EHMT2	N1086N;R1087W	Silent;Missense	-0.078340637
4167	EHMT2		No Mutation	2.251746744033732
4168	EHMT2		No Mutation	0.7087411541390984
4169	EHMT2	W1081*	Nonsense	0.064659345
4170	EHMT2	N1075N;Q1076*	Silent;Nonsense	-0.23279247
4171	EHMT2	C1074Y	Missense	1.0406686383185404
4172	EHMT2	E1073K;C1074Y	Missense;Missense	-0.856370844
4173	EHMT2	K1065K;E1067K	Silent;Missense	-0.43866437
4174	EHMT2	L1059L	Silent	1.6246116859389466
4175	EHMT2	L1059L	Silent	0.2671288408787947
4176	EHMT2		No Mutation	0.074429415
4177	EHMT2	G1057E;R1058Q	Missense;Missense	-1.419153277
4178	EHMT2	G1057K	Missense	-0.241257087
4179	EHMT2	D1056N;G1057K	Missense;Missense	1.245435707316375
4180	EHMT2	(NC);D1056N;G1057R	Splice-acceptor;Missense;Missense	-0.118954586
4181	EHMT2	(NC);D1056N	Splice-acceptor;Missense	-0.846566376
4182	EHMT2	(NC);(NC);(NC);(NC)	Intron;Intron;Intron;Intron	0.271245751426906
4183	EHMT2	(NC);(NC);(NC);(NC)	Intron;Intron;Intron;Intron	0.2647169688271726
4184	EHMT2	(NC);(NC);(NC);(NC)	Intron;Intron;Intron;Intron	-1.210336507
4185	EHMT2	(NC)	Intron	-1.506790713
4186	EHMT2	(NC)	Intron	0.7403064657455403
4187	EHMT2	K1055K;(NC)	Silent;Splice-donor	-0.140811049
4188	EHMT2	I1049I;R1050W	Silent;Missense	-1.699329897
4189	EHMT2	R1050R;C1051Y	Silent;Missense	1.361148440248805
4190	EHMT2	L1047F	Missense	0.7035923659028462
4191	EHMT2	S1048N	Missense	-0.869657789
4192	EHMT2	C1044C;G1045G	Silent;Silent	-2.554908831
4193	EHMT2	G1045D;Q1046Q	Missense;Silent	0.5534329280159616
4194	EHMT2	S1039S;S1040F	Silent;Missense	0.1874753230879986
4195	EHMT2	V1034I;D1035N	Missense;Missense	0.1503539346086387
4196	EHMT2	C1033Y;V1034I	Missense;Missense	0.214231643979615
4197	EHMT2	C1033Y;V1034M	Missense;Missense	-1.678018315
4198	EHMT2	(NC);(NC);H1030Y	Intron;Intron;Missense	0.15691926591334
4199	EHMT2	C1031Y;T1032T	Missense;Silent	0.028446339
4200	EHMT2	C1031Y	Missense	-0.227717597
4201	EHMT2	(NC)	Splice-acceptor	1.041631134340403
4202	EHMT2		No Mutation	-0.768624124
4203	EHMT2	(NC);(NC);(NC);(NC)	Intron;Intron;Intron;Intron	-1.775738238
4204	EHMT2		No Mutation	0.2747764365677512
4205	EHMT2	Q1029*	Nonsense	0.1434098206853829
4206	EHMT2	(NC);(NC);(NC)	Intron;Intron;Intron	0.7622513576285483
4207	EHMT2	(NC);(NC);(NC)	Intron;Intron;Intron	-0.526119173
4208	EHMT2	H1027H;L1028L	Silent;Silent	-0.295784202
4209	EHMT2	H1027Y;L1028L	Missense;Silent	0.5662689316646703
4210	EHMT2	T1026T;H1027Y;L1028L	Silent;Missense;Silent	0.2377755341768261
4211	EHMT2	T1026I;H1027Y	Missense;Missense	-0.869663814
4212	EHMT2	R1023R;N1024N	Silent;Silent	0.4699429584996769
4213	EHMT2	R1023H	Missense	-0.921129102
4214	EHMT2	R1023H	Missense	0.4056740675243821
4215	EHMT2		No Mutation	0.3515988345994187
4216	EHMT2	K1008K	Silent	-1.137405519
4217	EHMT2	K1008K	Silent	0.3988128619681609
4218	EHMT2		No Mutation	0.089697107
4219	EHMT2		No Mutation	0.222432242913008
4220	EHMT2	V998V;D999N	Silent;Missense	0.9225160212758704
4221	EHMT2	V998I;D999N	Missense;Missense	-0.799708305
4222	EHMT2	V995V	Silent	-0.456198874
4223	EHMT2	V995V	Silent	-0.446298277
4224	EHMT2		No Mutation	-0.667056708
4225	EHMT2	G997N	Missense	-0.026404081
4226	EHMT2	G997N	Missense	0.5056638544426915
4227	EHMT2	P993F	Missense	-1.029687263
4228	EHMT2	P991F	Missense	1.0116775340602078
4229	EHMT2	(NC)	Intron	0.1455703189332047
4230	EHMT2	(NC);(NC)	Intron;Intron	0.4758335459738644
4231	EHMT2	(NC);(NC)	Intron;Intron	1.8891833468542232
4232	EHMT2	V983I	Missense	-0.310317084
4233	EHMT2	D982N;V983M	Missense;Missense	0.7317834073232469
4234	EHMT2	(NC);(NC)	Intron;Intron	1.5457257785200758
4235	EHMT2	(NC)	Intron	0.5647780799179695
4236	EHMT2	(NC)	Intron	-1.687595462
4237	EHMT2	(NC)	Intron	0.086239253
4238	EHMT2	(NC);(NC)	Intron;Intron	0.1871411431024887
4239	EHMT2	(NC)	Intron	-0.862823351
4240	EHMT2		No Mutation	0.5303420155306728
4241	EHMT2	I979I	Silent	1.229775781761392
4242	EHMT2	I978I;I979I	Silent;Silent	0.2775328188284685
4243	EHMT2		No Mutation	0.072006372
4244	EHMT2	T975I	Missense	0.3390646281389937
4245	EHMT2	K977K	Silent	0.024988844
4246	EHMT2		No Mutation	0.5432598406929084
4247	EHMT2	L966F	Missense	-0.592106806
4248	EHMT2	L966F	Missense	0.6703961490919391
4249	EHMT2	G967K;V968M	Missense;Missense	-0.582753465
4250	EHMT2	L964F	Missense	-0.524023614
4251	EHMT2	R962R;L964F	Silent;Missense	-0.415972297
4252	EHMT2	N961N;R962C	Silent;Missense	0.0546173895335323
4253	EHMT2	N961N;R962C	Silent;Missense	0.2432495321570251
4254	EHMT2	N961N;R962C	Silent;Missense	0.1181715652606603
4255	EHMT2	A957A	Silent	-0.31988485
4256	EHMT2	V954V;W955*	Silent;Nonsense	-0.570176666
4257	EHMT2	V954I;W955*	Missense;Nonsense	0.6345501931866169
4258	EHMT2	P949L	Missense	-0.506137121
4259	EHMT2	D953N	Missense	-0.236179507
4260	EHMT2		No Mutation	0.5433287479107431
4261	EHMT2		No Mutation	-0.621182864
4262	EHMT2	E940K	Missense	-1.004434113
4263	EHMT2	L936L;R937W	Silent;Missense	0.5030000164287263
4264	EHMT2	E940K	Missense	-1.255004459
4265	EHMT2	L936L	Silent	-0.929603142
4266	EHMT2	L936L	Silent	-0.008614403
4267	EHMT2	L936L	Silent	1.3719279918073997
4268	EHMT2	R937Q	Missense	0.7393493540010667
4269	EHMT2	A932V	Missense	1.6548190272128989
4270	EHMT2		No Mutation	0.6491037300033733
4271	EHMT2		No Mutation	-0.027485257
4272	EHMT2		No Mutation	0.2043942263488091
4273	EHMT2		No Mutation	0.2043377772968777
4274	EHMT2	L928L	Silent	-0.122264806
4275	EHMT2	L928L	Silent	-0.241875749
4276	EHMT2		No Mutation	-0.642341412
4277	EHMT2	(NC);L925L	Splice-acceptor;Silent	0.5730794675821589
4278	EHMT2	(NC);(NC);(NC)	Intron;Intron;Intron	-0.029501542
4279	EHMT2	(NC);(NC);(NC)	Splice-donor;Intron;Intron	-0.967418139
4280	EHMT2	R917Q	Missense	0.5209052681801536
4281	EHMT2	A916T;R917Q	Missense;Missense	-0.033366816
4282	EHMT2	A916T	Missense	-0.210478472
4283	EHMT2	A916T	Missense	-0.779313882
4284	EHMT2	P911P;L912L;H913Y	Silent;Silent;Missense	0.7378274641903646
4285	EHMT2	P911L;L912L	Missense;Silent	-0.905431102
4286	EHMT2	L912L	Silent	-0.971559209
4287	EHMT2	G908R	Missense	-0.476975639
4288	EHMT2	A903V	Missense	-0.873897522
4289	EHMT2		No Mutation	-0.678358724
4290	EHMT2	A903V	Missense	1.0484801077982056
4291	EHMT2	H902Y;A903V	Missense;Missense	0.3033286921507095
4292	EHMT2	C899Y;D900N	Missense;Missense	0.7682899772809519
4293	EHMT2	A897T	Missense	-1.004638293
4294	EHMT2	L895L	Silent	0.3551884096917099
4295	EHMT2		No Mutation	0.4068741746132187
4296	EHMT2	A889T	Missense	0.044063463
4297	EHMT2	S887N;A888T	Missense;Missense	0.5123694705556211
4298	EHMT2		No Mutation	0.4543354933792223
4299	EHMT2	H880Y	Missense	-0.140677401
4300	EHMT2	H880Y	Missense	-0.862111113
4301	EHMT2	N876N	Silent	1.26454539193681
4302	EHMT2	N876N	Silent	-1.29950523
4303	EHMT2	C878Y	Missense	-1.381412608
4304	EHMT2		No Mutation	0.808999583
4305	EHMT2	E874E;E875K	Silent;Missense	-1.443586067
4306	EHMT2	(NC);E874K	Splice-acceptor;Missense	-2.342485892
4307	EHMT2	(NC);E874K	Splice-acceptor;Missense	0.3779577677248047
4308	EHMT2	(NC);(NC);(NC);(NC)	Intron;Intron;Intron;Intron	0.6686446656177484
4309	EHMT2	(NC);(NC);(NC);(NC)	Intron;Intron;Intron;Intron	0.06408568
4310	EHMT2	(NC)	Intron	0.089968318
4311	EHMT2		No Mutation	-0.112174966
4312	EHMT2	D872D;N873N	Silent;Silent	0.4518606883434631
4313	EHMT2	(NC);(NC);(NC)	Intron;Intron;Intron	-0.430003461
4314	EHMT2	(NC);(NC)	Intron;Intron	-0.453005843
4315	EHMT2	D872N	Missense	-0.207830479
4316	EHMT2	T863T;R864Q;G865S	Silent;Missense;Missense	-0.306678153
4317	EHMT2	R859C	Missense	1.0279843757928788
4318	EHMT2	I858I;R859C	Silent;Missense	0.6921475872203859
4319	EHMT2	I858I;R859C	Silent;Missense	0.362174216701961
4320	EHMT2	H852Y	Missense	0.1698548139004106
4321	EHMT2	E851K	Missense	0.6250806357136471
4322	EHMT2	A850T;E851K	Missense;Missense	-0.854984918
4323	EHMT2		No Mutation	-1.34982164
4324	EHMT2		No Mutation	-0.443882249
4325	EHMT2	G842K;W843*	Missense;Nonsense	0.2995297561663228
4326	EHMT2	G841G;G842K	Silent;Missense	-1.347620658
4327	EHMT2	G841K;G842R	Missense;Missense	1.048455499180714
4328	EHMT2	(NC);(NC)	Intron;Intron	-0.014285151
4329	EHMT2	S840N;G841K	Missense;Missense	-1.288270804
4330	EHMT2	(NC);(NC);(NC)	Intron;Intron;Intron	-0.496146435
4331	EHMT2	(NC);(NC);(NC);(NC)	Intron;Intron;Intron;Intron	-0.500362686
4332	EHMT2	D839N;S840N	Missense;Missense	-1.361639839
4333	EHMT2	(NC);(NC);(NC);(NC)	Intron;Intron;Intron;Intron	-1.272684739
4334	EHMT2	(NC);D839N	Splice-acceptor;Missense	-1.136363225
4335	EHMT2	(NC);(NC);(NC);(NC)	Intron;Intron;Intron;Intron	-1.503080289
4336	EHMT2	(NC);(NC);(NC)	Intron;Intron;Intron	0.6256568337730198
4337	EHMT2		No Mutation	-0.332948256
4338	EHMT2		No Mutation	-2.234797053
4339	EHMT2	(NC);(NC);(NC)	Intron;Intron;Intron	-1.186054346
4340	EHMT2		No Mutation	0.3303911737577619
4341	EHMT2		No Mutation	0.450662697
4342	EHMT2	V835V	Silent	-0.337124931
4343	EHMT2		No Mutation	0.5217158035094013
4344	EHMT2	L828L	Silent	-0.499725864
4345	EHMT2	G831K	Missense	-0.646542312
4346	EHMT2	L827L;L828L	Silent;Silent	1.8467756108972249
4347	EHMT2	S825S;L826L	Silent;Silent	0.70325701
4348	EHMT2	L821L;E822K	Silent;Missense	-0.027108843
4349	EHMT2	I818I	Silent	0.051096457
4350	EHMT2	A816V	Missense	-0.353729833
4351	EHMT2	H813H;H814Y	Silent;Missense	0.1657474863619832
4352	EHMT2	H813Y;H814Y	Missense;Missense	0.8077505621456542
4353	EHMT2	A816T	Missense	0.1477736033603123
4354	EHMT2	A815T	Missense	1.09873581342936
4355	EHMT2	G808N	Missense	-1.554810339
4356	EHMT2	G808N	Missense	0.8751929555984596
4357	EHMT2	(NC);(NC);(NC);(NC)	Intron;Intron;Intron;Intron	-0.458793056
4358	EHMT2	E805K;E806K	Missense;Missense	-1.082414736
4359	EHMT2	(NC);E805K;E806K	Splice-acceptor;Missense;Missense	1.1387342034857186
4360	EHMT2	(NC)	Intron	-0.178390644
4361	EHMT2	(NC);(NC);(NC)	Intron;Intron;Intron	0.1330030131266228
4362	EHMT2	(NC);(NC)	Intron;Intron	-1.188625372
4363	EHMT2	(NC);(NC)	Intron;Intron	0.1501588408271226
4364	EHMT2	(NC)	Intron	-0.669168453
4365	EHMT2		No Mutation	-0.722946679
4366	EHMT2	S803S	Silent	0.5128454421720504
4367	EHMT2	G799G	Silent	-0.094695877
4368	EHMT2	Q796Q;R797H;G798S	Silent;Missense;Missense	0.5534521471332913
4369	EHMT2	Q796Q;R797H	Silent;Missense	-0.556017142
4370	EHMT2	Y793Y	Silent	-0.129586971
4371	EHMT2	R792C	Missense	0.9014555319329032
4372	EHMT2		No Mutation	1.028053132
4373	EHMT2		No Mutation	0.5715653795627704
4374	EHMT2	R792H	Missense	-0.994998408
4375	EHMT2	L788L	Silent	-0.294011481
4376	EHMT2		No Mutation	-0.519466739
4377	EHMT2	A782A	Silent	0.822139605
4378	EHMT2	V783I;V784M	Missense;Missense	-0.226275251
4379	EHMT2	P778L;L779L	Missense;Silent	1.6551206072551832
4380	EHMT2	R776W	Missense	-0.089890757
4381	EHMT2	Q775*;R776W	Nonsense;Missense	-0.874466478
4382	EHMT2	A770V	Missense	0.6373327483906596
4383	EHMT2	V771V;D772N	Silent;Missense	0.9217903792950182
4384	EHMT2	A766V	Missense	0.2174283140037336
4385	EHMT2		No Mutation	-0.079553541
4386	EHMT2	A766T	Missense	-0.3433574
4387	EHMT2	A766T	Missense	-0.691778753
4388	EHMT2	G765E;A766T	Missense;Missense	0.1161628238484318
4389	EHMT2	A764T;G765K	Missense;Missense	2.1945911971786867
4390	EHMT2	(NC);A764T	Splice-acceptor;Missense	0.1071917157719399
4391	EHMT2	(NC);A764T	Splice-acceptor;Missense	-2.34023845
4392	EHMT2	(NC);(NC);(NC)	Intron;Intron;Intron	0.4228847139692727
4393	EHMT2		No Mutation	0.043555962
4394	EHMT2	(NC);(NC);(NC);(NC)	Intron;Intron;Intron;Intron	-1.186787188
4395	EHMT2	Q763*	Nonsense	2.2796425604324284
4396	EHMT2	L761L;L762L	Silent;Silent	1.9292433779522973
4397	EHMT2	L761L;L762L	Silent;Silent	-0.493794125
4398	EHMT2	Q763Q;(NC)	Silent;Splice-donor	0.4531356323725212
4399	EHMT2	I757I;C758C;H759Y	Silent;Silent;Missense	0.3375514241653041
4400	EHMT2	V760I	Missense	1.2186704432849234
4401	EHMT2	V755V;E756K	Silent;Missense	0.2530345170263912
4402	EHMT2	V755V;E756K	Silent;Missense	1.1744786882027634
4403	EHMT2	V755I	Missense	0.099561035
4404	EHMT2	A749A;A750V;Q751*	Silent;Missense;Nonsense	0.3088608963758424
4405	EHMT2	Q751Q	Silent	0.257069757112413
4406	EHMT2	Q751Q	Silent	0.2286926862576516
4407	EHMT2	H747Y;A748V	Missense;Missense	0.5132560858456263
4408	EHMT2	A750T	Missense	-0.8171251
4409	EHMT2	H747Y	Missense	0.4413326977865398
4410	EHMT2	T744T	Silent	-0.725957649
4411	EHMT2	Q740Q;S741N	Silent;Missense	-1.180124407
4412	EHMT2	Q739Q	Silent	-0.855830849
4413	EHMT2	D738N	Missense	-1.883357343
4414	EHMT2	D738N	Missense	-0.444892329
4415	EHMT2	Q736Q	Silent	-1.325948968
4416	EHMT2	L731L;D732N	Silent;Missense	0.0290253067204044
4417	EHMT2	L731L;D732N	Silent;Missense	1.9423015358979456
4418	EHMT2	L731L;D732N	Silent;Missense	0.1647199669178415
4419	EHMT2	(NC)	Intron	0.3093803492884782
4420	EHMT2		No Mutation	0.1786799990957097
4421	EHMT2		No Mutation	0.932401809750906
4422	EHMT2	(NC);(NC)	Intron;Intron	-0.053295126
4423	EHMT2	Q717*	Nonsense	0.9038769708135332
4424	EHMT2	E719E;L720L	Silent;Silent	-1.050737981
4425	EHMT2	Q717Q;G718N;E719K	Silent;Missense;Missense	-0.505139473
4426	EHMT2	Y712Y;L713L	Silent;Silent	0.3844777960654217
4427	EHMT2	Y712Y;L713L	Silent;Silent	0.2607304643574035
4428	EHMT2	L713L	Silent	0.5821289959023954
4429	EHMT2	L713L	Silent	0.2154811046046406
4430	EHMT2	L711L	Silent	0.088780598
4431	EHMT2	R709R;Q710Q	Silent;Silent	0.3240733957449297
4432	EHMT2	L704F	Missense	-1.48408494
4433	EHMT2	K702K;K703K	Silent;Silent	-1.161995315
4434	EHMT2	K702K;K703K	Silent;Silent	0.2157625317537688
4435	EHMT2	(NC);R700R;R701Q	Splice-acceptor;Silent;Missense	0.3609695560147949
4436	EHMT2	(NC);R700R	Splice-acceptor;Silent	-0.121361178
4437	EHMT2	(NC);(NC)	Intron;Intron	0.8848516696393683
4438	EHMT2	(NC);(NC)	Intron;Intron	0.9140458584802028
4439	EHMT2	(NC)	Intron	-0.381990451
4440	EHMT2	(NC);(NC);(NC)	Intron;Intron;Intron	-0.203313646
4441	EHMT2		No Mutation	-0.6695618
4442	EHMT2		No Mutation	0.7366234563464082
4443	EHMT2	(NC);(NC);(NC)	Splice-donor;Intron;Intron	1.0099360658440255
4444	EHMT2	S698L	Missense	-0.272764143
4445	EHMT2	S698L	Missense	0.363099546837017
4446	EHMT2		No Mutation	-0.305648984
4447	EHMT2	V694V;I695I	Silent;Silent	-0.594886223
4448	EHMT2	E697E	Silent	-0.364200225
4449	EHMT2		No Mutation	1.0971716395036977
4450	EHMT2	A688V;L689L	Missense;Silent	0.2786596728710112
4451	EHMT2	G685G;R686W	Silent;Missense	-1.150169054
4452	EHMT2	P684L	Missense	-0.095462953
4453	EHMT2	R686Q;E687K	Missense;Missense	0.4352959486631054
4454	EHMT2	L682L	Silent	0.6210053312424578
4455	EHMT2	P681L;L682L	Missense;Silent	-0.314068045
4456	EHMT2	P681L	Missense	0.7184808068680104
4457	EHMT2	L682L;G683K	Silent;Missense	0.3250432966988267
4458	EHMT2	L680L	Silent	0.4492825119395046
4459	EHMT2	A677V	Missense	0.7364028870403205
4460	EHMT2	A677V	Missense	2.021527732229207
4461	EHMT2	A677V	Missense	0.09438387
4462	EHMT2	G679G;L680L	Silent;Silent	-0.268507389
4463	EHMT2	G673G;C674C	Silent;Silent	2.24881913383204
4464	EHMT2	G673G	Silent	-0.471737563
4465	EHMT2	G673G	Silent	0.729097001
4466	EHMT2		No Mutation	0.105000365248012
4467	EHMT2		No Mutation	1.0295500200965628
4468	EHMT2	C674Y	Missense	2.524582967248017
4469	EHMT2	G673D;C674Y	Missense;Missense	0.2348374486103834
4470	EHMT2	G672K;G673S	Missense;Missense	0.2964773957688532
4471	EHMT2	G672K	Missense	-1.278571506
4472	EHMT2		No Mutation	-1.454621081
4473	EHMT2	L667L;T668I	Silent;Missense	0.5865518024265942
4474	EHMT2		No Mutation	1.0262645188236137
4475	EHMT2	S666S;L667L	Silent;Silent	-0.472604329
4476	EHMT2	S666F;L667L	Missense;Silent	-0.121257139
4477	EHMT2	S666F;L667L	Missense;Silent	-0.281809662
4478	EHMT2	G664E	Missense	-1.175601456
4479	EHMT2	D658D;T659I	Silent;Missense	0.3948641836445759
4480	EHMT2	D658D;T659I	Silent;Missense	1.1292140321232995
4481	EHMT2	D661N	Missense	0.5016219964809608
4482	EHMT2	D661N	Missense	0.052298547
4483	EHMT2	D661N	Missense	-0.463576275
4484	EHMT2	D658N	Missense	-0.669893018
4485	EHMT2	A657T;D658N	Missense;Missense	-1.081723663
4486	EHMT2	L656L;A657T	Silent;Missense	-0.694707983
4487	EHMT2	L656L;A657T	Silent;Missense	-0.883210185
4488	EHMT2	R650R;P651L;P652S	Silent;Missense;Missense	0.2604470233787245
4489	EHMT2	D654N	Missense	0.6934157566650521
4490	EHMT2	C653Y;D654N	Missense;Missense	-0.191986094
4491	EHMT2	C653Y;D654N	Missense;Missense	0.9155892242868036
4492	EHMT2		No Mutation	-0.386777596
4493	EHMT2	G646K;E647K	Missense;Missense	0.9064573532107082
4494	EHMT2	G646K	Missense	0.5958056350235982
4495	EHMT2	A640A;R641W	Silent;Missense	-0.373251852
4496	EHMT2	A640V;R641W	Missense;Missense	0.5286320328095343
4497	EHMT2	A640V;R641W	Missense;Missense	0.5800243911213203
4498	EHMT2	M642I;R643Q;G644R	Missense;Missense;Missense	-1.657423262
4499	EHMT2	(NC)	Intron	0.4597309012502801
4500	EHMT2	(NC);(NC)	Intron;Intron	0.5619545855947155
4501	EHMT2	R641Q	Missense	-0.158542182
4502	EHMT2	(NC);(NC);(NC)	Intron;Intron;Intron	-0.439164299
4503	EHMT2		No Mutation	-0.782247027
4504	EHMT2		No Mutation	0.258125216
4505	EHMT2	T635I;S636F	Missense;Missense	-1.510853813
4506	EHMT2	A633V;D634D	Missense;Silent	-1.364971795
4507	EHMT2		No Mutation	-0.655439208
4508	EHMT2		No Mutation	-0.050379312
4509	EHMT2		No Mutation	0.559212709
4510	EHMT2	G631G;R632K;A633T	Silent;Missense;Missense	1.7708174464825397
4511	EHMT2	G631E;R632K	Missense;Missense	0.5326945930657425
4512	EHMT2	G631R	Missense	1.68724421855382
4513	EHMT2		No Mutation	-0.643161339
4514	EHMT2	V629I	Missense	-0.116664734
4515	EHMT2	S626F	Missense	-0.473800287
4516	EHMT2	L625L;S626F	Silent;Missense	-1.586730219
4517	EHMT2	D628N;V629I	Missense;Missense	0.5234661228335463
4518	EHMT2	Q627Q;D628N;V629I	Silent;Missense;Missense	-1.193542661
4519	EHMT2	Q627Q;D628N	Silent;Missense	-0.622897947
4520	EHMT2	Q627Q;D628N	Silent;Missense	-1.82785644
4521	EHMT2	L625L	Silent	0.7446714745557874
4522	EHMT2	P622F;P623S	Missense;Missense	-1.278238268
4523	EHMT2	A621T	Missense	0.7365566775615408
4524	EHMT2	A619T	Missense	0.538868679
4525	EHMT2	A618T;A619T	Missense;Missense	-0.770238515
4526	EHMT2	A618T;A619T	Missense;Missense	0.9122712905519011
4527	EHMT2	A618T	Missense	0.9966937953226396
4528	EHMT2		No Mutation	2.619543154543312
4529	EHMT2	D609D	Silent	1.836579824666708
4530	EHMT2	V611V	Silent	0.4189797238413745
4531	EHMT2	V611V	Silent	0.3175201914563893
4532	EHMT2	V611I	Missense	-0.22138715
4533	EHMT2	G610G;V611I	Silent;Missense	-0.140525896
4534	EHMT2	G610K	Missense	-0.441608415
4535	EHMT2	T604T;I605I;P606S	Silent;Silent;Missense	0.2664246461188951
4536	EHMT2	T604I;I605I	Missense;Silent	1.3251122078097377
4537	EHMT2	T604I	Missense	0.3458731751867605
4538	EHMT2		No Mutation	0.3224007748044958
4539	EHMT2		No Mutation	1.237445073270948
4540	EHMT2		No Mutation	-0.396328237
4541	EHMT2	A597V	Missense	-1.306283178
4542	EHMT2	A597T	Missense	-0.13473516
4543	EHMT2	A597T	Missense	0.4150785716518934
4544	EHMT2	D596N;A597T	Missense;Missense	0.0118249275678059
4545	EHMT2	F589F;P591S	Silent;Missense	1.988601641451901
4546	EHMT2	V588V;F589F	Silent;Silent	1.4475497292389117
4547	EHMT2	V588V;F589F	Silent;Silent	-0.796966199
4548	EHMT2	V588V	Silent	0.9955354468665438
4549	EHMT2	S582F;Q583*	Missense;Nonsense	-0.464084822
4550	EHMT2	L584L	Silent	-0.970402442
4551	EHMT2		No Mutation	0.1162855067201217
4552	EHMT2		No Mutation	0.0588542850383877
4553	EHMT2	V581V	Silent	-0.875032246
4554	EHMT2	C580Y;V581M	Missense;Missense	-0.339912955
4555	EHMT2	K578K;A579T	Silent;Missense	-0.676470085
4556	EHMT2	K578K;A579T	Silent;Missense	-0.554826906
4557	EHMT2	A573V;H574Y	Missense;Missense	-0.771404046
4558	EHMT2		No Mutation	-0.933413902
4559	EHMT2	A573T	Missense	-0.17403615
4560	EHMT2	V572V;A573T	Silent;Missense	1.1231993184903946
4561	EHMT2	V572I;A573T	Missense;Missense	2.2689653945104933
4562	EHMT2	C566C;H567Y;P568S	Silent;Missense;Missense	-0.705932534
4563	EHMT2	D569N	Missense	1.1739075712812437
4564	EHMT2		No Mutation	-0.799685698
4565	EHMT2	L564L;E565K	Silent;Missense	-0.057530249
4566	EHMT2	L564L;E565K	Silent;Missense	-0.320263498
4567	EHMT2		No Mutation	-0.863849024
4568	EHMT2		No Mutation	1.066067663641952
4569	EHMT2	(NC);(NC);(NC);(NC)	Intron;Intron;Intron;Intron	-0.079380678
4570	EHMT2	(NC)	Intron	0.6799591161698935
4571	EHMT2	(NC)	Intron	-0.049262175
4572	EHMT2	(NC)	Intron	0.3504882442826498
4573	EHMT2	(NC);(NC)	Intron;Intron	2.517067436924562
4574	EHMT2	A560V	Missense	-0.469882691
4575	EHMT2	A560V	Missense	0.208275249
4576	EHMT2	T559M;A560V	Missense;Missense	1.194207649700563
4577	EHMT2	C554C;G555G	Silent;Silent	1.1916386857644217
4578	EHMT2	C558Y	Missense	0.068050697
4579	EHMT2	G553G;C554C	Silent;Silent	0.1879579687249085
4580	EHMT2		No Mutation	2.0376801753085294
4581	EHMT2	C554Y;G555S	Missense;Missense	-0.46825196
4582	EHMT2	H549Y	Missense	-0.341405977
4583	EHMT2	H548Y	Missense	1.8478344066751884
4584	EHMT2	V546V;H548Y	Silent;Missense	-0.183143416
4585	EHMT2		No Mutation	0.2456841344833111
4586	EHMT2		No Mutation	0.8600372139338415
4587	EHMT2		No Mutation	0.6162220773016744
4588	EHMT2	M545I;V546I	Missense;Missense	0.8258251855036375
4589	EHMT2	M545I;V546I	Missense;Missense	1.0906979254799287
4590	EHMT2	T540I;H541Y	Missense;Missense	-0.683127946
4591	EHMT2	E539K	Missense	0.3326818339265408
4592	EHMT2	C538Y;E539K	Missense;Missense	-0.399114278
4593	EHMT2	M535I;V536I	Missense;Missense	-0.428492107
4594	EHMT2	L534L;M535I	Silent;Missense	-0.070834987
4595	EHMT2	A533T	Missense	-0.165493725
4596	EHMT2	S529S;S530S;R531C	Silent;Silent;Missense	-1.365415163
4597	EHMT2	S530N;R531H	Missense;Missense	-1.243946923
4598	EHMT2	P528S	Missense	-0.094517195
4599	EHMT2	M526I	Missense	0.4809687896810776
4600	EHMT2	L521L	Silent	0.9963034292892884
4601	EHMT2	E524E	Silent	0.4664843266126408
4602	EHMT2	R523Q;E524K	Missense;Missense	0.1734806770302208
4603	EHMT2	A518V	Missense	2.342603669410788
4604	EHMT2	A518V	Missense	0.7663446688587314
4605	EHMT2	L513L	Silent	-0.27956366
4606	EHMT2	(NC);(NC)	Intron;Intron	0.084724196
4607	EHMT2	(NC)	Splice-acceptor	-0.852466209
4608	EHMT2	(NC)	Splice-acceptor	-0.501543675
4609	EHMT2	(NC);(NC)	Intron;Intron	-0.543981212
4610	EHMT2		No Mutation	0.344510291
4611	EHMT2		No Mutation	-1.192632787
4612	EHMT2		No Mutation	0.1929355716132548
4613	EHMT2	D510D	Silent	0.3250075606409217
4614	EHMT2	D510D	Silent	-0.77121012
4615	EHMT2		No Mutation	-0.306735241
4616	EHMT2		No Mutation	1.915313741977868
4617	EHMT2		No Mutation	-0.269797198
4618	EHMT2	G511K	Missense	-1.73618879
4619	EHMT2		No Mutation	-0.327817051
4620	EHMT2	A505V;T506I	Missense;Missense	2.1220179503389547
4621	EHMT2	C503C	Silent	0.4013324582298648
4622	EHMT2	A499V	Missense	-0.18747336
4623	EHMT2	R498R;A499T;G500R	Silent;Missense;Missense	-0.470428213
4624	EHMT2	R494R;I495I	Silent;Silent	-0.961639093
4625	EHMT2	R494C	Missense	0.1870580067685057
4626	EHMT2	D493D;R494C	Silent;Missense	-0.489479534
4627	EHMT2	D493D;R494C	Silent;Missense	-0.086887644
4628	EHMT2	D493D	Silent	-0.399083367
4629	EHMT2	S496N	Missense	-0.221284676
4630	EHMT2	S496N	Missense	-1.011493514
4631	EHMT2	K491K	Silent	-0.493446209
4632	EHMT2	M487I;E488K	Missense;Missense	0.8682841210748841
4633	EHMT2	R486H;M487I	Missense;Missense	-0.683285644
4634	EHMT2	R486H	Missense	-0.545988797
4635	EHMT2	C483C	Silent	-0.782250293
4636	EHMT2	P481P;L482L	Silent;Silent	-0.719979942
4637	EHMT2	T473I	Missense	-0.158080916
4638	EHMT2	S470L;L471L	Missense;Silent	0.3157811749097012
4639	EHMT2	S470L;L471L	Missense;Silent	-0.01235809
4640	EHMT2	S470S;L471L	Silent;Silent	-0.061614878
4641	EHMT2	S465S	Silent	-0.02175983
4642	EHMT2	D467N	Missense	2.0960126232948024
4643	EHMT2		No Mutation	1.0661755487587632
4644	EHMT2	V464V	Silent	-0.361980561
4645	EHMT2	(NC)	Splice-acceptor	0.9573824248857784
4646	EHMT2	(NC);(NC)	Intron;Intron	0.1838989982846268
4647	EHMT2	(NC);(NC)	Intron;Intron	-0.003556792
4648	EHMT2		No Mutation	-0.59369397
4649	EHMT2		No Mutation	0.9079701128352008
4650	EHMT2		No Mutation	0.3645116917999612
4651	EHMT2	(NC)	Intron	0.8252170680534919
4652	EHMT2	(NC)	Intron	0.2662033062820007
4653	EHMT2		No Mutation	-0.614196897
4654	EHMT2	(NC)	Splice-donor	0.4313707024277871
4655	EHMT2	A462T;G463R	Missense;Missense	-0.149089657
4656	EHMT2	A462T	Missense	-1.87703261
4657	EHMT2	L457F;S458F	Missense;Missense	-0.441863396
4658	EHMT2		No Mutation	0.4188117767284316
4659	EHMT2		No Mutation	-0.738837366
4660	EHMT2	E454K;G455R	Missense;Missense	-0.344057535
4661	EHMT2	S453N;E454K	Missense;Missense	-0.793000466
4662	EHMT2		No Mutation	-0.020607778
4663	EHMT2	L449L	Silent	-0.01374161
4664	EHMT2	S448S;L449L	Silent;Silent	0.2395250924495509
4665	EHMT2	E450K	Missense	0.0182327341827402
4666	EHMT2	L449L;E450K	Silent;Missense	-0.800954182
4667	EHMT2	V444V;P445S	Silent;Missense	0.3513680205427032
4668	EHMT2	Y441Y	Silent	-0.371174352
4669	EHMT2	Y441Y	Silent	0.2569557192253496
4670	EHMT2	Y441Y	Silent	0.2516724506442661
4671	EHMT2	E443E;V444I	Silent;Missense	0.9053885759494936
4672	EHMT2	E443K;V444I	Missense;Missense	0.5289770589886712
4673	EHMT2	M442I;E443K;V444I	Missense;Missense;Missense	0.3231263492016074
4674	EHMT2	G437G;P438F	Silent;Missense	-0.966054323
4675	EHMT2	E440E	Silent	-0.671546099
4676	EHMT2	G437G;P438S	Silent;Missense	-0.887503367
4677	EHMT2		No Mutation	0.3108235015290603
4678	EHMT2	(NC)	Intron	0.2464769713684115
4679	EHMT2	(NC)	Intron	-0.408930896
4680	EHMT2	(NC)	Intron	-0.048834734
4681	EHMT2	(NC);(NC);(NC)	Intron;Intron;Intron	-0.294179401
4682	EHMT2		No Mutation	-0.448268533
4683	EHMT2	(NC)	Intron	-0.109161971
4684	EHMT2	(NC);(NC);(NC)	Splice-donor;Intron;Intron	0.3443959337840874
4685	EHMT2	P427S	Missense	-0.937616065
4686	EHMT2	A424A	Silent	0.1196715188301538
4687	EHMT2	R428Q	Missense	-1.060193392
4688	EHMT2	R423W;A424V	Missense;Missense	-0.45874839
4689	EHMT2	E426K	Missense	1.5565232317483175
4690	EHMT2	P421S	Missense	0.3449819730356892
4691	EHMT2	R417R;R419W	Silent;Missense	-0.617769929
4692	EHMT2	R417R	Silent	0.2275886232652217
4693	EHMT2	R417H	Missense	-0.28155534
4694	EHMT2	R414W	Missense	1.7131546855176023
4695	EHMT2	P408L	Missense	-0.060443417
4696	EHMT2	R404*	Nonsense	-1.702771636
4697	EHMT2	R404*	Nonsense	0.0316746739395468
4698	EHMT2	K400K;K401K	Silent;Silent	-0.264096709
4699	EHMT2	R397R	Silent	0.558899189
4700	EHMT2	K398K;A399T	Silent;Missense	-0.879817702
4701	EHMT2	S393F	Missense	0.3918165334137072
4702	EHMT2	G395N	Missense	0.7381726297825244
4703	EHMT2	S394N;G395N	Missense;Missense	-0.093327247
4704	EHMT2		No Mutation	0.4352604728448392
4705	EHMT2	S394N	Missense	-0.989621856
4706	EHMT2		No Mutation	0.4247021013425984
4707	EHMT2	G392D	Missense	-1.03884622
4708	EHMT2	(NC);(NC);(NC)	Intron;Intron;Intron	0.5344724126795423
4709	EHMT2	G392N	Missense	-0.756156393
4710	EHMT2	S391N;G392N	Missense;Missense	0.004954112
4711	EHMT2	(NC);S391N	Splice-acceptor;Missense	-1.738164198
4712	EHMT2	(NC);(NC);(NC);(NC)	Intron;Intron;Intron;Intron	-1.403560545
4713	EHMT2		No Mutation	-1.531256681
4714	EHMT2	S388L	Missense	-3.201762003
4715	EHMT2		No Mutation	-1.159611177
4716	EHMT2	S384L	Missense	-1.946919037
4717	EHMT2		No Mutation	0.4259784441582997
4718	EHMT2		No Mutation	-0.028448858
4719	EHMT2		No Mutation	0.2988556605707479
4720	EHMT2		No Mutation	-3.064098867
4721	EHMT2		No Mutation	-3.726583804
4722	EHMT2		No Mutation	-3.865293951
4723	EHMT2		No Mutation	-2.190389126
4724	EHMT2		No Mutation	-4.588160894
4725	EHMT2		No Mutation	-0.845829082
4726	EHMT2		No Mutation	-4.456718999
4727	EHMT2		No Mutation	-3.838330962
4728	EHMT2		No Mutation	-0.429076103
4729	EHMT2	L355L	Silent	-0.812278004
4730	EHMT2	Q354*;L355L	Nonsense;Silent	-1.291718391
4731	EHMT2	Q354*	Nonsense	0.3300286732479218
4732	EHMT2	A350T	Missense	-0.574374404
4733	EHMT2	A350T	Missense	0.6572786552241499
4734	EHMT2	E347K;V348I	Missense;Missense	-0.267778662
4735	EHMT2	S344S	Silent	-0.759330303
4736	EHMT2	(NC);(NC)	Intron;Intron	0.7858313012571829
4737	EHMT2	R339R	Silent	-0.031397042
4738	EHMT2	E338E;R339H	Silent;Missense	-0.124834917
4739	EHMT2	Y334Y;S335F	Silent;Missense	0.040548141
4740	EHMT2	Y330Y	Silent	-0.241283771
4741	EHMT2	S315S;L316L	Silent;Silent	-0.300406903
4742	EHMT2	E318E;W319*	Silent;Nonsense	-0.65286696
4743	EHMT2	E318K;W319*	Missense;Nonsense	-0.471899071
4744	EHMT2	E317E;E318K	Silent;Missense	-0.467590295
4745	EHMT2	P313P	Silent	0.9116281521842372
4746	EHMT2	P313L	Missense	-0.786652068
4747	EHMT2	D312D;P313S	Silent;Missense	0.6063453471685091
4748	EHMT2		No Mutation	-0.19428091
4749	EHMT2	G314R	Missense	0.2485382048960859
4750	EHMT2		No Mutation	0.3333886433520573
4751	EHMT2	T309M	Missense	1.4578109524518186
4752	EHMT2	L308L;T309M	Silent;Missense	-0.145462008
4753	EHMT2		No Mutation	0.8932533276371444
4754	EHMT2		No Mutation	2.1313872819080086
4755	EHMT2		No Mutation	-0.114495513
4756	EHMT2	V306I	Missense	-0.540500938
4757	EHMT2	V306I	Missense	-0.565914238
4758	EHMT2	S299F	Missense	-0.369276345
4759	EHMT2		No Mutation	1.5170445763566105
4760	EHMT2		No Mutation	1.2347717037288832
4761	EHMT2	(NC);(NC)	Intron;Intron	-0.90895659
4762	EHMT2	G292G;L293L	Silent;Silent	-0.15619779
4763	EHMT2	N288N	Silent	0.502868471
4764	EHMT2	L287L	Silent	-1.065888998
4765	EHMT2		No Mutation	0.2608755054975234
4766	EHMT2	L287L	Silent	1.0312494426644292
4767	EHMT2		No Mutation	0.768838008
4768	EHMT2	(NC)	Intron	-0.450290603
4769	EHMT2	(NC);(NC)	Intron;Intron	0.7584577990753255
4770	EHMT2		No Mutation	-0.890943827
4771	EHMT2		No Mutation	-1.758206543
4772	EHMT2	(NC);(NC);(NC)	Intron;Intron;Intron	0.6695257692979043
4773	EHMT2		No Mutation	0.7319932557947972
4774	EHMT2	L274L	Silent	1.463705611751831
4775	EHMT2	K276K;V277I	Silent;Missense	0.7391661924918598
4776	EHMT2	V271V;H272Y	Silent;Missense	0.4731221700768525
4777	EHMT2		No Mutation	-0.379151492
4778	EHMT2		No Mutation	-0.093307738
4779	EHMT2	V271I	Missense	-1.549333839
4780	EHMT2	R266H	Missense	1.301158941888259
4781	EHMT2		No Mutation	0.5600667185480963
4782	EHMT2		No Mutation	-0.060258712
4783	EHMT2		No Mutation	0.215220357572756
4784	EHMT2	E261K	Missense	-0.474668023
4785	EHMT2	E261K	Missense	-2.327439768
4786	EHMT2	R258Q	Missense	1.2064422910641923
4787	EHMT2	K257K;R258Q	Silent;Missense	0.4317702989015506
4788	EHMT2	K257K;R258Q	Silent;Missense	0.1241632941034108
4789	EHMT2	K257K;R258Q	Silent;Missense	0.6067379515373797
4790	EHMT2	P252L;P253L	Missense;Missense	0.08331248
4791	EHMT2	E256K	Missense	-0.226060367
4792	EHMT2		No Mutation	0.1469460652383473
4793	EHMT2	(NC)	Splice-acceptor	0.3406770433343681
4794	EHMT2	(NC);(NC)	Intron;Intron	0.7876500576965619
4795	EHMT2		No Mutation	0.1552028936613464
4796	EHMT2		No Mutation	0.2729858749482619
4797	EHMT2	Q251*	Nonsense	0.210808622498632
4798	EHMT2	Q251*	Nonsense	-0.087056596
4799	EHMT2	(NC);(NC);(NC)	Splice-donor;Intron;Intron	0.7749863028282604
4800	EHMT2		No Mutation	-0.002475647
4801	EHMT2		No Mutation	-1.151807123
4802	EHMT2	G250E;Q251Q	Missense;Silent	0.7011173974705187
4803	EHMT2	S245S;P247S	Silent;Missense	1.0714804826994069
4804	EHMT2	G248E	Missense	0.3022651769249397
4805	EHMT2	S245F	Missense	-1.205039948
4806	EHMT2	T243I	Missense	-0.176865834
4807	EHMT2	R241H	Missense	-0.348788721
4808	EHMT2	A240T;R241H	Missense;Missense	-0.672905904
4809	EHMT2	K236K;V237I	Silent;Missense	0.6917881543008023
4810	EHMT2	K236K;V237I	Silent;Missense	1.454433652932955
4811	EHMT2	S230S;P231L	Silent;Missense	-0.649609484
4812	EHMT2	G233E;Q234Q	Missense;Silent	-0.636000838
4813	EHMT2	E232E;G233K	Silent;Missense	-1.02161414
4814	EHMT2	E232K	Missense	0.1696955538233616
4815	EHMT2	A227V;T228I	Missense;Missense	1.445595848813016
4816	EHMT2	S230N	Missense	-0.292739144
4817	EHMT2	A227V	Missense	-1.017276449
4818	EHMT2	T229T;S230N	Silent;Missense	-0.366675636
4819	EHMT2	T229T;S230N	Silent;Missense	-0.268265219
4820	EHMT2	T229T;S230N	Silent;Missense	-0.892347921
4821	EHMT2	A220T;G221R	Missense;Missense	0.4634875055796379
4822	EHMT2	A220T	Missense	0.9220165832217996
4823	EHMT2		No Mutation	1.4495388112977576
4824	EHMT2	Q215*	Nonsense	0.2800835374837498
4825	EHMT2	A217T;A218T	Missense;Missense	0.9606090891076392
4826	EHMT2		No Mutation	-0.725478316
4827	EHMT2		No Mutation	-0.102014611
4828	EHMT2	L208L	Silent	2.208005656396166
4829	EHMT2	M206I;R207K	Missense;Missense	0.44964982156841
4830	EHMT2	V201V;Q202*	Silent;Nonsense	-1.150854787
4831	EHMT2	L204L;A205T	Silent;Missense	-1.12825237
4832	EHMT2	S203N	Missense	-0.088704906
4833	EHMT2	P199L	Missense	-0.419550484
4834	EHMT2	G193K	Missense	-1.027735489
4835	EHMT2	S190L	Missense	-0.402301722
4836	EHMT2		No Mutation	-0.671778388
4837	EHMT2	A187A	Silent	-0.897652418
4838	EHMT2	M191I	Missense	-0.172624759
4839	EHMT2	A187V	Missense	-0.942725989
4840	EHMT2	A187V	Missense	0.9088306652631896
4841	EHMT2	M189I	Missense	0.1138575218840661
4842	EHMT2	K188K	Silent	-0.874086918
4843	EHMT2		No Mutation	-0.326997688
4844	EHMT2		No Mutation	-0.301426892
4845	EHMT2	C183Y	Missense	0.7197007656253191
4846	EHMT2	C183Y	Missense	2.6081492020426635
4847	EHMT2		No Mutation	0.072918423
4848	EHMT2	G181D	Missense	-0.406873824
4849	EHMT2	K179K;G180K	Silent;Missense	0.7637275005486402
4850	EHMT2	K179K;G180K	Silent;Missense	-0.310327559
4851	EHMT2	K179K;G180R	Silent;Missense	-0.295547895
4852	EHMT2	S175F;S176F	Missense;Missense	-0.675714483
4853	EHMT2	P174P;S175F	Silent;Missense	-0.692515996
4854	EHMT2	P174L;S175F	Missense;Missense	-1.470842202
4855	EHMT2	P174F;S175F	Missense;Missense	0.880989547
4856	EHMT2	F173F;P174F	Silent;Missense	0.987821397
4857	EHMT2		No Mutation	-0.172704746
4858	EHMT2		No Mutation	0.1216258272504442
4859	EHMT2	A169T	Missense	-0.465181247
4860	EHMT2		No Mutation	-0.333741053
4861	EHMT2	(NC)	Intron	-0.454636625
4862	EHMT2	(NC)	Intron	0.6064306122009793
4863	EHMT2		No Mutation	1.4685203836273355
4864	EHMT2		No Mutation	-0.037759471
4865	EHMT2		No Mutation	-0.596602895
4866	EHMT2	(NC);(NC);(NC)	Intron;Intron;Intron	1.84783678592994
4867	EHMT2	L165L;L166L	Silent;Silent	-1.231388866
4868	EHMT2	I164I;L165L;L166L	Silent;Silent;Silent	-0.149561294
4869	EHMT2	(NC);(NC)	Intron;Intron	-0.503154857
4870	EHMT2	I164I	Silent	0.4340601083835013
4871	EHMT2	L165L	Silent	-0.225130676
4872	EHMT2		No Mutation	0.7675679032063036
4873	EHMT2		No Mutation	1.0798069277499494
4874	EHMT2	R163R	Silent	-0.735131808
4875	EHMT2	D158D	Silent	-0.035038078
4876	EHMT2		No Mutation	-1.011468644
4877	EHMT2		No Mutation	-0.0939511
4878	EHMT2		No Mutation	0.5586434022679603
4879	EHMT2		No Mutation	1.7355640672739705
4880	EHMT2	L153F	Missense	0.002103463
4881	EHMT2		No Mutation	-0.567038962
4882	EHMT2		No Mutation	-0.030731821
4883	EHMT2	S150F	Missense	1.249456330927412
4884	EHMT2		No Mutation	0.3791257431728296
4885	EHMT2	E149K	Missense	1.2180798227654923
4886	EHMT2	A142V	Missense	0.2843752084413239
4887	EHMT2	A142V	Missense	-0.236979017
4888	EHMT2	A142V	Missense	0.3954242785489205
4889	EHMT2		No Mutation	-0.544212479
4890	EHMT2		No Mutation	1.3574514597862142
4891	EHMT2		No Mutation	0.2094529312268963
4892	EHMT2	A136V	Missense	-0.161834712
4893	EHMT2	A136V	Missense	0.8567204209960988
4894	EHMT2	A136V	Missense	-0.478061986
4895	EHMT2	V129V;T130I	Silent;Missense	0.3239455731585978
4896	EHMT2	V129V;T130I	Silent;Missense	0.052635173
4897	EHMT2	V129V;T130I	Silent;Missense	0.3579306085936018
4898	EHMT2	V129V	Silent	-1.627097507
4899	EHMT2	V131I	Missense	-1.168564362
4900	EHMT2	S126F	Missense	-0.705257349
4901	EHMT2	V129I	Missense	1.0734120705397772
4902	EHMT2	V127I	Missense	1.12497694916727
4903	EHMT2	V127I	Missense	0.011456784
4904	EHMT2	V127I	Missense	1.0688016174635606
4905	EHMT2		No Mutation	0.4654127496525148
4906	EHMT2		No Mutation	1.5273912260309657
4907	EHMT2	G120D	Missense	-1.42368226
4908	EHMT2	A119T	Missense	0.6636394179254038
4909	EHMT2	A119T	Missense	0.6390906051759819
4910	EHMT2	E117E;A119T	Silent;Missense	-0.377404018
4911	EHMT2	E117E	Silent	-1.455698842
4912	EHMT2	D114D;S115F	Silent;Missense	0.6135198885070435
4913	EHMT2	L116L;E117K	Silent;Missense	-0.639800387
4914	EHMT2		No Mutation	0.6224297353841012
4915	EHMT2	D114N	Missense	0.089696683
4916	EHMT2	A111V	Missense	-0.667712041
4917	EHMT2	D114N	Missense	0.5120867274941392
4918	EHMT2		No Mutation	0.0260544605418665
4919	EHMT2		No Mutation	0.090418258
4920	EHMT2		No Mutation	0.2591748955461761
4921	EHMT2		No Mutation	0.2095380804532716
4922	EHMT2		No Mutation	-0.966520611
4923	EHMT2	H95Y	Missense	0.1199973394994438
4924	EHMT2	(NC)	Intron	-1.101741365
4925	EHMT2	G96D	Missense	-0.150052806
4926	EHMT2	(NC)	Intron	0.9000045782916242
4927	EHMT2	(NC)	Intron	0.1071360873868948
4928	EHMT2	(NC);(NC)	Intron;Intron	-0.764393701
4929	EHMT2		No Mutation	0.5441969099034092
4930	EHMT2		No Mutation	-0.742069936
4931	EHMT2	(NC);(NC)	Intron;Intron	-0.417303977
4932	EHMT2	(NC);(NC)	Intron;Intron	-0.699542703
4933	EHMT2	E92E;R93K	Silent;Missense	-0.852798778
4934	EHMT2		No Mutation	-1.06399017
4935	EHMT2	L83L	Silent	-0.643336725
4936	EHMT2	A80V;L81L	Missense;Silent	-0.334004249
4937	EHMT2		No Mutation	-0.405433714
4938	EHMT2	A80A;L81L	Silent;Silent	-0.624880058
4939	EHMT2	A80T	Missense	0.3971039214380352
4940	EHMT2	G79G;A80T	Silent;Missense	-0.531017298
4941	EHMT2	G79E;A80T	Missense;Missense	-0.2011061
4942	EHMT2	A74V;P75S	Missense;Missense	0.4904479859865537
4943	EHMT2	A74V	Missense	0.3915146722545123
4944	EHMT2	A74V	Missense	1.0356909858138064
4945	EHMT2		No Mutation	0.4172284665749743
4946	EHMT2	A76T	Missense	0.002540679
4947	EHMT2		No Mutation	0.815057569
4948	EHMT2	A74T	Missense	-0.075575595
4949	EHMT2	E73E;A74T	Silent;Missense	-0.504157812
4950	EHMT2	Q71Q;G72K	Silent;Missense	-0.646616838
4951	EHMT2	L68F;P69S	Missense;Missense	-0.148168741
4952	EHMT2	Q71Q;G72R	Silent;Missense	-0.028413976
4953	EHMT2	L68F	Missense	-1.365753002
4954	EHMT2	P66L	Missense	-1.672608921
4955	EHMT2	P66F	Missense	-1.205747867
4956	EHMT2		No Mutation	-0.396681036
4957	EHMT2	V65V;P66F	Silent;Missense	-1.808663401
4958	EHMT2		No Mutation	-0.301076493
4959	EHMT2		No Mutation	-0.917833639
4960	EHMT2	C67Y	Missense	-1.087474834
4961	EHMT2	G59G;L60L	Silent;Silent	-0.324353407
4962	EHMT2	G59E;L60L	Missense;Silent	-0.04795609
4963	EHMT2	G59K	Missense	0.93500291851719
4964	EHMT2	G59K	Missense	-0.602997084
4965	EHMT2	G59K	Missense	-0.492869494
4966	EHMT2	T53I;P54F	Missense;Missense	0.1586756558202087
4967	EHMT2		No Mutation	1.1685788343171184
4968	EHMT2	T53I;P54F	Missense;Missense	-0.914895729
4969	EHMT2		No Mutation	0.0377327689687542
4970	EHMT2		No Mutation	2.5074454914960578
4971	EHMT2	W52*	Nonsense	0.5364085132163043
4972	EHMT2	W52*	Nonsense	0.0292077123703701
4973	EHMT2	P46L	Missense	-2.204626891
4974	EHMT2	L43L;S44F;L45F	Silent;Missense;Missense	-1.301852816
4975	EHMT2	R47K;A48T	Missense;Missense	-0.812810493
4976	EHMT2	S41S;L42L;L43F	Silent;Silent;Missense	0.2652555836130882
4977	EHMT2		No Mutation	-1.557350839
4978	EHMT2	S41S;L42L	Silent;Silent	-0.147967177
4979	EHMT2		No Mutation	0.5418450745798338
4980	EHMT2		No Mutation	0.3506969377489071
4981	EHMT2	R38K	Missense	0.3775779914669991
4982	EHMT2		No Mutation	0.2700329311394833
4983	EHMT2	G37D;R38K	Missense;Missense	0.7779370833489931
4984	EHMT2	G37N;R38K	Missense;Missense	1.1366013287596095
4985	EHMT2	P32L;H33Y	Missense;Missense	-0.643587239
4986	EHMT2	P32F	Missense	0.0127078038318382
4987	EHMT2		No Mutation	-1.091527025
4988	EHMT2	G31G	Silent	0.051789272
4989	EHMT2	R29R;G30K;G31R	Silent;Missense;Missense	0.4500312362602597
4990	EHMT2	G26G	Silent	-1.02756181
4991	EHMT2	R25*	Nonsense	-0.323730632
4992	EHMT2	S24S;R25*	Silent;Nonsense	-0.347920284
4993	EHMT2	S24S;R25*	Silent;Nonsense	-1.647636925
4994	EHMT2	S24S;R25*	Silent;Nonsense	-0.885544725
4995	EHMT2	R27H;G28K	Missense;Missense	0.5892906133882401
4996	EHMT2	G23G;S24S;R25*	Silent;Silent;Nonsense	0.2468348157020321
4997	EHMT2	G23G;S24S	Silent;Silent	1.1965169088256835
4998	EHMT2	G26N;R27H	Missense;Missense	0.6098273237888582
4999	EHMT2	G26N	Missense	-0.050915649
5000	EHMT2	R25Q;G26N	Missense;Missense	0.7328274927941724
5001	EHMT2	P22L	Missense	0.6558760305949418
5002	EHMT2	A20V;P21F	Missense;Missense	2.978906134873998
5003	EHMT2	R18C	Missense	0.8928107733298885
5004	EHMT2	R18C	Missense	0.4666629562689495
5005	EHMT2	A19T;A20T	Missense;Missense	0.09725298
5006	EHMT2	R18H;A19T	Missense;Missense	-0.482337894
5007	EHMT2	A13A;R14W	Silent;Missense	-1.069940209
5008	EHMT2	R12W	Missense	0.084774235
5009	EHMT2	R12W	Missense	0.2151928077981735
5010	EHMT2		No Mutation	-0.163631439
5011	EHMT2		No Mutation	-0.108811393
5012	EHMT2		No Mutation	-0.695687348
5013	EHMT2		No Mutation	-0.798666184
5014	EHMT2		No Mutation	0.3915992115789203
5015	EHMT2	L10L	Silent	0.3406602078216376
5016	EHMT2		No Mutation	1.7891351683290226
5017	EHMT2		No Mutation	0.7271465219856041
5018	EHMT2	L4L	Silent	0.2418524083038506
5019	EHMT2	L4L	Silent	0.2272439794265707
5020	EHMT2	L4L	Silent	1.3147719255460184
5021	EHMT2		No Mutation	-1.134594481
5022	EHMT2	R2W	Missense	0.8071613278717874
5023	EHMT2	R2W	Missense	-0.485355007
5024	EHMT2		No Mutation	1.391674732694045
5025	EHMT2		No Mutation	-0.220918966
5026	EHMT2	G3D	Missense	-1.008061095
5027	EHMT2	(NC);(NC)	Flank;Flank	0.3972097367225763
5028	EHMT2	(NC);(NC)	Flank;Flank	-0.207359034
5029	EHMT2	(NC)	Flank	-0.082282321
5030	EHMT2	(NC)	Flank	1.372956319831439
5031	EHMT2	(NC);(NC)	Flank;Flank	-0.904882052
5032	EHMT2	(NC);(NC)	Flank;Flank	-1.154731949
5033	SUV39H1	(NC)	UTR	-0.061265335
5034	SUV39H1	(NC)	UTR	1.344170741
5035	SUV39H1	(NC);(NC)	UTR;UTR	0.008618976
5036	SUV39H1	(NC)	UTR	-1.023020249
5037	SUV39H1	S5N;R6H	Missense;Missense	-0.826019943
5038	SUV39H1	R6R;L7L	Silent;Silent	0.9340703490427932
5039	SUV39H1	L12L;A13T	Silent;Missense	0.2895930809312959
5040	SUV39H1	L12L;A13V	Silent;Missense	0.5867572714265963
5041	SUV39H1	A13V	Missense	0.9226395328888766
5042	SUV39H1	D14D;P15L;L16L	Silent;Missense;Silent	0.5086055233489039
5043	SUV39H1	L16L	Silent	-0.411869681
5044	SUV39H1	(NC);(NC);(NC)	Intron;Intron;Intron	-0.436146027
5045	SUV39H1	(NC);(NC);(NC)	Intron;Intron;Intron	-0.063559178
5046	SUV39H1	(NC);(NC)	Intron;Intron	-0.921448999
5047	SUV39H1	G18D;C19Y	Missense;Missense	0.022197357
5048	SUV39H1	C19Y	Missense	1.2655266323421488
5049	SUV39H1	C19Y;S20N	Missense;Missense	-0.099789108
5050	SUV39H1	C22Y;C23Y	Missense;Missense	-0.780308373
5051	SUV39H1		No Mutation	0.7562065959430759
5052	SUV39H1	S26F	Missense	0.6398598147363517
5053	SUV39H1	Q31*	Nonsense	1.791719480425615
5054	SUV39H1	K38K	Silent	0.6097252195067013
5055	SUV39H1		No Mutation	0.07152018
5056	SUV39H1	C41Y	Missense	0.2139189481831844
5057	SUV39H1	L39F;S40F	Missense;Missense	0.3133224014933436
5058	SUV39H1	A43T	Missense	0.1211406991425091
5059	SUV39H1	G45D	Missense	0.8940504084065668
5060	SUV39H1	A43V;L44F	Missense;Missense	-0.170661045
5061	SUV39H1		No Mutation	0.4921050900478803
5062	SUV39H1		No Mutation	0.9072125031413758
5063	SUV39H1	K48K;R49K	Silent;Missense	0.2529449825094843
5064	SUV39H1	K48K;R49K	Silent;Missense	0.1577480596644189
5065	SUV39H1	V56I;E57K	Missense;Missense	1.6567417611559223
5066	SUV39H1	K63K;K64K	Silent;Silent	-1.103632754
5067	SUV39H1		No Mutation	0.6815846396921394
5068	SUV39H1		No Mutation	-0.067555469
5069	SUV39H1	I65I	Silent	-0.706767188
5070	SUV39H1	(NC);(NC)	Intron;Intron	-0.520895038
5071	SUV39H1	(NC)	Intron	-0.089096996
5072	SUV39H1		No Mutation	1.0178208258735155
5073	SUV39H1	(NC);(NC);(NC)	Intron;Intron;Intron	-0.52517019
5074	SUV39H1		No Mutation	0.5453577404608396
5075	SUV39H1		No Mutation	-0.636812153
5076	SUV39H1	(NC)	Splice-acceptor	-0.718503927
5077	SUV39H1	(NC);(NC);(NC);(NC)	Intron;Intron;Intron;Intron	0.5596709049791191
5078	SUV39H1	(NC);E67K	Splice-acceptor;Missense	-0.020131055
5079	SUV39H1	(NC);E67K	Splice-acceptor;Missense	0.6902516103457148
5080	SUV39H1	Q68Q	Silent	-1.042359192
5081	SUV39H1	Q68Q;E69K	Silent;Missense	1.0711882901933885
5082	SUV39H1	Q68Q;E69K	Silent;Missense	-0.080630136
5083	SUV39H1	E69K	Missense	-0.751025388
5084	SUV39H1		No Mutation	0.8085081769784207
5085	SUV39H1	Q68*	Nonsense	1.8000260789958022
5086	SUV39H1		No Mutation	-0.557437259
5087	SUV39H1		No Mutation	0.1504740101670172
5088	SUV39H1	Y71Y;L72L	Silent;Silent	-0.584591476
5089	SUV39H1	G77K	Missense	0.6445736157584774
5090	SUV39H1	P79L;D80D	Missense;Silent	-1.981454355
5091	SUV39H1	D80D	Silent	-0.816129388
5092	SUV39H1	W85*	Nonsense	0.6354537889895582
5093	SUV39H1	S83S	Silent	0.4170248754959978
5094	SUV39H1	Q89Q	Silent	0.4643898305491366
5095	SUV39H1	K92K;C93Y	Silent;Missense	0.4006655108429354
5096	SUV39H1	I96I;L97F	Silent;Missense	-0.501302053
5097	SUV39H1	K102K;D103N	Silent;Missense	0.9830517514977822
5098	SUV39H1	F100F;H101Y	Silent;Missense	-0.916063458
5099	SUV39H1	F100F;H101Y	Silent;Missense	0.7460516620375457
5100	SUV39H1	R106K;E107K	Missense;Missense	-0.899989656
5101	SUV39H1		No Mutation	-1.171529099
5102	SUV39H1		No Mutation	-0.313482384
5103	SUV39H1	L109F	Missense	-0.70105455
5104	SUV39H1	R114R	Silent	0.2833165868076842
5105	SUV39H1	H113H;R114W	Silent;Missense	2.127886473488066
5106	SUV39H1		No Mutation	0.9240184846160484
5107	SUV39H1		No Mutation	1.099624703742962
5108	SUV39H1	R119Q	Missense	0.5342316488375141
5109	SUV39H1		No Mutation	-0.562766286
5110	SUV39H1	H120Y;L121L	Missense;Silent	0.9026277036995124
5111	SUV39H1		No Mutation	1.101147063563228
5112	SUV39H1	S124N	Missense	1.2765020226180257
5113	SUV39H1	S124N	Missense	-1.308318113
5114	SUV39H1	S124N	Missense	0.9692797137408774
5115	SUV39H1	L125L;A126T	Silent;Missense	-0.58606072
5116	SUV39H1	S124S	Silent	0.3839312141685265
5117	SUV39H1		No Mutation	-0.547984088
5118	SUV39H1		No Mutation	0.7084706645990089
5119	SUV39H1	A126A;N127N	Silent;Silent	-0.723344068
5120	SUV39H1	Q131Q;K132K	Silent;Silent	0.2152776515094431
5121	SUV39H1	Q131*	Nonsense	-0.481164708
5122	SUV39H1	K134K	Silent	-0.524861745
5123	SUV39H1		No Mutation	0.5276308422491114
5124	SUV39H1		No Mutation	0.96103295
5125	SUV39H1	A138A	Silent	-0.502914051
5126	SUV39H1	R137W	Missense	0.9068955202789096
5127	SUV39H1	R137W	Missense	1.366624012760767
5128	SUV39H1	L139F;R140C	Missense;Missense	-0.751902738
5129	SUV39H1	Q144Q;E145K	Silent;Missense	-0.278321731
5130	SUV39H1	A148V	Missense	-0.731808138
5131	SUV39H1	A148V	Missense	-0.601825649
5132	SUV39H1	L153L;G154K	Silent;Missense	0.7845118769623407
5133	SUV39H1	V158I	Missense	-0.721542115
5134	SUV39H1	R155R;I156I	Silent;Silent	0.2739171201011446
5135	SUV39H1	I156I;T157I	Silent;Missense	0.9687978623500866
5136	SUV39H1		No Mutation	-1.079182814
5137	SUV39H1		No Mutation	-0.44782075
5138	SUV39H1	D163D;L164L	Silent;Silent	0.36674834823329
5139	SUV39H1	D163D;L164L	Silent;Silent	1.156058172762425
5140	SUV39H1	P168P;R169Q;A170T	Silent;Missense;Missense	0.7643103758372796
5141	SUV39H1	V172I	Missense	0.3957051783130973
5142	SUV39H1	V172I	Missense	0.087459211
5143	SUV39H1		No Mutation	0.1975985641797704
5144	SUV39H1	E176K	Missense	1.196022024672979
5145	SUV39H1	I174I	Silent	0.0207660748858228
5146	SUV39H1		No Mutation	0.4800578468533438
5147	SUV39H1		No Mutation	-0.978047812
5148	SUV39H1		No Mutation	-0.815980146
5149	SUV39H1	G182G	Silent	0.7261280975157421
5150	SUV39H1	G182G;I183I	Silent;Silent	-0.599426275
5151	SUV39H1	T184T;L185F	Silent;Missense	0.4143184795704584
5152	SUV39H1	L185F	Missense	0.074336351
5153	SUV39H1	V190I	Missense	-0.440941176
5154	SUV39H1	V190I;G191S	Missense;Missense	-0.420203372
5155	SUV39H1	C192Y;E193K	Missense;Missense	-0.205848873
5156	SUV39H1		No Mutation	1.9121138571692216
5157	SUV39H1	C194C	Silent	1.2456773195908977
5158	SUV39H1	C194C;Q195*	Silent;Nonsense	-0.580658259
5159	SUV39H1	W199*;A200T	Nonsense;Missense	1.370018628580521
5160	SUV39H1	L198L	Silent	1.0230894014124532
5161	SUV39H1	L198L	Silent	-1.237187446
5162	SUV39H1	P201P;T202I	Silent;Missense	-1.250074005
5163	SUV39H1	T202I	Missense	0.6457726152694706
5164	SUV39H1	T202I	Missense	-0.390589401
5165	SUV39H1		No Mutation	-1.617752341
5166	SUV39H1	C206Y	Missense	0.857826118
5167	SUV39H1	C206Y;P207P	Missense;Silent	0.2965717795967111
5168	SUV39H1	L211L	Silent	-1.209844447
5169	SUV39H1		No Mutation	0.5584878543460764
5170	SUV39H1		No Mutation	-0.644790567
5171	SUV39H1	A215V	Missense	0.6432022596213887
5172	SUV39H1	A215A;Y216Y	Silent;Silent	0.3852501210049092
5173	SUV39H1	D218D	Silent	0.3850395892428779
5174	SUV39H1	G220D;Q221Q	Missense;Silent	-1.267976876
5175	SUV39H1	R223R	Silent	0.7379471286167445
5176	SUV39H1	Q221*	Nonsense	-1.547392448
5177	SUV39H1		No Mutation	0.4821746446493444
5178	SUV39H1	A226T;G227R	Missense;Missense	2.100676571855641
5179	SUV39H1	E232K	Missense	0.6730222035859529
5180	SUV39H1		No Mutation	1.1329495020220652
5181	SUV39H1		No Mutation	0.0272358636641916
5182	SUV39H1	N234N;S235F	Silent;Missense	-1.80751711
5183	SUV39H1	G240D	Missense	-0.938189508
5184	SUV39H1	D242N	Missense	0.250870150224427
5185	SUV39H1	C243Y	Missense	0.152512449
5186	SUV39H1	D242D	Silent	-0.332752348
5187	SUV39H1	R246C	Missense	-0.438707032
5188	SUV39H1	R246C	Missense	0.050969056365091
5189	SUV39H1	Q249Q	Silent	0.3023138208607926
5190	SUV39H1	Q249Q	Silent	1.1884220683840674
5191	SUV39H1		No Mutation	0.8911060217390412
5192	SUV39H1	D255D;L256F	Silent;Missense	-0.148205353
5193	SUV39H1	T261T;D262N	Silent;Missense	-0.899676589
5194	SUV39H1	I258I	Silent	-0.050557092
5195	SUV39H1	I258I;F259F	Silent;Silent	-0.9799262
5196	SUV39H1	R260C;T261M	Missense;Missense	1.3272361393981882
5197	SUV39H1	T261M	Missense	2.043123133268185
5198	SUV39H1		No Mutation	0.4635264287494371
5199	SUV39H1	G264G;R265H;G266S	Silent;Missense;Missense	0.374756938531892
5200	SUV39H1		No Mutation	-0.091882117
5201	SUV39H1	G266G	Silent	-0.555803988
5202	SUV39H1	K274K	Silent	0.8378527397648494
5203	SUV39H1	R276H;K277K	Missense;Silent	-0.160471808
5204	SUV39H1	K277K	Silent	0.6792775074676196
5205	SUV39H1	R276R	Silent	-1.476966036
5206	SUV39H1	S279S;F280F	Silent;Silent	0.1440360740448345
5207	SUV39H1	F280F	Silent	-1.005313055
5208	SUV39H1	V281V	Silent	-0.435375153
5209	SUV39H1		No Mutation	-0.843098946
5210	SUV39H1	Y284Y	Silent	-0.565464476
5211	SUV39H1		No Mutation	2.188486759754735
5212	SUV39H1		No Mutation	-0.250169263
5213	SUV39H1		No Mutation	1.3736416301022438
5214	SUV39H1		No Mutation	-0.717564749
5215	SUV39H1		No Mutation	-0.478515879
5216	SUV39H1		No Mutation	-1.07550341
5217	SUV39H1	(NC)	Splice-acceptor	-0.296535391
5218	SUV39H1	(NC)	Splice-acceptor	0.8736880986701192
5219	SUV39H1		No Mutation	0.1465057443359855
5220	SUV39H1		No Mutation	0.2445530686085593
5221	SUV39H1	(NC)	Intron	0.3536718310390364
5222	SUV39H1	I288I	Silent	-0.226224942
5223	SUV39H1	E292K	Missense	0.8100593097620756
5224	SUV39H1	E292K	Missense	-1.43365069
5225	SUV39H1	T290I;S291L	Missense;Missense	1.700448807255827
5226	SUV39H1	S291L	Missense	1.4763794564892023
5227	SUV39H1		No Mutation	0.9227519256624308
5228	SUV39H1		No Mutation	1.0239933090222109
5229	SUV39H1	E295E;R296Q	Silent;Missense	0.6899086442904954
5230	SUV39H1	G298G;Q299*	Silent;Nonsense	1.2833247459437256
5231	SUV39H1	Q299*	Nonsense	-0.496616367
5232	SUV39H1	Q304Q;G305S	Silent;Missense	0.9037447716525736
5233	SUV39H1		No Mutation	-1.209258557
5234	SUV39H1	A306A;T307I	Silent;Missense	-0.997864165
5235	SUV39H1	L312L	Silent	2.3742337668385627
5236	SUV39H1	L312L;D313N	Silent;Missense	0.1563794306550681
5237	SUV39H1	L309L	Silent	0.2311321149277505
5238	SUV39H1	D311D;L312L	Silent;Silent	-0.373249036
5239	SUV39H1	V315M	Missense	-0.631211951
5240	SUV39H1	E316E;D317N;V318M	Silent;Missense;Missense	0.1839905256292401
5241	SUV39H1		No Mutation	-0.00811116
5242	SUV39H1		No Mutation	0.8500603315252167
5243	SUV39H1		No Mutation	1.003971458248432
5244	SUV39H1		No Mutation	-0.792175181
5245	SUV39H1		No Mutation	0.0515045717056258
5246	SUV39H1	H331H	Silent	-0.420919205
5247	SUV39H1		No Mutation	-1.428089421
5248	SUV39H1	S336N	Missense	0.645848917
5249	SUV39H1	S336N;(NC)	Missense;Splice-donor	-0.48957588
5250	SUV39H1	H335Y	Missense	2.0163739934458933
5251	SUV39H1		No Mutation	0.5119049034158814
5252	SUV39H1	(NC)	Intron	0.4994585224450484
5253	SUV39H1		No Mutation	0.2138997731668397
5254	SUV39H1		No Mutation	1.504915202272496
5255	SUV39H1	(NC)	Intron	0.5665718199076523
5256	SUV39H1	(NC)	Intron	3.488043313150267
5257	SUV39H1		No Mutation	-1.109473486
5258	SUV39H1	L341L	Silent	-0.212993373
5259	SUV39H1	L341L	Silent	0.2834353080250547
5260	SUV39H1	V343V	Silent	-1.204890871
5261	SUV39H1		No Mutation	0.3765507983767271
5262	SUV39H1		No Mutation	0.692125786
5263	SUV39H1	V346I	Missense	-0.141641926
5264	SUV39H1	D349D	Silent	0.0523573016748043
5265	SUV39H1	L355L	Silent	0.9428346630161116
5266	SUV39H1	A362T	Missense	0.2266171448155275
5267	SUV39H1	A362T	Missense	0.1704001289941341
5268	SUV39H1	A362T	Missense	-1.084697745
5269	SUV39H1	A362V	Missense	-0.312689502
5270	SUV39H1	A362V	Missense	0.4581793972467021
5271	SUV39H1	T363I	Missense	-0.12199566
5272	SUV39H1	R367Q;A368T	Missense;Missense	-1.098353698
5273	SUV39H1	T365I	Missense	1.1243919822693953
5274	SUV39H1	E370E;E371K	Silent;Missense	1.7438237380971062
5275	SUV39H1	E371E	Silent	-0.236973812
5276	SUV39H1		No Mutation	-0.487214586
5277	SUV39H1		No Mutation	-0.844420016
5278	SUV39H1	Y376Y	Silent	1.676674861082966
5279	SUV39H1	M378I	Missense	-0.533806929
5280	SUV39H1	Y376Y	Silent	-0.211408916
5281	SUV39H1	Y376Y	Silent	-0.359722532
5282	SUV39H1	N377N	Silent	-0.200139494
5283	SUV39H1	Q379*	Nonsense	0.8721121951593884
5284	SUV39H1	Q379*	Nonsense	-1.001951909
5285	SUV39H1		No Mutation	-0.041940297
5286	SUV39H1		No Mutation	-0.133822236
5287	SUV39H1		No Mutation	1.3784033645317246
5288	SUV39H1		No Mutation	0.8011310053590288
5289	SUV39H1	(NC)	Intron	-1.269156035
5290	SUV39H1		No Mutation	-0.681476766
5291	SUV39H1	(NC)	Splice-acceptor	-1.579625665
5292	SUV39H1	(NC)	Splice-acceptor	0.4166770102009747
5293	SUV39H1	(NC);(NC);(NC)	Intron;Intron;Intron	2.104696517830908
5294	SUV39H1		No Mutation	-0.873872826
5295	SUV39H1	V383V;D384N	Silent;Missense	0.4042219982197798
5296	SUV39H1	E386E;S387N	Silent;Missense	-0.307517715
5297	SUV39H1	S387N	Missense	-0.070922765
5298	SUV39H1	S387N	Missense	-0.969416206
5299	SUV39H1	D384D	Silent	-0.805342392
5300	SUV39H1	R389C	Missense	1.1999418292286168
5301	SUV39H1		No Mutation	0.791095677
5302	SUV39H1	D391D	Silent	1.4940920645850546
5303	SUV39H1	G395S	Missense	-0.23614266
5304	SUV39H1	S392F	Missense	-0.19850566
5305	SUV39H1	S392F;N393N	Missense;Silent	0.0245916115498444
5306	SUV39H1	G398K	Missense	0.5461900933746342
5307	SUV39H1	G395G;L396L	Silent;Silent	0.9359070562579884
5308	SUV39H1	G401N	Missense	-0.309900584
5309	SUV39H1	P400L;G401G	Missense;Silent	0.3974688129903977
5310	SUV39H1	G401G	Silent	0.2147021355660876
5311	SUV39H1	K404K;K405K	Silent;Silent	-0.857001683
5312	SUV39H1	K405K;R406Q	Silent;Missense	0.4859818849409428
5313	SUV39H1	R408H	Missense	0.5781560150608841
5314	SUV39H1	R408H	Missense	-0.224323563
5315	SUV39H1	R408H	Missense	0.2785053454269788
5316	SUV39H1	R408C	Missense	0.1924922436598751
5317	SUV39H1		No Mutation	0.1215567505318202
5318	SUV39H1	K412K;C413Y;G414R	Silent;Missense;Missense	1.819148509
5319	SUV39H1		No Mutation	0.6802219628348526
5320	SUV39H1	*424*	Silent	-0.081649166
5321	SUV39H1	(NC);(NC)	UTR;UTR	1.0285434309828492
5322	SUV39H1	(NC);(NC)	UTR;UTR	-1.489845759
5323	SUV39H1	(NC);(NC)	UTR;UTR	0.1482235032638035
5324	SUV39H1	(NC);(NC)	UTR;UTR	0.8351836767777514
5325	SUV39H2	(NC)	UTR	1.8520812923064065
5326	SUV39H2		No Mutation	0.2716812618354809
5327	SUV39H2	(NC)	UTR	0.3631765741096348
5328	SUV39H2	(NC);(NC)	UTR;UTR	2.323537811
5329	SUV39H2	(NC)	UTR	0.2193531755217493
5330	SUV39H2	(NC)	UTR	0.4382847443292354
5331	SUV39H2	(NC)	UTR	-0.176468301
5332	SUV39H2	A2V	Missense	-1.174634619
5333	SUV39H2	V4V	Silent	1.144886920930953
5334	SUV39H2	A6V	Missense	-1.500599018
5335	SUV39H2	A6A	Silent	-0.051495768
5336	SUV39H2	A8V;R9*	Missense;Nonsense	1.9826398970511936
5337	SUV39H2	(NC);(NC);(NC)	Splice-donor;Intron;Intron	-0.49932357
5338	SUV39H2		No Mutation	0.7888912327771391
5339	SUV39H2	D21N	Missense	0.8357202385600068
5340	SUV39H2	S19L;L20F	Missense;Missense	-0.316570286
5341	SUV39H2		No Mutation	1.1633616133518676
5342	SUV39H2	L32F;T33I	Missense;Missense	-0.612928169
5343	SUV39H2	S36L	Missense	-1.031492307
5344	SUV39H2		No Mutation	-1.548274775
5345	SUV39H2	L44L	Silent	-0.348450456
5346	SUV39H2	L44L	Silent	1.0530052378483985
5347	SUV39H2	Y51Y	Silent	-0.611848195
5348	SUV39H2	D54D	Silent	0.3151800437743907
5349	SUV39H2	Y55Y	Silent	-0.538005282
5350	SUV39H2		No Mutation	1.0976854548944703
5351	SUV39H2	L65F	Missense	-0.701898657
5352	SUV39H2		No Mutation	-0.355171017
5353	SUV39H2	P72L	Missense	0.4484424716881102
5354	SUV39H2		No Mutation	1.354087148731571
5355	SUV39H2	W78*	Nonsense	1.923994849980245
5356	SUV39H2	Q91Q	Silent	1.3219424615071698
5357	SUV39H2		No Mutation	0.2248864317519291
5358	SUV39H2	H98Y	Missense	0.7814303620945687
5359	SUV39H2	S102F	Missense	-0.289106699
5360	SUV39H2		No Mutation	-0.895056112
5361	SUV39H2	V128I	Missense	0.2468645878947639
5362	SUV39H2		No Mutation	0.3259325686003489
5363	SUV39H2		No Mutation	-0.662747149
5364	SUV39H2		No Mutation	0.394798442
5365	SUV39H2		No Mutation	0.93616821
5366	SUV39H2		No Mutation	0.2794527570598291
5367	SUV39H2	T159I	Missense	2.6616681846770045
5368	SUV39H2		No Mutation	0.3588020636322191
5369	SUV39H2		No Mutation	-0.206660552
5370	SUV39H2		No Mutation	-0.057468871
5371	SUV39H2		No Mutation	0.256129797
5372	SUV39H2	S182N	Missense	-0.134929783
5373	SUV39H2	V184I	Missense	-0.428313353
5374	SUV39H2	V184V	Silent	0.448412592236835
5375	SUV39H2	C193Y	Missense	-0.551907559
5376	SUV39H2		No Mutation	-0.046751195
5377	SUV39H2		No Mutation	-0.524775648
5378	SUV39H2	V208I	Missense	1.128479247039594
5379	SUV39H2	Q217*	Nonsense	0.9913824872870454
5380	SUV39H2		No Mutation	0.478580316
5381	SUV39H2		No Mutation	-0.55064434
5382	SUV39H2	E228K	Missense	1.2375550130343829
5383	SUV39H2	I226I	Silent	-0.746305228
5384	SUV39H2		No Mutation	0.4813267720491098
5385	SUV39H2		No Mutation	-0.034781967
5386	SUV39H2	N230N;S231L	Silent;Missense	0.6073078784459203
5387	SUV39H2	P237F	Missense	1.1310170334628282
5388	SUV39H2	R242K	Missense	-0.543748481
5389	SUV39H2		No Mutation	-1.158422336
5390	SUV39H2	I254I	Silent	-0.208599478
5391	SUV39H2	R256*;T257I	Nonsense;Missense	-1.532614427
5392	SUV39H2	T257I;S258S	Missense;Silent	0.8340566229566196
5393	SUV39H2	S258S	Silent	-0.785618876
5394	SUV39H2	S258S	Silent	0.6247039198414402
5395	SUV39H2	V277V	Silent	-0.330456472
5396	SUV39H2		No Mutation	0.7103512985164464
5397	SUV39H2	Q295*	Nonsense	2.1413296489293225
5398	SUV39H2	Q295*	Nonsense	0.559623843
5399	SUV39H2	I302I;T303M	Silent;Missense	-1.501037949
5400	SUV39H2	S312F	Missense	1.2545430974493432
5401	SUV39H2		No Mutation	-0.218839091
5402	SUV39H2		No Mutation	-0.410069503
5403	SUV39H2		No Mutation	0.6918070813928678
5404	SUV39H2		No Mutation	0.5180491003880049
5405	SUV39H2	V339V	Silent	-0.004760798
5406	SUV39H2		No Mutation	1.1068313069780094
5407	SUV39H2		No Mutation	-1.68400616
5408	SUV39H2		No Mutation	0.9227421422516282
5409	SUV39H2		No Mutation	0.7561524530156559
5410	SUV39H2		No Mutation	0.736229617
5411	SUV39H2	T359I	Missense	0.2539855704389301
5412	SUV39H2	A364T	Missense	1.401889588422059
5413	SUV39H2	E367K	Missense	-0.00721825
5414	SUV39H2	H387H;S388S	Silent;Silent	1.46370409956112
5415	SUV39H2	H387H;S388S;P389S	Silent;Silent;Missense	-0.048510248
5416	SUV39H2	T396I	Missense	-0.377090225
5417	SUV39H2	A402V	Missense	-1.346596685
5418	SUV39H2	(NC)	UTR	-0.548111137
5419	PTPN2	(NC)	UTR	-0.710727546
5420	PTPN2		No Mutation	-1.317095758
5421	PTPN2		No Mutation	-0.613728931
5422	PTPN2	M392I;G393K	Missense;Missense	0.4732891028605158
5423	PTPN2	P387L	Missense	1.137495575571937
5424	PTPN2	P387F	Missense	0.3471098950946132
5425	PTPN2	P387F	Missense	-0.608488219
5426	PTPN2		No Mutation	0.7065262209269487
5427	PTPN2	R377*	Nonsense	1.410160857864152
5428	PTPN2		No Mutation	0.9250455392286336
5429	PTPN2	Q366*	Nonsense	0.4058080931486367
5430	PTPN2	V365V;Q366Q	Silent;Silent	-0.7062829
5431	PTPN2	K364K;V365I	Silent;Missense	-0.591319685
5432	PTPN2	A359V	Missense	-1.073457366
5433	PTPN2	R354*	Nonsense	0.046145154
5434	PTPN2	R350W	Missense	-0.512549016
5435	PTPN2	R350Q	Missense	1.37082054
5436	PTPN2	(NC);(NC)	Intron;Intron	-1.140026131
5437	PTPN2	(NC)	Intron	0.4191082341293651
5438	PTPN2		No Mutation	0.2854456578004027
5439	PTPN2	Q338*	Nonsense	-1.370346054
5440	PTPN2		No Mutation	1.2514760224966248
5441	PTPN2		No Mutation	1.0967003308851533
5442	PTPN2	T326I	Missense	-0.362836078
5443	PTPN2		No Mutation	-0.082339244
5444	PTPN2	Y313Y	Silent	1.3076610461022222
5445	PTPN2	T310I	Missense	0.8657984319982385
5446	PTPN2	T310I	Missense	1.7380486628593994
5447	PTPN2		No Mutation	-0.783166778
5448	PTPN2		No Mutation	-0.179949702
5449	PTPN2		No Mutation	-0.911571338
5450	PTPN2	E291K	Missense	-0.850764332
5451	PTPN2	W289*	Nonsense	0.0411942194319876
5452	PTPN2	W289*	Nonsense	-1.174583939
5453	PTPN2	(NC);(NC);(NC)	Intron;Intron;Intron	0.1664852439896851
5454	PTPN2	Q286*	Nonsense	-0.053517083
5455	PTPN2		No Mutation	-0.920523962
5456	PTPN2	A276V	Missense	-0.645003989
5457	PTPN2		No Mutation	1.8547263241907523
5458	PTPN2	Y269Y	Silent	-0.634711051
5459	PTPN2	L265L	Silent	0.5060493435357267
5460	PTPN2		No Mutation	-0.974276993
5461	PTPN2		No Mutation	1.1457184464708774
5462	PTPN2	R266K	Missense	-0.92429366
5463	PTPN2	Q260Q	Silent	1.2367711318562191
5464	PTPN2		No Mutation	-0.046679392
5465	PTPN2	N250N	Silent	-0.531098993
5466	PTPN2	(NC)	Intron	-1.113660777
5467	PTPN2	D230D	Silent	-0.543466263
5468	PTPN2		No Mutation	0.020134127
5469	PTPN2	R222R;S223F	Silent;Missense	0.4669629033134529
5470	PTPN2	A218V	Missense	0.3769733036481821
5471	PTPN2	G221R	Missense	-0.512851323
5472	PTPN2	H215H	Silent	0.4250112336314362
5473	PTPN2	H215Y	Missense	-0.817185791
5474	PTPN2		No Mutation	0.6107133224251569
5475	PTPN2	C216Y;S217N	Missense;Missense	-1.197955135
5476	PTPN2	V213V	Silent	-1.336795344
5477	PTPN2	A212T;V213M	Missense;Missense	-2.477020039
5478	PTPN2	A212T;V213M	Missense;Missense	1.0300928321867069
5479	PTPN2	N206N;P207F	Silent;Missense	0.2103621496370702
5480	PTPN2	G210K	Missense	0.0577498823077036
5481	PTPN2	S204F	Missense	-0.79703461
5482	PTPN2	S204F	Missense	-1.329187389
5483	PTPN2		No Mutation	-0.26945165
5484	PTPN2		No Mutation	-0.022874633
5485	PTPN2		No Mutation	-0.804973937
5486	PTPN2		No Mutation	0.3255870940642574
5487	PTPN2	E187K	Missense	1.4528232396217002
5488	PTPN2	G184E;V185I	Missense;Missense	0.4266684515179405
5489	PTPN2	T178I;T179I	Missense;Missense	-0.250409324
5490	PTPN2	H174H	Silent	-0.13097645
5491	PTPN2		No Mutation	0.1543615287587811
5492	PTPN2	(NC)	Splice-acceptor	-0.121119781
5493	PTPN2		No Mutation	0.5369426150111687
5494	PTPN2	L135L	Silent	0.4296316347629209
5495	PTPN2	E138K	Missense	-0.035238475
5496	PTPN2	E133K	Missense	1.4656561062486215
5497	PTPN2		No Mutation	0.9443390745148086
5498	PTPN2	(NC)	Intron	-0.595397639
5499	PTPN2	E119K	Missense	-0.184393062
5500	PTPN2	R114R	Silent	1.874350953319193
5501	PTPN2	V110V;L112L	Silent;Silent	-0.834032525
5502	PTPN2	M111I;L112L	Missense;Silent	-0.525875208
5503	PTPN2	M100I;V101I	Missense;Missense	0.2329475880594265
5504	PTPN2	F97F	Silent	-0.698883149
5505	PTPN2	C94C;C95C;H96Y	Silent;Silent;Missense	-0.210542371
5506	PTPN2		No Mutation	0.1264555849718963
5507	PTPN2	N92N;T93I	Silent;Missense	0.6783071608743856
5508	PTPN2	C94Y;C95Y	Missense;Missense	1.6229009979481286
5509	PTPN2	G88N	Missense	0.5853842236994674
5510	PTPN2	(NC);(NC);(NC)	Intron;Intron;Intron	0.2527510801369523
5511	PTPN2		No Mutation	0.068217173
5512	PTPN2	D75D	Silent	1.5278393509339092
5513	PTPN2	E77K	Missense	0.6996485652762154
5514	PTPN2		No Mutation	0.004136538
5515	PTPN2	(NC);(NC);(NC)	Intron;Intron;Intron	1.9111231316517168
5516	PTPN2	(NC);(NC);(NC);(NC)	Intron;Intron;Intron;Intron	-0.73836336
5517	PTPN2	S52S;P53L	Silent;Missense	1.5983129083932175
5518	PTPN2	S52S;P53L	Silent;Missense	-0.889713644
5519	PTPN2	K38K	Silent	0.6416446837645846
5520	PTPN2	R35K;V36M	Missense;Missense	-0.866858809
5521	PTPN2	R35K	Missense	-1.841356874
5522	PTPN2	D31D	Silent	-1.069117272
5523	PTPN2		No Mutation	0.7185511026124802
5524	PTPN2	(NC);(NC)	Intron;Intron	0.011332681
5525	PTPN2	L21L	Silent	-0.310012503
5526	PTPN2	R17R;Q19*	Silent;Nonsense	0.9434693917443028
5527	PTPN2		No Mutation	-0.234864199
5528	PTPN2	R7W	Missense	0.9806828215587354
5529	PTPN2	E10K	Missense	0.1155250335638927
5530	PTPN2	E8E	Silent	-0.141712025
5531	PTPN2	R7Q;E8K	Missense;Missense	1.1229407225209678
5532	PTPN2	R7Q;E8K	Missense;Missense	0.2650019346782133
5533	PTPN2	E6K	Missense	1.0993356004323462
5534	PTPN2	P2F	Missense	1.4382282109414646
5535	PTPN2	P2F	Missense	-0.5559499
5536	PTPN2		No Mutation	-0.671448353
5537	PTPN2		No Mutation	-0.44113736
5538	PTPN2	(NC)	UTR	-0.033201299
