ID	Gene	Mutation_list	Mutation_type	sgRNA_score
0	SETDB1	(NC)	UTR	-0.492927917
1	SETDB1	(NC)	UTR	-0.258426579
2	SETDB1	S3F;L4F	Missense;Missense	0.416197226
3	SETDB1	P5F	Missense	0.009210789
4	SETDB1	G9N	Missense	-0.184979022
5	SETDB1	G9N	Missense	-0.065801137
6	SETDB1	L10L;D11N	Silent;Missense	0.312606808
7	SETDB1	A12V	Missense	-0.534044562
8	SETDB1		No Mutation	1.320647562
9	SETDB1	L25L	Silent	-0.508310535
10	SETDB1	Q26*;Q27*	Nonsense;Nonsense	-0.25433233
11	SETDB1	A28V	Missense	-0.745708971
12	SETDB1	A28V	Missense	-0.420789805
13	SETDB1	L33L	Silent	-0.184793418
14	SETDB1	L33L	Silent	-0.089131683
15	SETDB1	I35I;S36F	Silent;Missense	-2.056323928
16	SETDB1	R41W;H42Y	Missense;Missense	0.99823168
17	SETDB1	F43F	Silent	0.224389052
18	SETDB1		No Mutation	-0.36834876
19	SETDB1	A62V	Missense	1.055747719
20	SETDB1	A62V	Missense	-0.609003342
21	SETDB1	Q70*	Nonsense	-1.312389502
22	SETDB1	Q70*	Nonsense	-0.740566786
23	SETDB1	L81L	Silent	-0.038885222
24	SETDB1	A85T	Missense	-0.414391741
25	SETDB1	S86F	Missense	0.593248461
26	SETDB1	(NC);(NC);(NC)	Intron;Intron;Intron	-0.245909715
27	SETDB1	(NC)	Intron	0.562753375
28	SETDB1	(NC)	Intron	0.378357874
29	SETDB1	V89V	Silent	-0.055822572
30	SETDB1	T90I	Missense	-0.40830951
31	SETDB1		No Mutation	0.35643028
32	SETDB1	D98D	Silent	0.396630438
33	SETDB1	D98D	Silent	-0.25071949
34	SETDB1	L103L	Silent	0.094446975
35	SETDB1	L103L	Silent	0.427782353
36	SETDB1		No Mutation	-0.014267491
37	SETDB1	Y107Y;R108W	Silent;Missense	-0.844178871
38	SETDB1	E113K;D114N	Missense;Missense	-0.837785019
39	SETDB1	S112F	Missense	-0.416343437
40	SETDB1		No Mutation	-0.628966637
41	SETDB1	E124K	Missense	-0.738965088
42	SETDB1	D131N;V132I	Missense;Missense	0.362075634
43	SETDB1	V132V;L133F	Silent;Missense	0.577326316
44	SETDB1	L133L	Silent	0.448404486
45	SETDB1		No Mutation	0.025083167
46	SETDB1	G138S;(NC)	Missense;Splice-donor	-0.759768369
47	SETDB1		No Mutation	0.108125648
48	SETDB1		No Mutation	-0.598782561
49	SETDB1		No Mutation	0.118838944
50	SETDB1	(NC);(NC)	Intron;Intron	-0.228385681
51	SETDB1	G141E;S142N	Missense;Missense	-0.20751811
52	SETDB1	T144I;P145S	Missense;Missense	0.091107916
53	SETDB1	D147D;Q148*	Silent;Nonsense	-0.631716379
54	SETDB1	(NC);(NC)	Splice-donor;Intron	0.310126878
55	SETDB1	Q148*	Nonsense	-0.21825368
56	SETDB1		No Mutation	-0.671765924
57	SETDB1	(NC);(NC);(NC)	Intron;Intron;Intron	-0.086671889
58	SETDB1		No Mutation	-0.387886477
59	SETDB1		No Mutation	1.110554329
60	SETDB1		No Mutation	0.904868474
61	SETDB1	(NC)	Splice-acceptor	-1.423745818
62	SETDB1	R151H	Missense	0.80457772
63	SETDB1	R151H;E152K	Missense;Missense	-0.492742021
64	SETDB1	R151H;E152K	Missense;Missense	-0.001808593
65	SETDB1	(NC);L150F	Intron;Missense	0.163697949
66	SETDB1	A156T	Missense	-0.216331032
67	SETDB1		No Mutation	-0.567861455
68	SETDB1		No Mutation	-0.605908718
69	SETDB1	N172N	Silent	-0.210457699
70	SETDB1	S177F;Q178*	Missense;Nonsense	-0.836958228
71	SETDB1	L180L	Silent	0.007463764
72	SETDB1	L180L	Silent	-0.396315885
73	SETDB1	G183R;(NC)	Missense;Splice-donor	-1.358515419
74	SETDB1	G183R;(NC)	Missense;Splice-donor	-0.368825678
75	SETDB1		No Mutation	0.726441961
76	SETDB1		No Mutation	0.174288979
77	SETDB1	(NC)	Intron	-0.212521788
78	SETDB1	T184I	Missense	-0.28174824
79	SETDB1	G190K	Missense	-0.180113646
80	SETDB1		No Mutation	-0.440584115
81	SETDB1	V200V	Silent	0.788298256
82	SETDB1	M202I;R203Q	Missense;Missense	-0.010225105
83	SETDB1	V200V	Silent	0.202495738
84	SETDB1		No Mutation	0.446338951
85	SETDB1	T210I	Missense	-0.321084169
86	SETDB1	A220V	Missense	0.281655857
87	SETDB1	Q222Q	Silent	0.394901546
88	SETDB1	Q222Q;V224I	Silent;Missense	0.089525358
89	SETDB1	(NC);(NC)	Splice-donor;Intron	-1.472189844
90	SETDB1	(NC);(NC)	Intron;Intron	-0.415540553
91	SETDB1		No Mutation	-0.69032323
92	SETDB1		No Mutation	-0.165915292
93	SETDB1	G227K	Missense	0.310170276
94	SETDB1	G227K	Missense	-0.664168312
95	SETDB1	P226L	Missense	-1.046670318
96	SETDB1	K231K;V232M	Silent;Missense	-0.489855646
97	SETDB1		No Mutation	0.591259955
98	SETDB1		No Mutation	-1.254711473
99	SETDB1		No Mutation	-0.385074876
100	SETDB1		No Mutation	-6.12134419
101	SETDB1		No Mutation	-0.589554769
102	SETDB1		No Mutation	0.168270562
103	SETDB1	K257K	Silent	-0.280062039
104	SETDB1	A255V	Missense	-0.239956319
105	SETDB1	K257K;L258L	Silent;Silent	-0.823631833
106	SETDB1	A255V	Missense	0.113729105
107	SETDB1	L258L	Silent	-0.277734416
108	SETDB1	V260M	Missense	-1.213927035
109	SETDB1	L258L	Silent	0.609076025
110	SETDB1	L258L	Silent	-0.9302344
111	SETDB1		No Mutation	0.012424818
112	SETDB1	V265V;A266V	Silent;Missense	0.085300578
113	SETDB1	V265V;A266V	Silent;Missense	-1.041948747
114	SETDB1	Y268Y	Silent	0.404095692
115	SETDB1	G271E	Missense	-0.75328051
116	SETDB1		No Mutation	0.030065124
117	SETDB1	Q273*	Nonsense	-1.441062704
118	SETDB1	N286N;V287V	Silent;Silent	0.548255658
119	SETDB1	N289N	Silent	-0.028230096
120	SETDB1	L291F	Missense	-1.371202282
121	SETDB1	(NC)	Intron	0.169423456
122	SETDB1	(NC)	Intron	-0.273745618
123	SETDB1	S303F	Missense	0.57022615
124	SETDB1	S308S;E309K	Silent;Missense	0.102339491
125	SETDB1	L310L	Silent	0.04171627
126	SETDB1	(NC);(NC)	Splice-donor;Intron	-0.716663988
127	SETDB1	(NC);(NC);(NC)	Splice-donor;Intron;Intron	-0.498950363
128	SETDB1		No Mutation	-0.300409858
129	SETDB1		No Mutation	0.160147983
130	SETDB1	(NC)	Intron	0.575313059
131	SETDB1	(NC)	Intron	-1.231076368
132	SETDB1		No Mutation	-0.571151534
133	SETDB1	S328S;C329C;R330C	Silent;Silent;Missense	-0.207794576
134	SETDB1	E334K	Missense	-0.386359656
135	SETDB1	E334E;E335K	Silent;Missense	0.031119148
136	SETDB1	A339A;Y340Y;P341S	Silent;Silent;Missense	-0.558192358
137	SETDB1	M345I	Missense	0.507397388
138	SETDB1	M345I;V346I	Missense;Missense	-0.175155833
139	SETDB1	V346I	Missense	0.134065351
140	SETDB1	L347L	Silent	0.264388739
141	SETDB1	L347L	Silent	-0.182465971
142	SETDB1		No Mutation	-0.304629076
143	SETDB1	K349K	Silent	-0.091805742
144	SETDB1	K349K;S350N	Silent;Missense	0.373113666
145	SETDB1	K349K;S350N	Silent;Missense	0.48686644
146	SETDB1	L353F	Missense	-0.397699769
147	SETDB1	L353F	Missense	-0.757948297
148	SETDB1	E357K	Missense	-0.212048685
149	SETDB1	I354I	Silent	-0.61914389
150	SETDB1	T356I	Missense	-0.136228737
151	SETDB1		No Mutation	-0.329457725
152	SETDB1		No Mutation	-1.060084926
153	SETDB1		No Mutation	-0.788564288
154	SETDB1	S365F;R366*	Missense;Nonsense	-2.293496829
155	SETDB1	R366*	Nonsense	-1.63150699
156	SETDB1	V370V;D371N	Silent;Missense	-1.766036886
157	SETDB1	V370V;D371N;G372S	Silent;Missense;Missense	-0.786776926
158	SETDB1		No Mutation	0.78818603
159	SETDB1	V375V	Silent	-0.270737565
160	SETDB1		No Mutation	0.110836229
161	SETDB1	(NC)	Intron	-0.11089193
162	SETDB1		No Mutation	-0.056980164
163	SETDB1	(NC)	Intron	-0.244610855
164	SETDB1	D382D	Silent	0.855336732
165	SETDB1		No Mutation	-1.702527167
166	SETDB1	I388I	Silent	-1.387116307
167	SETDB1	R390*	Nonsense	-1.296822061
168	SETDB1	S404F	Missense	-0.02076435
169	SETDB1	L409L;E410K	Silent;Missense	-0.680120464
170	SETDB1	A408V;L409L	Missense;Silent	-0.116376394
171	SETDB1	K411K;K412K	Silent;Silent	-0.569791367
172	SETDB1		No Mutation	-0.967258706
173	SETDB1	L416L	Silent	-0.183250411
174	SETDB1	T418I	Missense	-0.665288292
175	SETDB1	(NC)	Intron	0.051263779
176	SETDB1	(NC)	Intron	-0.400291032
177	SETDB1	(NC);(NC)	Intron;Intron	-0.163978711
178	SETDB1	A424T;V425M	Missense;Missense	-0.052816841
179	SETDB1	A424V	Missense	-1.02599365
180	SETDB1	R426K;S427N	Missense;Missense	0.685436316
181	SETDB1		No Mutation	0.161394806
182	SETDB1		No Mutation	-0.047723522
183	SETDB1		No Mutation	0.465019201
184	SETDB1	Y434Y;T435I	Silent;Missense	-0.555462605
185	SETDB1	L438L	Silent	0.684502954
186	SETDB1	Q436*	Nonsense	-1.090595893
187	SETDB1	Q444Q	Silent	-0.018011252
188	SETDB1	T443I;Q444*	Missense;Nonsense	-1.230551349
189	SETDB1	V448V;E449K	Silent;Missense	-0.252421542
190	SETDB1	V448V;E449K	Silent;Missense	0.031669963
191	SETDB1	Q452Q	Silent	-0.570143374
192	SETDB1	A455T	Missense	0.000275405
193	SETDB1		No Mutation	-0.04286234
194	SETDB1		No Mutation	-0.120395488
195	SETDB1		No Mutation	-0.255210271
196	SETDB1	A458T	Missense	-0.117863048
197	SETDB1		No Mutation	0.157638588
198	SETDB1		No Mutation	0.98012228
199	SETDB1	A464T	Missense	-0.493945006
200	SETDB1	A464T	Missense	-1.176781858
201	SETDB1	A464T	Missense	0.199584403
202	SETDB1		No Mutation	0.244202969
203	SETDB1		No Mutation	-0.883730775
204	SETDB1		No Mutation	0.184133677
205	SETDB1		No Mutation	-0.075210938
206	SETDB1	P466F;L467L	Missense;Silent	-0.650028924
207	SETDB1	A471T	Missense	-1.131739206
208	SETDB1	A471T;G472N	Missense;Missense	-0.290947832
209	SETDB1	S474N	Missense	-0.227243222
210	SETDB1	S474N;D475N	Missense;Missense	0.145539894
211	SETDB1	S474N;D475N	Missense;Missense	0.139772793
212	SETDB1	S474N;D475N;(NC)	Missense;Missense;Splice-donor	0.559767554
213	SETDB1	D475N;(NC)	Missense;Splice-donor	-1.33077756
214	SETDB1		No Mutation	0.917641809
215	SETDB1	(NC)	Intron	0.213417789
216	SETDB1	S478N	Missense	0.046768691
217	SETDB1	S478S;Q479*	Silent;Nonsense	-1.162082162
218	SETDB1	A481V;Q482*	Missense;Nonsense	-1.352663698
219	SETDB1	R484Q	Missense	0.532085564
220	SETDB1	Q486Q;V487I	Silent;Missense	-0.565686165
221	SETDB1	Q486Q;V487I;A488T	Silent;Missense;Missense	0.186053209
222	SETDB1	S491S;T492M	Silent;Missense	-1.104765373
223	SETDB1	S493S;R495*	Silent;Nonsense	-0.637348144
224	SETDB1	R495*	Nonsense	-2.457906481
225	SETDB1	V499I	Missense	0.63950584
226	SETDB1	P496L	Missense	0.199399886
227	SETDB1	G502N	Missense	-0.058470888
228	SETDB1	A510T	Missense	-0.239769382
229	SETDB1		No Mutation	0.034609724
230	SETDB1		No Mutation	0.156647488
231	SETDB1	S512N	Missense	-0.24636058
232	SETDB1	L511F	Missense	0.094524873
233	SETDB1		No Mutation	0.737249212
234	SETDB1		No Mutation	-0.663212284
235	SETDB1	V515V;S516F	Silent;Missense	-0.290566992
236	SETDB1	V515V;S516F	Silent;Missense	-0.898739782
237	SETDB1	I522I	Silent	0.349375286
238	SETDB1		No Mutation	0.281453347
239	SETDB1		No Mutation	0.054460756
240	SETDB1		No Mutation	0.317986224
241	SETDB1	A534T	Missense	0.519280993
242	SETDB1	A538T	Missense	0.280683692
243	SETDB1		No Mutation	0.210855702
244	SETDB1	A538V;P539S	Missense;Missense	-0.530082103
245	SETDB1		No Mutation	0.263392345
246	SETDB1		No Mutation	-0.123076225
247	SETDB1		No Mutation	0.551091376
248	SETDB1	A544T	Missense	0.136757237
249	SETDB1		No Mutation	0.604258833
250	SETDB1		No Mutation	-0.754072683
251	SETDB1		No Mutation	0.770787862
252	SETDB1	V550I	Missense	-0.487145674
253	SETDB1	V550I	Missense	-0.521265424
254	SETDB1	A547V;P548F	Missense;Missense	-0.093261894
255	SETDB1	V550I	Missense	-0.266737888
256	SETDB1		No Mutation	-0.827030838
257	SETDB1	V550V	Silent	0.79900501
258	SETDB1	G553N	Missense	0.055284864
259	SETDB1	G553D;M554I	Missense;Missense	0.013784633
260	SETDB1	M554I	Missense	-0.705821251
261	SETDB1	M554I	Missense	-0.096790942
262	SETDB1	F551F;H552Y	Silent;Missense	0.10005696
263	SETDB1	F551F;H552Y	Silent;Missense	2.272217023
264	SETDB1	E556E;R557Q;A558T	Silent;Missense;Missense	-0.08586736
265	SETDB1		No Mutation	-0.43475788
266	SETDB1		No Mutation	-0.18379351
267	SETDB1	R565H	Missense	-0.99510601
268	SETDB1	P562P;S563F	Silent;Missense	-0.12259344
269	SETDB1		No Mutation	-1.271075813
270	SETDB1	M568I	Missense	0.057056728
271	SETDB1	M568I;E569K	Missense;Missense	-2.275324142
272	SETDB1	E569E;K570K	Silent;Silent	-0.607928463
273	SETDB1		No Mutation	-0.464339581
274	SETDB1		No Mutation	-1.056051481
275	SETDB1		No Mutation	-0.375080125
276	SETDB1	R587K	Missense	-0.192201681
277	SETDB1	S584F;R585*	Missense;Nonsense	-1.705715035
278	SETDB1		No Mutation	0.019027677
279	SETDB1		No Mutation	0.380383639
280	SETDB1		No Mutation	0.026514406
281	SETDB1	Q593Q	Silent	0.113431101
282	SETDB1	G596G	Silent	0.036472368
283	SETDB1	L600L	Silent	-0.067685615
284	SETDB1	P603P	Silent	0.169320523
285	SETDB1		No Mutation	0.275571487
286	SETDB1	P603L	Missense	-0.90232699
287	SETDB1	L605L	Silent	0.658375236
288	SETDB1		No Mutation	-0.417856888
289	SETDB1	R609Q	Missense	-0.636624363
290	SETDB1	F608F;R609W	Silent;Missense	0.480800433
291	SETDB1	R614Q	Missense	0.57613312
292	SETDB1	R619H	Missense	0.485548318
293	SETDB1	R616*	Nonsense	-0.6749474
294	SETDB1	R619H	Missense	-0.063340688
295	SETDB1	R616*	Nonsense	-0.852679299
296	SETDB1	V625I	Missense	-0.387012225
297	SETDB1	I626I	Silent	0.609923522
298	SETDB1	P630L	Missense	0.773738934
299	SETDB1	R636Q	Missense	-0.843643675
300	SETDB1	Q639Q;E640K	Silent;Missense	-0.159647276
301	SETDB1	C650Y;D651N	Missense;Missense	-1.079160173
302	SETDB1	G649G	Silent	0.476189485
303	SETDB1	F654F;L655L	Silent;Silent	-1.123520185
304	SETDB1	M657I	Missense	0.470296398
305	SETDB1	L660L;D661N	Silent;Missense	-0.949290067
306	SETDB1	P662S	Missense	0.404977567
307	SETDB1	D667N;R668Q	Missense;Missense	-0.689726975
308	SETDB1		No Mutation	0.024923919
309	SETDB1		No Mutation	-0.388621043
310	SETDB1		No Mutation	-0.854623183
311	SETDB1	L680L;D681N	Silent;Missense	-0.132101993
312	SETDB1	D681D	Silent	-0.425783112
313	SETDB1	E696K	Missense	-1.189079966
314	SETDB1	E696K	Missense	-0.355150748
315	SETDB1	E696K	Missense	-0.324507714
316	SETDB1	D698N	Missense	0.784747393
317	SETDB1	D698D;T699I	Silent;Missense	-0.58648615
318	SETDB1	T700I;P701S	Missense;Missense	0.272006521
319	SETDB1	V705V;A706T	Silent;Missense	0.062847847
320	SETDB1	V705V;A706T	Silent;Missense	0.479370588
321	SETDB1	A706T	Missense	1.003439573
322	SETDB1	P703P;Q704*	Silent;Nonsense	-2.175591362
323	SETDB1	S708N	Missense	0.55044033
324	SETDB1	S708N	Missense	0.223989928
325	SETDB1	S708N;K709K	Missense;Silent	-0.365333557
326	SETDB1	K709K;E710K	Silent;Missense	-1.294171542
327	SETDB1	Y707Y;S708S	Silent;Silent	-0.359944928
328	SETDB1	S708S	Silent	0.265534437
329	SETDB1	R711H	Missense	0.158557689
330	SETDB1	R711C	Missense	1.215231763
331	SETDB1	R711C	Missense	-0.413479321
332	SETDB1		No Mutation	0.65884636
333	SETDB1		No Mutation	0.634217727
334	SETDB1	N720N;T721I	Silent;Missense	-0.415148754
335	SETDB1	G722G;P723F	Silent;Missense	-0.405855659
336	SETDB1	G728N	Missense	-0.872166591
337	SETDB1	G728N;C729Y	Missense;Missense	-1.391882016
338	SETDB1		No Mutation	-0.168919645
339	SETDB1	G728G	Silent	0.065838282
340	SETDB1	G728G	Silent	-0.329010793
341	SETDB1	D730D;C731C	Silent;Silent	0.351620741
342	SETDB1	D730D;C731C	Silent;Silent	-1.360018102
343	SETDB1	R736W	Missense	0.487890122
344	SETDB1	R736W	Missense	0.394957972
345	SETDB1	D737D	Silent	-0.492182168
346	SETDB1	D737D	Silent	-0.700741378
347	SETDB1	D737D	Silent	0.757880549
348	SETDB1	D737D	Silent	-0.684783356
349	SETDB1	(NC)	Intron	-0.869324646
350	SETDB1	(NC)	Intron	0.147218746
351	SETDB1	K738K	Silent	-0.17924285
352	SETDB1		No Mutation	0.661292187
353	SETDB1		No Mutation	0.054696659
354	SETDB1	C743C;H744Y;Q745*	Silent;Missense;Nonsense	-1.36302051
355	SETDB1		No Mutation	0.239538722
356	SETDB1	Q749Q;A750T	Silent;Missense	0.372761259
357	SETDB1	A750V;T751I	Missense;Missense	0.749676199
358	SETDB1		No Mutation	-0.283723777
359	SETDB1	T751I;A752V	Missense;Missense	0.015786669
360	SETDB1	G757D	Missense	-0.091510392
361	SETDB1		No Mutation	-0.482567742
362	SETDB1		No Mutation	0.130345502
363	SETDB1		No Mutation	-0.379615479
364	SETDB1	Q758*	Nonsense	-1.200602747
365	SETDB1	G764S	Missense	-0.195530619
366	SETDB1	Q766Q	Silent	-0.150710823
367	SETDB1	Q766Q	Silent	1.507313316
368	SETDB1	E771K;E772K	Missense;Missense	-1.280015443
369	SETDB1		No Mutation	0.095141089
370	SETDB1		No Mutation	-0.103774065
371	SETDB1	L774L;P775S	Silent;Missense	0.138088725
372	SETDB1	P775P;T776I	Silent;Missense	-0.222484674
373	SETDB1	(NC)	Intron	-0.326418648
374	SETDB1		No Mutation	0.67968926
375	SETDB1	(NC)	Intron	0.272347959
376	SETDB1	(NC)	Intron	0.272406555
377	SETDB1	E780K	Missense	-1.376207613
378	SETDB1	E780K;C781Y	Missense;Missense	-2.63344825
379	SETDB1	C781Y	Missense	-1.36060391
380	SETDB1	C781Y	Missense	-1.221028725
381	SETDB1	P789L;N790N	Missense;Silent	0.176774647
382	SETDB1	N790N	Silent	0.960142651
383	SETDB1		No Mutation	-0.396767559
384	SETDB1	R795Q	Missense	-0.399826557
385	SETDB1	N794N;R795W	Silent;Missense	-0.503454443
386	SETDB1	G800K	Missense	-0.842066354
387	SETDB1	H799Y	Missense	-0.248399382
388	SETDB1	F808F	Silent	-0.686809625
389	SETDB1	F808F	Silent	-0.509363865
390	SETDB1	T810I	Missense	0.28327236
391	SETDB1	T810I;Q811*	Missense;Nonsense	-1.487081476
392	SETDB1	T810I;Q811*	Missense;Nonsense	-1.809511906
393	SETDB1	G814G	Silent	0.242888562
394	SETDB1	A824T	Missense	-0.354653991
395	SETDB1		No Mutation	0.868646998
396	SETDB1	C830Y	Missense	-0.046009952
397	SETDB1		No Mutation	0.320369397
398	SETDB1		No Mutation	-0.377448171
399	SETDB1		No Mutation	1.077080382
400	SETDB1		No Mutation	1.339085559
401	SETDB1		No Mutation	0.040786113
402	SETDB1		No Mutation	0.6905531
403	SETDB1	A842T;D843N	Missense;Missense	-0.380902109
404	SETDB1	D840D	Silent	0.035932229
405	SETDB1	D840D	Silent	-0.202134394
406	SETDB1	A842V	Missense	-0.214773789
407	SETDB1	D843D	Silent	0.64162002
408	SETDB1		No Mutation	-0.495219155
409	SETDB1		No Mutation	0.259257154
410	SETDB1	D858D;H859Y	Silent;Missense	0.166998588
411	SETDB1	V863V;E864K	Silent;Missense	-2.261981536
412	SETDB1		No Mutation	-0.050785506
413	SETDB1	S877F	Missense	-0.727230715
414	SETDB1	S880N	Missense	0.463265682
415	SETDB1	S880N	Missense	0.093147395
416	SETDB1	S880N;S881N	Missense;Missense	-0.04452609
417	SETDB1	S880N;S881N	Missense;Missense	-0.14964068
418	SETDB1	G882D;V883I	Missense;Missense	-0.243468941
419	SETDB1	S880S	Silent	-0.352689833
420	SETDB1		No Mutation	-1.766854776
421	SETDB1		No Mutation	-0.394573357
422	SETDB1	Q888*	Nonsense	-1.493857348
423	SETDB1	S893N;G894S	Missense;Missense	0.525666839
424	SETDB1	G891G	Silent	0.982434657
425	SETDB1	D903N;D904N	Missense;Missense	-0.202134934
426	SETDB1	D903N;D904N	Missense;Missense	-0.717564717
427	SETDB1	D907N	Missense	0.654524352
428	SETDB1		No Mutation	-0.127889876
429	SETDB1	N909N	Silent	-0.948712338
430	SETDB1	F916F;S917S	Silent;Silent	0.170442093
431	SETDB1	S917S;T918I	Silent;Missense	0.933139715
432	SETDB1	R923Q;S924N	Missense;Missense	-0.664349187
433	SETDB1	R923W	Missense	0.225462181
434	SETDB1	S924S	Silent	1.064790908
435	SETDB1	A926V;T927I	Missense;Missense	2.478787506
436	SETDB1	T927I;R928W	Missense;Missense	-0.236251899
437	SETDB1	T927I;R928W	Missense;Missense	-0.571921176
438	SETDB1	R932Q;G933N	Missense;Missense	-0.928173104
439	SETDB1	R932R;G933N	Silent;Missense	0.97434796
440	SETDB1	R932W	Missense	-0.360220105
441	SETDB1	E936E	Silent	-0.334076866
442	SETDB1	E936E;G938R	Silent;Missense	0.322387209
443	SETDB1		No Mutation	0.571764715
444	SETDB1	L939L;S940F	Silent;Missense	0.283859687
445	SETDB1		No Mutation	1.088393449
446	SETDB1	S947F;H948Y	Missense;Missense	-0.272106921
447	SETDB1	G953K	Missense	0.803424844
448	SETDB1	G953K	Missense	-0.117025239
449	SETDB1		No Mutation	-0.593503415
450	SETDB1		No Mutation	0.633058625
451	SETDB1		No Mutation	0.110500571
452	SETDB1		No Mutation	-0.479669291
453	SETDB1		No Mutation	-0.198729061
454	SETDB1	V959I	Missense	0.134543521
455	SETDB1		No Mutation	0.536413646
456	SETDB1		No Mutation	-0.58216961
457	SETDB1		No Mutation	-0.781787994
458	SETDB1	P960F;P961F	Missense;Missense	-0.80487544
459	SETDB1		No Mutation	-0.388738492
460	SETDB1	P961F;S962L	Missense;Missense	-0.42036103
461	SETDB1	V965I;G966N	Missense;Missense	0.299635447
462	SETDB1	G966N;G967N	Missense;Missense	-0.227154667
463	SETDB1	G966D;G967N	Missense;Missense	0.661230173
464	SETDB1		No Mutation	-0.223158064
465	SETDB1		No Mutation	0.160723162
466	SETDB1	E975K	Missense	-0.072113209
467	SETDB1		No Mutation	-0.143661197
468	SETDB1	K978K	Silent	-0.814215787
469	SETDB1		No Mutation	-0.334927073
470	SETDB1	K978K	Silent	0.068116976
471	SETDB1	T976I;P977S	Missense;Missense	0.09966458
472	SETDB1	N979N	Silent	-0.226905129
473	SETDB1	A982T	Missense	-0.213535081
474	SETDB1		No Mutation	-0.218877212
475	SETDB1	C987Y	Missense	0.075477958
476	SETDB1	C987C	Silent	1.144052024
477	SETDB1		No Mutation	0.02320953
478	SETDB1	K1005K	Silent	0.318595388
479	SETDB1	S1003F	Missense	-0.185871613
480	SETDB1	F1004F	Silent	-0.389624144
481	SETDB1	F1004F	Silent	-0.781398418
482	SETDB1	F1004F	Silent	0.283069444
483	SETDB1	G1009N	Missense	-0.455585186
484	SETDB1	T1006I	Missense	0.001566273
485	SETDB1	T1006I	Missense	0.226437009
486	SETDB1		No Mutation	0.5348381
487	SETDB1		No Mutation	0.476457452
488	SETDB1		No Mutation	0.62465811
489	SETDB1		No Mutation	0.059832007
490	SETDB1		No Mutation	0.759854544
491	SETDB1		No Mutation	0.490173083
492	SETDB1	A1014V	Missense	-0.082086155
493	SETDB1		No Mutation	-0.400427627
494	SETDB1	R1018Q	Missense	0.827781131
495	SETDB1	S1017S;R1018*	Silent;Nonsense	-0.152212406
496	SETDB1	E1022E;K1023K;A1024T	Silent;Silent;Missense	0.141582339
497	SETDB1		No Mutation	-0.665227412
498	SETDB1	A1024V;S1025F	Missense;Missense	0.153821988
499	SETDB1	G1030N	Missense	-0.44982614
500	SETDB1	T1026T;S1027L	Silent;Missense	-0.520727827
501	SETDB1	G1030D	Missense	0.341909609
502	SETDB1	K1032K	Silent	-0.108761347
503	SETDB1	L1029L	Silent	0.055640589
504	SETDB1	L1029L	Silent	0.208362311
505	SETDB1		No Mutation	-0.046006759
506	SETDB1	I1037I;Q1039*	Silent;Nonsense	0.142322693
507	SETDB1		No Mutation	-0.962197541
508	SETDB1	(NC);(NC)	Intron;Intron	0.737355846
509	SETDB1		No Mutation	0.406673258
510	SETDB1		No Mutation	-1.768290236
511	SETDB1	R1048Q	Missense	-0.100422715
512	SETDB1	V1053I;(NC)	Missense;Splice-donor	-1.186236102
513	SETDB1	(NC);V1054I	Splice-acceptor;Missense	-1.585479844
514	SETDB1		No Mutation	-1.544587034
515	SETDB1	E1056K	Missense	0.371163056
516	SETDB1	E1056K	Missense	-0.719473208
517	SETDB1	E1056K;S1057N	Missense;Missense	-0.060626261
518	SETDB1	S1057N	Missense	0.393219065
519	SETDB1		No Mutation	0.616065764
520	SETDB1	S1066F;P1067F	Missense;Missense	-0.569910276
521	SETDB1	E1071K	Missense	0.115129526
522	SETDB1	G1072K	Missense	-0.692156149
523	SETDB1	R1075H	Missense	-0.702685805
524	SETDB1	K1079K	Silent	0.20781704
525	SETDB1	S1081N	Missense	-0.204803905
526	SETDB1	S1081N	Missense	0.40243214
527	SETDB1	M1082I	Missense	0.522459579
528	SETDB1	Q1084*	Nonsense	-1.306023123
529	SETDB1	A1092T	Missense	-0.395417144
530	SETDB1	(NC)	Intron	-1.584381782
531	SETDB1		No Mutation	-0.60653004
532	SETDB1		No Mutation	0.284284135
533	SETDB1	(NC);(NC);(NC)	Intron;Intron;Intron	0.068299376
534	SETDB1	(NC);D1098N	Splice-acceptor;Missense	-2.185187054
535	SETDB1	(NC);D1098N;V1099I	Splice-acceptor;Missense;Missense	-1.908397339
536	SETDB1	V1099I	Missense	-0.611271233
537	SETDB1		No Mutation	-0.059526094
538	SETDB1	L1102L	Silent	-0.028425148
539	SETDB1	L1102L	Silent	1.063178783
540	SETDB1	S1105N	Missense	-0.465860326
541	SETDB1	S1103S;S1104S	Silent;Silent	-0.350337914
542	SETDB1	S1104S	Silent	-1.271307507
543	SETDB1	S1104S;S1105S	Silent;Silent	-0.131632817
544	SETDB1	S1104S;S1105S	Silent;Silent	0.2071753
545	SETDB1	S1108N;E1109K	Missense;Missense	0.682756402
546	SETDB1		No Mutation	-0.686848391
547	SETDB1		No Mutation	-0.223409487
548	SETDB1	S1115S;R1116*	Silent;Nonsense	-2.283708767
549	SETDB1	A1120T	Missense	0.216722504
550	SETDB1	G1121N	Missense	0.238695996
551	SETDB1	P1118P;T1119I	Silent;Missense	0.186830688
552	SETDB1		No Mutation	0.943127922
553	SETDB1	S1124S	Silent	-0.227657053
554	SETDB1	Q1122*	Nonsense	-1.525205809
555	SETDB1	I1133I;Q1134*	Silent;Nonsense	-1.492789481
556	SETDB1	G1139N	Missense	-0.097521706
557	SETDB1	S1137F	Missense	-0.491332489
558	SETDB1	S1137F	Missense	-1.085191126
559	SETDB1	S1137F	Missense	-0.843122448
560	SETDB1	E1141K	Missense	-0.520836431
561	SETDB1	G1142E;D1143N	Missense;Missense	-1.028384524
562	SETDB1		No Mutation	-1.190068237
563	SETDB1	D1147D	Silent	-1.151308211
564	SETDB1	N1150N	Silent	-0.212349358
565	SETDB1	(NC)	Intron	0.700929758
566	SETDB1	(NC);(NC)	Intron;Intron	-0.113608777
567	SETDB1	(NC)	Intron	-0.383114806
568	SETDB1	(NC)	Intron	0.591962375
569	SETDB1	(NC)	Splice-acceptor	-0.841549902
570	SETDB1		No Mutation	-0.002810054
571	SETDB1	M1155I	Missense	0.108526952
572	SETDB1	M1155I;K1156K	Missense;Silent	-0.272289595
573	SETDB1	P1154L	Missense	-0.354904567
574	SETDB1	R1157H	Missense	0.832376264
575	SETDB1	V1159I;A1160T	Missense;Missense	-0.601322771
576	SETDB1	A1160V	Missense	0.197892611
577	SETDB1		No Mutation	-0.149266763
578	SETDB1		No Mutation	-1.923861634
579	SETDB1	A1168V;L1169F	Missense;Missense	0.259868403
580	SETDB1	A1168V;L1169F	Missense;Missense	-0.270303104
581	SETDB1		No Mutation	-0.950400809
582	SETDB1		No Mutation	0.075207029
583	SETDB1		No Mutation	-0.641991984
584	SETDB1	T1180I	Missense	0.467020458
585	SETDB1	N1181N	Silent	-0.227481885
586	SETDB1	A1183V	Missense	-0.494053754
587	SETDB1	A1183V	Missense	0.012260713
588	SETDB1	V1185V;D1186N	Silent;Missense	-0.313025708
589	SETDB1	A1183V	Missense	0.581021022
590	SETDB1	G1188E;E1189K	Missense;Missense	-0.507139971
591	SETDB1	R1198H	Missense	-0.789798467
592	SETDB1	T1197I;R1198C	Missense;Missense	-1.613129144
593	SETDB1	R1198R;Q1199*	Silent;Nonsense	-0.078042086
594	SETDB1	E1204K;E1205K	Missense;Missense	-0.475418841
595	SETDB1		No Mutation	0.344667797
596	SETDB1	A1212A;L1214F	Silent;Missense	0.882158603
597	SETDB1	L1214F	Missense	-0.681605721
598	SETDB1	L1218L	Silent	-0.652615583
599	SETDB1	(NC)	Splice-donor	0.250033587
600	SETDB1	(NC);(NC)	Intron;Intron	0.041610735
601	SETDB1		No Mutation	-0.540731454
602	SETDB1	(NC)	Splice-acceptor	-0.999199237
603	SETDB1	S1225N	Missense	-0.183882042
604	SETDB1	S1227N	Missense	-0.044047742
605	SETDB1	Q1233Q	Silent	-0.463142559
606	SETDB1	Q1233Q	Silent	-0.801217107
607	SETDB1	Q1233Q	Silent	-0.72502213
608	SETDB1	V1232V;Q1233*	Silent;Nonsense	-0.623942183
609	SETDB1	V1235I	Missense	-0.49875888
610	SETDB1	V1237V;D1238N	Silent;Missense	-0.79855955
611	SETDB1		No Mutation	-0.941989721
612	SETDB1	L1242F	Missense	-1.644534257
613	SETDB1		No Mutation	-0.539503823
614	SETDB1	L1242F;R1243C	Missense;Missense	-1.629423644
615	SETDB1		No Mutation	0.042639451
616	SETDB1	A1251T	Missense	0.062912564
617	SETDB1	A1251T	Missense	-0.561263426
618	SETDB1	A1251T	Missense	-0.960314887
619	SETDB1	F1249F	Silent	-0.365950732
620	SETDB1	(NC)	Splice-donor	-1.407340858
621	SETDB1	A1251V;S1252S	Missense;Silent	0.967176143
622	SETDB1		No Mutation	0.508383754
623	SETDB1		No Mutation	0.359826504
624	SETDB1	(NC);(NC)	Intron;Intron	-0.294726105
625	SETDB1		No Mutation	0.234681732
626	SETDB1		No Mutation	-1.26404693
627	SETDB1	(NC)	Splice-acceptor	-2.539308994
628	SETDB1	(NC);(NC);(NC)	Intron;Intron;Intron	-1.026953431
629	SETDB1	(NC);(NC);(NC)	Intron;Intron;Intron	-0.800302613
630	SETDB1	(NC)	Intron	0.118624467
631	SETDB1	(NC)	Intron	-1.120276582
632	SETDB1	R1256Q;A1257T	Missense;Missense	0.160735403
633	SETDB1	A1257V	Missense	-0.162514162
634	SETDB1		No Mutation	-0.805390612
635	SETDB1		No Mutation	-0.599753116
636	SETDB1		No Mutation	-0.802224036
637	SETDB1	D1264D	Silent	-0.74074836
638	SETDB1	D1264D	Silent	-0.447543825
639	SETDB1	N1266N;Y1267Y	Silent;Silent	-0.875978781
640	SETDB1		No Mutation	-1.384117661
641	SETDB1	G1270G	Silent	-0.159201758
642	SETDB1	L1277L	Silent	1.024629364
643	SETDB1	L1277L	Silent	0.447240976
644	SETDB1	L1277L;L1278F	Silent;Missense	-0.791675624
645	SETDB1	A1283V	Missense	0.098828363
646	SETDB1	G1288E;R1289H	Missense;Missense	-0.723896143
647	SETDB1		No Mutation	0.263242053
648	TRIM28	(NC);(NC);(NC)	UTR;UTR;UTR	-0.422085915
649	TRIM28	(NC);(NC);(NC)	UTR;UTR;UTR	0.652889374
650	TRIM28	(NC);(NC);(NC);(NC)	UTR;UTR;UTR;UTR	-0.091688898
651	TRIM28	(NC);(NC)	UTR;UTR	0.363756811
652	TRIM28	(NC);M1I	UTR;Missense	-0.270391732
653	TRIM28	M1I;A2T	Missense;Missense	-0.242590193
654	TRIM28	M1I;A2T	Missense;Missense	-0.976577322
655	TRIM28	M1I;A2T	Missense;Missense	-0.008555923
656	TRIM28		No Mutation	0.117394444
657	TRIM28		No Mutation	-0.739757345
658	TRIM28	A3A;S4F	Silent;Missense	-0.035588171
659	TRIM28	S9S	Silent	0.50094231
660	TRIM28	S9S;A10T	Silent;Missense	-0.036897362
661	TRIM28	A7V	Missense	-0.282628717
662	TRIM28	A8A;S9L	Silent;Missense	0.452012723
663	TRIM28	S14S	Silent	-0.169668346
664	TRIM28	A12V;A13V	Missense;Missense	-0.052054691
665	TRIM28	A15V	Missense	-0.444459953
666	TRIM28	A15V;A16V	Missense;Missense	0.069709722
667	TRIM28	G18D;S19N	Missense;Missense	-0.537948202
668	TRIM28	A16A;S17F	Silent;Missense	-0.20447183
669	TRIM28	S17F	Missense	0.799954686
670	TRIM28	P20P;G21N	Silent;Missense	0.096068934
671	TRIM28	G21D;P22P	Missense;Silent	0.150049429
672	TRIM28	G18G;S19S;P20S	Silent;Silent;Missense	0.239390119
673	TRIM28	S19S;P20L	Silent;Missense	0.283713046
674	TRIM28	E24E;G25N	Silent;Missense	0.460047916
675	TRIM28	P22L	Missense	-1.556243395
676	TRIM28	G25N	Missense	0.062168192
677	TRIM28	G23G	Silent	-0.237052784
678	TRIM28	A27T;G28S	Missense;Missense	0.019231202
679	TRIM28	A27T;G28N	Missense;Missense	0.126580182
680	TRIM28	R32C	Missense	-0.242438689
681	TRIM28	A39T	Missense	-0.789292539
682	TRIM28	A35A;P36F	Silent;Missense	-0.880382219
683	TRIM28	A40T	Missense	0.830740835
684	TRIM28	S41S	Silent	0.152263609
685	TRIM28	S41S;A42T	Silent;Missense	0.209932927
686	TRIM28	S41S;A42T	Silent;Missense	-0.076311343
687	TRIM28	A44T	Missense	0.211912308
688	TRIM28	A42V	Missense	-0.026962481
689	TRIM28	A46T	Missense	0.048951663
690	TRIM28	A47A;A48T	Silent;Missense	-0.583802255
691	TRIM28	S49S;S50S	Silent;Silent	-0.237187311
692	TRIM28	A46A;A47V	Silent;Missense	-0.056370898
693	TRIM28	A47V;A48V	Missense;Missense	0.629417506
694	TRIM28	A47V;A48V	Missense;Missense	0.54538004
695	TRIM28	A48V	Missense	-0.292374054
696	TRIM28	A48V;S49L	Missense;Missense	-0.342716782
697	TRIM28	A52T	Missense	-0.381107409
698	TRIM28	S49L;S50L	Missense;Missense	0.097291806
699	TRIM28	P51P;A52V	Silent;Missense	-1.484488406
700	TRIM28	A56T;E57K	Missense;Missense	0.174288979
701	TRIM28	E57K	Missense	0.086078092
702	TRIM28	G54G	Silent	0.193819536
703	TRIM28	A56A	Silent	-0.594341948
704	TRIM28	L61L;L62L	Silent;Silent	-0.266772211
705	TRIM28	L61L	Silent	0.769668656
706	TRIM28	R71C	Missense	1.006425465
707	TRIM28	R71C;L72L	Missense;Silent	0.951921256
708	TRIM28	R76R;E77K	Silent;Missense	0.788185996
709	TRIM28	R79H	Missense	0.204206846
710	TRIM28	R79H;L80L	Missense;Silent	-0.1298043
711	TRIM28	C83Y	Missense	-0.346306358
712	TRIM28	C83Y;L84L	Missense;Silent	0.134467077
713	TRIM28	L81L;P82S	Silent;Missense	0.570591215
714	TRIM28	L84L	Silent	0.047873632
715	TRIM28	L84L	Silent	2.307586309
716	TRIM28	A87T;C88Y	Missense;Missense	0.519991051
717	TRIM28	C88Y	Missense	-0.606093221
718	TRIM28	A87V	Missense	0.129041968
719	TRIM28	A87V	Missense	0.803510474
720	TRIM28	G93K	Missense	-0.044976402
721	TRIM28	A90V	Missense	0.369338638
722	TRIM28	A95A;A96T	Silent;Missense	-0.57448472
723	TRIM28	A99T;A100T	Missense;Missense	0.269989065
724	TRIM28	A100T	Missense	-0.2145133
725	TRIM28	P97P;A98V	Silent;Missense	0.093081042
726	TRIM28	A98V;A99V	Missense;Missense	-0.104943281
727	TRIM28	A98V;A99V	Missense;Missense	0.223647091
728	TRIM28	S102N	Missense	0.289899367
729	TRIM28	A98A;A99V	Silent;Missense	0.508871209
730	TRIM28	S102N	Missense	0.471717671
731	TRIM28	S102N	Missense	-0.71758573
732	TRIM28	S102N;S103S	Missense;Silent	-0.664197948
733	TRIM28	A100V	Missense	0.347373551
734	TRIM28	S103S;G104K	Silent;Missense	-0.220336749
735	TRIM28	N101N	Silent	0.636461075
736	TRIM28	N101N;S102S	Silent;Silent	-0.38673785
737	TRIM28	G104E;D105N	Missense;Missense	-0.588219125
738	TRIM28	N101N;S102S	Silent;Silent	0.387308606
739	TRIM28	G106N	Missense	0.166943042
740	TRIM28	S102S;S103L	Silent;Missense	-0.093210087
741	TRIM28		No Mutation	0.54524843
742	TRIM28		No Mutation	-0.225985467
743	TRIM28	G106G	Silent	-0.256754216
744	TRIM28	A108V;A109V	Missense;Missense	-0.666758205
745	TRIM28		No Mutation	-0.008311155
746	TRIM28	(NC)	Intron	-0.901924866
747	TRIM28	(NC);(NC);(NC)	Intron;Intron;Intron	0.644524303
748	TRIM28	(NC)	Intron	0.589888309
749	TRIM28	(NC)	Intron	0.413710783
750	TRIM28	(NC);(NC);(NC)	Intron;Intron;Intron	0.034568598
751	TRIM28	V114V;V115I	Silent;Missense	0.294916472
752	TRIM28	V114V;V115I;D116N	Silent;Missense;Missense	-0.015808308
753	TRIM28	Q123Q;C124Y	Silent;Missense	0.31427155
754	TRIM28	Q123Q;C124Y	Silent;Missense	0.245825981
755	TRIM28	C124C;F125F	Silent;Silent	-0.471417239
756	TRIM28	E131E	Silent	-0.49040719
757	TRIM28		No Mutation	-0.202682245
758	TRIM28	R136C	Missense	-0.028101117
759	TRIM28	A142V	Missense	0.23906252
760	TRIM28	A149T	Missense	-0.489299989
761	TRIM28	D145D;A146V;Q147*	Silent;Missense;Nonsense	1.006524475
762	TRIM28	A149A	Silent	-0.958969417
763	TRIM28	Q151Q;(NC);(NC)	Silent;Splice-donor;Intron	0.479405233
764	TRIM28	Q151Q;(NC);(NC)	Silent;Splice-donor;Intron	-0.289396404
765	TRIM28	(NC)	Intron	-1.145234983
766	TRIM28	(NC);(NC)	Intron;Splice-acceptor	-0.51750294
767	TRIM28	(NC);C152Y	Splice-acceptor;Missense	-0.331437286
768	TRIM28	C152Y;C153Y	Missense;Missense	-0.252607456
769	TRIM28	C152C	Silent	-0.233598638
770	TRIM28	A162V	Missense	-0.342571076
771	TRIM28	C166Y	Missense	1.011960252
772	TRIM28	C166Y;V167M	Missense;Missense	0.388624909
773	TRIM28	C166Y;V167M	Missense;Missense	1.251093807
774	TRIM28	V167V;E168K	Silent;Missense	0.446411646
775	TRIM28	S164S;Y165Y	Silent;Silent	-0.653354355
776	TRIM28	E168E;C169Y	Silent;Missense	-0.453072369
777	TRIM28		No Mutation	-0.250882361
778	TRIM28	C177Y;V178I	Missense;Missense	-0.054280399
779	TRIM28		No Mutation	-0.628587858
780	TRIM28		No Mutation	-1.301520354
781	TRIM28	Q182Q	Silent	-0.45424128
782	TRIM28	R183W	Missense	0.444392949
783	TRIM28		No Mutation	0.476660875
784	TRIM28	V192V;R193H	Silent;Missense	0.900550043
785	TRIM28	H190Y;T191I	Missense;Missense	0.253457811
786	TRIM28	G196R	Missense	0.806420318
787	TRIM28	R193C;S194F	Missense;Missense	-0.430817691
788	TRIM28	T195I	Missense	0.040675635
789	TRIM28	T195I	Missense	-0.146793499
790	TRIM28		No Mutation	0.134411063
791	TRIM28	(NC)	Intron	-0.270592409
792	TRIM28	(NC)	Intron	0.265056611
793	TRIM28		No Mutation	-0.343443601
794	TRIM28		No Mutation	0.360776807
795	TRIM28		No Mutation	0.537667589
796	TRIM28		No Mutation	0.855290412
797	TRIM28	A198T	Missense	0.250892417
798	TRIM28	A198T	Missense	0.484293228
799	TRIM28	(NC)	Intron	1.322941128
800	TRIM28	P197S	Missense	0.302302525
801	TRIM28	K199K	Silent	0.504843811
802	TRIM28	K199K	Silent	0.176337306
803	TRIM28	P197L;A198V	Missense;Missense	0.542868408
804	TRIM28	R201Q	Missense	-0.203690103
805	TRIM28	D202N;G203N	Missense;Missense	0.414779028
806	TRIM28	G203D;E204K	Missense;Missense	0.32397408
807	TRIM28	C221Y;E222K	Missense;Missense	0.159820543
808	TRIM28	C221Y;E222K	Missense;Missense	-0.097105328
809	TRIM28	E222K	Missense	-0.440135401
810	TRIM28	Q233Q	Silent	0.380113473
811	TRIM28	A236T	Missense	-0.065201722
812	TRIM28	C232C;Q233*;L234F	Silent;Nonsense;Missense	-0.373451416
813	TRIM28	K238K;D239N	Silent;Missense	0.345035719
814	TRIM28	(NC);(NC)	Splice-donor;Intron	0.864576816
815	TRIM28	(NC);(NC);(NC)	Splice-donor;Intron;Intron	0.230631584
816	TRIM28	D239D;H240Y	Silent;Missense	-1.566006034
817	TRIM28	(NC);(NC)	Intron;Intron	0.149177287
818	TRIM28		No Mutation	0.482876912
819	TRIM28	(NC)	Intron	0.449390656
820	TRIM28	(NC);(NC);(NC)	Intron;Intron;Intron	-0.122741739
821	TRIM28	(NC);(NC);(NC)	Intron;Intron;Intron	0.853735645
822	TRIM28	(NC);(NC)	Intron;Intron	0.229781829
823	TRIM28	F244F	Silent	-0.078677595
824	TRIM28	A248T;V249M	Missense;Missense	-0.814629872
825	TRIM28	N251N;Q252*	Silent;Nonsense	-0.599238169
826	TRIM28	R253R;L255F	Silent;Missense	-0.193065187
827	TRIM28	L256L;A257T	Silent;Missense	-0.701469557
828	TRIM28	V260V;K261K	Silent;Silent	0.167477373
829	TRIM28	S258L;L259L	Missense;Silent	-0.472706208
830	TRIM28	S258L;L259L	Missense;Silent	-0.130723526
831	TRIM28	L259L	Silent	-0.010609125
832	TRIM28	R262H	Missense	0.239109449
833	TRIM28	A268T	Missense	0.399005615
834	TRIM28	Q271*	Nonsense	-1.321798809
835	TRIM28	Q271*	Nonsense	-0.139598728
836	TRIM28	S279N;(NC)	Missense;Splice-donor	0.914635251
837	TRIM28	R278C	Missense	1.054817742
838	TRIM28	R278C	Missense	0.163930733
839	TRIM28	S279S;S280L	Silent;Missense	-0.142923908
840	TRIM28	S280L	Missense	-0.062998567
841	TRIM28	S280L	Missense	0.207344583
842	TRIM28		No Mutation	-0.42998727
843	TRIM28		No Mutation	1.531504045
844	TRIM28		No Mutation	0.051979827
845	TRIM28	(NC)	Splice-acceptor	0.165557921
846	TRIM28	(NC);(NC);(NC)	Intron;Intron;Intron	-0.329244903
847	TRIM28	Q283Q;V284I	Silent;Missense	0.688378277
848	TRIM28	Q283Q;V284I	Silent;Missense	0.154134928
849	TRIM28	V284I	Missense	-0.347266263
850	TRIM28	V287I	Missense	-0.623251014
851	TRIM28	Q288Q	Silent	-0.470959164
852	TRIM28	Q288*	Nonsense	0.562136106
853	TRIM28	Q292*	Nonsense	-1.124241133
854	TRIM28	A298A;I299I;L300L	Silent;Silent;Silent	0.224176218
855	TRIM28	M303I;K304K	Missense;Silent	0.835344606
856	TRIM28	K304K;E305K	Silent;Missense	0.01023155
857	TRIM28		No Mutation	0.118978203
858	TRIM28		No Mutation	0.599781483
859	TRIM28		No Mutation	0.164907316
860	TRIM28	R309W	Missense	0.256985044
861	TRIM28	L313L	Silent	0.061261082
862	TRIM28	D316N;A317T	Missense;Missense	0.138785259
863	TRIM28	A317A;Q318*	Silent;Nonsense	0.448733419
864	TRIM28	(NC);(NC)	Intron;Intron	0.711224758
865	TRIM28	(NC);(NC);(NC)	Intron;Intron;Intron	-0.578551085
866	TRIM28	(NC);(NC)	Intron;Intron	0.290987405
867	TRIM28	(NC);(NC)	Intron;Intron	0.055027078
868	TRIM28	(NC)	Intron	-0.277231203
869	TRIM28	(NC);(NC);(NC)	Intron;Intron;Intron	0.030180284
870	TRIM28	K319K;V320I	Silent;Missense	-0.460304804
871	TRIM28	(NC);(NC)	Intron;Intron	0.374261708
872	TRIM28	(NC);(NC)	Intron;Intron	0.49279724
873	TRIM28	(NC)	Intron	-0.051858713
874	TRIM28		No Mutation	-0.122774076
875	TRIM28	Q324*	Nonsense	-0.083112426
876	TRIM28	Q325*	Nonsense	0.530671254
877	TRIM28	R327R;L328L	Silent;Silent	-0.440451089
878	TRIM28	W333*	Nonsense	0.59747473
879	TRIM28	Q339Q;K340K	Silent;Silent	1.107449065
880	TRIM28	T336T	Silent	-0.496556906
881	TRIM28	Q342Q	Silent	-0.659046903
882	TRIM28	E343E	Silent	-0.359018224
883	TRIM28	L346L;R347H	Silent;Missense	-0.137783546
884	TRIM28	L346L	Silent	-0.309582922
885	TRIM28	L346L;R347C	Silent;Missense	-0.579810772
886	TRIM28	R347R	Silent	-0.270452942
887	TRIM28	E354E;S355N	Silent;Missense	-0.155648196
888	TRIM28	K365K;K366K	Silent;Silent	-0.744500064
889	TRIM28	K365K;K366K	Silent;Silent	-0.416271508
890	TRIM28		No Mutation	0.198052908
891	TRIM28		No Mutation	0.646414393
892	TRIM28		No Mutation	-0.091928876
893	TRIM28		No Mutation	-0.386362427
894	TRIM28	(NC)	Intron	1.180819359
895	TRIM28		No Mutation	-0.188070375
896	TRIM28	(NC)	Splice-acceptor	0.138334414
897	TRIM28	(NC)	Splice-acceptor	-0.823772633
898	TRIM28		No Mutation	-0.710201994
899	TRIM28	Q371Q	Silent	0.410336743
900	TRIM28	I368I;Y369Y	Silent;Silent	-0.826980739
901	TRIM28	I368I;Y369Y	Silent;Silent	-0.516982906
902	TRIM28	Q371Q;L372L	Silent;Silent	-0.060620753
903	TRIM28		No Mutation	-0.028245829
904	TRIM28	A375V;L376F	Missense;Missense	0.020257213
905	TRIM28	M378I;V380M	Missense;Missense	0.801369028
906	TRIM28	V380V;D381N	Silent;Missense	0.433286292
907	TRIM28		No Mutation	0.534879458
908	TRIM28	V380V;D381N	Silent;Missense	-0.570822424
909	TRIM28	P382F	Missense	0.230946594
910	TRIM28	G387N;E388K	Missense;Missense	0.335891445
911	TRIM28	G387D;E388K	Missense;Missense	0.064251035
912	TRIM28	K390K	Silent	0.318654948
913	TRIM28	G387G	Silent	0.123375758
914	TRIM28	G387G	Silent	-0.306443963
915	TRIM28		No Mutation	-0.459616099
916	TRIM28	K400K	Silent	-0.036591153
917	TRIM28	A397A	Silent	-0.180693342
918	TRIM28	E403K	Missense	1.006942234
919	TRIM28		No Mutation	-0.411205874
920	TRIM28	A402V	Missense	-0.330027275
921	TRIM28	A402V	Missense	-0.368308647
922	TRIM28		No Mutation	0.471925473
923	TRIM28	(NC);(NC)	Intron;Intron	-0.284905194
924	TRIM28	(NC)	Intron	0.606312388
925	TRIM28		No Mutation	-0.461139264
926	TRIM28	P413F	Missense	1.112146411
927	TRIM28	G419N	Missense	-0.105738164
928	TRIM28	T418I	Missense	0.274606007
929	TRIM28		No Mutation	-0.423975938
930	TRIM28		No Mutation	-1.409325701
931	TRIM28	A424V;P425F	Missense;Missense	-0.311506613
932	TRIM28	R427K;A428T	Missense;Missense	0.143620799
933	TRIM28	A424V;P425F	Missense;Missense	-0.570229491
934	TRIM28	R427K;A428T	Missense;Missense	2.0897108
935	TRIM28	G430K	Missense	-0.049482584
936	TRIM28	G430K	Missense	0.579330493
937	TRIM28	G430K	Missense	0.963919673
938	TRIM28		No Mutation	-0.217052786
939	TRIM28	P431S	Missense	0.067171911
940	TRIM28	P431F	Missense	-0.034341406
941	TRIM28	S433N;K434K	Missense;Silent	0.18157257
942	TRIM28	K434K	Silent	0.952014359
943	TRIM28	K434K	Silent	-1.077414836
944	TRIM28	L432L	Silent	-0.574491764
945	TRIM28	G436N	Missense	0.231413323
946	TRIM28	G436D	Missense	0.007879031
947	TRIM28	G438S	Missense	1.417342692
948	TRIM28	G436G	Silent	-1.279232896
949	TRIM28	G438G;S439S	Silent;Silent	0.50060464
950	TRIM28	S440S;Q441*	Silent;Nonsense	-0.135684246
951	TRIM28	(NC);(NC);(NC)	Intron;Intron;Intron	0.205876449
952	TRIM28	(NC)	Intron	-1.303114114
953	TRIM28	(NC)	Intron	0.110635709
954	TRIM28		No Mutation	0.332756556
955	TRIM28	(NC);P442S	Intron;Missense	0.259270163
956	TRIM28	P442F	Missense	0.045187275
957	TRIM28		No Mutation	-0.419277142
958	TRIM28	E447K;G448N	Missense;Missense	0.842244699
959	TRIM28	G448N	Missense	0.219174374
960	TRIM28	Q446*	Nonsense	0.067140532
961	TRIM28		No Mutation	0.975672681
962	TRIM28	G448G	Silent	0.40576865
963	TRIM28	G450G	Silent	-0.283573691
964	TRIM28	G450G	Silent	0.240886191
965	TRIM28		No Mutation	0.312139072
966	TRIM28		No Mutation	0.950497789
967	TRIM28		No Mutation	0.173091459
968	TRIM28	(NC)	Intron	-0.034835712
969	TRIM28		No Mutation	-0.154630947
970	TRIM28	D456N	Missense	-0.64620122
971	TRIM28	E462K	Missense	-0.027266149
972	TRIM28	E462E	Silent	0.597606804
973	TRIM28	A461V	Missense	-1.072384342
974	TRIM28		No Mutation	1.243322293
975	TRIM28	V468I	Missense	0.204371414
976	TRIM28	V468V	Silent	0.78918202
977	TRIM28	V468V	Silent	-0.602827672
978	TRIM28		No Mutation	-0.614695169
979	TRIM28		No Mutation	-0.274614644
980	TRIM28		No Mutation	0.536513624
981	TRIM28		No Mutation	-0.018929957
982	TRIM28		No Mutation	-0.171052405
983	TRIM28	(NC)	Intron	-0.428520517
984	TRIM28	(NC)	Splice-acceptor	-0.023187715
985	TRIM28	(NC)	Intron	0.90472319
986	TRIM28	(NC)	Intron	0.552562305
987	TRIM28	S471F	Missense	0.467877425
988	TRIM28	S471S;R472C	Silent;Missense	-0.231222528
989	TRIM28	G476D;E477K	Missense;Missense	0.23870514
990	TRIM28	E477K;V478M	Missense;Missense	0.162005703
991	TRIM28		No Mutation	0.556579464
992	TRIM28	S479S	Silent	-0.107584073
993	TRIM28	V485V	Silent	-0.011133842
994	TRIM28		No Mutation	-0.027867136
995	TRIM28	E491K;R492H	Missense;Missense	-0.421587297
996	TRIM28	S489S;L490F	Silent;Missense	0.43647122
997	TRIM28	L495L;D496N	Silent;Missense	-0.502946493
998	TRIM28	A499T	Missense	0.547848221
999	TRIM28	D500N	Missense	0.869852645
1000	TRIM28	Q502Q	Silent	-0.221440767
1001	TRIM28	S501S;Q502*;P503S	Silent;Nonsense;Missense	-0.147494373
1002	TRIM28	K507K;V508I	Silent;Missense	0.145506217
1003	TRIM28	V505V	Silent	-0.647826524
1004	TRIM28	V508I	Missense	0.335413781
1005	TRIM28		No Mutation	0.504068725
1006	TRIM28		No Mutation	-0.769059908
1007	TRIM28	F509F;P510L	Silent;Missense	0.044332341
1008	TRIM28	E515K;D516N	Missense;Missense	2.146985309
1009	TRIM28	E515K;D516N	Missense;Missense	-0.152942592
1010	TRIM28		No Mutation	-0.452651984
1011	TRIM28	L519F	Missense	0.411926171
1012	TRIM28	R524H;G525S	Missense;Missense	0.335469371
1013	TRIM28	A526V;A527V	Missense;Missense	-0.16008963
1014	TRIM28	A529V;A530V	Missense;Missense	0.246017675
1015	TRIM28	A529V;A530V	Missense;Missense	0.202962203
1016	TRIM28	G532D;Q533Q	Missense;Silent	-1.050881683
1017	TRIM28	A537T	Missense	-0.406914499
1018	TRIM28	P534L	Missense	0.393331421
1019	TRIM28	A537A;A539T	Silent;Missense	-0.87566133
1020	TRIM28	A539T;G540K	Missense;Missense	-0.296001372
1021	TRIM28	A537V;P538F	Missense;Missense	-0.268226242
1022	TRIM28	G543N;A544T	Missense;Missense	1.316604795
1023	TRIM28	T541T;P542F	Silent;Missense	-0.122658101
1024	TRIM28	A544V	Missense	0.029446788
1025	TRIM28	L547L	Silent	0.025427912
1026	TRIM28	L547L;A548T	Silent;Missense	0.404391257
1027	TRIM28	L547L;A548T	Silent;Missense	0.568058966
1028	TRIM28	A544A;P545L;P546S	Silent;Missense;Missense	0.451767743
1029	TRIM28	G549D;M550I	Missense;Missense	0.149927119
1030	TRIM28	M550I;A551T	Missense;Missense	-0.134955682
1031	TRIM28	M550I;A551T	Missense;Missense	1.468699504
1032	TRIM28	A551T	Missense	0.556750089
1033	TRIM28		No Mutation	0.161959788
1034	TRIM28	G549G	Silent	-0.480796873
1035	TRIM28	V553I	Missense	0.285528841
1036	TRIM28	(NC);(NC)	Intron;Intron	-0.07816358
1037	TRIM28		No Mutation	-0.060172026
1038	TRIM28	(NC);(NC);(NC)	Intron;Intron;Intron	-0.229930017
1039	TRIM28	(NC);(NC)	Intron;Intron	0.266980294
1040	TRIM28	(NC)	Intron	-0.622987835
1041	TRIM28	(NC);(NC)	Intron;Splice-acceptor	0.205425926
1042	TRIM28	(NC);(NC);(NC)	Intron;Intron;Intron	-0.180612383
1043	TRIM28	(NC);(NC);E555K	Intron;Splice-acceptor;Missense	0.528878654
1044	TRIM28	(NC);(NC)	Intron;Intron	0.008829639
1045	TRIM28		No Mutation	0.373527095
1046	TRIM28	A564A;P565F;P566S	Silent;Missense;Missense	-0.164349903
1047	TRIM28	P565F;P566F	Missense;Missense	0.668137488
1048	TRIM28	E570K	Missense	-0.083307045
1049	TRIM28	E570K;G571S	Missense;Missense	0.129394763
1050	TRIM28	E570K;G571N	Missense;Missense	0.412833169
1051	TRIM28	G571N	Missense	0.083476514
1052	TRIM28	E573E	Silent	-0.463231236
1053	TRIM28	T574I	Missense	-0.629702174
1054	TRIM28	V577I	Missense	-0.061304396
1055	TRIM28	V577I	Missense	0.487584778
1056	TRIM28	M579I;A580T	Missense;Missense	1.362164041
1057	TRIM28	L578F	Missense	0.191440068
1058	TRIM28	L578F	Missense	0.648166414
1059	TRIM28	L578F	Missense	0.561194993
1060	TRIM28	A582T	Missense	-0.608857452
1061	TRIM28	A580V;L581F	Missense;Missense	-0.185530107
1062	TRIM28		No Mutation	-0.065300319
1063	TRIM28		No Mutation	-0.260196379
1064	TRIM28	A587V	Missense	0.072372159
1065	TRIM28	R591H	Missense	1.028663228
1066	TRIM28	R591C;L592L	Missense;Silent	-0.002940014
1067	TRIM28	S596N	Missense	-0.113671599
1068	TRIM28	S596N	Missense	-0.607613078
1069	TRIM28	S596N;G597S	Missense;Missense	-0.516258559
1070	TRIM28	G597N	Missense	-0.373457533
1071	TRIM28	S598N	Missense	-0.238463659
1072	TRIM28		No Mutation	0.419003231
1073	TRIM28	G597G	Silent	-0.134074442
1074	TRIM28	S600N	Missense	0.279177498
1075	TRIM28	G597G;S598S	Silent;Silent	-0.293173404
1076	TRIM28	S598S;T599I	Silent;Missense	0.225317035
1077	TRIM28	T599T;S600S	Silent;Silent	-0.072185664
1078	TRIM28	S600S;S601L	Silent;Missense	-0.104832649
1079	TRIM28	E604E;V605I	Silent;Missense	-0.304374144
1080	TRIM28		No Mutation	-0.18564308
1081	TRIM28		No Mutation	0.309089383
1082	TRIM28		No Mutation	0.238829598
1083	TRIM28	T611I	Missense	0.894622113
1084	TRIM28	A613T	Missense	0.415240554
1085	TRIM28	T611I;S612L	Missense;Missense	-0.399860816
1086	TRIM28	A613V;P614S	Missense;Missense	0.176727288
1087	TRIM28	A613V;P614L	Missense;Missense	1.296670672
1088	TRIM28	G616D;G617N	Missense;Missense	0.080516137
1089	TRIM28	P618P;G619K	Silent;Missense	0.729742116
1090	TRIM28		No Mutation	0.115107033
1091	TRIM28	P618P;G619K	Silent;Missense	0.837673822
1092	TRIM28	G619K	Missense	-0.063763532
1093	TRIM28	D623N	Missense	-0.200665338
1094	TRIM28	D623N;S624N	Missense;Missense	0.467952139
1095	TRIM28		No Mutation	0.472137199
1096	TRIM28		No Mutation	-0.676535133
1097	TRIM28	C631Y	Missense	-0.312118756
1098	TRIM28	C631Y;Q632Q	Missense;Silent	-0.191470617
1099	TRIM28	R629C	Missense	1.005794348
1100	TRIM28	K633K;G635S	Silent;Missense	0.494150738
1101	TRIM28	C631C;Q632*	Silent;Nonsense	-0.230983485
1102	TRIM28	L637L;V638I	Silent;Missense	0.86610269
1103	TRIM28	M639I;C640Y	Missense;Missense	-0.258534377
1104	TRIM28		No Mutation	0.083743571
1105	TRIM28	H648H;L649L	Silent;Silent	0.233196006
1106	TRIM28	L653L	Silent	-0.170404192
1107	TRIM28	L653L;P654P;A655T	Silent;Silent;Missense	0.642301128
1108	TRIM28	H652Y;L653L	Missense;Silent	-0.494335333
1109	TRIM28	Q657Q;D658N;V659I	Silent;Missense;Missense	0.187053597
1110	TRIM28	A655V;L656L	Missense;Silent	0.760584606
1111	TRIM28	A655V;L656L	Missense;Silent	0.802165528
1112	TRIM28	V659I	Missense	-0.186555543
1113	TRIM28	G661K;(NC)	Missense;Splice-donor	0.173868827
1114	TRIM28	G661K;(NC)	Missense;Splice-donor	-0.178893077
1115	TRIM28	P660L	Missense	0.321522609
1116	TRIM28	P660L	Missense	0.221698329
1117	TRIM28		No Mutation	0.184183411
1118	TRIM28		No Mutation	-0.339882454
1119	TRIM28		No Mutation	-0.59444875
1120	TRIM28	(NC);(NC);(NC)	Intron;Intron;Intron	-0.237007082
1121	TRIM28		No Mutation	-0.339145375
1122	TRIM28		No Mutation	0.819415664
1123	TRIM28	(NC)	Splice-acceptor	-0.46900146
1124	TRIM28	(NC);(NC)	Intron;Intron	-1.037583045
1125	TRIM28	W664*;S665N	Nonsense;Missense	0.8467176
1126	TRIM28	S665N;C666Y	Missense;Missense	0.226312214
1127	TRIM28	L672F	Missense	0.860339497
1128	TRIM28	L672F;P673S	Missense;Missense	1.526100751
1129	TRIM28	L675L	Silent	0.903157098
1130	TRIM28	L672L;P673F	Silent;Missense	-0.202851588
1131	TRIM28	D674D;L675L	Silent;Silent	1.167657005
1132	TRIM28	E677E;E678K;D679N	Silent;Missense;Missense	-0.146525094
1133	TRIM28	E678K;D679N	Missense;Missense	-0.090328041
1134	TRIM28	G680N	Missense	1.477110221
1135	TRIM28		No Mutation	-0.411226852
1136	TRIM28	G680G	Silent	0.363360795
1137	TRIM28	A687T;D688N	Missense;Missense	0.260725591
1138	TRIM28		No Mutation	0.659989935
1139	TRIM28	S689N	Missense	-0.034672937
1140	TRIM28	A687V	Missense	0.731844723
1141	TRIM28	D688D	Silent	-0.477007081
1142	TRIM28	L696L;S697L	Silent;Missense	0.788505783
1143	TRIM28		No Mutation	0.56653796
1144	TRIM28	L696L;S697L;P698S	Silent;Missense;Missense	-0.264204264
1145	TRIM28	P698L;A699V	Missense;Missense	1.749255079
1146	TRIM28	A699V	Missense	0.001208761
1147	TRIM28	N700N;Q701*	Silent;Nonsense	-0.319518618
1148	TRIM28	(NC);(NC);(NC)	Splice-donor;Intron;Intron	0.336348554
1149	TRIM28	N700N;Q701*	Silent;Nonsense	-0.390059742
1150	TRIM28	N700N;Q701*;R702W	Silent;Nonsense;Missense	-0.27514067
1151	TRIM28	(NC);(NC);(NC)	Intron;Intron;Intron	1.071234673
1152	TRIM28	(NC);(NC);(NC);(NC)	Intron;Intron;Intron;Intron	-0.571544245
1153	TRIM28		No Mutation	1.818787651
1154	TRIM28	(NC)	Intron	-0.810466095
1155	TRIM28	(NC)	Intron	-0.24747044
1156	TRIM28	(NC)	Splice-acceptor	0.691520068
1157	TRIM28	(NC)	Splice-acceptor	-0.01849738
1158	TRIM28		No Mutation	-0.579583624
1159	TRIM28		No Mutation	-0.665747363
1160	TRIM28		No Mutation	0.790135593
1161	TRIM28	C717C;R718C;P719S	Silent;Missense;Missense	-0.182216807
1162	TRIM28		No Mutation	-0.085442081
1163	TRIM28	Q722Q	Silent	-0.686588343
1164	TRIM28	Q722Q;L723L;A724T	Silent;Silent;Missense	-0.050670782
1165	TRIM28	L723L;A724T	Silent;Missense	0.681785233
1166	TRIM28	A724T	Missense	0.70762151
1167	TRIM28		No Mutation	-0.312108109
1168	TRIM28	D726N	Missense	-0.187570979
1169	TRIM28	T725T;D726D	Silent;Silent	-0.114822914
1170	TRIM28	L731L	Silent	-0.165541605
1171	TRIM28	F729F;S730F	Silent;Missense	0.429393782
1172	TRIM28	(NC);(NC)	Intron;Intron	0.463597369
1173	TRIM28	(NC)	Intron	-0.286337791
1174	TRIM28	S730S;L731L	Silent;Silent	0.828000991
1175	TRIM28	L731L	Silent	0.308463523
1176	TRIM28	(NC);(NC);(NC)	Intron;Intron;Intron	0.255040087
1177	TRIM28	(NC)	Intron	1.280091535
1178	TRIM28	(NC);(NC);(NC)	Intron;Intron;Intron	0.515105149
1179	TRIM28	(NC);(NC)	Intron;Intron	-0.649382581
1180	TRIM28	(NC);(NC)	Intron;Intron	0.109852329
1181	TRIM28		No Mutation	-0.522553316
1182	TRIM28	(NC);(NC)	Intron;Intron	0.450870636
1183	TRIM28	(NC);(NC)	Intron;Intron	-0.173315353
1184	TRIM28	G735N;G736S	Missense;Missense	-0.094911034
1185	TRIM28	D732D;Q733*;P734S	Silent;Nonsense;Missense	0.603855205
1186	TRIM28	L738L;D739N	Silent;Missense	-0.111516723
1187	TRIM28	D739N	Missense	0.909941616
1188	TRIM28	L740L	Silent	-1.285598533
1189	TRIM28	L742L	Silent	-0.450092086
1190	TRIM28	L742L	Silent	-0.287993488
1191	TRIM28	I743I;R744C	Silent;Missense	0.265153431
1192	TRIM28	R746H	Missense	0.593502472
1193	TRIM28		No Mutation	-0.62787608
1194	TRIM28	Q748Q;E749K	Silent;Missense	0.682930921
1195	TRIM28	K750K;L751L	Silent;Silent	0.531953548
1196	TRIM28	K750K;L751L	Silent;Silent	0.247681768
1197	TRIM28	L751L	Silent	-0.217322058
1198	TRIM28		No Mutation	0.224682577
1199	TRIM28	P754F	Missense	-0.011864771
1200	TRIM28		No Mutation	1.323847561
1201	TRIM28	Q759Q;E760K	Silent;Missense	-0.544403288
1202	TRIM28	Q759Q;E760K	Silent;Missense	0.668473787
1203	TRIM28	S757S;P758L;Q759*	Silent;Missense;Nonsense	-0.041282665
1204	TRIM28	Q763Q	Silent	0.351718172
1205	TRIM28		No Mutation	0.266067235
1206	TRIM28	Q763Q;D764N	Silent;Missense	1.050360755
1207	TRIM28		No Mutation	0.572266357
1208	TRIM28	Q763Q;D764N	Silent;Missense	0.089085176
1209	TRIM28	R767H;M768I	Missense;Missense	0.553733327
1210	TRIM28	M768I	Missense	-0.458380186
1211	TRIM28		No Mutation	-0.11776519
1212	TRIM28	F772F	Silent	-0.329258434
1213	TRIM28	T776I	Missense	0.908820677
1214	TRIM28		No Mutation	0.358646661
1215	TRIM28	(NC);(NC)	Intron;Intron	0.248299446
1216	TRIM28	(NC)	Intron	0.154624653
1217	TRIM28	(NC);(NC)	Intron;Intron	0.054344314
1218	TRIM28	(NC);(NC)	Intron;Intron	0.523524201
1219	TRIM28	K779K	Silent	-0.150212522
1220	TRIM28	V782I	Missense	0.101654476
1221	TRIM28	V782I	Missense	1.64291203
1222	TRIM28	D781D	Silent	-0.540908028
1223	TRIM28	Q789Q;R790H	Silent;Missense	0.431251107
1224	TRIM28	R795C	Missense	-0.675873826
1225	TRIM28	K804K	Silent	-0.119425331
1226	TRIM28	T803T	Silent	0.276145493
1227	TRIM28	F805F	Silent	-0.333902853
1228	TRIM28	V808V;L809L	Silent;Silent	1.240259813
1229	TRIM28	P813L;P814L	Missense;Missense	-0.126417283
1230	TRIM28	L817L	Silent	-0.011061474
1231	TRIM28	L817L	Silent	-0.452149844
1232	TRIM28	L817L;G819S	Silent;Missense	-1.23787658
1233	TRIM28		No Mutation	-0.16105036
1234	TRIM28	G819N	Missense	-0.364881488
1235	TRIM28	G819N;A820T	Missense;Missense	-0.459043379
1236	TRIM28	L822L	Silent	1.699627454
1237	TRIM28	A820V	Missense	-0.058473538
1238	TRIM28	S823N	Missense	0.897919489
1239	TRIM28	S824F	Missense	0.12261186
1240	TRIM28	E826E;L827L	Silent;Silent	-0.259605659
1241	TRIM28	S824F;Q825*	Missense;Nonsense	-0.236998997
1242	TRIM28	L827L	Silent	-0.634192769
1243	TRIM28	G829D;G830N	Missense;Missense	-0.001205501
1244	TRIM28	G830N	Missense	-0.01725951
1245	TRIM28	S828F	Missense	-0.016505252
1246	TRIM28	P831F	Missense	0.425657948
1247	TRIM28		No Mutation	-0.022907133
1248	TRIM28	*836*;(NC)	Silent;UTR	0.286285266
1249	TRIM28	*836*;(NC);(NC)	Silent;UTR;UTR	0.293180653
1250	TRIM28		No Mutation	-1.075796496
1251	TRIM28		No Mutation	-8.2e-05
1252	TRIM28		No Mutation	0.742453987
1253	TRIM28		No Mutation	-0.652497203
1254	MPHOSPH8	(NC)	UTR	0.760617447
1255	MPHOSPH8	(NC);(NC)	UTR;UTR	0.148721211
1256	MPHOSPH8	(NC)	UTR	-0.144287186
1257	MPHOSPH8	(NC)	UTR	-0.359375131
1258	MPHOSPH8		No Mutation	0.442814922
1259	MPHOSPH8		No Mutation	0.246890437
1260	MPHOSPH8		No Mutation	-0.213111029
1261	MPHOSPH8		No Mutation	-0.501336392
1262	MPHOSPH8		No Mutation	-0.317182719
1263	MPHOSPH8	A17T	Missense	-0.541331601
1264	MPHOSPH8	D19N	Missense	-0.045323735
1265	MPHOSPH8	D19N;S20N	Missense;Missense	-0.37956285
1266	MPHOSPH8	A17V	Missense	0.510927254
1267	MPHOSPH8	A18A;D19D	Silent;Silent	-0.901261731
1268	MPHOSPH8	E23E;L24L	Silent;Silent	-0.393071465
1269	MPHOSPH8	A25V	Missense	-0.440039736
1270	MPHOSPH8		No Mutation	-0.116592226
1271	MPHOSPH8	G30E;V31I	Missense;Missense	0.54202612
1272	MPHOSPH8		No Mutation	-0.452325511
1273	MPHOSPH8		No Mutation	-0.460648627
1274	MPHOSPH8		No Mutation	-0.331350145
1275	MPHOSPH8	D39D;A40V	Silent;Missense	-0.231032514
1276	MPHOSPH8	A41V	Missense	0.254487857
1277	MPHOSPH8		No Mutation	-0.449818649
1278	MPHOSPH8	E46E;A47T	Silent;Missense	0.297183941
1279	MPHOSPH8	A47V	Missense	0.420998491
1280	MPHOSPH8	A47A	Silent	-0.106213697
1281	MPHOSPH8	G49G	Silent	0.128107065
1282	MPHOSPH8	E52E;E53K	Silent;Missense	0.63335788
1283	MPHOSPH8	D50D	Silent	0.521813695
1284	MPHOSPH8	D54D	Silent	0.381475353
1285	MPHOSPH8		No Mutation	-0.06197664
1286	MPHOSPH8	F59F	Silent	-0.560768895
1287	MPHOSPH8	I64I;L65L	Silent;Silent	-0.079858114
1288	MPHOSPH8	L65L	Silent	-2.073228811
1289	MPHOSPH8	D66D	Silent	0.207362389
1290	MPHOSPH8	D66D	Silent	-0.950401355
1291	MPHOSPH8	E70K;G71R	Missense;Missense	0.071108451
1292	MPHOSPH8	T69I	Missense	-0.43240866
1293	MPHOSPH8	T69I	Missense	-0.05654351
1294	MPHOSPH8	T69I	Missense	0.815923916
1295	MPHOSPH8	T69T	Silent	-1.04770734
1296	MPHOSPH8	(NC);(NC);(NC);(NC)	Intron;Intron;Intron;Intron	-0.129375795
1297	MPHOSPH8		No Mutation	1.599884814
1298	MPHOSPH8		No Mutation	0.599104851
1299	MPHOSPH8		No Mutation	0.011790237
1300	MPHOSPH8		No Mutation	0.331841431
1301	MPHOSPH8		No Mutation	-0.151536279
1302	MPHOSPH8	(NC)	Splice-acceptor	-0.87070568
1303	MPHOSPH8	L75F	Missense	-0.230700599
1304	MPHOSPH8	Y76Y	Silent	-7.54e-05
1305	MPHOSPH8	R79R	Silent	-0.470439596
1306	MPHOSPH8	T84I;S85L	Missense;Missense	-0.063381331
1307	MPHOSPH8	S85L	Missense	0.13181158
1308	MPHOSPH8	P92S	Missense	0.25629063
1309	MPHOSPH8		No Mutation	0.370089458
1310	MPHOSPH8	P92F	Missense	0.012576153
1311	MPHOSPH8	E97K;D98N	Missense;Missense	-0.23668649
1312	MPHOSPH8	E97E;D98N	Silent;Missense	-0.145313557
1313	MPHOSPH8	E101K;V102M	Missense;Missense	0.798169955
1314	MPHOSPH8		No Mutation	-0.293231685
1315	MPHOSPH8	N113N	Silent	-0.351265264
1316	MPHOSPH8	A115V	Missense	1.473563022
1317	MPHOSPH8	K120K;D121N	Silent;Missense	-0.485414206
1318	MPHOSPH8	V118V	Silent	0.670446337
1319	MPHOSPH8		No Mutation	0.614344843
1320	MPHOSPH8		No Mutation	0.655521286
1321	MPHOSPH8		No Mutation	-0.428152879
1322	MPHOSPH8		No Mutation	0.448615087
1323	MPHOSPH8		No Mutation	-0.145865071
1324	MPHOSPH8		No Mutation	-0.722812192
1325	MPHOSPH8	D180D	Silent	-1.3956736
1326	MPHOSPH8	E187E;S188N	Silent;Missense	-0.06517182
1327	MPHOSPH8	D185D;L186L	Silent;Silent	-0.596277155
1328	MPHOSPH8		No Mutation	-1.20722278
1329	MPHOSPH8	L190L;E191K	Silent;Missense	-0.17955494
1330	MPHOSPH8		No Mutation	-0.028755277
1331	MPHOSPH8	A206V	Missense	0.080749742
1332	MPHOSPH8	K211K;E212K	Silent;Missense	0.102617801
1333	MPHOSPH8		No Mutation	-0.342926843
1334	MPHOSPH8		No Mutation	-0.488033685
1335	MPHOSPH8		No Mutation	0.138367809
1336	MPHOSPH8		No Mutation	-0.002262639
1337	MPHOSPH8		No Mutation	0.048010373
1338	MPHOSPH8		No Mutation	1.071955347
1339	MPHOSPH8		No Mutation	-0.691678482
1340	MPHOSPH8	P275L	Missense	-0.292999832
1341	MPHOSPH8	D278N;S279N	Missense;Missense	-0.262790134
1342	MPHOSPH8	P275L	Missense	0.418719965
1343	MPHOSPH8	S279N	Missense	-0.472032157
1344	MPHOSPH8	E280K;G281K	Missense;Missense	0.472584098
1345	MPHOSPH8	E289E	Silent	0.203176046
1346	MPHOSPH8	A296V	Missense	0.205310761
1347	MPHOSPH8	A296V	Missense	-0.431644378
1348	MPHOSPH8		No Mutation	-0.106912449
1349	MPHOSPH8		No Mutation	0.483127669
1350	MPHOSPH8	A300V	Missense	-0.670870497
1351	MPHOSPH8	A300V	Missense	0.300303856
1352	MPHOSPH8	Q302*	Nonsense	-0.698346167
1353	MPHOSPH8	D303D	Silent	-0.271991184
1354	MPHOSPH8	M318I;S319N	Missense;Missense	-0.29631768
1355	MPHOSPH8	M318I;S319N	Missense;Missense	0.271300979
1356	MPHOSPH8	D315D	Silent	0.183689096
1357	MPHOSPH8	M318I;S319N;A320T	Missense;Missense;Missense	-0.639212681
1358	MPHOSPH8	A317V	Missense	-0.155789513
1359	MPHOSPH8	E322E;D323N	Silent;Missense	0.270549741
1360	MPHOSPH8		No Mutation	-0.658228099
1361	MPHOSPH8	T324I	Missense	0.068049095
1362	MPHOSPH8	T324I	Missense	0.623722034
1363	MPHOSPH8	R329K;R330K	Missense;Missense	-0.407554446
1364	MPHOSPH8		No Mutation	-0.165571984
1365	MPHOSPH8	T334I;P335S	Missense;Missense	-0.527611012
1366	MPHOSPH8	E339E;D340N	Silent;Missense	0.553115206
1367	MPHOSPH8	E339E;D340N	Silent;Missense	0.493190329
1368	MPHOSPH8	D340N	Missense	-0.184093789
1369	MPHOSPH8	D340D	Silent	0.463198795
1370	MPHOSPH8	T358I	Missense	-0.371881097
1371	MPHOSPH8	S382F	Missense	0.2993925
1372	MPHOSPH8	S382F;A383V	Missense;Missense	-0.550750449
1373	MPHOSPH8	T385T	Silent	1.164047194
1374	MPHOSPH8	A383V;Q384*	Missense;Nonsense	-0.434151565
1375	MPHOSPH8	T385M	Missense	-0.118047229
1376	MPHOSPH8	G388D;R389Q	Missense;Missense	0.336759178
1377	MPHOSPH8	R389Q	Missense	0.092034788
1378	MPHOSPH8		No Mutation	0.00187868
1379	MPHOSPH8	G388G	Silent	1.360985807
1380	MPHOSPH8	G388G;R389W	Silent;Missense	-0.720508828
1381	MPHOSPH8	L391L;S392N	Silent;Missense	-0.137199517
1382	MPHOSPH8		No Mutation	-0.037008389
1383	MPHOSPH8		No Mutation	-0.828366852
1384	MPHOSPH8		No Mutation	-0.444718059
1385	MPHOSPH8	S400F	Missense	-0.581003605
1386	MPHOSPH8	A404T	Missense	-0.021976057
1387	MPHOSPH8	S400S;T401M	Silent;Missense	-0.272501591
1388	MPHOSPH8	D402D;S403L	Silent;Missense	0.282840151
1389	MPHOSPH8	E405E;E406K	Silent;Missense	0.566876753
1390	MPHOSPH8	D402D;S403L	Silent;Missense	-0.431531969
1391	MPHOSPH8	A404A	Silent	-0.364873308
1392	MPHOSPH8		No Mutation	-0.157393462
1393	MPHOSPH8		No Mutation	-0.104370294
1394	MPHOSPH8	(NC)	Intron	-0.179114618
1395	MPHOSPH8		No Mutation	-0.578208187
1396	MPHOSPH8		No Mutation	-1.329025811
1397	MPHOSPH8	H423Y	Missense	-0.771551337
1398	MPHOSPH8	S425F	Missense	-0.024313509
1399	MPHOSPH8	G431G	Silent	0.020966035
1400	MPHOSPH8	(NC);(NC)	Splice-donor;Intron	-0.354475559
1401	MPHOSPH8		No Mutation	0.069114504
1402	MPHOSPH8		No Mutation	0.666570499
1403	MPHOSPH8	S462F	Missense	-0.288195564
1404	MPHOSPH8		No Mutation	-0.001408175
1405	MPHOSPH8		No Mutation	-0.440451059
1406	MPHOSPH8	D479D	Silent	0.81196602
1407	MPHOSPH8	Q488*	Nonsense	-1.681761082
1408	MPHOSPH8	A504V	Missense	0.474067881
1409	MPHOSPH8	A507V	Missense	0.040557706
1410	MPHOSPH8	A508V	Missense	0.935225926
1411	MPHOSPH8	Q520*;A521V	Nonsense;Missense	0.103217531
1412	MPHOSPH8	D526N	Missense	0.397377264
1413	MPHOSPH8		No Mutation	-1.031030427
1414	MPHOSPH8	(NC)	Intron	0.626266685
1415	MPHOSPH8		No Mutation	-0.432411074
1416	MPHOSPH8	Q530Q	Silent	0.59043921
1417	MPHOSPH8	Q529*;Q530*	Nonsense;Nonsense	-1.238091651
1418	MPHOSPH8	Q529*;Q530*	Nonsense;Nonsense	0.211298738
1419	MPHOSPH8	L532L	Silent	-0.320081806
1420	MPHOSPH8	G535G	Silent	0.367624328
1421	MPHOSPH8	D537D	Silent	0.031559102
1422	MPHOSPH8		No Mutation	0.112773579
1423	MPHOSPH8	W542*;M543I	Nonsense;Missense	-0.105885127
1424	MPHOSPH8	F548F;Q549*	Silent;Nonsense	0.448151718
1425	MPHOSPH8	F548F;Q549*	Silent;Nonsense	-0.922752652
1426	MPHOSPH8	G554K	Missense	0.343844035
1427	MPHOSPH8	E557K	Missense	-0.202152065
1428	MPHOSPH8	P566L	Missense	0.381173303
1429	MPHOSPH8	(NC)	Intron	-0.935386639
1430	MPHOSPH8		No Mutation	0.483333144
1431	MPHOSPH8		No Mutation	0.005890017
1432	MPHOSPH8		No Mutation	-0.193772896
1433	MPHOSPH8		No Mutation	-0.722683862
1434	MPHOSPH8		No Mutation	-0.897177947
1435	MPHOSPH8		No Mutation	-0.453667275
1436	MPHOSPH8	(NC)	Intron	-1.201868941
1437	MPHOSPH8		No Mutation	1.985663739
1438	MPHOSPH8	(NC);(NC);(NC)	Intron;Intron;Intron	-0.931951265
1439	MPHOSPH8	S600N;G601K	Missense;Missense	-0.005641677
1440	MPHOSPH8	S599F	Missense	0.03090409
1441	MPHOSPH8	L604L;V605I	Silent;Missense	-0.940621622
1442	MPHOSPH8		No Mutation	-0.016368712
1443	MPHOSPH8	L607F	Missense	1.472464984
1444	MPHOSPH8	L607F	Missense	0.250566259
1445	MPHOSPH8	A608V	Missense	-0.627182987
1446	MPHOSPH8	Q613Q;D614N	Silent;Missense	0.2347216
1447	MPHOSPH8	D615N	Missense	0.250851268
1448	MPHOSPH8		No Mutation	0.400625515
1449	MPHOSPH8		No Mutation	-0.457335117
1450	MPHOSPH8	R618*;L619F	Nonsense;Missense	-0.429480987
1451	MPHOSPH8		No Mutation	0.510514719
1452	MPHOSPH8	G624G;A625V	Silent;Missense	-0.167316405
1453	MPHOSPH8	N628N	Silent	-0.70024199
1454	MPHOSPH8	N628N	Silent	-0.70753859
1455	MPHOSPH8	A641T	Missense	0.256116443
1456	MPHOSPH8	A642T	Missense	0.459886455
1457	MPHOSPH8	L638L;H640Y	Silent;Missense	-0.069821028
1458	MPHOSPH8	E643K	Missense	0.121513213
1459	MPHOSPH8	E643K	Missense	-0.006478147
1460	MPHOSPH8	A641V;A642V	Missense;Missense	-0.584517364
1461	MPHOSPH8	(NC)	Splice-acceptor	0.037057687
1462	MPHOSPH8	T649I	Missense	-0.404203095
1463	MPHOSPH8		No Mutation	0.973169771
1464	MPHOSPH8	E668K	Missense	0.197887654
1465	MPHOSPH8		No Mutation	1.196485769
1466	MPHOSPH8		No Mutation	-0.165452027
1467	MPHOSPH8	(NC);A674T	Splice-acceptor;Missense	0.335436073
1468	MPHOSPH8	(NC)	Intron	0.493349743
1469	MPHOSPH8	R684*;L685F	Nonsense;Missense	-0.666685437
1470	MPHOSPH8	L704L	Silent	-0.077893133
1471	MPHOSPH8	K708K;Q709Q	Silent;Silent	0.435119983
1472	MPHOSPH8	K708K;Q709Q	Silent;Silent	1.107574216
1473	MPHOSPH8	A730V	Missense	-0.174301184
1474	MPHOSPH8	V748I	Missense	-0.117381289
1475	MPHOSPH8	A752T;C753Y	Missense;Missense	0.196440889
1476	MPHOSPH8	R755Q	Missense	0.414702267
1477	MPHOSPH8	H754Y	Missense	-0.393557432
1478	MPHOSPH8	H754Y	Missense	-0.868972418
1479	MPHOSPH8	D765N	Missense	-0.619312897
1480	MPHOSPH8	P771L;Q772*	Missense;Nonsense	0.086550603
1481	MPHOSPH8	E776K	Missense	0.685912693
1482	MPHOSPH8	E776K	Missense	-0.07553526
1483	MPHOSPH8	E776K;G777S	Missense;Missense	0.826411502
1484	MPHOSPH8	E776K;G777S;(NC)	Missense;Missense;Splice-donor	0.280769619
1485	MPHOSPH8	(NC)	Intron	0.058695813
1486	MPHOSPH8	G779N	Missense	0.103485639
1487	MPHOSPH8	G779N	Missense	0.635360441
1488	MPHOSPH8	A787T	Missense	-0.176109256
1489	MPHOSPH8	L790L;G791N	Silent;Missense	0.023087923
1490	MPHOSPH8		No Mutation	-0.770862839
1491	MPHOSPH8		No Mutation	0.427628906
1492	MPHOSPH8	A806T;V807I	Missense;Missense	0.135614512
1493	MPHOSPH8	(NC)	Intron	-0.047202006
1494	MPHOSPH8		No Mutation	0.599498961
1495	MPHOSPH8	S826L	Missense	-1.167110582
1496	MPHOSPH8		No Mutation	-0.502337181
1497	MPHOSPH8		No Mutation	-0.774928754
1498	MPHOSPH8	P833L	Missense	0.100812936
1499	MPHOSPH8	R839K	Missense	0.229203642
1500	MPHOSPH8	R839K	Missense	-0.123106826
1501	MPHOSPH8		No Mutation	-0.687689313
1502	MPHOSPH8	(NC)	Intron	0.297280984
1503	MPHOSPH8	(NC)	Intron	-0.677546009
1504	MPHOSPH8		No Mutation	0.428630386
1505	MPHOSPH8		No Mutation	0.754251182
1506	MPHOSPH8	(NC)	Intron	-0.182283072
1507	MPHOSPH8	Q860*	Nonsense	0.427657355
1508	MPHOSPH8	Q860*	Nonsense	-0.738322036
1509	MPHOSPH8	(NC);(NC)	UTR;UTR	-1.433615425
1510	MPHOSPH8	(NC);(NC)	UTR;UTR	-0.039563778
1511	MPHOSPH8	(NC)	UTR	0.284869713
1512	MPHOSPH8	(NC);(NC);(NC)	UTR;UTR;UTR	-0.472635566
1513	TASOR		No Mutation	0.081977477
1514	TASOR	E1608K	Missense	0.119466138
1515	TASOR		No Mutation	0.223563614
1516	TASOR	W1596*;G1597K	Nonsense;Missense	-0.163752824
1517	TASOR	P1591L;P1592F	Missense;Missense	0.180646831
1518	TASOR	P1591L;P1592S	Missense;Missense	0.062822375
1519	TASOR	S1590F;P1591L	Missense;Missense	0.823313898
1520	TASOR	A1580V	Missense	0.522366899
1521	TASOR	Q1569Q	Silent	-0.490903392
1522	TASOR	Q1569Q	Silent	-0.111641819
1523	TASOR	S1568N	Missense	0.19277612
1524	TASOR		No Mutation	-0.455460523
1525	TASOR		No Mutation	-0.927505895
1526	TASOR	S1530L	Missense	-0.139103756
1527	TASOR		No Mutation	-0.089774792
1528	TASOR	E1509E;R1510K	Silent;Missense	0.729710736
1529	TASOR	G1477E	Missense	0.137587675
1530	TASOR	T1472I	Missense	0.324469699
1531	TASOR		No Mutation	0.350489644
1532	TASOR		No Mutation	-0.209440647
1533	TASOR		No Mutation	-0.023232857
1534	TASOR		No Mutation	0.373651882
1535	TASOR		No Mutation	-0.155340858
1536	TASOR	N1438N	Silent	-0.471587183
1537	TASOR	L1429F	Missense	0.003843246
1538	TASOR	E1427K	Missense	-0.596531018
1539	TASOR	A1425T	Missense	0.923221496
1540	TASOR		No Mutation	0.2323419
1541	TASOR	N1404N	Silent	-0.760803523
1542	TASOR	N1404N	Silent	0.342921574
1543	TASOR	T1389I	Missense	-0.106664906
1544	TASOR	G1392K	Missense	0.041594853
1545	TASOR	S1386F	Missense	0.771017296
1546	TASOR	Q1365Q;A1366T	Silent;Missense	-0.319818711
1547	TASOR	C1360C;L1361F	Silent;Missense	-0.230417065
1548	TASOR		No Mutation	0.71236628
1549	TASOR	R1353*	Nonsense	-0.086996807
1550	TASOR		No Mutation	0.7519059
1551	TASOR	V1333V;Q1335*	Silent;Nonsense	-0.833184303
1552	TASOR	L1314L	Silent	1.10959826
1553	TASOR		No Mutation	0.524790683
1554	TASOR	Q1311*	Nonsense	-0.262407464
1555	TASOR	Q1311Q;K1312K	Silent;Silent	0.335160702
1556	TASOR	P1298L	Missense	0.566082732
1557	TASOR	T1297I	Missense	0.259100173
1558	TASOR	L1295F	Missense	-0.067567074
1559	TASOR		No Mutation	-0.212510814
1560	TASOR	V1282I;E1283K;(NC)	Missense;Missense;Splice-donor	0.078741875
1561	TASOR	V1282I;E1283K	Missense;Missense	-0.321558332
1562	TASOR	P1277L	Missense	0.14694995
1563	TASOR	S1273L	Missense	0.426570056
1564	TASOR		No Mutation	0.448745145
1565	TASOR		No Mutation	0.906883697
1566	TASOR	G1246N	Missense	-1.805178929
1567	TASOR	A1245T;G1246N	Missense;Missense	1.512115347
1568	TASOR	A1245T;G1246S	Missense;Missense	-0.639750474
1569	TASOR		No Mutation	0.441653185
1570	TASOR	(NC)	Intron	-0.225778352
1571	TASOR		No Mutation	-0.401217587
1572	TASOR	A1224V	Missense	0.243058047
1573	TASOR	Q1219*	Nonsense	-0.911746494
1574	TASOR	E1206K;R1207K	Missense;Missense	-0.900757018
1575	TASOR		No Mutation	-0.012611995
1576	TASOR		No Mutation	1.320461288
1577	TASOR	L1183F	Missense	-0.504961891
1578	TASOR	S1158N	Missense	-0.127013227
1579	TASOR		No Mutation	-0.246901573
1580	TASOR	V1155I	Missense	-1.513368084
1581	TASOR		No Mutation	-0.184802961
1582	TASOR		No Mutation	0.948807063
1583	TASOR		No Mutation	0.239851701
1584	TASOR		No Mutation	0.275721395
1585	TASOR		No Mutation	0.163984925
1586	TASOR	E1128K	Missense	1.223136436
1587	TASOR	E1128K	Missense	-0.228366999
1588	TASOR	R1123Q;E1124K	Missense;Missense	-1.134403553
1589	TASOR	P1118F	Missense	-0.374869828
1590	TASOR	P1118F	Missense	0.126553534
1591	TASOR		No Mutation	0.349738126
1592	TASOR	S1113F	Missense	-0.201802081
1593	TASOR	V1111V	Silent	-0.162211638
1594	TASOR	E1108K	Missense	0.447813181
1595	TASOR	H1105Y	Missense	-1.064563421
1596	TASOR	E1108K	Missense	0.149327208
1597	TASOR	E1097K	Missense	-0.21119533
1598	TASOR	Q1089*	Nonsense	0.008417631
1599	TASOR	Q1089Q	Silent	1.283923218
1600	TASOR		No Mutation	0.273551163
1601	TASOR		No Mutation	0.125754606
1602	TASOR	S1078N;D1079N	Missense;Missense	-0.849556195
1603	TASOR		No Mutation	-0.336471464
1604	TASOR	D1066N	Missense	0.092609393
1605	TASOR	V1059I	Missense	-0.214785344
1606	TASOR	A1051V;S1052L	Missense;Missense	-0.517473151
1607	TASOR		No Mutation	-0.596080485
1608	TASOR	A1048T	Missense	0.101779884
1609	TASOR	D1045N	Missense	0.002254879
1610	TASOR	V1041V	Silent	0.630830938
1611	TASOR	D1045N	Missense	1.46470727
1612	TASOR	L1038L	Silent	0.643108523
1613	TASOR	A1031V	Missense	0.696111801
1614	TASOR	A1031V	Missense	0.424428479
1615	TASOR		No Mutation	0.744620112
1616	TASOR		No Mutation	-0.370453496
1617	TASOR	Q1014*	Nonsense	-0.62366942
1618	TASOR	Q1014Q;E1015K	Silent;Missense	0.36909397
1619	TASOR	S1009F	Missense	0.035800286
1620	TASOR	S1006F	Missense	0.597711217
1621	TASOR	K1007K	Silent	0.712178742
1622	TASOR	T993I;Q994*	Missense;Nonsense	-0.333768805
1623	TASOR	E995K	Missense	-0.118665435
1624	TASOR		No Mutation	0.405460421
1625	TASOR	V960V	Silent	0.168407579
1626	TASOR	T956I	Missense	-0.468791929
1627	TASOR	S953S	Silent	-0.051615195
1628	TASOR		No Mutation	-0.434761827
1629	TASOR	E954K	Missense	0.5059513
1630	TASOR	E948K	Missense	0.04017075
1631	TASOR		No Mutation	0.82897176
1632	TASOR		No Mutation	0.110579323
1633	TASOR	D931D	Silent	-0.039810727
1634	TASOR	D931D	Silent	0.348112674
1635	TASOR	V932V;L933L	Silent;Silent	0.288872865
1636	TASOR		No Mutation	-0.158719222
1637	TASOR	L924L	Silent	0.600335113
1638	TASOR		No Mutation	0.440141529
1639	TASOR	(NC)	Intron	0.004272803
1640	TASOR		No Mutation	-0.080312002
1641	TASOR		No Mutation	0.54540957
1642	TASOR	(NC)	Splice-acceptor	-0.145298489
1643	TASOR		No Mutation	-0.917198852
1644	TASOR		No Mutation	1.79861856
1645	TASOR	L917L	Silent	-0.909912347
1646	TASOR		No Mutation	-1.042025826
1647	TASOR	R899H	Missense	-0.46970329
1648	TASOR	R899H	Missense	-0.632399731
1649	TASOR		No Mutation	-0.568735998
1650	TASOR	E895K	Missense	-0.826811517
1651	TASOR		No Mutation	0.553318192
1652	TASOR	V880I	Missense	-1.128330308
1653	TASOR		No Mutation	-0.435567212
1654	TASOR	L871L;E873K	Silent;Missense	-0.209421714
1655	TASOR	D866N	Missense	0.388997826
1656	TASOR	S859F	Missense	-0.586295828
1657	TASOR		No Mutation	0.955922894
1658	TASOR		No Mutation	-0.34708893
1659	TASOR		No Mutation	0.088780538
1660	TASOR	E826K	Missense	-0.306774578
1661	TASOR	E826K	Missense	0.057830348
1662	TASOR		No Mutation	-0.354401466
1663	TASOR	A804V	Missense	-0.38492399
1664	TASOR	D802N	Missense	-0.046103784
1665	TASOR	T792I	Missense	0.186430979
1666	TASOR	L789L	Silent	-0.35336775
1667	TASOR	W774*	Nonsense	-0.774014729
1668	TASOR	I768I;H769Y	Silent;Missense	0.295998913
1669	TASOR		No Mutation	1.501078881
1670	TASOR	G764G	Silent	0.901899211
1671	TASOR	A766T	Missense	-0.130361344
1672	TASOR	Q758*	Nonsense	-0.054594092
1673	TASOR	D752D	Silent	-1.13042893
1674	TASOR		No Mutation	-0.315794934
1675	TASOR	H749Y	Missense	-0.388718222
1676	TASOR	G748K	Missense	0.744526069
1677	TASOR		No Mutation	0.608797259
1678	TASOR	Q742*;P743F	Nonsense;Missense	-0.911668965
1679	TASOR	S740F	Missense	-0.186176582
1680	TASOR		No Mutation	0.295556841
1681	TASOR		No Mutation	0.282543002
1682	TASOR		No Mutation	0.03384936
1683	TASOR		No Mutation	-0.654727232
1684	TASOR	V709V	Silent	-0.567153761
1685	TASOR	S706S	Silent	0.478884032
1686	TASOR		No Mutation	0.057781812
1687	TASOR		No Mutation	-0.430929286
1688	TASOR		No Mutation	0.23222541
1689	TASOR		No Mutation	-0.397346993
1690	TASOR		No Mutation	-0.574662701
1691	TASOR		No Mutation	0.057897278
1692	TASOR	S673F	Missense	0.088119513
1693	TASOR		No Mutation	0.138921496
1694	TASOR	K667K	Silent	1.006109524
1695	TASOR		No Mutation	-0.281887133
1696	TASOR	R655*	Nonsense	0.115273063
1697	TASOR	T648I	Missense	-0.247947255
1698	TASOR	Q641*	Nonsense	-0.021006849
1699	TASOR	E639K;G640N	Missense;Missense	0.251656704
1700	TASOR	P634L;L635F	Missense;Missense	-0.21734254
1701	TASOR		No Mutation	0.597007051
1702	TASOR	E610K	Missense	-0.713397215
1703	TASOR	L602L	Silent	0.301874419
1704	TASOR	C601Y;L602L	Missense;Silent	-0.726225127
1705	TASOR		No Mutation	0.600874117
1706	TASOR		No Mutation	0.144082172
1707	TASOR	D583N	Missense	-0.826600289
1708	TASOR	V553I	Missense	-0.555805853
1709	TASOR		No Mutation	-0.311388559
1710	TASOR	E519K;S520N	Missense;Missense	0.688506015
1711	TASOR	Q515Q;E516K	Silent;Missense	-0.468173854
1712	TASOR	A512V	Missense	-0.483739585
1713	TASOR	T510I	Missense	-0.010219451
1714	TASOR	(NC)	Splice-donor	-0.13834682
1715	TASOR		No Mutation	0.176471537
1716	TASOR		No Mutation	0.513054547
1717	TASOR		No Mutation	0.294082911
1718	TASOR	(NC);(NC)	Intron;Intron	0.682095182
1719	TASOR	P478F	Missense	0.434333172
1720	TASOR		No Mutation	0.143438613
1721	TASOR	Q475*	Nonsense	0.10021284
1722	TASOR		No Mutation	0.38145629
1723	TASOR		No Mutation	-0.157720391
1724	TASOR		No Mutation	0.122408108
1725	TASOR	L471F	Missense	-0.738073039
1726	TASOR		No Mutation	-0.246623318
1727	TASOR		No Mutation	0.086716827
1728	TASOR	G466K	Missense	-0.589103294
1729	TASOR	P461F	Missense	0.189992748
1730	TASOR	L458F	Missense	0.353462605
1731	TASOR	L458F	Missense	0.350989495
1732	TASOR	(NC);(NC);(NC)	Intron;Intron;Intron	-1.279643302
1733	TASOR		No Mutation	-0.697379275
1734	TASOR		No Mutation	-0.932317478
1735	TASOR	C429C;S430S;L431F	Silent;Silent;Missense	0.264800012
1736	TASOR	(NC)	Intron	0.628318783
1737	TASOR	P419S	Missense	0.882384204
1738	TASOR	Y416Y	Silent	0.433596304
1739	TASOR	K413K;E414K	Silent;Missense	-0.109600102
1740	TASOR		No Mutation	0.793210109
1741	TASOR		No Mutation	-0.861463819
1742	TASOR	V393I;E394K	Missense;Missense	0.977141931
1743	TASOR	(NC)	Intron	-0.928352083
1744	TASOR	L383L	Silent	0.659717892
1745	TASOR	Q362Q	Silent	-1.631676285
1746	TASOR	N355N	Silent	-0.252620106
1747	TASOR		No Mutation	0.796708001
1748	TASOR	T347I	Missense	0.117392412
1749	TASOR	(NC)	Intron	-0.083356682
1750	TASOR	S339L;S340L	Missense;Missense	-0.359607226
1751	TASOR		No Mutation	0.325375596
1752	TASOR		No Mutation	-0.070049997
1753	TASOR		No Mutation	-0.151572318
1754	TASOR		No Mutation	0.307381663
1755	TASOR	G306G	Silent	0.371561837
1756	TASOR	T298I	Missense	-0.166679064
1757	TASOR	Q299Q;(NC)	Silent;Splice-donor	-0.714738105
1758	TASOR		No Mutation	-1.008045138
1759	TASOR	A294V	Missense	-0.392221919
1760	TASOR		No Mutation	-0.023109048
1761	TASOR	R285*	Nonsense	-0.281156543
1762	TASOR	V279M	Missense	-0.563449648
1763	TASOR	C277Y	Missense	-0.408278537
1764	TASOR	E276K;C277Y	Missense;Missense	0.225005163
1765	TASOR	E276K	Missense	-1.280601153
1766	TASOR		No Mutation	-0.01843443
1767	TASOR	P254P	Silent	-0.23115658
1768	TASOR		No Mutation	-0.484600909
1769	TASOR		No Mutation	-0.642542795
1770	TASOR	A234T	Missense	-0.116938226
1771	TASOR		No Mutation	0.1186827
1772	TASOR		No Mutation	-0.265094573
1773	TASOR	P229S	Missense	-0.394567658
1774	TASOR	A227V	Missense	0.043243723
1775	TASOR	A227V	Missense	0.216924773
1776	TASOR	A227V	Missense	0.613448638
1777	TASOR	Q226*	Nonsense	0.252109468
1778	TASOR		No Mutation	0.865070149
1779	TASOR	V216I	Missense	-0.641561506
1780	TASOR		No Mutation	-0.798591023
1781	TASOR		No Mutation	-0.663727881
1782	TASOR		No Mutation	-0.699456137
1783	TASOR	L209F	Missense	-0.026145242
1784	TASOR	L209F	Missense	-0.367985592
1785	TASOR	G210N	Missense	1.0679494
1786	TASOR	S204F	Missense	-0.27191367
1787	TASOR		No Mutation	0.322676003
1788	TASOR		No Mutation	-0.154140127
1789	TASOR	Q192*;T193I	Nonsense;Missense	-1.123408153
1790	TASOR		No Mutation	-0.036304882
1791	TASOR		No Mutation	0.548888647
1792	TASOR	M185I;V186I	Missense;Missense	-1.882322795
1793	TASOR	S180F	Missense	-0.250893743
1794	TASOR		No Mutation	-0.346276293
1795	TASOR		No Mutation	0.032673611
1796	TASOR	H152Y	Missense	0.264554005
1797	TASOR	N144N;Y145Y	Silent;Silent	0.445890388
1798	TASOR		No Mutation	-0.78461499
1799	TASOR		No Mutation	0.647927061
1800	TASOR	V140I	Missense	-0.668660561
1801	TASOR	E136K	Missense	0.037352925
1802	TASOR	E124K	Missense	-0.837684384
1803	TASOR	G119N	Missense	-0.043655238
1804	TASOR	S106S	Silent	0.359848217
1805	TASOR		No Mutation	0.774350152
1806	TASOR		No Mutation	-0.560564291
1807	TASOR	R97K;R98K	Missense;Missense	0.068161861
1808	TASOR	R97K;R98K	Missense;Missense	1.43892597
1809	TASOR	P92L	Missense	-0.502036174
1810	TASOR	P92F	Missense	0.043865522
1811	TASOR	R94K	Missense	0.066970233
1812	TASOR	R94K	Missense	0.452117784
1813	TASOR	R94K	Missense	0.041999237
1814	TASOR	G88G;P89F	Silent;Missense	0.328365293
1815	TASOR	E91E	Silent	0.331294321
1816	TASOR	E91K	Missense	0.226056693
1817	TASOR	E90K;E91K	Missense;Missense	-0.020024426
1818	TASOR	E90K	Missense	-0.229920684
1819	TASOR	G88D	Missense	-0.068204672
1820	TASOR	A82V;A83V	Missense;Missense	0.612861706
1821	TASOR	A82A;A83T	Silent;Missense	-0.143531775
1822	TASOR	D76D;S77F	Silent;Missense	-0.134284397
1823	TASOR	E79K;A80T	Missense;Missense	0.320758761
1824	TASOR	Q75*	Nonsense	-1.91561892
1825	TASOR	Q75*	Nonsense	0.149526868
1826	TASOR	P74F;Q75*	Missense;Nonsense	-0.545317144
1827	TASOR	Q75Q;D76N	Silent;Missense	-0.064601184
1828	TASOR	Q73Q	Silent	0.033807745
1829	TASOR	L69L;S70S;H71Y	Silent;Silent;Missense	-0.628238733
1830	TASOR	E72K	Missense	-0.00098202
1831	TASOR	E72K	Missense	-0.423631464
1832	TASOR	S70N	Missense	0.050632389
1833	TASOR	S68N	Missense	-0.395938596
1834	TASOR		No Mutation	0.080114093
1835	TASOR	R57C	Missense	-0.602856064
1836	TASOR	R57C	Missense	0.063744483
1837	TASOR	R57C	Missense	0.533906292
1838	TASOR	R57C	Missense	1.334207437
1839	TASOR	G56E;R57H	Missense;Missense	-0.643372751
1840	TASOR	G56K;R57H	Missense;Missense	0.010041331
1841	TASOR	S52S;G53G	Silent;Silent	-0.297344242
1842	TASOR	P51F	Missense	-0.443962042
1843	TASOR	P51F	Missense	-0.192745032
1844	TASOR	I48I;A49V	Silent;Missense	0.584611746
1845	TASOR	E50E	Silent	0.893246381
1846	TASOR	N47N	Silent	0.334069708
1847	TASOR	Q39*	Nonsense	0.487359677
1848	TASOR	Q38*;Q39*	Nonsense;Nonsense	-0.474393499
1849	TASOR	S37F;Q38*	Missense;Nonsense	-0.917557699
1850	TASOR	S36F;S37F	Missense;Missense	-0.656838069
1851	TASOR	S36F	Missense	-0.077345981
1852	TASOR		No Mutation	0.711724068
1853	TASOR		No Mutation	0.265775963
1854	TASOR		No Mutation	-0.115021492
1855	TASOR		No Mutation	0.621420814
1856	TASOR	A15V	Missense	0.076974516
1857	TASOR	A15V	Missense	0.221461368
1858	TASOR	W17*;E18K	Nonsense;Missense	0.057268068
1859	TASOR	P12L	Missense	-0.102039958
1860	TASOR	P12L	Missense	-0.271694901
1861	TASOR	A15T	Missense	-1.097828251
1862	TASOR		No Mutation	1.48041623
1863	TASOR	A2V	Missense	0.128042872
1864	TASOR	A4T	Missense	-0.176068414
1865	TASOR	(NC);(NC)	UTR;UTR	-0.198149255
1866	TASOR	M1I;A2T	Missense;Missense	0.311010482
1867	TASOR	(NC);(NC)	UTR;UTR	0.397598046
1868	TASOR	(NC);(NC)	UTR;UTR	-0.574407971
1869	TASOR	(NC);(NC);(NC)	UTR;UTR;UTR	0.589719787
1870	PPHLN1		No Mutation	-0.08273249
1871	PPHLN1	S24N	Missense	0.597830355
1872	PPHLN1	S24N;(NC)	Missense;Splice-donor	-0.79468062
1873	PPHLN1		No Mutation	-0.494567568
1874	PPHLN1		No Mutation	-0.48737436
1875	PPHLN1	L40L	Silent	0.07725707
1876	PPHLN1	P39L;L40L	Missense;Silent	-0.753984251
1877	PPHLN1	R43K	Missense	-0.015069604
1878	PPHLN1	L41L	Silent	0.92563841
1879	PPHLN1	G45N	Missense	0.392163911
1880	PPHLN1		No Mutation	0.959511882
1881	PPHLN1	Y58Y;R59*	Silent;Nonsense	-0.598327028
1882	PPHLN1	Y58Y;R59*	Silent;Nonsense	-0.011360966
1883	PPHLN1	E63E;G64N	Silent;Missense	-0.529545861
1884	PPHLN1	D70N	Missense	-0.759171182
1885	PPHLN1		No Mutation	-0.185808182
1886	PPHLN1	(NC);(NC)	Splice-donor;Intron	0.05618733
1887	PPHLN1	(NC)	Intron	-0.23558509
1888	PPHLN1		No Mutation	-0.328497048
1889	PPHLN1		No Mutation	-0.518338747
1890	PPHLN1	S94S	Silent	0.613646769
1891	PPHLN1	P97F	Missense	-0.292986253
1892	PPHLN1	(NC)	Intron	-0.062104485
1893	PPHLN1	S114F;H115Y	Missense;Missense	0.539763663
1894	PPHLN1	E119E;R120Q	Silent;Missense	-0.243831601
1895	PPHLN1	E119E;R120Q	Silent;Missense	0.129831515
1896	PPHLN1	R120W	Missense	-0.82729738
1897	PPHLN1	R120W	Missense	-0.251688348
1898	PPHLN1	S133L;P134S	Missense;Missense	0.084432975
1899	PPHLN1	D139N	Missense	-0.574714876
1900	PPHLN1		No Mutation	0.630194807
1901	PPHLN1	S140F;P141L	Missense;Missense	-1.332696848
1902	PPHLN1	G146N	Missense	0.217721875
1903	PPHLN1	R152K;S153N	Missense;Missense	-0.183121498
1904	PPHLN1	S153S	Silent	-0.230121957
1905	PPHLN1		No Mutation	-0.489034805
1906	PPHLN1	R170K	Missense	-0.495779639
1907	PPHLN1		No Mutation	-0.045494175
1908	PPHLN1	(NC)	Splice-acceptor	0.290246422
1909	PPHLN1	(NC)	Splice-acceptor	0.209249944
1910	PPHLN1	K171K	Silent	-0.916113428
1911	PPHLN1	K171K;V173M	Silent;Missense	-0.05291719
1912	PPHLN1	V173I	Missense	0.497355217
1913	PPHLN1		No Mutation	-0.360237208
1914	PPHLN1	R174H	Missense	0.715930829
1915	PPHLN1		No Mutation	-0.147661668
1916	PPHLN1	P175L	Missense	-0.214945182
1917	PPHLN1	R181Q	Missense	0.260165008
1918	PPHLN1	Y179Y	Silent	-0.505312561
1919	PPHLN1	Q182Q	Silent	0.463878107
1920	PPHLN1	E184K	Missense	0.12805865
1921	PPHLN1		No Mutation	-1.05376255
1922	PPHLN1	(NC)	Intron	0.018578592
1923	PPHLN1	(NC)	Intron	0.761314196
1924	PPHLN1	T204I	Missense	-0.047761118
1925	PPHLN1	A211T;V212I	Missense;Missense	-0.392769509
1926	PPHLN1	V212I	Missense	0.345739024
1927	PPHLN1	A211V	Missense	-0.298337277
1928	PPHLN1		No Mutation	0.017916516
1929	PPHLN1	P221P	Silent	-0.216893218
1930	PPHLN1		No Mutation	-0.195094225
1931	PPHLN1	A230V	Missense	0.073888728
1932	PPHLN1		No Mutation	-0.040208844
1933	PPHLN1		No Mutation	-0.083081464
1934	PPHLN1	E256K	Missense	0.97255619
1935	PPHLN1	S253F	Missense	-0.626201913
1936	PPHLN1		No Mutation	-0.265244735
1937	PPHLN1		No Mutation	0.025980355
1938	PPHLN1		No Mutation	0.504163665
1939	PPHLN1	Q267Q	Silent	-0.420755888
1940	PPHLN1	E272K	Missense	0.177566079
1941	PPHLN1		No Mutation	0.213450825
1942	PPHLN1	S273L	Missense	-0.253741959
1943	PPHLN1	S273L	Missense	0.666686076
1944	PPHLN1		No Mutation	0.047249252
1945	PPHLN1		No Mutation	0.134674725
1946	PPHLN1	T298I	Missense	-0.641607776
1947	PPHLN1		No Mutation	-0.275126713
1948	PPHLN1	R306Q	Missense	-0.967555024
1949	PPHLN1	Q307*	Nonsense	0.235508007
1950	PPHLN1	D308D	Silent	0.091882201
1951	PPHLN1		No Mutation	0.266975759
1952	PPHLN1	D308D	Silent	-0.024488159
1953	PPHLN1		No Mutation	-0.608338033
1954	PPHLN1	S329F	Missense	0.557986603
1955	PPHLN1	Q336*	Nonsense	-0.313392718
1956	PPHLN1	H339Y	Missense	0.389755128
1957	PPHLN1	(NC);(NC)	Intron;Intron	-0.964388117
1958	PPHLN1	(NC);(NC)	Intron;Intron	0.22653694
1959	PPHLN1	(NC);E342E	Splice-acceptor;Silent	-0.69004737
1960	PPHLN1	S343F	Missense	0.712297449
1961	PPHLN1	Q346Q	Silent	-0.063997522
1962	PPHLN1	Q346*	Nonsense	0.069261531
1963	PPHLN1	Q350*	Nonsense	-0.245405534
1964	PPHLN1		No Mutation	1.904022618
1965	PPHLN1	E358K	Missense	0.302538324
1966	PPHLN1	E358K	Missense	0.799333539
1967	PPHLN1	E358K	Missense	0.529920983
1968	PPHLN1	E358K	Missense	0.382227521
1969	PPHLN1	T357I	Missense	-0.56191056
1970	PPHLN1	T364I	Missense	-0.644879216
1971	PPHLN1	A373V;Q374*	Missense;Nonsense	0.318013779
1972	PPHLN1	(NC)	Intron	-0.509008808
1973	PPHLN1	(NC)	Intron	0.113680272
1974	PPHLN1		No Mutation	-0.322766907
1975	PPHLN1	Q378Q	Silent	0.379810968
1976	PPHLN1	A376V;P377S	Missense;Missense	-0.399751231
1977	PPHLN1	Q378Q	Silent	-0.018674975
1978	PPHLN1	Q381Q;A382T	Silent;Missense	0.226533242
1979	PPHLN1	Q381Q;A382T	Silent;Missense	-0.85961966
1980	PPHLN1	A382T	Missense	0.076507507
1981	PPHLN1	Q384Q	Silent	-0.3349589
1982	PPHLN1	Q384Q	Silent	1.516549917
1983	PPHLN1	Q384Q	Silent	-0.93970106
1984	PPHLN1		No Mutation	0.056235192
1985	PPHLN1	P383L;Q384*	Missense;Nonsense	-0.408868273
1986	PPHLN1	Q387Q	Silent	-0.384115628
1987	PPHLN1	Q387Q	Silent	-0.120803267
1988	PPHLN1	R389Q	Missense	0.155140631
1989	PPHLN1	Q387*	Nonsense	-0.189529345
1990	PPHLN1	Q387*;P388S	Nonsense;Missense	-0.123870311
1991	PPHLN1	K390K	Silent	0.78773263
1992	PPHLN1	K390K	Silent	0.492907648
1993	PPHLN1	K390K	Silent	0.262624881
1994	PPHLN1		No Mutation	0.600368359
1995	PPHLN1	V393I;R394H	Missense;Missense	-0.060594589
1996	PPHLN1	R394H	Missense	0.244033717
1997	PPHLN1	R394H	Missense	-0.417104823
1998	PPHLN1	T396M	Missense	-0.445663424
1999	PPHLN1	Q398*;L399F	Nonsense;Missense	2.284684328
2000	PPHLN1	A405V	Missense	0.219485721
2001	PPHLN1	A405V;P406S	Missense;Missense	0.595757013
2002	PPHLN1	A405V;P406L	Missense;Missense	1.143208386
2003	PPHLN1	A405V;P406L	Missense;Missense	-0.60525704
2004	PPHLN1	W410*;G411K	Nonsense;Missense	-0.32959644
2005	PPHLN1	W410*;G411K	Nonsense;Missense	-0.018130069
2006	PPHLN1	G411K	Missense	-0.34058252
2007	PPHLN1	K414K;K415K	Silent;Silent	-0.430806009
2008	PPHLN1	L413L	Silent	-0.001035815
2009	PPHLN1		No Mutation	0.179634959
2010	PPHLN1	T416I;T417I	Missense;Missense	0.417021597
2011	PPHLN1	Q428Q	Silent	-0.040625939
2012	PPHLN1		No Mutation	0.914231925
2013	PPHLN1	V443I;V444I	Missense;Missense	0.491404504
2014	PPHLN1	H445Y	Missense	-0.223422704
2015	PPHLN1	C446C;N447N	Silent;Silent	0.754013138
2016	PPHLN1		No Mutation	0.818357052
2017	MORC2	(NC);(NC);(NC)	UTR;UTR;UTR	0.71480292
2018	MORC2	T1029T	Silent	-1.157492559
2019	MORC2	G1031G;D1032N	Silent;Missense	0.181008918
2020	MORC2	I1028I;T1029I	Silent;Missense	0.033161325
2021	MORC2	D1026D;L1027F	Silent;Missense	0.230443654
2022	MORC2	D1026D	Silent	0.546933692
2023	MORC2		No Mutation	-1.003487567
2024	MORC2		No Mutation	0.506663836
2025	MORC2		No Mutation	0.605741609
2026	MORC2	L1020L	Silent	-0.019410093
2027	MORC2	I1014I;N1015N	Silent;Silent	-1.106762674
2028	MORC2		No Mutation	-0.724068093
2029	MORC2	D1011N	Missense	0.336292879
2030	MORC2	(NC);D1011N	Splice-acceptor;Missense	-0.455181777
2031	MORC2	(NC)	Splice-acceptor	-0.664742236
2032	MORC2		No Mutation	-0.767641107
2033	MORC2	(NC);(NC);(NC)	Intron;Intron;Intron	-1.303114858
2034	MORC2	Q1009*	Nonsense	-0.927726691
2035	MORC2	L1004L;L1005L;Q1006*	Silent;Silent;Nonsense	-0.106037245
2036	MORC2	L1004F;L1005L	Missense;Silent	0.540571433
2037	MORC2	I1001I	Silent	-0.242270833
2038	MORC2	L1005L	Silent	-0.218006086
2039	MORC2	L997L	Silent	0.275658516
2040	MORC2		No Mutation	0.184027586
2041	MORC2		No Mutation	-0.919950258
2042	MORC2	R988H	Missense	0.497022993
2043	MORC2	E984E;R985K	Silent;Missense	-0.200733341
2044	MORC2	S979S;L980L	Silent;Silent	-0.018373806
2045	MORC2	R981H	Missense	0.161010328
2046	MORC2	L980L;R981H	Silent;Missense	-0.349849676
2047	MORC2	S979N	Missense	-0.628222398
2048	MORC2	E977K;E978K	Missense;Missense	-0.449962867
2049	MORC2	E977K	Missense	-0.678143297
2050	MORC2	S971S;R972W	Silent;Missense	-0.031360983
2051	MORC2	R972R;A973T	Silent;Missense	-0.138711638
2052	MORC2	A969V	Missense	0.338025868
2053	MORC2		No Mutation	-0.827508031
2054	MORC2	S967S;R968C	Silent;Missense	0.592620639
2055	MORC2	S967S	Silent	0.58071324
2056	MORC2	D970N	Missense	0.212298663
2057	MORC2	Q966Q	Silent	-0.724294768
2058	MORC2		No Mutation	-0.216511153
2059	MORC2	F951F	Silent	0.84433451
2060	MORC2	F951F	Silent	1.375426705
2061	MORC2		No Mutation	-0.345435031
2062	MORC2		No Mutation	-0.451966618
2063	MORC2	(NC);(NC)	Intron;Intron	0.150770212
2064	MORC2		No Mutation	0.932993554
2065	MORC2		No Mutation	-0.446313798
2066	MORC2	(NC);(NC)	Intron;Intron	0.694289578
2067	MORC2	S935N;A936T	Missense;Missense	-0.394353561
2068	MORC2	Q933Q;L934L	Silent;Silent	-0.100410889
2069	MORC2	Q933Q	Silent	0.786097113
2070	MORC2	K932K;Q933Q	Silent;Silent	-0.149570348
2071	MORC2		No Mutation	1.133573361
2072	MORC2		No Mutation	-0.191815375
2073	MORC2		No Mutation	0.410574987
2074	MORC2	C918Y	Missense	1.420110163
2075	MORC2	(NC)	Intron	-0.115827118
2076	MORC2	C918Y	Missense	-0.816434137
2077	MORC2	R916R	Silent	0.258116402
2078	MORC2	(NC);(NC)	Intron;Intron	-0.203444501
2079	MORC2	(NC)	Intron	-0.410474204
2080	MORC2		No Mutation	0.998604453
2081	MORC2	(NC)	Intron	0.586236909
2082	MORC2		No Mutation	-0.080037419
2083	MORC2	L911F	Missense	0.338416553
2084	MORC2	Q913Q	Silent	0.230588771
2085	MORC2	D909N	Missense	-0.443822724
2086	MORC2	E906K	Missense	-0.3124788
2087	MORC2	E906K	Missense	0.660163514
2088	MORC2		No Mutation	0.139153867
2089	MORC2	L901L;S902N	Silent;Missense	-0.009297723
2090	MORC2		No Mutation	0.107411185
2091	MORC2	D897N	Missense	0.628803349
2092	MORC2	E895K	Missense	0.236635679
2093	MORC2	R893H	Missense	-0.227836952
2094	MORC2	C891Y	Missense	-0.308923408
2095	MORC2	C891Y	Missense	-0.998611146
2096	MORC2	E885E	Silent	-0.570798349
2097	MORC2	V883I;A884T	Missense;Missense	-0.192311542
2098	MORC2	V883I	Missense	0.058978285
2099	MORC2	A880T	Missense	-0.255201307
2100	MORC2	Q879Q;A880T	Silent;Missense	0.144244285
2101	MORC2	G874G;P875S	Silent;Missense	-0.899206945
2102	MORC2		No Mutation	1.132498598
2103	MORC2	G868G	Silent	0.295276042
2104	MORC2	G868G	Silent	-0.497497575
2105	MORC2		No Mutation	-0.238542122
2106	MORC2	Q866*	Nonsense	0.066702074
2107	MORC2	Q865*;Q866*	Nonsense;Nonsense	-0.995400204
2108	MORC2	T864I;Q865*	Missense;Nonsense	-0.072293651
2109	MORC2	Q866Q;E867K;G868S	Silent;Missense;Missense	0.555517224
2110	MORC2	T864I	Missense	0.53654038
2111	MORC2	T864I	Missense	0.644858625
2112	MORC2	L862F	Missense	0.454099313
2113	MORC2	S861S;L862F	Silent;Missense	-0.037219274
2114	MORC2	S861S;L862F	Silent;Missense	-0.75346251
2115	MORC2	D863N	Missense	-0.25791592
2116	MORC2	Q860Q;S861N	Silent;Missense	0.13576412
2117	MORC2	Q860Q	Silent	0.046487055
2118	MORC2	Q860Q	Silent	0.685992523
2119	MORC2		No Mutation	-0.081195497
2120	MORC2		No Mutation	0.225614874
2121	MORC2	G845G	Silent	-0.221475218
2122	MORC2		No Mutation	0.208934686
2123	MORC2	G845N	Missense	0.631852035
2124	MORC2	(NC);(NC)	Intron;Intron	-0.723786449
2125	MORC2		No Mutation	-0.484087496
2126	MORC2	(NC)	Intron	0.129198262
2127	MORC2	(NC)	Intron	0.67684295
2128	MORC2		No Mutation	-0.193660546
2129	MORC2		No Mutation	0.642603137
2130	MORC2		No Mutation	0.639765067
2131	MORC2	R840R	Silent	0.519007612
2132	MORC2	(NC)	Intron	-0.757627608
2133	MORC2	T835M;T836I	Missense;Missense	-0.348458645
2134	MORC2	R838K	Missense	-0.542895891
2135	MORC2	H820Y	Missense	0.287120895
2136	MORC2	G818G	Silent	0.232795471
2137	MORC2	G818G	Silent	1.118261693
2138	MORC2	K819K	Silent	-0.171656756
2139	MORC2		No Mutation	0.473884376
2140	MORC2	V815V;E816K;V817M	Silent;Missense;Missense	-0.339543498
2141	MORC2	V812V;T813I	Silent;Missense	-0.081145872
2142	MORC2	V812V	Silent	0.275656891
2143	MORC2	G810G;R811C	Silent;Missense	0.733857608
2144	MORC2	G810G;R811C	Silent;Missense	0.035389232
2145	MORC2	N804N	Silent	-0.093564351
2146	MORC2	N804N	Silent	0.615711833
2147	MORC2	R802C	Missense	-0.155231913
2148	MORC2		No Mutation	0.865920418
2149	MORC2		No Mutation	0.353135561
2150	MORC2		No Mutation	0.596500382
2151	MORC2		No Mutation	-0.321399389
2152	MORC2	(NC);(NC)	Intron;Intron	0.047622233
2153	MORC2	(NC);(NC)	Intron;Intron	0.671754569
2154	MORC2	(NC)	Splice-acceptor	0.792836918
2155	MORC2	(NC)	Intron	-0.866029745
2156	MORC2	Q792*	Nonsense	0.239703122
2157	MORC2	A791V;Q792*	Missense;Nonsense	-0.163173372
2158	MORC2	A791V;Q792*	Missense;Nonsense	-0.794915451
2159	MORC2	A791V;Q792*	Missense;Nonsense	-0.112145033
2160	MORC2	Q792Q;D794N	Silent;Missense	0.704598177
2161	MORC2	L788F	Missense	-0.034099088
2162	MORC2	A780V	Missense	-0.059624696
2163	MORC2	D778D	Silent	0.39793838
2164	MORC2	L776F	Missense	0.884902808
2165	MORC2	L776F	Missense	0.083753326
2166	MORC2	S779N	Missense	0.329318245
2167	MORC2	(NC);L776F	Intron;Missense	-0.155451218
2168	MORC2		No Mutation	-0.377035053
2169	MORC2		No Mutation	-0.217423974
2170	MORC2		No Mutation	0.480255891
2171	MORC2	D772D;S773L	Silent;Missense	-0.8663242
2172	MORC2		No Mutation	0.351420426
2173	MORC2		No Mutation	-0.035098663
2174	MORC2	G762G	Silent	0.128694835
2175	MORC2	G762G	Silent	0.287570822
2176	MORC2		No Mutation	-0.192961789
2177	MORC2		No Mutation	0.022309862
2178	MORC2		No Mutation	0.197824635
2179	MORC2	A752V	Missense	-1.034606467
2180	MORC2		No Mutation	0.10720331
2181	MORC2		No Mutation	-0.642279985
2182	MORC2		No Mutation	-0.012977706
2183	MORC2		No Mutation	0.104742815
2184	MORC2		No Mutation	-0.111831679
2185	MORC2	V740V	Silent	-0.234828385
2186	MORC2	S739N;V740I	Missense;Missense	-0.424101161
2187	MORC2	R738R;S739N;V740I	Silent;Missense;Missense	-0.39871569
2188	MORC2	R738Q;S739N	Missense;Missense	0.025529355
2189	MORC2	A732V;T733I	Missense;Missense	-0.07315391
2190	MORC2	(NC)	Intron	0.623028405
2191	MORC2		No Mutation	0.689066697
2192	MORC2	(NC)	Intron	-0.431510437
2193	MORC2	(NC);(NC);(NC)	Intron;Intron;Intron	1.312615395
2194	MORC2	P731P;(NC)	Silent;Splice-donor	-0.774052426
2195	MORC2	P726F	Missense	-0.755547821
2196	MORC2	E724K	Missense	-0.370654826
2197	MORC2		No Mutation	-0.199979448
2198	MORC2		No Mutation	0.116859199
2199	MORC2	V714V	Silent	1.419207363
2200	MORC2		No Mutation	0.623117161
2201	MORC2		No Mutation	0.461503173
2202	MORC2		No Mutation	-0.106264056
2203	MORC2	E708E;V709I	Silent;Missense	-0.096337395
2204	MORC2	R707Q	Missense	-0.135043671
2205	MORC2	R707Q	Missense	-0.259281478
2206	MORC2	N702N;S703F	Silent;Missense	1.032186077
2207	MORC2	P701P;N702N	Silent;Silent	-0.297448217
2208	MORC2	P701L;N702N	Missense;Silent	0.498908505
2209	MORC2		No Mutation	0.076804031
2210	MORC2	L695L	Silent	-0.243313356
2211	MORC2	L695L	Silent	0.467956221
2212	MORC2	L695L	Silent	0.141684392
2213	MORC2	Q693Q	Silent	-0.52523515
2214	MORC2	L691L;V692I	Silent;Missense	0.218774943
2215	MORC2	L691L;V692I	Silent;Missense	-0.732687184
2216	MORC2	S686F;R687*	Missense;Nonsense	-0.139498309
2217	MORC2	K683K	Silent	0.870810777
2218	MORC2	V682I	Missense	-0.797209283
2219	MORC2		No Mutation	0.232544997
2220	MORC2		No Mutation	0.547840547
2221	MORC2		No Mutation	-0.13347755
2222	MORC2	K676K	Silent	-0.978461916
2223	MORC2	R675Q	Missense	0.777247468
2224	MORC2		No Mutation	-1.338280218
2225	MORC2	L667L;L668F	Silent;Missense	-0.555419916
2226	MORC2	L667L	Silent	-0.766779418
2227	MORC2		No Mutation	-0.410782469
2228	MORC2		No Mutation	0.752141188
2229	MORC2	S663N	Missense	-1.065033588
2230	MORC2	R659Q;E660K	Missense;Missense	-0.941061651
2231	MORC2		No Mutation	0.567310003
2232	MORC2	R659Q;E660K	Missense;Missense	0.586406669
2233	MORC2	A655V	Missense	-0.473387317
2234	MORC2	L653L;P654F	Silent;Missense	0.198235053
2235	MORC2	L653L;P654F	Silent;Missense	-0.159789576
2236	MORC2	L656L;A657T	Silent;Missense	-0.689083829
2237	MORC2	L656L;A657T	Silent;Missense	-0.27220781
2238	MORC2	L656L	Silent	-0.997150155
2239	MORC2	T650T;P651L	Silent;Missense	-0.807178209
2240	MORC2		No Mutation	0.317972804
2241	MORC2		No Mutation	-0.651438836
2242	MORC2		No Mutation	0.688668709
2243	MORC2	V646I	Missense	-0.076140293
2244	MORC2	V646I	Missense	0.803597566
2245	MORC2	K643K;A644T	Silent;Missense	-0.41359481
2246	MORC2	R642Q	Missense	0.283298954
2247	MORC2	A638V	Missense	0.288676637
2248	MORC2	Q640Q	Silent	-0.276385516
2249	MORC2	A638T;S639N	Missense;Missense	0.594646794
2250	MORC2	R636K	Missense	-0.632667146
2251	MORC2		No Mutation	-0.89223899
2252	MORC2		No Mutation	0.628167117
2253	MORC2		No Mutation	0.027249281
2254	MORC2	L632L	Silent	0.239139904
2255	MORC2		No Mutation	-0.91190456
2256	MORC2		No Mutation	0.71480292
2257	MORC2		No Mutation	-0.284545115
2258	MORC2	A625T	Missense	-0.300529139
2259	MORC2	R623K	Missense	-0.469113303
2260	MORC2	V621V	Silent	-0.300186886
2261	MORC2	V621V	Silent	0.985213691
2262	MORC2	V621I	Missense	-0.23547051
2263	MORC2	P617L	Missense	0.026881326
2264	MORC2		No Mutation	-0.349488368
2265	MORC2	S615S	Silent	0.971002999
2266	MORC2		No Mutation	0.953786876
2267	MORC2	Q611Q;R612H	Silent;Missense	-0.506904116
2268	MORC2	V607I	Missense	0.075732589
2269	MORC2	(NC);(NC)	Intron;Intron	0.309682093
2270	MORC2	(NC);(NC)	Intron;Intron	-0.244158135
2271	MORC2		No Mutation	0.33666218
2272	MORC2		No Mutation	0.14288412
2273	MORC2	(NC);(NC)	Intron;Intron	-1.079492238
2274	MORC2	T603I	Missense	-0.360627124
2275	MORC2	(NC)	Intron	0.40559152
2276	MORC2	S602S;T603I	Silent;Missense	-0.455827172
2277	MORC2	S602F;T603I	Missense;Missense	-0.967651907
2278	MORC2	E604E;(NC);(NC)	Silent;Splice-donor;Intron	-0.379046588
2279	MORC2	E604K	Missense	0.952659927
2280	MORC2	T598T;T599I	Silent;Missense	0.17398423
2281	MORC2	R600K	Missense	0.56316438
2282	MORC2	R600K	Missense	-0.021740456
2283	MORC2	L595L;E596K	Silent;Missense	-0.045263443
2284	MORC2	D589D;L590L	Silent;Silent	-0.533188958
2285	MORC2	K591K	Silent	-0.45879908
2286	MORC2	K591K	Silent	0.056316213
2287	MORC2	L590L	Silent	-0.507898887
2288	MORC2	D589N	Missense	-0.114212248
2289	MORC2	A588T;D589N	Missense;Missense	0.081762156
2290	MORC2		No Mutation	-0.518596395
2291	MORC2	(NC)	Intron	-0.214439683
2292	MORC2	(NC)	Intron	-0.30483507
2293	MORC2	(NC)	Intron	-2.94355735
2294	MORC2	(NC);(NC)	Intron;Intron	0.464752977
2295	MORC2	Q579*	Nonsense	-0.144254194
2296	MORC2	A577V	Missense	0.025637315
2297	MORC2	A577V	Missense	0.135448299
2298	MORC2	L575L	Silent	0.256386739
2299	MORC2	K574K;L575L;E576K	Silent;Silent;Missense	0.323445147
2300	MORC2	Q571*;Q572*	Nonsense;Nonsense	0.168634942
2301	MORC2	R569R;Q570*;Q571*	Silent;Nonsense;Nonsense	-0.314591366
2302	MORC2		No Mutation	-0.650405364
2303	MORC2		No Mutation	-0.622169335
2304	MORC2	K552K;D553N	Silent;Missense	-0.205039397
2305	MORC2	R551K;K552K	Missense;Silent	0.223865593
2306	MORC2	R551K	Missense	-0.408669832
2307	MORC2	P546P;L547L	Silent;Silent	0.413132889
2308	MORC2	Q543*	Nonsense	-0.629255887
2309	MORC2	Q543*	Nonsense	-1.238021024
2310	MORC2	S539F	Missense	-1.034610723
2311	MORC2	C536Y;E537K	Missense;Missense	0.690217152
2312	MORC2	(NC)	Intron	1.659610306
2313	MORC2		No Mutation	-0.881708812
2314	MORC2	(NC)	Intron	-0.261085099
2315	MORC2	(NC);(NC)	Intron;Intron	-0.181469272
2316	MORC2	(NC);(NC)	Intron;Intron	0.257896353
2317	MORC2		No Mutation	0.344656226
2318	MORC2	(NC)	Intron	0.163456739
2319	MORC2	(NC);(NC)	Intron;Intron	-0.05931311
2320	MORC2	D534N;R535Q	Missense;Missense	-0.127678534
2321	MORC2	Q533Q;D534N	Silent;Missense	0.878481898
2322	MORC2	P529L	Missense	0.236970122
2323	MORC2	E532K	Missense	0.110723317
2324	MORC2	N528N;P529S	Silent;Missense	0.5285741
2325	MORC2	M527I	Missense	-0.472327953
2326	MORC2	C525Y	Missense	-0.323679343
2327	MORC2	C525Y	Missense	0.387501349
2328	MORC2		No Mutation	0.377815181
2329	MORC2		No Mutation	-0.283715704
2330	MORC2	V515I	Missense	-0.267981663
2331	MORC2	V515M	Missense	-1.248064832
2332	MORC2	V515M	Missense	-0.027685876
2333	MORC2	P509P;F510F;Q511*	Silent;Silent;Nonsense	0.136139281
2334	MORC2	L512L;S513N	Silent;Missense	0.446107662
2335	MORC2	L512L;S513N	Silent;Missense	0.382120307
2336	MORC2	(NC)	Intron	0.423138715
2337	MORC2	(NC);(NC);(NC);(NC)	Intron;Intron;Intron;Intron	-0.189629496
2338	MORC2	C499C	Silent	0.097249815
2339	MORC2	(NC);(NC)	Intron;Intron	0.421164008
2340	MORC2	Q498*	Nonsense	-0.314767468
2341	MORC2	(NC);(NC);(NC)	Splice-donor;Intron;Intron	0.240893578
2342	MORC2	I497I;Q498*	Silent;Nonsense	-0.527519518
2343	MORC2	T496T;I497I;Q498*	Silent;Silent;Nonsense	-0.384188363
2344	MORC2	C499Y;D500N;(NC)	Missense;Missense;Splice-donor	-0.000883722
2345	MORC2	C499Y;D500N;(NC)	Missense;Missense;Splice-donor	-0.799817706
2346	MORC2	Q498Q;C499Y;D500N	Silent;Missense;Missense	0.148490921
2347	MORC2	P494F;T495I	Missense;Missense	-0.279411249
2348	MORC2		No Mutation	-1.282060269
2349	MORC2	Y485Y;R487C	Silent;Missense	-0.654157578
2350	MORC2	L483L	Silent	-0.178871267
2351	MORC2		No Mutation	-0.120067321
2352	MORC2	R484H	Missense	-0.050677811
2353	MORC2	L483L;R484H	Silent;Missense	0.280283987
2354	MORC2	L483L;R484H	Silent;Missense	0.174402176
2355	MORC2	L483L;R484H	Silent;Missense	0.533226766
2356	MORC2	E482K	Missense	-0.739112931
2357	MORC2		No Mutation	-0.332801492
2358	MORC2	W475*	Nonsense	-0.023258164
2359	MORC2	G469G;Y470Y	Silent;Silent	0.39989559
2360	MORC2		No Mutation	1.033850223
2361	MORC2		No Mutation	0.664803608
2362	MORC2	K463K	Silent	-0.124060123
2363	MORC2		No Mutation	-0.155604868
2364	MORC2	K463K	Silent	-1.200493544
2365	MORC2		No Mutation	-0.181493488
2366	MORC2	(NC)	Intron	0.090514041
2367	MORC2	(NC)	Intron	0.006108683
2368	MORC2	(NC)	Intron	-0.240325561
2369	MORC2		No Mutation	0.509730163
2370	MORC2		No Mutation	-0.099533681
2371	MORC2	(NC);(NC);(NC)	Intron;Intron;Intron	-0.295116726
2372	MORC2	A455V;I456I	Missense;Silent	-0.74014694
2373	MORC2	A455V	Missense	-0.59967097
2374	MORC2		No Mutation	-0.653020447
2375	MORC2		No Mutation	0.941848232
2376	MORC2		No Mutation	-0.007463385
2377	MORC2		No Mutation	-0.117074538
2378	MORC2	W451*;K452K;D453N	Nonsense;Silent;Missense	1.223749025
2379	MORC2	H446H;L447L	Silent;Silent	-0.18708271
2380	MORC2	H446Y	Missense	0.468050399
2381	MORC2	E445E	Silent	0.45862256
2382	MORC2	A442V	Missense	2.704872159
2383	MORC2	M443I;G444K;E445K	Missense;Missense;Missense	-0.356361409
2384	MORC2	H438H;L439L;L440F	Silent;Silent;Missense	-0.299832157
2385	MORC2	A442T	Missense	-0.328709377
2386	MORC2	H438H;L439L	Silent;Silent	0.010389344
2387	MORC2	H438Y;L439L	Missense;Silent	-0.114734258
2388	MORC2	H438Y;L439L	Missense;Silent	0.195789253
2389	MORC2	L439L	Silent	0.121082119
2390	MORC2	A431V	Missense	-0.166585704
2391	MORC2	D429D	Silent	-0.498506977
2392	MORC2	Q428Q;D429N	Silent;Missense	-0.107734632
2393	MORC2	P423F	Missense	-1.161760669
2394	MORC2		No Mutation	-0.187791318
2395	MORC2		No Mutation	-0.896026337
2396	MORC2	E422E	Silent	-0.194427861
2397	MORC2	E422K	Missense	-0.583092877
2398	MORC2	P417S	Missense	-0.180547075
2399	MORC2		No Mutation	-0.455556754
2400	MORC2		No Mutation	0.314442896
2401	MORC2	A406V	Missense	-0.040020604
2402	MORC2	A406V	Missense	0.530523769
2403	MORC2	G408D;G409K	Missense;Missense	-0.067060581
2404	MORC2	G408N;G409K	Missense;Missense	-0.20290677
2405	MORC2	(NC)	Intron	-0.000858845
2406	MORC2	(NC);(NC)	Intron;Intron	-1.042903991
2407	MORC2	(NC);(NC);(NC)	Intron;Intron;Intron	0.805225599
2408	MORC2	(NC);(NC)	Intron;Intron	0.476159838
2409	MORC2	(NC)	Intron	-0.283887849
2410	MORC2	G404N	Missense	-0.673552755
2411	MORC2	G403G;G404N	Silent;Missense	-0.518580895
2412	MORC2	G398G;P399L	Silent;Missense	-0.901760645
2413	MORC2	G398G;P399S	Silent;Missense	0.278441246
2414	MORC2	G398G	Silent	0.137630872
2415	MORC2		No Mutation	-0.661780045
2416	MORC2		No Mutation	-0.445141745
2417	MORC2		No Mutation	-0.240922842
2418	MORC2	I391I	Silent	-0.209806224
2419	MORC2	M382I	Missense	0.705194745
2420	MORC2	H376Y	Missense	-0.038600978
2421	MORC2	N373N	Silent	-0.227934832
2422	MORC2	V372V	Silent	-0.705578105
2423	MORC2	V372V	Silent	-0.750317189
2424	MORC2	V369I	Missense	-0.153317163
2425	MORC2	A359V;L360F	Missense;Missense	-0.136399335
2426	MORC2	(NC)	Intron	-0.143061781
2427	MORC2	(NC)	Intron	0.273107022
2428	MORC2	Q357*	Nonsense	-0.233603587
2429	MORC2	I352I	Silent	-0.271363256
2430	MORC2	V348V	Silent	0.167129726
2431	MORC2	R351K	Missense	-0.284099723
2432	MORC2	V348V	Silent	0.69639155
2433	MORC2	A346V	Missense	-0.157186887
2434	MORC2	R344K;E345K	Missense;Missense	-0.511679038
2435	MORC2		No Mutation	-0.122210786
2436	MORC2	(NC)	Intron	0.458027928
2437	MORC2	(NC);(NC)	Intron;Splice-acceptor	0.302826964
2438	MORC2	(NC)	Intron	0.063090102
2439	MORC2	(NC);(NC)	Intron;Intron	0.101366187
2440	MORC2	(NC)	Intron	0.52264925
2441	MORC2		No Mutation	0.344085803
2442	MORC2	(NC);(NC)	Intron;Intron	-0.729494904
2443	MORC2		No Mutation	-0.276359571
2444	MORC2	D327D;S328F	Silent;Missense	0.299556879
2445	MORC2	R329K;(NC)	Missense;Splice-donor	-0.167943184
2446	MORC2	T325M;R326W	Missense;Missense	0.660270161
2447	MORC2	D323D;L324F	Silent;Missense	0.306224786
2448	MORC2	D323D;L324F	Silent;Missense	1.148796888
2449	MORC2	T325T	Silent	-0.380672885
2450	MORC2		No Mutation	0.242702408
2451	MORC2		No Mutation	-0.831333149
2452	MORC2		No Mutation	-2.828606782
2453	MORC2	T315I	Missense	-0.467868204
2454	MORC2	A309V	Missense	1.213026117
2455	MORC2		No Mutation	1.437829197
2456	MORC2	A302V	Missense	-1.357677279
2457	MORC2	(NC);A302V	Intron;Missense	-0.803950601
2458	MORC2		No Mutation	0.099310288
2459	MORC2	(NC);(NC)	Intron;Intron	0.050606666
2460	MORC2	(NC)	Intron	1.564018366
2461	MORC2		No Mutation	0.039320781
2462	MORC2		No Mutation	-0.136319393
2463	MORC2	H297Y	Missense	0.074436543
2464	MORC2	A295V	Missense	0.787948921
2465	MORC2	E291E;V292I	Silent;Missense	-0.320191183
2466	MORC2	E291E;V292I	Silent;Missense	-1.151071466
2467	MORC2	T286I;R287C	Missense;Missense	-0.196215982
2468	MORC2	F284F	Silent	-0.415627461
2469	MORC2	A288T;E289K	Missense;Missense	-0.119425331
2470	MORC2	S282S;R283C	Silent;Missense	0.031634831
2471	MORC2	(NC)	Intron	1.107997149
2472	MORC2		No Mutation	-0.093740903
2473	MORC2	(NC);(NC)	Intron;Intron	1.062227223
2474	MORC2	(NC);(NC);(NC)	Splice-donor;Intron;Intron	0.624297439
2475	MORC2	Y272Y	Silent	-0.057180572
2476	MORC2	L271L	Silent	-0.438925615
2477	MORC2	C270C;L271L	Silent;Silent	0.137127794
2478	MORC2	K273K	Silent	-0.563022509
2479	MORC2	C269C;C270C	Silent;Silent	-0.277792854
2480	MORC2	C269Y;C270Y	Missense;Missense	1.006694436
2481	MORC2	H260H	Silent	0.564019175
2482	MORC2	V262V;Q263Q	Silent;Silent	0.041034682
2483	MORC2	I255I;F256F	Silent;Silent	0.130514881
2484	MORC2		No Mutation	-0.523597247
2485	MORC2		No Mutation	-0.841367448
2486	MORC2		No Mutation	-0.636010575
2487	MORC2		No Mutation	0.891116394
2488	MORC2		No Mutation	0.439717189
2489	MORC2		No Mutation	0.934823053
2490	MORC2	L247F	Missense	1.20662492
2491	MORC2	D250N	Missense	-0.220827927
2492	MORC2		No Mutation	0.016154895
2493	MORC2	V246I	Missense	-0.218601561
2494	MORC2	R241H	Missense	-0.550973692
2495	MORC2	R237Q;R238H	Missense;Missense	0.272708439
2496	MORC2	E236K	Missense	0.258085504
2497	MORC2	E236K	Missense	-0.660157624
2498	MORC2	(NC);(NC);(NC)	Intron;Intron;Intron	-0.47653265
2499	MORC2		No Mutation	0.275481472
2500	MORC2		No Mutation	0.278228169
2501	MORC2		No Mutation	0.584696067
2502	MORC2	T233M	Missense	1.091473721
2503	MORC2	G232G;T233M	Silent;Missense	-0.161361095
2504	MORC2	(NC);(NC);(NC)	Intron;Intron;Intron	-0.659768684
2505	MORC2	G232G	Silent	0.082466373
2506	MORC2	(NC);(NC)	Intron;Intron	-0.281211258
2507	MORC2	(NC);(NC);(NC)	Intron;Intron;Intron	-0.181231288
2508	MORC2	P230L	Missense	0.858542445
2509	MORC2	M225I;A226T	Missense;Missense	-0.008307248
2510	MORC2	P220L	Missense	0.152994452
2511	MORC2		No Mutation	0.617752539
2512	MORC2	L204F	Missense	0.872850172
2513	MORC2	I201I;F202F	Silent;Silent	-0.020241232
2514	MORC2	(NC)	Intron	-0.392044086
2515	MORC2		No Mutation	0.055279194
2516	MORC2	(NC)	Intron	-0.534325763
2517	MORC2		No Mutation	0.00850002
2518	MORC2		No Mutation	-0.121219292
2519	MORC2	G193R	Missense	-1.322631758
2520	MORC2		No Mutation	-0.137354557
2521	MORC2		No Mutation	0.368363942
2522	MORC2		No Mutation	0.253490632
2523	MORC2	Q187*	Nonsense	-0.422183389
2524	MORC2	V184I	Missense	0.380146892
2525	MORC2	E182K;E183K	Missense;Missense	-0.452700131
2526	MORC2	P177L	Missense	-1.038439487
2527	MORC2	Y175Y;S176F;P177S	Silent;Missense;Missense	-1.312571486
2528	MORC2		No Mutation	0.225532661
2529	MORC2	V162I;E163K	Missense;Missense	0.072066683
2530	MORC2	D160N	Missense	-0.04010186
2531	MORC2	D160N	Missense	1.191287661
2532	MORC2	R155Q	Missense	-0.269851111
2533	MORC2	R153Q	Missense	-0.258441585
2534	MORC2	R153Q	Missense	-0.324896406
2535	MORC2	T149T	Silent	0.16986895
2536	MORC2	T149I	Missense	-0.104729886
2537	MORC2	A152T	Missense	-1.038168341
2538	MORC2	W150*;A152T	Nonsense;Missense	-0.604056537
2539	MORC2	P148F	Missense	0.388235922
2540	MORC2	V145V	Silent	-0.072099114
2541	MORC2		No Mutation	-0.801754212
2542	MORC2		No Mutation	0.552076234
2543	MORC2	(NC);(NC)	Intron;Intron	1.131299353
2544	MORC2		No Mutation	0.488180719
2545	MORC2		No Mutation	0.82515274
2546	MORC2	T133M	Missense	-0.125710407
2547	MORC2	E136K	Missense	-0.878982456
2548	MORC2	S131F;R132C	Missense;Missense	-0.288820678
2549	MORC2	T133T	Silent	-0.951946069
2550	MORC2	R132H	Missense	-0.231107823
2551	MORC2	L130L	Silent	0.091978872
2552	MORC2	M125I	Missense	0.788319005
2553	MORC2	K121K;E122K;D123N	Silent;Missense;Missense	0.523926402
2554	MORC2	G107G;S108L	Silent;Missense	1.324226074
2555	MORC2	G107G	Silent	0.24540217
2556	MORC2		No Mutation	0.271074982
2557	MORC2	M109I	Missense	-0.235763534
2558	MORC2		No Mutation	-0.888651498
2559	MORC2		No Mutation	0.2609698
2560	MORC2		No Mutation	1.279713597
2561	MORC2		No Mutation	-0.167386966
2562	MORC2		No Mutation	0.968306965
2563	MORC2	T95I;Q96*	Missense;Nonsense	0.551786554
2564	MORC2	T95I;Q96*	Missense;Nonsense	-0.711348554
2565	MORC2	G98K	Missense	0.33433129
2566	MORC2	P92L	Missense	-0.330619395
2567	MORC2	P92F	Missense	-0.381450762
2568	MORC2	E93E	Silent	0.823412611
2569	MORC2	S87S;A88T	Silent;Missense	-0.220607659
2570	MORC2	I82I;Q83*	Silent;Nonsense	1.641108963
2571	MORC2	G85K	Missense	0.262793268
2572	MORC2	A79V	Missense	-0.286845617
2573	MORC2	A79V	Missense	0.04289436
2574	MORC2	A79T	Missense	0.952758589
2575	MORC2	A79T	Missense	0.086546707
2576	MORC2		No Mutation	0.442268924
2577	MORC2	(NC)	Intron	-0.059168607
2578	MORC2		No Mutation	-0.292777389
2579	MORC2	M63I	Missense	0.150086749
2580	MORC2	R55*	Nonsense	-1.6208743
2581	MORC2	R55*	Nonsense	-0.176613398
2582	MORC2		No Mutation	0.384060472
2583	MORC2	A52T	Missense	0.553110471
2584	MORC2		No Mutation	-0.18763384
2585	MORC2		No Mutation	1.219574062
2586	MORC2	A40V	Missense	0.357034558
2587	MORC2	L36L	Silent	1.364519223
2588	MORC2	D38N	Missense	-0.632900336
2589	MORC2	D38N	Missense	-0.403350299
2590	MORC2		No Mutation	-0.365517189
2591	MORC2	L29L	Silent	-0.165819714
2592	MORC2	T25I;H26Y	Missense;Missense	-0.383443246
2593	MORC2	S23L	Missense	-0.373523547
2594	MORC2		No Mutation	1.084192215
2595	MORC2	M1I;A2T	Missense;Missense	0.214694198
2596	MORC2	(NC);(NC)	UTR;UTR	-0.247631154
2597	ATF7IP	Q8*	Nonsense	-0.857549321
2598	ATF7IP	L26F	Missense	0.002753258
2599	ATF7IP		No Mutation	-0.728322417
2600	ATF7IP		No Mutation	0.069825244
2601	ATF7IP	N47N;H48Y	Silent;Missense	0.018506153
2602	ATF7IP	D54D;P55S	Silent;Missense	-0.766664799
2603	ATF7IP	T56T;S57L;P58S	Silent;Missense;Missense	0.610420487
2604	ATF7IP		No Mutation	0.164765866
2605	ATF7IP	Y64Y	Silent	-0.095627893
2606	ATF7IP	D67D	Silent	0.135012342
2607	ATF7IP		No Mutation	0.251393329
2608	ATF7IP	A86T;E87K	Missense;Missense	0.625666255
2609	ATF7IP		No Mutation	-0.352219706
2610	ATF7IP	V97I	Missense	0.005760214
2611	ATF7IP		No Mutation	0.117097641
2612	ATF7IP		No Mutation	-0.14456162
2613	ATF7IP		No Mutation	0.111643682
2614	ATF7IP	E120K	Missense	0.059842757
2615	ATF7IP	E120K	Missense	0.633328638
2616	ATF7IP	E120K	Missense	-0.140801748
2617	ATF7IP		No Mutation	-0.116327102
2618	ATF7IP	A127T	Missense	-1.890142828
2619	ATF7IP	P126F;A127V	Missense;Missense	-0.515339468
2620	ATF7IP	G132N	Missense	1.627695356
2621	ATF7IP	S131F	Missense	-0.39621177
2622	ATF7IP	A135T	Missense	0.253976097
2623	ATF7IP	P134L	Missense	-0.093852774
2624	ATF7IP	P136F	Missense	0.449042494
2625	ATF7IP	L139L;D140N	Silent;Missense	0.845179735
2626	ATF7IP	A141T	Missense	-0.529412376
2627	ATF7IP	A141T;G142R	Missense;Missense	-0.361643105
2628	ATF7IP	A141V	Missense	0.41981284
2629	ATF7IP	G147K	Missense	0.514034249
2630	ATF7IP	P144L	Missense	-0.155704106
2631	ATF7IP	S146F	Missense	0.270039973
2632	ATF7IP	L149L;A150T	Silent;Missense	-0.971757446
2633	ATF7IP		No Mutation	0.678626683
2634	ATF7IP	G152N	Missense	-0.265793625
2635	ATF7IP	S151F	Missense	0.678843825
2636	ATF7IP		No Mutation	0.164814912
2637	ATF7IP		No Mutation	0.274826105
2638	ATF7IP		No Mutation	-0.523002695
2639	ATF7IP		No Mutation	0.222138073
2640	ATF7IP		No Mutation	0.144301026
2641	ATF7IP		No Mutation	0.235769281
2642	ATF7IP	S166F	Missense	-0.603020143
2643	ATF7IP	A169T;A170T	Missense;Missense	-0.207960826
2644	ATF7IP	A170T	Missense	0.064667568
2645	ATF7IP		No Mutation	0.684978087
2646	ATF7IP	S171F	Missense	-0.188513116
2647	ATF7IP		No Mutation	0.175616659
2648	ATF7IP	S176F	Missense	-0.489346464
2649	ATF7IP		No Mutation	-0.444257222
2650	ATF7IP	S181F	Missense	-0.009659975
2651	ATF7IP	V184V	Silent	0.388301013
2652	ATF7IP	V184V	Silent	0.333129496
2653	ATF7IP		No Mutation	-0.56673499
2654	ATF7IP	P186F	Missense	0.900249894
2655	ATF7IP		No Mutation	-0.517108072
2656	ATF7IP	G192S	Missense	-0.097284545
2657	ATF7IP	G192N	Missense	0.021150892
2658	ATF7IP		No Mutation	0.567336662
2659	ATF7IP	A196T	Missense	-0.209942744
2660	ATF7IP	A196V	Missense	-0.552604603
2661	ATF7IP		No Mutation	-0.299346456
2662	ATF7IP		No Mutation	0.160981172
2663	ATF7IP	S206F	Missense	-0.110097229
2664	ATF7IP		No Mutation	-0.076128592
2665	ATF7IP		No Mutation	0.189869455
2666	ATF7IP		No Mutation	-0.443575442
2667	ATF7IP	P209F	Missense	0.177603121
2668	ATF7IP	P214P;V215I	Silent;Missense	-0.272022252
2669	ATF7IP	P214P;V215I	Silent;Missense	-0.156587052
2670	ATF7IP	V217I	Missense	0.27993214
2671	ATF7IP	V217I	Missense	-0.145375993
2672	ATF7IP	P216F	Missense	-0.226955014
2673	ATF7IP		No Mutation	1.164034556
2674	ATF7IP	G222S	Missense	0.278936448
2675	ATF7IP	G222N	Missense	0.243895626
2676	ATF7IP	C224Y;A225T	Missense;Missense	0.394773047
2677	ATF7IP	C224Y;A225T	Missense;Missense	0.175107227
2678	ATF7IP		No Mutation	-0.57708224
2679	ATF7IP		No Mutation	0.331307008
2680	ATF7IP		No Mutation	-0.146251932
2681	ATF7IP	S236F	Missense	0.146392501
2682	ATF7IP	A250T	Missense	-0.363100782
2683	ATF7IP	D252N	Missense	-0.146843926
2684	ATF7IP	P249L	Missense	-0.135967169
2685	ATF7IP	S251F	Missense	-0.3209553
2686	ATF7IP	L254L;A255T	Silent;Missense	-0.796486227
2687	ATF7IP		No Mutation	0.518146303
2688	ATF7IP		No Mutation	-0.082989057
2689	ATF7IP	L259L	Silent	0.152383462
2690	ATF7IP		No Mutation	0.084471094
2691	ATF7IP	L264L	Silent	-0.022628529
2692	ATF7IP	S266F	Missense	-0.306275507
2693	ATF7IP		No Mutation	0.250184552
2694	ATF7IP	L269L	Silent	-0.242374373
2695	ATF7IP		No Mutation	0.165824576
2696	ATF7IP		No Mutation	-0.173675211
2697	ATF7IP	E290K	Missense	1.239705243
2698	ATF7IP	V294I	Missense	-0.177132757
2699	ATF7IP	V296I;C297Y	Missense;Missense	-0.633166361
2700	ATF7IP	V300I	Missense	0.117433399
2701	ATF7IP	D304N	Missense	-0.603206695
2702	ATF7IP	E307K	Missense	0.112199332
2703	ATF7IP	D313N;D314N	Missense;Missense	-0.379275945
2704	ATF7IP	Q330*	Nonsense	-1.634019815
2705	ATF7IP	P365F	Missense	-0.249321668
2706	ATF7IP		No Mutation	0.176460484
2707	ATF7IP	I376I;T377I	Silent;Missense	0.246936342
2708	ATF7IP	A385V	Missense	0.634436621
2709	ATF7IP		No Mutation	0.337081043
2710	ATF7IP		No Mutation	1.002498869
2711	ATF7IP		No Mutation	0.168084593
2712	ATF7IP	L442F	Missense	-0.1917218
2713	ATF7IP		No Mutation	-0.375981303
2714	ATF7IP	E462E	Silent	-0.236688778
2715	ATF7IP		No Mutation	-0.489022615
2716	ATF7IP		No Mutation	-1.03869734
2717	ATF7IP		No Mutation	-0.029479104
2718	ATF7IP		No Mutation	0.352952431
2719	ATF7IP	S483N;S484N	Missense;Missense	0.38605183
2720	ATF7IP	P488L	Missense	1.131231445
2721	ATF7IP	L493L;V494I	Silent;Missense	0.338393955
2722	ATF7IP	D497N	Missense	-0.384923065
2723	ATF7IP	V494V;L495F	Silent;Missense	0.392044521
2724	ATF7IP		No Mutation	-0.517108072
2725	ATF7IP	E499E;D500N	Silent;Missense	-0.769272163
2726	ATF7IP		No Mutation	-0.04146511
2727	ATF7IP		No Mutation	-0.051505452
2728	ATF7IP		No Mutation	-0.153068777
2729	ATF7IP		No Mutation	0.819355059
2730	ATF7IP		No Mutation	0.253906856
2731	ATF7IP	V537I	Missense	-0.418451174
2732	ATF7IP		No Mutation	-0.973978292
2733	ATF7IP	S557F	Missense	-0.032139552
2734	ATF7IP	R569C	Missense	-0.500071621
2735	ATF7IP		No Mutation	-0.044194982
2736	ATF7IP		No Mutation	-0.721629234
2737	ATF7IP	Q593Q	Silent	0.066106104
2738	ATF7IP	N592N;Q593*	Silent;Nonsense	-0.821571098
2739	ATF7IP		No Mutation	0.450737012
2740	ATF7IP	(NC)	Intron	0.314324841
2741	ATF7IP		No Mutation	0.208845403
2742	ATF7IP		No Mutation	0.193888037
2743	ATF7IP		No Mutation	0.501559315
2744	ATF7IP		No Mutation	-0.405632856
2745	ATF7IP	L639F	Missense	-0.096600792
2746	ATF7IP		No Mutation	-0.101842981
2747	ATF7IP	R652H	Missense	-0.254014765
2748	ATF7IP	A656T	Missense	0.588114233
2749	ATF7IP		No Mutation	0.556637817
2750	ATF7IP		No Mutation	-0.652395462
2751	ATF7IP		No Mutation	-0.030221525
2752	ATF7IP		No Mutation	-0.766573629
2753	ATF7IP		No Mutation	-0.21042702
2754	ATF7IP	N669N;P670L	Silent;Missense	-0.842966122
2755	ATF7IP	V672I	Missense	-0.441240117
2756	ATF7IP		No Mutation	0.206560803
2757	ATF7IP		No Mutation	-0.463589553
2758	ATF7IP		No Mutation	-0.36201381
2759	ATF7IP		No Mutation	0.153883608
2760	ATF7IP	G693G;T694I	Silent;Missense	-0.025208287
2761	ATF7IP	S706N;E707K	Missense;Missense	-0.56351234
2762	ATF7IP		No Mutation	0.581109225
2763	ATF7IP	V717M	Missense	0.528604332
2764	ATF7IP	Q714*;T715I	Nonsense;Missense	-0.034509672
2765	ATF7IP	V717V	Silent	0.162696632
2766	ATF7IP		No Mutation	-0.343660103
2767	ATF7IP		No Mutation	0.11496667
2768	ATF7IP	S733N;S734N	Missense;Missense	0.030869962
2769	ATF7IP	S734N	Missense	-0.557070686
2770	ATF7IP	V742M	Missense	-0.228735008
2771	ATF7IP	Q739*	Nonsense	-0.192858224
2772	ATF7IP	Q739*;T740I	Nonsense;Missense	0.160945327
2773	ATF7IP		No Mutation	-0.786397187
2774	ATF7IP	V752I	Missense	-0.197345164
2775	ATF7IP	V752I	Missense	0.911388975
2776	ATF7IP	A759T	Missense	0.102003202
2777	ATF7IP	V761I;V762I	Missense;Missense	0.256470904
2778	ATF7IP	V762I	Missense	-0.336447481
2779	ATF7IP		No Mutation	-0.227023181
2780	ATF7IP	T764I;T765I	Missense;Missense	0.564352665
2781	ATF7IP	Q773Q	Silent	-0.509548961
2782	ATF7IP		No Mutation	0.223157376
2783	ATF7IP		No Mutation	-0.69877217
2784	ATF7IP		No Mutation	-0.276786077
2785	ATF7IP	Q779Q	Silent	0.191965645
2786	ATF7IP	L785L	Silent	-0.357021259
2787	ATF7IP	V787I	Missense	-0.121828852
2788	ATF7IP		No Mutation	0.257554169
2789	ATF7IP		No Mutation	0.6533735
2790	ATF7IP	Q799Q	Silent	0.111728211
2791	ATF7IP	Q799Q	Silent	0.27538726
2792	ATF7IP	L797F;L798L	Missense;Silent	0.834192444
2793	ATF7IP	S800N	Missense	-0.383997057
2794	ATF7IP	L798L	Silent	-0.604540116
2795	ATF7IP	S800S;H801Y	Silent;Missense	0.371644547
2796	ATF7IP	L805L;V806I	Silent;Missense	-0.90875249
2797	ATF7IP		No Mutation	0.069423431
2798	ATF7IP	T807I	Missense	0.13976484
2799	ATF7IP	E815K	Missense	-1.578595073
2800	ATF7IP	S821S;P822L	Silent;Missense	-0.40478369
2801	ATF7IP	G827N	Missense	-0.284779993
2802	ATF7IP	G827N	Missense	0.55308202
2803	ATF7IP		No Mutation	0.165175934
2804	ATF7IP		No Mutation	-1.326344697
2805	ATF7IP		No Mutation	-0.510033927
2806	ATF7IP		No Mutation	0.844053079
2807	ATF7IP		No Mutation	0.714861453
2808	ATF7IP		No Mutation	0.234976074
2809	ATF7IP	V847I	Missense	0.201119161
2810	ATF7IP	V847I	Missense	0.602219975
2811	ATF7IP	V850M	Missense	0.062034737
2812	ATF7IP	S854N	Missense	-0.785924809
2813	ATF7IP	P851L	Missense	-0.71323073
2814	ATF7IP	R857K	Missense	-0.21451136
2815	ATF7IP	R857K	Missense	0.15938319
2816	ATF7IP		No Mutation	0.222475989
2817	ATF7IP	A861V	Missense	0.379795219
2818	ATF7IP	A864T	Missense	0.582180127
2819	ATF7IP	A861V	Missense	-1.051869573
2820	ATF7IP	A864T	Missense	-0.528851471
2821	ATF7IP	L866L;G867K	Silent;Missense	-0.017685638
2822	ATF7IP	A871T	Missense	-0.431728094
2823	ATF7IP	T868I	Missense	0.471780296
2824	ATF7IP	V882I	Missense	-0.156804748
2825	ATF7IP	S880F	Missense	-0.161282101
2826	ATF7IP		No Mutation	-0.2159282
2827	ATF7IP	T887I	Missense	-0.062481701
2828	ATF7IP	T887I;S888F	Missense;Missense	0.29221124
2829	ATF7IP	P890F;T891I	Missense;Missense	0.373986073
2830	ATF7IP	G896K	Missense	-0.382320417
2831	ATF7IP	G896K	Missense	-0.244521575
2832	ATF7IP	S899N	Missense	-0.636898627
2833	ATF7IP	S899N	Missense	0.144778959
2834	ATF7IP	P900L	Missense	0.012516267
2835	ATF7IP	G905N	Missense	-0.234284685
2836	ATF7IP	S917N	Missense	-0.11584697
2837	ATF7IP	T928I	Missense	0.069327114
2838	ATF7IP	(NC);(NC)	Splice-donor;Intron	-1.209855259
2839	ATF7IP	(NC)	Intron	-1.129451717
2840	ATF7IP	(NC)	Intron	0.192812684
2841	ATF7IP		No Mutation	-0.048569091
2842	ATF7IP		No Mutation	-0.080268043
2843	ATF7IP	A949V	Missense	-0.416347454
2844	ATF7IP	(NC)	Intron	0.044729421
2845	ATF7IP	T959I	Missense	0.2541705
2846	ATF7IP	S964N	Missense	0.297685056
2847	ATF7IP	V966V	Silent	0.231026214
2848	ATF7IP		No Mutation	0.109768633
2849	ATF7IP		No Mutation	-0.772502209
2850	ATF7IP	S994N	Missense	-0.147745096
2851	ATF7IP	Q997Q	Silent	0.240288023
2852	ATF7IP	L1003L	Silent	0.98049154
2853	ATF7IP		No Mutation	-0.132451718
2854	ATF7IP	P1010P	Silent	0.1085163
2855	ATF7IP	P1010P	Silent	-0.27293107
2856	ATF7IP	P1010L;P1011F	Missense;Missense	-1.517586948
2857	ATF7IP		No Mutation	-0.104695071
2858	ATF7IP	P1010L;P1011F	Missense;Missense	0.106606193
2859	ATF7IP	P1011F;L1012F	Missense;Missense	-0.576463882
2860	ATF7IP	G1016K	Missense	0.021614864
2861	ATF7IP	G1016K;V1017M	Missense;Missense	-0.506618868
2862	ATF7IP	S1015F	Missense	0.12334822
2863	ATF7IP	S1020N	Missense	0.373280467
2864	ATF7IP		No Mutation	-0.3011482
2865	ATF7IP		No Mutation	0.340089696
2866	ATF7IP	H1028Y	Missense	-0.20822458
2867	ATF7IP		No Mutation	0.871565484
2868	ATF7IP		No Mutation	0.064761781
2869	ATF7IP	(NC);(NC)	Intron;Intron	-0.524544177
2870	ATF7IP		No Mutation	-0.515928959
2871	ATF7IP	V1039I	Missense	-0.329172257
2872	ATF7IP	R1042H	Missense	0.499285233
2873	ATF7IP	H1041Y;R1042C	Missense;Missense	-0.123447851
2874	ATF7IP		No Mutation	0.928292791
2875	ATF7IP		No Mutation	0.661745047
2876	ATF7IP	A1058T	Missense	0.96661833
2877	ATF7IP	A1058T	Missense	-0.791068555
2878	ATF7IP	A1056V;P1057S	Missense;Missense	0.916538786
2879	ATF7IP		No Mutation	-0.447957221
2880	ATF7IP	P1057F	Missense	-0.255492693
2881	ATF7IP	V1062I;V1063I	Missense;Missense	-0.092500798
2882	ATF7IP		No Mutation	-0.311560346
2883	ATF7IP		No Mutation	-0.733386313
2884	ATF7IP	P1068F	Missense	-0.0090727
2885	ATF7IP	Q1073Q;A1074T	Silent;Missense	-0.35279429
2886	ATF7IP	A1072V;Q1073*	Missense;Nonsense	-0.309427607
2887	ATF7IP		No Mutation	-0.480768038
2888	ATF7IP	L1076L;R1077Q	Silent;Missense	-0.190038057
2889	ATF7IP	R1077*	Nonsense	-0.49564944
2890	ATF7IP	V1080I	Missense	-0.557424705
2891	ATF7IP	M1081I	Missense	-0.234937649
2892	ATF7IP	Q1082*	Nonsense	-0.096000607
2893	ATF7IP	A1083V;P1084S	Missense;Missense	-0.690855704
2894	ATF7IP	V1089I	Missense	-0.920401429
2895	ATF7IP		No Mutation	-0.105148106
2896	ATF7IP	(NC)	Intron	-0.69209999
2897	ATF7IP	V1106I	Missense	0.727290094
2898	ATF7IP	T1104I	Missense	0.193106364
2899	ATF7IP		No Mutation	-0.267869442
2900	ATF7IP	N1108N	Silent	0.193593013
2901	ATF7IP	N1108N	Silent	-0.745166143
2902	ATF7IP	L1111L;T1112I	Silent;Missense	0.239780154
2903	ATF7IP	G1117E	Missense	-0.204836472
2904	ATF7IP		No Mutation	-0.041320206
2905	ATF7IP		No Mutation	0.55461339
2906	ATF7IP	V1129V	Silent	0.579347524
2907	ATF7IP	(NC)	Splice-donor	0.443496044
2908	ATF7IP	(NC);(NC)	Splice-donor;Intron	0.348917305
2909	ATF7IP	T1131I	Missense	-0.738730101
2910	ATF7IP		No Mutation	-0.055800485
2911	ATF7IP	E1132E	Silent	-0.810065683
2912	ATF7IP		No Mutation	0.345787049
2913	ATF7IP		No Mutation	0.284460939
2914	ATF7IP	A1140T	Missense	0.256158947
2915	ATF7IP	A1140T	Missense	0.087979093
2916	ATF7IP		No Mutation	-0.217362221
2917	ATF7IP		No Mutation	-0.311786615
2918	ATF7IP		No Mutation	-0.393323728
2919	ATF7IP	E1144K;A1145T	Missense;Missense	0.095663921
2920	ATF7IP	E1144K;A1145T	Missense;Missense	0.506984094
2921	ATF7IP		No Mutation	-0.650752271
2922	ATF7IP		No Mutation	0.109762112
2923	ATF7IP		No Mutation	-0.406744463
2924	ATF7IP	L1151L	Silent	0.221199575
2925	ATF7IP	E1154K	Missense	0.747622076
2926	ATF7IP	S1157N	Missense	-0.305242112
2927	ATF7IP	S1157N	Missense	0.474202953
2928	ATF7IP		No Mutation	-0.127167872
2929	ATF7IP		No Mutation	0.766724442
2930	ATF7IP	Q1162Q	Silent	-0.987511786
2931	ATF7IP	L1166L	Silent	-0.415736056
2932	ATF7IP	A1169T;R1170H	Missense;Missense	-0.247550759
2933	ATF7IP	R1170C	Missense	-0.26152712
2934	ATF7IP	G1176G	Silent	-0.979186677
2935	ATF7IP	L1179L	Silent	0.646729982
2936	ATF7IP	S1180L	Missense	-0.340994764
2937	ATF7IP		No Mutation	-0.358920478
2938	ATF7IP	S1189N	Missense	0.244204379
2939	ATF7IP		No Mutation	-0.410689172
2940	ATF7IP	L1198F	Missense	0.185525194
2941	ATF7IP	E1203K	Missense	-0.502253264
2942	ATF7IP	A1207T	Missense	0.853991999
2943	ATF7IP		No Mutation	0.505340823
2944	ATF7IP	A1207V;T1208I	Missense;Missense	0.361776973
2945	ATF7IP		No Mutation	-0.307517707
2946	ATF7IP	W1213*	Nonsense	-0.231763569
2947	ATF7IP	S1211L;Q1212*	Missense;Nonsense	-0.705512088
2948	ATF7IP	S1211L;Q1212*	Missense;Nonsense	-0.943869703
2949	ATF7IP	Q1212*	Nonsense	-0.145673391
2950	ATF7IP		No Mutation	0.354903368
2951	ATF7IP	A1221V;L1222F	Missense;Missense	-0.0345185
2952	ATF7IP	C1228Y	Missense	-0.438717381
2953	ATF7IP	C1228Y	Missense	-0.405447936
2954	ATF7IP		No Mutation	-0.192765067
2955	ATF7IP		No Mutation	0.169831701
2956	ATF7IP	L1230F;T1231I	Missense;Missense	-0.960524023
2957	ATF7IP	G1236D;S1237N	Missense;Missense	0.138473515
2958	ATF7IP	S1237N	Missense	-0.828555684
2959	ATF7IP	Y1240Y	Silent	1.090603559
2960	ATF7IP	R1244*;A1245V	Nonsense;Missense	-0.374192505
2961	ATF7IP		No Mutation	-0.974874595
2962	ATF7IP	G1250E;R1251H	Missense;Missense	0.350177558
2963	ATF7IP	Q1259Q	Silent	0.370714108
2964	ATF7IP	V1263I	Missense	0.701782509
2965	ATF7IP	T1267T;Q1268*	Silent;Nonsense	-0.350169762
2966	ATF7IP	(NC)	UTR	-0.320942947
2967	ATF7IP	(NC);(NC)	UTR;UTR	1.514802898
2968	ATF7IP		No Mutation	-0.931281629
2969	ATF7IP2	(NC);(NC)	Intron;Intron	1.327585903
2970	ATF7IP2	M1I;A2T	Missense;Missense	-0.201017662
2971	ATF7IP2	P4L	Missense	0.85173949
2972	ATF7IP2	R9Q	Missense	0.330205188
2973	ATF7IP2	T17I	Missense	0.122189464
2974	ATF7IP2	K24K	Silent	-0.69279878
2975	ATF7IP2	K24K	Silent	0.297307506
2976	ATF7IP2	K24K;V26I	Silent;Missense	-0.34925659
2977	ATF7IP2	E27E;M28I	Silent;Missense	0.897918871
2978	ATF7IP2		No Mutation	-0.503352545
2979	ATF7IP2	A37V;L38L	Missense;Silent	0.383515174
2980	ATF7IP2	A37V;L38L	Missense;Silent	-1.049748081
2981	ATF7IP2		No Mutation	0.619906911
2982	ATF7IP2	S52N	Missense	1.254034711
2983	ATF7IP2	P55F	Missense	-1.211679022
2984	ATF7IP2	R60K	Missense	-0.440812474
2985	ATF7IP2		No Mutation	-0.689485749
2986	ATF7IP2		No Mutation	-0.496192888
2987	ATF7IP2	V103I	Missense	0.68857952
2988	ATF7IP2	H104Y	Missense	-0.043844714
2989	ATF7IP2		No Mutation	-0.058275998
2990	ATF7IP2	E124K	Missense	-0.190297999
2991	ATF7IP2		No Mutation	0.474587657
2992	ATF7IP2	S127S	Silent	0.686211117
2993	ATF7IP2	E132K	Missense	0.751518697
2994	ATF7IP2	E132K	Missense	0.025555077
2995	ATF7IP2	E132K	Missense	0.056791615
2996	ATF7IP2	E159E;G160K	Silent;Missense	0.22390305
2997	ATF7IP2	E159E;G160K;A161T	Silent;Missense;Missense	0.731597447
2998	ATF7IP2	S172N	Missense	0.318971383
2999	ATF7IP2	P170L;P171F	Missense;Missense	0.312656396
3000	ATF7IP2	S175N;G176N	Missense;Missense	0.394490649
3001	ATF7IP2	G176N;V177I	Missense;Missense	0.824815584
3002	ATF7IP2	G176D;V177I	Missense;Missense	-0.349287526
3003	ATF7IP2	S187N	Missense	-0.166808455
3004	ATF7IP2	T184I	Missense	1.401292863
3005	ATF7IP2	T184I	Missense	0.186095619
3006	ATF7IP2	K192K	Silent	-0.559000077
3007	ATF7IP2	D191D	Silent	-0.431871666
3008	ATF7IP2	E202K	Missense	-0.09224121
3009	ATF7IP2		No Mutation	0.343847491
3010	ATF7IP2	S207L	Missense	-0.479394578
3011	ATF7IP2	D211N	Missense	0.987531379
3012	ATF7IP2		No Mutation	0.083509857
3013	ATF7IP2	V239I	Missense	-0.593882569
3014	ATF7IP2	C262Y;E263K	Missense;Missense	-0.357681287
3015	ATF7IP2		No Mutation	0.317308751
3016	ATF7IP2	S279S;H280Y	Silent;Missense	-0.173668865
3017	ATF7IP2		No Mutation	-0.616049717
3018	ATF7IP2		No Mutation	0.3966641
3019	ATF7IP2	Q314*	Nonsense	0.313756325
3020	ATF7IP2	T315I	Missense	-0.382854844
3021	ATF7IP2		No Mutation	-0.202954991
3022	ATF7IP2	Q320*	Nonsense	0.35674711
3023	ATF7IP2	Q320*	Nonsense	0.691844897
3024	ATF7IP2		No Mutation	-0.633371456
3025	ATF7IP2	V321V;H323Y	Silent;Missense	0.882695181
3026	ATF7IP2		No Mutation	0.003596005
3027	ATF7IP2		No Mutation	0.304937815
3028	ATF7IP2	K350K;E352K	Silent;Missense	0.569359433
3029	ATF7IP2	C353C	Silent	-0.272623243
3030	ATF7IP2		No Mutation	0.360083549
3031	ATF7IP2	T377I	Missense	-0.19377701
3032	ATF7IP2	N389N	Silent	-0.715833039
3033	ATF7IP2	S393N	Missense	1.70496044
3034	ATF7IP2	S392S	Silent	-0.47676936
3035	ATF7IP2	K398K	Silent	-0.484809556
3036	ATF7IP2		No Mutation	-0.286959311
3037	ATF7IP2		No Mutation	0.744366855
3038	ATF7IP2	A400T	Missense	-1.774063257
3039	ATF7IP2		No Mutation	-0.063080353
3040	ATF7IP2	S402L	Missense	-0.493802574
3041	ATF7IP2	S428F	Missense	0.311058909
3042	ATF7IP2		No Mutation	0.581101416
3043	ATF7IP2	S447F	Missense	-0.062557962
3044	ATF7IP2		No Mutation	-0.180282708
3045	ATF7IP2		No Mutation	0.510697227
3046	ATF7IP2	T471I	Missense	1.294071115
3047	ATF7IP2		No Mutation	1.1780161
3048	ATF7IP2	(NC)	Intron	-0.555597601
3049	ATF7IP2	T477I	Missense	-0.374567293
3050	ATF7IP2	P489F	Missense	0.849258695
3051	ATF7IP2	M494I;(NC)	Missense;Splice-donor	0.563336678
3052	ATF7IP2	M494I;(NC);(NC)	Missense;Splice-donor;Intron	0.208866605
3053	ATF7IP2		No Mutation	-0.176658854
3054	ATF7IP2	L511L;S512F	Silent;Missense	0.099279835
3055	ATF7IP2	E517K	Missense	-0.2317215
3056	ATF7IP2	N513N;C514C	Silent;Silent	0.503899256
3057	ATF7IP2	(NC)	Splice-acceptor	0.081738063
3058	ATF7IP2	P519S	Missense	-0.631468599
3059	ATF7IP2	E524K	Missense	-0.01181067
3060	ATF7IP2	S527S	Silent	-0.40789808
3061	ATF7IP2	S527S	Silent	0.278636053
3062	ATF7IP2	S527S	Silent	0.444577806
3063	ATF7IP2	S527S	Silent	0.325621862
3064	ATF7IP2	S527S;A529T	Silent;Missense	0.364578146
3065	ATF7IP2	A529V	Missense	-0.442155394
3066	ATF7IP2		No Mutation	-0.747340718
3067	ATF7IP2	A540V;Q541*	Missense;Nonsense	0.136978131
3068	ATF7IP2	(NC);(NC)	Intron;Intron	0.063419151
3069	ATF7IP2	(NC)	Intron	0.888140835
3070	ATF7IP2		No Mutation	0.095238096
3071	ATF7IP2		No Mutation	-0.181717797
3072	ATF7IP2	E558K	Missense	-0.803134868
3073	ATF7IP2		No Mutation	-0.303760592
3074	ATF7IP2	A561T	Missense	-0.019913222
3075	ATF7IP2		No Mutation	-0.384214912
3076	ATF7IP2		No Mutation	-0.577113587
3077	ATF7IP2	E565K	Missense	0.655839901
3078	ATF7IP2	E565K	Missense	0.12534291
3079	ATF7IP2	V567I;D568N	Missense;Missense	-0.346709058
3080	ATF7IP2		No Mutation	-0.713745459
3081	ATF7IP2		No Mutation	-0.438068859
3082	ATF7IP2	E580K	Missense	-0.456365666
3083	ATF7IP2		No Mutation	-1.023695013
3084	ATF7IP2		No Mutation	0.220947323
3085	ATF7IP2	V583M	Missense	-0.404808173
3086	ATF7IP2	P579L	Missense	-0.271587048
3087	ATF7IP2	L581F	Missense	0.367813974
3088	ATF7IP2	R585Q	Missense	-0.286891125
3089	ATF7IP2	G591G	Silent	-0.129392466
3090	ATF7IP2	L594L	Silent	-0.149713845
3091	ATF7IP2	L594L	Silent	-0.603012623
3092	ATF7IP2		No Mutation	-0.2790237
3093	ATF7IP2	K604K;C605Y	Silent;Missense	0.061904375
3094	ATF7IP2	V608I;E609K	Missense;Missense	-0.263730051
3095	ATF7IP2	E609K	Missense	-0.307655426
3096	ATF7IP2		No Mutation	0.693943655
3097	ATF7IP2	E618K	Missense	0.727029809
3098	ATF7IP2		No Mutation	-0.826878573
3099	ATF7IP2	S620F	Missense	0.15797176
3100	ATF7IP2		No Mutation	-0.063518667
3101	ATF7IP2	A634V	Missense	-0.272951513
3102	ATF7IP2	C641Y	Missense	0.298480494
3103	ATF7IP2		No Mutation	-0.255553513
3104	ATF7IP2		No Mutation	-0.415385706
3105	ATF7IP2		No Mutation	-0.167942354
3106	ATF7IP2	Q645Q	Silent	0.89956408
3107	ATF7IP2		No Mutation	0.108416224
3108	ATF7IP2		No Mutation	0.408834857
3109	ATF7IP2		No Mutation	-1.071283339
3110	ATF7IP2		No Mutation	1.343957516
3111	SETDB2	(NC)	UTR	-0.375381155
3112	SETDB2	(NC)	UTR	-0.808603256
3113	SETDB2		No Mutation	-0.512109226
3114	SETDB2		No Mutation	-0.205580789
3115	SETDB2	G6G	Silent	0.08940223
3116	SETDB2	A8V	Missense	-0.488896684
3117	SETDB2		No Mutation	0.226707969
3118	SETDB2		No Mutation	0.24474856
3119	SETDB2	Q37*	Nonsense	-0.634002563
3120	SETDB2	Q37*	Nonsense	0.120375994
3121	SETDB2	S43F	Missense	-0.587328449
3122	SETDB2	(NC);(NC)	Intron;Intron	0.207690228
3123	SETDB2	(NC)	Intron	0.031081036
3124	SETDB2	V56I	Missense	-0.101724969
3125	SETDB2	N63N	Silent	0.409213905
3126	SETDB2	S65L	Missense	-0.675819978
3127	SETDB2		No Mutation	-0.041040796
3128	SETDB2	A71T	Missense	0.651535358
3129	SETDB2		No Mutation	0.299539202
3130	SETDB2	Q73Q	Silent	0.063661505
3131	SETDB2		No Mutation	-0.115417383
3132	SETDB2	(NC)	Intron	0.23707987
3133	SETDB2	(NC)	Intron	-0.26881447
3134	SETDB2	P85S	Missense	-0.451133801
3135	SETDB2	Q88Q	Silent	0.169764265
3136	SETDB2		No Mutation	-0.69667788
3137	SETDB2	E90K	Missense	0.537787116
3138	SETDB2		No Mutation	0.498363005
3139	SETDB2	C111Y	Missense	0.23517168
3140	SETDB2		No Mutation	-0.158301872
3141	SETDB2	(NC)	Intron	-0.500954085
3142	SETDB2	Q143*	Nonsense	-0.320109755
3143	SETDB2	G149S	Missense	-0.084188873
3144	SETDB2	P156S	Missense	-0.105508356
3145	SETDB2	P156L	Missense	0.4625383
3146	SETDB2		No Mutation	-0.442929489
3147	SETDB2		No Mutation	-0.061922251
3148	SETDB2		No Mutation	-0.094214184
3149	SETDB2	K179K	Silent	0.178064782
3150	SETDB2		No Mutation	0.022769376
3151	SETDB2		No Mutation	0.012104176
3152	SETDB2	S198N	Missense	-0.212349358
3153	SETDB2		No Mutation	-0.590612405
3154	SETDB2	R200Q	Missense	-0.321868851
3155	SETDB2		No Mutation	0.291462332
3156	SETDB2	L199L	Silent	0.356746178
3157	SETDB2	E213E;C214Y	Silent;Missense	0.44944039
3158	SETDB2	F224F	Silent	1.080033126
3159	SETDB2	T226I	Missense	-0.958245465
3160	SETDB2	R232Q	Missense	0.352944567
3161	SETDB2		No Mutation	0.271711187
3162	SETDB2		No Mutation	1.777780741
3163	SETDB2		No Mutation	0.20551797
3164	SETDB2	E260K	Missense	0.173150702
3165	SETDB2	E260K	Missense	0.200586148
3166	SETDB2	R272K	Missense	-0.115684351
3167	SETDB2	R272K	Missense	-0.066966634
3168	SETDB2	Y271Y	Silent	0.353582735
3169	SETDB2		No Mutation	-0.55632679
3170	SETDB2	M288I	Missense	0.1530875
3171	SETDB2		No Mutation	-0.745036436
3172	SETDB2	S292F	Missense	0.609996809
3173	SETDB2	S292F	Missense	-0.237845882
3174	SETDB2	E297E;G298N	Silent;Missense	-0.359296512
3175	SETDB2		No Mutation	0.044020769
3176	SETDB2		No Mutation	-0.018613726
3177	SETDB2	(NC)	Splice-acceptor	0.605610813
3178	SETDB2	L308F	Missense	0.713998849
3179	SETDB2	L320L	Silent	0.197777135
3180	SETDB2		No Mutation	-0.134033823
3181	SETDB2	Q335*	Nonsense	-0.609919904
3182	SETDB2		No Mutation	1.291327676
3183	SETDB2	Q337*	Nonsense	0.401408117
3184	SETDB2	T340I	Missense	-0.034702737
3185	SETDB2		No Mutation	0.787660107
3186	SETDB2		No Mutation	-0.506312007
3187	SETDB2	N358N;R359*	Silent;Nonsense	1.946686524
3188	SETDB2	G364N	Missense	-0.341585902
3189	SETDB2	H363Y	Missense	-0.025165749
3190	SETDB2	V367I	Missense	0.085444658
3191	SETDB2	P365F;Q366*	Missense;Nonsense	-0.234709411
3192	SETDB2	Q370Q;V371M	Silent;Missense	0.173478814
3193	SETDB2	F372F	Silent	0.609651644
3194	SETDB2	F372F	Silent	-0.277817865
3195	SETDB2	T374I	Missense	-0.474118358
3196	SETDB2	T374I	Missense	1.04126859
3197	SETDB2	T374I	Missense	-0.766671397
3198	SETDB2	L384L	Silent	0.007771219
3199	SETDB2		No Mutation	0.753399128
3200	SETDB2		No Mutation	0.68542704
3201	SETDB2		No Mutation	0.281635916
3202	SETDB2	N405N;T406I	Silent;Missense	0.287349368
3203	SETDB2		No Mutation	-0.497942175
3204	SETDB2		No Mutation	-0.908300367
3205	SETDB2		No Mutation	0.41263566
3206	SETDB2	L444F	Missense	-0.174080496
3207	SETDB2		No Mutation	-0.471884711
3208	SETDB2		No Mutation	0.842067484
3209	SETDB2		No Mutation	-0.253849667
3210	SETDB2	F464F	Silent	0.632387008
3211	SETDB2		No Mutation	0.20909457
3212	SETDB2	V473M;(NC)	Missense;Splice-donor	-0.151718505
3213	SETDB2	(NC)	Splice-donor	-0.306594191
3214	SETDB2		No Mutation	-0.034271757
3215	SETDB2	T475T	Silent	0.84319959
3216	SETDB2	A497T	Missense	0.422508328
3217	SETDB2		No Mutation	0.603299659
3218	SETDB2	G503K	Missense	0.197874392
3219	SETDB2	H501Y	Missense	-0.831934458
3220	SETDB2		No Mutation	-0.286787901
3221	SETDB2		No Mutation	0.211598073
3222	SETDB2	E507K	Missense	-0.724822721
3223	SETDB2		No Mutation	0.16715023
3224	SETDB2	T515I;P516L	Missense;Missense	-0.747020628
3225	SETDB2	G521K	Missense	-0.601018534
3226	SETDB2	L529L	Silent	-0.411554284
3227	SETDB2		No Mutation	-0.034501711
3228	SETDB2		No Mutation	0.035606423
3229	SETDB2	L529L	Silent	0.092124131
3230	SETDB2	L529L	Silent	0.182980846
3231	SETDB2	T533I	Missense	-0.643642988
3232	SETDB2	(NC);(NC);(NC)	Splice-donor;Intron;Intron	0.159397285
3233	SETDB2	(NC);(NC)	Intron;Intron	0.19854916
3234	SETDB2	(NC);K538K;D539N	Splice-acceptor;Silent;Missense	-0.37077102
3235	SETDB2	E549K;D550N	Missense;Missense	1.304912516
3236	SETDB2		No Mutation	0.14320572
3237	SETDB2		No Mutation	-0.454509517
3238	SETDB2	C574Y	Missense	0.31829029
3239	SETDB2		No Mutation	-0.176939354
3240	SETDB2	N575N;Q576*	Silent;Nonsense	-0.374737644
3241	SETDB2	L580L;D581N	Silent;Missense	0.59663343
3242	SETDB2	Q583Q	Silent	-0.073593341
3243	SETDB2	Q583*	Nonsense	0.591314179
3244	SETDB2		No Mutation	-0.094832488
3245	SETDB2	Q594*	Nonsense	-0.319118664
3246	SETDB2	Q594*	Nonsense	1.33258774
3247	SETDB2		No Mutation	0.437539377
3248	SETDB2		No Mutation	0.740417428
3249	SETDB2	A603T	Missense	0.916774997
3250	SETDB2	A603V	Missense	-0.481494158
3251	SETDB2	D625N	Missense	0.946585957
3252	SETDB2	T628I	Missense	0.586161334
3253	SETDB2		No Mutation	-0.052882298
3254	SETDB2	T641I	Missense	0.030466982
3255	SETDB2	F649F;L650F	Silent;Missense	0.060140277
3256	SETDB2	F649F;L650F	Silent;Missense	0.311337816
3257	SETDB2	(NC);(NC)	Intron;Intron	-0.139038119
3258	SETDB2	(NC);(NC);(NC)	Intron;Intron;Intron	-0.261624084
3259	SETDB2		No Mutation	0.477300325
3260	SETDB2		No Mutation	0.870707756
3261	SETDB2	Q661Q	Silent	0.429744726
3262	SETDB2	Q661Q	Silent	-0.831657714
3263	SETDB2		No Mutation	-0.395314421
3264	SETDB2	A676V	Missense	-0.731825501
3265	SETDB2	(NC)	Intron	0.269481327
3266	SETDB2	A685V	Missense	0.052526078
3267	SETDB2		No Mutation	-0.056399579
3268	SETDB2	L689L	Silent	0.805611254
3269	SETDB2		No Mutation	0.641122625
3270	SETDB2		No Mutation	-0.207366463
3271	SETDB2		No Mutation	1.377709911
3272	SETDB2	C707Y	Missense	0.569501809
3273	SETDB2		No Mutation	0.135985986
3274	SETDB2	I705I	Silent	0.394052915
3275	SETDB2	I705I	Silent	0.456332409
3276	SETDB2		No Mutation	-0.19729461
3277	EHMT1	(NC);(NC)	UTR;UTR	0.062616152
3278	EHMT1	(NC);(NC)	UTR;UTR	-0.253371283
3279	EHMT1	(NC);(NC);(NC)	UTR;UTR;UTR	-0.43944826
3280	EHMT1	A4T	Missense	-0.599625721
3281	EHMT1	A4T;D5N	Missense;Missense	0.238311589
3282	EHMT1	A2V	Missense	-0.414145454
3283	EHMT1	A6T	Missense	0.143687285
3284	EHMT1	E7E;(NC);(NC)	Silent;Splice-donor;Intron	-0.755834648
3285	EHMT1	A6V	Missense	0.000625418
3286	EHMT1	A6V	Missense	-0.707273686
3287	EHMT1	(NC);(NC)	Intron;Intron	0.342623575
3288	EHMT1	A6V	Missense	-0.194317968
3289	EHMT1	(NC);(NC)	Intron;Intron	-0.993184737
3290	EHMT1		No Mutation	-0.249177836
3291	EHMT1		No Mutation	0.757534214
3292	EHMT1	(NC)	Intron	0.414727324
3293	EHMT1	(NC);(NC);(NC)	Intron;Intron;Intron	-1.150994878
3294	EHMT1	(NC)	Intron	0.246465862
3295	EHMT1	(NC)	Intron	-0.46314123
3296	EHMT1	(NC);(NC)	Intron;Intron	0.490190999
3297	EHMT1		No Mutation	0.153447562
3298	EHMT1	(NC);(NC)	Intron;Intron	-0.041680512
3299	EHMT1	(NC)	Intron	0.526861078
3300	EHMT1	(NC)	Intron	-0.041329961
3301	EHMT1	(NC);A8V	Intron;Missense	-0.62088843
3302	EHMT1	A8V	Missense	-0.216653805
3303	EHMT1	A8V	Missense	0.031814578
3304	EHMT1		No Mutation	-0.62845211
3305	EHMT1		No Mutation	1.336918974
3306	EHMT1	C20Y;V21M	Missense;Missense	0.369640195
3307	EHMT1		No Mutation	0.782516506
3308	EHMT1		No Mutation	-0.514456798
3309	EHMT1	T23I	Missense	0.893039757
3310	EHMT1	L25L;L26L	Silent;Silent	-0.686564424
3311	EHMT1	L25L;L26L	Silent;Silent	-0.169482332
3312	EHMT1	E29K;(NC)	Missense;Splice-donor	-0.798210154
3313	EHMT1	L26L	Silent	0.203566127
3314	EHMT1		No Mutation	0.141172945
3315	EHMT1	(NC)	Intron	0.138061283
3316	EHMT1		No Mutation	-0.414059198
3317	EHMT1	P31F	Missense	0.517264754
3318	EHMT1	E36K;G37N	Missense;Missense	-0.215254455
3319	EHMT1	E40K	Missense	-0.250683168
3320	EHMT1	G37G	Silent	-0.032546536
3321	EHMT1	S38L;A39V	Missense;Missense	-0.678416116
3322	EHMT1		No Mutation	0.245744122
3323	EHMT1	A43V	Missense	0.30611491
3324	EHMT1		No Mutation	0.505377907
3325	EHMT1	A46V;H47Y	Missense;Missense	0.600020445
3326	EHMT1	G52N	Missense	0.666161173
3327	EHMT1	A50V	Missense	1.167375733
3328	EHMT1	A50V;D51D	Missense;Silent	-1.257225847
3329	EHMT1	A69T	Missense	1.153021981
3330	EHMT1	A69V	Missense	-1.143796013
3331	EHMT1	H72H;T73I	Silent;Missense	0.168594157
3332	EHMT1	H72H;T73I;Q74*	Silent;Missense;Nonsense	0.308287526
3333	EHMT1	S76S;A77V	Silent;Missense	0.544654567
3334	EHMT1		No Mutation	0.475595588
3335	EHMT1		No Mutation	0.041739211
3336	EHMT1		No Mutation	-0.437011662
3337	EHMT1		No Mutation	0.647522572
3338	EHMT1		No Mutation	-0.17730659
3339	EHMT1	G84G;T85I	Silent;Missense	-0.996702226
3340	EHMT1	N86N;T87I;L88L	Silent;Missense;Silent	-0.13174792
3341	EHMT1	R90Q	Missense	-0.338315091
3342	EHMT1	T89I;R90W	Missense;Missense	-0.926740495
3343	EHMT1	T89I;R90W	Missense;Missense	0.887855274
3344	EHMT1	R90W	Missense	-0.870513623
3345	EHMT1		No Mutation	0.175906033
3346	EHMT1	D113N	Missense	0.054931373
3347	EHMT1	Q116Q	Silent	-0.261575789
3348	EHMT1	Q116*	Nonsense	-0.642031573
3349	EHMT1	S118F	Missense	1.276455493
3350	EHMT1	Y125Y	Silent	-0.225870201
3351	EHMT1		No Mutation	-0.256693418
3352	EHMT1	Q135Q	Silent	0.031222752
3353	EHMT1	Q133*	Nonsense	0.175453054
3354	EHMT1	L137L	Silent	0.128111647
3355	EHMT1	L137L	Silent	0.412987925
3356	EHMT1		No Mutation	-0.430663941
3357	EHMT1	S141N	Missense	0.630464661
3358	EHMT1	S141N	Missense	0.310053527
3359	EHMT1	S146S	Silent	0.247290266
3360	EHMT1	L143L;A144V	Silent;Missense	0.016308065
3361	EHMT1	G149D	Missense	0.469294346
3362	EHMT1	A151V;A152V	Missense;Missense	-0.043663704
3363	EHMT1	A152V	Missense	0.370298641
3364	EHMT1	A152V	Missense	0.456314956
3365	EHMT1		No Mutation	0.09297645
3366	EHMT1	T154I;L155F	Missense;Missense	-0.46860225
3367	EHMT1	P156F	Missense	0.023181303
3368	EHMT1	G160N	Missense	-0.098891585
3369	EHMT1	G160N	Missense	-0.093754492
3370	EHMT1		No Mutation	0.459276973
3371	EHMT1	G162N	Missense	0.016996788
3372	EHMT1	Q170Q	Silent	0.374889054
3373	EHMT1	A174T	Missense	0.031575701
3374	EHMT1		No Mutation	0.449007664
3375	EHMT1		No Mutation	-0.728171421
3376	EHMT1	A174V;P175L	Missense;Missense	-0.658727933
3377	EHMT1	A177T	Missense	0.079806878
3378	EHMT1	A174V;P175L	Missense;Missense	-0.021140432
3379	EHMT1	A174A;P175L;P176S	Silent;Missense;Missense	0.706717331
3380	EHMT1		No Mutation	-0.35252182
3381	EHMT1	P176L	Missense	0.507314985
3382	EHMT1	P176L;A177V	Missense;Missense	0.080594771
3383	EHMT1	P176L;A177V	Missense;Missense	1.842302436
3384	EHMT1	G180K	Missense	0.893501225
3385	EHMT1	G180K;E181K	Missense;Missense	-0.312743361
3386	EHMT1	G180K;E181K	Missense;Missense	0.011846545
3387	EHMT1	E181K;G182K	Missense;Missense	0.475129622
3388	EHMT1	G182E;S183N	Missense;Missense	-0.022829097
3389	EHMT1	S183N;A184T	Missense;Missense	-0.097097349
3390	EHMT1	A184T;D185N	Missense;Missense	0.89996927
3391	EHMT1		No Mutation	0.808544397
3392	EHMT1	A184V	Missense	0.734095312
3393	EHMT1		No Mutation	1.200207185
3394	EHMT1		No Mutation	-0.228196532
3395	EHMT1	A193A;P194F	Silent;Missense	0.034878455
3396	EHMT1	D197N;V198I	Missense;Missense	-0.77414916
3397	EHMT1	D197N;V198I	Missense;Missense	0.813318343
3398	EHMT1	K199K	Silent	-0.187605675
3399	EHMT1	K199K;V200I	Silent;Missense	-0.02752914
3400	EHMT1	K199K;V200I	Silent;Missense	-0.220043252
3401	EHMT1	A196V;D197D	Missense;Silent	1.138327239
3402	EHMT1	A196A;D197D	Silent;Silent	0.175893954
3403	EHMT1	R202K	Missense	0.128161052
3404	EHMT1	K205K	Silent	0.333665672
3405	EHMT1	T206T;P208S	Silent;Missense	0.544473845
3406	EHMT1	P208L	Missense	0.148608473
3407	EHMT1	V212I	Missense	-0.010695172
3408	EHMT1		No Mutation	0.781061791
3409	EHMT1	G213N	Missense	0.418447529
3410	EHMT1		No Mutation	0.16556418
3411	EHMT1		No Mutation	-0.640184608
3412	EHMT1	R222K;E223K	Missense;Missense	0.387231868
3413	EHMT1	E226K;A227T	Missense;Missense	0.407595774
3414	EHMT1	A227T	Missense	0.941215871
3415	EHMT1		No Mutation	-0.472658712
3416	EHMT1	H230Y	Missense	-0.174616986
3417	EHMT1		No Mutation	0.141664324
3418	EHMT1		No Mutation	0.00603905
3419	EHMT1		No Mutation	-0.110313707
3420	EHMT1		No Mutation	0.280733314
3421	EHMT1		No Mutation	0.413134482
3422	EHMT1	Q258Q	Silent	0.958320521
3423	EHMT1	Q258Q;S259S	Silent;Silent	-0.051679323
3424	EHMT1	S259S	Silent	0.032477572
3425	EHMT1		No Mutation	0.240420737
3426	EHMT1		No Mutation	-0.014990507
3427	EHMT1	Q262*	Nonsense	0.201911428
3428	EHMT1		No Mutation	0.295866222
3429	EHMT1		No Mutation	-0.080675351
3430	EHMT1	T269I;T270I	Missense;Missense	1.590934951
3431	EHMT1	S272L;Q273*	Missense;Nonsense	-0.327696492
3432	EHMT1	T274I	Missense	-0.215798334
3433	EHMT1	A283T;A284T	Missense;Missense	-0.908134783
3434	EHMT1		No Mutation	-1.299292757
3435	EHMT1		No Mutation	0.040683069
3436	EHMT1		No Mutation	1.269899833
3437	EHMT1	K301K	Silent	-0.271580652
3438	EHMT1	T304I	Missense	-0.924909957
3439	EHMT1		No Mutation	-0.29306725
3440	EHMT1	S318S	Silent	1.234658022
3441	EHMT1	T320I	Missense	-0.058865107
3442	EHMT1	S322F	Missense	0.132344511
3443	EHMT1	K327K;(NC)	Silent;Splice-donor	-1.449826732
3444	EHMT1	(NC);(NC);(NC)	Intron;Intron;Intron	-0.24740876
3445	EHMT1	(NC);(NC);(NC)	Intron;Intron;Intron	0.595431215
3446	EHMT1	(NC);(NC)	Intron;Intron	0.04080081
3447	EHMT1	(NC);(NC);(NC)	Intron;Intron;Intron	-0.328619338
3448	EHMT1	(NC)	Intron	0.277490445
3449	EHMT1	E329K	Missense	0.032421541
3450	EHMT1	E329E;K330K	Silent;Silent	-0.614528475
3451	EHMT1	(NC)	Intron	0.179383096
3452	EHMT1		No Mutation	0.520560968
3453	EHMT1	L337L	Silent	0.102778509
3454	EHMT1	S335S	Silent	-0.063033393
3455	EHMT1	S335S;S336S	Silent;Silent	-0.17888069
3456	EHMT1	S335S;S336S;L337L	Silent;Silent;Silent	0.156373803
3457	EHMT1	V339V	Silent	-0.055956302
3458	EHMT1	H338H	Silent	0.3250377
3459	EHMT1	G341G;E342K	Silent;Missense	0.134285701
3460	EHMT1		No Mutation	-0.336072723
3461	EHMT1	S343S;L344L	Silent;Silent	-0.993675567
3462	EHMT1		No Mutation	0.128192964
3463	EHMT1	S348S;D349N;E350K	Silent;Missense;Missense	0.459223753
3464	EHMT1		No Mutation	0.062188474
3465	EHMT1	D351D;D352D	Silent;Silent	0.381059873
3466	EHMT1	D352D;S353L	Silent;Missense	0.378468273
3467	EHMT1	L356F	Missense	0.282799331
3468	EHMT1		No Mutation	-0.155377987
3469	EHMT1	D360D;G361G;H362Y	Silent;Silent;Missense	-0.096888863
3470	EHMT1	G361G;H362Y	Silent;Missense	0.294366897
3471	EHMT1	Q366Q;A367T;A368T	Silent;Missense;Missense	-0.151031414
3472	EHMT1	A368V	Missense	0.421039748
3473	EHMT1	F370F;P371F	Silent;Missense	-0.161157651
3474	EHMT1	E373E;D374N	Silent;Missense	-0.461351224
3475	EHMT1	R376K	Missense	0.335183908
3476	EHMT1	R376K	Missense	1.012785218
3477	EHMT1	R376K	Missense	0.394471635
3478	EHMT1	D374D	Silent	0.239909341
3479	EHMT1	S378F	Missense	-1.654942477
3480	EHMT1	S378S	Silent	-0.805934181
3481	EHMT1	S383S;E384K	Silent;Missense	0.798289603
3482	EHMT1	A385V	Missense	-0.339057969
3483	EHMT1	(NC)	Intron	0.031997674
3484	EHMT1		No Mutation	-0.68689542
3485	EHMT1	(NC);(NC)	Intron;Intron	0.115182524
3486	EHMT1		No Mutation	0.657340308
3487	EHMT1	(NC);(NC)	Intron;Intron	0.05028983
3488	EHMT1	(NC);(NC);(NC)	Intron;Intron;Intron	-0.40228332
3489	EHMT1	(NC)	Intron	0.068602081
3490	EHMT1	(NC)	Intron	0.100847966
3491	EHMT1	(NC)	Intron	-0.667391251
3492	EHMT1	(NC)	Intron	0.903112225
3493	EHMT1		No Mutation	0.174679093
3494	EHMT1	D392D	Silent	-0.516872701
3495	EHMT1		No Mutation	0.637528183
3496	EHMT1		No Mutation	0.886528723
3497	EHMT1	E400E	Silent	0.857836068
3498	EHMT1	Q399*	Nonsense	-0.255483942
3499	EHMT1		No Mutation	-0.710451634
3500	EHMT1		No Mutation	0.799515121
3501	EHMT1	S401F	Missense	-0.084169542
3502	EHMT1	S401S	Silent	0.327673607
3503	EHMT1	D403D	Silent	0.024377085
3504	EHMT1	E406E;E407K	Silent;Missense	0.408616804
3505	EHMT1	T404I	Missense	-0.449916152
3506	EHMT1		No Mutation	0.174054251
3507	EHMT1	G410N	Missense	-0.88194313
3508	EHMT1	G410G	Silent	0.442192609
3509	EHMT1	(NC)	Intron	-0.401641897
3510	EHMT1		No Mutation	-1.235439605
3511	EHMT1		No Mutation	0.017912519
3512	EHMT1	(NC);S417N	Splice-acceptor;Missense	-0.386879072
3513	EHMT1	(NC);S417N	Splice-acceptor;Missense	-0.574464025
3514	EHMT1	S421N	Missense	0.15667093
3515	EHMT1		No Mutation	-1.050508996
3516	EHMT1		No Mutation	-0.042996461
3517	EHMT1		No Mutation	1.555053255
3518	EHMT1		No Mutation	-0.490902892
3519	EHMT1	K439K	Silent	0.254955321
3520	EHMT1	P436L	Missense	0.206906222
3521	EHMT1	A441T;R442K	Missense;Missense	-0.146975092
3522	EHMT1	I438I	Silent	0.310391479
3523	EHMT1	R442K	Missense	0.514764961
3524	EHMT1	P440L	Missense	-0.092376719
3525	EHMT1	P440L;A441V	Missense;Missense	-0.85542309
3526	EHMT1		No Mutation	-0.438348994
3527	EHMT1	P452F	Missense	0.305642363
3528	EHMT1	G457S;(NC)	Missense;Splice-donor	0.905129024
3529	EHMT1	(NC)	Splice-donor	-0.151563014
3530	EHMT1	A455V;L456F	Missense;Missense	-0.148866482
3531	EHMT1	A455V;L456F	Missense;Missense	-0.421334113
3532	EHMT1	A455A;L456F	Silent;Missense	0.190950469
3533	EHMT1	L456F	Missense	-0.086256958
3534	EHMT1	(NC);(NC);(NC);(NC)	Intron;Intron;Intron;Intron	0.838803353
3535	EHMT1		No Mutation	0.603275543
3536	EHMT1	(NC);(NC);(NC);(NC)	Intron;Intron;Intron;Intron	0.220892105
3537	EHMT1		No Mutation	0.899195405
3538	EHMT1		No Mutation	0.494673377
3539	EHMT1	E459K	Missense	-0.199844581
3540	EHMT1	S460S	Silent	-0.870283377
3541	EHMT1	S460L	Missense	-0.620635252
3542	EHMT1		No Mutation	-0.465067625
3543	EHMT1	A468V	Missense	0.978806637
3544	EHMT1	A472V;P473L	Missense;Missense	0.455702261
3545	EHMT1	A472V;P473L	Missense;Missense	0.796247251
3546	EHMT1	D475D	Silent	0.102877593
3547	EHMT1	G478K	Missense	0.027934081
3548	EHMT1	Y479Y	Silent	-0.337555712
3549	EHMT1		No Mutation	0.096492083
3550	EHMT1	L487L	Silent	0.70135619
3551	EHMT1		No Mutation	0.323398375
3552	EHMT1	G493R	Missense	0.277207072
3553	EHMT1	L495L	Silent	-0.087752775
3554	EHMT1	L495L;S496F	Silent;Missense	-0.00947334
3555	EHMT1	Q498*;A499V	Nonsense;Missense	0.161274094
3556	EHMT1	A499V	Missense	0.160377107
3557	EHMT1		No Mutation	-0.659682147
3558	EHMT1	(NC)	Intron	-0.27597804
3559	EHMT1	(NC)	Intron	0.278162682
3560	EHMT1	(NC)	Intron	0.222736715
3561	EHMT1	A503A;N504N	Silent;Silent	1.469799995
3562	EHMT1	V508V;L509L	Silent;Silent	-0.323485515
3563	EHMT1		No Mutation	0.408015673
3564	EHMT1	D512N	Missense	0.143408017
3565	EHMT1		No Mutation	0.423201404
3566	EHMT1		No Mutation	-0.124858962
3567	EHMT1	C520Y	Missense	1.718809037
3568	EHMT1	P518F	Missense	-0.641051518
3569	EHMT1	L519F	Missense	-0.36708257
3570	EHMT1	R523Q	Missense	-0.329970085
3571	EHMT1	P527P;K528K	Silent;Silent	0.023741928
3572	EHMT1		No Mutation	-0.509050732
3573	EHMT1	R530*	Nonsense	-0.559549524
3574	EHMT1	Q539Q	Silent	0.512106836
3575	EHMT1	A536V	Missense	0.129309377
3576	EHMT1	M541I;A542T	Missense;Missense	0.439309417
3577	EHMT1	C540C	Silent	-0.242839078
3578	EHMT1	E544K	Missense	-0.705114543
3579	EHMT1	(NC);(NC)	Intron;Intron	1.11446814
3580	EHMT1	(NC);(NC)	Intron;Intron	-0.013627368
3581	EHMT1	(NC)	Intron	0.172333495
3582	EHMT1	(NC)	Intron	0.188561427
3583	EHMT1	(NC);(NC)	Intron;Splice-acceptor	-0.175124235
3584	EHMT1	(NC)	Intron	-0.343636109
3585	EHMT1	G551G;R552W	Silent;Missense	-0.530576097
3586	EHMT1	V557I;V558I	Missense;Missense	0.168270562
3587	EHMT1	R564C	Missense	0.394169658
3588	EHMT1	P570P	Silent	0.471162387
3589	EHMT1	P570P	Silent	0.450799526
3590	EHMT1	P570P	Silent	0.416872381
3591	EHMT1		No Mutation	-0.404393053
3592	EHMT1	L574L;C575Y	Silent;Missense	0.205519676
3593	EHMT1	L574L;C575Y;E576K	Silent;Missense;Missense	-0.785010619
3594	EHMT1	C575Y;E576K	Missense;Missense	-0.129469934
3595	EHMT1	L574L	Silent	-0.833957734
3596	EHMT1	L574L	Silent	-0.047730543
3597	EHMT1	D577N	Missense	-0.207437534
3598	EHMT1	L574L	Silent	-0.502010864
3599	EHMT1	D577D;H578Y	Silent;Missense	0.072494429
3600	EHMT1	M582I;V583I	Missense;Missense	-0.596824087
3601	EHMT1	V583V;K584K	Silent;Silent	1.168616466
3602	EHMT1	Q586Q	Silent	-0.181595769
3603	EHMT1	H585Y	Missense	-0.185877903
3604	EHMT1	Q586*	Nonsense	-0.372941827
3605	EHMT1	C591Y;G592S	Missense;Missense	-0.332285393
3606	EHMT1	C595Y	Missense	-0.400690476
3607	EHMT1	G592G	Silent	-0.287006731
3608	EHMT1	A597V	Missense	-0.950865207
3609	EHMT1	G598D	Missense	-0.080452937
3610	EHMT1		No Mutation	0.590272066
3611	EHMT1		No Mutation	-0.910511731
3612	EHMT1		No Mutation	0.504478955
3613	EHMT1		No Mutation	-0.800510509
3614	EHMT1	C617Y;A618T	Missense;Missense	0.224059849
3615	EHMT1		No Mutation	-0.216696961
3616	EHMT1	A624T	Missense	1.406627233
3617	EHMT1	S625S	Silent	-0.053316844
3618	EHMT1	S625S	Silent	0.92645872
3619	EHMT1	S625S	Silent	0.310318558
3620	EHMT1	C630Y	Missense	-0.048564908
3621	EHMT1	P628S	Missense	0.858906959
3622	EHMT1	E633K;S634N	Missense;Missense	-0.246819516
3623	EHMT1	E633E;S634N	Silent;Missense	-0.554155743
3624	EHMT1		No Mutation	0.459389947
3625	EHMT1	E633E;S634N	Silent;Missense	2.462911609
3626	EHMT1	S634S	Silent	-1.009243994
3627	EHMT1	V640V;T641T	Silent;Silent	0.647437147
3628	EHMT1	A643T	Missense	-0.38656403
3629	EHMT1		No Mutation	0.957972944
3630	EHMT1	T650I	Missense	-0.250246243
3631	EHMT1	T650I	Missense	-0.884446764
3632	EHMT1	V654I	Missense	-0.492456706
3633	EHMT1	T652I;P653S	Missense;Missense	-1.032223275
3634	EHMT1	G656K	Missense	0.389517772
3635	EHMT1	V654V;P655S	Silent;Missense	0.222845316
3636	EHMT1	V654V;P655F	Silent;Missense	0.530798166
3637	EHMT1	E658K	Missense	0.368164743
3638	EHMT1	P655P;Q657*	Silent;Nonsense	-0.194382504
3639	EHMT1	K659K;G660N	Silent;Missense	0.65385531
3640	EHMT1	G660N	Missense	0.218138833
3641	EHMT1	G660D;S661S	Missense;Silent	0.579193698
3642	EHMT1		No Mutation	-0.558712951
3643	EHMT1		No Mutation	-0.183246627
3644	EHMT1		No Mutation	-0.510683665
3645	EHMT1	G660G;S661L	Silent;Missense	-0.815154931
3646	EHMT1	G660G;S661L	Silent;Missense	0.481242244
3647	EHMT1	D668N	Missense	-0.152219362
3648	EHMT1	D668N	Missense	-0.225867086
3649	EHMT1	G665G	Silent	0.020481438
3650	EHMT1	A667V	Missense	0.259583866
3651	EHMT1	A667V;D668D	Missense;Silent	-0.555461854
3652	EHMT1	G672D;S673N;(NC)	Missense;Missense;Splice-donor	-0.227760753
3653	EHMT1	T669T;T670I	Silent;Missense	-0.219993072
3654	EHMT1	(NC)	Intron	-0.535285866
3655	EHMT1	G672G	Silent	-0.050249562
3656	EHMT1	(NC);(NC)	Intron;Intron	1.802670546
3657	EHMT1	(NC);(NC)	Intron;Intron	0.609372312
3658	EHMT1	(NC)	Intron	-0.490883545
3659	EHMT1		No Mutation	-1.02579267
3660	EHMT1	(NC)	Intron	0.269380102
3661	EHMT1	(NC);(NC)	Intron;Splice-acceptor	-0.254763626
3662	EHMT1	(NC);(NC)	Intron;Splice-acceptor	-0.486502063
3663	EHMT1	(NC);(NC);(NC);(NC)	Intron;Intron;Intron;Intron	0.029195099
3664	EHMT1	(NC);(NC);(NC);(NC)	Intron;Intron;Intron;Intron	-0.224840442
3665	EHMT1	A675T;G676R	Missense;Missense	0.324473677
3666	EHMT1	G676K	Missense	0.620957531
3667	EHMT1	G676K	Missense	-0.003874591
3668	EHMT1	G676E	Missense	1.127747857
3669	EHMT1	A675V	Missense	-0.609269133
3670	EHMT1	A675A;P677S	Silent;Missense	0.419186984
3671	EHMT1	S680S;E681K	Silent;Missense	-0.471050201
3672	EHMT1	D682N;D683N	Missense;Missense	0.085601329
3673	EHMT1	D683N	Missense	-0.336318528
3674	EHMT1		No Mutation	-0.137581538
3675	EHMT1		No Mutation	1.354894213
3676	EHMT1	A689V	Missense	0.43155071
3677	EHMT1	A689V;S690F	Missense;Missense	-0.494190405
3678	EHMT1	E694E;G695N	Silent;Missense	-0.646808699
3679	EHMT1	G695D	Missense	-0.117436053
3680	EHMT1	D697N	Missense	0.255938567
3681	EHMT1	P693P	Silent	-0.013751037
3682	EHMT1		No Mutation	0.689075182
3683	EHMT1		No Mutation	-0.028626354
3684	EHMT1	T699T	Silent	-0.919660408
3685	EHMT1	P698L	Missense	0.476132692
3686	EHMT1	P698L	Missense	0.354386598
3687	EHMT1	T699M	Missense	0.553660953
3688	EHMT1	T699M	Missense	-0.06931683
3689	EHMT1	G703K	Missense	0.174217677
3690	EHMT1	P701F	Missense	-0.237375666
3691	EHMT1	R706K	Missense	0.712504726
3692	EHMT1	L704F	Missense	-0.763254497
3693	EHMT1	T708I;P709S	Missense;Missense	1.111474073
3694	EHMT1	T708I;P709F	Missense;Missense	0.022280649
3695	EHMT1		No Mutation	-0.058912836
3696	EHMT1	G710G;L711F	Silent;Missense	0.40597237
3697	EHMT1	G710G;L711F	Silent;Missense	0.609614661
3698	EHMT1	G714K	Missense	1.378970014
3699	EHMT1	G714E	Missense	0.316748801
3700	EHMT1	S712F;Q713*	Missense;Nonsense	-1.060687136
3701	EHMT1	G716K	Missense	0.220923111
3702	EHMT1	K717K;E718K	Silent;Missense	-0.099232122
3703	EHMT1	P715L	Missense	0.13871315
3704	EHMT1	K717K;E718K	Silent;Missense	0.323992472
3705	EHMT1	L720L;E721K	Silent;Missense	-0.129667039
3706	EHMT1		No Mutation	0.381364797
3707	EHMT1	L724F	Missense	0.231789521
3708	EHMT1	K734K	Silent	0.117093645
3709	EHMT1	K734K	Silent	-0.300406689
3710	EHMT1		No Mutation	0.72826113
3711	EHMT1		No Mutation	-0.452211343
3712	EHMT1	L742L	Silent	-0.036553627
3713	EHMT1		No Mutation	0.253533914
3714	EHMT1		No Mutation	1.080732534
3715	EHMT1	L742L	Silent	-0.17994454
3716	EHMT1	Y743Y	Silent	0.314445544
3717	EHMT1	Y743Y;F744F	Silent;Silent	0.908797835
3718	EHMT1	Y743Y;F744F	Silent;Silent	0.199464352
3719	EHMT1	E750E	Silent	0.316596745
3720	EHMT1	Q748*	Nonsense	-0.656982456
3721	EHMT1	Q752Q	Silent	-0.422673091
3722	EHMT1		No Mutation	-0.348009152
3723	EHMT1		No Mutation	-0.187224785
3724	EHMT1	(NC);(NC)	Intron;Intron	0.288737913
3725	EHMT1		No Mutation	-0.428341163
3726	EHMT1	(NC)	Intron	-0.424385858
3727	EHMT1	(NC);(NC)	Intron;Intron	-0.432587461
3728	EHMT1	(NC)	Intron	-0.59569029
3729	EHMT1		No Mutation	-0.181866695
3730	EHMT1	D763D;P764S	Silent;Missense	-1.000185543
3731	EHMT1		No Mutation	0.84652149
3732	EHMT1	R774R;S775F;P776S	Silent;Missense;Missense	0.818775759
3733	EHMT1	L777L;H778Y	Silent;Missense	0.127233766
3734	EHMT1	H778Y;A779V	Missense;Missense	0.430530429
3735	EHMT1	A781T;E782K	Missense;Missense	0.166057431
3736	EHMT1	A781V	Missense	0.776185661
3737	EHMT1	G784E	Missense	-0.285287984
3738	EHMT1	D787D	Silent	0.221929219
3739	EHMT1	I788I;C789C;H790Y	Silent;Silent;Missense	0.004370288
3740	EHMT1	H790H	Silent	-0.1111304
3741	EHMT1	L792L	Silent	-0.351944461
3742	EHMT1	Q794Q;(NC);(NC)	Silent;Splice-donor;Intron	-0.64077617
3743	EHMT1	Q794*	Nonsense	0.293908554
3744	EHMT1	(NC);(NC)	Intron;Intron	-0.298694192
3745	EHMT1	(NC)	Intron	0.323235849
3746	EHMT1	(NC)	Intron	-0.709132558
3747	EHMT1	(NC)	Intron	0.001048042
3748	EHMT1		No Mutation	-0.586767094
3749	EHMT1	T801I;C802C	Missense;Silent	-0.156840779
3750	EHMT1	Q806Q;R807K	Silent;Missense	-1.288141465
3751	EHMT1	D805D;Q806*	Silent;Nonsense	0.381461705
3752	EHMT1	L810L;M811I;E812K	Silent;Missense;Missense	-0.210486015
3753	EHMT1	A814T	Missense	0.874362932
3754	EHMT1	A814T;E815K	Missense;Missense	-0.483711159
3755	EHMT1	A814V	Missense	1.082683835
3756	EHMT1	V822V;K823K	Silent;Silent	0.719534728
3757	EHMT1		No Mutation	-0.655532971
3758	EHMT1		No Mutation	-0.293762117
3759	EHMT1	Y824Y	Silent	0.409812419
3760	EHMT1	Y824Y;L825F	Silent;Missense	0.022738276
3761	EHMT1	L825L;I826I	Silent;Silent	0.771709397
3762	EHMT1	I826I	Silent	0.285740015
3763	EHMT1	G829G;A830T	Silent;Missense	-0.355793979
3764	EHMT1	A830V;L831L	Missense;Silent	0.002114231
3765	EHMT1	K835K;(NC)	Silent;Splice-donor	-0.620203039
3766	EHMT1	K835K;(NC)	Silent;Splice-donor	-0.669641131
3767	EHMT1	(NC)	Intron	0.500259299
3768	EHMT1	(NC)	Intron	-0.053416049
3769	EHMT1		No Mutation	-1.471387815
3770	EHMT1	(NC)	Intron	0.774665934
3771	EHMT1	(NC)	Intron	1.027278862
3772	EHMT1	G839G;S840F	Silent;Missense	0.422437179
3773	EHMT1	H844Y;L845L	Missense;Silent	0.127160398
3774	EHMT1	G850N	Missense	-0.352193106
3775	EHMT1		No Mutation	-0.108533008
3776	EHMT1	E853K	Missense	0.057733714
3777	EHMT1	Q856Q	Silent	0.280052923
3778	EHMT1	Q856*	Nonsense	-0.942607431
3779	EHMT1	G862R	Missense	0.190217704
3780	EHMT1	L859F	Missense	0.284425823
3781	EHMT1	Q863Q	Silent	0.101897547
3782	EHMT1		No Mutation	0.484439097
3783	EHMT1	(NC)	Intron	0.262394662
3784	EHMT1	(NC);(NC);(NC)	Intron;Intron;Intron	0.86573235
3785	EHMT1	(NC);(NC);(NC)	Intron;Intron;Intron	0.27778894
3786	EHMT1	D870N;D871N	Missense;Missense	0.271835413
3787	EHMT1	(NC)	Intron	0.48704935
3788	EHMT1	G872K;G873N	Missense;Missense	-0.587795151
3789	EHMT1	G872E;G873N	Missense;Missense	0.935556447
3790	EHMT1	G873G	Silent	-0.566748856
3791	EHMT1	G873G	Silent	-0.22032158
3792	EHMT1	E882K	Missense	0.370831267
3793	EHMT1	E882K	Missense	1.17891081
3794	EHMT1	A880A;T881I	Silent;Missense	1.104862625
3795	EHMT1	V886I	Missense	0.654393722
3796	EHMT1	L891L	Silent	0.780545515
3797	EHMT1	L892L;L893L	Silent;Silent	-0.792777602
3798	EHMT1	L891L	Silent	-0.075973511
3799	EHMT1		No Mutation	0.228154263
3800	EHMT1	(NC)	Intron	0.068372921
3801	EHMT1	(NC)	Intron	0.585802343
3802	EHMT1	(NC)	Intron	-0.375163375
3803	EHMT1	(NC);(NC)	Intron;Intron	-1.023201725
3804	EHMT1	(NC)	Intron	0.719523187
3805	EHMT1	N907N	Silent	-0.768166211
3806	EHMT1	N907N	Silent	0.147207338
3807	EHMT1	N907N	Silent	-0.035010624
3808	EHMT1	H911Y	Missense	-0.204140882
3809	EHMT1	A914A	Silent	2.090723777
3810	EHMT1	A914V	Missense	0.27889263
3811	EHMT1	A922T	Missense	-0.549089476
3812	EHMT1	D920D	Silent	-0.083212714
3813	EHMT1	A928T	Missense	0.277498979
3814	EHMT1	K929K;C930Y;D931N	Silent;Missense;Missense	-0.554621002
3815	EHMT1	A934T	Missense	0.271816321
3816	EHMT1	H933Y;A934V	Missense;Missense	-0.626772981
3817	EHMT1		No Mutation	0.152949462
3818	EHMT1	G939R	Missense	-0.111823337
3819	EHMT1	G939E;D940N	Missense;Missense	-0.281317561
3820	EHMT1	L943L	Silent	0.213533828
3821	EHMT1	P942L;L943L	Missense;Silent	-1.405931205
3822	EHMT1	L943L;H944Y	Silent;Missense	-0.595517875
3823	EHMT1	A947T;R948Q	Missense;Missense	-0.264659834
3824	EHMT1	R951H	Missense	-0.833815001
3825	EHMT1	D953N	Missense	-0.155395259
3826	EHMT1	D953N	Missense	-0.054594092
3827	EHMT1	V956I;(NC)	Missense;Splice-donor	-0.426761288
3828	EHMT1	(NC)	Splice-acceptor	-0.502653012
3829	EHMT1		No Mutation	-0.882850565
3830	EHMT1		No Mutation	0.410036172
3831	EHMT1	R961R;D962N	Silent;Missense	0.784602325
3832	EHMT1	V965V	Silent	1.102184488
3833	EHMT1	T966I	Missense	-0.24974369
3834	EHMT1	G972K	Missense	0.383537591
3835	EHMT1	S980N	Missense	1.052403169
3836	EHMT1	S980N	Missense	-0.771380948
3837	EHMT1		No Mutation	0.044288804
3838	EHMT1	A979V	Missense	0.069311363
3839	EHMT1	S980S;L981F	Silent;Missense	0.174217677
3840	EHMT1	V985V;W986*	Silent;Nonsense	-0.080656456
3841	EHMT1	S987S;A988V;L989L	Silent;Missense;Silent	-0.229417198
3842	EHMT1		No Mutation	0.556027798
3843	EHMT1	S992S	Silent	-0.877514198
3844	EHMT1	D997D	Silent	-0.648951748
3845	EHMT1	P1000P;D1001D	Silent;Silent	0.82764199
3846	EHMT1	S1004N	Missense	0.637498412
3847	EHMT1	V1006M	Missense	0.343473377
3848	EHMT1	V1006M	Missense	-0.841719662
3849	EHMT1	P1003F	Missense	-0.203897319
3850	EHMT1	V1006I	Missense	0.209763654
3851	EHMT1	R1008K	Missense	0.129326177
3852	EHMT1	R1008K	Missense	-0.035143953
3853	EHMT1		No Mutation	-0.251838697
3854	EHMT1	V1010I	Missense	0.433134147
3855	EHMT1	V1010I;S1011N	Missense;Missense	0.174220472
3856	EHMT1	V1010V;S1011N	Silent;Missense	0.004554156
3857	EHMT1	S1011S	Silent	-0.573749252
3858	EHMT1	(NC)	Intron	-0.070032213
3859	EHMT1	(NC);(NC)	Intron;Intron	0.052706922
3860	EHMT1	(NC);(NC)	Intron;Intron	0.363753312
3861	EHMT1	(NC);(NC);R1012R	Intron;Splice-acceptor;Silent	-0.863562125
3862	EHMT1	D1013N	Missense	0.161785666
3863	EHMT1	(NC)	Intron	-0.194102857
3864	EHMT1	A1015T	Missense	0.348966343
3865	EHMT1	I1023I;P1024F	Silent;Missense	0.000844066
3866	EHMT1	A1028T	Missense	-0.599996091
3867	EHMT1	A1028T	Missense	-0.742327331
3868	EHMT1	A1028T	Missense	0.92510752
3869	EHMT1	V1029I;D1030N	Missense;Missense	0.601192197
3870	EHMT1	V1029I;D1030N	Missense;Missense	-0.380009209
3871	EHMT1	V1029V;D1030N	Silent;Missense	-0.465342953
3872	EHMT1	C1034Y	Missense	0.508258527
3873	EHMT1		No Mutation	0.268027293
3874	EHMT1	K1039K;V1041I	Silent;Missense	-0.955440797
3875	EHMT1	R1054K	Missense	0.3485206
3876	EHMT1	R1054K	Missense	0.386062434
3877	EHMT1	R1054K	Missense	-0.049961156
3878	EHMT1	R1054K	Missense	-0.981780989
3879	EHMT1		No Mutation	-2.643767886
3880	EHMT1	H1058Y;L1059L	Missense;Silent	-0.138382988
3881	EHMT1		No Mutation	0.058232271
3882	EHMT1		No Mutation	0.009954412
3883	EHMT1		No Mutation	0.27155455
3884	EHMT1		No Mutation	0.017420358
3885	EHMT1		No Mutation	-0.173566029
3886	EHMT1	(NC)	Splice-acceptor	1.344537304
3887	EHMT1	(NC)	Splice-acceptor	-0.725138175
3888	EHMT1	C1062Y;V1063M	Missense;Missense	-0.109949589
3889	EHMT1	S1070F	Missense	0.464470819
3890	EHMT1	M1074I;C1075Y	Missense;Missense	0.863395114
3891	EHMT1	C1075Y;G1076N	Missense;Missense	-0.748497159
3892	EHMT1	L1078F	Missense	-0.140810937
3893	EHMT1	C1082Y	Missense	0.749027781
3894	EHMT1	R1081C	Missense	0.45679874
3895	EHMT1	C1082C	Silent	0.228501117
3896	EHMT1	C1082C	Silent	-0.010063206
3897	EHMT1	Y1084Y	Silent	0.432337963
3898	EHMT1	(NC)	Intron	0.373630216
3899	EHMT1	(NC)	Intron	-0.167315691
3900	EHMT1	(NC);(NC)	Intron;Intron	0.069597455
3901	EHMT1	(NC)	Intron	-0.679421197
3902	EHMT1	(NC)	Intron	0.818263596
3903	EHMT1	(NC);(NC)	Intron;Intron	-0.037100066
3904	EHMT1	(NC)	Intron	1.05652915
3905	EHMT1		No Mutation	0.82764199
3906	EHMT1	L1090L;L1091L;P1092S	Silent;Silent;Missense	-0.456710302
3907	EHMT1	E1093E	Silent	1.054281012
3908	EHMT1	P1092L	Missense	0.28130117
3909	EHMT1	M1096I;A1097T	Missense;Missense	0.078562946
3910	EHMT1	A1097T;E1098K	Missense;Missense	0.640919865
3911	EHMT1	E1104K;C1105Y	Missense;Missense	-0.545886178
3912	EHMT1	C1105Y	Missense	0.080428521
3913	EHMT1	C1105Y	Missense	0.080240837
3914	EHMT1	N1106N;H1107Y	Silent;Missense	0.287365304
3915	EHMT1	H1107H;A1108V	Silent;Missense	-0.318847109
3916	EHMT1	W1112*	Nonsense	-0.128607035
3917	EHMT1	C1115Y;R1116Q	Missense;Missense	-0.15854497
3918	EHMT1	R1118C	Missense	0.525988825
3919	EHMT1	Q1121Q	Silent	0.097786924
3920	EHMT1	V1119V	Silent	-0.519252368
3921	EHMT1		No Mutation	-0.354500099
3922	EHMT1		No Mutation	0.827975301
3923	EHMT1		No Mutation	0.208982284
3924	EHMT1	A1126V	Missense	-0.05088213
3925	EHMT1	Q1129*	Nonsense	0.302939482
3926	EHMT1	Q1129*;L1130F	Nonsense;Missense	-1.48779998
3927	EHMT1	L1130L;Y1131Y;R1132W	Silent;Silent;Missense	-0.039397761
3928	EHMT1	Y1131Y;R1132W	Silent;Missense	0.651279676
3929	EHMT1	T1133M	Missense	-0.333302442
3930	EHMT1	T1133M;R1134W	Missense;Missense	1.034175563
3931	EHMT1	T1133M;R1134W	Missense;Missense	0.409483074
3932	EHMT1	M1136I;G1137N	Missense;Missense	-0.249172514
3933	EHMT1	D1135D	Silent	-0.699086366
3934	EHMT1	G1139G	Silent	-0.474875729
3935	EHMT1	L1143L;Q1144*	Silent;Nonsense	-0.685897937
3936	EHMT1		No Mutation	0.542225601
3937	EHMT1	G1149S	Missense	-0.035143804
3938	EHMT1	V1152I	Missense	-0.02990237
3939	EHMT1	V1152I;C1153Y	Missense;Missense	0.40935043
3940	EHMT1	C1153Y;E1154K	Missense;Missense	-0.251943331
3941	EHMT1	(NC);(NC);(NC)	Intron;Intron;Intron	0.483972613
3942	EHMT1	C1153C	Silent	0.142438018
3943	EHMT1	C1153C	Silent	-0.030285186
3944	EHMT1		No Mutation	0.320498102
3945	EHMT1	(NC);(NC)	Intron;Intron	0.336140381
3946	EHMT1	(NC)	Intron	0.558767279
3947	EHMT1	(NC);(NC);(NC)	Intron;Intron;Intron	-0.304183061
3948	EHMT1	(NC);(NC);(NC);(NC)	Intron;Intron;Intron;Intron	0.886835912
3949	EHMT1	(NC);(NC);(NC)	Intron;Intron;Intron	-0.012340473
3950	EHMT1	E1154E;V1156I	Silent;Missense	-0.104763053
3951	EHMT1	G1157K	Missense	-0.414203267
3952	EHMT1	G1157K;E1158K	Missense;Missense	-0.377699734
3953	EHMT1		No Mutation	-0.61046219
3954	EHMT1	D1171N	Missense	0.252419381
3955	EHMT1	L1174L	Silent	-0.337234039
3956	EHMT1		No Mutation	0.095515195
3957	EHMT1	(NC);(NC);(NC)	Intron;Intron;Intron	-1.342758647
3958	EHMT1	(NC)	Intron	0.889025108
3959	EHMT1	(NC)	Intron	0.016808569
3960	EHMT1	(NC);(NC)	Intron;Intron	0.711393286
3961	EHMT1	(NC);(NC)	Intron;Intron	-0.611895146
3962	EHMT1	(NC);(NC)	Intron;Intron	-0.148664672
3963	EHMT1	(NC);(NC);D1181N	Intron;Splice-acceptor;Missense	0.713591676
3964	EHMT1	E1183E;V1184I	Silent;Missense	-0.684907495
3965	EHMT1	E1183E;V1184I	Silent;Missense	-0.583190848
3966	EHMT1	Y1185Y	Silent	0.250872752
3967	EHMT1	I1187I	Silent	0.039486115
3968	EHMT1	I1187I;D1188D	Silent;Silent	-1.304934867
3969	EHMT1	F1191F;Y1192Y	Silent;Silent	0.533117754
3970	EHMT1		No Mutation	-0.220503257
3971	EHMT1	H1201H;H1202Y	Silent;Missense	0.178103991
3972	EHMT1		No Mutation	0.620194362
3973	EHMT1	L1207L;V1208M	Silent;Missense	0.63293604
3974	EHMT1	V1210I;R1211H	Missense;Missense	0.957698354
3975	EHMT1	V1210V;R1211H	Silent;Missense	0.045200886
3976	EHMT1	P1209F	Missense	0.103403681
3977	EHMT1	V1212I	Missense	-1.035920628
3978	EHMT1	M1214I;A1215T	Missense;Missense	-0.597541565
3979	EHMT1	M1214I;A1215T	Missense;Missense	0.243799695
3980	EHMT1	R1211R	Silent	-0.890809297
3981	EHMT1	A1215V	Missense	0.723055707
3982	EHMT1	D1218D	Silent	1.099452626
3983	EHMT1	R1220Q	Missense	-0.653217184
3984	EHMT1	R1220R	Silent	-0.34215703
3985	EHMT1		No Mutation	-0.087151374
3986	EHMT1	R1223R;A1225T	Silent;Missense	-0.363919654
3987	EHMT1		No Mutation	-0.232183418
3988	EHMT1	S1228N	Missense	-0.360456657
3989	EHMT1	S1228N	Missense	-0.615734645
3990	EHMT1	S1228N	Missense	-1.025087487
3991	EHMT1	R1230H;L1231L	Missense;Silent	-0.036960318
3992	EHMT1	F1227F;S1228S	Silent;Silent	-0.255596469
3993	EHMT1	T1229I;R1230C	Missense;Missense	-0.852210506
3994	EHMT1	G1235N	Missense	-0.752872395
3995	EHMT1	G1235N;E1236K	Missense;Missense	-0.130100878
3996	EHMT1	E1236K	Missense	-0.470041231
3997	EHMT1	A1234V	Missense	-0.770820973
3998	EHMT1	A1234V	Missense	0.258801684
3999	EHMT1	G1239E;(NC)	Missense;Splice-donor	-0.557216095
4000	EHMT1	L1238L	Silent	0.95273866
4001	EHMT1	(NC);(NC);(NC)	Intron;Intron;Intron	0.308580997
4002	EHMT1	(NC)	Intron	0.621564117
4003	EHMT1		No Mutation	0.731206933
4004	EHMT1	(NC);(NC);(NC);(NC)	Intron;Intron;Intron;Intron	-0.191326742
4005	EHMT1		No Mutation	-0.134578058
4006	EHMT1	G1243R	Missense	0.09389603
4007	EHMT1	G1243K;E1244K	Missense;Missense	0.221146003
4008	EHMT1	G1243K;E1244K	Missense;Missense	0.593980039
4009	EHMT1	G1243E;E1244K	Missense;Missense	-0.320926005
4010	EHMT1	D1241D	Silent	0.716197927
4011	EHMT1	D1241D	Silent	0.967430819
4012	EHMT1	R1245C	Missense	0.677245603
4013	EHMT1	L1253F	Missense	-0.546009397
4014	EHMT1	C1258C;G1259G	Silent;Silent	0.934254746
4015	EHMT1	K1262K	Silent	1.595365232
4016	EHMT1	S1266S	Silent	0.465134385
4017	EHMT1	C1263C;R1264W	Silent;Missense	-0.294351454
4018	EHMT1	S1266S	Silent	0.617162952
4019	EHMT1	S1266S;S1267N	Silent;Missense	-0.267966226
4020	EHMT1	S1266S;S1267N	Silent;Missense	-0.176348737
4021	EHMT1	H1265Y	Missense	-0.519377818
4022	EHMT1	A1268A;A1269T	Silent;Missense	0.874796231
4023	EHMT1	A1269V;L1270L	Missense;Silent	0.363252894
4024	EHMT1	Q1274Q;A1275T	Silent;Missense	-1.40087599
4025	EHMT1	A1271A;Q1272*;R1273C	Silent;Nonsense;Missense	0.084256532
4026	EHMT1	Q1274Q;A1275T	Silent;Missense	-0.499766062
4027	EHMT1	S1276N;A1277T	Missense;Missense	-0.440369478
4028	EHMT1	Q1274*	Nonsense	-0.238950099
4029	EHMT1	A1277T;A1278T	Missense;Missense	0.135543518
4030	EHMT1	A1275V	Missense	0.194503222
4031	EHMT1	S1276S;A1277V	Silent;Missense	-0.365071871
4032	EHMT1	E1280E;A1281T	Silent;Missense	-0.534084153
4033	EHMT1	A1278V;Q1279*	Missense;Nonsense	0.244882717
4034	EHMT1	Q1279*	Nonsense	0.552613849
4035	EHMT1	E1283E;D1284N	Silent;Missense	-0.651001038
4036	EHMT1	E1283E;D1284N;G1285S	Silent;Missense;Missense	-0.092722862
4037	EHMT1	L1286L	Silent	-0.662514903
4038	EHMT1	L1286L;D1288N	Silent;Missense	-0.412325028
4039	EHMT1	P1287F	Missense	0.247080218
4040	EHMT1	A1292T;A1293T	Missense;Missense	0.56070269
4041	EHMT1	A1292A;A1293T	Silent;Missense	0.811959163
4042	EHMT1	A1295T	Missense	-0.38556472
4043	EHMT1		No Mutation	-0.771650557
4044	EHMT2	(NC);(NC)	UTR;UTR	-0.333034151
4045	EHMT2	(NC)	UTR	-0.020054311
4046	EHMT2	*1268*;(NC)	Silent;UTR	1.07342597
4047	EHMT2	*1268*;(NC)	Silent;UTR	0.156103448
4048	EHMT2	P1264L;V1265V	Missense;Silent	1.031843783
4049	EHMT2		No Mutation	-0.564548214
4050	EHMT2		No Mutation	-1.239982373
4051	EHMT2	L1262L	Silent	-0.094310862
4052	EHMT2	L1262L	Silent	-0.21492915
4053	EHMT2	E1258K	Missense	0.08602618
4054	EHMT2	E1258K	Missense	0.426879963
4055	EHMT2	L1255L	Silent	0.101153789
4056	EHMT2	L1256L	Silent	0.033223877
4057	EHMT2	L1255L;L1256L	Silent;Silent	0.279195383
4058	EHMT2	E1254K	Missense	0.235892283
4059	EHMT2	E1254K	Missense	0.325976669
4060	EHMT2		No Mutation	-0.558331942
4061	EHMT2	L1249L;D1250N	Silent;Missense	0.528242963
4062	EHMT2	S1244S;R1245C	Silent;Missense	-0.37190168
4063	EHMT2	L1246L;A1247T	Silent;Missense	-0.965541428
4064	EHMT2	R1245H;L1246L	Missense;Silent	0.707398861
4065	EHMT2	A1240A;L1241L	Silent;Silent	0.775640391
4066	EHMT2	Q1243Q;S1244N	Silent;Missense	0.5295067
4067	EHMT2	L1241L;E1242K	Silent;Missense	-0.427990605
4068	EHMT2	A1236V	Missense	-0.16609394
4069	EHMT2	E1230E;K1231K	Silent;Silent	0.210746359
4070	EHMT2	E1230K	Missense	0.024496573
4071	EHMT2		No Mutation	-0.893737917
4072	EHMT2	D1210D	Silent	0.124495844
4073	EHMT2	D1210D	Silent	0.211625384
4074	EHMT2		No Mutation	0.078574778
4075	EHMT2	(NC)	Intron	0.187231289
4076	EHMT2	(NC);G1208G	Splice-acceptor;Silent	-0.369114162
4077	EHMT2	(NC);(NC)	Intron;Intron	0.177399187
4078	EHMT2	(NC);(NC)	Intron;Intron	-0.011486266
4079	EHMT2	(NC)	Intron	0.237196032
4080	EHMT2	L1207L	Silent	0.097040996
4081	EHMT2	L1207L	Silent	1.031923798
4082	EHMT2	L1207L	Silent	-0.998998672
4083	EHMT2	E1206E;G1208R	Silent;Missense	0.738504299
4084	EHMT2	T1203I	Missense	0.221781713
4085	EHMT2	R1202W;T1203I	Missense;Missense	-0.674445647
4086	EHMT2	G1204K;E1205K	Missense;Missense	-0.762553913
4087	EHMT2	G1204K	Missense	-0.490011464
4088	EHMT2	D1200D	Silent	0.038410439
4089	EHMT2	S1198S;R1199*	Silent;Nonsense	-0.042737953
4090	EHMT2	S1198F;R1199*	Missense;Nonsense	-0.754702859
4091	EHMT2	S1198F;R1199*	Missense;Nonsense	-0.220113957
4092	EHMT2	F1196F	Silent	0.12209203
4093	EHMT2	R1199Q;D1200N	Missense;Missense	-0.334296875
4094	EHMT2	S1197N	Missense	0.847508556
4095	EHMT2	A1194T	Missense	1.271708598
4096	EHMT2		No Mutation	0.145166776
4097	EHMT2	L1184L	Silent	-0.405051645
4098	EHMT2	M1183I;L1184L	Missense;Silent	-1.053420923
4099	EHMT2	M1183I	Missense	0.785308093
4100	EHMT2	R1180Q	Missense	-1.096000588
4101	EHMT2	V1179I;R1180Q	Missense;Missense	0.199210491
4102	EHMT2	V1179I	Missense	1.039674283
4103	EHMT2	P1174P;N1175N	Silent;Silent	-0.34285848
4104	EHMT2	P1174L;N1175N	Missense;Silent	0.198254586
4105	EHMT2		No Mutation	-0.883020122
4106	EHMT2		No Mutation	0.351742584
4107	EHMT2	L1171L	Silent	-0.098437751
4108	EHMT2		No Mutation	0.067305906
4109	EHMT2		No Mutation	0.25127344
4110	EHMT2		No Mutation	0.144915762
4111	EHMT2	V1153V	Silent	-0.792581439
4112	EHMT2	V1153V	Silent	-0.361567192
4113	EHMT2	V1153I	Missense	0.213130908
4114	EHMT2	E1152K;V1153M	Missense;Missense	-0.058002283
4115	EHMT2	G1151E;E1152K	Missense;Missense	0.774516366
4116	EHMT2	G1151K;E1152K	Missense;Missense	-0.086262181
4117	EHMT2	G1151K;E1152K	Missense;Missense	0.155333783
4118	EHMT2	(NC);(NC);(NC)	Intron;Intron;Intron	0.500873369
4119	EHMT2	(NC);D1150N	Splice-acceptor;Missense	-0.008972978
4120	EHMT2	(NC);(NC);(NC)	Intron;Intron;Intron	-0.611690815
4121	EHMT2	(NC);(NC)	Intron;Intron	-0.520729834
4122	EHMT2	D1147D	Silent	-0.161904905
4123	EHMT2		No Mutation	-0.709785381
4124	EHMT2	L1143L;F1144F	Silent;Silent	0.875418706
4125	EHMT2		No Mutation	-0.171353631
4126	EHMT2	L1128L	Silent	-0.393903107
4127	EHMT2	G1126G;E1127K	Silent;Missense	-0.817688778
4128	EHMT2	G1126E;E1127K	Missense;Missense	-0.642168921
4129	EHMT2	V1125I;G1126R	Missense;Missense	-0.901962754
4130	EHMT2	(NC);(NC);(NC)	Intron;Intron;Intron	0.024511939
4131	EHMT2	(NC);(NC)	Intron;Intron	-0.087429388
4132	EHMT2	(NC);(NC)	Intron;Intron	-0.873909294
4133	EHMT2		No Mutation	0.389448113
4134	EHMT2		No Mutation	0.373791509
4135	EHMT2	I1121I;C1122C	Silent;Silent	-0.567464497
4136	EHMT2	(NC)	Intron	-0.565652386
4137	EHMT2	I1121I	Silent	0.489582348
4138	EHMT2	C1122Y	Missense	-0.030605734
4139	EHMT2		No Mutation	-0.849694025
4140	EHMT2		No Mutation	-0.018802829
4141	EHMT2	Q1117Q;G1118R	Silent;Missense	-0.11921978
4142	EHMT2	Q1117Q	Silent	0.439362074
4143	EHMT2	Q1113*	Nonsense	0.698577657
4144	EHMT2	L1112L;Q1113*	Silent;Nonsense	0.553895087
4145	EHMT2	A1111A;L1112L;Q1113*	Silent;Silent;Nonsense	-0.67080094
4146	EHMT2		No Mutation	-0.55012119
4147	EHMT2	G1108E;V1109I	Missense;Missense	-1.230666774
4148	EHMT2	A1103V	Missense	0.519320323
4149	EHMT2	M1105I;G1106N	Missense;Missense	-0.932708675
4150	EHMT2	T1102I;A1103V	Missense;Missense	-0.402416934
4151	EHMT2	T1102I;A1103V	Missense;Missense	0.121172437
4152	EHMT2	T1102I	Missense	0.39440069
4153	EHMT2	T1102I	Missense	-0.650445293
4154	EHMT2	Y1100Y;R1101*	Silent;Nonsense	-1.114050762
4155	EHMT2	L1099L;Y1100Y;R1101*	Silent;Silent;Nonsense	-0.024853742
4156	EHMT2	Q1098Q	Silent	-0.444937627
4157	EHMT2	Q1098Q	Silent	0.919691857
4158	EHMT2	Q1098Q	Silent	0.181704005
4159	EHMT2	Q1098Q	Silent	-0.229026637
4160	EHMT2	R1096Q	Missense	0.443236597
4161	EHMT2	(NC);K1094K	Splice-acceptor;Silent	0.967243557
4162	EHMT2	(NC);(NC)	Intron;Intron	0.182181833
4163	EHMT2	(NC);(NC);(NC)	Intron;Intron;Intron	0.22037477
4164	EHMT2	Q1090*	Nonsense	0.259650513
4165	EHMT2	G1092N	Missense	0.252550581
4166	EHMT2	N1086N;R1087W	Silent;Missense	-0.807408987
4167	EHMT2		No Mutation	-0.457093944
4168	EHMT2		No Mutation	1.060584981
4169	EHMT2	W1081*	Nonsense	1.07954294
4170	EHMT2	N1075N;Q1076*	Silent;Nonsense	-1.156977128
4171	EHMT2	C1074Y	Missense	0.205086474
4172	EHMT2	E1073K;C1074Y	Missense;Missense	-0.421202057
4173	EHMT2	K1065K;E1067K	Silent;Missense	0.348164542
4174	EHMT2	L1059L	Silent	0.328694286
4175	EHMT2	L1059L	Silent	0.378097587
4176	EHMT2		No Mutation	-0.188247864
4177	EHMT2	G1057E;R1058Q	Missense;Missense	0.712298131
4178	EHMT2	G1057K	Missense	-0.686523835
4179	EHMT2	D1056N;G1057K	Missense;Missense	0.224567825
4180	EHMT2	(NC);D1056N;G1057R	Splice-acceptor;Missense;Missense	-0.787350895
4181	EHMT2	(NC);D1056N	Splice-acceptor;Missense	0.246087157
4182	EHMT2	(NC);(NC);(NC);(NC)	Intron;Intron;Intron;Intron	0.134480179
4183	EHMT2	(NC);(NC);(NC);(NC)	Intron;Intron;Intron;Intron	0.268846132
4184	EHMT2	(NC);(NC);(NC);(NC)	Intron;Intron;Intron;Intron	0.531594166
4185	EHMT2	(NC)	Intron	-0.426366604
4186	EHMT2	(NC)	Intron	-0.703811326
4187	EHMT2	K1055K;(NC)	Silent;Splice-donor	-0.446309775
4188	EHMT2	I1049I;R1050W	Silent;Missense	0.028403457
4189	EHMT2	R1050R;C1051Y	Silent;Missense	-0.546232744
4190	EHMT2	L1047F	Missense	-0.677874778
4191	EHMT2	S1048N	Missense	-0.081753587
4192	EHMT2	C1044C;G1045G	Silent;Silent	-0.328912949
4193	EHMT2	G1045D;Q1046Q	Missense;Silent	0.396426585
4194	EHMT2	S1039S;S1040F	Silent;Missense	-0.19205162
4195	EHMT2	V1034I;D1035N	Missense;Missense	0.175235814
4196	EHMT2	C1033Y;V1034I	Missense;Missense	-0.144000477
4197	EHMT2	C1033Y;V1034M	Missense;Missense	0.19174248
4198	EHMT2	(NC);(NC);H1030Y	Intron;Intron;Missense	0.405196491
4199	EHMT2	C1031Y;T1032T	Missense;Silent	-0.047651292
4200	EHMT2	C1031Y	Missense	0.058845846
4201	EHMT2	(NC)	Splice-acceptor	-0.938338046
4202	EHMT2		No Mutation	0.739165796
4203	EHMT2	(NC);(NC);(NC);(NC)	Intron;Intron;Intron;Intron	0.274488134
4204	EHMT2		No Mutation	-0.09330043
4205	EHMT2	Q1029*	Nonsense	0.365775472
4206	EHMT2	(NC);(NC);(NC)	Intron;Intron;Intron	0.231031374
4207	EHMT2	(NC);(NC);(NC)	Intron;Intron;Intron	-0.601071332
4208	EHMT2	H1027H;L1028L	Silent;Silent	0.256128297
4209	EHMT2	H1027Y;L1028L	Missense;Silent	-0.067336142
4210	EHMT2	T1026T;H1027Y;L1028L	Silent;Missense;Silent	0.376067197
4211	EHMT2	T1026I;H1027Y	Missense;Missense	-0.071555422
4212	EHMT2	R1023R;N1024N	Silent;Silent	0.052750176
4213	EHMT2	R1023H	Missense	0.27713371
4214	EHMT2	R1023H	Missense	-0.285704671
4215	EHMT2		No Mutation	0.236625216
4216	EHMT2	K1008K	Silent	0.574634157
4217	EHMT2	K1008K	Silent	-1.033941249
4218	EHMT2		No Mutation	0.136550983
4219	EHMT2		No Mutation	0.695222186
4220	EHMT2	V998V;D999N	Silent;Missense	-0.103774028
4221	EHMT2	V998I;D999N	Missense;Missense	0.105745108
4222	EHMT2	V995V	Silent	-0.071781292
4223	EHMT2	V995V	Silent	0.341127886
4224	EHMT2		No Mutation	-0.249872673
4225	EHMT2	G997N	Missense	-0.238344635
4226	EHMT2	G997N	Missense	0.37221904
4227	EHMT2	P993F	Missense	0.473703609
4228	EHMT2	P991F	Missense	0.063534765
4229	EHMT2	(NC)	Intron	0.204133162
4230	EHMT2	(NC);(NC)	Intron;Intron	-0.600080891
4231	EHMT2	(NC);(NC)	Intron;Intron	-0.654552828
4232	EHMT2	V983I	Missense	-0.20715663
4233	EHMT2	D982N;V983M	Missense;Missense	-1.042931153
4234	EHMT2	(NC);(NC)	Intron;Intron	-0.025495726
4235	EHMT2	(NC)	Intron	-0.052730186
4236	EHMT2	(NC)	Intron	0.039298502
4237	EHMT2	(NC)	Intron	-0.586658261
4238	EHMT2	(NC);(NC)	Intron;Intron	-0.529383225
4239	EHMT2	(NC)	Intron	-0.886773531
4240	EHMT2		No Mutation	-1.652026293
4241	EHMT2	I979I	Silent	-0.208067371
4242	EHMT2	I978I;I979I	Silent;Silent	-0.269016205
4243	EHMT2		No Mutation	-0.203553098
4244	EHMT2	T975I	Missense	-0.534257271
4245	EHMT2	K977K	Silent	-0.455091999
4246	EHMT2		No Mutation	0.452430356
4247	EHMT2	L966F	Missense	-0.711835614
4248	EHMT2	L966F	Missense	0.129890785
4249	EHMT2	G967K;V968M	Missense;Missense	-0.750206144
4250	EHMT2	L964F	Missense	0.402435212
4251	EHMT2	R962R;L964F	Silent;Missense	-0.523294722
4252	EHMT2	N961N;R962C	Silent;Missense	0.257280888
4253	EHMT2	N961N;R962C	Silent;Missense	-0.085722055
4254	EHMT2	N961N;R962C	Silent;Missense	-1.213905854
4255	EHMT2	A957A	Silent	0.026379142
4256	EHMT2	V954V;W955*	Silent;Nonsense	-0.533459883
4257	EHMT2	V954I;W955*	Missense;Nonsense	-0.35877989
4258	EHMT2	P949L	Missense	1.11235866
4259	EHMT2	D953N	Missense	-0.694453993
4260	EHMT2		No Mutation	0.3834072
4261	EHMT2		No Mutation	0.446595719
4262	EHMT2	E940K	Missense	-0.297335541
4263	EHMT2	L936L;R937W	Silent;Missense	0.164715317
4264	EHMT2	E940K	Missense	-0.469792962
4265	EHMT2	L936L	Silent	0.713664197
4266	EHMT2	L936L	Silent	0.106128416
4267	EHMT2	L936L	Silent	-0.038983377
4268	EHMT2	R937Q	Missense	-0.078523372
4269	EHMT2	A932V	Missense	0.858063496
4270	EHMT2		No Mutation	-0.961738272
4271	EHMT2		No Mutation	0.014569134
4272	EHMT2		No Mutation	-0.566702491
4273	EHMT2		No Mutation	-0.195531868
4274	EHMT2	L928L	Silent	0.63933784
4275	EHMT2	L928L	Silent	0.022916444
4276	EHMT2		No Mutation	0.152329657
4277	EHMT2	(NC);L925L	Splice-acceptor;Silent	-1.280255392
4278	EHMT2	(NC);(NC);(NC)	Intron;Intron;Intron	-0.420233336
4279	EHMT2	(NC);(NC);(NC)	Splice-donor;Intron;Intron	0.408155261
4280	EHMT2	R917Q	Missense	0.224268127
4281	EHMT2	A916T;R917Q	Missense;Missense	1.120211796
4282	EHMT2	A916T	Missense	0.007835422
4283	EHMT2	A916T	Missense	1.229453851
4284	EHMT2	P911P;L912L;H913Y	Silent;Silent;Missense	-0.096865039
4285	EHMT2	P911L;L912L	Missense;Silent	0.361191565
4286	EHMT2	L912L	Silent	-0.129575658
4287	EHMT2	G908R	Missense	0.060770424
4288	EHMT2	A903V	Missense	-0.096649145
4289	EHMT2		No Mutation	0.289613571
4290	EHMT2	A903V	Missense	0.158408339
4291	EHMT2	H902Y;A903V	Missense;Missense	0.811205565
4292	EHMT2	C899Y;D900N	Missense;Missense	-0.756070874
4293	EHMT2	A897T	Missense	-0.581019152
4294	EHMT2	L895L	Silent	-0.129102474
4295	EHMT2		No Mutation	0.597132909
4296	EHMT2	A889T	Missense	-0.241576703
4297	EHMT2	S887N;A888T	Missense;Missense	1.446841622
4298	EHMT2		No Mutation	0.795883585
4299	EHMT2	H880Y	Missense	-1.244096072
4300	EHMT2	H880Y	Missense	-0.228529465
4301	EHMT2	N876N	Silent	-0.291867053
4302	EHMT2	N876N	Silent	-0.277061655
4303	EHMT2	C878Y	Missense	-0.13398989
4304	EHMT2		No Mutation	-0.829582583
4305	EHMT2	E874E;E875K	Silent;Missense	0.700500308
4306	EHMT2	(NC);E874K	Splice-acceptor;Missense	-0.367136201
4307	EHMT2	(NC);E874K	Splice-acceptor;Missense	-0.526807943
4308	EHMT2	(NC);(NC);(NC);(NC)	Intron;Intron;Intron;Intron	-0.445849569
4309	EHMT2	(NC);(NC);(NC);(NC)	Intron;Intron;Intron;Intron	-0.450369465
4310	EHMT2	(NC)	Intron	-0.609315005
4311	EHMT2		No Mutation	0.384674844
4312	EHMT2	D872D;N873N	Silent;Silent	-0.731995581
4313	EHMT2	(NC);(NC);(NC)	Intron;Intron;Intron	0.083907766
4314	EHMT2	(NC);(NC)	Intron;Intron	0.461611567
4315	EHMT2	D872N	Missense	-0.821685053
4316	EHMT2	T863T;R864Q;G865S	Silent;Missense;Missense	-0.403033496
4317	EHMT2	R859C	Missense	0.308703063
4318	EHMT2	I858I;R859C	Silent;Missense	-0.765076084
4319	EHMT2	I858I;R859C	Silent;Missense	0.804545245
4320	EHMT2	H852Y	Missense	0.333156351
4321	EHMT2	E851K	Missense	0.083603049
4322	EHMT2	A850T;E851K	Missense;Missense	0.587028611
4323	EHMT2		No Mutation	0.087064414
4324	EHMT2		No Mutation	0.427499966
4325	EHMT2	G842K;W843*	Missense;Nonsense	-0.159991716
4326	EHMT2	G841G;G842K	Silent;Missense	0.770261051
4327	EHMT2	G841K;G842R	Missense;Missense	0.082088301
4328	EHMT2	(NC);(NC)	Intron;Intron	0.259106986
4329	EHMT2	S840N;G841K	Missense;Missense	0.639913838
4330	EHMT2	(NC);(NC);(NC)	Intron;Intron;Intron	-0.049511082
4331	EHMT2	(NC);(NC);(NC);(NC)	Intron;Intron;Intron;Intron	-0.289673927
4332	EHMT2	D839N;S840N	Missense;Missense	0.049166492
4333	EHMT2	(NC);(NC);(NC);(NC)	Intron;Intron;Intron;Intron	-0.47423391
4334	EHMT2	(NC);D839N	Splice-acceptor;Missense	0.304658707
4335	EHMT2	(NC);(NC);(NC);(NC)	Intron;Intron;Intron;Intron	0.464805863
4336	EHMT2	(NC);(NC);(NC)	Intron;Intron;Intron	-0.571800387
4337	EHMT2		No Mutation	-0.246964419
4338	EHMT2		No Mutation	0.762596616
4339	EHMT2	(NC);(NC);(NC)	Intron;Intron;Intron	-0.171422879
4340	EHMT2		No Mutation	1.976637232
4341	EHMT2		No Mutation	-1.053112101
4342	EHMT2	V835V	Silent	-0.135716115
4343	EHMT2		No Mutation	0.73875104
4344	EHMT2	L828L	Silent	0.793614353
4345	EHMT2	G831K	Missense	-0.42384746
4346	EHMT2	L827L;L828L	Silent;Silent	1.112132005
4347	EHMT2	S825S;L826L	Silent;Silent	-0.597086655
4348	EHMT2	L821L;E822K	Silent;Missense	0.272957836
4349	EHMT2	I818I	Silent	0.88611075
4350	EHMT2	A816V	Missense	0.450977935
4351	EHMT2	H813H;H814Y	Silent;Missense	0.040882829
4352	EHMT2	H813Y;H814Y	Missense;Missense	-0.878678334
4353	EHMT2	A816T	Missense	-0.774885673
4354	EHMT2	A815T	Missense	-0.388872524
4355	EHMT2	G808N	Missense	0.042319998
4356	EHMT2	G808N	Missense	-0.423072854
4357	EHMT2	(NC);(NC);(NC);(NC)	Intron;Intron;Intron;Intron	-0.288407752
4358	EHMT2	E805K;E806K	Missense;Missense	-0.164550717
4359	EHMT2	(NC);E805K;E806K	Splice-acceptor;Missense;Missense	-0.626414603
4360	EHMT2	(NC)	Intron	1.400131232
4361	EHMT2	(NC);(NC);(NC)	Intron;Intron;Intron	0.475227436
4362	EHMT2	(NC);(NC)	Intron;Intron	0.253261929
4363	EHMT2	(NC);(NC)	Intron;Intron	0.601712969
4364	EHMT2	(NC)	Intron	-0.469254279
4365	EHMT2		No Mutation	-0.33656956
4366	EHMT2	S803S	Silent	-0.229300995
4367	EHMT2	G799G	Silent	-0.400029143
4368	EHMT2	Q796Q;R797H;G798S	Silent;Missense;Missense	-0.382291046
4369	EHMT2	Q796Q;R797H	Silent;Missense	-0.17919954
4370	EHMT2	Y793Y	Silent	-0.228378744
4371	EHMT2	R792C	Missense	1.050888273
4372	EHMT2		No Mutation	-0.778089816
4373	EHMT2		No Mutation	-0.240452633
4374	EHMT2	R792H	Missense	0.689075182
4375	EHMT2	L788L	Silent	0.176834228
4376	EHMT2		No Mutation	0.242379603
4377	EHMT2	A782A	Silent	-0.533629273
4378	EHMT2	V783I;V784M	Missense;Missense	0.447421212
4379	EHMT2	P778L;L779L	Missense;Silent	0.665024263
4380	EHMT2	R776W	Missense	0.27735406
4381	EHMT2	Q775*;R776W	Nonsense;Missense	0.3225624
4382	EHMT2	A770V	Missense	0.897300715
4383	EHMT2	V771V;D772N	Silent;Missense	-0.314881061
4384	EHMT2	A766V	Missense	0.056076474
4385	EHMT2		No Mutation	0.299791974
4386	EHMT2	A766T	Missense	0.96898384
4387	EHMT2	A766T	Missense	0.192234356
4388	EHMT2	G765E;A766T	Missense;Missense	-0.027430793
4389	EHMT2	A764T;G765K	Missense;Missense	-0.136904363
4390	EHMT2	(NC);A764T	Splice-acceptor;Missense	0.123070075
4391	EHMT2	(NC);A764T	Splice-acceptor;Missense	-1.033661399
4392	EHMT2	(NC);(NC);(NC)	Intron;Intron;Intron	-0.252084247
4393	EHMT2		No Mutation	0.436478167
4394	EHMT2	(NC);(NC);(NC);(NC)	Intron;Intron;Intron;Intron	0.047427426
4395	EHMT2	Q763*	Nonsense	-0.26417194
4396	EHMT2	L761L;L762L	Silent;Silent	-0.472922899
4397	EHMT2	L761L;L762L	Silent;Silent	0.39198017
4398	EHMT2	Q763Q;(NC)	Silent;Splice-donor	0.546456664
4399	EHMT2	I757I;C758C;H759Y	Silent;Silent;Missense	-0.392953019
4400	EHMT2	V760I	Missense	0.874384036
4401	EHMT2	V755V;E756K	Silent;Missense	0.696564272
4402	EHMT2	V755V;E756K	Silent;Missense	-0.273856675
4403	EHMT2	V755I	Missense	-0.65614969
4404	EHMT2	A749A;A750V;Q751*	Silent;Missense;Nonsense	-0.38167246
4405	EHMT2	Q751Q	Silent	-0.208582784
4406	EHMT2	Q751Q	Silent	-0.350832391
4407	EHMT2	H747Y;A748V	Missense;Missense	0.819249962
4408	EHMT2	A750T	Missense	-1.23999102
4409	EHMT2	H747Y	Missense	-0.033500271
4410	EHMT2	T744T	Silent	0.145498303
4411	EHMT2	Q740Q;S741N	Silent;Missense	0.625280496
4412	EHMT2	Q739Q	Silent	0.423174069
4413	EHMT2	D738N	Missense	0.100209453
4414	EHMT2	D738N	Missense	0.114968353
4415	EHMT2	Q736Q	Silent	0.918925691
4416	EHMT2	L731L;D732N	Silent;Missense	-0.281055164
4417	EHMT2	L731L;D732N	Silent;Missense	0.219075737
4418	EHMT2	L731L;D732N	Silent;Missense	-0.379141022
4419	EHMT2	(NC)	Intron	-0.260588864
4420	EHMT2		No Mutation	-0.642873413
4421	EHMT2		No Mutation	0.888941282
4422	EHMT2	(NC);(NC)	Intron;Intron	0.703051374
4423	EHMT2	Q717*	Nonsense	-0.116972619
4424	EHMT2	E719E;L720L	Silent;Silent	0.256643664
4425	EHMT2	Q717Q;G718N;E719K	Silent;Missense;Missense	-0.879064581
4426	EHMT2	Y712Y;L713L	Silent;Silent	0.826893908
4427	EHMT2	Y712Y;L713L	Silent;Silent	-0.912127123
4428	EHMT2	L713L	Silent	0.97825017
4429	EHMT2	L713L	Silent	0.066938241
4430	EHMT2	L711L	Silent	0.88383913
4431	EHMT2	R709R;Q710Q	Silent;Silent	0.316682569
4432	EHMT2	L704F	Missense	0.557277473
4433	EHMT2	K702K;K703K	Silent;Silent	-0.430836802
4434	EHMT2	K702K;K703K	Silent;Silent	0.369442268
4435	EHMT2	(NC);R700R;R701Q	Splice-acceptor;Silent;Missense	1.22360947
4436	EHMT2	(NC);R700R	Splice-acceptor;Silent	-0.616361291
4437	EHMT2	(NC);(NC)	Intron;Intron	0.379006812
4438	EHMT2	(NC);(NC)	Intron;Intron	0.6912503
4439	EHMT2	(NC)	Intron	1.233582652
4440	EHMT2	(NC);(NC);(NC)	Intron;Intron;Intron	0.398546757
4441	EHMT2		No Mutation	-0.430885731
4442	EHMT2		No Mutation	-1.138495563
4443	EHMT2	(NC);(NC);(NC)	Splice-donor;Intron;Intron	0.060565709
4444	EHMT2	S698L	Missense	0.142175495
4445	EHMT2	S698L	Missense	0.22030514
4446	EHMT2		No Mutation	0.181939625
4447	EHMT2	V694V;I695I	Silent;Silent	0.403291048
4448	EHMT2	E697E	Silent	-0.02260849
4449	EHMT2		No Mutation	-0.931491127
4450	EHMT2	A688V;L689L	Missense;Silent	-1.006096203
4451	EHMT2	G685G;R686W	Silent;Missense	0.499912371
4452	EHMT2	P684L	Missense	0.538149913
4453	EHMT2	R686Q;E687K	Missense;Missense	-0.425164408
4454	EHMT2	L682L	Silent	-0.157031808
4455	EHMT2	P681L;L682L	Missense;Silent	-0.44302346
4456	EHMT2	P681L	Missense	-0.267952447
4457	EHMT2	L682L;G683K	Silent;Missense	0.759814551
4458	EHMT2	L680L	Silent	0.417539631
4459	EHMT2	A677V	Missense	-0.647620064
4460	EHMT2	A677V	Missense	-0.280325964
4461	EHMT2	A677V	Missense	0.206412817
4462	EHMT2	G679G;L680L	Silent;Silent	-0.688806632
4463	EHMT2	G673G;C674C	Silent;Silent	0.881947388
4464	EHMT2	G673G	Silent	0.164854166
4465	EHMT2	G673G	Silent	-0.052237952
4466	EHMT2		No Mutation	-1.114104918
4467	EHMT2		No Mutation	-0.607628085
4468	EHMT2	C674Y	Missense	-1.010193977
4469	EHMT2	G673D;C674Y	Missense;Missense	-0.015876096
4470	EHMT2	G672K;G673S	Missense;Missense	-0.052509549
4471	EHMT2	G672K	Missense	-0.489793508
4472	EHMT2		No Mutation	0.345340008
4473	EHMT2	L667L;T668I	Silent;Missense	-0.452898028
4474	EHMT2		No Mutation	-0.853582506
4475	EHMT2	S666S;L667L	Silent;Silent	0.244058077
4476	EHMT2	S666F;L667L	Missense;Silent	0.672752204
4477	EHMT2	S666F;L667L	Missense;Silent	-0.284539549
4478	EHMT2	G664E	Missense	0.472587722
4479	EHMT2	D658D;T659I	Silent;Missense	-0.073229574
4480	EHMT2	D658D;T659I	Silent;Missense	-0.978560189
4481	EHMT2	D661N	Missense	0.300855501
4482	EHMT2	D661N	Missense	0.515129073
4483	EHMT2	D661N	Missense	0.309019657
4484	EHMT2	D658N	Missense	0.295993634
4485	EHMT2	A657T;D658N	Missense;Missense	-0.959475848
4486	EHMT2	L656L;A657T	Silent;Missense	0.385872237
4487	EHMT2	L656L;A657T	Silent;Missense	1.240557336
4488	EHMT2	R650R;P651L;P652S	Silent;Missense;Missense	-0.818725734
4489	EHMT2	D654N	Missense	0.478212765
4490	EHMT2	C653Y;D654N	Missense;Missense	0.572565722
4491	EHMT2	C653Y;D654N	Missense;Missense	0.568918738
4492	EHMT2		No Mutation	-0.058080551
4493	EHMT2	G646K;E647K	Missense;Missense	-0.624282217
4494	EHMT2	G646K	Missense	0.121523378
4495	EHMT2	A640A;R641W	Silent;Missense	-0.214538845
4496	EHMT2	A640V;R641W	Missense;Missense	0.843302383
4497	EHMT2	A640V;R641W	Missense;Missense	0.627301622
4498	EHMT2	M642I;R643Q;G644R	Missense;Missense;Missense	-0.041598607
4499	EHMT2	(NC)	Intron	0.1518652
4500	EHMT2	(NC);(NC)	Intron;Intron	0.196150189
4501	EHMT2	R641Q	Missense	0.405551812
4502	EHMT2	(NC);(NC);(NC)	Intron;Intron;Intron	-0.00282263
4503	EHMT2		No Mutation	-0.607836285
4504	EHMT2		No Mutation	1.354623804
4505	EHMT2	T635I;S636F	Missense;Missense	-0.0617779
4506	EHMT2	A633V;D634D	Missense;Silent	1.821042144
4507	EHMT2		No Mutation	1.598617979
4508	EHMT2		No Mutation	0.1011301
4509	EHMT2		No Mutation	0.154485647
4510	EHMT2	G631G;R632K;A633T	Silent;Missense;Missense	-0.098233419
4511	EHMT2	G631E;R632K	Missense;Missense	-0.130935947
4512	EHMT2	G631R	Missense	-0.084718201
4513	EHMT2		No Mutation	0.299187527
4514	EHMT2	V629I	Missense	-0.046109632
4515	EHMT2	S626F	Missense	-0.114078548
4516	EHMT2	L625L;S626F	Silent;Missense	0.078096686
4517	EHMT2	D628N;V629I	Missense;Missense	-0.461514344
4518	EHMT2	Q627Q;D628N;V629I	Silent;Missense;Missense	0.356254245
4519	EHMT2	Q627Q;D628N	Silent;Missense	-0.915265629
4520	EHMT2	Q627Q;D628N	Silent;Missense	-0.458570996
4521	EHMT2	L625L	Silent	0.412551118
4522	EHMT2	P622F;P623S	Missense;Missense	-0.440620128
4523	EHMT2	A621T	Missense	0.543786367
4524	EHMT2	A619T	Missense	-0.71703101
4525	EHMT2	A618T;A619T	Missense;Missense	-0.47158635
4526	EHMT2	A618T;A619T	Missense;Missense	-1.062470437
4527	EHMT2	A618T	Missense	-0.105847926
4528	EHMT2		No Mutation	-1.355287791
4529	EHMT2	D609D	Silent	-0.088077544
4530	EHMT2	V611V	Silent	-0.081131728
4531	EHMT2	V611V	Silent	0.927558385
4532	EHMT2	V611I	Missense	0.61901864
4533	EHMT2	G610G;V611I	Silent;Missense	-0.138571802
4534	EHMT2	G610K	Missense	0.723620219
4535	EHMT2	T604T;I605I;P606S	Silent;Silent;Missense	0.076617697
4536	EHMT2	T604I;I605I	Missense;Silent	-0.153109332
4537	EHMT2	T604I	Missense	-0.600250782
4538	EHMT2		No Mutation	1.397908728
4539	EHMT2		No Mutation	-0.312063448
4540	EHMT2		No Mutation	-1.763017265
4541	EHMT2	A597V	Missense	0.091168108
4542	EHMT2	A597T	Missense	-0.386726936
4543	EHMT2	A597T	Missense	0.04897257
4544	EHMT2	D596N;A597T	Missense;Missense	0.42430219
4545	EHMT2	F589F;P591S	Silent;Missense	0.746120835
4546	EHMT2	V588V;F589F	Silent;Silent	0.069076805
4547	EHMT2	V588V;F589F	Silent;Silent	-0.092739012
4548	EHMT2	V588V	Silent	-0.412248517
4549	EHMT2	S582F;Q583*	Missense;Nonsense	-0.856755552
4550	EHMT2	L584L	Silent	0.141522444
4551	EHMT2		No Mutation	-0.021352831
4552	EHMT2		No Mutation	-0.102635289
4553	EHMT2	V581V	Silent	0.492695153
4554	EHMT2	C580Y;V581M	Missense;Missense	-0.689016881
4555	EHMT2	K578K;A579T	Silent;Missense	-0.129713387
4556	EHMT2	K578K;A579T	Silent;Missense	-0.335143558
4557	EHMT2	A573V;H574Y	Missense;Missense	-0.421828685
4558	EHMT2		No Mutation	0.797102368
4559	EHMT2	A573T	Missense	0.507674623
4560	EHMT2	V572V;A573T	Silent;Missense	0.091345658
4561	EHMT2	V572I;A573T	Missense;Missense	0.858633428
4562	EHMT2	C566C;H567Y;P568S	Silent;Missense;Missense	0.553064005
4563	EHMT2	D569N	Missense	-1.514766362
4564	EHMT2		No Mutation	-0.520216378
4565	EHMT2	L564L;E565K	Silent;Missense	-0.699299834
4566	EHMT2	L564L;E565K	Silent;Missense	-0.871596202
4567	EHMT2		No Mutation	0.382165109
4568	EHMT2		No Mutation	-0.007334805
4569	EHMT2	(NC);(NC);(NC);(NC)	Intron;Intron;Intron;Intron	-0.31366558
4570	EHMT2	(NC)	Intron	0.474703411
4571	EHMT2	(NC)	Intron	-0.400739255
4572	EHMT2	(NC)	Intron	-0.097794808
4573	EHMT2	(NC);(NC)	Intron;Intron	-0.115870819
4574	EHMT2	A560V	Missense	1.016076968
4575	EHMT2	A560V	Missense	1.38215819
4576	EHMT2	T559M;A560V	Missense;Missense	-0.608605349
4577	EHMT2	C554C;G555G	Silent;Silent	-0.570869608
4578	EHMT2	C558Y	Missense	-0.102577992
4579	EHMT2	G553G;C554C	Silent;Silent	0.361925726
4580	EHMT2		No Mutation	0.224816139
4581	EHMT2	C554Y;G555S	Missense;Missense	0.067386845
4582	EHMT2	H549Y	Missense	-0.362190131
4583	EHMT2	H548Y	Missense	0.291943252
4584	EHMT2	V546V;H548Y	Silent;Missense	0.107031243
4585	EHMT2		No Mutation	0.213423228
4586	EHMT2		No Mutation	0.209738146
4587	EHMT2		No Mutation	1.111209794
4588	EHMT2	M545I;V546I	Missense;Missense	-0.039534101
4589	EHMT2	M545I;V546I	Missense;Missense	0.540651402
4590	EHMT2	T540I;H541Y	Missense;Missense	-1.03259045
4591	EHMT2	E539K	Missense	0.019864498
4592	EHMT2	C538Y;E539K	Missense;Missense	-0.960999033
4593	EHMT2	M535I;V536I	Missense;Missense	-0.270846319
4594	EHMT2	L534L;M535I	Silent;Missense	-1.365970358
4595	EHMT2	A533T	Missense	-0.28436427
4596	EHMT2	S529S;S530S;R531C	Silent;Silent;Missense	0.088628396
4597	EHMT2	S530N;R531H	Missense;Missense	0.028977841
4598	EHMT2	P528S	Missense	0.406740643
4599	EHMT2	M526I	Missense	-0.005117399
4600	EHMT2	L521L	Silent	-0.027452475
4601	EHMT2	E524E	Silent	0.140922174
4602	EHMT2	R523Q;E524K	Missense;Missense	-0.270801315
4603	EHMT2	A518V	Missense	-0.449689518
4604	EHMT2	A518V	Missense	-0.096912896
4605	EHMT2	L513L	Silent	0.079919041
4606	EHMT2	(NC);(NC)	Intron;Intron	-0.69854442
4607	EHMT2	(NC)	Splice-acceptor	-0.045791699
4608	EHMT2	(NC)	Splice-acceptor	0.167762776
4609	EHMT2	(NC);(NC)	Intron;Intron	-0.279006669
4610	EHMT2		No Mutation	0.180680358
4611	EHMT2		No Mutation	0.176428941
4612	EHMT2		No Mutation	-0.286272865
4613	EHMT2	D510D	Silent	-0.167399476
4614	EHMT2	D510D	Silent	-0.341583293
4615	EHMT2		No Mutation	0.138177306
4616	EHMT2		No Mutation	0.195570979
4617	EHMT2		No Mutation	0.286009343
4618	EHMT2	G511K	Missense	-0.33998938
4619	EHMT2		No Mutation	-0.536220169
4620	EHMT2	A505V;T506I	Missense;Missense	-0.133054393
4621	EHMT2	C503C	Silent	0.369295832
4622	EHMT2	A499V	Missense	-0.058298915
4623	EHMT2	R498R;A499T;G500R	Silent;Missense;Missense	-0.036317559
4624	EHMT2	R494R;I495I	Silent;Silent	0.123874716
4625	EHMT2	R494C	Missense	0.365608121
4626	EHMT2	D493D;R494C	Silent;Missense	0.435425579
4627	EHMT2	D493D;R494C	Silent;Missense	1.291785665
4628	EHMT2	D493D	Silent	0.196537508
4629	EHMT2	S496N	Missense	0.54155905
4630	EHMT2	S496N	Missense	0.040219507
4631	EHMT2	K491K	Silent	-0.871150557
4632	EHMT2	M487I;E488K	Missense;Missense	-0.296261257
4633	EHMT2	R486H;M487I	Missense;Missense	-0.385808989
4634	EHMT2	R486H	Missense	-0.100713924
4635	EHMT2	C483C	Silent	0.621653953
4636	EHMT2	P481P;L482L	Silent;Silent	0.043164141
4637	EHMT2	T473I	Missense	0.027490078
4638	EHMT2	S470L;L471L	Missense;Silent	-0.769367153
4639	EHMT2	S470L;L471L	Missense;Silent	0.677724936
4640	EHMT2	S470S;L471L	Silent;Silent	0.382168443
4641	EHMT2	S465S	Silent	-0.704004521
4642	EHMT2	D467N	Missense	0.311808473
4643	EHMT2		No Mutation	0.670170082
4644	EHMT2	V464V	Silent	0.178304148
4645	EHMT2	(NC)	Splice-acceptor	0.042351507
4646	EHMT2	(NC);(NC)	Intron;Intron	0.095624755
4647	EHMT2	(NC);(NC)	Intron;Intron	0.903881571
4648	EHMT2		No Mutation	-0.915465338
4649	EHMT2		No Mutation	-0.150758518
4650	EHMT2		No Mutation	0.012256691
4651	EHMT2	(NC)	Intron	0.002916239
4652	EHMT2	(NC)	Intron	0.395342285
4653	EHMT2		No Mutation	0.746459216
4654	EHMT2	(NC)	Splice-donor	-0.383865921
4655	EHMT2	A462T;G463R	Missense;Missense	-0.383593356
4656	EHMT2	A462T	Missense	0.261216403
4657	EHMT2	L457F;S458F	Missense;Missense	0.789268376
4658	EHMT2		No Mutation	0.177096319
4659	EHMT2		No Mutation	0.380492281
4660	EHMT2	E454K;G455R	Missense;Missense	-0.115792942
4661	EHMT2	S453N;E454K	Missense;Missense	0.077168067
4662	EHMT2		No Mutation	-0.557036053
4663	EHMT2	L449L	Silent	-0.137002688
4664	EHMT2	S448S;L449L	Silent;Silent	-0.713786863
4665	EHMT2	E450K	Missense	0.092357185
4666	EHMT2	L449L;E450K	Silent;Missense	0.609617157
4667	EHMT2	V444V;P445S	Silent;Missense	0.508790357
4668	EHMT2	Y441Y	Silent	0.608484068
4669	EHMT2	Y441Y	Silent	-0.152312135
4670	EHMT2	Y441Y	Silent	-0.842284271
4671	EHMT2	E443E;V444I	Silent;Missense	-0.786351951
4672	EHMT2	E443K;V444I	Missense;Missense	-0.327313011
4673	EHMT2	M442I;E443K;V444I	Missense;Missense;Missense	-0.185763182
4674	EHMT2	G437G;P438F	Silent;Missense	-0.256474693
4675	EHMT2	E440E	Silent	0.010343237
4676	EHMT2	G437G;P438S	Silent;Missense	-0.431892288
4677	EHMT2		No Mutation	-0.51262299
4678	EHMT2	(NC)	Intron	0.218086635
4679	EHMT2	(NC)	Intron	0.606691567
4680	EHMT2	(NC)	Intron	0.147193206
4681	EHMT2	(NC);(NC);(NC)	Intron;Intron;Intron	-0.006889512
4682	EHMT2		No Mutation	0.310141274
4683	EHMT2	(NC)	Intron	-0.224238773
4684	EHMT2	(NC);(NC);(NC)	Splice-donor;Intron;Intron	-0.150597741
4685	EHMT2	P427S	Missense	-0.453812153
4686	EHMT2	A424A	Silent	0.208370144
4687	EHMT2	R428Q	Missense	0.007354127
4688	EHMT2	R423W;A424V	Missense;Missense	0.230090596
4689	EHMT2	E426K	Missense	0.027428586
4690	EHMT2	P421S	Missense	0.455344371
4691	EHMT2	R417R;R419W	Silent;Missense	-0.283770828
4692	EHMT2	R417R	Silent	1.100615383
4693	EHMT2	R417H	Missense	-0.81738269
4694	EHMT2	R414W	Missense	-0.489981507
4695	EHMT2	P408L	Missense	0.318984067
4696	EHMT2	R404*	Nonsense	-0.719479806
4697	EHMT2	R404*	Nonsense	-0.239758816
4698	EHMT2	K400K;K401K	Silent;Silent	-0.983839058
4699	EHMT2	R397R	Silent	0.084495028
4700	EHMT2	K398K;A399T	Silent;Missense	0.085581177
4701	EHMT2	S393F	Missense	-0.310776165
4702	EHMT2	G395N	Missense	-0.113586285
4703	EHMT2	S394N;G395N	Missense;Missense	-0.229424826
4704	EHMT2		No Mutation	-0.446071422
4705	EHMT2	S394N	Missense	0.478867524
4706	EHMT2		No Mutation	-0.33422299
4707	EHMT2	G392D	Missense	0.03939785
4708	EHMT2	(NC);(NC);(NC)	Intron;Intron;Intron	-0.114433194
4709	EHMT2	G392N	Missense	0.001321984
4710	EHMT2	S391N;G392N	Missense;Missense	-0.253831738
4711	EHMT2	(NC);S391N	Splice-acceptor;Missense	-0.451178022
4712	EHMT2	(NC);(NC);(NC);(NC)	Intron;Intron;Intron;Intron	0.002579204
4713	EHMT2		No Mutation	0.625146114
4714	EHMT2	S388L	Missense	-0.650226468
4715	EHMT2		No Mutation	-0.02954174
4716	EHMT2	S384L	Missense	-0.539979864
4717	EHMT2		No Mutation	1.25048308
4718	EHMT2		No Mutation	-0.573490863
4719	EHMT2		No Mutation	-0.153898345
4720	EHMT2		No Mutation	-1.11967836
4721	EHMT2		No Mutation	-0.52336174
4722	EHMT2		No Mutation	0.553565036
4723	EHMT2		No Mutation	0.021933914
4724	EHMT2		No Mutation	0.920904301
4725	EHMT2		No Mutation	0.15812906
4726	EHMT2		No Mutation	1.530863767
4727	EHMT2		No Mutation	2.993215931
4728	EHMT2		No Mutation	0.751230991
4729	EHMT2	L355L	Silent	0.186908757
4730	EHMT2	Q354*;L355L	Nonsense;Silent	0.384366201
4731	EHMT2	Q354*	Nonsense	0.398958225
4732	EHMT2	A350T	Missense	1.934921344
4733	EHMT2	A350T	Missense	-0.399188016
4734	EHMT2	E347K;V348I	Missense;Missense	-0.243304177
4735	EHMT2	S344S	Silent	0.079828038
4736	EHMT2	(NC);(NC)	Intron;Intron	-0.099103252
4737	EHMT2	R339R	Silent	-0.565044384
4738	EHMT2	E338E;R339H	Silent;Missense	0.101136441
4739	EHMT2	Y334Y;S335F	Silent;Missense	0.121564215
4740	EHMT2	Y330Y	Silent	-0.306094873
4741	EHMT2	S315S;L316L	Silent;Silent	-0.469561805
4742	EHMT2	E318E;W319*	Silent;Nonsense	-0.834566127
4743	EHMT2	E318K;W319*	Missense;Nonsense	-0.040090748
4744	EHMT2	E317E;E318K	Silent;Missense	0.002198582
4745	EHMT2	P313P	Silent	0.081702004
4746	EHMT2	P313L	Missense	-0.205498037
4747	EHMT2	D312D;P313S	Silent;Missense	-0.819338677
4748	EHMT2		No Mutation	0.311959433
4749	EHMT2	G314R	Missense	-0.129922088
4750	EHMT2		No Mutation	0.335451222
4751	EHMT2	T309M	Missense	-0.28880193
4752	EHMT2	L308L;T309M	Silent;Missense	0.14337264
4753	EHMT2		No Mutation	0.495868557
4754	EHMT2		No Mutation	-0.211473012
4755	EHMT2		No Mutation	-0.322153124
4756	EHMT2	V306I	Missense	0.095786031
4757	EHMT2	V306I	Missense	0.443210294
4758	EHMT2	S299F	Missense	0.638053729
4759	EHMT2		No Mutation	0.175247829
4760	EHMT2		No Mutation	0.347712942
4761	EHMT2	(NC);(NC)	Intron;Intron	-0.243401332
4762	EHMT2	G292G;L293L	Silent;Silent	-0.366132655
4763	EHMT2	N288N	Silent	-0.057419859
4764	EHMT2	L287L	Silent	0.057831805
4765	EHMT2		No Mutation	-1.156526774
4766	EHMT2	L287L	Silent	-0.17853378
4767	EHMT2		No Mutation	-1.055811178
4768	EHMT2	(NC)	Intron	0.298423538
4769	EHMT2	(NC);(NC)	Intron;Intron	1.815275677
4770	EHMT2		No Mutation	0.228486252
4771	EHMT2		No Mutation	-0.403443885
4772	EHMT2	(NC);(NC);(NC)	Intron;Intron;Intron	2.782691094
4773	EHMT2		No Mutation	1.004319294
4774	EHMT2	L274L	Silent	0.432720825
4775	EHMT2	K276K;V277I	Silent;Missense	1.459138594
4776	EHMT2	V271V;H272Y	Silent;Missense	0.319615043
4777	EHMT2		No Mutation	0.703246182
4778	EHMT2		No Mutation	-0.542347322
4779	EHMT2	V271I	Missense	-0.301246401
4780	EHMT2	R266H	Missense	-0.181923424
4781	EHMT2		No Mutation	0.44898413
4782	EHMT2		No Mutation	-0.678013245
4783	EHMT2		No Mutation	0.405149382
4784	EHMT2	E261K	Missense	0.322034749
4785	EHMT2	E261K	Missense	-0.343032494
4786	EHMT2	R258Q	Missense	0.702431166
4787	EHMT2	K257K;R258Q	Silent;Missense	0.198673577
4788	EHMT2	K257K;R258Q	Silent;Missense	-0.462599778
4789	EHMT2	K257K;R258Q	Silent;Missense	0.016086508
4790	EHMT2	P252L;P253L	Missense;Missense	0.04716427
4791	EHMT2	E256K	Missense	-0.266824888
4792	EHMT2		No Mutation	-0.563242651
4793	EHMT2	(NC)	Splice-acceptor	-0.811335811
4794	EHMT2	(NC);(NC)	Intron;Intron	0.037845668
4795	EHMT2		No Mutation	-0.459173531
4796	EHMT2		No Mutation	-0.256823995
4797	EHMT2	Q251*	Nonsense	-0.71642389
4798	EHMT2	Q251*	Nonsense	-1.142947031
4799	EHMT2	(NC);(NC);(NC)	Splice-donor;Intron;Intron	0.895816024
4800	EHMT2		No Mutation	0.884629181
4801	EHMT2		No Mutation	-0.027791204
4802	EHMT2	G250E;Q251Q	Missense;Silent	-0.326986193
4803	EHMT2	S245S;P247S	Silent;Missense	0.468497761
4804	EHMT2	G248E	Missense	0.093826451
4805	EHMT2	S245F	Missense	-0.429560552
4806	EHMT2	T243I	Missense	0.527818526
4807	EHMT2	R241H	Missense	0.223800187
4808	EHMT2	A240T;R241H	Missense;Missense	-0.369980758
4809	EHMT2	K236K;V237I	Silent;Missense	0.782908681
4810	EHMT2	K236K;V237I	Silent;Missense	-0.055309394
4811	EHMT2	S230S;P231L	Silent;Missense	-0.351299976
4812	EHMT2	G233E;Q234Q	Missense;Silent	0.34757754
4813	EHMT2	E232E;G233K	Silent;Missense	0.839261636
4814	EHMT2	E232K	Missense	0.529006444
4815	EHMT2	A227V;T228I	Missense;Missense	-0.347299539
4816	EHMT2	S230N	Missense	-0.711006452
4817	EHMT2	A227V	Missense	0.272398263
4818	EHMT2	T229T;S230N	Silent;Missense	0.212850057
4819	EHMT2	T229T;S230N	Silent;Missense	0.413517617
4820	EHMT2	T229T;S230N	Silent;Missense	1.115158297
4821	EHMT2	A220T;G221R	Missense;Missense	-0.430580024
4822	EHMT2	A220T	Missense	-0.642240522
4823	EHMT2		No Mutation	-0.491040667
4824	EHMT2	Q215*	Nonsense	0.372225727
4825	EHMT2	A217T;A218T	Missense;Missense	0.61689055
4826	EHMT2		No Mutation	-0.147646978
4827	EHMT2		No Mutation	-0.860815299
4828	EHMT2	L208L	Silent	0.433010385
4829	EHMT2	M206I;R207K	Missense;Missense	-0.681532703
4830	EHMT2	V201V;Q202*	Silent;Nonsense	-0.317535776
4831	EHMT2	L204L;A205T	Silent;Missense	0.427522986
4832	EHMT2	S203N	Missense	0.502385739
4833	EHMT2	P199L	Missense	0.896008222
4834	EHMT2	G193K	Missense	0.29701019
4835	EHMT2	S190L	Missense	-0.534055056
4836	EHMT2		No Mutation	-0.33925394
4837	EHMT2	A187A	Silent	-0.159962097
4838	EHMT2	M191I	Missense	0.526600253
4839	EHMT2	A187V	Missense	0.120101821
4840	EHMT2	A187V	Missense	-0.121746925
4841	EHMT2	M189I	Missense	0.352683612
4842	EHMT2	K188K	Silent	0.898304836
4843	EHMT2		No Mutation	0.147787456
4844	EHMT2		No Mutation	0.839322209
4845	EHMT2	C183Y	Missense	-0.26838825
4846	EHMT2	C183Y	Missense	-0.085824657
4847	EHMT2		No Mutation	-0.197601402
4848	EHMT2	G181D	Missense	0.334441784
4849	EHMT2	K179K;G180K	Silent;Missense	0.186921428
4850	EHMT2	K179K;G180K	Silent;Missense	0.201819003
4851	EHMT2	K179K;G180R	Silent;Missense	-0.033067161
4852	EHMT2	S175F;S176F	Missense;Missense	0.787696638
4853	EHMT2	P174P;S175F	Silent;Missense	0.03024161
4854	EHMT2	P174L;S175F	Missense;Missense	-0.095571884
4855	EHMT2	P174F;S175F	Missense;Missense	-0.238542122
4856	EHMT2	F173F;P174F	Silent;Missense	-0.962219836
4857	EHMT2		No Mutation	0.532974111
4858	EHMT2		No Mutation	0.187430832
4859	EHMT2	A169T	Missense	0.404034551
4860	EHMT2		No Mutation	0.800816515
4861	EHMT2	(NC)	Intron	0.100024
4862	EHMT2	(NC)	Intron	0.09729436
4863	EHMT2		No Mutation	0.372059556
4864	EHMT2		No Mutation	1.076993039
4865	EHMT2		No Mutation	0.70106623
4866	EHMT2	(NC);(NC);(NC)	Intron;Intron;Intron	-0.421670917
4867	EHMT2	L165L;L166L	Silent;Silent	-0.158830591
4868	EHMT2	I164I;L165L;L166L	Silent;Silent;Silent	-0.294727745
4869	EHMT2	(NC);(NC)	Intron;Intron	0.748150311
4870	EHMT2	I164I	Silent	-0.367743636
4871	EHMT2	L165L	Silent	0.123026475
4872	EHMT2		No Mutation	-0.638625106
4873	EHMT2		No Mutation	-0.927890033
4874	EHMT2	R163R	Silent	0.014680537
4875	EHMT2	D158D	Silent	0.456178854
4876	EHMT2		No Mutation	0.078022882
4877	EHMT2		No Mutation	-0.152020552
4878	EHMT2		No Mutation	-0.064660075
4879	EHMT2		No Mutation	-0.182302834
4880	EHMT2	L153F	Missense	1.110800313
4881	EHMT2		No Mutation	0.434169516
4882	EHMT2		No Mutation	-0.091150187
4883	EHMT2	S150F	Missense	-1.690310044
4884	EHMT2		No Mutation	0.285684083
4885	EHMT2	E149K	Missense	-0.40706938
4886	EHMT2	A142V	Missense	-1.0587819
4887	EHMT2	A142V	Missense	0.931488636
4888	EHMT2	A142V	Missense	-0.088825875
4889	EHMT2		No Mutation	0.461184157
4890	EHMT2		No Mutation	0.375529065
4891	EHMT2		No Mutation	0.895920529
4892	EHMT2	A136V	Missense	1.143689043
4893	EHMT2	A136V	Missense	-0.614528856
4894	EHMT2	A136V	Missense	-0.104031983
4895	EHMT2	V129V;T130I	Silent;Missense	-0.561660521
4896	EHMT2	V129V;T130I	Silent;Missense	0.462028703
4897	EHMT2	V129V;T130I	Silent;Missense	-0.178100297
4898	EHMT2	V129V	Silent	-0.330813586
4899	EHMT2	V131I	Missense	0.264050575
4900	EHMT2	S126F	Missense	-0.119105752
4901	EHMT2	V129I	Missense	0.71491022
4902	EHMT2	V127I	Missense	0.34399835
4903	EHMT2	V127I	Missense	0.347716783
4904	EHMT2	V127I	Missense	0.379431288
4905	EHMT2		No Mutation	1.113625502
4906	EHMT2		No Mutation	-0.438002259
4907	EHMT2	G120D	Missense	-0.002318117
4908	EHMT2	A119T	Missense	-0.506420665
4909	EHMT2	A119T	Missense	-0.328729878
4910	EHMT2	E117E;A119T	Silent;Missense	0.052767626
4911	EHMT2	E117E	Silent	0.088760055
4912	EHMT2	D114D;S115F	Silent;Missense	-0.765657283
4913	EHMT2	L116L;E117K	Silent;Missense	-0.552165369
4914	EHMT2		No Mutation	0.810608016
4915	EHMT2	D114N	Missense	0.773195585
4916	EHMT2	A111V	Missense	0.029928485
4917	EHMT2	D114N	Missense	0.483118577
4918	EHMT2		No Mutation	-1.067007876
4919	EHMT2		No Mutation	0.297236092
4920	EHMT2		No Mutation	-0.471587183
4921	EHMT2		No Mutation	-0.151818763
4922	EHMT2		No Mutation	0.319338759
4923	EHMT2	H95Y	Missense	-0.435880928
4924	EHMT2	(NC)	Intron	0.022071209
4925	EHMT2	G96D	Missense	0.476454546
4926	EHMT2	(NC)	Intron	-0.074731116
4927	EHMT2	(NC)	Intron	0.10866508
4928	EHMT2	(NC);(NC)	Intron;Intron	0.442459867
4929	EHMT2		No Mutation	-0.567806483
4930	EHMT2		No Mutation	0.219892693
4931	EHMT2	(NC);(NC)	Intron;Intron	0.987396969
4932	EHMT2	(NC);(NC)	Intron;Intron	-0.344700475
4933	EHMT2	E92E;R93K	Silent;Missense	0.283928991
4934	EHMT2		No Mutation	-0.832550831
4935	EHMT2	L83L	Silent	-0.220614104
4936	EHMT2	A80V;L81L	Missense;Silent	-0.445424096
4937	EHMT2		No Mutation	1.11570125
4938	EHMT2	A80A;L81L	Silent;Silent	-0.063509744
4939	EHMT2	A80T	Missense	-0.349234599
4940	EHMT2	G79G;A80T	Silent;Missense	-0.397484837
4941	EHMT2	G79E;A80T	Missense;Missense	0.36166212
4942	EHMT2	A74V;P75S	Missense;Missense	1.337196057
4943	EHMT2	A74V	Missense	0.066541073
4944	EHMT2	A74V	Missense	0.26963617
4945	EHMT2		No Mutation	-0.285261144
4946	EHMT2	A76T	Missense	-0.939900239
4947	EHMT2		No Mutation	-0.25415831
4948	EHMT2	A74T	Missense	-0.048320367
4949	EHMT2	E73E;A74T	Silent;Missense	0.073836597
4950	EHMT2	Q71Q;G72K	Silent;Missense	0.192240803
4951	EHMT2	L68F;P69S	Missense;Missense	0.219874614
4952	EHMT2	Q71Q;G72R	Silent;Missense	0.540862826
4953	EHMT2	L68F	Missense	-0.086946261
4954	EHMT2	P66L	Missense	0.528583242
4955	EHMT2	P66F	Missense	-0.25202884
4956	EHMT2		No Mutation	0.059305102
4957	EHMT2	V65V;P66F	Silent;Missense	0.073229595
4958	EHMT2		No Mutation	0.389170416
4959	EHMT2		No Mutation	-0.626147737
4960	EHMT2	C67Y	Missense	0.235132647
4961	EHMT2	G59G;L60L	Silent;Silent	0.495233172
4962	EHMT2	G59E;L60L	Missense;Silent	0.076575914
4963	EHMT2	G59K	Missense	-0.24263108
4964	EHMT2	G59K	Missense	1.055526081
4965	EHMT2	G59K	Missense	0.197023202
4966	EHMT2	T53I;P54F	Missense;Missense	0.038881296
4967	EHMT2		No Mutation	0.210159611
4968	EHMT2	T53I;P54F	Missense;Missense	0.331858431
4969	EHMT2		No Mutation	0.410130372
4970	EHMT2		No Mutation	0.325356536
4971	EHMT2	W52*	Nonsense	-0.828801207
4972	EHMT2	W52*	Nonsense	0.731341396
4973	EHMT2	P46L	Missense	0.401470665
4974	EHMT2	L43L;S44F;L45F	Silent;Missense;Missense	0.4045622
4975	EHMT2	R47K;A48T	Missense;Missense	-0.706777232
4976	EHMT2	S41S;L42L;L43F	Silent;Silent;Missense	-0.425587979
4977	EHMT2		No Mutation	-0.013079847
4978	EHMT2	S41S;L42L	Silent;Silent	0.81433642
4979	EHMT2		No Mutation	-0.252548161
4980	EHMT2		No Mutation	0.348132863
4981	EHMT2	R38K	Missense	-0.982098894
4982	EHMT2		No Mutation	-0.015640663
4983	EHMT2	G37D;R38K	Missense;Missense	-0.357692827
4984	EHMT2	G37N;R38K	Missense;Missense	0.10719913
4985	EHMT2	P32L;H33Y	Missense;Missense	0.526736709
4986	EHMT2	P32F	Missense	-0.186700383
4987	EHMT2		No Mutation	-0.510324082
4988	EHMT2	G31G	Silent	0.919022621
4989	EHMT2	R29R;G30K;G31R	Silent;Missense;Missense	-0.245129324
4990	EHMT2	G26G	Silent	-0.147213452
4991	EHMT2	R25*	Nonsense	-0.317566474
4992	EHMT2	S24S;R25*	Silent;Nonsense	-0.527246312
4993	EHMT2	S24S;R25*	Silent;Nonsense	1.54043881
4994	EHMT2	S24S;R25*	Silent;Nonsense	-0.08399607
4995	EHMT2	R27H;G28K	Missense;Missense	0.369618517
4996	EHMT2	G23G;S24S;R25*	Silent;Silent;Nonsense	0.192583672
4997	EHMT2	G23G;S24S	Silent;Silent	0.007435445
4998	EHMT2	G26N;R27H	Missense;Missense	0.133676822
4999	EHMT2	G26N	Missense	-0.163510622
5000	EHMT2	R25Q;G26N	Missense;Missense	-1.186409226
5001	EHMT2	P22L	Missense	-0.180567822
5002	EHMT2	A20V;P21F	Missense;Missense	0.157301972
5003	EHMT2	R18C	Missense	-0.543408137
5004	EHMT2	R18C	Missense	-0.829059579
5005	EHMT2	A19T;A20T	Missense;Missense	0.099130233
5006	EHMT2	R18H;A19T	Missense;Missense	-0.177318949
5007	EHMT2	A13A;R14W	Silent;Missense	0.366768169
5008	EHMT2	R12W	Missense	0.532151811
5009	EHMT2	R12W	Missense	-0.437959396
5010	EHMT2		No Mutation	0.493788771
5011	EHMT2		No Mutation	0.658988385
5012	EHMT2		No Mutation	-0.047752274
5013	EHMT2		No Mutation	-0.535391148
5014	EHMT2		No Mutation	0.535107949
5015	EHMT2	L10L	Silent	-0.254346274
5016	EHMT2		No Mutation	-0.072183501
5017	EHMT2		No Mutation	0.723313096
5018	EHMT2	L4L	Silent	-0.001610808
5019	EHMT2	L4L	Silent	0.602737894
5020	EHMT2	L4L	Silent	0.150700114
5021	EHMT2		No Mutation	0.175022539
5022	EHMT2	R2W	Missense	0.385964473
5023	EHMT2	R2W	Missense	-0.675173468
5024	EHMT2		No Mutation	0.006544738
5025	EHMT2		No Mutation	-0.566190614
5026	EHMT2	G3D	Missense	1.397829356
5027	EHMT2	(NC);(NC)	Flank;Flank	0.877351987
5028	EHMT2	(NC);(NC)	Flank;Flank	0.458704861
5029	EHMT2	(NC)	Flank	0.288563294
5030	EHMT2	(NC)	Flank	0.02067686
5031	EHMT2	(NC);(NC)	Flank;Flank	-0.156952284
5032	EHMT2	(NC);(NC)	Flank;Flank	0.120357223
5033	SUV39H1	(NC)	UTR	0.045288032
5034	SUV39H1	(NC)	UTR	-0.32237562
5035	SUV39H1	(NC);(NC)	UTR;UTR	-0.119308829
5036	SUV39H1	(NC)	UTR	0.226169576
5037	SUV39H1	S5N;R6H	Missense;Missense	0.202577111
5038	SUV39H1	R6R;L7L	Silent;Silent	-0.235548031
5039	SUV39H1	L12L;A13T	Silent;Missense	0.064278823
5040	SUV39H1	L12L;A13V	Silent;Missense	-0.017367225
5041	SUV39H1	A13V	Missense	-0.02611729
5042	SUV39H1	D14D;P15L;L16L	Silent;Missense;Silent	0.341272149
5043	SUV39H1	L16L	Silent	-0.1963278
5044	SUV39H1	(NC);(NC);(NC)	Intron;Intron;Intron	-0.327803546
5045	SUV39H1	(NC);(NC);(NC)	Intron;Intron;Intron	-0.266167496
5046	SUV39H1	(NC);(NC)	Intron;Intron	1.647023214
5047	SUV39H1	G18D;C19Y	Missense;Missense	-0.261923523
5048	SUV39H1	C19Y	Missense	0.524014414
5049	SUV39H1	C19Y;S20N	Missense;Missense	0.312718237
5050	SUV39H1	C22Y;C23Y	Missense;Missense	-0.485427813
5051	SUV39H1		No Mutation	-0.630036571
5052	SUV39H1	S26F	Missense	0.069161765
5053	SUV39H1	Q31*	Nonsense	0.644074472
5054	SUV39H1	K38K	Silent	-1.143697954
5055	SUV39H1		No Mutation	1.430600324
5056	SUV39H1	C41Y	Missense	0.404241305
5057	SUV39H1	L39F;S40F	Missense;Missense	1.313032853
5058	SUV39H1	A43T	Missense	0.416806527
5059	SUV39H1	G45D	Missense	-0.184049278
5060	SUV39H1	A43V;L44F	Missense;Missense	0.426931938
5061	SUV39H1		No Mutation	0.653509506
5062	SUV39H1		No Mutation	1.015078614
5063	SUV39H1	K48K;R49K	Silent;Missense	0.728209192
5064	SUV39H1	K48K;R49K	Silent;Missense	0.257329508
5065	SUV39H1	V56I;E57K	Missense;Missense	-0.294206368
5066	SUV39H1	K63K;K64K	Silent;Silent	-0.570692655
5067	SUV39H1		No Mutation	0.170110777
5068	SUV39H1		No Mutation	0.296322782
5069	SUV39H1	I65I	Silent	0.525362911
5070	SUV39H1	(NC);(NC)	Intron;Intron	0.473370679
5071	SUV39H1	(NC)	Intron	-0.363782097
5072	SUV39H1		No Mutation	0.568514922
5073	SUV39H1	(NC);(NC);(NC)	Intron;Intron;Intron	-0.091929694
5074	SUV39H1		No Mutation	-0.08288868
5075	SUV39H1		No Mutation	-0.164817718
5076	SUV39H1	(NC)	Splice-acceptor	-0.036167721
5077	SUV39H1	(NC);(NC);(NC);(NC)	Intron;Intron;Intron;Intron	-0.95887912
5078	SUV39H1	(NC);E67K	Splice-acceptor;Missense	0.665444609
5079	SUV39H1	(NC);E67K	Splice-acceptor;Missense	0.777963512
5080	SUV39H1	Q68Q	Silent	0.098097331
5081	SUV39H1	Q68Q;E69K	Silent;Missense	1.220542888
5082	SUV39H1	Q68Q;E69K	Silent;Missense	0.368404968
5083	SUV39H1	E69K	Missense	1.508388363
5084	SUV39H1		No Mutation	1.272562432
5085	SUV39H1	Q68*	Nonsense	-0.302978579
5086	SUV39H1		No Mutation	0.061743636
5087	SUV39H1		No Mutation	0.513957294
5088	SUV39H1	Y71Y;L72L	Silent;Silent	1.169989244
5089	SUV39H1	G77K	Missense	-0.468451379
5090	SUV39H1	P79L;D80D	Missense;Silent	0.798571922
5091	SUV39H1	D80D	Silent	-0.421424738
5092	SUV39H1	W85*	Nonsense	-0.309638902
5093	SUV39H1	S83S	Silent	-0.39533825
5094	SUV39H1	Q89Q	Silent	-0.436087251
5095	SUV39H1	K92K;C93Y	Silent;Missense	0.342313295
5096	SUV39H1	I96I;L97F	Silent;Missense	-0.174887379
5097	SUV39H1	K102K;D103N	Silent;Missense	-0.04225937
5098	SUV39H1	F100F;H101Y	Silent;Missense	0.508329522
5099	SUV39H1	F100F;H101Y	Silent;Missense	-0.381324461
5100	SUV39H1	R106K;E107K	Missense;Missense	0.632769403
5101	SUV39H1		No Mutation	-0.011602185
5102	SUV39H1		No Mutation	0.461647217
5103	SUV39H1	L109F	Missense	0.407025588
5104	SUV39H1	R114R	Silent	0.229085842
5105	SUV39H1	H113H;R114W	Silent;Missense	-0.227054172
5106	SUV39H1		No Mutation	0.718534686
5107	SUV39H1		No Mutation	-0.244944963
5108	SUV39H1	R119Q	Missense	-1.431127028
5109	SUV39H1		No Mutation	0.444389577
5110	SUV39H1	H120Y;L121L	Missense;Silent	-0.965739879
5111	SUV39H1		No Mutation	-0.35245083
5112	SUV39H1	S124N	Missense	-0.632013561
5113	SUV39H1	S124N	Missense	-0.55894197
5114	SUV39H1	S124N	Missense	0.095900587
5115	SUV39H1	L125L;A126T	Silent;Missense	0.846446314
5116	SUV39H1	S124S	Silent	-0.387682078
5117	SUV39H1		No Mutation	-0.578957817
5118	SUV39H1		No Mutation	-0.396936139
5119	SUV39H1	A126A;N127N	Silent;Silent	0.62620082
5120	SUV39H1	Q131Q;K132K	Silent;Silent	0.543384432
5121	SUV39H1	Q131*	Nonsense	0.354167019
5122	SUV39H1	K134K	Silent	0.130291144
5123	SUV39H1		No Mutation	-0.428833465
5124	SUV39H1		No Mutation	0.205045971
5125	SUV39H1	A138A	Silent	1.071380097
5126	SUV39H1	R137W	Missense	-0.213948151
5127	SUV39H1	R137W	Missense	0.252334185
5128	SUV39H1	L139F;R140C	Missense;Missense	-0.230017293
5129	SUV39H1	Q144Q;E145K	Silent;Missense	0.66533249
5130	SUV39H1	A148V	Missense	-0.229199387
5131	SUV39H1	A148V	Missense	0.499011269
5132	SUV39H1	L153L;G154K	Silent;Missense	-0.713606165
5133	SUV39H1	V158I	Missense	0.700058231
5134	SUV39H1	R155R;I156I	Silent;Silent	0.259257154
5135	SUV39H1	I156I;T157I	Silent;Missense	-0.76260789
5136	SUV39H1		No Mutation	0.587455469
5137	SUV39H1		No Mutation	-0.423935649
5138	SUV39H1	D163D;L164L	Silent;Silent	-0.24258741
5139	SUV39H1	D163D;L164L	Silent;Silent	-0.529036334
5140	SUV39H1	P168P;R169Q;A170T	Silent;Missense;Missense	0.334772204
5141	SUV39H1	V172I	Missense	-0.807990876
5142	SUV39H1	V172I	Missense	0.246639573
5143	SUV39H1		No Mutation	0.497829544
5144	SUV39H1	E176K	Missense	-0.09537156
5145	SUV39H1	I174I	Silent	0.715692727
5146	SUV39H1		No Mutation	0.137296625
5147	SUV39H1		No Mutation	-0.013100724
5148	SUV39H1		No Mutation	-0.141589939
5149	SUV39H1	G182G	Silent	1.174363685
5150	SUV39H1	G182G;I183I	Silent;Silent	1.119446715
5151	SUV39H1	T184T;L185F	Silent;Missense	-0.569753504
5152	SUV39H1	L185F	Missense	0.667386088
5153	SUV39H1	V190I	Missense	0.19026
5154	SUV39H1	V190I;G191S	Missense;Missense	-0.043475544
5155	SUV39H1	C192Y;E193K	Missense;Missense	-0.711455998
5156	SUV39H1		No Mutation	0.280940983
5157	SUV39H1	C194C	Silent	0.53161612
5158	SUV39H1	C194C;Q195*	Silent;Nonsense	0.703950553
5159	SUV39H1	W199*;A200T	Nonsense;Missense	-0.014033177
5160	SUV39H1	L198L	Silent	-0.76267645
5161	SUV39H1	L198L	Silent	0.798638397
5162	SUV39H1	P201P;T202I	Silent;Missense	-0.584428404
5163	SUV39H1	T202I	Missense	0.581487862
5164	SUV39H1	T202I	Missense	0.537115742
5165	SUV39H1		No Mutation	0.111492135
5166	SUV39H1	C206Y	Missense	-0.206436493
5167	SUV39H1	C206Y;P207P	Missense;Silent	1.132234145
5168	SUV39H1	L211L	Silent	-0.371249716
5169	SUV39H1		No Mutation	-0.685027221
5170	SUV39H1		No Mutation	1.447014852
5171	SUV39H1	A215V	Missense	-0.602925369
5172	SUV39H1	A215A;Y216Y	Silent;Silent	-0.608897193
5173	SUV39H1	D218D	Silent	-0.139732572
5174	SUV39H1	G220D;Q221Q	Missense;Silent	-0.514390518
5175	SUV39H1	R223R	Silent	0.344747577
5176	SUV39H1	Q221*	Nonsense	1.438829302
5177	SUV39H1		No Mutation	0.566938119
5178	SUV39H1	A226T;G227R	Missense;Missense	-1.373242621
5179	SUV39H1	E232K	Missense	0.236958166
5180	SUV39H1		No Mutation	-0.299229522
5181	SUV39H1		No Mutation	0.734051293
5182	SUV39H1	N234N;S235F	Silent;Missense	0.735285102
5183	SUV39H1	G240D	Missense	-0.770270449
5184	SUV39H1	D242N	Missense	0.080267543
5185	SUV39H1	C243Y	Missense	-0.253863117
5186	SUV39H1	D242D	Silent	0.721569254
5187	SUV39H1	R246C	Missense	0.2642281
5188	SUV39H1	R246C	Missense	0.110779641
5189	SUV39H1	Q249Q	Silent	-0.584857106
5190	SUV39H1	Q249Q	Silent	-0.042145109
5191	SUV39H1		No Mutation	-0.243695623
5192	SUV39H1	D255D;L256F	Silent;Missense	0.245517987
5193	SUV39H1	T261T;D262N	Silent;Missense	-0.121380002
5194	SUV39H1	I258I	Silent	-1.437758033
5195	SUV39H1	I258I;F259F	Silent;Silent	0.571401422
5196	SUV39H1	R260C;T261M	Missense;Missense	0.37769237
5197	SUV39H1	T261M	Missense	-1.282188615
5198	SUV39H1		No Mutation	0.162364568
5199	SUV39H1	G264G;R265H;G266S	Silent;Missense;Missense	0.429233536
5200	SUV39H1		No Mutation	0.872666573
5201	SUV39H1	G266G	Silent	0.357653646
5202	SUV39H1	K274K	Silent	0.42136016
5203	SUV39H1	R276H;K277K	Missense;Silent	0.172843267
5204	SUV39H1	K277K	Silent	1.634856047
5205	SUV39H1	R276R	Silent	-0.612166939
5206	SUV39H1	S279S;F280F	Silent;Silent	-0.184686385
5207	SUV39H1	F280F	Silent	-0.042999718
5208	SUV39H1	V281V	Silent	0.497732785
5209	SUV39H1		No Mutation	0.259184611
5210	SUV39H1	Y284Y	Silent	0.057196072
5211	SUV39H1		No Mutation	-0.177270995
5212	SUV39H1		No Mutation	-0.605725185
5213	SUV39H1		No Mutation	0.26349503
5214	SUV39H1		No Mutation	0.297907966
5215	SUV39H1		No Mutation	0.400907439
5216	SUV39H1		No Mutation	1.084786048
5217	SUV39H1	(NC)	Splice-acceptor	0.849838921
5218	SUV39H1	(NC)	Splice-acceptor	-0.048096719
5219	SUV39H1		No Mutation	-0.055203765
5220	SUV39H1		No Mutation	0.808297029
5221	SUV39H1	(NC)	Intron	-0.260619312
5222	SUV39H1	I288I	Silent	0.140977745
5223	SUV39H1	E292K	Missense	-0.074157713
5224	SUV39H1	E292K	Missense	0.643135743
5225	SUV39H1	T290I;S291L	Missense;Missense	-0.762254646
5226	SUV39H1	S291L	Missense	-0.39252567
5227	SUV39H1		No Mutation	-0.189620722
5228	SUV39H1		No Mutation	-0.355701528
5229	SUV39H1	E295E;R296Q	Silent;Missense	0.935003338
5230	SUV39H1	G298G;Q299*	Silent;Nonsense	0.40522675
5231	SUV39H1	Q299*	Nonsense	-0.156361382
5232	SUV39H1	Q304Q;G305S	Silent;Missense	0.38771393
5233	SUV39H1		No Mutation	-0.809688202
5234	SUV39H1	A306A;T307I	Silent;Missense	-0.507544437
5235	SUV39H1	L312L	Silent	-0.804505681
5236	SUV39H1	L312L;D313N	Silent;Missense	-0.245526385
5237	SUV39H1	L309L	Silent	0.606830739
5238	SUV39H1	D311D;L312L	Silent;Silent	-0.510603734
5239	SUV39H1	V315M	Missense	0.077627721
5240	SUV39H1	E316E;D317N;V318M	Silent;Missense;Missense	0.404888389
5241	SUV39H1		No Mutation	-0.250231598
5242	SUV39H1		No Mutation	0.310434807
5243	SUV39H1		No Mutation	0.411539752
5244	SUV39H1		No Mutation	0.750833881
5245	SUV39H1		No Mutation	1.377535328
5246	SUV39H1	H331H	Silent	0.326210836
5247	SUV39H1		No Mutation	0.466664389
5248	SUV39H1	S336N	Missense	-1.842902228
5249	SUV39H1	S336N;(NC)	Missense;Splice-donor	0.903723189
5250	SUV39H1	H335Y	Missense	-0.587630736
5251	SUV39H1		No Mutation	-0.879635982
5252	SUV39H1	(NC)	Intron	0.328154626
5253	SUV39H1		No Mutation	-0.292718919
5254	SUV39H1		No Mutation	0.263298677
5255	SUV39H1	(NC)	Intron	0.482721473
5256	SUV39H1	(NC)	Intron	-0.618867384
5257	SUV39H1		No Mutation	-0.447132188
5258	SUV39H1	L341L	Silent	-0.481564035
5259	SUV39H1	L341L	Silent	0.489491735
5260	SUV39H1	V343V	Silent	-0.300105934
5261	SUV39H1		No Mutation	-0.385873784
5262	SUV39H1		No Mutation	-0.164609795
5263	SUV39H1	V346I	Missense	1.493548994
5264	SUV39H1	D349D	Silent	-0.386711018
5265	SUV39H1	L355L	Silent	0.190166082
5266	SUV39H1	A362T	Missense	-0.521026587
5267	SUV39H1	A362T	Missense	-0.611659611
5268	SUV39H1	A362T	Missense	-0.482539676
5269	SUV39H1	A362V	Missense	-0.688222738
5270	SUV39H1	A362V	Missense	0.60777686
5271	SUV39H1	T363I	Missense	-0.347749509
5272	SUV39H1	R367Q;A368T	Missense;Missense	0.575133396
5273	SUV39H1	T365I	Missense	0.491679242
5274	SUV39H1	E370E;E371K	Silent;Missense	0.606457521
5275	SUV39H1	E371E	Silent	0.407198815
5276	SUV39H1		No Mutation	-0.037497643
5277	SUV39H1		No Mutation	0.22724319
5278	SUV39H1	Y376Y	Silent	0.10771277
5279	SUV39H1	M378I	Missense	-0.251716159
5280	SUV39H1	Y376Y	Silent	-0.29146477
5281	SUV39H1	Y376Y	Silent	0.468542648
5282	SUV39H1	N377N	Silent	-0.0066644
5283	SUV39H1	Q379*	Nonsense	-0.117401268
5284	SUV39H1	Q379*	Nonsense	0.031927239
5285	SUV39H1		No Mutation	1.240051625
5286	SUV39H1		No Mutation	-0.611050366
5287	SUV39H1		No Mutation	-0.703810571
5288	SUV39H1		No Mutation	1.358375766
5289	SUV39H1	(NC)	Intron	-0.266117365
5290	SUV39H1		No Mutation	-0.418254434
5291	SUV39H1	(NC)	Splice-acceptor	0.312199134
5292	SUV39H1	(NC)	Splice-acceptor	-0.215566005
5293	SUV39H1	(NC);(NC);(NC)	Intron;Intron;Intron	-0.248329723
5294	SUV39H1		No Mutation	0.800771755
5295	SUV39H1	V383V;D384N	Silent;Missense	-0.055057401
5296	SUV39H1	E386E;S387N	Silent;Missense	-0.566011565
5297	SUV39H1	S387N	Missense	0.000162195
5298	SUV39H1	S387N	Missense	0.480618655
5299	SUV39H1	D384D	Silent	0.594854596
5300	SUV39H1	R389C	Missense	0.187624355
5301	SUV39H1		No Mutation	0.221700577
5302	SUV39H1	D391D	Silent	0.337909832
5303	SUV39H1	G395S	Missense	-0.268080453
5304	SUV39H1	S392F	Missense	0.509768192
5305	SUV39H1	S392F;N393N	Missense;Silent	-0.190237595
5306	SUV39H1	G398K	Missense	0.273131162
5307	SUV39H1	G395G;L396L	Silent;Silent	1.100528387
5308	SUV39H1	G401N	Missense	-0.096734084
5309	SUV39H1	P400L;G401G	Missense;Silent	-0.248436645
5310	SUV39H1	G401G	Silent	-0.206160759
5311	SUV39H1	K404K;K405K	Silent;Silent	0.1279679
5312	SUV39H1	K405K;R406Q	Silent;Missense	0.499824791
5313	SUV39H1	R408H	Missense	0.515868301
5314	SUV39H1	R408H	Missense	-0.299223798
5315	SUV39H1	R408H	Missense	-0.782497447
5316	SUV39H1	R408C	Missense	0.136975913
5317	SUV39H1		No Mutation	0.400638307
5318	SUV39H1	K412K;C413Y;G414R	Silent;Missense;Missense	-0.061469795
5319	SUV39H1		No Mutation	-0.545156033
5320	SUV39H1	*424*	Silent	0.197952071
5321	SUV39H1	(NC);(NC)	UTR;UTR	-0.02816368
5322	SUV39H1	(NC);(NC)	UTR;UTR	-0.443914871
5323	SUV39H1	(NC);(NC)	UTR;UTR	-0.276005522
5324	SUV39H1	(NC);(NC)	UTR;UTR	-0.749154036
5325	SUV39H2	(NC)	UTR	-0.241499393
5326	SUV39H2		No Mutation	0.379228212
5327	SUV39H2	(NC)	UTR	0.491531863
5328	SUV39H2	(NC);(NC)	UTR;UTR	0.479563195
5329	SUV39H2	(NC)	UTR	-0.516651994
5330	SUV39H2	(NC)	UTR	0.449256624
5331	SUV39H2	(NC)	UTR	0.108958053
5332	SUV39H2	A2V	Missense	0.731901572
5333	SUV39H2	V4V	Silent	-0.822858471
5334	SUV39H2	A6V	Missense	0.48077831
5335	SUV39H2	A6A	Silent	0.15866428
5336	SUV39H2	A8V;R9*	Missense;Nonsense	-0.919236209
5337	SUV39H2	(NC);(NC);(NC)	Splice-donor;Intron;Intron	-0.541169481
5338	SUV39H2		No Mutation	-0.490471773
5339	SUV39H2	D21N	Missense	-0.250549554
5340	SUV39H2	S19L;L20F	Missense;Missense	0.441727045
5341	SUV39H2		No Mutation	0.090293013
5342	SUV39H2	L32F;T33I	Missense;Missense	0.634255748
5343	SUV39H2	S36L	Missense	-1.044865232
5344	SUV39H2		No Mutation	0.577228268
5345	SUV39H2	L44L	Silent	0.046969125
5346	SUV39H2	L44L	Silent	-0.01600228
5347	SUV39H2	Y51Y	Silent	0.358154284
5348	SUV39H2	D54D	Silent	-0.03512493
5349	SUV39H2	Y55Y	Silent	-0.225621987
5350	SUV39H2		No Mutation	-0.413316898
5351	SUV39H2	L65F	Missense	-0.259527967
5352	SUV39H2		No Mutation	0.074555772
5353	SUV39H2	P72L	Missense	0.25023048
5354	SUV39H2		No Mutation	0.76014052
5355	SUV39H2	W78*	Nonsense	0.388817148
5356	SUV39H2	Q91Q	Silent	0.090591147
5357	SUV39H2		No Mutation	0.335414906
5358	SUV39H2	H98Y	Missense	0.011811803
5359	SUV39H2	S102F	Missense	-0.793409578
5360	SUV39H2		No Mutation	0.976448878
5361	SUV39H2	V128I	Missense	-0.857397606
5362	SUV39H2		No Mutation	0.229829221
5363	SUV39H2		No Mutation	0.503993849
5364	SUV39H2		No Mutation	0.204029164
5365	SUV39H2		No Mutation	0.251915448
5366	SUV39H2		No Mutation	-0.826520344
5367	SUV39H2	T159I	Missense	0.018136872
5368	SUV39H2		No Mutation	-0.424838141
5369	SUV39H2		No Mutation	-0.134367688
5370	SUV39H2		No Mutation	-0.451891028
5371	SUV39H2		No Mutation	0.10175869
5372	SUV39H2	S182N	Missense	0.222082892
5373	SUV39H2	V184I	Missense	-0.025381298
5374	SUV39H2	V184V	Silent	0.06217236
5375	SUV39H2	C193Y	Missense	0.882207236
5376	SUV39H2		No Mutation	-0.455799352
5377	SUV39H2		No Mutation	-0.032630944
5378	SUV39H2	V208I	Missense	-0.357951831
5379	SUV39H2	Q217*	Nonsense	-0.559627319
5380	SUV39H2		No Mutation	0.144135931
5381	SUV39H2		No Mutation	0.126858926
5382	SUV39H2	E228K	Missense	-0.935740811
5383	SUV39H2	I226I	Silent	-0.717017537
5384	SUV39H2		No Mutation	0.902631987
5385	SUV39H2		No Mutation	-0.238169244
5386	SUV39H2	N230N;S231L	Silent;Missense	0.336539584
5387	SUV39H2	P237F	Missense	-0.716901402
5388	SUV39H2	R242K	Missense	1.505435504
5389	SUV39H2		No Mutation	0.161541961
5390	SUV39H2	I254I	Silent	-0.185026006
5391	SUV39H2	R256*;T257I	Nonsense;Missense	-0.814234874
5392	SUV39H2	T257I;S258S	Missense;Silent	-0.059471787
5393	SUV39H2	S258S	Silent	0.65528609
5394	SUV39H2	S258S	Silent	0.658888723
5395	SUV39H2	V277V	Silent	0.366001802
5396	SUV39H2		No Mutation	-0.155617137
5397	SUV39H2	Q295*	Nonsense	0.004208239
5398	SUV39H2	Q295*	Nonsense	0.864657114
5399	SUV39H2	I302I;T303M	Silent;Missense	0.496018634
5400	SUV39H2	S312F	Missense	-0.070287297
5401	SUV39H2		No Mutation	0.706422929
5402	SUV39H2		No Mutation	0.207349032
5403	SUV39H2		No Mutation	-0.254709872
5404	SUV39H2		No Mutation	-0.651940838
5405	SUV39H2	V339V	Silent	1.355062247
5406	SUV39H2		No Mutation	0.429254682
5407	SUV39H2		No Mutation	-0.046810895
5408	SUV39H2		No Mutation	-0.170822176
5409	SUV39H2		No Mutation	-0.132576681
5410	SUV39H2		No Mutation	0.013561813
5411	SUV39H2	T359I	Missense	-0.268285135
5412	SUV39H2	A364T	Missense	0.220475665
5413	SUV39H2	E367K	Missense	0.39464626
5414	SUV39H2	H387H;S388S	Silent;Silent	0.415962143
5415	SUV39H2	H387H;S388S;P389S	Silent;Silent;Missense	-0.298288794
5416	SUV39H2	T396I	Missense	-0.515948897
5417	SUV39H2	A402V	Missense	-0.204316437
5418	SUV39H2	(NC)	UTR	0.053211449
5419	PTPN2	(NC)	UTR	-0.24211771
5420	PTPN2		No Mutation	-0.45351054
5421	PTPN2		No Mutation	-0.074916459
5422	PTPN2	M392I;G393K	Missense;Missense	0.531524694
5423	PTPN2	P387L	Missense	-0.489368525
5424	PTPN2	P387F	Missense	-0.169104853
5425	PTPN2	P387F	Missense	-0.595546025
5426	PTPN2		No Mutation	0.209651274
5427	PTPN2	R377*	Nonsense	-1.121241087
5428	PTPN2		No Mutation	-0.440341365
5429	PTPN2	Q366*	Nonsense	0.37053147
5430	PTPN2	V365V;Q366Q	Silent;Silent	0.157350177
5431	PTPN2	K364K;V365I	Silent;Missense	0.103518374
5432	PTPN2	A359V	Missense	0.563448362
5433	PTPN2	R354*	Nonsense	-0.660301443
5434	PTPN2	R350W	Missense	0.033454906
5435	PTPN2	R350Q	Missense	0.277445467
5436	PTPN2	(NC);(NC)	Intron;Intron	0.261620476
5437	PTPN2	(NC)	Intron	0.80213975
5438	PTPN2		No Mutation	0.232723305
5439	PTPN2	Q338*	Nonsense	-0.14401105
5440	PTPN2		No Mutation	-0.203641551
5441	PTPN2		No Mutation	-0.198119752
5442	PTPN2	T326I	Missense	-0.718594314
5443	PTPN2		No Mutation	-1.533652648
5444	PTPN2	Y313Y	Silent	-0.71219862
5445	PTPN2	T310I	Missense	-0.088625095
5446	PTPN2	T310I	Missense	-0.200679616
5447	PTPN2		No Mutation	0.166795555
5448	PTPN2		No Mutation	-0.349105898
5449	PTPN2		No Mutation	0.826349588
5450	PTPN2	E291K	Missense	0.513845267
5451	PTPN2	W289*	Nonsense	0.025434601
5452	PTPN2	W289*	Nonsense	0.077223373
5453	PTPN2	(NC);(NC);(NC)	Intron;Intron;Intron	0.694006853
5454	PTPN2	Q286*	Nonsense	-0.311669774
5455	PTPN2		No Mutation	-0.292306005
5456	PTPN2	A276V	Missense	0.414226709
5457	PTPN2		No Mutation	1.582822962
5458	PTPN2	Y269Y	Silent	0.032562535
5459	PTPN2	L265L	Silent	1.001613656
5460	PTPN2		No Mutation	-0.516314003
5461	PTPN2		No Mutation	0.817779487
5462	PTPN2	R266K	Missense	0.810376899
5463	PTPN2	Q260Q	Silent	0.449094867
5464	PTPN2		No Mutation	-1.020157207
5465	PTPN2	N250N	Silent	0.241982882
5466	PTPN2	(NC)	Intron	-0.045288037
5467	PTPN2	D230D	Silent	-0.869794649
5468	PTPN2		No Mutation	0.465751977
5469	PTPN2	R222R;S223F	Silent;Missense	0.180841846
5470	PTPN2	A218V	Missense	-0.773823912
5471	PTPN2	G221R	Missense	0.197200538
5472	PTPN2	H215H	Silent	0.310433438
5473	PTPN2	H215Y	Missense	0.18108726
5474	PTPN2		No Mutation	0.246263219
5475	PTPN2	C216Y;S217N	Missense;Missense	0.507505933
5476	PTPN2	V213V	Silent	0.491282344
5477	PTPN2	A212T;V213M	Missense;Missense	0.789100505
5478	PTPN2	A212T;V213M	Missense;Missense	-0.459804089
5479	PTPN2	N206N;P207F	Silent;Missense	1.285383977
5480	PTPN2	G210K	Missense	0.259990516
5481	PTPN2	S204F	Missense	-0.241842262
5482	PTPN2	S204F	Missense	-0.09250585
5483	PTPN2		No Mutation	0.776084573
5484	PTPN2		No Mutation	-0.522907506
5485	PTPN2		No Mutation	0.017222749
5486	PTPN2		No Mutation	-0.071894977
5487	PTPN2	E187K	Missense	-0.829452797
5488	PTPN2	G184E;V185I	Missense;Missense	-0.158232592
5489	PTPN2	T178I;T179I	Missense;Missense	0.548775918
5490	PTPN2	H174H	Silent	-0.872168586
5491	PTPN2		No Mutation	0.194670437
5492	PTPN2	(NC)	Splice-acceptor	-0.644701812
5493	PTPN2		No Mutation	-0.948552446
5494	PTPN2	L135L	Silent	-0.846699576
5495	PTPN2	E138K	Missense	-0.473326985
5496	PTPN2	E133K	Missense	-0.021406033
5497	PTPN2		No Mutation	-0.847454018
5498	PTPN2	(NC)	Intron	-0.161834699
5499	PTPN2	E119K	Missense	-0.217307985
5500	PTPN2	R114R	Silent	-0.573009459
5501	PTPN2	V110V;L112L	Silent;Silent	0.573009891
5502	PTPN2	M111I;L112L	Missense;Silent	-0.062786111
5503	PTPN2	M100I;V101I	Missense;Missense	3.11079481
5504	PTPN2	F97F	Silent	-0.024311566
5505	PTPN2	C94C;C95C;H96Y	Silent;Silent;Missense	0.823431258
5506	PTPN2		No Mutation	1.479985807
5507	PTPN2	N92N;T93I	Silent;Missense	-0.790638645
5508	PTPN2	C94Y;C95Y	Missense;Missense	0.529083614
5509	PTPN2	G88N	Missense	0.304656369
5510	PTPN2	(NC);(NC);(NC)	Intron;Intron;Intron	0.552963129
5511	PTPN2		No Mutation	-0.140377373
5512	PTPN2	D75D	Silent	1.368480704
5513	PTPN2	E77K	Missense	-1.308496739
5514	PTPN2		No Mutation	0.63187627
5515	PTPN2	(NC);(NC);(NC)	Intron;Intron;Intron	-0.221915623
5516	PTPN2	(NC);(NC);(NC);(NC)	Intron;Intron;Intron;Intron	-0.519203685
5517	PTPN2	S52S;P53L	Silent;Missense	-0.199735011
5518	PTPN2	S52S;P53L	Silent;Missense	-0.32396593
5519	PTPN2	K38K	Silent	-0.455781629
5520	PTPN2	R35K;V36M	Missense;Missense	-0.105699645
5521	PTPN2	R35K	Missense	-1.035896577
5522	PTPN2	D31D	Silent	0.046828856
5523	PTPN2		No Mutation	-0.462332829
5524	PTPN2	(NC);(NC)	Intron;Intron	0.086429204
5525	PTPN2	L21L	Silent	0.560912231
5526	PTPN2	R17R;Q19*	Silent;Nonsense	0.738069146
5527	PTPN2		No Mutation	-1.110402325
5528	PTPN2	R7W	Missense	-0.328322593
5529	PTPN2	E10K	Missense	-0.541747527
5530	PTPN2	E8E	Silent	1.330004357
5531	PTPN2	R7Q;E8K	Missense;Missense	-0.662200304
5532	PTPN2	R7Q;E8K	Missense;Missense	0.923996014
5533	PTPN2	E6K	Missense	1.741533531
5534	PTPN2	P2F	Missense	-0.328164223
5535	PTPN2	P2F	Missense	-0.061339542
5536	PTPN2		No Mutation	0.963026967
5537	PTPN2		No Mutation	0.451387504
5538	PTPN2	(NC)	UTR	0.824028045
