ID	Gene	Mutation_list	Mutation_type	sgRNA_score
0	SETDB1	(NC);M1V	UTR;Missense	2.038248909
1	SETDB1	M1V	Missense	1.067905073
2	SETDB1		No Mutation	0.669561326
3	SETDB1		No Mutation	0.941755513
4	SETDB1	I8T;G9G	Missense;Silent	0.406478409
5	SETDB1	I8I;G9G;L10L	Silent;Silent;Silent	-0.464176652
6	SETDB1	L10P	Missense	-1.782652328
7	SETDB1	A12A	Silent	-0.098909093
8	SETDB1	I22V	Missense	0.268537185
9	SETDB1	A23A;E24G	Silent;Missense	-0.154346851
10	SETDB1	Q26R	Missense	0.393346368
11	SETDB1	A28A	Silent	-0.04543249
12	SETDB1	A28A	Silent	-0.62267478
13	SETDB1	E32G	Missense	0.079683422
14	SETDB1	E32E	Silent	-1.132815138
15	SETDB1		No Mutation	-0.48670286
16	SETDB1		No Mutation	-0.971348489
17	SETDB1	I44V	Missense	0.396786605
18	SETDB1	E46G	Missense	-0.708944382
19	SETDB1	L61L;A62A	Silent;Silent	0.799057709
20	SETDB1	L61L;A62A	Silent;Silent	-1.037374127
21	SETDB1	V68V;I69V	Silent;Missense	0.721803989
22	SETDB1	I69M;Q70R;K71E	Missense;Missense;Missense	-3.465594319
23	SETDB1		No Mutation	-0.812127442
24	SETDB1	D84D;S86P	Silent;Missense	0.671342979
25	SETDB1	R87G	Missense	1.026606162
26	SETDB1	(NC)	Intron	-0.941127649
27	SETDB1	(NC)	Intron	-0.264026352
28	SETDB1	(NC)	Intron	0.400987816
29	SETDB1	V89A;T90T	Missense;Silent	-0.253628921
30	SETDB1	T90A;N91D	Missense;Missense	0.196296862
31	SETDB1		No Mutation	-0.397462662
32	SETDB1	D98G	Missense	1.206618296
33	SETDB1	D98G	Missense	1.787924988
34	SETDB1	K102R	Missense	-1.294173905
35	SETDB1		No Mutation	0.214970557
36	SETDB1	Y107H	Missense	-0.371635302
37	SETDB1		No Mutation	0.333835713
38	SETDB1	S112S	Silent	-0.469773515
39	SETDB1	E113G	Missense	-0.011568392
40	SETDB1	I122T;I123T	Missense;Missense	0.929421048
41	SETDB1	I125T	Missense	0.798289897
42	SETDB1	D131D;V132A	Silent;Missense	0.041475543
43	SETDB1		No Mutation	0.153767553
44	SETDB1	S134G;I135V	Missense;Missense	0.525457034
45	SETDB1	S134G;I135V	Missense;Missense	-1.100440521
46	SETDB1	(NC)	Splice-donor	-0.080006745
47	SETDB1	S137S;(NC)	Silent;Intron	2.568235046
48	SETDB1	(NC);(NC)	Intron;Intron	2.089309945
49	SETDB1	(NC)	Intron	-0.472559066
50	SETDB1		No Mutation	-0.371762799
51	SETDB1		No Mutation	-0.049475327
52	SETDB1	R143R;T144A	Silent;Missense	-1.3011118
53	SETDB1	K146K;D147G	Silent;Missense	-0.332469145
54	SETDB1	(NC)	Splice-donor	0.994203574
55	SETDB1	Q148R;K149G	Missense;Missense	-0.34163893
56	SETDB1	(NC);(NC)	Intron;Intron	-0.042544251
57	SETDB1	(NC)	Intron	-0.060171258
58	SETDB1	(NC);(NC)	Intron;Intron	0.862921594
59	SETDB1	(NC)	Intron	-0.079290343
60	SETDB1	(NC)	Intron	0.40059703
61	SETDB1	(NC)	Intron	-0.156071519
62	SETDB1	L150P;R151R	Missense;Silent	0.023110592
63	SETDB1	R151R	Silent	-0.23608745
64	SETDB1	R151R	Silent	-0.239471642
65	SETDB1	(NC);(NC)	Intron;Splice-acceptor	2.055160845
66	SETDB1	A155A;L157L	Silent;Silent	0.067506039
67	SETDB1	A161A	Silent	-0.614479283
68	SETDB1	Q162Q;D163G	Silent;Missense	0.175338482
69	SETDB1	K173G;K174E	Missense;Missense	0.186836825
70	SETDB1	Q178R	Missense	0.999966875
71	SETDB1	D179G	Missense	-0.572933598
72	SETDB1	D179G	Missense	-1.01364108
73	SETDB1	(NC)	Splice-donor	1.385096584
74	SETDB1	(NC);(NC)	Splice-donor;Intron	0.594650038
75	SETDB1	(NC)	Intron	-0.802354747
76	SETDB1	(NC)	Intron	0.738118802
77	SETDB1	(NC);(NC)	Intron;Intron	-0.031278606
78	SETDB1	T184A	Missense	-0.102722987
79	SETDB1	S189S	Silent	0.391550211
80	SETDB1	G190G;E191G	Silent;Missense	0.037632893
81	SETDB1	I199M;S201G	Missense;Missense	0.077127735
82	SETDB1		No Mutation	0.948477972
83	SETDB1	S201G	Missense	0.403847133
84	SETDB1	K207R;K208G	Missense;Missense	0.967781805
85	SETDB1	T210A;K211G	Missense;Missense	-0.486972674
86	SETDB1	I219V	Missense	-0.558330001
87	SETDB1		No Mutation	0.104372771
88	SETDB1		No Mutation	0.060811475
89	SETDB1	(NC);(NC)	Splice-donor;Intron	0.17752572
90	SETDB1	(NC)	Intron	-0.776961156
91	SETDB1		No Mutation	0.404576299
92	SETDB1	(NC)	Intron	1.053354451
93	SETDB1		No Mutation	0.670439702
94	SETDB1		No Mutation	-0.441781612
95	SETDB1	P226P	Silent	1.423723362
96	SETDB1	V232A	Missense	1.951492714
97	SETDB1	K233G	Missense	-1.434719581
98	SETDB1	K237K;G238G;K239E	Silent;Silent;Missense	0.922298999
99	SETDB1	G238G;K239G	Silent;Missense	0.683750471
100	SETDB1	G238G;K239G	Silent;Missense	3.600387716
101	SETDB1	D250D;Y251H	Silent;Missense	0.012704838
102	SETDB1	P253P;P254P	Silent;Silent	-0.409966246
103	SETDB1		No Mutation	0.628962634
104	SETDB1		No Mutation	0.212367547
105	SETDB1	L258P;Y259H	Missense;Missense	-1.435972585
106	SETDB1	D256G	Missense	-0.194253497
107	SETDB1	L258P;Y259H	Missense;Missense	0.233323866
108	SETDB1	Y259H;V260A	Missense;Missense	-0.852764009
109	SETDB1	K257R	Missense	-0.30084126
110	SETDB1		No Mutation	-0.06603361
111	SETDB1	Y259C	Missense	0.407740913
112	SETDB1		No Mutation	-1.231464429
113	SETDB1		No Mutation	0.083283433
114	SETDB1	K267K;Y268C;K269E	Silent;Missense;Missense	1.351510269
115	SETDB1	N272N	Silent	-0.454718073
116	SETDB1	K269R;D270G	Missense;Missense	1.132135255
117	SETDB1	Q273R	Missense	0.016046828
118	SETDB1	N286S	Missense	0.374589427
119	SETDB1	K288K;N289G;K290E	Silent;Missense;Missense	1.361718672
120	SETDB1	R292G	Missense	2.090426003
121	SETDB1	(NC)	Intron	-0.275598058
122	SETDB1	(NC);(NC)	Intron;Intron	-0.041318181
123	SETDB1		No Mutation	0.602152924
124	SETDB1		No Mutation	1.793014535
125	SETDB1	E309G	Missense	0.459859274
126	SETDB1	(NC)	Splice-donor	2.108015096
127	SETDB1	(NC)	Splice-donor	2.298314699
128	SETDB1	(NC);(NC);(NC);(NC)	Intron;Intron;Intron;Intron	-0.197357868
129	SETDB1	(NC);(NC)	Intron;Intron	-0.906312567
130	SETDB1	(NC);(NC);(NC);(NC)	Intron;Intron;Intron;Splice-acceptor	1.531207495
131	SETDB1	(NC);(NC);(NC)	Intron;Intron;Splice-acceptor	2.469926748
132	SETDB1	(NC);K318E	Splice-acceptor;Missense	1.497475609
133	SETDB1		No Mutation	-0.792579796
134	SETDB1	I333T	Missense	0.155289511
135	SETDB1	Y336H	Missense	0.532274214
136	SETDB1	Y340C	Missense	0.156112926
137	SETDB1	M345T	Missense	-0.074813987
138	SETDB1	V346A	Missense	-0.589373994
139	SETDB1	V346A;L347P	Missense;Missense	-0.3889665
140	SETDB1	V346A;L347P	Missense;Missense	0.801311391
141	SETDB1	L348P	Missense	0.215005946
142	SETDB1	M345V	Missense	0.130480195
143	SETDB1		No Mutation	-1.259074113
144	SETDB1		No Mutation	0.989130033
145	SETDB1	S350S	Silent	-0.270624679
146	SETDB1	Q352R	Missense	-1.90007619
147	SETDB1	I354V	Missense	0.907424302
148	SETDB1	T356T;W358R	Silent;Missense	0.985355403
149	SETDB1	I354V;K355G	Missense;Missense	0.298806116
150	SETDB1	E357G	Missense	0.76355539
151	SETDB1	E357G	Missense	0.948575219
152	SETDB1	K364E	Missense	-0.065515693
153	SETDB1	K364G	Missense	1.171113895
154	SETDB1		No Mutation	1.359815909
155	SETDB1	R366R	Silent	0.293941374
156	SETDB1	V370A;D371D	Missense;Silent	0.580052133
157	SETDB1	D371D	Silent	0.958973587
158	SETDB1	D371G	Missense	1.525337034
159	SETDB1	L374L;R376G	Silent;Missense	0.745574043
160	SETDB1	F379P	Missense	0.552915507
161	SETDB1	(NC);(NC);(NC)	Intron;Intron;Intron	0.450325077
162	SETDB1	(NC);(NC)	Intron;Intron	0.318475874
163	SETDB1		No Mutation	0.304883006
164	SETDB1	D381G;D382G	Missense;Missense	1.307876815
165	SETDB1	E386G	Missense	2.90850482
166	SETDB1	Y389C	Missense	2.436033359
167	SETDB1	R390R	Silent	1.830579274
168	SETDB1	T403T	Silent	1.008897822
169	SETDB1	L409P	Missense	-0.022093224
170	SETDB1	A408A	Silent	1.298440213
171	SETDB1		No Mutation	1.074086328
172	SETDB1	K411R;K412G	Missense;Missense	0.141707136
173	SETDB1	R417G;T418A	Missense;Missense	-0.544150386
174	SETDB1	R417G;T418A	Missense;Missense	0.444930524
175	SETDB1	(NC);(NC)	Intron;Intron	-0.856001828
176	SETDB1	(NC)	Intron	0.014639114
177	SETDB1		No Mutation	0.629122604
178	SETDB1	G423G;A424A	Silent;Silent	-0.230461816
179	SETDB1		No Mutation	2.468882265
180	SETDB1		No Mutation	0.816268135
181	SETDB1		No Mutation	0.953606069
182	SETDB1		No Mutation	-0.124173578
183	SETDB1		No Mutation	0.200840015
184	SETDB1	Y434C;T435A	Missense;Missense	0.285470725
185	SETDB1	D437D;L438P	Silent;Missense	-0.486393501
186	SETDB1	Q436R;D437G	Missense;Missense	-0.384274435
187	SETDB1	F445P	Missense	-1.075461287
188	SETDB1	G442G;T443A	Silent;Missense	0.057808927
189	SETDB1	V448A	Missense	-0.673303131
190	SETDB1		No Mutation	-0.368159076
191	SETDB1		No Mutation	-1.274598593
192	SETDB1	A455A	Silent	0.027720493
193	SETDB1	A455A	Silent	-0.036390329
194	SETDB1	A455A	Silent	0.128835768
195	SETDB1		No Mutation	-0.917472024
196	SETDB1		No Mutation	-0.5451504
197	SETDB1	F461P	Missense	-0.310845532
198	SETDB1		No Mutation	-0.425332331
199	SETDB1	P463P;A464A	Silent;Silent	-0.360707336
200	SETDB1	P463P;A464A	Silent;Silent	-0.143392224
201	SETDB1	A464A	Silent	0.46170534
202	SETDB1		No Mutation	-0.129020773
203	SETDB1	P466P;L467P;S468P	Silent;Missense;Missense	-1.325639475
204	SETDB1	L467P;S468P	Missense;Missense	0.295707091
205	SETDB1	S468P	Missense	-1.411925299
206	SETDB1		No Mutation	0.404343765
207	SETDB1		No Mutation	0.447523767
208	SETDB1		No Mutation	0.664985287
209	SETDB1	S474S	Silent	0.400068115
210	SETDB1	S474S	Silent	-0.583259294
211	SETDB1	S474S	Silent	-0.442443265
212	SETDB1	S474S	Silent	1.209018241
213	SETDB1	S474S;(NC)	Silent;Splice-donor	2.486458582
214	SETDB1	(NC);(NC)	Intron;Intron	0.166870009
215	SETDB1	(NC)	Intron	0.445665752
216	SETDB1		No Mutation	-0.316485562
217	SETDB1	Q479R	Missense	0.953566812
218	SETDB1		No Mutation	-1.612512823
219	SETDB1		No Mutation	-1.047406898
220	SETDB1	V487A	Missense	0.280001605
221	SETDB1	V487A	Missense	0.011105157
222	SETDB1	S491G;T492A	Missense;Missense	-0.34752404
223	SETDB1		No Mutation	-0.545263432
224	SETDB1		No Mutation	0.219836241
225	SETDB1	S498S;V499A	Silent;Missense	-0.467416751
226	SETDB1	P496P	Silent	0.331946213
227	SETDB1	S501P	Missense	0.634515395
228	SETDB1	P509P	Silent	-0.417503453
229	SETDB1	L511P	Missense	-0.393053585
230	SETDB1	L511P	Missense	-0.311106676
231	SETDB1	L511P	Missense	-0.417970214
232	SETDB1	S512G	Missense	0.188964731
233	SETDB1	S512G;E513G	Missense;Missense	0.131791377
234	SETDB1	E513G	Missense	-0.055865592
235	SETDB1		No Mutation	-0.439239048
236	SETDB1		No Mutation	0.141919624
237	SETDB1	I522V	Missense	0.630076062
238	SETDB1	Y526H	Missense	0.98697548
239	SETDB1	Y526C;R527G	Missense;Missense	-0.857123611
240	SETDB1	(NC)	Intron	0.015741501
241	SETDB1	S535P	Missense	0.094739981
242	SETDB1		No Mutation	0.584321416
243	SETDB1	S540P	Missense	-0.873331325
244	SETDB1	P537P;A538A	Silent;Silent	0.711475158
245	SETDB1	L542P	Missense	-0.316533627
246	SETDB1	L542P	Missense	-0.059314542
247	SETDB1	L542P	Missense	0.263593623
248	SETDB1		No Mutation	-0.073548319
249	SETDB1	P545P	Silent	0.271002152
250	SETDB1		No Mutation	-0.243958035
251	SETDB1		No Mutation	-0.081018256
252	SETDB1	V550A	Missense	-0.211799206
253	SETDB1	V550A;F551L	Missense;Missense	-0.739270217
254	SETDB1	A547A	Silent	0.182977025
255	SETDB1	V550A;F551P	Missense;Missense	0.18541086
256	SETDB1	F551P	Missense	0.249883604
257	SETDB1	P549P	Silent	-0.161552261
258	SETDB1	M554T	Missense	-0.309333094
259	SETDB1	M554T	Missense	0.043329071
260	SETDB1	M554T	Missense	0.272164275
261	SETDB1	M554T;L555P	Missense;Missense	-0.797010772
262	SETDB1	H552R	Missense	0.836788479
263	SETDB1	H552R	Missense	0.013079794
264	SETDB1		No Mutation	0.227314606
265	SETDB1	Y564H	Missense	-0.162942601
266	SETDB1	Y564H	Missense	0.31635013
267	SETDB1	Y564H	Missense	0.663679034
268	SETDB1		No Mutation	0.55137972
269	SETDB1	M568T	Missense	0.457211411
270	SETDB1	M568T	Missense	-0.187838394
271	SETDB1	M568T	Missense	0.5418934
272	SETDB1		No Mutation	-0.047004872
273	SETDB1	F572P;Y573H	Missense;Missense	0.675663905
274	SETDB1	F572S;Y573H	Missense;Missense	-0.464409725
275	SETDB1	Y580H	Missense	0.751994538
276	SETDB1	V586A	Missense	0.17478958
277	SETDB1	R585R	Silent	0.136915622
278	SETDB1	R590G	Missense	0.614225918
279	SETDB1	R590G;N591D	Missense;Missense	0.418730984
280	SETDB1	R590G;N591G	Missense;Missense	0.61343972
281	SETDB1	Y594H	Missense	-0.473408591
282	SETDB1	K597E	Missense	0.220644422
283	SETDB1	P599P;L600P	Silent;Missense	1.456928801
284	SETDB1	L604P	Missense	1.889879592
285	SETDB1	L604P;L605P	Missense;Missense	0.612153723
286	SETDB1	L604L	Silent	0.802824007
287	SETDB1	L604L;L605L	Silent;Silent	0.146294376
288	SETDB1	F608P	Missense	3.557061179
289	SETDB1	F608P	Missense	1.054200005
290	SETDB1		No Mutation	0.390332857
291	SETDB1		No Mutation	-0.746951632
292	SETDB1		No Mutation	0.355815299
293	SETDB1	R616R	Silent	-1.092933538
294	SETDB1		No Mutation	-0.71227219
295	SETDB1	R616R	Silent	-0.096973499
296	SETDB1	F623F;H624H	Silent;Silent	-0.566743
297	SETDB1	I626V;Y627C	Missense;Missense	2.455923827
298	SETDB1		No Mutation	-0.327095462
299	SETDB1	L635P	Missense	2.530309842
300	SETDB1		No Mutation	0.512655636
301	SETDB1	C650R	Missense	2.99138286
302	SETDB1		No Mutation	0.325260672
303	SETDB1		No Mutation	-0.676047418
304	SETDB1	F658P;C659R	Missense;Missense	1.697669873
305	SETDB1	C659C;L660P	Silent;Missense	0.148965145
306	SETDB1	D661G	Missense	0.609718014
307	SETDB1		No Mutation	-0.14668569
308	SETDB1	Y673H	Missense	-0.327719929
309	SETDB1	Y677H;Y678H	Missense;Missense	0.497547772
310	SETDB1	Y678H	Missense	-0.245047922
311	SETDB1	L680P	Missense	-1.22301903
312	SETDB1	D681G;I682V	Missense;Missense	1.05575014
313	SETDB1	N695N	Silent	0.267017997
314	SETDB1	N695N	Silent	0.5414232
315	SETDB1	N695N	Silent	-0.587644047
316	SETDB1	I697T	Missense	-0.281846568
317	SETDB1	T699A;T700A	Missense;Missense	-0.540533857
318	SETDB1	T699T;T700A	Silent;Missense	-0.037621902
319	SETDB1	V705A	Missense	1.501895973
320	SETDB1	Y707H	Missense	1.291010117
321	SETDB1	Y707H	Missense	0.616348873
322	SETDB1	Q704R	Missense	-0.009874363
323	SETDB1	Y707H	Missense	1.495276612
324	SETDB1		No Mutation	0.676072947
325	SETDB1		No Mutation	0.999240553
326	SETDB1		No Mutation	0.679010214
327	SETDB1	S708G;K709E	Missense;Missense	3.249191407
328	SETDB1	S708G;K709G	Missense;Missense	0.6525111
329	SETDB1	R711R;I712T	Silent;Missense	0.248159011
330	SETDB1	E710G	Missense	0.302615381
331	SETDB1	E710G	Missense	-0.972181458
332	SETDB1	V717V;F718P	Silent;Missense	0.972492075
333	SETDB1	F718P;I719T	Missense;Missense	0.243258008
334	SETDB1	T721A	Missense	0.538925359
335	SETDB1		No Mutation	-0.246196121
336	SETDB1	V727V;C729R	Silent;Missense	2.372665481
337	SETDB1	C729R	Missense	0.925348673
338	SETDB1		No Mutation	0.418929367
339	SETDB1		No Mutation	1.031623285
340	SETDB1		No Mutation	-0.325775551
341	SETDB1	D730G	Missense	0.469583419
342	SETDB1	K732E	Missense	-0.423269986
343	SETDB1		No Mutation	0.27451153
344	SETDB1	D737G	Missense	0.136476458
345	SETDB1	D737G	Missense	0.701398434
346	SETDB1	D737G;K738E	Missense;Missense	1.407640122
347	SETDB1	D737G;K738G	Missense;Missense	0.560895408
348	SETDB1	D737G;K738G	Missense;Missense	0.546463121
349	SETDB1	(NC)	Intron	0.121653958
350	SETDB1	(NC);(NC)	Intron;Intron	0.483266695
351	SETDB1	S739P	Missense	0.646791195
352	SETDB1	S739P	Missense	0.12160845
353	SETDB1	H744H	Silent	0.586672643
354	SETDB1	H744R	Missense	0.344616085
355	SETDB1	T747T;I748T	Silent;Missense	0.463234523
356	SETDB1		No Mutation	0.48542681
357	SETDB1	T751A	Missense	1.204470326
358	SETDB1	C753C	Silent	-0.019057121
359	SETDB1	T751A	Missense	-0.310620499
360	SETDB1		No Mutation	-0.877007652
361	SETDB1	I759T	Missense	-0.804276386
362	SETDB1		No Mutation	-0.253520344
363	SETDB1		No Mutation	0.104268902
364	SETDB1	Q758R;I759V	Missense;Missense	-2.399323409
365	SETDB1	S763P	Missense	0.130399258
366	SETDB1	Y767H	Missense	0.848341602
367	SETDB1	Y767H	Missense	-0.266067451
368	SETDB1		No Mutation	2.39990648
369	SETDB1	E771G;E772G	Missense;Missense	0.305510149
370	SETDB1	E771G;E772G	Missense;Missense	0.343761903
371	SETDB1	L774L	Silent	-0.338548135
372	SETDB1	T776A	Missense	0.54851894
373	SETDB1	(NC)	Intron	0.350040948
374	SETDB1	(NC);(NC)	Intron;Intron	1.29845651
375	SETDB1	(NC)	Intron	0.073467193
376	SETDB1	(NC)	Intron	-0.089641432
377	SETDB1	Y779H	Missense	1.43342869
378	SETDB1	C781R	Missense	1.587615453
379	SETDB1	C781R	Missense	2.044115065
380	SETDB1	C781C	Silent	-0.035607547
381	SETDB1	P789P;N790G	Silent;Missense	-5.667611687
382	SETDB1	M791V	Missense	0.430125811
383	SETDB1		No Mutation	-0.031489552
384	SETDB1		No Mutation	0.299944072
385	SETDB1	N794G	Missense	0.816092222
386	SETDB1	H799H	Silent	0.208293404
387	SETDB1	Q798R;H799R	Missense;Missense	2.131337734
388	SETDB1	L807L;K809E	Silent;Missense	-1.956472946
389	SETDB1	K809G	Missense	0.275208983
390	SETDB1	K809R;T810A	Missense;Missense	2.08876124
391	SETDB1	T810A	Missense	1.165901509
392	SETDB1	T810A;Q811R	Missense;Missense	-0.780717669
393	SETDB1		No Mutation	0.04328122
394	SETDB1	I823T	Missense	0.432508658
395	SETDB1	D821G	Missense	0.067948168
396	SETDB1	V829A;C830R	Missense;Missense	0.297929405
397	SETDB1		No Mutation	-0.542751552
398	SETDB1		No Mutation	2.228110937
399	SETDB1		No Mutation	0.017090674
400	SETDB1	(NC);(NC)	Intron;Intron	-0.347618259
401	SETDB1	(NC);(NC);(NC)	Intron;Intron;Intron	-0.410128357
402	SETDB1	T838T;D839G	Silent;Missense	0.143922962
403	SETDB1	F841F	Silent	0.145038987
404	SETDB1	D840G	Missense	1.234151696
405	SETDB1	D840G	Missense	0.757237555
406	SETDB1	A842A	Silent	0.018448239
407	SETDB1	K844G	Missense	1.734663166
408	SETDB1	K844G;E845G	Missense;Missense	3.525217219
409	SETDB1	E852G	Missense	2.067574654
410	SETDB1	D858G	Missense	2.13354506
411	SETDB1		No Mutation	0.600491735
412	SETDB1	E864G	Missense	0.931359005
413	SETDB1		No Mutation	0.199884756
414	SETDB1		No Mutation	-0.764399108
415	SETDB1		No Mutation	-0.1600668
416	SETDB1		No Mutation	0.297536685
417	SETDB1	S881S	Silent	0.503331443
418	SETDB1	G882G;V883A	Silent;Missense	-1.091791397
419	SETDB1	S881G	Missense	-0.613306692
420	SETDB1	V883V	Silent	-0.082629732
421	SETDB1	K886G	Missense	-0.35425795
422	SETDB1	Q888R;E889G	Missense;Missense	0.138635941
423	SETDB1		No Mutation	0.218536573
424	SETDB1	N892D	Missense	0.597909581
425	SETDB1	N902N;D903D	Silent;Silent	0.606322834
426	SETDB1	D903D	Silent	-0.867298403
427	SETDB1	D907D	Silent	0.105656112
428	SETDB1	S906S;D907G	Silent;Missense	0.893590113
429	SETDB1	N909G	Missense	0.079932691
430	SETDB1	S917G	Missense	1.175209817
431	SETDB1	T918A	Missense	-0.322012594
432	SETDB1		No Mutation	0.772095055
433	SETDB1		No Mutation	0.74597696
434	SETDB1	S924G	Missense	-0.116697333
435	SETDB1	T927A	Missense	1.679894892
436	SETDB1	T927A	Missense	-0.319629905
437	SETDB1	T927A	Missense	0.188904948
438	SETDB1		No Mutation	-0.090580824
439	SETDB1		No Mutation	-0.012320792
440	SETDB1		No Mutation	0.455196415
441	SETDB1		No Mutation	-0.264617102
442	SETDB1		No Mutation	0.165482139
443	SETDB1	L939P;S940P	Missense;Missense	0.056805084
444	SETDB1		No Mutation	0.825625555
445	SETDB1		No Mutation	0.389043305
446	SETDB1	H948R	Missense	-0.336983711
447	SETDB1	L952P	Missense	-0.121421001
448	SETDB1	L952L	Silent	-0.304606753
449	SETDB1		No Mutation	0.510598768
450	SETDB1		No Mutation	0.332410165
451	SETDB1		No Mutation	-0.23336074
452	SETDB1		No Mutation	0.313255638
453	SETDB1		No Mutation	-0.135891817
454	SETDB1	V959A	Missense	-0.275701897
455	SETDB1	V959A;P960P	Missense;Silent	-1.046541425
456	SETDB1	V959V;P960P	Silent;Silent	-0.944111847
457	SETDB1	P960P	Silent	-0.20436827
458	SETDB1		No Mutation	0.23674114
459	SETDB1	I963T	Missense	0.331814917
460	SETDB1		No Mutation	1.001947708
461	SETDB1	V965A	Missense	-0.283607814
462	SETDB1	G966G	Silent	0.292353486
463	SETDB1	G966G	Silent	-0.53621861
464	SETDB1	N969N	Silent	-0.157343349
465	SETDB1	N969N	Silent	0.120263298
466	SETDB1		No Mutation	-0.877231291
467	SETDB1		No Mutation	0.374247978
468	SETDB1		No Mutation	-0.170538886
469	SETDB1	E974E;E975G;T976A	Silent;Missense;Missense	0.226333907
470	SETDB1		No Mutation	-0.39791641
471	SETDB1	T976A	Missense	-1.542529088
472	SETDB1	K978R;N979G	Missense;Missense	0.008054798
473	SETDB1	S983P	Missense	-0.493071442
474	SETDB1	S983P	Missense	-0.30482529
475	SETDB1	N988N	Silent	0.587513743
476	SETDB1	N988G	Missense	1.219675633
477	SETDB1	N988G;S989G	Missense;Missense	-0.331114202
478	SETDB1	T1006T	Silent	-0.409838484
479	SETDB1		No Mutation	0.168393463
480	SETDB1	K1005G	Missense	-0.056417584
481	SETDB1	K1005G	Missense	-0.302283291
482	SETDB1	K1005G;T1006A	Missense;Missense	0.867171028
483	SETDB1	G1009G	Silent	0.884050117
484	SETDB1	T1006A;N1007D	Missense;Missense	0.64653499
485	SETDB1	T1006A;N1007G	Missense;Missense	0.883701284
486	SETDB1	N1007S;E1008G	Missense;Missense	-0.579063171
487	SETDB1	E1008G	Missense	0.192068226
488	SETDB1		No Mutation	0.004537566
489	SETDB1		No Mutation	-0.056580114
490	SETDB1		No Mutation	-0.234773544
491	SETDB1	E1011G	Missense	-0.16371456
492	SETDB1		No Mutation	0.123210163
493	SETDB1		No Mutation	-0.227983167
494	SETDB1		No Mutation	-0.692060575
495	SETDB1	R1018R;M1019V	Silent;Missense	-0.246245574
496	SETDB1		No Mutation	0.199727105
497	SETDB1	E1022G;K1023G	Missense;Missense	0.597783761
498	SETDB1		No Mutation	0.75340855
499	SETDB1	L1029P	Missense	0.052348186
500	SETDB1	S1027S	Silent	-0.975521065
501	SETDB1	I1031T	Missense	-0.694344374
502	SETDB1	I1031T	Missense	0.422984516
503	SETDB1	G1028G;L1029L	Silent;Silent	0.143356757
504	SETDB1	L1029L	Silent	0.88542991
505	SETDB1	E1034G	Missense	0.279550953
506	SETDB1	K1038G	Missense	-0.330277614
507	SETDB1	K1041G;K1042G	Missense;Missense	0.237810113
508	SETDB1	(NC)	Intron	-0.278752196
509	SETDB1	(NC);(NC);(NC)	Intron;Intron;Intron	1.117306829
510	SETDB1	(NC);(NC)	Intron;Intron	2.175618872
511	SETDB1		No Mutation	-0.180604027
512	SETDB1	V1053A;(NC)	Missense;Splice-donor	1.951416485
513	SETDB1	V1054A	Missense	0.095321726
514	SETDB1	V1054A;T1055T	Missense;Silent	-0.085648552
515	SETDB1	V1054V;T1055T	Silent;Silent	-0.206992902
516	SETDB1	T1055T	Silent	-1.283404845
517	SETDB1		No Mutation	0.181714191
518	SETDB1		No Mutation	0.242172413
519	SETDB1	E1056G;S1057G	Missense;Missense	0.376927374
520	SETDB1		No Mutation	-0.571958933
521	SETDB1	P1070P	Silent	-0.253148382
522	SETDB1	L1073P	Missense	-0.476583284
523	SETDB1		No Mutation	0.737576635
524	SETDB1	T1080T	Silent	-0.321220739
525	SETDB1	T1080T;S1081S	Silent;Silent	-0.223077014
526	SETDB1	S1081S;M1082T	Silent;Missense	-0.392625695
527	SETDB1	M1082T	Missense	-0.608574016
528	SETDB1	Q1084R;S1085G	Missense;Missense	0.993344276
529	SETDB1	A1090A;S1091P	Silent;Missense	-0.051878419
530	SETDB1	(NC)	Intron	-0.163017148
531	SETDB1	(NC)	Intron	0.14180474
532	SETDB1	(NC)	Intron	-0.756765666
533	SETDB1	(NC)	Intron	-0.668753278
534	SETDB1	D1098D	Silent	0.568428632
535	SETDB1	D1098D	Silent	-1.020865699
536	SETDB1	D1098D;V1099A	Silent;Missense	-1.502073599
537	SETDB1	L1102P	Missense	-0.910047744
538	SETDB1	L1102P	Missense	0.635065626
539	SETDB1	L1102P;S1103P	Missense;Missense	-2.257005568
540	SETDB1		No Mutation	-0.250140958
541	SETDB1	S1104G;S1105G	Missense;Missense	0.322784671
542	SETDB1	S1104G;S1105G	Missense;Missense	1.401144961
543	SETDB1	S1105G	Missense	-0.798859987
544	SETDB1	S1105G;T1106A	Missense;Missense	-0.097146101
545	SETDB1	S1108S	Silent	-0.059856521
546	SETDB1	E1107G;S1108G	Missense;Missense	2.392053356
547	SETDB1	E1107G;S1108G	Missense;Missense	1.406626421
548	SETDB1	S1115G	Missense	0.022193266
549	SETDB1	T1119T;A1120A	Silent;Silent	-0.586058026
550	SETDB1	A1120A;G1121G	Silent;Silent	-1.158693725
551	SETDB1	T1119A	Missense	-0.322333245
552	SETDB1	T1123T;S1124P	Silent;Missense	-0.558366001
553	SETDB1	T1123T;S1124P	Silent;Missense	-0.429471767
554	SETDB1	Q1122R;T1123A	Missense;Missense	1.727437724
555	SETDB1	I1133V;Q1134R	Missense;Missense	-0.353092228
556	SETDB1	S1138S;S1140P	Silent;Missense	0.00647064
557	SETDB1	I1136V	Missense	0.279946635
558	SETDB1	I1136M	Missense	0.945344343
559	SETDB1	I1136M	Missense	-1.09839021
560	SETDB1	S1140S	Silent	0.415079364
561	SETDB1	D1143D	Silent	-0.275414669
562	SETDB1	E1141G	Missense	1.851039558
563	SETDB1	D1147G;K1148G	Missense;Missense	1.779411769
564	SETDB1	N1150G;M1151V	Missense;Missense	-0.175123135
565	SETDB1	(NC)	Intron	1.82343973
566	SETDB1	(NC)	Intron	0.088159539
567	SETDB1	(NC);(NC)	Intron;Intron	-1.350691855
568	SETDB1	(NC)	Intron	0.850314845
569	SETDB1	(NC)	Intron	0.497837584
570	SETDB1	M1155T	Missense	-0.048665379
571	SETDB1	M1155T	Missense	0.121117507
572	SETDB1	M1155T	Missense	-0.413413561
573	SETDB1	P1154P;M1155V	Silent;Missense	-1.167351755
574	SETDB1	R1157R	Silent	0.048407423
575	SETDB1	V1159A	Missense	0.288914941
576	SETDB1	A1160A	Silent	-0.406911508
577	SETDB1	L1169P	Missense	0.854693056
578	SETDB1	L1169L;S1171P	Silent;Missense	1.559371036
579	SETDB1		No Mutation	0.312044998
580	SETDB1		No Mutation	-0.473329775
581	SETDB1	I1177T	Missense	0.2477708
582	SETDB1	I1177I;S1179P	Silent;Missense	-0.325826858
583	SETDB1	A1176A;I1177V;K1178E	Silent;Missense;Missense	0.860127667
584	SETDB1	S1179S;T1180A;N1181D	Silent;Missense;Missense	-0.326955038
585	SETDB1	M1182V	Missense	0.037353935
586	SETDB1	M1182V	Missense	-2.084453506
587	SETDB1		No Mutation	-0.050468068
588	SETDB1	V1185A	Missense	0.304495298
589	SETDB1		No Mutation	0.32767963
590	SETDB1		No Mutation	-0.170389309
591	SETDB1		No Mutation	-0.524419935
592	SETDB1	T1197A	Missense	1.504484516
593	SETDB1	Q1199R	Missense	-0.875345985
594	SETDB1		No Mutation	-0.139310905
595	SETDB1	I1210V;D1211G	Missense;Missense	1.780524785
596	SETDB1	K1213G	Missense	1.716223335
597	SETDB1	K1213G	Missense	1.66677855
598	SETDB1	L1218P	Missense	1.165446168
599	SETDB1		No Mutation	0.710832505
600	SETDB1		No Mutation	2.268157994
601	SETDB1	(NC);(NC)	Intron;Intron	-0.08965607
602	SETDB1		No Mutation	0.111462114
603	SETDB1	S1225S	Silent	2.023613219
604	SETDB1		No Mutation	0.203934911
605	SETDB1		No Mutation	1.350519789
606	SETDB1		No Mutation	0.325420357
607	SETDB1	N1234N	Silent	-1.063271464
608	SETDB1		No Mutation	1.131467745
609	SETDB1	N1234N;V1235A;F1236L	Silent;Missense;Missense	0.986860813
610	SETDB1	D1238D	Silent	0.985375814
611	SETDB1	H1240R;D1241G	Missense;Missense	1.762345951
612	SETDB1	D1241G	Missense	2.81509514
613	SETDB1	F1244S	Missense	0.894674271
614	SETDB1		No Mutation	1.690846161
615	SETDB1	W1246R	Missense	0.784054756
616	SETDB1	F1250P	Missense	1.381864856
617	SETDB1	F1250P	Missense	2.34849555
618	SETDB1	F1250S	Missense	-0.099076811
619	SETDB1		No Mutation	-0.318971121
620	SETDB1	(NC)	Splice-donor	2.64767885
621	SETDB1	S1252G	Missense	0.714341602
622	SETDB1	K1253G;(NC)	Missense;Intron	-1.759008772
623	SETDB1	K1253R;(NC);(NC)	Missense;Intron;Intron	0.445095403
624	SETDB1	(NC)	Intron	-0.413229335
625	SETDB1	(NC);(NC)	Intron;Intron	2.673519462
626	SETDB1	(NC);(NC);(NC)	Intron;Intron;Intron	-0.750998919
627	SETDB1		No Mutation	-0.026097017
628	SETDB1		No Mutation	0.433462481
629	SETDB1		No Mutation	1.353995978
630	SETDB1	(NC)	Splice-acceptor	4.35591013
631	SETDB1	(NC);K1253K	Splice-acceptor;Silent	1.58736063
632	SETDB1		No Mutation	1.092005583
633	SETDB1		No Mutation	0.461902782
634	SETDB1	T1259A	Missense	-0.431760365
635	SETDB1	L1261P	Missense	0.148946711
636	SETDB1		No Mutation	1.474775221
637	SETDB1	D1264G	Missense	3.096646576
638	SETDB1	D1264G;Y1265C	Missense;Missense	3.152427279
639	SETDB1	Y1267C	Missense	1.803193797
640	SETDB1	E1268G	Missense	1.798225184
641	SETDB1	S1271G	Missense	0.058404083
642	SETDB1	E1276G	Missense	1.328499695
643	SETDB1	E1276G;L1277L	Missense;Silent	0.326290786
644	SETDB1	L1277L	Silent	1.58946368
645	SETDB1		No Mutation	0.102230191
646	SETDB1	R1289R	Silent	-0.749992693
647	SETDB1	R1287R;G1288G	Silent;Silent	0.489566086
648	TRIM28		No Mutation	0.295597871
649	TRIM28		No Mutation	-0.761548271
650	TRIM28		No Mutation	-0.050709541
651	TRIM28		No Mutation	-0.343144408
652	TRIM28	M1T	Missense	-0.10268112
653	TRIM28	M1T	Missense	0.551691456
654	TRIM28	M1T	Missense	1.1075661
655	TRIM28	M1T	Missense	-0.112202353
656	TRIM28	(NC);M1V	UTR;Missense	-0.209482784
657	TRIM28	(NC);M1V	UTR;Missense	1.009718506
658	TRIM28		No Mutation	1.170190932
659	TRIM28	S9P	Missense	-0.532430078
660	TRIM28		No Mutation	-0.076099916
661	TRIM28	A7A	Silent	0.407865332
662	TRIM28		No Mutation	0.637341612
663	TRIM28	S14P	Missense	-0.067975169
664	TRIM28		No Mutation	-0.024231759
665	TRIM28		No Mutation	-0.911379359
666	TRIM28		No Mutation	0.45091551
667	TRIM28		No Mutation	0.67743156
668	TRIM28		No Mutation	-0.690114581
669	TRIM28		No Mutation	-0.769498963
670	TRIM28		No Mutation	0.218447528
671	TRIM28		No Mutation	0.302207408
672	TRIM28	S19G	Missense	0.003811431
673	TRIM28	S19G	Missense	-0.231861346
674	TRIM28	S26P	Missense	0.01101475
675	TRIM28		No Mutation	0.132131199
676	TRIM28	S26P	Missense	0.048266072
677	TRIM28	E24G	Missense	-0.291815483
678	TRIM28	A27A	Silent	0.280057772
679	TRIM28	A27A	Silent	-0.273725921
680	TRIM28		No Mutation	-0.47956816
681	TRIM28		No Mutation	0.476825741
682	TRIM28		No Mutation	-0.078555944
683	TRIM28		No Mutation	-0.314052598
684	TRIM28	S41P	Missense	-0.135764367
685	TRIM28	S41P	Missense	-0.252299253
686	TRIM28	S41P	Missense	0.034163461
687	TRIM28	S43S	Silent	0.502060392
688	TRIM28		No Mutation	0.385928768
689	TRIM28		No Mutation	-0.378888999
690	TRIM28		No Mutation	-0.080035386
691	TRIM28	S50P	Missense	0.418624079
692	TRIM28		No Mutation	0.145400709
693	TRIM28		No Mutation	0.064116346
694	TRIM28		No Mutation	-0.743157867
695	TRIM28		No Mutation	-0.67969282
696	TRIM28		No Mutation	-0.127469735
697	TRIM28		No Mutation	0.270860534
698	TRIM28		No Mutation	-0.235493353
699	TRIM28		No Mutation	-0.453292819
700	TRIM28		No Mutation	0.039629839
701	TRIM28		No Mutation	-0.212762452
702	TRIM28		No Mutation	0.323913118
703	TRIM28	E57G	Missense	-0.954820229
704	TRIM28	L61P;L62P	Missense;Missense	0.165485397
705	TRIM28	E60G	Missense	0.386097664
706	TRIM28	E70G	Missense	0.131700127
707	TRIM28		No Mutation	1.032090791
708	TRIM28		No Mutation	-1.037673649
709	TRIM28	L80P	Missense	0.204627482
710	TRIM28	L80P	Missense	0.322818827
711	TRIM28	C83R;L84P	Missense;Missense	1.179830924
712	TRIM28	C83C;L84P	Silent;Missense	-0.470994032
713	TRIM28		No Mutation	-0.681263719
714	TRIM28	C83C;L84P	Silent;Missense	-0.113821292
715	TRIM28	S86P	Missense	-0.056182726
716	TRIM28	C88R	Missense	1.036364429
717	TRIM28	C88R	Missense	-0.408852073
718	TRIM28		No Mutation	0.28101643
719	TRIM28		No Mutation	0.016526644
720	TRIM28	L92S	Missense	-0.371315599
721	TRIM28		No Mutation	-0.114823351
722	TRIM28		No Mutation	0.309670999
723	TRIM28		No Mutation	0.267972773
724	TRIM28		No Mutation	0.713655117
725	TRIM28		No Mutation	0.47458208
726	TRIM28		No Mutation	-0.559400536
727	TRIM28		No Mutation	0.698451697
728	TRIM28		No Mutation	0.916552012
729	TRIM28		No Mutation	0.522217602
730	TRIM28	S103P	Missense	-0.515245653
731	TRIM28	S103P	Missense	0.081528646
732	TRIM28	S103P	Missense	0.723900763
733	TRIM28	N101G	Missense	-0.804603269
734	TRIM28		No Mutation	0.117943971
735	TRIM28	N101G;S102G	Missense;Missense	0.411111998
736	TRIM28	N101S;S102G	Missense;Missense	-0.061019366
737	TRIM28		No Mutation	0.249857552
738	TRIM28	S102G	Missense	-0.004153817
739	TRIM28		No Mutation	-0.78686611
740	TRIM28		No Mutation	-0.246103066
741	TRIM28		No Mutation	-0.346512507
742	TRIM28	D105G	Missense	-0.255514017
743	TRIM28		No Mutation	-0.992771277
744	TRIM28		No Mutation	0.752840964
745	TRIM28	(NC);(NC)	Intron;Intron	1.016872397
746	TRIM28	(NC);(NC)	Intron;Intron	-0.756109751
747	TRIM28	(NC)	Intron	-0.215667313
748	TRIM28	(NC)	Intron	-0.656507053
749	TRIM28	(NC)	Intron	-0.583208265
750	TRIM28		No Mutation	-1.149545583
751	TRIM28	V114A;V115A	Missense;Missense	0.161052685
752	TRIM28	V115A	Missense	0.359745599
753	TRIM28	C124R	Missense	0.258329613
754	TRIM28	C124R	Missense	0.57391613
755	TRIM28		No Mutation	0.122649169
756	TRIM28	N132N	Silent	-0.443755655
757	TRIM28	Y133C	Missense	-0.105420953
758	TRIM28		No Mutation	0.542824971
759	TRIM28		No Mutation	0.016149543
760	TRIM28	D148D	Silent	0.46072686
761	TRIM28		No Mutation	0.489167714
762	TRIM28		No Mutation	-0.260558003
763	TRIM28	(NC)	Splice-donor	0.418561349
764	TRIM28	(NC)	Splice-donor	-0.141672638
765	TRIM28	(NC)	Intron	0.199972647
766	TRIM28	C152R	Missense	-0.001120047
767	TRIM28	C152R	Missense	0.027810361
768	TRIM28	C153R	Missense	0.192003026
769	TRIM28		No Mutation	0.282411487
770	TRIM28	P161P;T163A	Silent;Missense	-0.407675876
771	TRIM28	C166R	Missense	-0.24202643
772	TRIM28	C166R	Missense	-0.590034311
773	TRIM28	C166R;V167A	Missense;Missense	1.207247485
774	TRIM28	V167A	Missense	-0.463739229
775	TRIM28	Y165C	Missense	-1.304987851
776	TRIM28	C169R	Missense	0.050304442
777	TRIM28		No Mutation	0.653388694
778	TRIM28	C177R;V178A	Missense;Missense	-0.407852032
779	TRIM28	V178V	Silent	-0.426196839
780	TRIM28	V178V	Silent	-0.052621759
781	TRIM28		No Mutation	0.111590901
782	TRIM28		No Mutation	0.3985047
783	TRIM28		No Mutation	-0.171366142
784	TRIM28	V192A	Missense	-0.617377726
785	TRIM28	H190R;T191A	Missense;Missense	-0.650746394
786	TRIM28	S194S;T195T	Silent;Silent	1.470736939
787	TRIM28		No Mutation	-0.097572965
788	TRIM28	T195A	Missense	-0.5078206
789	TRIM28		No Mutation	0.361616824
790	TRIM28	(NC)	Intron	-2.828888109
791	TRIM28	(NC)	Intron	-0.928436525
792	TRIM28	(NC);(NC)	Intron;Intron	-0.182568071
793	TRIM28	(NC)	Intron	0.237723872
794	TRIM28	(NC);(NC)	Intron;Intron	-0.051146793
795	TRIM28	(NC);(NC)	Intron;Intron	0.439574506
796	TRIM28	(NC)	Intron	-0.105694776
797	TRIM28		No Mutation	-0.83174188
798	TRIM28		No Mutation	-0.898288505
799	TRIM28	(NC)	Splice-acceptor	-0.230637894
800	TRIM28	(NC)	Splice-acceptor	0.309335615
801	TRIM28	S200P	Missense	0.470454285
802	TRIM28	S200P	Missense	-1.032718839
803	TRIM28	P197P	Silent	-0.611659731
804	TRIM28	S200P	Missense	0.768727671
805	TRIM28	D202D	Silent	0.541859249
806	TRIM28	G203G	Silent	-0.203502243
807	TRIM28	C221R	Missense	0.641794006
808	TRIM28	C221C	Silent	-0.124156525
809	TRIM28	C221C	Silent	-0.640394303
810	TRIM28	L234P	Missense	0.338719122
811	TRIM28	N235N	Silent	0.319176246
812	TRIM28	Q233R	Missense	-0.867834173
813	TRIM28		No Mutation	-0.449820739
814	TRIM28	(NC)	Splice-donor	0.219707218
815	TRIM28	(NC)	Splice-donor	0.338144301
816	TRIM28	D239G;H240R	Missense;Missense	0.364878786
817	TRIM28		No Mutation	-0.932638006
818	TRIM28	(NC)	Intron	0.015838013
819	TRIM28	(NC)	Intron	0.664599384
820	TRIM28	(NC)	Intron	0.210185894
821	TRIM28	(NC);(NC)	Intron;Intron	-0.325381741
822	TRIM28	(NC);(NC)	Intron;Intron	-0.6628673
823	TRIM28	L245L	Silent	0.358669972
824	TRIM28	D247D	Silent	-0.262399799
825	TRIM28	N251G	Missense	0.41605252
826	TRIM28	K254G	Missense	-1.162230864
827	TRIM28	S258P	Missense	0.643783314
828	TRIM28		No Mutation	0.042480377
829	TRIM28	S258S	Silent	-0.181382063
830	TRIM28	S258S	Silent	-0.168044138
831	TRIM28	S258S	Silent	-0.474638853
832	TRIM28	L263P	Missense	0.622468685
833	TRIM28	H267H	Silent	-0.010387028
834	TRIM28	T269T	Silent	-0.416287884
835	TRIM28	Q271R;K272E	Missense;Missense	0.837738919
836	TRIM28	S280P	Missense	1.713098537
837	TRIM28		No Mutation	0.461432862
838	TRIM28	S279G	Missense	-0.231140521
839	TRIM28		No Mutation	-1.653134629
840	TRIM28	(NC)	Intron	-0.694116896
841	TRIM28	(NC);(NC)	Intron;Intron	-0.183032358
842	TRIM28		No Mutation	-0.174797611
843	TRIM28		No Mutation	-0.400093057
844	TRIM28	(NC)	Intron	-0.44066536
845	TRIM28	I281T	Missense	0.333906135
846	TRIM28		No Mutation	-0.613948012
847	TRIM28	V284A	Missense	-0.996787407
848	TRIM28	V284A;S285P	Missense;Missense	0.08596084
849	TRIM28	V284A;S285P	Missense;Missense	-1.241685582
850	TRIM28	V287A	Missense	-0.471500457
851	TRIM28		No Mutation	0.460969177
852	TRIM28	V287V;Q288R;K289E	Silent;Missense;Missense	-0.046839105
853	TRIM28	Q292R	Missense	0.657151255
854	TRIM28	I299V	Missense	0.909952677
855	TRIM28	M303T	Missense	0.17186081
856	TRIM28		No Mutation	-0.911374197
857	TRIM28	K304G	Missense	0.744984952
858	TRIM28	K304G	Missense	-0.01988422
859	TRIM28	K304G;E305G	Missense;Missense	-0.15743467
860	TRIM28	K308G	Missense	-0.552589813
861	TRIM28		No Mutation	-0.203816489
862	TRIM28	N315N;D316D	Silent;Silent	-0.166398354
863	TRIM28	Q318R	Missense	0.433110528
864	TRIM28	(NC)	Intron	0.261658714
865	TRIM28		No Mutation	0.27268838
866	TRIM28		No Mutation	0.382660657
867	TRIM28		No Mutation	-1.380910579
868	TRIM28	(NC);(NC)	Intron;Intron	0.138943641
869	TRIM28	(NC)	Intron	0.890510308
870	TRIM28	V320A	Missense	1.037252041
871	TRIM28		No Mutation	0.182074508
872	TRIM28	(NC)	Splice-acceptor	-0.231266725
873	TRIM28	(NC)	Splice-acceptor	0.682429051
874	TRIM28	T321A	Missense	-0.470918156
875	TRIM28		No Mutation	0.442194439
876	TRIM28	Q324R;Q325R	Missense;Missense	0.341876619
877	TRIM28		No Mutation	0.115589946
878	TRIM28	W333R	Missense	-0.398879009
879	TRIM28		No Mutation	0.856476522
880	TRIM28	K337G;I338V	Missense;Missense	-0.618636953
881	TRIM28		No Mutation	-0.111944984
882	TRIM28		No Mutation	-0.124635235
883	TRIM28	F348L	Missense	0.408251476
884	TRIM28		No Mutation	-0.530732164
885	TRIM28		No Mutation	0.029581017
886	TRIM28		No Mutation	-0.639981339
887	TRIM28	S355S	Silent	-0.25003662
888	TRIM28		No Mutation	-0.297944047
889	TRIM28	L367L	Silent	-4.03086436
890	TRIM28	K365G;K366G	Missense;Missense	-0.7410138
891	TRIM28	K366G	Missense	-0.144324546
892	TRIM28	K366R	Missense	0.036739364
893	TRIM28	(NC)	Intron	0.085575325
894	TRIM28	(NC)	Intron	-0.417352218
895	TRIM28		No Mutation	-0.22313659
896	TRIM28		No Mutation	-0.268662596
897	TRIM28	I368T	Missense	0.876697527
898	TRIM28	F370P	Missense	-0.630709239
899	TRIM28	F370S	Missense	-0.056202074
900	TRIM28	Y369C	Missense	0.159231382
901	TRIM28	Y369C	Missense	0.38849868
902	TRIM28	L372P	Missense	0.279942981
903	TRIM28	L376P	Missense	0.286413065
904	TRIM28		No Mutation	-0.676463822
905	TRIM28	I379T	Missense	-0.319305004
906	TRIM28	V380A;D381D	Missense;Silent	0.727329358
907	TRIM28	M378V;I379V	Missense;Missense	-0.764068958
908	TRIM28	D381D	Silent	0.828872753
909	TRIM28	D381G	Missense	-0.84075217
910	TRIM28		No Mutation	0.072019754
911	TRIM28		No Mutation	0.230274861
912	TRIM28	F391P	Missense	-0.655159596
913	TRIM28	E388G	Missense	-1.005974405
914	TRIM28	E388G;M389V	Missense;Missense	0.062670027
915	TRIM28	Q392R	Missense	0.725958418
916	TRIM28		No Mutation	-1.140563881
917	TRIM28	T399A	Missense	-0.219221826
918	TRIM28		No Mutation	-0.169982507
919	TRIM28	K400G;S401G	Missense;Missense	0.180591353
920	TRIM28	S401G	Missense	-0.469480918
921	TRIM28		No Mutation	0.53124428
922	TRIM28	F405P	Missense	-0.398968861
923	TRIM28	(NC)	Intron	-0.494922364
924	TRIM28	(NC)	Intron	-0.143151105
925	TRIM28	I408V	Missense	-0.074747304
926	TRIM28		No Mutation	-0.938336469
927	TRIM28		No Mutation	0.012430172
928	TRIM28	S417S;T418A	Silent;Missense	-0.736887397
929	TRIM28	P425P	Silent	0.13454062
930	TRIM28	P425P	Silent	-0.463596486
931	TRIM28		No Mutation	0.222147937
932	TRIM28		No Mutation	-0.098680396
933	TRIM28		No Mutation	0.249552073
934	TRIM28		No Mutation	0.120269661
935	TRIM28		No Mutation	0.424043769
936	TRIM28		No Mutation	0.438992387
937	TRIM28		No Mutation	0.883254364
938	TRIM28	L432P	Missense	-0.709370287
939	TRIM28	P429P	Silent	0.200369502
940	TRIM28		No Mutation	-0.078634982
941	TRIM28		No Mutation	0.733670919
942	TRIM28		No Mutation	0.4267182
943	TRIM28		No Mutation	0.213541879
944	TRIM28	S433G	Missense	0.472470105
945	TRIM28	S437P	Missense	0.125431893
946	TRIM28	S437P	Missense	0.583748996
947	TRIM28	S437P	Missense	-0.400163698
948	TRIM28		No Mutation	0.510840813
949	TRIM28	S439G	Missense	-0.74293568
950	TRIM28	Q441R	Missense	0.978464518
951	TRIM28		No Mutation	-0.36950579
952	TRIM28	(NC);(NC)	Intron;Intron	-0.299848427
953	TRIM28		No Mutation	0.553008759
954	TRIM28		No Mutation	0.276164823
955	TRIM28	(NC);(NC)	Intron;Splice-acceptor	1.052825072
956	TRIM28	M443V	Missense	0.178685625
957	TRIM28	E444G	Missense	0.047574812
958	TRIM28		No Mutation	-0.849849686
959	TRIM28		No Mutation	-0.879284104
960	TRIM28	Q446R;E447G	Missense;Missense	-0.067991072
961	TRIM28	Q446R;E447G	Missense;Missense	-0.513994924
962	TRIM28	Y449C	Missense	0.107665244
963	TRIM28		No Mutation	0.215963004
964	TRIM28		No Mutation	0.675271799
965	TRIM28	(NC)	Intron	-0.939770236
966	TRIM28	(NC)	Intron	0.713844693
967	TRIM28		No Mutation	-0.294530234
968	TRIM28		No Mutation	0.392219843
969	TRIM28	(NC);(NC);(NC)	Intron;Intron;Intron	-0.243942293
970	TRIM28	D455D;D456D	Silent;Silent	-0.234117309
971	TRIM28		No Mutation	0.18118707
972	TRIM28		No Mutation	0.464339618
973	TRIM28	A461A;E462G	Silent;Missense	-0.285825408
974	TRIM28	H464R	Missense	-0.445690746
975	TRIM28	V468A	Missense	0.012455572
976	TRIM28	V468A	Missense	0.022016168
977	TRIM28		No Mutation	-0.103513135
978	TRIM28		No Mutation	0.455911474
979	TRIM28	(NC);(NC);(NC)	Intron;Intron;Intron	0.40173255
980	TRIM28	(NC);(NC)	Intron;Intron	0.234197197
981	TRIM28	(NC)	Intron	-0.611406739
982	TRIM28	(NC)	Intron	-0.02145136
983	TRIM28	(NC)	Intron	-0.596000572
984	TRIM28	(NC)	Intron	0.381625257
985	TRIM28	(NC);(NC)	Intron;Intron	-0.58972636
986	TRIM28	(NC)	Splice-acceptor	0.986708981
987	TRIM28	(NC)	Splice-acceptor	0.372437132
988	TRIM28		No Mutation	-0.01195377
989	TRIM28		No Mutation	-0.366649371
990	TRIM28		No Mutation	-0.272136391
991	TRIM28	E475G	Missense	-0.540136908
992	TRIM28	S479G	Missense	0.523629292
993	TRIM28		No Mutation	0.192863559
994	TRIM28	R487R;S489G	Silent;Missense	0.340382047
995	TRIM28		No Mutation	1.320212509
996	TRIM28		No Mutation	0.175816454
997	TRIM28	L495P	Missense	0.745194777
998	TRIM28		No Mutation	-0.535417167
999	TRIM28	A499A	Silent	0.291099056
1000	TRIM28		No Mutation	-0.392374928
1001	TRIM28	Q502R	Missense	-0.66153617
1002	TRIM28		No Mutation	0.152750247
1003	TRIM28		No Mutation	0.651927632
1004	TRIM28	V508A;F509P	Missense;Missense	-0.009390596
1005	TRIM28	F509P	Missense	0.865434369
1006	TRIM28	F509S	Missense	0.696192925
1007	TRIM28	P510P	Silent	-0.747466367
1008	TRIM28	T514T	Silent	-0.395482032
1009	TRIM28		No Mutation	-0.759334778
1010	TRIM28	L519P	Missense	0.174120144
1011	TRIM28	I520V	Missense	-0.39482534
1012	TRIM28	R524R	Silent	0.257821026
1013	TRIM28		No Mutation	0.230877337
1014	TRIM28	A529A	Silent	-0.147383224
1015	TRIM28	A529A	Silent	0.046177565
1016	TRIM28		No Mutation	0.419955233
1017	TRIM28	T536T	Silent	-0.850042931
1018	TRIM28	P534P	Silent	-0.512887158
1019	TRIM28	P538P	Silent	1.024425468
1020	TRIM28		No Mutation	-0.188613999
1021	TRIM28		No Mutation	0.197631639
1022	TRIM28	G543G	Silent	0.359050398
1023	TRIM28		No Mutation	-0.047040196
1024	TRIM28		No Mutation	-0.20447767
1025	TRIM28	L547P	Missense	0.988798993
1026	TRIM28	L547P	Missense	-0.259868392
1027	TRIM28	L547P	Missense	0.129055978
1028	TRIM28	P545P	Silent	-0.260263173
1029	TRIM28	M550T	Missense	-0.338892598
1030	TRIM28	M550T	Missense	-0.2830384
1031	TRIM28	M550T	Missense	0.242075105
1032	TRIM28	I552T	Missense	-0.523687154
1033	TRIM28	I552T	Missense	0.819741328
1034	TRIM28	M550V	Missense	0.304843954
1035	TRIM28	I552T	Missense	0.409877192
1036	TRIM28	(NC)	Intron	-0.691167047
1037	TRIM28	K554G	Missense	-0.172774506
1038	TRIM28	(NC)	Intron	0.351773507
1039	TRIM28	(NC);(NC)	Intron;Intron	1.139020013
1040	TRIM28	(NC);(NC)	Intron;Intron	-0.27593496
1041	TRIM28	(NC)	Intron	0.639436315
1042	TRIM28	(NC);(NC)	Intron;Intron	-0.039202599
1043	TRIM28		No Mutation	-0.142507919
1044	TRIM28		No Mutation	0.080401689
1045	TRIM28	P566P;T567T	Silent;Silent	0.030228118
1046	TRIM28		No Mutation	-0.20206377
1047	TRIM28		No Mutation	0.603285643
1048	TRIM28	T569T	Silent	-0.563330107
1049	TRIM28	T569T	Silent	0.317515351
1050	TRIM28		No Mutation	0.242546377
1051	TRIM28		No Mutation	0.332220995
1052	TRIM28		No Mutation	0.279628547
1053	TRIM28	T574A;K575E	Missense;Missense	-0.287923109
1054	TRIM28	P576P;V577A	Silent;Missense	0.499811305
1055	TRIM28	V577A;L578P	Missense;Missense	0.057282476
1056	TRIM28	M579T;A580A	Missense;Silent	0.660313243
1057	TRIM28		No Mutation	0.359821376
1058	TRIM28	M579V	Missense	0.387135852
1059	TRIM28	M579V	Missense	-0.705042786
1060	TRIM28	L581P	Missense	0.158656739
1061	TRIM28		No Mutation	-0.24750512
1062	TRIM28	E583G	Missense	0.366990624
1063	TRIM28	E583G	Missense	-0.086888307
1064	TRIM28		No Mutation	-0.469045095
1065	TRIM28		No Mutation	-0.06469886
1066	TRIM28		No Mutation	0.66853558
1067	TRIM28	P595P	Silent	-1.642839973
1068	TRIM28	P595P;S596S	Silent;Silent	0.142050716
1069	TRIM28	P595P;S596S	Silent;Silent	0.292544573
1070	TRIM28	S596S	Silent	0.01712684
1071	TRIM28		No Mutation	0.203846104
1072	TRIM28	S596G	Missense	0.536481583
1073	TRIM28		No Mutation	-0.858803106
1074	TRIM28	S601P	Missense	-0.123025227
1075	TRIM28	S598G;T599A	Missense;Missense	0.517986519
1076	TRIM28	T599A;S600G	Missense;Missense	0.348525772
1077	TRIM28	S600G	Missense	-0.309054976
1078	TRIM28	S601S	Silent	0.659974605
1079	TRIM28	V605A	Missense	0.339264135
1080	TRIM28	E604G	Missense	0.34149032
1081	TRIM28	E604G	Missense	-0.026124995
1082	TRIM28	E609G	Missense	0.53451393
1083	TRIM28	T611A	Missense	0.572710457
1084	TRIM28		No Mutation	0.200177304
1085	TRIM28	T611A	Missense	0.423759503
1086	TRIM28	S612S	Silent	-0.503276659
1087	TRIM28		No Mutation	-0.054751241
1088	TRIM28	G616G	Silent	-0.183202325
1089	TRIM28		No Mutation	0.207576613
1090	TRIM28		No Mutation	-0.159297274
1091	TRIM28		No Mutation	-0.400861299
1092	TRIM28		No Mutation	0.76644021
1093	TRIM28	D622D	Silent	0.80035115
1094	TRIM28		No Mutation	-0.063210801
1095	TRIM28		No Mutation	-0.20108459
1096	TRIM28		No Mutation	1.063284464
1097	TRIM28	V630A;C631R	Missense;Missense	-0.078613816
1098	TRIM28		No Mutation	-0.08993076
1099	TRIM28		No Mutation	0.889649401
1100	TRIM28		No Mutation	0.802264136
1101	TRIM28	Q632R;K633E	Missense;Missense	0.769813411
1102	TRIM28	D636D;L637P	Silent;Missense	0.385166866
1103	TRIM28	M639T;C640R	Missense;Missense	-0.323355421
1104	TRIM28	C646C;F647P	Silent;Missense	-0.233248301
1105	TRIM28		No Mutation	0.160133059
1106	TRIM28	L653P	Missense	0.505885114
1107	TRIM28		No Mutation	0.26951375
1108	TRIM28	H652R	Missense	0.342516741
1109	TRIM28	D658D	Silent	-0.152025403
1110	TRIM28		No Mutation	1.131282854
1111	TRIM28		No Mutation	0.166541562
1112	TRIM28	V659A	Missense	-0.30275641
1113	TRIM28		No Mutation	1.58097955
1114	TRIM28	(NC)	Splice-donor	-0.04154858
1115	TRIM28	V659V	Silent	-0.911815184
1116	TRIM28	P660P	Silent	0.44861338
1117	TRIM28	(NC)	Intron	-0.589421378
1118	TRIM28	(NC)	Intron	-0.427297622
1119	TRIM28	(NC)	Intron	-0.185466102
1120	TRIM28	(NC)	Intron	0.448639275
1121	TRIM28	(NC)	Intron	0.262552032
1122	TRIM28	(NC)	Intron	-0.320401838
1123	TRIM28	(NC)	Intron	0.534677428
1124	TRIM28	(NC)	Intron	0.649568848
1125	TRIM28	C666R	Missense	0.146449466
1126	TRIM28	C666R	Missense	0.129039716
1127	TRIM28		No Mutation	-0.21935789
1128	TRIM28		No Mutation	-0.446034723
1129	TRIM28	L675P	Missense	0.46890617
1130	TRIM28		No Mutation	0.901125985
1131	TRIM28	D674G	Missense	1.067250909
1132	TRIM28		No Mutation	0.963263957
1133	TRIM28		No Mutation	-0.075882693
1134	TRIM28	D679D	Silent	-0.813722066
1135	TRIM28	D679G	Missense	0.192576291
1136	TRIM28	S681G	Missense	0.154956585
1137	TRIM28	G686G	Silent	-0.521060854
1138	TRIM28	D685G	Missense	0.324661048
1139	TRIM28		No Mutation	-0.070593192
1140	TRIM28	A687A	Silent	-0.31685685
1141	TRIM28	A687A;D688G;S689G	Silent;Missense;Missense	0.319287611
1142	TRIM28	S697S	Silent	0.003043831
1143	TRIM28		No Mutation	-0.874992272
1144	TRIM28	S697S	Silent	0.858519302
1145	TRIM28	P698P	Silent	-0.018574351
1146	TRIM28	P698P;N700D	Silent;Missense	0.199700942
1147	TRIM28	N700G;Q701R	Missense;Missense	0.395357195
1148	TRIM28	(NC)	Splice-donor	0.277129346
1149	TRIM28	N700S;Q701R	Missense;Missense	-0.214481559
1150	TRIM28	Q701R	Missense	0.001446462
1151	TRIM28	(NC)	Intron	0.249531733
1152	TRIM28	(NC)	Intron	0.390789329
1153	TRIM28	(NC)	Intron	0.947006284
1154	TRIM28		No Mutation	0.142517069
1155	TRIM28		No Mutation	0.440376947
1156	TRIM28	(NC)	Intron	1.711757081
1157	TRIM28		No Mutation	-0.538772532
1158	TRIM28	K703K	Silent	-1.090823823
1159	TRIM28		No Mutation	-1.461479502
1160	TRIM28	C717R	Missense	-1.064221016
1161	TRIM28		No Mutation	0.599703615
1162	TRIM28	H721H	Silent	-0.213304531
1163	TRIM28	H721H	Silent	0.032863723
1164	TRIM28	L723P	Missense	0.08597785
1165	TRIM28	A724A	Silent	0.302655499
1166	TRIM28	A724A	Silent	-0.573860865
1167	TRIM28	A724A	Silent	-0.079981487
1168	TRIM28	A724A	Silent	0.729655371
1169	TRIM28	D726G	Missense	-0.008919243
1170	TRIM28	L731P	Missense	-0.310618778
1171	TRIM28		No Mutation	0.14309902
1172	TRIM28	(NC);(NC)	Splice-donor;Intron	0.393627108
1173	TRIM28	(NC);(NC)	Intron;Intron	-2.045328887
1174	TRIM28		No Mutation	-0.269748268
1175	TRIM28		No Mutation	1.68405095
1176	TRIM28	(NC)	Intron	-0.364133302
1177	TRIM28	(NC)	Intron	0.269205528
1178	TRIM28	(NC)	Intron	1.418834941
1179	TRIM28	(NC)	Intron	0.826363173
1180	TRIM28		No Mutation	0.401447041
1181	TRIM28		No Mutation	0.361997418
1182	TRIM28		No Mutation	-0.545417461
1183	TRIM28	(NC)	Splice-acceptor	-0.108010859
1184	TRIM28	G735G	Silent	0.612238398
1185	TRIM28	Q733R	Missense	7e-05
1186	TRIM28	L738P	Missense	0.289453475
1187	TRIM28	D739D;L740P	Silent;Missense	0.11483053
1188	TRIM28	D739D;L740P	Silent;Missense	1.408346057
1189	TRIM28	L742P;I743T	Missense;Missense	0.046031029
1190	TRIM28	I743T	Missense	-0.705793099
1191	TRIM28	I743V	Missense	0.48703556
1192	TRIM28	L747P	Missense	0.51596873
1193	TRIM28	L747P	Missense	-0.104402287
1194	TRIM28		No Mutation	0.213038958
1195	TRIM28	L751P	Missense	-1.515517082
1196	TRIM28	L751P;S752P	Missense;Missense	-0.24376714
1197	TRIM28	S752P	Missense	0.070369583
1198	TRIM28	P753P	Silent	-0.134425223
1199	TRIM28		No Mutation	-1.099430369
1200	TRIM28		No Mutation	0.653358407
1201	TRIM28		No Mutation	-0.405271602
1202	TRIM28		No Mutation	-1.131599916
1203	TRIM28	P758P	Silent	0.764941438
1204	TRIM28		No Mutation	-0.132927026
1205	TRIM28	E760G	Missense	0.577439933
1206	TRIM28		No Mutation	-0.691510866
1207	TRIM28	E760G	Missense	-0.516524857
1208	TRIM28		No Mutation	-0.772000075
1209	TRIM28	M768T	Missense	-0.413732616
1210	TRIM28	M768T;F769L	Missense;Missense	-0.284943412
1211	TRIM28	F772P	Missense	0.214188099
1212	TRIM28	Q771Q;N773D	Silent;Missense	-2.021365264
1213	TRIM28	L775L;T776A	Silent;Missense	0.53980432
1214	TRIM28	E777G	Missense	-0.299180915
1215	TRIM28	(NC)	Intron	-0.140852986
1216	TRIM28	(NC)	Intron	-0.495345795
1217	TRIM28	(NC);(NC)	Intron;Intron	1.00330348
1218	TRIM28		No Mutation	-0.200751643
1219	TRIM28		No Mutation	0.711620322
1220	TRIM28	V782A	Missense	0.363182337
1221	TRIM28	V782A	Missense	0.160557471
1222	TRIM28	D781G	Missense	-0.52868747
1223	TRIM28		No Mutation	-0.562823946
1224	TRIM28	M796V	Missense	-1.368169286
1225	TRIM28	F805P	Missense	-0.277959103
1226	TRIM28	K804G	Missense	-0.838032456
1227	TRIM28		No Mutation	0.737514771
1228	TRIM28	V808A;L809P	Missense;Missense	0.4442876
1229	TRIM28		No Mutation	0.223497288
1230	TRIM28	L817P	Missense	0.446338897
1231	TRIM28	L817P;P818P	Missense;Silent	0.235640277
1232	TRIM28	P818P	Silent	-0.002585928
1233	TRIM28	M815V;S816G	Missense;Missense	0.114529368
1234	TRIM28	P818P	Silent	0.452258002
1235	TRIM28	G819G	Silent	-0.644563273
1236	TRIM28	L822P	Missense	-0.586266154
1237	TRIM28		No Mutation	0.499212221
1238	TRIM28	S823S;S824P	Silent;Missense	-0.265750552
1239	TRIM28	S823G	Missense	-1.056253143
1240	TRIM28	L827P;S828P	Missense;Missense	-0.281137289
1241	TRIM28	Q825R	Missense	0.96465827
1242	TRIM28	E826G	Missense	-0.042438716
1243	TRIM28	G829G	Silent	0.662356133
1244	TRIM28	G829G	Silent	-0.042267575
1245	TRIM28		No Mutation	-0.356640858
1246	TRIM28		No Mutation	-0.063630078
1247	TRIM28	D833G	Missense	0.373318049
1248	TRIM28	*836R	Missense	0.379774609
1249	TRIM28	*836R	Missense	0.141215675
1250	TRIM28	*836W	Missense	0.684765027
1251	TRIM28		No Mutation	0.269394202
1252	TRIM28		No Mutation	-0.287460791
1253	TRIM28	(NC)	UTR	-0.44633357
1254	MPHOSPH8		No Mutation	-0.139763549
1255	MPHOSPH8	(NC)	UTR	-0.286004821
1256	MPHOSPH8		No Mutation	-0.974321047
1257	MPHOSPH8	(NC)	UTR	0.297143664
1258	MPHOSPH8	(NC);M1V	UTR;Missense	1.029737499
1259	MPHOSPH8	M1V	Missense	2.458664378
1260	MPHOSPH8	M1V;E2G	Missense;Missense	2.343526436
1261	MPHOSPH8	Q3R	Missense	0.214476285
1262	MPHOSPH8		No Mutation	-0.342499483
1263	MPHOSPH8	A17A	Silent	0.409936668
1264	MPHOSPH8		No Mutation	0.449545393
1265	MPHOSPH8		No Mutation	0.065291217
1266	MPHOSPH8	S16S	Silent	-0.604245981
1267	MPHOSPH8	D19G;S20G	Missense;Missense	-0.174053792
1268	MPHOSPH8	L24P	Missense	-0.655400572
1269	MPHOSPH8		No Mutation	0.591439839
1270	MPHOSPH8	E26G	Missense	0.473587388
1271	MPHOSPH8	V31A	Missense	0.340371835
1272	MPHOSPH8	E28E;E29G	Silent;Missense	-0.764294072
1273	MPHOSPH8	E29G	Missense	-0.085908635
1274	MPHOSPH8	N38G;D39G	Missense;Missense	0.439654092
1275	MPHOSPH8	A40A	Silent	0.447729106
1276	MPHOSPH8	A40A	Silent	0.236033998
1277	MPHOSPH8	R43G	Missense	0.526125928
1278	MPHOSPH8		No Mutation	-0.030058737
1279	MPHOSPH8		No Mutation	-0.132439561
1280	MPHOSPH8		No Mutation	-0.344908037
1281	MPHOSPH8	D50G	Missense	-0.546401151
1282	MPHOSPH8		No Mutation	0.721965934
1283	MPHOSPH8	S51G	Missense	0.20476459
1284	MPHOSPH8	G55G	Silent	-0.195162446
1285	MPHOSPH8	G55G;E56G	Silent;Missense	0.088400313
1286	MPHOSPH8	E60G	Missense	-0.69361818
1287	MPHOSPH8		No Mutation	-0.203278503
1288	MPHOSPH8	D66G	Missense	2.01139335
1289	MPHOSPH8	D66G	Missense	0.681816135
1290	MPHOSPH8	D66G;M67V	Missense;Missense	1.347904653
1291	MPHOSPH8		No Mutation	1.172043212
1292	MPHOSPH8	K68G;T69A	Missense;Missense	0.920816792
1293	MPHOSPH8	T69A;E70G	Missense;Missense	-0.115421517
1294	MPHOSPH8	E70G	Missense	1.03426367
1295	MPHOSPH8	E70G	Missense	-0.103230507
1296	MPHOSPH8		No Mutation	0.223523788
1297	MPHOSPH8	(NC)	Intron	0.784208298
1298	MPHOSPH8	(NC)	Intron	0.471886171
1299	MPHOSPH8	(NC)	Intron	-0.827694367
1300	MPHOSPH8	(NC)	Intron	0.276721933
1301	MPHOSPH8	(NC);(NC)	Intron;Intron	1.384577177
1302	MPHOSPH8		No Mutation	1.962709828
1303	MPHOSPH8		No Mutation	0.65947245
1304	MPHOSPH8	Y76C;K77G	Missense;Missense	0.682724806
1305	MPHOSPH8	K81E	Missense	0.130820628
1306	MPHOSPH8	T84T	Silent	0.171306534
1307	MPHOSPH8	T84T	Silent	0.325625236
1308	MPHOSPH8	E91G	Missense	1.007249619
1309	MPHOSPH8	I94T	Missense	0.606549993
1310	MPHOSPH8		No Mutation	0.521379399
1311	MPHOSPH8		No Mutation	0.606441084
1312	MPHOSPH8		No Mutation	0.267313976
1313	MPHOSPH8		No Mutation	0.386807075
1314	MPHOSPH8	E101G	Missense	-0.179507987
1315	MPHOSPH8	N113S;K114G	Missense;Missense	0.749190519
1316	MPHOSPH8	K114K;K116E	Silent;Missense	-0.177101729
1317	MPHOSPH8	D121D	Silent	-0.708906971
1318	MPHOSPH8	A117A;R119G	Silent;Missense	-0.559862835
1319	MPHOSPH8	L127L;N128G;N129D	Silent;Missense;Missense	0.394120112
1320	MPHOSPH8	I131T;F132P	Missense;Missense	-0.228512805
1321	MPHOSPH8	K152R;K153G	Missense;Missense	-0.438919039
1322	MPHOSPH8	K169G;K170E	Missense;Missense	0.22154483
1323	MPHOSPH8	K170G;K171G	Missense;Missense	0.274342581
1324	MPHOSPH8	K170R;K171G	Missense;Missense	-0.168529366
1325	MPHOSPH8	K181G	Missense	0.3684183
1326	MPHOSPH8		No Mutation	0.372427619
1327	MPHOSPH8	P184P;D185G	Silent;Missense	-0.25408267
1328	MPHOSPH8	S189P;L190P	Missense;Missense	0.114952271
1329	MPHOSPH8		No Mutation	-1.393947112
1330	MPHOSPH8	V194A;F195P	Missense;Missense	0.337500422
1331	MPHOSPH8	E205E;K207E	Silent;Missense	0.002423332
1332	MPHOSPH8		No Mutation	0.260224921
1333	MPHOSPH8	E226E;L227L;K228E	Silent;Silent;Missense	-0.540656817
1334	MPHOSPH8	L227L;K228G	Silent;Missense	-0.832699947
1335	MPHOSPH8	E255E;K256G	Silent;Missense	0.492897655
1336	MPHOSPH8	K256K	Silent	-1.027476167
1337	MPHOSPH8	S266P	Missense	-0.435132806
1338	MPHOSPH8	S266P	Missense	-0.92833567
1339	MPHOSPH8	D271G	Missense	-0.201451424
1340	MPHOSPH8	P275P;E276G	Silent;Missense	0.162852437
1341	MPHOSPH8		No Mutation	0.310009671
1342	MPHOSPH8	P275P;E276G	Silent;Missense	0.505616493
1343	MPHOSPH8	S279S	Silent	0.223516876
1344	MPHOSPH8		No Mutation	-1.168703198
1345	MPHOSPH8		No Mutation	0.543228352
1346	MPHOSPH8	S295G	Missense	1.175906552
1347	MPHOSPH8	A296A	Silent	0.372889906
1348	MPHOSPH8	A296A;R297G	Silent;Missense	0.48108847
1349	MPHOSPH8	R299G	Missense	0.029120131
1350	MPHOSPH8	R299G	Missense	-1.19638515
1351	MPHOSPH8	R299R;A300A	Silent;Silent	-1.038530523
1352	MPHOSPH8	A300A	Silent	-0.32424539
1353	MPHOSPH8	D303G;M304V	Missense;Missense	0.083563054
1354	MPHOSPH8	M318T	Missense	-0.231118462
1355	MPHOSPH8	M318T;S319S	Missense;Silent	0.638075245
1356	MPHOSPH8	S316G	Missense	0.923557467
1357	MPHOSPH8	S319S	Silent	0.458313249
1358	MPHOSPH8	M318V	Missense	-0.393282984
1359	MPHOSPH8	D323D	Silent	0.727090034
1360	MPHOSPH8	E322G;D323G	Missense;Missense	-0.193951272
1361	MPHOSPH8	D323G;T324A	Missense;Missense	-0.887834896
1362	MPHOSPH8	D325G	Missense	-0.082629732
1363	MPHOSPH8		No Mutation	-0.840580912
1364	MPHOSPH8	K331K;K332G;K333E	Silent;Missense;Missense	0.045068693
1365	MPHOSPH8	T334A	Missense	0.488403927
1366	MPHOSPH8		No Mutation	0.312933321
1367	MPHOSPH8		No Mutation	-0.153831699
1368	MPHOSPH8		No Mutation	-0.247991188
1369	MPHOSPH8	E339G;D340G	Missense;Missense	0.340592199
1370	MPHOSPH8		No Mutation	0.042657186
1371	MPHOSPH8	V381V	Silent	0.937612668
1372	MPHOSPH8		No Mutation	0.082357013
1373	MPHOSPH8		No Mutation	0.782451137
1374	MPHOSPH8	Q384R	Missense	-0.04133862
1375	MPHOSPH8	Q384R;T385A	Missense;Missense	0.1831957
1376	MPHOSPH8		No Mutation	-0.191855963
1377	MPHOSPH8		No Mutation	0.162727801
1378	MPHOSPH8	K387G	Missense	0.459301084
1379	MPHOSPH8	K387R	Missense	-0.212622558
1380	MPHOSPH8		No Mutation	0.982897391
1381	MPHOSPH8	L391P	Missense	-0.36446034
1382	MPHOSPH8	S392G	Missense	-0.336283805
1383	MPHOSPH8	E394G	Missense	-0.551240824
1384	MPHOSPH8	R396G	Missense	0.005547294
1385	MPHOSPH8	T401A	Missense	-0.978168011
1386	MPHOSPH8	S403P	Missense	-0.088132491
1387	MPHOSPH8	T401A	Missense	-0.631733927
1388	MPHOSPH8	D402G;S403S	Missense;Silent	-0.281651202
1389	MPHOSPH8		No Mutation	0.829910277
1390	MPHOSPH8	S403S	Silent	-0.197996672
1391	MPHOSPH8	E405G	Missense	0.99988845
1392	MPHOSPH8	E405G;E406G	Missense;Missense	0.498770808
1393	MPHOSPH8	E406G	Missense	1.821774633
1394	MPHOSPH8		No Mutation	0.12234527
1395	MPHOSPH8		No Mutation	-0.335597453
1396	MPHOSPH8	K416R;E417G	Missense;Missense	1.165596929
1397	MPHOSPH8	K421K;R422G	Silent;Missense	0.775682793
1398	MPHOSPH8	D426G	Missense	0.099338007
1399	MPHOSPH8	R432G	Missense	-1.7776865
1400	MPHOSPH8	(NC)	Splice-donor	-0.067289354
1401	MPHOSPH8	(NC);(NC);(NC);(NC)	Intron;Intron;Intron;Intron	-0.919000696
1402	MPHOSPH8	D460G	Missense	-1.618231094
1403	MPHOSPH8	E463G	Missense	-0.447169843
1404	MPHOSPH8	E463G;N464D	Missense;Missense	-1.237522209
1405	MPHOSPH8	K467K;R468G	Silent;Missense	0.074490136
1406	MPHOSPH8	I478M;D479G	Missense;Missense	-0.12441807
1407	MPHOSPH8	K487R;Q488R	Missense;Missense	-0.849525194
1408	MPHOSPH8	A504A;Y505C	Silent;Missense	0.646848585
1409	MPHOSPH8		No Mutation	-0.008286591
1410	MPHOSPH8	A508A	Silent	0.27001993
1411	MPHOSPH8	Q520R	Missense	-0.790122571
1412	MPHOSPH8	N524N;S525P	Silent;Missense	0.805013324
1413	MPHOSPH8	E523G;N524G	Missense;Missense	-0.277367252
1414	MPHOSPH8	(NC)	Intron	-0.381227922
1415	MPHOSPH8		No Mutation	-0.233620945
1416	MPHOSPH8	I531T	Missense	0.121857655
1417	MPHOSPH8	Q529R	Missense	0.827179528
1418	MPHOSPH8	Q529R;Q530R	Missense;Missense	0.112827322
1419	MPHOSPH8	I531V	Missense	-0.345592159
1420	MPHOSPH8	M536V	Missense	-0.331374995
1421	MPHOSPH8	D537G	Missense	0.752622264
1422	MPHOSPH8		No Mutation	0.06414664
1423	MPHOSPH8	M543T	Missense	0.610885357
1424	MPHOSPH8	Q549R	Missense	0.985222756
1425	MPHOSPH8	Q549R	Missense	-0.691640929
1426	MPHOSPH8	D553D	Silent	0.254529997
1427	MPHOSPH8	D556D	Silent	-0.628574456
1428	MPHOSPH8	P566P;S567G	Silent;Missense	0.145783789
1429	MPHOSPH8	(NC);(NC);(NC);(NC)	Intron;Intron;Intron;Intron	-2.071206035
1430	MPHOSPH8	R571G;D572G	Missense;Missense	0.151095584
1431	MPHOSPH8	D572G	Missense	-1.252600763
1432	MPHOSPH8	D572G	Missense	0.162758568
1433	MPHOSPH8	S588S;N589G	Silent;Missense	-0.830699651
1434	MPHOSPH8	E591E;Y592C;N593D	Silent;Missense;Missense	1.167337622
1435	MPHOSPH8	(NC);(NC)	Intron;Intron	-0.387745004
1436	MPHOSPH8	(NC);(NC);(NC)	Intron;Intron;Intron	1.376371603
1437	MPHOSPH8	(NC);(NC)	Intron;Intron	-0.152474968
1438	MPHOSPH8	(NC);(NC)	Intron;Intron	0.286264764
1439	MPHOSPH8	S600S	Silent	0.488885788
1440	MPHOSPH8	S600G	Missense	-2.096137703
1441	MPHOSPH8	L604P;V605A	Missense;Missense	0.069328052
1442	MPHOSPH8	M606V	Missense	-0.92783427
1443	MPHOSPH8	M606V	Missense	0.599900561
1444	MPHOSPH8		No Mutation	0.206051362
1445	MPHOSPH8		No Mutation	-0.090179838
1446	MPHOSPH8		No Mutation	-0.291954933
1447	MPHOSPH8		No Mutation	0.03860121
1448	MPHOSPH8	L616P	Missense	0.130388632
1449	MPHOSPH8	I621T	Missense	-0.597748849
1450	MPHOSPH8	R618R	Silent	-3.513294625
1451	MPHOSPH8	K623G	Missense	1.141389152
1452	MPHOSPH8		No Mutation	-0.598390572
1453	MPHOSPH8	N628G	Missense	0.904631026
1454	MPHOSPH8	N628S	Missense	1.721141458
1455	MPHOSPH8	H640H;A641A	Silent;Silent	-0.02098567
1456	MPHOSPH8	A641A	Silent	-1.049194985
1457	MPHOSPH8	I639V	Missense	0.411095805
1458	MPHOSPH8		No Mutation	0.587500267
1459	MPHOSPH8		No Mutation	0.088547466
1460	MPHOSPH8		No Mutation	1.207250717
1461	MPHOSPH8	(NC)	Intron	-3.452153333
1462	MPHOSPH8	T648T;T649A	Silent;Missense	0.261948279
1463	MPHOSPH8	N661G	Missense	0.923146601
1464	MPHOSPH8	G667G	Silent	0.516390463
1465	MPHOSPH8	E668G;T669A	Missense;Missense	2.081251176
1466	MPHOSPH8	K673R;(NC)	Missense;Intron	1.77558792
1467	MPHOSPH8	(NC)	Intron	-0.085678836
1468	MPHOSPH8	(NC);(NC)	Intron;Splice-acceptor	1.072307316
1469	MPHOSPH8	R684R	Silent	0.647463791
1470	MPHOSPH8	F706L	Missense	0.030240487
1471	MPHOSPH8		No Mutation	-0.607336142
1472	MPHOSPH8	S710P	Missense	0.79866102
1473	MPHOSPH8	V729V;A730A	Silent;Silent	-1.032176848
1474	MPHOSPH8		No Mutation	-0.780323472
1475	MPHOSPH8	C753R	Missense	1.667242243
1476	MPHOSPH8	L756P	Missense	1.209143834
1477	MPHOSPH8	A752A	Silent	0.463645443
1478	MPHOSPH8	H754R	Missense	0.506719759
1479	MPHOSPH8	D765D;F766P	Silent;Missense	-0.882386585
1480	MPHOSPH8	P771P;Q772R	Silent;Missense	-0.983248202
1481	MPHOSPH8		No Mutation	-0.899886683
1482	MPHOSPH8		No Mutation	0.429505453
1483	MPHOSPH8		No Mutation	0.120533425
1484	MPHOSPH8		No Mutation	0.376432447
1485	MPHOSPH8	(NC)	Intron	0.519289045
1486	MPHOSPH8	S778S	Silent	-0.233876356
1487	MPHOSPH8	I780T	Missense	0.586481173
1488	MPHOSPH8	H786H	Silent	0.695073986
1489	MPHOSPH8	G791G	Silent	0.739284161
1490	MPHOSPH8	K792G	Missense	-0.511327218
1491	MPHOSPH8	I795V	Missense	0.055467842
1492	MPHOSPH8	A806A;V807A	Silent;Missense	-0.055277872
1493	MPHOSPH8	(NC)	Intron	0.468416809
1494	MPHOSPH8	H822H;F823P	Silent;Missense	0.9913682
1495	MPHOSPH8	S826S	Silent	0.3185457
1496	MPHOSPH8	N834N	Silent	0.144148063
1497	MPHOSPH8	N834N	Silent	0.299053923
1498	MPHOSPH8	N834G	Missense	1.795009031
1499	MPHOSPH8	I838T	Missense	0.177061184
1500	MPHOSPH8	I838T	Missense	-0.630337595
1501	MPHOSPH8	T841T;E842G	Silent;Missense	-0.180899757
1502	MPHOSPH8	(NC)	Intron	0.931503973
1503	MPHOSPH8	(NC)	Intron	0.410494349
1504	MPHOSPH8	(NC);(NC);(NC);(NC)	Intron;Intron;Intron;Intron	0.120723542
1505	MPHOSPH8	(NC);(NC)	Intron;Intron	-1.663950893
1506	MPHOSPH8	(NC)	Splice-acceptor	1.30378927
1507	MPHOSPH8	Q860R	Missense	-0.529526121
1508	MPHOSPH8	Q860R	Missense	-0.33881685
1509	MPHOSPH8	*861W;(NC)	Missense;UTR	-0.914406463
1510	MPHOSPH8	*861W;(NC);(NC)	Missense;UTR;UTR	-0.26033738
1511	MPHOSPH8	(NC);(NC);(NC);(NC)	UTR;UTR;UTR;UTR	1.418477774
1512	MPHOSPH8	(NC)	UTR	-0.051647035
1513	TASOR	*1610Q	Missense	-0.924913676
1514	TASOR		No Mutation	0.02211544
1515	TASOR	K1598G	Missense	-0.253549587
1516	TASOR	W1596R	Missense	-0.123440621
1517	TASOR	P1591P	Silent	-0.369806416
1518	TASOR	P1591P	Silent	-0.23088439
1519	TASOR	P1591P	Silent	0.129830693
1520	TASOR		No Mutation	0.829050157
1521	TASOR	S1570P	Missense	-0.628837481
1522	TASOR	S1570P	Missense	0.21175163
1523	TASOR	S1567P	Missense	-1.737256774
1524	TASOR	H1549H;F1550P	Silent;Missense	0.617378073
1525	TASOR	H1549H;F1550P	Silent;Missense	-0.602304623
1526	TASOR	S1530S	Silent	-0.398620091
1527	TASOR	D1514G;I1515V	Missense;Missense	-0.167054355
1528	TASOR		No Mutation	-0.265211887
1529	TASOR		No Mutation	-0.503151649
1530	TASOR	E1471G;T1472A	Missense;Missense	-0.511684569
1531	TASOR	E1469G	Missense	-1.406455795
1532	TASOR	M1446V	Missense	0.214356743
1533	TASOR	D1445G;M1446V	Missense;Missense	-0.157708275
1534	TASOR	D1445G;M1446V	Missense;Missense	-0.252345392
1535	TASOR	E1443G	Missense	0.366785014
1536	TASOR	D1439G	Missense	0.872113533
1537	TASOR	N1428G	Missense	-0.349315739
1538	TASOR	N1426N	Silent	0.41579512
1539	TASOR	G1424G;A1425A	Silent;Silent	-0.482140323
1540	TASOR	E1418G;N1419G	Missense;Missense	0.098593628
1541	TASOR	N1404G	Missense	0.607191808
1542	TASOR	Q1403Q;N1404G	Silent;Missense	1.212753932
1543	TASOR	T1389A	Missense	0.400006409
1544	TASOR	N1391N	Silent	0.897682496
1545	TASOR	S1387G	Missense	-0.049423584
1546	TASOR	A1366A	Silent	0.158889776
1547	TASOR		No Mutation	0.222846218
1548	TASOR	L1361P;I1362T	Missense;Missense	-0.126590522
1549	TASOR	R1353R;N1354D	Silent;Missense	1.02317776
1550	TASOR		No Mutation	-0.916046175
1551	TASOR	Y1334C	Missense	-1.198591352
1552	TASOR	K1313R;L1314L	Missense;Silent	0.411541573
1553	TASOR	K1312G;K1313G	Missense;Missense	0.598714839
1554	TASOR	K1309K	Silent	0.281526701
1555	TASOR		No Mutation	-0.397773363
1556	TASOR	P1298P;E1299G	Silent;Missense	-0.361864181
1557	TASOR	T1297A	Missense	-0.039700401
1558	TASOR	E1294G	Missense	0.251402477
1559	TASOR	S1296S;T1297T	Silent;Silent	0.515819664
1560	TASOR	V1282A	Missense	-0.047984431
1561	TASOR	V1282A	Missense	0.127838164
1562	TASOR	P1277P;E1278G	Silent;Missense	-0.45220728
1563	TASOR	E1272E;S1273S;I1274V	Silent;Silent;Missense	-0.014960295
1564	TASOR	E1260G	Missense	0.46709607
1565	TASOR	N1259G;E1260G	Missense;Missense	0.027810361
1566	TASOR	A1245A;G1246G	Silent;Silent	0.335977516
1567	TASOR	A1245A	Silent	-0.030152199
1568	TASOR	F1244F;A1245A	Silent;Silent	0.14986663
1569	TASOR	L1236P	Missense	0.18483189
1570	TASOR	(NC);(NC);(NC)	Intron;Intron;Intron	0.107389264
1571	TASOR	(NC)	Intron	0.366105034
1572	TASOR	A1224A	Silent	0.380856365
1573	TASOR	Q1219R;N1220G	Missense;Missense	-0.479224135
1574	TASOR		No Mutation	-1.502752428
1575	TASOR	E1189G;Y1190C	Missense;Missense	0.923751119
1576	TASOR	K1188G	Missense	-0.785630808
1577	TASOR		No Mutation	-0.537033247
1578	TASOR	S1158S;L1159P	Silent;Missense	-0.725565464
1579	TASOR	E1154G	Missense	-0.262022317
1580	TASOR	V1155A;F1156L	Missense;Missense	-0.273673509
1581	TASOR	F1147P;I1148T	Missense;Missense	1.627246563
1582	TASOR	I1138T;S1139P	Missense;Missense	0.699700928
1583	TASOR	I1138T;S1139P	Missense;Missense	-0.82649628
1584	TASOR	I1138T;S1139P	Missense;Missense	0.86357666
1585	TASOR	I1138T	Missense	0.42708933
1586	TASOR		No Mutation	0.880651549
1587	TASOR		No Mutation	-0.240153641
1588	TASOR		No Mutation	-0.377947713
1589	TASOR	V1117V	Silent	-0.363724576
1590	TASOR	V1117V	Silent	0.069376728
1591	TASOR	I1116V	Missense	-0.019226911
1592	TASOR	D1114G	Missense	0.421678309
1593	TASOR	V1111A;T1112T	Missense;Silent	-0.274866487
1594	TASOR	L1109P	Missense	-0.207837297
1595	TASOR	Q1104Q;H1105R	Silent;Missense	-0.167990737
1596	TASOR		No Mutation	0.055939804
1597	TASOR	T1096T	Silent	-0.708542139
1598	TASOR	E1088G	Missense	-0.486948383
1599	TASOR	H1090H	Silent	0.433317919
1600	TASOR	S1086P	Missense	0.150986298
1601	TASOR	P1080P;L1081P	Silent;Missense	-0.254084366
1602	TASOR	C1077C;S1078S	Silent;Silent	-0.422151204
1603	TASOR	N1069N	Silent	-0.158313788
1604	TASOR	F1067P	Missense	-2.068280553
1605	TASOR	V1059A;I1060T	Missense;Missense	-0.696135671
1606	TASOR	A1051A	Silent	0.283162813
1607	TASOR	I1050V	Missense	-2.179126189
1608	TASOR	A1048A	Silent	1.290156791
1609	TASOR	D1045D;S1046P	Silent;Missense	-0.420611453
1610	TASOR	S1042G	Missense	-0.048692445
1611	TASOR		No Mutation	0.637402801
1612	TASOR	L1038S	Missense	0.446092993
1613	TASOR	K1030R;A1031A	Missense;Silent	-0.461933494
1614	TASOR	K1030G	Missense	-0.448383937
1615	TASOR	I1029V;K1030G	Missense;Missense	0.236630028
1616	TASOR	I1029V;K1030E	Missense;Missense	1.07326525
1617	TASOR	Q1014R	Missense	-0.213363624
1618	TASOR		No Mutation	-0.541334857
1619	TASOR	K1010E	Missense	-0.082518746
1620	TASOR	K1007G	Missense	0.963257218
1621	TASOR	S1006S	Silent	0.118050514
1622	TASOR	T993T;Q994R	Silent;Missense	0.230908723
1623	TASOR		No Mutation	0.330906495
1624	TASOR		No Mutation	0.410871216
1625	TASOR	V960A;L961P	Missense;Missense	0.558923711
1626	TASOR	T956A;E957G	Missense;Missense	0.028618858
1627	TASOR	S953G	Missense	0.08584617
1628	TASOR		No Mutation	-0.832920926
1629	TASOR		No Mutation	0.609018771
1630	TASOR		No Mutation	0.278504252
1631	TASOR		No Mutation	-0.214613973
1632	TASOR	T934A	Missense	0.38563293
1633	TASOR		No Mutation	0.296959918
1634	TASOR	D931G	Missense	1.045979474
1635	TASOR	V932A;L933P	Missense;Missense	-0.528504626
1636	TASOR	E929G;D930G	Missense;Missense	0.471574467
1637	TASOR	T923T;L924L;K925E	Silent;Silent;Missense	0.01702511
1638	TASOR	L924P	Missense	0.410601934
1639	TASOR	(NC)	Intron	-3.465740474
1640	TASOR	(NC);(NC)	Intron;Intron	0.618148118
1641	TASOR		No Mutation	1.297361369
1642	TASOR		No Mutation	0.378966088
1643	TASOR	(NC);(NC)	Intron;Intron	-0.715047604
1644	TASOR	(NC);(NC)	Intron;Intron	-0.982654307
1645	TASOR	K916G	Missense	0.368125752
1646	TASOR	E909G;E910G	Missense;Missense	0.758173791
1647	TASOR	F898S;R899R	Missense;Silent	0.231011294
1648	TASOR	F898P	Missense	-0.685438221
1649	TASOR	H896H	Silent	1.367090567
1650	TASOR		No Mutation	-0.952176752
1651	TASOR	S891G	Missense	0.717011723
1652	TASOR	V880A	Missense	0.345919587
1653	TASOR	E873E;(NC);(NC)	Silent;Intron;Intron	-0.276237016
1654	TASOR		No Mutation	-0.371096528
1655	TASOR	T865T	Silent	0.10761034
1656	TASOR	I858V	Missense	0.529557984
1657	TASOR	I858V	Missense	0.017494837
1658	TASOR	E834G;N835G	Missense;Missense	-0.424583323
1659	TASOR	E834G;N835D	Missense;Missense	-0.649372104
1660	TASOR	Y825H	Missense	-0.052313192
1661	TASOR	Y825H	Missense	-0.094925224
1662	TASOR	Y825H	Missense	-0.606481639
1663	TASOR	D803G	Missense	-0.26169456
1664	TASOR	T801T;D802D	Silent;Silent	-0.303177126
1665	TASOR	T792A	Missense	0.055526667
1666	TASOR	S788S;L789P	Silent;Missense	-0.054182167
1667	TASOR	N773N;W774R;L775L	Silent;Missense;Silent	0.487362224
1668	TASOR	H769R	Missense	-0.244148434
1669	TASOR	I768T;H769H	Missense;Silent	0.179853886
1670	TASOR	I765V	Missense	0.106569668
1671	TASOR	I765T;A766A	Missense;Silent	0.066834056
1672	TASOR	Q758R;D759G	Missense;Missense	-1.681985198
1673	TASOR	R754G	Missense	0.645348078
1674	TASOR	H749R;D750G	Missense;Missense	-0.517899823
1675	TASOR	G748G;H749R	Silent;Missense	0.061643801
1676	TASOR		No Mutation	-0.244565932
1677	TASOR	S746P;L747P	Missense;Missense	0.217191404
1678	TASOR	Q742R	Missense	0.446287289
1679	TASOR	E739G	Missense	0.467987057
1680	TASOR	S740S	Silent	-0.131798729
1681	TASOR	(NC);(NC);(NC)	Intron;Intron;Intron	1.311181551
1682	TASOR	N733G	Missense	-0.651894626
1683	TASOR	L730S;S731P	Missense;Missense	0.279012428
1684	TASOR	K711E	Missense	-0.10876504
1685	TASOR	K707G	Missense	-1.666507787
1686	TASOR	K692G;K693E	Missense;Missense	0.217693789
1687	TASOR	K692G	Missense	0.462361746
1688	TASOR	R691G;K692G	Missense;Missense	-0.065756757
1689	TASOR	R691G	Missense	-1.325930012
1690	TASOR	R691G	Missense	-0.251619158
1691	TASOR	N686G	Missense	-0.155455536
1692	TASOR		No Mutation	-0.456423539
1693	TASOR	Q668Q;R669G	Silent;Missense	0.062006662
1694	TASOR		No Mutation	-0.418015336
1695	TASOR	E661G	Missense	-0.513366532
1696	TASOR	K654G	Missense	0.161534099
1697	TASOR	T648A	Missense	-0.420952171
1698	TASOR	Q641R;E642G	Missense;Missense	1.006534716
1699	TASOR		No Mutation	0.02624413
1700	TASOR	P634P	Silent	-0.273144145
1701	TASOR	L614P	Missense	0.942432414
1702	TASOR	P609P	Silent	-0.387307613
1703	TASOR	C601C;L602P	Silent;Missense	-1.177916595
1704	TASOR	C601C;L602P	Silent;Missense	0.894092275
1705	TASOR	H597H;I598T	Silent;Missense	0.653153322
1706	TASOR	H597H;I598T	Silent;Missense	0.09665205
1707	TASOR	L582P	Missense	-1.083022457
1708	TASOR	S552S;V553A	Silent;Missense	0.742007884
1709	TASOR	I536V	Missense	-0.798270516
1710	TASOR		No Mutation	-0.278478343
1711	TASOR		No Mutation	-2.069286438
1712	TASOR	N511S;A512A	Missense;Silent	-0.491075452
1713	TASOR	S509S;T510A;N511D	Silent;Missense;Missense	0.26632655
1714	TASOR	T504T;S505P	Silent;Missense	0.376451366
1715	TASOR	F494F;L495P;F496L	Silent;Missense;Missense	2.014759346
1716	TASOR	L490P;H491H	Missense;Silent	-0.175311034
1717	TASOR	(NC);(NC);(NC)	Intron;Intron;Intron	-0.437981879
1718	TASOR	(NC);(NC)	Intron;Intron	-1.704289023
1719	TASOR		No Mutation	-1.240812318
1720	TASOR		No Mutation	-0.826301076
1721	TASOR	Q475R;M476V	Missense;Missense	-0.47470059
1722	TASOR	P478P	Silent	-0.110500765
1723	TASOR	V477V;P478P	Silent;Silent	0.179191285
1724	TASOR	V477A;P478P	Missense;Silent	0.150132199
1725	TASOR		No Mutation	0.471952313
1726	TASOR	P473P;Y474H	Silent;Missense	-0.141030479
1727	TASOR	F469F;L470P	Silent;Missense	0.365482588
1728	TASOR	Y467H	Missense	0.353388028
1729	TASOR	K460G	Missense	0.947720872
1730	TASOR		No Mutation	0.192648482
1731	TASOR		No Mutation	0.970302396
1732	TASOR		No Mutation	-0.302302277
1733	TASOR	T438T;R439G;I440V	Silent;Missense;Missense	0.220721642
1734	TASOR	E436G	Missense	-0.334464315
1735	TASOR	S430G	Missense	0.171822446
1736	TASOR	(NC);(NC)	Intron;Intron	-0.314948079
1737	TASOR	L417L	Silent	0.36827713
1738	TASOR	Y416C	Missense	1.489590986
1739	TASOR		No Mutation	-1.422101625
1740	TASOR	Y412H	Missense	0.277604338
1741	TASOR	F411F;Y412H	Silent;Missense	-0.543790422
1742	TASOR	V393A	Missense	1.232703239
1743	TASOR	(NC);(NC)	Intron;Intron	1.511158912
1744	TASOR	L383S;P384P	Missense;Silent	0.567580409
1745	TASOR	L363P	Missense	1.287414887
1746	TASOR	N355G;Y356C	Missense;Missense	0.699999136
1747	TASOR	K353R;Y354C	Missense;Missense	0.123920612
1748	TASOR	N346G;T347A	Missense;Missense	-1.699186609
1749	TASOR	(NC);(NC)	Intron;Intron	-0.297323284
1750	TASOR	S339S	Silent	-1.124250822
1751	TASOR	S339P;S340P	Missense;Missense	-1.69664781
1752	TASOR	K335R	Missense	1.656411628
1753	TASOR	S324P;F325P	Missense;Missense	0.568467456
1754	TASOR	Y320H	Missense	-0.513296398
1755	TASOR	Y305C	Missense	0.667159293
1756	TASOR	T298A	Missense	-1.351491149
1757	TASOR	(NC)	Splice-donor	0.134575566
1758	TASOR	Y295C;E296G	Missense;Missense	0.297702566
1759	TASOR	R293R	Silent	0.751779059
1760	TASOR	L289P	Missense	0.527376559
1761	TASOR	R285R;I286V	Silent;Missense	0.151106233
1762	TASOR	V279A	Missense	0.010747041
1763	TASOR	C277R	Missense	1.775839137
1764	TASOR	C277R	Missense	-0.062445643
1765	TASOR	H275H;C277R	Silent;Missense	0.638775702
1766	TASOR	L264L;N265D	Silent;Missense	0.191587096
1767	TASOR	M255V	Missense	-0.01930046
1768	TASOR	S250G;I251V	Missense;Missense	-1.034833735
1769	TASOR	S250G;I251V	Missense;Missense	-0.549204118
1770	TASOR	M235T	Missense	-0.289330636
1771	TASOR	D231G	Missense	0.704233349
1772	TASOR		No Mutation	0.857711009
1773	TASOR	N228G	Missense	0.29868254
1774	TASOR	N228G	Missense	2.596552321
1775	TASOR	N228G	Missense	0.672557083
1776	TASOR	Q226Q;N228D	Silent;Missense	-0.513836928
1777	TASOR	L224L;L225L	Silent;Silent	0.837690439
1778	TASOR	(NC)	Splice-acceptor	1.171085729
1779	TASOR	V216A;Y217H	Missense;Missense	1.870887456
1780	TASOR	(NC);(NC);(NC);(NC)	Intron;Intron;Intron;Intron	0.002483926
1781	TASOR	(NC);(NC);(NC);(NC)	Intron;Intron;Intron;Intron	1.411045263
1782	TASOR	(NC);(NC);(NC);(NC)	Intron;Intron;Intron;Intron	0.597216063
1783	TASOR		No Mutation	0.538813626
1784	TASOR		No Mutation	-0.480645237
1785	TASOR	L209P	Missense	-2.481883132
1786	TASOR	K205G	Missense	-0.321317073
1787	TASOR	E196G;K197G	Missense;Missense	0.398284386
1788	TASOR	E196G;K197E	Missense;Missense	1.541737611
1789	TASOR	Q192R;T193A	Missense;Missense	1.388488105
1790	TASOR	(NC);(NC);(NC)	Intron;Intron;Intron	0.999807225
1791	TASOR	M185V	Missense	0.770953691
1792	TASOR	M185T;V186A	Missense;Missense	0.758030351
1793	TASOR	E179E	Silent	-0.269895328
1794	TASOR	D170G	Missense	-0.197681874
1795	TASOR	R165G;E166G	Missense;Missense	-0.418713924
1796	TASOR	V151V	Silent	0.690250406
1797	TASOR	Y145C;R146G	Missense;Missense	-0.312111566
1798	TASOR	F143S	Missense	1.018308377
1799	TASOR	N142N;F143P	Silent;Missense	-0.152732899
1800	TASOR	V140A	Missense	-0.054316423
1801	TASOR	L135L	Silent	-0.255635079
1802	TASOR	F123P	Missense	0.702571701
1803	TASOR	S120P	Missense	1.197623426
1804	TASOR	S106G;R107G	Missense;Missense	0.743303676
1805	TASOR	K105G;S106G	Missense;Missense	2.069061975
1806	TASOR	F100P	Missense	0.405750481
1807	TASOR		No Mutation	1.20100058
1808	TASOR		No Mutation	0.158357784
1809	TASOR	E93G	Missense	0.570262621
1810	TASOR	E91G	Missense	0.329128858
1811	TASOR	P95P	Silent	0.677435906
1812	TASOR		No Mutation	0.07358952
1813	TASOR		No Mutation	-0.540076367
1814	TASOR		No Mutation	-0.004279411
1815	TASOR		No Mutation	-0.665423609
1816	TASOR		No Mutation	-0.363468686
1817	TASOR		No Mutation	-0.120724261
1818	TASOR		No Mutation	0.210683224
1819	TASOR		No Mutation	-0.032489814
1820	TASOR		No Mutation	-0.123730838
1821	TASOR		No Mutation	0.68412485
1822	TASOR		No Mutation	-0.261864585
1823	TASOR		No Mutation	-0.286844285
1824	TASOR	Q75R;D76G	Missense;Missense	0.64194288
1825	TASOR	Q75R	Missense	-0.005959169
1826	TASOR		No Mutation	-0.449263337
1827	TASOR	S77P	Missense	0.013295363
1828	TASOR	P74P	Silent	-0.587827986
1829	TASOR	S70G	Missense	-0.250738851
1830	TASOR		No Mutation	-0.093134347
1831	TASOR		No Mutation	0.442327252
1832	TASOR		No Mutation	0.064715391
1833	TASOR	L69P	Missense	0.631593382
1834	TASOR	E59G;N60D	Missense;Missense	-0.395786951
1835	TASOR		No Mutation	-0.662546532
1836	TASOR		No Mutation	-0.644779937
1837	TASOR		No Mutation	-0.847730754
1838	TASOR		No Mutation	0.303136326
1839	TASOR	R57R	Silent	-0.877740707
1840	TASOR		No Mutation	-0.231856259
1841	TASOR		No Mutation	-0.23394071
1842	TASOR	E50G	Missense	0.177040745
1843	TASOR	E50G	Missense	0.828142852
1844	TASOR	I48V	Missense	-0.146124939
1845	TASOR		No Mutation	-0.430211141
1846	TASOR	N47G;I48V	Missense;Missense	-0.82294376
1847	TASOR	Q39R;N40G	Missense;Missense	-0.1068173
1848	TASOR	Q38R;Q39R	Missense;Missense	0.657259287
1849	TASOR	Q38R	Missense	0.049608041
1850	TASOR		No Mutation	0.447920555
1851	TASOR	E35G	Missense	-0.252940952
1852	TASOR	S37P	Missense	0.069312429
1853	TASOR	M27V;K28E	Missense;Missense	-0.148555327
1854	TASOR	E18G	Missense	0.2407289
1855	TASOR	S16G	Missense	-0.49892612
1856	TASOR	S16G	Missense	0.04437322
1857	TASOR	D14G	Missense	-0.270655832
1858	TASOR	W17R	Missense	-0.525875519
1859	TASOR	T13A	Missense	-1.810274051
1860	TASOR	Q11R	Missense	0.520393463
1861	TASOR	D14D	Silent	0.978941472
1862	TASOR	E8G	Missense	-0.739102238
1863	TASOR	T3A	Missense	-0.018778621
1864	TASOR	T3T;A4A	Silent;Silent	-0.532771426
1865	TASOR	M1V	Missense	-0.61140762
1866	TASOR	M1T	Missense	0.101284491
1867	TASOR		No Mutation	0.58234111
1868	TASOR		No Mutation	-0.990022287
1869	TASOR		No Mutation	0.619234412
1870	PPHLN1	P18P	Silent	-0.792260675
1871	PPHLN1		No Mutation	0.124367061
1872	PPHLN1	S24S;(NC)	Silent;Splice-donor	0.40252505
1873	PPHLN1	(NC);(NC)	Intron;Intron	0.724779707
1874	PPHLN1	(NC)	Intron	-0.036585486
1875	PPHLN1	L40P;L41P	Missense;Missense	0.178053976
1876	PPHLN1	P39P	Silent	-0.935902686
1877	PPHLN1		No Mutation	0.296583783
1878	PPHLN1	L41L;D42G	Silent;Missense	-0.326666098
1879	PPHLN1	P44P	Silent	0.036778599
1880	PPHLN1	Y49H	Missense	-0.0719715
1881	PPHLN1	Y58C	Missense	0.533952832
1882	PPHLN1	Y58C	Missense	0.657696028
1883	PPHLN1		No Mutation	-0.51598766
1884	PPHLN1	H69H;D70D	Silent;Silent	0.926592566
1885	PPHLN1	S73G	Missense	0.334671225
1886	PPHLN1	(NC);(NC)	Splice-donor;Intron	-0.324604121
1887	PPHLN1	(NC);(NC)	Intron;Intron	0.531584479
1888	PPHLN1	(NC)	Intron	-0.617157326
1889	PPHLN1	D80G;E81G	Missense;Missense	-0.718871394
1890	PPHLN1	R95G	Missense	-0.27649788
1891	PPHLN1	Q96Q	Silent	0.259125246
1892	PPHLN1	(NC);(NC);(NC)	Intron;Intron;Splice-acceptor	1.669870981
1893	PPHLN1	H115R	Missense	0.577099996
1894	PPHLN1		No Mutation	-0.364273368
1895	PPHLN1	S121P	Missense	-0.457965797
1896	PPHLN1	E119G	Missense	0.737809838
1897	PPHLN1		No Mutation	-0.084818956
1898	PPHLN1	E132E;S133S	Silent;Silent	-0.204071332
1899	PPHLN1	D139D;S140P	Silent;Missense	-0.573958346
1900	PPHLN1		No Mutation	0.164863908
1901	PPHLN1		No Mutation	-0.003494542
1902	PPHLN1	G146G;S147P	Silent;Missense	0.344500848
1903	PPHLN1		No Mutation	0.916098337
1904	PPHLN1	R152R;S153G	Silent;Missense	-0.486772481
1905	PPHLN1	S161P;Y162H	Missense;Missense	-0.032186381
1906	PPHLN1	H169H	Silent	0.592680635
1907	PPHLN1	(NC);(NC)	Intron;Intron	0.090072415
1908	PPHLN1	(NC)	Intron	-0.750568723
1909	PPHLN1	(NC)	Intron	0.563702835
1910	PPHLN1	S172P	Missense	-0.980167615
1911	PPHLN1	S172P	Missense	0.023611305
1912	PPHLN1	V173A	Missense	-1.364636532
1913	PPHLN1	(NC);(NC);K171R	Intron;Splice-acceptor;Missense	0.516461218
1914	PPHLN1	R174R;P175P	Silent;Silent	0.078856434
1915	PPHLN1	S178P	Missense	-1.349677659
1916	PPHLN1		No Mutation	-0.392073924
1917	PPHLN1		No Mutation	0.592544041
1918	PPHLN1	Y179C;K180G	Missense;Missense	-0.036931293
1919	PPHLN1	N183N	Silent	0.126403907
1920	PPHLN1	N183N	Silent	0.927808371
1921	PPHLN1	E184G	Missense	0.184160702
1922	PPHLN1	(NC);(NC);(NC);(NC)	Intron;Intron;Intron;Intron	0.240772805
1923	PPHLN1	(NC)	Intron	-0.740513397
1924	PPHLN1	D203G;T204A	Missense;Missense	-0.558879165
1925	PPHLN1	V212A	Missense	-0.632481431
1926	PPHLN1	V212A	Missense	0.174498024
1927	PPHLN1	S210S;A211A	Silent;Silent	1.010918506
1928	PPHLN1	L218L	Silent	0.616228112
1929	PPHLN1	S222G;R223G	Missense;Missense	-0.978015917
1930	PPHLN1	E226G;K227E	Missense;Missense	-0.141169573
1931	PPHLN1	E231G	Missense	0.400606456
1932	PPHLN1	E231G	Missense	-1.028232419
1933	PPHLN1	E251G;I252V	Missense;Missense	0.007771401
1934	PPHLN1	Y255H	Missense	0.021313939
1935	PPHLN1		No Mutation	0.368774753
1936	PPHLN1	S259P	Missense	-0.285089506
1937	PPHLN1	F264S;T265T	Missense;Silent	-0.006849343
1938	PPHLN1	T265A	Missense	-0.818388218
1939	PPHLN1		No Mutation	1.107689212
1940	PPHLN1	P271P;S273P	Silent;Missense	0.707648353
1941	PPHLN1	S273P	Missense	-0.119248026
1942	PPHLN1	E272G	Missense	0.247583872
1943	PPHLN1	E272G;S273S	Missense;Silent	-1.892828402
1944	PPHLN1		No Mutation	0.138635708
1945	PPHLN1	I294T	Missense	1.277636896
1946	PPHLN1	K297K;T298A;K299E	Silent;Missense;Missense	-1.662763855
1947	PPHLN1	(NC);(NC);(NC)	Intron;Intron;Intron	0.47006537
1948	PPHLN1		No Mutation	-0.653316475
1949	PPHLN1	Q307R;D308G	Missense;Missense	-0.77673956
1950	PPHLN1	Q307R;D308G	Missense;Missense	0.299430268
1951	PPHLN1	T311T;F312L	Silent;Missense	-0.580204136
1952	PPHLN1		No Mutation	-0.59855996
1953	PPHLN1	E310G;T311A	Missense;Missense	0.599486724
1954	PPHLN1	I330V	Missense	0.867770847
1955	PPHLN1	Q336R;N337G	Missense;Missense	-0.10019314
1956	PPHLN1	L338L;H339R	Silent;Missense	0.464613968
1957	PPHLN1	(NC)	Intron	0.00981001
1958	PPHLN1		No Mutation	0.169609828
1959	PPHLN1	S343P	Missense	-0.098595081
1960	PPHLN1	E342G	Missense	-1.002364393
1961	PPHLN1		No Mutation	-0.851587566
1962	PPHLN1	A344A;G345G	Silent;Silent	0.048113133
1963	PPHLN1	Q349R;Q350R	Missense;Missense	-0.145620051
1964	PPHLN1	R355G	Missense	0.36022753
1965	PPHLN1	T357T	Silent	0.156016802
1966	PPHLN1	T357T	Silent	-0.603790445
1967	PPHLN1	T357T	Silent	-0.356774398
1968	PPHLN1	M359T	Missense	1.051658036
1969	PPHLN1	T357A;E358G	Missense;Missense	0.088436926
1970	PPHLN1	G363G;T364A	Silent;Missense	-0.528565139
1971	PPHLN1	Q374R	Missense	0.164407521
1972	PPHLN1	(NC);(NC)	Intron;Intron	0.245258506
1973	PPHLN1	(NC)	Intron	-0.717945333
1974	PPHLN1	(NC);(NC)	Intron;Intron	-0.849709182
1975	PPHLN1		No Mutation	-0.498265829
1976	PPHLN1		No Mutation	-0.264289607
1977	PPHLN1		No Mutation	0.011094488
1978	PPHLN1		No Mutation	0.553930409
1979	PPHLN1		No Mutation	0.055680347
1980	PPHLN1		No Mutation	0.075721104
1981	PPHLN1		No Mutation	-0.244180558
1982	PPHLN1		No Mutation	0.055331174
1983	PPHLN1		No Mutation	0.001933692
1984	PPHLN1	L386P	Missense	-0.929981182
1985	PPHLN1	Q384R	Missense	0.392816244
1986	PPHLN1		No Mutation	0.377088568
1987	PPHLN1		No Mutation	0.712150533
1988	PPHLN1		No Mutation	-0.000942414
1989	PPHLN1	Q387R	Missense	-0.100460663
1990	PPHLN1	Q387R	Missense	-0.613709674
1991	PPHLN1		No Mutation	1.182087388
1992	PPHLN1		No Mutation	0.009505533
1993	PPHLN1		No Mutation	0.881122189
1994	PPHLN1	K390G	Missense	-0.762302336
1995	PPHLN1	V393A	Missense	-1.191655677
1996	PPHLN1	V393A;R394R	Missense;Silent	0.009373893
1997	PPHLN1	V393V;R394R	Silent;Silent	-0.077898078
1998	PPHLN1	T396A	Missense	-0.39433305
1999	PPHLN1	Q398R	Missense	-0.964781038
2000	PPHLN1	G404G	Silent	0.276657434
2001	PPHLN1	G404G	Silent	-0.168696534
2002	PPHLN1		No Mutation	-0.182662231
2003	PPHLN1	P406P	Silent	-0.299466466
2004	PPHLN1		No Mutation	0.822106125
2005	PPHLN1		No Mutation	0.359827897
2006	PPHLN1	M412T	Missense	-0.096949194
2007	PPHLN1		No Mutation	0.732527674
2008	PPHLN1	K414E	Missense	0.455423257
2009	PPHLN1	K414G;K415E	Missense;Missense	0.717160429
2010	PPHLN1	T416T;T417A	Silent;Missense	-0.315610331
2011	PPHLN1		No Mutation	-1.296595622
2012	PPHLN1	F431P	Missense	-0.113523422
2013	PPHLN1	S442S;V443A	Silent;Missense	-0.729635783
2014	PPHLN1	V444V;H445R	Silent;Missense	0.416211212
2015	PPHLN1	N447G	Missense	0.033200272
2016	PPHLN1		No Mutation	-0.297244275
2017	MORC2		No Mutation	0.213349379
2018	MORC2	K1030G	Missense	-0.628917393
2019	MORC2	*1033R	Missense	0.647519019
2020	MORC2	T1029A	Missense	-0.071603569
2021	MORC2	D1026G	Missense	-0.490147573
2022	MORC2	E1025G;D1026G	Missense;Missense	-0.450270536
2023	MORC2	E1025G;D1026G	Missense;Missense	0.773600621
2024	MORC2	E1025G	Missense	1.023759133
2025	MORC2	L1027P;I1028T	Missense;Missense	1.165915712
2026	MORC2		No Mutation	-0.840153293
2027	MORC2	N1015G;T1016A	Missense;Missense	0.724460931
2028	MORC2		No Mutation	1.009456476
2029	MORC2	I1012T	Missense	0.340159698
2030	MORC2		No Mutation	0.129849168
2031	MORC2	(NC)	Intron	0.575308166
2032	MORC2	(NC);(NC)	Intron;Intron	0.607252119
2033	MORC2	(NC)	Intron	-0.418671136
2034	MORC2		No Mutation	-0.09971985
2035	MORC2		No Mutation	0.555981223
2036	MORC2	A1003A	Silent	0.313621138
2037	MORC2		No Mutation	0.386899833
2038	MORC2	L1004P;L1005P	Missense;Missense	0.078338749
2039	MORC2	R998G	Missense	1.65112551
2040	MORC2	E992G;K993G	Missense;Missense	1.643030934
2041	MORC2	R985G;K986E	Missense;Missense	-0.303241156
2042	MORC2	L987P	Missense	1.299449363
2043	MORC2		No Mutation	-0.088954979
2044	MORC2		No Mutation	-0.466923767
2045	MORC2		No Mutation	0.788126968
2046	MORC2	L980P	Missense	0.966839051
2047	MORC2		No Mutation	-0.709504042
2048	MORC2		No Mutation	-0.497907352
2049	MORC2		No Mutation	0.457259931
2050	MORC2		No Mutation	-0.337735617
2051	MORC2		No Mutation	0.380982691
2052	MORC2		No Mutation	0.032930453
2053	MORC2	S971P	Missense	0.341409271
2054	MORC2	S967G	Missense	0.418947784
2055	MORC2	Q966R;S967G	Missense;Missense	1.181532885
2056	MORC2	A969A	Silent	1.841392306
2057	MORC2		No Mutation	0.509850312
2058	MORC2	N963N;S964P;Y965H	Silent;Missense;Missense	0.704911552
2059	MORC2	K952G	Missense	0.61575417
2060	MORC2	K952G	Missense	0.893909224
2061	MORC2	F951P	Missense	1.228280132
2062	MORC2	F951P	Missense	2.364920999
2063	MORC2		No Mutation	0.252330439
2064	MORC2		No Mutation	0.064567842
2065	MORC2		No Mutation	0.227556393
2066	MORC2	(NC)	Intron	0.075313209
2067	MORC2	S935S;A936A	Silent;Silent	0.054671527
2068	MORC2	L934P	Missense	2.187297803
2069	MORC2	L934P	Missense	0.632048333
2070	MORC2		No Mutation	2.083448267
2071	MORC2	S930P	Missense	-0.109305184
2072	MORC2	I929T;S930P	Missense;Missense	0.252817108
2073	MORC2		No Mutation	1.23357818
2074	MORC2	C918C;L919P	Silent;Missense	1.693396444
2075	MORC2		No Mutation	0.516631031
2076	MORC2	N917N;C918R	Silent;Missense	1.282515132
2077	MORC2	N917N;C918R	Silent;Missense	1.662615116
2078	MORC2		No Mutation	0.3119149
2079	MORC2	(NC);(NC);(NC);(NC)	Intron;Intron;Intron;Intron	0.559904659
2080	MORC2	(NC);(NC);(NC);(NC)	Intron;Intron;Intron;Intron	0.562621352
2081	MORC2	(NC);(NC)	Intron;Intron	-0.273283024
2082	MORC2	L915P	Missense	-0.937315448
2083	MORC2		No Mutation	-0.127139949
2084	MORC2	V912A	Missense	-0.09273467
2085	MORC2	I908T	Missense	0.213483707
2086	MORC2		No Mutation	0.188801707
2087	MORC2		No Mutation	0.274137327
2088	MORC2	N904N	Silent	0.159209145
2089	MORC2	L901P	Missense	0.188485323
2090	MORC2		No Mutation	-2.093419199
2091	MORC2	P896P	Silent	-0.380164417
2092	MORC2	I894T	Missense	-0.241257717
2093	MORC2	L892P	Missense	-0.334194921
2094	MORC2	L892P	Missense	-0.108863338
2095	MORC2	C891R;L892P	Missense;Missense	-0.192680772
2096	MORC2		No Mutation	-0.624252571
2097	MORC2	A882A;V883A	Silent;Missense	0.262600895
2098	MORC2	A882A;V883A	Silent;Missense	-0.315867128
2099	MORC2	I881T	Missense	-0.274175486
2100	MORC2		No Mutation	-0.572795908
2101	MORC2		No Mutation	-1.523588998
2102	MORC2	E871G	Missense	-0.316526941
2103	MORC2		No Mutation	0.61802146
2104	MORC2		No Mutation	-0.394524861
2105	MORC2	E867G	Missense	0.738165227
2106	MORC2	Q865Q;Q866R	Silent;Missense	-0.657301344
2107	MORC2	T864T;Q865R	Silent;Missense	0.487933914
2108	MORC2	T864A	Missense	0.88154472
2109	MORC2		No Mutation	-0.731221502
2110	MORC2	D863G;T864A	Missense;Missense	-0.166352477
2111	MORC2	D863G;T864A	Missense;Missense	0.203739337
2112	MORC2	D863G	Missense	-0.508551439
2113	MORC2		No Mutation	0.485268158
2114	MORC2	S861G	Missense	-0.094076735
2115	MORC2	L862P	Missense	0.107225499
2116	MORC2		No Mutation	-0.746724207
2117	MORC2	H859H	Silent	0.32999972
2118	MORC2	H859H	Silent	-0.88327902
2119	MORC2	H859H	Silent	0.091916833
2120	MORC2	M852V;K853E	Missense;Missense	-0.093734287
2121	MORC2	K844R	Missense	0.481283606
2122	MORC2		No Mutation	0.729516081
2123	MORC2		No Mutation	-0.355801
2124	MORC2	(NC)	Intron	-0.098155102
2125	MORC2		No Mutation	-0.283767658
2126	MORC2		No Mutation	-1.038640215
2127	MORC2	(NC)	Intron	0.364515574
2128	MORC2	(NC);(NC)	Intron;Intron	2.097679772
2129	MORC2	(NC)	Intron	0.312442603
2130	MORC2	(NC)	Intron	2.5279897
2131	MORC2		No Mutation	0.66350118
2132	MORC2	(NC);(NC)	Splice-donor;Intron	2.465712782
2133	MORC2	T836A	Missense	0.547353573
2134	MORC2		No Mutation	0.813235193
2135	MORC2	H820R	Missense	-0.584305346
2136	MORC2	K819G	Missense	1.501774383
2137	MORC2		No Mutation	-0.062988464
2138	MORC2	H820H	Silent	-0.121744627
2139	MORC2	E816G	Missense	0.064898965
2140	MORC2		No Mutation	-0.396334428
2141	MORC2	T813A	Missense	-0.594870743
2142	MORC2	T813A	Missense	0.311201259
2143	MORC2		No Mutation	-0.108880009
2144	MORC2		No Mutation	-0.251853509
2145	MORC2	N804G;R805G	Missense;Missense	0.51109271
2146	MORC2	N804G;R805G	Missense;Missense	0.410620089
2147	MORC2		No Mutation	0.620244224
2148	MORC2	E800G	Missense	-0.096810823
2149	MORC2	E800G	Missense	-0.863723287
2150	MORC2	K795G	Missense	-0.181598218
2151	MORC2	(NC);D794G;K795E	Splice-acceptor;Missense;Missense	0.111167916
2152	MORC2	(NC);(NC)	Intron;Intron	-0.760541941
2153	MORC2	(NC)	Intron	0.341945394
2154	MORC2	(NC)	Intron	0.125624169
2155	MORC2	(NC)	Intron	0.507431174
2156	MORC2	Q792R;K793E	Missense;Missense	0.431825196
2157	MORC2	Q792R	Missense	-0.162653753
2158	MORC2	Q792R	Missense	-0.119948383
2159	MORC2	R790R	Silent	0.795959341
2160	MORC2		No Mutation	1.043284199
2161	MORC2	K789G	Missense	0.196455315
2162	MORC2		No Mutation	0.506582218
2163	MORC2	S777S;D778G;S779G	Silent;Missense;Missense	-0.306354565
2164	MORC2		No Mutation	0.88545041
2165	MORC2	(NC)	Splice-acceptor	-0.006318745
2166	MORC2	S779S	Silent	-0.595020267
2167	MORC2	(NC)	Splice-acceptor	0.257103947
2168	MORC2	(NC);(NC)	Intron;Intron	-1.233248346
2169	MORC2	(NC)	Intron	0.29183727
2170	MORC2	N774G;E775G	Missense;Missense	-0.473533838
2171	MORC2	D772G	Missense	-1.819066649
2172	MORC2	E769E;K770G;K771E	Silent;Missense;Missense	-0.091209347
2173	MORC2	K767E	Missense	0.453275064
2174	MORC2	R763G	Missense	0.32648624
2175	MORC2	R763G	Missense	0.056844138
2176	MORC2	K756G;E757G	Missense;Missense	-0.254156496
2177	MORC2	K756G	Missense	1.22039684
2178	MORC2	K756G	Missense	-1.022268007
2179	MORC2	E753G	Missense	0.685065003
2180	MORC2	E751G	Missense	0.383934892
2181	MORC2	E749G;E750G	Missense;Missense	0.72119914
2182	MORC2	E749G	Missense	-0.095759351
2183	MORC2	E745G	Missense	0.430733578
2184	MORC2	D744G	Missense	0.428027008
2185	MORC2		No Mutation	-0.530583081
2186	MORC2	S739S;V740A	Silent;Missense	0.423042694
2187	MORC2	S739S	Silent	-0.078029215
2188	MORC2	S739S	Silent	-0.113486021
2189	MORC2	T733A	Missense	-1.337753915
2190	MORC2	(NC)	Splice-acceptor	0.300061774
2191	MORC2	A732A	Silent	0.404558624
2192	MORC2	(NC);(NC)	Intron;Intron	0.655094577
2193	MORC2	(NC)	Intron	0.125671103
2194	MORC2	(NC)	Splice-donor	2.283492576
2195	MORC2	S725S;I727V	Silent;Missense	-0.060374905
2196	MORC2		No Mutation	0.151879035
2197	MORC2	T717T	Silent	-0.711673371
2198	MORC2	T717T	Silent	-0.325258318
2199	MORC2	K713K;I715V	Silent;Missense	1.349247008
2200	MORC2	I715T	Missense	-1.530335178
2201	MORC2	S711P	Missense	-0.088651116
2202	MORC2	P710P;S711P	Silent;Missense	-0.723986539
2203	MORC2	V709A	Missense	0.248819496
2204	MORC2	P706P	Silent	-0.353604875
2205	MORC2	P706P	Silent	0.797606707
2206	MORC2	K704E	Missense	-1.274068548
2207	MORC2	N702G	Missense	-0.406769245
2208	MORC2	N702G	Missense	-0.127095656
2209	MORC2	S703P	Missense	0.240411977
2210	MORC2	L695P;S696P	Missense;Missense	0.076608343
2211	MORC2	L695P;S696P	Missense;Missense	-0.166190653
2212	MORC2	L695P	Missense	-0.239175396
2213	MORC2		No Mutation	-0.551417557
2214	MORC2	V692A	Missense	-0.517629275
2215	MORC2	L691P;V692A	Missense;Missense	0.556258185
2216	MORC2	A685A	Silent	0.17659152
2217	MORC2	T684T	Silent	0.437848859
2218	MORC2	V682A	Missense	0.393377803
2219	MORC2	T680T	Silent	0.059683235
2220	MORC2	T680T	Silent	0.195072923
2221	MORC2		No Mutation	0.477259292
2222	MORC2		No Mutation	-0.357445001
2223	MORC2		No Mutation	0.259044723
2224	MORC2		No Mutation	0.587606546
2225	MORC2		No Mutation	-0.443483285
2226	MORC2	L667P;L668P	Missense;Missense	-0.152911881
2227	MORC2	S665P	Missense	0.940743359
2228	MORC2	E660G;E661G	Missense;Missense	-0.370454646
2229	MORC2		No Mutation	0.35110199
2230	MORC2		No Mutation	-0.241140199
2231	MORC2		No Mutation	-0.319785231
2232	MORC2		No Mutation	0.296388051
2233	MORC2		No Mutation	0.488709054
2234	MORC2		No Mutation	-0.333909032
2235	MORC2		No Mutation	-0.556759674
2236	MORC2	L656P	Missense	-0.2396551
2237	MORC2	A655A;L656P	Silent;Missense	-0.776860674
2238	MORC2	A655A;L656P	Silent;Missense	0.571595335
2239	MORC2	P651P;K652E	Silent;Missense	-0.369552531
2240	MORC2		No Mutation	0.621225145
2241	MORC2	I647T	Missense	-0.39162975
2242	MORC2	V646A;I647T	Missense;Missense	0.223555713
2243	MORC2	V646A;I647T	Missense;Missense	-0.123588543
2244	MORC2	A644A;P645P	Silent;Silent	0.074559014
2245	MORC2	A644A	Silent	0.048806391
2246	MORC2		No Mutation	-0.054451668
2247	MORC2	P637P;S639G	Silent;Missense	-0.532621754
2248	MORC2		No Mutation	-0.485262543
2249	MORC2		No Mutation	0.026849321
2250	MORC2	P635P	Silent	-1.4764501
2251	MORC2	T634T;P635P	Silent;Silent	-0.422181457
2252	MORC2	T634T;P635P	Silent;Silent	-1.053582504
2253	MORC2	T634T	Silent	-1.340156133
2254	MORC2	S631S;L632P	Silent;Missense	-0.617445322
2255	MORC2	S631P;L632P	Missense;Missense	-0.014832878
2256	MORC2	P630P;S631P;L632L	Silent;Missense;Silent	-0.542725603
2257	MORC2	P630P;S631P	Silent;Missense	-1.74337882
2258	MORC2		No Mutation	0.166965826
2259	MORC2	I622T	Missense	-0.19465026
2260	MORC2	I622T	Missense	0.067034987
2261	MORC2	V621A;I622T	Missense;Missense	-0.014582153
2262	MORC2	V621A;I622T	Missense;Missense	-0.546543731
2263	MORC2	L618L	Silent	-0.248127514
2264	MORC2	L618P	Missense	-0.588918524
2265	MORC2	S615P	Missense	0.744436008
2266	MORC2	R609G	Missense	-0.079674904
2267	MORC2		No Mutation	-0.551032571
2268	MORC2	P606P;V607A	Silent;Missense	-0.566802455
2269	MORC2	(NC)	Intron	-0.372692626
2270	MORC2	(NC)	Intron	-0.34151131
2271	MORC2	(NC);(NC)	Intron;Intron	0.078404746
2272	MORC2	(NC)	Intron	0.224648461
2273	MORC2		No Mutation	0.673874267
2274	MORC2	T603A;E604G	Missense;Missense	-0.348955923
2275	MORC2	(NC)	Intron	0.481907924
2276	MORC2	T603A	Missense	-0.412497229
2277	MORC2	T603A	Missense	0.114731331
2278	MORC2	(NC)	Splice-donor	-0.008042639
2279	MORC2	T603T	Silent	0.786534275
2280	MORC2	T599A;R600G	Missense;Missense	0.342126839
2281	MORC2		No Mutation	1.568381123
2282	MORC2		No Mutation	-0.84566644
2283	MORC2	L595P	Missense	-0.158160325
2284	MORC2	K591E	Missense	-0.845076436
2285	MORC2	L593L	Silent	-0.187337898
2286	MORC2		No Mutation	0.685121195
2287	MORC2	L590P	Missense	0.231444682
2288	MORC2		No Mutation	1.025640625
2289	MORC2		No Mutation	0.211786196
2290	MORC2		No Mutation	0.108291697
2291	MORC2		No Mutation	-0.435121243
2292	MORC2	(NC)	Intron	-0.374485524
2293	MORC2	(NC);(NC)	Intron;Intron	4.763144576
2294	MORC2	(NC)	Intron	0.447696449
2295	MORC2	Q579R	Missense	-1.35946605
2296	MORC2	E576G	Missense	0.076830524
2297	MORC2	E576G	Missense	-0.368307576
2298	MORC2	K574G	Missense	0.660254861
2299	MORC2	L575P	Missense	0.151460658
2300	MORC2	Q571R	Missense	0.555185734
2301	MORC2	Q570R	Missense	-0.095611123
2302	MORC2	K567G;I568V	Missense;Missense	0.807350129
2303	MORC2	R551R;K552G	Silent;Missense	1.243383119
2304	MORC2		No Mutation	0.169672459
2305	MORC2		No Mutation	0.216017185
2306	MORC2		No Mutation	0.133405548
2307	MORC2		No Mutation	0.87290849
2308	MORC2	K542G;Q543R	Missense;Missense	0.217871738
2309	MORC2	Q541Q;K542G	Silent;Missense	-0.389510806
2310	MORC2		No Mutation	-0.089046867
2311	MORC2	C536R	Missense	1.783484033
2312	MORC2		No Mutation	-0.273730099
2313	MORC2	(NC);(NC)	Intron;Intron	-0.212664687
2314	MORC2	(NC);(NC)	Intron;Intron	-0.817970358
2315	MORC2	(NC);(NC)	Intron;Intron	0.779866083
2316	MORC2	(NC);(NC)	Intron;Intron	0.442431623
2317	MORC2	(NC);(NC)	Intron;Intron	-0.338695335
2318	MORC2	(NC);(NC)	Intron;Intron	0.981616119
2319	MORC2	(NC)	Splice-donor	1.275163079
2320	MORC2		No Mutation	-0.661092347
2321	MORC2		No Mutation	-1.260558875
2322	MORC2	D530G	Missense	0.717081654
2323	MORC2	P531P	Silent	-0.382490225
2324	MORC2	N528G	Missense	0.609738054
2325	MORC2	M527T	Missense	0.044725953
2326	MORC2	C525R;S526P	Missense;Missense	1.823854034
2327	MORC2	V524V;C525R;S526P	Silent;Missense;Missense	3.858711501
2328	MORC2	K517K;D518G	Silent;Missense	0.52004633
2329	MORC2	K517R;D518G	Missense;Missense	-1.539327377
2330	MORC2	S514S;V515A	Silent;Missense	1.276594354
2331	MORC2	S514P;V515A	Missense;Missense	0.91942234
2332	MORC2	S513S;S514P	Silent;Missense	-0.388302357
2333	MORC2		No Mutation	0.444062523
2334	MORC2	S513S;S514P	Silent;Missense	0.786071632
2335	MORC2	L512P;S513S	Missense;Silent	-2.631764207
2336	MORC2	(NC);D500G	Splice-acceptor;Missense	0.224865379
2337	MORC2	(NC)	Intron	-0.498080161
2338	MORC2		No Mutation	0.43319688
2339	MORC2	(NC);(NC)	Intron;Intron	-0.481026244
2340	MORC2	Q498R	Missense	0.506783872
2341	MORC2	(NC)	Splice-donor	1.211112938
2342	MORC2	I497V;Q498R	Missense;Missense	0.222315003
2343	MORC2	I497V	Missense	-0.111906317
2344	MORC2	(NC)	Splice-donor	1.45466783
2345	MORC2	C499R	Missense	1.190087102
2346	MORC2	C499R	Missense	1.404759201
2347	MORC2	T495A	Missense	-0.104309925
2348	MORC2	I493T	Missense	0.725276058
2349	MORC2	K486G	Missense	1.435306739
2350	MORC2	E482G	Missense	1.184272439
2351	MORC2		No Mutation	0.024729231
2352	MORC2	R484R;Y485H	Silent;Missense	1.112205347
2353	MORC2	R484R;Y485H	Silent;Missense	0.10617866
2354	MORC2	L483P;R484R	Missense;Silent	-0.215191854
2355	MORC2	L483P	Missense	-0.158129128
2356	MORC2	S481S	Silent	0.575216283
2357	MORC2		No Mutation	0.581213773
2358	MORC2		No Mutation	-0.195502585
2359	MORC2	Y470C	Missense	0.240638104
2360	MORC2	K463G	Missense	-1.19721125
2361	MORC2	G460G;I461V	Silent;Missense	0.528343499
2362	MORC2	F464L	Missense	0.131400083
2363	MORC2	G460G	Silent	-0.71265163
2364	MORC2	I462T	Missense	-0.542792909
2365	MORC2	I461T;I462T	Missense;Missense	-0.794777785
2366	MORC2		No Mutation	0.810449197
2367	MORC2		No Mutation	-1.997138232
2368	MORC2		No Mutation	0.471299474
2369	MORC2	(NC);(NC)	Intron;Intron	0.292994054
2370	MORC2	(NC);(NC)	Intron;Intron	-0.123887412
2371	MORC2	(NC)	Intron	-0.27526475
2372	MORC2	I456V	Missense	-0.377947222
2373	MORC2	I456V	Missense	-1.153910874
2374	MORC2	I454V	Missense	-0.64708476
2375	MORC2	D453G;I454V	Missense;Missense	-0.786825215
2376	MORC2	D453G;I454V	Missense;Missense	-0.793514973
2377	MORC2	K452G	Missense	0.321496829
2378	MORC2		No Mutation	-0.064692572
2379	MORC2		No Mutation	-0.905858432
2380	MORC2	E445G;H446R	Missense;Missense	0.615802156
2381	MORC2		No Mutation	0.608453597
2382	MORC2	R441R;A442A;M443V	Silent;Silent;Missense	-0.134076271
2383	MORC2		No Mutation	-0.406758654
2384	MORC2		No Mutation	1.81523598
2385	MORC2		No Mutation	-0.759260486
2386	MORC2	H438R	Missense	0.486443347
2387	MORC2	H438R	Missense	0.094899416
2388	MORC2	H438R	Missense	0.546760327
2389	MORC2	L439P	Missense	1.07552133
2390	MORC2	D432G	Missense	1.17163515
2391	MORC2	D429G	Missense	-0.089803881
2392	MORC2		No Mutation	-0.07157109
2393	MORC2	T424A	Missense	1.632883297
2394	MORC2		No Mutation	0.299993001
2395	MORC2	P423P	Silent	-0.162063379
2396	MORC2	P423P	Silent	1.26148949
2397	MORC2		No Mutation	0.693150003
2398	MORC2		No Mutation	0.483328531
2399	MORC2		No Mutation	0.126763792
2400	MORC2	A406A	Silent	-0.466595181
2401	MORC2	A406A	Silent	-1.146611487
2402	MORC2	A406A	Silent	0.174216796
2403	MORC2		No Mutation	-0.761163785
2404	MORC2		No Mutation	0.744037867
2405	MORC2	(NC)	Splice-acceptor	1.528443093
2406	MORC2		No Mutation	0.454454286
2407	MORC2		No Mutation	-0.452948867
2408	MORC2		No Mutation	-0.193767655
2409	MORC2		No Mutation	0.573054512
2410	MORC2	M405T	Missense	0.444419734
2411	MORC2		No Mutation	0.276172365
2412	MORC2		No Mutation	-0.466205587
2413	MORC2		No Mutation	0.027058229
2414	MORC2		No Mutation	-0.451187221
2415	MORC2		No Mutation	-0.233789191
2416	MORC2	K396G	Missense	0.224595985
2417	MORC2	K392G;M393V	Missense;Missense	-0.55374192
2418	MORC2	K392G;M393V	Missense;Missense	-1.310714561
2419	MORC2	M382T;F383L	Missense;Missense	2.380319218
2420	MORC2	E375G;H376R	Missense;Missense	-0.289664996
2421	MORC2	I374V	Missense	0.274171184
2422	MORC2	N373D	Missense	0.672555062
2423	MORC2		No Mutation	-0.033907471
2424	MORC2	F368P;V369A	Missense;Missense	-0.001454455
2425	MORC2	R358R;A359A	Silent;Silent	0.507531041
2426	MORC2	(NC)	Intron	-0.488162044
2427	MORC2	(NC)	Intron	0.552465642
2428	MORC2	K356G;Q357R	Missense;Missense	-0.618618375
2429	MORC2	K353G	Missense	0.453274652
2430	MORC2	K349G;K350E	Missense;Missense	-0.097874414
2431	MORC2	I352T	Missense	-0.915208809
2432	MORC2	K349E	Missense	-0.150417526
2433	MORC2	E345G	Missense	-0.206292777
2434	MORC2		No Mutation	-1.031670282
2435	MORC2	T341T	Silent	0.233411519
2436	MORC2	(NC)	Splice-acceptor	1.289348388
2437	MORC2	(NC)	Intron	-0.23385067
2438	MORC2	(NC)	Intron	0.283165812
2439	MORC2	(NC);(NC)	Intron;Intron	-0.208433509
2440	MORC2	(NC);(NC)	Intron;Intron	-0.330999263
2441	MORC2	(NC);(NC)	Intron;Intron	1.274571945
2442	MORC2		No Mutation	0.612131462
2443	MORC2	(NC)	Intron	0.913780967
2444	MORC2	D327G	Missense	1.049162328
2445	MORC2		No Mutation	0.729196378
2446	MORC2		No Mutation	-0.274724675
2447	MORC2	T325A	Missense	-0.9015794
2448	MORC2	D323G	Missense	-0.032013107
2449	MORC2		No Mutation	-0.2984782
2450	MORC2	L320L	Silent	-0.321151471
2451	MORC2	L320L	Silent	-0.17795423
2452	MORC2	L316L;E317G	Silent;Missense	2.78614498
2453	MORC2	T315A	Missense	-0.001418509
2454	MORC2	E308G;A309A	Missense;Silent	-0.016057291
2455	MORC2	E303G	Missense	-0.103182481
2456	MORC2	(NC)	Splice-acceptor	2.769664669
2457	MORC2	(NC)	Splice-acceptor	1.148677416
2458	MORC2		No Mutation	0.599273978
2459	MORC2	(NC);(NC);(NC)	Intron;Intron;Intron	-0.454407431
2460	MORC2	(NC);(NC)	Intron;Intron	0.673538972
2461	MORC2	I301V	Missense	1.402744672
2462	MORC2	I301V	Missense	0.528845784
2463	MORC2	E296G;H297R	Missense;Missense	0.392209297
2464	MORC2	K294R;A295A	Missense;Silent	-0.550095897
2465	MORC2	V292A	Missense	-0.194170225
2466	MORC2	V292A	Missense	0.206382647
2467	MORC2	T286A	Missense	0.181799439
2468	MORC2	K285G;T286A	Missense;Missense	1.655986055
2469	MORC2	R287R	Silent	0.200070114
2470	MORC2		No Mutation	0.692004642
2471	MORC2	(NC)	Intron	0.464609861
2472	MORC2	(NC)	Intron	-0.629133773
2473	MORC2	(NC)	Intron	0.500166831
2474	MORC2	(NC)	Splice-donor	1.554612821
2475	MORC2	Y272C	Missense	-0.079939375
2476	MORC2	Y272C	Missense	-1.163162357
2477	MORC2		No Mutation	-0.528442464
2478	MORC2		No Mutation	0.017442999
2479	MORC2		No Mutation	-0.920625327
2480	MORC2	C270R	Missense	0.760611691
2481	MORC2	H260R;K261G	Missense;Missense	2.222060075
2482	MORC2		No Mutation	-0.014697194
2483	MORC2	I257V	Missense	-0.235144624
2484	MORC2	I257T	Missense	1.817060599
2485	MORC2	R254G	Missense	0.417711439
2486	MORC2	F256S;I257T	Missense;Missense	0.771859785
2487	MORC2	M253V;R254G	Missense;Missense	1.579434414
2488	MORC2	F256P;I257T	Missense;Missense	0.742623276
2489	MORC2	Y248C;I249V	Missense;Missense	0.532908466
2490	MORC2		No Mutation	-0.764493632
2491	MORC2	I249T;D250D	Missense;Silent	-0.104137452
2492	MORC2	L247P;Y248H	Missense;Missense	-0.522830277
2493	MORC2	A245A;V246A	Silent;Missense	-0.153218856
2494	MORC2	F240P	Missense	0.672308769
2495	MORC2		No Mutation	0.490941305
2496	MORC2		No Mutation	0.101203974
2497	MORC2		No Mutation	-0.118002322
2498	MORC2		No Mutation	1.184449315
2499	MORC2		No Mutation	1.63841015
2500	MORC2	(NC)	Intron	1.609780361
2501	MORC2	(NC)	Intron	1.062770879
2502	MORC2	(NC)	Intron	0.636288358
2503	MORC2	T233A	Missense	0.553190558
2504	MORC2	(NC);(NC)	Intron;Intron	0.771847042
2505	MORC2	T233A	Missense	-0.493425596
2506	MORC2	(NC);(NC)	Intron;Intron	-0.132698691
2507	MORC2	(NC)	Intron	1.185283173
2508	MORC2	P230P;E231G	Silent;Missense	-0.39708953
2509	MORC2	M225T	Missense	-1.445653184
2510	MORC2	P220P;R221G	Silent;Missense	0.73858
2511	MORC2	I217T;S218P	Missense;Missense	0.658158027
2512	MORC2	K205G	Missense	-0.133413458
2513	MORC2	N203D	Missense	1.352126882
2514	MORC2		No Mutation	-0.710612227
2515	MORC2	(NC);(NC);(NC);(NC)	Intron;Intron;Intron;Intron	-0.450168549
2516	MORC2	(NC)	Intron	1.138501293
2517	MORC2		No Mutation	-0.266404379
2518	MORC2	K190G;I191V	Missense;Missense	1.006818722
2519	MORC2	I191I;P192P	Silent;Silent	-0.529280832
2520	MORC2	I191T;P192P	Missense;Silent	1.346920057
2521	MORC2	M189V	Missense	0.790123128
2522	MORC2	Q187R	Missense	0.365245426
2523	MORC2	Q187R	Missense	0.021694776
2524	MORC2	V184A	Missense	2.110206589
2525	MORC2		No Mutation	-0.616727514
2526	MORC2	P177P	Silent	-0.474698809
2527	MORC2		No Mutation	1.042377876
2528	MORC2	L171P;I172T	Missense;Missense	1.191021321
2529	MORC2	V162A	Missense	0.450991191
2530	MORC2		No Mutation	-0.453952005
2531	MORC2		No Mutation	-0.486539691
2532	MORC2		No Mutation	0.278611587
2533	MORC2		No Mutation	-0.022930021
2534	MORC2		No Mutation	-0.267843997
2535	MORC2	N151D	Missense	0.169337807
2536	MORC2		No Mutation	0.909335221
2537	MORC2	N151N	Silent	1.003759067
2538	MORC2	N151N	Silent	0.63704813
2539	MORC2		No Mutation	-0.684115175
2540	MORC2	I144M	Missense	0.71916314
2541	MORC2	L147P	Missense	1.083085724
2542	MORC2	(NC)	Intron	-0.186812257
2543	MORC2	(NC)	Intron	-0.464845424
2544	MORC2	E142E;(NC)	Silent;Intron	0.489842753
2545	MORC2	E138G	Missense	-0.273576787
2546	MORC2	T133A	Missense	1.538902858
2547	MORC2	F134F;H135H	Silent;Silent	0.412686521
2548	MORC2		No Mutation	0.901344399
2549	MORC2	F134L	Missense	0.723907506
2550	MORC2	S131S	Silent	-0.728602736
2551	MORC2	F129S;L130P	Missense;Missense	0.140792802
2552	MORC2	M125T	Missense	-0.529989026
2553	MORC2		No Mutation	-1.333321847
2554	MORC2	S108S;M109V	Silent;Missense	1.03099915
2555	MORC2		No Mutation	0.892101557
2556	MORC2	(NC)	Splice-acceptor	0.220442227
2557	MORC2	M109T	Missense	0.678924745
2558	MORC2	(NC);(NC);(NC)	Intron;Intron;Intron	0.988031529
2559	MORC2	(NC);(NC);(NC);(NC)	Intron;Intron;Intron;Intron	1.109130705
2560	MORC2	N102G	Missense	2.599032267
2561	MORC2		No Mutation	-0.160698409
2562	MORC2	I97V	Missense	-0.116426517
2563	MORC2	Q96R	Missense	-1.553849088
2564	MORC2	T95A;Q96R	Missense;Missense	-0.978880746
2565	MORC2	I97T	Missense	1.808201074
2566	MORC2	E93G	Missense	0.845248512
2567	MORC2	E93G	Missense	0.420385244
2568	MORC2	S94P	Missense	0.209662423
2569	MORC2		No Mutation	-0.668070219
2570	MORC2	I82V	Missense	-0.87020422
2571	MORC2	F84S	Missense	-0.475865628
2572	MORC2	S80G	Missense	0.615225804
2573	MORC2	S80G	Missense	0.377201385
2574	MORC2	A78A	Silent	0.003002792
2575	MORC2	A78A	Silent	-0.409267716
2576	MORC2	(NC)	Intron	1.357992005
2577	MORC2	(NC);(NC)	Intron;Intron	1.314757777
2578	MORC2	D68G	Missense	-0.604972365
2579	MORC2	F62F;M63T	Silent;Missense	1.280328145
2580	MORC2	R55R;E56G	Silent;Missense	0.985124318
2581	MORC2	R54G	Missense	-0.937232926
2582	MORC2	I50V;Y51C	Missense;Missense	0.683406379
2583	MORC2	Y51Y	Silent	0.026894385
2584	MORC2	I50T;Y51H	Missense;Missense	0.506242177
2585	MORC2	R47G;I48V	Missense;Missense	-0.834963946
2586	MORC2	A40A;R41G	Silent;Missense	0.898490573
2587	MORC2	E35G	Missense	0.887137897
2588	MORC2	V37V;D38D	Silent;Silent	1.00072464
2589	MORC2	V37A;D38D	Missense;Silent	0.796571829
2590	MORC2		No Mutation	-0.164841541
2591	MORC2	L29S;F30P	Missense;Missense	1.183240208
2592	MORC2	T25A;H26R	Missense;Missense	1.788978051
2593	MORC2	N22S	Missense	0.977026302
2594	MORC2		No Mutation	0.874129551
2595	MORC2	A2A;F3L	Silent;Missense	0.634848583
2596	MORC2	(NC);(NC)	UTR;UTR	-0.70543415
2597	ATF7IP	Q8R;K9E	Missense;Missense	0.764526785
2598	ATF7IP	Q25Q	Silent	-0.016563812
2599	ATF7IP	D40G	Missense	0.022368683
2600	ATF7IP	N45G	Missense	-0.83387655
2601	ATF7IP	H48R	Missense	-0.032616731
2602	ATF7IP	D54G	Missense	1.530977423
2603	ATF7IP	S57S	Silent	-0.239093039
2604	ATF7IP	D63G	Missense	1.980168967
2605	ATF7IP	I65V;K66E	Missense;Missense	-0.143214908
2606	ATF7IP	D67G;K68G	Missense;Missense	0.144568134
2607	ATF7IP	E82G;G83G	Missense;Silent	0.768091156
2608	ATF7IP		No Mutation	-0.253355114
2609	ATF7IP	G83G;S84G;K85E	Silent;Missense;Missense	0.051311261
2610	ATF7IP	V97A	Missense	-0.427911505
2611	ATF7IP	V97A;N98N	Missense;Silent	0.233790078
2612	ATF7IP	N98G	Missense	0.578537526
2613	ATF7IP	N116N;I117T	Silent;Missense	-0.237129733
2614	ATF7IP		No Mutation	0.760115875
2615	ATF7IP		No Mutation	0.140816191
2616	ATF7IP		No Mutation	0.500528651
2617	ATF7IP	L125P	Missense	0.5850984
2618	ATF7IP	P126P	Silent	0.412686521
2619	ATF7IP		No Mutation	-0.030081664
2620	ATF7IP	S131P	Missense	-1.266179234
2621	ATF7IP		No Mutation	-0.562737104
2622	ATF7IP		No Mutation	-0.306368568
2623	ATF7IP	P134P	Silent	0.004305498
2624	ATF7IP		No Mutation	-0.749934706
2625	ATF7IP	L139P	Missense	0.418542967
2626	ATF7IP	D140D	Silent	-0.025616291
2627	ATF7IP	D140D	Silent	-0.005252069
2628	ATF7IP		No Mutation	0.274383545
2629	ATF7IP		No Mutation	-0.308261977
2630	ATF7IP	P144P	Silent	-0.706911611
2631	ATF7IP		No Mutation	0.075553582
2632	ATF7IP	L149P	Missense	-0.326156583
2633	ATF7IP	S151P	Missense	-0.787219349
2634	ATF7IP	S151S;G152G	Silent;Silent	-0.748307895
2635	ATF7IP		No Mutation	-0.033938536
2636	ATF7IP	S156P	Missense	-0.391095698
2637	ATF7IP		No Mutation	0.215286168
2638	ATF7IP	S161P	Missense	-0.179845958
2639	ATF7IP	S165P	Missense	0.071362649
2640	ATF7IP	S165P	Missense	-0.285697717
2641	ATF7IP	S166P	Missense	-0.663096588
2642	ATF7IP	S167G	Missense	0.499013175
2643	ATF7IP	A169A	Silent	0.640779505
2644	ATF7IP	A169A	Silent	-1.309981013
2645	ATF7IP	S171P	Missense	-0.121300844
2646	ATF7IP		No Mutation	0.1892337
2647	ATF7IP	S176P	Missense	0.516558238
2648	ATF7IP		No Mutation	-0.455485986
2649	ATF7IP	P180P;S181P	Silent;Missense	0.461957024
2650	ATF7IP		No Mutation	-0.315173632
2651	ATF7IP	V184A;S185P	Missense;Missense	0.073553794
2652	ATF7IP	S185P	Missense	0.75102053
2653	ATF7IP	S185P	Missense	-0.242051653
2654	ATF7IP		No Mutation	-0.105922258
2655	ATF7IP	S191P	Missense	-0.519530419
2656	ATF7IP	S191P	Missense	0.11223049
2657	ATF7IP	S191P	Missense	-0.789086932
2658	ATF7IP	T195T	Silent	-2.214946061
2659	ATF7IP	T195T;A196A	Silent;Silent	0.081721024
2660	ATF7IP	D197G	Missense	-1.04680058
2661	ATF7IP	L199P;S200P	Missense;Missense	0.033148266
2662	ATF7IP	S206P	Missense	-0.921014213
2663	ATF7IP	S207G	Missense	-0.664200998
2664	ATF7IP	I210T	Missense	0.583840838
2665	ATF7IP	I210T	Missense	-0.081676074
2666	ATF7IP	I210T	Missense	0.006914926
2667	ATF7IP	I210V	Missense	0.234055415
2668	ATF7IP	V215A	Missense	-0.17983867
2669	ATF7IP	V215A	Missense	-0.366831247
2670	ATF7IP	P216P	Silent	-1.032670414
2671	ATF7IP	P216P;V217A	Silent;Missense	-0.376554572
2672	ATF7IP		No Mutation	-0.255344198
2673	ATF7IP	I220T	Missense	0.348175656
2674	ATF7IP	I220I;S221P	Silent;Missense	0.605639427
2675	ATF7IP	S221P	Missense	0.072487411
2676	ATF7IP	C224R	Missense	0.406298951
2677	ATF7IP	C224C	Silent	-1.451920188
2678	ATF7IP	S231P	Missense	-0.000610456
2679	ATF7IP	T235T;S236P	Silent;Missense	-1.029025282
2680	ATF7IP	E233E;I234V;T235A	Silent;Missense;Missense	0.05644501
2681	ATF7IP		No Mutation	-0.190402916
2682	ATF7IP		No Mutation	-0.852495332
2683	ATF7IP	S251S;D252D	Silent;Silent	-0.065697601
2684	ATF7IP	P249P	Silent	-0.071862916
2685	ATF7IP	D252G	Missense	0.680144923
2686	ATF7IP	L254P	Missense	0.190114844
2687	ATF7IP	S256P	Missense	-0.193931973
2688	ATF7IP	S261P	Missense	-2.289572392
2689	ATF7IP	L259L	Silent	-0.070662078
2690	ATF7IP	S266P	Missense	0.140738945
2691	ATF7IP	E263E	Silent	-0.222674825
2692	ATF7IP	D267G	Missense	-0.631346094
2693	ATF7IP	T271T	Silent	-0.529605423
2694	ATF7IP		No Mutation	0.613208821
2695	ATF7IP	S276P	Missense	-0.81983064
2696	ATF7IP	T280T;S281P	Silent;Missense	0.929095302
2697	ATF7IP	F289S	Missense	0.499279424
2698	ATF7IP	S293S;V294A	Silent;Missense	0.859704983
2699	ATF7IP	V296A;C297R	Missense;Missense	1.060992848
2700	ATF7IP	V300A	Missense	-0.118090592
2701	ATF7IP		No Mutation	-0.53136073
2702	ATF7IP	I306T	Missense	-0.24130711
2703	ATF7IP	D313D	Silent	-0.016134264
2704	ATF7IP	Q330R;S331G	Missense;Missense	-0.214775593
2705	ATF7IP		No Mutation	-0.731120765
2706	ATF7IP	E366E;N367G	Silent;Missense	0.718967728
2707	ATF7IP	I376V;T377A	Missense;Missense	0.333482654
2708	ATF7IP	I386V	Missense	0.370902381
2709	ATF7IP	S389G;M390V	Missense;Missense	-0.586245797
2710	ATF7IP	L424L;E425G;N426D	Silent;Missense;Missense	-1.951600963
2711	ATF7IP	E434G;I435V	Missense;Missense	-2.303325801
2712	ATF7IP	E440E;K441G	Silent;Missense	1.411944302
2713	ATF7IP	L449P	Missense	-0.46245154
2714	ATF7IP		No Mutation	-0.683922424
2715	ATF7IP	N464N	Silent	0.416336978
2716	ATF7IP	E462G;T463A	Missense;Missense	0.434371196
2717	ATF7IP	P465P;D466G	Silent;Missense	-1.699198651
2718	ATF7IP	K470G;M471V	Missense;Missense	0.092453095
2719	ATF7IP	S483S	Silent	-0.975535985
2720	ATF7IP	P488P;K489E	Silent;Missense	-0.051998489
2721	ATF7IP	L493P;V494A	Missense;Missense	0.436459455
2722	ATF7IP	S496S;D497D	Silent;Silent	-0.761613225
2723	ATF7IP		No Mutation	-0.513477847
2724	ATF7IP	D497G	Missense	-0.971221949
2725	ATF7IP	D500D	Silent	-1.222502128
2726	ATF7IP	D497G;E498G	Missense;Missense	-0.000741579
2727	ATF7IP	N514G;E515G	Missense;Missense	-1.476275345
2728	ATF7IP	(NC);(NC)	Intron;Intron	-0.557628039
2729	ATF7IP	E521E;V522V	Silent;Silent	-1.836276475
2730	ATF7IP	E526E;K527G	Silent;Missense	0.598926018
2731	ATF7IP	V537A	Missense	0.034887755
2732	ATF7IP	F551S;S552P	Missense;Missense	-1.934492528
2733	ATF7IP	K558E	Missense	0.492410458
2734	ATF7IP	K568G	Missense	1.998938793
2735	ATF7IP	M573V	Missense	-0.221210945
2736	ATF7IP	V583V;K584G	Silent;Missense	0.783351317
2737	ATF7IP		No Mutation	0.157470454
2738	ATF7IP	N592G	Missense	0.671430079
2739	ATF7IP	(NC);(NC)	Intron;Intron	0.077283501
2740	ATF7IP		No Mutation	-1.271483868
2741	ATF7IP	I599V	Missense	-0.383142216
2742	ATF7IP	V614V	Silent	-0.980301559
2743	ATF7IP	A620A;E621G	Silent;Missense	-0.324331179
2744	ATF7IP	K628R;I629V	Missense;Missense	0.835388386
2745	ATF7IP	T637T	Silent	-0.19378285
2746	ATF7IP	L649S	Missense	0.853117415
2747	ATF7IP	F653P	Missense	0.375192346
2748	ATF7IP		No Mutation	-0.533389744
2749	ATF7IP	(NC)	Intron	0.888412959
2750	ATF7IP		No Mutation	0.102503544
2751	ATF7IP		No Mutation	-0.433326747
2752	ATF7IP		No Mutation	-0.271039973
2753	ATF7IP		No Mutation	0.552865389
2754	ATF7IP	N669G	Missense	-0.504445461
2755	ATF7IP	V672A;S673P	Missense;Missense	0.507723962
2756	ATF7IP	S673P	Missense	-0.192746481
2757	ATF7IP		No Mutation	-0.615221178
2758	ATF7IP	N684S;N685G	Missense;Missense	0.784415569
2759	ATF7IP	(NC)	Intron	0.037833345
2760	ATF7IP	T694A	Missense	0.25513413
2761	ATF7IP		No Mutation	-0.801271839
2762	ATF7IP	T715T	Silent	0.023166618
2763	ATF7IP	P716P;V717A	Silent;Missense	-0.867330485
2764	ATF7IP	Q714R;T715A	Missense;Missense	0.230756997
2765	ATF7IP	V717A;N718N	Missense;Silent	-0.992978468
2766	ATF7IP	(NC);(NC)	Intron;Intron	-0.417921796
2767	ATF7IP	P728P	Silent	0.366400597
2768	ATF7IP	S733S	Silent	0.09185534
2769	ATF7IP	S734S	Silent	0.851970572
2770	ATF7IP	V742A	Missense	0.199191896
2771	ATF7IP	Q739R;T740A	Missense;Missense	0.101815362
2772	ATF7IP	Q739R;T740A	Missense;Missense	-0.231399219
2773	ATF7IP	S746P;L747P	Missense;Missense	0.429301593
2774	ATF7IP	V752A	Missense	0.112250141
2775	ATF7IP	V752A	Missense	0.085812112
2776	ATF7IP	A759A	Silent	0.24914018
2777	ATF7IP	V761A;V762A	Missense;Missense	0.465161038
2778	ATF7IP	V761A;V762A	Missense;Missense	-0.136078029
2779	ATF7IP	V761V	Silent	-1.045762474
2780	ATF7IP	T764A;T765A	Missense;Missense	0.135763706
2781	ATF7IP		No Mutation	0.619686156
2782	ATF7IP	S777P;L778P	Missense;Missense	-0.323086022
2783	ATF7IP	S777S;L778P	Silent;Missense	0.062697533
2784	ATF7IP	S777S;L778P	Silent;Missense	0.524984682
2785	ATF7IP		No Mutation	-0.209695513
2786	ATF7IP	L785P	Missense	1.123074145
2787	ATF7IP	V787A	Missense	-1.465931563
2788	ATF7IP	S793P	Missense	0.605172636
2789	ATF7IP	L797P;L798P	Missense;Missense	0.385375042
2790	ATF7IP	L798P	Missense	-0.287460791
2791	ATF7IP		No Mutation	0.238977849
2792	ATF7IP		No Mutation	-0.424227798
2793	ATF7IP		No Mutation	0.133350586
2794	ATF7IP	L798L	Silent	1.155453405
2795	ATF7IP	S800G	Missense	0.405883209
2796	ATF7IP	V806A	Missense	-0.245136505
2797	ATF7IP	T807T	Silent	0.060625753
2798	ATF7IP	T807A	Missense	-0.015117641
2799	ATF7IP	F816P	Missense	-3.587891269
2800	ATF7IP	S821G	Missense	0.351658316
2801	ATF7IP	S826S;G827G	Silent;Silent	0.293750325
2802	ATF7IP	G827G;L828P	Silent;Missense	1.210552253
2803	ATF7IP	L828P	Missense	-0.163945578
2804	ATF7IP	S837P;L838P	Missense;Missense	-0.767661462
2805	ATF7IP	N840N	Silent	0.795322296
2806	ATF7IP		No Mutation	0.137796645
2807	ATF7IP	T842T	Silent	1.367818927
2808	ATF7IP		No Mutation	-0.255792223
2809	ATF7IP	V847A	Missense	1.067594111
2810	ATF7IP	V847A	Missense	0.047441839
2811	ATF7IP	S849P;V850A	Missense;Missense	0.640896833
2812	ATF7IP	P853P	Silent	0.315300457
2813	ATF7IP	S852G	Missense	-0.909182387
2814	ATF7IP		No Mutation	0.177768459
2815	ATF7IP		No Mutation	0.149774736
2816	ATF7IP		No Mutation	0.270834521
2817	ATF7IP	S862G	Missense	0.929907185
2818	ATF7IP	A863A	Silent	0.31367761
2819	ATF7IP	S862G	Missense	-0.697721739
2820	ATF7IP		No Mutation	0.439092361
2821	ATF7IP	L866S	Missense	-0.157822428
2822	ATF7IP	L870P	Missense	-0.064696338
2823	ATF7IP	G867G;T868A;T869A	Silent;Missense;Missense	0.60067085
2824	ATF7IP	I881T;V882A	Missense;Missense	-0.49664433
2825	ATF7IP	I881V	Missense	0.620016629
2826	ATF7IP	L889S	Missense	0.201572693
2827	ATF7IP	T887A	Missense	-0.461441365
2828	ATF7IP	T887A	Missense	-0.325513358
2829	ATF7IP	T891A	Missense	-0.100898541
2830	ATF7IP	S895P	Missense	0.319809362
2831	ATF7IP		No Mutation	-0.060289021
2832	ATF7IP	Y898Y;S899S	Silent;Silent	-0.300967758
2833	ATF7IP	S899S	Silent	-0.99196917
2834	ATF7IP	S899G	Missense	-0.216652944
2835	ATF7IP	G905G	Silent	-0.428385214
2836	ATF7IP	S917S	Silent	-0.395928679
2837	ATF7IP	N927G;T928A	Missense;Missense	-0.113100286
2838	ATF7IP	(NC)	Splice-donor	1.634574689
2839	ATF7IP	(NC)	Intron	-0.821002828
2840	ATF7IP	(NC)	Intron	0.259059234
2841	ATF7IP	(NC)	Intron	0.551801023
2842	ATF7IP		No Mutation	-0.211982597
2843	ATF7IP	A948A	Silent	0.098721359
2844	ATF7IP	(NC)	Splice-acceptor	2.222924778
2845	ATF7IP	T959A	Missense	-0.493376393
2846	ATF7IP	S964S	Silent	-0.520021544
2847	ATF7IP	I967V	Missense	-0.244488882
2848	ATF7IP	M971V;D972G	Missense;Missense	0.273651972
2849	ATF7IP	E975G;S976G	Missense;Missense	0.20407193
2850	ATF7IP	S994S;S995P	Silent;Missense	-0.018410488
2851	ATF7IP	P998P	Silent	0.672659814
2852	ATF7IP	L1003P	Missense	0.891092459
2853	ATF7IP		No Mutation	0.206077913
2854	ATF7IP		No Mutation	0.128699676
2855	ATF7IP	P1011P	Silent	0.205390905
2856	ATF7IP		No Mutation	-0.073532419
2857	ATF7IP		No Mutation	0.383144916
2858	ATF7IP		No Mutation	-0.250636643
2859	ATF7IP		No Mutation	0.114595892
2860	ATF7IP	S1015P	Missense	-0.697994999
2861	ATF7IP	V1017A	Missense	-0.559885452
2862	ATF7IP		No Mutation	-0.081745234
2863	ATF7IP		No Mutation	-0.454985801
2864	ATF7IP	S1023P	Missense	-0.07734783
2865	ATF7IP	I1027T	Missense	1.211440425
2866	ATF7IP	I1027V;H1028R	Missense;Missense	-0.821380884
2867	ATF7IP	L1030P;P1031P	Missense;Silent	-0.013531514
2868	ATF7IP	P1031P	Silent	-0.464658971
2869	ATF7IP	(NC);(NC)	Intron;Intron	0.077547609
2870	ATF7IP	T1035T	Silent	-0.711286089
2871	ATF7IP	V1039A	Missense	-0.114387084
2872	ATF7IP	H1041H;R1042R	Silent;Silent	-0.272118443
2873	ATF7IP	T1040T;H1041R	Silent;Missense	0.915212145
2874	ATF7IP		No Mutation	0.675627845
2875	ATF7IP	V1053A	Missense	0.27053437
2876	ATF7IP	A1056A;P1057P	Silent;Silent	0.795214528
2877	ATF7IP	P1057P	Silent	-0.044201305
2878	ATF7IP	R1055R	Silent	1.703902056
2879	ATF7IP		No Mutation	-0.792891045
2880	ATF7IP		No Mutation	-0.587387196
2881	ATF7IP	V1062A;V1063A	Missense;Missense	0.005775203
2882	ATF7IP	Y1064Y	Silent	0.04797193
2883	ATF7IP	T1066T	Silent	-0.026014062
2884	ATF7IP		No Mutation	-0.026885027
2885	ATF7IP		No Mutation	0.447294124
2886	ATF7IP	Q1073R	Missense	-0.605537408
2887	ATF7IP	L1076P	Missense	-0.364719871
2888	ATF7IP	L1076P	Missense	0.196258824
2889	ATF7IP	R1077R	Silent	0.651842514
2890	ATF7IP	V1080A;M1081T	Missense;Missense	0.11014976
2891	ATF7IP	V1080A;M1081T	Missense;Missense	-0.297269817
2892	ATF7IP	Q1082R	Missense	0.392350516
2893	ATF7IP		No Mutation	-0.16127234
2894	ATF7IP	V1089A	Missense	-0.407205923
2895	ATF7IP	(NC);(NC);(NC);(NC)	Intron;Intron;Intron;Intron	-1.469471882
2896	ATF7IP	(NC);(NC);(NC);(NC)	Intron;Intron;Intron;Intron	-2.090272339
2897	ATF7IP	Y1105H;V1106A	Missense;Missense	0.017034181
2898	ATF7IP	T1104A;Y1105C	Missense;Missense	-0.650243603
2899	ATF7IP	N1109N	Silent	-0.281151638
2900	ATF7IP	V1107V;N1108G;N1109D	Silent;Missense;Missense	0.227348204
2901	ATF7IP	N1108G;N1109G	Missense;Missense	-0.485957562
2902	ATF7IP	L1111L;T1112A	Silent;Missense	0.124921674
2903	ATF7IP	P1118P	Silent	0.380627928
2904	ATF7IP	P1118P	Silent	-0.208068022
2905	ATF7IP	H1123H	Silent	-0.295932773
2906	ATF7IP	H1130H	Silent	-0.313940091
2907	ATF7IP	T1131T;(NC)	Silent;Splice-donor	0.923131385
2908	ATF7IP	(NC)	Splice-donor	0.54504718
2909	ATF7IP	(NC)	Intron	0.571066866
2910	ATF7IP		No Mutation	-0.435597773
2911	ATF7IP		No Mutation	-0.121056268
2912	ATF7IP		No Mutation	-0.158680059
2913	ATF7IP		No Mutation	0.535545413
2914	ATF7IP		No Mutation	0.631013589
2915	ATF7IP		No Mutation	-0.14844382
2916	ATF7IP	L1142L	Silent	-0.612179585
2917	ATF7IP	L1142P	Missense	0.097253722
2918	ATF7IP	L1142P	Missense	-0.272660782
2919	ATF7IP		No Mutation	0.021894812
2920	ATF7IP		No Mutation	-0.506915698
2921	ATF7IP		No Mutation	-1.472943383
2922	ATF7IP		No Mutation	-0.415207477
2923	ATF7IP		No Mutation	0.7606384
2924	ATF7IP	L1151P	Missense	0.326815716
2925	ATF7IP		No Mutation	0.150547923
2926	ATF7IP		No Mutation	0.477640445
2927	ATF7IP		No Mutation	0.037307566
2928	ATF7IP	S1159P	Missense	-0.392627952
2929	ATF7IP	S1159P	Missense	-0.160639757
2930	ATF7IP	P1161P	Silent	-1.072657663
2931	ATF7IP	L1166P	Missense	0.023404898
2932	ATF7IP		No Mutation	-0.005471008
2933	ATF7IP		No Mutation	-0.507339596
2934	ATF7IP	N1175S	Missense	0.070411652
2935	ATF7IP	V1178V	Silent	0.483846654
2936	ATF7IP	S1180S	Silent	-0.101513255
2937	ATF7IP	S1180S;S1182G	Silent;Missense	0.118906206
2938	ATF7IP	C1190R	Missense	-0.858545039
2939	ATF7IP	H1197H	Silent	1.367361953
2940	ATF7IP		No Mutation	-0.047714682
2941	ATF7IP	H1202H	Silent	-0.139899832
2942	ATF7IP	S1206S	Silent	-0.482902249
2943	ATF7IP	S1211P	Missense	-0.553491868
2944	ATF7IP	T1208A	Missense	-0.051759621
2945	ATF7IP	S1211P	Missense	0.171335013
2946	ATF7IP	W1213R	Missense	1.318386445
2947	ATF7IP	S1211S;Q1212R	Silent;Missense	1.073334068
2948	ATF7IP	S1211S;Q1212R	Silent;Missense	-0.770754522
2949	ATF7IP	S1211S;Q1212R	Silent;Missense	-0.251681553
2950	ATF7IP	K1214K;K1215G;I1216V	Silent;Missense;Missense	0.231846827
2951	ATF7IP	A1221A	Silent	-0.251611092
2952	ATF7IP	C1228R	Missense	2.760052056
2953	ATF7IP	C1228C;T1229T	Silent;Silent	0.123883357
2954	ATF7IP	L1230P	Missense	0.324608414
2955	ATF7IP	L1230P	Missense	1.114371705
2956	ATF7IP	T1231A	Missense	0.096450796
2957	ATF7IP	G1236G	Silent	-2.061908186
2958	ATF7IP	G1236G	Silent	0.369515663
2959	ATF7IP		No Mutation	0.731390587
2960	ATF7IP	R1244R	Silent	0.315394788
2961	ATF7IP	D1247G;I1248V	Missense;Missense	0.124852331
2962	ATF7IP	R1251R	Silent	0.080852947
2963	ATF7IP	S1260P	Missense	0.509124225
2964	ATF7IP	V1263A;I1264T	Missense;Missense	0.058273919
2965	ATF7IP	Q1268R;S1269G	Missense;Missense	0.901102427
2966	ATF7IP	(NC);(NC)	UTR;UTR	-0.044629322
2967	ATF7IP	(NC);(NC)	UTR;UTR	0.531973763
2968	ATF7IP	(NC);(NC);(NC);(NC)	UTR;UTR;UTR;UTR	0.723931556
2969	ATF7IP2	(NC)	Splice-acceptor	0.689729336
2970	ATF7IP2	M1T	Missense	-0.014018954
2971	ATF7IP2	P4P	Silent	-1.929742069
2972	ATF7IP2		No Mutation	-0.221572163
2973	ATF7IP2	T17T;M18V	Silent;Missense	0.8997116
2974	ATF7IP2		No Mutation	-0.38728134
2975	ATF7IP2		No Mutation	0.859593
2976	ATF7IP2		No Mutation	-0.504115457
2977	ATF7IP2	M28T	Missense	0.10520822
2978	ATF7IP2	E27G;M28V	Missense;Missense	-0.785378157
2979	ATF7IP2		No Mutation	-1.769089791
2980	ATF7IP2		No Mutation	-1.161037619
2981	ATF7IP2	S44G	Missense	0.018777842
2982	ATF7IP2	S52S;F53P	Silent;Missense	-0.721492072
2983	ATF7IP2		No Mutation	-0.121809927
2984	ATF7IP2		No Mutation	0.015808571
2985	ATF7IP2	S68G	Missense	0.305401832
2986	ATF7IP2	E71E;N72G	Silent;Missense	-0.541776546
2987	ATF7IP2	V103A	Missense	-0.290096768
2988	ATF7IP2	H104R	Missense	1.652251784
2989	ATF7IP2		No Mutation	-1.046086358
2990	ATF7IP2	S125P	Missense	-0.071072902
2991	ATF7IP2	F130S	Missense	0.065016349
2992	ATF7IP2	R128G	Missense	0.188238597
2993	ATF7IP2		No Mutation	-0.139412223
2994	ATF7IP2		No Mutation	0.184145687
2995	ATF7IP2		No Mutation	-1.489997793
2996	ATF7IP2		No Mutation	0.055924493
2997	ATF7IP2		No Mutation	-0.532163769
2998	ATF7IP2	S172S	Silent	-0.256555127
2999	ATF7IP2	P170P	Silent	-0.635374023
3000	ATF7IP2	S175S	Silent	-0.184051786
3001	ATF7IP2	G176G;V177A	Silent;Missense	-0.098177674
3002	ATF7IP2	G176G;V177A	Silent;Missense	0.994504006
3003	ATF7IP2		No Mutation	0.258297178
3004	ATF7IP2	T184A	Missense	-1.222438406
3005	ATF7IP2	T184A	Missense	0.307763228
3006	ATF7IP2		No Mutation	0.342807633
3007	ATF7IP2	K192G;K193E	Missense;Missense	1.204399005
3008	ATF7IP2	H200H;L201P	Silent;Missense	0.345761304
3009	ATF7IP2	S205P	Missense	-0.332632208
3010	ATF7IP2	S207S;E208G	Silent;Missense	1.265029038
3011	ATF7IP2	H210H;D211D	Silent;Silent	-0.798625252
3012	ATF7IP2	E230G;K231E	Missense;Missense	-1.172275776
3013	ATF7IP2	S238P;V239A	Missense;Missense	1.011767968
3014	ATF7IP2	C262C	Silent	-0.473612713
3015	ATF7IP2	E263G;S264G	Missense;Missense	0.871269308
3016	ATF7IP2	H280R	Missense	2.050008345
3017	ATF7IP2	E305E;N306G;I307V	Silent;Missense;Missense	-0.445782817
3018	ATF7IP2		No Mutation	0.636425805
3019	ATF7IP2	E312E;R313G	Silent;Missense	0.086224706
3020	ATF7IP2	Q314Q;T315A	Silent;Missense	-0.093933588
3021	ATF7IP2	E319G	Missense	0.176610491
3022	ATF7IP2	E319G	Missense	-0.266463664
3023	ATF7IP2	E319G;Q320R	Missense;Missense	-1.438915337
3024	ATF7IP2	(NC);(NC);(NC);(NC)	Intron;Intron;Intron;Intron	0.815816723
3025	ATF7IP2	R322G	Missense	-0.121672248
3026	ATF7IP2	E343G	Missense	1.283722745
3027	ATF7IP2	E343G	Missense	1.324638331
3028	ATF7IP2		No Mutation	-0.104000316
3029	ATF7IP2	R354G	Missense	-1.91876789
3030	ATF7IP2	G359G;I360V	Silent;Missense	0.153876585
3031	ATF7IP2	T377T;V378V	Silent;Silent	-0.104266055
3032	ATF7IP2	N389G;M390V	Missense;Missense	0.997851224
3033	ATF7IP2	S393S	Silent	0.12422834
3034	ATF7IP2	S393G;N394D	Missense;Missense	1.116646627
3035	ATF7IP2	S397S	Silent	0.700923945
3036	ATF7IP2	(NC)	Intron	0.336249993
3037	ATF7IP2		No Mutation	-1.845729599
3038	ATF7IP2		No Mutation	0.472044533
3039	ATF7IP2	(NC);(NC)	Intron;Splice-acceptor	0.008602051
3040	ATF7IP2	S402S	Silent	-1.264061519
3041	ATF7IP2	N429G	Missense	0.168083042
3042	ATF7IP2	N445S;K446G	Missense;Missense	-0.453081524
3043	ATF7IP2		No Mutation	1.427788102
3044	ATF7IP2	M457V	Missense	1.317601824
3045	ATF7IP2	I470T	Missense	0.792091436
3046	ATF7IP2	I470V;T471A	Missense;Missense	0.00636928
3047	ATF7IP2		No Mutation	-0.20517001
3048	ATF7IP2	(NC);(NC)	Intron;Intron	0.86871465
3049	ATF7IP2	T477A;R478G	Missense;Missense	-3.296924957
3050	ATF7IP2	N490D	Missense	0.43774561
3051	ATF7IP2	M494T;(NC)	Missense;Splice-donor	0.375774562
3052	ATF7IP2	M494T;(NC)	Missense;Splice-donor	0.018271602
3053	ATF7IP2	I504V;D505G	Missense;Missense	-0.111060514
3054	ATF7IP2	L511L	Silent	0.324451954
3055	ATF7IP2	N515N	Silent	-1.0973462
3056	ATF7IP2	N513S	Missense	0.250683685
3057	ATF7IP2		No Mutation	0.309794914
3058	ATF7IP2	E517E;S518G	Silent;Missense	-0.19276639
3059	ATF7IP2	S525P	Missense	-1.396393077
3060	ATF7IP2	H526H;S527P	Silent;Missense	1.418778868
3061	ATF7IP2	H526H;S527P	Silent;Missense	-0.217814605
3062	ATF7IP2	S527P	Missense	-0.100756658
3063	ATF7IP2		No Mutation	-0.188629761
3064	ATF7IP2		No Mutation	0.544213499
3065	ATF7IP2	K528K	Silent	-0.054910493
3066	ATF7IP2	S533S;K534G	Silent;Missense	0.116145131
3067	ATF7IP2	A540A	Silent	-0.314298724
3068	ATF7IP2	(NC)	Intron	0.283146669
3069	ATF7IP2	(NC);(NC);(NC)	Intron;Intron;Intron	-1.520211375
3070	ATF7IP2	L553P	Missense	0.402407474
3071	ATF7IP2	P555P	Silent	0.173797111
3072	ATF7IP2		No Mutation	0.576294284
3073	ATF7IP2		No Mutation	0.223647407
3074	ATF7IP2		No Mutation	-0.117190238
3075	ATF7IP2		No Mutation	-0.101584503
3076	ATF7IP2	L563P	Missense	-0.225988817
3077	ATF7IP2	P564P	Silent	-0.239557295
3078	ATF7IP2	L566P	Missense	-0.021414982
3079	ATF7IP2	V567A	Missense	-0.041369154
3080	ATF7IP2	P575P	Silent	0.074738517
3081	ATF7IP2	P575P	Silent	-0.063327656
3082	ATF7IP2	L581P	Missense	0.394560579
3083	ATF7IP2	L581P	Missense	-0.620204062
3084	ATF7IP2	L581P	Missense	-0.988868639
3085	ATF7IP2		No Mutation	-0.878021858
3086	ATF7IP2	E580G	Missense	-1.064135253
3087	ATF7IP2	E580G	Missense	0.918310886
3088	ATF7IP2		No Mutation	0.452551358
3089	ATF7IP2	N590S	Missense	0.063604349
3090	ATF7IP2	L594P	Missense	0.17611563
3091	ATF7IP2	L594P;T595T	Missense;Silent	-1.084829414
3092	ATF7IP2	I598T	Missense	-1.114646328
3093	ATF7IP2	C605R	Missense	0.577765746
3094	ATF7IP2	V608A	Missense	-1.029144797
3095	ATF7IP2	V608A	Missense	0.621687939
3096	ATF7IP2	L613P	Missense	0.116351888
3097	ATF7IP2	H617H	Silent	-0.021728963
3098	ATF7IP2	S620P	Missense	-0.01271282
3099	ATF7IP2	N621G	Missense	0.970573431
3100	ATF7IP2	I625V	Missense	-0.402056545
3101	ATF7IP2	K633K	Silent	-0.223989533
3102	ATF7IP2	C641R	Missense	-1.382909616
3103	ATF7IP2	T642T;L643P;S644P	Silent;Missense;Missense	1.036804416
3104	ATF7IP2	L643P;S644P	Missense;Missense	-0.096557274
3105	ATF7IP2	L643S;S644P	Missense;Missense	-1.060888657
3106	ATF7IP2	F646P	Missense	-0.334427981
3107	ATF7IP2	F654S;T655T	Missense;Silent	0.481558721
3108	ATF7IP2	D670G;I671V	Missense;Missense	-0.056517694
3109	ATF7IP2	D670G;I671V	Missense;Missense	-1.145153994
3110	ATF7IP2	E679G;N680D	Missense;Missense	-0.409430071
3111	SETDB2	(NC);(NC)	UTR;UTR	0.950124679
3112	SETDB2	(NC);(NC)	UTR;UTR	-1.134541004
3113	SETDB2	(NC);(NC);M1V	UTR;UTR;Missense	0.386355638
3114	SETDB2	G2G	Silent	-0.391087693
3115	SETDB2	D7G	Missense	-0.537082964
3116	SETDB2	A8A;K9E	Silent;Missense	0.615564618
3117	SETDB2	M13V;E14G	Missense;Missense	1.416396244
3118	SETDB2	L15L;E16G	Silent;Missense	-0.290441031
3119	SETDB2	K36G;Q37R	Missense;Missense	0.096306242
3120	SETDB2	K36R;Q37R	Missense;Missense	1.009125634
3121	SETDB2		No Mutation	-0.24301725
3122	SETDB2	(NC)	Intron	-0.056180111
3123	SETDB2		No Mutation	0.272646214
3124	SETDB2	V56A	Missense	-0.711960092
3125	SETDB2	S64G	Missense	0.204881527
3126	SETDB2	S64G	Missense	0.374296709
3127	SETDB2	(NC);(NC)	Intron;Intron	-0.064854623
3128	SETDB2	S72P	Missense	0.631825259
3129	SETDB2	S72P	Missense	-0.203474963
3130	SETDB2		No Mutation	0.226926323
3131	SETDB2	N77G	Missense	0.406928782
3132	SETDB2	(NC);(NC)	Intron;Intron	0.476096203
3133	SETDB2	(NC);(NC);(NC)	Intron;Intron;Intron	-0.594491187
3134	SETDB2	M84V	Missense	0.854462612
3135	SETDB2		No Mutation	0.409603055
3136	SETDB2	T87A	Missense	-0.328243411
3137	SETDB2		No Mutation	0.518899562
3138	SETDB2	S100S	Silent	0.64690735
3139	SETDB2	C111C	Silent	-0.537058298
3140	SETDB2	F113P;L114P	Missense;Missense	-0.091226912
3141	SETDB2	(NC);L114L;T115A	Splice-acceptor;Silent;Missense	1.097784869
3142	SETDB2	Q143R;S144G	Missense;Missense	1.045334422
3143	SETDB2	S148P	Missense	0.729912953
3144	SETDB2	K154K;M155V	Silent;Missense	1.263882864
3145	SETDB2	M155V	Missense	0.243323037
3146	SETDB2	I169T	Missense	-1.064581678
3147	SETDB2	I169T	Missense	0.105573286
3148	SETDB2	F173P	Missense	0.15411953
3149	SETDB2		No Mutation	0.047492228
3150	SETDB2	S190G;Y191C	Missense;Missense	0.373821847
3151	SETDB2	Y191C;K192G	Missense;Missense	0.217778461
3152	SETDB2	S198S;L199P	Silent;Missense	0.519896157
3153	SETDB2	S198S;L199P	Silent;Missense	0.409291126
3154	SETDB2	L199P	Missense	0.521728162
3155	SETDB2	G196G;R197G;S198G	Silent;Missense;Missense	-0.193864679
3156	SETDB2	S198G	Missense	0.2390592
3157	SETDB2	C214R	Missense	-0.719101371
3158	SETDB2	N225G;T226A	Missense;Missense	-0.238493079
3159	SETDB2	Y227C	Missense	0.45671515
3160	SETDB2	A231A	Silent	-0.060040079
3161	SETDB2	K238K;E239G	Silent;Missense	-1.564129607
3162	SETDB2	D243G	Missense	0.936448552
3163	SETDB2	D245G;I246V	Missense;Missense	1.086866866
3164	SETDB2	N259N	Silent	-1.099779793
3165	SETDB2	N259N	Silent	0.79919424
3166	SETDB2		No Mutation	-0.291187795
3167	SETDB2		No Mutation	-1.351387436
3168	SETDB2	K270R;Y271C	Missense;Missense	-0.141964293
3169	SETDB2	L282P	Missense	-0.193348299
3170	SETDB2	M288T;F289P	Missense;Missense	-0.70664674
3171	SETDB2	D291D;S292P	Silent;Missense	0.504739717
3172	SETDB2		No Mutation	-0.067871123
3173	SETDB2		No Mutation	-1.312289695
3174	SETDB2		No Mutation	0.119447692
3175	SETDB2	I302V	Missense	1.191870967
3176	SETDB2	(NC);(NC);(NC);(NC)	Intron;Intron;Intron;Intron	0.260101944
3177	SETDB2	(NC)	Intron	-0.431119617
3178	SETDB2		No Mutation	-1.089297835
3179	SETDB2	L320S;S321P	Missense;Missense	-2.07547138
3180	SETDB2	S322G;D323G	Missense;Missense	-1.055986697
3181	SETDB2	Q335R;R336G	Missense;Missense	-0.282063174
3182	SETDB2	Q335R;R336G	Missense;Missense	0.314924542
3183	SETDB2	Q337R;I338V	Missense;Missense	0.399806791
3184	SETDB2		No Mutation	0.166635176
3185	SETDB2	(NC);(NC)	Intron;Intron	-0.52951337
3186	SETDB2	C351C;N352N	Silent;Silent	-0.066729114
3187	SETDB2	N358G	Missense	0.141054039
3188	SETDB2	H363H;G364G	Silent;Silent	-0.92252453
3189	SETDB2	Q362R;H363R	Missense;Missense	0.164045982
3190	SETDB2	V367A	Missense	-0.373509973
3191	SETDB2		No Mutation	-0.400861299
3192	SETDB2	V371A	Missense	-0.718907994
3193	SETDB2	K373E	Missense	0.026848119
3194	SETDB2	K373G	Missense	0.535367796
3195	SETDB2	K373R;T374A	Missense;Missense	1.30012653
3196	SETDB2	K373K;T374A	Silent;Missense	0.527556803
3197	SETDB2	T374A;E375G	Missense;Missense	0.224027381
3198	SETDB2	L384L;D385G	Silent;Missense	0.038905297
3199	SETDB2	L384L;D385G	Silent;Missense	-0.012623069
3200	SETDB2		No Mutation	-0.024226043
3201	SETDB2	L401P	Missense	-0.065914892
3202	SETDB2	N405G;T406A	Missense;Missense	-0.903692551
3203	SETDB2	Y410C	Missense	1.220336226
3204	SETDB2	Y410C	Missense	-1.085200776
3205	SETDB2	E442G	Missense	0.700152546
3206	SETDB2	E442E	Silent	-0.878411714
3207	SETDB2		No Mutation	-0.068191507
3208	SETDB2		No Mutation	-0.517430941
3209	SETDB2	N466N	Silent	0.231783184
3210	SETDB2	S465G	Missense	0.794932197
3211	SETDB2	N467N	Silent	0.699379606
3212	SETDB2	V473A;(NC)	Missense;Splice-donor	0.340230759
3213	SETDB2	V473A;(NC)	Missense;Splice-donor	-0.495038927
3214	SETDB2		No Mutation	-0.521402868
3215	SETDB2	Y477H	Missense	-0.4526643
3216	SETDB2	I498T	Missense	0.117051703
3217	SETDB2	F499S	Missense	0.65288008
3218	SETDB2	N502N	Silent	-0.062731882
3219	SETDB2	Q500Q;H501R;N502D	Silent;Missense;Missense	-2.784926069
3220	SETDB2	(NC);(NC);(NC);(NC)	Intron;Intron;Intron;Intron	0.565287557
3221	SETDB2	(NC);(NC);(NC)	Intron;Intron;Intron	0.098259222
3222	SETDB2	F508P	Missense	0.345462738
3223	SETDB2	T515T	Silent	-0.485916802
3224	SETDB2	T515A	Missense	1.828627663
3225	SETDB2	F522P	Missense	0.328066668
3226	SETDB2	L529P	Missense	-0.347739942
3227	SETDB2	S531P	Missense	-0.085781023
3228	SETDB2	S531P	Missense	-0.622711007
3229	SETDB2	N530D	Missense	-0.822563256
3230	SETDB2	N530G	Missense	0.576219785
3231	SETDB2	K534G	Missense	-0.581217417
3232	SETDB2	(NC)	Splice-donor	-0.410019952
3233	SETDB2	(NC);(NC)	Intron;Intron	0.017744231
3234	SETDB2		No Mutation	-0.102400847
3235	SETDB2	F548F	Silent	-1.042662233
3236	SETDB2	R565R;E566G	Silent;Missense	0.157876187
3237	SETDB2	P570P;R571G;S572G	Silent;Missense;Missense	-1.328954371
3238	SETDB2	C574R	Missense	0.560062194
3239	SETDB2		No Mutation	0.302774931
3240	SETDB2	N575G	Missense	0.072281415
3241	SETDB2	D581D	Silent	-0.473750619
3242	SETDB2	N584N	Silent	-0.906586185
3243	SETDB2	N582G	Missense	0.094579881
3244	SETDB2	I585V;K586E	Missense;Missense	0.124780321
3245	SETDB2	Q592Q;I593V	Silent;Missense	0.827870343
3246	SETDB2	I593V;Q594R	Missense;Missense	-1.144793286
3247	SETDB2	S601P	Missense	-0.656814601
3248	SETDB2	S601S	Silent	-0.307308229
3249	SETDB2	S601S	Silent	-0.066623889
3250	SETDB2	T602T;A603A	Silent;Silent	1.246343998
3251	SETDB2	S624S;D625D	Silent;Silent	0.542236133
3252	SETDB2	L627L;T628A	Silent;Missense	-0.81258896
3253	SETDB2	D639G	Missense	0.238011715
3254	SETDB2	T641A;K642G	Missense;Missense	0.417383875
3255	SETDB2		No Mutation	0.160275248
3256	SETDB2	N651D	Missense	0.081345087
3257	SETDB2	(NC)	Intron	-1.045843708
3258	SETDB2		No Mutation	-0.896828921
3259	SETDB2	(NC);(NC);(NC);(NC)	Intron;Intron;Intron;Intron	0.864590059
3260	SETDB2		No Mutation	-0.284728991
3261	SETDB2		No Mutation	0.823779067
3262	SETDB2		No Mutation	-0.138557451
3263	SETDB2	F678P	Missense	0.282786692
3264	SETDB2	A676A	Silent	-0.591505475
3265	SETDB2	(NC);(NC);(NC)	Intron;Intron;Intron	0.434404848
3266	SETDB2	A685A;R686G	Silent;Missense	-0.392757375
3267	SETDB2	A685A;R686G;T687A	Silent;Missense;Missense	0.441127025
3268	SETDB2	E688G	Missense	0.490196115
3269	SETDB2	D692G;Y693C	Missense;Missense	-0.148122056
3270	SETDB2	D692G;Y693C	Missense;Missense	-0.778060148
3271	SETDB2	T699A	Missense	-0.057253061
3272	SETDB2	F706P;C707R	Missense;Missense	-0.415373778
3273	SETDB2	E704G;I705V	Missense;Missense	-0.049936136
3274	SETDB2	E704G;I705V	Missense;Missense	0.363598985
3275	SETDB2	E704E;I705V	Silent;Missense	0.489581481
3276	SETDB2	N712N;C714R	Silent;Missense	-0.10729956
3277	EHMT1	(NC)	UTR	-0.766042302
3278	EHMT1		No Mutation	-0.268103427
3279	EHMT1		No Mutation	-0.140828511
3280	EHMT1		No Mutation	-0.256916184
3281	EHMT1		No Mutation	0.378712858
3282	EHMT1		No Mutation	-0.003084165
3283	EHMT1	D5D	Silent	-0.442352043
3284	EHMT1	(NC)	Splice-donor	-0.387259462
3285	EHMT1	D5G	Missense	-0.568187116
3286	EHMT1	D5G	Missense	-0.45974309
3287	EHMT1	(NC)	Splice-donor	-0.775075295
3288	EHMT1		No Mutation	-0.455526047
3289	EHMT1		No Mutation	0.234025448
3290	EHMT1	E7G	Missense	-0.458964761
3291	EHMT1	(NC)	Intron	-0.524668493
3292	EHMT1	(NC)	Intron	0.031777795
3293	EHMT1		No Mutation	-0.580622768
3294	EHMT1	(NC);(NC)	Intron;Intron	-0.151136657
3295	EHMT1	(NC);(NC)	Intron;Intron	0.266554753
3296	EHMT1	(NC)	Intron	0.663027668
3297	EHMT1		No Mutation	0.11061268
3298	EHMT1		No Mutation	-0.370289211
3299	EHMT1	(NC);(NC);(NC)	Intron;Intron;Splice-acceptor	0.144492588
3300	EHMT1	(NC);(NC)	Intron;Splice-acceptor	-0.028039863
3301	EHMT1	(NC)	Splice-acceptor	0.140805357
3302	EHMT1	(NC);A8A	Splice-acceptor;Silent	0.232680432
3303	EHMT1	A8A	Silent	-0.496050194
3304	EHMT1	R12G	Missense	-0.079303856
3305	EHMT1	P15P	Silent	0.044785379
3306	EHMT1	C20R;V21A	Missense;Missense	-0.733545803
3307	EHMT1	K22E	Missense	-0.434989172
3308	EHMT1	K22G	Missense	0.24843825
3309	EHMT1	T23A;E24G	Missense;Missense	0.155516067
3310	EHMT1		No Mutation	-0.868293617
3311	EHMT1		No Mutation	0.071022053
3312	EHMT1	(NC)	Splice-donor	0.175628063
3313	EHMT1		No Mutation	0.330575137
3314	EHMT1	(NC)	Intron	0.496479279
3315	EHMT1	(NC)	Intron	-0.198842854
3316	EHMT1		No Mutation	-0.302291629
3317	EHMT1	M32V	Missense	-0.223504622
3318	EHMT1		No Mutation	-0.039640752
3319	EHMT1		No Mutation	-0.360004546
3320	EHMT1	E36E	Silent	0.747726039
3321	EHMT1	S38S	Silent	2.085410788
3322	EHMT1	A39A;E40G;K41E	Silent;Missense;Missense	-0.744006573
3323	EHMT1	A43A	Silent	-0.421750592
3324	EHMT1	G44G;E45G	Silent;Missense	-0.445648411
3325	EHMT1	H47R	Missense	0.17873955
3326	EHMT1	G52G	Silent	0.359374638
3327	EHMT1	D51G	Missense	0.481851217
3328	EHMT1	D51G	Missense	-0.618268282
3329	EHMT1	N68N;A69A	Silent;Silent	0.137775741
3330	EHMT1		No Mutation	0.648855078
3331	EHMT1	H72R;T73A	Missense;Missense	0.189954075
3332	EHMT1	T73A	Missense	0.409058086
3333	EHMT1	A77A;R78G	Silent;Missense	-0.179077518
3334	EHMT1	R78G	Missense	0.266432759
3335	EHMT1		No Mutation	-0.006650324
3336	EHMT1		No Mutation	-0.488028754
3337	EHMT1		No Mutation	0.117978211
3338	EHMT1		No Mutation	0.051995632
3339	EHMT1	T85A	Missense	0.136708105
3340	EHMT1	T87A	Missense	-1.557472503
3341	EHMT1	I91T	Missense	0.176729384
3342	EHMT1	T89A	Missense	-0.743875467
3343	EHMT1		No Mutation	-0.880177389
3344	EHMT1	I91V	Missense	-0.09003252
3345	EHMT1	S97S;E98G;R99G	Silent;Missense;Missense	0.289704161
3346	EHMT1	F114L	Missense	-0.341992362
3347	EHMT1	T117T	Silent	-0.369155287
3348	EHMT1	Q116R	Missense	0.258535687
3349	EHMT1		No Mutation	-0.115109134
3350	EHMT1	G124G;Y125C;I126V	Silent;Missense;Missense	-1.152441413
3351	EHMT1	L127L;N128G;K129E	Silent;Missense;Missense	-0.50179223
3352	EHMT1		No Mutation	-0.461475124
3353	EHMT1	L132L;Q133R	Silent;Missense	-0.164373882
3354	EHMT1	L137P	Missense	0.310735866
3355	EHMT1	L137P	Missense	0.102498455
3356	EHMT1	R138G;T139A	Missense;Missense	0.565840845
3357	EHMT1		No Mutation	0.154366287
3358	EHMT1	T142T	Silent	0.346579486
3359	EHMT1	S145S;S146P	Silent;Missense	-0.192023632
3360	EHMT1		No Mutation	-0.625578943
3361	EHMT1	H150H	Silent	0.330597125
3362	EHMT1		No Mutation	-0.020082744
3363	EHMT1	A152A;K153G	Silent;Missense	-0.276934504
3364	EHMT1	A152A;K153G	Silent;Missense	0.394618001
3365	EHMT1	A152A;K153G;T154A	Silent;Missense;Missense	0.708413408
3366	EHMT1	T154A	Missense	-0.208283941
3367	EHMT1		No Mutation	1.115860295
3368	EHMT1	A159A	Silent	0.357753876
3369	EHMT1	A159A	Silent	0.246861839
3370	EHMT1	G157G	Silent	-0.287690996
3371	EHMT1		No Mutation	0.665752913
3372	EHMT1		No Mutation	0.437105012
3373	EHMT1		No Mutation	0.055373783
3374	EHMT1		No Mutation	0.27683855
3375	EHMT1		No Mutation	-0.578001677
3376	EHMT1		No Mutation	-0.426928429
3377	EHMT1		No Mutation	-0.507246704
3378	EHMT1	P175P	Silent	-1.53809254
3379	EHMT1	P175P	Silent	-0.829941405
3380	EHMT1	L179P	Missense	0.044098118
3381	EHMT1	P175P;P176P	Silent;Silent	0.946315169
3382	EHMT1	P176P	Silent	-0.61841647
3383	EHMT1	P176P	Silent	0.006161806
3384	EHMT1	L179P	Missense	-0.470308593
3385	EHMT1	L179L	Silent	0.025527259
3386	EHMT1		No Mutation	-0.014213826
3387	EHMT1		No Mutation	0.134044858
3388	EHMT1	S183S	Silent	-0.439592447
3389	EHMT1	S183S;A184A	Silent;Silent	-0.342863275
3390	EHMT1	S183S;A184A	Silent;Silent	-0.47998551
3391	EHMT1	S183G	Missense	0.37067104
3392	EHMT1		No Mutation	0.134732986
3393	EHMT1	T186T;E187G	Silent;Missense	-1.91078263
3394	EHMT1	R189G;K190G	Missense;Missense	-1.113543716
3395	EHMT1		No Mutation	0.40408239
3396	EHMT1		No Mutation	-0.917988959
3397	EHMT1	V198A	Missense	-0.105158953
3398	EHMT1	V198A	Missense	0.218769934
3399	EHMT1		No Mutation	-0.236541632
3400	EHMT1	V200A	Missense	-0.318621842
3401	EHMT1	D197G	Missense	-0.253027183
3402	EHMT1	D197G	Missense	0.291153052
3403	EHMT1		No Mutation	0.388894686
3404	EHMT1		No Mutation	0.140108356
3405	EHMT1	M207V	Missense	-0.046229723
3406	EHMT1	M207V	Missense	0.384957676
3407	EHMT1	V211A;V212A	Missense;Missense	0.012259168
3408	EHMT1	K209G	Missense	0.124801374
3409	EHMT1	L214P	Missense	-0.356319839
3410	EHMT1	(NC);(NC);(NC)	Splice-donor;Intron;Intron	-0.577131909
3411	EHMT1	(NC);(NC);(NC)	Intron;Intron;Intron	-0.933371003
3412	EHMT1		No Mutation	-0.598080443
3413	EHMT1		No Mutation	-0.266652412
3414	EHMT1	A227A	Silent	0.553189654
3415	EHMT1	R225R;E226G	Silent;Missense	-0.404576628
3416	EHMT1	H230R;K231E	Missense;Missense	1.244426961
3417	EHMT1	K239G;N240G	Missense;Missense	0.183379292
3418	EHMT1	L256P	Missense	0.336245913
3419	EHMT1	L256P;H257H	Missense;Silent	0.028334333
3420	EHMT1	L256L;H257H	Silent;Silent	0.425217143
3421	EHMT1	H257H	Silent	0.347625619
3422	EHMT1	H257H	Silent	-0.713286393
3423	EHMT1	S259P	Missense	-0.405413675
3424	EHMT1	S259P;L260P	Missense;Missense	-0.216220468
3425	EHMT1	L260P;P261P	Missense;Silent	0.692946822
3426	EHMT1	P261P	Silent	-0.736414294
3427	EHMT1	Q262R;N263D	Missense;Missense	-0.842313205
3428	EHMT1	Y266H;M267T	Missense;Missense	0.487872629
3429	EHMT1		No Mutation	0.016746773
3430	EHMT1	T269A;T270A	Missense;Missense	-1.675508154
3431	EHMT1	K271K;S272S	Silent;Silent	0.539536495
3432	EHMT1	T274A	Missense	0.436123874
3433	EHMT1	A283A	Silent	-1.540848995
3434	EHMT1	K288G;K289E	Missense;Missense	-0.387501769
3435	EHMT1	K288G;K289G	Missense;Missense	0.173130295
3436	EHMT1	R292R;M293V	Silent;Missense	-0.01695397
3437	EHMT1	P300P	Silent	-0.113713828
3438	EHMT1	K305G	Missense	-0.105016988
3439	EHMT1	K305K;V306V	Silent;Silent	-0.391145128
3440	EHMT1	I319V;T320A	Missense;Missense	0.19115462
3441	EHMT1	I319V;T320A	Missense;Missense	0.818365607
3442	EHMT1	T323A	Missense	0.169331246
3443	EHMT1	(NC)	Splice-donor	-0.937183154
3444	EHMT1	(NC);(NC)	Intron;Intron	-0.394727343
3445	EHMT1	(NC)	Intron	-0.132025509
3446	EHMT1	(NC)	Intron	-0.600785936
3447	EHMT1		No Mutation	0.58483687
3448	EHMT1		No Mutation	-0.508307334
3449	EHMT1		No Mutation	0.571624544
3450	EHMT1		No Mutation	-0.277042369
3451	EHMT1	(NC)	Splice-acceptor	0.512050031
3452	EHMT1	(NC)	Splice-acceptor	-0.754772971
3453	EHMT1	L337P	Missense	0.777680176
3454	EHMT1	S335G;S336G	Missense;Missense	-0.519530419
3455	EHMT1	S336G	Missense	0.377505816
3456	EHMT1	S336G	Missense	-0.613846785
3457	EHMT1	V339A;N340N	Missense;Silent	0.018617494
3458	EHMT1	N340D	Missense	-0.339798572
3459	EHMT1		No Mutation	-0.959725764
3460	EHMT1		No Mutation	0.147091404
3461	EHMT1	S343G	Missense	-0.451647866
3462	EHMT1	E345G;M346V	Missense;Missense	-0.295829455
3463	EHMT1	D349D	Silent	-0.436884045
3464	EHMT1	D349G	Missense	0.707694457
3465	EHMT1	D352G	Missense	-0.703800997
3466	EHMT1	S353S	Silent	0.139963559
3467	EHMT1	E355G	Missense	-1.440719867
3468	EHMT1	E357G;E358G	Missense;Missense	0.121448398
3469	EHMT1		No Mutation	-0.068378302
3470	EHMT1	H362R	Missense	0.291949193
3471	EHMT1		No Mutation	0.14970594
3472	EHMT1		No Mutation	0.514523788
3473	EHMT1		No Mutation	0.428163433
3474	EHMT1		No Mutation	-0.272421276
3475	EHMT1		No Mutation	0.112945347
3476	EHMT1		No Mutation	0.099239581
3477	EHMT1	T377T	Silent	0.291044493
3478	EHMT1	D374G;S375G	Missense;Missense	0.692081696
3479	EHMT1	K379E	Missense	-0.194030435
3480	EHMT1	K379G	Missense	-0.679051413
3481	EHMT1		No Mutation	-0.255969511
3482	EHMT1		No Mutation	-0.016794398
3483	EHMT1	(NC);(NC);(NC)	Intron;Intron;Intron	-0.423258052
3484	EHMT1	(NC)	Intron	-0.108957805
3485	EHMT1	(NC);(NC)	Intron;Intron	0.410151467
3486	EHMT1	(NC)	Intron	-0.416899858
3487	EHMT1	(NC);(NC)	Intron;Intron	-1.011878486
3488	EHMT1	(NC)	Intron	-0.538929452
3489	EHMT1		No Mutation	-0.020122895
3490	EHMT1		No Mutation	0.340230185
3491	EHMT1		No Mutation	1.589117904
3492	EHMT1		No Mutation	0.425766875
3493	EHMT1	M391V	Missense	-0.098518905
3494	EHMT1	D392G	Missense	-0.298014157
3495	EHMT1	E394G	Missense	-0.070960213
3496	EHMT1	E397G	Missense	-0.237284363
3497	EHMT1	S401P	Missense	-0.120730639
3498	EHMT1	Q399R;E400G	Missense;Missense	-0.632650446
3499	EHMT1	Q399R;E400G	Missense;Missense	0.102578874
3500	EHMT1	E400G	Missense	0.287812942
3501	EHMT1		No Mutation	-0.196068615
3502	EHMT1		No Mutation	-0.846686633
3503	EHMT1	D403G;T404A	Missense;Missense	-0.569638629
3504	EHMT1		No Mutation	-0.413784218
3505	EHMT1	T404A	Missense	0.073434001
3506	EHMT1	E406G	Missense	-0.910134479
3507	EHMT1		No Mutation	-0.414565944
3508	EHMT1		No Mutation	-0.297408205
3509	EHMT1	(NC)	Intron	-0.34220651
3510	EHMT1	(NC)	Intron	0.984754431
3511	EHMT1		No Mutation	-0.903047632
3512	EHMT1	S417S	Silent	0.752506705
3513	EHMT1	S417S;S418P	Silent;Missense	0.051730365
3514	EHMT1		No Mutation	-0.44725299
3515	EHMT1	F426P	Missense	0.241382595
3516	EHMT1	K423R;K424G	Missense;Missense	-0.643860093
3517	EHMT1	K425G	Missense	-0.782811183
3518	EHMT1	G431G;K432G	Silent;Missense	0.07344686
3519	EHMT1	I438T	Missense	0.464978478
3520	EHMT1		No Mutation	0.302811494
3521	EHMT1		No Mutation	0.258859669
3522	EHMT1	K439G	Missense	-0.111392531
3523	EHMT1		No Mutation	0.098289581
3524	EHMT1	K439R;P440P	Missense;Silent	-1.035541166
3525	EHMT1	P440P	Silent	0.517008066
3526	EHMT1	S448G;R449G	Missense;Missense	0.024878863
3527	EHMT1	K451G	Missense	0.373224315
3528	EHMT1	(NC)	Splice-donor	-0.875682719
3529	EHMT1	(NC)	Splice-donor	-0.507725508
3530	EHMT1		No Mutation	-0.410016722
3531	EHMT1		No Mutation	-0.034227757
3532	EHMT1		No Mutation	0.103257717
3533	EHMT1		No Mutation	-0.087917594
3534	EHMT1	(NC)	Intron	-0.75985836
3535	EHMT1	(NC);(NC);(NC)	Intron;Intron;Intron	-0.637885239
3536	EHMT1	(NC)	Intron	0.049826319
3537	EHMT1	(NC);(NC);(NC)	Intron;Intron;Intron	-0.43802509
3538	EHMT1		No Mutation	-1.033996032
3539	EHMT1	G457G;S458P	Silent;Missense	0.947049154
3540	EHMT1	Y461H	Missense	-1.882790795
3541	EHMT1	Y461C	Missense	0.329572717
3542	EHMT1	A465A;G466G;S467G	Silent;Silent;Missense	-2.10403016
3543	EHMT1	E469G	Missense	0.944322254
3544	EHMT1	A472A	Silent	0.462631712
3545	EHMT1	A472A;P473P	Silent;Silent	-0.325141785
3546	EHMT1	G474G;D475G;S476G	Silent;Missense;Missense	-0.058398327
3547	EHMT1	Y479H	Missense	0.526341709
3548	EHMT1	Y479C;M480V	Missense;Missense	0.165274177
3549	EHMT1	E481E	Silent	-0.638681221
3550	EHMT1	D488G	Missense	0.358627595
3551	EHMT1	V491A	Missense	0.115089029
3552	EHMT1		No Mutation	0.547940474
3553	EHMT1	I494I;L495P;S496P	Silent;Missense;Missense	0.15755161
3554	EHMT1		No Mutation	0.242878047
3555	EHMT1	Q498R	Missense	0.374682062
3556	EHMT1	A499A;E500G	Silent;Missense	-0.688354157
3557	EHMT1		No Mutation	-0.062339344
3558	EHMT1		No Mutation	-0.182036715
3559	EHMT1		No Mutation	-0.825866766
3560	EHMT1	(NC)	Intron	-0.367949176
3561	EHMT1	N504G	Missense	0.533953494
3562	EHMT1	V508A;L509P	Missense;Missense	0.0359854
3563	EHMT1	D507G	Missense	0.322237248
3564	EHMT1		No Mutation	0.228618819
3565	EHMT1	E510G;T511A	Missense;Missense	-0.578062008
3566	EHMT1	P518P;L519P;C520R	Silent;Missense;Missense	0.358382715
3567	EHMT1	C520R	Missense	0.448460363
3568	EHMT1		No Mutation	-0.423674257
3569	EHMT1		No Mutation	-0.40632672
3570	EHMT1	M524T	Missense	-0.000610456
3571	EHMT1		No Mutation	-0.02858188
3572	EHMT1	I532T	Missense	0.336030475
3573	EHMT1	R530R	Silent	0.067551776
3574	EHMT1		No Mutation	0.318519624
3575	EHMT1	N537D	Missense	0.31048675
3576	EHMT1	M541T;A542A	Missense;Silent	0.399037749
3577	EHMT1	M541V	Missense	-0.3591259
3578	EHMT1		No Mutation	0.576543203
3579	EHMT1	(NC);(NC);(NC)	Intron;Intron;Intron	-0.413660226
3580	EHMT1	(NC);(NC)	Intron;Intron	0.33382081
3581	EHMT1		No Mutation	-0.079787433
3582	EHMT1		No Mutation	-0.419266614
3583	EHMT1	(NC)	Intron	0.237376282
3584	EHMT1	(NC)	Intron	-0.215891046
3585	EHMT1		No Mutation	0.288909387
3586	EHMT1	V557A	Missense	0.142403473
3587	EHMT1	M563V	Missense	-0.783708939
3588	EHMT1		No Mutation	-0.741582709
3589	EHMT1	L571P	Missense	-0.14551893
3590	EHMT1	L571P	Missense	0.027955251
3591	EHMT1	L571P;L572P	Missense;Missense	-0.040009584
3592	EHMT1	L574P;C575R	Missense;Missense	0.460823985
3593	EHMT1	C575R	Missense	-0.303609317
3594	EHMT1	C575R	Missense	0.811624781
3595	EHMT1		No Mutation	0.519321333
3596	EHMT1		No Mutation	-0.188147311
3597	EHMT1		No Mutation	-0.917538385
3598	EHMT1		No Mutation	-0.554025062
3599	EHMT1	E576E;D577G	Silent;Missense	-0.212009907
3600	EHMT1	V583A	Missense	0.438282449
3601	EHMT1		No Mutation	-0.594564449
3602	EHMT1	C587R	Missense	-0.179660219
3603	EHMT1	K584G;H585R	Missense;Missense	-0.922069361
3604	EHMT1	Q586R	Missense	-0.640830618
3605	EHMT1	C591R	Missense	-1.315699953
3606	EHMT1	F594P;C595R	Missense;Missense	0.288580446
3607	EHMT1		No Mutation	-0.148540017
3608	EHMT1		No Mutation	0.402458586
3609	EHMT1	G598G;N599N	Silent;Silent	0.016994454
3610	EHMT1	N599N;F600P	Silent;Missense	1.029869182
3611	EHMT1	N599N;F600P	Silent;Missense	-4.256249828
3612	EHMT1	S610P	Missense	-0.162629063
3613	EHMT1	S610S	Silent	-2.400349226
3614	EHMT1	C617R	Missense	-0.733339065
3615	EHMT1	S619P	Missense	0.614185577
3616	EHMT1		No Mutation	-0.39169208
3617	EHMT1	S625G;Y626C	Missense;Missense	-0.138346131
3618	EHMT1	Y626C	Missense	0.283084633
3619	EHMT1	Y626C	Missense	0.187320216
3620	EHMT1	C630R	Missense	1.290350083
3621	EHMT1		No Mutation	-0.064254893
3622	EHMT1		No Mutation	0.117544241
3623	EHMT1		No Mutation	-0.976424622
3624	EHMT1		No Mutation	0.005594015
3625	EHMT1	S635P	Missense	0.182473707
3626	EHMT1	S634G	Missense	-0.759929981
3627	EHMT1	V640A	Missense	0.598460175
3628	EHMT1	I642T;A643A	Missense;Silent	-0.37327118
3629	EHMT1		No Mutation	-1.455224803
3630	EHMT1	T650A	Missense	0.514710061
3631	EHMT1		No Mutation	-0.053827973
3632	EHMT1	V654A	Missense	0.673029027
3633	EHMT1	T652A	Missense	-0.645565704
3634	EHMT1		No Mutation	-0.809291142
3635	EHMT1	P653P	Silent	-0.465292344
3636	EHMT1		No Mutation	-0.615879432
3637	EHMT1		No Mutation	-0.181603746
3638	EHMT1		No Mutation	-0.339752384
3639	EHMT1	S661P	Missense	0.068551554
3640	EHMT1	S661P	Missense	0.11128636
3641	EHMT1	S661P	Missense	-1.238860138
3642	EHMT1	E658G;K659E	Missense;Missense	-0.515202
3643	EHMT1	K659G	Missense	-0.227062167
3644	EHMT1	K659G	Missense	-0.144446259
3645	EHMT1		No Mutation	0.360865975
3646	EHMT1		No Mutation	0.280590659
3647	EHMT1		No Mutation	0.049209627
3648	EHMT1		No Mutation	-0.177668462
3649	EHMT1	R666G	Missense	-0.237452693
3650	EHMT1	R666G	Missense	1.006523209
3651	EHMT1	D668G	Missense	0.183075502
3652	EHMT1		No Mutation	0.775822718
3653	EHMT1	T670A;T671A	Missense;Missense	0.293632191
3654	EHMT1	(NC)	Intron	-0.256441675
3655	EHMT1	S673G	Missense	-0.419338392
3656	EHMT1	(NC)	Intron	0.313770434
3657	EHMT1		No Mutation	0.274933401
3658	EHMT1	(NC)	Intron	-0.623475793
3659	EHMT1	(NC)	Intron	-0.252287568
3660	EHMT1	(NC)	Intron	-0.177843776
3661	EHMT1	(NC)	Intron	0.35346274
3662	EHMT1	S673S	Silent	-0.367586691
3663	EHMT1		No Mutation	0.549878561
3664	EHMT1		No Mutation	-0.514296633
3665	EHMT1	A674A	Silent	-0.032319968
3666	EHMT1		No Mutation	0.122402783
3667	EHMT1		No Mutation	0.397112048
3668	EHMT1		No Mutation	-0.257869779
3669	EHMT1		No Mutation	0.224354913
3670	EHMT1		No Mutation	-1.310469943
3671	EHMT1		No Mutation	-0.251785641
3672	EHMT1		No Mutation	-0.085209618
3673	EHMT1		No Mutation	0.352538081
3674	EHMT1	E681G	Missense	-1.098527504
3675	EHMT1	E681G;D682G	Missense;Missense	-0.758698215
3676	EHMT1	A688A	Silent	0.200922851
3677	EHMT1		No Mutation	-0.16388309
3678	EHMT1		No Mutation	0.669942925
3679	EHMT1	F696P	Missense	-0.960898878
3680	EHMT1	F696P	Missense	0.487284338
3681	EHMT1	E694G	Missense	0.218736659
3682	EHMT1	E694G	Missense	0.022164596
3683	EHMT1		No Mutation	-1.432977748
3684	EHMT1		No Mutation	-0.164049118
3685	EHMT1	D697G	Missense	1.179457919
3686	EHMT1	D697G;P698P	Missense;Silent	0.08307725
3687	EHMT1	T699A	Missense	-0.023790397
3688	EHMT1	G700G	Silent	0.137573674
3689	EHMT1	L704P	Missense	-0.560546805
3690	EHMT1	G700G	Silent	0.429477944
3691	EHMT1		No Mutation	0.331915377
3692	EHMT1		No Mutation	-0.105485451
3693	EHMT1	P707P;T708A	Silent;Missense	0.498134199
3694	EHMT1	T708A	Missense	-0.492470524
3695	EHMT1	S712P	Missense	-0.551633528
3696	EHMT1		No Mutation	0.105258885
3697	EHMT1		No Mutation	-0.290986645
3698	EHMT1		No Mutation	1.138723224
3699	EHMT1		No Mutation	-0.617802695
3700	EHMT1		No Mutation	0.274956375
3701	EHMT1		No Mutation	-0.109601178
3702	EHMT1		No Mutation	0.158396558
3703	EHMT1	G714G;P715P	Silent;Silent	-0.361405406
3704	EHMT1		No Mutation	-0.076515008
3705	EHMT1	L720P	Missense	-1.005291607
3706	EHMT1	L724P;I725T	Missense;Missense	-0.273871757
3707	EHMT1	I725V	Missense	-0.084186338
3708	EHMT1	L735P	Missense	-0.304237936
3709	EHMT1	L735P	Missense	-0.978126244
3710	EHMT1	F737P	Missense	0.003934933
3711	EHMT1	F737S	Missense	0.053685949
3712	EHMT1	Y743H;F744L	Missense;Missense	0.738970406
3713	EHMT1	F744P;S745P	Missense;Missense	-0.278315544
3714	EHMT1	F744P;S745P	Missense;Missense	-0.220576744
3715	EHMT1	Q741R	Missense	0.11439759
3716	EHMT1	Y743C	Missense	0.347998593
3717	EHMT1	Y743C	Missense	-0.490934158
3718	EHMT1		No Mutation	1.696774962
3719	EHMT1	L751P	Missense	-0.413563664
3720	EHMT1	Q748R	Missense	1.259714646
3721	EHMT1	L751P	Missense	-0.003485865
3722	EHMT1	K753G	Missense	0.608815682
3723	EHMT1	K753G	Missense	-0.198667471
3724	EHMT1	(NC)	Intron	-0.332379642
3725	EHMT1	(NC)	Intron	0.08242837
3726	EHMT1	(NC)	Intron	0.790163466
3727	EHMT1		No Mutation	-0.306459371
3728	EHMT1	(NC)	Intron	0.65108871
3729	EHMT1		No Mutation	-0.528093841
3730	EHMT1	D763G	Missense	-0.281018208
3731	EHMT1	S775S	Silent	0.160620725
3732	EHMT1		No Mutation	0.379867467
3733	EHMT1	P776P	Silent	0.522358621
3734	EHMT1	H778R	Missense	0.250195738
3735	EHMT1		No Mutation	0.726218052
3736	EHMT1	A781A	Silent	0.146861201
3737	EHMT1		No Mutation	-0.001091698
3738	EHMT1	D787G;I788V	Missense;Missense	-0.283858527
3739	EHMT1		No Mutation	-0.003390652
3740	EHMT1	H790R;M791V	Missense;Missense	-0.68193078
3741	EHMT1		No Mutation	0.781164721
3742	EHMT1	(NC)	Splice-donor	-1.44748029
3743	EHMT1	Q794R	Missense	-0.194274012
3744	EHMT1	(NC)	Intron	-0.584261928
3745	EHMT1	(NC);(NC)	Intron;Intron	0.242900513
3746	EHMT1	(NC)	Intron	-0.787769172
3747	EHMT1		No Mutation	-0.328297485
3748	EHMT1	(NC)	Intron	-0.094322418
3749	EHMT1		No Mutation	-0.806806084
3750	EHMT1		No Mutation	-0.144767123
3751	EHMT1	Q806R;R807G	Missense;Missense	-0.098182024
3752	EHMT1	M811T	Missense	-0.043251861
3753	EHMT1		No Mutation	0.128670851
3754	EHMT1		No Mutation	0.203104437
3755	EHMT1	A813A	Silent	-0.364142352
3756	EHMT1	Y824H	Missense	-0.828692803
3757	EHMT1	A821A;K823E	Silent;Missense	-0.288737388
3758	EHMT1	K823G;Y824C	Missense;Missense	-0.355965053
3759	EHMT1	K823R;Y824C	Missense;Missense	0.168212255
3760	EHMT1	Y824C	Missense	0.374275223
3761	EHMT1	I826V;K827E	Missense;Missense	0.156337952
3762	EHMT1	K827G	Missense	0.354952446
3763	EHMT1		No Mutation	-0.933265789
3764	EHMT1		No Mutation	-0.585394861
3765	EHMT1	(NC)	Splice-donor	0.482152721
3766	EHMT1	(NC);(NC)	Splice-donor;Intron	-0.569944682
3767	EHMT1	(NC);(NC)	Intron;Intron	-0.323999278
3768	EHMT1	(NC);(NC)	Intron;Intron	-0.528502426
3769	EHMT1	(NC)	Intron	-1.098737749
3770	EHMT1		No Mutation	-0.855547296
3771	EHMT1		No Mutation	-0.041502458
3772	EHMT1	T841A	Missense	0.231034953
3773	EHMT1	H844R	Missense	-0.16320328
3774	EHMT1		No Mutation	-0.070659966
3775	EHMT1	K849G	Missense	0.618168927
3776	EHMT1		No Mutation	-0.649945463
3777	EHMT1	Y857H	Missense	-0.227237927
3778	EHMT1	Q856R;Y857C	Missense;Missense	-0.674310336
3779	EHMT1	N861N	Silent	0.521588899
3780	EHMT1		No Mutation	0.841683079
3781	EHMT1		No Mutation	-0.198733063
3782	EHMT1	M864V	Missense	-0.011795752
3783	EHMT1		No Mutation	0.036900592
3784	EHMT1		No Mutation	0.141378554
3785	EHMT1		No Mutation	-0.002410931
3786	EHMT1	D870D	Silent	0.618088396
3787	EHMT1	(NC)	Splice-acceptor	-0.388833372
3788	EHMT1		No Mutation	0.368503059
3789	EHMT1		No Mutation	-0.497526494
3790	EHMT1		No Mutation	-0.041919254
3791	EHMT1	T875A	Missense	-0.050952966
3792	EHMT1		No Mutation	-0.157719001
3793	EHMT1		No Mutation	0.566343285
3794	EHMT1	T881A	Missense	-0.084482594
3795	EHMT1	V886A	Missense	0.469772259
3796	EHMT1	K890G	Missense	-0.620123427
3797	EHMT1	L893P;S894P	Missense;Missense	0.33556019
3798	EHMT1	K890G	Missense	0.204490622
3799	EHMT1	I899T	Missense	-0.388974347
3800	EHMT1	(NC);(NC);(NC)	Intron;Intron;Intron	0.457270031
3801	EHMT1		No Mutation	-0.391308602
3802	EHMT1		No Mutation	0.462803691
3803	EHMT1		No Mutation	-0.382647029
3804	EHMT1		No Mutation	-0.187413869
3805	EHMT1	E906G;N907G	Missense;Missense	0.240410597
3806	EHMT1	N907G;I908V	Missense;Missense	0.278145113
3807	EHMT1	I908V	Missense	0.188928002
3808	EHMT1	H911R	Missense	0.333619751
3809	EHMT1	F915P;S916P	Missense;Missense	-0.276410996
3810	EHMT1		No Mutation	-0.090006424
3811	EHMT1	I921T	Missense	-0.12959607
3812	EHMT1	I921V	Missense	-0.067642459
3813	EHMT1	A927A	Silent	0.131457277
3814	EHMT1	C930R	Missense	0.080709327
3815	EHMT1		No Mutation	-0.084818478
3816	EHMT1	H933R	Missense	-0.147342398
3817	EHMT1	I937T	Missense	0.171697336
3818	EHMT1		No Mutation	-0.585951834
3819	EHMT1		No Mutation	0.191666967
3820	EHMT1	L943P	Missense	-0.02168123
3821	EHMT1	P942P	Silent	0.712822538
3822	EHMT1	P942P	Silent	-0.177050052
3823	EHMT1		No Mutation	0.700386154
3824	EHMT1	Y952H	Missense	-0.290983736
3825	EHMT1		No Mutation	-0.143067486
3826	EHMT1	C954R	Missense	0.040008866
3827	EHMT1	V956A;(NC)	Missense;Splice-donor	1.506460021
3828	EHMT1	(NC);(NC);(NC)	Intron;Intron;Intron	-0.344430589
3829	EHMT1	F958F;L959P;S960P	Silent;Missense;Missense	0.246758029
3830	EHMT1	L959P;S960P	Missense;Missense	0.050533348
3831	EHMT1	D962D;S963P	Silent;Missense	0.724244462
3832	EHMT1	T966A	Missense	0.087898811
3833	EHMT1	T966A	Missense	1.70979248
3834	EHMT1		No Mutation	0.375959378
3835	EHMT1	L981P	Missense	-1.086249139
3836	EHMT1	L981P	Missense	-0.373212405
3837	EHMT1	L981P	Missense	0.27615641
3838	EHMT1	S980G	Missense	0.107810545
3839	EHMT1		No Mutation	-0.298717393
3840	EHMT1	W986R	Missense	-0.515442833
3841	EHMT1		No Mutation	0.034709557
3842	EHMT1	M991V;S992G	Missense;Missense	0.616761696
3843	EHMT1	K993G	Missense	-0.467962412
3844	EHMT1	Q996R;D997G	Missense;Missense	-0.237169912
3845	EHMT1	D1001G;R1002G	Missense;Missense	0.298602407
3846	EHMT1		No Mutation	-0.073995325
3847	EHMT1		No Mutation	1.031431278
3848	EHMT1	V1006A	Missense	-0.598657997
3849	EHMT1		No Mutation	-1.106160681
3850	EHMT1	V1006A	Missense	-1.216625799
3851	EHMT1	I1009T	Missense	-0.667647268
3852	EHMT1	I1009T	Missense	-0.170666705
3853	EHMT1	E1007G	Missense	-0.953864692
3854	EHMT1	V1010A	Missense	0.051711718
3855	EHMT1	V1010A	Missense	-0.021640531
3856	EHMT1	V1010A	Missense	-1.11861765
3857	EHMT1	R1012G	Missense	0.007411947
3858	EHMT1	(NC)	Intron	-0.358607825
3859	EHMT1		No Mutation	0.745547828
3860	EHMT1		No Mutation	-0.5216182
3861	EHMT1		No Mutation	0.646013298
3862	EHMT1	I1014T	Missense	0.618751816
3863	EHMT1	(NC)	Splice-acceptor	0.251150319
3864	EHMT1	A1015A	Silent	0.621783034
3865	EHMT1		No Mutation	0.883551669
3866	EHMT1		No Mutation	0.22873631
3867	EHMT1		No Mutation	0.679885472
3868	EHMT1		No Mutation	-0.220014843
3869	EHMT1	V1029A	Missense	-0.091164233
3870	EHMT1	V1029A	Missense	-0.536189398
3871	EHMT1	V1029A	Missense	-0.146870022
3872	EHMT1	C1034R	Missense	0.049093094
3873	EHMT1	Y1038H	Missense	-0.923228974
3874	EHMT1	Y1040H	Missense	-2.217260441
3875	EHMT1		No Mutation	-0.019677952
3876	EHMT1		No Mutation	0.328832833
3877	EHMT1		No Mutation	-0.024842061
3878	EHMT1	N1055N	Silent	0.733789131
3879	EHMT1	R1054R;N1055G;I1056V	Silent;Missense;Missense	1.160710884
3880	EHMT1	H1058R	Missense	-0.306212328
3881	EHMT1	(NC)	Intron	0.047683632
3882	EHMT1	(NC)	Intron	0.301160095
3883	EHMT1	(NC);(NC);(NC)	Intron;Intron;Intron	0.010566854
3884	EHMT1	(NC);(NC);(NC)	Intron;Intron;Intron	-0.159693944
3885	EHMT1	(NC);(NC)	Intron;Intron	0.378217092
3886	EHMT1	(NC)	Intron	-0.564456506
3887	EHMT1	(NC);Y1061H	Intron;Missense	1.045758424
3888	EHMT1	C1062R	Missense	0.43906283
3889	EHMT1	S1071G	Missense	-0.594556489
3890	EHMT1	M1074T;C1075R	Missense;Missense	-0.248040186
3891	EHMT1		No Mutation	-0.341436338
3892	EHMT1	Q1077R	Missense	0.063398919
3893	EHMT1	C1082R;W1083R	Missense;Missense	-0.399769968
3894	EHMT1		No Mutation	0.930797025
3895	EHMT1		No Mutation	-0.19274476
3896	EHMT1		No Mutation	0.797150374
3897	EHMT1	Y1084C	Missense	-0.679360252
3898	EHMT1		No Mutation	-0.102954378
3899	EHMT1		No Mutation	-0.59645352
3900	EHMT1		No Mutation	-0.275318158
3901	EHMT1	(NC);(NC)	Intron;Intron	-0.328761916
3902	EHMT1	(NC)	Intron	0.052467367
3903	EHMT1	(NC)	Intron	-0.521602386
3904	EHMT1		No Mutation	0.016804848
3905	EHMT1	L1090P;L1091P	Missense;Missense	-0.667825664
3906	EHMT1		No Mutation	-0.449825449
3907	EHMT1	F1094P	Missense	0.446373126
3908	EHMT1	P1092P	Silent	-0.277349625
3909	EHMT1	M1096T	Missense	-1.035908342
3910	EHMT1		No Mutation	-0.632386486
3911	EHMT1	C1105R	Missense	-0.047581431
3912	EHMT1	C1105R	Missense	0.970870659
3913	EHMT1		No Mutation	-0.06993628
3914	EHMT1	N1106S;H1107R	Missense;Missense	0.194214561
3915	EHMT1	H1107R	Missense	0.496535471
3916	EHMT1	W1112R	Missense	-0.389243079
3917	EHMT1		No Mutation	0.114765064
3918	EHMT1	N1117G	Missense	0.746720961
3919	EHMT1		No Mutation	-0.089176394
3920	EHMT1	V1120V	Silent	0.362452553
3921	EHMT1	N1122G	Missense	-0.099965134
3922	EHMT1	(NC);(NC)	Intron;Intron	-0.578045375
3923	EHMT1	(NC);(NC);(NC)	Intron;Intron;Intron	0.716289056
3924	EHMT1	A1126A;R1127G	Silent;Missense	-0.463161311
3925	EHMT1	Q1129R	Missense	-0.575873682
3926	EHMT1	Q1129R	Missense	0.265730821
3927	EHMT1	Y1131C	Missense	0.220785774
3928	EHMT1	Y1131C	Missense	0.720358698
3929	EHMT1	T1133A	Missense	-0.142270146
3930	EHMT1	T1133A	Missense	-0.51777708
3931	EHMT1	T1133A	Missense	-0.999069634
3932	EHMT1	W1138R	Missense	0.452937824
3933	EHMT1	D1135G;M1136V	Missense;Missense	-0.239877246
3934	EHMT1		No Mutation	-0.658139143
3935	EHMT1	Q1144R	Missense	-0.39651166
3936	EHMT1		No Mutation	0.065355207
3937	EHMT1		No Mutation	-0.685841099
3938	EHMT1	F1151F;V1152A;C1153R	Silent;Missense;Missense	-0.053691709
3939	EHMT1	V1152A;C1153R	Missense;Missense	0.035252461
3940	EHMT1	C1153R	Missense	-0.006350924
3941	EHMT1	(NC)	Intron	-0.391658617
3942	EHMT1	E1154G	Missense	0.150020323
3943	EHMT1	E1154G	Missense	-0.793087281
3944	EHMT1	(NC)	Intron	-0.90377496
3945	EHMT1	(NC)	Intron	0.041419684
3946	EHMT1	(NC)	Intron	0.436549861
3947	EHMT1	(NC)	Intron	0.422315233
3948	EHMT1		No Mutation	-0.552553252
3949	EHMT1		No Mutation	0.55987057
3950	EHMT1	Y1155H	Missense	0.001652529
3951	EHMT1	V1156A	Missense	-0.756531481
3952	EHMT1	V1156V	Silent	0.671074538
3953	EHMT1	S1163S;E1164G	Silent;Missense	-0.155374223
3954	EHMT1	D1171D	Silent	-0.279614386
3955	EHMT1		No Mutation	-1.114714957
3956	EHMT1	N1179N	Silent	1.828088354
3957	EHMT1		No Mutation	0.018156858
3958	EHMT1		No Mutation	0.618999979
3959	EHMT1	(NC)	Intron	-0.112804051
3960	EHMT1		No Mutation	-0.479061725
3961	EHMT1		No Mutation	0.545178395
3962	EHMT1		No Mutation	-0.07916645
3963	EHMT1		No Mutation	-0.603733711
3964	EHMT1	V1184A	Missense	0.083302556
3965	EHMT1	V1184A;Y1185H	Missense;Missense	-0.002047482
3966	EHMT1	Y1185C	Missense	0.379676641
3967	EHMT1	I1187V;D1188G	Missense;Missense	-0.602873694
3968	EHMT1	D1188G	Missense	-1.08727009
3969	EHMT1	Y1192C	Missense	0.233049819
3970	EHMT1	C1203R	Missense	-0.640539725
3971	EHMT1	H1202R	Missense	-1.70490517
3972	EHMT1		No Mutation	0.489941882
3973	EHMT1	L1207P	Missense	0.340176785
3974	EHMT1	V1210A	Missense	0.591897786
3975	EHMT1	V1210A	Missense	-0.391462741
3976	EHMT1		No Mutation	-0.950089158
3977	EHMT1	V1212A;F1213L	Missense;Missense	-0.84399452
3978	EHMT1	M1214T	Missense	-1.849353269
3979	EHMT1	M1214T	Missense	-0.110612321
3980	EHMT1		No Mutation	0.10501656
3981	EHMT1		No Mutation	0.813198166
3982	EHMT1	Q1217R;D1218G	Missense;Missense	0.906158567
3983	EHMT1	F1221P	Missense	0.144170218
3984	EHMT1	F1221P	Missense	-0.044416704
3985	EHMT1		No Mutation	-0.431540511
3986	EHMT1	I1224T	Missense	-0.219666942
3987	EHMT1	F1227P	Missense	-0.407805596
3988	EHMT1	F1227P	Missense	-0.198867312
3989	EHMT1	F1227S	Missense	0.039452681
3990	EHMT1		No Mutation	-0.644717547
3991	EHMT1	L1231P	Missense	-0.033323486
3992	EHMT1	S1228G;T1229A	Missense;Missense	-0.597863314
3993	EHMT1	T1229A	Missense	0.692945179
3994	EHMT1		No Mutation	-0.831751362
3995	EHMT1		No Mutation	0.369702454
3996	EHMT1		No Mutation	0.448839466
3997	EHMT1	E1233G	Missense	-0.69578597
3998	EHMT1	E1233G	Missense	0.022888661
3999	EHMT1	(NC)	Splice-donor	0.501992149
4000	EHMT1		No Mutation	-0.275241192
4001	EHMT1	(NC)	Intron	-0.355090144
4002	EHMT1		No Mutation	-0.453523262
4003	EHMT1	(NC)	Intron	-0.693312616
4004	EHMT1		No Mutation	-0.634682684
4005	EHMT1	Y1242H	Missense	0.745048516
4006	EHMT1	Y1242H	Missense	0.331492692
4007	EHMT1	Y1242Y	Silent	-0.477329301
4008	EHMT1		No Mutation	0.38207195
4009	EHMT1		No Mutation	0.149155076
4010	EHMT1	D1241G;Y1242C	Missense;Missense	-1.07758982
4011	EHMT1	Y1242C	Missense	-0.252351842
4012	EHMT1		No Mutation	-0.645067615
4013	EHMT1		No Mutation	-0.239221066
4014	EHMT1		No Mutation	-0.480019722
4015	EHMT1	C1263R	Missense	0.582332995
4016	EHMT1	S1266P	Missense	-0.313897536
4017	EHMT1		No Mutation	1.115455091
4018	EHMT1	S1266P	Missense	-0.635983373
4019	EHMT1	S1266P	Missense	-0.797589911
4020	EHMT1		No Mutation	0.105257436
4021	EHMT1	H1265R	Missense	-0.466262437
4022	EHMT1		No Mutation	-0.498905576
4023	EHMT1		No Mutation	0.067478759
4024	EHMT1		No Mutation	0.493177157
4025	EHMT1	Q1272R	Missense	0.234437988
4026	EHMT1		No Mutation	-0.620656496
4027	EHMT1		No Mutation	0.194287635
4028	EHMT1	Q1274R	Missense	0.313023776
4029	EHMT1		No Mutation	-0.816890962
4030	EHMT1	S1276G	Missense	-0.083280299
4031	EHMT1		No Mutation	-0.189903394
4032	EHMT1		No Mutation	-0.223985845
4033	EHMT1		No Mutation	0.391093575
4034	EHMT1	Q1279R;E1280G	Missense;Missense	0.51879221
4035	EHMT1		No Mutation	0.078539126
4036	EHMT1		No Mutation	-0.294305744
4037	EHMT1	L1286S	Missense	-0.726646069
4038	EHMT1		No Mutation	0.212680476
4039	EHMT1		No Mutation	0.137449207
4040	EHMT1		No Mutation	-0.053131253
4041	EHMT1	A1293A	Silent	-0.069301936
4042	EHMT1		No Mutation	-0.291835221
4043	EHMT1		No Mutation	-0.640652337
4044	EHMT2		No Mutation	-0.206850146
4045	EHMT2		No Mutation	1.098822248
4046	EHMT2		No Mutation	-0.044325696
4047	EHMT2	*1268R	Missense	0.712042451
4048	EHMT2		No Mutation	0.04272252
4049	EHMT2	*1268R	Missense	0.65763018
4050	EHMT2		No Mutation	0.22117726
4051	EHMT2	L1262P	Missense	-0.008510081
4052	EHMT2	L1262P	Missense	0.100718286
4053	EHMT2	L1259P	Missense	-1.047394002
4054	EHMT2		No Mutation	0.180121212
4055	EHMT2	E1254G	Missense	1.116843769
4056	EHMT2	L1256P	Missense	0.29355576
4057	EHMT2	L1256P	Missense	-0.792401939
4058	EHMT2	P1253P	Silent	-0.867294545
4059	EHMT2	P1253P	Silent	-0.204864774
4060	EHMT2	P1253P	Silent	0.373984403
4061	EHMT2		No Mutation	0.370319162
4062	EHMT2	S1244G	Missense	0.274607358
4063	EHMT2	R1245R;L1246P	Silent;Missense	0.674518507
4064	EHMT2	R1245R;L1246P	Silent;Missense	-0.423639697
4065	EHMT2		No Mutation	0.743312609
4066	EHMT2		No Mutation	-0.01391393
4067	EHMT2	L1241P	Missense	-0.296516027
4068	EHMT2	S1235S	Silent	0.396581066
4069	EHMT2	C1232R	Missense	1.09633563
4070	EHMT2	S1229S	Silent	0.077070386
4071	EHMT2	Y1222C	Missense	1.022036788
4072	EHMT2	Y1211C	Missense	0.75136865
4073	EHMT2	D1210G;Y1211C	Missense;Missense	0.134757634
4074	EHMT2	Y1211H	Missense	0.774496617
4075	EHMT2	(NC)	Intron	0.206380923
4076	EHMT2	F1209L	Missense	0.308601883
4077	EHMT2	(NC)	Intron	-0.056499611
4078	EHMT2	(NC)	Intron	-0.441991858
4079	EHMT2	(NC);(NC)	Intron;Intron	0.164027301
4080	EHMT2	L1207L	Silent	-0.566366323
4081	EHMT2	L1207L	Silent	0.124217401
4082	EHMT2	E1206G;L1207L	Missense;Silent	0.162951817
4083	EHMT2	L1207P	Missense	0.443692697
4084	EHMT2	T1203A	Missense	0.296063647
4085	EHMT2	T1203A	Missense	0.116303068
4086	EHMT2	T1203T	Silent	-0.132825113
4087	EHMT2	T1203T	Silent	0.93262493
4088	EHMT2	R1199R;D1200G;I1201V	Silent;Missense;Missense	-0.412683851
4089	EHMT2	R1199R	Silent	0.126568311
4090	EHMT2	R1199R	Silent	-0.257027888
4091	EHMT2		No Mutation	-0.42441139
4092	EHMT2	S1197G	Missense	0.212465416
4093	EHMT2		No Mutation	0.895304709
4094	EHMT2	F1196P	Missense	0.377953412
4095	EHMT2	I1193T	Missense	0.436257511
4096	EHMT2	F1190F	Silent	0.210285506
4097	EHMT2		No Mutation	-0.342324589
4098	EHMT2	M1183T;L1184P	Missense;Missense	-0.370677812
4099	EHMT2	M1183T;L1184P	Missense;Missense	-0.345760449
4100	EHMT2	V1179A	Missense	-0.587499054
4101	EHMT2	V1179A	Missense	-0.891343306
4102	EHMT2	V1179A	Missense	-0.361666757
4103	EHMT2	N1175G;I1176V	Missense;Missense	0.692898428
4104	EHMT2	N1175G	Missense	-0.004300418
4105	EHMT2	I1176T	Missense	0.78622416
4106	EHMT2		No Mutation	0.145319925
4107	EHMT2	L1171P;C1172R	Missense;Missense	1.012487381
4108	EHMT2	I1164T	Missense	1.095093134
4109	EHMT2	I1164T	Missense	-0.61665343
4110	EHMT2	I1156V;D1157G	Missense;Missense	0.299568797
4111	EHMT2	Y1154H;C1155R	Missense;Missense	0.742548767
4112	EHMT2	V1153A;Y1154H	Missense;Missense	0.532156049
4113	EHMT2	V1153A;Y1154H	Missense;Missense	-0.584358601
4114	EHMT2		No Mutation	-0.217169427
4115	EHMT2		No Mutation	-0.073838126
4116	EHMT2		No Mutation	-0.523986747
4117	EHMT2	D1150D	Silent	0.524697282
4118	EHMT2		No Mutation	0.131496353
4119	EHMT2	D1150D	Silent	0.298558792
4120	EHMT2	(NC)	Intron	0.130499669
4121	EHMT2	(NC)	Intron	-0.117388228
4122	EHMT2	L1146L;D1147G	Silent;Missense	1.100379794
4123	EHMT2		No Mutation	0.341866965
4124	EHMT2		No Mutation	-1.297321328
4125	EHMT2	E1133G	Missense	-0.460312892
4126	EHMT2	I1129V	Missense	1.213071122
4127	EHMT2		No Mutation	0.507455507
4128	EHMT2		No Mutation	-0.364573073
4129	EHMT2	Y1124Y;V1125A	Silent;Missense	0.158043952
4130	EHMT2		No Mutation	0.458216827
4131	EHMT2		No Mutation	-0.304289583
4132	EHMT2		No Mutation	0.133955898
4133	EHMT2		No Mutation	0.767012313
4134	EHMT2	(NC);(NC)	Intron;Intron	-0.669226734
4135	EHMT2		No Mutation	0.51588951
4136	EHMT2	(NC)	Intron	-0.622681999
4137	EHMT2	I1121V	Missense	0.3540682
4138	EHMT2	I1121T;C1122R	Missense;Missense	0.322321083
4139	EHMT2	I1121T;C1122R	Missense;Missense	0.762322028
4140	EHMT2	F1120P	Missense	0.37185728
4141	EHMT2		No Mutation	-0.078466964
4142	EHMT2		No Mutation	0.241538551
4143	EHMT2	Q1113R	Missense	0.248634527
4144	EHMT2	Q1113R	Missense	-0.53108873
4145	EHMT2		No Mutation	-0.451941071
4146	EHMT2	I1115T	Missense	0.431912783
4147	EHMT2	V1109A	Missense	-0.187065636
4148	EHMT2	T1102T;K1104E	Silent;Missense	0.064441173
4149	EHMT2	W1107R	Missense	0.873526187
4150	EHMT2	T1102T	Silent	-0.59240338
4151	EHMT2	T1102A	Missense	-0.336834547
4152	EHMT2	R1101R;T1102A	Silent;Missense	0.428771627
4153	EHMT2	R1101R;T1102A	Silent;Missense	0.708209165
4154	EHMT2	Y1100C	Missense	-0.002780254
4155	EHMT2	Y1100C	Missense	0.414559712
4156	EHMT2	L1099P	Missense	0.938545324
4157	EHMT2	L1099P	Missense	1.177859519
4158	EHMT2		No Mutation	0.589914139
4159	EHMT2	L1097P	Missense	0.464049059
4160	EHMT2	L1097P	Missense	0.421802253
4161	EHMT2		No Mutation	0.765103368
4162	EHMT2	(NC)	Intron	-0.262649563
4163	EHMT2	(NC)	Intron	-0.880931502
4164	EHMT2	Q1090R;S1091G	Missense;Missense	-0.293993275
4165	EHMT2	S1091S	Silent	-0.195411295
4166	EHMT2	N1086G	Missense	0.202179316
4167	EHMT2	R1082G;N1083D	Missense;Missense	-0.688276967
4168	EHMT2	R1082G	Missense	-1.114320336
4169	EHMT2	W1081R	Missense	-0.154971941
4170	EHMT2	N1075S;Q1076R	Missense;Missense	0.20199424
4171	EHMT2	C1074R	Missense	0.323400661
4172	EHMT2	C1074R	Missense	1.460595386
4173	EHMT2	I1066T	Missense	0.114307604
4174	EHMT2	L1059S;L1060P	Missense;Missense	0.294772991
4175	EHMT2	L1059P;L1060P	Missense;Missense	0.058550555
4176	EHMT2	D1056G	Missense	0.366511845
4177	EHMT2		No Mutation	0.23246507
4178	EHMT2	D1056D	Silent	-0.173995083
4179	EHMT2	D1056D	Silent	-0.435891761
4180	EHMT2	D1056D	Silent	-0.378837993
4181	EHMT2	(NC)	Intron	-0.641864468
4182	EHMT2		No Mutation	0.166893154
4183	EHMT2		No Mutation	-0.373370259
4184	EHMT2		No Mutation	0.291180437
4185	EHMT2		No Mutation	0.124672418
4186	EHMT2		No Mutation	-0.239157396
4187	EHMT2		No Mutation	0.157185657
4188	EHMT2		No Mutation	-0.937165252
4189	EHMT2	C1051R;W1052R	Missense;Missense	0.303106618
4190	EHMT2	Q1046R	Missense	-0.637464317
4191	EHMT2		No Mutation	0.379171017
4192	EHMT2		No Mutation	-1.101251638
4193	EHMT2		No Mutation	-0.41448303
4194	EHMT2	S1039G	Missense	0.217240657
4195	EHMT2	C1033C;V1034A	Silent;Missense	-0.801376247
4196	EHMT2	C1033C;V1034A	Silent;Missense	0.403030909
4197	EHMT2	C1033R;V1034A	Missense;Missense	0.057005666
4198	EHMT2	(NC)	Splice-acceptor	0.752186703
4199	EHMT2		No Mutation	-0.091796944
4200	EHMT2	C1031R	Missense	0.860154027
4201	EHMT2		No Mutation	1.47937468
4202	EHMT2	(NC)	Intron	-0.186379087
4203	EHMT2		No Mutation	-0.744008739
4204	EHMT2	Q1029R	Missense	0.015074678
4205	EHMT2	Q1029R	Missense	-0.094685366
4206	EHMT2	(NC)	Intron	0.644413083
4207	EHMT2	(NC)	Intron	1.057658398
4208	EHMT2	H1027R	Missense	8.61e-05
4209	EHMT2	H1027R	Missense	-0.118955446
4210	EHMT2	H1027R	Missense	0.48170479
4211	EHMT2	H1027R	Missense	-0.664487423
4212	EHMT2	N1024G;I1025V	Missense;Missense	0.057775166
4213	EHMT2		No Mutation	0.938740596
4214	EHMT2	D1022D	Silent	-0.650692121
4215	EHMT2	Y1009H;I1010T	Missense;Missense	-0.067453267
4216	EHMT2	Y1009H	Missense	0.912810202
4217	EHMT2		No Mutation	0.460925324
4218	EHMT2	Y1007H	Missense	-0.176215027
4219	EHMT2		No Mutation	0.070200187
4220	EHMT2	V998A;D999D	Missense;Silent	0.405316831
4221	EHMT2	V998A	Missense	-0.300757803
4222	EHMT2	N996D	Missense	-0.207708762
4223	EHMT2		No Mutation	0.673795928
4224	EHMT2		No Mutation	0.649916227
4225	EHMT2	G997G	Silent	-0.259966569
4226	EHMT2		No Mutation	-0.000314232
4227	EHMT2		No Mutation	-0.609379725
4228	EHMT2	I992V	Missense	-0.105863802
4229	EHMT2	(NC)	Splice-acceptor	-0.292305061
4230	EHMT2	(NC)	Splice-acceptor	0.208616276
4231	EHMT2		No Mutation	-0.602896702
4232	EHMT2	V983A	Missense	-0.166750116
4233	EHMT2	V983A	Missense	-1.40162448
4234	EHMT2		No Mutation	-0.044762599
4235	EHMT2	(NC)	Intron	-0.76586965
4236	EHMT2	(NC);(NC)	Intron;Intron	-0.56017156
4237	EHMT2	(NC);(NC);(NC)	Intron;Intron;Intron	0.836438894
4238	EHMT2		No Mutation	0.116114676
4239	EHMT2		No Mutation	0.858235715
4240	EHMT2	(NC)	Intron	0.746735862
4241	EHMT2	I979V	Missense	0.914673035
4242	EHMT2	I979V	Missense	0.911109408
4243	EHMT2	I979T;C980R	Missense;Missense	-0.053146207
4244	EHMT2	T975T;E976G	Silent;Missense	-0.035151965
4245	EHMT2	I978T	Missense	0.471853497
4246	EHMT2	N970N	Silent	0.585590678
4247	EHMT2	R965R	Silent	0.181852855
4248	EHMT2	R965R	Silent	0.309265353
4249	EHMT2	L966L	Silent	-0.38058359
4250	EHMT2	K963G	Missense	0.710111771
4251	EHMT2	K963G	Missense	0.02282843
4252	EHMT2	K963E	Missense	-2.116130232
4253	EHMT2	N961S	Missense	-1.181144399
4254	EHMT2	N961G	Missense	0.573104563
4255	EHMT2	L958P	Missense	0.911128866
4256	EHMT2	V954A;W955R	Missense;Missense	-0.278003909
4257	EHMT2	V954A;W955R	Missense;Missense	0.831605489
4258	EHMT2	E950G	Missense	-0.195458708
4259	EHMT2	S952P	Missense	0.006490761
4260	EHMT2	K939K;E940G	Silent;Missense	-1.496034196
4261	EHMT2	K939R;E940G	Missense;Missense	-0.581779918
4262	EHMT2		No Mutation	-0.518878186
4263	EHMT2		No Mutation	-0.171865761
4264	EHMT2		No Mutation	0.090927584
4265	EHMT2	E935G	Missense	-0.570072721
4266	EHMT2	E935G	Missense	-0.510813864
4267	EHMT2	E935G	Missense	0.810661504
4268	EHMT2		No Mutation	0.965078795
4269	EHMT2		No Mutation	-0.805672276
4270	EHMT2		No Mutation	-0.328617457
4271	EHMT2	L926L	Silent	-0.541236567
4272	EHMT2	L926L	Silent	-0.116781087
4273	EHMT2	(NC)	Splice-acceptor	0.024334645
4274	EHMT2	L928P;S929P	Missense;Missense	-0.58413152
4275	EHMT2	F927S;L928P	Missense;Missense	0.437484456
4276	EHMT2	F927P;L928P	Missense;Missense	0.123139909
4277	EHMT2	L926P	Missense	0.832902549
4278	EHMT2	(NC)	Intron	0.271450823
4279	EHMT2	(NC)	Splice-donor	0.49920669
4280	EHMT2	A916A	Silent	-0.167195118
4281	EHMT2	A916A	Silent	-0.406653646
4282	EHMT2	A916A	Silent	0.466479688
4283	EHMT2	A916A	Silent	0.288574588
4284	EHMT2		No Mutation	-0.672722243
4285	EHMT2		No Mutation	0.53993205
4286	EHMT2	L912P	Missense	0.149099318
4287	EHMT2	H907H	Silent	-0.044317845
4288	EHMT2		No Mutation	-0.267857228
4289	EHMT2	Y906H	Missense	-0.17971044
4290	EHMT2	H902R	Missense	0.451778394
4291	EHMT2	H902R	Missense	-0.141030479
4292	EHMT2	C899R	Missense	-0.800711887
4293	EHMT2	N896N	Silent	0.43245638
4294	EHMT2	L894P;L895P	Missense;Missense	-0.215377535
4295	EHMT2	V893A;L894P	Missense;Missense	-0.112975206
4296	EHMT2		No Mutation	0.086732925
4297	EHMT2		No Mutation	-0.541554278
4298	EHMT2	F884P	Missense	0.029787245
4299	EHMT2	H880R	Missense	0.755466854
4300	EHMT2	H880R	Missense	0.064916495
4301	EHMT2	N876G;I877V	Missense;Missense	1.016069262
4302	EHMT2	E875G;N876G	Missense;Missense	-0.85114459
4303	EHMT2	I877T;C878R	Missense;Missense	-0.112692914
4304	EHMT2	I877T	Missense	0.414066117
4305	EHMT2		No Mutation	-0.231532083
4306	EHMT2		No Mutation	-0.591653854
4307	EHMT2		No Mutation	0.853029731
4308	EHMT2		No Mutation	-0.22077025
4309	EHMT2		No Mutation	-0.235393603
4310	EHMT2	(NC)	Intron	0.463788306
4311	EHMT2	(NC)	Intron	-0.572886137
4312	EHMT2	N873G	Missense	-0.151000659
4313	EHMT2	(NC)	Intron	-0.325322963
4314	EHMT2	(NC);(NC)	Splice-donor;Intron	0.956198347
4315	EHMT2	T871T	Silent	-0.271044395
4316	EHMT2		No Mutation	-0.04586999
4317	EHMT2	M860V	Missense	-0.119484307
4318	EHMT2	M860V	Missense	-0.525499934
4319	EHMT2		No Mutation	0.405606731
4320	EHMT2	A850A;E851G	Silent;Missense	0.585468679
4321	EHMT2		No Mutation	0.379624713
4322	EHMT2		No Mutation	-0.096777118
4323	EHMT2	T844A	Missense	0.197208808
4324	EHMT2		No Mutation	-0.151712115
4325	EHMT2	W843R	Missense	-0.280243095
4326	EHMT2	W843R	Missense	0.524654427
4327	EHMT2	S840S	Silent	-0.394983331
4328	EHMT2	(NC);(NC)	Intron;Splice-acceptor	0.351180516
4329	EHMT2	S840S	Silent	-0.522202997
4330	EHMT2	(NC);(NC)	Intron;Intron	0.235096589
4331	EHMT2	(NC)	Intron	0.681805347
4332	EHMT2		No Mutation	-0.449451942
4333	EHMT2	(NC)	Intron	-0.059465922
4334	EHMT2		No Mutation	-0.095137546
4335	EHMT2	(NC)	Intron	-0.772499623
4336	EHMT2	(NC)	Intron	-0.407823402
4337	EHMT2		No Mutation	0.049917343
4338	EHMT2		No Mutation	-0.194795724
4339	EHMT2	(NC)	Intron	0.350421941
4340	EHMT2		No Mutation	-0.768543475
4341	EHMT2		No Mutation	0.236338265
4342	EHMT2	N836G	Missense	-0.848531599
4343	EHMT2		No Mutation	-0.284516559
4344	EHMT2	S829G	Missense	0.033464159
4345	EHMT2		No Mutation	-0.02373558
4346	EHMT2		No Mutation	0.687558539
4347	EHMT2	S825G	Missense	-0.19454821
4348	EHMT2	L821S	Missense	0.388489187
4349	EHMT2	K817K;I818V	Silent;Missense	-0.066868589
4350	EHMT2	A815A;K817E	Silent;Missense	0.198468609
4351	EHMT2	H813R;H814R	Missense;Missense	0.329511311
4352	EHMT2	H813R;H814R	Missense;Missense	-0.620568472
4353	EHMT2		No Mutation	0.166570028
4354	EHMT2		No Mutation	-0.647704078
4355	EHMT2	G808G;S809P	Silent;Missense	0.028715726
4356	EHMT2	G808G;S809P	Silent;Missense	-0.263744798
4357	EHMT2		No Mutation	0.069723954
4358	EHMT2		No Mutation	0.362698679
4359	EHMT2		No Mutation	1.842419251
4360	EHMT2		No Mutation	0.268151716
4361	EHMT2		No Mutation	-0.644423187
4362	EHMT2		No Mutation	-0.627610205
4363	EHMT2	(NC)	Intron	0.425099871
4364	EHMT2		No Mutation	0.075961608
4365	EHMT2		No Mutation	0.42254379
4366	EHMT2	S803G;K804E	Missense;Missense	0.709738672
4367	EHMT2		No Mutation	0.854659782
4368	EHMT2	R797R	Silent	-3.512975184
4369	EHMT2	R797R	Silent	0.599779612
4370	EHMT2	Y793C;M794V	Missense;Missense	-0.241488342
4371	EHMT2	Y793C	Missense	-0.061294274
4372	EHMT2	R792R;Y793H	Silent;Missense	0.222846218
4373	EHMT2	E789G	Missense	0.304328558
4374	EHMT2	R792R;Y793H	Silent;Missense	1.047433184
4375	EHMT2	L788P	Missense	-0.4071358
4376	EHMT2	N785D	Missense	-0.469599315
4377	EHMT2		No Mutation	0.71128822
4378	EHMT2	V783A;V784A	Missense;Missense	-0.501256745
4379	EHMT2	P778P	Silent	-0.268093257
4380	EHMT2	T777A	Missense	-0.090907218
4381	EHMT2	Q775R	Missense	0.84623259
4382	EHMT2	A770A	Silent	0.27329614
4383	EHMT2	V771A	Missense	-1.094134403
4384	EHMT2	G765G;N767D	Silent;Missense	0.926603701
4385	EHMT2		No Mutation	-0.222805668
4386	EHMT2		No Mutation	0.52689719
4387	EHMT2		No Mutation	0.535067542
4388	EHMT2		No Mutation	0.093314338
4389	EHMT2	A764A	Silent	-0.648256393
4390	EHMT2		No Mutation	0.015169438
4391	EHMT2		No Mutation	0.44243731
4392	EHMT2		No Mutation	-0.291297602
4393	EHMT2	(NC)	Intron	0.134195391
4394	EHMT2		No Mutation	-0.121271388
4395	EHMT2	Q763R	Missense	0.301013503
4396	EHMT2		No Mutation	0.181112927
4397	EHMT2		No Mutation	0.388741598
4398	EHMT2	(NC)	Splice-donor	1.191220333
4399	EHMT2		No Mutation	1.397078314
4400	EHMT2	H759H;V760A	Silent;Missense	0.06449005
4401	EHMT2		No Mutation	-0.051064507
4402	EHMT2	V755A	Missense	0.660374957
4403	EHMT2	V755A	Missense	0.17984577
4404	EHMT2		No Mutation	-0.74198918
4405	EHMT2		No Mutation	-0.330846604
4406	EHMT2		No Mutation	0.018672681
4407	EHMT2	H747R	Missense	0.073208703
4408	EHMT2		No Mutation	-0.580662214
4409	EHMT2	H747R	Missense	1.020504299
4410	EHMT2		No Mutation	-0.433183683
4411	EHMT2		No Mutation	0.438190392
4412	EHMT2		No Mutation	-0.482296755
4413	EHMT2		No Mutation	-0.247148702
4414	EHMT2		No Mutation	0.163006692
4415	EHMT2		No Mutation	-0.752861186
4416	EHMT2	L731P	Missense	0.781641722
4417	EHMT2	L731P	Missense	-0.268795801
4418	EHMT2	L731P	Missense	-0.511349239
4419	EHMT2		No Mutation	-0.54215377
4420	EHMT2	(NC)	Intron	0.033168394
4421	EHMT2	(NC);(NC)	Intron;Intron	0.182880343
4422	EHMT2	(NC)	Intron	-1.442858511
4423	EHMT2	Q717R	Missense	0.468212391
4424	EHMT2	L720P	Missense	-0.008252893
4425	EHMT2		No Mutation	-0.624341893
4426	EHMT2	Y712C	Missense	-0.424732596
4427	EHMT2	Y712C	Missense	0.752193185
4428	EHMT2	L713P;S714P	Missense;Missense	0.315627916
4429	EHMT2	L713P;S714P	Missense;Missense	-0.123161818
4430	EHMT2	Y712H	Missense	0.685861308
4431	EHMT2	L711L	Silent	0.371609984
4432	EHMT2	K703R	Missense	-0.063119904
4433	EHMT2		No Mutation	0.219209783
4434	EHMT2		No Mutation	-0.062212498
4435	EHMT2		No Mutation	-0.31464454
4436	EHMT2		No Mutation	-1.049530257
4437	EHMT2		No Mutation	-0.441090303
4438	EHMT2	(NC);(NC)	Intron;Intron	0.003168571
4439	EHMT2	(NC);(NC)	Intron;Intron	0.178316675
4440	EHMT2		No Mutation	0.614931808
4441	EHMT2	(NC);(NC)	Intron;Intron	-0.292637411
4442	EHMT2	(NC)	Intron	0.48916115
4443	EHMT2	(NC)	Splice-donor	-0.073733354
4444	EHMT2	E697G;S698S	Missense;Silent	-0.216027478
4445	EHMT2	E697G	Missense	-0.089995266
4446	EHMT2	E697G	Missense	0.175208675
4447	EHMT2	I695V	Missense	-0.45869545
4448	EHMT2	S698P	Missense	0.43291152
4449	EHMT2	E690E;K691G	Silent;Missense	0.300994018
4450	EHMT2		No Mutation	-0.541421359
4451	EHMT2		No Mutation	-0.43905242
4452	EHMT2	P684P	Silent	0.311124547
4453	EHMT2		No Mutation	-0.344452996
4454	EHMT2	P681P	Silent	-0.671344663
4455	EHMT2	P681P	Silent	-0.785048611
4456	EHMT2	P681P	Silent	-0.333178876
4457	EHMT2	L682P	Missense	-0.364442041
4458	EHMT2		No Mutation	-0.361090961
4459	EHMT2		No Mutation	0.64506591
4460	EHMT2		No Mutation	0.617828578
4461	EHMT2	S676S	Silent	0.012160889
4462	EHMT2	L680P	Missense	-0.373031234
4463	EHMT2		No Mutation	-0.514525541
4464	EHMT2		No Mutation	0.318536873
4465	EHMT2		No Mutation	0.230253133
4466	EHMT2	L675P;S676P	Missense;Missense	0.662010021
4467	EHMT2	L675P;S676P	Missense;Missense	-0.560129075
4468	EHMT2	C674R	Missense	-0.383461455
4469	EHMT2	C674R	Missense	-0.45665477
4470	EHMT2	N671N	Silent	-0.357753602
4471	EHMT2	N671N	Silent	-0.674729736
4472	EHMT2	N671N	Silent	-0.108216636
4473	EHMT2	T668A	Missense	0.830834633
4474	EHMT2		No Mutation	0.331332961
4475	EHMT2	T668A	Missense	-0.298136014
4476	EHMT2		No Mutation	0.652974175
4477	EHMT2		No Mutation	-0.091815121
4478	EHMT2		No Mutation	-1.240190267
4479	EHMT2	D658G;T659A	Missense;Missense	0.427181483
4480	EHMT2	D658G;T659A	Missense;Missense	-0.084600559
4481	EHMT2	I660I	Silent	-0.284992896
4482	EHMT2	I660T	Missense	-0.012982972
4483	EHMT2	I660T	Missense	-0.201742888
4484	EHMT2	A657A	Silent	-0.352148853
4485	EHMT2	A657A	Silent	-0.485862284
4486	EHMT2	L656P	Missense	0.43892028
4487	EHMT2	L656P	Missense	-1.30370839
4488	EHMT2		No Mutation	0.191832675
4489	EHMT2	D654D	Silent	-0.278884984
4490	EHMT2	D654D	Silent	0.092888579
4491	EHMT2	C653R	Missense	-0.317689474
4492	EHMT2	R643R	Silent	0.174905086
4493	EHMT2	H645H	Silent	-0.629707468
4494	EHMT2	H645H	Silent	0.728876128
4495	EHMT2	M642V	Missense	0.198890592
4496	EHMT2		No Mutation	0.201733975
4497	EHMT2		No Mutation	0.510716027
4498	EHMT2		No Mutation	-0.13848663
4499	EHMT2	(NC);(NC)	Intron;Splice-acceptor	-0.827791167
4500	EHMT2	(NC);(NC)	Intron;Splice-acceptor	0.574910042
4501	EHMT2		No Mutation	0.355451817
4502	EHMT2		No Mutation	0.124110777
4503	EHMT2	(NC)	Intron	-0.350335326
4504	EHMT2		No Mutation	0.168097669
4505	EHMT2		No Mutation	0.526422665
4506	EHMT2	A633A;D634G	Silent;Missense	0.448401873
4507	EHMT2	T635T;S636P	Silent;Missense	-0.554708904
4508	EHMT2	T635T;S636P	Silent;Missense	0.098224397
4509	EHMT2	T635T;S636P	Silent;Missense	-0.43574942
4510	EHMT2		No Mutation	0.160646706
4511	EHMT2		No Mutation	-0.759432838
4512	EHMT2		No Mutation	-0.267682338
4513	EHMT2	V629A	Missense	-0.25542486
4514	EHMT2	V629A	Missense	-0.548196973
4515	EHMT2		No Mutation	-0.200747693
4516	EHMT2		No Mutation	0.043385484
4517	EHMT2	D628D;V629A	Silent;Missense	0.081167141
4518	EHMT2	D628D	Silent	-0.946311131
4519	EHMT2	D628D	Silent	-0.409610398
4520	EHMT2		No Mutation	0.436772414
4521	EHMT2	L625P;S626P	Missense;Missense	-0.411898822
4522	EHMT2	A621A	Silent	0.524384684
4523	EHMT2	P620P	Silent	0.187996954
4524	EHMT2	A619A	Silent	-0.158203542
4525	EHMT2		No Mutation	-0.064912851
4526	EHMT2	T617T	Silent	-0.733484663
4527	EHMT2	T617T	Silent	-0.505693836
4528	EHMT2		No Mutation	0.31231555
4529	EHMT2	D609G	Missense	0.261518041
4530	EHMT2		No Mutation	0.0358146
4531	EHMT2	V611A	Missense	-0.87236192
4532	EHMT2	V611A	Missense	0.30091639
4533	EHMT2	V611A	Missense	0.318507685
4534	EHMT2		No Mutation	-0.320960758
4535	EHMT2	I605V	Missense	0.042820705
4536	EHMT2	I605V	Missense	0.513534439
4537	EHMT2	T604A;I605V	Missense;Missense	0.021785245
4538	EHMT2	E602G	Missense	0.559206215
4539	EHMT2	Q601Q;E602G	Silent;Missense	-0.550450231
4540	EHMT2	Q601R;E602G	Missense;Missense	0.377444378
4541	EHMT2		No Mutation	-0.615432463
4542	EHMT2	D596D;A597A;S598P	Silent;Silent;Missense	0.250360386
4543	EHMT2	D596D;A597A	Silent;Silent	0.337938601
4544	EHMT2	D596D	Silent	-0.249716759
4545	EHMT2		No Mutation	0.251921328
4546	EHMT2		No Mutation	-0.245199357
4547	EHMT2		No Mutation	0.545623402
4548	EHMT2		No Mutation	0.146736272
4549	EHMT2		No Mutation	0.516147694
4550	EHMT2	L584P;N585N	Missense;Silent	0.666445422
4551	EHMT2		No Mutation	-0.721523546
4552	EHMT2		No Mutation	-0.357668871
4553	EHMT2	S582P	Missense	-0.651498834
4554	EHMT2	C580R	Missense	1.444323691
4555	EHMT2	C580R	Missense	0.704049625
4556	EHMT2		No Mutation	0.462658424
4557	EHMT2		No Mutation	0.875871196
4558	EHMT2	F576P	Missense	0.533587914
4559	EHMT2		No Mutation	-0.559594403
4560	EHMT2		No Mutation	-0.080108524
4561	EHMT2	R571R;V572A	Silent;Missense	-0.535471108
4562	EHMT2	H567R	Missense	-0.025197637
4563	EHMT2	P568P;F570L	Silent;Missense	-0.305962127
4564	EHMT2	P568P	Silent	0.537340034
4565	EHMT2	C566R	Missense	0.605438378
4566	EHMT2	L564P	Missense	0.83180422
4567	EHMT2	F563P	Missense	0.310140798
4568	EHMT2	F563P	Missense	0.044437934
4569	EHMT2		No Mutation	0.360376384
4570	EHMT2	(NC)	Intron	-1.405965868
4571	EHMT2		No Mutation	-0.200505765
4572	EHMT2		No Mutation	-0.613471241
4573	EHMT2	(NC)	Intron	1.119096621
4574	EHMT2		No Mutation	-0.268978611
4575	EHMT2		No Mutation	-0.357972115
4576	EHMT2		No Mutation	-0.34778133
4577	EHMT2		No Mutation	0.816453903
4578	EHMT2	F557P;C558R	Missense;Missense	0.180522848
4579	EHMT2		No Mutation	-1.572057977
4580	EHMT2	F557P;C558R	Missense;Missense	1.098933217
4581	EHMT2	C554R	Missense	0.021979151
4582	EHMT2	H549R	Missense	-0.16915866
4583	EHMT2	K547G;H548R	Missense;Missense	0.230029001
4584	EHMT2	K547G	Missense	-0.016237798
4585	EHMT2	C550R	Missense	0.393824686
4586	EHMT2		No Mutation	0.545071271
4587	EHMT2		No Mutation	0.02800227
4588	EHMT2	V546A	Missense	0.049356217
4589	EHMT2	M545T;V546A	Missense;Missense	0.197316905
4590	EHMT2	T540A	Missense	0.892586987
4591	EHMT2	C538C	Silent	0.051806602
4592	EHMT2	C538C	Silent	-0.155961766
4593	EHMT2	V536A	Missense	-0.074214208
4594	EHMT2	L534P;M535T	Missense;Missense	1.136451512
4595	EHMT2	L534P	Missense	0.685605219
4596	EHMT2	S530G	Missense	0.551140881
4597	EHMT2	R531R	Silent	0.227524348
4598	EHMT2	R527G	Missense	-0.51565306
4599	EHMT2	M526T	Missense	-1.973028157
4600	EHMT2	K522G	Missense	-0.779788624
4601	EHMT2		No Mutation	-0.102884907
4602	EHMT2		No Mutation	0.013786307
4603	EHMT2		No Mutation	1.693078236
4604	EHMT2	N517S	Missense	-0.16242478
4605	EHMT2	L513P;S514P	Missense;Missense	-0.902048994
4606	EHMT2	(NC)	Intron	-0.012738755
4607	EHMT2		No Mutation	0.782897767
4608	EHMT2		No Mutation	-0.067790341
4609	EHMT2		No Mutation	-0.324835733
4610	EHMT2		No Mutation	-0.151242756
4611	EHMT2		No Mutation	0.84921703
4612	EHMT2	E512G	Missense	-0.434747605
4613	EHMT2	G511G	Silent	0.139892349
4614	EHMT2	D510G;G511G	Missense;Silent	-0.31117144
4615	EHMT2		No Mutation	-1.166977429
4616	EHMT2	S508G	Missense	0.640560807
4617	EHMT2	S508G	Missense	-0.315655659
4618	EHMT2		No Mutation	0.427267005
4619	EHMT2	E507G;S508G	Missense;Missense	1.417414732
4620	EHMT2	T506A	Missense	-0.429655151
4621	EHMT2	M504V	Missense	1.239031742
4622	EHMT2		No Mutation	0.013115882
4623	EHMT2		No Mutation	0.139340506
4624	EHMT2	I495V	Missense	0.24952054
4625	EHMT2	I495V	Missense	-1.036380948
4626	EHMT2	I495V	Missense	-0.333061912
4627	EHMT2	D493G	Missense	0.19986265
4628	EHMT2	D493G	Missense	-0.13334204
4629	EHMT2	I495T	Missense	0.105663265
4630	EHMT2	I495T	Missense	-0.128082258
4631	EHMT2		No Mutation	0.170124834
4632	EHMT2	M487T	Missense	0.536045461
4633	EHMT2	M487T	Missense	-0.451968452
4634	EHMT2	M487T	Missense	-0.69803632
4635	EHMT2	S484G	Missense	-1.018856247
4636	EHMT2		No Mutation	0.142566075
4637	EHMT2	T473A	Missense	-0.251684111
4638	EHMT2		No Mutation	0.556690731
4639	EHMT2		No Mutation	-1.089330815
4640	EHMT2	L471P	Missense	0.205169136
4641	EHMT2	N466G	Missense	0.009857572
4642	EHMT2	N466N	Silent	0.277065102
4643	EHMT2	N466N	Silent	-0.484614024
4644	EHMT2	V464A;S465P	Missense;Missense	0.159851617
4645	EHMT2		No Mutation	-0.21134487
4646	EHMT2	(NC)	Intron	-0.549325262
4647	EHMT2		No Mutation	-0.402053156
4648	EHMT2	(NC);(NC)	Intron;Intron	-0.515293933
4649	EHMT2	(NC)	Intron	-0.250623013
4650	EHMT2	(NC)	Intron	-0.768642929
4651	EHMT2	(NC);(NC)	Intron;Intron	-0.266262051
4652	EHMT2	(NC);(NC)	Intron;Intron	-0.213188971
4653	EHMT2	(NC);(NC);(NC)	Splice-donor;Intron;Intron	0.320971812
4654	EHMT2	(NC);(NC)	Splice-donor;Intron	-0.14593122
4655	EHMT2	A462A	Silent	-0.652894329
4656	EHMT2	A462A	Silent	0.225790152
4657	EHMT2		No Mutation	-0.732673525
4658	EHMT2	L457P;S458P	Missense;Missense	-0.560035023
4659	EHMT2	L457P;S458P	Missense;Missense	-0.458794895
4660	EHMT2		No Mutation	0.13228887
4661	EHMT2		No Mutation	0.515274924
4662	EHMT2	E450G	Missense	0.672948415
4663	EHMT2	E450G	Missense	-0.267523448
4664	EHMT2		No Mutation	-0.477548585
4665	EHMT2	L451P	Missense	-0.716387986
4666	EHMT2		No Mutation	-0.465490025
4667	EHMT2		No Mutation	-0.207263621
4668	EHMT2	Y441C;M442V	Missense;Missense	0.09813677
4669	EHMT2	Y441C;M442V	Missense;Missense	0.134286872
4670	EHMT2	Y441C;M442V	Missense;Missense	-0.649065044
4671	EHMT2	V444A	Missense	1.252741033
4672	EHMT2	V444A	Missense	-0.130491492
4673	EHMT2		No Mutation	0.406023475
4674	EHMT2	S439G	Missense	0.647611311
4675	EHMT2	Y441H	Missense	0.306448921
4676	EHMT2	S436S	Silent	0.672445566
4677	EHMT2	N431G	Missense	-0.278427039
4678	EHMT2	(NC)	Splice-acceptor	0.26017138
4679	EHMT2	(NC)	Splice-acceptor	-0.516277049
4680	EHMT2		No Mutation	0.547261416
4681	EHMT2		No Mutation	-0.573932003
4682	EHMT2	(NC)	Intron	-0.764068958
4683	EHMT2	(NC);(NC)	Intron;Intron	0.400013245
4684	EHMT2	(NC)	Splice-donor	0.322570023
4685	EHMT2	E426G	Missense	-0.057610777
4686	EHMT2	K425G	Missense	-0.85327737
4687	EHMT2		No Mutation	-0.296261392
4688	EHMT2		No Mutation	-0.84756933
4689	EHMT2		No Mutation	0.334075363
4690	EHMT2	E420G	Missense	-0.75975223
4691	EHMT2	K418G	Missense	-0.349148905
4692	EHMT2	K418G	Missense	-0.50921098
4693	EHMT2		No Mutation	-0.692736766
4694	EHMT2	K415E	Missense	0.298065471
4695	EHMT2	P408P	Silent	-0.394701368
4696	EHMT2	R404R;K405E	Silent;Missense	-0.526408405
4697	EHMT2	R404R	Silent	0.36828166
4698	EHMT2		No Mutation	0.211209628
4699	EHMT2	K398G	Missense	-0.489106091
4700	EHMT2		No Mutation	-0.289733631
4701	EHMT2	S394G	Missense	-0.94265059
4702	EHMT2	S394S	Silent	0.996692708
4703	EHMT2	S394S	Silent	-0.327900078
4704	EHMT2	(NC);S391G	Splice-acceptor;Missense	0.60124478
4705	EHMT2	S393P	Missense	0.10466369
4706	EHMT2	G392G;S393P	Silent;Missense	-0.525630701
4707	EHMT2	G392G;S393P	Silent;Missense	0.094669658
4708	EHMT2	(NC)	Splice-acceptor	-0.398478698
4709	EHMT2	G392G;S393P	Silent;Missense	-0.027997964
4710	EHMT2	S391S	Silent	-0.146287143
4711	EHMT2		No Mutation	0.609218718
4712	EHMT2		No Mutation	-0.484651901
4713	EHMT2	(NC)	Intron	-0.05423484
4714	EHMT2	S388S;D389G	Silent;Missense	0.456365684
4715	EHMT2	S384S;N386D	Silent;Missense	-0.147083409
4716	EHMT2	S384S	Silent	-0.917654984
4717	EHMT2	E379G;E380G	Missense;Missense	0.605538006
4718	EHMT2	E379G;E380G	Missense;Missense	1.002156785
4719	EHMT2	E376E;E377G	Silent;Missense	0.929396855
4720	EHMT2	E374G	Missense	-0.440989752
4721	EHMT2	E370G	Missense	1.757551895
4722	EHMT2	E367E;E368G	Silent;Missense	1.529805452
4723	EHMT2	E366E;E367G	Silent;Missense	-0.675336762
4724	EHMT2	E365E;E366G	Silent;Missense	0.987846157
4725	EHMT2	E364G	Missense	1.673347432
4726	EHMT2	E359G	Missense	0.945613149
4727	EHMT2	E357E;E358G	Silent;Missense	-2.818569764
4728	EHMT2	L355L;S356G	Silent;Missense	0.250053935
4729	EHMT2	Q354Q;L355L;S356G	Silent;Silent;Missense	-0.065946506
4730	EHMT2	E353E;Q354R	Silent;Missense	-0.197298356
4731	EHMT2	E353G	Missense	1.046406621
4732	EHMT2	A350A	Silent	-0.116167814
4733	EHMT2	A350A	Silent	0.186131394
4734	EHMT2	V348A	Missense	1.373223668
4735	EHMT2	K345G	Missense	-0.160182463
4736	EHMT2		No Mutation	1.247103444
4737	EHMT2		No Mutation	0.202948451
4738	EHMT2		No Mutation	-0.507852453
4739	EHMT2		No Mutation	-0.666112005
4740	EHMT2	Y331C	Missense	0.051407168
4741	EHMT2		No Mutation	-0.059883668
4742	EHMT2	W319R	Missense	-0.359108931
4743	EHMT2	W319R	Missense	0.159664966
4744	EHMT2	W319R	Missense	-0.288850273
4745	EHMT2		No Mutation	0.437842044
4746	EHMT2		No Mutation	-1.081534155
4747	EHMT2	D312G	Missense	-0.379704643
4748	EHMT2	K310K	Silent	0.286116426
4749	EHMT2		No Mutation	0.63313843
4750	EHMT2		No Mutation	-1.314512828
4751	EHMT2	T309A	Missense	-0.208982806
4752	EHMT2	T309A	Missense	-0.092661885
4753	EHMT2	E305E;T307A	Silent;Missense	0.209120133
4754	EHMT2	E305G	Missense	-0.709221269
4755	EHMT2	E305G	Missense	-0.814482375
4756	EHMT2	V306A	Missense	-0.370296884
4757	EHMT2	V306A	Missense	-0.992750149
4758	EHMT2		No Mutation	-0.29331278
4759	EHMT2	E295G;E296G	Missense;Missense	0.297440532
4760	EHMT2	(NC);(NC);(NC);(NC)	Intron;Intron;Intron;Intron	1.560310826
4761	EHMT2		No Mutation	0.916634926
4762	EHMT2		No Mutation	-0.03370434
4763	EHMT2	N288G	Missense	-0.763465888
4764	EHMT2	K286G	Missense	0.670905107
4765	EHMT2	R285G;K286G	Missense;Missense	0.714942123
4766	EHMT2	L287P	Missense	-0.178844767
4767	EHMT2	R284G;R285G	Missense;Missense	-0.433514916
4768	EHMT2	(NC);D280G	Splice-acceptor;Missense	0.468127131
4769	EHMT2	(NC)	Splice-acceptor	0.541738699
4770	EHMT2	(NC);(NC)	Intron;Intron	-1.396641519
4771	EHMT2	(NC);(NC);(NC)	Intron;Intron;Intron	0.123738292
4772	EHMT2		No Mutation	-0.902275491
4773	EHMT2	(NC)	Intron	-1.087217928
4774	EHMT2		No Mutation	0.511902725
4775	EHMT2	V277A	Missense	0.173557277
4776	EHMT2		No Mutation	-0.060364562
4777	EHMT2	D269G;D270G	Missense;Missense	-0.772778597
4778	EHMT2	D269G	Missense	-0.191970121
4779	EHMT2	D270D;V271A	Silent;Missense	0.387737316
4780	EHMT2	F265P	Missense	-0.257373412
4781	EHMT2	H264H;F265P	Silent;Missense	0.262044128
4782	EHMT2	H264H;F265P	Silent;Missense	0.256910767
4783	EHMT2	H264H;F265P	Silent;Missense	0.061281304
4784	EHMT2	P260P	Silent	-0.26144578
4785	EHMT2	P260P	Silent	0.819001653
4786	EHMT2		No Mutation	0.140429227
4787	EHMT2		No Mutation	-0.012448817
4788	EHMT2		No Mutation	0.632640928
4789	EHMT2		No Mutation	0.675110439
4790	EHMT2		No Mutation	-0.469680555
4791	EHMT2	P255P	Silent	0.227245455
4792	EHMT2		No Mutation	-0.882820194
4793	EHMT2		No Mutation	0.251761407
4794	EHMT2		No Mutation	0.702163629
4795	EHMT2	(NC)	Intron	-0.134899165
4796	EHMT2	(NC)	Intron	0.56614267
4797	EHMT2	G250G;Q251R	Silent;Missense	-0.481979789
4798	EHMT2	G250G	Silent	0.541447395
4799	EHMT2	(NC)	Splice-donor	0.376973105
4800	EHMT2	G248G;N249G	Silent;Missense	0.063743566
4801	EHMT2	G248G;N249G	Silent;Missense	-0.362375783
4802	EHMT2		No Mutation	0.115801509
4803	EHMT2	K246G	Missense	1.295147215
4804	EHMT2	N249N	Silent	-0.119682177
4805	EHMT2	M244V	Missense	0.195443408
4806	EHMT2	K242G;T243A	Missense;Missense	0.410257669
4807	EHMT2		No Mutation	-0.562783558
4808	EHMT2		No Mutation	-0.29495098
4809	EHMT2	V237A	Missense	-0.272563493
4810	EHMT2		No Mutation	0.940423695
4811	EHMT2	P231P	Silent	0.07092938
4812	EHMT2		No Mutation	-0.447250937
4813	EHMT2		No Mutation	-0.013809919
4814	EHMT2		No Mutation	0.171629824
4815	EHMT2	T228A	Missense	0.669664638
4816	EHMT2		No Mutation	0.254007403
4817	EHMT2	P226P;T228A	Silent;Missense	-0.090687859
4818	EHMT2		No Mutation	-0.942228795
4819	EHMT2		No Mutation	-0.737855467
4820	EHMT2		No Mutation	0.811785928
4821	EHMT2		No Mutation	-0.004979319
4822	EHMT2		No Mutation	0.356099734
4823	EHMT2	Q215R;G216G	Missense;Silent	-0.35306322
4824	EHMT2	Q215R	Missense	0.171404582
4825	EHMT2	A217A	Silent	-0.163533935
4826	EHMT2	S210G;M211V	Missense;Missense	0.286649177
4827	EHMT2	S210G;M211V	Missense;Missense	-0.655212295
4828	EHMT2	R207G	Missense	-0.02073247
4829	EHMT2		No Mutation	0.233441074
4830	EHMT2	Q202R	Missense	0.557780026
4831	EHMT2	L204P	Missense	-0.299837131
4832	EHMT2	S203S;L204P	Silent;Missense	-0.319399924
4833	EHMT2	P199P	Silent	-0.10154896
4834	EHMT2		No Mutation	-0.478508532
4835	EHMT2	M189V	Missense	-0.385330815
4836	EHMT2	M189V	Missense	0.987212417
4837	EHMT2	K188G;M189V	Missense;Missense	-0.496107326
4838	EHMT2	M191T	Missense	0.927825925
4839	EHMT2	K188G	Missense	-0.022800266
4840	EHMT2	K188G	Missense	0.691493433
4841	EHMT2	M189T;S190P	Missense;Missense	0.552809441
4842	EHMT2		No Mutation	0.438723836
4843	EHMT2		No Mutation	0.640063231
4844	EHMT2		No Mutation	-0.119948625
4845	EHMT2	C183R	Missense	-0.603249861
4846	EHMT2	S182P;C183R	Missense;Missense	0.096957745
4847	EHMT2	G181G;S182P;C183R	Silent;Missense;Missense	-0.381807651
4848	EHMT2	G181G;S182P	Silent;Missense	-0.382918265
4849	EHMT2		No Mutation	-0.058893592
4850	EHMT2		No Mutation	-0.752624612
4851	EHMT2		No Mutation	-0.255940623
4852	EHMT2		No Mutation	-0.159219756
4853	EHMT2		No Mutation	-0.4031814
4854	EHMT2		No Mutation	1.117904601
4855	EHMT2		No Mutation	-0.787363642
4856	EHMT2		No Mutation	-0.095727359
4857	EHMT2	S175P	Missense	-0.187609664
4858	EHMT2	F173P	Missense	0.537635715
4859	EHMT2	H168H	Silent	-0.897502712
4860	EHMT2	(NC);(NC);(NC);(NC)	Intron;Intron;Intron;Intron	-0.440992869
4861	EHMT2	(NC)	Intron	0.339407077
4862	EHMT2	(NC)	Intron	0.224872223
4863	EHMT2	(NC);(NC)	Intron;Intron	0.849792386
4864	EHMT2	(NC);(NC)	Intron;Intron	0.33842982
4865	EHMT2	(NC);(NC)	Intron;Intron	-0.864254612
4866	EHMT2	(NC)	Intron	0.741429504
4867	EHMT2		No Mutation	0.421484709
4868	EHMT2		No Mutation	-0.399560888
4869	EHMT2	(NC)	Splice-donor	-0.264369867
4870	EHMT2	I164V	Missense	-0.043066179
4871	EHMT2	L165P	Missense	0.617621707
4872	EHMT2		No Mutation	0.477398467
4873	EHMT2		No Mutation	-0.870794051
4874	EHMT2	I164T	Missense	-0.469811085
4875	EHMT2	D158G	Missense	-0.322788211
4876	EHMT2	D156G	Missense	-0.464398774
4877	EHMT2	G155G;D156G	Silent;Missense	-0.399043322
4878	EHMT2	G155G;D156G	Silent;Missense	-0.156284283
4879	EHMT2	G155G;D156G	Silent;Missense	0.438374979
4880	EHMT2	N152G	Missense	0.654654948
4881	EHMT2	E151G;N152G	Missense;Missense	-0.13112234
4882	EHMT2	E151G;N152G	Missense;Missense	0.673210458
4883	EHMT2	E149G	Missense	-0.529814834
4884	EHMT2	E149G	Missense	-0.045614702
4885	EHMT2	S150P	Missense	-1.030630615
4886	EHMT2	T143A	Missense	0.916941639
4887	EHMT2		No Mutation	0.364726965
4888	EHMT2		No Mutation	-0.328769867
4889	EHMT2	L145P	Missense	-0.157550019
4890	EHMT2		No Mutation	0.164247096
4891	EHMT2		No Mutation	-0.544178893
4892	EHMT2		No Mutation	-0.020484833
4893	EHMT2		No Mutation	0.370389641
4894	EHMT2		No Mutation	-1.737553029
4895	EHMT2	T130A	Missense	0.853020764
4896	EHMT2	T130A	Missense	-0.809542732
4897	EHMT2	T130A	Missense	0.177725793
4898	EHMT2	T130A	Missense	0.635146908
4899	EHMT2	T130T;V131A	Silent;Missense	0.157754455
4900	EHMT2		No Mutation	-0.577590313
4901	EHMT2	V129A	Missense	-0.4150262
4902	EHMT2	S126S;V127A	Silent;Missense	0.317156193
4903	EHMT2	S126P;V127A	Missense;Missense	-0.163053249
4904	EHMT2	S126P	Missense	0.573246323
4905	EHMT2	S123P	Missense	-0.013947773
4906	EHMT2	S122P	Missense	-0.738825963
4907	EHMT2		No Mutation	0.086119988
4908	EHMT2	P118P;A119A	Silent;Silent	-0.554584386
4909	EHMT2	P118P	Silent	0.174575951
4910	EHMT2	P118P	Silent	0.240436718
4911	EHMT2	P118P	Silent	-0.523192957
4912	EHMT2	D114G	Missense	0.546212544
4913	EHMT2	L116P	Missense	-0.134198749
4914	EHMT2	S115P	Missense	-1.485112635
4915	EHMT2	S115P	Missense	-0.335435444
4916	EHMT2	T112A	Missense	0.263128072
4917	EHMT2		No Mutation	-0.065290008
4918	EHMT2		No Mutation	0.798807632
4919	EHMT2	E105G	Missense	0.196151989
4920	EHMT2	L108P	Missense	0.268869047
4921	EHMT2		No Mutation	1.189989946
4922	EHMT2		No Mutation	-0.343575562
4923	EHMT2	(NC)	Splice-acceptor	0.503506206
4924	EHMT2	(NC)	Splice-acceptor	-0.503874786
4925	EHMT2	S97P	Missense	1.339821657
4926	EHMT2	(NC);(NC)	Intron;Splice-acceptor	0.899110253
4927	EHMT2	(NC);(NC)	Intron;Splice-acceptor	0.341300472
4928	EHMT2		No Mutation	-0.08602009
4929	EHMT2	(NC)	Intron	0.759257289
4930	EHMT2	(NC)	Intron	-0.872174415
4931	EHMT2		No Mutation	0.624937268
4932	EHMT2	(NC)	Intron	0.228029903
4933	EHMT2		No Mutation	0.351874772
4934	EHMT2	R88G	Missense	-0.031504182
4935	EHMT2	E84G	Missense	-1.032894326
4936	EHMT2		No Mutation	-0.41895745
4937	EHMT2	M78V	Missense	-0.059616352
4938	EHMT2	L81P	Missense	-0.3487518
4939	EHMT2	L81P	Missense	0.161301551
4940	EHMT2		No Mutation	0.380484672
4941	EHMT2		No Mutation	-0.753757399
4942	EHMT2		No Mutation	-0.327087823
4943	EHMT2	E73G	Missense	-0.086424144
4944	EHMT2	E73G	Missense	0.410200135
4945	EHMT2	E73G	Missense	0.502268257
4946	EHMT2	A76A	Silent	0.365068907
4947	EHMT2		No Mutation	-1.062034966
4948	EHMT2		No Mutation	0.321057873
4949	EHMT2		No Mutation	-0.249515155
4950	EHMT2		No Mutation	0.517112508
4951	EHMT2		No Mutation	0.163243681
4952	EHMT2		No Mutation	0.640496877
4953	EHMT2		No Mutation	0.330328003
4954	EHMT2		No Mutation	0.232869899
4955	EHMT2		No Mutation	-0.248010779
4956	EHMT2	S70P	Missense	-0.134347453
4957	EHMT2		No Mutation	0.111300829
4958	EHMT2	L68P	Missense	0.271616041
4959	EHMT2	C67C;L68P	Silent;Missense	-0.945619191
4960	EHMT2	P66P;C67R	Silent;Missense	-0.500719382
4961	EHMT2	L60P	Missense	0.078401617
4962	EHMT2	L60P	Missense	-0.447729757
4963	EHMT2	L60P	Missense	-0.155213309
4964	EHMT2	T58T	Silent	-1.595707406
4965	EHMT2	T58T	Silent	-0.55442415
4966	EHMT2		No Mutation	0.731230473
4967	EHMT2	L56P;S57P	Missense;Missense	-0.215900532
4968	EHMT2	T53A	Missense	0.061577842
4969	EHMT2		No Mutation	-0.185679671
4970	EHMT2		No Mutation	-0.515494936
4971	EHMT2	W52R	Missense	-0.106802003
4972	EHMT2	S51P;W52R	Missense;Missense	-0.307133431
4973	EHMT2	R47G	Missense	0.134744407
4974	EHMT2		No Mutation	0.863699848
4975	EHMT2		No Mutation	-0.535317517
4976	EHMT2	L42L	Silent	0.00964361
4977	EHMT2	S44S;L45P	Silent;Missense	-0.882150452
4978	EHMT2	L42L	Silent	0.18235582
4979	EHMT2	S44S;L45P	Silent;Missense	-0.053967314
4980	EHMT2	S44P;L45P	Missense;Missense	-0.018300657
4981	EHMT2	G37G	Silent	-0.088203126
4982	EHMT2	R34R;G35G	Silent;Silent	0.215518435
4983	EHMT2	G37G	Silent	0.118903023
4984	EHMT2	G37G	Silent	-0.029972549
4985	EHMT2	H33R	Missense	-0.321163101
4986	EHMT2		No Mutation	-1.040982869
4987	EHMT2	R29G	Missense	-0.384797314
4988	EHMT2		No Mutation	0.447751253
4989	EHMT2		No Mutation	0.513489708
4990	EHMT2	R25R	Silent	0.727021782
4991	EHMT2	R25R	Silent	0.035927437
4992	EHMT2	R25R	Silent	-0.976840221
4993	EHMT2	R25R	Silent	-0.05323838
4994	EHMT2	S24G	Missense	-0.358115747
4995	EHMT2		No Mutation	0.334202104
4996	EHMT2	S24G	Missense	0.48767513
4997	EHMT2	S24G	Missense	-0.44022232
4998	EHMT2		No Mutation	0.380373659
4999	EHMT2		No Mutation	-0.071222011
5000	EHMT2		No Mutation	0.513201654
5001	EHMT2		No Mutation	-0.600296888
5002	EHMT2		No Mutation	-0.136763046
5003	EHMT2		No Mutation	-0.367518805
5004	EHMT2		No Mutation	-0.151190907
5005	EHMT2	R18R	Silent	0.086959801
5006	EHMT2	R18R	Silent	-0.499591491
5007	EHMT2		No Mutation	0.676540345
5008	EHMT2	M11V	Missense	-0.90632187
5009	EHMT2	M11V	Missense	-0.615760591
5010	EHMT2	M11V	Missense	0.095587108
5011	EHMT2		No Mutation	0.045484944
5012	EHMT2		No Mutation	-0.768130547
5013	EHMT2		No Mutation	0.662367854
5014	EHMT2		No Mutation	0.057058082
5015	EHMT2	L10P;M11T	Missense;Missense	-0.438780669
5016	EHMT2	R6R;R8G	Silent;Missense	0.146203251
5017	EHMT2	R6R	Silent	-0.344832946
5018	EHMT2	L4L	Silent	0.367030355
5019	EHMT2		No Mutation	0.276367901
5020	EHMT2		No Mutation	-0.602242524
5021	EHMT2		No Mutation	-0.562494811
5022	EHMT2		No Mutation	1.182339
5023	EHMT2	M1V	Missense	0.808988296
5024	EHMT2	L4P	Missense	0.395642756
5025	EHMT2	G3G;L4P	Silent;Missense	0.55225256
5026	EHMT2	G3G;L4P	Silent;Missense	-0.304086249
5027	EHMT2		No Mutation	-0.163671504
5028	EHMT2		No Mutation	-1.305443168
5029	EHMT2		No Mutation	-0.345448946
5030	EHMT2		No Mutation	-0.024082149
5031	EHMT2		No Mutation	-0.558374941
5032	EHMT2		No Mutation	-0.684966916
5033	SUV39H1	(NC);(NC)	UTR;UTR	-0.301479846
5034	SUV39H1	(NC);(NC)	UTR;UTR	0.720783609
5035	SUV39H1	(NC)	UTR	0.435754455
5036	SUV39H1	(NC)	UTR	-0.679289007
5037	SUV39H1	S5S	Silent	0.288765772
5038	SUV39H1	R8G	Missense	0.172965998
5039	SUV39H1	L12P	Missense	-0.568568824
5040	SUV39H1		No Mutation	-1.753435325
5041	SUV39H1	D14G	Missense	-0.903130839
5042	SUV39H1	P15P	Silent	-0.780442783
5043	SUV39H1	P15P;T17A	Silent;Missense	-0.268315293
5044	SUV39H1	(NC);(NC)	Intron;Intron	0.0244176
5045	SUV39H1	(NC)	Intron	0.036273882
5046	SUV39H1		No Mutation	0.223035392
5047	SUV39H1	C19R	Missense	-0.283531392
5048	SUV39H1	C19R	Missense	-0.729345923
5049	SUV39H1	C19R	Missense	0.012445298
5050	SUV39H1	C22R;C23R	Missense;Missense	0.15160753
5051	SUV39H1		No Mutation	0.15761243
5052	SUV39H1		No Mutation	-0.676121326
5053	SUV39H1	Q31R	Missense	-0.663558838
5054	SUV39H1		No Mutation	-1.467935193
5055	SUV39H1	S40P;C41R	Missense;Missense	-0.08914678
5056	SUV39H1	C41R	Missense	-0.812824753
5057	SUV39H1		No Mutation	-0.058254337
5058	SUV39H1	P42P	Silent	-0.19381184
5059	SUV39H1	G45G;I46T	Silent;Missense	-1.119101646
5060	SUV39H1		No Mutation	-0.356130271
5061	SUV39H1	S47P	Missense	0.141398876
5062	SUV39H1	S47P	Missense	0.509073119
5063	SUV39H1		No Mutation	0.829909715
5064	SUV39H1		No Mutation	-0.143960723
5065	SUV39H1	V56A	Missense	-1.196199873
5066	SUV39H1		No Mutation	-0.198037327
5067	SUV39H1	K64G;I65V	Missense;Missense	-0.788161334
5068	SUV39H1	K64G;I65V	Missense;Missense	0.110693576
5069	SUV39H1	K64R;I65V	Missense;Missense	-0.830115644
5070	SUV39H1	(NC)	Intron	-0.012339924
5071	SUV39H1		No Mutation	-0.679294255
5072	SUV39H1		No Mutation	-0.323950777
5073	SUV39H1	(NC)	Intron	-0.199338233
5074	SUV39H1		No Mutation	0.365247279
5075	SUV39H1		No Mutation	0.250020743
5076	SUV39H1		No Mutation	0.323186588
5077	SUV39H1	(NC)	Intron	-0.280981869
5078	SUV39H1		No Mutation	0.326884423
5079	SUV39H1		No Mutation	-0.044475578
5080	SUV39H1		No Mutation	0.140834734
5081	SUV39H1		No Mutation	-1.067192619
5082	SUV39H1	Y70H	Missense	0.310059254
5083	SUV39H1	Y70H	Missense	-0.046090012
5084	SUV39H1	Y70H	Missense	-0.707407695
5085	SUV39H1	E67G	Missense	-0.20517194
5086	SUV39H1	Y70H;Y71H	Missense;Missense	-0.177528429
5087	SUV39H1	E69G;Y70C	Missense;Missense	-1.061455651
5088	SUV39H1	Y71C	Missense	-0.250586447
5089	SUV39H1	R76R;Y78H	Silent;Missense	-0.393446412
5090	SUV39H1	P79P;D80G	Silent;Missense	0.13034054
5091	SUV39H1	P79P;D80G	Silent;Missense	-0.358264279
5092	SUV39H1	W85R	Missense	-0.691292883
5093	SUV39H1	E82G;S83G	Missense;Missense	-0.147575972
5094	SUV39H1	N90N	Silent	0.014107081
5095	SUV39H1	C93R	Missense	0.260176042
5096	SUV39H1	K98E	Missense	-0.258806199
5097	SUV39H1		No Mutation	-0.520228605
5098	SUV39H1	H101R	Missense	0.07808707
5099	SUV39H1	H101R;K102E	Missense;Missense	0.112358441
5100	SUV39H1		No Mutation	0.219168744
5101	SUV39H1	L104L;E105G	Silent;Missense	-0.18299817
5102	SUV39H1	E105G;R106G	Missense;Missense	0.313855188
5103	SUV39H1		No Mutation	-0.020846729
5104	SUV39H1	S115P	Missense	0.420775361
5105	SUV39H1	H113R	Missense	-0.582886147
5106	SUV39H1		No Mutation	0.268741754
5107	SUV39H1	S115S;K116G;T117A	Silent;Missense;Missense	0.16381769
5108	SUV39H1		No Mutation	0.411748028
5109	SUV39H1		No Mutation	-1.504630668
5110	SUV39H1	H120R	Missense	-0.401177922
5111	SUV39H1		No Mutation	0.3090598
5112	SUV39H1		No Mutation	-0.323737545
5113	SUV39H1		No Mutation	0.012376471
5114	SUV39H1	L125L	Silent	0.504010772
5115	SUV39H1		No Mutation	-0.95139324
5116	SUV39H1	P123P;S124G	Silent;Missense	-0.116650742
5117	SUV39H1	Y128H	Missense	-0.168089161
5118	SUV39H1	Y128H;L129P	Missense;Missense	0.37559267
5119	SUV39H1	N127G	Missense	0.35124949
5120	SUV39H1		No Mutation	-0.055344791
5121	SUV39H1	Q131R	Missense	-0.143298087
5122	SUV39H1		No Mutation	-0.500943344
5123	SUV39H1	Q131R;K132G	Missense;Missense	-0.05615558
5124	SUV39H1	K132G	Missense	-0.785537584
5125	SUV39H1	L139P	Missense	-0.703075622
5126	SUV39H1		No Mutation	-0.018100374
5127	SUV39H1		No Mutation	-0.223539923
5128	SUV39H1		No Mutation	1.162772557
5129	SUV39H1		No Mutation	-0.20115934
5130	SUV39H1	K149E	Missense	-0.81532888
5131	SUV39H1	K149G	Missense	-0.253881423
5132	SUV39H1	L153P	Missense	0.680893013
5133	SUV39H1	T157T	Silent	-0.69239671
5134	SUV39H1	I156V;T157A	Missense;Missense	0.46025771
5135	SUV39H1	T157A	Missense	0.257881475
5136	SUV39H1	V158V;E159G;N160D	Silent;Missense;Missense	-0.11358211
5137	SUV39H1	N160G;E161G	Missense;Missense	0.522708797
5138	SUV39H1	D163G	Missense	-0.902903563
5139	SUV39H1		No Mutation	-0.16798108
5140	SUV39H1		No Mutation	0.054219399
5141	SUV39H1	V172A;Y173H	Missense;Missense	-0.600351117
5142	SUV39H1	V172A;Y173H	Missense;Missense	-0.051253565
5143	SUV39H1	Y173H;I174T	Missense;Missense	-0.400251575
5144	SUV39H1	N175N	Silent	0.11825541
5145	SUV39H1	I174V;N175G	Missense;Missense	0.269011013
5146	SUV39H1	E176G	Missense	-0.425156948
5147	SUV39H1	E176G;Y177C	Missense;Missense	0.078243681
5148	SUV39H1	I183T	Missense	-1.021937004
5149	SUV39H1	I183V	Missense	-0.139735814
5150	SUV39H1	I183V;T184A	Missense;Missense	-0.934119761
5151	SUV39H1	N186D	Missense	0.488064544
5152	SUV39H1	N186G	Missense	0.161889968
5153	SUV39H1	A189A;V190A	Silent;Missense	0.447044188
5154	SUV39H1	A189A;V190A	Silent;Missense	-0.045856818
5155	SUV39H1	C192R	Missense	-1.163807593
5156	SUV39H1		No Mutation	0.160680253
5157	SUV39H1	E193G	Missense	-0.391837546
5158	SUV39H1		No Mutation	0.081341338
5159	SUV39H1		No Mutation	0.385655506
5160	SUV39H1		No Mutation	-0.59244525
5161	SUV39H1		No Mutation	0.124720714
5162	SUV39H1	T202A	Missense	-0.413652666
5163	SUV39H1	T202A	Missense	0.275138663
5164	SUV39H1	G203G	Silent	0.167371338
5165	SUV39H1	G203G	Silent	-1.008593032
5166	SUV39H1	C206R	Missense	-1.90637348
5167	SUV39H1		No Mutation	-0.702465611
5168	SUV39H1		No Mutation	-0.001207905
5169	SUV39H1		No Mutation	0.161935432
5170	SUV39H1		No Mutation	0.724737469
5171	SUV39H1		No Mutation	0.028740218
5172	SUV39H1	Y216C;N217D	Missense;Missense	-1.547551626
5173	SUV39H1	N217S;D218G	Missense;Missense	0.262636387
5174	SUV39H1		No Mutation	-0.607848319
5175	SUV39H1	L224P	Missense	-0.174801754
5176	SUV39H1	Q221R	Missense	-0.155469944
5177	SUV39H1	Q221R	Missense	-0.451506804
5178	SUV39H1		No Mutation	-0.751087782
5179	SUV39H1		No Mutation	-1.318598295
5180	SUV39H1	S235P	Missense	-1.988431063
5181	SUV39H1	S235P	Missense	-0.086157084
5182	SUV39H1	N234G	Missense	0.373405467
5183	SUV39H1	Y241H	Missense	0.741705555
5184	SUV39H1	Y241H	Missense	0.118490963
5185	SUV39H1	C243R	Missense	-0.796296167
5186	SUV39H1	D242G	Missense	-0.256096947
5187	SUV39H1	P244P;N245G	Silent;Missense	0.24905958
5188	SUV39H1	N245G	Missense	-1.274628636
5189	SUV39H1		No Mutation	-0.65388737
5190	SUV39H1		No Mutation	0.214043198
5191	SUV39H1	I258T;F259L	Missense;Missense	-2.118698324
5192	SUV39H1		No Mutation	-0.25246808
5193	SUV39H1		No Mutation	0.204127249
5194	SUV39H1	I258V	Missense	-0.873514474
5195	SUV39H1		No Mutation	-0.205745858
5196	SUV39H1	T261A	Missense	-0.585780884
5197	SUV39H1	D262G	Missense	0.043273032
5198	SUV39H1	D262G	Missense	-0.324797259
5199	SUV39H1	R265R	Silent	-0.366716006
5200	SUV39H1	D262G;D263G	Missense;Missense	0.416848704
5201	SUV39H1		No Mutation	-1.263146255
5202	SUV39H1	I275T	Missense	-0.294814295
5203	SUV39H1		No Mutation	-0.600266407
5204	SUV39H1		No Mutation	0.445888601
5205	SUV39H1	K277G;N278D	Missense;Missense	-0.49933801
5206	SUV39H1		No Mutation	-0.090717503
5207	SUV39H1		No Mutation	-0.188896472
5208	SUV39H1	M282V	Missense	-0.220681928
5209	SUV39H1	E283G;Y284C	Missense;Missense	-0.439278937
5210	SUV39H1	E283G;Y284C	Missense;Missense	-0.650021409
5211	SUV39H1	G286G	Silent	-0.235355743
5212	SUV39H1	G286G	Silent	-1.66583483
5213	SUV39H1	(NC)	Intron	-0.171631693
5214	SUV39H1	(NC);(NC);(NC)	Intron;Intron;Intron	-0.497537718
5215	SUV39H1	(NC);(NC);(NC)	Intron;Intron;Intron	0.100249976
5216	SUV39H1	(NC);(NC);(NC)	Intron;Intron;Intron	0.2367512
5217	SUV39H1	(NC)	Intron	-0.82501279
5218	SUV39H1	(NC);I288T	Intron;Missense	0.063965966
5219	SUV39H1	I289T	Missense	0.446065662
5220	SUV39H1	I289T	Missense	-0.187958001
5221	SUV39H1	(NC);I288V	Splice-acceptor;Missense	-0.789882608
5222	SUV39H1	I288V;I289V	Missense;Missense	-0.94703815
5223	SUV39H1	S291P	Missense	-0.564728047
5224	SUV39H1		No Mutation	-0.878358399
5225	SUV39H1	S291S	Silent	-1.136967448
5226	SUV39H1	S291S;E292G	Silent;Missense	-0.469126861
5227	SUV39H1	S291S;E292G	Silent;Missense	0.549789755
5228	SUV39H1	E292G;E293G	Missense;Missense	-1.197663184
5229	SUV39H1		No Mutation	0.27632856
5230	SUV39H1	Q299R;I300V	Missense;Missense	-0.133048695
5231	SUV39H1	Q299R;I300V	Missense;Missense	0.68228662
5232	SUV39H1	R303R	Silent	-0.852899807
5233	SUV39H1	Y308H	Missense	-0.713694829
5234	SUV39H1	T307A	Missense	-0.102659293
5235	SUV39H1	L312P	Missense	0.511302498
5236	SUV39H1	L312P	Missense	0.147948311
5237	SUV39H1		No Mutation	-0.396874013
5238	SUV39H1	D311G	Missense	-0.168287722
5239	SUV39H1	Y314H	Missense	-2.054901227
5240	SUV39H1		No Mutation	0.522123034
5241	SUV39H1	E316G	Missense	0.551227227
5242	SUV39H1	D322G	Missense	0.007696112
5243	SUV39H1	Y326H	Missense	0.264534732
5244	SUV39H1	I329T	Missense	-0.414845214
5245	SUV39H1	I329T;S330P	Missense;Missense	0.673292425
5246	SUV39H1		No Mutation	0.211999882
5247	SUV39H1		No Mutation	-0.400311663
5248	SUV39H1	S336S	Silent	0.796957842
5249	SUV39H1	S336S	Silent	-0.327764832
5250	SUV39H1	H335R;S336G	Missense;Missense	-0.49158692
5251	SUV39H1		No Mutation	0.00098607
5252	SUV39H1		No Mutation	-0.387649268
5253	SUV39H1		No Mutation	-0.233032446
5254	SUV39H1	(NC)	Intron	-0.464847579
5255	SUV39H1	(NC)	Intron	-0.224495133
5256	SUV39H1		No Mutation	-0.068529433
5257	SUV39H1		No Mutation	-0.100098035
5258	SUV39H1	L341P	Missense	-0.616123151
5259	SUV39H1	L341P	Missense	-0.505512485
5260	SUV39H1	Y344H	Missense	0.077925266
5261	SUV39H1	Y344H	Missense	-0.323577064
5262	SUV39H1		No Mutation	-0.529802841
5263	SUV39H1	V346A;F347L	Missense;Missense	-0.315577241
5264	SUV39H1	I348M;D349G	Missense;Missense	0.516480686
5265	SUV39H1		No Mutation	0.052071882
5266	SUV39H1	F361P	Missense	-0.100130138
5267	SUV39H1	F361S	Missense	-0.41135457
5268	SUV39H1	F361F	Silent	-0.376652719
5269	SUV39H1		No Mutation	-0.213388638
5270	SUV39H1	T363A	Missense	0.772610967
5271	SUV39H1	T363A;R364G	Missense;Missense	-0.167836514
5272	SUV39H1		No Mutation	-0.593144751
5273	SUV39H1	R364R;T365A;I366V	Silent;Missense;Missense	0.636121052
5274	SUV39H1		No Mutation	-0.070483995
5275	SUV39H1	L372P	Missense	-0.068384467
5276	SUV39H1	D375G	Missense	0.05933779
5277	SUV39H1	D375G;Y376C	Missense;Missense	-1.721474985
5278	SUV39H1	D375G;Y376C	Missense;Missense	-0.365098935
5279	SUV39H1	M378T	Missense	-0.416221839
5280	SUV39H1	Y376C;N377D	Missense;Missense	-0.357250455
5281	SUV39H1	Y376C;N377G	Missense;Missense	-1.333900146
5282	SUV39H1	N377G;M378V	Missense;Missense	-0.3339719
5283	SUV39H1	Q379R	Missense	-0.481279742
5284	SUV39H1	Q379R	Missense	-0.400596458
5285	SUV39H1		No Mutation	0.039762793
5286	SUV39H1		No Mutation	-0.779279945
5287	SUV39H1		No Mutation	-0.16175064
5288	SUV39H1		No Mutation	-0.210514741
5289	SUV39H1		No Mutation	0.273345909
5290	SUV39H1	(NC)	Intron	-0.058320348
5291	SUV39H1		No Mutation	0.868957407
5292	SUV39H1	V380A	Missense	0.866643023
5293	SUV39H1	(NC)	Intron	0.326932765
5294	SUV39H1	(NC)	Splice-acceptor	-0.828106823
5295	SUV39H1	V383A	Missense	-0.09627267
5296	SUV39H1		No Mutation	-0.488915787
5297	SUV39H1		No Mutation	-0.32158176
5298	SUV39H1		No Mutation	-0.002441645
5299	SUV39H1	M385V	Missense	-0.483589678
5300	SUV39H1	M390V	Missense	0.439465704
5301	SUV39H1	F394P	Missense	0.932976058
5302	SUV39H1	D391G	Missense	0.114484689
5303	SUV39H1	F394P	Missense	0.562137811
5304	SUV39H1	N393G	Missense	-0.587779446
5305	SUV39H1	N393G	Missense	-0.697993186
5306	SUV39H1	A397A	Silent	-0.280570664
5307	SUV39H1		No Mutation	0.33257188
5308	SUV39H1	P400P;S402P	Silent;Missense	-0.99977481
5309	SUV39H1		No Mutation	0.774235074
5310	SUV39H1		No Mutation	0.538122015
5311	SUV39H1		No Mutation	-0.011751738
5312	SUV39H1		No Mutation	-0.195345794
5313	SUV39H1	V407A;R408R	Missense;Silent	0.895813974
5314	SUV39H1	R408R	Silent	0.70815453
5315	SUV39H1	R408R;I409T	Silent;Missense	-0.056413685
5316	SUV39H1	I409V	Missense	-0.058112204
5317	SUV39H1	I409V	Missense	-0.349576969
5318	SUV39H1	C413R	Missense	0.019964129
5319	SUV39H1	L422P;F423P	Missense;Missense	-0.271151523
5320	SUV39H1	*424Q	Missense	-0.158802687
5321	SUV39H1		No Mutation	1.157242515
5322	SUV39H1	*424W	Missense	-0.900646861
5323	SUV39H1		No Mutation	0.021297992
5324	SUV39H1		No Mutation	0.469074635
5325	SUV39H2	(NC);(NC)	UTR;UTR	-1.313217227
5326	SUV39H2	(NC);(NC);(NC)	UTR;UTR;UTR	0.230602394
5327	SUV39H2	(NC);(NC);(NC)	UTR;UTR;UTR	0.392910313
5328	SUV39H2		No Mutation	-0.23920022
5329	SUV39H2	(NC);(NC);(NC)	UTR;UTR;UTR	0.101284491
5330	SUV39H2	(NC);(NC);(NC)	UTR;UTR;UTR	-0.301344916
5331	SUV39H2	(NC);(NC);M1V	UTR;UTR;Missense	-0.135390489
5332	SUV39H2		No Mutation	-0.174519646
5333	SUV39H2		No Mutation	-0.159160091
5334	SUV39H2		No Mutation	-0.357131397
5335	SUV39H2	E7G	Missense	0.005618721
5336	SUV39H2		No Mutation	-2.099785214
5337	SUV39H2	(NC)	Splice-donor	0.038363742
5338	SUV39H2	G10G	Silent	0.152943878
5339	SUV39H2	L20P	Missense	0.804040479
5340	SUV39H2	S19S	Silent	-0.231798539
5341	SUV39H2	D21D;T22T	Silent;Silent	-0.532499129
5342	SUV39H2	T33A	Missense	0.107698932
5343	SUV39H2	I37V	Missense	-0.06729401
5344	SUV39H2	N46N	Silent	-0.145154765
5345	SUV39H2	N43G	Missense	0.828746209
5346	SUV39H2	L44L;N45D	Silent;Missense	1.258273442
5347	SUV39H2	E50E;Y51C	Silent;Missense	0.600257147
5348	SUV39H2	D54G	Missense	0.310789771
5349	SUV39H2	Y55C;K56G	Missense;Missense	0.239265919
5350	SUV39H2	E62G;Y63C	Missense;Missense	-0.959761451
5351	SUV39H2	Y64C	Missense	-0.479573366
5352	SUV39H2	V66V	Silent	0.297319802
5353	SUV39H2	P72P;D73G	Silent;Missense	0.637984019
5354	SUV39H2	P72P;D73G	Silent;Missense	0.720062889
5355	SUV39H2	T77T;W78R	Silent;Missense	-0.809258471
5356	SUV39H2	F93L	Missense	-0.88828384
5357	SUV39H2	F93P	Missense	0.112414602
5358	SUV39H2	H98R;N99D	Missense;Missense	-0.76486021
5359	SUV39H2	L101L	Silent	-4.001535597
5360	SUV39H2	Y126H;I127T	Missense;Missense	-0.218352958
5361	SUV39H2	I127T;V128A	Missense;Missense	0.284270436
5362	SUV39H2	E125G	Missense	-0.298535109
5363	SUV39H2	K129G	Missense	0.156552187
5364	SUV39H2	I135V	Missense	-0.770062607
5365	SUV39H2	R146G;R147G	Missense;Missense	-0.212805855
5366	SUV39H2	E157E;N158G;T159A	Silent;Missense;Missense	0.082593621
5367	SUV39H2	N158G;T159A	Missense;Missense	-0.299674731
5368	SUV39H2	Y170H;Y171H	Missense;Missense	-0.096359524
5369	SUV39H2	Y170H;Y171H	Missense;Missense	-0.309712683
5370	SUV39H2	Y171H;I172T	Missense;Missense	1.043297325
5371	SUV39H2	E174G;Y175C	Missense;Missense	0.051066997
5372	SUV39H2	L183P	Missense	0.018963392
5373	SUV39H2	V184A	Missense	-0.21363636
5374	SUV39H2	N185G	Missense	-0.090613467
5375	SUV39H2		No Mutation	0.061245385
5376	SUV39H2		No Mutation	-0.221266478
5377	SUV39H2	E205G	Missense	-1.053837521
5378	SUV39H2	V208A;L209P	Missense;Missense	0.90397163
5379	SUV39H2	Q217R;I218V	Missense;Missense	-1.007399276
5380	SUV39H2	I226T;Y227H	Missense;Missense	-0.887444682
5381	SUV39H2	I226T;Y227H	Missense;Missense	0.415385252
5382	SUV39H2	Y227H	Missense	1.416323165
5383	SUV39H2	Y227C	Missense	0.063227182
5384	SUV39H2	S231P	Missense	-0.235134316
5385	SUV39H2	S231P	Missense	-0.570931494
5386	SUV39H2	N230G	Missense	-0.940695371
5387	SUV39H2		No Mutation	-1.076326353
5388	SUV39H2	I243T	Missense	-0.473979491
5389	SUV39H2	N241G;R242G	Missense;Missense	0.82239919
5390	SUV39H2	I254V	Missense	0.327857734
5391	SUV39H2	R256R;T257A	Silent;Missense	-1.309088872
5392	SUV39H2	S258G	Missense	1.419654817
5393	SUV39H2	S258G;N259D	Missense;Missense	-1.036888785
5394	SUV39H2	S258G;N259G	Missense;Missense	-0.87213525
5395	SUV39H2	M278V	Missense	0.447915007
5396	SUV39H2	E288G;E289G	Missense;Missense	-1.096747799
5397	SUV39H2	G294G;Q295R	Silent;Missense	0.775947645
5398	SUV39H2	Q295R	Missense	1.037936614
5399	SUV39H2	T303A	Missense	0.20434009
5400	SUV39H2		No Mutation	0.80016283
5401	SUV39H2	E314G	Missense	-0.027119138
5402	SUV39H2	D318G	Missense	0.528566858
5403	SUV39H2		No Mutation	-0.870592708
5404	SUV39H2		No Mutation	0.554365142
5405	SUV39H2	F340P	Missense	-1.858824613
5406	SUV39H2	F340P	Missense	0.171613411
5407	SUV39H2	L351L	Silent	-0.09492623
5408	SUV39H2	F357P;S358P	Missense;Missense	-0.123698326
5409	SUV39H2	F357S;S358P	Missense;Missense	-0.631543553
5410	SUV39H2	F357F;S358P	Silent;Missense	0.304750131
5411	SUV39H2	T359A;R360G	Missense;Missense	1.157907989
5412	SUV39H2	N363N;A364A	Silent;Silent	-0.84861384
5413	SUV39H2		No Mutation	0.467668824
5414	SUV39H2	H387R;S388G	Missense;Missense	-0.188111879
5415	SUV39H2	S388G	Missense	0.254554883
5416	SUV39H2	R395G;T396A	Missense;Missense	-0.470883728
5417	SUV39H2	G401G	Silent	-0.432405582
5418	SUV39H2	(NC);(NC)	UTR;UTR	0.296837886
5419	PTPN2	(NC);(NC);(NC);(NC)	UTR;UTR;UTR;UTR	0.026099658
5420	PTPN2	(NC);(NC);(NC);(NC)	UTR;UTR;UTR;UTR	-1.10820144
5421	PTPN2	M395V	Missense	-0.335361175
5422	PTPN2	M392T	Missense	-0.075086823
5423	PTPN2	I388V	Missense	1.082513485
5424	PTPN2	I388V	Missense	1.127777609
5425	PTPN2	Q386Q;I388V	Silent;Missense	-0.315241475
5426	PTPN2	R379R;K380G	Silent;Missense	-1.037400992
5427	PTPN2	E376G;R377R	Missense;Silent	-0.716275266
5428	PTPN2	N375S;E376G	Missense;Missense	-0.703819949
5429	PTPN2	Q366R	Missense	0.40423474
5430	PTPN2	V365A	Missense	-0.202028885
5431	PTPN2	V365A	Missense	0.409718943
5432	PTPN2	T360A	Missense	-0.292391688
5433	PTPN2	I353V	Missense	0.247358287
5434	PTPN2	L349L;K351E	Silent;Missense	0.293014365
5435	PTPN2		No Mutation	0.062914713
5436	PTPN2		No Mutation	-0.479764121
5437	PTPN2	(NC);(NC)	Intron;Intron	1.081388569
5438	PTPN2	E342G	Missense	0.272333842
5439	PTPN2	K336K;M337V	Silent;Missense	0.147487449
5440	PTPN2	K336G;M337V	Missense;Missense	-0.011126714
5441	PTPN2	L333L;S334P;S335P	Silent;Missense;Missense	0.111016175
5442	PTPN2	T326A	Missense	0.555570874
5443	PTPN2	E321G;E322G	Missense;Missense	3.097624149
5444	PTPN2	Y313C;N314G	Missense;Missense	0.194802996
5445	PTPN2	T310A	Missense	-0.055460765
5446	PTPN2	M309V;T310A	Missense;Missense	0.782926572
5447	PTPN2		No Mutation	0.291144478
5448	PTPN2	S304P	Missense	-0.632463911
5449	PTPN2	R288R;K290E	Silent;Missense	-0.385699075
5450	PTPN2		No Mutation	0.227844711
5451	PTPN2	W289R	Missense	-1.15739203
5452	PTPN2	W289R	Missense	-0.133485482
5453	PTPN2		No Mutation	0.757216332
5454	PTPN2	I285M;Q286R	Missense;Missense	0.83571821
5455	PTPN2	G281G	Silent	-0.648305816
5456	PTPN2	G275G	Silent	0.217795325
5457	PTPN2	E274E;G275G	Silent;Silent	0.134335678
5458	PTPN2	Y269C;M270V	Missense;Missense	-2.098951725
5459	PTPN2	Q264Q;R266G	Silent;Missense	0.755582386
5460	PTPN2	F267P;S268P	Missense;Missense	0.42440481
5461	PTPN2	F267P;S268P	Missense;Missense	0.954011136
5462	PTPN2	F267P	Missense	0.729090904
5463	PTPN2	I259I	Silent	-0.162465419
5464	PTPN2	M251V;R252G	Missense;Missense	-1.022991864
5465	PTPN2	M251V;R252G	Missense;Missense	0.743327531
5466	PTPN2		No Mutation	0.625507509
5467	PTPN2	V229V;D230G;T231A	Silent;Missense;Missense	0.98404848
5468	PTPN2	T231T	Silent	1.042783591
5469	PTPN2		No Mutation	-0.352932872
5470	PTPN2	A218A	Silent	-1.079139246
5471	PTPN2	I220T	Missense	-0.887799608
5472	PTPN2	H215R	Missense	-0.234637289
5473	PTPN2	H215R	Missense	0.490546793
5474	PTPN2	I214V	Missense	-0.021750202
5475	PTPN2	C216R	Missense	-0.397120476
5476	PTPN2	I214T	Missense	-1.285101702
5477	PTPN2	V213A	Missense	0.145386029
5478	PTPN2	P211P	Silent	-0.17472768
5479	PTPN2		No Mutation	0.204909965
5480	PTPN2	H209H	Silent	-0.08019128
5481	PTPN2		No Mutation	-0.50622858
5482	PTPN2		No Mutation	-0.422287814
5483	PTPN2	K198G	Missense	-0.47029181
5484	PTPN2	N194N;F195P	Silent;Missense	0.955094831
5485	PTPN2	S191P;F192P	Missense;Missense	0.43713219
5486	PTPN2	A190A;S191P;F192L	Silent;Missense;Missense	-0.194795724
5487	PTPN2	P186P	Silent	0.070420135
5488	PTPN2	V185A	Missense	-0.139525269
5489	PTPN2	T178A;T179A	Missense;Missense	0.932669166
5490	PTPN2	H174R	Missense	0.489362991
5491	PTPN2	F175P	Missense	-0.203388384
5492	PTPN2	(NC);(NC);(NC)	Intron;Intron;Intron	0.836047837
5493	PTPN2	(NC);(NC);(NC);(NC)	Intron;Intron;Intron;Intron	-1.20166043
5494	PTPN2	M134V	Missense	-0.536638704
5495	PTPN2	F136F	Silent	-0.115705748
5496	PTPN2	M134T	Missense	0.452493833
5497	PTPN2	K122G	Missense	-1.610832769
5498	PTPN2	(NC);(NC)	Intron;Intron	0.965807034
5499	PTPN2	S120P	Missense	0.161137739
5500	PTPN2	I115V	Missense	0.53077526
5501	PTPN2	M111V	Missense	-1.273344743
5502	PTPN2	M111T;L112P	Missense;Missense	-0.277996089
5503	PTPN2	V101A;W102R	Missense;Missense	-0.61999751
5504	PTPN2	H96R	Missense	0.139962446
5505	PTPN2		No Mutation	-0.18868589
5506	PTPN2	H96H;F97P	Silent;Missense	-0.540029345
5507	PTPN2	N92S;T93A	Missense;Missense	-0.639495249
5508	PTPN2	C94R;C95R	Missense;Missense	0.183657206
5509	PTPN2	G88G	Silent	-0.630028053
5510	PTPN2		No Mutation	0.243178182
5511	PTPN2	S82G	Missense	-0.265236245
5512	PTPN2	D75G;I76V	Missense;Missense	-1.416696636
5513	PTPN2	I76T	Missense	-1.461737074
5514	PTPN2	L73L	Silent	-0.199966352
5515	PTPN2	(NC);(NC)	Intron;Intron	0.062649318
5516	PTPN2	(NC)	Intron	-0.794775978
5517	PTPN2	P53P	Silent	-0.174475887
5518	PTPN2	P53P	Silent	-0.609990932
5519	PTPN2	F39P	Missense	-1.068106348
5520	PTPN2	H34H	Silent	-0.710260635
5521	PTPN2	H34H	Silent	-0.183590936
5522	PTPN2	D31G	Missense	-1.235589055
5523	PTPN2	(NC)	Intron	1.031255744
5524	PTPN2	(NC)	Intron	0.300985453
5525	PTPN2	Y22C	Missense	0.334464059
5526	PTPN2		No Mutation	0.283016131
5527	PTPN2	D13G	Missense	0.018611181
5528	PTPN2		No Mutation	0.47469456
5529	PTPN2	F9S	Missense	-0.128622331
5530	PTPN2	F9P	Missense	-0.761808545
5531	PTPN2		No Mutation	0.827202069
5532	PTPN2		No Mutation	1.034080755
5533	PTPN2	I5T	Missense	0.661883456
5534	PTPN2	T3A	Missense	-0.517110452
5535	PTPN2		No Mutation	-0.235247215
5536	PTPN2		No Mutation	-0.246259249
5537	PTPN2		No Mutation	0.006814982
5538	PTPN2		No Mutation	-0.439653491
