ID	Gene	Mutation_list	Mutation_type	sgRNA_score
0	SETDB1	(NC);M1V	UTR;Missense	0.3849378102048206
1	SETDB1	M1V	Missense	-0.405406737
2	SETDB1		No Mutation	0.7201694403330111
3	SETDB1		No Mutation	0.7651435254438598
4	SETDB1	I8T;G9G	Missense;Silent	-0.363753471
5	SETDB1	I8I;G9G;L10L	Silent;Silent;Silent	0.6716474332059414
6	SETDB1	L10P	Missense	0.4964899130553433
7	SETDB1	A12A	Silent	0.231549697
8	SETDB1	I22V	Missense	0.6941345010965546
9	SETDB1	A23A;E24G	Silent;Missense	0.2151377122258151
10	SETDB1	Q26R	Missense	-0.80843588
11	SETDB1	A28A	Silent	0.3418536860349354
12	SETDB1	A28A	Silent	0.1068649256037845
13	SETDB1	E32G	Missense	0.7630115714041341
14	SETDB1	E32E	Silent	-0.385716044
15	SETDB1		No Mutation	0.006224095
16	SETDB1		No Mutation	-0.513370451
17	SETDB1	I44V	Missense	0.998921908752764
18	SETDB1	E46G	Missense	0.4761911821550021
19	SETDB1	L61L;A62A	Silent;Silent	-0.315122139
20	SETDB1	L61L;A62A	Silent;Silent	0.6765650421011966
21	SETDB1	V68V;I69V	Silent;Missense	0.1465850818981519
22	SETDB1	I69M;Q70R;K71E	Missense;Missense;Missense	0.2905072775217483
23	SETDB1		No Mutation	0.2334080036285446
24	SETDB1	D84D;S86P	Silent;Missense	-0.535678002
25	SETDB1	R87G	Missense	-0.400793121
26	SETDB1	(NC)	Intron	0.6876840891550167
27	SETDB1	(NC)	Intron	-1.518687317
28	SETDB1	(NC)	Intron	0.4747277661811162
29	SETDB1	V89A;T90T	Missense;Silent	-0.694048504
30	SETDB1	T90A;N91D	Missense;Missense	-1.070821532
31	SETDB1		No Mutation	-0.616437448
32	SETDB1	D98G	Missense	-0.215640957
33	SETDB1	D98G	Missense	-0.664845282
34	SETDB1	K102R	Missense	-0.048508355
35	SETDB1		No Mutation	0.1602074551610868
36	SETDB1	Y107H	Missense	-0.700464241
37	SETDB1		No Mutation	0.095764121
38	SETDB1	S112S	Silent	1.0708952451564815
39	SETDB1	E113G	Missense	-0.076063674
40	SETDB1	I122T;I123T	Missense;Missense	-0.958903833
41	SETDB1	I125T	Missense	-0.519368766
42	SETDB1	D131D;V132A	Silent;Missense	0.213849485046607
43	SETDB1		No Mutation	0.9908262286699058
44	SETDB1	S134G;I135V	Missense;Missense	0.611396912
45	SETDB1	S134G;I135V	Missense;Missense	0.035228344
46	SETDB1	(NC)	Splice-donor	-0.904868119
47	SETDB1	S137S;(NC)	Silent;Intron	-0.808349031
48	SETDB1	(NC);(NC)	Intron;Intron	-1.219462025
49	SETDB1	(NC)	Intron	-0.162476503
50	SETDB1		No Mutation	0.395896637
51	SETDB1		No Mutation	0.2061602172973092
52	SETDB1	R143R;T144A	Silent;Missense	-0.250366715
53	SETDB1	K146K;D147G	Silent;Missense	0.333877788
54	SETDB1	(NC)	Splice-donor	-0.116983996
55	SETDB1	Q148R;K149G	Missense;Missense	0.078008207
56	SETDB1	(NC);(NC)	Intron;Intron	-0.460854174
57	SETDB1	(NC)	Intron	0.6193843586332498
58	SETDB1	(NC);(NC)	Intron;Intron	-0.33750773
59	SETDB1	(NC)	Intron	-0.056932753
60	SETDB1	(NC)	Intron	0.3143547449032109
61	SETDB1	(NC)	Intron	-0.047046615
62	SETDB1	L150P;R151R	Missense;Silent	-0.104605064
63	SETDB1	R151R	Silent	-0.718181677
64	SETDB1	R151R	Silent	0.078577141
65	SETDB1	(NC);(NC)	Intron;Splice-acceptor	0.2805391636009156
66	SETDB1	A155A;L157L	Silent;Silent	-0.266219887
67	SETDB1	A161A	Silent	-0.162635072
68	SETDB1	Q162Q;D163G	Silent;Missense	0.161538034067284
69	SETDB1	K173G;K174E	Missense;Missense	-0.215825671
70	SETDB1	Q178R	Missense	-1.019283533
71	SETDB1	D179G	Missense	-0.160086302
72	SETDB1	D179G	Missense	-0.116296471
73	SETDB1	(NC)	Splice-donor	0.428604664422185
74	SETDB1	(NC);(NC)	Splice-donor;Intron	-0.368794924
75	SETDB1	(NC)	Intron	0.3977663194011166
76	SETDB1	(NC)	Intron	0.7244572758330642
77	SETDB1	(NC);(NC)	Intron;Intron	-0.079016742
78	SETDB1	T184A	Missense	-0.337093016
79	SETDB1	S189S	Silent	-0.832690454
80	SETDB1	G190G;E191G	Silent;Missense	0.0416009772445982
81	SETDB1	I199M;S201G	Missense;Missense	0.2607076051032115
82	SETDB1		No Mutation	-0.286990087
83	SETDB1	S201G	Missense	-0.028613339
84	SETDB1	K207R;K208G	Missense;Missense	-0.187379321
85	SETDB1	T210A;K211G	Missense;Missense	0.3432827655111508
86	SETDB1	I219V	Missense	0.1112819669831285
87	SETDB1		No Mutation	-0.459457256
88	SETDB1		No Mutation	-0.600759041
89	SETDB1	(NC);(NC)	Splice-donor;Intron	0.1767170337952566
90	SETDB1	(NC)	Intron	0.7906796722708349
91	SETDB1		No Mutation	-0.412756399
92	SETDB1	(NC)	Intron	0.214623314761035
93	SETDB1		No Mutation	0.1602442784492139
94	SETDB1		No Mutation	-0.750983002
95	SETDB1	P226P	Silent	-0.209510815
96	SETDB1	V232A	Missense	-1.066253619
97	SETDB1	K233G	Missense	-0.177474459
98	SETDB1	K237K;G238G;K239E	Silent;Silent;Missense	-0.666139728
99	SETDB1	G238G;K239G	Silent;Missense	0.1985282743499659
100	SETDB1	G238G;K239G	Silent;Missense	-0.327132729
101	SETDB1	D250D;Y251H	Silent;Missense	-0.272596271
102	SETDB1	P253P;P254P	Silent;Silent	-0.039257598
103	SETDB1		No Mutation	-0.180540173
104	SETDB1		No Mutation	-0.220316924
105	SETDB1	L258P;Y259H	Missense;Missense	0.7105508860984248
106	SETDB1	D256G	Missense	-0.408228715
107	SETDB1	L258P;Y259H	Missense;Missense	-0.929506764
108	SETDB1	Y259H;V260A	Missense;Missense	-0.205427669
109	SETDB1	K257R	Missense	-0.305380617
110	SETDB1		No Mutation	-0.362971679
111	SETDB1	Y259C	Missense	0.076523697
112	SETDB1		No Mutation	1.323821528064531
113	SETDB1		No Mutation	-0.505819021
114	SETDB1	K267K;Y268C;K269E	Silent;Missense;Missense	0.032605195
115	SETDB1	N272N	Silent	0.2968684272162
116	SETDB1	K269R;D270G	Missense;Missense	-1.787218763
117	SETDB1	Q273R	Missense	1.0794691378031445
118	SETDB1	N286S	Missense	1.4774269579608947
119	SETDB1	K288K;N289G;K290E	Silent;Missense;Missense	-0.887076921
120	SETDB1	R292G	Missense	-0.548610384
121	SETDB1	(NC)	Intron	-0.570653752
122	SETDB1	(NC);(NC)	Intron;Intron	-0.550756082
123	SETDB1		No Mutation	0.021782762
124	SETDB1		No Mutation	-0.118608362
125	SETDB1	E309G	Missense	0.8814485387555793
126	SETDB1	(NC)	Splice-donor	-1.515364641
127	SETDB1	(NC)	Splice-donor	0.3056562721873328
128	SETDB1	(NC);(NC);(NC);(NC)	Intron;Intron;Intron;Intron	-0.429241249
129	SETDB1	(NC);(NC)	Intron;Intron	-0.713701623
130	SETDB1	(NC);(NC);(NC);(NC)	Intron;Intron;Intron;Splice-acceptor	0.2795034616929669
131	SETDB1	(NC);(NC);(NC)	Intron;Intron;Splice-acceptor	0.4076416495630867
132	SETDB1	(NC);K318E	Splice-acceptor;Missense	-0.740883776
133	SETDB1		No Mutation	0.7351948045961485
134	SETDB1	I333T	Missense	-0.214813223
135	SETDB1	Y336H	Missense	-0.068614761
136	SETDB1	Y340C	Missense	0.4939192574944604
137	SETDB1	M345T	Missense	0.4805291576252211
138	SETDB1	V346A	Missense	0.3457604877674924
139	SETDB1	V346A;L347P	Missense;Missense	1.0119875892926535
140	SETDB1	V346A;L347P	Missense;Missense	0.4135363761937379
141	SETDB1	L348P	Missense	0.1604653866418406
142	SETDB1	M345V	Missense	0.034428247
143	SETDB1		No Mutation	0.6650740259478423
144	SETDB1		No Mutation	-0.297838147
145	SETDB1	S350S	Silent	-0.909133668
146	SETDB1	Q352R	Missense	-0.585752822
147	SETDB1	I354V	Missense	0.235313272459982
148	SETDB1	T356T;W358R	Silent;Missense	0.1924265396644244
149	SETDB1	I354V;K355G	Missense;Missense	-0.875176529
150	SETDB1	E357G	Missense	-0.257598327
151	SETDB1	E357G	Missense	-0.662976918
152	SETDB1	K364E	Missense	-0.241091239
153	SETDB1	K364G	Missense	0.064858114
154	SETDB1		No Mutation	-0.54739415
155	SETDB1	R366R	Silent	0.2034585605539291
156	SETDB1	V370A;D371D	Missense;Silent	0.3241162852067633
157	SETDB1	D371D	Silent	-0.366090372
158	SETDB1	D371G	Missense	-1.082848742
159	SETDB1	L374L;R376G	Silent;Missense	-0.669156301
160	SETDB1	F379P	Missense	-1.182315106
161	SETDB1	(NC);(NC);(NC)	Intron;Intron;Intron	-0.795796665
162	SETDB1	(NC);(NC)	Intron;Intron	0.2158915882810496
163	SETDB1		No Mutation	-0.518473978
164	SETDB1	D381G;D382G	Missense;Missense	-0.087830732
165	SETDB1	E386G	Missense	1.0705250416988488
166	SETDB1	Y389C	Missense	-1.403612699
167	SETDB1	R390R	Silent	-0.618750723
168	SETDB1	T403T	Silent	0.9809595450798886
169	SETDB1	L409P	Missense	-0.276685779
170	SETDB1	A408A	Silent	-0.474506099
171	SETDB1		No Mutation	0.7226798691151907
172	SETDB1	K411R;K412G	Missense;Missense	0.2108361855071089
173	SETDB1	R417G;T418A	Missense;Missense	-0.351190595
174	SETDB1	R417G;T418A	Missense;Missense	0.3804474272891583
175	SETDB1	(NC);(NC)	Intron;Intron	-0.295224184
176	SETDB1	(NC)	Intron	-0.764900502
177	SETDB1		No Mutation	0.5191355977571708
178	SETDB1	G423G;A424A	Silent;Silent	0.4488962625318544
179	SETDB1		No Mutation	-0.226837669
180	SETDB1		No Mutation	0.9725411810284366
181	SETDB1		No Mutation	-0.89265128
182	SETDB1		No Mutation	-1.316122145
183	SETDB1		No Mutation	0.9100052618790986
184	SETDB1	Y434C;T435A	Missense;Missense	-1.132206545
185	SETDB1	D437D;L438P	Silent;Missense	0.2781940218596646
186	SETDB1	Q436R;D437G	Missense;Missense	0.3297864550833398
187	SETDB1	F445P	Missense	-0.130147138
188	SETDB1	G442G;T443A	Silent;Missense	-0.501396316
189	SETDB1	V448A	Missense	-0.231075009
190	SETDB1		No Mutation	0.020084171
191	SETDB1		No Mutation	0.438092542946303
192	SETDB1	A455A	Silent	1.2761216660283086
193	SETDB1	A455A	Silent	-0.466621669
194	SETDB1	A455A	Silent	-0.889995329
195	SETDB1		No Mutation	-0.54019598
196	SETDB1		No Mutation	-0.062253121
197	SETDB1	F461P	Missense	-0.639753739
198	SETDB1		No Mutation	0.1271137331531616
199	SETDB1	P463P;A464A	Silent;Silent	-0.243738677
200	SETDB1	P463P;A464A	Silent;Silent	0.2017716743296467
201	SETDB1	A464A	Silent	0.1644204227646456
202	SETDB1		No Mutation	-0.574940267
203	SETDB1	P466P;L467P;S468P	Silent;Missense;Missense	-0.53520016
204	SETDB1	L467P;S468P	Missense;Missense	-1.004177059
205	SETDB1	S468P	Missense	-0.280169279
206	SETDB1		No Mutation	0.4920356171239378
207	SETDB1		No Mutation	0.5227147730163452
208	SETDB1		No Mutation	0.5655683765362337
209	SETDB1	S474S	Silent	0.2970298711898672
210	SETDB1	S474S	Silent	0.2785424562953424
211	SETDB1	S474S	Silent	-0.380379626
212	SETDB1	S474S	Silent	0.5378665075156983
213	SETDB1	S474S;(NC)	Silent;Splice-donor	-1.275867412
214	SETDB1	(NC);(NC)	Intron;Intron	0.2152999645462635
215	SETDB1	(NC)	Intron	-0.128349036
216	SETDB1		No Mutation	-0.472993575
217	SETDB1	Q479R	Missense	0.1463955102639768
218	SETDB1		No Mutation	0.7721774118258775
219	SETDB1		No Mutation	0.139969783
220	SETDB1	V487A	Missense	-0.875523134
221	SETDB1	V487A	Missense	-0.220226813
222	SETDB1	S491G;T492A	Missense;Missense	-0.794746212
223	SETDB1		No Mutation	0.057916059
224	SETDB1		No Mutation	0.6630103063423736
225	SETDB1	S498S;V499A	Silent;Missense	0.171384973438807
226	SETDB1	P496P	Silent	0.1390830329207517
227	SETDB1	S501P	Missense	-0.60555265
228	SETDB1	P509P	Silent	-0.227514886
229	SETDB1	L511P	Missense	-0.061464773
230	SETDB1	L511P	Missense	-0.027000428
231	SETDB1	L511P	Missense	-0.318991417
232	SETDB1	S512G	Missense	-0.895707188
233	SETDB1	S512G;E513G	Missense;Missense	0.034014604
234	SETDB1	E513G	Missense	0.5877699802328078
235	SETDB1		No Mutation	-0.98132098
236	SETDB1		No Mutation	0.3781772078037579
237	SETDB1	I522V	Missense	0.2536199710070189
238	SETDB1	Y526H	Missense	0.3525278263352806
239	SETDB1	Y526C;R527G	Missense;Missense	-0.243565496
240	SETDB1	(NC)	Intron	-0.396166018
241	SETDB1	S535P	Missense	0.1890214612102481
242	SETDB1		No Mutation	-0.482679339
243	SETDB1	S540P	Missense	0.3823647409994021
244	SETDB1	P537P;A538A	Silent;Silent	0.6330592897678309
245	SETDB1	L542P	Missense	0.4611962509242964
246	SETDB1	L542P	Missense	-0.167564016
247	SETDB1	L542P	Missense	-0.833488547
248	SETDB1		No Mutation	-0.220054809
249	SETDB1	P545P	Silent	0.715834751
250	SETDB1		No Mutation	0.3458519272272854
251	SETDB1		No Mutation	-0.81933704
252	SETDB1	V550A	Missense	0.905346938
253	SETDB1	V550A;F551L	Missense;Missense	0.2522804416412334
254	SETDB1	A547A	Silent	0.1034212754782133
255	SETDB1	V550A;F551P	Missense;Missense	-0.597669969
256	SETDB1	F551P	Missense	0.1575385136142186
257	SETDB1	P549P	Silent	0.098162013
258	SETDB1	M554T	Missense	1.032371197918149
259	SETDB1	M554T	Missense	0.234620091
260	SETDB1	M554T	Missense	0.2368033661705986
261	SETDB1	M554T;L555P	Missense;Missense	-0.016745896
262	SETDB1	H552R	Missense	-0.617719378
263	SETDB1	H552R	Missense	-0.261518049
264	SETDB1		No Mutation	-0.9455615
265	SETDB1	Y564H	Missense	-0.612519489
266	SETDB1	Y564H	Missense	0.034886659
267	SETDB1	Y564H	Missense	-0.178782948
268	SETDB1		No Mutation	-0.596743475
269	SETDB1	M568T	Missense	0.02880325
270	SETDB1	M568T	Missense	0.2996005018656207
271	SETDB1	M568T	Missense	0.1450361385603064
272	SETDB1		No Mutation	0.240287927
273	SETDB1	F572P;Y573H	Missense;Missense	0.83934035
274	SETDB1	F572S;Y573H	Missense;Missense	0.7325592664492074
275	SETDB1	Y580H	Missense	0.3488003817306274
276	SETDB1	V586A	Missense	0.1496538180764488
277	SETDB1	R585R	Silent	-0.404857998
278	SETDB1	R590G	Missense	-1.066114147
279	SETDB1	R590G;N591D	Missense;Missense	0.086877795
280	SETDB1	R590G;N591G	Missense;Missense	-0.621670668
281	SETDB1	Y594H	Missense	0.1321251973920213
282	SETDB1	K597E	Missense	0.035020413
283	SETDB1	P599P;L600P	Silent;Missense	-1.027595802
284	SETDB1	L604P	Missense	0.4606631972019694
285	SETDB1	L604P;L605P	Missense;Missense	-0.565972014
286	SETDB1	L604L	Silent	0.2531106482973184
287	SETDB1	L604L;L605L	Silent;Silent	0.1655055941790832
288	SETDB1	F608P	Missense	-0.36252483
289	SETDB1	F608P	Missense	1.096993737548316
290	SETDB1		No Mutation	0.1246643914687608
291	SETDB1		No Mutation	0.1836981149779735
292	SETDB1		No Mutation	-0.436399893
293	SETDB1	R616R	Silent	0.2690000646950494
294	SETDB1		No Mutation	0.041327761
295	SETDB1	R616R	Silent	-0.022772089
296	SETDB1	F623F;H624H	Silent;Silent	0.1658720644274067
297	SETDB1	I626V;Y627C	Missense;Missense	0.1078743438352853
298	SETDB1		No Mutation	-0.206274349
299	SETDB1	L635P	Missense	0.097669334
300	SETDB1		No Mutation	-0.691682612
301	SETDB1	C650R	Missense	-0.673454911
302	SETDB1		No Mutation	0.5438144400343794
303	SETDB1		No Mutation	0.4986328219376404
304	SETDB1	F658P;C659R	Missense;Missense	-1.041324924
305	SETDB1	C659C;L660P	Silent;Missense	0.5144495191706149
306	SETDB1	D661G	Missense	-0.783789706
307	SETDB1		No Mutation	0.964649854
308	SETDB1	Y673H	Missense	0.7213432493278069
309	SETDB1	Y677H;Y678H	Missense;Missense	0.2385724899029808
310	SETDB1	Y678H	Missense	1.3808258478660338
311	SETDB1	L680P	Missense	-0.482756502
312	SETDB1	D681G;I682V	Missense;Missense	0.037278408
313	SETDB1	N695N	Silent	-0.177447462
314	SETDB1	N695N	Silent	-0.308685148
315	SETDB1	N695N	Silent	0.977172619152498
316	SETDB1	I697T	Missense	-0.854556164
317	SETDB1	T699A;T700A	Missense;Missense	-0.35440216
318	SETDB1	T699T;T700A	Silent;Missense	-0.70093153
319	SETDB1	V705A	Missense	-0.509489417
320	SETDB1	Y707H	Missense	-0.965324405
321	SETDB1	Y707H	Missense	-0.427716662
322	SETDB1	Q704R	Missense	0.003961476
323	SETDB1	Y707H	Missense	-0.380487512
324	SETDB1		No Mutation	0.1292603368911146
325	SETDB1		No Mutation	-1.024964225
326	SETDB1		No Mutation	-0.788019095
327	SETDB1	S708G;K709E	Missense;Missense	-0.019799914
328	SETDB1	S708G;K709G	Missense;Missense	0.3899332350665574
329	SETDB1	R711R;I712T	Silent;Missense	0.1320242559817913
330	SETDB1	E710G	Missense	-0.11045002
331	SETDB1	E710G	Missense	-0.062051632
332	SETDB1	V717V;F718P	Silent;Missense	-0.084760484
333	SETDB1	F718P;I719T	Missense;Missense	-0.701165457
334	SETDB1	T721A	Missense	-0.434847395
335	SETDB1		No Mutation	0.3081127398942055
336	SETDB1	V727V;C729R	Silent;Missense	-1.123520662
337	SETDB1	C729R	Missense	-0.65129858
338	SETDB1		No Mutation	0.5838990433225668
339	SETDB1		No Mutation	0.3747496817007943
340	SETDB1		No Mutation	-1.092509939
341	SETDB1	D730G	Missense	-0.243818176
342	SETDB1	K732E	Missense	-0.3133962
343	SETDB1		No Mutation	0.6056222477525499
344	SETDB1	D737G	Missense	0.9366897162484372
345	SETDB1	D737G	Missense	-0.925535326
346	SETDB1	D737G;K738E	Missense;Missense	-0.252433081
347	SETDB1	D737G;K738G	Missense;Missense	0.0230046893745292
348	SETDB1	D737G;K738G	Missense;Missense	-0.639541845
349	SETDB1	(NC)	Intron	-0.316530704
350	SETDB1	(NC);(NC)	Intron;Intron	0.3748391309487506
351	SETDB1	S739P	Missense	0.1512737611896547
352	SETDB1	S739P	Missense	-0.266183656
353	SETDB1	H744H	Silent	0.2734851404092173
354	SETDB1	H744R	Missense	0.3144291727765548
355	SETDB1	T747T;I748T	Silent;Missense	0.1928238641267321
356	SETDB1		No Mutation	-0.406801886
357	SETDB1	T751A	Missense	0.086779211
358	SETDB1	C753C	Silent	-0.074425205
359	SETDB1	T751A	Missense	-0.102717977
360	SETDB1		No Mutation	-0.078642929
361	SETDB1	I759T	Missense	-0.07299672
362	SETDB1		No Mutation	0.2817066627543365
363	SETDB1		No Mutation	-0.665488058
364	SETDB1	Q758R;I759V	Missense;Missense	0.8538147994490194
365	SETDB1	S763P	Missense	0.335969682038678
366	SETDB1	Y767H	Missense	0.4713483806112852
367	SETDB1	Y767H	Missense	-0.542147853
368	SETDB1		No Mutation	0.7689799326937671
369	SETDB1	E771G;E772G	Missense;Missense	-0.616593484
370	SETDB1	E771G;E772G	Missense;Missense	0.064977617
371	SETDB1	L774L	Silent	0.6551565719622403
372	SETDB1	T776A	Missense	-0.212743514
373	SETDB1	(NC)	Intron	-0.523579088
374	SETDB1	(NC);(NC)	Intron;Intron	-1.213743574
375	SETDB1	(NC)	Intron	0.238501896575121
376	SETDB1	(NC)	Intron	-0.535244171
377	SETDB1	Y779H	Missense	0.1902278829012671
378	SETDB1	C781R	Missense	-0.97109687
379	SETDB1	C781R	Missense	-0.662909733
380	SETDB1	C781C	Silent	0.1597255283624217
381	SETDB1	P789P;N790G	Silent;Missense	0.3549343513397069
382	SETDB1	M791V	Missense	-0.170505504
383	SETDB1		No Mutation	-0.060010108
384	SETDB1		No Mutation	-0.477214855
385	SETDB1	N794G	Missense	-0.741499168
386	SETDB1	H799H	Silent	-0.515153928
387	SETDB1	Q798R;H799R	Missense;Missense	-0.783275408
388	SETDB1	L807L;K809E	Silent;Missense	0.4910120435989697
389	SETDB1	K809G	Missense	-0.208067537
390	SETDB1	K809R;T810A	Missense;Missense	-1.153650008
391	SETDB1	T810A	Missense	0.2020913350521068
392	SETDB1	T810A;Q811R	Missense;Missense	0.8641224491845862
393	SETDB1		No Mutation	0.1346597041582025
394	SETDB1	I823T	Missense	-0.217179824
395	SETDB1	D821G	Missense	0.001880444
396	SETDB1	V829A;C830R	Missense;Missense	-0.173836665
397	SETDB1		No Mutation	0.3626977029895645
398	SETDB1		No Mutation	-1.086817301
399	SETDB1		No Mutation	0.2978881457008182
400	SETDB1	(NC);(NC)	Intron;Intron	-0.282790886
401	SETDB1	(NC);(NC);(NC)	Intron;Intron;Intron	-0.560563039
402	SETDB1	T838T;D839G	Silent;Missense	-0.217032509
403	SETDB1	F841F	Silent	0.2161704694288083
404	SETDB1	D840G	Missense	-0.493657475
405	SETDB1	D840G	Missense	-0.830571184
406	SETDB1	A842A	Silent	0.3956632370394754
407	SETDB1	K844G	Missense	-0.67761254
408	SETDB1	K844G;E845G	Missense;Missense	-1.038351036
409	SETDB1	E852G	Missense	0.8319550243116051
410	SETDB1	D858G	Missense	-1.7462081
411	SETDB1		No Mutation	-0.33706046
412	SETDB1	E864G	Missense	-0.479856713
413	SETDB1		No Mutation	-0.214347322
414	SETDB1		No Mutation	0.2987992033740362
415	SETDB1		No Mutation	0.137840610972433
416	SETDB1		No Mutation	0.3948876180536793
417	SETDB1	S881S	Silent	0.3935869324784453
418	SETDB1	G882G;V883A	Silent;Missense	0.4959569348411411
419	SETDB1	S881G	Missense	0.3573242597449518
420	SETDB1	V883V	Silent	0.6227826172858271
421	SETDB1	K886G	Missense	0.0327569176712765
422	SETDB1	Q888R;E889G	Missense;Missense	-0.351436291
423	SETDB1		No Mutation	-0.657831571
424	SETDB1	N892D	Missense	-0.654586151
425	SETDB1	N902N;D903D	Silent;Silent	-0.083995702
426	SETDB1	D903D	Silent	0.3290341625959375
427	SETDB1	D907D	Silent	0.411985058467941
428	SETDB1	S906S;D907G	Silent;Missense	-0.51891274
429	SETDB1	N909G	Missense	0.2601359172330489
430	SETDB1	S917G	Missense	-0.158196525
431	SETDB1	T918A	Missense	-0.054251658
432	SETDB1		No Mutation	-0.526163227
433	SETDB1		No Mutation	-0.057056726
434	SETDB1	S924G	Missense	0.079280821
435	SETDB1	T927A	Missense	-0.737739523
436	SETDB1	T927A	Missense	0.4161329063880554
437	SETDB1	T927A	Missense	-0.732130135
438	SETDB1		No Mutation	-0.519787393
439	SETDB1		No Mutation	-0.325219479
440	SETDB1		No Mutation	1.077678911746114
441	SETDB1		No Mutation	0.5691752610585799
442	SETDB1		No Mutation	0.2107161707522996
443	SETDB1	L939P;S940P	Missense;Missense	-0.526693559
444	SETDB1		No Mutation	0.2865201082157322
445	SETDB1		No Mutation	0.0186027254735455
446	SETDB1	H948R	Missense	0.008995714
447	SETDB1	L952P	Missense	-0.441414831
448	SETDB1	L952L	Silent	-0.049516148
449	SETDB1		No Mutation	-0.394785849
450	SETDB1		No Mutation	-0.386884884
451	SETDB1		No Mutation	-0.716256465
452	SETDB1		No Mutation	-0.335589325
453	SETDB1		No Mutation	-0.75292107
454	SETDB1	V959A	Missense	0.7043241453929907
455	SETDB1	V959A;P960P	Missense;Silent	-0.20083244
456	SETDB1	V959V;P960P	Silent;Silent	-0.306124302
457	SETDB1	P960P	Silent	-0.333035512
458	SETDB1		No Mutation	-0.669230524
459	SETDB1	I963T	Missense	0.3880520994375831
460	SETDB1		No Mutation	-0.700336612
461	SETDB1	V965A	Missense	0.4617859568320601
462	SETDB1	G966G	Silent	0.8750778335531649
463	SETDB1	G966G	Silent	-0.523871441
464	SETDB1	N969N	Silent	-0.215271264
465	SETDB1	N969N	Silent	0.5764665032978449
466	SETDB1		No Mutation	-0.582588931
467	SETDB1		No Mutation	-0.462313987
468	SETDB1		No Mutation	-0.48381971
469	SETDB1	E974E;E975G;T976A	Silent;Missense;Missense	0.3376116075733342
470	SETDB1		No Mutation	-0.560990599
471	SETDB1	T976A	Missense	0.5969699834349931
472	SETDB1	K978R;N979G	Missense;Missense	-0.082790975
473	SETDB1	S983P	Missense	0.0183943781251634
474	SETDB1	S983P	Missense	0.2148167484201415
475	SETDB1	N988N	Silent	-0.383650371
476	SETDB1	N988G	Missense	0.3937106862168636
477	SETDB1	N988G;S989G	Missense;Missense	-0.193997858
478	SETDB1	T1006T	Silent	1.044633959479617
479	SETDB1		No Mutation	0.8444714717247517
480	SETDB1	K1005G	Missense	-0.087366089
481	SETDB1	K1005G	Missense	-0.427516625
482	SETDB1	K1005G;T1006A	Missense;Missense	-0.502845394
483	SETDB1	G1009G	Silent	0.7148816189430407
484	SETDB1	T1006A;N1007D	Missense;Missense	1.2975829444325004
485	SETDB1	T1006A;N1007G	Missense;Missense	-0.034266298
486	SETDB1	N1007S;E1008G	Missense;Missense	0.857251867
487	SETDB1	E1008G	Missense	-0.83916478
488	SETDB1		No Mutation	-0.286811503
489	SETDB1		No Mutation	0.1879111824905248
490	SETDB1		No Mutation	-0.396100691
491	SETDB1	E1011G	Missense	-0.2283386
492	SETDB1		No Mutation	-0.384516583
493	SETDB1		No Mutation	0.3699696233313161
494	SETDB1		No Mutation	-0.064852059
495	SETDB1	R1018R;M1019V	Silent;Missense	-0.446695834
496	SETDB1		No Mutation	-0.282565972
497	SETDB1	E1022G;K1023G	Missense;Missense	0.029800686
498	SETDB1		No Mutation	-0.661339733
499	SETDB1	L1029P	Missense	-0.284262342
500	SETDB1	S1027S	Silent	0.001594289
501	SETDB1	I1031T	Missense	-0.11253357
502	SETDB1	I1031T	Missense	-1.241716266
503	SETDB1	G1028G;L1029L	Silent;Silent	0.0462107608433404
504	SETDB1	L1029L	Silent	0.2218448128580676
505	SETDB1	E1034G	Missense	0.6751738215610077
506	SETDB1	K1038G	Missense	-0.606962017
507	SETDB1	K1041G;K1042G	Missense;Missense	0.1199351149264118
508	SETDB1	(NC)	Intron	0.049941549
509	SETDB1	(NC);(NC);(NC)	Intron;Intron;Intron	0.7898693632731268
510	SETDB1	(NC);(NC)	Intron;Intron	-0.159004496
511	SETDB1		No Mutation	-0.422318889
512	SETDB1	V1053A;(NC)	Missense;Splice-donor	0.093399402
513	SETDB1	V1054A	Missense	-0.181117333
514	SETDB1	V1054A;T1055T	Missense;Silent	-0.249764517
515	SETDB1	V1054V;T1055T	Silent;Silent	0.1546178180367309
516	SETDB1	T1055T	Silent	0.2962917529865478
517	SETDB1		No Mutation	-0.498746291
518	SETDB1		No Mutation	-0.271269384
519	SETDB1	E1056G;S1057G	Missense;Missense	-0.351890652
520	SETDB1		No Mutation	0.4536179449558034
521	SETDB1	P1070P	Silent	-0.004006382
522	SETDB1	L1073P	Missense	0.3555270227701015
523	SETDB1		No Mutation	0.064284606
524	SETDB1	T1080T	Silent	-0.191103144
525	SETDB1	T1080T;S1081S	Silent;Silent	-0.170061884
526	SETDB1	S1081S;M1082T	Silent;Missense	0.3194352710196999
527	SETDB1	M1082T	Missense	0.2009134873560082
528	SETDB1	Q1084R;S1085G	Missense;Missense	0.091650693
529	SETDB1	A1090A;S1091P	Silent;Missense	-0.231345564
530	SETDB1	(NC)	Intron	0.2383465669599597
531	SETDB1	(NC)	Intron	-0.668686357
532	SETDB1	(NC)	Intron	-0.106232002
533	SETDB1	(NC)	Intron	-0.950167399
534	SETDB1	D1098D	Silent	0.4348530432638111
535	SETDB1	D1098D	Silent	-0.240970592
536	SETDB1	D1098D;V1099A	Silent;Missense	0.4764672796816962
537	SETDB1	L1102P	Missense	0.7101331104877716
538	SETDB1	L1102P	Missense	-0.597331251
539	SETDB1	L1102P;S1103P	Missense;Missense	0.444593752753577
540	SETDB1		No Mutation	0.2104287004803879
541	SETDB1	S1104G;S1105G	Missense;Missense	-0.083559708
542	SETDB1	S1104G;S1105G	Missense;Missense	-0.12462315
543	SETDB1	S1105G	Missense	0.4641406006555902
544	SETDB1	S1105G;T1106A	Missense;Missense	-0.028758734
545	SETDB1	S1108S	Silent	0.4812631907749093
546	SETDB1	E1107G;S1108G	Missense;Missense	-0.158131058
547	SETDB1	E1107G;S1108G	Missense;Missense	-0.67253472
548	SETDB1	S1115G	Missense	-0.215032309
549	SETDB1	T1119T;A1120A	Silent;Silent	0.3528285834748457
550	SETDB1	A1120A;G1121G	Silent;Silent	0.8304840597612658
551	SETDB1	T1119A	Missense	-0.273295748
552	SETDB1	T1123T;S1124P	Silent;Missense	0.028820888
553	SETDB1	T1123T;S1124P	Silent;Missense	0.4470257029906914
554	SETDB1	Q1122R;T1123A	Missense;Missense	0.006891364
555	SETDB1	I1133V;Q1134R	Missense;Missense	-0.258860928
556	SETDB1	S1138S;S1140P	Silent;Missense	-0.979872701
557	SETDB1	I1136V	Missense	0.1792834129242423
558	SETDB1	I1136M	Missense	-0.588523648
559	SETDB1	I1136M	Missense	-0.520401693
560	SETDB1	S1140S	Silent	-0.713425696
561	SETDB1	D1143D	Silent	-0.702756211
562	SETDB1	E1141G	Missense	-0.529752984
563	SETDB1	D1147G;K1148G	Missense;Missense	0.4221132764965147
564	SETDB1	N1150G;M1151V	Missense;Missense	-0.422192214
565	SETDB1	(NC)	Intron	-0.775851885
566	SETDB1	(NC)	Intron	-0.024380938
567	SETDB1	(NC);(NC)	Intron;Intron	0.3116067521662326
568	SETDB1	(NC)	Intron	-0.729597632
569	SETDB1	(NC)	Intron	0.168674124560414
570	SETDB1	M1155T	Missense	-0.198591687
571	SETDB1	M1155T	Missense	0.3522919002382356
572	SETDB1	M1155T	Missense	0.3565946793761941
573	SETDB1	P1154P;M1155V	Silent;Missense	-0.131790491
574	SETDB1	R1157R	Silent	-0.335987423
575	SETDB1	V1159A	Missense	-0.050689961
576	SETDB1	A1160A	Silent	-0.348141867
577	SETDB1	L1169P	Missense	0.494257003
578	SETDB1	L1169L;S1171P	Silent;Missense	-0.026999749
579	SETDB1		No Mutation	0.0333915257192385
580	SETDB1		No Mutation	0.6019168642030006
581	SETDB1	I1177T	Missense	0.363418784
582	SETDB1	I1177I;S1179P	Silent;Missense	0.010666507384601
583	SETDB1	A1176A;I1177V;K1178E	Silent;Missense;Missense	-0.010583662
584	SETDB1	S1179S;T1180A;N1181D	Silent;Missense;Missense	0.5599095698139636
585	SETDB1	M1182V	Missense	0.9410244692446024
586	SETDB1	M1182V	Missense	0.2271666416494644
587	SETDB1		No Mutation	0.3703129358635412
588	SETDB1	V1185A	Missense	0.7157656998105786
589	SETDB1		No Mutation	-0.780927206
590	SETDB1		No Mutation	-0.994249843
591	SETDB1		No Mutation	-0.362644715
592	SETDB1	T1197A	Missense	-0.237913014
593	SETDB1	Q1199R	Missense	-0.697980622
594	SETDB1		No Mutation	-0.127207482
595	SETDB1	I1210V;D1211G	Missense;Missense	-0.049526964
596	SETDB1	K1213G	Missense	-0.419715867
597	SETDB1	K1213G	Missense	-1.099325716
598	SETDB1	L1218P	Missense	-0.321289344
599	SETDB1		No Mutation	0.2513452922934293
600	SETDB1		No Mutation	0.5242629954706263
601	SETDB1	(NC);(NC)	Intron;Intron	-0.446295667
602	SETDB1		No Mutation	-0.191780573
603	SETDB1	S1225S	Silent	-1.821649024
604	SETDB1		No Mutation	-1.585682271
605	SETDB1		No Mutation	0.1676695374462528
606	SETDB1		No Mutation	0.077762274
607	SETDB1	N1234N	Silent	-0.067555987
608	SETDB1		No Mutation	-0.362631996
609	SETDB1	N1234N;V1235A;F1236L	Silent;Missense;Missense	-0.030431864
610	SETDB1	D1238D	Silent	-0.299377798
611	SETDB1	H1240R;D1241G	Missense;Missense	-0.515749794
612	SETDB1	D1241G	Missense	-0.72811718
613	SETDB1	F1244S	Missense	-0.005837809
614	SETDB1		No Mutation	-0.903247861
615	SETDB1	W1246R	Missense	-0.40512351
616	SETDB1	F1250P	Missense	-0.629649329
617	SETDB1	F1250P	Missense	-0.880606388
618	SETDB1	F1250S	Missense	0.3108712843097166
619	SETDB1		No Mutation	-0.472624573
620	SETDB1	(NC)	Splice-donor	0.2647770765241648
621	SETDB1	S1252G	Missense	-0.102078052
622	SETDB1	K1253G;(NC)	Missense;Intron	0.3173990745969457
623	SETDB1	K1253R;(NC);(NC)	Missense;Intron;Intron	0.1061150516286684
624	SETDB1	(NC)	Intron	-0.01561496
625	SETDB1	(NC);(NC)	Intron;Intron	-1.783144257
626	SETDB1	(NC);(NC);(NC)	Intron;Intron;Intron	-0.080289819
627	SETDB1		No Mutation	0.088588367
628	SETDB1		No Mutation	0.093674063
629	SETDB1		No Mutation	0.141086937
630	SETDB1	(NC)	Splice-acceptor	-1.340902023
631	SETDB1	(NC);K1253K	Splice-acceptor;Silent	1.1198315723231982
632	SETDB1		No Mutation	0.1096862671720722
633	SETDB1		No Mutation	0.134673170670583
634	SETDB1	T1259A	Missense	0.7282675953505585
635	SETDB1	L1261P	Missense	0.4866584075890953
636	SETDB1		No Mutation	-0.14961844
637	SETDB1	D1264G	Missense	0.2925773503318223
638	SETDB1	D1264G;Y1265C	Missense;Missense	-0.849579694
639	SETDB1	Y1267C	Missense	-1.004995125
640	SETDB1	E1268G	Missense	-0.48599964
641	SETDB1	S1271G	Missense	-0.262188784
642	SETDB1	E1276G	Missense	-0.286773206
643	SETDB1	E1276G;L1277L	Missense;Silent	0.1815370723750279
644	SETDB1	L1277L	Silent	-0.124223062
645	SETDB1		No Mutation	-0.327614285
646	SETDB1	R1289R	Silent	-0.009332073
647	SETDB1	R1287R;G1288G	Silent;Silent	-0.407195588
648	TRIM28		No Mutation	-0.379739894
649	TRIM28		No Mutation	-0.34219009
650	TRIM28		No Mutation	0.4085705277012571
651	TRIM28		No Mutation	-0.019224794
652	TRIM28	M1T	Missense	-0.93211862
653	TRIM28	M1T	Missense	0.265418421101782
654	TRIM28	M1T	Missense	0.561222354
655	TRIM28	M1T	Missense	-0.797039447
656	TRIM28	(NC);M1V	UTR;Missense	-0.254070512
657	TRIM28	(NC);M1V	UTR;Missense	-0.999722787
658	TRIM28		No Mutation	-0.542269049
659	TRIM28	S9P	Missense	0.0449649300672692
660	TRIM28		No Mutation	1.4041058989750914
661	TRIM28	A7A	Silent	-0.139319063
662	TRIM28		No Mutation	-0.159587648
663	TRIM28	S14P	Missense	0.067389361
664	TRIM28		No Mutation	0.2538562149221334
665	TRIM28		No Mutation	0.8029088957191839
666	TRIM28		No Mutation	0.287836149
667	TRIM28		No Mutation	0.6528745058455823
668	TRIM28		No Mutation	-0.032622818
669	TRIM28		No Mutation	-0.03428428
670	TRIM28		No Mutation	-0.287341013
671	TRIM28		No Mutation	0.0210537431838207
672	TRIM28	S19G	Missense	0.1273479203219281
673	TRIM28	S19G	Missense	-0.957836571
674	TRIM28	S26P	Missense	-0.433059629
675	TRIM28		No Mutation	0.0245287754742743
676	TRIM28	S26P	Missense	0.561318554
677	TRIM28	E24G	Missense	-0.498641515
678	TRIM28	A27A	Silent	0.0122977569489983
679	TRIM28	A27A	Silent	1.2936159042713369
680	TRIM28		No Mutation	0.2140611626770804
681	TRIM28		No Mutation	-0.154712447
682	TRIM28		No Mutation	-0.283696759
683	TRIM28		No Mutation	-0.652833843
684	TRIM28	S41P	Missense	-0.322560827
685	TRIM28	S41P	Missense	-0.702083311
686	TRIM28	S41P	Missense	-0.363106236
687	TRIM28	S43S	Silent	-0.379514861
688	TRIM28		No Mutation	0.2705254972266033
689	TRIM28		No Mutation	0.031659868643926
690	TRIM28		No Mutation	-0.247736711
691	TRIM28	S50P	Missense	-0.802432275
692	TRIM28		No Mutation	-0.944035957
693	TRIM28		No Mutation	-0.554105925
694	TRIM28		No Mutation	0.1027552126963358
695	TRIM28		No Mutation	0.031445161
696	TRIM28		No Mutation	0.1625404853911352
697	TRIM28		No Mutation	-0.244659385
698	TRIM28		No Mutation	-0.180357619
699	TRIM28		No Mutation	0.032860353
700	TRIM28		No Mutation	-0.446447124
701	TRIM28		No Mutation	-0.461326394
702	TRIM28		No Mutation	-0.687047491
703	TRIM28	E57G	Missense	2.593193164952224
704	TRIM28	L61P;L62P	Missense;Missense	-0.687423912
705	TRIM28	E60G	Missense	0.3485606663218386
706	TRIM28	E70G	Missense	-0.188825728
707	TRIM28		No Mutation	-0.664816275
708	TRIM28		No Mutation	-0.079015648
709	TRIM28	L80P	Missense	-0.367325036
710	TRIM28	L80P	Missense	-0.796043671
711	TRIM28	C83R;L84P	Missense;Missense	-0.315838064
712	TRIM28	C83C;L84P	Silent;Missense	-0.052841263
713	TRIM28		No Mutation	-1.238898597
714	TRIM28	C83C;L84P	Silent;Missense	0.1095860788824032
715	TRIM28	S86P	Missense	-0.253989331
716	TRIM28	C88R	Missense	0.071068128
717	TRIM28	C88R	Missense	-0.345431872
718	TRIM28		No Mutation	0.4277174489498783
719	TRIM28		No Mutation	-0.690332002
720	TRIM28	L92S	Missense	0.1898962465200283
721	TRIM28		No Mutation	-0.47571316
722	TRIM28		No Mutation	-0.271007344
723	TRIM28		No Mutation	-1.082004536
724	TRIM28		No Mutation	0.004336891
725	TRIM28		No Mutation	0.6133537640571052
726	TRIM28		No Mutation	0.162499332
727	TRIM28		No Mutation	-0.183396716
728	TRIM28		No Mutation	-1.044475774
729	TRIM28		No Mutation	-0.190975525
730	TRIM28	S103P	Missense	-0.282283298
731	TRIM28	S103P	Missense	-0.133394184
732	TRIM28	S103P	Missense	0.061708917
733	TRIM28	N101G	Missense	-0.280584186
734	TRIM28		No Mutation	0.026660017
735	TRIM28	N101G;S102G	Missense;Missense	-0.370341443
736	TRIM28	N101S;S102G	Missense;Missense	-0.259525771
737	TRIM28		No Mutation	0.6291612669002179
738	TRIM28	S102G	Missense	-0.381651535
739	TRIM28		No Mutation	0.2877721522031173
740	TRIM28		No Mutation	0.090128586
741	TRIM28		No Mutation	1.5256308373282128
742	TRIM28	D105G	Missense	0.090371485
743	TRIM28		No Mutation	0.05514994
744	TRIM28		No Mutation	-0.497688967
745	TRIM28	(NC);(NC)	Intron;Intron	-0.531483866
746	TRIM28	(NC);(NC)	Intron;Intron	0.062245665
747	TRIM28	(NC)	Intron	0.1626342665082297
748	TRIM28	(NC)	Intron	0.0102910939917788
749	TRIM28	(NC)	Intron	0.00493341
750	TRIM28		No Mutation	0.4177658669184172
751	TRIM28	V114A;V115A	Missense;Missense	-0.270127965
752	TRIM28	V115A	Missense	-0.066506813
753	TRIM28	C124R	Missense	-0.415277986
754	TRIM28	C124R	Missense	-0.160151729
755	TRIM28		No Mutation	-0.30117526
756	TRIM28	N132N	Silent	0.6594397213469958
757	TRIM28	Y133C	Missense	0.2204493562405053
758	TRIM28		No Mutation	-0.273263274
759	TRIM28		No Mutation	-0.284583297
760	TRIM28	D148D	Silent	0.3272169357117401
761	TRIM28		No Mutation	0.199932203640418
762	TRIM28		No Mutation	0.4865526236761186
763	TRIM28	(NC)	Splice-donor	0.1469192360672817
764	TRIM28	(NC)	Splice-donor	0.4559875257634906
765	TRIM28	(NC)	Intron	0.3001938843893533
766	TRIM28	C152R	Missense	0.1730522857028639
767	TRIM28	C152R	Missense	0.8360672582232229
768	TRIM28	C153R	Missense	0.7208307661490916
769	TRIM28		No Mutation	-0.83789169
770	TRIM28	P161P;T163A	Silent;Missense	0.1237434137233402
771	TRIM28	C166R	Missense	-0.628204324
772	TRIM28	C166R	Missense	0.4270703885387695
773	TRIM28	C166R;V167A	Missense;Missense	0.0426452316375414
774	TRIM28	V167A	Missense	0.1856772014061287
775	TRIM28	Y165C	Missense	0.1769696204412715
776	TRIM28	C169R	Missense	0.5141828984427235
777	TRIM28		No Mutation	0.8532902998074554
778	TRIM28	C177R;V178A	Missense;Missense	0.2745577585724769
779	TRIM28	V178V	Silent	0.5818491954452166
780	TRIM28	V178V	Silent	-0.125135296
781	TRIM28		No Mutation	-1.014306432
782	TRIM28		No Mutation	0.6268805426646611
783	TRIM28		No Mutation	-0.42826668
784	TRIM28	V192A	Missense	-0.18468668
785	TRIM28	H190R;T191A	Missense;Missense	0.6464431489784441
786	TRIM28	S194S;T195T	Silent;Silent	-0.157245057
787	TRIM28		No Mutation	0.081911627
788	TRIM28	T195A	Missense	-0.583813307
789	TRIM28		No Mutation	-0.054117081
790	TRIM28	(NC)	Intron	0.5732813054209305
791	TRIM28	(NC)	Intron	0.6331836629010918
792	TRIM28	(NC);(NC)	Intron;Intron	-0.129964376
793	TRIM28	(NC)	Intron	-0.395700368
794	TRIM28	(NC);(NC)	Intron;Intron	0.005507541
795	TRIM28	(NC);(NC)	Intron;Intron	-0.349757252
796	TRIM28	(NC)	Intron	-0.463395892
797	TRIM28		No Mutation	-0.494648963
798	TRIM28		No Mutation	0.1324576792087158
799	TRIM28	(NC)	Splice-acceptor	-0.558632796
800	TRIM28	(NC)	Splice-acceptor	-0.729075627
801	TRIM28	S200P	Missense	-0.471244434
802	TRIM28	S200P	Missense	0.1493990878120774
803	TRIM28	P197P	Silent	0.0124771531839748
804	TRIM28	S200P	Missense	0.008090485
805	TRIM28	D202D	Silent	0.2679930316021619
806	TRIM28	G203G	Silent	-0.104149085
807	TRIM28	C221R	Missense	-0.016225674
808	TRIM28	C221C	Silent	0.4897074005873044
809	TRIM28	C221C	Silent	-0.125753713
810	TRIM28	L234P	Missense	-0.225747984
811	TRIM28	N235N	Silent	0.4548526724049588
812	TRIM28	Q233R	Missense	-0.212824181
813	TRIM28		No Mutation	-0.25076449
814	TRIM28	(NC)	Splice-donor	-0.401015014
815	TRIM28	(NC)	Splice-donor	-1.416715041
816	TRIM28	D239G;H240R	Missense;Missense	0.559576299
817	TRIM28		No Mutation	-0.141142852
818	TRIM28	(NC)	Intron	-0.654100374
819	TRIM28	(NC)	Intron	0.1453567725799244
820	TRIM28	(NC)	Intron	-0.229989841
821	TRIM28	(NC);(NC)	Intron;Intron	0.5027037607339468
822	TRIM28	(NC);(NC)	Intron;Intron	0.62409466
823	TRIM28	L245L	Silent	0.6142162618984501
824	TRIM28	D247D	Silent	-0.245547224
825	TRIM28	N251G	Missense	0.5683952965127714
826	TRIM28	K254G	Missense	-0.244238149
827	TRIM28	S258P	Missense	-0.722591541
828	TRIM28		No Mutation	-0.590203894
829	TRIM28	S258S	Silent	0.586623114
830	TRIM28	S258S	Silent	0.4501161892212733
831	TRIM28	S258S	Silent	-0.266451344
832	TRIM28	L263P	Missense	-0.531625242
833	TRIM28	H267H	Silent	-0.366387771
834	TRIM28	T269T	Silent	0.6882291489662848
835	TRIM28	Q271R;K272E	Missense;Missense	0.4013526648392995
836	TRIM28	S280P	Missense	-0.785942011
837	TRIM28		No Mutation	-0.330778606
838	TRIM28	S279G	Missense	0.2970671661458867
839	TRIM28		No Mutation	0.00485088
840	TRIM28	(NC)	Intron	-0.048530169
841	TRIM28	(NC);(NC)	Intron;Intron	0.038892319
842	TRIM28		No Mutation	0.1800384375144376
843	TRIM28		No Mutation	0.6073170472679189
844	TRIM28	(NC)	Intron	-0.145133244
845	TRIM28	I281T	Missense	0.8794128707852138
846	TRIM28		No Mutation	0.4530953957424577
847	TRIM28	V284A	Missense	0.7717566852005793
848	TRIM28	V284A;S285P	Missense;Missense	-0.259411439
849	TRIM28	V284A;S285P	Missense;Missense	1.0652653432365486
850	TRIM28	V287A	Missense	0.8574701017915318
851	TRIM28		No Mutation	-0.325924251
852	TRIM28	V287V;Q288R;K289E	Silent;Missense;Missense	1.2015191455807446
853	TRIM28	Q292R	Missense	-0.209385119
854	TRIM28	I299V	Missense	0.1733969285550718
855	TRIM28	M303T	Missense	-0.7022226
856	TRIM28		No Mutation	0.24584038
857	TRIM28	K304G	Missense	1.652468107239245
858	TRIM28	K304G	Missense	0.087067624
859	TRIM28	K304G;E305G	Missense;Missense	-0.361020089
860	TRIM28	K308G	Missense	-0.822596315
861	TRIM28		No Mutation	0.4634166418263344
862	TRIM28	N315N;D316D	Silent;Silent	-0.692810255
863	TRIM28	Q318R	Missense	-0.742707415
864	TRIM28	(NC)	Intron	-0.718269513
865	TRIM28		No Mutation	0.007674221
866	TRIM28		No Mutation	0.3165468188684699
867	TRIM28		No Mutation	0.3426386288764213
868	TRIM28	(NC);(NC)	Intron;Intron	-0.128190118
869	TRIM28	(NC)	Intron	-0.647557279
870	TRIM28	V320A	Missense	0.006144236
871	TRIM28		No Mutation	-0.097859432
872	TRIM28	(NC)	Splice-acceptor	-0.457032192
873	TRIM28	(NC)	Splice-acceptor	0.2061747828816822
874	TRIM28	T321A	Missense	0.4375366244826999
875	TRIM28		No Mutation	-0.113266777
876	TRIM28	Q324R;Q325R	Missense;Missense	-0.449486564
877	TRIM28		No Mutation	-0.253718274
878	TRIM28	W333R	Missense	-0.282145422
879	TRIM28		No Mutation	0.5506833321681712
880	TRIM28	K337G;I338V	Missense;Missense	0.7282257908556217
881	TRIM28		No Mutation	-0.514854473
882	TRIM28		No Mutation	-0.314739949
883	TRIM28	F348L	Missense	-0.557889107
884	TRIM28		No Mutation	0.2657535767912601
885	TRIM28		No Mutation	-0.18893221
886	TRIM28		No Mutation	-0.754882725
887	TRIM28	S355S	Silent	0.034045784
888	TRIM28		No Mutation	0.624994022
889	TRIM28	L367L	Silent	-0.271044305
890	TRIM28	K365G;K366G	Missense;Missense	0.6011154558322714
891	TRIM28	K366G	Missense	0.6926992947223006
892	TRIM28	K366R	Missense	0.845560569
893	TRIM28	(NC)	Intron	-0.242462762
894	TRIM28	(NC)	Intron	-0.008854943
895	TRIM28		No Mutation	1.045339261
896	TRIM28		No Mutation	0.3639193620373112
897	TRIM28	I368T	Missense	0.4105781180642285
898	TRIM28	F370P	Missense	-0.358434013
899	TRIM28	F370S	Missense	0.4578131527706323
900	TRIM28	Y369C	Missense	-0.011340896
901	TRIM28	Y369C	Missense	0.1031645458137454
902	TRIM28	L372P	Missense	-0.850229984
903	TRIM28	L376P	Missense	-0.709883099
904	TRIM28		No Mutation	-0.141723111
905	TRIM28	I379T	Missense	-0.992095389
906	TRIM28	V380A;D381D	Missense;Silent	-0.60162134
907	TRIM28	M378V;I379V	Missense;Missense	0.2528230719064029
908	TRIM28	D381D	Silent	-0.462451949
909	TRIM28	D381G	Missense	-0.668230546
910	TRIM28		No Mutation	-0.740759177
911	TRIM28		No Mutation	0.4470002442067678
912	TRIM28	F391P	Missense	-0.533551507
913	TRIM28	E388G	Missense	0.7932058512190342
914	TRIM28	E388G;M389V	Missense;Missense	-0.227028141
915	TRIM28	Q392R	Missense	-0.40532131
916	TRIM28		No Mutation	-0.372029969
917	TRIM28	T399A	Missense	-0.343738017
918	TRIM28		No Mutation	-0.548960147
919	TRIM28	K400G;S401G	Missense;Missense	-0.35661011
920	TRIM28	S401G	Missense	-0.009195299
921	TRIM28		No Mutation	-0.514223552
922	TRIM28	F405P	Missense	0.8641747389719729
923	TRIM28	(NC)	Intron	-0.193358141
924	TRIM28	(NC)	Intron	0.044581382
925	TRIM28	I408V	Missense	-0.26736131
926	TRIM28		No Mutation	-0.027523891
927	TRIM28		No Mutation	-0.326812438
928	TRIM28	S417S;T418A	Silent;Missense	-0.258184445
929	TRIM28	P425P	Silent	-0.574703406
930	TRIM28	P425P	Silent	-0.245293581
931	TRIM28		No Mutation	-0.34063761
932	TRIM28		No Mutation	0.1073180318108638
933	TRIM28		No Mutation	0.1063281208859657
934	TRIM28		No Mutation	-0.526968816
935	TRIM28		No Mutation	-0.785034679
936	TRIM28		No Mutation	-0.577337353
937	TRIM28		No Mutation	-0.524147053
938	TRIM28	L432P	Missense	-0.378944881
939	TRIM28	P429P	Silent	0.5931715481954206
940	TRIM28		No Mutation	0.3825870335092454
941	TRIM28		No Mutation	-0.309645374
942	TRIM28		No Mutation	-0.100772236
943	TRIM28		No Mutation	0.082389634
944	TRIM28	S433G	Missense	-0.20903514
945	TRIM28	S437P	Missense	0.1677223905771949
946	TRIM28	S437P	Missense	1.0081215583792844
947	TRIM28	S437P	Missense	-0.472136943
948	TRIM28		No Mutation	-0.30370895
949	TRIM28	S439G	Missense	-0.232283825
950	TRIM28	Q441R	Missense	-0.278783267
951	TRIM28		No Mutation	-0.188537169
952	TRIM28	(NC);(NC)	Intron;Intron	-0.416056118
953	TRIM28		No Mutation	-1.763342789
954	TRIM28		No Mutation	-1.191117693
955	TRIM28	(NC);(NC)	Intron;Splice-acceptor	-0.863292115
956	TRIM28	M443V	Missense	-1.065239225
957	TRIM28	E444G	Missense	0.046134597917595
958	TRIM28		No Mutation	-0.51390289
959	TRIM28		No Mutation	-0.546550921
960	TRIM28	Q446R;E447G	Missense;Missense	0.484194477259332
961	TRIM28	Q446R;E447G	Missense;Missense	-0.551123372
962	TRIM28	Y449C	Missense	0.0278429889271335
963	TRIM28		No Mutation	0.3075801504813868
964	TRIM28		No Mutation	-0.339898094
965	TRIM28	(NC)	Intron	-0.138606748
966	TRIM28	(NC)	Intron	0.071713553
967	TRIM28		No Mutation	-0.724654515
968	TRIM28		No Mutation	-0.093317034
969	TRIM28	(NC);(NC);(NC)	Intron;Intron;Intron	0.7449997728846718
970	TRIM28	D455D;D456D	Silent;Silent	0.1456001407233214
971	TRIM28		No Mutation	-0.757397856
972	TRIM28		No Mutation	-0.571415877
973	TRIM28	A461A;E462G	Silent;Missense	0.081980048
974	TRIM28	H464R	Missense	0.4586973916248333
975	TRIM28	V468A	Missense	-0.042150588
976	TRIM28	V468A	Missense	-0.492974804
977	TRIM28		No Mutation	-0.339430978
978	TRIM28		No Mutation	0.2885895803406352
979	TRIM28	(NC);(NC);(NC)	Intron;Intron;Intron	0.1576455904186057
980	TRIM28	(NC);(NC)	Intron;Intron	-0.719060129
981	TRIM28	(NC)	Intron	0.044669389
982	TRIM28	(NC)	Intron	-0.376065582
983	TRIM28	(NC)	Intron	-0.484353498
984	TRIM28	(NC)	Intron	-1.120945387
985	TRIM28	(NC);(NC)	Intron;Intron	0.2107724976765466
986	TRIM28	(NC)	Splice-acceptor	-0.464066378
987	TRIM28	(NC)	Splice-acceptor	-0.056494067
988	TRIM28		No Mutation	0.4791278426267621
989	TRIM28		No Mutation	-0.795632379
990	TRIM28		No Mutation	0.3239220929533444
991	TRIM28	E475G	Missense	-0.344771471
992	TRIM28	S479G	Missense	-0.763368671
993	TRIM28		No Mutation	-0.605301511
994	TRIM28	R487R;S489G	Silent;Missense	-0.145776444
995	TRIM28		No Mutation	0.4160497110794079
996	TRIM28		No Mutation	-0.354074651
997	TRIM28	L495P	Missense	-1.431225133
998	TRIM28		No Mutation	-0.283210382
999	TRIM28	A499A	Silent	-0.409686119
1000	TRIM28		No Mutation	0.084232493
1001	TRIM28	Q502R	Missense	0.1909325833686465
1002	TRIM28		No Mutation	0.1481910880422362
1003	TRIM28		No Mutation	-0.489929355
1004	TRIM28	V508A;F509P	Missense;Missense	-0.89737474
1005	TRIM28	F509P	Missense	-0.434470541
1006	TRIM28	F509S	Missense	-1.095318118
1007	TRIM28	P510P	Silent	0.1847732659392206
1008	TRIM28	T514T	Silent	0.8109393966302558
1009	TRIM28		No Mutation	0.0134469198464189
1010	TRIM28	L519P	Missense	-0.542903198
1011	TRIM28	I520V	Missense	-0.963315583
1012	TRIM28	R524R	Silent	-0.277308651
1013	TRIM28		No Mutation	-0.040653962
1014	TRIM28	A529A	Silent	0.2981213714357457
1015	TRIM28	A529A	Silent	0.034366826
1016	TRIM28		No Mutation	-0.363452511
1017	TRIM28	T536T	Silent	-0.440067127
1018	TRIM28	P534P	Silent	0.1663665002290547
1019	TRIM28	P538P	Silent	0.069057366
1020	TRIM28		No Mutation	-0.216436283
1021	TRIM28		No Mutation	0.402263692
1022	TRIM28	G543G	Silent	-0.193015872
1023	TRIM28		No Mutation	-0.13244717
1024	TRIM28		No Mutation	0.5408622284634796
1025	TRIM28	L547P	Missense	0.264079962
1026	TRIM28	L547P	Missense	0.3256517138205759
1027	TRIM28	L547P	Missense	-0.450205095
1028	TRIM28	P545P	Silent	-0.280032183
1029	TRIM28	M550T	Missense	-0.484830829
1030	TRIM28	M550T	Missense	-1.007508837
1031	TRIM28	M550T	Missense	0.2906802278491113
1032	TRIM28	I552T	Missense	-0.301988454
1033	TRIM28	I552T	Missense	-0.89580886
1034	TRIM28	M550V	Missense	1.1034239255603784
1035	TRIM28	I552T	Missense	-0.254097209
1036	TRIM28	(NC)	Intron	-0.257378553
1037	TRIM28	K554G	Missense	-0.580646813
1038	TRIM28	(NC)	Intron	-0.2690183
1039	TRIM28	(NC);(NC)	Intron;Intron	-0.176913417
1040	TRIM28	(NC);(NC)	Intron;Intron	0.8419598549228382
1041	TRIM28	(NC)	Intron	0.005611706
1042	TRIM28	(NC);(NC)	Intron;Intron	-0.671869912
1043	TRIM28		No Mutation	-0.254398097
1044	TRIM28		No Mutation	0.4535668347383732
1045	TRIM28	P566P;T567T	Silent;Silent	-0.163938398
1046	TRIM28		No Mutation	-0.071724803
1047	TRIM28		No Mutation	0.5760742358011065
1048	TRIM28	T569T	Silent	0.059310974
1049	TRIM28	T569T	Silent	-0.531326043
1050	TRIM28		No Mutation	-0.549797707
1051	TRIM28		No Mutation	0.7873070639355256
1052	TRIM28		No Mutation	0.2525072121453783
1053	TRIM28	T574A;K575E	Missense;Missense	0.1127892444759202
1054	TRIM28	P576P;V577A	Silent;Missense	-0.277988733
1055	TRIM28	V577A;L578P	Missense;Missense	-0.431278438
1056	TRIM28	M579T;A580A	Missense;Silent	-0.406642387
1057	TRIM28		No Mutation	-0.893404355
1058	TRIM28	M579V	Missense	-0.373956148
1059	TRIM28	M579V	Missense	0.6881656283698503
1060	TRIM28	L581P	Missense	0.943779692
1061	TRIM28		No Mutation	-0.403359313
1062	TRIM28	E583G	Missense	-0.36908743
1063	TRIM28	E583G	Missense	0.241520509318402
1064	TRIM28		No Mutation	-0.25158045
1065	TRIM28		No Mutation	0.0191630919811915
1066	TRIM28		No Mutation	-0.50043691
1067	TRIM28	P595P	Silent	0.004256121
1068	TRIM28	P595P;S596S	Silent;Silent	0.6502978750925638
1069	TRIM28	P595P;S596S	Silent;Silent	-0.695876843
1070	TRIM28	S596S	Silent	0.6576850183700889
1071	TRIM28		No Mutation	0.3398835855728799
1072	TRIM28	S596G	Missense	-1.804534372
1073	TRIM28		No Mutation	-0.275949001
1074	TRIM28	S601P	Missense	1.1707623477626874
1075	TRIM28	S598G;T599A	Missense;Missense	0.2684746962359042
1076	TRIM28	T599A;S600G	Missense;Missense	0.089402744
1077	TRIM28	S600G	Missense	-0.182480547
1078	TRIM28	S601S	Silent	0.3553383282411499
1079	TRIM28	V605A	Missense	0.0429698
1080	TRIM28	E604G	Missense	-0.610157837
1081	TRIM28	E604G	Missense	-0.376123698
1082	TRIM28	E609G	Missense	0.1557068180577663
1083	TRIM28	T611A	Missense	-0.282984655
1084	TRIM28		No Mutation	-0.474328274
1085	TRIM28	T611A	Missense	0.2402779750469088
1086	TRIM28	S612S	Silent	-0.360964887
1087	TRIM28		No Mutation	-0.306247992
1088	TRIM28	G616G	Silent	-0.657287134
1089	TRIM28		No Mutation	-1.305698164
1090	TRIM28		No Mutation	0.7143290645454083
1091	TRIM28		No Mutation	-0.282740777
1092	TRIM28		No Mutation	-0.354327084
1093	TRIM28	D622D	Silent	-0.096135362
1094	TRIM28		No Mutation	-0.383646028
1095	TRIM28		No Mutation	0.4146441748729519
1096	TRIM28		No Mutation	-0.478897117
1097	TRIM28	V630A;C631R	Missense;Missense	0.6223291770864594
1098	TRIM28		No Mutation	-0.529876633
1099	TRIM28		No Mutation	-0.020252167
1100	TRIM28		No Mutation	0.031674526
1101	TRIM28	Q632R;K633E	Missense;Missense	-0.099814747
1102	TRIM28	D636D;L637P	Silent;Missense	0.1910080324503958
1103	TRIM28	M639T;C640R	Missense;Missense	-0.589091453
1104	TRIM28	C646C;F647P	Silent;Missense	0.4296856344707216
1105	TRIM28		No Mutation	-0.437759854
1106	TRIM28	L653P	Missense	-0.157141825
1107	TRIM28		No Mutation	0.213380505
1108	TRIM28	H652R	Missense	-0.208421153
1109	TRIM28	D658D	Silent	-0.081705133
1110	TRIM28		No Mutation	-0.007307705
1111	TRIM28		No Mutation	0.1103520915468359
1112	TRIM28	V659A	Missense	0.4493286682222864
1113	TRIM28		No Mutation	-0.188368703
1114	TRIM28	(NC)	Splice-donor	-0.132779602
1115	TRIM28	V659V	Silent	0.1233831668352338
1116	TRIM28	P660P	Silent	-0.630780412
1117	TRIM28	(NC)	Intron	0.1451808937640895
1118	TRIM28	(NC)	Intron	0.021470046
1119	TRIM28	(NC)	Intron	0.7358550880936308
1120	TRIM28	(NC)	Intron	0.1504266346263312
1121	TRIM28	(NC)	Intron	0.367589203234282
1122	TRIM28	(NC)	Intron	1.3077777483807362
1123	TRIM28	(NC)	Intron	0.5716364047185449
1124	TRIM28	(NC)	Intron	-0.006778194
1125	TRIM28	C666R	Missense	-0.442774579
1126	TRIM28	C666R	Missense	0.23782588012445
1127	TRIM28		No Mutation	0.6438309809234642
1128	TRIM28		No Mutation	-0.130098055
1129	TRIM28	L675P	Missense	0.8152438569791722
1130	TRIM28		No Mutation	-0.452587632
1131	TRIM28	D674G	Missense	0.034733098
1132	TRIM28		No Mutation	-0.713886643
1133	TRIM28		No Mutation	0.2378576524788711
1134	TRIM28	D679D	Silent	-0.352786288
1135	TRIM28	D679G	Missense	0.052280014
1136	TRIM28	S681G	Missense	0.1549003520652637
1137	TRIM28	G686G	Silent	0.8624088409158108
1138	TRIM28	D685G	Missense	-0.706490315
1139	TRIM28		No Mutation	-0.296585204
1140	TRIM28	A687A	Silent	1.1078000014426737
1141	TRIM28	A687A;D688G;S689G	Silent;Missense;Missense	0.052160825
1142	TRIM28	S697S	Silent	-0.56766211
1143	TRIM28		No Mutation	-0.411696584
1144	TRIM28	S697S	Silent	-0.505191349
1145	TRIM28	P698P	Silent	-0.68647685
1146	TRIM28	P698P;N700D	Silent;Missense	0.4127395994509297
1147	TRIM28	N700G;Q701R	Missense;Missense	1.1832723139488923
1148	TRIM28	(NC)	Splice-donor	-0.256200617
1149	TRIM28	N700S;Q701R	Missense;Missense	-0.076999632
1150	TRIM28	Q701R	Missense	-0.853152964
1151	TRIM28	(NC)	Intron	-0.575036583
1152	TRIM28	(NC)	Intron	-0.152715835
1153	TRIM28	(NC)	Intron	-0.247055
1154	TRIM28		No Mutation	-0.100511331
1155	TRIM28		No Mutation	0.117996340706653
1156	TRIM28	(NC)	Intron	-0.085166858
1157	TRIM28		No Mutation	-0.121339874
1158	TRIM28	K703K	Silent	-1.061549051
1159	TRIM28		No Mutation	0.1203424174281953
1160	TRIM28	C717R	Missense	0.2444970207551984
1161	TRIM28		No Mutation	0.04779536
1162	TRIM28	H721H	Silent	-0.402904198
1163	TRIM28	H721H	Silent	0.15449509850266
1164	TRIM28	L723P	Missense	0.5907596206401847
1165	TRIM28	A724A	Silent	-0.513058839
1166	TRIM28	A724A	Silent	-0.007619029
1167	TRIM28	A724A	Silent	-0.307602629
1168	TRIM28	A724A	Silent	0.1904173082213393
1169	TRIM28	D726G	Missense	0.4783828278305601
1170	TRIM28	L731P	Missense	-0.53037121
1171	TRIM28		No Mutation	-0.489189589
1172	TRIM28	(NC);(NC)	Splice-donor;Intron	-0.825106694
1173	TRIM28	(NC);(NC)	Intron;Intron	0.9441752710059794
1174	TRIM28		No Mutation	-0.143810772
1175	TRIM28		No Mutation	-0.591345693
1176	TRIM28	(NC)	Intron	0.6312285521906844
1177	TRIM28	(NC)	Intron	-0.222912735
1178	TRIM28	(NC)	Intron	0.3255392065314413
1179	TRIM28	(NC)	Intron	-0.166818772
1180	TRIM28		No Mutation	-0.954160803
1181	TRIM28		No Mutation	-0.10232183
1182	TRIM28		No Mutation	-0.714083938
1183	TRIM28	(NC)	Splice-acceptor	0.238748539706156
1184	TRIM28	G735G	Silent	-0.486266713
1185	TRIM28	Q733R	Missense	-0.499677624
1186	TRIM28	L738P	Missense	-0.125827375
1187	TRIM28	D739D;L740P	Silent;Missense	0.3848522177636201
1188	TRIM28	D739D;L740P	Silent;Missense	0.1205216939561133
1189	TRIM28	L742P;I743T	Missense;Missense	-0.16924465
1190	TRIM28	I743T	Missense	-0.414690032
1191	TRIM28	I743V	Missense	0.5236187813325633
1192	TRIM28	L747P	Missense	-0.617765001
1193	TRIM28	L747P	Missense	-0.150609114
1194	TRIM28		No Mutation	0.4114736477544466
1195	TRIM28	L751P	Missense	0.1776554370184822
1196	TRIM28	L751P;S752P	Missense;Missense	1.3027884751950816
1197	TRIM28	S752P	Missense	0.4209356895000289
1198	TRIM28	P753P	Silent	-0.599943986
1199	TRIM28		No Mutation	0.011316386170831
1200	TRIM28		No Mutation	0.2560994856631009
1201	TRIM28		No Mutation	0.5589341363512214
1202	TRIM28		No Mutation	1.0980860100392276
1203	TRIM28	P758P	Silent	0.3753432942110993
1204	TRIM28		No Mutation	-0.745854839
1205	TRIM28	E760G	Missense	0.258400666
1206	TRIM28		No Mutation	0.062845025
1207	TRIM28	E760G	Missense	0.152182432
1208	TRIM28		No Mutation	-0.095101356
1209	TRIM28	M768T	Missense	0.0601841523851918
1210	TRIM28	M768T;F769L	Missense;Missense	-0.395752707
1211	TRIM28	F772P	Missense	0.6724889852489384
1212	TRIM28	Q771Q;N773D	Silent;Missense	-0.135206417
1213	TRIM28	L775L;T776A	Silent;Missense	0.3381323849494314
1214	TRIM28	E777G	Missense	-0.059554799
1215	TRIM28	(NC)	Intron	0.16855699909381
1216	TRIM28	(NC)	Intron	0.5100687516069456
1217	TRIM28	(NC);(NC)	Intron;Intron	-0.386858007
1218	TRIM28		No Mutation	-0.469117687
1219	TRIM28		No Mutation	-0.822735816
1220	TRIM28	V782A	Missense	0.3391058647971166
1221	TRIM28	V782A	Missense	-0.319435848
1222	TRIM28	D781G	Missense	0.4564452441426249
1223	TRIM28		No Mutation	0.755190843
1224	TRIM28	M796V	Missense	-0.583627171
1225	TRIM28	F805P	Missense	-0.132618786
1226	TRIM28	K804G	Missense	0.7592552693105212
1227	TRIM28		No Mutation	0.1375740653771819
1228	TRIM28	V808A;L809P	Missense;Missense	-0.651936313
1229	TRIM28		No Mutation	0.1222898383084535
1230	TRIM28	L817P	Missense	-0.349271132
1231	TRIM28	L817P;P818P	Missense;Silent	-0.684910007
1232	TRIM28	P818P	Silent	-0.136808675
1233	TRIM28	M815V;S816G	Missense;Missense	0.2782753688020681
1234	TRIM28	P818P	Silent	0.0148829556510364
1235	TRIM28	G819G	Silent	0.1062134841968165
1236	TRIM28	L822P	Missense	0.1317949597930942
1237	TRIM28		No Mutation	-0.82773197
1238	TRIM28	S823S;S824P	Silent;Missense	-0.490793042
1239	TRIM28	S823G	Missense	0.185258896
1240	TRIM28	L827P;S828P	Missense;Missense	-0.26060837
1241	TRIM28	Q825R	Missense	0.3383293806359665
1242	TRIM28	E826G	Missense	0.2434917540126874
1243	TRIM28	G829G	Silent	0.7778635690944427
1244	TRIM28	G829G	Silent	-0.001010002
1245	TRIM28		No Mutation	-0.389165043
1246	TRIM28		No Mutation	-0.138719046
1247	TRIM28	D833G	Missense	0.4384217092959134
1248	TRIM28	*836R	Missense	-1.678426845
1249	TRIM28	*836R	Missense	-0.05282693
1250	TRIM28	*836W	Missense	0.4469945833070157
1251	TRIM28		No Mutation	-0.110282142
1252	TRIM28		No Mutation	-0.218285611
1253	TRIM28	(NC)	UTR	-0.086832062
1254	MPHOSPH8		No Mutation	0.2139874672264605
1255	MPHOSPH8	(NC)	UTR	0.2936498373416275
1256	MPHOSPH8		No Mutation	0.862036141
1257	MPHOSPH8	(NC)	UTR	0.314037836
1258	MPHOSPH8	(NC);M1V	UTR;Missense	-0.207997497
1259	MPHOSPH8	M1V	Missense	-0.356803522
1260	MPHOSPH8	M1V;E2G	Missense;Missense	-1.134063473
1261	MPHOSPH8	Q3R	Missense	-0.296290417
1262	MPHOSPH8		No Mutation	-0.02120784
1263	MPHOSPH8	A17A	Silent	0.0176063801482861
1264	MPHOSPH8		No Mutation	-0.408096588
1265	MPHOSPH8		No Mutation	-0.183653856
1266	MPHOSPH8	S16S	Silent	0.5062963801918665
1267	MPHOSPH8	D19G;S20G	Missense;Missense	-0.124868948
1268	MPHOSPH8	L24P	Missense	-0.734608511
1269	MPHOSPH8		No Mutation	-0.143435077
1270	MPHOSPH8	E26G	Missense	-0.867929693
1271	MPHOSPH8	V31A	Missense	-0.108574917
1272	MPHOSPH8	E28E;E29G	Silent;Missense	-0.979125027
1273	MPHOSPH8	E29G	Missense	0.2416573094643974
1274	MPHOSPH8	N38G;D39G	Missense;Missense	-0.357544513
1275	MPHOSPH8	A40A	Silent	0.3103892386298607
1276	MPHOSPH8	A40A	Silent	-0.038723785
1277	MPHOSPH8	R43G	Missense	0.2096913788336422
1278	MPHOSPH8		No Mutation	0.7974511736966547
1279	MPHOSPH8		No Mutation	-0.447795483
1280	MPHOSPH8		No Mutation	-0.30184175
1281	MPHOSPH8	D50G	Missense	-0.781757687
1282	MPHOSPH8		No Mutation	-0.322986571
1283	MPHOSPH8	S51G	Missense	0.7059397115599277
1284	MPHOSPH8	G55G	Silent	-0.703163745
1285	MPHOSPH8	G55G;E56G	Silent;Missense	-0.137261907
1286	MPHOSPH8	E60G	Missense	0.3860032354484191
1287	MPHOSPH8		No Mutation	0.001174022
1288	MPHOSPH8	D66G	Missense	-0.173522901
1289	MPHOSPH8	D66G	Missense	0.072700068
1290	MPHOSPH8	D66G;M67V	Missense;Missense	-0.123984104
1291	MPHOSPH8		No Mutation	0.1705238733572372
1292	MPHOSPH8	K68G;T69A	Missense;Missense	-0.257110448
1293	MPHOSPH8	T69A;E70G	Missense;Missense	-0.281713814
1294	MPHOSPH8	E70G	Missense	-0.202703789
1295	MPHOSPH8	E70G	Missense	-0.00741986
1296	MPHOSPH8		No Mutation	-0.153286342
1297	MPHOSPH8	(NC)	Intron	-0.161755202
1298	MPHOSPH8	(NC)	Intron	-0.374519054
1299	MPHOSPH8	(NC)	Intron	0.1615965337015016
1300	MPHOSPH8	(NC)	Intron	-0.114039055
1301	MPHOSPH8	(NC);(NC)	Intron;Intron	0.042967455
1302	MPHOSPH8		No Mutation	-0.9787432
1303	MPHOSPH8		No Mutation	-0.383149657
1304	MPHOSPH8	Y76C;K77G	Missense;Missense	-0.143824976
1305	MPHOSPH8	K81E	Missense	0.458555327
1306	MPHOSPH8	T84T	Silent	1.0180915234847947
1307	MPHOSPH8	T84T	Silent	-0.308569579
1308	MPHOSPH8	E91G	Missense	-0.938853683
1309	MPHOSPH8	I94T	Missense	-0.115420109
1310	MPHOSPH8		No Mutation	0.2624355179131168
1311	MPHOSPH8		No Mutation	-0.439270436
1312	MPHOSPH8		No Mutation	-0.103644215
1313	MPHOSPH8		No Mutation	-0.110482939
1314	MPHOSPH8	E101G	Missense	-0.430120936
1315	MPHOSPH8	N113S;K114G	Missense;Missense	0.5000458163527798
1316	MPHOSPH8	K114K;K116E	Silent;Missense	0.5669395431692104
1317	MPHOSPH8	D121D	Silent	0.053317241
1318	MPHOSPH8	A117A;R119G	Silent;Missense	-0.067411669
1319	MPHOSPH8	L127L;N128G;N129D	Silent;Missense;Missense	0.498455675878346
1320	MPHOSPH8	I131T;F132P	Missense;Missense	1.0022874276841454
1321	MPHOSPH8	K152R;K153G	Missense;Missense	0.033849513
1322	MPHOSPH8	K169G;K170E	Missense;Missense	0.073160492
1323	MPHOSPH8	K170G;K171G	Missense;Missense	-0.56252788
1324	MPHOSPH8	K170R;K171G	Missense;Missense	0.7589953815271674
1325	MPHOSPH8	K181G	Missense	0.3743452619736633
1326	MPHOSPH8		No Mutation	-0.106749823
1327	MPHOSPH8	P184P;D185G	Silent;Missense	0.3154333248442715
1328	MPHOSPH8	S189P;L190P	Missense;Missense	0.2524514943791758
1329	MPHOSPH8		No Mutation	-0.34794082
1330	MPHOSPH8	V194A;F195P	Missense;Missense	0.1839478219319459
1331	MPHOSPH8	E205E;K207E	Silent;Missense	-0.665648411
1332	MPHOSPH8		No Mutation	-0.513944244
1333	MPHOSPH8	E226E;L227L;K228E	Silent;Silent;Missense	1.2747342914739803
1334	MPHOSPH8	L227L;K228G	Silent;Missense	1.5943345167938272
1335	MPHOSPH8	E255E;K256G	Silent;Missense	0.09121166
1336	MPHOSPH8	K256K	Silent	0.3638823447183397
1337	MPHOSPH8	S266P	Missense	-0.562226346
1338	MPHOSPH8	S266P	Missense	1.0288597713277383
1339	MPHOSPH8	D271G	Missense	-0.058748519
1340	MPHOSPH8	P275P;E276G	Silent;Missense	-0.111534789
1341	MPHOSPH8		No Mutation	-0.199158231
1342	MPHOSPH8	P275P;E276G	Silent;Missense	0.2451833382527128
1343	MPHOSPH8	S279S	Silent	-0.214262344
1344	MPHOSPH8		No Mutation	-0.348537037
1345	MPHOSPH8		No Mutation	-0.210690314
1346	MPHOSPH8	S295G	Missense	-0.046824475
1347	MPHOSPH8	A296A	Silent	0.3744837145036329
1348	MPHOSPH8	A296A;R297G	Silent;Missense	0.4322418676373704
1349	MPHOSPH8	R299G	Missense	-0.376511985
1350	MPHOSPH8	R299G	Missense	0.441882782319932
1351	MPHOSPH8	R299R;A300A	Silent;Silent	0.4249838483905228
1352	MPHOSPH8	A300A	Silent	-0.764898115
1353	MPHOSPH8	D303G;M304V	Missense;Missense	-0.228923804
1354	MPHOSPH8	M318T	Missense	-0.148327065
1355	MPHOSPH8	M318T;S319S	Missense;Silent	-0.214710851
1356	MPHOSPH8	S316G	Missense	0.4878999915946242
1357	MPHOSPH8	S319S	Silent	0.277763482
1358	MPHOSPH8	M318V	Missense	0.8087454741283197
1359	MPHOSPH8	D323D	Silent	-0.190028922
1360	MPHOSPH8	E322G;D323G	Missense;Missense	-0.098623435
1361	MPHOSPH8	D323G;T324A	Missense;Missense	0.009457675
1362	MPHOSPH8	D325G	Missense	0.478112108119551
1363	MPHOSPH8		No Mutation	1.197421994601059
1364	MPHOSPH8	K331K;K332G;K333E	Silent;Missense;Missense	-0.745016989
1365	MPHOSPH8	T334A	Missense	0.2903670157141657
1366	MPHOSPH8		No Mutation	0.2477267568899958
1367	MPHOSPH8		No Mutation	-0.413220461
1368	MPHOSPH8		No Mutation	-0.649807507
1369	MPHOSPH8	E339G;D340G	Missense;Missense	0.1308229084599101
1370	MPHOSPH8		No Mutation	1.3667190603258927
1371	MPHOSPH8	V381V	Silent	0.5189395743929079
1372	MPHOSPH8		No Mutation	1.9700905010257936
1373	MPHOSPH8		No Mutation	0.5035098340003431
1374	MPHOSPH8	Q384R	Missense	-0.668102847
1375	MPHOSPH8	Q384R;T385A	Missense;Missense	-0.067377647
1376	MPHOSPH8		No Mutation	-0.611182535
1377	MPHOSPH8		No Mutation	-0.612101537
1378	MPHOSPH8	K387G	Missense	0.1357442226414091
1379	MPHOSPH8	K387R	Missense	-0.038711062
1380	MPHOSPH8		No Mutation	0.2762992438995059
1381	MPHOSPH8	L391P	Missense	-0.09580738
1382	MPHOSPH8	S392G	Missense	-0.457381636
1383	MPHOSPH8	E394G	Missense	-0.552509637
1384	MPHOSPH8	R396G	Missense	-0.563510815
1385	MPHOSPH8	T401A	Missense	-0.025010342
1386	MPHOSPH8	S403P	Missense	-0.25566351
1387	MPHOSPH8	T401A	Missense	0.1137039923669214
1388	MPHOSPH8	D402G;S403S	Missense;Silent	-0.221041791
1389	MPHOSPH8		No Mutation	-1.078402114
1390	MPHOSPH8	S403S	Silent	-0.567009899
1391	MPHOSPH8	E405G	Missense	-0.100803058
1392	MPHOSPH8	E405G;E406G	Missense;Missense	-0.999797681
1393	MPHOSPH8	E406G	Missense	-1.034265628
1394	MPHOSPH8		No Mutation	-0.064337732
1395	MPHOSPH8		No Mutation	-0.327537604
1396	MPHOSPH8	K416R;E417G	Missense;Missense	1.1120879702741857
1397	MPHOSPH8	K421K;R422G	Silent;Missense	0.1072385225104137
1398	MPHOSPH8	D426G	Missense	1.2272616957780762
1399	MPHOSPH8	R432G	Missense	-0.616137268
1400	MPHOSPH8	(NC)	Splice-donor	-0.918872719
1401	MPHOSPH8	(NC);(NC);(NC);(NC)	Intron;Intron;Intron;Intron	-0.062851907
1402	MPHOSPH8	D460G	Missense	1.127518711777002
1403	MPHOSPH8	E463G	Missense	-0.539382041
1404	MPHOSPH8	E463G;N464D	Missense;Missense	-0.526801842
1405	MPHOSPH8	K467K;R468G	Silent;Missense	0.1081907276614566
1406	MPHOSPH8	I478M;D479G	Missense;Missense	0.1933229103741298
1407	MPHOSPH8	K487R;Q488R	Missense;Missense	0.358229457
1408	MPHOSPH8	A504A;Y505C	Silent;Missense	-0.414977658
1409	MPHOSPH8		No Mutation	-0.056342543
1410	MPHOSPH8	A508A	Silent	0.053734091
1411	MPHOSPH8	Q520R	Missense	0.1874967563331437
1412	MPHOSPH8	N524N;S525P	Silent;Missense	0.1522428759585686
1413	MPHOSPH8	E523G;N524G	Missense;Missense	0.5843404969871702
1414	MPHOSPH8	(NC)	Intron	-0.824481935
1415	MPHOSPH8		No Mutation	-0.517499448
1416	MPHOSPH8	I531T	Missense	-0.207674903
1417	MPHOSPH8	Q529R	Missense	0.5406055196268429
1418	MPHOSPH8	Q529R;Q530R	Missense;Missense	-0.207839456
1419	MPHOSPH8	I531V	Missense	-0.003155206
1420	MPHOSPH8	M536V	Missense	-0.696926702
1421	MPHOSPH8	D537G	Missense	-0.144819019
1422	MPHOSPH8		No Mutation	0.116982584534973
1423	MPHOSPH8	M543T	Missense	0.0146704694849524
1424	MPHOSPH8	Q549R	Missense	-0.244661414
1425	MPHOSPH8	Q549R	Missense	1.714190439858354
1426	MPHOSPH8	D553D	Silent	0.355816070642402
1427	MPHOSPH8	D556D	Silent	-0.918696938
1428	MPHOSPH8	P566P;S567G	Silent;Missense	0.2314848888275819
1429	MPHOSPH8	(NC);(NC);(NC);(NC)	Intron;Intron;Intron;Intron	0.080394554
1430	MPHOSPH8	R571G;D572G	Missense;Missense	0.5487396402606285
1431	MPHOSPH8	D572G	Missense	0.8116211211090354
1432	MPHOSPH8	D572G	Missense	0.5199473316596556
1433	MPHOSPH8	S588S;N589G	Silent;Missense	1.0728464289752828
1434	MPHOSPH8	E591E;Y592C;N593D	Silent;Missense;Missense	0.4440930282415058
1435	MPHOSPH8	(NC);(NC)	Intron;Intron	-0.011411097
1436	MPHOSPH8	(NC);(NC);(NC)	Intron;Intron;Intron	0.1851795511526666
1437	MPHOSPH8	(NC);(NC)	Intron;Intron	1.489971926741156
1438	MPHOSPH8	(NC);(NC)	Intron;Intron	-0.073042588
1439	MPHOSPH8	S600S	Silent	-0.457360868
1440	MPHOSPH8	S600G	Missense	0.6695847899152363
1441	MPHOSPH8	L604P;V605A	Missense;Missense	0.1477089010993055
1442	MPHOSPH8	M606V	Missense	-0.541355491
1443	MPHOSPH8	M606V	Missense	-0.991223648
1444	MPHOSPH8		No Mutation	-0.93022965
1445	MPHOSPH8		No Mutation	-0.165438602
1446	MPHOSPH8		No Mutation	0.3638245617477666
1447	MPHOSPH8		No Mutation	0.8248896806824098
1448	MPHOSPH8	L616P	Missense	-0.766906737
1449	MPHOSPH8	I621T	Missense	2.1189382538094077
1450	MPHOSPH8	R618R	Silent	-0.206268105
1451	MPHOSPH8	K623G	Missense	0.02533906
1452	MPHOSPH8		No Mutation	0.084880182
1453	MPHOSPH8	N628G	Missense	-0.30274496
1454	MPHOSPH8	N628S	Missense	-1.197928828
1455	MPHOSPH8	H640H;A641A	Silent;Silent	0.5879131601380602
1456	MPHOSPH8	A641A	Silent	0.8384076038718998
1457	MPHOSPH8	I639V	Missense	0.7049394559149913
1458	MPHOSPH8		No Mutation	0.4306397631792128
1459	MPHOSPH8		No Mutation	0.5052656093925896
1460	MPHOSPH8		No Mutation	0.6563334430453177
1461	MPHOSPH8	(NC)	Intron	1.7862885722580146
1462	MPHOSPH8	T648T;T649A	Silent;Missense	0.2533448812141768
1463	MPHOSPH8	N661G	Missense	0.3493880136414011
1464	MPHOSPH8	G667G	Silent	0.3195617772353205
1465	MPHOSPH8	E668G;T669A	Missense;Missense	-1.116979954
1466	MPHOSPH8	K673R;(NC)	Missense;Intron	-0.924870111
1467	MPHOSPH8	(NC)	Intron	0.6597897855958701
1468	MPHOSPH8	(NC);(NC)	Intron;Splice-acceptor	-1.027706508
1469	MPHOSPH8	R684R	Silent	0.1932887391033547
1470	MPHOSPH8	F706L	Missense	-0.384903327
1471	MPHOSPH8		No Mutation	0.1670068188846191
1472	MPHOSPH8	S710P	Missense	0.067784687
1473	MPHOSPH8	V729V;A730A	Silent;Silent	0.6048460538447704
1474	MPHOSPH8		No Mutation	-0.278745577
1475	MPHOSPH8	C753R	Missense	-0.965143613
1476	MPHOSPH8	L756P	Missense	-0.531265545
1477	MPHOSPH8	A752A	Silent	-0.828664218
1478	MPHOSPH8	H754R	Missense	-0.4817757
1479	MPHOSPH8	D765D;F766P	Silent;Missense	-0.067757076
1480	MPHOSPH8	P771P;Q772R	Silent;Missense	0.7154173832442173
1481	MPHOSPH8		No Mutation	0.5627569624841482
1482	MPHOSPH8		No Mutation	-0.614610151
1483	MPHOSPH8		No Mutation	-0.646432446
1484	MPHOSPH8		No Mutation	-0.623722647
1485	MPHOSPH8	(NC)	Intron	0.3264264266325205
1486	MPHOSPH8	S778S	Silent	-1.031253107
1487	MPHOSPH8	I780T	Missense	-0.027103722
1488	MPHOSPH8	H786H	Silent	0.5218180194628035
1489	MPHOSPH8	G791G	Silent	0.1625270179707489
1490	MPHOSPH8	K792G	Missense	0.2389834665020727
1491	MPHOSPH8	I795V	Missense	-0.927191056
1492	MPHOSPH8	A806A;V807A	Silent;Missense	0.6784533918816731
1493	MPHOSPH8	(NC)	Intron	-0.33005792
1494	MPHOSPH8	H822H;F823P	Silent;Missense	-0.761682581
1495	MPHOSPH8	S826S	Silent	0.5765638276129265
1496	MPHOSPH8	N834N	Silent	0.9513817327268272
1497	MPHOSPH8	N834N	Silent	-1.480201881
1498	MPHOSPH8	N834G	Missense	-0.590652465
1499	MPHOSPH8	I838T	Missense	-0.212694447
1500	MPHOSPH8	I838T	Missense	-0.253536427
1501	MPHOSPH8	T841T;E842G	Silent;Missense	-0.315362214
1502	MPHOSPH8	(NC)	Intron	-0.820526614
1503	MPHOSPH8	(NC)	Intron	-0.070611504
1504	MPHOSPH8	(NC);(NC);(NC);(NC)	Intron;Intron;Intron;Intron	0.024334936
1505	MPHOSPH8	(NC);(NC)	Intron;Intron	0.7269844894149942
1506	MPHOSPH8	(NC)	Splice-acceptor	-1.121773817
1507	MPHOSPH8	Q860R	Missense	0.1386650879982708
1508	MPHOSPH8	Q860R	Missense	0.4508358724186638
1509	MPHOSPH8	*861W;(NC)	Missense;UTR	-0.079810301
1510	MPHOSPH8	*861W;(NC);(NC)	Missense;UTR;UTR	0.2306688967837888
1511	MPHOSPH8	(NC);(NC);(NC);(NC)	UTR;UTR;UTR;UTR	-0.358347974
1512	MPHOSPH8	(NC)	UTR	-0.304893624
1513	TASOR	*1610Q	Missense	0.5922918062716529
1514	TASOR		No Mutation	-0.284254687
1515	TASOR	K1598G	Missense	0.3164897784884445
1516	TASOR	W1596R	Missense	0.1359310679846845
1517	TASOR	P1591P	Silent	-0.453022946
1518	TASOR	P1591P	Silent	-0.387388172
1519	TASOR	P1591P	Silent	0.7529248140091411
1520	TASOR		No Mutation	0.877643558
1521	TASOR	S1570P	Missense	-0.293680135
1522	TASOR	S1570P	Missense	0.0273348088167916
1523	TASOR	S1567P	Missense	0.5703327258982277
1524	TASOR	H1549H;F1550P	Silent;Missense	-0.009949647
1525	TASOR	H1549H;F1550P	Silent;Missense	1.229803132889672
1526	TASOR	S1530S	Silent	0.1354876954374212
1527	TASOR	D1514G;I1515V	Missense;Missense	0.049949557
1528	TASOR		No Mutation	-0.418104221
1529	TASOR		No Mutation	-0.776219603
1530	TASOR	E1471G;T1472A	Missense;Missense	0.5495891651240838
1531	TASOR	E1469G	Missense	-0.154296565
1532	TASOR	M1446V	Missense	-1.073534339
1533	TASOR	D1445G;M1446V	Missense;Missense	-0.010739516
1534	TASOR	D1445G;M1446V	Missense;Missense	-0.471645426
1535	TASOR	E1443G	Missense	-0.404163466
1536	TASOR	D1439G	Missense	0.23126461471537
1537	TASOR	N1428G	Missense	-0.573879038
1538	TASOR	N1426N	Silent	0.093698608
1539	TASOR	G1424G;A1425A	Silent;Silent	0.3991657176074612
1540	TASOR	E1418G;N1419G	Missense;Missense	-0.241981905
1541	TASOR	N1404G	Missense	1.0677965375487408
1542	TASOR	Q1403Q;N1404G	Silent;Missense	-0.190631238
1543	TASOR	T1389A	Missense	-0.062585823
1544	TASOR	N1391N	Silent	0.219269236910747
1545	TASOR	S1387G	Missense	0.005730083
1546	TASOR	A1366A	Silent	-0.456463787
1547	TASOR		No Mutation	-0.458289035
1548	TASOR	L1361P;I1362T	Missense;Missense	-0.170000141
1549	TASOR	R1353R;N1354D	Silent;Missense	-0.701593115
1550	TASOR		No Mutation	0.0152875305305316
1551	TASOR	Y1334C	Missense	1.371985386142934
1552	TASOR	K1313R;L1314L	Missense;Silent	-0.066945581
1553	TASOR	K1312G;K1313G	Missense;Missense	-0.329718374
1554	TASOR	K1309K	Silent	0.9614132671985836
1555	TASOR		No Mutation	-0.373744226
1556	TASOR	P1298P;E1299G	Silent;Missense	1.8010763083107335
1557	TASOR	T1297A	Missense	-0.29157239
1558	TASOR	E1294G	Missense	0.2212799813552115
1559	TASOR	S1296S;T1297T	Silent;Silent	-0.652437106
1560	TASOR	V1282A	Missense	-0.172158578
1561	TASOR	V1282A	Missense	-0.127475715
1562	TASOR	P1277P;E1278G	Silent;Missense	0.006988092
1563	TASOR	E1272E;S1273S;I1274V	Silent;Silent;Missense	-0.306035534
1564	TASOR	E1260G	Missense	-0.298293156
1565	TASOR	N1259G;E1260G	Missense;Missense	0.3382660970329498
1566	TASOR	A1245A;G1246G	Silent;Silent	-0.245960842
1567	TASOR	A1245A	Silent	-0.425309927
1568	TASOR	F1244F;A1245A	Silent;Silent	-0.23060418
1569	TASOR	L1236P	Missense	0.8047121272564366
1570	TASOR	(NC);(NC);(NC)	Intron;Intron;Intron	0.9997527804233826
1571	TASOR	(NC)	Intron	0.082149875
1572	TASOR	A1224A	Silent	1.3115356133353802
1573	TASOR	Q1219R;N1220G	Missense;Missense	0.9013630714189952
1574	TASOR		No Mutation	0.054777515
1575	TASOR	E1189G;Y1190C	Missense;Missense	0.1849208917332025
1576	TASOR	K1188G	Missense	-0.231602396
1577	TASOR		No Mutation	1.2172894961545566
1578	TASOR	S1158S;L1159P	Silent;Missense	-0.550471816
1579	TASOR	E1154G	Missense	0.4024249186470746
1580	TASOR	V1155A;F1156L	Missense;Missense	0.0151374354527429
1581	TASOR	F1147P;I1148T	Missense;Missense	0.7542543614375492
1582	TASOR	I1138T;S1139P	Missense;Missense	-0.008921262
1583	TASOR	I1138T;S1139P	Missense;Missense	-0.388219488
1584	TASOR	I1138T;S1139P	Missense;Missense	-0.346159226
1585	TASOR	I1138T	Missense	-0.117578584
1586	TASOR		No Mutation	-0.836036787
1587	TASOR		No Mutation	-0.154594121
1588	TASOR		No Mutation	0.793161392
1589	TASOR	V1117V	Silent	-0.240390667
1590	TASOR	V1117V	Silent	-1.232284329
1591	TASOR	I1116V	Missense	0.1732239408817361
1592	TASOR	D1114G	Missense	-0.128257127
1593	TASOR	V1111A;T1112T	Missense;Silent	-1.105628402
1594	TASOR	L1109P	Missense	-0.785848748
1595	TASOR	Q1104Q;H1105R	Silent;Missense	0.2140021690475311
1596	TASOR		No Mutation	0.6448347832769113
1597	TASOR	T1096T	Silent	-0.31581993
1598	TASOR	E1088G	Missense	-0.118821874
1599	TASOR	H1090H	Silent	0.6330479668067792
1600	TASOR	S1086P	Missense	-0.214480479
1601	TASOR	P1080P;L1081P	Silent;Missense	-0.409861976
1602	TASOR	C1077C;S1078S	Silent;Silent	-0.031799664
1603	TASOR	N1069N	Silent	0.1464091406484071
1604	TASOR	F1067P	Missense	-0.782745475
1605	TASOR	V1059A;I1060T	Missense;Missense	-0.096059191
1606	TASOR	A1051A	Silent	-0.043860806
1607	TASOR	I1050V	Missense	1.156381804897533
1608	TASOR	A1048A	Silent	1.1852162583232753
1609	TASOR	D1045D;S1046P	Silent;Missense	0.6914862985719005
1610	TASOR	S1042G	Missense	-1.016477288
1611	TASOR		No Mutation	0.6955275452497941
1612	TASOR	L1038S	Missense	-0.121727593
1613	TASOR	K1030R;A1031A	Missense;Silent	-0.156512061
1614	TASOR	K1030G	Missense	1.203354279746713
1615	TASOR	I1029V;K1030G	Missense;Missense	0.3002669656155945
1616	TASOR	I1029V;K1030E	Missense;Missense	0.4738565849071878
1617	TASOR	Q1014R	Missense	0.1401264754155925
1618	TASOR		No Mutation	-0.374327901
1619	TASOR	K1010E	Missense	-0.002593009
1620	TASOR	K1007G	Missense	0.4142591855620658
1621	TASOR	S1006S	Silent	0.2330658853077903
1622	TASOR	T993T;Q994R	Silent;Missense	1.5609586675394365
1623	TASOR		No Mutation	0.194260162009716
1624	TASOR		No Mutation	0.2875844042277529
1625	TASOR	V960A;L961P	Missense;Missense	-0.440075038
1626	TASOR	T956A;E957G	Missense;Missense	0.7373585967464547
1627	TASOR	S953G	Missense	0.3785907704589299
1628	TASOR		No Mutation	-0.251674582
1629	TASOR		No Mutation	-0.2320498
1630	TASOR		No Mutation	-1.355979689
1631	TASOR		No Mutation	0.1277061960949129
1632	TASOR	T934A	Missense	-0.453363663
1633	TASOR		No Mutation	-0.241325837
1634	TASOR	D931G	Missense	-0.498136306
1635	TASOR	V932A;L933P	Missense;Missense	0.5693316983305639
1636	TASOR	E929G;D930G	Missense;Missense	-0.48153272
1637	TASOR	T923T;L924L;K925E	Silent;Silent;Missense	0.1096948214969405
1638	TASOR	L924P	Missense	0.7914689091399536
1639	TASOR	(NC)	Intron	0.089613295
1640	TASOR	(NC);(NC)	Intron;Intron	0.4094447742754519
1641	TASOR		No Mutation	-0.066059611
1642	TASOR		No Mutation	-0.593929503
1643	TASOR	(NC);(NC)	Intron;Intron	0.504298238
1644	TASOR	(NC);(NC)	Intron;Intron	-0.552246066
1645	TASOR	K916G	Missense	0.7250764016143929
1646	TASOR	E909G;E910G	Missense;Missense	0.070148777
1647	TASOR	F898S;R899R	Missense;Silent	1.361234765039327
1648	TASOR	F898P	Missense	-0.385121368
1649	TASOR	H896H	Silent	0.4850690390457636
1650	TASOR		No Mutation	0.6569177658603105
1651	TASOR	S891G	Missense	-0.828089659
1652	TASOR	V880A	Missense	0.091988116
1653	TASOR	E873E;(NC);(NC)	Silent;Intron;Intron	0.2731701712031865
1654	TASOR		No Mutation	-0.98187336
1655	TASOR	T865T	Silent	0.1658559343757092
1656	TASOR	I858V	Missense	0.1284147779490081
1657	TASOR	I858V	Missense	0.084777593
1658	TASOR	E834G;N835G	Missense;Missense	1.3805556386172373
1659	TASOR	E834G;N835D	Missense;Missense	-0.675309058
1660	TASOR	Y825H	Missense	-0.542111283
1661	TASOR	Y825H	Missense	1.6056594425763353
1662	TASOR	Y825H	Missense	-0.132481404
1663	TASOR	D803G	Missense	-0.381092168
1664	TASOR	T801T;D802D	Silent;Silent	-0.393640866
1665	TASOR	T792A	Missense	-0.242963093
1666	TASOR	S788S;L789P	Silent;Missense	0.3916575614764654
1667	TASOR	N773N;W774R;L775L	Silent;Missense;Silent	0.6254339711932684
1668	TASOR	H769R	Missense	0.3814251581818306
1669	TASOR	I768T;H769H	Missense;Silent	-0.281533594
1670	TASOR	I765V	Missense	-0.155277066
1671	TASOR	I765T;A766A	Missense;Silent	-0.428444354
1672	TASOR	Q758R;D759G	Missense;Missense	0.8897281052913655
1673	TASOR	R754G	Missense	-0.054772373
1674	TASOR	H749R;D750G	Missense;Missense	1.0062853459212748
1675	TASOR	G748G;H749R	Silent;Missense	-0.433576723
1676	TASOR		No Mutation	-0.191705585
1677	TASOR	S746P;L747P	Missense;Missense	0.1074719941720206
1678	TASOR	Q742R	Missense	0.3899120871620821
1679	TASOR	E739G	Missense	1.2574055963504969
1680	TASOR	S740S	Silent	-0.412988444
1681	TASOR	(NC);(NC);(NC)	Intron;Intron;Intron	1.2552800297237408
1682	TASOR	N733G	Missense	-0.047863423
1683	TASOR	L730S;S731P	Missense;Missense	1.043497151623656
1684	TASOR	K711E	Missense	0.2111558840968701
1685	TASOR	K707G	Missense	0.081796222
1686	TASOR	K692G;K693E	Missense;Missense	0.007076847
1687	TASOR	K692G	Missense	0.1917531000922734
1688	TASOR	R691G;K692G	Missense;Missense	-0.2673592
1689	TASOR	R691G	Missense	2.089346427618088
1690	TASOR	R691G	Missense	-0.19346271
1691	TASOR	N686G	Missense	-0.378594739
1692	TASOR		No Mutation	0.4236148528675639
1693	TASOR	Q668Q;R669G	Silent;Missense	0.3040961294506998
1694	TASOR		No Mutation	0.4961605907252326
1695	TASOR	E661G	Missense	0.5190329935202928
1696	TASOR	K654G	Missense	-0.074764097
1697	TASOR	T648A	Missense	-0.429687596
1698	TASOR	Q641R;E642G	Missense;Missense	-0.082418807
1699	TASOR		No Mutation	-0.417403862
1700	TASOR	P634P	Silent	1.126299462716613
1701	TASOR	L614P	Missense	-0.341384282
1702	TASOR	P609P	Silent	0.1590949688760605
1703	TASOR	C601C;L602P	Silent;Missense	-0.449542103
1704	TASOR	C601C;L602P	Silent;Missense	0.9096577691739856
1705	TASOR	H597H;I598T	Silent;Missense	-0.280887347
1706	TASOR	H597H;I598T	Silent;Missense	-0.371088885
1707	TASOR	L582P	Missense	0.8938744011731945
1708	TASOR	S552S;V553A	Silent;Missense	0.8953777856086388
1709	TASOR	I536V	Missense	-0.794216161
1710	TASOR		No Mutation	-0.361436996
1711	TASOR		No Mutation	-0.134367919
1712	TASOR	N511S;A512A	Missense;Silent	-0.480028026
1713	TASOR	S509S;T510A;N511D	Silent;Missense;Missense	0.0132333223733487
1714	TASOR	T504T;S505P	Silent;Missense	-0.101073814
1715	TASOR	F494F;L495P;F496L	Silent;Missense;Missense	-0.262094462
1716	TASOR	L490P;H491H	Missense;Silent	-0.540778995
1717	TASOR	(NC);(NC);(NC)	Intron;Intron;Intron	0.3180029454454862
1718	TASOR	(NC);(NC)	Intron;Intron	0.342066635337279
1719	TASOR		No Mutation	0.3121144173011949
1720	TASOR		No Mutation	0.1842559054709793
1721	TASOR	Q475R;M476V	Missense;Missense	-0.564016212
1722	TASOR	P478P	Silent	0.3689777387609778
1723	TASOR	V477V;P478P	Silent;Silent	-0.733024632
1724	TASOR	V477A;P478P	Missense;Silent	-0.267658649
1725	TASOR		No Mutation	-0.055970268
1726	TASOR	P473P;Y474H	Silent;Missense	0.4353133170004572
1727	TASOR	F469F;L470P	Silent;Missense	-0.157546075
1728	TASOR	Y467H	Missense	0.9831873793326646
1729	TASOR	K460G	Missense	0.1956120721729606
1730	TASOR		No Mutation	-1.011947822
1731	TASOR		No Mutation	-0.824772149
1732	TASOR		No Mutation	0.4379077608740528
1733	TASOR	T438T;R439G;I440V	Silent;Missense;Missense	-0.05988113
1734	TASOR	E436G	Missense	-0.382561647
1735	TASOR	S430G	Missense	0.4604390531394652
1736	TASOR	(NC);(NC)	Intron;Intron	0.3349293415519119
1737	TASOR	L417L	Silent	-0.723200704
1738	TASOR	Y416C	Missense	0.6236051606516282
1739	TASOR		No Mutation	0.8619270463070476
1740	TASOR	Y412H	Missense	0.411036995
1741	TASOR	F411F;Y412H	Silent;Missense	0.6253333830108007
1742	TASOR	V393A	Missense	-0.492112922
1743	TASOR	(NC);(NC)	Intron;Intron	-0.122718308
1744	TASOR	L383S;P384P	Missense;Silent	0.196819211341637
1745	TASOR	L363P	Missense	-0.376310291
1746	TASOR	N355G;Y356C	Missense;Missense	0.3386799945697845
1747	TASOR	K353R;Y354C	Missense;Missense	-0.072518913
1748	TASOR	N346G;T347A	Missense;Missense	0.4661422670741073
1749	TASOR	(NC);(NC)	Intron;Intron	1.221033654693304
1750	TASOR	S339S	Silent	-0.876661753
1751	TASOR	S339P;S340P	Missense;Missense	-0.525723758
1752	TASOR	K335R	Missense	-0.63333788
1753	TASOR	S324P;F325P	Missense;Missense	-0.965376795
1754	TASOR	Y320H	Missense	-0.572610804
1755	TASOR	Y305C	Missense	-1.1477629
1756	TASOR	T298A	Missense	-0.053234287
1757	TASOR	(NC)	Splice-donor	-0.330743474
1758	TASOR	Y295C;E296G	Missense;Missense	-0.956110404
1759	TASOR	R293R	Silent	-0.155193575
1760	TASOR	L289P	Missense	0.22994439344739
1761	TASOR	R285R;I286V	Silent;Missense	0.7641157121161736
1762	TASOR	V279A	Missense	-1.247887082
1763	TASOR	C277R	Missense	-1.087196273
1764	TASOR	C277R	Missense	-0.878221484
1765	TASOR	H275H;C277R	Silent;Missense	-1.631236054
1766	TASOR	L264L;N265D	Silent;Missense	0.6657063372657961
1767	TASOR	M255V	Missense	0.3537200507316793
1768	TASOR	S250G;I251V	Missense;Missense	-0.404931239
1769	TASOR	S250G;I251V	Missense;Missense	-0.039175613
1770	TASOR	M235T	Missense	0.5925408570103812
1771	TASOR	D231G	Missense	-1.011269516
1772	TASOR		No Mutation	-0.256031807
1773	TASOR	N228G	Missense	-0.606205697
1774	TASOR	N228G	Missense	0.7731279211020361
1775	TASOR	N228G	Missense	-0.382883731
1776	TASOR	Q226Q;N228D	Silent;Missense	-0.753865685
1777	TASOR	L224L;L225L	Silent;Silent	0.2108565497291052
1778	TASOR	(NC)	Splice-acceptor	0.2392862465171448
1779	TASOR	V216A;Y217H	Missense;Missense	0.7167545127891197
1780	TASOR	(NC);(NC);(NC);(NC)	Intron;Intron;Intron;Intron	-0.25652198
1781	TASOR	(NC);(NC);(NC);(NC)	Intron;Intron;Intron;Intron	1.3483871675270924
1782	TASOR	(NC);(NC);(NC);(NC)	Intron;Intron;Intron;Intron	-0.33093969
1783	TASOR		No Mutation	-0.561585589
1784	TASOR		No Mutation	0.1178234781333797
1785	TASOR	L209P	Missense	1.8558297947767268
1786	TASOR	K205G	Missense	0.4962930526580193
1787	TASOR	E196G;K197G	Missense;Missense	-0.383331147
1788	TASOR	E196G;K197E	Missense;Missense	-0.24865942
1789	TASOR	Q192R;T193A	Missense;Missense	0.684538804
1790	TASOR	(NC);(NC);(NC)	Intron;Intron;Intron	0.2080545544919962
1791	TASOR	M185V	Missense	0.3779209062944205
1792	TASOR	M185T;V186A	Missense;Missense	1.847903322052676
1793	TASOR	E179E	Silent	1.4344883110530753
1794	TASOR	D170G	Missense	-0.188492292
1795	TASOR	R165G;E166G	Missense;Missense	0.6379831141405421
1796	TASOR	V151V	Silent	0.7724134159681092
1797	TASOR	Y145C;R146G	Missense;Missense	0.1061751648613782
1798	TASOR	F143S	Missense	0.076262825
1799	TASOR	N142N;F143P	Silent;Missense	0.2242072854273173
1800	TASOR	V140A	Missense	-0.073381272
1801	TASOR	L135L	Silent	-0.080824543
1802	TASOR	F123P	Missense	-0.490232306
1803	TASOR	S120P	Missense	-0.417805668
1804	TASOR	S106G;R107G	Missense;Missense	-0.692661554
1805	TASOR	K105G;S106G	Missense;Missense	0.194112670251261
1806	TASOR	F100P	Missense	0.1531238868401192
1807	TASOR		No Mutation	0.4206920803988165
1808	TASOR		No Mutation	-0.839774311
1809	TASOR	E93G	Missense	0.047511917
1810	TASOR	E91G	Missense	0.2481312273498421
1811	TASOR	P95P	Silent	0.2249821428673583
1812	TASOR		No Mutation	-0.49988295
1813	TASOR		No Mutation	-0.346456501
1814	TASOR		No Mutation	-0.449297869
1815	TASOR		No Mutation	-0.801767718
1816	TASOR		No Mutation	-0.36321437
1817	TASOR		No Mutation	-0.284549207
1818	TASOR		No Mutation	-0.228142681
1819	TASOR		No Mutation	0.04677451
1820	TASOR		No Mutation	0.9495848693608556
1821	TASOR		No Mutation	-0.186099074
1822	TASOR		No Mutation	-0.344394151
1823	TASOR		No Mutation	-0.786274835
1824	TASOR	Q75R;D76G	Missense;Missense	-0.528585744
1825	TASOR	Q75R	Missense	0.5167211022068371
1826	TASOR		No Mutation	-0.346959622
1827	TASOR	S77P	Missense	-0.895377657
1828	TASOR	P74P	Silent	-0.501363205
1829	TASOR	S70G	Missense	-0.243312316
1830	TASOR		No Mutation	0.090080613
1831	TASOR		No Mutation	0.1499864867402841
1832	TASOR		No Mutation	-0.486601354
1833	TASOR	L69P	Missense	0.000909871
1834	TASOR	E59G;N60D	Missense;Missense	-0.752433463
1835	TASOR		No Mutation	0.3023488571769165
1836	TASOR		No Mutation	-0.242472776
1837	TASOR		No Mutation	0.2336630328302137
1838	TASOR		No Mutation	-0.328947668
1839	TASOR	R57R	Silent	0.085328324
1840	TASOR		No Mutation	0.2627283793104104
1841	TASOR		No Mutation	-0.354658214
1842	TASOR	E50G	Missense	-0.780940063
1843	TASOR	E50G	Missense	-0.065485249
1844	TASOR	I48V	Missense	0.012110458232984
1845	TASOR		No Mutation	-0.251953985
1846	TASOR	N47G;I48V	Missense;Missense	0.7548578412208078
1847	TASOR	Q39R;N40G	Missense;Missense	-0.665363883
1848	TASOR	Q38R;Q39R	Missense;Missense	0.655838492
1849	TASOR	Q38R	Missense	1.4713723540797794
1850	TASOR		No Mutation	-0.134278708
1851	TASOR	E35G	Missense	0.3328510469963281
1852	TASOR	S37P	Missense	-0.919892584
1853	TASOR	M27V;K28E	Missense;Missense	-0.391353739
1854	TASOR	E18G	Missense	0.6507511722809574
1855	TASOR	S16G	Missense	0.1787822923175239
1856	TASOR	S16G	Missense	-0.554349671
1857	TASOR	D14G	Missense	0.8256326150791842
1858	TASOR	W17R	Missense	-0.717879071
1859	TASOR	T13A	Missense	-0.235690122
1860	TASOR	Q11R	Missense	-0.216569076
1861	TASOR	D14D	Silent	0.3410062038196993
1862	TASOR	E8G	Missense	-0.031296305
1863	TASOR	T3A	Missense	0.5888749999879903
1864	TASOR	T3T;A4A	Silent;Silent	0.2395992587555554
1865	TASOR	M1V	Missense	-0.408512247
1866	TASOR	M1T	Missense	-0.624305516
1867	TASOR		No Mutation	-0.632567351
1868	TASOR		No Mutation	-0.344689434
1869	TASOR		No Mutation	-0.685395267
1870	PPHLN1	P18P	Silent	0.3229107601091731
1871	PPHLN1		No Mutation	0.5272560260176063
1872	PPHLN1	S24S;(NC)	Silent;Splice-donor	-0.448756182
1873	PPHLN1	(NC);(NC)	Intron;Intron	1.0888104870649844
1874	PPHLN1	(NC)	Intron	-0.464094516
1875	PPHLN1	L40P;L41P	Missense;Missense	-0.21954191
1876	PPHLN1	P39P	Silent	0.3372538114894104
1877	PPHLN1		No Mutation	-0.674012017
1878	PPHLN1	L41L;D42G	Silent;Missense	-0.154760847
1879	PPHLN1	P44P	Silent	0.4146152174434283
1880	PPHLN1	Y49H	Missense	-0.077728473
1881	PPHLN1	Y58C	Missense	-0.429436478
1882	PPHLN1	Y58C	Missense	1.0377595916460156
1883	PPHLN1		No Mutation	-0.377338883
1884	PPHLN1	H69H;D70D	Silent;Silent	0.4529474021860442
1885	PPHLN1	S73G	Missense	-0.727214677
1886	PPHLN1	(NC);(NC)	Splice-donor;Intron	-0.093836097
1887	PPHLN1	(NC);(NC)	Intron;Intron	-0.075430648
1888	PPHLN1	(NC)	Intron	0.5472268659021846
1889	PPHLN1	D80G;E81G	Missense;Missense	0.4010466478560042
1890	PPHLN1	R95G	Missense	-0.311976984
1891	PPHLN1	Q96Q	Silent	-0.783688713
1892	PPHLN1	(NC);(NC);(NC)	Intron;Intron;Splice-acceptor	-1.252845811
1893	PPHLN1	H115R	Missense	0.8139367238899986
1894	PPHLN1		No Mutation	0.1638018640316267
1895	PPHLN1	S121P	Missense	0.4335887597480004
1896	PPHLN1	E119G	Missense	-0.563459661
1897	PPHLN1		No Mutation	0.7396010235058972
1898	PPHLN1	E132E;S133S	Silent;Silent	0.2412502460457045
1899	PPHLN1	D139D;S140P	Silent;Missense	0.349365931
1900	PPHLN1		No Mutation	0.1240969932251899
1901	PPHLN1		No Mutation	-0.074438391
1902	PPHLN1	G146G;S147P	Silent;Missense	-0.711389936
1903	PPHLN1		No Mutation	0.117829597363287
1904	PPHLN1	R152R;S153G	Silent;Missense	-0.042157694
1905	PPHLN1	S161P;Y162H	Missense;Missense	0.3090221224006753
1906	PPHLN1	H169H	Silent	0.8533659123868007
1907	PPHLN1	(NC);(NC)	Intron;Intron	-0.128599945
1908	PPHLN1	(NC)	Intron	0.2454199663012025
1909	PPHLN1	(NC)	Intron	0.8111581395856948
1910	PPHLN1	S172P	Missense	0.970802606751822
1911	PPHLN1	S172P	Missense	0.0182414895626801
1912	PPHLN1	V173A	Missense	-0.185452426
1913	PPHLN1	(NC);(NC);K171R	Intron;Splice-acceptor;Missense	-0.297025766
1914	PPHLN1	R174R;P175P	Silent;Silent	-0.226545886
1915	PPHLN1	S178P	Missense	-0.720719778
1916	PPHLN1		No Mutation	0.09783369
1917	PPHLN1		No Mutation	0.3287591979288757
1918	PPHLN1	Y179C;K180G	Missense;Missense	0.566855749
1919	PPHLN1	N183N	Silent	-1.095715467
1920	PPHLN1	N183N	Silent	0.7023650938187473
1921	PPHLN1	E184G	Missense	0.8757980190175776
1922	PPHLN1	(NC);(NC);(NC);(NC)	Intron;Intron;Intron;Intron	-0.555041331
1923	PPHLN1	(NC)	Intron	1.0181444931256831
1924	PPHLN1	D203G;T204A	Missense;Missense	0.1078794970444506
1925	PPHLN1	V212A	Missense	-0.32407395
1926	PPHLN1	V212A	Missense	0.8729913479011772
1927	PPHLN1	S210S;A211A	Silent;Silent	-0.999358776
1928	PPHLN1	L218L	Silent	0.6109058813322216
1929	PPHLN1	S222G;R223G	Missense;Missense	-0.09885161
1930	PPHLN1	E226G;K227E	Missense;Missense	-0.201132137
1931	PPHLN1	E231G	Missense	0.2178735281579243
1932	PPHLN1	E231G	Missense	0.3925910363492464
1933	PPHLN1	E251G;I252V	Missense;Missense	-0.430479806
1934	PPHLN1	Y255H	Missense	0.8249279533816638
1935	PPHLN1		No Mutation	-1.119154097
1936	PPHLN1	S259P	Missense	0.039125179
1937	PPHLN1	F264S;T265T	Missense;Silent	0.6228535179093855
1938	PPHLN1	T265A	Missense	-0.048169533
1939	PPHLN1		No Mutation	0.4720402184107659
1940	PPHLN1	P271P;S273P	Silent;Missense	-0.307695022
1941	PPHLN1	S273P	Missense	0.624740427
1942	PPHLN1	E272G	Missense	-0.085870413
1943	PPHLN1	E272G;S273S	Missense;Silent	0.5787449846020581
1944	PPHLN1		No Mutation	-0.23389749
1945	PPHLN1	I294T	Missense	-0.666314486
1946	PPHLN1	K297K;T298A;K299E	Silent;Missense;Missense	0.8004696693037925
1947	PPHLN1	(NC);(NC);(NC)	Intron;Intron;Intron	1.2293870404762777
1948	PPHLN1		No Mutation	-0.633628509
1949	PPHLN1	Q307R;D308G	Missense;Missense	0.8368625985758078
1950	PPHLN1	Q307R;D308G	Missense;Missense	-0.315429628
1951	PPHLN1	T311T;F312L	Silent;Missense	0.1175746082466326
1952	PPHLN1		No Mutation	-0.3869441
1953	PPHLN1	E310G;T311A	Missense;Missense	-0.164046103
1954	PPHLN1	I330V	Missense	0.3257834877333042
1955	PPHLN1	Q336R;N337G	Missense;Missense	-0.203664414
1956	PPHLN1	L338L;H339R	Silent;Missense	-0.051396732
1957	PPHLN1	(NC)	Intron	-0.189395892
1958	PPHLN1		No Mutation	-0.628904789
1959	PPHLN1	S343P	Missense	0.2482481541813003
1960	PPHLN1	E342G	Missense	0.5493876766344957
1961	PPHLN1		No Mutation	-0.861529491
1962	PPHLN1	A344A;G345G	Silent;Silent	0.4775641696793649
1963	PPHLN1	Q349R;Q350R	Missense;Missense	-0.243703104
1964	PPHLN1	R355G	Missense	0.511405973
1965	PPHLN1	T357T	Silent	0.226855068903091
1966	PPHLN1	T357T	Silent	-0.179458187
1967	PPHLN1	T357T	Silent	0.2593827567527891
1968	PPHLN1	M359T	Missense	-0.308156484
1969	PPHLN1	T357A;E358G	Missense;Missense	0.5126968753122056
1970	PPHLN1	G363G;T364A	Silent;Missense	0.084967527
1971	PPHLN1	Q374R	Missense	-0.295204262
1972	PPHLN1	(NC);(NC)	Intron;Intron	-0.711068964
1973	PPHLN1	(NC)	Intron	0.127958119854586
1974	PPHLN1	(NC);(NC)	Intron;Intron	0.331399636
1975	PPHLN1		No Mutation	-0.259307198
1976	PPHLN1		No Mutation	-0.105692548
1977	PPHLN1		No Mutation	-0.29539187
1978	PPHLN1		No Mutation	0.098302805
1979	PPHLN1		No Mutation	-0.364584305
1980	PPHLN1		No Mutation	-0.745728577
1981	PPHLN1		No Mutation	-1.771179301
1982	PPHLN1		No Mutation	-0.578254948
1983	PPHLN1		No Mutation	0.0109042364700301
1984	PPHLN1	L386P	Missense	-0.159612659
1985	PPHLN1	Q384R	Missense	-0.13044179
1986	PPHLN1		No Mutation	-0.397452775
1987	PPHLN1		No Mutation	-0.323412572
1988	PPHLN1		No Mutation	0.1249899165125003
1989	PPHLN1	Q387R	Missense	0.4020949431931356
1990	PPHLN1	Q387R	Missense	0.3721609731178096
1991	PPHLN1		No Mutation	-0.080088446
1992	PPHLN1		No Mutation	0.283250831
1993	PPHLN1		No Mutation	-0.425207129
1994	PPHLN1	K390G	Missense	-0.134534334
1995	PPHLN1	V393A	Missense	-0.468052532
1996	PPHLN1	V393A;R394R	Missense;Silent	-0.049546754
1997	PPHLN1	V393V;R394R	Silent;Silent	-0.236357439
1998	PPHLN1	T396A	Missense	-0.06594806
1999	PPHLN1	Q398R	Missense	0.079479639
2000	PPHLN1	G404G	Silent	-0.047032441
2001	PPHLN1	G404G	Silent	0.48095787885615
2002	PPHLN1		No Mutation	-0.337043662
2003	PPHLN1	P406P	Silent	-0.194825749
2004	PPHLN1		No Mutation	0.213708141872638
2005	PPHLN1		No Mutation	0.2425666771555295
2006	PPHLN1	M412T	Missense	-1.727638854
2007	PPHLN1		No Mutation	-0.431318948
2008	PPHLN1	K414E	Missense	-0.040352691
2009	PPHLN1	K414G;K415E	Missense;Missense	-0.565004403
2010	PPHLN1	T416T;T417A	Silent;Missense	0.6871305296635123
2011	PPHLN1		No Mutation	-0.239932642
2012	PPHLN1	F431P	Missense	-0.386196382
2013	PPHLN1	S442S;V443A	Silent;Missense	-0.179162941
2014	PPHLN1	V444V;H445R	Silent;Missense	-0.212495464
2015	PPHLN1	N447G	Missense	-0.150535779
2016	PPHLN1		No Mutation	0.29243019
2017	MORC2		No Mutation	0.043850606
2018	MORC2	K1030G	Missense	0.1074383569624644
2019	MORC2	*1033R	Missense	-0.502304587
2020	MORC2	T1029A	Missense	-0.179345377
2021	MORC2	D1026G	Missense	0.9842914547507616
2022	MORC2	E1025G;D1026G	Missense;Missense	0.8650665889602495
2023	MORC2	E1025G;D1026G	Missense;Missense	-0.495138687
2024	MORC2	E1025G	Missense	-0.283731597
2025	MORC2	L1027P;I1028T	Missense;Missense	0.3379279394206438
2026	MORC2		No Mutation	-0.467759422
2027	MORC2	N1015G;T1016A	Missense;Missense	0.9712160073518644
2028	MORC2		No Mutation	-1.225271546
2029	MORC2	I1012T	Missense	0.5539683475796056
2030	MORC2		No Mutation	1.356919088445112
2031	MORC2	(NC)	Intron	0.2923477333872576
2032	MORC2	(NC);(NC)	Intron;Intron	-0.364980325
2033	MORC2	(NC)	Intron	0.4671264774484609
2034	MORC2		No Mutation	-0.252808425
2035	MORC2		No Mutation	-0.517786807
2036	MORC2	A1003A	Silent	-0.801359724
2037	MORC2		No Mutation	0.2292952505706291
2038	MORC2	L1004P;L1005P	Missense;Missense	-1.543449595
2039	MORC2	R998G	Missense	-0.392277063
2040	MORC2	E992G;K993G	Missense;Missense	-0.734309076
2041	MORC2	R985G;K986E	Missense;Missense	-0.092045683
2042	MORC2	L987P	Missense	-1.047188674
2043	MORC2		No Mutation	-0.244634261
2044	MORC2		No Mutation	0.6679391592390067
2045	MORC2		No Mutation	-0.914376984
2046	MORC2	L980P	Missense	-0.592428612
2047	MORC2		No Mutation	-0.377303811
2048	MORC2		No Mutation	0.4029509879174113
2049	MORC2		No Mutation	-0.791683128
2050	MORC2		No Mutation	-0.41488856
2051	MORC2		No Mutation	0.2242102916316862
2052	MORC2		No Mutation	0.221935150388247
2053	MORC2	S971P	Missense	-0.56278012
2054	MORC2	S967G	Missense	-0.399747702
2055	MORC2	Q966R;S967G	Missense;Missense	-0.438876209
2056	MORC2	A969A	Silent	-0.361545202
2057	MORC2		No Mutation	0.0403046557335797
2058	MORC2	N963N;S964P;Y965H	Silent;Missense;Missense	-1.212206521
2059	MORC2	K952G	Missense	-0.101068363
2060	MORC2	K952G	Missense	-0.437923326
2061	MORC2	F951P	Missense	-0.85047276
2062	MORC2	F951P	Missense	-0.919019093
2063	MORC2		No Mutation	-0.515052908
2064	MORC2		No Mutation	0.3320303128427713
2065	MORC2		No Mutation	0.4248368497441924
2066	MORC2	(NC)	Intron	0.9251112605515766
2067	MORC2	S935S;A936A	Silent;Silent	0.2116360646341956
2068	MORC2	L934P	Missense	-0.582896028
2069	MORC2	L934P	Missense	-0.701686258
2070	MORC2		No Mutation	-0.681057289
2071	MORC2	S930P	Missense	-0.53734536
2072	MORC2	I929T;S930P	Missense;Missense	-0.088753947
2073	MORC2		No Mutation	-0.359475658
2074	MORC2	C918C;L919P	Silent;Missense	0.9139932076657128
2075	MORC2		No Mutation	1.0995511635278037
2076	MORC2	N917N;C918R	Silent;Missense	-0.184954847
2077	MORC2	N917N;C918R	Silent;Missense	-0.363291286
2078	MORC2		No Mutation	-0.139747602
2079	MORC2	(NC);(NC);(NC);(NC)	Intron;Intron;Intron;Intron	0.556764171
2080	MORC2	(NC);(NC);(NC);(NC)	Intron;Intron;Intron;Intron	-0.254001646
2081	MORC2	(NC);(NC)	Intron;Intron	-0.161213832
2082	MORC2	L915P	Missense	-0.561648006
2083	MORC2		No Mutation	-0.417856011
2084	MORC2	V912A	Missense	0.1541083177013315
2085	MORC2	I908T	Missense	-0.563003466
2086	MORC2		No Mutation	0.078581457
2087	MORC2		No Mutation	-0.191618331
2088	MORC2	N904N	Silent	0.035203787
2089	MORC2	L901P	Missense	-0.506077933
2090	MORC2		No Mutation	0.328662524
2091	MORC2	P896P	Silent	-1.034612293
2092	MORC2	I894T	Missense	-0.466419346
2093	MORC2	L892P	Missense	0.3209649832481316
2094	MORC2	L892P	Missense	0.4336630629637641
2095	MORC2	C891R;L892P	Missense;Missense	0.048138515
2096	MORC2		No Mutation	0.2018098489815435
2097	MORC2	A882A;V883A	Silent;Missense	-1.197764928
2098	MORC2	A882A;V883A	Silent;Missense	0.5747867477089752
2099	MORC2	I881T	Missense	-0.328498845
2100	MORC2		No Mutation	-0.331320934
2101	MORC2		No Mutation	-0.169730347
2102	MORC2	E871G	Missense	0.009824253
2103	MORC2		No Mutation	-0.475402686
2104	MORC2		No Mutation	-0.552768003
2105	MORC2	E867G	Missense	-0.086329278
2106	MORC2	Q865Q;Q866R	Silent;Missense	-0.876291878
2107	MORC2	T864T;Q865R	Silent;Missense	-0.185978469
2108	MORC2	T864A	Missense	-0.256100502
2109	MORC2		No Mutation	-0.000498344
2110	MORC2	D863G;T864A	Missense;Missense	1.037454862572337
2111	MORC2	D863G;T864A	Missense;Missense	-0.31881854
2112	MORC2	D863G	Missense	0.4620514925224102
2113	MORC2		No Mutation	0.5381469197676271
2114	MORC2	S861G	Missense	0.2072010468063199
2115	MORC2	L862P	Missense	-0.722271996
2116	MORC2		No Mutation	-0.47771424
2117	MORC2	H859H	Silent	-0.516200444
2118	MORC2	H859H	Silent	0.2715744165551557
2119	MORC2	H859H	Silent	-0.183241654
2120	MORC2	M852V;K853E	Missense;Missense	-0.69907766
2121	MORC2	K844R	Missense	0.2334346542669907
2122	MORC2		No Mutation	-0.347339436
2123	MORC2		No Mutation	-0.070731493
2124	MORC2	(NC)	Intron	-0.469902818
2125	MORC2		No Mutation	0.058997941
2126	MORC2		No Mutation	-0.005070483
2127	MORC2	(NC)	Intron	1.6950899578245164
2128	MORC2	(NC);(NC)	Intron;Intron	-1.231345268
2129	MORC2	(NC)	Intron	0.5510203660703674
2130	MORC2	(NC)	Intron	-0.899574831
2131	MORC2		No Mutation	-0.176157589
2132	MORC2	(NC);(NC)	Splice-donor;Intron	0.1289089121621812
2133	MORC2	T836A	Missense	0.2314663610411211
2134	MORC2		No Mutation	-0.456495036
2135	MORC2	H820R	Missense	0.1673079838840542
2136	MORC2	K819G	Missense	-1.061067708
2137	MORC2		No Mutation	0.195075272041979
2138	MORC2	H820H	Silent	-0.159674423
2139	MORC2	E816G	Missense	-1.326741813
2140	MORC2		No Mutation	0.53524615
2141	MORC2	T813A	Missense	-0.264502132
2142	MORC2	T813A	Missense	-0.107847565
2143	MORC2		No Mutation	0.1420838554680974
2144	MORC2		No Mutation	-0.561535754
2145	MORC2	N804G;R805G	Missense;Missense	-0.540774655
2146	MORC2	N804G;R805G	Missense;Missense	-0.177385442
2147	MORC2		No Mutation	-0.997725947
2148	MORC2	E800G	Missense	0.2084452065543884
2149	MORC2	E800G	Missense	0.1765863522909082
2150	MORC2	K795G	Missense	-0.068387869
2151	MORC2	(NC);D794G;K795E	Splice-acceptor;Missense;Missense	0.4250625430944655
2152	MORC2	(NC);(NC)	Intron;Intron	0.3269762608121359
2153	MORC2	(NC)	Intron	-0.36623649
2154	MORC2	(NC)	Intron	0.198202373425582
2155	MORC2	(NC)	Intron	-0.154617298
2156	MORC2	Q792R;K793E	Missense;Missense	-0.335767589
2157	MORC2	Q792R	Missense	0.425720888
2158	MORC2	Q792R	Missense	0.0525417617302572
2159	MORC2	R790R	Silent	-1.031786294
2160	MORC2		No Mutation	-1.15488349
2161	MORC2	K789G	Missense	0.006678323
2162	MORC2		No Mutation	-0.216789384
2163	MORC2	S777S;D778G;S779G	Silent;Missense;Missense	-0.613759471
2164	MORC2		No Mutation	-1.344078569
2165	MORC2	(NC)	Splice-acceptor	-1.14012845
2166	MORC2	S779S	Silent	1.3253142514351053
2167	MORC2	(NC)	Splice-acceptor	-0.421233942
2168	MORC2	(NC);(NC)	Intron;Intron	0.2223163383299048
2169	MORC2	(NC)	Intron	-0.475410931
2170	MORC2	N774G;E775G	Missense;Missense	-0.236945983
2171	MORC2	D772G	Missense	0.2745461722359684
2172	MORC2	E769E;K770G;K771E	Silent;Missense;Missense	0.1742820996095652
2173	MORC2	K767E	Missense	-0.210948711
2174	MORC2	R763G	Missense	-0.105017378
2175	MORC2	R763G	Missense	-1.07509367
2176	MORC2	K756G;E757G	Missense;Missense	0.087881845
2177	MORC2	K756G	Missense	-0.486539966
2178	MORC2	K756G	Missense	0.2693904975679985
2179	MORC2	E753G	Missense	0.7658714208070632
2180	MORC2	E751G	Missense	-0.142890635
2181	MORC2	E749G;E750G	Missense;Missense	0.0282045786056214
2182	MORC2	E749G	Missense	0.1895759148668399
2183	MORC2	E745G	Missense	0.2857596416176882
2184	MORC2	D744G	Missense	-0.656177787
2185	MORC2		No Mutation	0.3280129307078064
2186	MORC2	S739S;V740A	Silent;Missense	-0.925050015
2187	MORC2	S739S	Silent	-0.443178079
2188	MORC2	S739S	Silent	-0.118291371
2189	MORC2	T733A	Missense	1.258062958816057
2190	MORC2	(NC)	Splice-acceptor	0.5290065382655047
2191	MORC2	A732A	Silent	0.2643188228331583
2192	MORC2	(NC);(NC)	Intron;Intron	0.3001912542184738
2193	MORC2	(NC)	Intron	-0.550877766
2194	MORC2	(NC)	Splice-donor	-0.59211395
2195	MORC2	S725S;I727V	Silent;Missense	0.162713519297714
2196	MORC2		No Mutation	-0.170838701
2197	MORC2	T717T	Silent	0.6734877811651101
2198	MORC2	T717T	Silent	0.5544584135140583
2199	MORC2	K713K;I715V	Silent;Missense	-0.322868998
2200	MORC2	I715T	Missense	-0.312692426
2201	MORC2	S711P	Missense	-0.64084486
2202	MORC2	P710P;S711P	Silent;Missense	0.8748200078899724
2203	MORC2	V709A	Missense	-0.163391521
2204	MORC2	P706P	Silent	0.4450529251207429
2205	MORC2	P706P	Silent	0.2761757090792011
2206	MORC2	K704E	Missense	-0.373211757
2207	MORC2	N702G	Missense	0.5028950541354046
2208	MORC2	N702G	Missense	-0.633017434
2209	MORC2	S703P	Missense	0.1832674477745459
2210	MORC2	L695P;S696P	Missense;Missense	0.3936537044037691
2211	MORC2	L695P;S696P	Missense;Missense	-0.331143669
2212	MORC2	L695P	Missense	0.1649666517168355
2213	MORC2		No Mutation	0.667392873
2214	MORC2	V692A	Missense	0.4391989975615233
2215	MORC2	L691P;V692A	Missense;Missense	1.1670738230055089
2216	MORC2	A685A	Silent	-0.371554332
2217	MORC2	T684T	Silent	0.3237123306008037
2218	MORC2	V682A	Missense	-0.384263163
2219	MORC2	T680T	Silent	0.1138241139965461
2220	MORC2	T680T	Silent	-0.102518171
2221	MORC2		No Mutation	-0.234121094
2222	MORC2		No Mutation	-0.939330458
2223	MORC2		No Mutation	-0.288071369
2224	MORC2		No Mutation	0.6559999565432006
2225	MORC2		No Mutation	-0.017085892
2226	MORC2	L667P;L668P	Missense;Missense	0.3694463562982294
2227	MORC2	S665P	Missense	-0.214968202
2228	MORC2	E660G;E661G	Missense;Missense	0.5616974763678142
2229	MORC2		No Mutation	-0.347278286
2230	MORC2		No Mutation	0.5278526305938573
2231	MORC2		No Mutation	-0.589872105
2232	MORC2		No Mutation	-0.068018904
2233	MORC2		No Mutation	-0.648912636
2234	MORC2		No Mutation	0.5831572331721713
2235	MORC2		No Mutation	-0.823449749
2236	MORC2	L656P	Missense	-0.096541318
2237	MORC2	A655A;L656P	Silent;Missense	0.1104188892179631
2238	MORC2	A655A;L656P	Silent;Missense	0.5761005484409767
2239	MORC2	P651P;K652E	Silent;Missense	-0.226020482
2240	MORC2		No Mutation	0.2970874040632413
2241	MORC2	I647T	Missense	-0.891910584
2242	MORC2	V646A;I647T	Missense;Missense	-0.224720294
2243	MORC2	V646A;I647T	Missense;Missense	-0.719019273
2244	MORC2	A644A;P645P	Silent;Silent	0.096487752
2245	MORC2	A644A	Silent	-0.811232232
2246	MORC2		No Mutation	-0.111955421
2247	MORC2	P637P;S639G	Silent;Missense	0.4287864239949491
2248	MORC2		No Mutation	0.2631532042382208
2249	MORC2		No Mutation	-0.461082224
2250	MORC2	P635P	Silent	0.3460101679170399
2251	MORC2	T634T;P635P	Silent;Silent	0.9524494506009096
2252	MORC2	T634T;P635P	Silent;Silent	0.7439131774802247
2253	MORC2	T634T	Silent	0.0313712869254707
2254	MORC2	S631S;L632P	Silent;Missense	-0.628448693
2255	MORC2	S631P;L632P	Missense;Missense	-0.028097198
2256	MORC2	P630P;S631P;L632L	Silent;Missense;Silent	-0.203390017
2257	MORC2	P630P;S631P	Silent;Missense	-0.22210547
2258	MORC2		No Mutation	-0.211538637
2259	MORC2	I622T	Missense	0.0297445107124193
2260	MORC2	I622T	Missense	-0.487312142
2261	MORC2	V621A;I622T	Missense;Missense	0.334308119
2262	MORC2	V621A;I622T	Missense;Missense	-0.150055314
2263	MORC2	L618L	Silent	0.0319747137377413
2264	MORC2	L618P	Missense	-0.235916188
2265	MORC2	S615P	Missense	0.076967438
2266	MORC2	R609G	Missense	0.737492567
2267	MORC2		No Mutation	0.4548882025003836
2268	MORC2	P606P;V607A	Silent;Missense	1.4848173661571251
2269	MORC2	(NC)	Intron	0.092363916
2270	MORC2	(NC)	Intron	-0.174965137
2271	MORC2	(NC);(NC)	Intron;Intron	-0.296607694
2272	MORC2	(NC)	Intron	-0.737247021
2273	MORC2		No Mutation	-0.10437929
2274	MORC2	T603A;E604G	Missense;Missense	-0.161080919
2275	MORC2	(NC)	Intron	0.091361525
2276	MORC2	T603A	Missense	-0.140048444
2277	MORC2	T603A	Missense	-0.593108723
2278	MORC2	(NC)	Splice-donor	-0.305686015
2279	MORC2	T603T	Silent	-0.332504051
2280	MORC2	T599A;R600G	Missense;Missense	0.461219664953425
2281	MORC2		No Mutation	-0.534400811
2282	MORC2		No Mutation	-0.126377643
2283	MORC2	L595P	Missense	-0.560499981
2284	MORC2	K591E	Missense	-1.071254344
2285	MORC2	L593L	Silent	0.351477652361958
2286	MORC2		No Mutation	-0.224497669
2287	MORC2	L590P	Missense	0.3524999068803168
2288	MORC2		No Mutation	-0.539972874
2289	MORC2		No Mutation	-0.48248234
2290	MORC2		No Mutation	-0.086379732
2291	MORC2		No Mutation	0.5246129375183416
2292	MORC2	(NC)	Intron	-0.771808941
2293	MORC2	(NC);(NC)	Intron;Intron	0.336414660694424
2294	MORC2	(NC)	Intron	0.4229544406471577
2295	MORC2	Q579R	Missense	0.9938098294621154
2296	MORC2	E576G	Missense	-0.760429718
2297	MORC2	E576G	Missense	-0.509440836
2298	MORC2	K574G	Missense	1.2260873369008551
2299	MORC2	L575P	Missense	0.6918968854484184
2300	MORC2	Q571R	Missense	-0.346944404
2301	MORC2	Q570R	Missense	0.9501001316148312
2302	MORC2	K567G;I568V	Missense;Missense	-0.33328952
2303	MORC2	R551R;K552G	Silent;Missense	-0.229215811
2304	MORC2		No Mutation	0.2686078804693634
2305	MORC2		No Mutation	-0.275329203
2306	MORC2		No Mutation	0.036597904
2307	MORC2		No Mutation	-0.166431944
2308	MORC2	K542G;Q543R	Missense;Missense	-0.547434771
2309	MORC2	Q541Q;K542G	Silent;Missense	1.3980382561366302
2310	MORC2		No Mutation	1.5440643298090069
2311	MORC2	C536R	Missense	-0.473879119
2312	MORC2		No Mutation	-0.407821601
2313	MORC2	(NC);(NC)	Intron;Intron	-0.314706161
2314	MORC2	(NC);(NC)	Intron;Intron	0.2275508738029051
2315	MORC2	(NC);(NC)	Intron;Intron	1.4072583800562095
2316	MORC2	(NC);(NC)	Intron;Intron	-0.54926997
2317	MORC2	(NC);(NC)	Intron;Intron	2.128502371144156
2318	MORC2	(NC);(NC)	Intron;Intron	0.0252149067245337
2319	MORC2	(NC)	Splice-donor	-1.152365244
2320	MORC2		No Mutation	-0.848506155
2321	MORC2		No Mutation	-0.347530435
2322	MORC2	D530G	Missense	0.3790419362934816
2323	MORC2	P531P	Silent	-0.308398679
2324	MORC2	N528G	Missense	0.3911856885235402
2325	MORC2	M527T	Missense	-0.693659706
2326	MORC2	C525R;S526P	Missense;Missense	-0.921478216
2327	MORC2	V524V;C525R;S526P	Silent;Missense;Missense	-0.818928517
2328	MORC2	K517K;D518G	Silent;Missense	0.032652932
2329	MORC2	K517R;D518G	Missense;Missense	-1.507435644
2330	MORC2	S514S;V515A	Silent;Missense	-0.732270127
2331	MORC2	S514P;V515A	Missense;Missense	1.203258248306474
2332	MORC2	S513S;S514P	Silent;Missense	-0.114023044
2333	MORC2		No Mutation	0.4721669179507899
2334	MORC2	S513S;S514P	Silent;Missense	-0.483664033
2335	MORC2	L512P;S513S	Missense;Silent	-0.235946008
2336	MORC2	(NC);D500G	Splice-acceptor;Missense	-0.437957536
2337	MORC2	(NC)	Intron	-0.025213444
2338	MORC2		No Mutation	-1.179459692
2339	MORC2	(NC);(NC)	Intron;Intron	0.3020543383712644
2340	MORC2	Q498R	Missense	-0.225335373
2341	MORC2	(NC)	Splice-donor	-0.732903156
2342	MORC2	I497V;Q498R	Missense;Missense	-0.761639819
2343	MORC2	I497V	Missense	0.4186587788925467
2344	MORC2	(NC)	Splice-donor	-0.76981124
2345	MORC2	C499R	Missense	-0.43347442
2346	MORC2	C499R	Missense	-0.436930388
2347	MORC2	T495A	Missense	-0.160992019
2348	MORC2	I493T	Missense	-0.873463763
2349	MORC2	K486G	Missense	-0.314403067
2350	MORC2	E482G	Missense	0.5067832341547187
2351	MORC2		No Mutation	-0.170688286
2352	MORC2	R484R;Y485H	Silent;Missense	-0.210747276
2353	MORC2	R484R;Y485H	Silent;Missense	-1.010472699
2354	MORC2	L483P;R484R	Missense;Silent	-0.428061606
2355	MORC2	L483P	Missense	0.8067626934922091
2356	MORC2	S481S	Silent	0.7317507263528602
2357	MORC2		No Mutation	-0.358066373
2358	MORC2		No Mutation	-0.412631563
2359	MORC2	Y470C	Missense	-0.094062774
2360	MORC2	K463G	Missense	0.6261416402105411
2361	MORC2	G460G;I461V	Silent;Missense	-0.823133242
2362	MORC2	F464L	Missense	-0.475829873
2363	MORC2	G460G	Silent	-0.711212354
2364	MORC2	I462T	Missense	-0.18626307
2365	MORC2	I461T;I462T	Missense;Missense	1.769818187158138
2366	MORC2		No Mutation	0.092402854
2367	MORC2		No Mutation	-0.045208753
2368	MORC2		No Mutation	0.1798388486358167
2369	MORC2	(NC);(NC)	Intron;Intron	-0.08767847
2370	MORC2	(NC);(NC)	Intron;Intron	-0.42961815
2371	MORC2	(NC)	Intron	1.3385709581119318
2372	MORC2	I456V	Missense	-0.584434207
2373	MORC2	I456V	Missense	-0.035557165
2374	MORC2	I454V	Missense	0.4796321177732775
2375	MORC2	D453G;I454V	Missense;Missense	-0.522931827
2376	MORC2	D453G;I454V	Missense;Missense	-0.035682101
2377	MORC2	K452G	Missense	-0.250390905
2378	MORC2		No Mutation	0.151951545652289
2379	MORC2		No Mutation	0.4573468371989623
2380	MORC2	E445G;H446R	Missense;Missense	0.1556217040103193
2381	MORC2		No Mutation	-0.416373592
2382	MORC2	R441R;A442A;M443V	Silent;Silent;Missense	0.2906765224514969
2383	MORC2		No Mutation	0.097116379
2384	MORC2		No Mutation	-0.464513977
2385	MORC2		No Mutation	-0.195686561
2386	MORC2	H438R	Missense	-0.064328357
2387	MORC2	H438R	Missense	-0.0005611
2388	MORC2	H438R	Missense	-0.17161746
2389	MORC2	L439P	Missense	-0.075358824
2390	MORC2	D432G	Missense	-0.517623526
2391	MORC2	D429G	Missense	0.4176766118133879
2392	MORC2		No Mutation	0.3637779736807733
2393	MORC2	T424A	Missense	0.2130244790382836
2394	MORC2		No Mutation	0.3475832274865776
2395	MORC2	P423P	Silent	-0.780275817
2396	MORC2	P423P	Silent	0.3828327983465355
2397	MORC2		No Mutation	-0.736911791
2398	MORC2		No Mutation	-0.400862013
2399	MORC2		No Mutation	-0.599558605
2400	MORC2	A406A	Silent	-0.041904312
2401	MORC2	A406A	Silent	1.139658777673074
2402	MORC2	A406A	Silent	-0.149542947
2403	MORC2		No Mutation	-0.279435414
2404	MORC2		No Mutation	0.5512046804176105
2405	MORC2	(NC)	Splice-acceptor	0.1004756296897495
2406	MORC2		No Mutation	-0.396528206
2407	MORC2		No Mutation	-0.591932237
2408	MORC2		No Mutation	-0.377666101
2409	MORC2		No Mutation	0.7898364087723635
2410	MORC2	M405T	Missense	-0.434677165
2411	MORC2		No Mutation	-0.131079045
2412	MORC2		No Mutation	0.5384803627401787
2413	MORC2		No Mutation	-0.630518383
2414	MORC2		No Mutation	0.1408632642580202
2415	MORC2		No Mutation	-0.134550458
2416	MORC2	K396G	Missense	0.5601121121717727
2417	MORC2	K392G;M393V	Missense;Missense	0.2112373678789161
2418	MORC2	K392G;M393V	Missense;Missense	-0.070339815
2419	MORC2	M382T;F383L	Missense;Missense	0.2453436519430678
2420	MORC2	E375G;H376R	Missense;Missense	1.3150869039622195
2421	MORC2	I374V	Missense	-0.229212
2422	MORC2	N373D	Missense	0.1125074124512051
2423	MORC2		No Mutation	0.1418509710822021
2424	MORC2	F368P;V369A	Missense;Missense	0.225875003222464
2425	MORC2	R358R;A359A	Silent;Silent	0.2482917614721778
2426	MORC2	(NC)	Intron	0.4192968680908457
2427	MORC2	(NC)	Intron	0.089947401
2428	MORC2	K356G;Q357R	Missense;Missense	-0.605830653
2429	MORC2	K353G	Missense	-0.06789266
2430	MORC2	K349G;K350E	Missense;Missense	0.000621882
2431	MORC2	I352T	Missense	0.4375180194468505
2432	MORC2	K349E	Missense	-0.164650588
2433	MORC2	E345G	Missense	0.4157247796961141
2434	MORC2		No Mutation	0.6123078713489272
2435	MORC2	T341T	Silent	1.0997126297455762
2436	MORC2	(NC)	Splice-acceptor	0.1563941624973469
2437	MORC2	(NC)	Intron	0.205884082
2438	MORC2	(NC)	Intron	0.5237585238610858
2439	MORC2	(NC);(NC)	Intron;Intron	0.052063016
2440	MORC2	(NC);(NC)	Intron;Intron	0.5143568854065892
2441	MORC2	(NC);(NC)	Intron;Intron	-1.648274072
2442	MORC2		No Mutation	-0.383174477
2443	MORC2	(NC)	Intron	-0.061864859
2444	MORC2	D327G	Missense	-0.989865341
2445	MORC2		No Mutation	-0.473097235
2446	MORC2		No Mutation	0.1441857973643255
2447	MORC2	T325A	Missense	1.2168743373038482
2448	MORC2	D323G	Missense	0.2151028169891242
2449	MORC2		No Mutation	-0.217332608
2450	MORC2	L320L	Silent	0.13444261228797
2451	MORC2	L320L	Silent	0.1268529113420129
2452	MORC2	L316L;E317G	Silent;Missense	-0.053119637
2453	MORC2	T315A	Missense	-0.997729307
2454	MORC2	E308G;A309A	Missense;Silent	-0.212092415
2455	MORC2	E303G	Missense	0.6337135629540711
2456	MORC2	(NC)	Splice-acceptor	-0.468417042
2457	MORC2	(NC)	Splice-acceptor	-0.619451584
2458	MORC2		No Mutation	-0.953063375
2459	MORC2	(NC);(NC);(NC)	Intron;Intron;Intron	0.9696441367971984
2460	MORC2	(NC);(NC)	Intron;Intron	-0.798017224
2461	MORC2	I301V	Missense	-0.351525217
2462	MORC2	I301V	Missense	-0.193822733
2463	MORC2	E296G;H297R	Missense;Missense	-0.058316375
2464	MORC2	K294R;A295A	Missense;Silent	0.0609896291808443
2465	MORC2	V292A	Missense	-0.201258134
2466	MORC2	V292A	Missense	0.6836013909473333
2467	MORC2	T286A	Missense	-0.290191258
2468	MORC2	K285G;T286A	Missense;Missense	-0.54189446
2469	MORC2	R287R	Silent	-0.348732037
2470	MORC2		No Mutation	-0.092599814
2471	MORC2	(NC)	Intron	-0.510672614
2472	MORC2	(NC)	Intron	-0.565701444
2473	MORC2	(NC)	Intron	-0.37570537
2474	MORC2	(NC)	Splice-donor	0.1978524082318077
2475	MORC2	Y272C	Missense	-0.238659102
2476	MORC2	Y272C	Missense	0.0121028944584801
2477	MORC2		No Mutation	-0.406734636
2478	MORC2		No Mutation	-0.278605897
2479	MORC2		No Mutation	0.2519892244802947
2480	MORC2	C270R	Missense	-0.772926406
2481	MORC2	H260R;K261G	Missense;Missense	-0.400520543
2482	MORC2		No Mutation	-0.437743541
2483	MORC2	I257V	Missense	-0.013874509
2484	MORC2	I257T	Missense	-0.764177596
2485	MORC2	R254G	Missense	-0.752449798
2486	MORC2	F256S;I257T	Missense;Missense	-0.476453069
2487	MORC2	M253V;R254G	Missense;Missense	-0.784873551
2488	MORC2	F256P;I257T	Missense;Missense	-0.822854881
2489	MORC2	Y248C;I249V	Missense;Missense	-0.654826909
2490	MORC2		No Mutation	-0.530579956
2491	MORC2	I249T;D250D	Missense;Silent	0.5791333784374044
2492	MORC2	L247P;Y248H	Missense;Missense	0.4725525725603431
2493	MORC2	A245A;V246A	Silent;Missense	0.2587853413265911
2494	MORC2	F240P	Missense	0.1384567591590307
2495	MORC2		No Mutation	-0.627870341
2496	MORC2		No Mutation	0.067947548
2497	MORC2		No Mutation	0.0101656200800961
2498	MORC2		No Mutation	-0.56709825
2499	MORC2		No Mutation	-1.091942217
2500	MORC2	(NC)	Intron	-0.250497916
2501	MORC2	(NC)	Intron	-0.84296055
2502	MORC2	(NC)	Intron	-0.817864072
2503	MORC2	T233A	Missense	-0.632643423
2504	MORC2	(NC);(NC)	Intron;Intron	0.006362841
2505	MORC2	T233A	Missense	-0.790965773
2506	MORC2	(NC);(NC)	Intron;Intron	-0.721688511
2507	MORC2	(NC)	Intron	-0.547913159
2508	MORC2	P230P;E231G	Silent;Missense	-0.017197165
2509	MORC2	M225T	Missense	0.6990646576532036
2510	MORC2	P220P;R221G	Silent;Missense	0.1562941831157827
2511	MORC2	I217T;S218P	Missense;Missense	-0.107456164
2512	MORC2	K205G	Missense	0.2520148212804827
2513	MORC2	N203D	Missense	0.4380269255794466
2514	MORC2		No Mutation	0.1452068413517844
2515	MORC2	(NC);(NC);(NC);(NC)	Intron;Intron;Intron;Intron	-0.466640794
2516	MORC2	(NC)	Intron	-0.102327229
2517	MORC2		No Mutation	0.08550446
2518	MORC2	K190G;I191V	Missense;Missense	-0.284306701
2519	MORC2	I191I;P192P	Silent;Silent	0.5693878789180363
2520	MORC2	I191T;P192P	Missense;Silent	-1.251550701
2521	MORC2	M189V	Missense	-0.603885447
2522	MORC2	Q187R	Missense	0.067034619
2523	MORC2	Q187R	Missense	0.1369854063811448
2524	MORC2	V184A	Missense	-0.106615122
2525	MORC2		No Mutation	-0.276374701
2526	MORC2	P177P	Silent	-0.328013679
2527	MORC2		No Mutation	-1.030621843
2528	MORC2	L171P;I172T	Missense;Missense	-0.369030954
2529	MORC2	V162A	Missense	0.1043922748293376
2530	MORC2		No Mutation	0.5490507368228722
2531	MORC2		No Mutation	-0.006771001
2532	MORC2		No Mutation	-0.292525041
2533	MORC2		No Mutation	-0.409925892
2534	MORC2		No Mutation	-0.228132847
2535	MORC2	N151D	Missense	0.096181617
2536	MORC2		No Mutation	0.071298983
2537	MORC2	N151N	Silent	-0.640215752
2538	MORC2	N151N	Silent	-0.126834937
2539	MORC2		No Mutation	-0.319446743
2540	MORC2	I144M	Missense	-0.48344519
2541	MORC2	L147P	Missense	-1.188134037
2542	MORC2	(NC)	Intron	-0.304938286
2543	MORC2	(NC)	Intron	-0.810852779
2544	MORC2	E142E;(NC)	Silent;Intron	0.5093943052876894
2545	MORC2	E138G	Missense	0.0362956013863692
2546	MORC2	T133A	Missense	-0.330718058
2547	MORC2	F134F;H135H	Silent;Silent	3.002393815311432
2548	MORC2		No Mutation	-0.311066693
2549	MORC2	F134L	Missense	-0.208211283
2550	MORC2	S131S	Silent	1.0558884876610704
2551	MORC2	F129S;L130P	Missense;Missense	-0.49226862
2552	MORC2	M125T	Missense	-0.214895357
2553	MORC2		No Mutation	-0.06346098
2554	MORC2	S108S;M109V	Silent;Missense	-0.517658189
2555	MORC2		No Mutation	-0.902828984
2556	MORC2	(NC)	Splice-acceptor	-1.198009095
2557	MORC2	M109T	Missense	-0.399768162
2558	MORC2	(NC);(NC);(NC)	Intron;Intron;Intron	1.0881694217323172
2559	MORC2	(NC);(NC);(NC);(NC)	Intron;Intron;Intron;Intron	0.057818364
2560	MORC2	N102G	Missense	-0.453321606
2561	MORC2		No Mutation	0.5572771250127102
2562	MORC2	I97V	Missense	1.0423491597393792
2563	MORC2	Q96R	Missense	0.7596252265596908
2564	MORC2	T95A;Q96R	Missense;Missense	0.2612104115413185
2565	MORC2	I97T	Missense	-0.011355731
2566	MORC2	E93G	Missense	-0.232839204
2567	MORC2	E93G	Missense	-0.47143962
2568	MORC2	S94P	Missense	-0.434268778
2569	MORC2		No Mutation	1.288278679149919
2570	MORC2	I82V	Missense	0.3282879638371074
2571	MORC2	F84S	Missense	0.4230547043472799
2572	MORC2	S80G	Missense	-1.592851826
2573	MORC2	S80G	Missense	0.4059219594958078
2574	MORC2	A78A	Silent	0.20610106
2575	MORC2	A78A	Silent	-0.067441994
2576	MORC2	(NC)	Intron	0.2052969345725344
2577	MORC2	(NC);(NC)	Intron;Intron	-0.060436719
2578	MORC2	D68G	Missense	0.2728440485440896
2579	MORC2	F62F;M63T	Silent;Missense	0.9664710392936352
2580	MORC2	R55R;E56G	Silent;Missense	0.8521644887850441
2581	MORC2	R54G	Missense	-0.096348424
2582	MORC2	I50V;Y51C	Missense;Missense	-0.519544258
2583	MORC2	Y51Y	Silent	0.7706627203618271
2584	MORC2	I50T;Y51H	Missense;Missense	-0.432701842
2585	MORC2	R47G;I48V	Missense;Missense	0.032917771
2586	MORC2	A40A;R41G	Silent;Missense	-0.443708623
2587	MORC2	E35G	Missense	-0.905649143
2588	MORC2	V37V;D38D	Silent;Silent	0.073547579
2589	MORC2	V37A;D38D	Missense;Silent	-0.229623872
2590	MORC2		No Mutation	-0.305705177
2591	MORC2	L29S;F30P	Missense;Missense	-0.333245089
2592	MORC2	T25A;H26R	Missense;Missense	-0.652941597
2593	MORC2	N22S	Missense	-0.639080562
2594	MORC2		No Mutation	1.6394565873732236
2595	MORC2	A2A;F3L	Silent;Missense	-0.366992709
2596	MORC2	(NC);(NC)	UTR;UTR	0.4195712054327507
2597	ATF7IP	Q8R;K9E	Missense;Missense	-0.42631887
2598	ATF7IP	Q25Q	Silent	0.1063565994517972
2599	ATF7IP	D40G	Missense	-0.283626784
2600	ATF7IP	N45G	Missense	0.2019999067831299
2601	ATF7IP	H48R	Missense	-0.109032352
2602	ATF7IP	D54G	Missense	-1.086490848
2603	ATF7IP	S57S	Silent	-0.069903155
2604	ATF7IP	D63G	Missense	0.3853012273192808
2605	ATF7IP	I65V;K66E	Missense;Missense	0.2686181385679985
2606	ATF7IP	D67G;K68G	Missense;Missense	0.1773407008069285
2607	ATF7IP	E82G;G83G	Missense;Silent	0.9914661010327191
2608	ATF7IP		No Mutation	0.3653432060467257
2609	ATF7IP	G83G;S84G;K85E	Silent;Missense;Missense	0.4773459381532443
2610	ATF7IP	V97A	Missense	1.6867405575705976
2611	ATF7IP	V97A;N98N	Missense;Silent	-0.050026811
2612	ATF7IP	N98G	Missense	0.4542146297434812
2613	ATF7IP	N116N;I117T	Silent;Missense	-0.452429264
2614	ATF7IP		No Mutation	1.554514313084426
2615	ATF7IP		No Mutation	0.132386226004624
2616	ATF7IP		No Mutation	-0.754796537
2617	ATF7IP	L125P	Missense	0.0537336713560971
2618	ATF7IP	P126P	Silent	3.002393815311432
2619	ATF7IP		No Mutation	-0.632041199
2620	ATF7IP	S131P	Missense	0.4918309252099663
2621	ATF7IP		No Mutation	0.273116955707449
2622	ATF7IP		No Mutation	-0.086203619
2623	ATF7IP	P134P	Silent	0.2498712096189094
2624	ATF7IP		No Mutation	-0.217504251
2625	ATF7IP	L139P	Missense	0.2724154723275535
2626	ATF7IP	D140D	Silent	0.062807509
2627	ATF7IP	D140D	Silent	-0.337637725
2628	ATF7IP		No Mutation	-0.466874845
2629	ATF7IP		No Mutation	-0.210793925
2630	ATF7IP	P144P	Silent	-0.124473239
2631	ATF7IP		No Mutation	-0.020684765
2632	ATF7IP	L149P	Missense	-0.141618354
2633	ATF7IP	S151P	Missense	0.8788392853603363
2634	ATF7IP	S151S;G152G	Silent;Silent	-0.15058926
2635	ATF7IP		No Mutation	-0.337248392
2636	ATF7IP	S156P	Missense	0.5036037943045228
2637	ATF7IP		No Mutation	-0.565456634
2638	ATF7IP	S161P	Missense	-0.802466051
2639	ATF7IP	S165P	Missense	0.1311811567098691
2640	ATF7IP	S165P	Missense	0.7710378735879176
2641	ATF7IP	S166P	Missense	0.3576007075608225
2642	ATF7IP	S167G	Missense	-0.115511975
2643	ATF7IP	A169A	Silent	-0.331953996
2644	ATF7IP	A169A	Silent	0.460832711570085
2645	ATF7IP	S171P	Missense	0.1709479533845538
2646	ATF7IP		No Mutation	-0.211940356
2647	ATF7IP	S176P	Missense	0.9352897132962492
2648	ATF7IP		No Mutation	-0.560375558
2649	ATF7IP	P180P;S181P	Silent;Missense	0.5731153741916115
2650	ATF7IP		No Mutation	-0.156341154
2651	ATF7IP	V184A;S185P	Missense;Missense	0.9612395808520988
2652	ATF7IP	S185P	Missense	0.7721652939265552
2653	ATF7IP	S185P	Missense	0.196869808205383
2654	ATF7IP		No Mutation	-0.340137793
2655	ATF7IP	S191P	Missense	0.3610610076072008
2656	ATF7IP	S191P	Missense	-0.740664967
2657	ATF7IP	S191P	Missense	-0.079216333
2658	ATF7IP	T195T	Silent	1.4119659742543895
2659	ATF7IP	T195T;A196A	Silent;Silent	0.3814004065715463
2660	ATF7IP	D197G	Missense	0.5472548792475967
2661	ATF7IP	L199P;S200P	Missense;Missense	-0.00060267
2662	ATF7IP	S206P	Missense	0.0105225919867402
2663	ATF7IP	S207G	Missense	0.097247607
2664	ATF7IP	I210T	Missense	-0.388067508
2665	ATF7IP	I210T	Missense	-0.337732285
2666	ATF7IP	I210T	Missense	-0.376833953
2667	ATF7IP	I210V	Missense	-0.646579836
2668	ATF7IP	V215A	Missense	0.1916409763202684
2669	ATF7IP	V215A	Missense	-0.432184846
2670	ATF7IP	P216P	Silent	1.858627218698911
2671	ATF7IP	P216P;V217A	Silent;Missense	-0.457247515
2672	ATF7IP		No Mutation	-0.281598507
2673	ATF7IP	I220T	Missense	-0.219071644
2674	ATF7IP	I220I;S221P	Silent;Missense	0.1675509518647199
2675	ATF7IP	S221P	Missense	0.8676770513580867
2676	ATF7IP	C224R	Missense	-0.01779057
2677	ATF7IP	C224C	Silent	0.2213673875422576
2678	ATF7IP	S231P	Missense	-0.093673546
2679	ATF7IP	T235T;S236P	Silent;Missense	0.5099379422383958
2680	ATF7IP	E233E;I234V;T235A	Silent;Missense;Missense	-0.503522762
2681	ATF7IP		No Mutation	-0.045766164
2682	ATF7IP		No Mutation	-0.087599141
2683	ATF7IP	S251S;D252D	Silent;Silent	-0.477596353
2684	ATF7IP	P249P	Silent	0.5152263721871164
2685	ATF7IP	D252G	Missense	-0.588480446
2686	ATF7IP	L254P	Missense	-0.07937364
2687	ATF7IP	S256P	Missense	-0.696441614
2688	ATF7IP	S261P	Missense	-0.38009699
2689	ATF7IP	L259L	Silent	0.5630994123811892
2690	ATF7IP	S266P	Missense	0.3478002100445134
2691	ATF7IP	E263E	Silent	-0.832228015
2692	ATF7IP	D267G	Missense	-0.321246439
2693	ATF7IP	T271T	Silent	0.294622176
2694	ATF7IP		No Mutation	-0.004708798
2695	ATF7IP	S276P	Missense	-0.212083682
2696	ATF7IP	T280T;S281P	Silent;Missense	-0.101228789
2697	ATF7IP	F289S	Missense	0.2544574682422525
2698	ATF7IP	S293S;V294A	Silent;Missense	-0.903422917
2699	ATF7IP	V296A;C297R	Missense;Missense	0.2411843739424739
2700	ATF7IP	V300A	Missense	0.2089267325925731
2701	ATF7IP		No Mutation	0.5033150464015287
2702	ATF7IP	I306T	Missense	-0.779741258
2703	ATF7IP	D313D	Silent	0.6209858290467181
2704	ATF7IP	Q330R;S331G	Missense;Missense	0.5099717259537759
2705	ATF7IP		No Mutation	0.346368703
2706	ATF7IP	E366E;N367G	Silent;Missense	1.495543040476257
2707	ATF7IP	I376V;T377A	Missense;Missense	0.1661898201632939
2708	ATF7IP	I386V	Missense	0.434841589
2709	ATF7IP	S389G;M390V	Missense;Missense	-0.32584226
2710	ATF7IP	L424L;E425G;N426D	Silent;Missense;Missense	-1.177767186
2711	ATF7IP	E434G;I435V	Missense;Missense	0.9314832963226288
2712	ATF7IP	E440E;K441G	Silent;Missense	-0.3701812
2713	ATF7IP	L449P	Missense	0.9317604125305362
2714	ATF7IP		No Mutation	0.018800588
2715	ATF7IP	N464N	Silent	0.1502986958700248
2716	ATF7IP	E462G;T463A	Missense;Missense	-0.77256256
2717	ATF7IP	P465P;D466G	Silent;Missense	-0.453437178
2718	ATF7IP	K470G;M471V	Missense;Missense	-0.740219351
2719	ATF7IP	S483S	Silent	0.0133543359510193
2720	ATF7IP	P488P;K489E	Silent;Missense	-0.005668111
2721	ATF7IP	L493P;V494A	Missense;Missense	-0.276245085
2722	ATF7IP	S496S;D497D	Silent;Silent	-0.204971001
2723	ATF7IP		No Mutation	0.2778888886222471
2724	ATF7IP	D497G	Missense	-0.089687184
2725	ATF7IP	D500D	Silent	0.3643932889447596
2726	ATF7IP	D497G;E498G	Missense;Missense	-0.10334028
2727	ATF7IP	N514G;E515G	Missense;Missense	-0.316677417
2728	ATF7IP	(NC);(NC)	Intron;Intron	0.227776768506716
2729	ATF7IP	E521E;V522V	Silent;Silent	0.5637534875107878
2730	ATF7IP	E526E;K527G	Silent;Missense	-0.401615982
2731	ATF7IP	V537A	Missense	-0.021756915
2732	ATF7IP	F551S;S552P	Missense;Missense	1.429012545
2733	ATF7IP	K558E	Missense	0.7835456802141793
2734	ATF7IP	K568G	Missense	-0.071083812
2735	ATF7IP	M573V	Missense	-0.248907853
2736	ATF7IP	V583V;K584G	Silent;Missense	-0.496747806
2737	ATF7IP		No Mutation	0.048513471
2738	ATF7IP	N592G	Missense	0.7288338876297646
2739	ATF7IP	(NC);(NC)	Intron;Intron	-0.974238899
2740	ATF7IP		No Mutation	0.1170928715973133
2741	ATF7IP	I599V	Missense	-0.221572922
2742	ATF7IP	V614V	Silent	-0.965653512
2743	ATF7IP	A620A;E621G	Silent;Missense	0.4017109416798027
2744	ATF7IP	K628R;I629V	Missense;Missense	0.9501151623378952
2745	ATF7IP	T637T	Silent	0.045918035
2746	ATF7IP	L649S	Missense	-0.516672135
2747	ATF7IP	F653P	Missense	-0.250740883
2748	ATF7IP		No Mutation	-0.039573454
2749	ATF7IP	(NC)	Intron	0.3972468779857407
2750	ATF7IP		No Mutation	-0.242931383
2751	ATF7IP		No Mutation	0.7083505198854287
2752	ATF7IP		No Mutation	-0.735831422
2753	ATF7IP		No Mutation	0.2732847369883835
2754	ATF7IP	N669G	Missense	0.9626112254074396
2755	ATF7IP	V672A;S673P	Missense;Missense	-0.216663159
2756	ATF7IP	S673P	Missense	-0.611328792
2757	ATF7IP		No Mutation	0.1903992797979037
2758	ATF7IP	N684S;N685G	Missense;Missense	0.4761036945544524
2759	ATF7IP	(NC)	Intron	0.1094220290024809
2760	ATF7IP	T694A	Missense	-0.635207508
2761	ATF7IP		No Mutation	0.6637724695489471
2762	ATF7IP	T715T	Silent	0.6674410049694645
2763	ATF7IP	P716P;V717A	Silent;Missense	-0.079716647
2764	ATF7IP	Q714R;T715A	Missense;Missense	-0.190942855
2765	ATF7IP	V717A;N718N	Missense;Silent	0.288142439075797
2766	ATF7IP	(NC);(NC)	Intron;Intron	1.0366448191499975
2767	ATF7IP	P728P	Silent	-0.322531513
2768	ATF7IP	S733S	Silent	-0.514289022
2769	ATF7IP	S734S	Silent	0.255044706
2770	ATF7IP	V742A	Missense	-0.57719777
2771	ATF7IP	Q739R;T740A	Missense;Missense	0.1501435553345381
2772	ATF7IP	Q739R;T740A	Missense;Missense	0.2125786510398206
2773	ATF7IP	S746P;L747P	Missense;Missense	0.903534379
2774	ATF7IP	V752A	Missense	1.1039282025401151
2775	ATF7IP	V752A	Missense	0.2295996964830272
2776	ATF7IP	A759A	Silent	-0.414061572
2777	ATF7IP	V761A;V762A	Missense;Missense	0.075131375
2778	ATF7IP	V761A;V762A	Missense;Missense	0.4073745352866885
2779	ATF7IP	V761V	Silent	-0.026744705
2780	ATF7IP	T764A;T765A	Missense;Missense	-0.362831218
2781	ATF7IP		No Mutation	-0.220036682
2782	ATF7IP	S777P;L778P	Missense;Missense	-0.022034738
2783	ATF7IP	S777S;L778P	Silent;Missense	-0.14036187
2784	ATF7IP	S777S;L778P	Silent;Missense	1.039711278884322
2785	ATF7IP		No Mutation	-0.193412471
2786	ATF7IP	L785P	Missense	0.6473945593250069
2787	ATF7IP	V787A	Missense	1.3321660738141528
2788	ATF7IP	S793P	Missense	-0.791555565
2789	ATF7IP	L797P;L798P	Missense;Missense	0.3247668717433166
2790	ATF7IP	L798P	Missense	-0.354376947
2791	ATF7IP		No Mutation	0.2255374388773122
2792	ATF7IP		No Mutation	1.5824159915301674
2793	ATF7IP		No Mutation	-0.236923885
2794	ATF7IP	L798L	Silent	0.2130431741052945
2795	ATF7IP	S800G	Missense	-0.463209557
2796	ATF7IP	V806A	Missense	0.5443877183657415
2797	ATF7IP	T807T	Silent	-0.471873758
2798	ATF7IP	T807A	Missense	1.0283449945961596
2799	ATF7IP	F816P	Missense	2.930841251876545
2800	ATF7IP	S821G	Missense	-0.045003292
2801	ATF7IP	S826S;G827G	Silent;Silent	-0.566319991
2802	ATF7IP	G827G;L828P	Silent;Missense	0.4762833816619051
2803	ATF7IP	L828P	Missense	0.5294421953080963
2804	ATF7IP	S837P;L838P	Missense;Missense	0.3420180618737339
2805	ATF7IP	N840N	Silent	0.1360224981550586
2806	ATF7IP		No Mutation	-0.324755483
2807	ATF7IP	T842T	Silent	0.086672554
2808	ATF7IP		No Mutation	-0.324997495
2809	ATF7IP	V847A	Missense	-1.039380972
2810	ATF7IP	V847A	Missense	0.465681113
2811	ATF7IP	S849P;V850A	Missense;Missense	-0.152778524
2812	ATF7IP	P853P	Silent	0.8186558087570099
2813	ATF7IP	S852G	Missense	0.063035405
2814	ATF7IP		No Mutation	-0.572805581
2815	ATF7IP		No Mutation	0.1325664233088638
2816	ATF7IP		No Mutation	-0.372995214
2817	ATF7IP	S862G	Missense	0.3438381329623516
2818	ATF7IP	A863A	Silent	0.2856790408133036
2819	ATF7IP	S862G	Missense	0.306463132
2820	ATF7IP		No Mutation	0.6231466776164731
2821	ATF7IP	L866S	Missense	-0.305591993
2822	ATF7IP	L870P	Missense	-0.557269381
2823	ATF7IP	G867G;T868A;T869A	Silent;Missense;Missense	-0.385794215
2824	ATF7IP	I881T;V882A	Missense;Missense	-0.679906273
2825	ATF7IP	I881V	Missense	-0.110673774
2826	ATF7IP	L889S	Missense	-0.03849356
2827	ATF7IP	T887A	Missense	0.7095346022487722
2828	ATF7IP	T887A	Missense	1.2244106423146737
2829	ATF7IP	T891A	Missense	-0.597024609
2830	ATF7IP	S895P	Missense	-0.02080152
2831	ATF7IP		No Mutation	-0.713017568
2832	ATF7IP	Y898Y;S899S	Silent;Silent	0.142979127
2833	ATF7IP	S899S	Silent	-0.520767437
2834	ATF7IP	S899G	Missense	0.08010872
2835	ATF7IP	G905G	Silent	0.4109584060618041
2836	ATF7IP	S917S	Silent	0.3069163337924215
2837	ATF7IP	N927G;T928A	Missense;Missense	0.1587566021405512
2838	ATF7IP	(NC)	Splice-donor	-0.748033855
2839	ATF7IP	(NC)	Intron	-0.090656656
2840	ATF7IP	(NC)	Intron	-0.111303674
2841	ATF7IP	(NC)	Intron	-0.929144734
2842	ATF7IP		No Mutation	-0.514116212
2843	ATF7IP	A948A	Silent	0.0603930510591833
2844	ATF7IP	(NC)	Splice-acceptor	-0.740677831
2845	ATF7IP	T959A	Missense	-0.292798232
2846	ATF7IP	S964S	Silent	0.974780389
2847	ATF7IP	I967V	Missense	0.080221948
2848	ATF7IP	M971V;D972G	Missense;Missense	-0.102357947
2849	ATF7IP	E975G;S976G	Missense;Missense	0.4060941476214226
2850	ATF7IP	S994S;S995P	Silent;Missense	-0.802000299
2851	ATF7IP	P998P	Silent	-0.134060509
2852	ATF7IP	L1003P	Missense	-0.103705679
2853	ATF7IP		No Mutation	0.1121634994734346
2854	ATF7IP		No Mutation	-0.445425769
2855	ATF7IP	P1011P	Silent	-0.59534341
2856	ATF7IP		No Mutation	0.9641433143977394
2857	ATF7IP		No Mutation	-0.430919903
2858	ATF7IP		No Mutation	-0.136020473
2859	ATF7IP		No Mutation	-0.905356187
2860	ATF7IP	S1015P	Missense	0.2260934516919065
2861	ATF7IP	V1017A	Missense	-0.43860544
2862	ATF7IP		No Mutation	-0.158998893
2863	ATF7IP		No Mutation	-0.129824941
2864	ATF7IP	S1023P	Missense	0.2780800381472165
2865	ATF7IP	I1027T	Missense	-0.251309741
2866	ATF7IP	I1027V;H1028R	Missense;Missense	0.1540664335942998
2867	ATF7IP	L1030P;P1031P	Missense;Silent	0.4578297975193001
2868	ATF7IP	P1031P	Silent	-0.624246221
2869	ATF7IP	(NC);(NC)	Intron;Intron	-0.166190288
2870	ATF7IP	T1035T	Silent	0.6312563749881267
2871	ATF7IP	V1039A	Missense	-0.385712826
2872	ATF7IP	H1041H;R1042R	Silent;Silent	-0.459399331
2873	ATF7IP	T1040T;H1041R	Silent;Missense	-0.494472841
2874	ATF7IP		No Mutation	-0.500741439
2875	ATF7IP	V1053A	Missense	0.1023991562199395
2876	ATF7IP	A1056A;P1057P	Silent;Silent	-0.379314872
2877	ATF7IP	P1057P	Silent	0.1999886283009345
2878	ATF7IP	R1055R	Silent	0.8589745521127687
2879	ATF7IP		No Mutation	-0.473407809
2880	ATF7IP		No Mutation	-0.4098652
2881	ATF7IP	V1062A;V1063A	Missense;Missense	0.4867792196715432
2882	ATF7IP	Y1064Y	Silent	0.3711466438451565
2883	ATF7IP	T1066T	Silent	0.5104502542109068
2884	ATF7IP		No Mutation	0.4494219530183416
2885	ATF7IP		No Mutation	-0.319180016
2886	ATF7IP	Q1073R	Missense	0.6197688101241992
2887	ATF7IP	L1076P	Missense	0.7950730980616214
2888	ATF7IP	L1076P	Missense	0.106394647736221
2889	ATF7IP	R1077R	Silent	0.4217994521233817
2890	ATF7IP	V1080A;M1081T	Missense;Missense	-0.018740303
2891	ATF7IP	V1080A;M1081T	Missense;Missense	0.562797628
2892	ATF7IP	Q1082R	Missense	0.6054210934651704
2893	ATF7IP		No Mutation	0.5033713420213825
2894	ATF7IP	V1089A	Missense	0.7205490617157104
2895	ATF7IP	(NC);(NC);(NC);(NC)	Intron;Intron;Intron;Intron	0.4259832083824904
2896	ATF7IP	(NC);(NC);(NC);(NC)	Intron;Intron;Intron;Intron	0.6123938550273791
2897	ATF7IP	Y1105H;V1106A	Missense;Missense	-0.75406616
2898	ATF7IP	T1104A;Y1105C	Missense;Missense	0.5214639102681498
2899	ATF7IP	N1109N	Silent	0.2090531050375458
2900	ATF7IP	V1107V;N1108G;N1109D	Silent;Missense;Missense	0.036246504
2901	ATF7IP	N1108G;N1109G	Missense;Missense	0.3246061766260468
2902	ATF7IP	L1111L;T1112A	Silent;Missense	-0.341837491
2903	ATF7IP	P1118P	Silent	-0.538987247
2904	ATF7IP	P1118P	Silent	-0.292480234
2905	ATF7IP	H1123H	Silent	-0.742130959
2906	ATF7IP	H1130H	Silent	-0.49478752
2907	ATF7IP	T1131T;(NC)	Silent;Splice-donor	-0.957587879
2908	ATF7IP	(NC)	Splice-donor	-0.291189727
2909	ATF7IP	(NC)	Intron	-0.373466038
2910	ATF7IP		No Mutation	0.2774070198878087
2911	ATF7IP		No Mutation	0.3560167502044995
2912	ATF7IP		No Mutation	-0.175937708
2913	ATF7IP		No Mutation	-0.236703649
2914	ATF7IP		No Mutation	-0.025144619
2915	ATF7IP		No Mutation	-0.321616978
2916	ATF7IP	L1142L	Silent	-0.24607662
2917	ATF7IP	L1142P	Missense	-0.51208147
2918	ATF7IP	L1142P	Missense	0.1082460298540365
2919	ATF7IP		No Mutation	-0.324697428
2920	ATF7IP		No Mutation	0.3369165981994624
2921	ATF7IP		No Mutation	0.3830848450759716
2922	ATF7IP		No Mutation	1.1200360158549298
2923	ATF7IP		No Mutation	0.6185807337585029
2924	ATF7IP	L1151P	Missense	0.036961263942469
2925	ATF7IP		No Mutation	-0.590174358
2926	ATF7IP		No Mutation	-0.41266172
2927	ATF7IP		No Mutation	-0.340168382
2928	ATF7IP	S1159P	Missense	0.2770476896034552
2929	ATF7IP	S1159P	Missense	-0.623494149
2930	ATF7IP	P1161P	Silent	-0.983763825
2931	ATF7IP	L1166P	Missense	0.054559638
2932	ATF7IP		No Mutation	-0.091902711
2933	ATF7IP		No Mutation	-0.072810501
2934	ATF7IP	N1175S	Missense	0.6229092592204899
2935	ATF7IP	V1178V	Silent	0.2956354822973239
2936	ATF7IP	S1180S	Silent	-1.451572938
2937	ATF7IP	S1180S;S1182G	Silent;Missense	-0.684042559
2938	ATF7IP	C1190R	Missense	-0.15078313
2939	ATF7IP	H1197H	Silent	-0.153471705
2940	ATF7IP		No Mutation	-0.036524596
2941	ATF7IP	H1202H	Silent	-0.482325479
2942	ATF7IP	S1206S	Silent	-0.392929223
2943	ATF7IP	S1211P	Missense	-0.490998591
2944	ATF7IP	T1208A	Missense	0.1621123151358681
2945	ATF7IP	S1211P	Missense	-0.866640591
2946	ATF7IP	W1213R	Missense	0.6870786028686754
2947	ATF7IP	S1211S;Q1212R	Silent;Missense	-0.72856619
2948	ATF7IP	S1211S;Q1212R	Silent;Missense	0.884609873
2949	ATF7IP	S1211S;Q1212R	Silent;Missense	-0.461611143
2950	ATF7IP	K1214K;K1215G;I1216V	Silent;Missense;Missense	-0.41375418
2951	ATF7IP	A1221A	Silent	-0.018907924
2952	ATF7IP	C1228R	Missense	-1.171408656
2953	ATF7IP	C1228C;T1229T	Silent;Silent	-0.182813372
2954	ATF7IP	L1230P	Missense	-0.085673747
2955	ATF7IP	L1230P	Missense	-0.241134521
2956	ATF7IP	T1231A	Missense	0.2737792188276673
2957	ATF7IP	G1236G	Silent	0.33330097
2958	ATF7IP	G1236G	Silent	1.1719468706590357
2959	ATF7IP		No Mutation	-0.373124551
2960	ATF7IP	R1244R	Silent	-0.531556793
2961	ATF7IP	D1247G;I1248V	Missense;Missense	-0.087071015
2962	ATF7IP	R1251R	Silent	-0.394909674
2963	ATF7IP	S1260P	Missense	0.4013687584443318
2964	ATF7IP	V1263A;I1264T	Missense;Missense	0.3977915849901823
2965	ATF7IP	Q1268R;S1269G	Missense;Missense	0.063437648
2966	ATF7IP	(NC);(NC)	UTR;UTR	-0.328244435
2967	ATF7IP	(NC);(NC)	UTR;UTR	-0.14869334
2968	ATF7IP	(NC);(NC);(NC);(NC)	UTR;UTR;UTR;UTR	0.098264069
2969	ATF7IP2	(NC)	Splice-acceptor	0.7005607213441104
2970	ATF7IP2	M1T	Missense	-0.074107729
2971	ATF7IP2	P4P	Silent	-0.165667674
2972	ATF7IP2		No Mutation	0.8947302662585097
2973	ATF7IP2	T17T;M18V	Silent;Missense	0.5122066936213974
2974	ATF7IP2		No Mutation	0.6178484409394605
2975	ATF7IP2		No Mutation	0.1869545486520906
2976	ATF7IP2		No Mutation	-0.566573079
2977	ATF7IP2	M28T	Missense	-0.226464569
2978	ATF7IP2	E27G;M28V	Missense;Missense	0.5528278111524222
2979	ATF7IP2		No Mutation	0.04631919
2980	ATF7IP2		No Mutation	1.4197053763872889
2981	ATF7IP2	S44G	Missense	-0.045964424
2982	ATF7IP2	S52S;F53P	Silent;Missense	-0.189346328
2983	ATF7IP2		No Mutation	0.031357234
2984	ATF7IP2		No Mutation	-0.719714189
2985	ATF7IP2	S68G	Missense	0.2519936508677349
2986	ATF7IP2	E71E;N72G	Silent;Missense	0.8259744634601627
2987	ATF7IP2	V103A	Missense	0.0309868202457753
2988	ATF7IP2	H104R	Missense	-0.902999654
2989	ATF7IP2		No Mutation	-0.314962522
2990	ATF7IP2	S125P	Missense	0.3319810732754191
2991	ATF7IP2	F130S	Missense	-0.000550831
2992	ATF7IP2	R128G	Missense	-0.542917382
2993	ATF7IP2		No Mutation	0.2167472065933833
2994	ATF7IP2		No Mutation	0.2960999971236459
2995	ATF7IP2		No Mutation	-0.071472903
2996	ATF7IP2		No Mutation	-0.329410278
2997	ATF7IP2		No Mutation	0.2271540721364895
2998	ATF7IP2	S172S	Silent	-1.190213901
2999	ATF7IP2	P170P	Silent	-0.391149775
3000	ATF7IP2	S175S	Silent	-0.340920812
3001	ATF7IP2	G176G;V177A	Silent;Missense	0.3830990717274979
3002	ATF7IP2	G176G;V177A	Silent;Missense	0.6594982875338495
3003	ATF7IP2		No Mutation	-0.200028796
3004	ATF7IP2	T184A	Missense	0.0198276576949336
3005	ATF7IP2	T184A	Missense	0.6607964474101036
3006	ATF7IP2		No Mutation	-0.418561358
3007	ATF7IP2	K192G;K193E	Missense;Missense	1.7415728397779844
3008	ATF7IP2	H200H;L201P	Silent;Missense	-0.435621306
3009	ATF7IP2	S205P	Missense	0.1641174674088285
3010	ATF7IP2	S207S;E208G	Silent;Missense	1.5116432833917743
3011	ATF7IP2	H210H;D211D	Silent;Silent	0.2217920092450541
3012	ATF7IP2	E230G;K231E	Missense;Missense	0.2497237552011228
3013	ATF7IP2	S238P;V239A	Missense;Missense	0.4762855691820606
3014	ATF7IP2	C262C	Silent	0.3951726682854101
3015	ATF7IP2	E263G;S264G	Missense;Missense	-0.693406947
3016	ATF7IP2	H280R	Missense	0.9545152192553814
3017	ATF7IP2	E305E;N306G;I307V	Silent;Missense;Missense	0.4222089086712901
3018	ATF7IP2		No Mutation	-0.204676747
3019	ATF7IP2	E312E;R313G	Silent;Missense	-0.545824826
3020	ATF7IP2	Q314Q;T315A	Silent;Missense	-0.248111818
3021	ATF7IP2	E319G	Missense	0.5847429336627791
3022	ATF7IP2	E319G	Missense	0.2126298729291534
3023	ATF7IP2	E319G;Q320R	Missense;Missense	-0.039719421
3024	ATF7IP2	(NC);(NC);(NC);(NC)	Intron;Intron;Intron;Intron	0.247024296014495
3025	ATF7IP2	R322G	Missense	0.3420731218187468
3026	ATF7IP2	E343G	Missense	0.7652029910429659
3027	ATF7IP2	E343G	Missense	-1.265424049
3028	ATF7IP2		No Mutation	0.5223042267409846
3029	ATF7IP2	R354G	Missense	0.9725383290150866
3030	ATF7IP2	G359G;I360V	Silent;Missense	0.3267283258932721
3031	ATF7IP2	T377T;V378V	Silent;Silent	-0.017584178
3032	ATF7IP2	N389G;M390V	Missense;Missense	-1.065928971
3033	ATF7IP2	S393S	Silent	0.5109289587959043
3034	ATF7IP2	S393G;N394D	Missense;Missense	-0.570662531
3035	ATF7IP2	S397S	Silent	-0.214038333
3036	ATF7IP2	(NC)	Intron	-0.192011605
3037	ATF7IP2		No Mutation	2.5679154464149065
3038	ATF7IP2		No Mutation	2.565142582791879
3039	ATF7IP2	(NC);(NC)	Intron;Splice-acceptor	-0.264805043
3040	ATF7IP2	S402S	Silent	0.1883168110794713
3041	ATF7IP2	N429G	Missense	1.0733594053208189
3042	ATF7IP2	N445S;K446G	Missense;Missense	0.1420399570756041
3043	ATF7IP2		No Mutation	-0.084921419
3044	ATF7IP2	M457V	Missense	-0.062080608
3045	ATF7IP2	I470T	Missense	0.089858944
3046	ATF7IP2	I470V;T471A	Missense;Missense	0.7105564611235309
3047	ATF7IP2		No Mutation	0.3479548089465833
3048	ATF7IP2	(NC);(NC)	Intron;Intron	0.4253898179855825
3049	ATF7IP2	T477A;R478G	Missense;Missense	1.1853917055268823
3050	ATF7IP2	N490D	Missense	0.2922478290636845
3051	ATF7IP2	M494T;(NC)	Missense;Splice-donor	1.186438811194774
3052	ATF7IP2	M494T;(NC)	Missense;Splice-donor	-0.041390684
3053	ATF7IP2	I504V;D505G	Missense;Missense	0.7229968718251625
3054	ATF7IP2	L511L	Silent	-0.138133431
3055	ATF7IP2	N515N	Silent	0.2865116728907534
3056	ATF7IP2	N513S	Missense	1.2675962918996764
3057	ATF7IP2		No Mutation	-0.537896952
3058	ATF7IP2	E517E;S518G	Silent;Missense	0.0603082463394508
3059	ATF7IP2	S525P	Missense	-0.846730548
3060	ATF7IP2	H526H;S527P	Silent;Missense	1.0219834048071306
3061	ATF7IP2	H526H;S527P	Silent;Missense	-0.213458497
3062	ATF7IP2	S527P	Missense	-0.218183791
3063	ATF7IP2		No Mutation	-0.601474451
3064	ATF7IP2		No Mutation	0.071492406
3065	ATF7IP2	K528K	Silent	-1.263948377
3066	ATF7IP2	S533S;K534G	Silent;Missense	-0.77267061
3067	ATF7IP2	A540A	Silent	0.1064043534252437
3068	ATF7IP2	(NC)	Intron	-0.853100601
3069	ATF7IP2	(NC);(NC);(NC)	Intron;Intron;Intron	0.087574037
3070	ATF7IP2	L553P	Missense	-0.164344594
3071	ATF7IP2	P555P	Silent	-0.359229686
3072	ATF7IP2		No Mutation	0.8946409519948094
3073	ATF7IP2		No Mutation	-0.436426556
3074	ATF7IP2		No Mutation	0.1002361978587589
3075	ATF7IP2		No Mutation	-0.790706801
3076	ATF7IP2	L563P	Missense	-0.116392073
3077	ATF7IP2	P564P	Silent	0.1578181808822902
3078	ATF7IP2	L566P	Missense	-1.105474614
3079	ATF7IP2	V567A	Missense	-0.090358924
3080	ATF7IP2	P575P	Silent	0.1796392991482914
3081	ATF7IP2	P575P	Silent	0.1011265217370305
3082	ATF7IP2	L581P	Missense	-0.250098761
3083	ATF7IP2	L581P	Missense	-0.211580232
3084	ATF7IP2	L581P	Missense	0.7664538592419725
3085	ATF7IP2		No Mutation	0.2577638108034074
3086	ATF7IP2	E580G	Missense	0.557417123
3087	ATF7IP2	E580G	Missense	0.7009879023196754
3088	ATF7IP2		No Mutation	0.1134311992164414
3089	ATF7IP2	N590S	Missense	0.1969898110037318
3090	ATF7IP2	L594P	Missense	0.070137268
3091	ATF7IP2	L594P;T595T	Missense;Silent	0.4253186687550732
3092	ATF7IP2	I598T	Missense	-0.478496173
3093	ATF7IP2	C605R	Missense	0.4953627136293578
3094	ATF7IP2	V608A	Missense	1.2846707601134044
3095	ATF7IP2	V608A	Missense	0.140669862652985
3096	ATF7IP2	L613P	Missense	-0.477471056
3097	ATF7IP2	H617H	Silent	-0.628056178
3098	ATF7IP2	S620P	Missense	-0.144978781
3099	ATF7IP2	N621G	Missense	-0.060067673
3100	ATF7IP2	I625V	Missense	-0.161391028
3101	ATF7IP2	K633K	Silent	-0.145793093
3102	ATF7IP2	C641R	Missense	-0.382326879
3103	ATF7IP2	T642T;L643P;S644P	Silent;Missense;Missense	0.2739292058978553
3104	ATF7IP2	L643P;S644P	Missense;Missense	0.6719409611270715
3105	ATF7IP2	L643S;S644P	Missense;Missense	0.080607686
3106	ATF7IP2	F646P	Missense	-0.126642263
3107	ATF7IP2	F654S;T655T	Missense;Silent	-0.545550562
3108	ATF7IP2	D670G;I671V	Missense;Missense	-0.250418637
3109	ATF7IP2	D670G;I671V	Missense;Missense	1.227615336364564
3110	ATF7IP2	E679G;N680D	Missense;Missense	0.628038402
3111	SETDB2	(NC);(NC)	UTR;UTR	0.4784335615786581
3112	SETDB2	(NC);(NC)	UTR;UTR	1.405977211055107
3113	SETDB2	(NC);(NC);M1V	UTR;UTR;Missense	1.2470347145088785
3114	SETDB2	G2G	Silent	0.133824175
3115	SETDB2	D7G	Missense	0.2523746543396469
3116	SETDB2	A8A;K9E	Silent;Missense	-0.868230477
3117	SETDB2	M13V;E14G	Missense;Missense	-0.148335079
3118	SETDB2	L15L;E16G	Silent;Missense	-0.425879382
3119	SETDB2	K36G;Q37R	Missense;Missense	0.4771691595002649
3120	SETDB2	K36R;Q37R	Missense;Missense	0.7481157148111872
3121	SETDB2		No Mutation	0.3845562639784303
3122	SETDB2	(NC)	Intron	1.0454765459221154
3123	SETDB2		No Mutation	0.052546993
3124	SETDB2	V56A	Missense	0.068086699
3125	SETDB2	S64G	Missense	2.4690054366506087
3126	SETDB2	S64G	Missense	-0.049851895
3127	SETDB2	(NC);(NC)	Intron;Intron	-0.189839084
3128	SETDB2	S72P	Missense	-0.625508222
3129	SETDB2	S72P	Missense	0.288512875
3130	SETDB2		No Mutation	-0.165841132
3131	SETDB2	N77G	Missense	0.3750063427989023
3132	SETDB2	(NC);(NC)	Intron;Intron	-0.778319166
3133	SETDB2	(NC);(NC);(NC)	Intron;Intron;Intron	0.1227105536986611
3134	SETDB2	M84V	Missense	0.016601723344799
3135	SETDB2		No Mutation	0.4517160931048314
3136	SETDB2	T87A	Missense	0.5702864452087403
3137	SETDB2		No Mutation	0.1300849827624333
3138	SETDB2	S100S	Silent	0.7211936278345962
3139	SETDB2	C111C	Silent	0.379435698878078
3140	SETDB2	F113P;L114P	Missense;Missense	0.00529939
3141	SETDB2	(NC);L114L;T115A	Splice-acceptor;Silent;Missense	-0.55903666
3142	SETDB2	Q143R;S144G	Missense;Missense	-0.098094667
3143	SETDB2	S148P	Missense	-0.485723162
3144	SETDB2	K154K;M155V	Silent;Missense	-0.489860105
3145	SETDB2	M155V	Missense	0.4334171578260539
3146	SETDB2	I169T	Missense	0.8012762143730983
3147	SETDB2	I169T	Missense	-0.088554403
3148	SETDB2	F173P	Missense	-0.066275662
3149	SETDB2		No Mutation	0.5371000499957437
3150	SETDB2	S190G;Y191C	Missense;Missense	0.519136227
3151	SETDB2	Y191C;K192G	Missense;Missense	0.550766017
3152	SETDB2	S198S;L199P	Silent;Missense	-0.051030168
3153	SETDB2	S198S;L199P	Silent;Missense	0.2518149333320328
3154	SETDB2	L199P	Missense	0.2945752892706299
3155	SETDB2	G196G;R197G;S198G	Silent;Missense;Missense	-0.727655031
3156	SETDB2	S198G	Missense	0.509220134
3157	SETDB2	C214R	Missense	0.2574252176628824
3158	SETDB2	N225G;T226A	Missense;Missense	-0.466545928
3159	SETDB2	Y227C	Missense	-0.034815049
3160	SETDB2	A231A	Silent	0.065667084
3161	SETDB2	K238K;E239G	Silent;Missense	0.1679402733118456
3162	SETDB2	D243G	Missense	0.6333967535739158
3163	SETDB2	D245G;I246V	Missense;Missense	0.2123424016523327
3164	SETDB2	N259N	Silent	1.101947697262736
3165	SETDB2	N259N	Silent	0.2711836205736422
3166	SETDB2		No Mutation	0.2647221829460469
3167	SETDB2		No Mutation	0.6864889993257748
3168	SETDB2	K270R;Y271C	Missense;Missense	-0.188986461
3169	SETDB2	L282P	Missense	0.2245185716541676
3170	SETDB2	M288T;F289P	Missense;Missense	0.4614123818874904
3171	SETDB2	D291D;S292P	Silent;Missense	0.2872413882569542
3172	SETDB2		No Mutation	0.2547085881582278
3173	SETDB2		No Mutation	-0.110858438
3174	SETDB2		No Mutation	-0.369376186
3175	SETDB2	I302V	Missense	0.9800016591379914
3176	SETDB2	(NC);(NC);(NC);(NC)	Intron;Intron;Intron;Intron	1.0406486744183805
3177	SETDB2	(NC)	Intron	0.5923689491124602
3178	SETDB2		No Mutation	1.479939868917049
3179	SETDB2	L320S;S321P	Missense;Missense	-0.918256535
3180	SETDB2	S322G;D323G	Missense;Missense	0.2390014583014275
3181	SETDB2	Q335R;R336G	Missense;Missense	0.2671798798773586
3182	SETDB2	Q335R;R336G	Missense;Missense	1.031529720628703
3183	SETDB2	Q337R;I338V	Missense;Missense	0.064921119
3184	SETDB2		No Mutation	-0.138406215
3185	SETDB2	(NC);(NC)	Intron;Intron	-0.624766624
3186	SETDB2	C351C;N352N	Silent;Silent	0.5731884315792604
3187	SETDB2	N358G	Missense	0.213769172
3188	SETDB2	H363H;G364G	Silent;Silent	-1.045192177
3189	SETDB2	Q362R;H363R	Missense;Missense	-0.49292317
3190	SETDB2	V367A	Missense	-0.119804935
3191	SETDB2		No Mutation	0.4988769870370981
3192	SETDB2	V371A	Missense	0.3051005215484873
3193	SETDB2	K373E	Missense	0.1756955645840572
3194	SETDB2	K373G	Missense	1.0356626828004432
3195	SETDB2	K373R;T374A	Missense;Missense	0.4320241867442107
3196	SETDB2	K373K;T374A	Silent;Missense	0.1453750177511951
3197	SETDB2	T374A;E375G	Missense;Missense	0.3031959458593065
3198	SETDB2	L384L;D385G	Silent;Missense	-0.160371772
3199	SETDB2	L384L;D385G	Silent;Missense	0.5690719286802551
3200	SETDB2		No Mutation	-0.902299318
3201	SETDB2	L401P	Missense	0.083684275
3202	SETDB2	N405G;T406A	Missense;Missense	0.8027497552902574
3203	SETDB2	Y410C	Missense	-0.76869027
3204	SETDB2	Y410C	Missense	-0.069728878
3205	SETDB2	E442G	Missense	-0.716699748
3206	SETDB2	E442E	Silent	0.1767129533136823
3207	SETDB2		No Mutation	0.4195742375484863
3208	SETDB2		No Mutation	-0.056520249
3209	SETDB2	N466N	Silent	-0.051076278
3210	SETDB2	S465G	Missense	0.9488086208068208
3211	SETDB2	N467N	Silent	0.5667798619443409
3212	SETDB2	V473A;(NC)	Missense;Splice-donor	-0.632638362
3213	SETDB2	V473A;(NC)	Missense;Splice-donor	0.246944425
3214	SETDB2		No Mutation	-0.589026204
3215	SETDB2	Y477H	Missense	-0.262749723
3216	SETDB2	I498T	Missense	-0.273021828
3217	SETDB2	F499S	Missense	-0.342998781
3218	SETDB2	N502N	Silent	0.3547822432069321
3219	SETDB2	Q500Q;H501R;N502D	Silent;Missense;Missense	1.379933849491831
3220	SETDB2	(NC);(NC);(NC);(NC)	Intron;Intron;Intron;Intron	0.7121944232965749
3221	SETDB2	(NC);(NC);(NC)	Intron;Intron;Intron	0.483259284
3222	SETDB2	F508P	Missense	0.9846564385695064
3223	SETDB2	T515T	Silent	-0.500250454
3224	SETDB2	T515A	Missense	0.6183800167985005
3225	SETDB2	F522P	Missense	1.0010758515933458
3226	SETDB2	L529P	Missense	-0.324748953
3227	SETDB2	S531P	Missense	-0.438524853
3228	SETDB2	S531P	Missense	0.2638956423727725
3229	SETDB2	N530D	Missense	-0.998658924
3230	SETDB2	N530G	Missense	1.1309294468442084
3231	SETDB2	K534G	Missense	-0.054561718
3232	SETDB2	(NC)	Splice-donor	-0.150180276
3233	SETDB2	(NC);(NC)	Intron;Intron	0.004775695
3234	SETDB2		No Mutation	-0.365474473
3235	SETDB2	F548F	Silent	0.9159900986550098
3236	SETDB2	R565R;E566G	Silent;Missense	-0.317105569
3237	SETDB2	P570P;R571G;S572G	Silent;Missense;Missense	0.2185611215989396
3238	SETDB2	C574R	Missense	-0.543971241
3239	SETDB2		No Mutation	-0.641979123
3240	SETDB2	N575G	Missense	-0.220931834
3241	SETDB2	D581D	Silent	0.091264596
3242	SETDB2	N584N	Silent	-0.669531206
3243	SETDB2	N582G	Missense	-0.091258409
3244	SETDB2	I585V;K586E	Missense;Missense	0.1467156657896197
3245	SETDB2	Q592Q;I593V	Silent;Missense	0.064884441
3246	SETDB2	I593V;Q594R	Missense;Missense	0.023072746
3247	SETDB2	S601P	Missense	0.9922047397964506
3248	SETDB2	S601S	Silent	-0.163601931
3249	SETDB2	S601S	Silent	-0.253589321
3250	SETDB2	T602T;A603A	Silent;Silent	0.8047453332827795
3251	SETDB2	S624S;D625D	Silent;Silent	-0.159888242
3252	SETDB2	L627L;T628A	Silent;Missense	0.9933210394534696
3253	SETDB2	D639G	Missense	-0.17359303
3254	SETDB2	T641A;K642G	Missense;Missense	-0.357448794
3255	SETDB2		No Mutation	0.713550881
3256	SETDB2	N651D	Missense	0.3485736510279951
3257	SETDB2	(NC)	Intron	-0.4346383
3258	SETDB2		No Mutation	-0.196033604
3259	SETDB2	(NC);(NC);(NC);(NC)	Intron;Intron;Intron;Intron	-0.15303976
3260	SETDB2		No Mutation	0.3454356028196318
3261	SETDB2		No Mutation	0.3407506345993029
3262	SETDB2		No Mutation	-0.455051495
3263	SETDB2	F678P	Missense	-0.184274669
3264	SETDB2	A676A	Silent	0.5008388080688218
3265	SETDB2	(NC);(NC);(NC)	Intron;Intron;Intron	1.1068634482283046
3266	SETDB2	A685A;R686G	Silent;Missense	0.4845613078347078
3267	SETDB2	A685A;R686G;T687A	Silent;Missense;Missense	-0.009984399
3268	SETDB2	E688G	Missense	-0.402937569
3269	SETDB2	D692G;Y693C	Missense;Missense	0.2199096547122052
3270	SETDB2	D692G;Y693C	Missense;Missense	0.4525239587418729
3271	SETDB2	T699A	Missense	0.8026270885130724
3272	SETDB2	F706P;C707R	Missense;Missense	-0.372608366
3273	SETDB2	E704G;I705V	Missense;Missense	0.2185966648419743
3274	SETDB2	E704G;I705V	Missense;Missense	-0.073378141
3275	SETDB2	E704E;I705V	Silent;Missense	-0.409474877
3276	SETDB2	N712N;C714R	Silent;Missense	-0.215927023
3277	EHMT1	(NC)	UTR	-0.407479498
3278	EHMT1		No Mutation	-0.2344118
3279	EHMT1		No Mutation	0.1079121941964051
3280	EHMT1		No Mutation	-0.026724293
3281	EHMT1		No Mutation	-0.350761151
3282	EHMT1		No Mutation	1.0979102056562828
3283	EHMT1	D5D	Silent	0.1443469833965631
3284	EHMT1	(NC)	Splice-donor	0.4382816266810538
3285	EHMT1	D5G	Missense	0.5984330064379204
3286	EHMT1	D5G	Missense	-0.579659438
3287	EHMT1	(NC)	Splice-donor	-0.907059703
3288	EHMT1		No Mutation	-0.047770257
3289	EHMT1		No Mutation	0.06565217
3290	EHMT1	E7G	Missense	-0.468863014
3291	EHMT1	(NC)	Intron	-0.031340514
3292	EHMT1	(NC)	Intron	-0.056567388
3293	EHMT1		No Mutation	-0.560451511
3294	EHMT1	(NC);(NC)	Intron;Intron	-0.200161014
3295	EHMT1	(NC);(NC)	Intron;Intron	0.3620032755896003
3296	EHMT1	(NC)	Intron	0.2970921593608816
3297	EHMT1		No Mutation	0.2960755461633308
3298	EHMT1		No Mutation	-0.233302691
3299	EHMT1	(NC);(NC);(NC)	Intron;Intron;Splice-acceptor	0.6188879867929817
3300	EHMT1	(NC);(NC)	Intron;Splice-acceptor	-0.944137925
3301	EHMT1	(NC)	Splice-acceptor	0.4236031664012837
3302	EHMT1	(NC);A8A	Splice-acceptor;Silent	-0.283264547
3303	EHMT1	A8A	Silent	0.6933587101882427
3304	EHMT1	R12G	Missense	1.432880242573246
3305	EHMT1	P15P	Silent	0.3062424350859793
3306	EHMT1	C20R;V21A	Missense;Missense	-0.212469647
3307	EHMT1	K22E	Missense	-0.641813939
3308	EHMT1	K22G	Missense	0.8358119442141383
3309	EHMT1	T23A;E24G	Missense;Missense	0.6125609026145141
3310	EHMT1		No Mutation	0.4957319433809345
3311	EHMT1		No Mutation	-0.237715301
3312	EHMT1	(NC)	Splice-donor	0.3193569431504023
3313	EHMT1		No Mutation	0.6496932429314056
3314	EHMT1	(NC)	Intron	0.1017492005826461
3315	EHMT1	(NC)	Intron	0.2152425526671136
3316	EHMT1		No Mutation	0.2146609563901185
3317	EHMT1	M32V	Missense	-0.079595612
3318	EHMT1		No Mutation	-0.202628499
3319	EHMT1		No Mutation	0.1932795899824148
3320	EHMT1	E36E	Silent	-0.034808986
3321	EHMT1	S38S	Silent	-0.13109312
3322	EHMT1	A39A;E40G;K41E	Silent;Missense;Missense	0.61662165
3323	EHMT1	A43A	Silent	-0.728403891
3324	EHMT1	G44G;E45G	Silent;Missense	-0.055268402
3325	EHMT1	H47R	Missense	-0.234683566
3326	EHMT1	G52G	Silent	-0.840086116
3327	EHMT1	D51G	Missense	-0.152138412
3328	EHMT1	D51G	Missense	-0.429169439
3329	EHMT1	N68N;A69A	Silent;Silent	0.055728492
3330	EHMT1		No Mutation	0.4519471079223338
3331	EHMT1	H72R;T73A	Missense;Missense	0.6523411837711401
3332	EHMT1	T73A	Missense	-0.519083971
3333	EHMT1	A77A;R78G	Silent;Missense	0.3444581949532058
3334	EHMT1	R78G	Missense	0.2884853655458066
3335	EHMT1		No Mutation	-0.359128585
3336	EHMT1		No Mutation	-0.105600357
3337	EHMT1		No Mutation	-0.478454765
3338	EHMT1		No Mutation	0.1207111933704854
3339	EHMT1	T85A	Missense	-0.088711224
3340	EHMT1	T87A	Missense	-0.325674342
3341	EHMT1	I91T	Missense	1.334674210323955
3342	EHMT1	T89A	Missense	-0.406907465
3343	EHMT1		No Mutation	0.5006135793342888
3344	EHMT1	I91V	Missense	0.2060122579528387
3345	EHMT1	S97S;E98G;R99G	Silent;Missense;Missense	0.093701266
3346	EHMT1	F114L	Missense	-0.065357147
3347	EHMT1	T117T	Silent	0.4348935862760524
3348	EHMT1	Q116R	Missense	0.4318388432726085
3349	EHMT1		No Mutation	-0.040768182
3350	EHMT1	G124G;Y125C;I126V	Silent;Missense;Missense	0.7219351400549014
3351	EHMT1	L127L;N128G;K129E	Silent;Missense;Missense	1.1623308719361551
3352	EHMT1		No Mutation	-0.532769447
3353	EHMT1	L132L;Q133R	Silent;Missense	-0.835368428
3354	EHMT1	L137P	Missense	0.2468921691943006
3355	EHMT1	L137P	Missense	0.662028682
3356	EHMT1	R138G;T139A	Missense;Missense	0.1734138465503899
3357	EHMT1		No Mutation	0.1376392552216604
3358	EHMT1	T142T	Silent	-0.338169165
3359	EHMT1	S145S;S146P	Silent;Missense	0.8101561712926997
3360	EHMT1		No Mutation	-1.351273671
3361	EHMT1	H150H	Silent	-0.423096063
3362	EHMT1		No Mutation	-0.583348964
3363	EHMT1	A152A;K153G	Silent;Missense	-1.300494287
3364	EHMT1	A152A;K153G	Silent;Missense	-0.422773438
3365	EHMT1	A152A;K153G;T154A	Silent;Missense;Missense	0.9754919238908256
3366	EHMT1	T154A	Missense	0.1724419689549388
3367	EHMT1		No Mutation	0.020431228
3368	EHMT1	A159A	Silent	-0.596885502
3369	EHMT1	A159A	Silent	-0.173871875
3370	EHMT1	G157G	Silent	-0.469757788
3371	EHMT1		No Mutation	0.2314469474433163
3372	EHMT1		No Mutation	0.2293299910488033
3373	EHMT1		No Mutation	-0.753977298
3374	EHMT1		No Mutation	-0.087941498
3375	EHMT1		No Mutation	0.8292656297843554
3376	EHMT1		No Mutation	0.3021270562164458
3377	EHMT1		No Mutation	-0.72783983
3378	EHMT1	P175P	Silent	0.2308776498934309
3379	EHMT1	P175P	Silent	0.2176692
3380	EHMT1	L179P	Missense	0.029512548
3381	EHMT1	P175P;P176P	Silent;Silent	-0.14962227
3382	EHMT1	P176P	Silent	0.3289609035379209
3383	EHMT1	P176P	Silent	-0.148414841
3384	EHMT1	L179P	Missense	-0.46461564
3385	EHMT1	L179L	Silent	-0.064707102
3386	EHMT1		No Mutation	-0.017088088
3387	EHMT1		No Mutation	0.000306743
3388	EHMT1	S183S	Silent	-0.214758336
3389	EHMT1	S183S;A184A	Silent;Silent	-0.120760554
3390	EHMT1	S183S;A184A	Silent;Silent	-0.784174968
3391	EHMT1	S183G	Missense	1.0155685019584375
3392	EHMT1		No Mutation	-0.196399093
3393	EHMT1	T186T;E187G	Silent;Missense	0.6555283767160329
3394	EHMT1	R189G;K190G	Missense;Missense	0.1260946741902313
3395	EHMT1		No Mutation	-0.65362236
3396	EHMT1		No Mutation	-0.826637913
3397	EHMT1	V198A	Missense	-0.317897107
3398	EHMT1	V198A	Missense	-0.208773828
3399	EHMT1		No Mutation	-0.099750028
3400	EHMT1	V200A	Missense	1.0181730007608358
3401	EHMT1	D197G	Missense	0.2980412297101383
3402	EHMT1	D197G	Missense	-0.183867382
3403	EHMT1		No Mutation	0.6765999724666814
3404	EHMT1		No Mutation	-0.670276764
3405	EHMT1	M207V	Missense	-0.056809567
3406	EHMT1	M207V	Missense	-0.14545172
3407	EHMT1	V211A;V212A	Missense;Missense	-0.072223695
3408	EHMT1	K209G	Missense	-0.291745246
3409	EHMT1	L214P	Missense	-0.145463087
3410	EHMT1	(NC);(NC);(NC)	Splice-donor;Intron;Intron	0.8998308300805289
3411	EHMT1	(NC);(NC);(NC)	Intron;Intron;Intron	0.7652462944585275
3412	EHMT1		No Mutation	0.2144724848869938
3413	EHMT1		No Mutation	-0.590646636
3414	EHMT1	A227A	Silent	0.2948418065682112
3415	EHMT1	R225R;E226G	Silent;Missense	0.1445449769395181
3416	EHMT1	H230R;K231E	Missense;Missense	-0.352431291
3417	EHMT1	K239G;N240G	Missense;Missense	0.3116780495464164
3418	EHMT1	L256P	Missense	-0.812451555
3419	EHMT1	L256P;H257H	Missense;Silent	0.236490172
3420	EHMT1	L256L;H257H	Silent;Silent	0.067101111
3421	EHMT1	H257H	Silent	0.09939909
3422	EHMT1	H257H	Silent	-0.019926065
3423	EHMT1	S259P	Missense	-0.738911357
3424	EHMT1	S259P;L260P	Missense;Missense	-0.395004878
3425	EHMT1	L260P;P261P	Missense;Silent	-0.15861128
3426	EHMT1	P261P	Silent	0.5899417722425483
3427	EHMT1	Q262R;N263D	Missense;Missense	-0.743134673
3428	EHMT1	Y266H;M267T	Missense;Missense	-0.356344751
3429	EHMT1		No Mutation	0.099914766
3430	EHMT1	T269A;T270A	Missense;Missense	-0.328613395
3431	EHMT1	K271K;S272S	Silent;Silent	0.4774038239984551
3432	EHMT1	T274A	Missense	-0.273894928
3433	EHMT1	A283A	Silent	-0.41709622
3434	EHMT1	K288G;K289E	Missense;Missense	0.853996152
3435	EHMT1	K288G;K289G	Missense;Missense	-0.041417536
3436	EHMT1	R292R;M293V	Silent;Missense	0.1174920140373385
3437	EHMT1	P300P	Silent	0.5746144731461028
3438	EHMT1	K305G	Missense	1.134746446278995
3439	EHMT1	K305K;V306V	Silent;Silent	0.9710239954141272
3440	EHMT1	I319V;T320A	Missense;Missense	-0.051931141
3441	EHMT1	I319V;T320A	Missense;Missense	0.1855476010753125
3442	EHMT1	T323A	Missense	0.089760953
3443	EHMT1	(NC)	Splice-donor	-0.342904417
3444	EHMT1	(NC);(NC)	Intron;Intron	0.3170601645932096
3445	EHMT1	(NC)	Intron	0.3473154615449523
3446	EHMT1	(NC)	Intron	-0.035004183
3447	EHMT1		No Mutation	0.0310811017602718
3448	EHMT1		No Mutation	-0.244225681
3449	EHMT1		No Mutation	0.8089776239425133
3450	EHMT1		No Mutation	-0.340098481
3451	EHMT1	(NC)	Splice-acceptor	-0.095203496
3452	EHMT1	(NC)	Splice-acceptor	0.8627435326977603
3453	EHMT1	L337P	Missense	-0.653474298
3454	EHMT1	S335G;S336G	Missense;Missense	-0.308358586
3455	EHMT1	S336G	Missense	-0.322614703
3456	EHMT1	S336G	Missense	-0.109584823
3457	EHMT1	V339A;N340N	Missense;Silent	1.0018799082083123
3458	EHMT1	N340D	Missense	-0.07947538
3459	EHMT1		No Mutation	0.8215211315353563
3460	EHMT1		No Mutation	-0.077889674
3461	EHMT1	S343G	Missense	-0.040380182
3462	EHMT1	E345G;M346V	Missense;Missense	0.8327646265993588
3463	EHMT1	D349D	Silent	-0.072469379
3464	EHMT1	D349G	Missense	-0.876945029
3465	EHMT1	D352G	Missense	-0.189300815
3466	EHMT1	S353S	Silent	-0.361320651
3467	EHMT1	E355G	Missense	0.8467986919170418
3468	EHMT1	E357G;E358G	Missense;Missense	-0.949644191
3469	EHMT1		No Mutation	0.056075673
3470	EHMT1	H362R	Missense	0.7368058664457285
3471	EHMT1		No Mutation	0.1772575961914707
3472	EHMT1		No Mutation	-0.411333284
3473	EHMT1		No Mutation	0.4579352070232681
3474	EHMT1		No Mutation	-0.434409607
3475	EHMT1		No Mutation	0.003120799
3476	EHMT1		No Mutation	-0.056856513
3477	EHMT1	T377T	Silent	-0.408060744
3478	EHMT1	D374G;S375G	Missense;Missense	-0.479747737
3479	EHMT1	K379E	Missense	0.1585403619193865
3480	EHMT1	K379G	Missense	0.9438652223490896
3481	EHMT1		No Mutation	0.257767915261325
3482	EHMT1		No Mutation	0.3146981642598665
3483	EHMT1	(NC);(NC);(NC)	Intron;Intron;Intron	-0.21966406
3484	EHMT1	(NC)	Intron	0.3593332395377195
3485	EHMT1	(NC);(NC)	Intron;Intron	0.4772025088640538
3486	EHMT1	(NC)	Intron	-0.364870202
3487	EHMT1	(NC);(NC)	Intron;Intron	-0.411733548
3488	EHMT1	(NC)	Intron	0.3174293836874789
3489	EHMT1		No Mutation	0.3808992549651526
3490	EHMT1		No Mutation	-0.511274997
3491	EHMT1		No Mutation	0.027296355
3492	EHMT1		No Mutation	0.4671309987204368
3493	EHMT1	M391V	Missense	-0.320084666
3494	EHMT1	D392G	Missense	-0.249066579
3495	EHMT1	E394G	Missense	-0.520480626
3496	EHMT1	E397G	Missense	-0.42994114
3497	EHMT1	S401P	Missense	0.091681696
3498	EHMT1	Q399R;E400G	Missense;Missense	-0.286508663
3499	EHMT1	Q399R;E400G	Missense;Missense	-0.660897577
3500	EHMT1	E400G	Missense	-1.048956822
3501	EHMT1		No Mutation	-0.219147016
3502	EHMT1		No Mutation	0.3580776395313744
3503	EHMT1	D403G;T404A	Missense;Missense	0.2523713669535876
3504	EHMT1		No Mutation	0.0216590214657073
3505	EHMT1	T404A	Missense	0.8371044464157396
3506	EHMT1	E406G	Missense	-0.521388819
3507	EHMT1		No Mutation	-0.431860559
3508	EHMT1		No Mutation	-0.094740401
3509	EHMT1	(NC)	Intron	0.2341892708456975
3510	EHMT1	(NC)	Intron	-0.239957446
3511	EHMT1		No Mutation	-0.093771947
3512	EHMT1	S417S	Silent	0.2554950163054106
3513	EHMT1	S417S;S418P	Silent;Missense	0.2993546007063248
3514	EHMT1		No Mutation	1.0560856054585963
3515	EHMT1	F426P	Missense	0.5436077713039965
3516	EHMT1	K423R;K424G	Missense;Missense	-0.044332637
3517	EHMT1	K425G	Missense	0.6895877992608308
3518	EHMT1	G431G;K432G	Silent;Missense	0.4422528086279024
3519	EHMT1	I438T	Missense	-0.296940458
3520	EHMT1		No Mutation	-0.524258536
3521	EHMT1		No Mutation	0.0296248522031514
3522	EHMT1	K439G	Missense	0.4513175644392994
3523	EHMT1		No Mutation	-0.401956389
3524	EHMT1	K439R;P440P	Missense;Silent	-0.165104273
3525	EHMT1	P440P	Silent	0.1008769595410159
3526	EHMT1	S448G;R449G	Missense;Missense	-0.169562162
3527	EHMT1	K451G	Missense	-0.374866985
3528	EHMT1	(NC)	Splice-donor	-0.414430513
3529	EHMT1	(NC)	Splice-donor	0.1731889528196657
3530	EHMT1		No Mutation	-0.32886196
3531	EHMT1		No Mutation	0.4296574403837788
3532	EHMT1		No Mutation	-0.044183296
3533	EHMT1		No Mutation	-0.880845137
3534	EHMT1	(NC)	Intron	0.8352819579711637
3535	EHMT1	(NC);(NC);(NC)	Intron;Intron;Intron	-0.607318332
3536	EHMT1	(NC)	Intron	0.008618851
3537	EHMT1	(NC);(NC);(NC)	Intron;Intron;Intron	-0.452437426
3538	EHMT1		No Mutation	0.6483114979620905
3539	EHMT1	G457G;S458P	Silent;Missense	-0.37892514
3540	EHMT1	Y461H	Missense	0.749744545
3541	EHMT1	Y461C	Missense	-0.090969985
3542	EHMT1	A465A;G466G;S467G	Silent;Silent;Missense	0.4623336935976503
3543	EHMT1	E469G	Missense	-0.390115712
3544	EHMT1	A472A	Silent	-0.333692638
3545	EHMT1	A472A;P473P	Silent;Silent	1.3114650388727558
3546	EHMT1	G474G;D475G;S476G	Silent;Missense;Missense	-0.235247125
3547	EHMT1	Y479H	Missense	-0.122167224
3548	EHMT1	Y479C;M480V	Missense;Missense	-0.009294212
3549	EHMT1	E481E	Silent	-0.324256139
3550	EHMT1	D488G	Missense	0.4768559382178178
3551	EHMT1	V491A	Missense	0.081149248
3552	EHMT1		No Mutation	0.3565260941395138
3553	EHMT1	I494I;L495P;S496P	Silent;Missense;Missense	-0.339137031
3554	EHMT1		No Mutation	-0.245818567
3555	EHMT1	Q498R	Missense	0.0457020098962437
3556	EHMT1	A499A;E500G	Silent;Missense	0.4923787934829627
3557	EHMT1		No Mutation	-0.003859932
3558	EHMT1		No Mutation	-0.079687575
3559	EHMT1		No Mutation	-0.577893319
3560	EHMT1	(NC)	Intron	-0.415473445
3561	EHMT1	N504G	Missense	-0.224633219
3562	EHMT1	V508A;L509P	Missense;Missense	0.2226692129310877
3563	EHMT1	D507G	Missense	-0.975074365
3564	EHMT1		No Mutation	-0.542270651
3565	EHMT1	E510G;T511A	Missense;Missense	-0.106678789
3566	EHMT1	P518P;L519P;C520R	Silent;Missense;Missense	0.1757407001005297
3567	EHMT1	C520R	Missense	-0.380367463
3568	EHMT1		No Mutation	-0.268913609
3569	EHMT1		No Mutation	-0.596068932
3570	EHMT1	M524T	Missense	0.760472816
3571	EHMT1		No Mutation	-0.042798957
3572	EHMT1	I532T	Missense	-0.592787917
3573	EHMT1	R530R	Silent	0.716660338
3574	EHMT1		No Mutation	-0.447270543
3575	EHMT1	N537D	Missense	-0.222376827
3576	EHMT1	M541T;A542A	Missense;Silent	-0.675849954
3577	EHMT1	M541V	Missense	-0.368314982
3578	EHMT1		No Mutation	0.2167112575654529
3579	EHMT1	(NC);(NC);(NC)	Intron;Intron;Intron	1.2662700023854383
3580	EHMT1	(NC);(NC)	Intron;Intron	0.033578175
3581	EHMT1		No Mutation	0.065259632
3582	EHMT1		No Mutation	0.08603532
3583	EHMT1	(NC)	Intron	1.7976852347683323
3584	EHMT1	(NC)	Intron	-0.360949936
3585	EHMT1		No Mutation	-0.636473097
3586	EHMT1	V557A	Missense	0.2552731071506319
3587	EHMT1	M563V	Missense	-0.632841574
3588	EHMT1		No Mutation	-0.08207413
3589	EHMT1	L571P	Missense	-0.440021813
3590	EHMT1	L571P	Missense	0.5031312572311599
3591	EHMT1	L571P;L572P	Missense;Missense	-0.502265715
3592	EHMT1	L574P;C575R	Missense;Missense	-0.913813597
3593	EHMT1	C575R	Missense	-0.489050196
3594	EHMT1	C575R	Missense	-0.167933308
3595	EHMT1		No Mutation	0.8562582536107979
3596	EHMT1		No Mutation	0.3553978931415459
3597	EHMT1		No Mutation	-0.767737484
3598	EHMT1		No Mutation	-0.338947328
3599	EHMT1	E576E;D577G	Silent;Missense	-0.87769626
3600	EHMT1	V583A	Missense	-0.361838041
3601	EHMT1		No Mutation	-0.114697893
3602	EHMT1	C587R	Missense	-0.725738409
3603	EHMT1	K584G;H585R	Missense;Missense	0.2702887349751013
3604	EHMT1	Q586R	Missense	-0.014792692
3605	EHMT1	C591R	Missense	0.994815396
3606	EHMT1	F594P;C595R	Missense;Missense	0.1272339613520758
3607	EHMT1		No Mutation	-0.79062619
3608	EHMT1		No Mutation	0.3555811736816042
3609	EHMT1	G598G;N599N	Silent;Silent	0.2024897646418477
3610	EHMT1	N599N;F600P	Silent;Missense	1.0310523345207765
3611	EHMT1	N599N;F600P	Silent;Missense	1.1448973104898643
3612	EHMT1	S610P	Missense	-0.331600955
3613	EHMT1	S610S	Silent	-0.577919525
3614	EHMT1	C617R	Missense	0.8420205630380297
3615	EHMT1	S619P	Missense	-0.196962338
3616	EHMT1		No Mutation	0.2197793050797387
3617	EHMT1	S625G;Y626C	Missense;Missense	-0.685020932
3618	EHMT1	Y626C	Missense	0.8189761697159059
3619	EHMT1	Y626C	Missense	-0.006267908
3620	EHMT1	C630R	Missense	-0.103913079
3621	EHMT1		No Mutation	-0.378663582
3622	EHMT1		No Mutation	0.6298999938081943
3623	EHMT1		No Mutation	-0.049725276
3624	EHMT1		No Mutation	-0.671753941
3625	EHMT1	S635P	Missense	-0.063692865
3626	EHMT1	S634G	Missense	-0.164345226
3627	EHMT1	V640A	Missense	-0.957128696
3628	EHMT1	I642T;A643A	Missense;Silent	0.4529838886799617
3629	EHMT1		No Mutation	-0.267039414
3630	EHMT1	T650A	Missense	0.019970046
3631	EHMT1		No Mutation	-0.100302846
3632	EHMT1	V654A	Missense	-0.28464005
3633	EHMT1	T652A	Missense	-0.512216504
3634	EHMT1		No Mutation	-0.334765875
3635	EHMT1	P653P	Silent	-0.637433458
3636	EHMT1		No Mutation	0.1394504534363884
3637	EHMT1		No Mutation	-0.859521626
3638	EHMT1		No Mutation	-0.523582498
3639	EHMT1	S661P	Missense	-0.301480525
3640	EHMT1	S661P	Missense	-0.61365925
3641	EHMT1	S661P	Missense	-0.237571647
3642	EHMT1	E658G;K659E	Missense;Missense	0.8497386747963542
3643	EHMT1	K659G	Missense	-0.574404508
3644	EHMT1	K659G	Missense	-0.300047601
3645	EHMT1		No Mutation	-0.69116116
3646	EHMT1		No Mutation	-0.589300621
3647	EHMT1		No Mutation	0.4655853131806827
3648	EHMT1		No Mutation	-0.623704682
3649	EHMT1	R666G	Missense	0.7730811971722231
3650	EHMT1	R666G	Missense	0.072508298
3651	EHMT1	D668G	Missense	0.2230299988094118
3652	EHMT1		No Mutation	-0.165074994
3653	EHMT1	T670A;T671A	Missense;Missense	1.1428661466339545
3654	EHMT1	(NC)	Intron	-0.565854907
3655	EHMT1	S673G	Missense	-0.750572158
3656	EHMT1	(NC)	Intron	0.3561912693742166
3657	EHMT1		No Mutation	-0.298817589
3658	EHMT1	(NC)	Intron	-0.526217018
3659	EHMT1	(NC)	Intron	-0.302506292
3660	EHMT1	(NC)	Intron	-0.890361611
3661	EHMT1	(NC)	Intron	-1.167035488
3662	EHMT1	S673S	Silent	0.1265975063611625
3663	EHMT1		No Mutation	-0.19914567
3664	EHMT1		No Mutation	1.0007684164565116
3665	EHMT1	A674A	Silent	0.7247191590276614
3666	EHMT1		No Mutation	-0.409160876
3667	EHMT1		No Mutation	-0.30883443
3668	EHMT1		No Mutation	-0.485223163
3669	EHMT1		No Mutation	-0.555654464
3670	EHMT1		No Mutation	0.3868895428853788
3671	EHMT1		No Mutation	-0.552954272
3672	EHMT1		No Mutation	-0.189834149
3673	EHMT1		No Mutation	-0.293124447
3674	EHMT1	E681G	Missense	0.4236372806973904
3675	EHMT1	E681G;D682G	Missense;Missense	-0.000355479
3676	EHMT1	A688A	Silent	0.4572132040093561
3677	EHMT1		No Mutation	0.1049034751976829
3678	EHMT1		No Mutation	0.054151668
3679	EHMT1	F696P	Missense	1.0707689187805438
3680	EHMT1	F696P	Missense	0.5324174692289375
3681	EHMT1	E694G	Missense	-0.381685707
3682	EHMT1	E694G	Missense	0.0156829860883649
3683	EHMT1		No Mutation	-0.378063063
3684	EHMT1		No Mutation	0.06837115
3685	EHMT1	D697G	Missense	0.3770164865120311
3686	EHMT1	D697G;P698P	Missense;Silent	-0.352116154
3687	EHMT1	T699A	Missense	0.6605011149844222
3688	EHMT1	G700G	Silent	0.4051132590921797
3689	EHMT1	L704P	Missense	-0.281805389
3690	EHMT1	G700G	Silent	-0.302461863
3691	EHMT1		No Mutation	-0.220432547
3692	EHMT1		No Mutation	0.1659149440453241
3693	EHMT1	P707P;T708A	Silent;Missense	-0.479151484
3694	EHMT1	T708A	Missense	0.3740792511643587
3695	EHMT1	S712P	Missense	-0.606207651
3696	EHMT1		No Mutation	-0.298742697
3697	EHMT1		No Mutation	-0.123536055
3698	EHMT1		No Mutation	0.4652369227125597
3699	EHMT1		No Mutation	-0.841466404
3700	EHMT1		No Mutation	0.6905367987703023
3701	EHMT1		No Mutation	0.1861181988337046
3702	EHMT1		No Mutation	-0.167764588
3703	EHMT1	G714G;P715P	Silent;Silent	-0.043668991
3704	EHMT1		No Mutation	-0.052089317
3705	EHMT1	L720P	Missense	-0.126106265
3706	EHMT1	L724P;I725T	Missense;Missense	-0.08471451
3707	EHMT1	I725V	Missense	-0.510517468
3708	EHMT1	L735P	Missense	0.5513119386686492
3709	EHMT1	L735P	Missense	-0.203485092
3710	EHMT1	F737P	Missense	-0.526420754
3711	EHMT1	F737S	Missense	-0.214302955
3712	EHMT1	Y743H;F744L	Missense;Missense	-0.07889895
3713	EHMT1	F744P;S745P	Missense;Missense	0.1500133306790814
3714	EHMT1	F744P;S745P	Missense;Missense	-0.257442945
3715	EHMT1	Q741R	Missense	0.12057002645616
3716	EHMT1	Y743C	Missense	0.1764817473768408
3717	EHMT1	Y743C	Missense	-0.370563765
3718	EHMT1		No Mutation	-0.723306299
3719	EHMT1	L751P	Missense	0.466528379
3720	EHMT1	Q748R	Missense	-0.167708242
3721	EHMT1	L751P	Missense	-0.625758337
3722	EHMT1	K753G	Missense	0.3675893198831799
3723	EHMT1	K753G	Missense	-0.212637647
3724	EHMT1	(NC)	Intron	-0.209740274
3725	EHMT1	(NC)	Intron	-0.046857408
3726	EHMT1	(NC)	Intron	-1.063010549
3727	EHMT1		No Mutation	-0.311538207
3728	EHMT1	(NC)	Intron	-0.555825504
3729	EHMT1		No Mutation	-0.248471143
3730	EHMT1	D763G	Missense	1.451558108075526
3731	EHMT1	S775S	Silent	-0.722308501
3732	EHMT1		No Mutation	0.3831827515313865
3733	EHMT1	P776P	Silent	0.9760690638534412
3734	EHMT1	H778R	Missense	-0.683958599
3735	EHMT1		No Mutation	-0.334264487
3736	EHMT1	A781A	Silent	-0.0083057
3737	EHMT1		No Mutation	0.5472436140551521
3738	EHMT1	D787G;I788V	Missense;Missense	0.076167042
3739	EHMT1		No Mutation	0.3081699856810707
3740	EHMT1	H790R;M791V	Missense;Missense	0.716774814
3741	EHMT1		No Mutation	0.5552520698477111
3742	EHMT1	(NC)	Splice-donor	1.012580829284685
3743	EHMT1	Q794R	Missense	-0.337345925
3744	EHMT1	(NC)	Intron	-0.161764955
3745	EHMT1	(NC);(NC)	Intron;Intron	-0.330668223
3746	EHMT1	(NC)	Intron	0.4763552789500149
3747	EHMT1		No Mutation	-0.23808227
3748	EHMT1	(NC)	Intron	-0.583959677
3749	EHMT1		No Mutation	-0.037907282
3750	EHMT1		No Mutation	0.066573912
3751	EHMT1	Q806R;R807G	Missense;Missense	0.2940777190698748
3752	EHMT1	M811T	Missense	-0.015297744
3753	EHMT1		No Mutation	0.2130798820027303
3754	EHMT1		No Mutation	0.17863345694146
3755	EHMT1	A813A	Silent	0.1932159342269303
3756	EHMT1	Y824H	Missense	-0.052634076
3757	EHMT1	A821A;K823E	Silent;Missense	-0.426804719
3758	EHMT1	K823G;Y824C	Missense;Missense	0.5152828049475922
3759	EHMT1	K823R;Y824C	Missense;Missense	-0.212155834
3760	EHMT1	Y824C	Missense	0.8951323419054407
3761	EHMT1	I826V;K827E	Missense;Missense	-0.322876993
3762	EHMT1	K827G	Missense	0.273418428
3763	EHMT1		No Mutation	1.076860415196164
3764	EHMT1		No Mutation	-0.31667128
3765	EHMT1	(NC)	Splice-donor	-0.92912847
3766	EHMT1	(NC);(NC)	Splice-donor;Intron	-1.303542006
3767	EHMT1	(NC);(NC)	Intron;Intron	-0.532800783
3768	EHMT1	(NC);(NC)	Intron;Intron	-0.129632523
3769	EHMT1	(NC)	Intron	0.06631464
3770	EHMT1		No Mutation	0.4577366996491545
3771	EHMT1		No Mutation	0.2642433303663697
3772	EHMT1	T841A	Missense	-0.604328124
3773	EHMT1	H844R	Missense	-0.31391021
3774	EHMT1		No Mutation	-0.129517196
3775	EHMT1	K849G	Missense	-0.489100437
3776	EHMT1		No Mutation	-0.50091863
3777	EHMT1	Y857H	Missense	-0.261368829
3778	EHMT1	Q856R;Y857C	Missense;Missense	-0.853536606
3779	EHMT1	N861N	Silent	0.0347906331330682
3780	EHMT1		No Mutation	0.588317503
3781	EHMT1		No Mutation	-0.248347195
3782	EHMT1	M864V	Missense	-0.665731684
3783	EHMT1		No Mutation	0.5142279370168787
3784	EHMT1		No Mutation	0.2915106673903851
3785	EHMT1		No Mutation	0.7020498602462091
3786	EHMT1	D870D	Silent	-0.479030756
3787	EHMT1	(NC)	Splice-acceptor	-0.731488809
3788	EHMT1		No Mutation	-0.350498917
3789	EHMT1		No Mutation	-0.460230638
3790	EHMT1		No Mutation	1.3633600612346477
3791	EHMT1	T875A	Missense	-0.04470624
3792	EHMT1		No Mutation	-0.306596879
3793	EHMT1		No Mutation	-0.475927298
3794	EHMT1	T881A	Missense	0.8168730377364837
3795	EHMT1	V886A	Missense	0.3540457961964338
3796	EHMT1	K890G	Missense	-0.352869666
3797	EHMT1	L893P;S894P	Missense;Missense	0.0334423897780163
3798	EHMT1	K890G	Missense	0.3962268069826681
3799	EHMT1	I899T	Missense	-0.26690003
3800	EHMT1	(NC);(NC);(NC)	Intron;Intron;Intron	0.3898945232001187
3801	EHMT1		No Mutation	0.212817469310502
3802	EHMT1		No Mutation	-0.284013229
3803	EHMT1		No Mutation	-0.359479972
3804	EHMT1		No Mutation	0.1665432096993102
3805	EHMT1	E906G;N907G	Missense;Missense	0.2670395750450327
3806	EHMT1	N907G;I908V	Missense;Missense	1.3169098727323891
3807	EHMT1	I908V	Missense	-0.082714358
3808	EHMT1	H911R	Missense	-0.179644534
3809	EHMT1	F915P;S916P	Missense;Missense	-1.253586932
3810	EHMT1		No Mutation	0.1659061022634306
3811	EHMT1	I921T	Missense	-0.371478816
3812	EHMT1	I921V	Missense	0.1706873978932157
3813	EHMT1	A927A	Silent	-0.131987112
3814	EHMT1	C930R	Missense	-0.841338424
3815	EHMT1		No Mutation	-0.58878034
3816	EHMT1	H933R	Missense	0.1992763091419009
3817	EHMT1	I937T	Missense	-0.875000626
3818	EHMT1		No Mutation	0.4795277066865144
3819	EHMT1		No Mutation	0.2160883276989598
3820	EHMT1	L943P	Missense	-0.929713413
3821	EHMT1	P942P	Silent	-0.07638839
3822	EHMT1	P942P	Silent	0.4419535257048277
3823	EHMT1		No Mutation	-0.297486039
3824	EHMT1	Y952H	Missense	-0.058432494
3825	EHMT1		No Mutation	-0.294725776
3826	EHMT1	C954R	Missense	0.4523871677923954
3827	EHMT1	V956A;(NC)	Missense;Splice-donor	-0.28337896
3828	EHMT1	(NC);(NC);(NC)	Intron;Intron;Intron	0.9275234620548376
3829	EHMT1	F958F;L959P;S960P	Silent;Missense;Missense	-0.434080105
3830	EHMT1	L959P;S960P	Missense;Missense	0.5150695957926188
3831	EHMT1	D962D;S963P	Silent;Missense	-0.832285719
3832	EHMT1	T966A	Missense	0.2107344756585631
3833	EHMT1	T966A	Missense	-0.235970086
3834	EHMT1		No Mutation	-0.379295957
3835	EHMT1	L981P	Missense	-0.403837416
3836	EHMT1	L981P	Missense	0.5439719547653934
3837	EHMT1	L981P	Missense	-0.720635493
3838	EHMT1	S980G	Missense	-0.273187034
3839	EHMT1		No Mutation	-0.467102733
3840	EHMT1	W986R	Missense	0.2355957791346685
3841	EHMT1		No Mutation	-0.186847121
3842	EHMT1	M991V;S992G	Missense;Missense	0.099058811
3843	EHMT1	K993G	Missense	0.074807174
3844	EHMT1	Q996R;D997G	Missense;Missense	0.5073873808425711
3845	EHMT1	D1001G;R1002G	Missense;Missense	-0.162001261
3846	EHMT1		No Mutation	0.6287510121585104
3847	EHMT1		No Mutation	0.2369037796172075
3848	EHMT1	V1006A	Missense	0.1566166347250427
3849	EHMT1		No Mutation	0.3967783064775768
3850	EHMT1	V1006A	Missense	-0.28710325
3851	EHMT1	I1009T	Missense	0.6646555949506711
3852	EHMT1	I1009T	Missense	-0.671427834
3853	EHMT1	E1007G	Missense	0.3856438004857596
3854	EHMT1	V1010A	Missense	0.4324984542752037
3855	EHMT1	V1010A	Missense	-0.177313902
3856	EHMT1	V1010A	Missense	0.092458588
3857	EHMT1	R1012G	Missense	-0.341878631
3858	EHMT1	(NC)	Intron	-0.17163555
3859	EHMT1		No Mutation	0.00411491
3860	EHMT1		No Mutation	0.4088345703060043
3861	EHMT1		No Mutation	0.9696322266044788
3862	EHMT1	I1014T	Missense	1.0530938421650216
3863	EHMT1	(NC)	Splice-acceptor	-0.289245519
3864	EHMT1	A1015A	Silent	-0.67804466
3865	EHMT1		No Mutation	0.1285044100493978
3866	EHMT1		No Mutation	0.2518177712272977
3867	EHMT1		No Mutation	0.072456666
3868	EHMT1		No Mutation	-0.543474605
3869	EHMT1	V1029A	Missense	-0.422215764
3870	EHMT1	V1029A	Missense	-0.155983091
3871	EHMT1	V1029A	Missense	0.5342437829754526
3872	EHMT1	C1034R	Missense	0.5531680928462845
3873	EHMT1	Y1038H	Missense	0.5636973142243882
3874	EHMT1	Y1040H	Missense	1.9341391133607424
3875	EHMT1		No Mutation	-0.364708065
3876	EHMT1		No Mutation	-0.67269588
3877	EHMT1		No Mutation	-0.496836139
3878	EHMT1	N1055N	Silent	-0.167336472
3879	EHMT1	R1054R;N1055G;I1056V	Silent;Missense;Missense	0.2059337495867317
3880	EHMT1	H1058R	Missense	0.6568712306546153
3881	EHMT1	(NC)	Intron	-1.346795505
3882	EHMT1	(NC)	Intron	-0.149811261
3883	EHMT1	(NC);(NC);(NC)	Intron;Intron;Intron	-0.224094028
3884	EHMT1	(NC);(NC);(NC)	Intron;Intron;Intron	-0.564666762
3885	EHMT1	(NC);(NC)	Intron;Intron	-0.010336128
3886	EHMT1	(NC)	Intron	-0.283483574
3887	EHMT1	(NC);Y1061H	Intron;Missense	0.4932148991407974
3888	EHMT1	C1062R	Missense	-1.063841992
3889	EHMT1	S1071G	Missense	0.4248801180212961
3890	EHMT1	M1074T;C1075R	Missense;Missense	-0.448478415
3891	EHMT1		No Mutation	0.1297871774676864
3892	EHMT1	Q1077R	Missense	0.2682361088804197
3893	EHMT1	C1082R;W1083R	Missense;Missense	0.5530307174768354
3894	EHMT1		No Mutation	0.171881105930455
3895	EHMT1		No Mutation	-0.708078643
3896	EHMT1		No Mutation	-0.729362024
3897	EHMT1	Y1084C	Missense	-0.019700654
3898	EHMT1		No Mutation	-0.606810225
3899	EHMT1		No Mutation	0.2412374035423945
3900	EHMT1		No Mutation	0.1421691289304836
3901	EHMT1	(NC);(NC)	Intron;Intron	0.332842524
3902	EHMT1	(NC)	Intron	-0.016647199
3903	EHMT1	(NC)	Intron	-0.067239197
3904	EHMT1		No Mutation	-0.051062296
3905	EHMT1	L1090P;L1091P	Missense;Missense	0.1095574827705301
3906	EHMT1		No Mutation	0.8945062227368761
3907	EHMT1	F1094P	Missense	0.3872407018545502
3908	EHMT1	P1092P	Silent	0.5395510029337758
3909	EHMT1	M1096T	Missense	-0.01669542
3910	EHMT1		No Mutation	-0.260483416
3911	EHMT1	C1105R	Missense	0.6269346291428932
3912	EHMT1	C1105R	Missense	-0.733643426
3913	EHMT1		No Mutation	-0.67322533
3914	EHMT1	N1106S;H1107R	Missense;Missense	-0.95769832
3915	EHMT1	H1107R	Missense	0.65040948
3916	EHMT1	W1112R	Missense	0.9367359007062144
3917	EHMT1		No Mutation	-0.964241062
3918	EHMT1	N1117G	Missense	0.5500087382880423
3919	EHMT1		No Mutation	0.6117405966458206
3920	EHMT1	V1120V	Silent	0.327641827642495
3921	EHMT1	N1122G	Missense	-0.039793868
3922	EHMT1	(NC);(NC)	Intron;Intron	0.3028078143374111
3923	EHMT1	(NC);(NC);(NC)	Intron;Intron;Intron	-0.319679931
3924	EHMT1	A1126A;R1127G	Silent;Missense	0.1187499408629956
3925	EHMT1	Q1129R	Missense	-0.569977673
3926	EHMT1	Q1129R	Missense	-0.051236622
3927	EHMT1	Y1131C	Missense	0.056070611
3928	EHMT1	Y1131C	Missense	-0.308477586
3929	EHMT1	T1133A	Missense	0.2112926656285844
3930	EHMT1	T1133A	Missense	0.3210021062473094
3931	EHMT1	T1133A	Missense	-0.74047916
3932	EHMT1	W1138R	Missense	-0.191746473
3933	EHMT1	D1135G;M1136V	Missense;Missense	-0.584304318
3934	EHMT1		No Mutation	0.035999022
3935	EHMT1	Q1144R	Missense	-0.068226521
3936	EHMT1		No Mutation	-0.505619171
3937	EHMT1		No Mutation	-0.562539567
3938	EHMT1	F1151F;V1152A;C1153R	Silent;Missense;Missense	-0.339062124
3939	EHMT1	V1152A;C1153R	Missense;Missense	0.4167640751134598
3940	EHMT1	C1153R	Missense	-0.407976139
3941	EHMT1	(NC)	Intron	0.2700520135456359
3942	EHMT1	E1154G	Missense	-0.523608606
3943	EHMT1	E1154G	Missense	-0.093364163
3944	EHMT1	(NC)	Intron	0.4581383978720338
3945	EHMT1	(NC)	Intron	0.069557765
3946	EHMT1	(NC)	Intron	-0.519480891
3947	EHMT1	(NC)	Intron	0.2786065788771911
3948	EHMT1		No Mutation	-0.152792168
3949	EHMT1		No Mutation	0.1854539483599036
3950	EHMT1	Y1155H	Missense	-0.341058677
3951	EHMT1	V1156A	Missense	0.1283668850515815
3952	EHMT1	V1156V	Silent	1.087660130141215
3953	EHMT1	S1163S;E1164G	Silent;Missense	-0.123412158
3954	EHMT1	D1171D	Silent	0.2272186802855477
3955	EHMT1		No Mutation	0.9180417847121266
3956	EHMT1	N1179N	Silent	-0.279936615
3957	EHMT1		No Mutation	0.5629767616736785
3958	EHMT1		No Mutation	0.6764866490866022
3959	EHMT1	(NC)	Intron	-0.306252844
3960	EHMT1		No Mutation	-0.121401639
3961	EHMT1		No Mutation	-0.255110631
3962	EHMT1		No Mutation	-0.044509467
3963	EHMT1		No Mutation	-0.271144183
3964	EHMT1	V1184A	Missense	0.0194356989407078
3965	EHMT1	V1184A;Y1185H	Missense;Missense	-0.157518008
3966	EHMT1	Y1185C	Missense	-0.22882418
3967	EHMT1	I1187V;D1188G	Missense;Missense	-0.662123862
3968	EHMT1	D1188G	Missense	0.2080227699747312
3969	EHMT1	Y1192C	Missense	0.1692202506736905
3970	EHMT1	C1203R	Missense	1.349168714400701
3971	EHMT1	H1202R	Missense	0.2940374910516392
3972	EHMT1		No Mutation	1.0023292771336647
3973	EHMT1	L1207P	Missense	-0.014080604
3974	EHMT1	V1210A	Missense	-0.143824423
3975	EHMT1	V1210A	Missense	0.7584335754762536
3976	EHMT1		No Mutation	-0.700422624
3977	EHMT1	V1212A;F1213L	Missense;Missense	-0.258975891
3978	EHMT1	M1214T	Missense	-0.319659723
3979	EHMT1	M1214T	Missense	-0.166525878
3980	EHMT1		No Mutation	0.1804819631460246
3981	EHMT1		No Mutation	0.2166138850696744
3982	EHMT1	Q1217R;D1218G	Missense;Missense	-0.475450231
3983	EHMT1	F1221P	Missense	-0.850492135
3984	EHMT1	F1221P	Missense	-1.25986945
3985	EHMT1		No Mutation	0.4397784342890729
3986	EHMT1	I1224T	Missense	-0.005370398
3987	EHMT1	F1227P	Missense	-0.746343319
3988	EHMT1	F1227P	Missense	-0.283570554
3989	EHMT1	F1227S	Missense	0.1451540662942313
3990	EHMT1		No Mutation	0.203634574536472
3991	EHMT1	L1231P	Missense	0.6943221460937721
3992	EHMT1	S1228G;T1229A	Missense;Missense	-0.011149382
3993	EHMT1	T1229A	Missense	0.8852684385118983
3994	EHMT1		No Mutation	1.0037336813090785
3995	EHMT1		No Mutation	-0.278524638
3996	EHMT1		No Mutation	-0.491706234
3997	EHMT1	E1233G	Missense	0.6962466409152069
3998	EHMT1	E1233G	Missense	0.495307285500258
3999	EHMT1	(NC)	Splice-donor	-0.064412799
4000	EHMT1		No Mutation	-0.066909255
4001	EHMT1	(NC)	Intron	-0.202579368
4002	EHMT1		No Mutation	-0.877711647
4003	EHMT1	(NC)	Intron	-0.33197304
4004	EHMT1		No Mutation	-0.017421803
4005	EHMT1	Y1242H	Missense	-0.214277933
4006	EHMT1	Y1242H	Missense	1.1013642252166085
4007	EHMT1	Y1242Y	Silent	-0.033299798
4008	EHMT1		No Mutation	0.4239697377588652
4009	EHMT1		No Mutation	-0.322526897
4010	EHMT1	D1241G;Y1242C	Missense;Missense	0.1161544493940425
4011	EHMT1	Y1242C	Missense	-0.288357062
4012	EHMT1		No Mutation	1.41266115215109
4013	EHMT1		No Mutation	-0.418744102
4014	EHMT1		No Mutation	0.6203640227386799
4015	EHMT1	C1263R	Missense	-0.428179303
4016	EHMT1	S1266P	Missense	0.2254561332972924
4017	EHMT1		No Mutation	-0.893055489
4018	EHMT1	S1266P	Missense	-0.390758902
4019	EHMT1	S1266P	Missense	-0.279757001
4020	EHMT1		No Mutation	0.066932977
4021	EHMT1	H1265R	Missense	-0.356245147
4022	EHMT1		No Mutation	1.079546401279313
4023	EHMT1		No Mutation	-0.815309686
4024	EHMT1		No Mutation	0.6962113421733213
4025	EHMT1	Q1272R	Missense	-0.425927561
4026	EHMT1		No Mutation	0.03210581
4027	EHMT1		No Mutation	0.4641346496520515
4028	EHMT1	Q1274R	Missense	-0.124202753
4029	EHMT1		No Mutation	-0.234564855
4030	EHMT1	S1276G	Missense	0.000583944
4031	EHMT1		No Mutation	0.2003177246110528
4032	EHMT1		No Mutation	0.2341285314683414
4033	EHMT1		No Mutation	-0.03511972
4034	EHMT1	Q1279R;E1280G	Missense;Missense	-0.718811969
4035	EHMT1		No Mutation	-0.021490082
4036	EHMT1		No Mutation	1.0268330429343062
4037	EHMT1	L1286S	Missense	-0.039411378
4038	EHMT1		No Mutation	-0.660496014
4039	EHMT1		No Mutation	-0.431042322
4040	EHMT1		No Mutation	-0.415972481
4041	EHMT1	A1293A	Silent	0.0246508053785267
4042	EHMT1		No Mutation	-0.135356088
4043	EHMT1		No Mutation	0.087960348
4044	EHMT2		No Mutation	0.043529089
4045	EHMT2		No Mutation	-0.546257772
4046	EHMT2		No Mutation	0.4627301462307774
4047	EHMT2	*1268R	Missense	0.2817020727991423
4048	EHMT2		No Mutation	-0.632710417
4049	EHMT2	*1268R	Missense	0.8018749231066344
4050	EHMT2		No Mutation	0.4258006835192875
4051	EHMT2	L1262P	Missense	0.3765683125276295
4052	EHMT2	L1262P	Missense	0.2082366308037395
4053	EHMT2	L1259P	Missense	0.5440441755293681
4054	EHMT2		No Mutation	-0.293627064
4055	EHMT2	E1254G	Missense	-0.668977871
4056	EHMT2	L1256P	Missense	-0.452260771
4057	EHMT2	L1256P	Missense	-0.177711234
4058	EHMT2	P1253P	Silent	-0.206512642
4059	EHMT2	P1253P	Silent	0.3121130667965961
4060	EHMT2	P1253P	Silent	-0.298077522
4061	EHMT2		No Mutation	0.0325628811868413
4062	EHMT2	S1244G	Missense	-0.026628607
4063	EHMT2	R1245R;L1246P	Silent;Missense	0.6872788818646811
4064	EHMT2	R1245R;L1246P	Silent;Missense	-0.110160734
4065	EHMT2		No Mutation	0.445407164
4066	EHMT2		No Mutation	-0.188812978
4067	EHMT2	L1241P	Missense	0.008368074
4068	EHMT2	S1235S	Silent	-0.452573235
4069	EHMT2	C1232R	Missense	0.140219061952177
4070	EHMT2	S1229S	Silent	0.6442934980932105
4071	EHMT2	Y1222C	Missense	-1.130236891
4072	EHMT2	Y1211C	Missense	1.1722482232361875
4073	EHMT2	D1210G;Y1211C	Missense;Missense	0.138513329022955
4074	EHMT2	Y1211H	Missense	-1.049609503
4075	EHMT2	(NC)	Intron	0.5435676278123541
4076	EHMT2	F1209L	Missense	-0.059569272
4077	EHMT2	(NC)	Intron	-0.697986443
4078	EHMT2	(NC)	Intron	-0.70249126
4079	EHMT2	(NC);(NC)	Intron;Intron	0.1765664115716283
4080	EHMT2	L1207L	Silent	1.0436357193565022
4081	EHMT2	L1207L	Silent	0.013880138
4082	EHMT2	E1206G;L1207L	Missense;Silent	0.2365765534388603
4083	EHMT2	L1207P	Missense	-0.841177942
4084	EHMT2	T1203A	Missense	1.023696968325029
4085	EHMT2	T1203A	Missense	-0.093860451
4086	EHMT2	T1203T	Silent	-0.386414785
4087	EHMT2	T1203T	Silent	0.3378830647941824
4088	EHMT2	R1199R;D1200G;I1201V	Silent;Missense;Missense	1.3188451947525164
4089	EHMT2	R1199R	Silent	0.091142336
4090	EHMT2	R1199R	Silent	-0.116492329
4091	EHMT2		No Mutation	0.8445875316115532
4092	EHMT2	S1197G	Missense	0.0198650480148423
4093	EHMT2		No Mutation	1.169213430572236
4094	EHMT2	F1196P	Missense	0.089347948
4095	EHMT2	I1193T	Missense	-0.327026475
4096	EHMT2	F1190F	Silent	-0.529469919
4097	EHMT2		No Mutation	-0.171460778
4098	EHMT2	M1183T;L1184P	Missense;Missense	0.3732881880057003
4099	EHMT2	M1183T;L1184P	Missense;Missense	0.1951185042117205
4100	EHMT2	V1179A	Missense	1.0956329561839826
4101	EHMT2	V1179A	Missense	-1.004525157
4102	EHMT2	V1179A	Missense	-0.327602666
4103	EHMT2	N1175G;I1176V	Missense;Missense	-1.291081345
4104	EHMT2	N1175G	Missense	-0.342043684
4105	EHMT2	I1176T	Missense	-0.250886869
4106	EHMT2		No Mutation	0.297920452
4107	EHMT2	L1171P;C1172R	Missense;Missense	-0.911331163
4108	EHMT2	I1164T	Missense	-0.520118576
4109	EHMT2	I1164T	Missense	0.3572530460472115
4110	EHMT2	I1156V;D1157G	Missense;Missense	0.1672150350878642
4111	EHMT2	Y1154H;C1155R	Missense;Missense	0.3856720871899218
4112	EHMT2	V1153A;Y1154H	Missense;Missense	-0.8808373
4113	EHMT2	V1153A;Y1154H	Missense;Missense	-0.634447348
4114	EHMT2		No Mutation	-0.256802456
4115	EHMT2		No Mutation	0.8745060915477094
4116	EHMT2		No Mutation	-0.076023834
4117	EHMT2	D1150D	Silent	0.065930437
4118	EHMT2		No Mutation	-0.158709702
4119	EHMT2	D1150D	Silent	-0.188772372
4120	EHMT2	(NC)	Intron	0.1658576333044653
4121	EHMT2	(NC)	Intron	-0.373654957
4122	EHMT2	L1146L;D1147G	Silent;Missense	0.025502654
4123	EHMT2		No Mutation	0.071594743
4124	EHMT2		No Mutation	0.4153128821840074
4125	EHMT2	E1133G	Missense	0.1470845147808743
4126	EHMT2	I1129V	Missense	-0.507368848
4127	EHMT2		No Mutation	0.5971312212055573
4128	EHMT2		No Mutation	-0.052712906
4129	EHMT2	Y1124Y;V1125A	Silent;Missense	0.2903521275234042
4130	EHMT2		No Mutation	-0.311943891
4131	EHMT2		No Mutation	-0.306696977
4132	EHMT2		No Mutation	-1.007477411
4133	EHMT2		No Mutation	-0.036795447
4134	EHMT2	(NC);(NC)	Intron;Intron	0.1108352505074254
4135	EHMT2		No Mutation	-0.183492231
4136	EHMT2	(NC)	Intron	-0.801413161
4137	EHMT2	I1121V	Missense	-0.146206907
4138	EHMT2	I1121T;C1122R	Missense;Missense	0.3857663979010604
4139	EHMT2	I1121T;C1122R	Missense;Missense	0.6593954395304973
4140	EHMT2	F1120P	Missense	0.058985505
4141	EHMT2		No Mutation	0.033208793
4142	EHMT2		No Mutation	0.6779914480110714
4143	EHMT2	Q1113R	Missense	-0.288195783
4144	EHMT2	Q1113R	Missense	-1.506482519
4145	EHMT2		No Mutation	-0.323491391
4146	EHMT2	I1115T	Missense	-0.134563335
4147	EHMT2	V1109A	Missense	-0.175198526
4148	EHMT2	T1102T;K1104E	Silent;Missense	-0.855389824
4149	EHMT2	W1107R	Missense	-0.366839328
4150	EHMT2	T1102T	Silent	-0.356917483
4151	EHMT2	T1102A	Missense	0.084765713
4152	EHMT2	R1101R;T1102A	Silent;Missense	-0.824172846
4153	EHMT2	R1101R;T1102A	Silent;Missense	0.3631462115712736
4154	EHMT2	Y1100C	Missense	-0.303901639
4155	EHMT2	Y1100C	Missense	-0.786296661
4156	EHMT2	L1099P	Missense	-0.448532196
4157	EHMT2	L1099P	Missense	-0.866758785
4158	EHMT2		No Mutation	-0.247565815
4159	EHMT2	L1097P	Missense	-1.118085642
4160	EHMT2	L1097P	Missense	-0.468259706
4161	EHMT2		No Mutation	0.090002413
4162	EHMT2	(NC)	Intron	-0.616540784
4163	EHMT2	(NC)	Intron	-0.28699439
4164	EHMT2	Q1090R;S1091G	Missense;Missense	-0.353398755
4165	EHMT2	S1091S	Silent	-0.088400699
4166	EHMT2	N1086G	Missense	-1.359978535
4167	EHMT2	R1082G;N1083D	Missense;Missense	-0.245070971
4168	EHMT2	R1082G	Missense	0.1091430595471747
4169	EHMT2	W1081R	Missense	0.1476879001100203
4170	EHMT2	N1075S;Q1076R	Missense;Missense	1.4551551845071835
4171	EHMT2	C1074R	Missense	-1.39946079
4172	EHMT2	C1074R	Missense	-0.98014194
4173	EHMT2	I1066T	Missense	-0.407420538
4174	EHMT2	L1059S;L1060P	Missense;Missense	-0.030048393
4175	EHMT2	L1059P;L1060P	Missense;Missense	0.5830107578904675
4176	EHMT2	D1056G	Missense	-0.285345374
4177	EHMT2		No Mutation	0.1785283861884566
4178	EHMT2	D1056D	Silent	0.2282546807516676
4179	EHMT2	D1056D	Silent	0.83865544
4180	EHMT2	D1056D	Silent	-0.356613332
4181	EHMT2	(NC)	Intron	-0.196690569
4182	EHMT2		No Mutation	-0.337141468
4183	EHMT2		No Mutation	-0.669514428
4184	EHMT2		No Mutation	-0.26067865
4185	EHMT2		No Mutation	0.095051428
4186	EHMT2		No Mutation	1.227158505934519
4187	EHMT2		No Mutation	-0.759773852
4188	EHMT2		No Mutation	0.1508003478391142
4189	EHMT2	C1051R;W1052R	Missense;Missense	1.363590297542055
4190	EHMT2	Q1046R	Missense	0.4517991153960816
4191	EHMT2		No Mutation	0.3332476725246905
4192	EHMT2		No Mutation	-0.038763031
4193	EHMT2		No Mutation	0.4364903516124909
4194	EHMT2	S1039G	Missense	-0.057972243
4195	EHMT2	C1033C;V1034A	Silent;Missense	-0.204436272
4196	EHMT2	C1033C;V1034A	Silent;Missense	0.2058874611098771
4197	EHMT2	C1033R;V1034A	Missense;Missense	-0.647395125
4198	EHMT2	(NC)	Splice-acceptor	-0.591363433
4199	EHMT2		No Mutation	0.0031588
4200	EHMT2	C1031R	Missense	-0.376168881
4201	EHMT2		No Mutation	-0.293800801
4202	EHMT2	(NC)	Intron	-0.63694672
4203	EHMT2		No Mutation	-0.508672914
4204	EHMT2	Q1029R	Missense	0.3523474329991476
4205	EHMT2	Q1029R	Missense	-0.577370709
4206	EHMT2	(NC)	Intron	-0.268812545
4207	EHMT2	(NC)	Intron	0.2211927562906578
4208	EHMT2	H1027R	Missense	-1.025354436
4209	EHMT2	H1027R	Missense	0.408752838
4210	EHMT2	H1027R	Missense	0.0508239946696972
4211	EHMT2	H1027R	Missense	-0.183984689
4212	EHMT2	N1024G;I1025V	Missense;Missense	-0.329758726
4213	EHMT2		No Mutation	0.2200745577231295
4214	EHMT2	D1022D	Silent	0.120662077443428
4215	EHMT2	Y1009H;I1010T	Missense;Missense	0.7474102075475134
4216	EHMT2	Y1009H	Missense	-0.260628578
4217	EHMT2		No Mutation	-0.810333576
4218	EHMT2	Y1007H	Missense	0.4142452147480383
4219	EHMT2		No Mutation	0.1394307107657526
4220	EHMT2	V998A;D999D	Missense;Silent	-0.036366685
4221	EHMT2	V998A	Missense	-0.323106048
4222	EHMT2	N996D	Missense	-0.328231424
4223	EHMT2		No Mutation	-0.079357554
4224	EHMT2		No Mutation	-0.265281554
4225	EHMT2	G997G	Silent	-0.601460181
4226	EHMT2		No Mutation	0.0105122041813754
4227	EHMT2		No Mutation	-0.490247241
4228	EHMT2	I992V	Missense	-0.358839137
4229	EHMT2	(NC)	Splice-acceptor	0.067000991
4230	EHMT2	(NC)	Splice-acceptor	0.2914283004300077
4231	EHMT2		No Mutation	0.3322145757528904
4232	EHMT2	V983A	Missense	0.290830317
4233	EHMT2	V983A	Missense	-0.524884485
4234	EHMT2		No Mutation	0.3346102297883859
4235	EHMT2	(NC)	Intron	0.4696307481393288
4236	EHMT2	(NC);(NC)	Intron;Intron	1.0869046229069146
4237	EHMT2	(NC);(NC);(NC)	Intron;Intron;Intron	-0.017996416
4238	EHMT2		No Mutation	-0.521333484
4239	EHMT2		No Mutation	0.046237988
4240	EHMT2	(NC)	Intron	-0.175824313
4241	EHMT2	I979V	Missense	-0.060943463
4242	EHMT2	I979V	Missense	-0.040107822
4243	EHMT2	I979T;C980R	Missense;Missense	-1.44729526
4244	EHMT2	T975T;E976G	Silent;Missense	0.1036707276413556
4245	EHMT2	I978T	Missense	-0.313143323
4246	EHMT2	N970N	Silent	-0.320190091
4247	EHMT2	R965R	Silent	-0.320275479
4248	EHMT2	R965R	Silent	0.064915832
4249	EHMT2	L966L	Silent	-0.404565887
4250	EHMT2	K963G	Missense	0.1982027209511263
4251	EHMT2	K963G	Missense	-0.681581632
4252	EHMT2	K963E	Missense	2.232065478012922
4253	EHMT2	N961S	Missense	-0.754640638
4254	EHMT2	N961G	Missense	1.2650614612993183
4255	EHMT2	L958P	Missense	-0.024722125
4256	EHMT2	V954A;W955R	Missense;Missense	0.6937656008813748
4257	EHMT2	V954A;W955R	Missense;Missense	0.1389182150502415
4258	EHMT2	E950G	Missense	-0.724012431
4259	EHMT2	S952P	Missense	-0.041070193
4260	EHMT2	K939K;E940G	Silent;Missense	-0.404490864
4261	EHMT2	K939R;E940G	Missense;Missense	-1.019958979
4262	EHMT2		No Mutation	-0.017124714
4263	EHMT2		No Mutation	0.1577360700148056
4264	EHMT2		No Mutation	0.289834538162866
4265	EHMT2	E935G	Missense	-0.116955523
4266	EHMT2	E935G	Missense	1.0080527372038135
4267	EHMT2	E935G	Missense	1.2285144649668571
4268	EHMT2		No Mutation	-0.477261323
4269	EHMT2		No Mutation	0.3320037024405642
4270	EHMT2		No Mutation	-0.524892762
4271	EHMT2	L926L	Silent	-0.093958087
4272	EHMT2	L926L	Silent	-0.92795054
4273	EHMT2	(NC)	Splice-acceptor	-0.637715641
4274	EHMT2	L928P;S929P	Missense;Missense	-0.005274377
4275	EHMT2	F927S;L928P	Missense;Missense	0.1462491078259413
4276	EHMT2	F927P;L928P	Missense;Missense	0.1739256065452419
4277	EHMT2	L926P	Missense	-0.320075264
4278	EHMT2	(NC)	Intron	-0.552174727
4279	EHMT2	(NC)	Splice-donor	-0.152806866
4280	EHMT2	A916A	Silent	-0.871768781
4281	EHMT2	A916A	Silent	-0.115510057
4282	EHMT2	A916A	Silent	-0.364871202
4283	EHMT2	A916A	Silent	0.8675756420458762
4284	EHMT2		No Mutation	0.6436331187492519
4285	EHMT2		No Mutation	-0.162956873
4286	EHMT2	L912P	Missense	-0.669928837
4287	EHMT2	H907H	Silent	0.7069900211141495
4288	EHMT2		No Mutation	-0.62634245
4289	EHMT2	Y906H	Missense	0.3194639466290784
4290	EHMT2	H902R	Missense	0.3347260147311277
4291	EHMT2	H902R	Missense	-0.130428383
4292	EHMT2	C899R	Missense	0.2387939056871046
4293	EHMT2	N896N	Silent	-0.173536815
4294	EHMT2	L894P;L895P	Missense;Missense	-0.918529185
4295	EHMT2	V893A;L894P	Missense;Missense	-0.155680276
4296	EHMT2		No Mutation	-0.084603979
4297	EHMT2		No Mutation	0.1992376764577024
4298	EHMT2	F884P	Missense	-0.037556805
4299	EHMT2	H880R	Missense	-0.442883719
4300	EHMT2	H880R	Missense	0.2093293460608138
4301	EHMT2	N876G;I877V	Missense;Missense	-0.521401575
4302	EHMT2	E875G;N876G	Missense;Missense	0.0396455261606406
4303	EHMT2	I877T;C878R	Missense;Missense	-0.613614986
4304	EHMT2	I877T	Missense	-0.947387738
4305	EHMT2		No Mutation	-0.013237849
4306	EHMT2		No Mutation	-0.093883185
4307	EHMT2		No Mutation	0.594625946
4308	EHMT2		No Mutation	0.2032107705067762
4309	EHMT2		No Mutation	0.015547895
4310	EHMT2	(NC)	Intron	0.2725355025860156
4311	EHMT2	(NC)	Intron	-0.676358186
4312	EHMT2	N873G	Missense	0.6815258948563413
4313	EHMT2	(NC)	Intron	-0.459916558
4314	EHMT2	(NC);(NC)	Splice-donor;Intron	-0.398979069
4315	EHMT2	T871T	Silent	0.096612484
4316	EHMT2		No Mutation	0.1600088528541405
4317	EHMT2	M860V	Missense	0.2265832114264576
4318	EHMT2	M860V	Missense	0.003920947
4319	EHMT2		No Mutation	-0.562427917
4320	EHMT2	A850A;E851G	Silent;Missense	0.08647247
4321	EHMT2		No Mutation	-0.052160246
4322	EHMT2		No Mutation	-0.448197591
4323	EHMT2	T844A	Missense	-0.296136995
4324	EHMT2		No Mutation	-0.212306802
4325	EHMT2	W843R	Missense	0.2096397735041473
4326	EHMT2	W843R	Missense	0.165451515712217
4327	EHMT2	S840S	Silent	-0.321820534
4328	EHMT2	(NC);(NC)	Intron;Splice-acceptor	-1.001288595
4329	EHMT2	S840S	Silent	0.1399701138554754
4330	EHMT2	(NC);(NC)	Intron;Intron	-0.565683129
4331	EHMT2	(NC)	Intron	0.1673940727274923
4332	EHMT2		No Mutation	0.146054302500118
4333	EHMT2	(NC)	Intron	-0.127450354
4334	EHMT2		No Mutation	1.2218892911508368
4335	EHMT2	(NC)	Intron	0.5916416378738248
4336	EHMT2	(NC)	Intron	0.2328809389148043
4337	EHMT2		No Mutation	0.054107312
4338	EHMT2		No Mutation	0.2367365205586886
4339	EHMT2	(NC)	Intron	-0.905891931
4340	EHMT2		No Mutation	-0.576205635
4341	EHMT2		No Mutation	-0.835682819
4342	EHMT2	N836G	Missense	-0.768532797
4343	EHMT2		No Mutation	-0.102702183
4344	EHMT2	S829G	Missense	0.1552840094432495
4345	EHMT2		No Mutation	-0.360874811
4346	EHMT2		No Mutation	-0.39145566
4347	EHMT2	S825G	Missense	-0.589572233
4348	EHMT2	L821S	Missense	-1.122532084
4349	EHMT2	K817K;I818V	Silent;Missense	0.7053585957030937
4350	EHMT2	A815A;K817E	Silent;Missense	-0.538499245
4351	EHMT2	H813R;H814R	Missense;Missense	0.0135444076050386
4352	EHMT2	H813R;H814R	Missense;Missense	-0.510049504
4353	EHMT2		No Mutation	-0.156500843
4354	EHMT2		No Mutation	1.0251409156450664
4355	EHMT2	G808G;S809P	Silent;Missense	-0.415013883
4356	EHMT2	G808G;S809P	Silent;Missense	0.3608734359895303
4357	EHMT2		No Mutation	-0.629362125
4358	EHMT2		No Mutation	0.08663567
4359	EHMT2		No Mutation	1.0207728383205446
4360	EHMT2		No Mutation	0.062955015
4361	EHMT2		No Mutation	0.019208522
4362	EHMT2		No Mutation	-0.5372231
4363	EHMT2	(NC)	Intron	-0.588603887
4364	EHMT2		No Mutation	-0.293489785
4365	EHMT2		No Mutation	-0.501915672
4366	EHMT2	S803G;K804E	Missense;Missense	-0.321754714
4367	EHMT2		No Mutation	0.2552421573151091
4368	EHMT2	R797R	Silent	0.8227492241049239
4369	EHMT2	R797R	Silent	-0.19399034
4370	EHMT2	Y793C;M794V	Missense;Missense	-0.393022211
4371	EHMT2	Y793C	Missense	-0.37942151
4372	EHMT2	R792R;Y793H	Silent;Missense	0.3083057128264339
4373	EHMT2	E789G	Missense	-0.221041284
4374	EHMT2	R792R;Y793H	Silent;Missense	-0.657217854
4375	EHMT2	L788P	Missense	-0.239032784
4376	EHMT2	N785D	Missense	-0.18987249
4377	EHMT2		No Mutation	-1.049714106
4378	EHMT2	V783A;V784A	Missense;Missense	-0.330525808
4379	EHMT2	P778P	Silent	-0.432564521
4380	EHMT2	T777A	Missense	-0.695455267
4381	EHMT2	Q775R	Missense	0.2071410051795728
4382	EHMT2	A770A	Silent	-0.05843386
4383	EHMT2	V771A	Missense	0.4132641535928435
4384	EHMT2	G765G;N767D	Silent;Missense	0.3913871650375
4385	EHMT2		No Mutation	-0.623443493
4386	EHMT2		No Mutation	-0.068203005
4387	EHMT2		No Mutation	-0.930676219
4388	EHMT2		No Mutation	-0.70223581
4389	EHMT2	A764A	Silent	0.0447181458747483
4390	EHMT2		No Mutation	0.6452191104190156
4391	EHMT2		No Mutation	-0.700281174
4392	EHMT2		No Mutation	0.4028663825396029
4393	EHMT2	(NC)	Intron	-0.468155141
4394	EHMT2		No Mutation	-0.215438595
4395	EHMT2	Q763R	Missense	-0.567435177
4396	EHMT2		No Mutation	0.1934904484604849
4397	EHMT2		No Mutation	0.5629235726465445
4398	EHMT2	(NC)	Splice-donor	-0.540643962
4399	EHMT2		No Mutation	-0.031977873
4400	EHMT2	H759H;V760A	Silent;Missense	0.4010279382514843
4401	EHMT2		No Mutation	0.9518508558502204
4402	EHMT2	V755A	Missense	0.3129131012057575
4403	EHMT2	V755A	Missense	-0.809220013
4404	EHMT2		No Mutation	-0.591628547
4405	EHMT2		No Mutation	-0.195704801
4406	EHMT2		No Mutation	0.126215953
4407	EHMT2	H747R	Missense	0.3680899592444864
4408	EHMT2		No Mutation	0.2225896711784733
4409	EHMT2	H747R	Missense	0.1003041997249145
4410	EHMT2		No Mutation	-1.009488831
4411	EHMT2		No Mutation	-0.089049751
4412	EHMT2		No Mutation	0.075140887
4413	EHMT2		No Mutation	0.9369672506399483
4414	EHMT2		No Mutation	0.3185432973828499
4415	EHMT2		No Mutation	-0.006863808
4416	EHMT2	L731P	Missense	0.1949972379909271
4417	EHMT2	L731P	Missense	-0.065206154
4418	EHMT2	L731P	Missense	-0.584754475
4419	EHMT2		No Mutation	-0.087898832
4420	EHMT2	(NC)	Intron	-0.191589032
4421	EHMT2	(NC);(NC)	Intron;Intron	-0.392106895
4422	EHMT2	(NC)	Intron	-0.72201488
4423	EHMT2	Q717R	Missense	-0.156498518
4424	EHMT2	L720P	Missense	-1.036809392
4425	EHMT2		No Mutation	-0.552957478
4426	EHMT2	Y712C	Missense	0.3531918095316932
4427	EHMT2	Y712C	Missense	-0.260736742
4428	EHMT2	L713P;S714P	Missense;Missense	-0.969790247
4429	EHMT2	L713P;S714P	Missense;Missense	-0.003154192
4430	EHMT2	Y712H	Missense	-0.196890439
4431	EHMT2	L711L	Silent	0.077740886
4432	EHMT2	K703R	Missense	0.3387237624208924
4433	EHMT2		No Mutation	-0.437721
4434	EHMT2		No Mutation	-0.172325391
4435	EHMT2		No Mutation	-0.408365626
4436	EHMT2		No Mutation	-0.272402551
4437	EHMT2		No Mutation	0.4600639118569463
4438	EHMT2	(NC);(NC)	Intron;Intron	-0.225179832
4439	EHMT2	(NC);(NC)	Intron;Intron	-0.231513875
4440	EHMT2		No Mutation	-0.437957073
4441	EHMT2	(NC);(NC)	Intron;Intron	0.0221805134619137
4442	EHMT2	(NC)	Intron	0.3840531432396459
4443	EHMT2	(NC)	Splice-donor	-0.359526155
4444	EHMT2	E697G;S698S	Missense;Silent	0.2871317069541935
4445	EHMT2	E697G	Missense	-0.434629981
4446	EHMT2	E697G	Missense	-0.855527693
4447	EHMT2	I695V	Missense	-0.641513812
4448	EHMT2	S698P	Missense	0.1122711738275903
4449	EHMT2	E690E;K691G	Silent;Missense	0.1656387832686394
4450	EHMT2		No Mutation	-0.435353302
4451	EHMT2		No Mutation	0.20489234031441
4452	EHMT2	P684P	Silent	-0.78659355
4453	EHMT2		No Mutation	-0.638375481
4454	EHMT2	P681P	Silent	0.2721684770201347
4455	EHMT2	P681P	Silent	0.7647575043694046
4456	EHMT2	P681P	Silent	-0.159075459
4457	EHMT2	L682P	Missense	-0.631647502
4458	EHMT2		No Mutation	-0.36025938
4459	EHMT2		No Mutation	-0.252427677
4460	EHMT2		No Mutation	-0.559004853
4461	EHMT2	S676S	Silent	-0.235489602
4462	EHMT2	L680P	Missense	0.4428617705947892
4463	EHMT2		No Mutation	-0.579531713
4464	EHMT2		No Mutation	-0.510982544
4465	EHMT2		No Mutation	-0.510067859
4466	EHMT2	L675P;S676P	Missense;Missense	0.1071803612835267
4467	EHMT2	L675P;S676P	Missense;Missense	0.1659862104172592
4468	EHMT2	C674R	Missense	-0.676210189
4469	EHMT2	C674R	Missense	1.3023141223291574
4470	EHMT2	N671N	Silent	-0.096542695
4471	EHMT2	N671N	Silent	-0.923824447
4472	EHMT2	N671N	Silent	-0.441345633
4473	EHMT2	T668A	Missense	-0.028974392
4474	EHMT2		No Mutation	0.2744517514311505
4475	EHMT2	T668A	Missense	-0.020641763
4476	EHMT2		No Mutation	-0.583213193
4477	EHMT2		No Mutation	-0.341673653
4478	EHMT2		No Mutation	-0.835617074
4479	EHMT2	D658G;T659A	Missense;Missense	0.3211641249014723
4480	EHMT2	D658G;T659A	Missense;Missense	0.1348453891987631
4481	EHMT2	I660I	Silent	-0.219687451
4482	EHMT2	I660T	Missense	-0.243089656
4483	EHMT2	I660T	Missense	-0.651752624
4484	EHMT2	A657A	Silent	-0.450666583
4485	EHMT2	A657A	Silent	0.06409679
4486	EHMT2	L656P	Missense	-0.416338991
4487	EHMT2	L656P	Missense	-0.46577471
4488	EHMT2		No Mutation	0.3683783688606544
4489	EHMT2	D654D	Silent	-0.073332947
4490	EHMT2	D654D	Silent	-0.130128059
4491	EHMT2	C653R	Missense	-0.388316955
4492	EHMT2	R643R	Silent	0.098398306
4493	EHMT2	H645H	Silent	-0.222761512
4494	EHMT2	H645H	Silent	0.026142434
4495	EHMT2	M642V	Missense	-0.506969487
4496	EHMT2		No Mutation	0.003106665
4497	EHMT2		No Mutation	-0.831735298
4498	EHMT2		No Mutation	0.01461030406953
4499	EHMT2	(NC);(NC)	Intron;Splice-acceptor	0.7312349581635385
4500	EHMT2	(NC);(NC)	Intron;Splice-acceptor	-0.500505157
4501	EHMT2		No Mutation	0.0446958339434131
4502	EHMT2		No Mutation	-0.61205043
4503	EHMT2	(NC)	Intron	0.0166915735746548
4504	EHMT2		No Mutation	-0.10513611
4505	EHMT2		No Mutation	-0.162585183
4506	EHMT2	A633A;D634G	Silent;Missense	0.0380538184310823
4507	EHMT2	T635T;S636P	Silent;Missense	-0.790334881
4508	EHMT2	T635T;S636P	Silent;Missense	-0.192754084
4509	EHMT2	T635T;S636P	Silent;Missense	0.3510416992337016
4510	EHMT2		No Mutation	-0.305091331
4511	EHMT2		No Mutation	-1.846840787
4512	EHMT2		No Mutation	-0.315363976
4513	EHMT2	V629A	Missense	-0.615919044
4514	EHMT2	V629A	Missense	0.005900682
4515	EHMT2		No Mutation	0.2646252916226144
4516	EHMT2		No Mutation	0.1905021818052542
4517	EHMT2	D628D;V629A	Silent;Missense	0.2552901982853671
4518	EHMT2	D628D	Silent	0.3842163659116987
4519	EHMT2	D628D	Silent	-0.407553871
4520	EHMT2		No Mutation	0.1268156697374104
4521	EHMT2	L625P;S626P	Missense;Missense	0.3341541168235276
4522	EHMT2	A621A	Silent	0.065168793
4523	EHMT2	P620P	Silent	0.4138985656791007
4524	EHMT2	A619A	Silent	0.4331253730604844
4525	EHMT2		No Mutation	-0.208292046
4526	EHMT2	T617T	Silent	-0.13700042
4527	EHMT2	T617T	Silent	0.1360683662250377
4528	EHMT2		No Mutation	0.4461178869757558
4529	EHMT2	D609G	Missense	-0.049555049
4530	EHMT2		No Mutation	-0.193773871
4531	EHMT2	V611A	Missense	-0.846350015
4532	EHMT2	V611A	Missense	-0.688183744
4533	EHMT2	V611A	Missense	0.3535843591558159
4534	EHMT2		No Mutation	-0.2133046
4535	EHMT2	I605V	Missense	-0.308578217
4536	EHMT2	I605V	Missense	-0.378655806
4537	EHMT2	T604A;I605V	Missense;Missense	-0.348518008
4538	EHMT2	E602G	Missense	-1.116918296
4539	EHMT2	Q601Q;E602G	Silent;Missense	0.2804272179638712
4540	EHMT2	Q601R;E602G	Missense;Missense	0.1244591718641938
4541	EHMT2		No Mutation	-0.635066548
4542	EHMT2	D596D;A597A;S598P	Silent;Silent;Missense	-0.684400538
4543	EHMT2	D596D;A597A	Silent;Silent	-0.290631269
4544	EHMT2	D596D	Silent	-0.147946279
4545	EHMT2		No Mutation	-0.720191648
4546	EHMT2		No Mutation	-0.122286022
4547	EHMT2		No Mutation	-0.134579679
4548	EHMT2		No Mutation	0.4349924621684664
4549	EHMT2		No Mutation	0.3604956375735987
4550	EHMT2	L584P;N585N	Missense;Silent	-0.066810927
4551	EHMT2		No Mutation	-0.545255227
4552	EHMT2		No Mutation	0.8585052828160347
4553	EHMT2	S582P	Missense	0.707127582
4554	EHMT2	C580R	Missense	-0.043901304
4555	EHMT2	C580R	Missense	-1.368845095
4556	EHMT2		No Mutation	-1.516395483
4557	EHMT2		No Mutation	-1.473218228
4558	EHMT2	F576P	Missense	-0.160774071
4559	EHMT2		No Mutation	-0.443153038
4560	EHMT2		No Mutation	-0.313074862
4561	EHMT2	R571R;V572A	Silent;Missense	0.0171102519036546
4562	EHMT2	H567R	Missense	0.095538182
4563	EHMT2	P568P;F570L	Silent;Missense	0.5691216832605904
4564	EHMT2	P568P	Silent	-1.339491455
4565	EHMT2	C566R	Missense	0.2744977105180634
4566	EHMT2	L564P	Missense	-0.132851415
4567	EHMT2	F563P	Missense	-0.667312386
4568	EHMT2	F563P	Missense	-1.016879768
4569	EHMT2		No Mutation	-0.748389766
4570	EHMT2	(NC)	Intron	0.5010029091034482
4571	EHMT2		No Mutation	-0.167485721
4572	EHMT2		No Mutation	-0.265852466
4573	EHMT2	(NC)	Intron	0.8938399017127063
4574	EHMT2		No Mutation	-0.01703264
4575	EHMT2		No Mutation	-0.139370333
4576	EHMT2		No Mutation	0.1837484139083147
4577	EHMT2		No Mutation	-0.428007927
4578	EHMT2	F557P;C558R	Missense;Missense	-0.685212727
4579	EHMT2		No Mutation	1.8938629947222527
4580	EHMT2	F557P;C558R	Missense;Missense	-0.218680746
4581	EHMT2	C554R	Missense	-0.612977388
4582	EHMT2	H549R	Missense	0.2022729845077899
4583	EHMT2	K547G;H548R	Missense;Missense	-0.75400934
4584	EHMT2	K547G	Missense	-0.114572943
4585	EHMT2	C550R	Missense	-0.273609823
4586	EHMT2		No Mutation	0.3254346407440096
4587	EHMT2		No Mutation	-0.01265509
4588	EHMT2	V546A	Missense	-0.141988084
4589	EHMT2	M545T;V546A	Missense;Missense	0.5886014434989931
4590	EHMT2	T540A	Missense	-1.088174602
4591	EHMT2	C538C	Silent	0.1426043041808266
4592	EHMT2	C538C	Silent	-0.367116703
4593	EHMT2	V536A	Missense	-0.136609086
4594	EHMT2	L534P;M535T	Missense;Missense	-0.257044571
4595	EHMT2	L534P	Missense	0.094909106
4596	EHMT2	S530G	Missense	0.016011161
4597	EHMT2	R531R	Silent	0.2195580077976822
4598	EHMT2	R527G	Missense	-0.412319879
4599	EHMT2	M526T	Missense	0.1890238663568808
4600	EHMT2	K522G	Missense	0.6493299260980367
4601	EHMT2		No Mutation	0.9226716034794548
4602	EHMT2		No Mutation	-0.715422043
4603	EHMT2		No Mutation	1.0120425944824136
4604	EHMT2	N517S	Missense	-0.339896519
4605	EHMT2	L513P;S514P	Missense;Missense	0.9267173207548532
4606	EHMT2	(NC)	Intron	-0.100269078
4607	EHMT2		No Mutation	-0.444955302
4608	EHMT2		No Mutation	-0.18471628
4609	EHMT2		No Mutation	0.3277221180733379
4610	EHMT2		No Mutation	-0.292400043
4611	EHMT2		No Mutation	-0.589736902
4612	EHMT2	E512G	Missense	0.9358567260796856
4613	EHMT2	G511G	Silent	-1.156956334
4614	EHMT2	D510G;G511G	Missense;Silent	-0.31765777
4615	EHMT2		No Mutation	0.006402546
4616	EHMT2	S508G	Missense	-0.773559821
4617	EHMT2	S508G	Missense	-0.394541789
4618	EHMT2		No Mutation	0.496278908
4619	EHMT2	E507G;S508G	Missense;Missense	0.2550164074710059
4620	EHMT2	T506A	Missense	-0.121233933
4621	EHMT2	M504V	Missense	-0.294243343
4622	EHMT2		No Mutation	-0.255126732
4623	EHMT2		No Mutation	0.1516410671278314
4624	EHMT2	I495V	Missense	-0.462571968
4625	EHMT2	I495V	Missense	0.5698323613328743
4626	EHMT2	I495V	Missense	-0.514127609
4627	EHMT2	D493G	Missense	-0.183251664
4628	EHMT2	D493G	Missense	-0.049466106
4629	EHMT2	I495T	Missense	-0.478494703
4630	EHMT2	I495T	Missense	-0.048728272
4631	EHMT2		No Mutation	-0.390939415
4632	EHMT2	M487T	Missense	-0.893102183
4633	EHMT2	M487T	Missense	0.17316980508982
4634	EHMT2	M487T	Missense	0.7760085678808595
4635	EHMT2	S484G	Missense	-0.015757615
4636	EHMT2		No Mutation	-0.298149762
4637	EHMT2	T473A	Missense	0.3497209713351312
4638	EHMT2		No Mutation	-0.23690799
4639	EHMT2		No Mutation	-2.33e-05
4640	EHMT2	L471P	Missense	-0.316533978
4641	EHMT2	N466G	Missense	0.417157441
4642	EHMT2	N466N	Silent	-0.161141424
4643	EHMT2	N466N	Silent	-0.173576195
4644	EHMT2	V464A;S465P	Missense;Missense	1.1164636704213835
4645	EHMT2		No Mutation	-0.015053909
4646	EHMT2	(NC)	Intron	0.6225191935437107
4647	EHMT2		No Mutation	-0.006010033
4648	EHMT2	(NC);(NC)	Intron;Intron	-0.598177624
4649	EHMT2	(NC)	Intron	0.3299633363882068
4650	EHMT2	(NC)	Intron	-0.472640116
4651	EHMT2	(NC);(NC)	Intron;Intron	-0.122295782
4652	EHMT2	(NC);(NC)	Intron;Intron	0.2050049906075299
4653	EHMT2	(NC);(NC);(NC)	Splice-donor;Intron;Intron	-0.36883025
4654	EHMT2	(NC);(NC)	Splice-donor;Intron	-0.189757824
4655	EHMT2	A462A	Silent	0.3469490201957935
4656	EHMT2	A462A	Silent	-0.075368223
4657	EHMT2		No Mutation	0.2343421551239484
4658	EHMT2	L457P;S458P	Missense;Missense	-0.907717303
4659	EHMT2	L457P;S458P	Missense;Missense	-0.269441488
4660	EHMT2		No Mutation	0.5847416182008898
4661	EHMT2		No Mutation	-0.572308744
4662	EHMT2	E450G	Missense	-0.154692856
4663	EHMT2	E450G	Missense	1.166772113349025
4664	EHMT2		No Mutation	-0.082929357
4665	EHMT2	L451P	Missense	0.2522782606758549
4666	EHMT2		No Mutation	1.082358916763522
4667	EHMT2		No Mutation	0.084661371
4668	EHMT2	Y441C;M442V	Missense;Missense	-0.149092616
4669	EHMT2	Y441C;M442V	Missense;Missense	-0.366723228
4670	EHMT2	Y441C;M442V	Missense;Missense	0.350930369
4671	EHMT2	V444A	Missense	1.2153496755294515
4672	EHMT2	V444A	Missense	0.2600927141149817
4673	EHMT2		No Mutation	-0.11165396
4674	EHMT2	S439G	Missense	-0.433577614
4675	EHMT2	Y441H	Missense	-0.181831836
4676	EHMT2	S436S	Silent	0.8371396086967537
4677	EHMT2	N431G	Missense	-0.741403995
4678	EHMT2	(NC)	Splice-acceptor	0.0250967994321385
4679	EHMT2	(NC)	Splice-acceptor	0.6038548854175091
4680	EHMT2		No Mutation	-0.238308463
4681	EHMT2		No Mutation	-0.070391578
4682	EHMT2	(NC)	Intron	-0.045744106
4683	EHMT2	(NC);(NC)	Intron;Intron	-0.089989928
4684	EHMT2	(NC)	Splice-donor	-0.466152954
4685	EHMT2	E426G	Missense	0.4280936024949152
4686	EHMT2	K425G	Missense	0.490551394468471
4687	EHMT2		No Mutation	-0.679179457
4688	EHMT2		No Mutation	-0.032981101
4689	EHMT2		No Mutation	-0.548299778
4690	EHMT2	E420G	Missense	-0.260587307
4691	EHMT2	K418G	Missense	-0.169609318
4692	EHMT2	K418G	Missense	-0.65260519
4693	EHMT2		No Mutation	1.0178037619342764
4694	EHMT2	K415E	Missense	0.2322619741780521
4695	EHMT2	P408P	Silent	0.1005005699486574
4696	EHMT2	R404R;K405E	Silent;Missense	-0.528451169
4697	EHMT2	R404R	Silent	-0.583137545
4698	EHMT2		No Mutation	-0.379883637
4699	EHMT2	K398G	Missense	-0.283831254
4700	EHMT2		No Mutation	0.3718580046943713
4701	EHMT2	S394G	Missense	0.9594310591774184
4702	EHMT2	S394S	Silent	-0.203949588
4703	EHMT2	S394S	Silent	0.6008881858637283
4704	EHMT2	(NC);S391G	Splice-acceptor;Missense	-0.883173292
4705	EHMT2	S393P	Missense	0.1288008066086139
4706	EHMT2	G392G;S393P	Silent;Missense	0.063903281
4707	EHMT2	G392G;S393P	Silent;Missense	0.1227367573248756
4708	EHMT2	(NC)	Splice-acceptor	0.4647570029056691
4709	EHMT2	G392G;S393P	Silent;Missense	0.078665218
4710	EHMT2	S391S	Silent	0.5203263523633481
4711	EHMT2		No Mutation	0.054382971
4712	EHMT2		No Mutation	-0.260513843
4713	EHMT2	(NC)	Intron	0.2690058705943362
4714	EHMT2	S388S;D389G	Silent;Missense	0.1255855217075097
4715	EHMT2	S384S;N386D	Silent;Missense	0.269665365
4716	EHMT2	S384S	Silent	-0.03778565
4717	EHMT2	E379G;E380G	Missense;Missense	-0.668372656
4718	EHMT2	E379G;E380G	Missense;Missense	-0.647591388
4719	EHMT2	E376E;E377G	Silent;Missense	-0.304795321
4720	EHMT2	E374G	Missense	0.5529656587759304
4721	EHMT2	E370G	Missense	2.101669257074066
4722	EHMT2	E367E;E368G	Silent;Missense	-0.464842563
4723	EHMT2	E366E;E367G	Silent;Missense	0.3532495320074323
4724	EHMT2	E365E;E366G	Silent;Missense	0.2285361786982214
4725	EHMT2	E364G	Missense	0.2514344776467441
4726	EHMT2	E359G	Missense	1.182910423739051
4727	EHMT2	E357E;E358G	Silent;Missense	-0.060680918
4728	EHMT2	L355L;S356G	Silent;Missense	0.4357751767381309
4729	EHMT2	Q354Q;L355L;S356G	Silent;Silent;Missense	0.111067942369811
4730	EHMT2	E353E;Q354R	Silent;Missense	1.456407532781525
4731	EHMT2	E353G	Missense	-0.499946438
4732	EHMT2	A350A	Silent	0.4572712841186075
4733	EHMT2	A350A	Silent	-0.11083832
4734	EHMT2	V348A	Missense	-0.773892011
4735	EHMT2	K345G	Missense	0.1261899030631429
4736	EHMT2		No Mutation	0.091743966
4737	EHMT2		No Mutation	-0.169333335
4738	EHMT2		No Mutation	-0.095923404
4739	EHMT2		No Mutation	-0.042792929
4740	EHMT2	Y331C	Missense	0.3970883081355062
4741	EHMT2		No Mutation	0.1895198753696239
4742	EHMT2	W319R	Missense	0.4055493462050428
4743	EHMT2	W319R	Missense	-0.007516947
4744	EHMT2	W319R	Missense	0.2331107113538743
4745	EHMT2		No Mutation	0.1556132565386887
4746	EHMT2		No Mutation	-0.225503717
4747	EHMT2	D312G	Missense	1.0391985706793083
4748	EHMT2	K310K	Silent	-0.536977244
4749	EHMT2		No Mutation	0.6931142965866433
4750	EHMT2		No Mutation	0.002802747
4751	EHMT2	T309A	Missense	-0.787151667
4752	EHMT2	T309A	Missense	-0.461058841
4753	EHMT2	E305E;T307A	Silent;Missense	-0.360980633
4754	EHMT2	E305G	Missense	0.1895332811573552
4755	EHMT2	E305G	Missense	0.831006548
4756	EHMT2	V306A	Missense	0.7000604555343595
4757	EHMT2	V306A	Missense	0.1082197485016991
4758	EHMT2		No Mutation	-0.64708461
4759	EHMT2	E295G;E296G	Missense;Missense	0.7456085702229798
4760	EHMT2	(NC);(NC);(NC);(NC)	Intron;Intron;Intron;Intron	-0.399222538
4761	EHMT2		No Mutation	-0.992261071
4762	EHMT2		No Mutation	0.6975280318918868
4763	EHMT2	N288G	Missense	-0.288980313
4764	EHMT2	K286G	Missense	0.2906125809843448
4765	EHMT2	R285G;K286G	Missense;Missense	-0.171392807
4766	EHMT2	L287P	Missense	0.2671099040616649
4767	EHMT2	R284G;R285G	Missense;Missense	0.9117694374651109
4768	EHMT2	(NC);D280G	Splice-acceptor;Missense	-0.226841763
4769	EHMT2	(NC)	Splice-acceptor	-0.234764219
4770	EHMT2	(NC);(NC)	Intron;Intron	0.3352633641912403
4771	EHMT2	(NC);(NC);(NC)	Intron;Intron;Intron	0.4058267615807722
4772	EHMT2		No Mutation	-0.306766447
4773	EHMT2	(NC)	Intron	0.00855415
4774	EHMT2		No Mutation	-0.217275605
4775	EHMT2	V277A	Missense	0.2542919561043326
4776	EHMT2		No Mutation	0.2524076575848421
4777	EHMT2	D269G;D270G	Missense;Missense	0.095185489
4778	EHMT2	D269G	Missense	-0.193474003
4779	EHMT2	D270D;V271A	Silent;Missense	0.2610688936753155
4780	EHMT2	F265P	Missense	-0.146486141
4781	EHMT2	H264H;F265P	Silent;Missense	0.5284681668271166
4782	EHMT2	H264H;F265P	Silent;Missense	-0.110359792
4783	EHMT2	H264H;F265P	Silent;Missense	0.0541619120179023
4784	EHMT2	P260P	Silent	-0.356851183
4785	EHMT2	P260P	Silent	0.426009856
4786	EHMT2		No Mutation	-0.07274382
4787	EHMT2		No Mutation	0.2273246944282592
4788	EHMT2		No Mutation	-0.842331932
4789	EHMT2		No Mutation	-0.214513938
4790	EHMT2		No Mutation	0.8884241312027421
4791	EHMT2	P255P	Silent	0.029590528675742
4792	EHMT2		No Mutation	0.6311176112379322
4793	EHMT2		No Mutation	-0.303593205
4794	EHMT2		No Mutation	0.1720385214121265
4795	EHMT2	(NC)	Intron	-0.26242222
4796	EHMT2	(NC)	Intron	-0.469837798
4797	EHMT2	G250G;Q251R	Silent;Missense	0.6735443327522599
4798	EHMT2	G250G	Silent	0.069634897
4799	EHMT2	(NC)	Splice-donor	-0.924138526
4800	EHMT2	G248G;N249G	Silent;Missense	-0.035572719
4801	EHMT2	G248G;N249G	Silent;Missense	-0.151619508
4802	EHMT2		No Mutation	-0.652085689
4803	EHMT2	K246G	Missense	-0.524981517
4804	EHMT2	N249N	Silent	0.3264374753538435
4805	EHMT2	M244V	Missense	-1.036715273
4806	EHMT2	K242G;T243A	Missense;Missense	-0.591986781
4807	EHMT2		No Mutation	-0.290998652
4808	EHMT2		No Mutation	-0.365006354
4809	EHMT2	V237A	Missense	-0.04162371
4810	EHMT2		No Mutation	-1.016844607
4811	EHMT2	P231P	Silent	-0.329628868
4812	EHMT2		No Mutation	0.3163988305219091
4813	EHMT2		No Mutation	-0.14951979
4814	EHMT2		No Mutation	-0.660485237
4815	EHMT2	T228A	Missense	-0.098517134
4816	EHMT2		No Mutation	-0.280551977
4817	EHMT2	P226P;T228A	Silent;Missense	0.7017668701831983
4818	EHMT2		No Mutation	0.2111758126872675
4819	EHMT2		No Mutation	-0.461269878
4820	EHMT2		No Mutation	0.032889641
4821	EHMT2		No Mutation	-0.509587081
4822	EHMT2		No Mutation	-0.50372587
4823	EHMT2	Q215R;G216G	Missense;Silent	-0.465566235
4824	EHMT2	Q215R	Missense	0.061104117793572
4825	EHMT2	A217A	Silent	-0.551755485
4826	EHMT2	S210G;M211V	Missense;Missense	-0.201960797
4827	EHMT2	S210G;M211V	Missense;Missense	0.5822581616641135
4828	EHMT2	R207G	Missense	0.415086717230294
4829	EHMT2		No Mutation	0.3348569574898052
4830	EHMT2	Q202R	Missense	-0.790781226
4831	EHMT2	L204P	Missense	-0.063568564
4832	EHMT2	S203S;L204P	Silent;Missense	-0.45737188
4833	EHMT2	P199P	Silent	-0.152706543
4834	EHMT2		No Mutation	0.1702556437585989
4835	EHMT2	M189V	Missense	0.6317713638253099
4836	EHMT2	M189V	Missense	0.002199978
4837	EHMT2	K188G;M189V	Missense;Missense	-0.271986127
4838	EHMT2	M191T	Missense	0.1858849181883382
4839	EHMT2	K188G	Missense	0.4347106108566742
4840	EHMT2	K188G	Missense	0.079471182
4841	EHMT2	M189T;S190P	Missense;Missense	-0.255888395
4842	EHMT2		No Mutation	0.3219954723122676
4843	EHMT2		No Mutation	0.1040659991738362
4844	EHMT2		No Mutation	-0.062541542
4845	EHMT2	C183R	Missense	0.072727663
4846	EHMT2	S182P;C183R	Missense;Missense	-0.10448821
4847	EHMT2	G181G;S182P;C183R	Silent;Missense;Missense	-0.596970039
4848	EHMT2	G181G;S182P	Silent;Missense	-0.071441138
4849	EHMT2		No Mutation	-0.485708925
4850	EHMT2		No Mutation	-0.437488431
4851	EHMT2		No Mutation	-0.53995775
4852	EHMT2		No Mutation	0.3658658167040849
4853	EHMT2		No Mutation	0.1697306545561792
4854	EHMT2		No Mutation	-0.191585246
4855	EHMT2		No Mutation	0.3396409918652242
4856	EHMT2		No Mutation	0.528152281
4857	EHMT2	S175P	Missense	-0.285502012
4858	EHMT2	F173P	Missense	0.4461259987451008
4859	EHMT2	H168H	Silent	-1.154311324
4860	EHMT2	(NC);(NC);(NC);(NC)	Intron;Intron;Intron;Intron	0.3541354032487814
4861	EHMT2	(NC)	Intron	-0.289422713
4862	EHMT2	(NC)	Intron	-0.182329274
4863	EHMT2	(NC);(NC)	Intron;Intron	0.2055088278132626
4864	EHMT2	(NC);(NC)	Intron;Intron	-0.53712991
4865	EHMT2	(NC);(NC)	Intron;Intron	0.2455909589394632
4866	EHMT2	(NC)	Intron	-0.16554888
4867	EHMT2		No Mutation	-0.552810033
4868	EHMT2		No Mutation	0.3982640655681579
4869	EHMT2	(NC)	Splice-donor	0.3554847804561629
4870	EHMT2	I164V	Missense	-0.426730651
4871	EHMT2	L165P	Missense	-0.777989549
4872	EHMT2		No Mutation	-0.069404032
4873	EHMT2		No Mutation	0.3828259193712869
4874	EHMT2	I164T	Missense	-0.810155785
4875	EHMT2	D158G	Missense	-0.239995216
4876	EHMT2	D156G	Missense	0.2689325427613396
4877	EHMT2	G155G;D156G	Silent;Missense	-0.442192758
4878	EHMT2	G155G;D156G	Silent;Missense	-0.047137832
4879	EHMT2	G155G;D156G	Silent;Missense	-0.298521978
4880	EHMT2	N152G	Missense	-0.572520203
4881	EHMT2	E151G;N152G	Missense;Missense	0.1967852552368487
4882	EHMT2	E151G;N152G	Missense;Missense	-0.455423602
4883	EHMT2	E149G	Missense	0.2569675153786591
4884	EHMT2	E149G	Missense	0.7070804652287523
4885	EHMT2	S150P	Missense	1.1914542399137624
4886	EHMT2	T143A	Missense	-0.742305337
4887	EHMT2		No Mutation	0.083815132
4888	EHMT2		No Mutation	-0.688100652
4889	EHMT2	L145P	Missense	-0.183551527
4890	EHMT2		No Mutation	-0.777166423
4891	EHMT2		No Mutation	-0.505305368
4892	EHMT2		No Mutation	-0.10489149
4893	EHMT2		No Mutation	0.4201441772141432
4894	EHMT2		No Mutation	0.054902393858194
4895	EHMT2	T130A	Missense	0.3450652658509017
4896	EHMT2	T130A	Missense	0.456589746630882
4897	EHMT2	T130A	Missense	-0.131077039
4898	EHMT2	T130A	Missense	-0.611067473
4899	EHMT2	T130T;V131A	Silent;Missense	-0.068775135
4900	EHMT2		No Mutation	-0.492821884
4901	EHMT2	V129A	Missense	0.8930997246216261
4902	EHMT2	S126S;V127A	Silent;Missense	-0.014645266
4903	EHMT2	S126P;V127A	Missense;Missense	0.034417117
4904	EHMT2	S126P	Missense	0.348248704
4905	EHMT2	S123P	Missense	-0.26311266
4906	EHMT2	S122P	Missense	0.1184178399953121
4907	EHMT2		No Mutation	0.0535409728134472
4908	EHMT2	P118P;A119A	Silent;Silent	0.3790023818985299
4909	EHMT2	P118P	Silent	-0.069621014
4910	EHMT2	P118P	Silent	-0.124894944
4911	EHMT2	P118P	Silent	-0.0857999
4912	EHMT2	D114G	Missense	0.2639884694490568
4913	EHMT2	L116P	Missense	-0.821294504
4914	EHMT2	S115P	Missense	0.3671582382734129
4915	EHMT2	S115P	Missense	-0.234935283
4916	EHMT2	T112A	Missense	-0.160569299
4917	EHMT2		No Mutation	0.1545746507466503
4918	EHMT2		No Mutation	-0.791522031
4919	EHMT2	E105G	Missense	-0.542795106
4920	EHMT2	L108P	Missense	-0.001641674
4921	EHMT2		No Mutation	-0.715736696
4922	EHMT2		No Mutation	-0.270144374
4923	EHMT2	(NC)	Splice-acceptor	-0.137903823
4924	EHMT2	(NC)	Splice-acceptor	-0.063889786
4925	EHMT2	S97P	Missense	-1.066066799
4926	EHMT2	(NC);(NC)	Intron;Splice-acceptor	0.1130487401157307
4927	EHMT2	(NC);(NC)	Intron;Splice-acceptor	-0.287729311
4928	EHMT2		No Mutation	-0.431290985
4929	EHMT2	(NC)	Intron	0.836750202
4930	EHMT2	(NC)	Intron	0.5702049587121898
4931	EHMT2		No Mutation	0.1083656119512055
4932	EHMT2	(NC)	Intron	-0.606934655
4933	EHMT2		No Mutation	-0.377174629
4934	EHMT2	R88G	Missense	-0.278837098
4935	EHMT2	E84G	Missense	0.5339848676724482
4936	EHMT2		No Mutation	-0.232035613
4937	EHMT2	M78V	Missense	-0.806615615
4938	EHMT2	L81P	Missense	0.006928598
4939	EHMT2	L81P	Missense	0.5520028083155948
4940	EHMT2		No Mutation	0.5595810104784957
4941	EHMT2		No Mutation	0.5748580255671508
4942	EHMT2		No Mutation	0.04274425
4943	EHMT2	E73G	Missense	-0.157655998
4944	EHMT2	E73G	Missense	0.0365434232850008
4945	EHMT2	E73G	Missense	-0.709689128
4946	EHMT2	A76A	Silent	-0.609429523
4947	EHMT2		No Mutation	-0.85619655
4948	EHMT2		No Mutation	-0.802009151
4949	EHMT2		No Mutation	-0.079859205
4950	EHMT2		No Mutation	-0.637441265
4951	EHMT2		No Mutation	-1.26012927
4952	EHMT2		No Mutation	-0.195697206
4953	EHMT2		No Mutation	-0.091924983
4954	EHMT2		No Mutation	-0.583890219
4955	EHMT2		No Mutation	1.0617100607328116
4956	EHMT2	S70P	Missense	-0.064942883
4957	EHMT2		No Mutation	-0.494389495
4958	EHMT2	L68P	Missense	-0.397778776
4959	EHMT2	C67C;L68P	Silent;Missense	-0.217093391
4960	EHMT2	P66P;C67R	Silent;Missense	0.2690325147879636
4961	EHMT2	L60P	Missense	0.3206500570185083
4962	EHMT2	L60P	Missense	-0.394621947
4963	EHMT2	L60P	Missense	-0.083164861
4964	EHMT2	T58T	Silent	0.8458381629811711
4965	EHMT2	T58T	Silent	-0.545403728
4966	EHMT2		No Mutation	0.5714220732637284
4967	EHMT2	L56P;S57P	Missense;Missense	-0.244320774
4968	EHMT2	T53A	Missense	-0.464512673
4969	EHMT2		No Mutation	0.8197639127300929
4970	EHMT2		No Mutation	-0.005651132
4971	EHMT2	W52R	Missense	-0.047522009
4972	EHMT2	S51P;W52R	Missense;Missense	-0.351762257
4973	EHMT2	R47G	Missense	-0.52344304
4974	EHMT2		No Mutation	-0.826926086
4975	EHMT2		No Mutation	-0.478865162
4976	EHMT2	L42L	Silent	-0.6784406
4977	EHMT2	S44S;L45P	Silent;Missense	-0.533240605
4978	EHMT2	L42L	Silent	-0.176097087
4979	EHMT2	S44S;L45P	Silent;Missense	-0.118045805
4980	EHMT2	S44P;L45P	Missense;Missense	-0.111055716
4981	EHMT2	G37G	Silent	-0.04617627
4982	EHMT2	R34R;G35G	Silent;Silent	0.08407012
4983	EHMT2	G37G	Silent	-0.709918429
4984	EHMT2	G37G	Silent	-0.483378203
4985	EHMT2	H33R	Missense	-0.302835851
4986	EHMT2		No Mutation	-0.116106273
4987	EHMT2	R29G	Missense	0.1164565820053067
4988	EHMT2		No Mutation	0.0283960159442311
4989	EHMT2		No Mutation	0.097285964
4990	EHMT2	R25R	Silent	0.7985424006213487
4991	EHMT2	R25R	Silent	0.3464213923449225
4992	EHMT2	R25R	Silent	0.6814148037159535
4993	EHMT2	R25R	Silent	0.020434689
4994	EHMT2	S24G	Missense	0.2061067793728113
4995	EHMT2		No Mutation	0.8933647227916957
4996	EHMT2	S24G	Missense	0.2160304111759846
4997	EHMT2	S24G	Missense	-0.416201899
4998	EHMT2		No Mutation	-0.518882175
4999	EHMT2		No Mutation	-0.759064227
5000	EHMT2		No Mutation	-0.124887327
5001	EHMT2		No Mutation	-0.110332533
5002	EHMT2		No Mutation	0.8459653141298411
5003	EHMT2		No Mutation	0.767710458
5004	EHMT2		No Mutation	-0.048968168
5005	EHMT2	R18R	Silent	-0.047470332
5006	EHMT2	R18R	Silent	-0.299500193
5007	EHMT2		No Mutation	-0.706325581
5008	EHMT2	M11V	Missense	-0.812678721
5009	EHMT2	M11V	Missense	0.3292652629389884
5010	EHMT2	M11V	Missense	0.0345342719342036
5011	EHMT2		No Mutation	-0.396858448
5012	EHMT2		No Mutation	-0.329770607
5013	EHMT2		No Mutation	-0.065119691
5014	EHMT2		No Mutation	-0.23015514
5015	EHMT2	L10P;M11T	Missense;Missense	0.061332464
5016	EHMT2	R6R;R8G	Silent;Missense	0.9160287508731688
5017	EHMT2	R6R	Silent	-0.24519134
5018	EHMT2	L4L	Silent	0.079680308
5019	EHMT2		No Mutation	0.3811762914526786
5020	EHMT2		No Mutation	-0.444976801
5021	EHMT2		No Mutation	-0.652177494
5022	EHMT2		No Mutation	0.2280676627333046
5023	EHMT2	M1V	Missense	-0.642402696
5024	EHMT2	L4P	Missense	-0.352556343
5025	EHMT2	G3G;L4P	Silent;Missense	-0.846691587
5026	EHMT2	G3G;L4P	Silent;Missense	-0.544765056
5027	EHMT2		No Mutation	0.6415903480264004
5028	EHMT2		No Mutation	-0.53549567
5029	EHMT2		No Mutation	0.062713411
5030	EHMT2		No Mutation	0.7513337963776466
5031	EHMT2		No Mutation	0.4903363177855457
5032	EHMT2		No Mutation	-0.672162118
5033	SUV39H1	(NC);(NC)	UTR;UTR	0.076537034
5034	SUV39H1	(NC);(NC)	UTR;UTR	0.8109847780977333
5035	SUV39H1	(NC)	UTR	1.260154177832315
5036	SUV39H1	(NC)	UTR	-0.790553188
5037	SUV39H1	S5S	Silent	-0.21816815
5038	SUV39H1	R8G	Missense	0.128364462419488
5039	SUV39H1	L12P	Missense	-0.041888846
5040	SUV39H1		No Mutation	1.1314861003790226
5041	SUV39H1	D14G	Missense	-0.350274187
5042	SUV39H1	P15P	Silent	0.083935816
5043	SUV39H1	P15P;T17A	Silent;Missense	-0.209704924
5044	SUV39H1	(NC);(NC)	Intron;Intron	0.4042707243569245
5045	SUV39H1	(NC)	Intron	-0.047633047
5046	SUV39H1		No Mutation	-0.584517069
5047	SUV39H1	C19R	Missense	-0.32910633
5048	SUV39H1	C19R	Missense	-0.586032701
5049	SUV39H1	C19R	Missense	-0.355412765
5050	SUV39H1	C22R;C23R	Missense;Missense	0.092328348
5051	SUV39H1		No Mutation	0.2902653361094037
5052	SUV39H1		No Mutation	0.5502521029215234
5053	SUV39H1	Q31R	Missense	-0.149870781
5054	SUV39H1		No Mutation	-0.151255641
5055	SUV39H1	S40P;C41R	Missense;Missense	-0.096568758
5056	SUV39H1	C41R	Missense	-0.382266971
5057	SUV39H1		No Mutation	-0.685377892
5058	SUV39H1	P42P	Silent	-0.372773471
5059	SUV39H1	G45G;I46T	Silent;Missense	-0.261535309
5060	SUV39H1		No Mutation	0.2382938075966526
5061	SUV39H1	S47P	Missense	-0.149174996
5062	SUV39H1	S47P	Missense	-0.43137556
5063	SUV39H1		No Mutation	0.149864601055599
5064	SUV39H1		No Mutation	0.6757082413668287
5065	SUV39H1	V56A	Missense	0.4151902866154999
5066	SUV39H1		No Mutation	0.1349051529628859
5067	SUV39H1	K64G;I65V	Missense;Missense	0.6926863267985804
5068	SUV39H1	K64G;I65V	Missense;Missense	0.4648878350856075
5069	SUV39H1	K64R;I65V	Missense;Missense	-0.179750626
5070	SUV39H1	(NC)	Intron	-0.643265332
5071	SUV39H1		No Mutation	-0.136487405
5072	SUV39H1		No Mutation	0.060217632
5073	SUV39H1	(NC)	Intron	-0.123796487
5074	SUV39H1		No Mutation	0.099274495
5075	SUV39H1		No Mutation	0.039675778
5076	SUV39H1		No Mutation	-0.573984967
5077	SUV39H1	(NC)	Intron	-0.351679549
5078	SUV39H1		No Mutation	-0.487404531
5079	SUV39H1		No Mutation	-0.309802151
5080	SUV39H1		No Mutation	-0.480303938
5081	SUV39H1		No Mutation	0.5235725928026498
5082	SUV39H1	Y70H	Missense	0.3386206425269763
5083	SUV39H1	Y70H	Missense	-0.08788681
5084	SUV39H1	Y70H	Missense	0.3831921045068519
5085	SUV39H1	E67G	Missense	0.4838353846794251
5086	SUV39H1	Y70H;Y71H	Missense;Missense	-0.210950327
5087	SUV39H1	E69G;Y70C	Missense;Missense	0.3781501025964967
5088	SUV39H1	Y71C	Missense	-0.297221417
5089	SUV39H1	R76R;Y78H	Silent;Missense	-0.085132503
5090	SUV39H1	P79P;D80G	Silent;Missense	0.9341242934813432
5091	SUV39H1	P79P;D80G	Silent;Missense	0.5630892418798019
5092	SUV39H1	W85R	Missense	0.139782795344277
5093	SUV39H1	E82G;S83G	Missense;Missense	-0.102992114
5094	SUV39H1	N90N	Silent	-0.298620165
5095	SUV39H1	C93R	Missense	0.6557938012158842
5096	SUV39H1	K98E	Missense	0.3773180662860911
5097	SUV39H1		No Mutation	0.5564468825907612
5098	SUV39H1	H101R	Missense	0.8642984502053928
5099	SUV39H1	H101R;K102E	Missense;Missense	0.4777508804239602
5100	SUV39H1		No Mutation	-0.805480026
5101	SUV39H1	L104L;E105G	Silent;Missense	-0.164164399
5102	SUV39H1	E105G;R106G	Missense;Missense	-0.50561109
5103	SUV39H1		No Mutation	-0.249483033
5104	SUV39H1	S115P	Missense	0.081527031
5105	SUV39H1	H113R	Missense	0.6390615727517043
5106	SUV39H1		No Mutation	-0.835093559
5107	SUV39H1	S115S;K116G;T117A	Silent;Missense;Missense	0.3181350716825022
5108	SUV39H1		No Mutation	-0.121607038
5109	SUV39H1		No Mutation	1.153023926907233
5110	SUV39H1	H120R	Missense	-1.518162385
5111	SUV39H1		No Mutation	-0.284367441
5112	SUV39H1		No Mutation	-0.883634491
5113	SUV39H1		No Mutation	-0.3492302
5114	SUV39H1	L125L	Silent	0.132116970498321
5115	SUV39H1		No Mutation	-0.044957889
5116	SUV39H1	P123P;S124G	Silent;Missense	0.4832697047452453
5117	SUV39H1	Y128H	Missense	-0.082257246
5118	SUV39H1	Y128H;L129P	Missense;Missense	0.1814351178928483
5119	SUV39H1	N127G	Missense	-0.597881951
5120	SUV39H1		No Mutation	0.1174800431580189
5121	SUV39H1	Q131R	Missense	0.1285507892118785
5122	SUV39H1		No Mutation	-0.15629909
5123	SUV39H1	Q131R;K132G	Missense;Missense	-0.427711707
5124	SUV39H1	K132G	Missense	0.0450731361166167
5125	SUV39H1	L139P	Missense	-0.583732369
5126	SUV39H1		No Mutation	0.1421732066440732
5127	SUV39H1		No Mutation	-0.520799974
5128	SUV39H1		No Mutation	-0.107234172
5129	SUV39H1		No Mutation	1.1705878721049063
5130	SUV39H1	K149E	Missense	-0.035997695
5131	SUV39H1	K149G	Missense	0.3556204440631816
5132	SUV39H1	L153P	Missense	0.3899976898782759
5133	SUV39H1	T157T	Silent	0.1970417979934402
5134	SUV39H1	I156V;T157A	Missense;Missense	-0.329700513
5135	SUV39H1	T157A	Missense	-0.674986098
5136	SUV39H1	V158V;E159G;N160D	Silent;Missense;Missense	0.668303315
5137	SUV39H1	N160G;E161G	Missense;Missense	1.226154465891629
5138	SUV39H1	D163G	Missense	-0.328288078
5139	SUV39H1		No Mutation	0.3794973204989772
5140	SUV39H1		No Mutation	0.3835328643149795
5141	SUV39H1	V172A;Y173H	Missense;Missense	0.090717416
5142	SUV39H1	V172A;Y173H	Missense;Missense	0.1084264171687343
5143	SUV39H1	Y173H;I174T	Missense;Missense	0.6290603917833122
5144	SUV39H1	N175N	Silent	-0.622721087
5145	SUV39H1	I174V;N175G	Missense;Missense	0.1473711130935566
5146	SUV39H1	E176G	Missense	-0.107554584
5147	SUV39H1	E176G;Y177C	Missense;Missense	-0.301242034
5148	SUV39H1	I183T	Missense	1.3183944795246283
5149	SUV39H1	I183V	Missense	0.5153085669693395
5150	SUV39H1	I183V;T184A	Missense;Missense	-1.03774896
5151	SUV39H1	N186D	Missense	0.1206917075334489
5152	SUV39H1	N186G	Missense	0.2410878400285514
5153	SUV39H1	A189A;V190A	Silent;Missense	-0.239431734
5154	SUV39H1	A189A;V190A	Silent;Missense	-0.1827174
5155	SUV39H1	C192R	Missense	0.1001837054542127
5156	SUV39H1		No Mutation	-0.275879953
5157	SUV39H1	E193G	Missense	-0.136811637
5158	SUV39H1		No Mutation	-0.950192462
5159	SUV39H1		No Mutation	-0.347344626
5160	SUV39H1		No Mutation	0.7126112639132502
5161	SUV39H1		No Mutation	-0.420343356
5162	SUV39H1	T202A	Missense	1.1966794776821537
5163	SUV39H1	T202A	Missense	-0.365125873
5164	SUV39H1	G203G	Silent	-0.814951484
5165	SUV39H1	G203G	Silent	-0.34076461
5166	SUV39H1	C206R	Missense	0.3210704368172944
5167	SUV39H1		No Mutation	0.3252862129546134
5168	SUV39H1		No Mutation	-0.243744387
5169	SUV39H1		No Mutation	-0.151539884
5170	SUV39H1		No Mutation	0.2859791878278488
5171	SUV39H1		No Mutation	-0.296968072
5172	SUV39H1	Y216C;N217D	Missense;Missense	-0.00528796
5173	SUV39H1	N217S;D218G	Missense;Missense	-0.236167446
5174	SUV39H1		No Mutation	0.8518624015255993
5175	SUV39H1	L224P	Missense	-0.61942156
5176	SUV39H1	Q221R	Missense	-0.738697166
5177	SUV39H1	Q221R	Missense	-0.861427723
5178	SUV39H1		No Mutation	0.2614481334888527
5179	SUV39H1		No Mutation	-0.155498845
5180	SUV39H1	S235P	Missense	0.1236166371562397
5181	SUV39H1	S235P	Missense	-0.394993382
5182	SUV39H1	N234G	Missense	0.155968131423688
5183	SUV39H1	Y241H	Missense	0.2999649488623536
5184	SUV39H1	Y241H	Missense	0.397144665120022
5185	SUV39H1	C243R	Missense	0.3293780975234478
5186	SUV39H1	D242G	Missense	1.3802618280885146
5187	SUV39H1	P244P;N245G	Silent;Missense	0.098022355
5188	SUV39H1	N245G	Missense	0.3398166962852587
5189	SUV39H1		No Mutation	0.4174670259149957
5190	SUV39H1		No Mutation	0.350913213
5191	SUV39H1	I258T;F259L	Missense;Missense	0.2955924587023755
5192	SUV39H1		No Mutation	-0.631357515
5193	SUV39H1		No Mutation	-0.585134483
5194	SUV39H1	I258V	Missense	0.1363844209836701
5195	SUV39H1		No Mutation	0.3034755547261563
5196	SUV39H1	T261A	Missense	0.193214888737528
5197	SUV39H1	D262G	Missense	-0.655093696
5198	SUV39H1	D262G	Missense	0.8708432435805007
5199	SUV39H1	R265R	Silent	0.3827299855596561
5200	SUV39H1	D262G;D263G	Missense;Missense	-0.068892379
5201	SUV39H1		No Mutation	-0.170118844
5202	SUV39H1	I275T	Missense	-0.485756196
5203	SUV39H1		No Mutation	-0.320240286
5204	SUV39H1		No Mutation	-0.057605164
5205	SUV39H1	K277G;N278D	Missense;Missense	-0.192428246
5206	SUV39H1		No Mutation	0.208901975715331
5207	SUV39H1		No Mutation	0.6016917002837626
5208	SUV39H1	M282V	Missense	-0.468770624
5209	SUV39H1	E283G;Y284C	Missense;Missense	0.493189571583815
5210	SUV39H1	E283G;Y284C	Missense;Missense	0.2461675969088028
5211	SUV39H1	G286G	Silent	-0.069033919
5212	SUV39H1	G286G	Silent	0.021745011
5213	SUV39H1	(NC)	Intron	-0.851885634
5214	SUV39H1	(NC);(NC);(NC)	Intron;Intron;Intron	-0.619729074
5215	SUV39H1	(NC);(NC);(NC)	Intron;Intron;Intron	-0.101572718
5216	SUV39H1	(NC);(NC);(NC)	Intron;Intron;Intron	-0.944999776
5217	SUV39H1	(NC)	Intron	0.5036976684562315
5218	SUV39H1	(NC);I288T	Intron;Missense	-0.170959368
5219	SUV39H1	I289T	Missense	-0.323655199
5220	SUV39H1	I289T	Missense	-0.19109622
5221	SUV39H1	(NC);I288V	Splice-acceptor;Missense	0.541730179
5222	SUV39H1	I288V;I289V	Missense;Missense	0.8711459535223172
5223	SUV39H1	S291P	Missense	0.4321404129655586
5224	SUV39H1		No Mutation	0.494131157
5225	SUV39H1	S291S	Silent	0.7708510293611337
5226	SUV39H1	S291S;E292G	Silent;Missense	0.2055018272008565
5227	SUV39H1	S291S;E292G	Silent;Missense	-0.168147526
5228	SUV39H1	E292G;E293G	Missense;Missense	-0.189659558
5229	SUV39H1		No Mutation	0.066140174
5230	SUV39H1	Q299R;I300V	Missense;Missense	0.4968183368134525
5231	SUV39H1	Q299R;I300V	Missense;Missense	-0.258472991
5232	SUV39H1	R303R	Silent	1.025769891890789
5233	SUV39H1	Y308H	Missense	-0.125293538
5234	SUV39H1	T307A	Missense	-1.083792185
5235	SUV39H1	L312P	Missense	0.2034257290224402
5236	SUV39H1	L312P	Missense	-0.189751438
5237	SUV39H1		No Mutation	-0.001712832
5238	SUV39H1	D311G	Missense	-0.890700898
5239	SUV39H1	Y314H	Missense	1.1186400562515986
5240	SUV39H1		No Mutation	0.6041321718736363
5241	SUV39H1	E316G	Missense	0.3222877873290032
5242	SUV39H1	D322G	Missense	-0.112453707
5243	SUV39H1	Y326H	Missense	0.2455182832935724
5244	SUV39H1	I329T	Missense	-0.516218994
5245	SUV39H1	I329T;S330P	Missense;Missense	-0.381947425
5246	SUV39H1		No Mutation	-0.177224929
5247	SUV39H1		No Mutation	-0.395313212
5248	SUV39H1	S336S	Silent	0.6338528452919991
5249	SUV39H1	S336S	Silent	-0.354170244
5250	SUV39H1	H335R;S336G	Missense;Missense	0.3300633714161876
5251	SUV39H1		No Mutation	-0.716346621
5252	SUV39H1		No Mutation	-0.2301157
5253	SUV39H1		No Mutation	-0.001088757
5254	SUV39H1	(NC)	Intron	-0.100169303
5255	SUV39H1	(NC)	Intron	0.4422816067551801
5256	SUV39H1		No Mutation	0.5292497444448777
5257	SUV39H1		No Mutation	0.0560848070894682
5258	SUV39H1	L341P	Missense	0.0204366425341083
5259	SUV39H1	L341P	Missense	-0.281234311
5260	SUV39H1	Y344H	Missense	-0.17332303
5261	SUV39H1	Y344H	Missense	0.0161042556525924
5262	SUV39H1		No Mutation	0.2195036915222538
5263	SUV39H1	V346A;F347L	Missense;Missense	0.0535961869753096
5264	SUV39H1	I348M;D349G	Missense;Missense	0.979064856
5265	SUV39H1		No Mutation	-0.082477368
5266	SUV39H1	F361P	Missense	-0.11512797
5267	SUV39H1	F361S	Missense	0.538280541
5268	SUV39H1	F361F	Silent	-0.052929513
5269	SUV39H1		No Mutation	0.5597227533968814
5270	SUV39H1	T363A	Missense	0.6743700498448743
5271	SUV39H1	T363A;R364G	Missense;Missense	-0.105207227
5272	SUV39H1		No Mutation	-0.487444367
5273	SUV39H1	R364R;T365A;I366V	Silent;Missense;Missense	0.238400300336783
5274	SUV39H1		No Mutation	0.0223256988548204
5275	SUV39H1	L372P	Missense	-0.502062941
5276	SUV39H1	D375G	Missense	0.8431603998855683
5277	SUV39H1	D375G;Y376C	Missense;Missense	0.5851719271323788
5278	SUV39H1	D375G;Y376C	Missense;Missense	0.093619141
5279	SUV39H1	M378T	Missense	1.1915025996641595
5280	SUV39H1	Y376C;N377D	Missense;Missense	0.7532960799182503
5281	SUV39H1	Y376C;N377G	Missense;Missense	0.8772512570606541
5282	SUV39H1	N377G;M378V	Missense;Missense	0.6346023663046416
5283	SUV39H1	Q379R	Missense	0.22893477
5284	SUV39H1	Q379R	Missense	0.094937916
5285	SUV39H1		No Mutation	-0.232228804
5286	SUV39H1		No Mutation	-0.116585437
5287	SUV39H1		No Mutation	-0.841397172
5288	SUV39H1		No Mutation	-0.338466809
5289	SUV39H1		No Mutation	-0.373964826
5290	SUV39H1	(NC)	Intron	0.1111951489130073
5291	SUV39H1		No Mutation	-0.223882909
5292	SUV39H1	V380A	Missense	-0.037599564
5293	SUV39H1	(NC)	Intron	0.159498872308699
5294	SUV39H1	(NC)	Splice-acceptor	-0.038913983
5295	SUV39H1	V383A	Missense	-0.554943005
5296	SUV39H1		No Mutation	-0.702085212
5297	SUV39H1		No Mutation	-0.022254273
5298	SUV39H1		No Mutation	-0.520113289
5299	SUV39H1	M385V	Missense	-0.290636989
5300	SUV39H1	M390V	Missense	0.056739607
5301	SUV39H1	F394P	Missense	0.1768887494009022
5302	SUV39H1	D391G	Missense	-0.071651034
5303	SUV39H1	F394P	Missense	-0.893585496
5304	SUV39H1	N393G	Missense	-1.069465764
5305	SUV39H1	N393G	Missense	-0.080037779
5306	SUV39H1	A397A	Silent	-0.34441501
5307	SUV39H1		No Mutation	0.2295390243048835
5308	SUV39H1	P400P;S402P	Silent;Missense	0.2718784054264315
5309	SUV39H1		No Mutation	0.087891312
5310	SUV39H1		No Mutation	-0.75157158
5311	SUV39H1		No Mutation	0.4685274794522005
5312	SUV39H1		No Mutation	-0.062382853
5313	SUV39H1	V407A;R408R	Missense;Silent	0.1367503221241727
5314	SUV39H1	R408R	Silent	0.2132571194051854
5315	SUV39H1	R408R;I409T	Silent;Missense	-0.353341864
5316	SUV39H1	I409V	Missense	-0.228210645
5317	SUV39H1	I409V	Missense	0.6373432774282275
5318	SUV39H1	C413R	Missense	0.7180287177412117
5319	SUV39H1	L422P;F423P	Missense;Missense	0.3323279541349804
5320	SUV39H1	*424Q	Missense	0.2762536640416784
5321	SUV39H1		No Mutation	-0.80650538
5322	SUV39H1	*424W	Missense	0.5162658138507801
5323	SUV39H1		No Mutation	-0.46479027
5324	SUV39H1		No Mutation	-0.145219676
5325	SUV39H2	(NC);(NC)	UTR;UTR	1.159419626
5326	SUV39H2	(NC);(NC);(NC)	UTR;UTR;UTR	0.002274015
5327	SUV39H2	(NC);(NC);(NC)	UTR;UTR;UTR	0.6645518253646352
5328	SUV39H2		No Mutation	0.8288977997002117
5329	SUV39H2	(NC);(NC);(NC)	UTR;UTR;UTR	-0.284710882
5330	SUV39H2	(NC);(NC);(NC)	UTR;UTR;UTR	0.7936892661163388
5331	SUV39H2	(NC);(NC);M1V	UTR;UTR;Missense	-0.123634496
5332	SUV39H2		No Mutation	-0.483052958
5333	SUV39H2		No Mutation	-0.034003055
5334	SUV39H2		No Mutation	-0.074114497
5335	SUV39H2	E7G	Missense	-0.469870595
5336	SUV39H2		No Mutation	0.069664048
5337	SUV39H2	(NC)	Splice-donor	-0.09129666
5338	SUV39H2	G10G	Silent	-0.166378801
5339	SUV39H2	L20P	Missense	0.0214807434274767
5340	SUV39H2	S19S	Silent	0.055048151
5341	SUV39H2	D21D;T22T	Silent;Silent	0.361598322
5342	SUV39H2	T33A	Missense	0.1426004144734237
5343	SUV39H2	I37V	Missense	-0.245583327
5344	SUV39H2	N46N	Silent	-1.227051884
5345	SUV39H2	N43G	Missense	0.3633299923651709
5346	SUV39H2	L44L;N45D	Silent;Missense	0.1855897369927732
5347	SUV39H2	E50E;Y51C	Silent;Missense	-1.005529963
5348	SUV39H2	D54G	Missense	0.4697229114410194
5349	SUV39H2	Y55C;K56G	Missense;Missense	0.041558191
5350	SUV39H2	E62G;Y63C	Missense;Missense	0.6579825113586668
5351	SUV39H2	Y64C	Missense	0.009004671
5352	SUV39H2	V66V	Silent	1.537085244761862
5353	SUV39H2	P72P;D73G	Silent;Missense	1.2266390898491275
5354	SUV39H2	P72P;D73G	Silent;Missense	-1.199293795
5355	SUV39H2	T77T;W78R	Silent;Missense	0.482653218
5356	SUV39H2	F93L	Missense	0.4979059366970988
5357	SUV39H2	F93P	Missense	-0.34149392
5358	SUV39H2	H98R;N99D	Missense;Missense	0.088752744
5359	SUV39H2	L101L	Silent	0.878402492
5360	SUV39H2	Y126H;I127T	Missense;Missense	0.6351970609086196
5361	SUV39H2	I127T;V128A	Missense;Missense	0.5028502294195447
5362	SUV39H2	E125G	Missense	0.7478118901597923
5363	SUV39H2	K129G	Missense	-0.538443504
5364	SUV39H2	I135V	Missense	-0.031341295
5365	SUV39H2	R146G;R147G	Missense;Missense	0.9181891046888856
5366	SUV39H2	E157E;N158G;T159A	Silent;Missense;Missense	-0.24299632
5367	SUV39H2	N158G;T159A	Missense;Missense	0.3690717701137462
5368	SUV39H2	Y170H;Y171H	Missense;Missense	0.1912796414757849
5369	SUV39H2	Y170H;Y171H	Missense;Missense	0.1262209638273947
5370	SUV39H2	Y171H;I172T	Missense;Missense	0.088660103
5371	SUV39H2	E174G;Y175C	Missense;Missense	-0.461556563
5372	SUV39H2	L183P	Missense	0.1813046580223142
5373	SUV39H2	V184A	Missense	0.1271172892906568
5374	SUV39H2	N185G	Missense	-0.169102928
5375	SUV39H2		No Mutation	0.3922852582910492
5376	SUV39H2		No Mutation	0.1026239040675006
5377	SUV39H2	E205G	Missense	0.4744535993249767
5378	SUV39H2	V208A;L209P	Missense;Missense	-0.748088646
5379	SUV39H2	Q217R;I218V	Missense;Missense	-0.117279959
5380	SUV39H2	I226T;Y227H	Missense;Missense	1.3569997187367564
5381	SUV39H2	I226T;Y227H	Missense;Missense	-0.129679623
5382	SUV39H2	Y227H	Missense	-0.325776526
5383	SUV39H2	Y227C	Missense	-0.001554883
5384	SUV39H2	S231P	Missense	-0.064429195
5385	SUV39H2	S231P	Missense	0.9319003541432472
5386	SUV39H2	N230G	Missense	-0.220989714
5387	SUV39H2		No Mutation	-0.388000644
5388	SUV39H2	I243T	Missense	0.4506949897092763
5389	SUV39H2	N241G;R242G	Missense;Missense	0.949010255069064
5390	SUV39H2	I254V	Missense	0.852877278
5391	SUV39H2	R256R;T257A	Silent;Missense	0.4246671862681993
5392	SUV39H2	S258G	Missense	0.5002665388151417
5393	SUV39H2	S258G;N259D	Missense;Missense	0.384414433068773
5394	SUV39H2	S258G;N259G	Missense;Missense	-0.47390198
5395	SUV39H2	M278V	Missense	1.1256691013148292
5396	SUV39H2	E288G;E289G	Missense;Missense	0.3014655930635008
5397	SUV39H2	G294G;Q295R	Silent;Missense	0.6440340510028303
5398	SUV39H2	Q295R	Missense	0.2286883314482214
5399	SUV39H2	T303A	Missense	0.058123581
5400	SUV39H2		No Mutation	0.2530852588292528
5401	SUV39H2	E314G	Missense	-0.223875466
5402	SUV39H2	D318G	Missense	-0.014227259
5403	SUV39H2		No Mutation	0.1253252418959467
5404	SUV39H2		No Mutation	0.3856887930558502
5405	SUV39H2	F340P	Missense	0.2517048071923963
5406	SUV39H2	F340P	Missense	0.3296388635182476
5407	SUV39H2	L351L	Silent	-0.474819023
5408	SUV39H2	F357P;S358P	Missense;Missense	1.2458423213960843
5409	SUV39H2	F357S;S358P	Missense;Missense	1.5607407625394072
5410	SUV39H2	F357F;S358P	Silent;Missense	-1.009200012
5411	SUV39H2	T359A;R360G	Missense;Missense	0.7634160009782183
5412	SUV39H2	N363N;A364A	Silent;Silent	0.5574953464355048
5413	SUV39H2		No Mutation	-0.093106071
5414	SUV39H2	H387R;S388G	Missense;Missense	0.073429655
5415	SUV39H2	S388G	Missense	0.4979640137616523
5416	SUV39H2	R395G;T396A	Missense;Missense	0.7728668267543457
5417	SUV39H2	G401G	Silent	-0.383428246
5418	SUV39H2	(NC);(NC)	UTR;UTR	0.078238298
5419	PTPN2	(NC);(NC);(NC);(NC)	UTR;UTR;UTR;UTR	-0.288103636
5420	PTPN2	(NC);(NC);(NC);(NC)	UTR;UTR;UTR;UTR	1.5194864177566307
5421	PTPN2	M395V	Missense	-0.784023816
5422	PTPN2	M392T	Missense	0.2190936326938637
5423	PTPN2	I388V	Missense	0.003747377
5424	PTPN2	I388V	Missense	1.4179343238251023
5425	PTPN2	Q386Q;I388V	Silent;Missense	0.4956345916192317
5426	PTPN2	R379R;K380G	Silent;Missense	0.8483686769743343
5427	PTPN2	E376G;R377R	Missense;Silent	1.2920160883483538
5428	PTPN2	N375S;E376G	Missense;Missense	0.3696480082959237
5429	PTPN2	Q366R	Missense	1.081117541956856
5430	PTPN2	V365A	Missense	0.7438911060804828
5431	PTPN2	V365A	Missense	-0.118013494
5432	PTPN2	T360A	Missense	-0.424393527
5433	PTPN2	I353V	Missense	0.5444685940149485
5434	PTPN2	L349L;K351E	Silent;Missense	-0.507683808
5435	PTPN2		No Mutation	0.4077575025423698
5436	PTPN2		No Mutation	0.3268073325565745
5437	PTPN2	(NC);(NC)	Intron;Intron	0.5234723862102073
5438	PTPN2	E342G	Missense	0.2263200165907135
5439	PTPN2	K336K;M337V	Silent;Missense	-0.048932784
5440	PTPN2	K336G;M337V	Missense;Missense	0.3499711486326177
5441	PTPN2	L333L;S334P;S335P	Silent;Missense;Missense	-0.90196402
5442	PTPN2	T326A	Missense	0.3159928225926636
5443	PTPN2	E321G;E322G	Missense;Missense	-0.598472803
5444	PTPN2	Y313C;N314G	Missense;Missense	1.1935693243463037
5445	PTPN2	T310A	Missense	1.9263022094823483
5446	PTPN2	M309V;T310A	Missense;Missense	0.5557252573904112
5447	PTPN2		No Mutation	0.1270800396372909
5448	PTPN2	S304P	Missense	-0.129163353
5449	PTPN2	R288R;K290E	Silent;Missense	0.2027368371681876
5450	PTPN2		No Mutation	0.06917871
5451	PTPN2	W289R	Missense	0.9134138803206266
5452	PTPN2	W289R	Missense	-0.527241354
5453	PTPN2		No Mutation	0.3920529953518277
5454	PTPN2	I285M;Q286R	Missense;Missense	-0.420681063
5455	PTPN2	G281G	Silent	-0.060893609
5456	PTPN2	G275G	Silent	0.064966827
5457	PTPN2	E274E;G275G	Silent;Silent	0.550538559
5458	PTPN2	Y269C;M270V	Missense;Missense	0.6844923810493393
5459	PTPN2	Q264Q;R266G	Silent;Missense	1.215686993762832
5460	PTPN2	F267P;S268P	Missense;Missense	-0.768310154
5461	PTPN2	F267P;S268P	Missense;Missense	-0.144275775
5462	PTPN2	F267P	Missense	-0.632928044
5463	PTPN2	I259I	Silent	-0.200841302
5464	PTPN2	M251V;R252G	Missense;Missense	0.1235386122893131
5465	PTPN2	M251V;R252G	Missense;Missense	0.4731183978025148
5466	PTPN2		No Mutation	0.092080323
5467	PTPN2	V229V;D230G;T231A	Silent;Missense;Missense	0.077345216
5468	PTPN2	T231T	Silent	-0.103254864
5469	PTPN2		No Mutation	-0.14394471
5470	PTPN2	A218A	Silent	-0.310891384
5471	PTPN2	I220T	Missense	-0.086385646
5472	PTPN2	H215R	Missense	0.9264522575486648
5473	PTPN2	H215R	Missense	0.5355370106870423
5474	PTPN2	I214V	Missense	0.4259058610362945
5475	PTPN2	C216R	Missense	-0.623581955
5476	PTPN2	I214T	Missense	-0.621290982
5477	PTPN2	V213A	Missense	0.5043601580968472
5478	PTPN2	P211P	Silent	-0.299808013
5479	PTPN2		No Mutation	0.4023713888186901
5480	PTPN2	H209H	Silent	-0.607554529
5481	PTPN2		No Mutation	0.002461505
5482	PTPN2		No Mutation	0.3562512956101142
5483	PTPN2	K198G	Missense	0.3197776862558919
5484	PTPN2	N194N;F195P	Silent;Missense	0.6645368600611745
5485	PTPN2	S191P;F192P	Missense;Missense	-0.518230841
5486	PTPN2	A190A;S191P;F192L	Silent;Missense;Missense	0.084452078
5487	PTPN2	P186P	Silent	0.1670504001141406
5488	PTPN2	V185A	Missense	-0.264544487
5489	PTPN2	T178A;T179A	Missense;Missense	-0.143237399
5490	PTPN2	H174R	Missense	-0.064040975
5491	PTPN2	F175P	Missense	0.6916672929381738
5492	PTPN2	(NC);(NC);(NC)	Intron;Intron;Intron	0.8095621270910447
5493	PTPN2	(NC);(NC);(NC);(NC)	Intron;Intron;Intron;Intron	1.1922723829392805
5494	PTPN2	M134V	Missense	1.4857610067493137
5495	PTPN2	F136F	Silent	0.9792225529879336
5496	PTPN2	M134T	Missense	-0.2218175
5497	PTPN2	K122G	Missense	-0.497252035
5498	PTPN2	(NC);(NC)	Intron;Intron	-0.203165307
5499	PTPN2	S120P	Missense	-0.75038788
5500	PTPN2	I115V	Missense	-0.493180414
5501	PTPN2	M111V	Missense	1.7770271220844085
5502	PTPN2	M111T;L112P	Missense;Missense	-0.678575755
5503	PTPN2	V101A;W102R	Missense;Missense	0.9999186818667628
5504	PTPN2	H96R	Missense	-0.323994702
5505	PTPN2		No Mutation	0.1270228610803848
5506	PTPN2	H96H;F97P	Silent;Missense	-0.273013016
5507	PTPN2	N92S;T93A	Missense;Missense	-0.143485205
5508	PTPN2	C94R;C95R	Missense;Missense	-0.37045994
5509	PTPN2	G88G	Silent	0.1056322280193057
5510	PTPN2		No Mutation	-0.710017285
5511	PTPN2	S82G	Missense	0.6637606419152788
5512	PTPN2	D75G;I76V	Missense;Missense	0.5451934593262986
5513	PTPN2	I76T	Missense	0.9504969581206972
5514	PTPN2	L73L	Silent	-0.77911693
5515	PTPN2	(NC);(NC)	Intron;Intron	-0.122991801
5516	PTPN2	(NC)	Intron	1.0262955460733456
5517	PTPN2	P53P	Silent	0.8119118199099853
5518	PTPN2	P53P	Silent	0.038273304
5519	PTPN2	F39P	Missense	-0.699105356
5520	PTPN2	H34H	Silent	-1.063353758
5521	PTPN2	H34H	Silent	0.3085696098057192
5522	PTPN2	D31G	Missense	0.056704148
5523	PTPN2	(NC)	Intron	-0.230871601
5524	PTPN2	(NC)	Intron	0.7576594309990818
5525	PTPN2	Y22C	Missense	-0.646130734
5526	PTPN2		No Mutation	0.8815356441154159
5527	PTPN2	D13G	Missense	-0.565573674
5528	PTPN2		No Mutation	-0.199463447
5529	PTPN2	F9S	Missense	0.3174689247254817
5530	PTPN2	F9P	Missense	0.3134892652550975
5531	PTPN2		No Mutation	0.2316414047508435
5532	PTPN2		No Mutation	-0.339662394
5533	PTPN2	I5T	Missense	-0.30307825
5534	PTPN2	T3A	Missense	-0.543883203
5535	PTPN2		No Mutation	-0.165691419
5536	PTPN2		No Mutation	0.031195519622952
5537	PTPN2		No Mutation	-0.572688984
5538	PTPN2		No Mutation	0.8674632073188927
