ID	Gene	Mutation_list	Mutation_type	sgRNA_score
0	SETDB1	(NC)	UTR	0.058301591
1	SETDB1	(NC)	UTR	0.040882218
2	SETDB1	S3F;L4F	Missense;Missense	-0.767258284
3	SETDB1	P5F	Missense	-0.83427068
4	SETDB1	G9N	Missense	0.142132886
5	SETDB1	G9N	Missense	0.100072056
6	SETDB1	L10L;D11N	Silent;Missense	1.06833672
7	SETDB1	A12V	Missense	-0.355621235
8	SETDB1		No Mutation	-0.107473407
9	SETDB1	L25L	Silent	-0.440458324
10	SETDB1	Q26*;Q27*	Nonsense;Nonsense	-0.972261313
11	SETDB1	A28V	Missense	-0.168557834
12	SETDB1	A28V	Missense	-0.351641617
13	SETDB1	L33L	Silent	-0.57734507
14	SETDB1	L33L	Silent	-0.38595864
15	SETDB1	I35I;S36F	Silent;Missense	-2.735502743
16	SETDB1	R41W;H42Y	Missense;Missense	-0.172537114
17	SETDB1	F43F	Silent	-0.076360365
18	SETDB1		No Mutation	-0.573575654
19	SETDB1	A62V	Missense	-0.261879022
20	SETDB1	A62V	Missense	-0.00614038
21	SETDB1	Q70*	Nonsense	-1.779337412
22	SETDB1	Q70*	Nonsense	-2.188473496
23	SETDB1	L81L	Silent	1.101822448
24	SETDB1	A85T	Missense	-0.247318633
25	SETDB1	S86F	Missense	0.174862121
26	SETDB1	(NC);(NC);(NC)	Intron;Intron;Intron	0.637242303
27	SETDB1	(NC)	Intron	0.550547978
28	SETDB1	(NC)	Intron	0.047438375
29	SETDB1	V89V	Silent	-0.157911618
30	SETDB1	T90I	Missense	0.017928834
31	SETDB1		No Mutation	-0.183524015
32	SETDB1	D98D	Silent	0.537933772
33	SETDB1	D98D	Silent	0.370457173
34	SETDB1	L103L	Silent	-0.347729367
35	SETDB1	L103L	Silent	-1.139062773
36	SETDB1		No Mutation	0.064842097
37	SETDB1	Y107Y;R108W	Silent;Missense	-0.529246735
38	SETDB1	E113K;D114N	Missense;Missense	-1.688139689
39	SETDB1	S112F	Missense	-0.210881848
40	SETDB1		No Mutation	-0.064860675
41	SETDB1	E124K	Missense	-0.157792131
42	SETDB1	D131N;V132I	Missense;Missense	0.191672575
43	SETDB1	V132V;L133F	Silent;Missense	0.140402576
44	SETDB1	L133L	Silent	-0.346279813
45	SETDB1		No Mutation	-0.272469499
46	SETDB1	G138S;(NC)	Missense;Splice-donor	-1.788548736
47	SETDB1		No Mutation	-1.092562362
48	SETDB1		No Mutation	-0.876118581
49	SETDB1		No Mutation	-0.182605151
50	SETDB1	(NC);(NC)	Intron;Intron	-0.417409454
51	SETDB1	G141E;S142N	Missense;Missense	-0.407053487
52	SETDB1	T144I;P145S	Missense;Missense	0.58904992
53	SETDB1	D147D;Q148*	Silent;Nonsense	-0.914150233
54	SETDB1	(NC);(NC)	Splice-donor;Intron	0.336268556
55	SETDB1	Q148*	Nonsense	-0.912970332
56	SETDB1		No Mutation	0.017015734
57	SETDB1	(NC);(NC);(NC)	Intron;Intron;Intron	-0.329799607
58	SETDB1		No Mutation	-0.36892774
59	SETDB1		No Mutation	-0.160397489
60	SETDB1		No Mutation	0.146930139
61	SETDB1	(NC)	Splice-acceptor	-1.706273376
62	SETDB1	R151H	Missense	-0.180156954
63	SETDB1	R151H;E152K	Missense;Missense	0.427594442
64	SETDB1	R151H;E152K	Missense;Missense	0.43593221
65	SETDB1	(NC);L150F	Intron;Missense	-0.248123627
66	SETDB1	A156T	Missense	-0.234302111
67	SETDB1		No Mutation	0.491752132
68	SETDB1		No Mutation	-1.352443472
69	SETDB1	N172N	Silent	-0.900008588
70	SETDB1	S177F;Q178*	Missense;Nonsense	-1.57652178
71	SETDB1	L180L	Silent	0.019858017
72	SETDB1	L180L	Silent	0.241561147
73	SETDB1	G183R;(NC)	Missense;Splice-donor	-1.387223779
74	SETDB1	G183R;(NC)	Missense;Splice-donor	-1.486341575
75	SETDB1		No Mutation	-0.226005177
76	SETDB1		No Mutation	0.327062376
77	SETDB1	(NC)	Intron	-0.445251016
78	SETDB1	T184I	Missense	-0.002403006
79	SETDB1	G190K	Missense	-0.200729989
80	SETDB1		No Mutation	-0.141608355
81	SETDB1	V200V	Silent	-0.119641577
82	SETDB1	M202I;R203Q	Missense;Missense	0.256658445
83	SETDB1	V200V	Silent	0.058765853
84	SETDB1		No Mutation	-0.145275414
85	SETDB1	T210I	Missense	-0.028448401
86	SETDB1	A220V	Missense	0.054425934
87	SETDB1	Q222Q	Silent	-0.398696774
88	SETDB1	Q222Q;V224I	Silent;Missense	-0.806341833
89	SETDB1	(NC);(NC)	Splice-donor;Intron	-1.934430371
90	SETDB1	(NC);(NC)	Intron;Intron	0.713120381
91	SETDB1		No Mutation	-0.228147141
92	SETDB1		No Mutation	-0.064376777
93	SETDB1	G227K	Missense	-0.389496419
94	SETDB1	G227K	Missense	-1.303663177
95	SETDB1	P226L	Missense	-1.190940786
96	SETDB1	K231K;V232M	Silent;Missense	-1.364344134
97	SETDB1		No Mutation	0.452504137
98	SETDB1		No Mutation	-0.308800441
99	SETDB1		No Mutation	-0.323749306
100	SETDB1		No Mutation	-0.059426333
101	SETDB1		No Mutation	-0.880362336
102	SETDB1		No Mutation	-0.82615469
103	SETDB1	K257K	Silent	-0.093939875
104	SETDB1	A255V	Missense	-0.119272789
105	SETDB1	K257K;L258L	Silent;Silent	-0.370953344
106	SETDB1	A255V	Missense	-0.022641632
107	SETDB1	L258L	Silent	-0.316977964
108	SETDB1	V260M	Missense	0.474764331
109	SETDB1	L258L	Silent	-0.358549393
110	SETDB1	L258L	Silent	-0.540645758
111	SETDB1		No Mutation	-0.276321372
112	SETDB1	V265V;A266V	Silent;Missense	-0.749381678
113	SETDB1	V265V;A266V	Silent;Missense	-1.339422682
114	SETDB1	Y268Y	Silent	0.133794658
115	SETDB1	G271E	Missense	-0.280785787
116	SETDB1		No Mutation	-0.066119226
117	SETDB1	Q273*	Nonsense	-2.095905654
118	SETDB1	N286N;V287V	Silent;Silent	-1.237975944
119	SETDB1	N289N	Silent	-0.114479111
120	SETDB1	L291F	Missense	-1.925064977
121	SETDB1	(NC)	Intron	-0.214781931
122	SETDB1	(NC)	Intron	-0.382564142
123	SETDB1	S303F	Missense	-1.122647684
124	SETDB1	S308S;E309K	Silent;Missense	-0.312523843
125	SETDB1	L310L	Silent	0.061671696
126	SETDB1	(NC);(NC)	Splice-donor;Intron	-1.016463847
127	SETDB1	(NC);(NC);(NC)	Splice-donor;Intron;Intron	-0.964476031
128	SETDB1		No Mutation	0.31205283
129	SETDB1		No Mutation	-0.141768304
130	SETDB1	(NC)	Intron	-0.253170995
131	SETDB1	(NC)	Intron	0.107487808
132	SETDB1		No Mutation	-0.369249151
133	SETDB1	S328S;C329C;R330C	Silent;Silent;Missense	-0.433478601
134	SETDB1	E334K	Missense	0.061248618
135	SETDB1	E334E;E335K	Silent;Missense	-0.050723417
136	SETDB1	A339A;Y340Y;P341S	Silent;Silent;Missense	-1.423173265
137	SETDB1	M345I	Missense	-0.921879738
138	SETDB1	M345I;V346I	Missense;Missense	-0.896473317
139	SETDB1	V346I	Missense	0.245702974
140	SETDB1	L347L	Silent	-0.576716367
141	SETDB1	L347L	Silent	-0.01789397
142	SETDB1		No Mutation	-0.446471806
143	SETDB1	K349K	Silent	0.128724517
144	SETDB1	K349K;S350N	Silent;Missense	-0.420576727
145	SETDB1	K349K;S350N	Silent;Missense	-0.36116002
146	SETDB1	L353F	Missense	0.214650744
147	SETDB1	L353F	Missense	-0.920561645
148	SETDB1	E357K	Missense	-1.052477182
149	SETDB1	I354I	Silent	0.067945888
150	SETDB1	T356I	Missense	-1.171042238
151	SETDB1		No Mutation	-0.587453223
152	SETDB1		No Mutation	-0.584384818
153	SETDB1		No Mutation	-1.606327175
154	SETDB1	S365F;R366*	Missense;Nonsense	-2.069592161
155	SETDB1	R366*	Nonsense	-3.085973525
156	SETDB1	V370V;D371N	Silent;Missense	-1.924350857
157	SETDB1	V370V;D371N;G372S	Silent;Missense;Missense	-0.811760132
158	SETDB1		No Mutation	-0.044406366
159	SETDB1	V375V	Silent	-0.899792192
160	SETDB1		No Mutation	-0.927116856
161	SETDB1	(NC)	Intron	-0.044148532
162	SETDB1		No Mutation	-0.52287437
163	SETDB1	(NC)	Intron	0.043993481
164	SETDB1	D382D	Silent	-0.191378162
165	SETDB1		No Mutation	-0.377529728
166	SETDB1	I388I	Silent	-0.738704228
167	SETDB1	R390*	Nonsense	-2.794114673
168	SETDB1	S404F	Missense	-0.687429431
169	SETDB1	L409L;E410K	Silent;Missense	-0.443256234
170	SETDB1	A408V;L409L	Missense;Silent	-0.600665302
171	SETDB1	K411K;K412K	Silent;Silent	-0.186802749
172	SETDB1		No Mutation	-0.349297528
173	SETDB1	L416L	Silent	-0.07108962
174	SETDB1	T418I	Missense	-0.581349306
175	SETDB1	(NC)	Intron	-0.357366676
176	SETDB1	(NC)	Intron	0.507465282
177	SETDB1	(NC);(NC)	Intron;Intron	0.120408312
178	SETDB1	A424T;V425M	Missense;Missense	-0.233997036
179	SETDB1	A424V	Missense	-0.463230608
180	SETDB1	R426K;S427N	Missense;Missense	0.829024876
181	SETDB1		No Mutation	0.362587603
182	SETDB1		No Mutation	-0.128192754
183	SETDB1		No Mutation	-0.493301659
184	SETDB1	Y434Y;T435I	Silent;Missense	0.533505156
185	SETDB1	L438L	Silent	0.078580434
186	SETDB1	Q436*	Nonsense	0.116670832
187	SETDB1	Q444Q	Silent	0.304741628
188	SETDB1	T443I;Q444*	Missense;Nonsense	-1.246172185
189	SETDB1	V448V;E449K	Silent;Missense	0.460691675
190	SETDB1	V448V;E449K	Silent;Missense	-0.268485952
191	SETDB1	Q452Q	Silent	0.855309207
192	SETDB1	A455T	Missense	0.098970465
193	SETDB1		No Mutation	-0.48713547
194	SETDB1		No Mutation	-0.441617775
195	SETDB1		No Mutation	-0.370310398
196	SETDB1	A458T	Missense	0.648465341
197	SETDB1		No Mutation	-0.139846506
198	SETDB1		No Mutation	0.088305671
199	SETDB1	A464T	Missense	-0.251324287
200	SETDB1	A464T	Missense	-0.077878638
201	SETDB1	A464T	Missense	-0.752593414
202	SETDB1		No Mutation	-0.140680589
203	SETDB1		No Mutation	-0.135851988
204	SETDB1		No Mutation	-0.394985873
205	SETDB1		No Mutation	0.354664987
206	SETDB1	P466F;L467L	Missense;Silent	-0.094058599
207	SETDB1	A471T	Missense	-1.19333243
208	SETDB1	A471T;G472N	Missense;Missense	-0.247116111
209	SETDB1	S474N	Missense	-0.697739732
210	SETDB1	S474N;D475N	Missense;Missense	0.056669398
211	SETDB1	S474N;D475N	Missense;Missense	-0.227514267
212	SETDB1	S474N;D475N;(NC)	Missense;Missense;Splice-donor	-0.249280068
213	SETDB1	D475N;(NC)	Missense;Splice-donor	-1.42827979
214	SETDB1		No Mutation	-0.634501773
215	SETDB1	(NC)	Intron	-0.525976667
216	SETDB1	S478N	Missense	-0.211487687
217	SETDB1	S478S;Q479*	Silent;Nonsense	-1.122278421
218	SETDB1	A481V;Q482*	Missense;Nonsense	-0.449000303
219	SETDB1	R484Q	Missense	0.583009725
220	SETDB1	Q486Q;V487I	Silent;Missense	-0.206060398
221	SETDB1	Q486Q;V487I;A488T	Silent;Missense;Missense	0.024041086
222	SETDB1	S491S;T492M	Silent;Missense	0.31690839
223	SETDB1	S493S;R495*	Silent;Nonsense	-0.915223581
224	SETDB1	R495*	Nonsense	-2.414427038
225	SETDB1	V499I	Missense	0.112788746
226	SETDB1	P496L	Missense	-0.592787061
227	SETDB1	G502N	Missense	0.17925677
228	SETDB1	A510T	Missense	-0.149612398
229	SETDB1		No Mutation	0.051639769
230	SETDB1		No Mutation	-0.277580177
231	SETDB1	S512N	Missense	-0.64776246
232	SETDB1	L511F	Missense	-0.460229719
233	SETDB1		No Mutation	-0.585496398
234	SETDB1		No Mutation	0.466720353
235	SETDB1	V515V;S516F	Silent;Missense	-0.206793621
236	SETDB1	V515V;S516F	Silent;Missense	0.082146854
237	SETDB1	I522I	Silent	-0.575864304
238	SETDB1		No Mutation	0.176520577
239	SETDB1		No Mutation	0.303845795
240	SETDB1		No Mutation	0.114195189
241	SETDB1	A534T	Missense	0.169806435
242	SETDB1	A538T	Missense	0.054895465
243	SETDB1		No Mutation	0.324725842
244	SETDB1	A538V;P539S	Missense;Missense	-0.14333388
245	SETDB1		No Mutation	-0.092720301
246	SETDB1		No Mutation	-0.011469436
247	SETDB1		No Mutation	0.118758267
248	SETDB1	A544T	Missense	-0.027129137
249	SETDB1		No Mutation	-0.515774094
250	SETDB1		No Mutation	-0.404005107
251	SETDB1		No Mutation	0.091594815
252	SETDB1	V550I	Missense	0.176987255
253	SETDB1	V550I	Missense	-0.484914481
254	SETDB1	A547V;P548F	Missense;Missense	-0.208623183
255	SETDB1	V550I	Missense	-0.256589058
256	SETDB1		No Mutation	-0.006898151
257	SETDB1	V550V	Silent	0.495812763
258	SETDB1	G553N	Missense	0.246718727
259	SETDB1	G553D;M554I	Missense;Missense	0.05509391
260	SETDB1	M554I	Missense	-0.158782062
261	SETDB1	M554I	Missense	-0.283155492
262	SETDB1	F551F;H552Y	Silent;Missense	-0.270415815
263	SETDB1	F551F;H552Y	Silent;Missense	0.328655332
264	SETDB1	E556E;R557Q;A558T	Silent;Missense;Missense	-0.196044836
265	SETDB1		No Mutation	-0.666631328
266	SETDB1		No Mutation	-1.642763178
267	SETDB1	R565H	Missense	-0.152450273
268	SETDB1	P562P;S563F	Silent;Missense	0.156992533
269	SETDB1		No Mutation	-1.815824486
270	SETDB1	M568I	Missense	-0.169899658
271	SETDB1	M568I;E569K	Missense;Missense	-1.827647285
272	SETDB1	E569E;K570K	Silent;Silent	-0.570409311
273	SETDB1		No Mutation	-0.043583409
274	SETDB1		No Mutation	0.185162206
275	SETDB1		No Mutation	-0.319502898
276	SETDB1	R587K	Missense	0.060419319
277	SETDB1	S584F;R585*	Missense;Nonsense	-2.568769065
278	SETDB1		No Mutation	0.121194992
279	SETDB1		No Mutation	-0.78890193
280	SETDB1		No Mutation	-0.726584315
281	SETDB1	Q593Q	Silent	0.069827026
282	SETDB1	G596G	Silent	-0.014443985
283	SETDB1	L600L	Silent	-0.466165419
284	SETDB1	P603P	Silent	-0.211397681
285	SETDB1		No Mutation	-0.027578945
286	SETDB1	P603L	Missense	-1.36921059
287	SETDB1	L605L	Silent	-0.403056961
288	SETDB1		No Mutation	0.529629905
289	SETDB1	R609Q	Missense	0.754214126
290	SETDB1	F608F;R609W	Silent;Missense	-0.123004264
291	SETDB1	R614Q	Missense	0.210279574
292	SETDB1	R619H	Missense	-0.273163746
293	SETDB1	R616*	Nonsense	-1.872892402
294	SETDB1	R619H	Missense	-0.430105623
295	SETDB1	R616*	Nonsense	-2.331913369
296	SETDB1	V625I	Missense	0.294427098
297	SETDB1	I626I	Silent	0.815872031
298	SETDB1	P630L	Missense	-0.13320979
299	SETDB1	R636Q	Missense	-0.457972018
300	SETDB1	Q639Q;E640K	Silent;Missense	-1.823295941
301	SETDB1	C650Y;D651N	Missense;Missense	-1.234999552
302	SETDB1	G649G	Silent	-0.159049825
303	SETDB1	F654F;L655L	Silent;Silent	-0.551916169
304	SETDB1	M657I	Missense	-0.875894672
305	SETDB1	L660L;D661N	Silent;Missense	-0.216984341
306	SETDB1	P662S	Missense	0.052182972
307	SETDB1	D667N;R668Q	Missense;Missense	0.378484509
308	SETDB1		No Mutation	-0.098118582
309	SETDB1		No Mutation	-0.492798091
310	SETDB1		No Mutation	0.481529554
311	SETDB1	L680L;D681N	Silent;Missense	0.012245707
312	SETDB1	D681D	Silent	0.164707644
313	SETDB1	E696K	Missense	-1.131729641
314	SETDB1	E696K	Missense	-0.510064293
315	SETDB1	E696K	Missense	-1.08659542
316	SETDB1	D698N	Missense	0.191307232
317	SETDB1	D698D;T699I	Silent;Missense	-0.118984058
318	SETDB1	T700I;P701S	Missense;Missense	-0.154782752
319	SETDB1	V705V;A706T	Silent;Missense	-1.051025633
320	SETDB1	V705V;A706T	Silent;Missense	0.321722696
321	SETDB1	A706T	Missense	0.124642386
322	SETDB1	P703P;Q704*	Silent;Nonsense	-2.826243999
323	SETDB1	S708N	Missense	-0.131813512
324	SETDB1	S708N	Missense	-0.314423213
325	SETDB1	S708N;K709K	Missense;Silent	-0.142628419
326	SETDB1	K709K;E710K	Silent;Missense	-0.087619708
327	SETDB1	Y707Y;S708S	Silent;Silent	0.003557698
328	SETDB1	S708S	Silent	-0.530358217
329	SETDB1	R711H	Missense	0.365958891
330	SETDB1	R711C	Missense	-0.392309929
331	SETDB1	R711C	Missense	-0.17168027
332	SETDB1		No Mutation	-0.275010039
333	SETDB1		No Mutation	-0.054748357
334	SETDB1	N720N;T721I	Silent;Missense	-0.539793729
335	SETDB1	G722G;P723F	Silent;Missense	-0.705839264
336	SETDB1	G728N	Missense	-0.689927638
337	SETDB1	G728N;C729Y	Missense;Missense	-1.563389831
338	SETDB1		No Mutation	0.17736688
339	SETDB1	G728G	Silent	0.047666983
340	SETDB1	G728G	Silent	-0.712635494
341	SETDB1	D730D;C731C	Silent;Silent	0.229761514
342	SETDB1	D730D;C731C	Silent;Silent	-0.960589562
343	SETDB1	R736W	Missense	-0.006208596
344	SETDB1	R736W	Missense	-0.364880261
345	SETDB1	D737D	Silent	-0.950738946
346	SETDB1	D737D	Silent	0.468089415
347	SETDB1	D737D	Silent	-0.079508467
348	SETDB1	D737D	Silent	-0.803879301
349	SETDB1	(NC)	Intron	1.006607403
350	SETDB1	(NC)	Intron	-0.306223746
351	SETDB1	K738K	Silent	-0.233799489
352	SETDB1		No Mutation	0.160463853
353	SETDB1		No Mutation	-0.164772155
354	SETDB1	C743C;H744Y;Q745*	Silent;Missense;Nonsense	-0.762023892
355	SETDB1		No Mutation	-0.412510351
356	SETDB1	Q749Q;A750T	Silent;Missense	-0.274682223
357	SETDB1	A750V;T751I	Missense;Missense	0.785536075
358	SETDB1		No Mutation	0.55496154
359	SETDB1	T751I;A752V	Missense;Missense	-0.505230439
360	SETDB1	G757D	Missense	-0.005812859
361	SETDB1		No Mutation	-0.017166304
362	SETDB1		No Mutation	0.136079645
363	SETDB1		No Mutation	0.554034998
364	SETDB1	Q758*	Nonsense	-0.333379605
365	SETDB1	G764S	Missense	-0.361343805
366	SETDB1	Q766Q	Silent	-0.089376055
367	SETDB1	Q766Q	Silent	-0.614655223
368	SETDB1	E771K;E772K	Missense;Missense	-1.897167985
369	SETDB1		No Mutation	-0.278455219
370	SETDB1		No Mutation	-0.170137818
371	SETDB1	L774L;P775S	Silent;Missense	0.632423784
372	SETDB1	P775P;T776I	Silent;Missense	-0.70202198
373	SETDB1	(NC)	Intron	-0.721857684
374	SETDB1		No Mutation	-0.376605207
375	SETDB1	(NC)	Intron	-0.700890263
376	SETDB1	(NC)	Intron	0.076535518
377	SETDB1	E780K	Missense	-2.061484934
378	SETDB1	E780K;C781Y	Missense;Missense	-2.988559438
379	SETDB1	C781Y	Missense	-1.46247202
380	SETDB1	C781Y	Missense	-0.574318984
381	SETDB1	P789L;N790N	Missense;Silent	-0.139390846
382	SETDB1	N790N	Silent	-0.295237686
383	SETDB1		No Mutation	-0.469782531
384	SETDB1	R795Q	Missense	-0.067019411
385	SETDB1	N794N;R795W	Silent;Missense	-0.381254522
386	SETDB1	G800K	Missense	-1.123944164
387	SETDB1	H799Y	Missense	-0.162748789
388	SETDB1	F808F	Silent	0.603686104
389	SETDB1	F808F	Silent	0.117228308
390	SETDB1	T810I	Missense	-0.240563761
391	SETDB1	T810I;Q811*	Missense;Nonsense	-1.833772324
392	SETDB1	T810I;Q811*	Missense;Nonsense	-2.647223054
393	SETDB1	G814G	Silent	-0.356783855
394	SETDB1	A824T	Missense	-0.54135025
395	SETDB1		No Mutation	0.101045117
396	SETDB1	C830Y	Missense	0.005283802
397	SETDB1		No Mutation	2.736537513
398	SETDB1		No Mutation	0.033138134
399	SETDB1		No Mutation	0.081373273
400	SETDB1		No Mutation	-0.202874273
401	SETDB1		No Mutation	-0.329876706
402	SETDB1		No Mutation	-0.212063086
403	SETDB1	A842T;D843N	Missense;Missense	-1.845003094
404	SETDB1	D840D	Silent	-0.027192321
405	SETDB1	D840D	Silent	-0.145950551
406	SETDB1	A842V	Missense	-0.464305429
407	SETDB1	D843D	Silent	-0.205460379
408	SETDB1		No Mutation	-0.812383205
409	SETDB1		No Mutation	-0.040712687
410	SETDB1	D858D;H859Y	Silent;Missense	-0.539787064
411	SETDB1	V863V;E864K	Silent;Missense	-2.60634568
412	SETDB1		No Mutation	-0.149534148
413	SETDB1	S877F	Missense	-1.141304557
414	SETDB1	S880N	Missense	0.132329347
415	SETDB1	S880N	Missense	-0.187426461
416	SETDB1	S880N;S881N	Missense;Missense	-0.425848052
417	SETDB1	S880N;S881N	Missense;Missense	0.100590852
418	SETDB1	G882D;V883I	Missense;Missense	0.055160761
419	SETDB1	S880S	Silent	-1.012274875
420	SETDB1		No Mutation	-0.869577958
421	SETDB1		No Mutation	-0.122961835
422	SETDB1	Q888*	Nonsense	-2.954554052
423	SETDB1	S893N;G894S	Missense;Missense	-0.353365277
424	SETDB1	G891G	Silent	0.10062254
425	SETDB1	D903N;D904N	Missense;Missense	0.592957513
426	SETDB1	D903N;D904N	Missense;Missense	0.116925213
427	SETDB1	D907N	Missense	0.348200107
428	SETDB1		No Mutation	-0.144299334
429	SETDB1	N909N	Silent	-0.507653801
430	SETDB1	F916F;S917S	Silent;Silent	-0.13310579
431	SETDB1	S917S;T918I	Silent;Missense	0.209283312
432	SETDB1	R923Q;S924N	Missense;Missense	-0.578065177
433	SETDB1	R923W	Missense	-0.75436863
434	SETDB1	S924S	Silent	-0.536452001
435	SETDB1	A926V;T927I	Missense;Missense	-0.172989393
436	SETDB1	T927I;R928W	Missense;Missense	-0.845092803
437	SETDB1	T927I;R928W	Missense;Missense	-1.230368547
438	SETDB1	R932Q;G933N	Missense;Missense	-0.607752729
439	SETDB1	R932R;G933N	Silent;Missense	0.070603058
440	SETDB1	R932W	Missense	-0.228229445
441	SETDB1	E936E	Silent	-0.530914613
442	SETDB1	E936E;G938R	Silent;Missense	0.679083312
443	SETDB1		No Mutation	0.202860712
444	SETDB1	L939L;S940F	Silent;Missense	-0.127956962
445	SETDB1		No Mutation	0.061034627
446	SETDB1	S947F;H948Y	Missense;Missense	-0.315577699
447	SETDB1	G953K	Missense	0.124425869
448	SETDB1	G953K	Missense	0.190905255
449	SETDB1		No Mutation	-0.291245715
450	SETDB1		No Mutation	-0.179020343
451	SETDB1		No Mutation	0.437115002
452	SETDB1		No Mutation	0.459499653
453	SETDB1		No Mutation	0.220366287
454	SETDB1	V959I	Missense	0.236826253
455	SETDB1		No Mutation	-0.036057748
456	SETDB1		No Mutation	0.057527353
457	SETDB1		No Mutation	0.268320398
458	SETDB1	P960F;P961F	Missense;Missense	0.200274936
459	SETDB1		No Mutation	0.041400233
460	SETDB1	P961F;S962L	Missense;Missense	-0.480730582
461	SETDB1	V965I;G966N	Missense;Missense	-0.025485728
462	SETDB1	G966N;G967N	Missense;Missense	-0.339258975
463	SETDB1	G966D;G967N	Missense;Missense	0.119162902
464	SETDB1		No Mutation	0.378674777
465	SETDB1		No Mutation	-0.268507204
466	SETDB1	E975K	Missense	-0.339464464
467	SETDB1		No Mutation	-0.326661931
468	SETDB1	K978K	Silent	0.756388413
469	SETDB1		No Mutation	-0.278156624
470	SETDB1	K978K	Silent	-0.104535534
471	SETDB1	T976I;P977S	Missense;Missense	0.132319068
472	SETDB1	N979N	Silent	-0.463151271
473	SETDB1	A982T	Missense	0.029245994
474	SETDB1		No Mutation	0.067139725
475	SETDB1	C987Y	Missense	-0.042302175
476	SETDB1	C987C	Silent	-0.293657125
477	SETDB1		No Mutation	-0.707868921
478	SETDB1	K1005K	Silent	0.557070963
479	SETDB1	S1003F	Missense	0.678813856
480	SETDB1	F1004F	Silent	-0.628044101
481	SETDB1	F1004F	Silent	-0.435781028
482	SETDB1	F1004F	Silent	-0.172446226
483	SETDB1	G1009N	Missense	-0.246180802
484	SETDB1	T1006I	Missense	-0.023774309
485	SETDB1	T1006I	Missense	0.044429727
486	SETDB1		No Mutation	0.281496445
487	SETDB1		No Mutation	0.667613371
488	SETDB1		No Mutation	-0.388236055
489	SETDB1		No Mutation	0.145166084
490	SETDB1		No Mutation	-0.305255559
491	SETDB1		No Mutation	0.113239374
492	SETDB1	A1014V	Missense	-0.844777946
493	SETDB1		No Mutation	0.564678432
494	SETDB1	R1018Q	Missense	0.07182845
495	SETDB1	S1017S;R1018*	Silent;Nonsense	-0.983729987
496	SETDB1	E1022E;K1023K;A1024T	Silent;Silent;Missense	-0.254400937
497	SETDB1		No Mutation	-0.244020864
498	SETDB1	A1024V;S1025F	Missense;Missense	0.42339304
499	SETDB1	G1030N	Missense	-0.035780582
500	SETDB1	T1026T;S1027L	Silent;Missense	-0.506884047
501	SETDB1	G1030D	Missense	0.027335802
502	SETDB1	K1032K	Silent	0.157991378
503	SETDB1	L1029L	Silent	-0.627096789
504	SETDB1	L1029L	Silent	-0.550718821
505	SETDB1		No Mutation	-0.468469239
506	SETDB1	I1037I;Q1039*	Silent;Nonsense	-0.295327654
507	SETDB1		No Mutation	-1.612109452
508	SETDB1	(NC);(NC)	Intron;Intron	-0.175521515
509	SETDB1		No Mutation	-1.005103009
510	SETDB1		No Mutation	-2.916564799
511	SETDB1	R1048Q	Missense	-0.413376242
512	SETDB1	V1053I;(NC)	Missense;Splice-donor	-2.378344125
513	SETDB1	(NC);V1054I	Splice-acceptor;Missense	-2.317695736
514	SETDB1		No Mutation	-0.430912439
515	SETDB1	E1056K	Missense	-0.226625729
516	SETDB1	E1056K	Missense	-0.498731844
517	SETDB1	E1056K;S1057N	Missense;Missense	0.133155896
518	SETDB1	S1057N	Missense	-0.494820534
519	SETDB1		No Mutation	-0.035150902
520	SETDB1	S1066F;P1067F	Missense;Missense	-0.992577316
521	SETDB1	E1071K	Missense	0.127750353
522	SETDB1	G1072K	Missense	-0.243111656
523	SETDB1	R1075H	Missense	-0.698164808
524	SETDB1	K1079K	Silent	-0.075530592
525	SETDB1	S1081N	Missense	0.717937617
526	SETDB1	S1081N	Missense	0.129540993
527	SETDB1	M1082I	Missense	0.385866735
528	SETDB1	Q1084*	Nonsense	-1.112034619
529	SETDB1	A1092T	Missense	0.289084114
530	SETDB1	(NC)	Intron	-1.935845612
531	SETDB1		No Mutation	-0.492307798
532	SETDB1		No Mutation	-0.137000366
533	SETDB1	(NC);(NC);(NC)	Intron;Intron;Intron	0.306877668
534	SETDB1	(NC);D1098N	Splice-acceptor;Missense	-2.289072929
535	SETDB1	(NC);D1098N;V1099I	Splice-acceptor;Missense;Missense	-3.620424758
536	SETDB1	V1099I	Missense	0.003866218
537	SETDB1		No Mutation	-0.03948125
538	SETDB1	L1102L	Silent	-0.140236383
539	SETDB1	L1102L	Silent	0.313665851
540	SETDB1	S1105N	Missense	0.209941065
541	SETDB1	S1103S;S1104S	Silent;Silent	-0.50933458
542	SETDB1	S1104S	Silent	-1.099722684
543	SETDB1	S1104S;S1105S	Silent;Silent	-0.750848229
544	SETDB1	S1104S;S1105S	Silent;Silent	-0.982065289
545	SETDB1	S1108N;E1109K	Missense;Missense	-0.197842772
546	SETDB1		No Mutation	-0.194757584
547	SETDB1		No Mutation	-0.414978191
548	SETDB1	S1115S;R1116*	Silent;Nonsense	-1.292641367
549	SETDB1	A1120T	Missense	0.235382186
550	SETDB1	G1121N	Missense	0.171971185
551	SETDB1	P1118P;T1119I	Silent;Missense	-0.373685299
552	SETDB1		No Mutation	0.053107939
553	SETDB1	S1124S	Silent	-0.154425572
554	SETDB1	Q1122*	Nonsense	-2.646032232
555	SETDB1	I1133I;Q1134*	Silent;Nonsense	-1.345452826
556	SETDB1	G1139N	Missense	0.299069374
557	SETDB1	S1137F	Missense	-1.001930908
558	SETDB1	S1137F	Missense	-0.524614176
559	SETDB1	S1137F	Missense	-1.290972415
560	SETDB1	E1141K	Missense	0.096972336
561	SETDB1	G1142E;D1143N	Missense;Missense	-0.539274591
562	SETDB1		No Mutation	-0.434371028
563	SETDB1	D1147D	Silent	-0.93511554
564	SETDB1	N1150N	Silent	0.296116272
565	SETDB1	(NC)	Intron	0.611835302
566	SETDB1	(NC);(NC)	Intron;Intron	-0.004757224
567	SETDB1	(NC)	Intron	-0.517716591
568	SETDB1	(NC)	Intron	-0.36074059
569	SETDB1	(NC)	Splice-acceptor	-2.178518518
570	SETDB1		No Mutation	-0.102768788
571	SETDB1	M1155I	Missense	-0.201205832
572	SETDB1	M1155I;K1156K	Missense;Silent	-0.176743348
573	SETDB1	P1154L	Missense	-0.328618405
574	SETDB1	R1157H	Missense	0.77676582
575	SETDB1	V1159I;A1160T	Missense;Missense	0.92510499
576	SETDB1	A1160V	Missense	-0.536977769
577	SETDB1		No Mutation	0.684617781
578	SETDB1		No Mutation	-0.086659135
579	SETDB1	A1168V;L1169F	Missense;Missense	0.198069248
580	SETDB1	A1168V;L1169F	Missense;Missense	-0.390499637
581	SETDB1		No Mutation	0.247232082
582	SETDB1		No Mutation	-0.667448934
583	SETDB1		No Mutation	-0.20639486
584	SETDB1	T1180I	Missense	-0.322358586
585	SETDB1	N1181N	Silent	-0.164566963
586	SETDB1	A1183V	Missense	0.373648146
587	SETDB1	A1183V	Missense	-0.102699259
588	SETDB1	V1185V;D1186N	Silent;Missense	-0.176940568
589	SETDB1	A1183V	Missense	-0.472547404
590	SETDB1	G1188E;E1189K	Missense;Missense	-0.546385925
591	SETDB1	R1198H	Missense	0.173902554
592	SETDB1	T1197I;R1198C	Missense;Missense	-0.957931552
593	SETDB1	R1198R;Q1199*	Silent;Nonsense	-0.157971746
594	SETDB1	E1204K;E1205K	Missense;Missense	-2.497875612
595	SETDB1		No Mutation	0.444402482
596	SETDB1	A1212A;L1214F	Silent;Missense	0.296912941
597	SETDB1	L1214F	Missense	0.000512093
598	SETDB1	L1218L	Silent	-0.188989725
599	SETDB1	(NC)	Splice-donor	-0.205684702
600	SETDB1	(NC);(NC)	Intron;Intron	-0.364516594
601	SETDB1		No Mutation	-0.715211412
602	SETDB1	(NC)	Splice-acceptor	-0.878763065
603	SETDB1	S1225N	Missense	-0.240743261
604	SETDB1	S1227N	Missense	-0.341351094
605	SETDB1	Q1233Q	Silent	-1.068425953
606	SETDB1	Q1233Q	Silent	-0.711898513
607	SETDB1	Q1233Q	Silent	-0.00956912
608	SETDB1	V1232V;Q1233*	Silent;Nonsense	-0.715815857
609	SETDB1	V1235I	Missense	-0.534012392
610	SETDB1	V1237V;D1238N	Silent;Missense	-0.185757387
611	SETDB1		No Mutation	-0.790776418
612	SETDB1	L1242F	Missense	-1.432009722
613	SETDB1		No Mutation	0.379042863
614	SETDB1	L1242F;R1243C	Missense;Missense	-2.351672674
615	SETDB1		No Mutation	-0.364028015
616	SETDB1	A1251T	Missense	-0.335001242
617	SETDB1	A1251T	Missense	0.018137895
618	SETDB1	A1251T	Missense	0.322646176
619	SETDB1	F1249F	Silent	-0.344009837
620	SETDB1	(NC)	Splice-donor	-0.936569976
621	SETDB1	A1251V;S1252S	Missense;Silent	0.186799457
622	SETDB1		No Mutation	-0.18838662
623	SETDB1		No Mutation	-0.53457538
624	SETDB1	(NC);(NC)	Intron;Intron	0.723810719
625	SETDB1		No Mutation	-0.228854503
626	SETDB1		No Mutation	-2.25243887
627	SETDB1	(NC)	Splice-acceptor	-3.049006172
628	SETDB1	(NC);(NC);(NC)	Intron;Intron;Intron	0.174596111
629	SETDB1	(NC);(NC);(NC)	Intron;Intron;Intron	0.047210617
630	SETDB1	(NC)	Intron	-0.314148982
631	SETDB1	(NC)	Intron	0.08734784
632	SETDB1	R1256Q;A1257T	Missense;Missense	-0.445599577
633	SETDB1	A1257V	Missense	-0.717009395
634	SETDB1		No Mutation	-0.800453201
635	SETDB1		No Mutation	0.532101006
636	SETDB1		No Mutation	-0.481684974
637	SETDB1	D1264D	Silent	-0.509064149
638	SETDB1	D1264D	Silent	-0.378086694
639	SETDB1	N1266N;Y1267Y	Silent;Silent	-1.117460314
640	SETDB1		No Mutation	-0.455671615
641	SETDB1	G1270G	Silent	-0.556079008
642	SETDB1	L1277L	Silent	-0.160949475
643	SETDB1	L1277L	Silent	-0.051714793
644	SETDB1	L1277L;L1278F	Silent;Missense	0.317256988
645	SETDB1	A1283V	Missense	-0.249505684
646	SETDB1	G1288E;R1289H	Missense;Missense	-0.498108316
647	SETDB1		No Mutation	-0.545469631
648	TRIM28	(NC);(NC);(NC)	UTR;UTR;UTR	-0.654433817
649	TRIM28	(NC);(NC);(NC)	UTR;UTR;UTR	0.245194076
650	TRIM28	(NC);(NC);(NC);(NC)	UTR;UTR;UTR;UTR	-0.343993316
651	TRIM28	(NC);(NC)	UTR;UTR	0.133245766
652	TRIM28	(NC);M1I	UTR;Missense	-0.011288404
653	TRIM28	M1I;A2T	Missense;Missense	-0.791730219
654	TRIM28	M1I;A2T	Missense;Missense	0.052290104
655	TRIM28	M1I;A2T	Missense;Missense	-0.358281362
656	TRIM28		No Mutation	-0.34479139
657	TRIM28		No Mutation	-0.423569491
658	TRIM28	A3A;S4F	Silent;Missense	0.208257678
659	TRIM28	S9S	Silent	0.05654808
660	TRIM28	S9S;A10T	Silent;Missense	0.136611816
661	TRIM28	A7V	Missense	-0.290296936
662	TRIM28	A8A;S9L	Silent;Missense	-0.189381801
663	TRIM28	S14S	Silent	-0.568358689
664	TRIM28	A12V;A13V	Missense;Missense	0.619645487
665	TRIM28	A15V	Missense	0.808726056
666	TRIM28	A15V;A16V	Missense;Missense	0.652543482
667	TRIM28	G18D;S19N	Missense;Missense	-0.162712241
668	TRIM28	A16A;S17F	Silent;Missense	0.067893428
669	TRIM28	S17F	Missense	0.134222949
670	TRIM28	P20P;G21N	Silent;Missense	-0.50910218
671	TRIM28	G21D;P22P	Missense;Silent	-0.217933488
672	TRIM28	G18G;S19S;P20S	Silent;Silent;Missense	0.327578612
673	TRIM28	S19S;P20L	Silent;Missense	0.063132559
674	TRIM28	E24E;G25N	Silent;Missense	0.384050244
675	TRIM28	P22L	Missense	0.880475796
676	TRIM28	G25N	Missense	0.729471585
677	TRIM28	G23G	Silent	-0.153528722
678	TRIM28	A27T;G28S	Missense;Missense	-0.092449502
679	TRIM28	A27T;G28N	Missense;Missense	0.376453585
680	TRIM28	R32C	Missense	0.097661995
681	TRIM28	A39T	Missense	-0.045466486
682	TRIM28	A35A;P36F	Silent;Missense	-0.080207269
683	TRIM28	A40T	Missense	-0.258893928
684	TRIM28	S41S	Silent	-0.056349278
685	TRIM28	S41S;A42T	Silent;Missense	0.098835284
686	TRIM28	S41S;A42T	Silent;Missense	0.089948582
687	TRIM28	A44T	Missense	-0.236111921
688	TRIM28	A42V	Missense	-0.187175006
689	TRIM28	A46T	Missense	-0.648968541
690	TRIM28	A47A;A48T	Silent;Missense	-0.0988238
691	TRIM28	S49S;S50S	Silent;Silent	-0.265370748
692	TRIM28	A46A;A47V	Silent;Missense	-0.126318701
693	TRIM28	A47V;A48V	Missense;Missense	0.598109642
694	TRIM28	A47V;A48V	Missense;Missense	-0.355248677
695	TRIM28	A48V	Missense	-0.227411079
696	TRIM28	A48V;S49L	Missense;Missense	-0.61124222
697	TRIM28	A52T	Missense	-0.141265128
698	TRIM28	S49L;S50L	Missense;Missense	-0.066301595
699	TRIM28	P51P;A52V	Silent;Missense	-0.432972938
700	TRIM28	A56T;E57K	Missense;Missense	-0.1531766
701	TRIM28	E57K	Missense	-0.420657163
702	TRIM28	G54G	Silent	-0.485023156
703	TRIM28	A56A	Silent	0.161761695
704	TRIM28	L61L;L62L	Silent;Silent	-0.398596052
705	TRIM28	L61L	Silent	0.029750709
706	TRIM28	R71C	Missense	-0.310442627
707	TRIM28	R71C;L72L	Missense;Silent	0.211693572
708	TRIM28	R76R;E77K	Silent;Missense	0.747333027
709	TRIM28	R79H	Missense	-0.012996016
710	TRIM28	R79H;L80L	Missense;Silent	-0.464583651
711	TRIM28	C83Y	Missense	-0.304683615
712	TRIM28	C83Y;L84L	Missense;Silent	0.461119619
713	TRIM28	L81L;P82S	Silent;Missense	-0.159657174
714	TRIM28	L84L	Silent	0.030882681
715	TRIM28	L84L	Silent	0.117579371
716	TRIM28	A87T;C88Y	Missense;Missense	-0.744444653
717	TRIM28	C88Y	Missense	-1.163680602
718	TRIM28	A87V	Missense	0.292670701
719	TRIM28	A87V	Missense	0.053548216
720	TRIM28	G93K	Missense	-0.792968645
721	TRIM28	A90V	Missense	-0.390843173
722	TRIM28	A95A;A96T	Silent;Missense	0.191883689
723	TRIM28	A99T;A100T	Missense;Missense	0.262404618
724	TRIM28	A100T	Missense	0.110203616
725	TRIM28	P97P;A98V	Silent;Missense	-0.321996908
726	TRIM28	A98V;A99V	Missense;Missense	-0.301062414
727	TRIM28	A98V;A99V	Missense;Missense	0.001072487
728	TRIM28	S102N	Missense	0.092871598
729	TRIM28	A98A;A99V	Silent;Missense	-0.645643932
730	TRIM28	S102N	Missense	0.537810318
731	TRIM28	S102N	Missense	-0.19801729
732	TRIM28	S102N;S103S	Missense;Silent	-0.073526953
733	TRIM28	A100V	Missense	0.053098737
734	TRIM28	S103S;G104K	Silent;Missense	-0.360858696
735	TRIM28	N101N	Silent	0.457675992
736	TRIM28	N101N;S102S	Silent;Silent	0.151546486
737	TRIM28	G104E;D105N	Missense;Missense	-0.230401649
738	TRIM28	N101N;S102S	Silent;Silent	0.099573673
739	TRIM28	G106N	Missense	0.094289454
740	TRIM28	S102S;S103L	Silent;Missense	0.069184217
741	TRIM28		No Mutation	0.128741304
742	TRIM28		No Mutation	0.065465297
743	TRIM28	G106G	Silent	-0.102827811
744	TRIM28	A108V;A109V	Missense;Missense	0.23056571
745	TRIM28		No Mutation	-0.134430946
746	TRIM28	(NC)	Intron	0.769525947
747	TRIM28	(NC);(NC);(NC)	Intron;Intron;Intron	-0.179380347
748	TRIM28	(NC)	Intron	-0.190836411
749	TRIM28	(NC)	Intron	-0.050383794
750	TRIM28	(NC);(NC);(NC)	Intron;Intron;Intron	-0.343935231
751	TRIM28	V114V;V115I	Silent;Missense	-0.410848773
752	TRIM28	V114V;V115I;D116N	Silent;Missense;Missense	0.053966923
753	TRIM28	Q123Q;C124Y	Silent;Missense	0.589788587
754	TRIM28	Q123Q;C124Y	Silent;Missense	0.334442343
755	TRIM28	C124C;F125F	Silent;Silent	0.759707308
756	TRIM28	E131E	Silent	0.043816183
757	TRIM28		No Mutation	-0.279713617
758	TRIM28	R136C	Missense	-0.076194932
759	TRIM28	A142V	Missense	-0.321447351
760	TRIM28	A149T	Missense	0.307434979
761	TRIM28	D145D;A146V;Q147*	Silent;Missense;Nonsense	-0.240508322
762	TRIM28	A149A	Silent	-0.028272192
763	TRIM28	Q151Q;(NC);(NC)	Silent;Splice-donor;Intron	-0.2455428
764	TRIM28	Q151Q;(NC);(NC)	Silent;Splice-donor;Intron	0.051819688
765	TRIM28	(NC)	Intron	0.048596717
766	TRIM28	(NC);(NC)	Intron;Splice-acceptor	-0.643918784
767	TRIM28	(NC);C152Y	Splice-acceptor;Missense	-0.351744151
768	TRIM28	C152Y;C153Y	Missense;Missense	-0.00187365
769	TRIM28	C152C	Silent	-0.216301865
770	TRIM28	A162V	Missense	-0.39761572
771	TRIM28	C166Y	Missense	-0.365642256
772	TRIM28	C166Y;V167M	Missense;Missense	0.31319428
773	TRIM28	C166Y;V167M	Missense;Missense	-0.258102627
774	TRIM28	V167V;E168K	Silent;Missense	0.2119027
775	TRIM28	S164S;Y165Y	Silent;Silent	0.499921871
776	TRIM28	E168E;C169Y	Silent;Missense	0.522369817
777	TRIM28		No Mutation	0.094376435
778	TRIM28	C177Y;V178I	Missense;Missense	0.246913876
779	TRIM28		No Mutation	-0.469032038
780	TRIM28		No Mutation	0.217202458
781	TRIM28	Q182Q	Silent	-0.807644422
782	TRIM28	R183W	Missense	0.646072978
783	TRIM28		No Mutation	-0.164566963
784	TRIM28	V192V;R193H	Silent;Missense	-0.097106563
785	TRIM28	H190Y;T191I	Missense;Missense	0.140349195
786	TRIM28	G196R	Missense	0.342431752
787	TRIM28	R193C;S194F	Missense;Missense	0.68983467
788	TRIM28	T195I	Missense	0.012345102
789	TRIM28	T195I	Missense	-0.202095361
790	TRIM28		No Mutation	-0.159542088
791	TRIM28	(NC)	Intron	-0.16568586
792	TRIM28	(NC)	Intron	-0.551252553
793	TRIM28		No Mutation	0.261291627
794	TRIM28		No Mutation	0.468554714
795	TRIM28		No Mutation	0.448048024
796	TRIM28		No Mutation	-0.505182896
797	TRIM28	A198T	Missense	-0.394265679
798	TRIM28	A198T	Missense	-0.476597339
799	TRIM28	(NC)	Intron	0.436318128
800	TRIM28	P197S	Missense	0.075991901
801	TRIM28	K199K	Silent	0.290766814
802	TRIM28	K199K	Silent	0.377887825
803	TRIM28	P197L;A198V	Missense;Missense	-0.236776011
804	TRIM28	R201Q	Missense	0.093984176
805	TRIM28	D202N;G203N	Missense;Missense	-0.211930069
806	TRIM28	G203D;E204K	Missense;Missense	0.600494387
807	TRIM28	C221Y;E222K	Missense;Missense	-0.084428032
808	TRIM28	C221Y;E222K	Missense;Missense	-0.042027735
809	TRIM28	E222K	Missense	0.470066189
810	TRIM28	Q233Q	Silent	0.20501773
811	TRIM28	A236T	Missense	0.255665264
812	TRIM28	C232C;Q233*;L234F	Silent;Nonsense;Missense	0.141368849
813	TRIM28	K238K;D239N	Silent;Missense	0.248158758
814	TRIM28	(NC);(NC)	Splice-donor;Intron	-0.299824957
815	TRIM28	(NC);(NC);(NC)	Splice-donor;Intron;Intron	-0.236589688
816	TRIM28	D239D;H240Y	Silent;Missense	-0.380615589
817	TRIM28	(NC);(NC)	Intron;Intron	-0.028471918
818	TRIM28		No Mutation	0.33600214
819	TRIM28	(NC)	Intron	-0.025208003
820	TRIM28	(NC);(NC);(NC)	Intron;Intron;Intron	0.057143539
821	TRIM28	(NC);(NC);(NC)	Intron;Intron;Intron	0.042116603
822	TRIM28	(NC);(NC)	Intron;Intron	-0.273085124
823	TRIM28	F244F	Silent	0.313306638
824	TRIM28	A248T;V249M	Missense;Missense	0.401130157
825	TRIM28	N251N;Q252*	Silent;Nonsense	-0.44137876
826	TRIM28	R253R;L255F	Silent;Missense	0.019154373
827	TRIM28	L256L;A257T	Silent;Missense	-0.216509531
828	TRIM28	V260V;K261K	Silent;Silent	-0.142122463
829	TRIM28	S258L;L259L	Missense;Silent	0.850856163
830	TRIM28	S258L;L259L	Missense;Silent	0.013658646
831	TRIM28	L259L	Silent	-0.114406931
832	TRIM28	R262H	Missense	-0.092367732
833	TRIM28	A268T	Missense	-0.406086394
834	TRIM28	Q271*	Nonsense	-0.665043017
835	TRIM28	Q271*	Nonsense	-0.245006223
836	TRIM28	S279N;(NC)	Missense;Splice-donor	0.261867841
837	TRIM28	R278C	Missense	-0.365095767
838	TRIM28	R278C	Missense	0.024708009
839	TRIM28	S279S;S280L	Silent;Missense	0.30809691
840	TRIM28	S280L	Missense	-0.463856305
841	TRIM28	S280L	Missense	0.277495915
842	TRIM28		No Mutation	0.052683639
843	TRIM28		No Mutation	-0.425871888
844	TRIM28		No Mutation	-0.487276965
845	TRIM28	(NC)	Splice-acceptor	-0.176970947
846	TRIM28	(NC);(NC);(NC)	Intron;Intron;Intron	-0.113151521
847	TRIM28	Q283Q;V284I	Silent;Missense	-0.189617621
848	TRIM28	Q283Q;V284I	Silent;Missense	-0.172763217
849	TRIM28	V284I	Missense	0.12216744
850	TRIM28	V287I	Missense	-0.372675975
851	TRIM28	Q288Q	Silent	0.389306137
852	TRIM28	Q288*	Nonsense	-0.087058714
853	TRIM28	Q292*	Nonsense	-0.29275415
854	TRIM28	A298A;I299I;L300L	Silent;Silent;Silent	-0.258582871
855	TRIM28	M303I;K304K	Missense;Silent	-0.779178516
856	TRIM28	K304K;E305K	Silent;Missense	0.49239012
857	TRIM28		No Mutation	0.021263078
858	TRIM28		No Mutation	0.481157161
859	TRIM28		No Mutation	-0.01070884
860	TRIM28	R309W	Missense	0.290207094
861	TRIM28	L313L	Silent	0.321455514
862	TRIM28	D316N;A317T	Missense;Missense	0.041039059
863	TRIM28	A317A;Q318*	Silent;Nonsense	-0.42538315
864	TRIM28	(NC);(NC)	Intron;Intron	0.155754812
865	TRIM28	(NC);(NC);(NC)	Intron;Intron;Intron	-0.438782422
866	TRIM28	(NC);(NC)	Intron;Intron	0.566594608
867	TRIM28	(NC);(NC)	Intron;Intron	0.396945812
868	TRIM28	(NC)	Intron	-0.840930647
869	TRIM28	(NC);(NC);(NC)	Intron;Intron;Intron	-0.111611457
870	TRIM28	K319K;V320I	Silent;Missense	-0.037171052
871	TRIM28	(NC);(NC)	Intron;Intron	0.365849379
872	TRIM28	(NC);(NC)	Intron;Intron	-0.395053833
873	TRIM28	(NC)	Intron	0.244368306
874	TRIM28		No Mutation	0.26513277
875	TRIM28	Q324*	Nonsense	0.491762753
876	TRIM28	Q325*	Nonsense	-0.34036137
877	TRIM28	R327R;L328L	Silent;Silent	-0.019719704
878	TRIM28	W333*	Nonsense	-0.744567371
879	TRIM28	Q339Q;K340K	Silent;Silent	-0.002502052
880	TRIM28	T336T	Silent	-0.010136068
881	TRIM28	Q342Q	Silent	-0.494886644
882	TRIM28	E343E	Silent	-0.201210849
883	TRIM28	L346L;R347H	Silent;Missense	0.308567488
884	TRIM28	L346L	Silent	0.097219474
885	TRIM28	L346L;R347C	Silent;Missense	-0.044362269
886	TRIM28	R347R	Silent	-0.021179462
887	TRIM28	E354E;S355N	Silent;Missense	-0.173762796
888	TRIM28	K365K;K366K	Silent;Silent	0.395882982
889	TRIM28	K365K;K366K	Silent;Silent	-0.031050507
890	TRIM28		No Mutation	0.004280287
891	TRIM28		No Mutation	0.258320755
892	TRIM28		No Mutation	-0.20925459
893	TRIM28		No Mutation	0.117475953
894	TRIM28	(NC)	Intron	0.123706377
895	TRIM28		No Mutation	-0.371862275
896	TRIM28	(NC)	Splice-acceptor	-0.987647827
897	TRIM28	(NC)	Splice-acceptor	-0.574152338
898	TRIM28		No Mutation	0.713203795
899	TRIM28	Q371Q	Silent	0.305210927
900	TRIM28	I368I;Y369Y	Silent;Silent	0.043543557
901	TRIM28	I368I;Y369Y	Silent;Silent	-0.101946182
902	TRIM28	Q371Q;L372L	Silent;Silent	0.426822388
903	TRIM28		No Mutation	0.244928749
904	TRIM28	A375V;L376F	Missense;Missense	0.111379373
905	TRIM28	M378I;V380M	Missense;Missense	0.256941176
906	TRIM28	V380V;D381N	Silent;Missense	0.165993989
907	TRIM28		No Mutation	0.027408908
908	TRIM28	V380V;D381N	Silent;Missense	-0.057534267
909	TRIM28	P382F	Missense	-0.084472675
910	TRIM28	G387N;E388K	Missense;Missense	0.02178975
911	TRIM28	G387D;E388K	Missense;Missense	-0.214228115
912	TRIM28	K390K	Silent	0.106783336
913	TRIM28	G387G	Silent	0.014446376
914	TRIM28	G387G	Silent	-0.034828904
915	TRIM28		No Mutation	-0.192027798
916	TRIM28	K400K	Silent	-0.239193037
917	TRIM28	A397A	Silent	-0.222219898
918	TRIM28	E403K	Missense	-0.117554465
919	TRIM28		No Mutation	0.011055949
920	TRIM28	A402V	Missense	-0.006917314
921	TRIM28	A402V	Missense	0.076913279
922	TRIM28		No Mutation	-0.142325049
923	TRIM28	(NC);(NC)	Intron;Intron	-0.593228626
924	TRIM28	(NC)	Intron	0.438038025
925	TRIM28		No Mutation	-0.063318543
926	TRIM28	P413F	Missense	-0.541279786
927	TRIM28	G419N	Missense	0.350132027
928	TRIM28	T418I	Missense	-0.254962531
929	TRIM28		No Mutation	-0.179059997
930	TRIM28		No Mutation	0.111884347
931	TRIM28	A424V;P425F	Missense;Missense	-0.101667245
932	TRIM28	R427K;A428T	Missense;Missense	1.01866705
933	TRIM28	A424V;P425F	Missense;Missense	0.065070139
934	TRIM28	R427K;A428T	Missense;Missense	0.190373096
935	TRIM28	G430K	Missense	-0.324847703
936	TRIM28	G430K	Missense	0.264739233
937	TRIM28	G430K	Missense	-0.054704346
938	TRIM28		No Mutation	-0.492795034
939	TRIM28	P431S	Missense	0.02714796
940	TRIM28	P431F	Missense	-0.357342373
941	TRIM28	S433N;K434K	Missense;Silent	0.073485951
942	TRIM28	K434K	Silent	0.098106411
943	TRIM28	K434K	Silent	0.013367021
944	TRIM28	L432L	Silent	-0.574832771
945	TRIM28	G436N	Missense	-0.028727303
946	TRIM28	G436D	Missense	-0.072751545
947	TRIM28	G438S	Missense	0.642561175
948	TRIM28	G436G	Silent	0.180126149
949	TRIM28	G438G;S439S	Silent;Silent	0.216390287
950	TRIM28	S440S;Q441*	Silent;Nonsense	-0.294647569
951	TRIM28	(NC);(NC);(NC)	Intron;Intron;Intron	-0.432180386
952	TRIM28	(NC)	Intron	-0.229137624
953	TRIM28	(NC)	Intron	0.082595668
954	TRIM28		No Mutation	0.216431909
955	TRIM28	(NC);P442S	Intron;Missense	-0.000352579
956	TRIM28	P442F	Missense	0.019300045
957	TRIM28		No Mutation	-0.125892837
958	TRIM28	E447K;G448N	Missense;Missense	0.124917673
959	TRIM28	G448N	Missense	0.682515636
960	TRIM28	Q446*	Nonsense	0.837343289
961	TRIM28		No Mutation	-0.178091492
962	TRIM28	G448G	Silent	0.251524836
963	TRIM28	G450G	Silent	0.298650115
964	TRIM28	G450G	Silent	-0.022241857
965	TRIM28		No Mutation	0.366478885
966	TRIM28		No Mutation	0.156956096
967	TRIM28		No Mutation	-0.432426568
968	TRIM28	(NC)	Intron	0.261517666
969	TRIM28		No Mutation	0.156243318
970	TRIM28	D456N	Missense	0.688324652
971	TRIM28	E462K	Missense	0.002732273
972	TRIM28	E462E	Silent	0.115141747
973	TRIM28	A461V	Missense	0.399808023
974	TRIM28		No Mutation	-0.13437925
975	TRIM28	V468I	Missense	-0.272899363
976	TRIM28	V468V	Silent	-0.061765609
977	TRIM28	V468V	Silent	-0.254782884
978	TRIM28		No Mutation	-0.06962771
979	TRIM28		No Mutation	0.330470955
980	TRIM28		No Mutation	-0.185813634
981	TRIM28		No Mutation	0.213459895
982	TRIM28		No Mutation	0.182894231
983	TRIM28	(NC)	Intron	-0.215679126
984	TRIM28	(NC)	Splice-acceptor	-0.462971766
985	TRIM28	(NC)	Intron	-0.178199295
986	TRIM28	(NC)	Intron	0.077685837
987	TRIM28	S471F	Missense	0.158292885
988	TRIM28	S471S;R472C	Silent;Missense	-0.199640756
989	TRIM28	G476D;E477K	Missense;Missense	0.197469746
990	TRIM28	E477K;V478M	Missense;Missense	0.261615114
991	TRIM28		No Mutation	-0.195429565
992	TRIM28	S479S	Silent	0.159154095
993	TRIM28	V485V	Silent	-0.154592886
994	TRIM28		No Mutation	1.165073987
995	TRIM28	E491K;R492H	Missense;Missense	0.938366848
996	TRIM28	S489S;L490F	Silent;Missense	-0.302939924
997	TRIM28	L495L;D496N	Silent;Missense	0.211400469
998	TRIM28	A499T	Missense	-0.266675272
999	TRIM28	D500N	Missense	0.651652115
1000	TRIM28	Q502Q	Silent	0.461348736
1001	TRIM28	S501S;Q502*;P503S	Silent;Nonsense;Missense	-0.54653862
1002	TRIM28	K507K;V508I	Silent;Missense	0.215495098
1003	TRIM28	V505V	Silent	0.373953068
1004	TRIM28	V508I	Missense	-0.02785589
1005	TRIM28		No Mutation	-0.644338403
1006	TRIM28		No Mutation	-0.00135487
1007	TRIM28	F509F;P510L	Silent;Missense	-0.140777711
1008	TRIM28	E515K;D516N	Missense;Missense	-0.3350726
1009	TRIM28	E515K;D516N	Missense;Missense	0.268522291
1010	TRIM28		No Mutation	-0.070280805
1011	TRIM28	L519F	Missense	-0.366447865
1012	TRIM28	R524H;G525S	Missense;Missense	-0.549554694
1013	TRIM28	A526V;A527V	Missense;Missense	-0.071903051
1014	TRIM28	A529V;A530V	Missense;Missense	0.065857842
1015	TRIM28	A529V;A530V	Missense;Missense	-0.681511887
1016	TRIM28	G532D;Q533Q	Missense;Silent	0.094330006
1017	TRIM28	A537T	Missense	-0.618728546
1018	TRIM28	P534L	Missense	-0.251153046
1019	TRIM28	A537A;A539T	Silent;Missense	0.038627129
1020	TRIM28	A539T;G540K	Missense;Missense	0.072752733
1021	TRIM28	A537V;P538F	Missense;Missense	-0.195347442
1022	TRIM28	G543N;A544T	Missense;Missense	0.06031511
1023	TRIM28	T541T;P542F	Silent;Missense	-0.095555124
1024	TRIM28	A544V	Missense	-0.0296615
1025	TRIM28	L547L	Silent	-0.324009523
1026	TRIM28	L547L;A548T	Silent;Missense	-0.164114235
1027	TRIM28	L547L;A548T	Silent;Missense	0.198155774
1028	TRIM28	A544A;P545L;P546S	Silent;Missense;Missense	0.358098931
1029	TRIM28	G549D;M550I	Missense;Missense	0.269245428
1030	TRIM28	M550I;A551T	Missense;Missense	0.155819149
1031	TRIM28	M550I;A551T	Missense;Missense	0.474408087
1032	TRIM28	A551T	Missense	-0.20071656
1033	TRIM28		No Mutation	0.059618143
1034	TRIM28	G549G	Silent	-0.259932478
1035	TRIM28	V553I	Missense	0.486708338
1036	TRIM28	(NC);(NC)	Intron;Intron	0.398570513
1037	TRIM28		No Mutation	-0.144837913
1038	TRIM28	(NC);(NC);(NC)	Intron;Intron;Intron	-0.167137204
1039	TRIM28	(NC);(NC)	Intron;Intron	-0.100080523
1040	TRIM28	(NC)	Intron	-0.819074809
1041	TRIM28	(NC);(NC)	Intron;Splice-acceptor	0.166178125
1042	TRIM28	(NC);(NC);(NC)	Intron;Intron;Intron	0.115244753
1043	TRIM28	(NC);(NC);E555K	Intron;Splice-acceptor;Missense	-1.0467461
1044	TRIM28	(NC);(NC)	Intron;Intron	-0.600057262
1045	TRIM28		No Mutation	-0.830466901
1046	TRIM28	A564A;P565F;P566S	Silent;Missense;Missense	-0.335114169
1047	TRIM28	P565F;P566F	Missense;Missense	-0.115957112
1048	TRIM28	E570K	Missense	-0.589574869
1049	TRIM28	E570K;G571S	Missense;Missense	0.169411176
1050	TRIM28	E570K;G571N	Missense;Missense	-0.425142506
1051	TRIM28	G571N	Missense	0.282983164
1052	TRIM28	E573E	Silent	-0.264561198
1053	TRIM28	T574I	Missense	-0.464862624
1054	TRIM28	V577I	Missense	0.033425796
1055	TRIM28	V577I	Missense	0.285342601
1056	TRIM28	M579I;A580T	Missense;Missense	-0.262684335
1057	TRIM28	L578F	Missense	0.297666168
1058	TRIM28	L578F	Missense	0.259150708
1059	TRIM28	L578F	Missense	0.263250729
1060	TRIM28	A582T	Missense	-0.518251451
1061	TRIM28	A580V;L581F	Missense;Missense	0.005032471
1062	TRIM28		No Mutation	-0.393259533
1063	TRIM28		No Mutation	0.364885334
1064	TRIM28	A587V	Missense	-0.172279954
1065	TRIM28	R591H	Missense	-0.011575661
1066	TRIM28	R591C;L592L	Missense;Silent	-0.41403811
1067	TRIM28	S596N	Missense	-0.242008362
1068	TRIM28	S596N	Missense	0.116268526
1069	TRIM28	S596N;G597S	Missense;Missense	0.121006495
1070	TRIM28	G597N	Missense	-0.016840349
1071	TRIM28	S598N	Missense	0.090741448
1072	TRIM28		No Mutation	-0.299509936
1073	TRIM28	G597G	Silent	-0.683675971
1074	TRIM28	S600N	Missense	-0.382683974
1075	TRIM28	G597G;S598S	Silent;Silent	-0.128954459
1076	TRIM28	S598S;T599I	Silent;Missense	0.277716535
1077	TRIM28	T599T;S600S	Silent;Silent	-1.30315037
1078	TRIM28	S600S;S601L	Silent;Missense	-0.282701641
1079	TRIM28	E604E;V605I	Silent;Missense	-0.284400483
1080	TRIM28		No Mutation	-0.380402231
1081	TRIM28		No Mutation	-0.694894711
1082	TRIM28		No Mutation	-0.56199389
1083	TRIM28	T611I	Missense	-0.336284612
1084	TRIM28	A613T	Missense	-0.756519539
1085	TRIM28	T611I;S612L	Missense;Missense	-0.797873928
1086	TRIM28	A613V;P614S	Missense;Missense	-0.207776561
1087	TRIM28	A613V;P614L	Missense;Missense	0.388164701
1088	TRIM28	G616D;G617N	Missense;Missense	-0.043724435
1089	TRIM28	P618P;G619K	Silent;Missense	-0.314247259
1090	TRIM28		No Mutation	-0.564491328
1091	TRIM28	P618P;G619K	Silent;Missense	0.056274241
1092	TRIM28	G619K	Missense	-0.023833453
1093	TRIM28	D623N	Missense	0.004093496
1094	TRIM28	D623N;S624N	Missense;Missense	0.322078293
1095	TRIM28		No Mutation	-0.066687539
1096	TRIM28		No Mutation	-0.153256576
1097	TRIM28	C631Y	Missense	-0.841060122
1098	TRIM28	C631Y;Q632Q	Missense;Silent	0.02754841
1099	TRIM28	R629C	Missense	-0.233331832
1100	TRIM28	K633K;G635S	Silent;Missense	-0.68281918
1101	TRIM28	C631C;Q632*	Silent;Nonsense	-0.414752377
1102	TRIM28	L637L;V638I	Silent;Missense	-0.053362078
1103	TRIM28	M639I;C640Y	Missense;Missense	-0.019256114
1104	TRIM28		No Mutation	-0.219176491
1105	TRIM28	H648H;L649L	Silent;Silent	-0.125282395
1106	TRIM28	L653L	Silent	-0.466981809
1107	TRIM28	L653L;P654P;A655T	Silent;Silent;Missense	-0.065597074
1108	TRIM28	H652Y;L653L	Missense;Silent	-0.190303649
1109	TRIM28	Q657Q;D658N;V659I	Silent;Missense;Missense	0.211704837
1110	TRIM28	A655V;L656L	Missense;Silent	-0.631563782
1111	TRIM28	A655V;L656L	Missense;Silent	-0.609346864
1112	TRIM28	V659I	Missense	0.078120322
1113	TRIM28	G661K;(NC)	Missense;Splice-donor	-0.723036181
1114	TRIM28	G661K;(NC)	Missense;Splice-donor	0.028492101
1115	TRIM28	P660L	Missense	-0.231797756
1116	TRIM28	P660L	Missense	0.106651989
1117	TRIM28		No Mutation	-0.304700614
1118	TRIM28		No Mutation	0.072202337
1119	TRIM28		No Mutation	0.144077158
1120	TRIM28	(NC);(NC);(NC)	Intron;Intron;Intron	-0.175797577
1121	TRIM28		No Mutation	-0.008037754
1122	TRIM28		No Mutation	-0.199914093
1123	TRIM28	(NC)	Splice-acceptor	-0.683021245
1124	TRIM28	(NC);(NC)	Intron;Intron	0.078285223
1125	TRIM28	W664*;S665N	Nonsense;Missense	-0.743325533
1126	TRIM28	S665N;C666Y	Missense;Missense	-0.521338019
1127	TRIM28	L672F	Missense	0.129714943
1128	TRIM28	L672F;P673S	Missense;Missense	-0.464717414
1129	TRIM28	L675L	Silent	-0.229128974
1130	TRIM28	L672L;P673F	Silent;Missense	-0.395221161
1131	TRIM28	D674D;L675L	Silent;Silent	-0.887278726
1132	TRIM28	E677E;E678K;D679N	Silent;Missense;Missense	0.182028075
1133	TRIM28	E678K;D679N	Missense;Missense	-0.193132789
1134	TRIM28	G680N	Missense	0.190637343
1135	TRIM28		No Mutation	-0.118901492
1136	TRIM28	G680G	Silent	0.24953339
1137	TRIM28	A687T;D688N	Missense;Missense	-0.12800514
1138	TRIM28		No Mutation	-0.078738726
1139	TRIM28	S689N	Missense	0.185603542
1140	TRIM28	A687V	Missense	0.071498204
1141	TRIM28	D688D	Silent	0.006013645
1142	TRIM28	L696L;S697L	Silent;Missense	0.111401508
1143	TRIM28		No Mutation	-0.349204233
1144	TRIM28	L696L;S697L;P698S	Silent;Missense;Missense	-0.267829622
1145	TRIM28	P698L;A699V	Missense;Missense	0.328950522
1146	TRIM28	A699V	Missense	0.206480466
1147	TRIM28	N700N;Q701*	Silent;Nonsense	0.331368689
1148	TRIM28	(NC);(NC);(NC)	Splice-donor;Intron;Intron	0.087008712
1149	TRIM28	N700N;Q701*	Silent;Nonsense	0.324811334
1150	TRIM28	N700N;Q701*;R702W	Silent;Nonsense;Missense	-0.332218434
1151	TRIM28	(NC);(NC);(NC)	Intron;Intron;Intron	-0.718854065
1152	TRIM28	(NC);(NC);(NC);(NC)	Intron;Intron;Intron;Intron	0.008800503
1153	TRIM28		No Mutation	-0.24288584
1154	TRIM28	(NC)	Intron	-0.396749213
1155	TRIM28	(NC)	Intron	0.057811328
1156	TRIM28	(NC)	Splice-acceptor	0.406876121
1157	TRIM28	(NC)	Splice-acceptor	-0.255400116
1158	TRIM28		No Mutation	1.072970359
1159	TRIM28		No Mutation	0.314980461
1160	TRIM28		No Mutation	-0.085997401
1161	TRIM28	C717C;R718C;P719S	Silent;Missense;Missense	0.45993601
1162	TRIM28		No Mutation	-0.070258065
1163	TRIM28	Q722Q	Silent	0.276259313
1164	TRIM28	Q722Q;L723L;A724T	Silent;Silent;Missense	-0.283664954
1165	TRIM28	L723L;A724T	Silent;Missense	0.152394176
1166	TRIM28	A724T	Missense	0.06049451
1167	TRIM28		No Mutation	-0.016136779
1168	TRIM28	D726N	Missense	0.195327483
1169	TRIM28	T725T;D726D	Silent;Silent	-0.483970543
1170	TRIM28	L731L	Silent	-0.897432282
1171	TRIM28	F729F;S730F	Silent;Missense	0.111676589
1172	TRIM28	(NC);(NC)	Intron;Intron	0.346847538
1173	TRIM28	(NC)	Intron	-0.033510673
1174	TRIM28	S730S;L731L	Silent;Silent	-0.270815297
1175	TRIM28	L731L	Silent	-0.217184679
1176	TRIM28	(NC);(NC);(NC)	Intron;Intron;Intron	-0.087919481
1177	TRIM28	(NC)	Intron	-0.538708346
1178	TRIM28	(NC);(NC);(NC)	Intron;Intron;Intron	0.913649097
1179	TRIM28	(NC);(NC)	Intron;Intron	-0.125586404
1180	TRIM28	(NC);(NC)	Intron;Intron	-0.588678572
1181	TRIM28		No Mutation	-0.534340177
1182	TRIM28	(NC);(NC)	Intron;Intron	0.405259223
1183	TRIM28	(NC);(NC)	Intron;Intron	-0.513037711
1184	TRIM28	G735N;G736S	Missense;Missense	0.208155461
1185	TRIM28	D732D;Q733*;P734S	Silent;Nonsense;Missense	-1.03544361
1186	TRIM28	L738L;D739N	Silent;Missense	0.087865107
1187	TRIM28	D739N	Missense	0.237476686
1188	TRIM28	L740L	Silent	-0.42199372
1189	TRIM28	L742L	Silent	-0.121500895
1190	TRIM28	L742L	Silent	0.664330802
1191	TRIM28	I743I;R744C	Silent;Missense	-0.13098413
1192	TRIM28	R746H	Missense	-0.302525207
1193	TRIM28		No Mutation	-0.479235641
1194	TRIM28	Q748Q;E749K	Silent;Missense	0.242111912
1195	TRIM28	K750K;L751L	Silent;Silent	-0.073624728
1196	TRIM28	K750K;L751L	Silent;Silent	-0.205564404
1197	TRIM28	L751L	Silent	-0.438121219
1198	TRIM28		No Mutation	-0.395947968
1199	TRIM28	P754F	Missense	-0.481357098
1200	TRIM28		No Mutation	-0.935494501
1201	TRIM28	Q759Q;E760K	Silent;Missense	0.159913346
1202	TRIM28	Q759Q;E760K	Silent;Missense	0.485930905
1203	TRIM28	S757S;P758L;Q759*	Silent;Missense;Nonsense	-0.844909102
1204	TRIM28	Q763Q	Silent	-0.078726234
1205	TRIM28		No Mutation	-0.64095155
1206	TRIM28	Q763Q;D764N	Silent;Missense	-0.271517836
1207	TRIM28		No Mutation	-0.443907122
1208	TRIM28	Q763Q;D764N	Silent;Missense	-0.381888508
1209	TRIM28	R767H;M768I	Missense;Missense	-0.224886411
1210	TRIM28	M768I	Missense	0.327950437
1211	TRIM28		No Mutation	0.36040845
1212	TRIM28	F772F	Silent	0.713905309
1213	TRIM28	T776I	Missense	0.211599221
1214	TRIM28		No Mutation	-0.41998219
1215	TRIM28	(NC);(NC)	Intron;Intron	0.050836107
1216	TRIM28	(NC)	Intron	-0.539479572
1217	TRIM28	(NC);(NC)	Intron;Intron	-0.175671357
1218	TRIM28	(NC);(NC)	Intron;Intron	0.051958548
1219	TRIM28	K779K	Silent	0.355940088
1220	TRIM28	V782I	Missense	-0.040004071
1221	TRIM28	V782I	Missense	-0.048764023
1222	TRIM28	D781D	Silent	0.083535764
1223	TRIM28	Q789Q;R790H	Silent;Missense	0.547250169
1224	TRIM28	R795C	Missense	-0.084776896
1225	TRIM28	K804K	Silent	0.801113559
1226	TRIM28	T803T	Silent	-0.223463351
1227	TRIM28	F805F	Silent	-0.320997144
1228	TRIM28	V808V;L809L	Silent;Silent	0.395853642
1229	TRIM28	P813L;P814L	Missense;Missense	0.164485435
1230	TRIM28	L817L	Silent	-0.383687769
1231	TRIM28	L817L	Silent	0.043421395
1232	TRIM28	L817L;G819S	Silent;Missense	-0.698212508
1233	TRIM28		No Mutation	-0.065181144
1234	TRIM28	G819N	Missense	0.455735498
1235	TRIM28	G819N;A820T	Missense;Missense	-0.23422655
1236	TRIM28	L822L	Silent	-0.015084596
1237	TRIM28	A820V	Missense	-0.662975452
1238	TRIM28	S823N	Missense	0.544195299
1239	TRIM28	S824F	Missense	0.53599519
1240	TRIM28	E826E;L827L	Silent;Silent	-0.00907706
1241	TRIM28	S824F;Q825*	Missense;Nonsense	-0.104502491
1242	TRIM28	L827L	Silent	0.323633912
1243	TRIM28	G829D;G830N	Missense;Missense	0.146906776
1244	TRIM28	G830N	Missense	-0.152578431
1245	TRIM28	S828F	Missense	-0.673413601
1246	TRIM28	P831F	Missense	-0.303480486
1247	TRIM28		No Mutation	0.470847558
1248	TRIM28	*836*;(NC)	Silent;UTR	-0.198353581
1249	TRIM28	*836*;(NC);(NC)	Silent;UTR;UTR	-0.290898044
1250	TRIM28		No Mutation	-0.183163878
1251	TRIM28		No Mutation	-0.177334122
1252	TRIM28		No Mutation	-0.155561063
1253	TRIM28		No Mutation	-0.192778577
1254	MPHOSPH8	(NC)	UTR	0.293271058
1255	MPHOSPH8	(NC);(NC)	UTR;UTR	-0.162785996
1256	MPHOSPH8	(NC)	UTR	-0.201431768
1257	MPHOSPH8	(NC)	UTR	-0.171348259
1258	MPHOSPH8		No Mutation	-0.175600062
1259	MPHOSPH8		No Mutation	-0.755598781
1260	MPHOSPH8		No Mutation	-0.199855299
1261	MPHOSPH8		No Mutation	-0.279511682
1262	MPHOSPH8		No Mutation	-0.083571842
1263	MPHOSPH8	A17T	Missense	0.228857441
1264	MPHOSPH8	D19N	Missense	-0.054258305
1265	MPHOSPH8	D19N;S20N	Missense;Missense	-0.102942198
1266	MPHOSPH8	A17V	Missense	0.119001724
1267	MPHOSPH8	A18A;D19D	Silent;Silent	0.091856331
1268	MPHOSPH8	E23E;L24L	Silent;Silent	-0.325627364
1269	MPHOSPH8	A25V	Missense	0.201679333
1270	MPHOSPH8		No Mutation	-0.090258741
1271	MPHOSPH8	G30E;V31I	Missense;Missense	0.458389853
1272	MPHOSPH8		No Mutation	0.191250452
1273	MPHOSPH8		No Mutation	-0.091586319
1274	MPHOSPH8		No Mutation	-0.099086051
1275	MPHOSPH8	D39D;A40V	Silent;Missense	0.136573716
1276	MPHOSPH8	A41V	Missense	-0.107384517
1277	MPHOSPH8		No Mutation	0.283435683
1278	MPHOSPH8	E46E;A47T	Silent;Missense	-0.051666934
1279	MPHOSPH8	A47V	Missense	-0.08489261
1280	MPHOSPH8	A47A	Silent	-0.019009026
1281	MPHOSPH8	G49G	Silent	-0.063683032
1282	MPHOSPH8	E52E;E53K	Silent;Missense	-0.366469772
1283	MPHOSPH8	D50D	Silent	-0.71664568
1284	MPHOSPH8	D54D	Silent	0.095156466
1285	MPHOSPH8		No Mutation	-0.3590736
1286	MPHOSPH8	F59F	Silent	0.467855799
1287	MPHOSPH8	I64I;L65L	Silent;Silent	-0.003835952
1288	MPHOSPH8	L65L	Silent	1.387456946
1289	MPHOSPH8	D66D	Silent	-0.617497889
1290	MPHOSPH8	D66D	Silent	-0.09873957
1291	MPHOSPH8	E70K;G71R	Missense;Missense	0.1202353
1292	MPHOSPH8	T69I	Missense	0.58311528
1293	MPHOSPH8	T69I	Missense	-0.187145052
1294	MPHOSPH8	T69I	Missense	0.022546518
1295	MPHOSPH8	T69T	Silent	-0.176377348
1296	MPHOSPH8	(NC);(NC);(NC);(NC)	Intron;Intron;Intron;Intron	-0.221802521
1297	MPHOSPH8		No Mutation	-0.129176122
1298	MPHOSPH8		No Mutation	0.112280675
1299	MPHOSPH8		No Mutation	1.090475621
1300	MPHOSPH8		No Mutation	-0.048148749
1301	MPHOSPH8		No Mutation	-0.169882209
1302	MPHOSPH8	(NC)	Splice-acceptor	-0.93124689
1303	MPHOSPH8	L75F	Missense	0.215221736
1304	MPHOSPH8	Y76Y	Silent	0.711897548
1305	MPHOSPH8	R79R	Silent	-0.174707048
1306	MPHOSPH8	T84I;S85L	Missense;Missense	-0.982063167
1307	MPHOSPH8	S85L	Missense	-0.876339929
1308	MPHOSPH8	P92S	Missense	-0.529771337
1309	MPHOSPH8		No Mutation	-0.454938121
1310	MPHOSPH8	P92F	Missense	-0.826073428
1311	MPHOSPH8	E97K;D98N	Missense;Missense	-0.571026358
1312	MPHOSPH8	E97E;D98N	Silent;Missense	0.155178111
1313	MPHOSPH8	E101K;V102M	Missense;Missense	0.049552207
1314	MPHOSPH8		No Mutation	0.212371829
1315	MPHOSPH8	N113N	Silent	-0.234791335
1316	MPHOSPH8	A115V	Missense	0.193303404
1317	MPHOSPH8	K120K;D121N	Silent;Missense	0.579191841
1318	MPHOSPH8	V118V	Silent	-0.198069209
1319	MPHOSPH8		No Mutation	0.599080418
1320	MPHOSPH8		No Mutation	0.353204179
1321	MPHOSPH8		No Mutation	0.428178456
1322	MPHOSPH8		No Mutation	1.197165827
1323	MPHOSPH8		No Mutation	0.587753712
1324	MPHOSPH8		No Mutation	-0.242890855
1325	MPHOSPH8	D180D	Silent	0.386691639
1326	MPHOSPH8	E187E;S188N	Silent;Missense	0.205305434
1327	MPHOSPH8	D185D;L186L	Silent;Silent	-0.017515761
1328	MPHOSPH8		No Mutation	-0.807481291
1329	MPHOSPH8	L190L;E191K	Silent;Missense	1.086262045
1330	MPHOSPH8		No Mutation	-0.102954657
1331	MPHOSPH8	A206V	Missense	-0.100031571
1332	MPHOSPH8	K211K;E212K	Silent;Missense	-0.121816642
1333	MPHOSPH8		No Mutation	0.414513923
1334	MPHOSPH8		No Mutation	0.306078788
1335	MPHOSPH8		No Mutation	0.405488794
1336	MPHOSPH8		No Mutation	-0.052161308
1337	MPHOSPH8		No Mutation	-0.343773472
1338	MPHOSPH8		No Mutation	-0.042916977
1339	MPHOSPH8		No Mutation	0.192841812
1340	MPHOSPH8	P275L	Missense	0.56163242
1341	MPHOSPH8	D278N;S279N	Missense;Missense	-0.073927076
1342	MPHOSPH8	P275L	Missense	-0.468148396
1343	MPHOSPH8	S279N	Missense	-0.03535301
1344	MPHOSPH8	E280K;G281K	Missense;Missense	-0.438651135
1345	MPHOSPH8	E289E	Silent	0.108115182
1346	MPHOSPH8	A296V	Missense	0.070475855
1347	MPHOSPH8	A296V	Missense	0.282666638
1348	MPHOSPH8		No Mutation	0.423260784
1349	MPHOSPH8		No Mutation	0.032395064
1350	MPHOSPH8	A300V	Missense	-0.420059542
1351	MPHOSPH8	A300V	Missense	0.000334201
1352	MPHOSPH8	Q302*	Nonsense	-0.118302598
1353	MPHOSPH8	D303D	Silent	0.085746538
1354	MPHOSPH8	M318I;S319N	Missense;Missense	-0.003718736
1355	MPHOSPH8	M318I;S319N	Missense;Missense	0.345018624
1356	MPHOSPH8	D315D	Silent	-0.222508747
1357	MPHOSPH8	M318I;S319N;A320T	Missense;Missense;Missense	-0.530635471
1358	MPHOSPH8	A317V	Missense	0.044879981
1359	MPHOSPH8	E322E;D323N	Silent;Missense	0.207099268
1360	MPHOSPH8		No Mutation	-0.069349226
1361	MPHOSPH8	T324I	Missense	0.319729576
1362	MPHOSPH8	T324I	Missense	0.324526042
1363	MPHOSPH8	R329K;R330K	Missense;Missense	-0.449566866
1364	MPHOSPH8		No Mutation	-0.151550267
1365	MPHOSPH8	T334I;P335S	Missense;Missense	0.157831836
1366	MPHOSPH8	E339E;D340N	Silent;Missense	-0.081692923
1367	MPHOSPH8	E339E;D340N	Silent;Missense	-0.749908984
1368	MPHOSPH8	D340N	Missense	0.258954348
1369	MPHOSPH8	D340D	Silent	0.925319915
1370	MPHOSPH8	T358I	Missense	0.487722439
1371	MPHOSPH8	S382F	Missense	0.894986861
1372	MPHOSPH8	S382F;A383V	Missense;Missense	0.346647632
1373	MPHOSPH8	T385T	Silent	-0.276622195
1374	MPHOSPH8	A383V;Q384*	Missense;Nonsense	-0.776046275
1375	MPHOSPH8	T385M	Missense	0.044543187
1376	MPHOSPH8	G388D;R389Q	Missense;Missense	-0.206407212
1377	MPHOSPH8	R389Q	Missense	-0.230317163
1378	MPHOSPH8		No Mutation	-0.005492566
1379	MPHOSPH8	G388G	Silent	0.277255728
1380	MPHOSPH8	G388G;R389W	Silent;Missense	0.193744379
1381	MPHOSPH8	L391L;S392N	Silent;Missense	-0.361146692
1382	MPHOSPH8		No Mutation	-0.511407756
1383	MPHOSPH8		No Mutation	-0.208046747
1384	MPHOSPH8		No Mutation	-0.017571615
1385	MPHOSPH8	S400F	Missense	0.501049189
1386	MPHOSPH8	A404T	Missense	-0.18498755
1387	MPHOSPH8	S400S;T401M	Silent;Missense	-0.006839226
1388	MPHOSPH8	D402D;S403L	Silent;Missense	-0.066571675
1389	MPHOSPH8	E405E;E406K	Silent;Missense	-0.715058507
1390	MPHOSPH8	D402D;S403L	Silent;Missense	0.158290743
1391	MPHOSPH8	A404A	Silent	-0.198185498
1392	MPHOSPH8		No Mutation	-0.323181616
1393	MPHOSPH8		No Mutation	0.056027994
1394	MPHOSPH8	(NC)	Intron	-0.240503542
1395	MPHOSPH8		No Mutation	0.134641604
1396	MPHOSPH8		No Mutation	-0.211911921
1397	MPHOSPH8	H423Y	Missense	-0.095154169
1398	MPHOSPH8	S425F	Missense	-0.016878318
1399	MPHOSPH8	G431G	Silent	-0.282091145
1400	MPHOSPH8	(NC);(NC)	Splice-donor;Intron	-0.085144604
1401	MPHOSPH8		No Mutation	-0.11429109
1402	MPHOSPH8		No Mutation	-0.083035965
1403	MPHOSPH8	S462F	Missense	-0.050454473
1404	MPHOSPH8		No Mutation	-0.110334232
1405	MPHOSPH8		No Mutation	0.813981555
1406	MPHOSPH8	D479D	Silent	0.099549876
1407	MPHOSPH8	Q488*	Nonsense	0.130292395
1408	MPHOSPH8	A504V	Missense	0.151254505
1409	MPHOSPH8	A507V	Missense	-0.0833665
1410	MPHOSPH8	A508V	Missense	0.275372681
1411	MPHOSPH8	Q520*;A521V	Nonsense;Missense	-0.540275075
1412	MPHOSPH8	D526N	Missense	0.349461434
1413	MPHOSPH8		No Mutation	0.444297281
1414	MPHOSPH8	(NC)	Intron	0.009974123
1415	MPHOSPH8		No Mutation	-0.136024008
1416	MPHOSPH8	Q530Q	Silent	0.376010939
1417	MPHOSPH8	Q529*;Q530*	Nonsense;Nonsense	-1.15480275
1418	MPHOSPH8	Q529*;Q530*	Nonsense;Nonsense	-0.64739648
1419	MPHOSPH8	L532L	Silent	0.133594979
1420	MPHOSPH8	G535G	Silent	-0.38544569
1421	MPHOSPH8	D537D	Silent	0.427150242
1422	MPHOSPH8		No Mutation	-0.022299257
1423	MPHOSPH8	W542*;M543I	Nonsense;Missense	-1.189054627
1424	MPHOSPH8	F548F;Q549*	Silent;Nonsense	-1.280397129
1425	MPHOSPH8	F548F;Q549*	Silent;Nonsense	-0.805077555
1426	MPHOSPH8	G554K	Missense	0.106454576
1427	MPHOSPH8	E557K	Missense	-0.036394927
1428	MPHOSPH8	P566L	Missense	0.04526135
1429	MPHOSPH8	(NC)	Intron	0.635455025
1430	MPHOSPH8		No Mutation	-0.391218725
1431	MPHOSPH8		No Mutation	0.205300669
1432	MPHOSPH8		No Mutation	-0.386741235
1433	MPHOSPH8		No Mutation	0.098270017
1434	MPHOSPH8		No Mutation	0.453051576
1435	MPHOSPH8		No Mutation	-0.30217673
1436	MPHOSPH8	(NC)	Intron	-0.262115197
1437	MPHOSPH8		No Mutation	0.420300716
1438	MPHOSPH8	(NC);(NC);(NC)	Intron;Intron;Intron	1.085173106
1439	MPHOSPH8	S600N;G601K	Missense;Missense	-0.4280165
1440	MPHOSPH8	S599F	Missense	0.50315205
1441	MPHOSPH8	L604L;V605I	Silent;Missense	0.211862812
1442	MPHOSPH8		No Mutation	0.143044113
1443	MPHOSPH8	L607F	Missense	0.437809672
1444	MPHOSPH8	L607F	Missense	-0.505737909
1445	MPHOSPH8	A608V	Missense	-0.082850827
1446	MPHOSPH8	Q613Q;D614N	Silent;Missense	-0.425370209
1447	MPHOSPH8	D615N	Missense	-0.175586918
1448	MPHOSPH8		No Mutation	-0.454115694
1449	MPHOSPH8		No Mutation	0.282983164
1450	MPHOSPH8	R618*;L619F	Nonsense;Missense	0.721858132
1451	MPHOSPH8		No Mutation	-0.12847132
1452	MPHOSPH8	G624G;A625V	Silent;Missense	0.269925953
1453	MPHOSPH8	N628N	Silent	0.458204556
1454	MPHOSPH8	N628N	Silent	-0.538540756
1455	MPHOSPH8	A641T	Missense	-0.780845752
1456	MPHOSPH8	A642T	Missense	0.388310023
1457	MPHOSPH8	L638L;H640Y	Silent;Missense	0.415147738
1458	MPHOSPH8	E643K	Missense	-0.18045381
1459	MPHOSPH8	E643K	Missense	-0.091976362
1460	MPHOSPH8	A641V;A642V	Missense;Missense	-0.064772435
1461	MPHOSPH8	(NC)	Splice-acceptor	-0.40336982
1462	MPHOSPH8	T649I	Missense	-0.094792183
1463	MPHOSPH8		No Mutation	0.727044532
1464	MPHOSPH8	E668K	Missense	-0.607371167
1465	MPHOSPH8		No Mutation	0.124862272
1466	MPHOSPH8		No Mutation	0.389103893
1467	MPHOSPH8	(NC);A674T	Splice-acceptor;Missense	-1.490066366
1468	MPHOSPH8	(NC)	Intron	-0.173982731
1469	MPHOSPH8	R684*;L685F	Nonsense;Missense	-0.203935907
1470	MPHOSPH8	L704L	Silent	-0.22681224
1471	MPHOSPH8	K708K;Q709Q	Silent;Silent	-0.277953125
1472	MPHOSPH8	K708K;Q709Q	Silent;Silent	0.010923275
1473	MPHOSPH8	A730V	Missense	-0.880558237
1474	MPHOSPH8	V748I	Missense	0.023628166
1475	MPHOSPH8	A752T;C753Y	Missense;Missense	0.213294899
1476	MPHOSPH8	R755Q	Missense	0.048222834
1477	MPHOSPH8	H754Y	Missense	-1.323903271
1478	MPHOSPH8	H754Y	Missense	-0.495842922
1479	MPHOSPH8	D765N	Missense	0.284716148
1480	MPHOSPH8	P771L;Q772*	Missense;Nonsense	-0.558393969
1481	MPHOSPH8	E776K	Missense	-0.221520958
1482	MPHOSPH8	E776K	Missense	-0.015450224
1483	MPHOSPH8	E776K;G777S	Missense;Missense	-0.068071111
1484	MPHOSPH8	E776K;G777S;(NC)	Missense;Missense;Splice-donor	-0.256827287
1485	MPHOSPH8	(NC)	Intron	0.108062674
1486	MPHOSPH8	G779N	Missense	-0.234293393
1487	MPHOSPH8	G779N	Missense	-0.206529407
1488	MPHOSPH8	A787T	Missense	0.33278217
1489	MPHOSPH8	L790L;G791N	Silent;Missense	-0.464273112
1490	MPHOSPH8		No Mutation	-0.630927019
1491	MPHOSPH8		No Mutation	0.401968251
1492	MPHOSPH8	A806T;V807I	Missense;Missense	-0.665043017
1493	MPHOSPH8	(NC)	Intron	0.996084174
1494	MPHOSPH8		No Mutation	0.327959378
1495	MPHOSPH8	S826L	Missense	-1.244483325
1496	MPHOSPH8		No Mutation	-0.221754048
1497	MPHOSPH8		No Mutation	0.093285745
1498	MPHOSPH8	P833L	Missense	-0.195280466
1499	MPHOSPH8	R839K	Missense	-0.328698187
1500	MPHOSPH8	R839K	Missense	-0.366393043
1501	MPHOSPH8		No Mutation	-0.417900778
1502	MPHOSPH8	(NC)	Intron	-0.152954393
1503	MPHOSPH8	(NC)	Intron	0.088186465
1504	MPHOSPH8		No Mutation	-0.100404064
1505	MPHOSPH8		No Mutation	0.551656221
1506	MPHOSPH8	(NC)	Intron	0.189730891
1507	MPHOSPH8	Q860*	Nonsense	-0.548243111
1508	MPHOSPH8	Q860*	Nonsense	0.161122372
1509	MPHOSPH8	(NC);(NC)	UTR;UTR	0.096212728
1510	MPHOSPH8	(NC);(NC)	UTR;UTR	0.195075919
1511	MPHOSPH8	(NC)	UTR	0.331997119
1512	MPHOSPH8	(NC);(NC);(NC)	UTR;UTR;UTR	-0.026639308
1513	TASOR		No Mutation	0.280645056
1514	TASOR	E1608K	Missense	0.364496995
1515	TASOR		No Mutation	-0.211703214
1516	TASOR	W1596*;G1597K	Nonsense;Missense	-0.507227607
1517	TASOR	P1591L;P1592F	Missense;Missense	0.245755866
1518	TASOR	P1591L;P1592S	Missense;Missense	-0.542391788
1519	TASOR	S1590F;P1591L	Missense;Missense	-0.12689593
1520	TASOR	A1580V	Missense	-0.002501313
1521	TASOR	Q1569Q	Silent	0.19059001
1522	TASOR	Q1569Q	Silent	-0.259441938
1523	TASOR	S1568N	Missense	0.278989973
1524	TASOR		No Mutation	-0.159292663
1525	TASOR		No Mutation	0.644364517
1526	TASOR	S1530L	Missense	0.16656624
1527	TASOR		No Mutation	0.175150269
1528	TASOR	E1509E;R1510K	Silent;Missense	0.038167371
1529	TASOR	G1477E	Missense	0.16482883
1530	TASOR	T1472I	Missense	-0.024225085
1531	TASOR		No Mutation	-0.299907141
1532	TASOR		No Mutation	-0.227409461
1533	TASOR		No Mutation	0.005745304
1534	TASOR		No Mutation	-0.255932219
1535	TASOR		No Mutation	0.30707815
1536	TASOR	N1438N	Silent	0.045204688
1537	TASOR	L1429F	Missense	0.250721546
1538	TASOR	E1427K	Missense	0.620621499
1539	TASOR	A1425T	Missense	0.658342636
1540	TASOR		No Mutation	-0.026116318
1541	TASOR	N1404N	Silent	-0.348781459
1542	TASOR	N1404N	Silent	0.39501673
1543	TASOR	T1389I	Missense	0.298752473
1544	TASOR	G1392K	Missense	-0.919644097
1545	TASOR	S1386F	Missense	-0.443121634
1546	TASOR	Q1365Q;A1366T	Silent;Missense	0.186619526
1547	TASOR	C1360C;L1361F	Silent;Missense	-0.023040386
1548	TASOR		No Mutation	-0.163613609
1549	TASOR	R1353*	Nonsense	-0.315780085
1550	TASOR		No Mutation	0.052121938
1551	TASOR	V1333V;Q1335*	Silent;Nonsense	0.237363954
1552	TASOR	L1314L	Silent	0.780024291
1553	TASOR		No Mutation	-1.459539788
1554	TASOR	Q1311*	Nonsense	-1.131156169
1555	TASOR	Q1311Q;K1312K	Silent;Silent	0.844327417
1556	TASOR	P1298L	Missense	0.028651919
1557	TASOR	T1297I	Missense	0.491559302
1558	TASOR	L1295F	Missense	-0.015626073
1559	TASOR		No Mutation	-1.135708455
1560	TASOR	V1282I;E1283K;(NC)	Missense;Missense;Splice-donor	0.094310232
1561	TASOR	V1282I;E1283K	Missense;Missense	-0.215359897
1562	TASOR	P1277L	Missense	0.160330198
1563	TASOR	S1273L	Missense	-0.664977545
1564	TASOR		No Mutation	0.621355166
1565	TASOR		No Mutation	0.324006261
1566	TASOR	G1246N	Missense	-0.120832612
1567	TASOR	A1245T;G1246N	Missense;Missense	-0.855753872
1568	TASOR	A1245T;G1246S	Missense;Missense	-0.7576841
1569	TASOR		No Mutation	0.666219625
1570	TASOR	(NC)	Intron	0.289722949
1571	TASOR		No Mutation	-0.001690909
1572	TASOR	A1224V	Missense	-0.367515225
1573	TASOR	Q1219*	Nonsense	0.076916645
1574	TASOR	E1206K;R1207K	Missense;Missense	-0.538334049
1575	TASOR		No Mutation	0.641775138
1576	TASOR		No Mutation	0.434164465
1577	TASOR	L1183F	Missense	-0.045514011
1578	TASOR	S1158N	Missense	0.569658709
1579	TASOR		No Mutation	-0.115506677
1580	TASOR	V1155I	Missense	1.046939335
1581	TASOR		No Mutation	0.449231586
1582	TASOR		No Mutation	-0.264850118
1583	TASOR		No Mutation	0.109756249
1584	TASOR		No Mutation	0.443223215
1585	TASOR		No Mutation	0.193453086
1586	TASOR	E1128K	Missense	0.321203472
1587	TASOR	E1128K	Missense	-0.629383235
1588	TASOR	R1123Q;E1124K	Missense;Missense	0.318197796
1589	TASOR	P1118F	Missense	-0.270917223
1590	TASOR	P1118F	Missense	0.038035193
1591	TASOR		No Mutation	-0.222279108
1592	TASOR	S1113F	Missense	0.235431876
1593	TASOR	V1111V	Silent	0.412660298
1594	TASOR	E1108K	Missense	0.380393124
1595	TASOR	H1105Y	Missense	0.3940283
1596	TASOR	E1108K	Missense	0.019912961
1597	TASOR	E1097K	Missense	-0.063932446
1598	TASOR	Q1089*	Nonsense	0.174896208
1599	TASOR	Q1089Q	Silent	-0.4476282
1600	TASOR		No Mutation	0.145258554
1601	TASOR		No Mutation	0.153988376
1602	TASOR	S1078N;D1079N	Missense;Missense	-0.380271811
1603	TASOR		No Mutation	-0.159202075
1604	TASOR	D1066N	Missense	-0.41730785
1605	TASOR	V1059I	Missense	-0.012819445
1606	TASOR	A1051V;S1052L	Missense;Missense	0.075837753
1607	TASOR		No Mutation	0.554348834
1608	TASOR	A1048T	Missense	0.197284454
1609	TASOR	D1045N	Missense	-0.162964638
1610	TASOR	V1041V	Silent	-0.095821553
1611	TASOR	D1045N	Missense	0.431941742
1612	TASOR	L1038L	Silent	-0.051913966
1613	TASOR	A1031V	Missense	-0.071831919
1614	TASOR	A1031V	Missense	0.116840414
1615	TASOR		No Mutation	0.587646297
1616	TASOR		No Mutation	0.005095069
1617	TASOR	Q1014*	Nonsense	0.244814031
1618	TASOR	Q1014Q;E1015K	Silent;Missense	0.59536686
1619	TASOR	S1009F	Missense	0.032080713
1620	TASOR	S1006F	Missense	0.284439619
1621	TASOR	K1007K	Silent	0.093706088
1622	TASOR	T993I;Q994*	Missense;Nonsense	-0.46608417
1623	TASOR	E995K	Missense	0.651215099
1624	TASOR		No Mutation	-0.095439063
1625	TASOR	V960V	Silent	-0.443948712
1626	TASOR	T956I	Missense	0.244598333
1627	TASOR	S953S	Silent	-0.028943986
1628	TASOR		No Mutation	0.009254897
1629	TASOR	E954K	Missense	0.281658544
1630	TASOR	E948K	Missense	0.652706969
1631	TASOR		No Mutation	-0.368019768
1632	TASOR		No Mutation	0.21747757
1633	TASOR	D931D	Silent	0.308979941
1634	TASOR	D931D	Silent	0.474763027
1635	TASOR	V932V;L933L	Silent;Silent	0.034994602
1636	TASOR		No Mutation	0.231787214
1637	TASOR	L924L	Silent	0.052798982
1638	TASOR		No Mutation	-0.107079149
1639	TASOR	(NC)	Intron	-0.055546068
1640	TASOR		No Mutation	-1.133343415
1641	TASOR		No Mutation	0.265250651
1642	TASOR	(NC)	Splice-acceptor	0.026867363
1643	TASOR		No Mutation	-0.084724544
1644	TASOR		No Mutation	-0.207217939
1645	TASOR	L917L	Silent	0.264186295
1646	TASOR		No Mutation	1.400512214
1647	TASOR	R899H	Missense	0.345634
1648	TASOR	R899H	Missense	-0.185083279
1649	TASOR		No Mutation	2.228661394
1650	TASOR	E895K	Missense	0.196273687
1651	TASOR		No Mutation	-0.144864538
1652	TASOR	V880I	Missense	0.165658193
1653	TASOR		No Mutation	0.421216008
1654	TASOR	L871L;E873K	Silent;Missense	0.109405672
1655	TASOR	D866N	Missense	0.715794919
1656	TASOR	S859F	Missense	0.539396849
1657	TASOR		No Mutation	0.033369638
1658	TASOR		No Mutation	0.044620459
1659	TASOR		No Mutation	0.1496343
1660	TASOR	E826K	Missense	0.354885728
1661	TASOR	E826K	Missense	0.197600686
1662	TASOR		No Mutation	-0.096077927
1663	TASOR	A804V	Missense	-0.099344803
1664	TASOR	D802N	Missense	-0.086470723
1665	TASOR	T792I	Missense	0.252068495
1666	TASOR	L789L	Silent	-0.519662041
1667	TASOR	W774*	Nonsense	-1.626115025
1668	TASOR	I768I;H769Y	Silent;Missense	0.37030887
1669	TASOR		No Mutation	-0.153105711
1670	TASOR	G764G	Silent	-0.546907718
1671	TASOR	A766T	Missense	0.37864272
1672	TASOR	Q758*	Nonsense	-0.894215491
1673	TASOR	D752D	Silent	0.200390913
1674	TASOR		No Mutation	0.300173345
1675	TASOR	H749Y	Missense	0.418650207
1676	TASOR	G748K	Missense	0.209232743
1677	TASOR		No Mutation	-0.300153123
1678	TASOR	Q742*;P743F	Nonsense;Missense	-0.042185476
1679	TASOR	S740F	Missense	0.079951597
1680	TASOR		No Mutation	0.102725711
1681	TASOR		No Mutation	-0.815399892
1682	TASOR		No Mutation	0.572159182
1683	TASOR		No Mutation	-0.288294342
1684	TASOR	V709V	Silent	0.370600146
1685	TASOR	S706S	Silent	-0.114579106
1686	TASOR		No Mutation	0.350731782
1687	TASOR		No Mutation	0.001229796
1688	TASOR		No Mutation	-0.646938739
1689	TASOR		No Mutation	-1.423464832
1690	TASOR		No Mutation	-0.853783107
1691	TASOR		No Mutation	0.321460018
1692	TASOR	S673F	Missense	-0.033511171
1693	TASOR		No Mutation	0.035032583
1694	TASOR	K667K	Silent	0.271878438
1695	TASOR		No Mutation	-0.060681484
1696	TASOR	R655*	Nonsense	-0.30959696
1697	TASOR	T648I	Missense	0.258405668
1698	TASOR	Q641*	Nonsense	-0.07354841
1699	TASOR	E639K;G640N	Missense;Missense	0.584470825
1700	TASOR	P634L;L635F	Missense;Missense	-0.025250082
1701	TASOR		No Mutation	0.813829584
1702	TASOR	E610K	Missense	-0.216888058
1703	TASOR	L602L	Silent	-0.192564551
1704	TASOR	C601Y;L602L	Missense;Silent	-0.03090813
1705	TASOR		No Mutation	0.036631423
1706	TASOR		No Mutation	0.124567227
1707	TASOR	D583N	Missense	-0.661679917
1708	TASOR	V553I	Missense	0.54758285
1709	TASOR		No Mutation	0.288150524
1710	TASOR	E519K;S520N	Missense;Missense	0.093732637
1711	TASOR	Q515Q;E516K	Silent;Missense	0.062003422
1712	TASOR	A512V	Missense	0.111241094
1713	TASOR	T510I	Missense	0.430027287
1714	TASOR	(NC)	Splice-donor	-0.480820812
1715	TASOR		No Mutation	1.475875731
1716	TASOR		No Mutation	-0.717258113
1717	TASOR		No Mutation	0.044879038
1718	TASOR	(NC);(NC)	Intron;Intron	-0.199988757
1719	TASOR	P478F	Missense	-0.172921785
1720	TASOR		No Mutation	-0.044779364
1721	TASOR	Q475*	Nonsense	-1.281784835
1722	TASOR		No Mutation	-0.147140901
1723	TASOR		No Mutation	-0.020914853
1724	TASOR		No Mutation	0.20900598
1725	TASOR	L471F	Missense	0.400305756
1726	TASOR		No Mutation	-0.328616789
1727	TASOR		No Mutation	0.263481352
1728	TASOR	G466K	Missense	-0.863611494
1729	TASOR	P461F	Missense	0.612634757
1730	TASOR	L458F	Missense	0.373794302
1731	TASOR	L458F	Missense	0.190071048
1732	TASOR	(NC);(NC);(NC)	Intron;Intron;Intron	0.336480647
1733	TASOR		No Mutation	-0.43850222
1734	TASOR		No Mutation	0.196249851
1735	TASOR	C429C;S430S;L431F	Silent;Silent;Missense	0.002625479
1736	TASOR	(NC)	Intron	0.701676324
1737	TASOR	P419S	Missense	0.206629143
1738	TASOR	Y416Y	Silent	0.030499932
1739	TASOR	K413K;E414K	Silent;Missense	0.685328105
1740	TASOR		No Mutation	0.224618153
1741	TASOR		No Mutation	-0.252653327
1742	TASOR	V393I;E394K	Missense;Missense	0.427563652
1743	TASOR	(NC)	Intron	-1.324838407
1744	TASOR	L383L	Silent	0.021492579
1745	TASOR	Q362Q	Silent	0.229640896
1746	TASOR	N355N	Silent	0.535780277
1747	TASOR		No Mutation	0.336522514
1748	TASOR	T347I	Missense	0.10371418
1749	TASOR	(NC)	Intron	-1.243340887
1750	TASOR	S339L;S340L	Missense;Missense	0.556505595
1751	TASOR		No Mutation	0.20116754
1752	TASOR		No Mutation	0.056891935
1753	TASOR		No Mutation	-0.289394629
1754	TASOR		No Mutation	0.066759663
1755	TASOR	G306G	Silent	-0.019013345
1756	TASOR	T298I	Missense	-0.998258653
1757	TASOR	Q299Q;(NC)	Silent;Splice-donor	-2.113889799
1758	TASOR		No Mutation	-0.014982376
1759	TASOR	A294V	Missense	0.124735445
1760	TASOR		No Mutation	-0.193116762
1761	TASOR	R285*	Nonsense	0.037377636
1762	TASOR	V279M	Missense	-0.016498792
1763	TASOR	C277Y	Missense	-1.318196959
1764	TASOR	E276K;C277Y	Missense;Missense	-1.438261786
1765	TASOR	E276K	Missense	-0.943743126
1766	TASOR		No Mutation	0.419313836
1767	TASOR	P254P	Silent	-0.526945966
1768	TASOR		No Mutation	0.724829573
1769	TASOR		No Mutation	-0.252072218
1770	TASOR	A234T	Missense	-0.038219204
1771	TASOR		No Mutation	-0.3162037
1772	TASOR		No Mutation	0.129258431
1773	TASOR	P229S	Missense	-0.101752344
1774	TASOR	A227V	Missense	1.118917308
1775	TASOR	A227V	Missense	-0.487434933
1776	TASOR	A227V	Missense	0.006146577
1777	TASOR	Q226*	Nonsense	0.312490459
1778	TASOR		No Mutation	-0.074266462
1779	TASOR	V216I	Missense	0.887638968
1780	TASOR		No Mutation	0.004170283
1781	TASOR		No Mutation	0.459032612
1782	TASOR		No Mutation	0.570559909
1783	TASOR	L209F	Missense	-0.100867556
1784	TASOR	L209F	Missense	0.84983541
1785	TASOR	G210N	Missense	0.19938609
1786	TASOR	S204F	Missense	-0.639812869
1787	TASOR		No Mutation	-0.26074463
1788	TASOR		No Mutation	0.336489156
1789	TASOR	Q192*;T193I	Nonsense;Missense	0.426258191
1790	TASOR		No Mutation	0.141457602
1791	TASOR		No Mutation	0.155531131
1792	TASOR	M185I;V186I	Missense;Missense	1.169666804
1793	TASOR	S180F	Missense	0.397069242
1794	TASOR		No Mutation	0.265857099
1795	TASOR		No Mutation	0.01679767
1796	TASOR	H152Y	Missense	-0.229104246
1797	TASOR	N144N;Y145Y	Silent;Silent	0.963121188
1798	TASOR		No Mutation	0.311432302
1799	TASOR		No Mutation	1.024451821
1800	TASOR	V140I	Missense	-0.093351856
1801	TASOR	E136K	Missense	0.092578537
1802	TASOR	E124K	Missense	-0.178807123
1803	TASOR	G119N	Missense	-0.086350404
1804	TASOR	S106S	Silent	-0.702960045
1805	TASOR		No Mutation	-0.55325328
1806	TASOR		No Mutation	0.665118412
1807	TASOR	R97K;R98K	Missense;Missense	-0.20261743
1808	TASOR	R97K;R98K	Missense;Missense	0.101525508
1809	TASOR	P92L	Missense	0.187985165
1810	TASOR	P92F	Missense	0.041826615
1811	TASOR	R94K	Missense	-0.443981199
1812	TASOR	R94K	Missense	0.065014235
1813	TASOR	R94K	Missense	-0.273786631
1814	TASOR	G88G;P89F	Silent;Missense	0.100050669
1815	TASOR	E91E	Silent	-0.342711154
1816	TASOR	E91K	Missense	-0.263992819
1817	TASOR	E90K;E91K	Missense;Missense	-0.208637701
1818	TASOR	E90K	Missense	-0.20204952
1819	TASOR	G88D	Missense	-0.348590279
1820	TASOR	A82V;A83V	Missense;Missense	0.481738775
1821	TASOR	A82A;A83T	Silent;Missense	0.328674381
1822	TASOR	D76D;S77F	Silent;Missense	0.356725363
1823	TASOR	E79K;A80T	Missense;Missense	-0.526380541
1824	TASOR	Q75*	Nonsense	0.151435492
1825	TASOR	Q75*	Nonsense	-0.790880369
1826	TASOR	P74F;Q75*	Missense;Nonsense	-0.690930458
1827	TASOR	Q75Q;D76N	Silent;Missense	-0.505479859
1828	TASOR	Q73Q	Silent	0.003508837
1829	TASOR	L69L;S70S;H71Y	Silent;Silent;Missense	-0.356376484
1830	TASOR	E72K	Missense	-0.085810413
1831	TASOR	E72K	Missense	-0.040130901
1832	TASOR	S70N	Missense	-0.300969558
1833	TASOR	S68N	Missense	0.309320029
1834	TASOR		No Mutation	-0.207299807
1835	TASOR	R57C	Missense	-0.176576416
1836	TASOR	R57C	Missense	-0.235614853
1837	TASOR	R57C	Missense	0.990833802
1838	TASOR	R57C	Missense	0.488496428
1839	TASOR	G56E;R57H	Missense;Missense	-0.749378768
1840	TASOR	G56K;R57H	Missense;Missense	-0.390582456
1841	TASOR	S52S;G53G	Silent;Silent	-0.161804957
1842	TASOR	P51F	Missense	-0.501855149
1843	TASOR	P51F	Missense	0.071124607
1844	TASOR	I48I;A49V	Silent;Missense	-0.148700471
1845	TASOR	E50E	Silent	-0.032067702
1846	TASOR	N47N	Silent	0.282535316
1847	TASOR	Q39*	Nonsense	0.054668874
1848	TASOR	Q38*;Q39*	Nonsense;Nonsense	-0.956391631
1849	TASOR	S37F;Q38*	Missense;Nonsense	-1.85488563
1850	TASOR	S36F;S37F	Missense;Missense	0.056702359
1851	TASOR	S36F	Missense	0.159489138
1852	TASOR		No Mutation	0.326764733
1853	TASOR		No Mutation	-0.513595477
1854	TASOR		No Mutation	0.388248377
1855	TASOR		No Mutation	-0.109305035
1856	TASOR	A15V	Missense	-0.092687144
1857	TASOR	A15V	Missense	-0.120891552
1858	TASOR	W17*;E18K	Nonsense;Missense	0.406218547
1859	TASOR	P12L	Missense	0.596723381
1860	TASOR	P12L	Missense	0.324928551
1861	TASOR	A15T	Missense	0.477177055
1862	TASOR		No Mutation	0.035423534
1863	TASOR	A2V	Missense	0.187383225
1864	TASOR	A4T	Missense	0.097951675
1865	TASOR	(NC);(NC)	UTR;UTR	-0.226154552
1866	TASOR	M1I;A2T	Missense;Missense	-0.156206482
1867	TASOR	(NC);(NC)	UTR;UTR	0.149249605
1868	TASOR	(NC);(NC)	UTR;UTR	0.619848468
1869	TASOR	(NC);(NC);(NC)	UTR;UTR;UTR	0.259795155
1870	PPHLN1		No Mutation	0.50636913
1871	PPHLN1	S24N	Missense	-0.1499882
1872	PPHLN1	S24N;(NC)	Missense;Splice-donor	-1.550418359
1873	PPHLN1		No Mutation	-0.306822363
1874	PPHLN1		No Mutation	-0.381180005
1875	PPHLN1	L40L	Silent	0.337639575
1876	PPHLN1	P39L;L40L	Missense;Silent	-0.415019302
1877	PPHLN1	R43K	Missense	0.188953351
1878	PPHLN1	L41L	Silent	0.483052711
1879	PPHLN1	G45N	Missense	0.298213177
1880	PPHLN1		No Mutation	0.069055115
1881	PPHLN1	Y58Y;R59*	Silent;Nonsense	0.052851479
1882	PPHLN1	Y58Y;R59*	Silent;Nonsense	-0.074220825
1883	PPHLN1	E63E;G64N	Silent;Missense	0.021668217
1884	PPHLN1	D70N	Missense	-0.07527529
1885	PPHLN1		No Mutation	0.006359482
1886	PPHLN1	(NC);(NC)	Splice-donor;Intron	0.37448574
1887	PPHLN1	(NC)	Intron	0.281231728
1888	PPHLN1		No Mutation	0.318513497
1889	PPHLN1		No Mutation	0.045730438
1890	PPHLN1	S94S	Silent	0.097320702
1891	PPHLN1	P97F	Missense	0.44866373
1892	PPHLN1	(NC)	Intron	0.052805604
1893	PPHLN1	S114F;H115Y	Missense;Missense	-0.165473272
1894	PPHLN1	E119E;R120Q	Silent;Missense	0.139453505
1895	PPHLN1	E119E;R120Q	Silent;Missense	0.032716517
1896	PPHLN1	R120W	Missense	-0.223004618
1897	PPHLN1	R120W	Missense	-0.054147636
1898	PPHLN1	S133L;P134S	Missense;Missense	0.657677688
1899	PPHLN1	D139N	Missense	-0.13200341
1900	PPHLN1		No Mutation	0.174032929
1901	PPHLN1	S140F;P141L	Missense;Missense	0.235911163
1902	PPHLN1	G146N	Missense	0.138917837
1903	PPHLN1	R152K;S153N	Missense;Missense	0.502585469
1904	PPHLN1	S153S	Silent	0.404171076
1905	PPHLN1		No Mutation	0.140821375
1906	PPHLN1	R170K	Missense	0.315662
1907	PPHLN1		No Mutation	0.018037495
1908	PPHLN1	(NC)	Splice-acceptor	-0.006010528
1909	PPHLN1	(NC)	Splice-acceptor	0.32609342
1910	PPHLN1	K171K	Silent	-0.543188194
1911	PPHLN1	K171K;V173M	Silent;Missense	-0.096748434
1912	PPHLN1	V173I	Missense	0.149955805
1913	PPHLN1		No Mutation	0.136586537
1914	PPHLN1	R174H	Missense	-0.555960467
1915	PPHLN1		No Mutation	-0.19994617
1916	PPHLN1	P175L	Missense	0.302963324
1917	PPHLN1	R181Q	Missense	0.084233094
1918	PPHLN1	Y179Y	Silent	-0.419340107
1919	PPHLN1	Q182Q	Silent	0.55632371
1920	PPHLN1	E184K	Missense	-0.28218977
1921	PPHLN1		No Mutation	0.518074062
1922	PPHLN1	(NC)	Intron	0.427051723
1923	PPHLN1	(NC)	Intron	0.567733697
1924	PPHLN1	T204I	Missense	0.300653579
1925	PPHLN1	A211T;V212I	Missense;Missense	0.418608907
1926	PPHLN1	V212I	Missense	-0.315789538
1927	PPHLN1	A211V	Missense	-0.127006274
1928	PPHLN1		No Mutation	-0.491645749
1929	PPHLN1	P221P	Silent	0.001204221
1930	PPHLN1		No Mutation	0.372035558
1931	PPHLN1	A230V	Missense	0.098545274
1932	PPHLN1		No Mutation	0.472990602
1933	PPHLN1		No Mutation	-0.129844076
1934	PPHLN1	E256K	Missense	-0.174216052
1935	PPHLN1	S253F	Missense	-0.088241385
1936	PPHLN1		No Mutation	-0.682686695
1937	PPHLN1		No Mutation	0.172839155
1938	PPHLN1		No Mutation	0.227883493
1939	PPHLN1	Q267Q	Silent	-0.338079352
1940	PPHLN1	E272K	Missense	0.613823358
1941	PPHLN1		No Mutation	-0.256531548
1942	PPHLN1	S273L	Missense	-0.236491011
1943	PPHLN1	S273L	Missense	-0.213020406
1944	PPHLN1		No Mutation	0.165974986
1945	PPHLN1		No Mutation	0.314585199
1946	PPHLN1	T298I	Missense	0.038347523
1947	PPHLN1		No Mutation	-0.435660262
1948	PPHLN1	R306Q	Missense	-0.0416707
1949	PPHLN1	Q307*	Nonsense	1.045560415
1950	PPHLN1	D308D	Silent	0.101873126
1951	PPHLN1		No Mutation	0.448295496
1952	PPHLN1	D308D	Silent	0.017470824
1953	PPHLN1		No Mutation	-0.031922898
1954	PPHLN1	S329F	Missense	-0.086094353
1955	PPHLN1	Q336*	Nonsense	-0.254883961
1956	PPHLN1	H339Y	Missense	0.054016114
1957	PPHLN1	(NC);(NC)	Intron;Intron	0.097206548
1958	PPHLN1	(NC);(NC)	Intron;Intron	-0.011564437
1959	PPHLN1	(NC);E342E	Splice-acceptor;Silent	0.076686359
1960	PPHLN1	S343F	Missense	-0.814625791
1961	PPHLN1	Q346Q	Silent	0.477197503
1962	PPHLN1	Q346*	Nonsense	-0.062525059
1963	PPHLN1	Q350*	Nonsense	0.522101014
1964	PPHLN1		No Mutation	0.246272877
1965	PPHLN1	E358K	Missense	0.133776372
1966	PPHLN1	E358K	Missense	0.055745988
1967	PPHLN1	E358K	Missense	0.229595922
1968	PPHLN1	E358K	Missense	0.041055943
1969	PPHLN1	T357I	Missense	0.565026451
1970	PPHLN1	T364I	Missense	0.302872743
1971	PPHLN1	A373V;Q374*	Missense;Nonsense	-0.519297573
1972	PPHLN1	(NC)	Intron	-0.249966604
1973	PPHLN1	(NC)	Intron	0.008093462
1974	PPHLN1		No Mutation	-0.536762253
1975	PPHLN1	Q378Q	Silent	-0.231504317
1976	PPHLN1	A376V;P377S	Missense;Missense	-0.01262398
1977	PPHLN1	Q378Q	Silent	0.158662151
1978	PPHLN1	Q381Q;A382T	Silent;Missense	0.433767496
1979	PPHLN1	Q381Q;A382T	Silent;Missense	0.266222663
1980	PPHLN1	A382T	Missense	0.002343344
1981	PPHLN1	Q384Q	Silent	-0.003894645
1982	PPHLN1	Q384Q	Silent	0.145128637
1983	PPHLN1	Q384Q	Silent	0.410090472
1984	PPHLN1		No Mutation	-0.571611172
1985	PPHLN1	P383L;Q384*	Missense;Nonsense	-0.370404864
1986	PPHLN1	Q387Q	Silent	-0.113144677
1987	PPHLN1	Q387Q	Silent	-0.057779189
1988	PPHLN1	R389Q	Missense	-0.284889018
1989	PPHLN1	Q387*	Nonsense	0.261159598
1990	PPHLN1	Q387*;P388S	Nonsense;Missense	0.288541408
1991	PPHLN1	K390K	Silent	0.053966923
1992	PPHLN1	K390K	Silent	0.438564817
1993	PPHLN1	K390K	Silent	-0.056653574
1994	PPHLN1		No Mutation	-0.40559913
1995	PPHLN1	V393I;R394H	Missense;Missense	-0.028876652
1996	PPHLN1	R394H	Missense	0.432488636
1997	PPHLN1	R394H	Missense	-0.238512568
1998	PPHLN1	T396M	Missense	0.108310099
1999	PPHLN1	Q398*;L399F	Nonsense;Missense	0.574529278
2000	PPHLN1	A405V	Missense	0.262219456
2001	PPHLN1	A405V;P406S	Missense;Missense	-0.398254763
2002	PPHLN1	A405V;P406L	Missense;Missense	0.116925239
2003	PPHLN1	A405V;P406L	Missense;Missense	-0.26140249
2004	PPHLN1	W410*;G411K	Nonsense;Missense	-0.995705016
2005	PPHLN1	W410*;G411K	Nonsense;Missense	-0.732822411
2006	PPHLN1	G411K	Missense	-0.177765699
2007	PPHLN1	K414K;K415K	Silent;Silent	-0.147724842
2008	PPHLN1	L413L	Silent	-0.219024972
2009	PPHLN1		No Mutation	-0.282120636
2010	PPHLN1	T416I;T417I	Missense;Missense	-0.126400903
2011	PPHLN1	Q428Q	Silent	0.014595621
2012	PPHLN1		No Mutation	0.276286522
2013	PPHLN1	V443I;V444I	Missense;Missense	0.36518998
2014	PPHLN1	H445Y	Missense	-0.136528473
2015	PPHLN1	C446C;N447N	Silent;Silent	-0.261095756
2016	PPHLN1		No Mutation	0.366849246
2017	MORC2	(NC);(NC);(NC)	UTR;UTR;UTR	0.275676125
2018	MORC2	T1029T	Silent	-0.412800212
2019	MORC2	G1031G;D1032N	Silent;Missense	0.20016506
2020	MORC2	I1028I;T1029I	Silent;Missense	0.107901399
2021	MORC2	D1026D;L1027F	Silent;Missense	-0.242958609
2022	MORC2	D1026D	Silent	-0.119075183
2023	MORC2		No Mutation	0.014054421
2024	MORC2		No Mutation	-0.250384485
2025	MORC2		No Mutation	-0.60294035
2026	MORC2	L1020L	Silent	0.070996416
2027	MORC2	I1014I;N1015N	Silent;Silent	0.335592868
2028	MORC2		No Mutation	-0.237959555
2029	MORC2	D1011N	Missense	0.133361104
2030	MORC2	(NC);D1011N	Splice-acceptor;Missense	-1.024202782
2031	MORC2	(NC)	Splice-acceptor	-1.254909386
2032	MORC2		No Mutation	-1.574386149
2033	MORC2	(NC);(NC);(NC)	Intron;Intron;Intron	-0.068960184
2034	MORC2	Q1009*	Nonsense	0.193079348
2035	MORC2	L1004L;L1005L;Q1006*	Silent;Silent;Nonsense	-0.092425593
2036	MORC2	L1004F;L1005L	Missense;Silent	-0.288898671
2037	MORC2	I1001I	Silent	0.311717065
2038	MORC2	L1005L	Silent	-0.040667915
2039	MORC2	L997L	Silent	0.044530096
2040	MORC2		No Mutation	-0.223273683
2041	MORC2		No Mutation	0.603367101
2042	MORC2	R988H	Missense	-0.505293529
2043	MORC2	E984E;R985K	Silent;Missense	0.041655612
2044	MORC2	S979S;L980L	Silent;Silent	0.069661342
2045	MORC2	R981H	Missense	-0.554034539
2046	MORC2	L980L;R981H	Silent;Missense	-0.30748336
2047	MORC2	S979N	Missense	-0.081507091
2048	MORC2	E977K;E978K	Missense;Missense	0.208705564
2049	MORC2	E977K	Missense	-0.713035492
2050	MORC2	S971S;R972W	Silent;Missense	-0.681947475
2051	MORC2	R972R;A973T	Silent;Missense	0.031476858
2052	MORC2	A969V	Missense	0.413255866
2053	MORC2		No Mutation	-0.07292713
2054	MORC2	S967S;R968C	Silent;Missense	-1.095245152
2055	MORC2	S967S	Silent	0.124192365
2056	MORC2	D970N	Missense	0.255959219
2057	MORC2	Q966Q	Silent	-0.549190316
2058	MORC2		No Mutation	-0.115416868
2059	MORC2	F951F	Silent	-0.596682422
2060	MORC2	F951F	Silent	-0.062790114
2061	MORC2		No Mutation	-0.538182597
2062	MORC2		No Mutation	-1.070607411
2063	MORC2	(NC);(NC)	Intron;Intron	0.128839033
2064	MORC2		No Mutation	-1.612333406
2065	MORC2		No Mutation	-1.44119862
2066	MORC2	(NC);(NC)	Intron;Intron	-0.040844319
2067	MORC2	S935N;A936T	Missense;Missense	-1.399881727
2068	MORC2	Q933Q;L934L	Silent;Silent	-0.073271653
2069	MORC2	Q933Q	Silent	-0.072077077
2070	MORC2	K932K;Q933Q	Silent;Silent	0.283891742
2071	MORC2		No Mutation	0.252952178
2072	MORC2		No Mutation	-0.526269563
2073	MORC2		No Mutation	-0.221103427
2074	MORC2	C918Y	Missense	-0.545014994
2075	MORC2	(NC)	Intron	0.370857622
2076	MORC2	C918Y	Missense	0.108559454
2077	MORC2	R916R	Silent	0.058073687
2078	MORC2	(NC);(NC)	Intron;Intron	-0.1658398
2079	MORC2	(NC)	Intron	0.749066961
2080	MORC2		No Mutation	0.241969083
2081	MORC2	(NC)	Intron	-0.014010856
2082	MORC2		No Mutation	0.129745887
2083	MORC2	L911F	Missense	-0.485595591
2084	MORC2	Q913Q	Silent	0.255638735
2085	MORC2	D909N	Missense	-0.117985989
2086	MORC2	E906K	Missense	0.648163953
2087	MORC2	E906K	Missense	-0.131713369
2088	MORC2		No Mutation	-0.543160582
2089	MORC2	L901L;S902N	Silent;Missense	0.243678836
2090	MORC2		No Mutation	0.000414214
2091	MORC2	D897N	Missense	0.008484854
2092	MORC2	E895K	Missense	-0.363276009
2093	MORC2	R893H	Missense	-0.561934377
2094	MORC2	C891Y	Missense	0.123830242
2095	MORC2	C891Y	Missense	0.116865957
2096	MORC2	E885E	Silent	-0.175030227
2097	MORC2	V883I;A884T	Missense;Missense	0.657481478
2098	MORC2	V883I	Missense	-0.107139346
2099	MORC2	A880T	Missense	0.312843462
2100	MORC2	Q879Q;A880T	Silent;Missense	0.315110498
2101	MORC2	G874G;P875S	Silent;Missense	1.110943427
2102	MORC2		No Mutation	-0.615093335
2103	MORC2	G868G	Silent	-0.686757822
2104	MORC2	G868G	Silent	-0.926615386
2105	MORC2		No Mutation	-1.738020993
2106	MORC2	Q866*	Nonsense	-0.700076569
2107	MORC2	Q865*;Q866*	Nonsense;Nonsense	-0.676130508
2108	MORC2	T864I;Q865*	Missense;Nonsense	-0.45331458
2109	MORC2	Q866Q;E867K;G868S	Silent;Missense;Missense	-0.234404839
2110	MORC2	T864I	Missense	1.048325142
2111	MORC2	T864I	Missense	0.083734726
2112	MORC2	L862F	Missense	-0.080293877
2113	MORC2	S861S;L862F	Silent;Missense	-0.158251908
2114	MORC2	S861S;L862F	Silent;Missense	-0.496844858
2115	MORC2	D863N	Missense	0.135733935
2116	MORC2	Q860Q;S861N	Silent;Missense	-0.153592486
2117	MORC2	Q860Q	Silent	0.352290642
2118	MORC2	Q860Q	Silent	0.267337618
2119	MORC2		No Mutation	0.087196189
2120	MORC2		No Mutation	-0.450932636
2121	MORC2	G845G	Silent	0.266165959
2122	MORC2		No Mutation	0.076026844
2123	MORC2	G845N	Missense	-0.510019256
2124	MORC2	(NC);(NC)	Intron;Intron	0.022339914
2125	MORC2		No Mutation	-0.160644228
2126	MORC2	(NC)	Intron	-0.040951784
2127	MORC2	(NC)	Intron	0.154745826
2128	MORC2		No Mutation	-0.271247342
2129	MORC2		No Mutation	-0.324101117
2130	MORC2		No Mutation	-0.336563462
2131	MORC2	R840R	Silent	0.110454447
2132	MORC2	(NC)	Intron	-0.144250955
2133	MORC2	T835M;T836I	Missense;Missense	-0.381846989
2134	MORC2	R838K	Missense	-0.082603523
2135	MORC2	H820Y	Missense	0.164620779
2136	MORC2	G818G	Silent	-0.415836545
2137	MORC2	G818G	Silent	-0.334067732
2138	MORC2	K819K	Silent	-0.243419657
2139	MORC2		No Mutation	-0.474256474
2140	MORC2	V815V;E816K;V817M	Silent;Missense;Missense	-0.440120481
2141	MORC2	V812V;T813I	Silent;Missense	0.20198545
2142	MORC2	V812V	Silent	-0.344754013
2143	MORC2	G810G;R811C	Silent;Missense	-0.202271897
2144	MORC2	G810G;R811C	Silent;Missense	-0.143761359
2145	MORC2	N804N	Silent	-0.136168193
2146	MORC2	N804N	Silent	-0.044483388
2147	MORC2	R802C	Missense	-0.097276909
2148	MORC2		No Mutation	-0.337091966
2149	MORC2		No Mutation	0.59401638
2150	MORC2		No Mutation	0.0992276
2151	MORC2		No Mutation	-0.165364187
2152	MORC2	(NC);(NC)	Intron;Intron	0.17944547
2153	MORC2	(NC);(NC)	Intron;Intron	0.175303272
2154	MORC2	(NC)	Splice-acceptor	-0.681619395
2155	MORC2	(NC)	Intron	-0.318287194
2156	MORC2	Q792*	Nonsense	-0.885024611
2157	MORC2	A791V;Q792*	Missense;Nonsense	-1.085286116
2158	MORC2	A791V;Q792*	Missense;Nonsense	-0.378711633
2159	MORC2	A791V;Q792*	Missense;Nonsense	-0.420556058
2160	MORC2	Q792Q;D794N	Silent;Missense	-0.094938596
2161	MORC2	L788F	Missense	0.418897727
2162	MORC2	A780V	Missense	-0.249772553
2163	MORC2	D778D	Silent	0.01257999
2164	MORC2	L776F	Missense	0.080655969
2165	MORC2	L776F	Missense	-0.045254789
2166	MORC2	S779N	Missense	-0.409740752
2167	MORC2	(NC);L776F	Intron;Missense	-0.124434754
2168	MORC2		No Mutation	0.069266165
2169	MORC2		No Mutation	0.163057234
2170	MORC2		No Mutation	-0.107709385
2171	MORC2	D772D;S773L	Silent;Missense	0.075762835
2172	MORC2		No Mutation	-0.103732614
2173	MORC2		No Mutation	0.000807787
2174	MORC2	G762G	Silent	0.159910653
2175	MORC2	G762G	Silent	0.655496981
2176	MORC2		No Mutation	0.192667474
2177	MORC2		No Mutation	0.198435074
2178	MORC2		No Mutation	0.452626475
2179	MORC2	A752V	Missense	-0.9595467
2180	MORC2		No Mutation	-0.333317927
2181	MORC2		No Mutation	-0.642202956
2182	MORC2		No Mutation	0.040228696
2183	MORC2		No Mutation	-0.291671364
2184	MORC2		No Mutation	0.48070426
2185	MORC2	V740V	Silent	-0.038593012
2186	MORC2	S739N;V740I	Missense;Missense	0.011875619
2187	MORC2	R738R;S739N;V740I	Silent;Missense;Missense	0.15739147
2188	MORC2	R738Q;S739N	Missense;Missense	-0.363013047
2189	MORC2	A732V;T733I	Missense;Missense	-0.201339013
2190	MORC2	(NC)	Intron	-0.20738785
2191	MORC2		No Mutation	-0.019340514
2192	MORC2	(NC)	Intron	-0.061595205
2193	MORC2	(NC);(NC);(NC)	Intron;Intron;Intron	-0.239504731
2194	MORC2	P731P;(NC)	Silent;Splice-donor	-1.453161996
2195	MORC2	P726F	Missense	0.808696541
2196	MORC2	E724K	Missense	0.398558357
2197	MORC2		No Mutation	-0.63997638
2198	MORC2		No Mutation	0.105486478
2199	MORC2	V714V	Silent	-0.207591268
2200	MORC2		No Mutation	0.666349753
2201	MORC2		No Mutation	-0.115462054
2202	MORC2		No Mutation	-0.48723633
2203	MORC2	E708E;V709I	Silent;Missense	0.068411295
2204	MORC2	R707Q	Missense	-0.089652605
2205	MORC2	R707Q	Missense	-0.215691171
2206	MORC2	N702N;S703F	Silent;Missense	-0.810675029
2207	MORC2	P701P;N702N	Silent;Silent	0.158215066
2208	MORC2	P701L;N702N	Missense;Silent	0.5719729
2209	MORC2		No Mutation	0.157539781
2210	MORC2	L695L	Silent	-0.073419214
2211	MORC2	L695L	Silent	0.309626196
2212	MORC2	L695L	Silent	-0.004339755
2213	MORC2	Q693Q	Silent	-0.250420799
2214	MORC2	L691L;V692I	Silent;Missense	-0.488107047
2215	MORC2	L691L;V692I	Silent;Missense	-0.810347896
2216	MORC2	S686F;R687*	Missense;Nonsense	-0.657827781
2217	MORC2	K683K	Silent	0.172827537
2218	MORC2	V682I	Missense	0.650267744
2219	MORC2		No Mutation	-0.076940412
2220	MORC2		No Mutation	0.421510198
2221	MORC2		No Mutation	0.015445962
2222	MORC2	K676K	Silent	-0.001230898
2223	MORC2	R675Q	Missense	0.526578021
2224	MORC2		No Mutation	0.143624216
2225	MORC2	L667L;L668F	Silent;Missense	0.230508146
2226	MORC2	L667L	Silent	0.154716244
2227	MORC2		No Mutation	0.351637608
2228	MORC2		No Mutation	-0.401270863
2229	MORC2	S663N	Missense	-0.022354766
2230	MORC2	R659Q;E660K	Missense;Missense	0.129781768
2231	MORC2		No Mutation	-0.085682656
2232	MORC2	R659Q;E660K	Missense;Missense	-0.09767038
2233	MORC2	A655V	Missense	0.345452488
2234	MORC2	L653L;P654F	Silent;Missense	0.253542438
2235	MORC2	L653L;P654F	Silent;Missense	0.079974849
2236	MORC2	L656L;A657T	Silent;Missense	0.560775046
2237	MORC2	L656L;A657T	Silent;Missense	-0.072695393
2238	MORC2	L656L	Silent	0.144264536
2239	MORC2	T650T;P651L	Silent;Missense	0.167158717
2240	MORC2		No Mutation	-0.511256402
2241	MORC2		No Mutation	-0.339559117
2242	MORC2		No Mutation	0.042189669
2243	MORC2	V646I	Missense	-0.245874284
2244	MORC2	V646I	Missense	0.354658495
2245	MORC2	K643K;A644T	Silent;Missense	-0.076399116
2246	MORC2	R642Q	Missense	0.011380695
2247	MORC2	A638V	Missense	0.165298609
2248	MORC2	Q640Q	Silent	0.167333619
2249	MORC2	A638T;S639N	Missense;Missense	0.222707734
2250	MORC2	R636K	Missense	0.506068762
2251	MORC2		No Mutation	0.607072977
2252	MORC2		No Mutation	0.032756428
2253	MORC2		No Mutation	-0.214430733
2254	MORC2	L632L	Silent	-0.337688764
2255	MORC2		No Mutation	0.161342336
2256	MORC2		No Mutation	-0.448614871
2257	MORC2		No Mutation	0.415125358
2258	MORC2	A625T	Missense	0.44202393
2259	MORC2	R623K	Missense	-0.196495087
2260	MORC2	V621V	Silent	-0.041244262
2261	MORC2	V621V	Silent	-0.493910412
2262	MORC2	V621I	Missense	-0.679740885
2263	MORC2	P617L	Missense	-0.337592687
2264	MORC2		No Mutation	0.111635099
2265	MORC2	S615S	Silent	-0.210098518
2266	MORC2		No Mutation	0.145060974
2267	MORC2	Q611Q;R612H	Silent;Missense	0.432312399
2268	MORC2	V607I	Missense	1.045950118
2269	MORC2	(NC);(NC)	Intron;Intron	-0.133039191
2270	MORC2	(NC);(NC)	Intron;Intron	-0.7609419
2271	MORC2		No Mutation	-0.160109291
2272	MORC2		No Mutation	-0.363478272
2273	MORC2	(NC);(NC)	Intron;Intron	0.110173266
2274	MORC2	T603I	Missense	-0.056363149
2275	MORC2	(NC)	Intron	0.029219872
2276	MORC2	S602S;T603I	Silent;Missense	-0.285187394
2277	MORC2	S602F;T603I	Missense;Missense	0.551425239
2278	MORC2	E604E;(NC);(NC)	Silent;Splice-donor;Intron	-0.974283736
2279	MORC2	E604K	Missense	-0.70971464
2280	MORC2	T598T;T599I	Silent;Missense	0.306849451
2281	MORC2	R600K	Missense	0.404560527
2282	MORC2	R600K	Missense	-0.208817929
2283	MORC2	L595L;E596K	Silent;Missense	-0.188106031
2284	MORC2	D589D;L590L	Silent;Silent	0.342144963
2285	MORC2	K591K	Silent	-0.18885513
2286	MORC2	K591K	Silent	0.410253421
2287	MORC2	L590L	Silent	-0.266044973
2288	MORC2	D589N	Missense	-0.461001147
2289	MORC2	A588T;D589N	Missense;Missense	-0.176898905
2290	MORC2		No Mutation	-0.047350015
2291	MORC2	(NC)	Intron	-0.14108563
2292	MORC2	(NC)	Intron	-0.632381457
2293	MORC2	(NC)	Intron	1.707620031
2294	MORC2	(NC);(NC)	Intron;Intron	0.004538793
2295	MORC2	Q579*	Nonsense	-1.878867584
2296	MORC2	A577V	Missense	-0.323526826
2297	MORC2	A577V	Missense	-0.214916042
2298	MORC2	L575L	Silent	0.515743016
2299	MORC2	K574K;L575L;E576K	Silent;Silent;Missense	0.980592206
2300	MORC2	Q571*;Q572*	Nonsense;Nonsense	-1.153861064
2301	MORC2	R569R;Q570*;Q571*	Silent;Nonsense;Nonsense	-0.315696254
2302	MORC2		No Mutation	0.237097075
2303	MORC2		No Mutation	0.014019705
2304	MORC2	K552K;D553N	Silent;Missense	0.113850442
2305	MORC2	R551K;K552K	Missense;Silent	0.313420389
2306	MORC2	R551K	Missense	-0.02258869
2307	MORC2	P546P;L547L	Silent;Silent	-0.106783614
2308	MORC2	Q543*	Nonsense	0.122215595
2309	MORC2	Q543*	Nonsense	0.522174059
2310	MORC2	S539F	Missense	0.208890157
2311	MORC2	C536Y;E537K	Missense;Missense	-1.048769488
2312	MORC2	(NC)	Intron	0.357937406
2313	MORC2		No Mutation	0.201599938
2314	MORC2	(NC)	Intron	0.006418557
2315	MORC2	(NC);(NC)	Intron;Intron	0.486832502
2316	MORC2	(NC);(NC)	Intron;Intron	0.245917793
2317	MORC2		No Mutation	-0.271681588
2318	MORC2	(NC)	Intron	0.344960982
2319	MORC2	(NC);(NC)	Intron;Intron	-1.490416582
2320	MORC2	D534N;R535Q	Missense;Missense	-0.101263205
2321	MORC2	Q533Q;D534N	Silent;Missense	-0.134040237
2322	MORC2	P529L	Missense	0.422795681
2323	MORC2	E532K	Missense	-0.026291233
2324	MORC2	N528N;P529S	Silent;Missense	-0.36669655
2325	MORC2	M527I	Missense	-0.17501241
2326	MORC2	C525Y	Missense	-0.157876752
2327	MORC2	C525Y	Missense	-1.112543115
2328	MORC2		No Mutation	0.378102655
2329	MORC2		No Mutation	0.593190302
2330	MORC2	V515I	Missense	-0.484371121
2331	MORC2	V515M	Missense	-0.804174442
2332	MORC2	V515M	Missense	-0.311470807
2333	MORC2	P509P;F510F;Q511*	Silent;Silent;Nonsense	-1.11735222
2334	MORC2	L512L;S513N	Silent;Missense	-0.326511692
2335	MORC2	L512L;S513N	Silent;Missense	-0.215522977
2336	MORC2	(NC)	Intron	-0.103499227
2337	MORC2	(NC);(NC);(NC);(NC)	Intron;Intron;Intron;Intron	0.205594611
2338	MORC2	C499C	Silent	0.149966032
2339	MORC2	(NC);(NC)	Intron;Intron	0.158068432
2340	MORC2	Q498*	Nonsense	-1.341846691
2341	MORC2	(NC);(NC);(NC)	Splice-donor;Intron;Intron	-0.881229895
2342	MORC2	I497I;Q498*	Silent;Nonsense	-0.572795967
2343	MORC2	T496T;I497I;Q498*	Silent;Silent;Nonsense	-0.497756032
2344	MORC2	C499Y;D500N;(NC)	Missense;Missense;Splice-donor	-1.676534794
2345	MORC2	C499Y;D500N;(NC)	Missense;Missense;Splice-donor	-1.370996281
2346	MORC2	Q498Q;C499Y;D500N	Silent;Missense;Missense	-0.655708719
2347	MORC2	P494F;T495I	Missense;Missense	-0.61167602
2348	MORC2		No Mutation	-0.818194328
2349	MORC2	Y485Y;R487C	Silent;Missense	-0.287672902
2350	MORC2	L483L	Silent	0.494652044
2351	MORC2		No Mutation	0.105048933
2352	MORC2	R484H	Missense	-0.463669857
2353	MORC2	L483L;R484H	Silent;Missense	0.026531271
2354	MORC2	L483L;R484H	Silent;Missense	-0.056753469
2355	MORC2	L483L;R484H	Silent;Missense	-0.653961626
2356	MORC2	E482K	Missense	-0.767049535
2357	MORC2		No Mutation	-0.476828208
2358	MORC2	W475*	Nonsense	-0.555326461
2359	MORC2	G469G;Y470Y	Silent;Silent	0.135589152
2360	MORC2		No Mutation	0.053285586
2361	MORC2		No Mutation	-0.072447442
2362	MORC2	K463K	Silent	-0.22675592
2363	MORC2		No Mutation	0.123321466
2364	MORC2	K463K	Silent	0.548603038
2365	MORC2		No Mutation	0.282025119
2366	MORC2	(NC)	Intron	0.044458876
2367	MORC2	(NC)	Intron	0.238508379
2368	MORC2	(NC)	Intron	0.567312316
2369	MORC2		No Mutation	0.545318856
2370	MORC2		No Mutation	-0.224976894
2371	MORC2	(NC);(NC);(NC)	Intron;Intron;Intron	-0.323247902
2372	MORC2	A455V;I456I	Missense;Silent	-0.197629534
2373	MORC2	A455V	Missense	-0.349180003
2374	MORC2		No Mutation	0.236066689
2375	MORC2		No Mutation	-0.222429657
2376	MORC2		No Mutation	0.109124813
2377	MORC2		No Mutation	-0.034532864
2378	MORC2	W451*;K452K;D453N	Nonsense;Silent;Missense	-0.930848181
2379	MORC2	H446H;L447L	Silent;Silent	0.090392656
2380	MORC2	H446Y	Missense	-0.335764708
2381	MORC2	E445E	Silent	-0.396518865
2382	MORC2	A442V	Missense	-0.365671202
2383	MORC2	M443I;G444K;E445K	Missense;Missense;Missense	0.237155398
2384	MORC2	H438H;L439L;L440F	Silent;Silent;Missense	-0.008852642
2385	MORC2	A442T	Missense	-0.812222085
2386	MORC2	H438H;L439L	Silent;Silent	0.054308807
2387	MORC2	H438Y;L439L	Missense;Silent	0.520494703
2388	MORC2	H438Y;L439L	Missense;Silent	0.113197872
2389	MORC2	L439L	Silent	0.108031608
2390	MORC2	A431V	Missense	0.619367946
2391	MORC2	D429D	Silent	0.078660167
2392	MORC2	Q428Q;D429N	Silent;Missense	1.067493723
2393	MORC2	P423F	Missense	0.828512675
2394	MORC2		No Mutation	0.035541432
2395	MORC2		No Mutation	0.48787435
2396	MORC2	E422E	Silent	-0.35880902
2397	MORC2	E422K	Missense	-0.205878146
2398	MORC2	P417S	Missense	-0.15847846
2399	MORC2		No Mutation	0.297675645
2400	MORC2		No Mutation	-0.609669427
2401	MORC2	A406V	Missense	0.0652713
2402	MORC2	A406V	Missense	-0.388635905
2403	MORC2	G408D;G409K	Missense;Missense	-0.965578401
2404	MORC2	G408N;G409K	Missense;Missense	-0.817625151
2405	MORC2	(NC)	Intron	-0.160649474
2406	MORC2	(NC);(NC)	Intron;Intron	-0.140004064
2407	MORC2	(NC);(NC);(NC)	Intron;Intron;Intron	-0.283577159
2408	MORC2	(NC);(NC)	Intron;Intron	-0.046721858
2409	MORC2	(NC)	Intron	0.586083391
2410	MORC2	G404N	Missense	-0.255571196
2411	MORC2	G403G;G404N	Silent;Missense	-0.075293202
2412	MORC2	G398G;P399L	Silent;Missense	0.592426113
2413	MORC2	G398G;P399S	Silent;Missense	0.172291408
2414	MORC2	G398G	Silent	-0.186144983
2415	MORC2		No Mutation	-0.004610991
2416	MORC2		No Mutation	-0.15955037
2417	MORC2		No Mutation	0.010394868
2418	MORC2	I391I	Silent	0.747742962
2419	MORC2	M382I	Missense	0.170358823
2420	MORC2	H376Y	Missense	0.430615268
2421	MORC2	N373N	Silent	-0.305131264
2422	MORC2	V372V	Silent	-0.073472304
2423	MORC2	V372V	Silent	0.358479077
2424	MORC2	V369I	Missense	0.449966935
2425	MORC2	A359V;L360F	Missense;Missense	-0.389799844
2426	MORC2	(NC)	Intron	0.029162128
2427	MORC2	(NC)	Intron	0.35927536
2428	MORC2	Q357*	Nonsense	0.111271411
2429	MORC2	I352I	Silent	-0.480351168
2430	MORC2	V348V	Silent	-0.273039548
2431	MORC2	R351K	Missense	0.791619005
2432	MORC2	V348V	Silent	-0.457502241
2433	MORC2	A346V	Missense	-0.187403621
2434	MORC2	R344K;E345K	Missense;Missense	-0.657742865
2435	MORC2		No Mutation	0.09119351
2436	MORC2	(NC)	Intron	0.136541053
2437	MORC2	(NC);(NC)	Intron;Splice-acceptor	-0.304553234
2438	MORC2	(NC)	Intron	-0.291846258
2439	MORC2	(NC);(NC)	Intron;Intron	0.191132013
2440	MORC2	(NC)	Intron	0.029453999
2441	MORC2		No Mutation	0.198843131
2442	MORC2	(NC);(NC)	Intron;Intron	-0.302142995
2443	MORC2		No Mutation	-0.065183734
2444	MORC2	D327D;S328F	Silent;Missense	0.291195274
2445	MORC2	R329K;(NC)	Missense;Splice-donor	-0.389368623
2446	MORC2	T325M;R326W	Missense;Missense	0.374796388
2447	MORC2	D323D;L324F	Silent;Missense	-0.005226983
2448	MORC2	D323D;L324F	Silent;Missense	-0.008315947
2449	MORC2	T325T	Silent	-0.499935608
2450	MORC2		No Mutation	-0.2853491
2451	MORC2		No Mutation	0.101323206
2452	MORC2		No Mutation	0.50051071
2453	MORC2	T315I	Missense	0.54837092
2454	MORC2	A309V	Missense	0.478950623
2455	MORC2		No Mutation	-0.7469095
2456	MORC2	A302V	Missense	-0.699661706
2457	MORC2	(NC);A302V	Intron;Missense	-0.235271336
2458	MORC2		No Mutation	-0.051582614
2459	MORC2	(NC);(NC)	Intron;Intron	-0.766148662
2460	MORC2	(NC)	Intron	0.31134418
2461	MORC2		No Mutation	-0.08101255
2462	MORC2		No Mutation	0.773642191
2463	MORC2	H297Y	Missense	-0.040669593
2464	MORC2	A295V	Missense	-0.170908385
2465	MORC2	E291E;V292I	Silent;Missense	-1.261221905
2466	MORC2	E291E;V292I	Silent;Missense	-1.248859054
2467	MORC2	T286I;R287C	Missense;Missense	-0.330563718
2468	MORC2	F284F	Silent	-0.113929495
2469	MORC2	A288T;E289K	Missense;Missense	-0.170419519
2470	MORC2	S282S;R283C	Silent;Missense	-0.616362544
2471	MORC2	(NC)	Intron	0.607023612
2472	MORC2		No Mutation	0.173968039
2473	MORC2	(NC);(NC)	Intron;Intron	0.107756824
2474	MORC2	(NC);(NC);(NC)	Splice-donor;Intron;Intron	-0.939722375
2475	MORC2	Y272Y	Silent	-0.136779014
2476	MORC2	L271L	Silent	0.177812024
2477	MORC2	C270C;L271L	Silent;Silent	-0.064099202
2478	MORC2	K273K	Silent	-0.470417657
2479	MORC2	C269C;C270C	Silent;Silent	0.3239666
2480	MORC2	C269Y;C270Y	Missense;Missense	0.023359767
2481	MORC2	H260H	Silent	-0.060546452
2482	MORC2	V262V;Q263Q	Silent;Silent	0.27137412
2483	MORC2	I255I;F256F	Silent;Silent	0.490438591
2484	MORC2		No Mutation	-0.692473306
2485	MORC2		No Mutation	-0.294011455
2486	MORC2		No Mutation	-0.485860616
2487	MORC2		No Mutation	-0.128574484
2488	MORC2		No Mutation	0.387760549
2489	MORC2		No Mutation	-0.537879812
2490	MORC2	L247F	Missense	0.018247442
2491	MORC2	D250N	Missense	-0.783855893
2492	MORC2		No Mutation	-0.127064099
2493	MORC2	V246I	Missense	-0.418630959
2494	MORC2	R241H	Missense	-0.095920937
2495	MORC2	R237Q;R238H	Missense;Missense	-0.741735511
2496	MORC2	E236K	Missense	-1.06668618
2497	MORC2	E236K	Missense	-0.102558547
2498	MORC2	(NC);(NC);(NC)	Intron;Intron;Intron	-0.27223864
2499	MORC2		No Mutation	-0.249867211
2500	MORC2		No Mutation	0.617967686
2501	MORC2		No Mutation	0.438226678
2502	MORC2	T233M	Missense	-0.238905413
2503	MORC2	G232G;T233M	Silent;Missense	-0.327625878
2504	MORC2	(NC);(NC);(NC)	Intron;Intron;Intron	-0.808997749
2505	MORC2	G232G	Silent	0.450850375
2506	MORC2	(NC);(NC)	Intron;Intron	-0.652546435
2507	MORC2	(NC);(NC);(NC)	Intron;Intron;Intron	-1.140373536
2508	MORC2	P230L	Missense	-0.697418471
2509	MORC2	M225I;A226T	Missense;Missense	-0.027296732
2510	MORC2	P220L	Missense	-0.41469542
2511	MORC2		No Mutation	0.893654406
2512	MORC2	L204F	Missense	0.178493834
2513	MORC2	I201I;F202F	Silent;Silent	0.325678245
2514	MORC2	(NC)	Intron	0.207715067
2515	MORC2		No Mutation	0.060291136
2516	MORC2	(NC)	Intron	0.164565247
2517	MORC2		No Mutation	0.007660205
2518	MORC2		No Mutation	-0.074697045
2519	MORC2	G193R	Missense	0.313281384
2520	MORC2		No Mutation	-0.031717853
2521	MORC2		No Mutation	-0.0347123
2522	MORC2		No Mutation	-0.459219451
2523	MORC2	Q187*	Nonsense	-0.372083374
2524	MORC2	V184I	Missense	-0.387945756
2525	MORC2	E182K;E183K	Missense;Missense	-1.188005129
2526	MORC2	P177L	Missense	-1.782109146
2527	MORC2	Y175Y;S176F;P177S	Silent;Missense;Missense	-1.546813859
2528	MORC2		No Mutation	0.220698963
2529	MORC2	V162I;E163K	Missense;Missense	-0.030741512
2530	MORC2	D160N	Missense	-0.25414744
2531	MORC2	D160N	Missense	-0.077983856
2532	MORC2	R155Q	Missense	0.485374005
2533	MORC2	R153Q	Missense	-0.5220724
2534	MORC2	R153Q	Missense	0.438887893
2535	MORC2	T149T	Silent	0.067114947
2536	MORC2	T149I	Missense	-0.1480602
2537	MORC2	A152T	Missense	-0.905819347
2538	MORC2	W150*;A152T	Nonsense;Missense	-1.007247878
2539	MORC2	P148F	Missense	-0.820840687
2540	MORC2	V145V	Silent	-0.001522005
2541	MORC2		No Mutation	-0.322146907
2542	MORC2		No Mutation	-0.336910733
2543	MORC2	(NC);(NC)	Intron;Intron	-0.187519091
2544	MORC2		No Mutation	0.293279467
2545	MORC2		No Mutation	-0.23926538
2546	MORC2	T133M	Missense	-0.849420884
2547	MORC2	E136K	Missense	0.560462036
2548	MORC2	S131F;R132C	Missense;Missense	-0.999752206
2549	MORC2	T133T	Silent	-0.314090151
2550	MORC2	R132H	Missense	-0.115557355
2551	MORC2	L130L	Silent	0.141339229
2552	MORC2	M125I	Missense	-0.079770896
2553	MORC2	K121K;E122K;D123N	Silent;Missense;Missense	0.312407163
2554	MORC2	G107G;S108L	Silent;Missense	-0.287220455
2555	MORC2	G107G	Silent	-0.640656191
2556	MORC2		No Mutation	0.151998913
2557	MORC2	M109I	Missense	-0.666668537
2558	MORC2		No Mutation	0.28606986
2559	MORC2		No Mutation	0.15037804
2560	MORC2		No Mutation	-0.087264146
2561	MORC2		No Mutation	-0.530372547
2562	MORC2		No Mutation	-0.294915962
2563	MORC2	T95I;Q96*	Missense;Nonsense	-0.770868366
2564	MORC2	T95I;Q96*	Missense;Nonsense	-1.554841973
2565	MORC2	G98K	Missense	-0.106362888
2566	MORC2	P92L	Missense	-0.256927429
2567	MORC2	P92F	Missense	-0.185549609
2568	MORC2	E93E	Silent	0.408079376
2569	MORC2	S87S;A88T	Silent;Missense	0.024671971
2570	MORC2	I82I;Q83*	Silent;Nonsense	0.236807324
2571	MORC2	G85K	Missense	-0.720120878
2572	MORC2	A79V	Missense	-0.15058934
2573	MORC2	A79V	Missense	0.447176396
2574	MORC2	A79T	Missense	-0.719076791
2575	MORC2	A79T	Missense	0.073455895
2576	MORC2		No Mutation	0.465447134
2577	MORC2	(NC)	Intron	-0.121444678
2578	MORC2		No Mutation	0.043332245
2579	MORC2	M63I	Missense	0.361560928
2580	MORC2	R55*	Nonsense	1.082301038
2581	MORC2	R55*	Nonsense	-0.93323573
2582	MORC2		No Mutation	0.199660573
2583	MORC2	A52T	Missense	0.01485981
2584	MORC2		No Mutation	-0.231778631
2585	MORC2		No Mutation	0.321646645
2586	MORC2	A40V	Missense	-0.181176734
2587	MORC2	L36L	Silent	0.190436083
2588	MORC2	D38N	Missense	0.418986662
2589	MORC2	D38N	Missense	0.098627122
2590	MORC2		No Mutation	0.711418508
2591	MORC2	L29L	Silent	0.181931114
2592	MORC2	T25I;H26Y	Missense;Missense	-0.782237829
2593	MORC2	S23L	Missense	-1.183769444
2594	MORC2		No Mutation	0.321996772
2595	MORC2	M1I;A2T	Missense;Missense	0.040385531
2596	MORC2	(NC);(NC)	UTR;UTR	-0.183919077
2597	ATF7IP	Q8*	Nonsense	-1.225612337
2598	ATF7IP	L26F	Missense	-0.42373129
2599	ATF7IP		No Mutation	0.083970671
2600	ATF7IP		No Mutation	0.288324272
2601	ATF7IP	N47N;H48Y	Silent;Missense	0.365064738
2602	ATF7IP	D54D;P55S	Silent;Missense	-1.023647969
2603	ATF7IP	T56T;S57L;P58S	Silent;Missense;Missense	1.009384932
2604	ATF7IP		No Mutation	0.059922566
2605	ATF7IP	Y64Y	Silent	0.630394977
2606	ATF7IP	D67D	Silent	0.120473398
2607	ATF7IP		No Mutation	0.703974711
2608	ATF7IP	A86T;E87K	Missense;Missense	-0.239785003
2609	ATF7IP		No Mutation	0.090165199
2610	ATF7IP	V97I	Missense	0.125247397
2611	ATF7IP		No Mutation	-0.012197608
2612	ATF7IP		No Mutation	0.190178238
2613	ATF7IP		No Mutation	0.313635071
2614	ATF7IP	E120K	Missense	-0.353921517
2615	ATF7IP	E120K	Missense	-0.197877034
2616	ATF7IP	E120K	Missense	0.431609515
2617	ATF7IP		No Mutation	1.585805918
2618	ATF7IP	A127T	Missense	1.199250274
2619	ATF7IP	P126F;A127V	Missense;Missense	0.212392665
2620	ATF7IP	G132N	Missense	-0.165141099
2621	ATF7IP	S131F	Missense	0.307551084
2622	ATF7IP	A135T	Missense	0.396444155
2623	ATF7IP	P134L	Missense	0.431624993
2624	ATF7IP	P136F	Missense	0.585855129
2625	ATF7IP	L139L;D140N	Silent;Missense	-0.380614079
2626	ATF7IP	A141T	Missense	0.183150698
2627	ATF7IP	A141T;G142R	Missense;Missense	0.022356627
2628	ATF7IP	A141V	Missense	-0.026080009
2629	ATF7IP	G147K	Missense	-0.127063336
2630	ATF7IP	P144L	Missense	0.356559168
2631	ATF7IP	S146F	Missense	-0.06318591
2632	ATF7IP	L149L;A150T	Silent;Missense	0.252353232
2633	ATF7IP		No Mutation	-0.146728695
2634	ATF7IP	G152N	Missense	-0.306936804
2635	ATF7IP	S151F	Missense	-1.253780644
2636	ATF7IP		No Mutation	-0.261414697
2637	ATF7IP		No Mutation	0.103585006
2638	ATF7IP		No Mutation	0.139978098
2639	ATF7IP		No Mutation	-0.214536448
2640	ATF7IP		No Mutation	-0.510772512
2641	ATF7IP		No Mutation	0.221653135
2642	ATF7IP	S166F	Missense	-0.207706124
2643	ATF7IP	A169T;A170T	Missense;Missense	0.010629084
2644	ATF7IP	A170T	Missense	0.151280055
2645	ATF7IP		No Mutation	0.424198006
2646	ATF7IP	S171F	Missense	0.242679084
2647	ATF7IP		No Mutation	0.148163935
2648	ATF7IP	S176F	Missense	-0.219341083
2649	ATF7IP		No Mutation	0.019206292
2650	ATF7IP	S181F	Missense	0.197133993
2651	ATF7IP	V184V	Silent	-0.024722019
2652	ATF7IP	V184V	Silent	0.101062484
2653	ATF7IP		No Mutation	-0.188038534
2654	ATF7IP	P186F	Missense	0.1606186
2655	ATF7IP		No Mutation	-0.239700994
2656	ATF7IP	G192S	Missense	-0.507282232
2657	ATF7IP	G192N	Missense	0.259231409
2658	ATF7IP		No Mutation	-0.450014322
2659	ATF7IP	A196T	Missense	-0.030447841
2660	ATF7IP	A196V	Missense	0.16096452
2661	ATF7IP		No Mutation	-0.254556554
2662	ATF7IP		No Mutation	-0.003398841
2663	ATF7IP	S206F	Missense	-0.389741718
2664	ATF7IP		No Mutation	0.146930139
2665	ATF7IP		No Mutation	-0.054460464
2666	ATF7IP		No Mutation	0.183031469
2667	ATF7IP	P209F	Missense	-0.291398273
2668	ATF7IP	P214P;V215I	Silent;Missense	-0.204162128
2669	ATF7IP	P214P;V215I	Silent;Missense	0.22329411
2670	ATF7IP	V217I	Missense	-0.761801978
2671	ATF7IP	V217I	Missense	0.096144002
2672	ATF7IP	P216F	Missense	0.249991807
2673	ATF7IP		No Mutation	1.600923699
2674	ATF7IP	G222S	Missense	0.301518717
2675	ATF7IP	G222N	Missense	0.135395573
2676	ATF7IP	C224Y;A225T	Missense;Missense	0.147853212
2677	ATF7IP	C224Y;A225T	Missense;Missense	-0.367005181
2678	ATF7IP		No Mutation	0.198090211
2679	ATF7IP		No Mutation	0.183528917
2680	ATF7IP		No Mutation	0.204886196
2681	ATF7IP	S236F	Missense	-0.264746075
2682	ATF7IP	A250T	Missense	0.178178239
2683	ATF7IP	D252N	Missense	0.122079585
2684	ATF7IP	P249L	Missense	-0.136736061
2685	ATF7IP	S251F	Missense	-0.345521239
2686	ATF7IP	L254L;A255T	Silent;Missense	0.03799645
2687	ATF7IP		No Mutation	-0.19119497
2688	ATF7IP		No Mutation	0.230438634
2689	ATF7IP	L259L	Silent	0.266302365
2690	ATF7IP		No Mutation	-0.195090773
2691	ATF7IP	L264L	Silent	0.346431742
2692	ATF7IP	S266F	Missense	0.176433569
2693	ATF7IP		No Mutation	-0.092444515
2694	ATF7IP	L269L	Silent	0.119175572
2695	ATF7IP		No Mutation	-0.024030686
2696	ATF7IP		No Mutation	-0.020409638
2697	ATF7IP	E290K	Missense	-0.315952551
2698	ATF7IP	V294I	Missense	0.156152895
2699	ATF7IP	V296I;C297Y	Missense;Missense	-0.792901801
2700	ATF7IP	V300I	Missense	-0.096105203
2701	ATF7IP	D304N	Missense	0.308520184
2702	ATF7IP	E307K	Missense	0.302101207
2703	ATF7IP	D313N;D314N	Missense;Missense	0.644128016
2704	ATF7IP	Q330*	Nonsense	-1.946246252
2705	ATF7IP	P365F	Missense	-0.1233761
2706	ATF7IP		No Mutation	0.689130113
2707	ATF7IP	I376I;T377I	Silent;Missense	-0.107459156
2708	ATF7IP	A385V	Missense	0.078473504
2709	ATF7IP		No Mutation	-0.005817604
2710	ATF7IP		No Mutation	0.028469025
2711	ATF7IP		No Mutation	0.619717701
2712	ATF7IP	L442F	Missense	0.094373342
2713	ATF7IP		No Mutation	0.012774948
2714	ATF7IP	E462E	Silent	0.045926008
2715	ATF7IP		No Mutation	-0.185360648
2716	ATF7IP		No Mutation	-0.330576774
2717	ATF7IP		No Mutation	-0.306968938
2718	ATF7IP		No Mutation	0.435528319
2719	ATF7IP	S483N;S484N	Missense;Missense	-0.069932619
2720	ATF7IP	P488L	Missense	-0.139611545
2721	ATF7IP	L493L;V494I	Silent;Missense	0.045507835
2722	ATF7IP	D497N	Missense	-0.247299122
2723	ATF7IP	V494V;L495F	Silent;Missense	0.211783466
2724	ATF7IP		No Mutation	0.250565732
2725	ATF7IP	E499E;D500N	Silent;Missense	0.460975892
2726	ATF7IP		No Mutation	-0.283546381
2727	ATF7IP		No Mutation	0.356438123
2728	ATF7IP		No Mutation	0.386012145
2729	ATF7IP		No Mutation	-0.247479248
2730	ATF7IP		No Mutation	0.341681359
2731	ATF7IP	V537I	Missense	0.172183411
2732	ATF7IP		No Mutation	0.018256638
2733	ATF7IP	S557F	Missense	0.915606424
2734	ATF7IP	R569C	Missense	-0.060170594
2735	ATF7IP		No Mutation	0.552844752
2736	ATF7IP		No Mutation	-1.222107147
2737	ATF7IP	Q593Q	Silent	0.089916773
2738	ATF7IP	N592N;Q593*	Silent;Nonsense	0.447537398
2739	ATF7IP		No Mutation	0.325570031
2740	ATF7IP	(NC)	Intron	0.324410065
2741	ATF7IP		No Mutation	0.17551077
2742	ATF7IP		No Mutation	0.397582232
2743	ATF7IP		No Mutation	-0.343197675
2744	ATF7IP		No Mutation	0.080887895
2745	ATF7IP	L639F	Missense	0.090709908
2746	ATF7IP		No Mutation	0.322543231
2747	ATF7IP	R652H	Missense	0.596950373
2748	ATF7IP	A656T	Missense	0.398342637
2749	ATF7IP		No Mutation	0.113309549
2750	ATF7IP		No Mutation	-0.264589108
2751	ATF7IP		No Mutation	-0.314845557
2752	ATF7IP		No Mutation	-0.395755269
2753	ATF7IP		No Mutation	0.176819982
2754	ATF7IP	N669N;P670L	Silent;Missense	-0.397951126
2755	ATF7IP	V672I	Missense	-0.358566525
2756	ATF7IP		No Mutation	-0.309797014
2757	ATF7IP		No Mutation	-0.114318876
2758	ATF7IP		No Mutation	0.035748852
2759	ATF7IP		No Mutation	0.070146666
2760	ATF7IP	G693G;T694I	Silent;Missense	-0.187135976
2761	ATF7IP	S706N;E707K	Missense;Missense	-0.566982984
2762	ATF7IP		No Mutation	-0.591820399
2763	ATF7IP	V717M	Missense	0.062968019
2764	ATF7IP	Q714*;T715I	Nonsense;Missense	-0.053291432
2765	ATF7IP	V717V	Silent	0.111438848
2766	ATF7IP		No Mutation	0.734742435
2767	ATF7IP		No Mutation	-0.217114665
2768	ATF7IP	S733N;S734N	Missense;Missense	0.266663433
2769	ATF7IP	S734N	Missense	0.654096487
2770	ATF7IP	V742M	Missense	-0.200954728
2771	ATF7IP	Q739*	Nonsense	-0.529058092
2772	ATF7IP	Q739*;T740I	Nonsense;Missense	0.041894867
2773	ATF7IP		No Mutation	-0.124296797
2774	ATF7IP	V752I	Missense	0.423105991
2775	ATF7IP	V752I	Missense	-0.227839373
2776	ATF7IP	A759T	Missense	1.006773731
2777	ATF7IP	V761I;V762I	Missense;Missense	0.061907899
2778	ATF7IP	V762I	Missense	0.289244679
2779	ATF7IP		No Mutation	-0.217930879
2780	ATF7IP	T764I;T765I	Missense;Missense	-0.764421897
2781	ATF7IP	Q773Q	Silent	0.324749703
2782	ATF7IP		No Mutation	0.014694268
2783	ATF7IP		No Mutation	-0.381994687
2784	ATF7IP		No Mutation	0.279871326
2785	ATF7IP	Q779Q	Silent	0.344128125
2786	ATF7IP	L785L	Silent	-0.322302481
2787	ATF7IP	V787I	Missense	-0.144189231
2788	ATF7IP		No Mutation	-0.027464017
2789	ATF7IP		No Mutation	-0.466308104
2790	ATF7IP	Q799Q	Silent	0.02344459
2791	ATF7IP	Q799Q	Silent	0.355653961
2792	ATF7IP	L797F;L798L	Missense;Silent	0.499069513
2793	ATF7IP	S800N	Missense	1.122223514
2794	ATF7IP	L798L	Silent	-0.440304167
2795	ATF7IP	S800S;H801Y	Silent;Missense	0.360136104
2796	ATF7IP	L805L;V806I	Silent;Missense	-0.3987801
2797	ATF7IP		No Mutation	0.06027117
2798	ATF7IP	T807I	Missense	-0.06898803
2799	ATF7IP	E815K	Missense	0.041288366
2800	ATF7IP	S821S;P822L	Silent;Missense	-0.170974047
2801	ATF7IP	G827N	Missense	0.048593195
2802	ATF7IP	G827N	Missense	-0.050282782
2803	ATF7IP		No Mutation	0.233351458
2804	ATF7IP		No Mutation	0.593834922
2805	ATF7IP		No Mutation	0.29688784
2806	ATF7IP		No Mutation	0.089678852
2807	ATF7IP		No Mutation	1.180026832
2808	ATF7IP		No Mutation	-0.408831336
2809	ATF7IP	V847I	Missense	0.344864058
2810	ATF7IP	V847I	Missense	0.025164349
2811	ATF7IP	V850M	Missense	0.254371614
2812	ATF7IP	S854N	Missense	0.263864154
2813	ATF7IP	P851L	Missense	0.133847259
2814	ATF7IP	R857K	Missense	0.214551083
2815	ATF7IP	R857K	Missense	0.317211143
2816	ATF7IP		No Mutation	0.258793881
2817	ATF7IP	A861V	Missense	0.131835306
2818	ATF7IP	A864T	Missense	0.208386368
2819	ATF7IP	A861V	Missense	0.287556109
2820	ATF7IP	A864T	Missense	0.133191456
2821	ATF7IP	L866L;G867K	Silent;Missense	0.179981599
2822	ATF7IP	A871T	Missense	-0.453466073
2823	ATF7IP	T868I	Missense	0.146366537
2824	ATF7IP	V882I	Missense	0.052569265
2825	ATF7IP	S880F	Missense	-0.052957209
2826	ATF7IP		No Mutation	-0.18216515
2827	ATF7IP	T887I	Missense	-0.184963882
2828	ATF7IP	T887I;S888F	Missense;Missense	-0.755356664
2829	ATF7IP	P890F;T891I	Missense;Missense	-0.430092001
2830	ATF7IP	G896K	Missense	0.15811929
2831	ATF7IP	G896K	Missense	0.223950566
2832	ATF7IP	S899N	Missense	-0.012417538
2833	ATF7IP	S899N	Missense	0.362141258
2834	ATF7IP	P900L	Missense	-0.032970907
2835	ATF7IP	G905N	Missense	0.883595286
2836	ATF7IP	S917N	Missense	-0.057666083
2837	ATF7IP	T928I	Missense	-0.518398209
2838	ATF7IP	(NC);(NC)	Splice-donor;Intron	-1.985200555
2839	ATF7IP	(NC)	Intron	-1.572433394
2840	ATF7IP	(NC)	Intron	-1.079705428
2841	ATF7IP		No Mutation	-0.125143667
2842	ATF7IP		No Mutation	0.325552362
2843	ATF7IP	A949V	Missense	-0.134167676
2844	ATF7IP	(NC)	Intron	-0.516229948
2845	ATF7IP	T959I	Missense	0.558962315
2846	ATF7IP	S964N	Missense	0.215462398
2847	ATF7IP	V966V	Silent	-0.326585225
2848	ATF7IP		No Mutation	1.010951324
2849	ATF7IP		No Mutation	-0.140571186
2850	ATF7IP	S994N	Missense	-0.150904496
2851	ATF7IP	Q997Q	Silent	0.24984612
2852	ATF7IP	L1003L	Silent	0.316171691
2853	ATF7IP		No Mutation	0.545472032
2854	ATF7IP	P1010P	Silent	0.236970659
2855	ATF7IP	P1010P	Silent	-0.11837631
2856	ATF7IP	P1010L;P1011F	Missense;Missense	-0.250781589
2857	ATF7IP		No Mutation	-0.593126653
2858	ATF7IP	P1010L;P1011F	Missense;Missense	0.222063265
2859	ATF7IP	P1011F;L1012F	Missense;Missense	0.073624664
2860	ATF7IP	G1016K	Missense	0.037310187
2861	ATF7IP	G1016K;V1017M	Missense;Missense	0.100037811
2862	ATF7IP	S1015F	Missense	-0.196347112
2863	ATF7IP	S1020N	Missense	-0.285358608
2864	ATF7IP		No Mutation	0.298178381
2865	ATF7IP		No Mutation	-0.056060529
2866	ATF7IP	H1028Y	Missense	-0.479606541
2867	ATF7IP		No Mutation	0.050607751
2868	ATF7IP		No Mutation	-0.123495187
2869	ATF7IP	(NC);(NC)	Intron;Intron	0.226427929
2870	ATF7IP		No Mutation	-0.582101864
2871	ATF7IP	V1039I	Missense	-0.121933196
2872	ATF7IP	R1042H	Missense	-0.249278234
2873	ATF7IP	H1041Y;R1042C	Missense;Missense	0.224322571
2874	ATF7IP		No Mutation	-0.614581894
2875	ATF7IP		No Mutation	-0.322078323
2876	ATF7IP	A1058T	Missense	0.06835649
2877	ATF7IP	A1058T	Missense	0.335517106
2878	ATF7IP	A1056V;P1057S	Missense;Missense	0.791986074
2879	ATF7IP		No Mutation	-0.197509131
2880	ATF7IP	P1057F	Missense	-0.468173902
2881	ATF7IP	V1062I;V1063I	Missense;Missense	0.231349893
2882	ATF7IP		No Mutation	-0.141777593
2883	ATF7IP		No Mutation	0.523829808
2884	ATF7IP	P1068F	Missense	-0.339873558
2885	ATF7IP	Q1073Q;A1074T	Silent;Missense	0.378168546
2886	ATF7IP	A1072V;Q1073*	Missense;Nonsense	-1.456680653
2887	ATF7IP		No Mutation	0.097054178
2888	ATF7IP	L1076L;R1077Q	Silent;Missense	0.288877682
2889	ATF7IP	R1077*	Nonsense	-0.090910258
2890	ATF7IP	V1080I	Missense	0.04393265
2891	ATF7IP	M1081I	Missense	0.088148283
2892	ATF7IP	Q1082*	Nonsense	-0.427083644
2893	ATF7IP	A1083V;P1084S	Missense;Missense	0.198161819
2894	ATF7IP	V1089I	Missense	0.486570485
2895	ATF7IP		No Mutation	0.287413595
2896	ATF7IP	(NC)	Intron	0.526897675
2897	ATF7IP	V1106I	Missense	-0.338151697
2898	ATF7IP	T1104I	Missense	-0.666835255
2899	ATF7IP		No Mutation	-0.136858572
2900	ATF7IP	N1108N	Silent	-0.69745109
2901	ATF7IP	N1108N	Silent	0.048233069
2902	ATF7IP	L1111L;T1112I	Silent;Missense	-0.164283146
2903	ATF7IP	G1117E	Missense	0.032953293
2904	ATF7IP		No Mutation	0.094673319
2905	ATF7IP		No Mutation	-0.005386334
2906	ATF7IP	V1129V	Silent	-0.57166327
2907	ATF7IP	(NC)	Splice-donor	-2.494393918
2908	ATF7IP	(NC);(NC)	Splice-donor;Intron	-1.276344898
2909	ATF7IP	T1131I	Missense	0.281285431
2910	ATF7IP		No Mutation	-0.036091708
2911	ATF7IP	E1132E	Silent	-0.322684714
2912	ATF7IP		No Mutation	-0.071275202
2913	ATF7IP		No Mutation	-0.198100152
2914	ATF7IP	A1140T	Missense	-0.077009854
2915	ATF7IP	A1140T	Missense	-0.27475762
2916	ATF7IP		No Mutation	1.113681134
2917	ATF7IP		No Mutation	-0.025056248
2918	ATF7IP		No Mutation	-0.226373768
2919	ATF7IP	E1144K;A1145T	Missense;Missense	0.703280309
2920	ATF7IP	E1144K;A1145T	Missense;Missense	-0.469128426
2921	ATF7IP		No Mutation	0.09729974
2922	ATF7IP		No Mutation	0.310057007
2923	ATF7IP		No Mutation	0.112778826
2924	ATF7IP	L1151L	Silent	-0.584707006
2925	ATF7IP	E1154K	Missense	0.465874811
2926	ATF7IP	S1157N	Missense	0.062410939
2927	ATF7IP	S1157N	Missense	-0.093749824
2928	ATF7IP		No Mutation	-0.013703595
2929	ATF7IP		No Mutation	-0.012337893
2930	ATF7IP	Q1162Q	Silent	0.409067957
2931	ATF7IP	L1166L	Silent	-0.009273775
2932	ATF7IP	A1169T;R1170H	Missense;Missense	0.272795063
2933	ATF7IP	R1170C	Missense	-0.491511323
2934	ATF7IP	G1176G	Silent	-0.175120149
2935	ATF7IP	L1179L	Silent	-1.820493056
2936	ATF7IP	S1180L	Missense	-1.435005108
2937	ATF7IP		No Mutation	-1.214519105
2938	ATF7IP	S1189N	Missense	0.399184599
2939	ATF7IP		No Mutation	0.224170738
2940	ATF7IP	L1198F	Missense	-0.387535725
2941	ATF7IP	E1203K	Missense	-0.229398129
2942	ATF7IP	A1207T	Missense	-0.197513524
2943	ATF7IP		No Mutation	-1.769412424
2944	ATF7IP	A1207V;T1208I	Missense;Missense	0.111863706
2945	ATF7IP		No Mutation	-0.74410385
2946	ATF7IP	W1213*	Nonsense	-1.530548245
2947	ATF7IP	S1211L;Q1212*	Missense;Nonsense	-0.086906851
2948	ATF7IP	S1211L;Q1212*	Missense;Nonsense	-0.412233501
2949	ATF7IP	Q1212*	Nonsense	-0.727311109
2950	ATF7IP		No Mutation	-0.408078263
2951	ATF7IP	A1221V;L1222F	Missense;Missense	0.587458165
2952	ATF7IP	C1228Y	Missense	-1.4025162
2953	ATF7IP	C1228Y	Missense	0.217435296
2954	ATF7IP		No Mutation	-0.131926233
2955	ATF7IP		No Mutation	0.228544654
2956	ATF7IP	L1230F;T1231I	Missense;Missense	-1.049660636
2957	ATF7IP	G1236D;S1237N	Missense;Missense	0.323921902
2958	ATF7IP	S1237N	Missense	0.712399473
2959	ATF7IP	Y1240Y	Silent	-0.224779674
2960	ATF7IP	R1244*;A1245V	Nonsense;Missense	-0.346338246
2961	ATF7IP		No Mutation	0.280787881
2962	ATF7IP	G1250E;R1251H	Missense;Missense	-0.328616789
2963	ATF7IP	Q1259Q	Silent	1.191798467
2964	ATF7IP	V1263I	Missense	-0.118790516
2965	ATF7IP	T1267T;Q1268*	Silent;Nonsense	-0.040538765
2966	ATF7IP	(NC)	UTR	0.02113643
2967	ATF7IP	(NC);(NC)	UTR;UTR	0.171535641
2968	ATF7IP		No Mutation	0.669068961
2969	ATF7IP2	(NC);(NC)	Intron;Intron	0.133155896
2970	ATF7IP2	M1I;A2T	Missense;Missense	-0.427308387
2971	ATF7IP2	P4L	Missense	0.212709195
2972	ATF7IP2	R9Q	Missense	0.912343716
2973	ATF7IP2	T17I	Missense	0.282742227
2974	ATF7IP2	K24K	Silent	0.201133569
2975	ATF7IP2	K24K	Silent	-0.052755534
2976	ATF7IP2	K24K;V26I	Silent;Missense	-0.323826083
2977	ATF7IP2	E27E;M28I	Silent;Missense	0.131894199
2978	ATF7IP2		No Mutation	-0.640279255
2979	ATF7IP2	A37V;L38L	Missense;Silent	0.295520103
2980	ATF7IP2	A37V;L38L	Missense;Silent	0.072737524
2981	ATF7IP2		No Mutation	-0.099534054
2982	ATF7IP2	S52N	Missense	0.11521542
2983	ATF7IP2	P55F	Missense	-0.036243949
2984	ATF7IP2	R60K	Missense	0.479035979
2985	ATF7IP2		No Mutation	-0.069817773
2986	ATF7IP2		No Mutation	0.191808901
2987	ATF7IP2	V103I	Missense	0.761190721
2988	ATF7IP2	H104Y	Missense	0.270594312
2989	ATF7IP2		No Mutation	0.312360412
2990	ATF7IP2	E124K	Missense	-0.103338773
2991	ATF7IP2		No Mutation	0.121899105
2992	ATF7IP2	S127S	Silent	0.258407954
2993	ATF7IP2	E132K	Missense	-0.06085119
2994	ATF7IP2	E132K	Missense	0.271257014
2995	ATF7IP2	E132K	Missense	-0.076125073
2996	ATF7IP2	E159E;G160K	Silent;Missense	0.769432432
2997	ATF7IP2	E159E;G160K;A161T	Silent;Missense;Missense	0.522024495
2998	ATF7IP2	S172N	Missense	-0.165151835
2999	ATF7IP2	P170L;P171F	Missense;Missense	-0.0805879
3000	ATF7IP2	S175N;G176N	Missense;Missense	0.004859486
3001	ATF7IP2	G176N;V177I	Missense;Missense	-0.191066901
3002	ATF7IP2	G176D;V177I	Missense;Missense	0.154605584
3003	ATF7IP2	S187N	Missense	-0.078612364
3004	ATF7IP2	T184I	Missense	-0.040388627
3005	ATF7IP2	T184I	Missense	-0.249389893
3006	ATF7IP2	K192K	Silent	0.188629569
3007	ATF7IP2	D191D	Silent	0.670416313
3008	ATF7IP2	E202K	Missense	0.170664197
3009	ATF7IP2		No Mutation	0.371422987
3010	ATF7IP2	S207L	Missense	-0.830748307
3011	ATF7IP2	D211N	Missense	0.235722673
3012	ATF7IP2		No Mutation	0.427684527
3013	ATF7IP2	V239I	Missense	0.068777036
3014	ATF7IP2	C262Y;E263K	Missense;Missense	0.201203404
3015	ATF7IP2		No Mutation	0.06438641
3016	ATF7IP2	S279S;H280Y	Silent;Missense	0.154249886
3017	ATF7IP2		No Mutation	0.276084503
3018	ATF7IP2		No Mutation	0.267667025
3019	ATF7IP2	Q314*	Nonsense	0.136054287
3020	ATF7IP2	T315I	Missense	-0.07513253
3021	ATF7IP2		No Mutation	-0.203729451
3022	ATF7IP2	Q320*	Nonsense	-0.08182183
3023	ATF7IP2	Q320*	Nonsense	0.313882593
3024	ATF7IP2		No Mutation	1.024300409
3025	ATF7IP2	V321V;H323Y	Silent;Missense	0.240526675
3026	ATF7IP2		No Mutation	-0.260530508
3027	ATF7IP2		No Mutation	0.183981197
3028	ATF7IP2	K350K;E352K	Silent;Missense	0.130419822
3029	ATF7IP2	C353C	Silent	0.40402011
3030	ATF7IP2		No Mutation	0.032508892
3031	ATF7IP2	T377I	Missense	0.978873229
3032	ATF7IP2	N389N	Silent	-0.467120094
3033	ATF7IP2	S393N	Missense	0.296720333
3034	ATF7IP2	S392S	Silent	0.054844887
3035	ATF7IP2	K398K	Silent	0.279372526
3036	ATF7IP2		No Mutation	-0.08578374
3037	ATF7IP2		No Mutation	0.143259405
3038	ATF7IP2	A400T	Missense	1.134194569
3039	ATF7IP2		No Mutation	0.221978808
3040	ATF7IP2	S402L	Missense	0.009161628
3041	ATF7IP2	S428F	Missense	-0.076112464
3042	ATF7IP2		No Mutation	0.17184562
3043	ATF7IP2	S447F	Missense	-0.0027911
3044	ATF7IP2		No Mutation	-0.123076469
3045	ATF7IP2		No Mutation	-0.01236323
3046	ATF7IP2	T471I	Missense	-0.647021959
3047	ATF7IP2		No Mutation	0.058017518
3048	ATF7IP2	(NC)	Intron	0.614765499
3049	ATF7IP2	T477I	Missense	-0.183268191
3050	ATF7IP2	P489F	Missense	0.028975826
3051	ATF7IP2	M494I;(NC)	Missense;Splice-donor	-0.218334885
3052	ATF7IP2	M494I;(NC);(NC)	Missense;Splice-donor;Intron	0.489486734
3053	ATF7IP2		No Mutation	1.059519377
3054	ATF7IP2	L511L;S512F	Silent;Missense	0.060505807
3055	ATF7IP2	E517K	Missense	0.550414235
3056	ATF7IP2	N513N;C514C	Silent;Silent	-0.118393179
3057	ATF7IP2	(NC)	Splice-acceptor	0.124667411
3058	ATF7IP2	P519S	Missense	0.293506707
3059	ATF7IP2	E524K	Missense	0.879004531
3060	ATF7IP2	S527S	Silent	-0.432868389
3061	ATF7IP2	S527S	Silent	0.300053315
3062	ATF7IP2	S527S	Silent	0.055825455
3063	ATF7IP2	S527S	Silent	0.470836231
3064	ATF7IP2	S527S;A529T	Silent;Missense	-0.16062059
3065	ATF7IP2	A529V	Missense	0.597525069
3066	ATF7IP2		No Mutation	-0.03265022
3067	ATF7IP2	A540V;Q541*	Missense;Nonsense	0.477796196
3068	ATF7IP2	(NC);(NC)	Intron;Intron	-0.087684567
3069	ATF7IP2	(NC)	Intron	0.197475741
3070	ATF7IP2		No Mutation	-0.433752254
3071	ATF7IP2		No Mutation	-0.124672286
3072	ATF7IP2	E558K	Missense	0.121448872
3073	ATF7IP2		No Mutation	-0.175628404
3074	ATF7IP2	A561T	Missense	-0.070496421
3075	ATF7IP2		No Mutation	0.633378491
3076	ATF7IP2		No Mutation	-0.071866466
3077	ATF7IP2	E565K	Missense	0.2042756
3078	ATF7IP2	E565K	Missense	-0.284629856
3079	ATF7IP2	V567I;D568N	Missense;Missense	0.190067844
3080	ATF7IP2		No Mutation	0.30397905
3081	ATF7IP2		No Mutation	-0.026942632
3082	ATF7IP2	E580K	Missense	-0.761537597
3083	ATF7IP2		No Mutation	-0.106909482
3084	ATF7IP2		No Mutation	-0.022980885
3085	ATF7IP2	V583M	Missense	-0.074389651
3086	ATF7IP2	P579L	Missense	-0.345789287
3087	ATF7IP2	L581F	Missense	0.424249995
3088	ATF7IP2	R585Q	Missense	0.236057539
3089	ATF7IP2	G591G	Silent	-0.138301186
3090	ATF7IP2	L594L	Silent	0.140986541
3091	ATF7IP2	L594L	Silent	0.235953327
3092	ATF7IP2		No Mutation	0.446419532
3093	ATF7IP2	K604K;C605Y	Silent;Missense	0.429838423
3094	ATF7IP2	V608I;E609K	Missense;Missense	0.140902318
3095	ATF7IP2	E609K	Missense	0.655419918
3096	ATF7IP2		No Mutation	-0.018109477
3097	ATF7IP2	E618K	Missense	-0.384825459
3098	ATF7IP2		No Mutation	0.817822504
3099	ATF7IP2	S620F	Missense	0.472420334
3100	ATF7IP2		No Mutation	0.816815517
3101	ATF7IP2	A634V	Missense	-0.109572497
3102	ATF7IP2	C641Y	Missense	0.061832816
3103	ATF7IP2		No Mutation	0.539997927
3104	ATF7IP2		No Mutation	-0.381768418
3105	ATF7IP2		No Mutation	-0.060353782
3106	ATF7IP2	Q645Q	Silent	1.089783372
3107	ATF7IP2		No Mutation	-0.362621213
3108	ATF7IP2		No Mutation	-0.041467851
3109	ATF7IP2		No Mutation	0.342263416
3110	ATF7IP2		No Mutation	0.237579612
3111	SETDB2	(NC)	UTR	0.149898387
3112	SETDB2	(NC)	UTR	-0.007040153
3113	SETDB2		No Mutation	0.104565353
3114	SETDB2		No Mutation	0.759056632
3115	SETDB2	G6G	Silent	0.174992806
3116	SETDB2	A8V	Missense	0.14193339
3117	SETDB2		No Mutation	0.01444366
3118	SETDB2		No Mutation	0.176691962
3119	SETDB2	Q37*	Nonsense	-0.169141009
3120	SETDB2	Q37*	Nonsense	0.065646186
3121	SETDB2	S43F	Missense	0.350494496
3122	SETDB2	(NC);(NC)	Intron;Intron	0.540583474
3123	SETDB2	(NC)	Intron	0.002024825
3124	SETDB2	V56I	Missense	-0.520354364
3125	SETDB2	N63N	Silent	0.720006879
3126	SETDB2	S65L	Missense	0.418458577
3127	SETDB2		No Mutation	0.022141041
3128	SETDB2	A71T	Missense	0.222927461
3129	SETDB2		No Mutation	-0.409808783
3130	SETDB2	Q73Q	Silent	0.580027856
3131	SETDB2		No Mutation	0.040424953
3132	SETDB2	(NC)	Intron	0.159190248
3133	SETDB2	(NC)	Intron	-0.000864944
3134	SETDB2	P85S	Missense	-0.32136303
3135	SETDB2	Q88Q	Silent	0.460899279
3136	SETDB2		No Mutation	0.395032353
3137	SETDB2	E90K	Missense	0.500065305
3138	SETDB2		No Mutation	-0.25408161
3139	SETDB2	C111Y	Missense	1.22440211
3140	SETDB2		No Mutation	-0.143875742
3141	SETDB2	(NC)	Intron	0.069701643
3142	SETDB2	Q143*	Nonsense	-0.293705138
3143	SETDB2	G149S	Missense	0.147703875
3144	SETDB2	P156S	Missense	1.215706898
3145	SETDB2	P156L	Missense	-0.333454785
3146	SETDB2		No Mutation	0.410126001
3147	SETDB2		No Mutation	0.075183589
3148	SETDB2		No Mutation	-0.040393276
3149	SETDB2	K179K	Silent	-0.311594069
3150	SETDB2		No Mutation	0.461400066
3151	SETDB2		No Mutation	1.166893826
3152	SETDB2	S198N	Missense	-0.054976844
3153	SETDB2		No Mutation	-0.305146909
3154	SETDB2	R200Q	Missense	-0.192676665
3155	SETDB2		No Mutation	0.185060563
3156	SETDB2	L199L	Silent	0.594889295
3157	SETDB2	E213E;C214Y	Silent;Missense	0.889934816
3158	SETDB2	F224F	Silent	-0.002492331
3159	SETDB2	T226I	Missense	0.381469545
3160	SETDB2	R232Q	Missense	0.514379457
3161	SETDB2		No Mutation	0.492786781
3162	SETDB2		No Mutation	0.186665192
3163	SETDB2		No Mutation	-0.285625232
3164	SETDB2	E260K	Missense	0.719049368
3165	SETDB2	E260K	Missense	0.432665208
3166	SETDB2	R272K	Missense	0.316040315
3167	SETDB2	R272K	Missense	0.655189946
3168	SETDB2	Y271Y	Silent	-0.086305511
3169	SETDB2		No Mutation	-0.449096621
3170	SETDB2	M288I	Missense	0.307607695
3171	SETDB2		No Mutation	0.186489378
3172	SETDB2	S292F	Missense	0.129451712
3173	SETDB2	S292F	Missense	0.053734771
3174	SETDB2	E297E;G298N	Silent;Missense	-0.032618611
3175	SETDB2		No Mutation	-0.110084042
3176	SETDB2		No Mutation	-0.089222181
3177	SETDB2	(NC)	Splice-acceptor	0.062273878
3178	SETDB2	L308F	Missense	-0.079395104
3179	SETDB2	L320L	Silent	-0.258794228
3180	SETDB2		No Mutation	0.375277881
3181	SETDB2	Q335*	Nonsense	0.638684212
3182	SETDB2		No Mutation	0.363661081
3183	SETDB2	Q337*	Nonsense	0.07794034
3184	SETDB2	T340I	Missense	-0.401547693
3185	SETDB2		No Mutation	0.164323857
3186	SETDB2		No Mutation	0.332714441
3187	SETDB2	N358N;R359*	Silent;Nonsense	0.360289949
3188	SETDB2	G364N	Missense	0.058030731
3189	SETDB2	H363Y	Missense	-0.349348527
3190	SETDB2	V367I	Missense	0.509605865
3191	SETDB2	P365F;Q366*	Missense;Nonsense	-0.043545501
3192	SETDB2	Q370Q;V371M	Silent;Missense	0.031610848
3193	SETDB2	F372F	Silent	0.250187069
3194	SETDB2	F372F	Silent	0.506481756
3195	SETDB2	T374I	Missense	0.343512217
3196	SETDB2	T374I	Missense	0.102299361
3197	SETDB2	T374I	Missense	-0.282532596
3198	SETDB2	L384L	Silent	0.172282368
3199	SETDB2		No Mutation	0.265108743
3200	SETDB2		No Mutation	-0.119776694
3201	SETDB2		No Mutation	-0.199415777
3202	SETDB2	N405N;T406I	Silent;Missense	0.399568624
3203	SETDB2		No Mutation	0.113459743
3204	SETDB2		No Mutation	-0.112764876
3205	SETDB2		No Mutation	0.64344771
3206	SETDB2	L444F	Missense	-0.105398942
3207	SETDB2		No Mutation	-0.177650439
3208	SETDB2		No Mutation	0.232947407
3209	SETDB2		No Mutation	0.051999169
3210	SETDB2	F464F	Silent	0.013940506
3211	SETDB2		No Mutation	-0.138587853
3212	SETDB2	V473M;(NC)	Missense;Splice-donor	0.508514767
3213	SETDB2	(NC)	Splice-donor	-0.016987957
3214	SETDB2		No Mutation	0.050660423
3215	SETDB2	T475T	Silent	0.550718426
3216	SETDB2	A497T	Missense	0.329274273
3217	SETDB2		No Mutation	0.33182152
3218	SETDB2	G503K	Missense	-0.02374207
3219	SETDB2	H501Y	Missense	0.45347084
3220	SETDB2		No Mutation	0.642642816
3221	SETDB2		No Mutation	0.396495943
3222	SETDB2	E507K	Missense	0.194399373
3223	SETDB2		No Mutation	-0.164465549
3224	SETDB2	T515I;P516L	Missense;Missense	-0.118475151
3225	SETDB2	G521K	Missense	0.163039818
3226	SETDB2	L529L	Silent	0.06594363
3227	SETDB2		No Mutation	-0.256748321
3228	SETDB2		No Mutation	0.049515378
3229	SETDB2	L529L	Silent	-0.231085681
3230	SETDB2	L529L	Silent	-0.087787703
3231	SETDB2	T533I	Missense	0.352406739
3232	SETDB2	(NC);(NC);(NC)	Splice-donor;Intron;Intron	0.426404745
3233	SETDB2	(NC);(NC)	Intron;Intron	-0.098233857
3234	SETDB2	(NC);K538K;D539N	Splice-acceptor;Silent;Missense	0.523079037
3235	SETDB2	E549K;D550N	Missense;Missense	0.342639516
3236	SETDB2		No Mutation	0.36569437
3237	SETDB2		No Mutation	-0.326123789
3238	SETDB2	C574Y	Missense	-0.384464787
3239	SETDB2		No Mutation	0.521389831
3240	SETDB2	N575N;Q576*	Silent;Nonsense	0.233881937
3241	SETDB2	L580L;D581N	Silent;Missense	0.335364049
3242	SETDB2	Q583Q	Silent	0.732925832
3243	SETDB2	Q583*	Nonsense	0.567860735
3244	SETDB2		No Mutation	1.004743592
3245	SETDB2	Q594*	Nonsense	0.645430066
3246	SETDB2	Q594*	Nonsense	0.220410925
3247	SETDB2		No Mutation	0.301238557
3248	SETDB2		No Mutation	0.192250929
3249	SETDB2	A603T	Missense	0.163409909
3250	SETDB2	A603V	Missense	0.423552754
3251	SETDB2	D625N	Missense	0.208074914
3252	SETDB2	T628I	Missense	0.150789202
3253	SETDB2		No Mutation	0.87978
3254	SETDB2	T641I	Missense	0.541807547
3255	SETDB2	F649F;L650F	Silent;Missense	0.199618356
3256	SETDB2	F649F;L650F	Silent;Missense	0.284379376
3257	SETDB2	(NC);(NC)	Intron;Intron	-0.058452695
3258	SETDB2	(NC);(NC);(NC)	Intron;Intron;Intron	0.036021342
3259	SETDB2		No Mutation	0.883879618
3260	SETDB2		No Mutation	0.336507412
3261	SETDB2	Q661Q	Silent	0.061114729
3262	SETDB2	Q661Q	Silent	0.560837874
3263	SETDB2		No Mutation	-0.265945984
3264	SETDB2	A676V	Missense	-0.162073412
3265	SETDB2	(NC)	Intron	0.336597851
3266	SETDB2	A685V	Missense	0.855117335
3267	SETDB2		No Mutation	0.296658458
3268	SETDB2	L689L	Silent	0.380035532
3269	SETDB2		No Mutation	0.767012197
3270	SETDB2		No Mutation	2.984883881
3271	SETDB2		No Mutation	0.147274254
3272	SETDB2	C707Y	Missense	0.35319952
3273	SETDB2		No Mutation	0.64556046
3274	SETDB2	I705I	Silent	0.121568357
3275	SETDB2	I705I	Silent	0.36419164
3276	SETDB2		No Mutation	0.650557228
3277	EHMT1	(NC);(NC)	UTR;UTR	-0.391919044
3278	EHMT1	(NC);(NC)	UTR;UTR	0.062014228
3279	EHMT1	(NC);(NC);(NC)	UTR;UTR;UTR	-0.41152626
3280	EHMT1	A4T	Missense	-0.209791334
3281	EHMT1	A4T;D5N	Missense;Missense	-0.055365836
3282	EHMT1	A2V	Missense	0.086513925
3283	EHMT1	A6T	Missense	-0.387492046
3284	EHMT1	E7E;(NC);(NC)	Silent;Splice-donor;Intron	-0.563210488
3285	EHMT1	A6V	Missense	0.522484893
3286	EHMT1	A6V	Missense	0.704781244
3287	EHMT1	(NC);(NC)	Intron;Intron	0.132210264
3288	EHMT1	A6V	Missense	-0.127607132
3289	EHMT1	(NC);(NC)	Intron;Intron	-0.3386304
3290	EHMT1		No Mutation	0.885583052
3291	EHMT1		No Mutation	-0.188104646
3292	EHMT1	(NC)	Intron	-0.024669185
3293	EHMT1	(NC);(NC);(NC)	Intron;Intron;Intron	0.468779609
3294	EHMT1	(NC)	Intron	0.443531092
3295	EHMT1	(NC)	Intron	0.734748872
3296	EHMT1	(NC);(NC)	Intron;Intron	0.221503809
3297	EHMT1		No Mutation	-0.386345855
3298	EHMT1	(NC);(NC)	Intron;Intron	-0.135170485
3299	EHMT1	(NC)	Intron	-0.124376583
3300	EHMT1	(NC)	Intron	-0.114750326
3301	EHMT1	(NC);A8V	Intron;Missense	-0.278769711
3302	EHMT1	A8V	Missense	0.395003139
3303	EHMT1	A8V	Missense	1.027295188
3304	EHMT1		No Mutation	0.752365104
3305	EHMT1		No Mutation	-0.113350866
3306	EHMT1	C20Y;V21M	Missense;Missense	0.497008744
3307	EHMT1		No Mutation	-0.220540572
3308	EHMT1		No Mutation	0.525908393
3309	EHMT1	T23I	Missense	0.005910332
3310	EHMT1	L25L;L26L	Silent;Silent	-0.257142507
3311	EHMT1	L25L;L26L	Silent;Silent	0.034704902
3312	EHMT1	E29K;(NC)	Missense;Splice-donor	-0.146759631
3313	EHMT1	L26L	Silent	0.034453218
3314	EHMT1		No Mutation	0.608563602
3315	EHMT1	(NC)	Intron	-0.06206294
3316	EHMT1		No Mutation	0.321834343
3317	EHMT1	P31F	Missense	-0.194155195
3318	EHMT1	E36K;G37N	Missense;Missense	-0.112199798
3319	EHMT1	E40K	Missense	0.033947019
3320	EHMT1	G37G	Silent	0.555991464
3321	EHMT1	S38L;A39V	Missense;Missense	0.709226951
3322	EHMT1		No Mutation	0.112777258
3323	EHMT1	A43V	Missense	0.348994011
3324	EHMT1		No Mutation	-0.210318676
3325	EHMT1	A46V;H47Y	Missense;Missense	0.349944659
3326	EHMT1	G52N	Missense	0.347724782
3327	EHMT1	A50V	Missense	0.526073258
3328	EHMT1	A50V;D51D	Missense;Silent	-0.629256481
3329	EHMT1	A69T	Missense	0.797704579
3330	EHMT1	A69V	Missense	0.513406136
3331	EHMT1	H72H;T73I	Silent;Missense	0.136175633
3332	EHMT1	H72H;T73I;Q74*	Silent;Missense;Nonsense	0.837726959
3333	EHMT1	S76S;A77V	Silent;Missense	-0.127874512
3334	EHMT1		No Mutation	0.300973778
3335	EHMT1		No Mutation	0.242665183
3336	EHMT1		No Mutation	-0.134392334
3337	EHMT1		No Mutation	0.63547373
3338	EHMT1		No Mutation	-0.66694116
3339	EHMT1	G84G;T85I	Silent;Missense	0.038748571
3340	EHMT1	N86N;T87I;L88L	Silent;Missense;Silent	0.035725325
3341	EHMT1	R90Q	Missense	-0.084894986
3342	EHMT1	T89I;R90W	Missense;Missense	0.180794764
3343	EHMT1	T89I;R90W	Missense;Missense	-0.088252891
3344	EHMT1	R90W	Missense	0.503555762
3345	EHMT1		No Mutation	-0.198255694
3346	EHMT1	D113N	Missense	0.156006247
3347	EHMT1	Q116Q	Silent	0.279886002
3348	EHMT1	Q116*	Nonsense	-0.397287068
3349	EHMT1	S118F	Missense	0.0355012
3350	EHMT1	Y125Y	Silent	-0.16045933
3351	EHMT1		No Mutation	0.439472193
3352	EHMT1	Q135Q	Silent	0.40276911
3353	EHMT1	Q133*	Nonsense	-0.422920524
3354	EHMT1	L137L	Silent	-0.073586543
3355	EHMT1	L137L	Silent	0.39153726
3356	EHMT1		No Mutation	0.256708082
3357	EHMT1	S141N	Missense	-0.299821653
3358	EHMT1	S141N	Missense	0.677834282
3359	EHMT1	S146S	Silent	0.250695592
3360	EHMT1	L143L;A144V	Silent;Missense	0.371409798
3361	EHMT1	G149D	Missense	0.273434776
3362	EHMT1	A151V;A152V	Missense;Missense	0.011436946
3363	EHMT1	A152V	Missense	0.008608301
3364	EHMT1	A152V	Missense	0.260291661
3365	EHMT1		No Mutation	0.569157668
3366	EHMT1	T154I;L155F	Missense;Missense	0.598072715
3367	EHMT1	P156F	Missense	-0.029615665
3368	EHMT1	G160N	Missense	-0.254336796
3369	EHMT1	G160N	Missense	-0.09791776
3370	EHMT1		No Mutation	0.288671785
3371	EHMT1	G162N	Missense	-0.107990179
3372	EHMT1	Q170Q	Silent	-0.151136852
3373	EHMT1	A174T	Missense	-0.055517233
3374	EHMT1		No Mutation	-0.187669497
3375	EHMT1		No Mutation	0.325882635
3376	EHMT1	A174V;P175L	Missense;Missense	0.838869568
3377	EHMT1	A177T	Missense	0.119186228
3378	EHMT1	A174V;P175L	Missense;Missense	0.482208503
3379	EHMT1	A174A;P175L;P176S	Silent;Missense;Missense	-0.177941562
3380	EHMT1		No Mutation	-0.211108169
3381	EHMT1	P176L	Missense	-0.075390136
3382	EHMT1	P176L;A177V	Missense;Missense	-0.259344361
3383	EHMT1	P176L;A177V	Missense;Missense	-0.269010544
3384	EHMT1	G180K	Missense	-0.39832526
3385	EHMT1	G180K;E181K	Missense;Missense	-0.224846849
3386	EHMT1	G180K;E181K	Missense;Missense	-0.844080649
3387	EHMT1	E181K;G182K	Missense;Missense	-0.35040503
3388	EHMT1	G182E;S183N	Missense;Missense	0.111444816
3389	EHMT1	S183N;A184T	Missense;Missense	-0.280684668
3390	EHMT1	A184T;D185N	Missense;Missense	-0.074785713
3391	EHMT1		No Mutation	-0.152099875
3392	EHMT1	A184V	Missense	-0.327877824
3393	EHMT1		No Mutation	-0.130666245
3394	EHMT1		No Mutation	-0.008161763
3395	EHMT1	A193A;P194F	Silent;Missense	0.320942486
3396	EHMT1	D197N;V198I	Missense;Missense	0.018645336
3397	EHMT1	D197N;V198I	Missense;Missense	0.217516039
3398	EHMT1	K199K	Silent	0.746573011
3399	EHMT1	K199K;V200I	Silent;Missense	0.23659366
3400	EHMT1	K199K;V200I	Silent;Missense	0.260622924
3401	EHMT1	A196V;D197D	Missense;Silent	0.029712116
3402	EHMT1	A196A;D197D	Silent;Silent	-0.382185845
3403	EHMT1	R202K	Missense	0.707202328
3404	EHMT1	K205K	Silent	0.063334948
3405	EHMT1	T206T;P208S	Silent;Missense	0.084233094
3406	EHMT1	P208L	Missense	0.027479103
3407	EHMT1	V212I	Missense	0.138077008
3408	EHMT1		No Mutation	0.24235401
3409	EHMT1	G213N	Missense	0.220355826
3410	EHMT1		No Mutation	-0.108179675
3411	EHMT1		No Mutation	-0.035450967
3412	EHMT1	R222K;E223K	Missense;Missense	0.598826518
3413	EHMT1	E226K;A227T	Missense;Missense	0.121645883
3414	EHMT1	A227T	Missense	0.161768157
3415	EHMT1		No Mutation	1.910861921
3416	EHMT1	H230Y	Missense	0.267955283
3417	EHMT1		No Mutation	0.656330227
3418	EHMT1		No Mutation	-0.511451037
3419	EHMT1		No Mutation	0.504463469
3420	EHMT1		No Mutation	0.2081024
3421	EHMT1		No Mutation	0.391421709
3422	EHMT1	Q258Q	Silent	-0.008638215
3423	EHMT1	Q258Q;S259S	Silent;Silent	0.709193233
3424	EHMT1	S259S	Silent	0.172309732
3425	EHMT1		No Mutation	-0.044284626
3426	EHMT1		No Mutation	0.452080315
3427	EHMT1	Q262*	Nonsense	-0.604765677
3428	EHMT1		No Mutation	0.450945326
3429	EHMT1		No Mutation	0.05360441
3430	EHMT1	T269I;T270I	Missense;Missense	0.481529554
3431	EHMT1	S272L;Q273*	Missense;Nonsense	0.279962075
3432	EHMT1	T274I	Missense	0.251625765
3433	EHMT1	A283T;A284T	Missense;Missense	-0.04588978
3434	EHMT1		No Mutation	0.003143477
3435	EHMT1		No Mutation	0.396006688
3436	EHMT1		No Mutation	0.958914978
3437	EHMT1	K301K	Silent	0.880869395
3438	EHMT1	T304I	Missense	0.061377991
3439	EHMT1		No Mutation	0.358491354
3440	EHMT1	S318S	Silent	0.214675721
3441	EHMT1	T320I	Missense	-0.3139676
3442	EHMT1	S322F	Missense	0.017689144
3443	EHMT1	K327K;(NC)	Silent;Splice-donor	-0.311830096
3444	EHMT1	(NC);(NC);(NC)	Intron;Intron;Intron	-0.202001509
3445	EHMT1	(NC);(NC);(NC)	Intron;Intron;Intron	0.445029673
3446	EHMT1	(NC);(NC)	Intron;Intron	-0.347963915
3447	EHMT1	(NC);(NC);(NC)	Intron;Intron;Intron	0.584093154
3448	EHMT1	(NC)	Intron	0.125184913
3449	EHMT1	E329K	Missense	-0.598903489
3450	EHMT1	E329E;K330K	Silent;Silent	0.186384908
3451	EHMT1	(NC)	Intron	0.742631148
3452	EHMT1		No Mutation	0.464105393
3453	EHMT1	L337L	Silent	0.328115031
3454	EHMT1	S335S	Silent	0.096062423
3455	EHMT1	S335S;S336S	Silent;Silent	0.219206488
3456	EHMT1	S335S;S336S;L337L	Silent;Silent;Silent	-0.144105697
3457	EHMT1	V339V	Silent	-0.175545067
3458	EHMT1	H338H	Silent	0.149954331
3459	EHMT1	G341G;E342K	Silent;Missense	0.336986723
3460	EHMT1		No Mutation	0.323665156
3461	EHMT1	S343S;L344L	Silent;Silent	0.176542203
3462	EHMT1		No Mutation	0.163568756
3463	EHMT1	S348S;D349N;E350K	Silent;Missense;Missense	-0.480250159
3464	EHMT1		No Mutation	-0.083951772
3465	EHMT1	D351D;D352D	Silent;Silent	0.158541567
3466	EHMT1	D352D;S353L	Silent;Missense	-0.360758064
3467	EHMT1	L356F	Missense	-0.427864368
3468	EHMT1		No Mutation	0.536725623
3469	EHMT1	D360D;G361G;H362Y	Silent;Silent;Missense	-0.012629486
3470	EHMT1	G361G;H362Y	Silent;Missense	0.410292101
3471	EHMT1	Q366Q;A367T;A368T	Silent;Missense;Missense	-0.383670877
3472	EHMT1	A368V	Missense	0.400384048
3473	EHMT1	F370F;P371F	Silent;Missense	0.932109629
3474	EHMT1	E373E;D374N	Silent;Missense	0.236991356
3475	EHMT1	R376K	Missense	0.423744167
3476	EHMT1	R376K	Missense	0.330683394
3477	EHMT1	R376K	Missense	0.057842182
3478	EHMT1	D374D	Silent	0.10923774
3479	EHMT1	S378F	Missense	0.755134004
3480	EHMT1	S378S	Silent	0.103539336
3481	EHMT1	S383S;E384K	Silent;Missense	0.459116689
3482	EHMT1	A385V	Missense	0.4006229
3483	EHMT1	(NC)	Intron	0.025139474
3484	EHMT1		No Mutation	1.704529798
3485	EHMT1	(NC);(NC)	Intron;Intron	0.083780012
3486	EHMT1		No Mutation	0.122215595
3487	EHMT1	(NC);(NC)	Intron;Intron	0.060316041
3488	EHMT1	(NC);(NC);(NC)	Intron;Intron;Intron	0.703159915
3489	EHMT1	(NC)	Intron	-0.068862406
3490	EHMT1	(NC)	Intron	0.108432302
3491	EHMT1	(NC)	Intron	0.445833093
3492	EHMT1	(NC)	Intron	0.226307703
3493	EHMT1		No Mutation	-0.048180833
3494	EHMT1	D392D	Silent	-0.501759082
3495	EHMT1		No Mutation	0.364985896
3496	EHMT1		No Mutation	-0.10377037
3497	EHMT1	E400E	Silent	-0.114866927
3498	EHMT1	Q399*	Nonsense	0.170503768
3499	EHMT1		No Mutation	-0.471019537
3500	EHMT1		No Mutation	0.083224227
3501	EHMT1	S401F	Missense	0.081721127
3502	EHMT1	S401S	Silent	0.093553781
3503	EHMT1	D403D	Silent	-0.381383643
3504	EHMT1	E406E;E407K	Silent;Missense	-0.17968612
3505	EHMT1	T404I	Missense	-1.229081339
3506	EHMT1		No Mutation	-0.794436258
3507	EHMT1	G410N	Missense	-0.834567085
3508	EHMT1	G410G	Silent	-0.009147883
3509	EHMT1	(NC)	Intron	-0.23360877
3510	EHMT1		No Mutation	-0.258390043
3511	EHMT1		No Mutation	-0.255809678
3512	EHMT1	(NC);S417N	Splice-acceptor;Missense	-0.141827774
3513	EHMT1	(NC);S417N	Splice-acceptor;Missense	0.412553096
3514	EHMT1	S421N	Missense	0.008845763
3515	EHMT1		No Mutation	0.658779672
3516	EHMT1		No Mutation	0.646364938
3517	EHMT1		No Mutation	0.571170977
3518	EHMT1		No Mutation	0.35200145
3519	EHMT1	K439K	Silent	-0.043052558
3520	EHMT1	P436L	Missense	0.446288766
3521	EHMT1	A441T;R442K	Missense;Missense	0.50575645
3522	EHMT1	I438I	Silent	-0.004852041
3523	EHMT1	R442K	Missense	-0.136218793
3524	EHMT1	P440L	Missense	-0.364108879
3525	EHMT1	P440L;A441V	Missense;Missense	-0.375175248
3526	EHMT1		No Mutation	0.192060671
3527	EHMT1	P452F	Missense	0.409965113
3528	EHMT1	G457S;(NC)	Missense;Splice-donor	0.198256391
3529	EHMT1	(NC)	Splice-donor	1.056765839
3530	EHMT1	A455V;L456F	Missense;Missense	0.089965047
3531	EHMT1	A455V;L456F	Missense;Missense	-0.015394072
3532	EHMT1	A455A;L456F	Silent;Missense	0.257751295
3533	EHMT1	L456F	Missense	-0.078022286
3534	EHMT1	(NC);(NC);(NC);(NC)	Intron;Intron;Intron;Intron	-0.487441504
3535	EHMT1		No Mutation	-0.093844247
3536	EHMT1	(NC);(NC);(NC);(NC)	Intron;Intron;Intron;Intron	0.511265778
3537	EHMT1		No Mutation	-0.336107489
3538	EHMT1		No Mutation	-0.240156262
3539	EHMT1	E459K	Missense	0.623577296
3540	EHMT1	S460S	Silent	0.40433225
3541	EHMT1	S460L	Missense	0.114596522
3542	EHMT1		No Mutation	0.142465664
3543	EHMT1	A468V	Missense	0.412564593
3544	EHMT1	A472V;P473L	Missense;Missense	-0.119396329
3545	EHMT1	A472V;P473L	Missense;Missense	-0.066766739
3546	EHMT1	D475D	Silent	-0.09059953
3547	EHMT1	G478K	Missense	-0.532367149
3548	EHMT1	Y479Y	Silent	0.087500348
3549	EHMT1		No Mutation	0.523951969
3550	EHMT1	L487L	Silent	-0.317148526
3551	EHMT1		No Mutation	-0.086675753
3552	EHMT1	G493R	Missense	0.294085592
3553	EHMT1	L495L	Silent	0.209307231
3554	EHMT1	L495L;S496F	Silent;Missense	0.617118004
3555	EHMT1	Q498*;A499V	Nonsense;Missense	0.221169618
3556	EHMT1	A499V	Missense	0.01866467
3557	EHMT1		No Mutation	0.199804557
3558	EHMT1	(NC)	Intron	-0.04428002
3559	EHMT1	(NC)	Intron	-0.071034195
3560	EHMT1	(NC)	Intron	-0.348048274
3561	EHMT1	A503A;N504N	Silent;Silent	0.438505522
3562	EHMT1	V508V;L509L	Silent;Silent	-0.203123253
3563	EHMT1		No Mutation	0.235528436
3564	EHMT1	D512N	Missense	-0.143466116
3565	EHMT1		No Mutation	0.400588984
3566	EHMT1		No Mutation	0.000149022
3567	EHMT1	C520Y	Missense	0.138985804
3568	EHMT1	P518F	Missense	0.254700506
3569	EHMT1	L519F	Missense	-0.705332942
3570	EHMT1	R523Q	Missense	-0.285541164
3571	EHMT1	P527P;K528K	Silent;Silent	-0.124915999
3572	EHMT1		No Mutation	0.063870679
3573	EHMT1	R530*	Nonsense	-0.201729848
3574	EHMT1	Q539Q	Silent	0.118758267
3575	EHMT1	A536V	Missense	-0.224186662
3576	EHMT1	M541I;A542T	Missense;Missense	0.139883368
3577	EHMT1	C540C	Silent	0.273039715
3578	EHMT1	E544K	Missense	0.076346847
3579	EHMT1	(NC);(NC)	Intron;Intron	0.762210593
3580	EHMT1	(NC);(NC)	Intron;Intron	-0.045759692
3581	EHMT1	(NC)	Intron	0.264558284
3582	EHMT1	(NC)	Intron	0.15967159
3583	EHMT1	(NC);(NC)	Intron;Splice-acceptor	0.761862233
3584	EHMT1	(NC)	Intron	0.382312943
3585	EHMT1	G551G;R552W	Silent;Missense	-0.110175183
3586	EHMT1	V557I;V558I	Missense;Missense	0.239557983
3587	EHMT1	R564C	Missense	0.44979373
3588	EHMT1	P570P	Silent	0.137731201
3589	EHMT1	P570P	Silent	-0.174522999
3590	EHMT1	P570P	Silent	0.584013133
3591	EHMT1		No Mutation	0.083005088
3592	EHMT1	L574L;C575Y	Silent;Missense	0.16007562
3593	EHMT1	L574L;C575Y;E576K	Silent;Missense;Missense	0.075991245
3594	EHMT1	C575Y;E576K	Missense;Missense	-0.051678206
3595	EHMT1	L574L	Silent	0.842593281
3596	EHMT1	L574L	Silent	0.43815332
3597	EHMT1	D577N	Missense	-0.251697186
3598	EHMT1	L574L	Silent	-0.096360466
3599	EHMT1	D577D;H578Y	Silent;Missense	0.535611392
3600	EHMT1	M582I;V583I	Missense;Missense	0.099538806
3601	EHMT1	V583V;K584K	Silent;Silent	0.220173347
3602	EHMT1	Q586Q	Silent	-0.187158775
3603	EHMT1	H585Y	Missense	0.211367486
3604	EHMT1	Q586*	Nonsense	-0.356048963
3605	EHMT1	C591Y;G592S	Missense;Missense	0.272061154
3606	EHMT1	C595Y	Missense	0.061807845
3607	EHMT1	G592G	Silent	0.058487875
3608	EHMT1	A597V	Missense	0.683080003
3609	EHMT1	G598D	Missense	0.171500928
3610	EHMT1		No Mutation	0.325145763
3611	EHMT1		No Mutation	0.355736921
3612	EHMT1		No Mutation	-0.083504273
3613	EHMT1		No Mutation	0.10635348
3614	EHMT1	C617Y;A618T	Missense;Missense	-0.965842066
3615	EHMT1		No Mutation	0.117879706
3616	EHMT1	A624T	Missense	0.166536929
3617	EHMT1	S625S	Silent	0.134273008
3618	EHMT1	S625S	Silent	-0.508323883
3619	EHMT1	S625S	Silent	0.145890324
3620	EHMT1	C630Y	Missense	0.034687407
3621	EHMT1	P628S	Missense	-0.143622024
3622	EHMT1	E633K;S634N	Missense;Missense	0.302735963
3623	EHMT1	E633E;S634N	Silent;Missense	0.061111257
3624	EHMT1		No Mutation	0.053849157
3625	EHMT1	E633E;S634N	Silent;Missense	-0.457588934
3626	EHMT1	S634S	Silent	0.209908121
3627	EHMT1	V640V;T641T	Silent;Silent	-0.299531916
3628	EHMT1	A643T	Missense	-0.149280092
3629	EHMT1		No Mutation	0.062363413
3630	EHMT1	T650I	Missense	-0.183498123
3631	EHMT1	T650I	Missense	0.273208771
3632	EHMT1	V654I	Missense	0.085279414
3633	EHMT1	T652I;P653S	Missense;Missense	0.243411878
3634	EHMT1	G656K	Missense	0.041440765
3635	EHMT1	V654V;P655S	Silent;Missense	-0.155659036
3636	EHMT1	V654V;P655F	Silent;Missense	-0.129052027
3637	EHMT1	E658K	Missense	0.491916658
3638	EHMT1	P655P;Q657*	Silent;Nonsense	-0.50928086
3639	EHMT1	K659K;G660N	Silent;Missense	-0.413692063
3640	EHMT1	G660N	Missense	-0.224189554
3641	EHMT1	G660D;S661S	Missense;Silent	2.063122791
3642	EHMT1		No Mutation	0.839943045
3643	EHMT1		No Mutation	-0.291051697
3644	EHMT1		No Mutation	-0.030094748
3645	EHMT1	G660G;S661L	Silent;Missense	-0.307114339
3646	EHMT1	G660G;S661L	Silent;Missense	-0.509823108
3647	EHMT1	D668N	Missense	-0.058884782
3648	EHMT1	D668N	Missense	0.054377326
3649	EHMT1	G665G	Silent	0.10854855
3650	EHMT1	A667V	Missense	-0.06163068
3651	EHMT1	A667V;D668D	Missense;Silent	0.045085461
3652	EHMT1	G672D;S673N;(NC)	Missense;Missense;Splice-donor	0.140748689
3653	EHMT1	T669T;T670I	Silent;Missense	-0.148531294
3654	EHMT1	(NC)	Intron	0.134707232
3655	EHMT1	G672G	Silent	-0.362258149
3656	EHMT1	(NC);(NC)	Intron;Intron	-0.046757976
3657	EHMT1	(NC);(NC)	Intron;Intron	0.732239767
3658	EHMT1	(NC)	Intron	0.341861759
3659	EHMT1		No Mutation	-0.196634549
3660	EHMT1	(NC)	Intron	-0.035811982
3661	EHMT1	(NC);(NC)	Intron;Splice-acceptor	-0.405530518
3662	EHMT1	(NC);(NC)	Intron;Splice-acceptor	-0.140915656
3663	EHMT1	(NC);(NC);(NC);(NC)	Intron;Intron;Intron;Intron	0.278804665
3664	EHMT1	(NC);(NC);(NC);(NC)	Intron;Intron;Intron;Intron	-0.576282064
3665	EHMT1	A675T;G676R	Missense;Missense	0.361827643
3666	EHMT1	G676K	Missense	0.067927936
3667	EHMT1	G676K	Missense	-0.337121062
3668	EHMT1	G676E	Missense	0.363019039
3669	EHMT1	A675V	Missense	0.233804528
3670	EHMT1	A675A;P677S	Silent;Missense	0.097456256
3671	EHMT1	S680S;E681K	Silent;Missense	-0.035225314
3672	EHMT1	D682N;D683N	Missense;Missense	-0.47143365
3673	EHMT1	D683N	Missense	-0.102895242
3674	EHMT1		No Mutation	0.248509478
3675	EHMT1		No Mutation	0.036572858
3676	EHMT1	A689V	Missense	-0.500029792
3677	EHMT1	A689V;S690F	Missense;Missense	-0.065065665
3678	EHMT1	E694E;G695N	Silent;Missense	0.558201727
3679	EHMT1	G695D	Missense	-0.165007191
3680	EHMT1	D697N	Missense	0.010682865
3681	EHMT1	P693P	Silent	-0.228824134
3682	EHMT1		No Mutation	-0.245501877
3683	EHMT1		No Mutation	0.297438802
3684	EHMT1	T699T	Silent	0.018506573
3685	EHMT1	P698L	Missense	0.609193318
3686	EHMT1	P698L	Missense	0.468158185
3687	EHMT1	T699M	Missense	-0.398709975
3688	EHMT1	T699M	Missense	0.278643971
3689	EHMT1	G703K	Missense	-0.283016571
3690	EHMT1	P701F	Missense	-0.054450259
3691	EHMT1	R706K	Missense	0.864534774
3692	EHMT1	L704F	Missense	-0.161552657
3693	EHMT1	T708I;P709S	Missense;Missense	-0.804194114
3694	EHMT1	T708I;P709F	Missense;Missense	0.276581341
3695	EHMT1		No Mutation	0.30573142
3696	EHMT1	G710G;L711F	Silent;Missense	-0.004283167
3697	EHMT1	G710G;L711F	Silent;Missense	-0.315319012
3698	EHMT1	G714K	Missense	0.89965145
3699	EHMT1	G714E	Missense	0.076671297
3700	EHMT1	S712F;Q713*	Missense;Nonsense	-1.045399003
3701	EHMT1	G716K	Missense	-0.115759055
3702	EHMT1	K717K;E718K	Silent;Missense	0.396241546
3703	EHMT1	P715L	Missense	-0.322973852
3704	EHMT1	K717K;E718K	Silent;Missense	0.242111912
3705	EHMT1	L720L;E721K	Silent;Missense	-0.129396506
3706	EHMT1		No Mutation	0.771758991
3707	EHMT1	L724F	Missense	-0.040293142
3708	EHMT1	K734K	Silent	0.585574305
3709	EHMT1	K734K	Silent	-0.345202714
3710	EHMT1		No Mutation	0.42053721
3711	EHMT1		No Mutation	-0.079521829
3712	EHMT1	L742L	Silent	-0.110668564
3713	EHMT1		No Mutation	-0.445624125
3714	EHMT1		No Mutation	0.300000019
3715	EHMT1	L742L	Silent	-0.195084889
3716	EHMT1	Y743Y	Silent	-0.178377737
3717	EHMT1	Y743Y;F744F	Silent;Silent	0.270786939
3718	EHMT1	Y743Y;F744F	Silent;Silent	0.3373386
3719	EHMT1	E750E	Silent	0.074843251
3720	EHMT1	Q748*	Nonsense	-0.195389299
3721	EHMT1	Q752Q	Silent	-0.052602975
3722	EHMT1		No Mutation	-0.138912268
3723	EHMT1		No Mutation	0.418842616
3724	EHMT1	(NC);(NC)	Intron;Intron	0.28088301
3725	EHMT1		No Mutation	-0.377910963
3726	EHMT1	(NC)	Intron	0.433014081
3727	EHMT1	(NC);(NC)	Intron;Intron	0.141441199
3728	EHMT1	(NC)	Intron	-0.21761243
3729	EHMT1		No Mutation	-0.135129735
3730	EHMT1	D763D;P764S	Silent;Missense	1.276175431
3731	EHMT1		No Mutation	0.258943839
3732	EHMT1	R774R;S775F;P776S	Silent;Missense;Missense	0.227133843
3733	EHMT1	L777L;H778Y	Silent;Missense	0.105824529
3734	EHMT1	H778Y;A779V	Missense;Missense	-0.152446969
3735	EHMT1	A781T;E782K	Missense;Missense	0.002183948
3736	EHMT1	A781V	Missense	0.071828939
3737	EHMT1	G784E	Missense	-0.375934372
3738	EHMT1	D787D	Silent	0.091378413
3739	EHMT1	I788I;C789C;H790Y	Silent;Silent;Missense	0.101433009
3740	EHMT1	H790H	Silent	-0.259380218
3741	EHMT1	L792L	Silent	-0.471761194
3742	EHMT1	Q794Q;(NC);(NC)	Silent;Splice-donor;Intron	-0.782031292
3743	EHMT1	Q794*	Nonsense	-0.682002142
3744	EHMT1	(NC);(NC)	Intron;Intron	-0.408050739
3745	EHMT1	(NC)	Intron	0.053586848
3746	EHMT1	(NC)	Intron	0.187416776
3747	EHMT1	(NC)	Intron	-0.361772458
3748	EHMT1		No Mutation	-0.189056419
3749	EHMT1	T801I;C802C	Missense;Silent	-0.166635233
3750	EHMT1	Q806Q;R807K	Silent;Missense	0.432092795
3751	EHMT1	D805D;Q806*	Silent;Nonsense	-0.129765775
3752	EHMT1	L810L;M811I;E812K	Silent;Missense;Missense	0.236815001
3753	EHMT1	A814T	Missense	-0.245955443
3754	EHMT1	A814T;E815K	Missense;Missense	0.059070687
3755	EHMT1	A814V	Missense	0.021085293
3756	EHMT1	V822V;K823K	Silent;Silent	-0.160525687
3757	EHMT1		No Mutation	0.230429633
3758	EHMT1		No Mutation	0.059753441
3759	EHMT1	Y824Y	Silent	0.794107896
3760	EHMT1	Y824Y;L825F	Silent;Missense	0.289459879
3761	EHMT1	L825L;I826I	Silent;Silent	-0.289660397
3762	EHMT1	I826I	Silent	-0.150265636
3763	EHMT1	G829G;A830T	Silent;Missense	0.062702331
3764	EHMT1	A830V;L831L	Missense;Silent	-0.248059942
3765	EHMT1	K835K;(NC)	Silent;Splice-donor	-0.959412524
3766	EHMT1	K835K;(NC)	Silent;Splice-donor	-0.148405873
3767	EHMT1	(NC)	Intron	-0.047573524
3768	EHMT1	(NC)	Intron	-0.000286748
3769	EHMT1		No Mutation	-0.042346854
3770	EHMT1	(NC)	Intron	0.233830249
3771	EHMT1	(NC)	Intron	0.259735152
3772	EHMT1	G839G;S840F	Silent;Missense	0.211021338
3773	EHMT1	H844Y;L845L	Missense;Silent	0.955022942
3774	EHMT1	G850N	Missense	0.026707137
3775	EHMT1		No Mutation	-0.006590036
3776	EHMT1	E853K	Missense	0.39086004
3777	EHMT1	Q856Q	Silent	-0.181972239
3778	EHMT1	Q856*	Nonsense	-0.069446405
3779	EHMT1	G862R	Missense	0.505567741
3780	EHMT1	L859F	Missense	0.088367431
3781	EHMT1	Q863Q	Silent	0.24480672
3782	EHMT1		No Mutation	0.117635688
3783	EHMT1	(NC)	Intron	0.049101196
3784	EHMT1	(NC);(NC);(NC)	Intron;Intron;Intron	-0.765425138
3785	EHMT1	(NC);(NC);(NC)	Intron;Intron;Intron	-0.095948754
3786	EHMT1	D870N;D871N	Missense;Missense	-0.14150332
3787	EHMT1	(NC)	Intron	0.060620847
3788	EHMT1	G872K;G873N	Missense;Missense	0.009348518
3789	EHMT1	G872E;G873N	Missense;Missense	0.2352545
3790	EHMT1	G873G	Silent	0.13999475
3791	EHMT1	G873G	Silent	-0.253488511
3792	EHMT1	E882K	Missense	0.15987501
3793	EHMT1	E882K	Missense	0.120109688
3794	EHMT1	A880A;T881I	Silent;Missense	-0.127791163
3795	EHMT1	V886I	Missense	0.20387687
3796	EHMT1	L891L	Silent	-0.106911256
3797	EHMT1	L892L;L893L	Silent;Silent	-0.922829848
3798	EHMT1	L891L	Silent	0.425959249
3799	EHMT1		No Mutation	0.02744465
3800	EHMT1	(NC)	Intron	-0.181104087
3801	EHMT1	(NC)	Intron	0.425760562
3802	EHMT1	(NC)	Intron	0.208536764
3803	EHMT1	(NC);(NC)	Intron;Intron	0.044083141
3804	EHMT1	(NC)	Intron	-0.06763008
3805	EHMT1	N907N	Silent	-0.047732805
3806	EHMT1	N907N	Silent	0.260101099
3807	EHMT1	N907N	Silent	0.267561869
3808	EHMT1	H911Y	Missense	-0.158424822
3809	EHMT1	A914A	Silent	0.621626882
3810	EHMT1	A914V	Missense	0.162374679
3811	EHMT1	A922T	Missense	-0.28004885
3812	EHMT1	D920D	Silent	0.266746541
3813	EHMT1	A928T	Missense	0.277949431
3814	EHMT1	K929K;C930Y;D931N	Silent;Missense;Missense	0.526398522
3815	EHMT1	A934T	Missense	-0.157989174
3816	EHMT1	H933Y;A934V	Missense;Missense	-0.567504221
3817	EHMT1		No Mutation	-0.152774005
3818	EHMT1	G939R	Missense	-0.109267296
3819	EHMT1	G939E;D940N	Missense;Missense	-0.785604677
3820	EHMT1	L943L	Silent	0.225044575
3821	EHMT1	P942L;L943L	Missense;Silent	0.462780723
3822	EHMT1	L943L;H944Y	Silent;Missense	0.613575382
3823	EHMT1	A947T;R948Q	Missense;Missense	0.027708228
3824	EHMT1	R951H	Missense	-0.059630836
3825	EHMT1	D953N	Missense	0.017450203
3826	EHMT1	D953N	Missense	0.317509833
3827	EHMT1	V956I;(NC)	Missense;Splice-donor	-0.204400399
3828	EHMT1	(NC)	Splice-acceptor	-0.096426473
3829	EHMT1		No Mutation	0.286727567
3830	EHMT1		No Mutation	0.05360604
3831	EHMT1	R961R;D962N	Silent;Missense	0.31368331
3832	EHMT1	V965V	Silent	-0.342664692
3833	EHMT1	T966I	Missense	-0.133477261
3834	EHMT1	G972K	Missense	0.566759338
3835	EHMT1	S980N	Missense	-0.051709027
3836	EHMT1	S980N	Missense	0.083109622
3837	EHMT1		No Mutation	0.081046392
3838	EHMT1	A979V	Missense	0.023277331
3839	EHMT1	S980S;L981F	Silent;Missense	0.1402564
3840	EHMT1	V985V;W986*	Silent;Nonsense	-0.864852065
3841	EHMT1	S987S;A988V;L989L	Silent;Missense;Silent	-0.077851949
3842	EHMT1		No Mutation	0.456276566
3843	EHMT1	S992S	Silent	0.043562155
3844	EHMT1	D997D	Silent	-0.566073722
3845	EHMT1	P1000P;D1001D	Silent;Silent	-0.103791679
3846	EHMT1	S1004N	Missense	0.228267224
3847	EHMT1	V1006M	Missense	0.083739213
3848	EHMT1	V1006M	Missense	0.777201831
3849	EHMT1	P1003F	Missense	0.384449888
3850	EHMT1	V1006I	Missense	0.13559916
3851	EHMT1	R1008K	Missense	0.249501772
3852	EHMT1	R1008K	Missense	-0.238198232
3853	EHMT1		No Mutation	0.520645391
3854	EHMT1	V1010I	Missense	-0.56951143
3855	EHMT1	V1010I;S1011N	Missense;Missense	0.628801206
3856	EHMT1	V1010V;S1011N	Silent;Missense	0.130915606
3857	EHMT1	S1011S	Silent	-0.117396597
3858	EHMT1	(NC)	Intron	-0.470430704
3859	EHMT1	(NC);(NC)	Intron;Intron	-0.391694266
3860	EHMT1	(NC);(NC)	Intron;Intron	-0.610749012
3861	EHMT1	(NC);(NC);R1012R	Intron;Splice-acceptor;Silent	-0.122749029
3862	EHMT1	D1013N	Missense	0.852653023
3863	EHMT1	(NC)	Intron	-0.206529407
3864	EHMT1	A1015T	Missense	-0.225836404
3865	EHMT1	I1023I;P1024F	Silent;Missense	-0.116371929
3866	EHMT1	A1028T	Missense	0.473994471
3867	EHMT1	A1028T	Missense	-0.240514592
3868	EHMT1	A1028T	Missense	0.193685702
3869	EHMT1	V1029I;D1030N	Missense;Missense	0.002269261
3870	EHMT1	V1029I;D1030N	Missense;Missense	-0.421371904
3871	EHMT1	V1029V;D1030N	Silent;Missense	1.134796697
3872	EHMT1	C1034Y	Missense	0.178030953
3873	EHMT1		No Mutation	-0.004291643
3874	EHMT1	K1039K;V1041I	Silent;Missense	-0.078568631
3875	EHMT1	R1054K	Missense	0.237001935
3876	EHMT1	R1054K	Missense	0.320669429
3877	EHMT1	R1054K	Missense	0.587848921
3878	EHMT1	R1054K	Missense	0.77265253
3879	EHMT1		No Mutation	0.852648779
3880	EHMT1	H1058Y;L1059L	Missense;Silent	-0.107871705
3881	EHMT1		No Mutation	0.223124109
3882	EHMT1		No Mutation	0.539933963
3883	EHMT1		No Mutation	0.067203429
3884	EHMT1		No Mutation	0.156018106
3885	EHMT1		No Mutation	0.076072547
3886	EHMT1	(NC)	Splice-acceptor	0.802095447
3887	EHMT1	(NC)	Splice-acceptor	-0.745014106
3888	EHMT1	C1062Y;V1063M	Missense;Missense	-0.287359327
3889	EHMT1	S1070F	Missense	-0.273675133
3890	EHMT1	M1074I;C1075Y	Missense;Missense	-0.301981641
3891	EHMT1	C1075Y;G1076N	Missense;Missense	-0.219463317
3892	EHMT1	L1078F	Missense	0.428189006
3893	EHMT1	C1082Y	Missense	0.339336384
3894	EHMT1	R1081C	Missense	0.406325856
3895	EHMT1	C1082C	Silent	0.00054129
3896	EHMT1	C1082C	Silent	0.211268279
3897	EHMT1	Y1084Y	Silent	0.161077395
3898	EHMT1	(NC)	Intron	0.214587674
3899	EHMT1	(NC)	Intron	0.309475117
3900	EHMT1	(NC);(NC)	Intron;Intron	-0.083320163
3901	EHMT1	(NC)	Intron	-0.068286354
3902	EHMT1	(NC)	Intron	0.236859086
3903	EHMT1	(NC);(NC)	Intron;Intron	-0.054519942
3904	EHMT1	(NC)	Intron	-0.19038147
3905	EHMT1		No Mutation	0.01969601
3906	EHMT1	L1090L;L1091L;P1092S	Silent;Silent;Missense	0.819705263
3907	EHMT1	E1093E	Silent	0.35109847
3908	EHMT1	P1092L	Missense	-0.732646363
3909	EHMT1	M1096I;A1097T	Missense;Missense	0.709525177
3910	EHMT1	A1097T;E1098K	Missense;Missense	0.463728022
3911	EHMT1	E1104K;C1105Y	Missense;Missense	-0.171753422
3912	EHMT1	C1105Y	Missense	-0.315755338
3913	EHMT1	C1105Y	Missense	-0.080891073
3914	EHMT1	N1106N;H1107Y	Silent;Missense	0.737497582
3915	EHMT1	H1107H;A1108V	Silent;Missense	1.038737502
3916	EHMT1	W1112*	Nonsense	-0.303203697
3917	EHMT1	C1115Y;R1116Q	Missense;Missense	0.79661812
3918	EHMT1	R1118C	Missense	-0.031413611
3919	EHMT1	Q1121Q	Silent	0.279328301
3920	EHMT1	V1119V	Silent	-0.236835658
3921	EHMT1		No Mutation	-0.066516754
3922	EHMT1		No Mutation	0.63156417
3923	EHMT1		No Mutation	0.022593406
3924	EHMT1	A1126V	Missense	0.391745747
3925	EHMT1	Q1129*	Nonsense	-0.321141645
3926	EHMT1	Q1129*;L1130F	Nonsense;Missense	0.254654973
3927	EHMT1	L1130L;Y1131Y;R1132W	Silent;Silent;Missense	0.403717286
3928	EHMT1	Y1131Y;R1132W	Silent;Missense	-0.282541188
3929	EHMT1	T1133M	Missense	-0.374334661
3930	EHMT1	T1133M;R1134W	Missense;Missense	0.730728965
3931	EHMT1	T1133M;R1134W	Missense;Missense	0.249431346
3932	EHMT1	M1136I;G1137N	Missense;Missense	0.337647214
3933	EHMT1	D1135D	Silent	-0.216262974
3934	EHMT1	G1139G	Silent	0.004543153
3935	EHMT1	L1143L;Q1144*	Silent;Nonsense	0.276402515
3936	EHMT1		No Mutation	-0.244583319
3937	EHMT1	G1149S	Missense	0.199878758
3938	EHMT1	V1152I	Missense	0.484041598
3939	EHMT1	V1152I;C1153Y	Missense;Missense	-0.134378219
3940	EHMT1	C1153Y;E1154K	Missense;Missense	0.344151731
3941	EHMT1	(NC);(NC);(NC)	Intron;Intron;Intron	0.13274418
3942	EHMT1	C1153C	Silent	0.169036519
3943	EHMT1	C1153C	Silent	-0.10555886
3944	EHMT1		No Mutation	-0.040346893
3945	EHMT1	(NC);(NC)	Intron;Intron	0.006945213
3946	EHMT1	(NC)	Intron	-0.267664012
3947	EHMT1	(NC);(NC);(NC)	Intron;Intron;Intron	-0.20404636
3948	EHMT1	(NC);(NC);(NC);(NC)	Intron;Intron;Intron;Intron	0.316301511
3949	EHMT1	(NC);(NC);(NC)	Intron;Intron;Intron	0.49654034
3950	EHMT1	E1154E;V1156I	Silent;Missense	0.1238233
3951	EHMT1	G1157K	Missense	-0.752999592
3952	EHMT1	G1157K;E1158K	Missense;Missense	-0.315073476
3953	EHMT1		No Mutation	0.159448694
3954	EHMT1	D1171N	Missense	0.347004948
3955	EHMT1	L1174L	Silent	0.417658288
3956	EHMT1		No Mutation	0.581083772
3957	EHMT1	(NC);(NC);(NC)	Intron;Intron;Intron	-0.166822894
3958	EHMT1	(NC)	Intron	0.592800451
3959	EHMT1	(NC)	Intron	-0.021363303
3960	EHMT1	(NC);(NC)	Intron;Intron	-0.14536701
3961	EHMT1	(NC);(NC)	Intron;Intron	0.459423069
3962	EHMT1	(NC);(NC)	Intron;Intron	0.179454111
3963	EHMT1	(NC);(NC);D1181N	Intron;Splice-acceptor;Missense	0.05312526
3964	EHMT1	E1183E;V1184I	Silent;Missense	0.242964373
3965	EHMT1	E1183E;V1184I	Silent;Missense	0.409789977
3966	EHMT1	Y1185Y	Silent	0.141280969
3967	EHMT1	I1187I	Silent	-0.415849948
3968	EHMT1	I1187I;D1188D	Silent;Silent	0.052870908
3969	EHMT1	F1191F;Y1192Y	Silent;Silent	-0.211177336
3970	EHMT1		No Mutation	-0.32212858
3971	EHMT1	H1201H;H1202Y	Silent;Missense	-0.154250541
3972	EHMT1		No Mutation	-0.184153226
3973	EHMT1	L1207L;V1208M	Silent;Missense	-0.384315453
3974	EHMT1	V1210I;R1211H	Missense;Missense	0.149624478
3975	EHMT1	V1210V;R1211H	Silent;Missense	0.423377359
3976	EHMT1	P1209F	Missense	0.300038061
3977	EHMT1	V1212I	Missense	-0.233193845
3978	EHMT1	M1214I;A1215T	Missense;Missense	0.521280074
3979	EHMT1	M1214I;A1215T	Missense;Missense	-0.214493082
3980	EHMT1	R1211R	Silent	0.070492391
3981	EHMT1	A1215V	Missense	0.299190262
3982	EHMT1	D1218D	Silent	0.279249795
3983	EHMT1	R1220Q	Missense	0.318268777
3984	EHMT1	R1220R	Silent	0.0709615
3985	EHMT1		No Mutation	0.132543908
3986	EHMT1	R1223R;A1225T	Silent;Missense	0.297470033
3987	EHMT1		No Mutation	0.317952087
3988	EHMT1	S1228N	Missense	-0.043733789
3989	EHMT1	S1228N	Missense	0.671776401
3990	EHMT1	S1228N	Missense	0.036890491
3991	EHMT1	R1230H;L1231L	Missense;Silent	0.410904259
3992	EHMT1	F1227F;S1228S	Silent;Silent	0.01777779
3993	EHMT1	T1229I;R1230C	Missense;Missense	-0.023150962
3994	EHMT1	G1235N	Missense	0.517671418
3995	EHMT1	G1235N;E1236K	Missense;Missense	0.107182226
3996	EHMT1	E1236K	Missense	0.172696248
3997	EHMT1	A1234V	Missense	0.657227459
3998	EHMT1	A1234V	Missense	-0.00956088
3999	EHMT1	G1239E;(NC)	Missense;Splice-donor	-0.06631055
4000	EHMT1	L1238L	Silent	0.235520081
4001	EHMT1	(NC);(NC);(NC)	Intron;Intron;Intron	0.400803217
4002	EHMT1	(NC)	Intron	-0.025226804
4003	EHMT1		No Mutation	-0.296664473
4004	EHMT1	(NC);(NC);(NC);(NC)	Intron;Intron;Intron;Intron	-0.341159959
4005	EHMT1		No Mutation	0.142846632
4006	EHMT1	G1243R	Missense	-0.157574827
4007	EHMT1	G1243K;E1244K	Missense;Missense	0.31659979
4008	EHMT1	G1243K;E1244K	Missense;Missense	0.312304766
4009	EHMT1	G1243E;E1244K	Missense;Missense	0.606136267
4010	EHMT1	D1241D	Silent	0.42593198
4011	EHMT1	D1241D	Silent	-0.24048143
4012	EHMT1	R1245C	Missense	0.051364242
4013	EHMT1	L1253F	Missense	-0.11775168
4014	EHMT1	C1258C;G1259G	Silent;Silent	0.344794914
4015	EHMT1	K1262K	Silent	-0.259074275
4016	EHMT1	S1266S	Silent	-0.409738259
4017	EHMT1	C1263C;R1264W	Silent;Missense	-0.35898965
4018	EHMT1	S1266S	Silent	-0.315266736
4019	EHMT1	S1266S;S1267N	Silent;Missense	0.039942624
4020	EHMT1	S1266S;S1267N	Silent;Missense	-0.002464943
4021	EHMT1	H1265Y	Missense	0.301844586
4022	EHMT1	A1268A;A1269T	Silent;Missense	0.107346456
4023	EHMT1	A1269V;L1270L	Missense;Silent	-0.08807157
4024	EHMT1	Q1274Q;A1275T	Silent;Missense	0.529467488
4025	EHMT1	A1271A;Q1272*;R1273C	Silent;Nonsense;Missense	0.302519121
4026	EHMT1	Q1274Q;A1275T	Silent;Missense	0.141440135
4027	EHMT1	S1276N;A1277T	Missense;Missense	-0.928236968
4028	EHMT1	Q1274*	Nonsense	0.14577624
4029	EHMT1	A1277T;A1278T	Missense;Missense	0.154733338
4030	EHMT1	A1275V	Missense	0.317114917
4031	EHMT1	S1276S;A1277V	Silent;Missense	-0.325580821
4032	EHMT1	E1280E;A1281T	Silent;Missense	-0.411087553
4033	EHMT1	A1278V;Q1279*	Missense;Nonsense	0.739311777
4034	EHMT1	Q1279*	Nonsense	0.194451099
4035	EHMT1	E1283E;D1284N	Silent;Missense	0.394955899
4036	EHMT1	E1283E;D1284N;G1285S	Silent;Missense;Missense	0.037803275
4037	EHMT1	L1286L	Silent	-0.153535791
4038	EHMT1	L1286L;D1288N	Silent;Missense	-0.153586729
4039	EHMT1	P1287F	Missense	-0.220076069
4040	EHMT1	A1292T;A1293T	Missense;Missense	-0.517475168
4041	EHMT1	A1292A;A1293T	Silent;Missense	0.586906397
4042	EHMT1	A1295T	Missense	-0.090300895
4043	EHMT1		No Mutation	-0.321094629
4044	EHMT2	(NC);(NC)	UTR;UTR	-0.028078896
4045	EHMT2	(NC)	UTR	0.613985966
4046	EHMT2	*1268*;(NC)	Silent;UTR	-0.578365896
4047	EHMT2	*1268*;(NC)	Silent;UTR	0.207818296
4048	EHMT2	P1264L;V1265V	Missense;Silent	0.425905411
4049	EHMT2		No Mutation	0.521871686
4050	EHMT2		No Mutation	0.076732396
4051	EHMT2	L1262L	Silent	-0.042731402
4052	EHMT2	L1262L	Silent	0.266242435
4053	EHMT2	E1258K	Missense	0.196867697
4054	EHMT2	E1258K	Missense	0.092957263
4055	EHMT2	L1255L	Silent	-0.425735147
4056	EHMT2	L1256L	Silent	-0.101054174
4057	EHMT2	L1255L;L1256L	Silent;Silent	-0.121694212
4058	EHMT2	E1254K	Missense	-0.172184924
4059	EHMT2	E1254K	Missense	0.123395751
4060	EHMT2		No Mutation	-0.026753091
4061	EHMT2	L1249L;D1250N	Silent;Missense	-0.029882597
4062	EHMT2	S1244S;R1245C	Silent;Missense	-0.043356106
4063	EHMT2	L1246L;A1247T	Silent;Missense	0.747451582
4064	EHMT2	R1245H;L1246L	Missense;Silent	-0.150546496
4065	EHMT2	A1240A;L1241L	Silent;Silent	-0.333759155
4066	EHMT2	Q1243Q;S1244N	Silent;Missense	0.296146724
4067	EHMT2	L1241L;E1242K	Silent;Missense	0.273287101
4068	EHMT2	A1236V	Missense	-0.24678328
4069	EHMT2	E1230E;K1231K	Silent;Silent	0.281431428
4070	EHMT2	E1230K	Missense	-0.444190164
4071	EHMT2		No Mutation	0.176254608
4072	EHMT2	D1210D	Silent	0.448168072
4073	EHMT2	D1210D	Silent	-0.079645779
4074	EHMT2		No Mutation	0.822691763
4075	EHMT2	(NC)	Intron	-0.210550315
4076	EHMT2	(NC);G1208G	Splice-acceptor;Silent	-0.35041115
4077	EHMT2	(NC);(NC)	Intron;Intron	-0.119090251
4078	EHMT2	(NC);(NC)	Intron;Intron	-0.055635786
4079	EHMT2	(NC)	Intron	0.450505129
4080	EHMT2	L1207L	Silent	0.235228849
4081	EHMT2	L1207L	Silent	-0.441374869
4082	EHMT2	L1207L	Silent	0.123736535
4083	EHMT2	E1206E;G1208R	Silent;Missense	-0.072747602
4084	EHMT2	T1203I	Missense	-0.259271304
4085	EHMT2	R1202W;T1203I	Missense;Missense	0.42114422
4086	EHMT2	G1204K;E1205K	Missense;Missense	-0.74132178
4087	EHMT2	G1204K	Missense	-0.429891308
4088	EHMT2	D1200D	Silent	-0.231990408
4089	EHMT2	S1198S;R1199*	Silent;Nonsense	-0.219773431
4090	EHMT2	S1198F;R1199*	Missense;Nonsense	0.377948596
4091	EHMT2	S1198F;R1199*	Missense;Nonsense	-0.548223333
4092	EHMT2	F1196F	Silent	0.192767965
4093	EHMT2	R1199Q;D1200N	Missense;Missense	-0.008452774
4094	EHMT2	S1197N	Missense	0.420215662
4095	EHMT2	A1194T	Missense	0.609536969
4096	EHMT2		No Mutation	-0.047847308
4097	EHMT2	L1184L	Silent	0.951063365
4098	EHMT2	M1183I;L1184L	Missense;Silent	-0.485273878
4099	EHMT2	M1183I	Missense	-0.145177964
4100	EHMT2	R1180Q	Missense	-0.007919106
4101	EHMT2	V1179I;R1180Q	Missense;Missense	0.921908234
4102	EHMT2	V1179I	Missense	-0.1596301
4103	EHMT2	P1174P;N1175N	Silent;Silent	-1.033205025
4104	EHMT2	P1174L;N1175N	Missense;Silent	-0.343992338
4105	EHMT2		No Mutation	0.65949093
4106	EHMT2		No Mutation	-0.189744892
4107	EHMT2	L1171L	Silent	0.039705368
4108	EHMT2		No Mutation	-0.095388656
4109	EHMT2		No Mutation	0.665348639
4110	EHMT2		No Mutation	-0.201006845
4111	EHMT2	V1153V	Silent	0.554970484
4112	EHMT2	V1153V	Silent	0.201156443
4113	EHMT2	V1153I	Missense	-0.12390111
4114	EHMT2	E1152K;V1153M	Missense;Missense	-0.144596309
4115	EHMT2	G1151E;E1152K	Missense;Missense	-0.66356057
4116	EHMT2	G1151K;E1152K	Missense;Missense	-0.566151431
4117	EHMT2	G1151K;E1152K	Missense;Missense	-0.158946102
4118	EHMT2	(NC);(NC);(NC)	Intron;Intron;Intron	0.019584255
4119	EHMT2	(NC);D1150N	Splice-acceptor;Missense	-1.16698187
4120	EHMT2	(NC);(NC);(NC)	Intron;Intron;Intron	0.110237489
4121	EHMT2	(NC);(NC)	Intron;Intron	0.310747225
4122	EHMT2	D1147D	Silent	0.070070327
4123	EHMT2		No Mutation	-0.554944078
4124	EHMT2	L1143L;F1144F	Silent;Silent	-0.032319443
4125	EHMT2		No Mutation	0.089524491
4126	EHMT2	L1128L	Silent	-0.211551186
4127	EHMT2	G1126G;E1127K	Silent;Missense	-1.063132668
4128	EHMT2	G1126E;E1127K	Missense;Missense	-0.613819233
4129	EHMT2	V1125I;G1126R	Missense;Missense	-0.371447563
4130	EHMT2	(NC);(NC);(NC)	Intron;Intron;Intron	0.092019441
4131	EHMT2	(NC);(NC)	Intron;Intron	0.333718481
4132	EHMT2	(NC);(NC)	Intron;Intron	-0.015794249
4133	EHMT2		No Mutation	-0.062509414
4134	EHMT2		No Mutation	-0.07085688
4135	EHMT2	I1121I;C1122C	Silent;Silent	0.481227059
4136	EHMT2	(NC)	Intron	0.462139549
4137	EHMT2	I1121I	Silent	-0.184217853
4138	EHMT2	C1122Y	Missense	-0.100141641
4139	EHMT2		No Mutation	-0.021143198
4140	EHMT2		No Mutation	0.132302562
4141	EHMT2	Q1117Q;G1118R	Silent;Missense	-0.13306429
4142	EHMT2	Q1117Q	Silent	0.067166103
4143	EHMT2	Q1113*	Nonsense	0.156784102
4144	EHMT2	L1112L;Q1113*	Silent;Nonsense	-0.164418293
4145	EHMT2	A1111A;L1112L;Q1113*	Silent;Silent;Nonsense	-0.233296503
4146	EHMT2		No Mutation	-0.224525825
4147	EHMT2	G1108E;V1109I	Missense;Missense	-0.806460188
4148	EHMT2	A1103V	Missense	0.209992616
4149	EHMT2	M1105I;G1106N	Missense;Missense	0.235701198
4150	EHMT2	T1102I;A1103V	Missense;Missense	-0.190080007
4151	EHMT2	T1102I;A1103V	Missense;Missense	-0.134311189
4152	EHMT2	T1102I	Missense	0.223558275
4153	EHMT2	T1102I	Missense	-0.449943062
4154	EHMT2	Y1100Y;R1101*	Silent;Nonsense	-0.191687744
4155	EHMT2	L1099L;Y1100Y;R1101*	Silent;Silent;Nonsense	0.688927294
4156	EHMT2	Q1098Q	Silent	0.604863303
4157	EHMT2	Q1098Q	Silent	-0.186256243
4158	EHMT2	Q1098Q	Silent	0.16121888
4159	EHMT2	Q1098Q	Silent	-0.023331576
4160	EHMT2	R1096Q	Missense	0.115645209
4161	EHMT2	(NC);K1094K	Splice-acceptor;Silent	-0.560485597
4162	EHMT2	(NC);(NC)	Intron;Intron	-0.025496812
4163	EHMT2	(NC);(NC);(NC)	Intron;Intron;Intron	-0.028078896
4164	EHMT2	Q1090*	Nonsense	-0.386061511
4165	EHMT2	G1092N	Missense	-0.151313085
4166	EHMT2	N1086N;R1087W	Silent;Missense	0.181748432
4167	EHMT2		No Mutation	0.707435922
4168	EHMT2		No Mutation	0.348751049
4169	EHMT2	W1081*	Nonsense	-0.847243768
4170	EHMT2	N1075N;Q1076*	Silent;Nonsense	-0.465780003
4171	EHMT2	C1074Y	Missense	-0.558843148
4172	EHMT2	E1073K;C1074Y	Missense;Missense	-0.605288104
4173	EHMT2	K1065K;E1067K	Silent;Missense	0.326367067
4174	EHMT2	L1059L	Silent	0.423321613
4175	EHMT2	L1059L	Silent	-0.135643343
4176	EHMT2		No Mutation	-0.028336011
4177	EHMT2	G1057E;R1058Q	Missense;Missense	-0.435895197
4178	EHMT2	G1057K	Missense	-0.422333534
4179	EHMT2	D1056N;G1057K	Missense;Missense	-0.450308698
4180	EHMT2	(NC);D1056N;G1057R	Splice-acceptor;Missense;Missense	-1.04652248
4181	EHMT2	(NC);D1056N	Splice-acceptor;Missense	-0.517427098
4182	EHMT2	(NC);(NC);(NC);(NC)	Intron;Intron;Intron;Intron	0.202970101
4183	EHMT2	(NC);(NC);(NC);(NC)	Intron;Intron;Intron;Intron	-0.398773363
4184	EHMT2	(NC);(NC);(NC);(NC)	Intron;Intron;Intron;Intron	0.296926155
4185	EHMT2	(NC)	Intron	-0.713719438
4186	EHMT2	(NC)	Intron	-0.114982825
4187	EHMT2	K1055K;(NC)	Silent;Splice-donor	-0.284084803
4188	EHMT2	I1049I;R1050W	Silent;Missense	-0.328246177
4189	EHMT2	R1050R;C1051Y	Silent;Missense	0.42562167
4190	EHMT2	L1047F	Missense	0.076271296
4191	EHMT2	S1048N	Missense	0.246943955
4192	EHMT2	C1044C;G1045G	Silent;Silent	0.012362803
4193	EHMT2	G1045D;Q1046Q	Missense;Silent	0.2863006
4194	EHMT2	S1039S;S1040F	Silent;Missense	-0.365035887
4195	EHMT2	V1034I;D1035N	Missense;Missense	0.015193685
4196	EHMT2	C1033Y;V1034I	Missense;Missense	-0.097487797
4197	EHMT2	C1033Y;V1034M	Missense;Missense	-0.60908182
4198	EHMT2	(NC);(NC);H1030Y	Intron;Intron;Missense	-0.27555886
4199	EHMT2	C1031Y;T1032T	Missense;Silent	-0.333904032
4200	EHMT2	C1031Y	Missense	-0.832748385
4201	EHMT2	(NC)	Splice-acceptor	0.166380778
4202	EHMT2		No Mutation	-0.330627269
4203	EHMT2	(NC);(NC);(NC);(NC)	Intron;Intron;Intron;Intron	-0.333833413
4204	EHMT2		No Mutation	-0.03676165
4205	EHMT2	Q1029*	Nonsense	-0.145761626
4206	EHMT2	(NC);(NC);(NC)	Intron;Intron;Intron	0.397957178
4207	EHMT2	(NC);(NC);(NC)	Intron;Intron;Intron	0.217272167
4208	EHMT2	H1027H;L1028L	Silent;Silent	-0.123946212
4209	EHMT2	H1027Y;L1028L	Missense;Silent	0.25634077
4210	EHMT2	T1026T;H1027Y;L1028L	Silent;Missense;Silent	0.003986951
4211	EHMT2	T1026I;H1027Y	Missense;Missense	0.117176118
4212	EHMT2	R1023R;N1024N	Silent;Silent	-0.27096031
4213	EHMT2	R1023H	Missense	0.205603261
4214	EHMT2	R1023H	Missense	0.259569361
4215	EHMT2		No Mutation	-0.131776489
4216	EHMT2	K1008K	Silent	0.218292981
4217	EHMT2	K1008K	Silent	0.510101423
4218	EHMT2		No Mutation	0.510311608
4219	EHMT2		No Mutation	-0.482362563
4220	EHMT2	V998V;D999N	Silent;Missense	0.119725466
4221	EHMT2	V998I;D999N	Missense;Missense	0.116790033
4222	EHMT2	V995V	Silent	-0.180584365
4223	EHMT2	V995V	Silent	-0.05725694
4224	EHMT2		No Mutation	-0.065206674
4225	EHMT2	G997N	Missense	0.54740239
4226	EHMT2	G997N	Missense	0.031914272
4227	EHMT2	P993F	Missense	-0.266716075
4228	EHMT2	P991F	Missense	0.060304031
4229	EHMT2	(NC)	Intron	-0.189049161
4230	EHMT2	(NC);(NC)	Intron;Intron	-0.176502309
4231	EHMT2	(NC);(NC)	Intron;Intron	-0.346893539
4232	EHMT2	V983I	Missense	-0.020108143
4233	EHMT2	D982N;V983M	Missense;Missense	-0.233462857
4234	EHMT2	(NC);(NC)	Intron;Intron	-0.308454943
4235	EHMT2	(NC)	Intron	-0.197120414
4236	EHMT2	(NC)	Intron	0.100149322
4237	EHMT2	(NC)	Intron	0.670979195
4238	EHMT2	(NC);(NC)	Intron;Intron	0.086081026
4239	EHMT2	(NC)	Intron	0.081464703
4240	EHMT2		No Mutation	0.443638295
4241	EHMT2	I979I	Silent	0.522396916
4242	EHMT2	I978I;I979I	Silent;Silent	-0.246755074
4243	EHMT2		No Mutation	0.183946766
4244	EHMT2	T975I	Missense	-0.048108177
4245	EHMT2	K977K	Silent	-0.319368118
4246	EHMT2		No Mutation	-0.28320309
4247	EHMT2	L966F	Missense	-0.12608499
4248	EHMT2	L966F	Missense	0.059890047
4249	EHMT2	G967K;V968M	Missense;Missense	-0.006470127
4250	EHMT2	L964F	Missense	0.06993955
4251	EHMT2	R962R;L964F	Silent;Missense	-0.214858275
4252	EHMT2	N961N;R962C	Silent;Missense	0.24925344
4253	EHMT2	N961N;R962C	Silent;Missense	0.007246096
4254	EHMT2	N961N;R962C	Silent;Missense	0.309305393
4255	EHMT2	A957A	Silent	0.185290031
4256	EHMT2	V954V;W955*	Silent;Nonsense	0.319976024
4257	EHMT2	V954I;W955*	Missense;Nonsense	-0.26691516
4258	EHMT2	P949L	Missense	0.371406593
4259	EHMT2	D953N	Missense	0.007340888
4260	EHMT2		No Mutation	0.171567172
4261	EHMT2		No Mutation	-0.15503231
4262	EHMT2	E940K	Missense	0.105057861
4263	EHMT2	L936L;R937W	Silent;Missense	0.465910177
4264	EHMT2	E940K	Missense	0.191102859
4265	EHMT2	L936L	Silent	0.270570893
4266	EHMT2	L936L	Silent	-0.60234348
4267	EHMT2	L936L	Silent	-0.589498729
4268	EHMT2	R937Q	Missense	0.216461076
4269	EHMT2	A932V	Missense	-0.090326199
4270	EHMT2		No Mutation	-0.070683696
4271	EHMT2		No Mutation	-0.041368387
4272	EHMT2		No Mutation	-0.106227854
4273	EHMT2		No Mutation	-0.267929351
4274	EHMT2	L928L	Silent	0.176147079
4275	EHMT2	L928L	Silent	0.587965399
4276	EHMT2		No Mutation	-0.082081414
4277	EHMT2	(NC);L925L	Splice-acceptor;Silent	0.170434342
4278	EHMT2	(NC);(NC);(NC)	Intron;Intron;Intron	-0.082487168
4279	EHMT2	(NC);(NC);(NC)	Splice-donor;Intron;Intron	-0.674911375
4280	EHMT2	R917Q	Missense	0.100648058
4281	EHMT2	A916T;R917Q	Missense;Missense	0.13988619
4282	EHMT2	A916T	Missense	-0.00386739
4283	EHMT2	A916T	Missense	0.118268147
4284	EHMT2	P911P;L912L;H913Y	Silent;Silent;Missense	-0.064598086
4285	EHMT2	P911L;L912L	Missense;Silent	-0.234782523
4286	EHMT2	L912L	Silent	0.230455394
4287	EHMT2	G908R	Missense	0.012914255
4288	EHMT2	A903V	Missense	-0.074426181
4289	EHMT2		No Mutation	0.210060953
4290	EHMT2	A903V	Missense	-0.285265899
4291	EHMT2	H902Y;A903V	Missense;Missense	0.289274094
4292	EHMT2	C899Y;D900N	Missense;Missense	0.058507576
4293	EHMT2	A897T	Missense	-0.007656219
4294	EHMT2	L895L	Silent	-0.233753544
4295	EHMT2		No Mutation	0.164217887
4296	EHMT2	A889T	Missense	0.180392911
4297	EHMT2	S887N;A888T	Missense;Missense	-0.011222355
4298	EHMT2		No Mutation	0.348475407
4299	EHMT2	H880Y	Missense	0.301595611
4300	EHMT2	H880Y	Missense	-0.628840435
4301	EHMT2	N876N	Silent	0.2730344
4302	EHMT2	N876N	Silent	0.173759884
4303	EHMT2	C878Y	Missense	-0.591389897
4304	EHMT2		No Mutation	0.307959044
4305	EHMT2	E874E;E875K	Silent;Missense	0.241811515
4306	EHMT2	(NC);E874K	Splice-acceptor;Missense	-0.785204868
4307	EHMT2	(NC);E874K	Splice-acceptor;Missense	-0.659806116
4308	EHMT2	(NC);(NC);(NC);(NC)	Intron;Intron;Intron;Intron	-0.071009616
4309	EHMT2	(NC);(NC);(NC);(NC)	Intron;Intron;Intron;Intron	0.234692842
4310	EHMT2	(NC)	Intron	0.14809065
4311	EHMT2		No Mutation	0.072195082
4312	EHMT2	D872D;N873N	Silent;Silent	0.260942799
4313	EHMT2	(NC);(NC);(NC)	Intron;Intron;Intron	-0.097377223
4314	EHMT2	(NC);(NC)	Intron;Intron	0.120834066
4315	EHMT2	D872N	Missense	0.562778701
4316	EHMT2	T863T;R864Q;G865S	Silent;Missense;Missense	-0.186306498
4317	EHMT2	R859C	Missense	0.242361192
4318	EHMT2	I858I;R859C	Silent;Missense	0.105350928
4319	EHMT2	I858I;R859C	Silent;Missense	-0.560415837
4320	EHMT2	H852Y	Missense	0.478446667
4321	EHMT2	E851K	Missense	0.222226595
4322	EHMT2	A850T;E851K	Missense;Missense	0.067901728
4323	EHMT2		No Mutation	-0.04889479
4324	EHMT2		No Mutation	-0.178910829
4325	EHMT2	G842K;W843*	Missense;Nonsense	-0.172567767
4326	EHMT2	G841G;G842K	Silent;Missense	-0.965782201
4327	EHMT2	G841K;G842R	Missense;Missense	0.464019348
4328	EHMT2	(NC);(NC)	Intron;Intron	0.014242886
4329	EHMT2	S840N;G841K	Missense;Missense	0.177775381
4330	EHMT2	(NC);(NC);(NC)	Intron;Intron;Intron	0.381683292
4331	EHMT2	(NC);(NC);(NC);(NC)	Intron;Intron;Intron;Intron	-0.219481384
4332	EHMT2	D839N;S840N	Missense;Missense	-0.901678572
4333	EHMT2	(NC);(NC);(NC);(NC)	Intron;Intron;Intron;Intron	-0.163597034
4334	EHMT2	(NC);D839N	Splice-acceptor;Missense	0.13697547
4335	EHMT2	(NC);(NC);(NC);(NC)	Intron;Intron;Intron;Intron	-0.339994112
4336	EHMT2	(NC);(NC);(NC)	Intron;Intron;Intron	-0.28270671
4337	EHMT2		No Mutation	-0.665036356
4338	EHMT2		No Mutation	-0.684177252
4339	EHMT2	(NC);(NC);(NC)	Intron;Intron;Intron	-0.237717783
4340	EHMT2		No Mutation	-0.022592583
4341	EHMT2		No Mutation	-0.169048612
4342	EHMT2	V835V	Silent	0.321247021
4343	EHMT2		No Mutation	-0.381450415
4344	EHMT2	L828L	Silent	0.220546743
4345	EHMT2	G831K	Missense	-0.24427649
4346	EHMT2	L827L;L828L	Silent;Silent	-0.789727245
4347	EHMT2	S825S;L826L	Silent;Silent	-0.095564247
4348	EHMT2	L821L;E822K	Silent;Missense	0.140806672
4349	EHMT2	I818I	Silent	0.245206388
4350	EHMT2	A816V	Missense	-0.259483745
4351	EHMT2	H813H;H814Y	Silent;Missense	0.559229267
4352	EHMT2	H813Y;H814Y	Missense;Missense	-0.344724836
4353	EHMT2	A816T	Missense	0.288666295
4354	EHMT2	A815T	Missense	0.014268181
4355	EHMT2	G808N	Missense	0.324278476
4356	EHMT2	G808N	Missense	-0.159723179
4357	EHMT2	(NC);(NC);(NC);(NC)	Intron;Intron;Intron;Intron	-0.150782721
4358	EHMT2	E805K;E806K	Missense;Missense	-0.298293713
4359	EHMT2	(NC);E805K;E806K	Splice-acceptor;Missense;Missense	0.141792492
4360	EHMT2	(NC)	Intron	-0.096007416
4361	EHMT2	(NC);(NC);(NC)	Intron;Intron;Intron	-0.288946616
4362	EHMT2	(NC);(NC)	Intron;Intron	0.391262519
4363	EHMT2	(NC);(NC)	Intron;Intron	0.042159194
4364	EHMT2	(NC)	Intron	0.108056031
4365	EHMT2		No Mutation	-0.201349643
4366	EHMT2	S803S	Silent	0.466642944
4367	EHMT2	G799G	Silent	-0.872597125
4368	EHMT2	Q796Q;R797H;G798S	Silent;Missense;Missense	0.439270843
4369	EHMT2	Q796Q;R797H	Silent;Missense	0.334584193
4370	EHMT2	Y793Y	Silent	0.458086507
4371	EHMT2	R792C	Missense	0.201133569
4372	EHMT2		No Mutation	-0.184165662
4373	EHMT2		No Mutation	-0.481994398
4374	EHMT2	R792H	Missense	0.151580447
4375	EHMT2	L788L	Silent	0.174544493
4376	EHMT2		No Mutation	-0.22807827
4377	EHMT2	A782A	Silent	0.403559689
4378	EHMT2	V783I;V784M	Missense;Missense	0.189832859
4379	EHMT2	P778L;L779L	Missense;Silent	0.269424037
4380	EHMT2	R776W	Missense	0.082325152
4381	EHMT2	Q775*;R776W	Nonsense;Missense	-0.094686807
4382	EHMT2	A770V	Missense	-0.279548261
4383	EHMT2	V771V;D772N	Silent;Missense	0.054042225
4384	EHMT2	A766V	Missense	0.065606315
4385	EHMT2		No Mutation	-0.24231808
4386	EHMT2	A766T	Missense	0.396274666
4387	EHMT2	A766T	Missense	-0.338233397
4388	EHMT2	G765E;A766T	Missense;Missense	-0.095419416
4389	EHMT2	A764T;G765K	Missense;Missense	0.617810315
4390	EHMT2	(NC);A764T	Splice-acceptor;Missense	-0.264848755
4391	EHMT2	(NC);A764T	Splice-acceptor;Missense	-1.188153915
4392	EHMT2	(NC);(NC);(NC)	Intron;Intron;Intron	-0.220464181
4393	EHMT2		No Mutation	-0.073263281
4394	EHMT2	(NC);(NC);(NC);(NC)	Intron;Intron;Intron;Intron	-0.342913595
4395	EHMT2	Q763*	Nonsense	-0.238445356
4396	EHMT2	L761L;L762L	Silent;Silent	0.134156507
4397	EHMT2	L761L;L762L	Silent;Silent	0.351084648
4398	EHMT2	Q763Q;(NC)	Silent;Splice-donor	-0.507125421
4399	EHMT2	I757I;C758C;H759Y	Silent;Silent;Missense	0.282318825
4400	EHMT2	V760I	Missense	0.592969803
4401	EHMT2	V755V;E756K	Silent;Missense	0.284824622
4402	EHMT2	V755V;E756K	Silent;Missense	1.108905127
4403	EHMT2	V755I	Missense	0.303859198
4404	EHMT2	A749A;A750V;Q751*	Silent;Missense;Nonsense	-0.042701109
4405	EHMT2	Q751Q	Silent	-0.216597386
4406	EHMT2	Q751Q	Silent	-0.209559766
4407	EHMT2	H747Y;A748V	Missense;Missense	-0.088059365
4408	EHMT2	A750T	Missense	0.496606709
4409	EHMT2	H747Y	Missense	0.122354968
4410	EHMT2	T744T	Silent	0.246788892
4411	EHMT2	Q740Q;S741N	Silent;Missense	-0.196565285
4412	EHMT2	Q739Q	Silent	0.170233441
4413	EHMT2	D738N	Missense	0.370277076
4414	EHMT2	D738N	Missense	0.127483159
4415	EHMT2	Q736Q	Silent	0.468686903
4416	EHMT2	L731L;D732N	Silent;Missense	0.374568159
4417	EHMT2	L731L;D732N	Silent;Missense	-0.098934058
4418	EHMT2	L731L;D732N	Silent;Missense	-0.463567628
4419	EHMT2	(NC)	Intron	0.211849937
4420	EHMT2		No Mutation	-0.138269288
4421	EHMT2		No Mutation	-0.202053717
4422	EHMT2	(NC);(NC)	Intron;Intron	0.122501648
4423	EHMT2	Q717*	Nonsense	0.29920149
4424	EHMT2	E719E;L720L	Silent;Silent	-0.148536439
4425	EHMT2	Q717Q;G718N;E719K	Silent;Missense;Missense	0.186049886
4426	EHMT2	Y712Y;L713L	Silent;Silent	-0.123198783
4427	EHMT2	Y712Y;L713L	Silent;Silent	0.144759483
4428	EHMT2	L713L	Silent	0.502766085
4429	EHMT2	L713L	Silent	0.59330222
4430	EHMT2	L711L	Silent	-0.411570027
4431	EHMT2	R709R;Q710Q	Silent;Silent	-0.074900295
4432	EHMT2	L704F	Missense	-0.002535272
4433	EHMT2	K702K;K703K	Silent;Silent	-0.030896653
4434	EHMT2	K702K;K703K	Silent;Silent	0.107183676
4435	EHMT2	(NC);R700R;R701Q	Splice-acceptor;Silent;Missense	0.611814633
4436	EHMT2	(NC);R700R	Splice-acceptor;Silent	-0.456207078
4437	EHMT2	(NC);(NC)	Intron;Intron	0.248345349
4438	EHMT2	(NC);(NC)	Intron;Intron	-0.33419529
4439	EHMT2	(NC)	Intron	-0.204356882
4440	EHMT2	(NC);(NC);(NC)	Intron;Intron;Intron	-0.042609557
4441	EHMT2		No Mutation	0.418630271
4442	EHMT2		No Mutation	0.177814451
4443	EHMT2	(NC);(NC);(NC)	Splice-donor;Intron;Intron	-0.669961305
4444	EHMT2	S698L	Missense	0.281518737
4445	EHMT2	S698L	Missense	-0.2696474
4446	EHMT2		No Mutation	-0.241498734
4447	EHMT2	V694V;I695I	Silent;Silent	-0.018576039
4448	EHMT2	E697E	Silent	0.217983902
4449	EHMT2		No Mutation	-0.567428551
4450	EHMT2	A688V;L689L	Missense;Silent	0.325956341
4451	EHMT2	G685G;R686W	Silent;Missense	0.155490237
4452	EHMT2	P684L	Missense	-0.033298245
4453	EHMT2	R686Q;E687K	Missense;Missense	-0.108472307
4454	EHMT2	L682L	Silent	-0.046960428
4455	EHMT2	P681L;L682L	Missense;Silent	-0.000338203
4456	EHMT2	P681L	Missense	-0.219034071
4457	EHMT2	L682L;G683K	Silent;Missense	0.757458098
4458	EHMT2	L680L	Silent	0.191446134
4459	EHMT2	A677V	Missense	-0.032665269
4460	EHMT2	A677V	Missense	-0.440647627
4461	EHMT2	A677V	Missense	0.331776152
4462	EHMT2	G679G;L680L	Silent;Silent	0.352421045
4463	EHMT2	G673G;C674C	Silent;Silent	0.853700405
4464	EHMT2	G673G	Silent	0.367474114
4465	EHMT2	G673G	Silent	0.45779831
4466	EHMT2		No Mutation	-0.538896932
4467	EHMT2		No Mutation	0.332772138
4468	EHMT2	C674Y	Missense	0.379510636
4469	EHMT2	G673D;C674Y	Missense;Missense	0.06697592
4470	EHMT2	G672K;G673S	Missense;Missense	-0.266018309
4471	EHMT2	G672K	Missense	-0.022128543
4472	EHMT2		No Mutation	-0.096374259
4473	EHMT2	L667L;T668I	Silent;Missense	-0.094274361
4474	EHMT2		No Mutation	0.418696568
4475	EHMT2	S666S;L667L	Silent;Silent	0.298295866
4476	EHMT2	S666F;L667L	Missense;Silent	0.019648467
4477	EHMT2	S666F;L667L	Missense;Silent	0.244160876
4478	EHMT2	G664E	Missense	0.235335665
4479	EHMT2	D658D;T659I	Silent;Missense	-0.032854129
4480	EHMT2	D658D;T659I	Silent;Missense	0.252030857
4481	EHMT2	D661N	Missense	-0.439667997
4482	EHMT2	D661N	Missense	-0.176790103
4483	EHMT2	D661N	Missense	-0.161019993
4484	EHMT2	D658N	Missense	-0.210906912
4485	EHMT2	A657T;D658N	Missense;Missense	0.09558289
4486	EHMT2	L656L;A657T	Silent;Missense	-0.216049805
4487	EHMT2	L656L;A657T	Silent;Missense	0.358174066
4488	EHMT2	R650R;P651L;P652S	Silent;Missense;Missense	0.693780234
4489	EHMT2	D654N	Missense	-0.078993635
4490	EHMT2	C653Y;D654N	Missense;Missense	-0.187177561
4491	EHMT2	C653Y;D654N	Missense;Missense	-0.056575677
4492	EHMT2		No Mutation	-0.384501647
4493	EHMT2	G646K;E647K	Missense;Missense	0.244083317
4494	EHMT2	G646K	Missense	-0.308777612
4495	EHMT2	A640A;R641W	Silent;Missense	-0.227284655
4496	EHMT2	A640V;R641W	Missense;Missense	0.080422314
4497	EHMT2	A640V;R641W	Missense;Missense	0.308166187
4498	EHMT2	M642I;R643Q;G644R	Missense;Missense;Missense	0.513843626
4499	EHMT2	(NC)	Intron	-0.015894368
4500	EHMT2	(NC);(NC)	Intron;Intron	-0.119086047
4501	EHMT2	R641Q	Missense	0.289632633
4502	EHMT2	(NC);(NC);(NC)	Intron;Intron;Intron	0.098294698
4503	EHMT2		No Mutation	0.323833728
4504	EHMT2		No Mutation	-0.034503304
4505	EHMT2	T635I;S636F	Missense;Missense	-0.18906355
4506	EHMT2	A633V;D634D	Missense;Silent	0.068243901
4507	EHMT2		No Mutation	0.519337242
4508	EHMT2		No Mutation	-0.089554165
4509	EHMT2		No Mutation	0.077656123
4510	EHMT2	G631G;R632K;A633T	Silent;Missense;Missense	0.106768994
4511	EHMT2	G631E;R632K	Missense;Missense	-0.475897427
4512	EHMT2	G631R	Missense	-0.438253716
4513	EHMT2		No Mutation	-0.443379859
4514	EHMT2	V629I	Missense	0.34424132
4515	EHMT2	S626F	Missense	-0.741165841
4516	EHMT2	L625L;S626F	Silent;Missense	0.28279225
4517	EHMT2	D628N;V629I	Missense;Missense	-0.652625021
4518	EHMT2	Q627Q;D628N;V629I	Silent;Missense;Missense	-0.456555516
4519	EHMT2	Q627Q;D628N	Silent;Missense	-0.180165107
4520	EHMT2	Q627Q;D628N	Silent;Missense	-0.19947253
4521	EHMT2	L625L	Silent	0.361496562
4522	EHMT2	P622F;P623S	Missense;Missense	-0.300613092
4523	EHMT2	A621T	Missense	0.115804698
4524	EHMT2	A619T	Missense	-0.390912304
4525	EHMT2	A618T;A619T	Missense;Missense	0.025057163
4526	EHMT2	A618T;A619T	Missense;Missense	-0.304841667
4527	EHMT2	A618T	Missense	-0.03727192
4528	EHMT2		No Mutation	0.014821399
4529	EHMT2	D609D	Silent	0.328853055
4530	EHMT2	V611V	Silent	0.152218316
4531	EHMT2	V611V	Silent	-0.470598494
4532	EHMT2	V611I	Missense	0.332213564
4533	EHMT2	G610G;V611I	Silent;Missense	0.040823495
4534	EHMT2	G610K	Missense	-0.180785137
4535	EHMT2	T604T;I605I;P606S	Silent;Silent;Missense	0.099148809
4536	EHMT2	T604I;I605I	Missense;Silent	0.086237643
4537	EHMT2	T604I	Missense	0.681229324
4538	EHMT2		No Mutation	0.195104095
4539	EHMT2		No Mutation	-0.447893832
4540	EHMT2		No Mutation	-0.333210425
4541	EHMT2	A597V	Missense	-0.08781164
4542	EHMT2	A597T	Missense	0.042840896
4543	EHMT2	A597T	Missense	0.000502949
4544	EHMT2	D596N;A597T	Missense;Missense	-0.063626571
4545	EHMT2	F589F;P591S	Silent;Missense	0.044041997
4546	EHMT2	V588V;F589F	Silent;Silent	0.298816577
4547	EHMT2	V588V;F589F	Silent;Silent	0.180096832
4548	EHMT2	V588V	Silent	0.429332881
4549	EHMT2	S582F;Q583*	Missense;Nonsense	-0.38252826
4550	EHMT2	L584L	Silent	0.278178592
4551	EHMT2		No Mutation	-0.294738466
4552	EHMT2		No Mutation	-0.153393112
4553	EHMT2	V581V	Silent	-0.119234397
4554	EHMT2	C580Y;V581M	Missense;Missense	0.230573978
4555	EHMT2	K578K;A579T	Silent;Missense	0.237920912
4556	EHMT2	K578K;A579T	Silent;Missense	-0.083162363
4557	EHMT2	A573V;H574Y	Missense;Missense	-0.076233228
4558	EHMT2		No Mutation	-0.519949424
4559	EHMT2	A573T	Missense	-0.134051144
4560	EHMT2	V572V;A573T	Silent;Missense	-0.0900043
4561	EHMT2	V572I;A573T	Missense;Missense	-0.137419908
4562	EHMT2	C566C;H567Y;P568S	Silent;Missense;Missense	0.425198365
4563	EHMT2	D569N	Missense	0.371560162
4564	EHMT2		No Mutation	0.125819189
4565	EHMT2	L564L;E565K	Silent;Missense	-0.337235605
4566	EHMT2	L564L;E565K	Silent;Missense	0.371067351
4567	EHMT2		No Mutation	-0.343678591
4568	EHMT2		No Mutation	-0.392638093
4569	EHMT2	(NC);(NC);(NC);(NC)	Intron;Intron;Intron;Intron	-0.816395613
4570	EHMT2	(NC)	Intron	-0.504908098
4571	EHMT2	(NC)	Intron	0.926623542
4572	EHMT2	(NC)	Intron	-0.316691188
4573	EHMT2	(NC);(NC)	Intron;Intron	0.534702167
4574	EHMT2	A560V	Missense	-0.19434556
4575	EHMT2	A560V	Missense	-0.478230014
4576	EHMT2	T559M;A560V	Missense;Missense	0.218866101
4577	EHMT2	C554C;G555G	Silent;Silent	0.457215016
4578	EHMT2	C558Y	Missense	-0.070704036
4579	EHMT2	G553G;C554C	Silent;Silent	0.203559714
4580	EHMT2		No Mutation	1.540852893
4581	EHMT2	C554Y;G555S	Missense;Missense	0.204301501
4582	EHMT2	H549Y	Missense	-0.159529483
4583	EHMT2	H548Y	Missense	0.23981726
4584	EHMT2	V546V;H548Y	Silent;Missense	0.139730391
4585	EHMT2		No Mutation	-0.003709082
4586	EHMT2		No Mutation	0.959567959
4587	EHMT2		No Mutation	0.035214017
4588	EHMT2	M545I;V546I	Missense;Missense	0.500554341
4589	EHMT2	M545I;V546I	Missense;Missense	1.025139026
4590	EHMT2	T540I;H541Y	Missense;Missense	-1.002670618
4591	EHMT2	E539K	Missense	0.056984128
4592	EHMT2	C538Y;E539K	Missense;Missense	-0.148621997
4593	EHMT2	M535I;V536I	Missense;Missense	-0.324692626
4594	EHMT2	L534L;M535I	Silent;Missense	0.181923357
4595	EHMT2	A533T	Missense	-0.31594767
4596	EHMT2	S529S;S530S;R531C	Silent;Silent;Missense	-0.092526316
4597	EHMT2	S530N;R531H	Missense;Missense	-0.161657789
4598	EHMT2	P528S	Missense	0.152034387
4599	EHMT2	M526I	Missense	0.481136026
4600	EHMT2	L521L	Silent	-0.004431643
4601	EHMT2	E524E	Silent	0.190253702
4602	EHMT2	R523Q;E524K	Missense;Missense	-0.149751181
4603	EHMT2	A518V	Missense	0.015837609
4604	EHMT2	A518V	Missense	0.25067768
4605	EHMT2	L513L	Silent	-0.255412571
4606	EHMT2	(NC);(NC)	Intron;Intron	-0.10367881
4607	EHMT2	(NC)	Splice-acceptor	-0.422191305
4608	EHMT2	(NC)	Splice-acceptor	-0.449651971
4609	EHMT2	(NC);(NC)	Intron;Intron	-0.002039665
4610	EHMT2		No Mutation	-0.375505599
4611	EHMT2		No Mutation	0.259112307
4612	EHMT2		No Mutation	0.361535976
4613	EHMT2	D510D	Silent	0.121035918
4614	EHMT2	D510D	Silent	-0.298096579
4615	EHMT2		No Mutation	-0.218186574
4616	EHMT2		No Mutation	0.3272054
4617	EHMT2		No Mutation	-0.583071608
4618	EHMT2	G511K	Missense	-0.060703542
4619	EHMT2		No Mutation	-0.439543812
4620	EHMT2	A505V;T506I	Missense;Missense	0.566105909
4621	EHMT2	C503C	Silent	0.47372513
4622	EHMT2	A499V	Missense	-0.351750686
4623	EHMT2	R498R;A499T;G500R	Silent;Missense;Missense	-0.273657385
4624	EHMT2	R494R;I495I	Silent;Silent	0.289435086
4625	EHMT2	R494C	Missense	-0.254588
4626	EHMT2	D493D;R494C	Silent;Missense	-0.55060587
4627	EHMT2	D493D;R494C	Silent;Missense	-0.212182328
4628	EHMT2	D493D	Silent	0.055049985
4629	EHMT2	S496N	Missense	-0.032526523
4630	EHMT2	S496N	Missense	0.158882708
4631	EHMT2	K491K	Silent	0.067332187
4632	EHMT2	M487I;E488K	Missense;Missense	0.683030732
4633	EHMT2	R486H;M487I	Missense;Missense	0.409940036
4634	EHMT2	R486H	Missense	0.115508231
4635	EHMT2	C483C	Silent	0.027348114
4636	EHMT2	P481P;L482L	Silent;Silent	0.100154084
4637	EHMT2	T473I	Missense	0.141748005
4638	EHMT2	S470L;L471L	Missense;Silent	0.191780818
4639	EHMT2	S470L;L471L	Missense;Silent	0.078484987
4640	EHMT2	S470S;L471L	Silent;Silent	0.123018723
4641	EHMT2	S465S	Silent	0.332194868
4642	EHMT2	D467N	Missense	0.035541432
4643	EHMT2		No Mutation	0.232597416
4644	EHMT2	V464V	Silent	0.085079894
4645	EHMT2	(NC)	Splice-acceptor	-0.461144542
4646	EHMT2	(NC);(NC)	Intron;Intron	0.074299123
4647	EHMT2	(NC);(NC)	Intron;Intron	0.109062981
4648	EHMT2		No Mutation	0.320340778
4649	EHMT2		No Mutation	0.063623803
4650	EHMT2		No Mutation	-0.327089986
4651	EHMT2	(NC)	Intron	-0.057993874
4652	EHMT2	(NC)	Intron	0.208651056
4653	EHMT2		No Mutation	0.051318349
4654	EHMT2	(NC)	Splice-donor	0.108989344
4655	EHMT2	A462T;G463R	Missense;Missense	-0.118017612
4656	EHMT2	A462T	Missense	0.085656963
4657	EHMT2	L457F;S458F	Missense;Missense	-0.104300801
4658	EHMT2		No Mutation	-0.003875893
4659	EHMT2		No Mutation	0.038199121
4660	EHMT2	E454K;G455R	Missense;Missense	-0.177900221
4661	EHMT2	S453N;E454K	Missense;Missense	-0.531542559
4662	EHMT2		No Mutation	0.359674507
4663	EHMT2	L449L	Silent	-0.315225396
4664	EHMT2	S448S;L449L	Silent;Silent	0.132845557
4665	EHMT2	E450K	Missense	0.458201102
4666	EHMT2	L449L;E450K	Silent;Missense	0.198220272
4667	EHMT2	V444V;P445S	Silent;Missense	-0.040586664
4668	EHMT2	Y441Y	Silent	-0.107395735
4669	EHMT2	Y441Y	Silent	0.209255072
4670	EHMT2	Y441Y	Silent	0.178651019
4671	EHMT2	E443E;V444I	Silent;Missense	-0.530662095
4672	EHMT2	E443K;V444I	Missense;Missense	-0.105415425
4673	EHMT2	M442I;E443K;V444I	Missense;Missense;Missense	-0.054142606
4674	EHMT2	G437G;P438F	Silent;Missense	-0.405993834
4675	EHMT2	E440E	Silent	-0.138860834
4676	EHMT2	G437G;P438S	Silent;Missense	0.172329994
4677	EHMT2		No Mutation	-0.028601726
4678	EHMT2	(NC)	Intron	-0.00715386
4679	EHMT2	(NC)	Intron	-0.138555217
4680	EHMT2	(NC)	Intron	-0.074467684
4681	EHMT2	(NC);(NC);(NC)	Intron;Intron;Intron	-0.384526168
4682	EHMT2		No Mutation	0.571135113
4683	EHMT2	(NC)	Intron	0.120038671
4684	EHMT2	(NC);(NC);(NC)	Splice-donor;Intron;Intron	0.063843356
4685	EHMT2	P427S	Missense	0.301937969
4686	EHMT2	A424A	Silent	0.214765113
4687	EHMT2	R428Q	Missense	-0.317675829
4688	EHMT2	R423W;A424V	Missense;Missense	0.256566849
4689	EHMT2	E426K	Missense	-0.060800915
4690	EHMT2	P421S	Missense	-0.032726299
4691	EHMT2	R417R;R419W	Silent;Missense	0.352319227
4692	EHMT2	R417R	Silent	0.161422035
4693	EHMT2	R417H	Missense	0.535645089
4694	EHMT2	R414W	Missense	0.512089995
4695	EHMT2	P408L	Missense	-0.324081557
4696	EHMT2	R404*	Nonsense	0.012555727
4697	EHMT2	R404*	Nonsense	-0.579197482
4698	EHMT2	K400K;K401K	Silent;Silent	0.111349791
4699	EHMT2	R397R	Silent	-0.295231886
4700	EHMT2	K398K;A399T	Silent;Missense	0.311441345
4701	EHMT2	S393F	Missense	0.125448088
4702	EHMT2	G395N	Missense	0.052082964
4703	EHMT2	S394N;G395N	Missense;Missense	0.377095328
4704	EHMT2		No Mutation	0.341274883
4705	EHMT2	S394N	Missense	-0.610054085
4706	EHMT2		No Mutation	-0.117340506
4707	EHMT2	G392D	Missense	-0.532817157
4708	EHMT2	(NC);(NC);(NC)	Intron;Intron;Intron	0.271846831
4709	EHMT2	G392N	Missense	-0.228390465
4710	EHMT2	S391N;G392N	Missense;Missense	-0.869594889
4711	EHMT2	(NC);S391N	Splice-acceptor;Missense	0.016589563
4712	EHMT2	(NC);(NC);(NC);(NC)	Intron;Intron;Intron;Intron	-0.243125601
4713	EHMT2		No Mutation	-1.824134154
4714	EHMT2	S388L	Missense	-0.105690546
4715	EHMT2		No Mutation	-0.536783852
4716	EHMT2	S384L	Missense	-0.419425466
4717	EHMT2		No Mutation	0.488303807
4718	EHMT2		No Mutation	0.574749608
4719	EHMT2		No Mutation	-0.672484705
4720	EHMT2		No Mutation	-2.570788211
4721	EHMT2		No Mutation	-1.765623765
4722	EHMT2		No Mutation	-2.195668959
4723	EHMT2		No Mutation	-2.141082473
4724	EHMT2		No Mutation	-1.470684359
4725	EHMT2		No Mutation	-2.503185793
4726	EHMT2		No Mutation	-1.855573455
4727	EHMT2		No Mutation	-2.199676999
4728	EHMT2		No Mutation	-0.238925277
4729	EHMT2	L355L	Silent	0.471965487
4730	EHMT2	Q354*;L355L	Nonsense;Silent	-0.214929209
4731	EHMT2	Q354*	Nonsense	0.1486801
4732	EHMT2	A350T	Missense	0.001664701
4733	EHMT2	A350T	Missense	-0.174431259
4734	EHMT2	E347K;V348I	Missense;Missense	0.407191627
4735	EHMT2	S344S	Silent	0.170827745
4736	EHMT2	(NC);(NC)	Intron;Intron	0.012555827
4737	EHMT2	R339R	Silent	0.370185312
4738	EHMT2	E338E;R339H	Silent;Missense	0.298772824
4739	EHMT2	Y334Y;S335F	Silent;Missense	-0.097525595
4740	EHMT2	Y330Y	Silent	0.214209595
4741	EHMT2	S315S;L316L	Silent;Silent	-0.641891338
4742	EHMT2	E318E;W319*	Silent;Nonsense	-0.816696482
4743	EHMT2	E318K;W319*	Missense;Nonsense	-0.336083465
4744	EHMT2	E317E;E318K	Silent;Missense	-0.354076741
4745	EHMT2	P313P	Silent	0.017242059
4746	EHMT2	P313L	Missense	-0.091154115
4747	EHMT2	D312D;P313S	Silent;Missense	0.074904061
4748	EHMT2		No Mutation	1.061205418
4749	EHMT2	G314R	Missense	-0.004278191
4750	EHMT2		No Mutation	-0.210196938
4751	EHMT2	T309M	Missense	0.120460928
4752	EHMT2	L308L;T309M	Silent;Missense	0.139869905
4753	EHMT2		No Mutation	-0.072665014
4754	EHMT2		No Mutation	1.001129765
4755	EHMT2		No Mutation	0.152200338
4756	EHMT2	V306I	Missense	-0.323271405
4757	EHMT2	V306I	Missense	0.457584503
4758	EHMT2	S299F	Missense	0.28315684
4759	EHMT2		No Mutation	0.35191713
4760	EHMT2		No Mutation	0.075123958
4761	EHMT2	(NC);(NC)	Intron;Intron	-0.398995065
4762	EHMT2	G292G;L293L	Silent;Silent	0.225509848
4763	EHMT2	N288N	Silent	0.425565285
4764	EHMT2	L287L	Silent	-1.168301283
4765	EHMT2		No Mutation	0.990468935
4766	EHMT2	L287L	Silent	0.229621055
4767	EHMT2		No Mutation	0.367675357
4768	EHMT2	(NC)	Intron	-0.258157609
4769	EHMT2	(NC);(NC)	Intron;Intron	-0.260454324
4770	EHMT2		No Mutation	-0.520980613
4771	EHMT2		No Mutation	-0.274209172
4772	EHMT2	(NC);(NC);(NC)	Intron;Intron;Intron	-0.153822729
4773	EHMT2		No Mutation	0.138976461
4774	EHMT2	L274L	Silent	-0.254536545
4775	EHMT2	K276K;V277I	Silent;Missense	-0.379506593
4776	EHMT2	V271V;H272Y	Silent;Missense	0.281962409
4777	EHMT2		No Mutation	-0.384088796
4778	EHMT2		No Mutation	-0.164297776
4779	EHMT2	V271I	Missense	-0.230653355
4780	EHMT2	R266H	Missense	0.060585911
4781	EHMT2		No Mutation	-0.307458525
4782	EHMT2		No Mutation	0.469811594
4783	EHMT2		No Mutation	-0.098258374
4784	EHMT2	E261K	Missense	-0.455922657
4785	EHMT2	E261K	Missense	0.481252524
4786	EHMT2	R258Q	Missense	-0.082102971
4787	EHMT2	K257K;R258Q	Silent;Missense	0.395719356
4788	EHMT2	K257K;R258Q	Silent;Missense	-0.38364774
4789	EHMT2	K257K;R258Q	Silent;Missense	-0.39769651
4790	EHMT2	P252L;P253L	Missense;Missense	0.225273695
4791	EHMT2	E256K	Missense	-0.080913571
4792	EHMT2		No Mutation	-0.056363149
4793	EHMT2	(NC)	Splice-acceptor	-0.38815428
4794	EHMT2	(NC);(NC)	Intron;Intron	-0.420659238
4795	EHMT2		No Mutation	-0.039105745
4796	EHMT2		No Mutation	-0.305962434
4797	EHMT2	Q251*	Nonsense	-0.167783279
4798	EHMT2	Q251*	Nonsense	-0.446094126
4799	EHMT2	(NC);(NC);(NC)	Splice-donor;Intron;Intron	0.316230021
4800	EHMT2		No Mutation	-0.29034633
4801	EHMT2		No Mutation	-0.054937062
4802	EHMT2	G250E;Q251Q	Missense;Silent	-0.05899449
4803	EHMT2	S245S;P247S	Silent;Missense	0.275450625
4804	EHMT2	G248E	Missense	-0.372669321
4805	EHMT2	S245F	Missense	0.013557984
4806	EHMT2	T243I	Missense	0.136207063
4807	EHMT2	R241H	Missense	0.413034989
4808	EHMT2	A240T;R241H	Missense;Missense	0.010542769
4809	EHMT2	K236K;V237I	Silent;Missense	-0.302517574
4810	EHMT2	K236K;V237I	Silent;Missense	0.270550858
4811	EHMT2	S230S;P231L	Silent;Missense	-0.274482621
4812	EHMT2	G233E;Q234Q	Missense;Silent	-0.339090365
4813	EHMT2	E232E;G233K	Silent;Missense	-0.580673917
4814	EHMT2	E232K	Missense	-0.494285151
4815	EHMT2	A227V;T228I	Missense;Missense	-0.046727882
4816	EHMT2	S230N	Missense	0.107805131
4817	EHMT2	A227V	Missense	-0.204185411
4818	EHMT2	T229T;S230N	Silent;Missense	0.627234835
4819	EHMT2	T229T;S230N	Silent;Missense	0.002955654
4820	EHMT2	T229T;S230N	Silent;Missense	-0.382028235
4821	EHMT2	A220T;G221R	Missense;Missense	0.127575968
4822	EHMT2	A220T	Missense	-0.02243218
4823	EHMT2		No Mutation	0.153473948
4824	EHMT2	Q215*	Nonsense	-0.739505726
4825	EHMT2	A217T;A218T	Missense;Missense	0.37184348
4826	EHMT2		No Mutation	-0.420153067
4827	EHMT2		No Mutation	0.548235128
4828	EHMT2	L208L	Silent	-0.155002145
4829	EHMT2	M206I;R207K	Missense;Missense	0.490807828
4830	EHMT2	V201V;Q202*	Silent;Nonsense	-0.918189327
4831	EHMT2	L204L;A205T	Silent;Missense	0.375173024
4832	EHMT2	S203N	Missense	0.148324146
4833	EHMT2	P199L	Missense	-0.121659475
4834	EHMT2	G193K	Missense	-0.35808947
4835	EHMT2	S190L	Missense	-0.129315001
4836	EHMT2		No Mutation	0.377998567
4837	EHMT2	A187A	Silent	-0.214267742
4838	EHMT2	M191I	Missense	0.379850774
4839	EHMT2	A187V	Missense	-0.175486096
4840	EHMT2	A187V	Missense	-0.124903383
4841	EHMT2	M189I	Missense	0.387894441
4842	EHMT2	K188K	Silent	0.48164996
4843	EHMT2		No Mutation	1.066598965
4844	EHMT2		No Mutation	0.972611038
4845	EHMT2	C183Y	Missense	-0.955395274
4846	EHMT2	C183Y	Missense	0.341167707
4847	EHMT2		No Mutation	0.085497228
4848	EHMT2	G181D	Missense	0.106358142
4849	EHMT2	K179K;G180K	Silent;Missense	-0.153829999
4850	EHMT2	K179K;G180K	Silent;Missense	0.249335029
4851	EHMT2	K179K;G180R	Silent;Missense	-0.348178521
4852	EHMT2	S175F;S176F	Missense;Missense	-0.284376837
4853	EHMT2	P174P;S175F	Silent;Missense	-0.213901402
4854	EHMT2	P174L;S175F	Missense;Missense	-0.823802528
4855	EHMT2	P174F;S175F	Missense;Missense	-0.09845556
4856	EHMT2	F173F;P174F	Silent;Missense	-0.630946835
4857	EHMT2		No Mutation	-0.078569721
4858	EHMT2		No Mutation	-0.266361297
4859	EHMT2	A169T	Missense	-0.228494364
4860	EHMT2		No Mutation	-0.922136299
4861	EHMT2	(NC)	Intron	-0.066777165
4862	EHMT2	(NC)	Intron	-0.469365656
4863	EHMT2		No Mutation	0.452415207
4864	EHMT2		No Mutation	1.318224781
4865	EHMT2		No Mutation	-0.494811041
4866	EHMT2	(NC);(NC);(NC)	Intron;Intron;Intron	0.537852873
4867	EHMT2	L165L;L166L	Silent;Silent	0.273836045
4868	EHMT2	I164I;L165L;L166L	Silent;Silent;Silent	0.313870106
4869	EHMT2	(NC);(NC)	Intron;Intron	0.128179199
4870	EHMT2	I164I	Silent	0.10698817
4871	EHMT2	L165L	Silent	0.019729578
4872	EHMT2		No Mutation	0.103597443
4873	EHMT2		No Mutation	0.012365446
4874	EHMT2	R163R	Silent	0.134670154
4875	EHMT2	D158D	Silent	0.186882337
4876	EHMT2		No Mutation	-0.072688783
4877	EHMT2		No Mutation	0.490608625
4878	EHMT2		No Mutation	-0.269743825
4879	EHMT2		No Mutation	0.107461901
4880	EHMT2	L153F	Missense	0.185060563
4881	EHMT2		No Mutation	0.186002834
4882	EHMT2		No Mutation	0.089589685
4883	EHMT2	S150F	Missense	0.625841206
4884	EHMT2		No Mutation	0.048047432
4885	EHMT2	E149K	Missense	0.117390252
4886	EHMT2	A142V	Missense	-0.116977314
4887	EHMT2	A142V	Missense	-0.187593522
4888	EHMT2	A142V	Missense	0.527881389
4889	EHMT2		No Mutation	-0.087314825
4890	EHMT2		No Mutation	-0.608068592
4891	EHMT2		No Mutation	-0.230098027
4892	EHMT2	A136V	Missense	0.599415079
4893	EHMT2	A136V	Missense	-0.31266007
4894	EHMT2	A136V	Missense	0.587207859
4895	EHMT2	V129V;T130I	Silent;Missense	0.091599034
4896	EHMT2	V129V;T130I	Silent;Missense	0.175571889
4897	EHMT2	V129V;T130I	Silent;Missense	-0.213654573
4898	EHMT2	V129V	Silent	0.095162077
4899	EHMT2	V131I	Missense	0.567284491
4900	EHMT2	S126F	Missense	0.056912613
4901	EHMT2	V129I	Missense	-0.376090214
4902	EHMT2	V127I	Missense	-0.255299585
4903	EHMT2	V127I	Missense	0.221255381
4904	EHMT2	V127I	Missense	0.063699126
4905	EHMT2		No Mutation	0.15223624
4906	EHMT2		No Mutation	-0.13797701
4907	EHMT2	G120D	Missense	-0.755439063
4908	EHMT2	A119T	Missense	-0.140423689
4909	EHMT2	A119T	Missense	-0.152641611
4910	EHMT2	E117E;A119T	Silent;Missense	-0.169830097
4911	EHMT2	E117E	Silent	0.335500811
4912	EHMT2	D114D;S115F	Silent;Missense	0.906493057
4913	EHMT2	L116L;E117K	Silent;Missense	0.060126886
4914	EHMT2		No Mutation	-0.142543746
4915	EHMT2	D114N	Missense	0.106786296
4916	EHMT2	A111V	Missense	0.32400019
4917	EHMT2	D114N	Missense	-0.016214642
4918	EHMT2		No Mutation	-0.097299193
4919	EHMT2		No Mutation	-0.534640853
4920	EHMT2		No Mutation	-0.474081423
4921	EHMT2		No Mutation	-0.245860953
4922	EHMT2		No Mutation	0.20245065
4923	EHMT2	H95Y	Missense	-0.087663255
4924	EHMT2	(NC)	Intron	-0.12173815
4925	EHMT2	G96D	Missense	0.115130825
4926	EHMT2	(NC)	Intron	-0.150673759
4927	EHMT2	(NC)	Intron	0.145165252
4928	EHMT2	(NC);(NC)	Intron;Intron	0.084887746
4929	EHMT2		No Mutation	2.165561621
4930	EHMT2		No Mutation	-0.01149157
4931	EHMT2	(NC);(NC)	Intron;Intron	0.393121691
4932	EHMT2	(NC);(NC)	Intron;Intron	0.021167142
4933	EHMT2	E92E;R93K	Silent;Missense	-0.078669661
4934	EHMT2		No Mutation	0.460874175
4935	EHMT2	L83L	Silent	-0.340191137
4936	EHMT2	A80V;L81L	Missense;Silent	0.241065688
4937	EHMT2		No Mutation	0.33778179
4938	EHMT2	A80A;L81L	Silent;Silent	0.017751247
4939	EHMT2	A80T	Missense	0.820508948
4940	EHMT2	G79G;A80T	Silent;Missense	0.005300501
4941	EHMT2	G79E;A80T	Missense;Missense	-0.479308487
4942	EHMT2	A74V;P75S	Missense;Missense	-0.619504119
4943	EHMT2	A74V	Missense	0.135599367
4944	EHMT2	A74V	Missense	0.190029794
4945	EHMT2		No Mutation	0.074551586
4946	EHMT2	A76T	Missense	0.225239083
4947	EHMT2		No Mutation	-0.271308583
4948	EHMT2	A74T	Missense	-0.033488836
4949	EHMT2	E73E;A74T	Silent;Missense	-0.458051172
4950	EHMT2	Q71Q;G72K	Silent;Missense	0.294279085
4951	EHMT2	L68F;P69S	Missense;Missense	0.042677482
4952	EHMT2	Q71Q;G72R	Silent;Missense	0.01103822
4953	EHMT2	L68F	Missense	-1.077139199
4954	EHMT2	P66L	Missense	-0.640633046
4955	EHMT2	P66F	Missense	0.059167087
4956	EHMT2		No Mutation	-0.12018775
4957	EHMT2	V65V;P66F	Silent;Missense	-0.621505244
4958	EHMT2		No Mutation	0.010883983
4959	EHMT2		No Mutation	0.001155728
4960	EHMT2	C67Y	Missense	0.082004559
4961	EHMT2	G59G;L60L	Silent;Silent	-0.272480904
4962	EHMT2	G59E;L60L	Missense;Silent	0.573220461
4963	EHMT2	G59K	Missense	-0.03999172
4964	EHMT2	G59K	Missense	0.297518599
4965	EHMT2	G59K	Missense	0.051536287
4966	EHMT2	T53I;P54F	Missense;Missense	0.267518784
4967	EHMT2		No Mutation	-0.257017778
4968	EHMT2	T53I;P54F	Missense;Missense	0.326292778
4969	EHMT2		No Mutation	0.58788817
4970	EHMT2		No Mutation	-0.139186572
4971	EHMT2	W52*	Nonsense	0.241160339
4972	EHMT2	W52*	Nonsense	0.313753259
4973	EHMT2	P46L	Missense	0.207931758
4974	EHMT2	L43L;S44F;L45F	Silent;Missense;Missense	-0.242266058
4975	EHMT2	R47K;A48T	Missense;Missense	0.038083285
4976	EHMT2	S41S;L42L;L43F	Silent;Silent;Missense	0.306773707
4977	EHMT2		No Mutation	-0.760245222
4978	EHMT2	S41S;L42L	Silent;Silent	0.253747365
4979	EHMT2		No Mutation	0.314583309
4980	EHMT2		No Mutation	-0.283603688
4981	EHMT2	R38K	Missense	0.031038098
4982	EHMT2		No Mutation	0.183507437
4983	EHMT2	G37D;R38K	Missense;Missense	-0.1883271
4984	EHMT2	G37N;R38K	Missense;Missense	-0.119330717
4985	EHMT2	P32L;H33Y	Missense;Missense	-0.839831065
4986	EHMT2	P32F	Missense	0.386990181
4987	EHMT2		No Mutation	0.479228708
4988	EHMT2	G31G	Silent	0.036417199
4989	EHMT2	R29R;G30K;G31R	Silent;Missense;Missense	-0.022466668
4990	EHMT2	G26G	Silent	0.088731304
4991	EHMT2	R25*	Nonsense	-0.167669621
4992	EHMT2	S24S;R25*	Silent;Nonsense	-0.279440235
4993	EHMT2	S24S;R25*	Silent;Nonsense	0.012940562
4994	EHMT2	S24S;R25*	Silent;Nonsense	0.182039179
4995	EHMT2	R27H;G28K	Missense;Missense	0.470271466
4996	EHMT2	G23G;S24S;R25*	Silent;Silent;Nonsense	-0.177003291
4997	EHMT2	G23G;S24S	Silent;Silent	0.045476542
4998	EHMT2	G26N;R27H	Missense;Missense	-0.176890072
4999	EHMT2	G26N	Missense	-0.758786988
5000	EHMT2	R25Q;G26N	Missense;Missense	0.115187943
5001	EHMT2	P22L	Missense	-0.20013591
5002	EHMT2	A20V;P21F	Missense;Missense	0.654923823
5003	EHMT2	R18C	Missense	-0.178706305
5004	EHMT2	R18C	Missense	-0.024268219
5005	EHMT2	A19T;A20T	Missense;Missense	0.98664259
5006	EHMT2	R18H;A19T	Missense;Missense	0.506124921
5007	EHMT2	A13A;R14W	Silent;Missense	-0.1901993
5008	EHMT2	R12W	Missense	-0.302246415
5009	EHMT2	R12W	Missense	-0.010904737
5010	EHMT2		No Mutation	-0.323769863
5011	EHMT2		No Mutation	-0.293681101
5012	EHMT2		No Mutation	0.068607317
5013	EHMT2		No Mutation	0.287880899
5014	EHMT2		No Mutation	0.173075239
5015	EHMT2	L10L	Silent	0.121788217
5016	EHMT2		No Mutation	0.452904942
5017	EHMT2		No Mutation	-0.502515694
5018	EHMT2	L4L	Silent	-0.00097224
5019	EHMT2	L4L	Silent	-0.324069298
5020	EHMT2	L4L	Silent	-0.030017715
5021	EHMT2		No Mutation	-0.371604837
5022	EHMT2	R2W	Missense	0.133522608
5023	EHMT2	R2W	Missense	0.647642441
5024	EHMT2		No Mutation	-0.271243172
5025	EHMT2		No Mutation	0.313727611
5026	EHMT2	G3D	Missense	-0.211340082
5027	EHMT2	(NC);(NC)	Flank;Flank	-0.095049908
5028	EHMT2	(NC);(NC)	Flank;Flank	0.03332382
5029	EHMT2	(NC)	Flank	0.045691054
5030	EHMT2	(NC)	Flank	-0.017188848
5031	EHMT2	(NC);(NC)	Flank;Flank	-0.199085273
5032	EHMT2	(NC);(NC)	Flank;Flank	-0.848139791
5033	SUV39H1	(NC)	UTR	0.325548443
5034	SUV39H1	(NC)	UTR	0.234795611
5035	SUV39H1	(NC);(NC)	UTR;UTR	-0.328673165
5036	SUV39H1	(NC)	UTR	0.484797222
5037	SUV39H1	S5N;R6H	Missense;Missense	0.015361259
5038	SUV39H1	R6R;L7L	Silent;Silent	0.209586856
5039	SUV39H1	L12L;A13T	Silent;Missense	-0.324899955
5040	SUV39H1	L12L;A13V	Silent;Missense	0.02936955
5041	SUV39H1	A13V	Missense	0.415262749
5042	SUV39H1	D14D;P15L;L16L	Silent;Missense;Silent	-0.106362037
5043	SUV39H1	L16L	Silent	-0.587927778
5044	SUV39H1	(NC);(NC);(NC)	Intron;Intron;Intron	-0.205808965
5045	SUV39H1	(NC);(NC);(NC)	Intron;Intron;Intron	-0.104638829
5046	SUV39H1	(NC);(NC)	Intron;Intron	-0.12014652
5047	SUV39H1	G18D;C19Y	Missense;Missense	0.715817157
5048	SUV39H1	C19Y	Missense	0.756510206
5049	SUV39H1	C19Y;S20N	Missense;Missense	-0.027501319
5050	SUV39H1	C22Y;C23Y	Missense;Missense	0.256391748
5051	SUV39H1		No Mutation	0.530348546
5052	SUV39H1	S26F	Missense	0.291629426
5053	SUV39H1	Q31*	Nonsense	0.501498871
5054	SUV39H1	K38K	Silent	0.18027332
5055	SUV39H1		No Mutation	0.13273673
5056	SUV39H1	C41Y	Missense	0.398243004
5057	SUV39H1	L39F;S40F	Missense;Missense	-0.145714032
5058	SUV39H1	A43T	Missense	0.492180332
5059	SUV39H1	G45D	Missense	-0.153822729
5060	SUV39H1	A43V;L44F	Missense;Missense	-0.050008672
5061	SUV39H1		No Mutation	0.293279467
5062	SUV39H1		No Mutation	0.169292557
5063	SUV39H1	K48K;R49K	Silent;Missense	0.446573516
5064	SUV39H1	K48K;R49K	Silent;Missense	1.08023786
5065	SUV39H1	V56I;E57K	Missense;Missense	0.50296217
5066	SUV39H1	K63K;K64K	Silent;Silent	-0.123272105
5067	SUV39H1		No Mutation	0.689262005
5068	SUV39H1		No Mutation	-0.258951706
5069	SUV39H1	I65I	Silent	0.367489001
5070	SUV39H1	(NC);(NC)	Intron;Intron	0.450641406
5071	SUV39H1	(NC)	Intron	0.316546493
5072	SUV39H1		No Mutation	0.00447073
5073	SUV39H1	(NC);(NC);(NC)	Intron;Intron;Intron	-0.135623391
5074	SUV39H1		No Mutation	0.050055357
5075	SUV39H1		No Mutation	-0.351870306
5076	SUV39H1	(NC)	Splice-acceptor	0.305113717
5077	SUV39H1	(NC);(NC);(NC);(NC)	Intron;Intron;Intron;Intron	0.108056031
5078	SUV39H1	(NC);E67K	Splice-acceptor;Missense	0.497662004
5079	SUV39H1	(NC);E67K	Splice-acceptor;Missense	0.267660979
5080	SUV39H1	Q68Q	Silent	-0.001078209
5081	SUV39H1	Q68Q;E69K	Silent;Missense	0.621469622
5082	SUV39H1	Q68Q;E69K	Silent;Missense	0.283949359
5083	SUV39H1	E69K	Missense	0.408123516
5084	SUV39H1		No Mutation	0.816515398
5085	SUV39H1	Q68*	Nonsense	-0.043492272
5086	SUV39H1		No Mutation	0.592870449
5087	SUV39H1		No Mutation	0.589729192
5088	SUV39H1	Y71Y;L72L	Silent;Silent	-0.236388135
5089	SUV39H1	G77K	Missense	0.901211888
5090	SUV39H1	P79L;D80D	Missense;Silent	0.410583954
5091	SUV39H1	D80D	Silent	-0.118039692
5092	SUV39H1	W85*	Nonsense	0.195898471
5093	SUV39H1	S83S	Silent	0.39764298
5094	SUV39H1	Q89Q	Silent	0.474408087
5095	SUV39H1	K92K;C93Y	Silent;Missense	-0.001267107
5096	SUV39H1	I96I;L97F	Silent;Missense	0.061813229
5097	SUV39H1	K102K;D103N	Silent;Missense	0.445095336
5098	SUV39H1	F100F;H101Y	Silent;Missense	0.007799691
5099	SUV39H1	F100F;H101Y	Silent;Missense	0.659184297
5100	SUV39H1	R106K;E107K	Missense;Missense	0.307205659
5101	SUV39H1		No Mutation	-0.074484446
5102	SUV39H1		No Mutation	0.485573742
5103	SUV39H1	L109F	Missense	0.148674545
5104	SUV39H1	R114R	Silent	0.109883631
5105	SUV39H1	H113H;R114W	Silent;Missense	-0.055444075
5106	SUV39H1		No Mutation	0.076451372
5107	SUV39H1		No Mutation	-0.242812513
5108	SUV39H1	R119Q	Missense	0.131701538
5109	SUV39H1		No Mutation	-0.294532041
5110	SUV39H1	H120Y;L121L	Missense;Silent	0.578852221
5111	SUV39H1		No Mutation	0.563572847
5112	SUV39H1	S124N	Missense	0.517365121
5113	SUV39H1	S124N	Missense	-0.420484106
5114	SUV39H1	S124N	Missense	-0.055444244
5115	SUV39H1	L125L;A126T	Silent;Missense	0.349566408
5116	SUV39H1	S124S	Silent	-0.391894955
5117	SUV39H1		No Mutation	-0.348547102
5118	SUV39H1		No Mutation	0.181971972
5119	SUV39H1	A126A;N127N	Silent;Silent	0.470804207
5120	SUV39H1	Q131Q;K132K	Silent;Silent	0.8686651
5121	SUV39H1	Q131*	Nonsense	0.145840995
5122	SUV39H1	K134K	Silent	0.265479935
5123	SUV39H1		No Mutation	0.004871581
5124	SUV39H1		No Mutation	0.412242651
5125	SUV39H1	A138A	Silent	0.329413644
5126	SUV39H1	R137W	Missense	-0.035112551
5127	SUV39H1	R137W	Missense	-0.060773801
5128	SUV39H1	L139F;R140C	Missense;Missense	0.07497625
5129	SUV39H1	Q144Q;E145K	Silent;Missense	0.272481849
5130	SUV39H1	A148V	Missense	-0.194178798
5131	SUV39H1	A148V	Missense	0.403353828
5132	SUV39H1	L153L;G154K	Silent;Missense	1.308570974
5133	SUV39H1	V158I	Missense	0.455916142
5134	SUV39H1	R155R;I156I	Silent;Silent	0.124990736
5135	SUV39H1	I156I;T157I	Silent;Missense	0.470350893
5136	SUV39H1		No Mutation	0.019868626
5137	SUV39H1		No Mutation	0.657227459
5138	SUV39H1	D163D;L164L	Silent;Silent	0.136987001
5139	SUV39H1	D163D;L164L	Silent;Silent	0.131087472
5140	SUV39H1	P168P;R169Q;A170T	Silent;Missense;Missense	-0.346160189
5141	SUV39H1	V172I	Missense	-0.010281605
5142	SUV39H1	V172I	Missense	0.325787857
5143	SUV39H1		No Mutation	0.369079724
5144	SUV39H1	E176K	Missense	0.511565473
5145	SUV39H1	I174I	Silent	0.017310101
5146	SUV39H1		No Mutation	-0.05019461
5147	SUV39H1		No Mutation	0.127074015
5148	SUV39H1		No Mutation	0.090009237
5149	SUV39H1	G182G	Silent	0.575109941
5150	SUV39H1	G182G;I183I	Silent;Silent	0.206705943
5151	SUV39H1	T184T;L185F	Silent;Missense	-0.5394765
5152	SUV39H1	L185F	Missense	0.141844639
5153	SUV39H1	V190I	Missense	0.247517542
5154	SUV39H1	V190I;G191S	Missense;Missense	0.12357189
5155	SUV39H1	C192Y;E193K	Missense;Missense	0.18503383
5156	SUV39H1		No Mutation	0.103599169
5157	SUV39H1	C194C	Silent	0.510329001
5158	SUV39H1	C194C;Q195*	Silent;Nonsense	0.08956487
5159	SUV39H1	W199*;A200T	Nonsense;Missense	0.162994992
5160	SUV39H1	L198L	Silent	0.790926978
5161	SUV39H1	L198L	Silent	-0.487377778
5162	SUV39H1	P201P;T202I	Silent;Missense	0.294927034
5163	SUV39H1	T202I	Missense	-0.168487427
5164	SUV39H1	T202I	Missense	0.107598722
5165	SUV39H1		No Mutation	-0.080552423
5166	SUV39H1	C206Y	Missense	-0.007047658
5167	SUV39H1	C206Y;P207P	Missense;Silent	-0.371288303
5168	SUV39H1	L211L	Silent	0.014929188
5169	SUV39H1		No Mutation	-0.04688362
5170	SUV39H1		No Mutation	0.150662209
5171	SUV39H1	A215V	Missense	0.056171116
5172	SUV39H1	A215A;Y216Y	Silent;Silent	0.428823762
5173	SUV39H1	D218D	Silent	0.562301921
5174	SUV39H1	G220D;Q221Q	Missense;Silent	0.297021984
5175	SUV39H1	R223R	Silent	0.358800068
5176	SUV39H1	Q221*	Nonsense	0.012729743
5177	SUV39H1		No Mutation	0.757567911
5178	SUV39H1	A226T;G227R	Missense;Missense	0.288113502
5179	SUV39H1	E232K	Missense	1.145943129
5180	SUV39H1		No Mutation	0.253684823
5181	SUV39H1		No Mutation	0.194794403
5182	SUV39H1	N234N;S235F	Silent;Missense	0.224594084
5183	SUV39H1	G240D	Missense	0.518276407
5184	SUV39H1	D242N	Missense	-0.104991575
5185	SUV39H1	C243Y	Missense	0.131835306
5186	SUV39H1	D242D	Silent	-0.073806038
5187	SUV39H1	R246C	Missense	0.053148577
5188	SUV39H1	R246C	Missense	0.251338679
5189	SUV39H1	Q249Q	Silent	0.211662578
5190	SUV39H1	Q249Q	Silent	-0.071095054
5191	SUV39H1		No Mutation	0.256675373
5192	SUV39H1	D255D;L256F	Silent;Missense	-0.130935356
5193	SUV39H1	T261T;D262N	Silent;Missense	-0.294581185
5194	SUV39H1	I258I	Silent	-0.376415021
5195	SUV39H1	I258I;F259F	Silent;Silent	0.373216265
5196	SUV39H1	R260C;T261M	Missense;Missense	-0.295259426
5197	SUV39H1	T261M	Missense	0.76473795
5198	SUV39H1		No Mutation	0.029507664
5199	SUV39H1	G264G;R265H;G266S	Silent;Missense;Missense	-0.041876847
5200	SUV39H1		No Mutation	-0.029710222
5201	SUV39H1	G266G	Silent	-0.137544355
5202	SUV39H1	K274K	Silent	0.356832577
5203	SUV39H1	R276H;K277K	Missense;Silent	0.82653366
5204	SUV39H1	K277K	Silent	1.629746934
5205	SUV39H1	R276R	Silent	0.537263789
5206	SUV39H1	S279S;F280F	Silent;Silent	-0.076997252
5207	SUV39H1	F280F	Silent	-0.327557588
5208	SUV39H1	V281V	Silent	0.16367888
5209	SUV39H1		No Mutation	0.315271932
5210	SUV39H1	Y284Y	Silent	0.471492781
5211	SUV39H1		No Mutation	-0.143569154
5212	SUV39H1		No Mutation	0.395732469
5213	SUV39H1		No Mutation	-0.037220598
5214	SUV39H1		No Mutation	0.665036262
5215	SUV39H1		No Mutation	-0.163247088
5216	SUV39H1		No Mutation	-0.179330163
5217	SUV39H1	(NC)	Splice-acceptor	0.929045887
5218	SUV39H1	(NC)	Splice-acceptor	0.628428236
5219	SUV39H1		No Mutation	0.941639037
5220	SUV39H1		No Mutation	0.211527621
5221	SUV39H1	(NC)	Intron	0.100488401
5222	SUV39H1	I288I	Silent	0.646449084
5223	SUV39H1	E292K	Missense	0.148828011
5224	SUV39H1	E292K	Missense	0.07777454
5225	SUV39H1	T290I;S291L	Missense;Missense	0.039770875
5226	SUV39H1	S291L	Missense	0.969666155
5227	SUV39H1		No Mutation	-0.20870393
5228	SUV39H1		No Mutation	0.580693279
5229	SUV39H1	E295E;R296Q	Silent;Missense	0.52395992
5230	SUV39H1	G298G;Q299*	Silent;Nonsense	0.652981654
5231	SUV39H1	Q299*	Nonsense	0.573456988
5232	SUV39H1	Q304Q;G305S	Silent;Missense	0.372791688
5233	SUV39H1		No Mutation	0.220264289
5234	SUV39H1	A306A;T307I	Silent;Missense	0.092205652
5235	SUV39H1	L312L	Silent	0.567263337
5236	SUV39H1	L312L;D313N	Silent;Missense	0.537205679
5237	SUV39H1	L309L	Silent	-0.255677898
5238	SUV39H1	D311D;L312L	Silent;Silent	0.090959906
5239	SUV39H1	V315M	Missense	0.377334615
5240	SUV39H1	E316E;D317N;V318M	Silent;Missense;Missense	0.486967286
5241	SUV39H1		No Mutation	-0.182331038
5242	SUV39H1		No Mutation	-0.008037754
5243	SUV39H1		No Mutation	0.46398449
5244	SUV39H1		No Mutation	0.188027196
5245	SUV39H1		No Mutation	0.930355337
5246	SUV39H1	H331H	Silent	0.155454821
5247	SUV39H1		No Mutation	0.052917306
5248	SUV39H1	S336N	Missense	0.423196786
5249	SUV39H1	S336N;(NC)	Missense;Splice-donor	0.110898008
5250	SUV39H1	H335Y	Missense	0.699505644
5251	SUV39H1		No Mutation	0.320696065
5252	SUV39H1	(NC)	Intron	-0.025795766
5253	SUV39H1		No Mutation	0.007661525
5254	SUV39H1		No Mutation	0.097599439
5255	SUV39H1	(NC)	Intron	0.078311113
5256	SUV39H1	(NC)	Intron	0.504141435
5257	SUV39H1		No Mutation	-0.319034126
5258	SUV39H1	L341L	Silent	0.37744404
5259	SUV39H1	L341L	Silent	-0.065436234
5260	SUV39H1	V343V	Silent	0.177186081
5261	SUV39H1		No Mutation	0.250590457
5262	SUV39H1		No Mutation	0.477536642
5263	SUV39H1	V346I	Missense	0.726838449
5264	SUV39H1	D349D	Silent	-0.264850118
5265	SUV39H1	L355L	Silent	-0.109939566
5266	SUV39H1	A362T	Missense	0.03498341
5267	SUV39H1	A362T	Missense	0.04522933
5268	SUV39H1	A362T	Missense	-0.216914723
5269	SUV39H1	A362V	Missense	-0.130637897
5270	SUV39H1	A362V	Missense	0.410853915
5271	SUV39H1	T363I	Missense	0.107561242
5272	SUV39H1	R367Q;A368T	Missense;Missense	0.800038593
5273	SUV39H1	T365I	Missense	0.34120395
5274	SUV39H1	E370E;E371K	Silent;Missense	0.382191047
5275	SUV39H1	E371E	Silent	-0.042921943
5276	SUV39H1		No Mutation	0.457636068
5277	SUV39H1		No Mutation	1.002768568
5278	SUV39H1	Y376Y	Silent	-0.578401522
5279	SUV39H1	M378I	Missense	-0.087018742
5280	SUV39H1	Y376Y	Silent	-0.269553758
5281	SUV39H1	Y376Y	Silent	0.249654753
5282	SUV39H1	N377N	Silent	0.186077029
5283	SUV39H1	Q379*	Nonsense	-0.08490694
5284	SUV39H1	Q379*	Nonsense	0.315720124
5285	SUV39H1		No Mutation	-0.464925717
5286	SUV39H1		No Mutation	-0.3429543
5287	SUV39H1		No Mutation	0.036190061
5288	SUV39H1		No Mutation	-0.474083093
5289	SUV39H1	(NC)	Intron	-0.220979086
5290	SUV39H1		No Mutation	-0.071014286
5291	SUV39H1	(NC)	Splice-acceptor	0.089902733
5292	SUV39H1	(NC)	Splice-acceptor	0.628345691
5293	SUV39H1	(NC);(NC);(NC)	Intron;Intron;Intron	0.221449463
5294	SUV39H1		No Mutation	0.184147255
5295	SUV39H1	V383V;D384N	Silent;Missense	-0.04999143
5296	SUV39H1	E386E;S387N	Silent;Missense	-0.266867738
5297	SUV39H1	S387N	Missense	-0.035411273
5298	SUV39H1	S387N	Missense	0.395162464
5299	SUV39H1	D384D	Silent	0.093638447
5300	SUV39H1	R389C	Missense	-0.460112229
5301	SUV39H1		No Mutation	-0.108334626
5302	SUV39H1	D391D	Silent	0.212456744
5303	SUV39H1	G395S	Missense	0.114998904
5304	SUV39H1	S392F	Missense	0.269800253
5305	SUV39H1	S392F;N393N	Missense;Silent	-0.031577727
5306	SUV39H1	G398K	Missense	-0.141343273
5307	SUV39H1	G395G;L396L	Silent;Silent	0.298476545
5308	SUV39H1	G401N	Missense	0.40480552
5309	SUV39H1	P400L;G401G	Missense;Silent	0.127509139
5310	SUV39H1	G401G	Silent	-0.118123637
5311	SUV39H1	K404K;K405K	Silent;Silent	-0.011779617
5312	SUV39H1	K405K;R406Q	Silent;Missense	-0.608782461
5313	SUV39H1	R408H	Missense	0.36883754
5314	SUV39H1	R408H	Missense	0.550408365
5315	SUV39H1	R408H	Missense	-0.096712222
5316	SUV39H1	R408C	Missense	0.165298609
5317	SUV39H1		No Mutation	0.192854263
5318	SUV39H1	K412K;C413Y;G414R	Silent;Missense;Missense	0.820414348
5319	SUV39H1		No Mutation	-0.39228052
5320	SUV39H1	*424*	Silent	0.224892002
5321	SUV39H1	(NC);(NC)	UTR;UTR	-0.677419554
5322	SUV39H1	(NC);(NC)	UTR;UTR	-0.228339148
5323	SUV39H1	(NC);(NC)	UTR;UTR	0.306367191
5324	SUV39H1	(NC);(NC)	UTR;UTR	0.11286846
5325	SUV39H2	(NC)	UTR	-0.053229047
5326	SUV39H2		No Mutation	0.568032784
5327	SUV39H2	(NC)	UTR	0.740567616
5328	SUV39H2	(NC);(NC)	UTR;UTR	0.091560367
5329	SUV39H2	(NC)	UTR	-0.164337193
5330	SUV39H2	(NC)	UTR	0.561616465
5331	SUV39H2	(NC)	UTR	-0.347838067
5332	SUV39H2	A2V	Missense	-0.264924634
5333	SUV39H2	V4V	Silent	0.17307659
5334	SUV39H2	A6V	Missense	0.193116092
5335	SUV39H2	A6A	Silent	-0.362621213
5336	SUV39H2	A8V;R9*	Missense;Nonsense	-0.005207468
5337	SUV39H2	(NC);(NC);(NC)	Splice-donor;Intron;Intron	-0.278183861
5338	SUV39H2		No Mutation	0.231681367
5339	SUV39H2	D21N	Missense	-0.072224021
5340	SUV39H2	S19L;L20F	Missense;Missense	0.15800887
5341	SUV39H2		No Mutation	-0.489793229
5342	SUV39H2	L32F;T33I	Missense;Missense	-0.097358262
5343	SUV39H2	S36L	Missense	0.444920242
5344	SUV39H2		No Mutation	0.035300665
5345	SUV39H2	L44L	Silent	0.136437849
5346	SUV39H2	L44L	Silent	0.106612933
5347	SUV39H2	Y51Y	Silent	0.172402415
5348	SUV39H2	D54D	Silent	0.445931316
5349	SUV39H2	Y55Y	Silent	-0.187343933
5350	SUV39H2		No Mutation	0.173959442
5351	SUV39H2	L65F	Missense	0.468893333
5352	SUV39H2		No Mutation	0.698830275
5353	SUV39H2	P72L	Missense	0.600942074
5354	SUV39H2		No Mutation	0.660563993
5355	SUV39H2	W78*	Nonsense	0.168504217
5356	SUV39H2	Q91Q	Silent	-0.066017473
5357	SUV39H2		No Mutation	0.203873033
5358	SUV39H2	H98Y	Missense	-0.093636493
5359	SUV39H2	S102F	Missense	-0.004898097
5360	SUV39H2		No Mutation	-0.2087546
5361	SUV39H2	V128I	Missense	0.833336731
5362	SUV39H2		No Mutation	0.133270595
5363	SUV39H2		No Mutation	-0.208364893
5364	SUV39H2		No Mutation	-0.383867706
5365	SUV39H2		No Mutation	0.275450625
5366	SUV39H2		No Mutation	0.386020934
5367	SUV39H2	T159I	Missense	1.436481727
5368	SUV39H2		No Mutation	0.27349119
5369	SUV39H2		No Mutation	0.503543665
5370	SUV39H2		No Mutation	0.139983192
5371	SUV39H2		No Mutation	-0.233959455
5372	SUV39H2	S182N	Missense	-0.225180304
5373	SUV39H2	V184I	Missense	0.073741709
5374	SUV39H2	V184V	Silent	0.037577991
5375	SUV39H2	C193Y	Missense	0.28232595
5376	SUV39H2		No Mutation	0.646440799
5377	SUV39H2		No Mutation	0.265945556
5378	SUV39H2	V208I	Missense	0.874938488
5379	SUV39H2	Q217*	Nonsense	-0.327786501
5380	SUV39H2		No Mutation	-0.180582712
5381	SUV39H2		No Mutation	0.217926712
5382	SUV39H2	E228K	Missense	-0.337208898
5383	SUV39H2	I226I	Silent	0.467424966
5384	SUV39H2		No Mutation	-0.269694482
5385	SUV39H2		No Mutation	-0.089612234
5386	SUV39H2	N230N;S231L	Silent;Missense	0.199448529
5387	SUV39H2	P237F	Missense	0.956264805
5388	SUV39H2	R242K	Missense	0.485807949
5389	SUV39H2		No Mutation	0.195183941
5390	SUV39H2	I254I	Silent	0.711554943
5391	SUV39H2	R256*;T257I	Nonsense;Missense	0.067314273
5392	SUV39H2	T257I;S258S	Missense;Silent	0.699762025
5393	SUV39H2	S258S	Silent	0.497988221
5394	SUV39H2	S258S	Silent	0.043474259
5395	SUV39H2	V277V	Silent	0.244952901
5396	SUV39H2		No Mutation	-0.004823601
5397	SUV39H2	Q295*	Nonsense	1.005858186
5398	SUV39H2	Q295*	Nonsense	-0.013568163
5399	SUV39H2	I302I;T303M	Silent;Missense	0.226152976
5400	SUV39H2	S312F	Missense	-0.559674894
5401	SUV39H2		No Mutation	0.046818747
5402	SUV39H2		No Mutation	-0.379285096
5403	SUV39H2		No Mutation	0.518539585
5404	SUV39H2		No Mutation	0.449857702
5405	SUV39H2	V339V	Silent	0.0360586
5406	SUV39H2		No Mutation	0.382943851
5407	SUV39H2		No Mutation	0.098269509
5408	SUV39H2		No Mutation	0.359734621
5409	SUV39H2		No Mutation	0.376616934
5410	SUV39H2		No Mutation	0.466948539
5411	SUV39H2	T359I	Missense	-0.135963232
5412	SUV39H2	A364T	Missense	-0.161020689
5413	SUV39H2	E367K	Missense	-0.067673146
5414	SUV39H2	H387H;S388S	Silent;Silent	0.347418836
5415	SUV39H2	H387H;S388S;P389S	Silent;Silent;Missense	-0.554359063
5416	SUV39H2	T396I	Missense	0.516550046
5417	SUV39H2	A402V	Missense	-0.454213121
5418	SUV39H2	(NC)	UTR	0.073351394
5419	PTPN2	(NC)	UTR	0.481847431
5420	PTPN2		No Mutation	0.527467569
5421	PTPN2		No Mutation	0.506795383
5422	PTPN2	M392I;G393K	Missense;Missense	-0.019058724
5423	PTPN2	P387L	Missense	-0.016943184
5424	PTPN2	P387F	Missense	0.021780473
5425	PTPN2	P387F	Missense	0.118576742
5426	PTPN2		No Mutation	0.118700047
5427	PTPN2	R377*	Nonsense	-0.921729648
5428	PTPN2		No Mutation	1.125325129
5429	PTPN2	Q366*	Nonsense	-0.381873639
5430	PTPN2	V365V;Q366Q	Silent;Silent	-0.255517771
5431	PTPN2	K364K;V365I	Silent;Missense	-0.58895589
5432	PTPN2	A359V	Missense	0.539219688
5433	PTPN2	R354*	Nonsense	0.385995278
5434	PTPN2	R350W	Missense	-0.393146433
5435	PTPN2	R350Q	Missense	-0.851064267
5436	PTPN2	(NC);(NC)	Intron;Intron	0.205771742
5437	PTPN2	(NC)	Intron	0.010618011
5438	PTPN2		No Mutation	-0.201995551
5439	PTPN2	Q338*	Nonsense	0.517059795
5440	PTPN2		No Mutation	-0.281112668
5441	PTPN2		No Mutation	-0.415966063
5442	PTPN2	T326I	Missense	-0.192778577
5443	PTPN2		No Mutation	-0.076394616
5444	PTPN2	Y313Y	Silent	-0.087534214
5445	PTPN2	T310I	Missense	0.373618087
5446	PTPN2	T310I	Missense	0.629360833
5447	PTPN2		No Mutation	-0.121786804
5448	PTPN2		No Mutation	-0.012551545
5449	PTPN2		No Mutation	-0.345202714
5450	PTPN2	E291K	Missense	-0.013073
5451	PTPN2	W289*	Nonsense	-0.074391705
5452	PTPN2	W289*	Nonsense	-0.126052268
5453	PTPN2	(NC);(NC);(NC)	Intron;Intron;Intron	0.362481325
5454	PTPN2	Q286*	Nonsense	0.118682973
5455	PTPN2		No Mutation	0.170725609
5456	PTPN2	A276V	Missense	0.406468501
5457	PTPN2		No Mutation	-0.440518451
5458	PTPN2	Y269Y	Silent	-0.221372301
5459	PTPN2	L265L	Silent	0.286197749
5460	PTPN2		No Mutation	-0.374657865
5461	PTPN2		No Mutation	0.202046676
5462	PTPN2	R266K	Missense	-0.288786555
5463	PTPN2	Q260Q	Silent	-0.002238908
5464	PTPN2		No Mutation	0.665463027
5465	PTPN2	N250N	Silent	-0.061952128
5466	PTPN2	(NC)	Intron	0.08668347
5467	PTPN2	D230D	Silent	0.255831497
5468	PTPN2		No Mutation	0.273541518
5469	PTPN2	R222R;S223F	Silent;Missense	0.249535979
5470	PTPN2	A218V	Missense	0.040730646
5471	PTPN2	G221R	Missense	0.07127105
5472	PTPN2	H215H	Silent	0.337096066
5473	PTPN2	H215Y	Missense	-0.051382011
5474	PTPN2		No Mutation	0.343987556
5475	PTPN2	C216Y;S217N	Missense;Missense	-0.251217642
5476	PTPN2	V213V	Silent	0.170928363
5477	PTPN2	A212T;V213M	Missense;Missense	-0.329172902
5478	PTPN2	A212T;V213M	Missense;Missense	-0.079600727
5479	PTPN2	N206N;P207F	Silent;Missense	0.292467474
5480	PTPN2	G210K	Missense	-0.132378538
5481	PTPN2	S204F	Missense	0.540035625
5482	PTPN2	S204F	Missense	0.50304318
5483	PTPN2		No Mutation	0.060488438
5484	PTPN2		No Mutation	-0.040533807
5485	PTPN2		No Mutation	0.697024092
5486	PTPN2		No Mutation	0.111640842
5487	PTPN2	E187K	Missense	0.038957272
5488	PTPN2	G184E;V185I	Missense;Missense	0.118436607
5489	PTPN2	T178I;T179I	Missense;Missense	0.089947542
5490	PTPN2	H174H	Silent	0.088470617
5491	PTPN2		No Mutation	0.153741334
5492	PTPN2	(NC)	Splice-acceptor	-0.224367363
5493	PTPN2		No Mutation	0.560532653
5494	PTPN2	L135L	Silent	0.00821403
5495	PTPN2	E138K	Missense	0.712699217
5496	PTPN2	E133K	Missense	0.005445881
5497	PTPN2		No Mutation	0.406317968
5498	PTPN2	(NC)	Intron	0.393947176
5499	PTPN2	E119K	Missense	-0.070784013
5500	PTPN2	R114R	Silent	-0.351602613
5501	PTPN2	V110V;L112L	Silent;Silent	-0.043412727
5502	PTPN2	M111I;L112L	Missense;Silent	-0.190995811
5503	PTPN2	M100I;V101I	Missense;Missense	-0.060109827
5504	PTPN2	F97F	Silent	-0.076890416
5505	PTPN2	C94C;C95C;H96Y	Silent;Silent;Missense	0.050529408
5506	PTPN2		No Mutation	-0.248030203
5507	PTPN2	N92N;T93I	Silent;Missense	-0.070223359
5508	PTPN2	C94Y;C95Y	Missense;Missense	0.46367046
5509	PTPN2	G88N	Missense	-0.272196992
5510	PTPN2	(NC);(NC);(NC)	Intron;Intron;Intron	0.237993153
5511	PTPN2		No Mutation	0.388025834
5512	PTPN2	D75D	Silent	-0.02817636
5513	PTPN2	E77K	Missense	0.472020748
5514	PTPN2		No Mutation	-0.045828502
5515	PTPN2	(NC);(NC);(NC)	Intron;Intron;Intron	0.209105025
5516	PTPN2	(NC);(NC);(NC);(NC)	Intron;Intron;Intron;Intron	0.392814376
5517	PTPN2	S52S;P53L	Silent;Missense	-0.217921962
5518	PTPN2	S52S;P53L	Silent;Missense	-0.159737824
5519	PTPN2	K38K	Silent	0.039831775
5520	PTPN2	R35K;V36M	Missense;Missense	0.09169774
5521	PTPN2	R35K	Missense	-0.527783732
5522	PTPN2	D31D	Silent	0.754254164
5523	PTPN2		No Mutation	-0.360599928
5524	PTPN2	(NC);(NC)	Intron;Intron	-0.459438085
5525	PTPN2	L21L	Silent	-0.289073139
5526	PTPN2	R17R;Q19*	Silent;Nonsense	0.262590777
5527	PTPN2		No Mutation	0.501036086
5528	PTPN2	R7W	Missense	0.050860974
5529	PTPN2	E10K	Missense	0.120084755
5530	PTPN2	E8E	Silent	0.163236212
5531	PTPN2	R7Q;E8K	Missense;Missense	0.402492171
5532	PTPN2	R7Q;E8K	Missense;Missense	0.11008116
5533	PTPN2	E6K	Missense	0.299340845
5534	PTPN2	P2F	Missense	-0.492568527
5535	PTPN2	P2F	Missense	-0.002218605
5536	PTPN2		No Mutation	0.427277995
5537	PTPN2		No Mutation	-0.212482751
5538	PTPN2	(NC)	UTR	0.989025339
