ID	Gene	Mutation_list	Mutation_type	sgRNA_score
0	SETDB1	(NC)	UTR	-0.05761897
1	SETDB1	(NC)	UTR	-0.233610324
2	SETDB1	S3F;L4F	Missense;Missense	-0.656648146
3	SETDB1	P5F	Missense	-0.528287634
4	SETDB1	G9N	Missense	0.2069338674372148
5	SETDB1	G9N	Missense	-0.263912907
6	SETDB1	L10L;D11N	Silent;Missense	0.235399242
7	SETDB1	A12V	Missense	0.040145319
8	SETDB1		No Mutation	0.4524381674428904
9	SETDB1	L25L	Silent	-0.307537445
10	SETDB1	Q26*;Q27*	Nonsense;Nonsense	-1.196688966
11	SETDB1	A28V	Missense	0.075066765
12	SETDB1	A28V	Missense	-1.240240309
13	SETDB1	L33L	Silent	0.1089744500159285
14	SETDB1	L33L	Silent	0.8276768353325548
15	SETDB1	I35I;S36F	Silent;Missense	-3.24034928
16	SETDB1	R41W;H42Y	Missense;Missense	-0.256350678
17	SETDB1	F43F	Silent	-0.026925282
18	SETDB1		No Mutation	0.2044699879227416
19	SETDB1	A62V	Missense	-0.386982521
20	SETDB1	A62V	Missense	-0.678468228
21	SETDB1	Q70*	Nonsense	0.0349393009577719
22	SETDB1	Q70*	Nonsense	-0.409623854
23	SETDB1	L81L	Silent	0.204224629
24	SETDB1	A85T	Missense	0.1054804230197656
25	SETDB1	S86F	Missense	-0.145250811
26	SETDB1	(NC);(NC);(NC)	Intron;Intron;Intron	-0.432338695
27	SETDB1	(NC)	Intron	0.031586581
28	SETDB1	(NC)	Intron	-0.11235655
29	SETDB1	V89V	Silent	-0.24509946
30	SETDB1	T90I	Missense	-0.123972664
31	SETDB1		No Mutation	0.078892199
32	SETDB1	D98D	Silent	0.2798568526319216
33	SETDB1	D98D	Silent	0.107830236442579
34	SETDB1	L103L	Silent	-0.150744818
35	SETDB1	L103L	Silent	-0.455694025
36	SETDB1		No Mutation	0.2849105166025011
37	SETDB1	Y107Y;R108W	Silent;Missense	-0.525727575
38	SETDB1	E113K;D114N	Missense;Missense	-0.779608422
39	SETDB1	S112F	Missense	-0.582976615
40	SETDB1		No Mutation	0.8928542573889922
41	SETDB1	E124K	Missense	-0.553284025
42	SETDB1	D131N;V132I	Missense;Missense	0.2621701287188582
43	SETDB1	V132V;L133F	Silent;Missense	-0.496655989
44	SETDB1	L133L	Silent	0.5398387015368793
45	SETDB1		No Mutation	-0.792117744
46	SETDB1	G138S;(NC)	Missense;Splice-donor	0.258197487356383
47	SETDB1		No Mutation	0.1399655200711685
48	SETDB1		No Mutation	-0.882145794
49	SETDB1		No Mutation	-0.345232801
50	SETDB1	(NC);(NC)	Intron;Intron	-0.118405261
51	SETDB1	G141E;S142N	Missense;Missense	-0.386697192
52	SETDB1	T144I;P145S	Missense;Missense	0.3111035839848137
53	SETDB1	D147D;Q148*	Silent;Nonsense	0.1236407177903536
54	SETDB1	(NC);(NC)	Splice-donor;Intron	-0.903089604
55	SETDB1	Q148*	Nonsense	-0.190747849
56	SETDB1		No Mutation	-0.048115234
57	SETDB1	(NC);(NC);(NC)	Intron;Intron;Intron	-0.080252701
58	SETDB1		No Mutation	-0.470098515
59	SETDB1		No Mutation	-0.956753558
60	SETDB1		No Mutation	-0.151797272
61	SETDB1	(NC)	Splice-acceptor	-1.706610933
62	SETDB1	R151H	Missense	-1.181437269
63	SETDB1	R151H;E152K	Missense;Missense	-0.195128073
64	SETDB1	R151H;E152K	Missense;Missense	-0.311761332
65	SETDB1	(NC);L150F	Intron;Missense	0.0107213079882044
66	SETDB1	A156T	Missense	-0.12066815
67	SETDB1		No Mutation	0.2670245960135227
68	SETDB1		No Mutation	0.6716511991631353
69	SETDB1	N172N	Silent	-0.25361205
70	SETDB1	S177F;Q178*	Missense;Nonsense	-0.247588265
71	SETDB1	L180L	Silent	-0.506719791
72	SETDB1	L180L	Silent	-0.198254916
73	SETDB1	G183R;(NC)	Missense;Splice-donor	0.2575751205304829
74	SETDB1	G183R;(NC)	Missense;Splice-donor	-0.508273891
75	SETDB1		No Mutation	0.1372932904551456
76	SETDB1		No Mutation	0.2497288466734895
77	SETDB1	(NC)	Intron	-0.61915498
78	SETDB1	T184I	Missense	-0.680839866
79	SETDB1	G190K	Missense	-0.112040178
80	SETDB1		No Mutation	0.7209224353680368
81	SETDB1	V200V	Silent	0.1150758145586624
82	SETDB1	M202I;R203Q	Missense;Missense	0.3813631852577398
83	SETDB1	V200V	Silent	-0.388865174
84	SETDB1		No Mutation	0.2874110420295511
85	SETDB1	T210I	Missense	-0.029412146
86	SETDB1	A220V	Missense	0.4148151099236733
87	SETDB1	Q222Q	Silent	0.2437938367138772
88	SETDB1	Q222Q;V224I	Silent;Missense	0.188710509
89	SETDB1	(NC);(NC)	Splice-donor;Intron	-0.148183733
90	SETDB1	(NC);(NC)	Intron;Intron	0.7193949379897733
91	SETDB1		No Mutation	0.086923191
92	SETDB1		No Mutation	-0.092778644
93	SETDB1	G227K	Missense	-1.04084105
94	SETDB1	G227K	Missense	-0.407284085
95	SETDB1	P226L	Missense	-2.481599523
96	SETDB1	K231K;V232M	Silent;Missense	-0.27933035
97	SETDB1		No Mutation	0.2283018153490001
98	SETDB1		No Mutation	-0.322865442
99	SETDB1		No Mutation	0.091000276
100	SETDB1		No Mutation	-0.263869032
101	SETDB1		No Mutation	-1.03610572
102	SETDB1		No Mutation	-0.070681948
103	SETDB1	K257K	Silent	-0.491773836
104	SETDB1	A255V	Missense	0.0521802794396375
105	SETDB1	K257K;L258L	Silent;Silent	-0.281117515
106	SETDB1	A255V	Missense	-0.159517039
107	SETDB1	L258L	Silent	-1.640440363
108	SETDB1	V260M	Missense	0.03853648
109	SETDB1	L258L	Silent	-0.516771142
110	SETDB1	L258L	Silent	4.402235864790603
111	SETDB1		No Mutation	0.4710164878900704
112	SETDB1	V265V;A266V	Silent;Missense	-0.223284457
113	SETDB1	V265V;A266V	Silent;Missense	-0.022023013
114	SETDB1	Y268Y	Silent	-0.666706404
115	SETDB1	G271E	Missense	-0.188294145
116	SETDB1		No Mutation	-0.351678105
117	SETDB1	Q273*	Nonsense	-0.706945707
118	SETDB1	N286N;V287V	Silent;Silent	0.1807854373670053
119	SETDB1	N289N	Silent	-0.563882702
120	SETDB1	L291F	Missense	-0.998765757
121	SETDB1	(NC)	Intron	-0.23099678
122	SETDB1	(NC)	Intron	-0.750170459
123	SETDB1	S303F	Missense	-0.568416803
124	SETDB1	S308S;E309K	Silent;Missense	-0.563802075
125	SETDB1	L310L	Silent	0.065683901
126	SETDB1	(NC);(NC)	Splice-donor;Intron	-1.377030398
127	SETDB1	(NC);(NC);(NC)	Splice-donor;Intron;Intron	-0.297034343
128	SETDB1		No Mutation	0.065989544
129	SETDB1		No Mutation	0.3431248420461493
130	SETDB1	(NC)	Intron	0.077792003
131	SETDB1	(NC)	Intron	-0.013978616
132	SETDB1		No Mutation	-0.063014222
133	SETDB1	S328S;C329C;R330C	Silent;Silent;Missense	-0.384496137
134	SETDB1	E334K	Missense	0.2554691235644681
135	SETDB1	E334E;E335K	Silent;Missense	0.066769646
136	SETDB1	A339A;Y340Y;P341S	Silent;Silent;Missense	-0.481516357
137	SETDB1	M345I	Missense	-0.427813968
138	SETDB1	M345I;V346I	Missense;Missense	-0.999694509
139	SETDB1	V346I	Missense	-0.265039465
140	SETDB1	L347L	Silent	-0.188676418
141	SETDB1	L347L	Silent	-0.517118435
142	SETDB1		No Mutation	-0.419482335
143	SETDB1	K349K	Silent	-0.235507928
144	SETDB1	K349K;S350N	Silent;Missense	-0.552634566
145	SETDB1	K349K;S350N	Silent;Missense	-0.453544197
146	SETDB1	L353F	Missense	-0.028227914
147	SETDB1	L353F	Missense	-0.110317888
148	SETDB1	E357K	Missense	-0.138933804
149	SETDB1	I354I	Silent	0.1300013917925634
150	SETDB1	T356I	Missense	-0.91598449
151	SETDB1		No Mutation	-0.363359324
152	SETDB1		No Mutation	-0.164681951
153	SETDB1		No Mutation	-0.362976926
154	SETDB1	S365F;R366*	Missense;Nonsense	-0.10495044
155	SETDB1	R366*	Nonsense	-0.184736192
156	SETDB1	V370V;D371N	Silent;Missense	-0.22206357
157	SETDB1	V370V;D371N;G372S	Silent;Missense;Missense	-1.051225163
158	SETDB1		No Mutation	0.612731881
159	SETDB1	V375V	Silent	-0.148462747
160	SETDB1		No Mutation	0.1220511777718308
161	SETDB1	(NC)	Intron	2.6810982903278755
162	SETDB1		No Mutation	-0.061278662
163	SETDB1	(NC)	Intron	0.4349513636793746
164	SETDB1	D382D	Silent	-0.680160522
165	SETDB1		No Mutation	-0.265600966
166	SETDB1	I388I	Silent	-0.233166069
167	SETDB1	R390*	Nonsense	-0.731781124
168	SETDB1	S404F	Missense	-0.718673259
169	SETDB1	L409L;E410K	Silent;Missense	-0.708671725
170	SETDB1	A408V;L409L	Missense;Silent	-0.25753189
171	SETDB1	K411K;K412K	Silent;Silent	-0.586722895
172	SETDB1		No Mutation	-0.001255917
173	SETDB1	L416L	Silent	-0.154217927
174	SETDB1	T418I	Missense	-0.04490432
175	SETDB1	(NC)	Intron	0.3776272253315982
176	SETDB1	(NC)	Intron	0.006092833
177	SETDB1	(NC);(NC)	Intron;Intron	-0.416817942
178	SETDB1	A424T;V425M	Missense;Missense	0.7438010424754817
179	SETDB1	A424V	Missense	0.030974591113321
180	SETDB1	R426K;S427N	Missense;Missense	0.1240139303524109
181	SETDB1		No Mutation	0.2930319986347834
182	SETDB1		No Mutation	0.4088887437613375
183	SETDB1		No Mutation	0.1597947422018618
184	SETDB1	Y434Y;T435I	Silent;Missense	0.2877839350746135
185	SETDB1	L438L	Silent	0.2765795756713541
186	SETDB1	Q436*	Nonsense	0.3879709077246802
187	SETDB1	Q444Q	Silent	-0.293018333
188	SETDB1	T443I;Q444*	Missense;Nonsense	0.042276417
189	SETDB1	V448V;E449K	Silent;Missense	0.065448526
190	SETDB1	V448V;E449K	Silent;Missense	0.2461661337776063
191	SETDB1	Q452Q	Silent	0.3949998142336632
192	SETDB1	A455T	Missense	-0.687195302
193	SETDB1		No Mutation	-0.989117316
194	SETDB1		No Mutation	-0.609092352
195	SETDB1		No Mutation	-0.088767731
196	SETDB1	A458T	Missense	0.0076674
197	SETDB1		No Mutation	-0.093589306
198	SETDB1		No Mutation	0.08552131
199	SETDB1	A464T	Missense	-0.087313088
200	SETDB1	A464T	Missense	0.2413445965845478
201	SETDB1	A464T	Missense	0.072743693
202	SETDB1		No Mutation	-0.001251968
203	SETDB1		No Mutation	0.1996039488355881
204	SETDB1		No Mutation	-0.025039571
205	SETDB1		No Mutation	-0.556834582
206	SETDB1	P466F;L467L	Missense;Silent	0.604855664
207	SETDB1	A471T	Missense	0.1337390248401887
208	SETDB1	A471T;G472N	Missense;Missense	1.1581145162379436
209	SETDB1	S474N	Missense	-0.473843106
210	SETDB1	S474N;D475N	Missense;Missense	-0.273105215
211	SETDB1	S474N;D475N	Missense;Missense	0.3423613321865052
212	SETDB1	S474N;D475N;(NC)	Missense;Missense;Splice-donor	-1.253191022
213	SETDB1	D475N;(NC)	Missense;Splice-donor	-0.830928708
214	SETDB1		No Mutation	-0.328149386
215	SETDB1	(NC)	Intron	-0.947541279
216	SETDB1	S478N	Missense	-0.264820364
217	SETDB1	S478S;Q479*	Silent;Nonsense	-0.696129
218	SETDB1	A481V;Q482*	Missense;Nonsense	1.1867810142977242
219	SETDB1	R484Q	Missense	-0.245849019
220	SETDB1	Q486Q;V487I	Silent;Missense	-0.89123319
221	SETDB1	Q486Q;V487I;A488T	Silent;Missense;Missense	-0.096850493
222	SETDB1	S491S;T492M	Silent;Missense	0.4327232720575824
223	SETDB1	S493S;R495*	Silent;Nonsense	-0.202025029
224	SETDB1	R495*	Nonsense	0.2237680189696356
225	SETDB1	V499I	Missense	-0.397508612
226	SETDB1	P496L	Missense	-0.163918942
227	SETDB1	G502N	Missense	-0.028330374
228	SETDB1	A510T	Missense	-0.044832663
229	SETDB1		No Mutation	-0.503934591
230	SETDB1		No Mutation	-0.473187476
231	SETDB1	S512N	Missense	0.066443541
232	SETDB1	L511F	Missense	-0.204188393
233	SETDB1		No Mutation	-0.762467276
234	SETDB1		No Mutation	-0.559769939
235	SETDB1	V515V;S516F	Silent;Missense	-0.008961069
236	SETDB1	V515V;S516F	Silent;Missense	-0.081053249
237	SETDB1	I522I	Silent	0.1474861733088394
238	SETDB1		No Mutation	-0.031365982
239	SETDB1		No Mutation	0.1611623421293062
240	SETDB1		No Mutation	0.1807201975203286
241	SETDB1	A534T	Missense	-0.471979454
242	SETDB1	A538T	Missense	-0.092532157
243	SETDB1		No Mutation	0.4566802271401162
244	SETDB1	A538V;P539S	Missense;Missense	0.1544965923863994
245	SETDB1		No Mutation	0.000740544
246	SETDB1		No Mutation	0.086908129
247	SETDB1		No Mutation	-0.173188091
248	SETDB1	A544T	Missense	-0.009500732
249	SETDB1		No Mutation	-0.017021831
250	SETDB1		No Mutation	0.3359207502244202
251	SETDB1		No Mutation	0.5410484810283884
252	SETDB1	V550I	Missense	0.2612153830301212
253	SETDB1	V550I	Missense	-0.142175229
254	SETDB1	A547V;P548F	Missense;Missense	-0.140487614
255	SETDB1	V550I	Missense	0.2918991999263295
256	SETDB1		No Mutation	0.4064529258356973
257	SETDB1	V550V	Silent	0.1972911814939384
258	SETDB1	G553N	Missense	-0.035907993
259	SETDB1	G553D;M554I	Missense;Missense	-1.511487154
260	SETDB1	M554I	Missense	0.0171828716954969
261	SETDB1	M554I	Missense	0.3098708661304282
262	SETDB1	F551F;H552Y	Silent;Missense	0.3231418196859998
263	SETDB1	F551F;H552Y	Silent;Missense	-0.003241356
264	SETDB1	E556E;R557Q;A558T	Silent;Missense;Missense	-0.842191487
265	SETDB1		No Mutation	0.0187027898497594
266	SETDB1		No Mutation	-2.252211291
267	SETDB1	R565H	Missense	0.2224924573755649
268	SETDB1	P562P;S563F	Silent;Missense	-0.403448605
269	SETDB1		No Mutation	-0.028255659
270	SETDB1	M568I	Missense	-0.011038032
271	SETDB1	M568I;E569K	Missense;Missense	0.1147688314878569
272	SETDB1	E569E;K570K	Silent;Silent	0.0152838839692933
273	SETDB1		No Mutation	0.3417840167327368
274	SETDB1		No Mutation	-0.024466507
275	SETDB1		No Mutation	-0.099173811
276	SETDB1	R587K	Missense	-0.234400919
277	SETDB1	S584F;R585*	Missense;Nonsense	-1.446547185
278	SETDB1		No Mutation	0.4016811242191976
279	SETDB1		No Mutation	-0.61729387
280	SETDB1		No Mutation	-0.569275319
281	SETDB1	Q593Q	Silent	-0.526764392
282	SETDB1	G596G	Silent	0.2370078496768747
283	SETDB1	L600L	Silent	-0.012909385
284	SETDB1	P603P	Silent	1.333514574483817
285	SETDB1		No Mutation	-0.092794207
286	SETDB1	P603L	Missense	-0.48145272
287	SETDB1	L605L	Silent	-0.229363748
288	SETDB1		No Mutation	-0.241402821
289	SETDB1	R609Q	Missense	0.1248875197476013
290	SETDB1	F608F;R609W	Silent;Missense	0.3850667879626956
291	SETDB1	R614Q	Missense	0.2320153146298698
292	SETDB1	R619H	Missense	-0.289284362
293	SETDB1	R616*	Nonsense	-0.33251956
294	SETDB1	R619H	Missense	0.060889893
295	SETDB1	R616*	Nonsense	-1.068259584
296	SETDB1	V625I	Missense	0.1225672026495018
297	SETDB1	I626I	Silent	0.4570522217836794
298	SETDB1	P630L	Missense	0.1466554097116921
299	SETDB1	R636Q	Missense	-0.556873719
300	SETDB1	Q639Q;E640K	Silent;Missense	-0.710181584
301	SETDB1	C650Y;D651N	Missense;Missense	-0.54771337
302	SETDB1	G649G	Silent	-0.200886744
303	SETDB1	F654F;L655L	Silent;Silent	0.6875419020543028
304	SETDB1	M657I	Missense	-0.946540548
305	SETDB1	L660L;D661N	Silent;Missense	-0.088059518
306	SETDB1	P662S	Missense	-1.190505855
307	SETDB1	D667N;R668Q	Missense;Missense	0.2713560568378504
308	SETDB1		No Mutation	-0.125073386
309	SETDB1		No Mutation	-0.411009735
310	SETDB1		No Mutation	0.3166498199216712
311	SETDB1	L680L;D681N	Silent;Missense	0.056215119
312	SETDB1	D681D	Silent	-1.059261909
313	SETDB1	E696K	Missense	0.091424206
314	SETDB1	E696K	Missense	-0.833938268
315	SETDB1	E696K	Missense	-0.189226243
316	SETDB1	D698N	Missense	0.3141992050754868
317	SETDB1	D698D;T699I	Silent;Missense	-0.437269369
318	SETDB1	T700I;P701S	Missense;Missense	-0.586391664
319	SETDB1	V705V;A706T	Silent;Missense	-1.280938771
320	SETDB1	V705V;A706T	Silent;Missense	-0.184024814
321	SETDB1	A706T	Missense	-0.281956333
322	SETDB1	P703P;Q704*	Silent;Nonsense	-1.101752296
323	SETDB1	S708N	Missense	-0.656957021
324	SETDB1	S708N	Missense	0.2696934866636744
325	SETDB1	S708N;K709K	Missense;Silent	0.3763829334628552
326	SETDB1	K709K;E710K	Silent;Missense	0.3137119933123806
327	SETDB1	Y707Y;S708S	Silent;Silent	-0.468668325
328	SETDB1	S708S	Silent	-0.150219596
329	SETDB1	R711H	Missense	-0.146956388
330	SETDB1	R711C	Missense	-0.523226412
331	SETDB1	R711C	Missense	-0.073643606
332	SETDB1		No Mutation	0.5924777254439291
333	SETDB1		No Mutation	0.3527409875229328
334	SETDB1	N720N;T721I	Silent;Missense	-0.307376989
335	SETDB1	G722G;P723F	Silent;Missense	2.221363017043532
336	SETDB1	G728N	Missense	-0.965727822
337	SETDB1	G728N;C729Y	Missense;Missense	-0.090057813
338	SETDB1		No Mutation	-0.044371728
339	SETDB1	G728G	Silent	-0.079513966
340	SETDB1	G728G	Silent	-0.34660171
341	SETDB1	D730D;C731C	Silent;Silent	0.1550458191385696
342	SETDB1	D730D;C731C	Silent;Silent	-0.950890333
343	SETDB1	R736W	Missense	0.1811342172167916
344	SETDB1	R736W	Missense	-0.382994071
345	SETDB1	D737D	Silent	0.074147686
346	SETDB1	D737D	Silent	0.1954284635734803
347	SETDB1	D737D	Silent	-0.136321774
348	SETDB1	D737D	Silent	0.2177322280899842
349	SETDB1	(NC)	Intron	0.2494859306426754
350	SETDB1	(NC)	Intron	0.094526196
351	SETDB1	K738K	Silent	0.3087155817590282
352	SETDB1		No Mutation	-0.049731167
353	SETDB1		No Mutation	0.2633541734042645
354	SETDB1	C743C;H744Y;Q745*	Silent;Missense;Nonsense	0.087634662
355	SETDB1		No Mutation	-0.156625376
356	SETDB1	Q749Q;A750T	Silent;Missense	-0.575658746
357	SETDB1	A750V;T751I	Missense;Missense	0.2601852768924586
358	SETDB1		No Mutation	0.3999098968399707
359	SETDB1	T751I;A752V	Missense;Missense	-0.032590898
360	SETDB1	G757D	Missense	-0.14930923
361	SETDB1		No Mutation	-0.068998722
362	SETDB1		No Mutation	-0.170128369
363	SETDB1		No Mutation	0.064290266
364	SETDB1	Q758*	Nonsense	0.7890526045627615
365	SETDB1	G764S	Missense	-0.958350744
366	SETDB1	Q766Q	Silent	-0.122003759
367	SETDB1	Q766Q	Silent	-0.628015342
368	SETDB1	E771K;E772K	Missense;Missense	-0.527557255
369	SETDB1		No Mutation	0.024638068338481
370	SETDB1		No Mutation	0.2378195232134378
371	SETDB1	L774L;P775S	Silent;Missense	-0.31910603
372	SETDB1	P775P;T776I	Silent;Missense	-0.004087053
373	SETDB1	(NC)	Intron	-0.052143966
374	SETDB1		No Mutation	-0.390390233
375	SETDB1	(NC)	Intron	-0.550949386
376	SETDB1	(NC)	Intron	-0.038641544
377	SETDB1	E780K	Missense	-1.304088251
378	SETDB1	E780K;C781Y	Missense;Missense	-0.448340656
379	SETDB1	C781Y	Missense	-1.249613466
380	SETDB1	C781Y	Missense	0.2773972694174649
381	SETDB1	P789L;N790N	Missense;Silent	0.6018460575879857
382	SETDB1	N790N	Silent	0.4175824029180592
383	SETDB1		No Mutation	0.7617822573465789
384	SETDB1	R795Q	Missense	-0.109262229
385	SETDB1	N794N;R795W	Silent;Missense	-0.199096522
386	SETDB1	G800K	Missense	-0.222675001
387	SETDB1	H799Y	Missense	-0.313325025
388	SETDB1	F808F	Silent	0.5850376635150365
389	SETDB1	F808F	Silent	-0.723956107
390	SETDB1	T810I	Missense	0.1895240564529435
391	SETDB1	T810I;Q811*	Missense;Nonsense	-0.375246575
392	SETDB1	T810I;Q811*	Missense;Nonsense	-0.148507794
393	SETDB1	G814G	Silent	0.3463535868494036
394	SETDB1	A824T	Missense	-1.41580083
395	SETDB1		No Mutation	0.4353767276314484
396	SETDB1	C830Y	Missense	-0.022967805
397	SETDB1		No Mutation	0.3241981640459113
398	SETDB1		No Mutation	-0.014041834
399	SETDB1		No Mutation	0.1307140945626403
400	SETDB1		No Mutation	0.4191827638111458
401	SETDB1		No Mutation	0.7079541786937105
402	SETDB1		No Mutation	-0.559513313
403	SETDB1	A842T;D843N	Missense;Missense	-1.088836822
404	SETDB1	D840D	Silent	-0.188680796
405	SETDB1	D840D	Silent	-0.130940789
406	SETDB1	A842V	Missense	0.1856588104114523
407	SETDB1	D843D	Silent	-0.351122782
408	SETDB1		No Mutation	-0.195458321
409	SETDB1		No Mutation	0.4171871342681097
410	SETDB1	D858D;H859Y	Silent;Missense	-0.410895437
411	SETDB1	V863V;E864K	Silent;Missense	-2.82226627
412	SETDB1		No Mutation	-0.425607619
413	SETDB1	S877F	Missense	-1.235913251
414	SETDB1	S880N	Missense	-0.416531026
415	SETDB1	S880N	Missense	-0.359537925
416	SETDB1	S880N;S881N	Missense;Missense	0.053689592
417	SETDB1	S880N;S881N	Missense;Missense	-0.067840345
418	SETDB1	G882D;V883I	Missense;Missense	-0.515790753
419	SETDB1	S880S	Silent	-0.00168239
420	SETDB1		No Mutation	0.2231845404101486
421	SETDB1		No Mutation	0.1505484062627852
422	SETDB1	Q888*	Nonsense	-1.632771111
423	SETDB1	S893N;G894S	Missense;Missense	-0.245103682
424	SETDB1	G891G	Silent	-0.251701368
425	SETDB1	D903N;D904N	Missense;Missense	0.2229048888497188
426	SETDB1	D903N;D904N	Missense;Missense	0.1802535126355763
427	SETDB1	D907N	Missense	0.4556695133060546
428	SETDB1		No Mutation	-1.130244604
429	SETDB1	N909N	Silent	-0.131967991
430	SETDB1	F916F;S917S	Silent;Silent	-0.009800804
431	SETDB1	S917S;T918I	Silent;Missense	0.1326023711349744
432	SETDB1	R923Q;S924N	Missense;Missense	-0.129300965
433	SETDB1	R923W	Missense	-0.033337211
434	SETDB1	S924S	Silent	0.1113080606515808
435	SETDB1	A926V;T927I	Missense;Missense	0.2220319505648335
436	SETDB1	T927I;R928W	Missense;Missense	-0.318925138
437	SETDB1	T927I;R928W	Missense;Missense	-1.065631143
438	SETDB1	R932Q;G933N	Missense;Missense	-0.14055295
439	SETDB1	R932R;G933N	Silent;Missense	-0.319122663
440	SETDB1	R932W	Missense	0.2816467727220741
441	SETDB1	E936E	Silent	-0.356861456
442	SETDB1	E936E;G938R	Silent;Missense	0.0263620600485922
443	SETDB1		No Mutation	-0.306602711
444	SETDB1	L939L;S940F	Silent;Missense	-0.10664471
445	SETDB1		No Mutation	0.2779262303434556
446	SETDB1	S947F;H948Y	Missense;Missense	-0.50230309
447	SETDB1	G953K	Missense	0.2609463047838466
448	SETDB1	G953K	Missense	-0.193564447
449	SETDB1		No Mutation	-0.267409803
450	SETDB1		No Mutation	-0.249246532
451	SETDB1		No Mutation	-0.492645884
452	SETDB1		No Mutation	-0.02939537
453	SETDB1		No Mutation	-0.674793217
454	SETDB1	V959I	Missense	-0.769571216
455	SETDB1		No Mutation	-0.29592472
456	SETDB1		No Mutation	0.8121851601882419
457	SETDB1		No Mutation	1.171344290273408
458	SETDB1	P960F;P961F	Missense;Missense	-0.286300263
459	SETDB1		No Mutation	0.2134588540246749
460	SETDB1	P961F;S962L	Missense;Missense	0.2151351909384378
461	SETDB1	V965I;G966N	Missense;Missense	0.2825610220983962
462	SETDB1	G966N;G967N	Missense;Missense	-0.365472254
463	SETDB1	G966D;G967N	Missense;Missense	-0.857926495
464	SETDB1		No Mutation	-0.648619337
465	SETDB1		No Mutation	-0.762676899
466	SETDB1	E975K	Missense	-0.020114877
467	SETDB1		No Mutation	0.0215551528660331
468	SETDB1	K978K	Silent	-0.269116699
469	SETDB1		No Mutation	-0.153136116
470	SETDB1	K978K	Silent	0.1444449063134061
471	SETDB1	T976I;P977S	Missense;Missense	0.145463994324343
472	SETDB1	N979N	Silent	-0.308105501
473	SETDB1	A982T	Missense	0.3424517795372709
474	SETDB1		No Mutation	-0.253911753
475	SETDB1	C987Y	Missense	-0.801984932
476	SETDB1	C987C	Silent	-0.416226523
477	SETDB1		No Mutation	0.1678319948141419
478	SETDB1	K1005K	Silent	-0.606878704
479	SETDB1	S1003F	Missense	-0.303670375
480	SETDB1	F1004F	Silent	-0.438461164
481	SETDB1	F1004F	Silent	0.4083654649115282
482	SETDB1	F1004F	Silent	-0.123080219
483	SETDB1	G1009N	Missense	-0.437786457
484	SETDB1	T1006I	Missense	-0.894386809
485	SETDB1	T1006I	Missense	-0.040914106
486	SETDB1		No Mutation	0.1030979283419729
487	SETDB1		No Mutation	0.204611340214357
488	SETDB1		No Mutation	0.0470565209304455
489	SETDB1		No Mutation	0.2697840245886258
490	SETDB1		No Mutation	-0.634063207
491	SETDB1		No Mutation	0.3660874126648043
492	SETDB1	A1014V	Missense	0.099991089
493	SETDB1		No Mutation	0.093044814
494	SETDB1	R1018Q	Missense	0.16305816414113
495	SETDB1	S1017S;R1018*	Silent;Nonsense	-0.022679587
496	SETDB1	E1022E;K1023K;A1024T	Silent;Silent;Missense	-0.331671355
497	SETDB1		No Mutation	0.2258606979870024
498	SETDB1	A1024V;S1025F	Missense;Missense	0.3029964846718367
499	SETDB1	G1030N	Missense	-0.870640443
500	SETDB1	T1026T;S1027L	Silent;Missense	-0.267527415
501	SETDB1	G1030D	Missense	-0.588309279
502	SETDB1	K1032K	Silent	-1.324569898
503	SETDB1	L1029L	Silent	-0.4725935
504	SETDB1	L1029L	Silent	0.550032481
505	SETDB1		No Mutation	-0.12592488
506	SETDB1	I1037I;Q1039*	Silent;Nonsense	-1.179926572
507	SETDB1		No Mutation	-0.184239002
508	SETDB1	(NC);(NC)	Intron;Intron	-0.397373181
509	SETDB1		No Mutation	-0.630766508
510	SETDB1		No Mutation	-2.180230908
511	SETDB1	R1048Q	Missense	-0.107120223
512	SETDB1	V1053I;(NC)	Missense;Splice-donor	-0.965968095
513	SETDB1	(NC);V1054I	Splice-acceptor;Missense	-0.644005623
514	SETDB1		No Mutation	-1.04470465
515	SETDB1	E1056K	Missense	-0.165175183
516	SETDB1	E1056K	Missense	-0.895966514
517	SETDB1	E1056K;S1057N	Missense;Missense	0.004256944
518	SETDB1	S1057N	Missense	-0.690369618
519	SETDB1		No Mutation	-0.108765088
520	SETDB1	S1066F;P1067F	Missense;Missense	-0.253080536
521	SETDB1	E1071K	Missense	-0.981147998
522	SETDB1	G1072K	Missense	-0.213501982
523	SETDB1	R1075H	Missense	0.2910181765651589
524	SETDB1	K1079K	Silent	1.1894741362297792
525	SETDB1	S1081N	Missense	0.0540748291063715
526	SETDB1	S1081N	Missense	-0.096706098
527	SETDB1	M1082I	Missense	0.1076659768684732
528	SETDB1	Q1084*	Nonsense	-1.487651559
529	SETDB1	A1092T	Missense	-0.159294371
530	SETDB1	(NC)	Intron	0.1047698562641402
531	SETDB1		No Mutation	-0.951807151
532	SETDB1		No Mutation	-1.045494388
533	SETDB1	(NC);(NC);(NC)	Intron;Intron;Intron	-0.222625812
534	SETDB1	(NC);D1098N	Splice-acceptor;Missense	-0.367494951
535	SETDB1	(NC);D1098N;V1099I	Splice-acceptor;Missense;Missense	-1.770365717
536	SETDB1	V1099I	Missense	-0.366873843
537	SETDB1		No Mutation	-0.128691633
538	SETDB1	L1102L	Silent	-0.937063594
539	SETDB1	L1102L	Silent	-0.611099429
540	SETDB1	S1105N	Missense	-0.220600548
541	SETDB1	S1103S;S1104S	Silent;Silent	-0.626514982
542	SETDB1	S1104S	Silent	-0.271468058
543	SETDB1	S1104S;S1105S	Silent;Silent	0.7118293444442836
544	SETDB1	S1104S;S1105S	Silent;Silent	-0.925454932
545	SETDB1	S1108N;E1109K	Missense;Missense	0.039370903
546	SETDB1		No Mutation	-0.396276188
547	SETDB1		No Mutation	-0.386595808
548	SETDB1	S1115S;R1116*	Silent;Nonsense	-0.033694419
549	SETDB1	A1120T	Missense	0.3069767511191381
550	SETDB1	G1121N	Missense	-0.111000279
551	SETDB1	P1118P;T1119I	Silent;Missense	-0.427185351
552	SETDB1		No Mutation	-0.429026693
553	SETDB1	S1124S	Silent	0.048435277
554	SETDB1	Q1122*	Nonsense	-0.224661042
555	SETDB1	I1133I;Q1134*	Silent;Nonsense	-0.61865798
556	SETDB1	G1139N	Missense	-0.163249501
557	SETDB1	S1137F	Missense	-0.321490901
558	SETDB1	S1137F	Missense	1.1778194521949528
559	SETDB1	S1137F	Missense	-2.375742847
560	SETDB1	E1141K	Missense	-0.48104614
561	SETDB1	G1142E;D1143N	Missense;Missense	-0.599531568
562	SETDB1		No Mutation	-1.007502314
563	SETDB1	D1147D	Silent	-0.632047908
564	SETDB1	N1150N	Silent	-0.367140958
565	SETDB1	(NC)	Intron	0.1124135810569588
566	SETDB1	(NC);(NC)	Intron;Intron	-0.237477633
567	SETDB1	(NC)	Intron	0.008438104
568	SETDB1	(NC)	Intron	-0.048209914
569	SETDB1	(NC)	Splice-acceptor	-1.100965208
570	SETDB1		No Mutation	-0.181141802
571	SETDB1	M1155I	Missense	0.0497639749361956
572	SETDB1	M1155I;K1156K	Missense;Silent	0.09648044
573	SETDB1	P1154L	Missense	0.105421066
574	SETDB1	R1157H	Missense	0.4596673847685858
575	SETDB1	V1159I;A1160T	Missense;Missense	-0.068424873
576	SETDB1	A1160V	Missense	-0.804292011
577	SETDB1		No Mutation	1.4464585768918043
578	SETDB1		No Mutation	-0.016638158
579	SETDB1	A1168V;L1169F	Missense;Missense	-0.065209056
580	SETDB1	A1168V;L1169F	Missense;Missense	-0.074353085
581	SETDB1		No Mutation	-0.012202217
582	SETDB1		No Mutation	0.2051940965839738
583	SETDB1		No Mutation	0.4875328572534676
584	SETDB1	T1180I	Missense	-0.904523439
585	SETDB1	N1181N	Silent	-0.519041966
586	SETDB1	A1183V	Missense	0.085895114
587	SETDB1	A1183V	Missense	0.144818539147706
588	SETDB1	V1185V;D1186N	Silent;Missense	-0.061575476
589	SETDB1	A1183V	Missense	-0.64616494
590	SETDB1	G1188E;E1189K	Missense;Missense	-1.036228941
591	SETDB1	R1198H	Missense	0.2155744189454069
592	SETDB1	T1197I;R1198C	Missense;Missense	0.2754407706460222
593	SETDB1	R1198R;Q1199*	Silent;Nonsense	-0.411223471
594	SETDB1	E1204K;E1205K	Missense;Missense	-0.454748838
595	SETDB1		No Mutation	0.3351013105925937
596	SETDB1	A1212A;L1214F	Silent;Missense	0.3524605922642734
597	SETDB1	L1214F	Missense	-0.27141313
598	SETDB1	L1218L	Silent	0.1153799915592691
599	SETDB1	(NC)	Splice-donor	-0.101902666
600	SETDB1	(NC);(NC)	Intron;Intron	-0.116196641
601	SETDB1		No Mutation	-0.043085388
602	SETDB1	(NC)	Splice-acceptor	-0.303607437
603	SETDB1	S1225N	Missense	-1.160602411
604	SETDB1	S1227N	Missense	0.21817842838558
605	SETDB1	Q1233Q	Silent	-0.819683291
606	SETDB1	Q1233Q	Silent	-0.393438811
607	SETDB1	Q1233Q	Silent	0.074756256
608	SETDB1	V1232V;Q1233*	Silent;Nonsense	-0.435444267
609	SETDB1	V1235I	Missense	0.1566315718693357
610	SETDB1	V1237V;D1238N	Silent;Missense	-0.844356632
611	SETDB1		No Mutation	-0.287513185
612	SETDB1	L1242F	Missense	-1.316352685
613	SETDB1		No Mutation	0.0389591564810034
614	SETDB1	L1242F;R1243C	Missense;Missense	-2.149206136
615	SETDB1		No Mutation	-0.595344802
616	SETDB1	A1251T	Missense	-0.414433343
617	SETDB1	A1251T	Missense	-0.665184184
618	SETDB1	A1251T	Missense	0.315372114
619	SETDB1	F1249F	Silent	-0.328092866
620	SETDB1	(NC)	Splice-donor	0.0408745039207349
621	SETDB1	A1251V;S1252S	Missense;Silent	0.09924644
622	SETDB1		No Mutation	0.093147919
623	SETDB1		No Mutation	-0.433511146
624	SETDB1	(NC);(NC)	Intron;Intron	0.3001393572673697
625	SETDB1		No Mutation	-0.746000381
626	SETDB1		No Mutation	-0.764029893
627	SETDB1	(NC)	Splice-acceptor	-0.931252612
628	SETDB1	(NC);(NC);(NC)	Intron;Intron;Intron	-0.08158391
629	SETDB1	(NC);(NC);(NC)	Intron;Intron;Intron	0.2323168263015003
630	SETDB1	(NC)	Intron	-0.013102268
631	SETDB1	(NC)	Intron	-0.228955152
632	SETDB1	R1256Q;A1257T	Missense;Missense	-0.910426221
633	SETDB1	A1257V	Missense	0.086049633
634	SETDB1		No Mutation	-0.54876747
635	SETDB1		No Mutation	0.415440826
636	SETDB1		No Mutation	-0.206215795
637	SETDB1	D1264D	Silent	0.007014058
638	SETDB1	D1264D	Silent	-0.243759692
639	SETDB1	N1266N;Y1267Y	Silent;Silent	0.4412066877410088
640	SETDB1		No Mutation	-0.037054068
641	SETDB1	G1270G	Silent	-0.450433056
642	SETDB1	L1277L	Silent	0.2358308737171537
643	SETDB1	L1277L	Silent	0.3239911223676643
644	SETDB1	L1277L;L1278F	Silent;Missense	0.1176305867856498
645	SETDB1	A1283V	Missense	-0.38747777
646	SETDB1	G1288E;R1289H	Missense;Missense	-0.201531057
647	SETDB1		No Mutation	-0.051169627
648	TRIM28	(NC);(NC);(NC)	UTR;UTR;UTR	0.185430394777375
649	TRIM28	(NC);(NC);(NC)	UTR;UTR;UTR	0.4478454780218797
650	TRIM28	(NC);(NC);(NC);(NC)	UTR;UTR;UTR;UTR	-0.304089026
651	TRIM28	(NC);(NC)	UTR;UTR	1.307869723377924
652	TRIM28	(NC);M1I	UTR;Missense	0.2434385820007306
653	TRIM28	M1I;A2T	Missense;Missense	-0.134236072
654	TRIM28	M1I;A2T	Missense;Missense	0.5481205013640553
655	TRIM28	M1I;A2T	Missense;Missense	0.2433917900673262
656	TRIM28		No Mutation	1.2761763313312369
657	TRIM28		No Mutation	0.1552576802286647
658	TRIM28	A3A;S4F	Silent;Missense	0.1630146752939949
659	TRIM28	S9S	Silent	0.3550414728867042
660	TRIM28	S9S;A10T	Silent;Missense	-0.127016825
661	TRIM28	A7V	Missense	0.2601584311976334
662	TRIM28	A8A;S9L	Silent;Missense	0.4208037364136123
663	TRIM28	S14S	Silent	-0.049496661
664	TRIM28	A12V;A13V	Missense;Missense	0.043561581
665	TRIM28	A15V	Missense	0.3649128697805448
666	TRIM28	A15V;A16V	Missense;Missense	0.4964158434218895
667	TRIM28	G18D;S19N	Missense;Missense	0.4892640310497349
668	TRIM28	A16A;S17F	Silent;Missense	0.5576914290289432
669	TRIM28	S17F	Missense	-0.028788688
670	TRIM28	P20P;G21N	Silent;Missense	0.2935234093227408
671	TRIM28	G21D;P22P	Missense;Silent	0.2929281648893262
672	TRIM28	G18G;S19S;P20S	Silent;Silent;Missense	0.1514700779355138
673	TRIM28	S19S;P20L	Silent;Missense	0.1559782431692139
674	TRIM28	E24E;G25N	Silent;Missense	-0.890712621
675	TRIM28	P22L	Missense	0.5958663008073911
676	TRIM28	G25N	Missense	0.1370671006619166
677	TRIM28	G23G	Silent	-0.16696765
678	TRIM28	A27T;G28S	Missense;Missense	-0.419799124
679	TRIM28	A27T;G28N	Missense;Missense	0.2051227442796448
680	TRIM28	R32C	Missense	0.1773157662100518
681	TRIM28	A39T	Missense	0.2239381988750647
682	TRIM28	A35A;P36F	Silent;Missense	0.4495406015219382
683	TRIM28	A40T	Missense	-0.44366061
684	TRIM28	S41S	Silent	0.1410496790660826
685	TRIM28	S41S;A42T	Silent;Missense	0.2645478919853244
686	TRIM28	S41S;A42T	Silent;Missense	0.1239451262368298
687	TRIM28	A44T	Missense	-1.040889397
688	TRIM28	A42V	Missense	-0.426062395
689	TRIM28	A46T	Missense	0.635986086
690	TRIM28	A47A;A48T	Silent;Missense	-0.13483456
691	TRIM28	S49S;S50S	Silent;Silent	-0.207608152
692	TRIM28	A46A;A47V	Silent;Missense	-0.618313555
693	TRIM28	A47V;A48V	Missense;Missense	-0.045866154
694	TRIM28	A47V;A48V	Missense;Missense	0.6022571056502802
695	TRIM28	A48V	Missense	0.2476908597459757
696	TRIM28	A48V;S49L	Missense;Missense	-0.137567895
697	TRIM28	A52T	Missense	0.1136238388751066
698	TRIM28	S49L;S50L	Missense;Missense	0.1691667266153445
699	TRIM28	P51P;A52V	Silent;Missense	0.5454405097005132
700	TRIM28	A56T;E57K	Missense;Missense	0.3746758164921333
701	TRIM28	E57K	Missense	-1.416583354
702	TRIM28	G54G	Silent	-0.029223217
703	TRIM28	A56A	Silent	0.0499939278753013
704	TRIM28	L61L;L62L	Silent;Silent	-0.091182229
705	TRIM28	L61L	Silent	-0.242075319
706	TRIM28	R71C	Missense	0.077232803
707	TRIM28	R71C;L72L	Missense;Silent	0.092246087
708	TRIM28	R76R;E77K	Silent;Missense	0.0507605173320808
709	TRIM28	R79H	Missense	0.4630507818729159
710	TRIM28	R79H;L80L	Missense;Silent	0.027890975
711	TRIM28	C83Y	Missense	-0.175223591
712	TRIM28	C83Y;L84L	Missense;Silent	0.1693997852498036
713	TRIM28	L81L;P82S	Silent;Missense	-0.598296717
714	TRIM28	L84L	Silent	0.1639953053530677
715	TRIM28	L84L	Silent	-0.019038105
716	TRIM28	A87T;C88Y	Missense;Missense	-0.223446902
717	TRIM28	C88Y	Missense	0.14528890335602
718	TRIM28	A87V	Missense	0.3166255934963868
719	TRIM28	A87V	Missense	0.5741318239881823
720	TRIM28	G93K	Missense	0.038858491
721	TRIM28	A90V	Missense	0.084809826
722	TRIM28	A95A;A96T	Silent;Missense	0.2177438666438507
723	TRIM28	A99T;A100T	Missense;Missense	0.059318538
724	TRIM28	A100T	Missense	-0.500673961
725	TRIM28	P97P;A98V	Silent;Missense	-0.513535748
726	TRIM28	A98V;A99V	Missense;Missense	-0.668792447
727	TRIM28	A98V;A99V	Missense;Missense	-0.116052559
728	TRIM28	S102N	Missense	-0.203118157
729	TRIM28	A98A;A99V	Silent;Missense	0.4459061223801828
730	TRIM28	S102N	Missense	0.7239082266468123
731	TRIM28	S102N	Missense	-0.221918197
732	TRIM28	S102N;S103S	Missense;Silent	-0.034221459
733	TRIM28	A100V	Missense	0.062526096
734	TRIM28	S103S;G104K	Silent;Missense	-0.047797767
735	TRIM28	N101N	Silent	-0.21873757
736	TRIM28	N101N;S102S	Silent;Silent	0.2586002692766015
737	TRIM28	G104E;D105N	Missense;Missense	0.1939251990924093
738	TRIM28	N101N;S102S	Silent;Silent	-0.144722547
739	TRIM28	G106N	Missense	0.02484434447032
740	TRIM28	S102S;S103L	Silent;Missense	-0.377582051
741	TRIM28		No Mutation	0.3572003806582829
742	TRIM28		No Mutation	-0.007603871
743	TRIM28	G106G	Silent	-0.31510574
744	TRIM28	A108V;A109V	Missense;Missense	0.7941238867711213
745	TRIM28		No Mutation	-0.103062878
746	TRIM28	(NC)	Intron	0.3173481397032274
747	TRIM28	(NC);(NC);(NC)	Intron;Intron;Intron	0.2218012541942573
748	TRIM28	(NC)	Intron	-0.618184366
749	TRIM28	(NC)	Intron	0.2436181711792391
750	TRIM28	(NC);(NC);(NC)	Intron;Intron;Intron	0.1191328342401655
751	TRIM28	V114V;V115I	Silent;Missense	-1.202969663
752	TRIM28	V114V;V115I;D116N	Silent;Missense;Missense	0.8557333788340316
753	TRIM28	Q123Q;C124Y	Silent;Missense	-0.134469564
754	TRIM28	Q123Q;C124Y	Silent;Missense	-0.448888613
755	TRIM28	C124C;F125F	Silent;Silent	-0.483891187
756	TRIM28	E131E	Silent	0.5756886252943879
757	TRIM28		No Mutation	0.142964553093194
758	TRIM28	R136C	Missense	-0.178938332
759	TRIM28	A142V	Missense	-0.061832192
760	TRIM28	A149T	Missense	0.3847254447099548
761	TRIM28	D145D;A146V;Q147*	Silent;Missense;Nonsense	0.465159802
762	TRIM28	A149A	Silent	-0.18486957
763	TRIM28	Q151Q;(NC);(NC)	Silent;Splice-donor;Intron	0.3530751250860677
764	TRIM28	Q151Q;(NC);(NC)	Silent;Splice-donor;Intron	0.1708139681219961
765	TRIM28	(NC)	Intron	0.1949998565553918
766	TRIM28	(NC);(NC)	Intron;Splice-acceptor	0.095053699
767	TRIM28	(NC);C152Y	Splice-acceptor;Missense	-0.216186539
768	TRIM28	C152Y;C153Y	Missense;Missense	0.08642
769	TRIM28	C152C	Silent	0.3871486579712268
770	TRIM28	A162V	Missense	-0.171715032
771	TRIM28	C166Y	Missense	-0.300678969
772	TRIM28	C166Y;V167M	Missense;Missense	0.1815418050666126
773	TRIM28	C166Y;V167M	Missense;Missense	0.1919047776619744
774	TRIM28	V167V;E168K	Silent;Missense	-0.1487771
775	TRIM28	S164S;Y165Y	Silent;Silent	-0.063945902
776	TRIM28	E168E;C169Y	Silent;Missense	0.232715149729522
777	TRIM28		No Mutation	2.9083443683267616
778	TRIM28	C177Y;V178I	Missense;Missense	-0.344954039
779	TRIM28		No Mutation	-0.263031967
780	TRIM28		No Mutation	-0.287173985
781	TRIM28	Q182Q	Silent	-0.194582641
782	TRIM28	R183W	Missense	0.6339739787992129
783	TRIM28		No Mutation	1.235870209092626
784	TRIM28	V192V;R193H	Silent;Missense	1.2693220873605318
785	TRIM28	H190Y;T191I	Missense;Missense	0.067642554
786	TRIM28	G196R	Missense	0.5265453762255536
787	TRIM28	R193C;S194F	Missense;Missense	-0.008113904
788	TRIM28	T195I	Missense	0.1461662738973591
789	TRIM28	T195I	Missense	-0.382934697
790	TRIM28		No Mutation	0.1032039225811256
791	TRIM28	(NC)	Intron	0.1312888583171178
792	TRIM28	(NC)	Intron	-0.310909054
793	TRIM28		No Mutation	0.3613574271113202
794	TRIM28		No Mutation	0.3366783900597596
795	TRIM28		No Mutation	-1.246924725
796	TRIM28		No Mutation	0.3902244045106921
797	TRIM28	A198T	Missense	0.079954676
798	TRIM28	A198T	Missense	0.0499748586578672
799	TRIM28	(NC)	Intron	0.4976512102813536
800	TRIM28	P197S	Missense	0.3852446881731685
801	TRIM28	K199K	Silent	0.046123981
802	TRIM28	K199K	Silent	-0.281882078
803	TRIM28	P197L;A198V	Missense;Missense	0.2049023181605874
804	TRIM28	R201Q	Missense	0.3587057256503492
805	TRIM28	D202N;G203N	Missense;Missense	0.3685369494566956
806	TRIM28	G203D;E204K	Missense;Missense	-0.205409992
807	TRIM28	C221Y;E222K	Missense;Missense	0.3520989411736628
808	TRIM28	C221Y;E222K	Missense;Missense	0.017328949
809	TRIM28	E222K	Missense	0.1243568989825339
810	TRIM28	Q233Q	Silent	0.6292168115820052
811	TRIM28	A236T	Missense	0.3335617142610365
812	TRIM28	C232C;Q233*;L234F	Silent;Nonsense;Missense	0.1449423899420924
813	TRIM28	K238K;D239N	Silent;Missense	0.1740820557868465
814	TRIM28	(NC);(NC)	Splice-donor;Intron	0.3939793780814349
815	TRIM28	(NC);(NC);(NC)	Splice-donor;Intron;Intron	0.1386505938259516
816	TRIM28	D239D;H240Y	Silent;Missense	0.4425958902392501
817	TRIM28	(NC);(NC)	Intron;Intron	-0.162122994
818	TRIM28		No Mutation	-0.244172769
819	TRIM28	(NC)	Intron	0.033435228
820	TRIM28	(NC);(NC);(NC)	Intron;Intron;Intron	-1.029555543
821	TRIM28	(NC);(NC);(NC)	Intron;Intron;Intron	-0.272617149
822	TRIM28	(NC);(NC)	Intron;Intron	-0.090292853
823	TRIM28	F244F	Silent	-0.088846605
824	TRIM28	A248T;V249M	Missense;Missense	0.3344844581251854
825	TRIM28	N251N;Q252*	Silent;Nonsense	0.1211489599090138
826	TRIM28	R253R;L255F	Silent;Missense	-0.042139825
827	TRIM28	L256L;A257T	Silent;Missense	0.6372748459832054
828	TRIM28	V260V;K261K	Silent;Silent	0.2927258733692384
829	TRIM28	S258L;L259L	Missense;Silent	0.3756559522380343
830	TRIM28	S258L;L259L	Missense;Silent	0.4075773723529801
831	TRIM28	L259L	Silent	0.2634936023110896
832	TRIM28	R262H	Missense	-0.280292807
833	TRIM28	A268T	Missense	0.2678452749429686
834	TRIM28	Q271*	Nonsense	-0.022746055
835	TRIM28	Q271*	Nonsense	-0.108223894
836	TRIM28	S279N;(NC)	Missense;Splice-donor	0.5287173065000604
837	TRIM28	R278C	Missense	-0.547435121
838	TRIM28	R278C	Missense	-0.048886476
839	TRIM28	S279S;S280L	Silent;Missense	0.091479018
840	TRIM28	S280L	Missense	0.0254908518040989
841	TRIM28	S280L	Missense	0.5551519182989062
842	TRIM28		No Mutation	0.5397495717866779
843	TRIM28		No Mutation	0.1670881484937906
844	TRIM28		No Mutation	0.5460810574540331
845	TRIM28	(NC)	Splice-acceptor	0.4623078863561727
846	TRIM28	(NC);(NC);(NC)	Intron;Intron;Intron	0.2867834608076779
847	TRIM28	Q283Q;V284I	Silent;Missense	1.798510563876781
848	TRIM28	Q283Q;V284I	Silent;Missense	0.261062161
849	TRIM28	V284I	Missense	-0.122546858
850	TRIM28	V287I	Missense	0.095409772
851	TRIM28	Q288Q	Silent	0.09951848
852	TRIM28	Q288*	Nonsense	0.083990296
853	TRIM28	Q292*	Nonsense	0.2960674394422508
854	TRIM28	A298A;I299I;L300L	Silent;Silent;Silent	0.1780503370505211
855	TRIM28	M303I;K304K	Missense;Silent	-0.384261437
856	TRIM28	K304K;E305K	Silent;Missense	0.0242636634164891
857	TRIM28		No Mutation	0.628724937
858	TRIM28		No Mutation	0.3366550219793933
859	TRIM28		No Mutation	-0.048723679
860	TRIM28	R309W	Missense	-0.209608275
861	TRIM28	L313L	Silent	0.0273461999594935
862	TRIM28	D316N;A317T	Missense;Missense	-0.149080759
863	TRIM28	A317A;Q318*	Silent;Nonsense	0.4288681947034903
864	TRIM28	(NC);(NC)	Intron;Intron	0.2721781760286871
865	TRIM28	(NC);(NC);(NC)	Intron;Intron;Intron	0.1846341924659154
866	TRIM28	(NC);(NC)	Intron;Intron	-0.091668719
867	TRIM28	(NC);(NC)	Intron;Intron	-0.098709358
868	TRIM28	(NC)	Intron	-0.130964665
869	TRIM28	(NC);(NC);(NC)	Intron;Intron;Intron	0.3111567456495152
870	TRIM28	K319K;V320I	Silent;Missense	-0.065931146
871	TRIM28	(NC);(NC)	Intron;Intron	-0.312718814
872	TRIM28	(NC);(NC)	Intron;Intron	0.0265386071224014
873	TRIM28	(NC)	Intron	-0.369236563
874	TRIM28		No Mutation	-0.200536541
875	TRIM28	Q324*	Nonsense	0.00480591
876	TRIM28	Q325*	Nonsense	-0.440651494
877	TRIM28	R327R;L328L	Silent;Silent	0.0231554856388716
878	TRIM28	W333*	Nonsense	-0.127080544
879	TRIM28	Q339Q;K340K	Silent;Silent	0.4206222372008696
880	TRIM28	T336T	Silent	-0.224720049
881	TRIM28	Q342Q	Silent	0.1653468457987181
882	TRIM28	E343E	Silent	0.1959970826998563
883	TRIM28	L346L;R347H	Silent;Missense	-0.007474521
884	TRIM28	L346L	Silent	-0.164044163
885	TRIM28	L346L;R347C	Silent;Missense	-0.504819396
886	TRIM28	R347R	Silent	-0.064653414
887	TRIM28	E354E;S355N	Silent;Missense	-0.428943446
888	TRIM28	K365K;K366K	Silent;Silent	0.1063642763931767
889	TRIM28	K365K;K366K	Silent;Silent	-0.09698427
890	TRIM28		No Mutation	0.2854880226379135
891	TRIM28		No Mutation	0.1055741050095284
892	TRIM28		No Mutation	-0.618371782
893	TRIM28		No Mutation	0.2553919619931294
894	TRIM28	(NC)	Intron	0.4310180748223546
895	TRIM28		No Mutation	0.445326412432225
896	TRIM28	(NC)	Splice-acceptor	-0.342711827
897	TRIM28	(NC)	Splice-acceptor	-0.188004365
898	TRIM28		No Mutation	0.6280113298191674
899	TRIM28	Q371Q	Silent	0.081767285
900	TRIM28	I368I;Y369Y	Silent;Silent	-0.08409425
901	TRIM28	I368I;Y369Y	Silent;Silent	0.2418039724016739
902	TRIM28	Q371Q;L372L	Silent;Silent	0.1057978025840633
903	TRIM28		No Mutation	0.0370056159201127
904	TRIM28	A375V;L376F	Missense;Missense	0.1544434064398366
905	TRIM28	M378I;V380M	Missense;Missense	-0.439390568
906	TRIM28	V380V;D381N	Silent;Missense	0.0470172391659636
907	TRIM28		No Mutation	-0.08054902
908	TRIM28	V380V;D381N	Silent;Missense	-0.212857537
909	TRIM28	P382F	Missense	-0.267161928
910	TRIM28	G387N;E388K	Missense;Missense	0.1228191435595274
911	TRIM28	G387D;E388K	Missense;Missense	-0.489950398
912	TRIM28	K390K	Silent	-1.077903837
913	TRIM28	G387G	Silent	0.2318532800183625
914	TRIM28	G387G	Silent	0.1562121575856745
915	TRIM28		No Mutation	0.2495640796330372
916	TRIM28	K400K	Silent	0.2767096223484878
917	TRIM28	A397A	Silent	0.357644717
918	TRIM28	E403K	Missense	-0.250238023
919	TRIM28		No Mutation	0.1093626622844936
920	TRIM28	A402V	Missense	-0.154931819
921	TRIM28	A402V	Missense	0.1715996650975196
922	TRIM28		No Mutation	-0.410215265
923	TRIM28	(NC);(NC)	Intron;Intron	-0.153586683
924	TRIM28	(NC)	Intron	-0.46741881
925	TRIM28		No Mutation	0.006541004
926	TRIM28	P413F	Missense	0.5296744278069208
927	TRIM28	G419N	Missense	0.4748958382673122
928	TRIM28	T418I	Missense	-0.130908659
929	TRIM28		No Mutation	1.2757988172021206
930	TRIM28		No Mutation	0.153275499734096
931	TRIM28	A424V;P425F	Missense;Missense	0.086064182
932	TRIM28	R427K;A428T	Missense;Missense	0.1708924036524872
933	TRIM28	A424V;P425F	Missense;Missense	0.3558658285098752
934	TRIM28	R427K;A428T	Missense;Missense	0.5438458248782976
935	TRIM28	G430K	Missense	-0.713007893
936	TRIM28	G430K	Missense	0.1636241184063558
937	TRIM28	G430K	Missense	-0.142988084
938	TRIM28		No Mutation	0.096697919
939	TRIM28	P431S	Missense	-0.201798999
940	TRIM28	P431F	Missense	-0.501803236
941	TRIM28	S433N;K434K	Missense;Silent	-0.863176466
942	TRIM28	K434K	Silent	-0.241005825
943	TRIM28	K434K	Silent	0.0255523550098569
944	TRIM28	L432L	Silent	0.1754955130998358
945	TRIM28	G436N	Missense	0.2117854570436854
946	TRIM28	G436D	Missense	-0.140856641
947	TRIM28	G438S	Missense	-0.495990352
948	TRIM28	G436G	Silent	-0.092107974
949	TRIM28	G438G;S439S	Silent;Silent	0.0154461005260682
950	TRIM28	S440S;Q441*	Silent;Nonsense	0.4607420328581524
951	TRIM28	(NC);(NC);(NC)	Intron;Intron;Intron	-0.215773115
952	TRIM28	(NC)	Intron	0.5744601504716351
953	TRIM28	(NC)	Intron	-0.690995268
954	TRIM28		No Mutation	-0.230183941
955	TRIM28	(NC);P442S	Intron;Missense	-0.353642586
956	TRIM28	P442F	Missense	-0.183491529
957	TRIM28		No Mutation	1.2709559762570035
958	TRIM28	E447K;G448N	Missense;Missense	-0.653640597
959	TRIM28	G448N	Missense	-0.939005797
960	TRIM28	Q446*	Nonsense	-0.054639444
961	TRIM28		No Mutation	0.086464509
962	TRIM28	G448G	Silent	-0.249191825
963	TRIM28	G450G	Silent	0.0509817943765212
964	TRIM28	G450G	Silent	-0.853314548
965	TRIM28		No Mutation	1.087299111646614
966	TRIM28		No Mutation	0.032407356
967	TRIM28		No Mutation	0.2619128200556644
968	TRIM28	(NC)	Intron	0.2749115495448789
969	TRIM28		No Mutation	0.2017252103998996
970	TRIM28	D456N	Missense	0.3646045962256239
971	TRIM28	E462K	Missense	-0.083252766
972	TRIM28	E462E	Silent	0.454482788
973	TRIM28	A461V	Missense	-0.219160591
974	TRIM28		No Mutation	-0.114654381
975	TRIM28	V468I	Missense	0.1617625073388504
976	TRIM28	V468V	Silent	0.070567212
977	TRIM28	V468V	Silent	0.05752216
978	TRIM28		No Mutation	-0.458896073
979	TRIM28		No Mutation	0.245500654201882
980	TRIM28		No Mutation	-0.246702254
981	TRIM28		No Mutation	-0.006776323
982	TRIM28		No Mutation	1.1393669333028809
983	TRIM28	(NC)	Intron	-0.119714673
984	TRIM28	(NC)	Splice-acceptor	0.4162056000738984
985	TRIM28	(NC)	Intron	-0.478080966
986	TRIM28	(NC)	Intron	-0.137580435
987	TRIM28	S471F	Missense	-0.45840543
988	TRIM28	S471S;R472C	Silent;Missense	-0.219032017
989	TRIM28	G476D;E477K	Missense;Missense	-0.376312207
990	TRIM28	E477K;V478M	Missense;Missense	-0.301751265
991	TRIM28		No Mutation	-0.296462327
992	TRIM28	S479S	Silent	1.9179440084200132
993	TRIM28	V485V	Silent	-0.110022545
994	TRIM28		No Mutation	0.3087556635328405
995	TRIM28	E491K;R492H	Missense;Missense	-0.171038773
996	TRIM28	S489S;L490F	Silent;Missense	1.5835812213135023
997	TRIM28	L495L;D496N	Silent;Missense	-0.050548978
998	TRIM28	A499T	Missense	0.052857119
999	TRIM28	D500N	Missense	0.2292961213150076
1000	TRIM28	Q502Q	Silent	0.006249381
1001	TRIM28	S501S;Q502*;P503S	Silent;Nonsense;Missense	0.1346979034306681
1002	TRIM28	K507K;V508I	Silent;Missense	0.1435344985126838
1003	TRIM28	V505V	Silent	0.039674252
1004	TRIM28	V508I	Missense	-0.507917389
1005	TRIM28		No Mutation	0.1742085429823164
1006	TRIM28		No Mutation	-0.579155293
1007	TRIM28	F509F;P510L	Silent;Missense	-0.071791676
1008	TRIM28	E515K;D516N	Missense;Missense	0.0450980823892308
1009	TRIM28	E515K;D516N	Missense;Missense	0.2569423145915936
1010	TRIM28		No Mutation	0.3616530106935013
1011	TRIM28	L519F	Missense	-0.103136836
1012	TRIM28	R524H;G525S	Missense;Missense	-0.283389902
1013	TRIM28	A526V;A527V	Missense;Missense	0.2338165818771412
1014	TRIM28	A529V;A530V	Missense;Missense	-0.146160203
1015	TRIM28	A529V;A530V	Missense;Missense	0.2234226072828286
1016	TRIM28	G532D;Q533Q	Missense;Silent	0.2740437170827374
1017	TRIM28	A537T	Missense	0.002866592
1018	TRIM28	P534L	Missense	-0.306666408
1019	TRIM28	A537A;A539T	Silent;Missense	0.3009905531184854
1020	TRIM28	A539T;G540K	Missense;Missense	-0.21736895
1021	TRIM28	A537V;P538F	Missense;Missense	-0.383085318
1022	TRIM28	G543N;A544T	Missense;Missense	-0.057111765
1023	TRIM28	T541T;P542F	Silent;Missense	0.1746141159362828
1024	TRIM28	A544V	Missense	0.0297863151340045
1025	TRIM28	L547L	Silent	-0.051586231
1026	TRIM28	L547L;A548T	Silent;Missense	-0.515325166
1027	TRIM28	L547L;A548T	Silent;Missense	-0.39762063
1028	TRIM28	A544A;P545L;P546S	Silent;Missense;Missense	-0.105340574
1029	TRIM28	G549D;M550I	Missense;Missense	-0.518928134
1030	TRIM28	M550I;A551T	Missense;Missense	0.1492161538656943
1031	TRIM28	M550I;A551T	Missense;Missense	0.040679543
1032	TRIM28	A551T	Missense	-1.560635359
1033	TRIM28		No Mutation	0.1404682090610044
1034	TRIM28	G549G	Silent	-0.401169886
1035	TRIM28	V553I	Missense	0.2045049269185759
1036	TRIM28	(NC);(NC)	Intron;Intron	-0.487751996
1037	TRIM28		No Mutation	-0.524872818
1038	TRIM28	(NC);(NC);(NC)	Intron;Intron;Intron	-0.145320843
1039	TRIM28	(NC);(NC)	Intron;Intron	-0.305187963
1040	TRIM28	(NC)	Intron	-0.493700266
1041	TRIM28	(NC);(NC)	Intron;Splice-acceptor	-0.42918046
1042	TRIM28	(NC);(NC);(NC)	Intron;Intron;Intron	-0.640782623
1043	TRIM28	(NC);(NC);E555K	Intron;Splice-acceptor;Missense	0.1460324238167017
1044	TRIM28	(NC);(NC)	Intron;Intron	1.2286303280879485
1045	TRIM28		No Mutation	0.1044509705540964
1046	TRIM28	A564A;P565F;P566S	Silent;Missense;Missense	0.013782459
1047	TRIM28	P565F;P566F	Missense;Missense	-0.011890114
1048	TRIM28	E570K	Missense	-0.376369708
1049	TRIM28	E570K;G571S	Missense;Missense	-0.214331059
1050	TRIM28	E570K;G571N	Missense;Missense	-0.494355711
1051	TRIM28	G571N	Missense	-0.095222481
1052	TRIM28	E573E	Silent	0.015632033
1053	TRIM28	T574I	Missense	-0.563600314
1054	TRIM28	V577I	Missense	-0.455802109
1055	TRIM28	V577I	Missense	0.2510632677914547
1056	TRIM28	M579I;A580T	Missense;Missense	0.005962334
1057	TRIM28	L578F	Missense	-0.408187857
1058	TRIM28	L578F	Missense	-0.14612138
1059	TRIM28	L578F	Missense	-0.100952923
1060	TRIM28	A582T	Missense	-0.062996324
1061	TRIM28	A580V;L581F	Missense;Missense	0.1267169074577234
1062	TRIM28		No Mutation	-0.807882447
1063	TRIM28		No Mutation	0.052286239
1064	TRIM28	A587V	Missense	0.005552585
1065	TRIM28	R591H	Missense	-0.028834867
1066	TRIM28	R591C;L592L	Missense;Silent	-0.555050468
1067	TRIM28	S596N	Missense	0.081289221
1068	TRIM28	S596N	Missense	-0.15393725
1069	TRIM28	S596N;G597S	Missense;Missense	-0.607328614
1070	TRIM28	G597N	Missense	0.2084948881009983
1071	TRIM28	S598N	Missense	0.5545712441249507
1072	TRIM28		No Mutation	-0.474035485
1073	TRIM28	G597G	Silent	-0.62533699
1074	TRIM28	S600N	Missense	0.03793774
1075	TRIM28	G597G;S598S	Silent;Silent	0.4323619394071069
1076	TRIM28	S598S;T599I	Silent;Missense	-0.115301381
1077	TRIM28	T599T;S600S	Silent;Silent	0.069755672
1078	TRIM28	S600S;S601L	Silent;Missense	-0.640250622
1079	TRIM28	E604E;V605I	Silent;Missense	1.0081498821626456
1080	TRIM28		No Mutation	-0.311733796
1081	TRIM28		No Mutation	-0.464654345
1082	TRIM28		No Mutation	0.7369322499535147
1083	TRIM28	T611I	Missense	0.2728164035981629
1084	TRIM28	A613T	Missense	0.4811594540989589
1085	TRIM28	T611I;S612L	Missense;Missense	1.8175685708110887
1086	TRIM28	A613V;P614S	Missense;Missense	0.1159942958367016
1087	TRIM28	A613V;P614L	Missense;Missense	0.2389648701446974
1088	TRIM28	G616D;G617N	Missense;Missense	-0.644793216
1089	TRIM28	P618P;G619K	Silent;Missense	0.063834002
1090	TRIM28		No Mutation	0.3056740501410215
1091	TRIM28	P618P;G619K	Silent;Missense	0.1678821835704321
1092	TRIM28	G619K	Missense	0.3415518628424507
1093	TRIM28	D623N	Missense	-0.361629191
1094	TRIM28	D623N;S624N	Missense;Missense	-0.427002853
1095	TRIM28		No Mutation	-0.223630737
1096	TRIM28		No Mutation	-0.236118227
1097	TRIM28	C631Y	Missense	0.185329345384399
1098	TRIM28	C631Y;Q632Q	Missense;Silent	-0.257591263
1099	TRIM28	R629C	Missense	0.2939777143184758
1100	TRIM28	K633K;G635S	Silent;Missense	-0.656096285
1101	TRIM28	C631C;Q632*	Silent;Nonsense	0.4971931323666494
1102	TRIM28	L637L;V638I	Silent;Missense	-0.010891202
1103	TRIM28	M639I;C640Y	Missense;Missense	-0.236946853
1104	TRIM28		No Mutation	0.5597066198794889
1105	TRIM28	H648H;L649L	Silent;Silent	-0.591870071
1106	TRIM28	L653L	Silent	0.7254633673050683
1107	TRIM28	L653L;P654P;A655T	Silent;Silent;Missense	-0.081895695
1108	TRIM28	H652Y;L653L	Missense;Silent	-0.402828896
1109	TRIM28	Q657Q;D658N;V659I	Silent;Missense;Missense	-0.403083321
1110	TRIM28	A655V;L656L	Missense;Silent	0.005577142
1111	TRIM28	A655V;L656L	Missense;Silent	-0.936468935
1112	TRIM28	V659I	Missense	-0.07331052
1113	TRIM28	G661K;(NC)	Missense;Splice-donor	0.2738844169246619
1114	TRIM28	G661K;(NC)	Missense;Splice-donor	0.6711923206312941
1115	TRIM28	P660L	Missense	-0.479217749
1116	TRIM28	P660L	Missense	-0.138053529
1117	TRIM28		No Mutation	0.2347963001817035
1118	TRIM28		No Mutation	0.059495357
1119	TRIM28		No Mutation	0.1541496255941303
1120	TRIM28	(NC);(NC);(NC)	Intron;Intron;Intron	-0.103953123
1121	TRIM28		No Mutation	-0.209557841
1122	TRIM28		No Mutation	0.3781763437797542
1123	TRIM28	(NC)	Splice-acceptor	-0.465737639
1124	TRIM28	(NC);(NC)	Intron;Intron	-0.203754683
1125	TRIM28	W664*;S665N	Nonsense;Missense	1.5496072444864717
1126	TRIM28	S665N;C666Y	Missense;Missense	0.1257234402115519
1127	TRIM28	L672F	Missense	3.815058683390355
1128	TRIM28	L672F;P673S	Missense;Missense	-0.173481956
1129	TRIM28	L675L	Silent	0.6627836940012012
1130	TRIM28	L672L;P673F	Silent;Missense	-0.292732234
1131	TRIM28	D674D;L675L	Silent;Silent	-0.064394896
1132	TRIM28	E677E;E678K;D679N	Silent;Missense;Missense	0.1068816419926051
1133	TRIM28	E678K;D679N	Missense;Missense	-0.218215175
1134	TRIM28	G680N	Missense	-0.19553205
1135	TRIM28		No Mutation	-0.03650228
1136	TRIM28	G680G	Silent	-0.10941461
1137	TRIM28	A687T;D688N	Missense;Missense	-0.571374557
1138	TRIM28		No Mutation	0.6100710794060622
1139	TRIM28	S689N	Missense	0.004572542
1140	TRIM28	A687V	Missense	-0.00737494
1141	TRIM28	D688D	Silent	-0.126736569
1142	TRIM28	L696L;S697L	Silent;Missense	-0.462171961
1143	TRIM28		No Mutation	0.4144219925962967
1144	TRIM28	L696L;S697L;P698S	Silent;Missense;Missense	0.1874571816915237
1145	TRIM28	P698L;A699V	Missense;Missense	-0.174729177
1146	TRIM28	A699V	Missense	-0.225438209
1147	TRIM28	N700N;Q701*	Silent;Nonsense	0.1340010216155732
1148	TRIM28	(NC);(NC);(NC)	Splice-donor;Intron;Intron	0.1349412402015494
1149	TRIM28	N700N;Q701*	Silent;Nonsense	0.1963456199750856
1150	TRIM28	N700N;Q701*;R702W	Silent;Nonsense;Missense	-0.956520554
1151	TRIM28	(NC);(NC);(NC)	Intron;Intron;Intron	0.9676478773841796
1152	TRIM28	(NC);(NC);(NC);(NC)	Intron;Intron;Intron;Intron	0.1436775728879544
1153	TRIM28		No Mutation	0.5473300629947546
1154	TRIM28	(NC)	Intron	0.3983439137281873
1155	TRIM28	(NC)	Intron	0.1816462561378641
1156	TRIM28	(NC)	Splice-acceptor	0.3677475459837608
1157	TRIM28	(NC)	Splice-acceptor	-0.021065243
1158	TRIM28		No Mutation	-0.060848761
1159	TRIM28		No Mutation	-0.4266306
1160	TRIM28		No Mutation	1.6487521318791885
1161	TRIM28	C717C;R718C;P719S	Silent;Missense;Missense	-0.1113721
1162	TRIM28		No Mutation	-0.325912527
1163	TRIM28	Q722Q	Silent	-0.261232884
1164	TRIM28	Q722Q;L723L;A724T	Silent;Silent;Missense	-0.381443113
1165	TRIM28	L723L;A724T	Silent;Missense	-0.241289332
1166	TRIM28	A724T	Missense	-0.944610613
1167	TRIM28		No Mutation	0.0121274379557888
1168	TRIM28	D726N	Missense	0.2786674329137943
1169	TRIM28	T725T;D726D	Silent;Silent	0.089239535
1170	TRIM28	L731L	Silent	0.096449386
1171	TRIM28	F729F;S730F	Silent;Missense	-0.351829675
1172	TRIM28	(NC);(NC)	Intron;Intron	-0.344109115
1173	TRIM28	(NC)	Intron	0.2556901094095436
1174	TRIM28	S730S;L731L	Silent;Silent	-0.284664022
1175	TRIM28	L731L	Silent	-0.376295463
1176	TRIM28	(NC);(NC);(NC)	Intron;Intron;Intron	-0.057379603
1177	TRIM28	(NC)	Intron	0.049816338
1178	TRIM28	(NC);(NC);(NC)	Intron;Intron;Intron	0.2408677730183774
1179	TRIM28	(NC);(NC)	Intron;Intron	0.09052973
1180	TRIM28	(NC);(NC)	Intron;Intron	-0.268282949
1181	TRIM28		No Mutation	0.5471277795020077
1182	TRIM28	(NC);(NC)	Intron;Intron	0.3869855578520214
1183	TRIM28	(NC);(NC)	Intron;Intron	0.3634396980386819
1184	TRIM28	G735N;G736S	Missense;Missense	0.1711952495739673
1185	TRIM28	D732D;Q733*;P734S	Silent;Nonsense;Missense	0.073678345
1186	TRIM28	L738L;D739N	Silent;Missense	-0.003982518
1187	TRIM28	D739N	Missense	-0.021235959
1188	TRIM28	L740L	Silent	0.3803283213342536
1189	TRIM28	L742L	Silent	-0.100442418
1190	TRIM28	L742L	Silent	0.2201519103296599
1191	TRIM28	I743I;R744C	Silent;Missense	-0.24189443
1192	TRIM28	R746H	Missense	-0.309650107
1193	TRIM28		No Mutation	-0.078877947
1194	TRIM28	Q748Q;E749K	Silent;Missense	0.2583486572569875
1195	TRIM28	K750K;L751L	Silent;Silent	-0.40346722
1196	TRIM28	K750K;L751L	Silent;Silent	0.2420062331692205
1197	TRIM28	L751L	Silent	-0.150632734
1198	TRIM28		No Mutation	-0.275127779
1199	TRIM28	P754F	Missense	0.2543046759943412
1200	TRIM28		No Mutation	0.2768742464233926
1201	TRIM28	Q759Q;E760K	Silent;Missense	0.3447839035135055
1202	TRIM28	Q759Q;E760K	Silent;Missense	-0.176903366
1203	TRIM28	S757S;P758L;Q759*	Silent;Missense;Nonsense	0.1332492620549762
1204	TRIM28	Q763Q	Silent	-0.578403656
1205	TRIM28		No Mutation	-0.081617616
1206	TRIM28	Q763Q;D764N	Silent;Missense	0.1122018000800248
1207	TRIM28		No Mutation	0.1949122050256149
1208	TRIM28	Q763Q;D764N	Silent;Missense	0.4683203682280855
1209	TRIM28	R767H;M768I	Missense;Missense	-0.12854358
1210	TRIM28	M768I	Missense	-0.180974371
1211	TRIM28		No Mutation	0.9846374817654376
1212	TRIM28	F772F	Silent	0.2048900248566398
1213	TRIM28	T776I	Missense	-0.155693571
1214	TRIM28		No Mutation	-0.624643274
1215	TRIM28	(NC);(NC)	Intron;Intron	-0.160628353
1216	TRIM28	(NC)	Intron	1.5480356559072646
1217	TRIM28	(NC);(NC)	Intron;Intron	0.2089828217153824
1218	TRIM28	(NC);(NC)	Intron;Intron	0.1108972337834901
1219	TRIM28	K779K	Silent	-0.17919753
1220	TRIM28	V782I	Missense	-0.145976142
1221	TRIM28	V782I	Missense	-0.179240292
1222	TRIM28	D781D	Silent	-0.701850503
1223	TRIM28	Q789Q;R790H	Silent;Missense	0.3266296901189569
1224	TRIM28	R795C	Missense	-0.165930256
1225	TRIM28	K804K	Silent	0.5224825232082221
1226	TRIM28	T803T	Silent	0.1637011344492308
1227	TRIM28	F805F	Silent	-0.092494816
1228	TRIM28	V808V;L809L	Silent;Silent	0.1460115182781199
1229	TRIM28	P813L;P814L	Missense;Missense	0.3230287797849542
1230	TRIM28	L817L	Silent	0.062814691
1231	TRIM28	L817L	Silent	-0.348246985
1232	TRIM28	L817L;G819S	Silent;Missense	-0.370105476
1233	TRIM28		No Mutation	-0.6050517
1234	TRIM28	G819N	Missense	0.079436366
1235	TRIM28	G819N;A820T	Missense;Missense	-0.204050361
1236	TRIM28	L822L	Silent	0.0146372862000823
1237	TRIM28	A820V	Missense	1.8152640317098827
1238	TRIM28	S823N	Missense	-0.17603114
1239	TRIM28	S824F	Missense	0.4182471253731654
1240	TRIM28	E826E;L827L	Silent;Silent	0.1325660473118292
1241	TRIM28	S824F;Q825*	Missense;Nonsense	-0.61609183
1242	TRIM28	L827L	Silent	-0.073017351
1243	TRIM28	G829D;G830N	Missense;Missense	-0.265398661
1244	TRIM28	G830N	Missense	0.2399291150022879
1245	TRIM28	S828F	Missense	-0.823961423
1246	TRIM28	P831F	Missense	0.01796084
1247	TRIM28		No Mutation	0.0246021678901524
1248	TRIM28	*836*;(NC)	Silent;UTR	0.7349830911434481
1249	TRIM28	*836*;(NC);(NC)	Silent;UTR;UTR	0.3708094258348102
1250	TRIM28		No Mutation	0.3925244640803963
1251	TRIM28		No Mutation	0.172034890694759
1252	TRIM28		No Mutation	-0.468455425
1253	TRIM28		No Mutation	-0.181718993
1254	MPHOSPH8	(NC)	UTR	0.006775774
1255	MPHOSPH8	(NC);(NC)	UTR;UTR	-0.210760442
1256	MPHOSPH8	(NC)	UTR	-0.168032752
1257	MPHOSPH8	(NC)	UTR	0.1854279809884036
1258	MPHOSPH8		No Mutation	-0.650897023
1259	MPHOSPH8		No Mutation	-0.205856166
1260	MPHOSPH8		No Mutation	-0.595097156
1261	MPHOSPH8		No Mutation	-1.064863249
1262	MPHOSPH8		No Mutation	-0.244839404
1263	MPHOSPH8	A17T	Missense	-0.000654978
1264	MPHOSPH8	D19N	Missense	0.002191535
1265	MPHOSPH8	D19N;S20N	Missense;Missense	0.2093981622393064
1266	MPHOSPH8	A17V	Missense	-0.507213249
1267	MPHOSPH8	A18A;D19D	Silent;Silent	-0.117013662
1268	MPHOSPH8	E23E;L24L	Silent;Silent	0.087118154
1269	MPHOSPH8	A25V	Missense	-0.331965958
1270	MPHOSPH8		No Mutation	0.2205930271891206
1271	MPHOSPH8	G30E;V31I	Missense;Missense	-0.930429876
1272	MPHOSPH8		No Mutation	0.406479266287273
1273	MPHOSPH8		No Mutation	-0.247699779
1274	MPHOSPH8		No Mutation	0.1211643398910397
1275	MPHOSPH8	D39D;A40V	Silent;Missense	-0.062087714
1276	MPHOSPH8	A41V	Missense	-0.939935139
1277	MPHOSPH8		No Mutation	0.4015214783083831
1278	MPHOSPH8	E46E;A47T	Silent;Missense	0.2066488707208111
1279	MPHOSPH8	A47V	Missense	-0.16599447
1280	MPHOSPH8	A47A	Silent	0.2918206449631365
1281	MPHOSPH8	G49G	Silent	0.327462289896043
1282	MPHOSPH8	E52E;E53K	Silent;Missense	-0.338660339
1283	MPHOSPH8	D50D	Silent	-0.564197608
1284	MPHOSPH8	D54D	Silent	-0.325269191
1285	MPHOSPH8		No Mutation	-0.340909092
1286	MPHOSPH8	F59F	Silent	-0.044037788
1287	MPHOSPH8	I64I;L65L	Silent;Silent	0.039570088
1288	MPHOSPH8	L65L	Silent	0.1043535606877974
1289	MPHOSPH8	D66D	Silent	0.2039713508432368
1290	MPHOSPH8	D66D	Silent	-0.157521557
1291	MPHOSPH8	E70K;G71R	Missense;Missense	0.1540855983989058
1292	MPHOSPH8	T69I	Missense	0.1930253488203747
1293	MPHOSPH8	T69I	Missense	-0.410592958
1294	MPHOSPH8	T69I	Missense	0.2096642791030784
1295	MPHOSPH8	T69T	Silent	-0.249894904
1296	MPHOSPH8	(NC);(NC);(NC);(NC)	Intron;Intron;Intron;Intron	-0.228207532
1297	MPHOSPH8		No Mutation	-0.139757644
1298	MPHOSPH8		No Mutation	0.3819281322802503
1299	MPHOSPH8		No Mutation	0.3714126947845981
1300	MPHOSPH8		No Mutation	0.6408824327521463
1301	MPHOSPH8		No Mutation	-0.340394054
1302	MPHOSPH8	(NC)	Splice-acceptor	0.4376498172170076
1303	MPHOSPH8	L75F	Missense	0.5502626006885681
1304	MPHOSPH8	Y76Y	Silent	-0.121906306
1305	MPHOSPH8	R79R	Silent	-0.28712948
1306	MPHOSPH8	T84I;S85L	Missense;Missense	0.092378786
1307	MPHOSPH8	S85L	Missense	0.065233687
1308	MPHOSPH8	P92S	Missense	0.321916284866625
1309	MPHOSPH8		No Mutation	0.1497507582255102
1310	MPHOSPH8	P92F	Missense	-0.637821747
1311	MPHOSPH8	E97K;D98N	Missense;Missense	-0.296079723
1312	MPHOSPH8	E97E;D98N	Silent;Missense	-0.562007092
1313	MPHOSPH8	E101K;V102M	Missense;Missense	-0.051691818
1314	MPHOSPH8		No Mutation	0.1118169358121553
1315	MPHOSPH8	N113N	Silent	0.03232296
1316	MPHOSPH8	A115V	Missense	0.5547727071768691
1317	MPHOSPH8	K120K;D121N	Silent;Missense	0.2525117550729118
1318	MPHOSPH8	V118V	Silent	0.1083413965166303
1319	MPHOSPH8		No Mutation	-0.225696573
1320	MPHOSPH8		No Mutation	-0.012627902
1321	MPHOSPH8		No Mutation	0.4028407309277464
1322	MPHOSPH8		No Mutation	-0.080235322
1323	MPHOSPH8		No Mutation	-0.165048502
1324	MPHOSPH8		No Mutation	0.351964495
1325	MPHOSPH8	D180D	Silent	-0.111242297
1326	MPHOSPH8	E187E;S188N	Silent;Missense	0.0480960494249852
1327	MPHOSPH8	D185D;L186L	Silent;Silent	-0.234809278
1328	MPHOSPH8		No Mutation	0.5141576639834138
1329	MPHOSPH8	L190L;E191K	Silent;Missense	0.1824286279097247
1330	MPHOSPH8		No Mutation	0.3293685916158674
1331	MPHOSPH8	A206V	Missense	-0.391429959
1332	MPHOSPH8	K211K;E212K	Silent;Missense	-0.1988869
1333	MPHOSPH8		No Mutation	0.2130898413949516
1334	MPHOSPH8		No Mutation	0.2326420236166111
1335	MPHOSPH8		No Mutation	-0.290502252
1336	MPHOSPH8		No Mutation	-0.04494413
1337	MPHOSPH8		No Mutation	0.2875006989430135
1338	MPHOSPH8		No Mutation	-0.117209368
1339	MPHOSPH8		No Mutation	-0.193213899
1340	MPHOSPH8	P275L	Missense	-0.056844788
1341	MPHOSPH8	D278N;S279N	Missense;Missense	-0.238768987
1342	MPHOSPH8	P275L	Missense	-0.734361477
1343	MPHOSPH8	S279N	Missense	0.3144470855787873
1344	MPHOSPH8	E280K;G281K	Missense;Missense	0.1848937200182488
1345	MPHOSPH8	E289E	Silent	-0.373490981
1346	MPHOSPH8	A296V	Missense	0.23703918225336
1347	MPHOSPH8	A296V	Missense	0.2162697799767534
1348	MPHOSPH8		No Mutation	0.4172959579835289
1349	MPHOSPH8		No Mutation	0.3212116972457356
1350	MPHOSPH8	A300V	Missense	-0.237737092
1351	MPHOSPH8	A300V	Missense	-0.229013388
1352	MPHOSPH8	Q302*	Nonsense	-0.072030404
1353	MPHOSPH8	D303D	Silent	-0.050932911
1354	MPHOSPH8	M318I;S319N	Missense;Missense	0.2221735966162742
1355	MPHOSPH8	M318I;S319N	Missense;Missense	-0.194656933
1356	MPHOSPH8	D315D	Silent	-0.27144792
1357	MPHOSPH8	M318I;S319N;A320T	Missense;Missense;Missense	0.1991564754566337
1358	MPHOSPH8	A317V	Missense	0.1462335390913942
1359	MPHOSPH8	E322E;D323N	Silent;Missense	-0.273711106
1360	MPHOSPH8		No Mutation	0.5718861168302801
1361	MPHOSPH8	T324I	Missense	0.0320037812501178
1362	MPHOSPH8	T324I	Missense	-0.04325624
1363	MPHOSPH8	R329K;R330K	Missense;Missense	0.086932265
1364	MPHOSPH8		No Mutation	0.1264360615822493
1365	MPHOSPH8	T334I;P335S	Missense;Missense	0.3832161432263851
1366	MPHOSPH8	E339E;D340N	Silent;Missense	-0.320468178
1367	MPHOSPH8	E339E;D340N	Silent;Missense	-0.80516758
1368	MPHOSPH8	D340N	Missense	0.023696028
1369	MPHOSPH8	D340D	Silent	0.3408906834158775
1370	MPHOSPH8	T358I	Missense	0.4558472148489138
1371	MPHOSPH8	S382F	Missense	-0.256912154
1372	MPHOSPH8	S382F;A383V	Missense;Missense	0.3955426858830194
1373	MPHOSPH8	T385T	Silent	-0.289542755
1374	MPHOSPH8	A383V;Q384*	Missense;Nonsense	-0.637282018
1375	MPHOSPH8	T385M	Missense	-0.337275362
1376	MPHOSPH8	G388D;R389Q	Missense;Missense	0.4813262274707224
1377	MPHOSPH8	R389Q	Missense	-1.28103789
1378	MPHOSPH8		No Mutation	-0.538495184
1379	MPHOSPH8	G388G	Silent	0.5242605349973292
1380	MPHOSPH8	G388G;R389W	Silent;Missense	-0.591653736
1381	MPHOSPH8	L391L;S392N	Silent;Missense	0.6155926512434085
1382	MPHOSPH8		No Mutation	0.1459907977262957
1383	MPHOSPH8		No Mutation	-0.59405252
1384	MPHOSPH8		No Mutation	-0.91480882
1385	MPHOSPH8	S400F	Missense	0.1305324921729437
1386	MPHOSPH8	A404T	Missense	-0.128294606
1387	MPHOSPH8	S400S;T401M	Silent;Missense	0.1634132261895177
1388	MPHOSPH8	D402D;S403L	Silent;Missense	-0.378418757
1389	MPHOSPH8	E405E;E406K	Silent;Missense	1.079864184256544
1390	MPHOSPH8	D402D;S403L	Silent;Missense	-0.178506693
1391	MPHOSPH8	A404A	Silent	-0.081490512
1392	MPHOSPH8		No Mutation	0.2019324575574881
1393	MPHOSPH8		No Mutation	0.002624397
1394	MPHOSPH8	(NC)	Intron	0.1489839180363705
1395	MPHOSPH8		No Mutation	0.2103601553588966
1396	MPHOSPH8		No Mutation	-0.181594944
1397	MPHOSPH8	H423Y	Missense	-0.719664148
1398	MPHOSPH8	S425F	Missense	-0.242111344
1399	MPHOSPH8	G431G	Silent	0.5466466251728985
1400	MPHOSPH8	(NC);(NC)	Splice-donor;Intron	-0.258488123
1401	MPHOSPH8		No Mutation	0.3681583870818856
1402	MPHOSPH8		No Mutation	0.2267609160597924
1403	MPHOSPH8	S462F	Missense	0.3224815110803352
1404	MPHOSPH8		No Mutation	-0.190410611
1405	MPHOSPH8		No Mutation	0.4812352424407276
1406	MPHOSPH8	D479D	Silent	-0.375101776
1407	MPHOSPH8	Q488*	Nonsense	0.2850276873221737
1408	MPHOSPH8	A504V	Missense	0.3463011731317421
1409	MPHOSPH8	A507V	Missense	0.4106777228317217
1410	MPHOSPH8	A508V	Missense	0.237789393
1411	MPHOSPH8	Q520*;A521V	Nonsense;Missense	-0.05782507
1412	MPHOSPH8	D526N	Missense	0.035526976
1413	MPHOSPH8		No Mutation	1.4886093972996597
1414	MPHOSPH8	(NC)	Intron	0.2469148865734481
1415	MPHOSPH8		No Mutation	-0.525961224
1416	MPHOSPH8	Q530Q	Silent	-0.491633248
1417	MPHOSPH8	Q529*;Q530*	Nonsense;Nonsense	-0.024652822
1418	MPHOSPH8	Q529*;Q530*	Nonsense;Nonsense	0.1589470671912808
1419	MPHOSPH8	L532L	Silent	-0.054616623
1420	MPHOSPH8	G535G	Silent	0.5787415388016515
1421	MPHOSPH8	D537D	Silent	0.2100184632520704
1422	MPHOSPH8		No Mutation	0.065295267
1423	MPHOSPH8	W542*;M543I	Nonsense;Missense	-0.294700011
1424	MPHOSPH8	F548F;Q549*	Silent;Nonsense	0.09174412
1425	MPHOSPH8	F548F;Q549*	Silent;Nonsense	-0.713095528
1426	MPHOSPH8	G554K	Missense	-1.178709928
1427	MPHOSPH8	E557K	Missense	0.2798865025016925
1428	MPHOSPH8	P566L	Missense	-0.021623265
1429	MPHOSPH8	(NC)	Intron	0.5235760883760974
1430	MPHOSPH8		No Mutation	0.066719409
1431	MPHOSPH8		No Mutation	0.428371487
1432	MPHOSPH8		No Mutation	0.085336082
1433	MPHOSPH8		No Mutation	0.5844113269870577
1434	MPHOSPH8		No Mutation	-0.532365669
1435	MPHOSPH8		No Mutation	-0.284928358
1436	MPHOSPH8	(NC)	Intron	0.066783131
1437	MPHOSPH8		No Mutation	0.2226521206177594
1438	MPHOSPH8	(NC);(NC);(NC)	Intron;Intron;Intron	0.1643835386621668
1439	MPHOSPH8	S600N;G601K	Missense;Missense	-0.19827112
1440	MPHOSPH8	S599F	Missense	0.10576332391828
1441	MPHOSPH8	L604L;V605I	Silent;Missense	0.1076451550229726
1442	MPHOSPH8		No Mutation	0.1878145312869087
1443	MPHOSPH8	L607F	Missense	-0.04005389
1444	MPHOSPH8	L607F	Missense	-0.065022566
1445	MPHOSPH8	A608V	Missense	0.4954882570127236
1446	MPHOSPH8	Q613Q;D614N	Silent;Missense	-0.049245338
1447	MPHOSPH8	D615N	Missense	0.3358533633052096
1448	MPHOSPH8		No Mutation	-0.104289742
1449	MPHOSPH8		No Mutation	0.1200136591311042
1450	MPHOSPH8	R618*;L619F	Nonsense;Missense	0.4702009489758478
1451	MPHOSPH8		No Mutation	-0.242911176
1452	MPHOSPH8	G624G;A625V	Silent;Missense	-0.12346472
1453	MPHOSPH8	N628N	Silent	0.8586206657378561
1454	MPHOSPH8	N628N	Silent	0.2800654536644416
1455	MPHOSPH8	A641T	Missense	0.1785194952060692
1456	MPHOSPH8	A642T	Missense	-0.057212974
1457	MPHOSPH8	L638L;H640Y	Silent;Missense	-0.457897732
1458	MPHOSPH8	E643K	Missense	-0.819008508
1459	MPHOSPH8	E643K	Missense	-0.869489556
1460	MPHOSPH8	A641V;A642V	Missense;Missense	0.7017754246443108
1461	MPHOSPH8	(NC)	Splice-acceptor	0.2543160743367286
1462	MPHOSPH8	T649I	Missense	-0.155124181
1463	MPHOSPH8		No Mutation	0.0439299215124202
1464	MPHOSPH8	E668K	Missense	-0.270318313
1465	MPHOSPH8		No Mutation	-0.280378308
1466	MPHOSPH8		No Mutation	-0.165079691
1467	MPHOSPH8	(NC);A674T	Splice-acceptor;Missense	-0.420532875
1468	MPHOSPH8	(NC)	Intron	0.3347549522205278
1469	MPHOSPH8	R684*;L685F	Nonsense;Missense	-0.57953302
1470	MPHOSPH8	L704L	Silent	0.4441951041521987
1471	MPHOSPH8	K708K;Q709Q	Silent;Silent	0.5920638910740432
1472	MPHOSPH8	K708K;Q709Q	Silent;Silent	-0.335754504
1473	MPHOSPH8	A730V	Missense	-0.206205176
1474	MPHOSPH8	V748I	Missense	-0.666263108
1475	MPHOSPH8	A752T;C753Y	Missense;Missense	0.2832567820228594
1476	MPHOSPH8	R755Q	Missense	0.7797848210278284
1477	MPHOSPH8	H754Y	Missense	-1.02600479
1478	MPHOSPH8	H754Y	Missense	0.1548943685607091
1479	MPHOSPH8	D765N	Missense	-0.693938025
1480	MPHOSPH8	P771L;Q772*	Missense;Nonsense	-0.603533783
1481	MPHOSPH8	E776K	Missense	-0.664668472
1482	MPHOSPH8	E776K	Missense	0.0472824554039124
1483	MPHOSPH8	E776K;G777S	Missense;Missense	-0.061554036
1484	MPHOSPH8	E776K;G777S;(NC)	Missense;Missense;Splice-donor	-1.503264904
1485	MPHOSPH8	(NC)	Intron	-0.290029924
1486	MPHOSPH8	G779N	Missense	-0.153595467
1487	MPHOSPH8	G779N	Missense	-0.649793023
1488	MPHOSPH8	A787T	Missense	0.2162337882159705
1489	MPHOSPH8	L790L;G791N	Silent;Missense	0.085073998
1490	MPHOSPH8		No Mutation	0.4374663361558807
1491	MPHOSPH8		No Mutation	-0.160650775
1492	MPHOSPH8	A806T;V807I	Missense;Missense	-0.037297626
1493	MPHOSPH8	(NC)	Intron	0.3378220530100633
1494	MPHOSPH8		No Mutation	-0.015530366
1495	MPHOSPH8	S826L	Missense	-0.717965025
1496	MPHOSPH8		No Mutation	-0.023493119
1497	MPHOSPH8		No Mutation	-0.054333656
1498	MPHOSPH8	P833L	Missense	-0.236075431
1499	MPHOSPH8	R839K	Missense	-0.062871809
1500	MPHOSPH8	R839K	Missense	0.8133727401452826
1501	MPHOSPH8		No Mutation	-0.208741107
1502	MPHOSPH8	(NC)	Intron	-0.078021929
1503	MPHOSPH8	(NC)	Intron	-0.545364153
1504	MPHOSPH8		No Mutation	0.1361586908253445
1505	MPHOSPH8		No Mutation	0.6457820009889202
1506	MPHOSPH8	(NC)	Intron	-0.072589022
1507	MPHOSPH8	Q860*	Nonsense	-1.423850593
1508	MPHOSPH8	Q860*	Nonsense	-0.215597987
1509	MPHOSPH8	(NC);(NC)	UTR;UTR	-0.073556916
1510	MPHOSPH8	(NC);(NC)	UTR;UTR	0.1147600404774498
1511	MPHOSPH8	(NC)	UTR	0.142298738
1512	MPHOSPH8	(NC);(NC);(NC)	UTR;UTR;UTR	0.064661204
1513	TASOR		No Mutation	-0.154152759
1514	TASOR	E1608K	Missense	0.077480389
1515	TASOR		No Mutation	-0.075063056
1516	TASOR	W1596*;G1597K	Nonsense;Missense	0.021479767058386
1517	TASOR	P1591L;P1592F	Missense;Missense	-0.068908492
1518	TASOR	P1591L;P1592S	Missense;Missense	-0.302334134
1519	TASOR	S1590F;P1591L	Missense;Missense	-0.498442702
1520	TASOR	A1580V	Missense	-0.013050828
1521	TASOR	Q1569Q	Silent	-0.338010847
1522	TASOR	Q1569Q	Silent	0.2182444704646835
1523	TASOR	S1568N	Missense	0.2674710294408829
1524	TASOR		No Mutation	-0.064763381
1525	TASOR		No Mutation	-0.117988867
1526	TASOR	S1530L	Missense	0.3507385881386418
1527	TASOR		No Mutation	-0.125516889
1528	TASOR	E1509E;R1510K	Silent;Missense	0.1720452984461719
1529	TASOR	G1477E	Missense	-0.255600015
1530	TASOR	T1472I	Missense	0.3219799337282372
1531	TASOR		No Mutation	-0.291363134
1532	TASOR		No Mutation	-0.11520188
1533	TASOR		No Mutation	-0.903968328
1534	TASOR		No Mutation	0.4827854238815634
1535	TASOR		No Mutation	0.1123853649659222
1536	TASOR	N1438N	Silent	0.3228831160156621
1537	TASOR	L1429F	Missense	-0.064685029
1538	TASOR	E1427K	Missense	0.2292904773427524
1539	TASOR	A1425T	Missense	0.092489763
1540	TASOR		No Mutation	0.5078820369405272
1541	TASOR	N1404N	Silent	0.626493005
1542	TASOR	N1404N	Silent	-0.993601313
1543	TASOR	T1389I	Missense	0.2596575970065629
1544	TASOR	G1392K	Missense	-0.520898242
1545	TASOR	S1386F	Missense	-0.006484615
1546	TASOR	Q1365Q;A1366T	Silent;Missense	-0.291333381
1547	TASOR	C1360C;L1361F	Silent;Missense	0.084553638
1548	TASOR		No Mutation	-0.307683977
1549	TASOR	R1353*	Nonsense	-0.959997764
1550	TASOR		No Mutation	-0.75949232
1551	TASOR	V1333V;Q1335*	Silent;Nonsense	-0.163865597
1552	TASOR	L1314L	Silent	0.2442660888976615
1553	TASOR		No Mutation	0.4677730974977524
1554	TASOR	Q1311*	Nonsense	-0.224168709
1555	TASOR	Q1311Q;K1312K	Silent;Silent	0.1070260525728356
1556	TASOR	P1298L	Missense	0.3513041336001324
1557	TASOR	T1297I	Missense	0.1385776185779237
1558	TASOR	L1295F	Missense	0.14319221990321
1559	TASOR		No Mutation	0.1097559115193344
1560	TASOR	V1282I;E1283K;(NC)	Missense;Missense;Splice-donor	-0.370765792
1561	TASOR	V1282I;E1283K	Missense;Missense	-0.360436745
1562	TASOR	P1277L	Missense	0.4462464243340269
1563	TASOR	S1273L	Missense	-0.143960347
1564	TASOR		No Mutation	0.2048463931731907
1565	TASOR		No Mutation	-0.222877894
1566	TASOR	G1246N	Missense	0.3459927061630455
1567	TASOR	A1245T;G1246N	Missense;Missense	-0.072317884
1568	TASOR	A1245T;G1246S	Missense;Missense	-0.089631419
1569	TASOR		No Mutation	0.2494293038382782
1570	TASOR	(NC)	Intron	0.3915713790396089
1571	TASOR		No Mutation	-0.110396032
1572	TASOR	A1224V	Missense	0.5878267549144736
1573	TASOR	Q1219*	Nonsense	0.5342173040305231
1574	TASOR	E1206K;R1207K	Missense;Missense	0.2892253978040876
1575	TASOR		No Mutation	0.1687774184239034
1576	TASOR		No Mutation	0.4083546616375595
1577	TASOR	L1183F	Missense	0.1343192526449121
1578	TASOR	S1158N	Missense	0.303635303
1579	TASOR		No Mutation	-0.544748785
1580	TASOR	V1155I	Missense	0.271581447
1581	TASOR		No Mutation	0.5857091149471709
1582	TASOR		No Mutation	0.1594974470556776
1583	TASOR		No Mutation	0.4526975148733755
1584	TASOR		No Mutation	1.4121965090463118
1585	TASOR		No Mutation	-0.61623162
1586	TASOR	E1128K	Missense	-0.158460817
1587	TASOR	E1128K	Missense	-0.506771182
1588	TASOR	R1123Q;E1124K	Missense;Missense	-0.062513592
1589	TASOR	P1118F	Missense	0.1902458998951576
1590	TASOR	P1118F	Missense	-0.631749097
1591	TASOR		No Mutation	0.2957194726855914
1592	TASOR	S1113F	Missense	0.315758469192692
1593	TASOR	V1111V	Silent	-0.326375874
1594	TASOR	E1108K	Missense	-1.297090307
1595	TASOR	H1105Y	Missense	-0.19238942
1596	TASOR	E1108K	Missense	-0.935392554
1597	TASOR	E1097K	Missense	0.2944979613858559
1598	TASOR	Q1089*	Nonsense	0.474463355421288
1599	TASOR	Q1089Q	Silent	-0.129998422
1600	TASOR		No Mutation	-0.505164083
1601	TASOR		No Mutation	0.1294429781089823
1602	TASOR	S1078N;D1079N	Missense;Missense	-0.180908982
1603	TASOR		No Mutation	-0.998075757
1604	TASOR	D1066N	Missense	0.0605826021521845
1605	TASOR	V1059I	Missense	0.4884248390597017
1606	TASOR	A1051V;S1052L	Missense;Missense	-0.09329814
1607	TASOR		No Mutation	0.028748221
1608	TASOR	A1048T	Missense	-0.020583696
1609	TASOR	D1045N	Missense	-0.406861896
1610	TASOR	V1041V	Silent	-0.001263252
1611	TASOR	D1045N	Missense	-0.160859821
1612	TASOR	L1038L	Silent	-0.116320883
1613	TASOR	A1031V	Missense	-0.349448779
1614	TASOR	A1031V	Missense	0.1072648978758817
1615	TASOR		No Mutation	0.093326206
1616	TASOR		No Mutation	0.3442836979755265
1617	TASOR	Q1014*	Nonsense	0.1301485225961915
1618	TASOR	Q1014Q;E1015K	Silent;Missense	-0.076154634
1619	TASOR	S1009F	Missense	0.3039176611543719
1620	TASOR	S1006F	Missense	-0.269764218
1621	TASOR	K1007K	Silent	0.2269164441053158
1622	TASOR	T993I;Q994*	Missense;Nonsense	-0.025737033
1623	TASOR	E995K	Missense	-0.681636978
1624	TASOR		No Mutation	-0.342249077
1625	TASOR	V960V	Silent	-0.473326918
1626	TASOR	T956I	Missense	-0.303620311
1627	TASOR	S953S	Silent	-0.494590284
1628	TASOR		No Mutation	0.4347862725357519
1629	TASOR	E954K	Missense	0.6702411688871431
1630	TASOR	E948K	Missense	0.1262480259998352
1631	TASOR		No Mutation	0.0416961477438418
1632	TASOR		No Mutation	-0.063769538
1633	TASOR	D931D	Silent	0.1881615463629378
1634	TASOR	D931D	Silent	0.1867700621219427
1635	TASOR	V932V;L933L	Silent;Silent	0.08298099
1636	TASOR		No Mutation	0.2070580001256996
1637	TASOR	L924L	Silent	-0.602629848
1638	TASOR		No Mutation	-0.229968411
1639	TASOR	(NC)	Intron	0.2259720954497289
1640	TASOR		No Mutation	0.0124447299886183
1641	TASOR		No Mutation	0.1089961788980754
1642	TASOR	(NC)	Splice-acceptor	-0.113862151
1643	TASOR		No Mutation	0.3872140482735895
1644	TASOR		No Mutation	0.8391598970480697
1645	TASOR	L917L	Silent	-0.033235566
1646	TASOR		No Mutation	0.3125438449797094
1647	TASOR	R899H	Missense	-0.589299846
1648	TASOR	R899H	Missense	-0.708758818
1649	TASOR		No Mutation	-0.418173976
1650	TASOR	E895K	Missense	-0.134573726
1651	TASOR		No Mutation	0.3529561920263208
1652	TASOR	V880I	Missense	0.5139779805191105
1653	TASOR		No Mutation	0.3960238146535684
1654	TASOR	L871L;E873K	Silent;Missense	-0.608722345
1655	TASOR	D866N	Missense	-0.220645946
1656	TASOR	S859F	Missense	-0.494503802
1657	TASOR		No Mutation	-0.198294125
1658	TASOR		No Mutation	0.135322586
1659	TASOR		No Mutation	-0.610212875
1660	TASOR	E826K	Missense	-0.048414515
1661	TASOR	E826K	Missense	-0.478031063
1662	TASOR		No Mutation	-0.363377986
1663	TASOR	A804V	Missense	-0.564359672
1664	TASOR	D802N	Missense	-0.102030441
1665	TASOR	T792I	Missense	0.4455098053528489
1666	TASOR	L789L	Silent	0.2054142438516508
1667	TASOR	W774*	Nonsense	-1.102311663
1668	TASOR	I768I;H769Y	Silent;Missense	0.180151077468891
1669	TASOR		No Mutation	-0.26960844
1670	TASOR	G764G	Silent	-0.347674735
1671	TASOR	A766T	Missense	-0.250457141
1672	TASOR	Q758*	Nonsense	0.3827226168262426
1673	TASOR	D752D	Silent	0.4108305795466425
1674	TASOR		No Mutation	0.2116177142614628
1675	TASOR	H749Y	Missense	-0.18369264
1676	TASOR	G748K	Missense	-0.756869363
1677	TASOR		No Mutation	-0.862781198
1678	TASOR	Q742*;P743F	Nonsense;Missense	0.299298666
1679	TASOR	S740F	Missense	0.8643622942806697
1680	TASOR		No Mutation	-0.294539111
1681	TASOR		No Mutation	-0.506849805
1682	TASOR		No Mutation	-0.151150245
1683	TASOR		No Mutation	-0.458359728
1684	TASOR	V709V	Silent	0.4654092938474462
1685	TASOR	S706S	Silent	-0.008611015
1686	TASOR		No Mutation	0.056020867
1687	TASOR		No Mutation	0.2588669167411161
1688	TASOR		No Mutation	0.1093559308151528
1689	TASOR		No Mutation	-1.060368572
1690	TASOR		No Mutation	-0.527644577
1691	TASOR		No Mutation	0.3426168352117154
1692	TASOR	S673F	Missense	-0.494574358
1693	TASOR		No Mutation	-0.426430077
1694	TASOR	K667K	Silent	0.083578854
1695	TASOR		No Mutation	0.1666762139651023
1696	TASOR	R655*	Nonsense	-0.751006472
1697	TASOR	T648I	Missense	-0.152996669
1698	TASOR	Q641*	Nonsense	-1.762494284
1699	TASOR	E639K;G640N	Missense;Missense	0.3590342253027128
1700	TASOR	P634L;L635F	Missense;Missense	0.7895218246936733
1701	TASOR		No Mutation	-0.200113949
1702	TASOR	E610K	Missense	0.3211008249193274
1703	TASOR	L602L	Silent	0.3122513844230339
1704	TASOR	C601Y;L602L	Missense;Silent	0.1161035885771764
1705	TASOR		No Mutation	0.3395624487366384
1706	TASOR		No Mutation	0.053175068
1707	TASOR	D583N	Missense	-0.648444681
1708	TASOR	V553I	Missense	0.3045274088166541
1709	TASOR		No Mutation	0.191489804
1710	TASOR	E519K;S520N	Missense;Missense	0.0289005377069113
1711	TASOR	Q515Q;E516K	Silent;Missense	-0.275881948
1712	TASOR	A512V	Missense	-0.25511795
1713	TASOR	T510I	Missense	-0.062883909
1714	TASOR	(NC)	Splice-donor	-0.964889952
1715	TASOR		No Mutation	-0.356660305
1716	TASOR		No Mutation	-0.21537965
1717	TASOR		No Mutation	-0.438645958
1718	TASOR	(NC);(NC)	Intron;Intron	0.1905943925264032
1719	TASOR	P478F	Missense	-0.243248749
1720	TASOR		No Mutation	0.4820696558125334
1721	TASOR	Q475*	Nonsense	0.054593285
1722	TASOR		No Mutation	-0.479044423
1723	TASOR		No Mutation	-0.379178592
1724	TASOR		No Mutation	-0.669287764
1725	TASOR	L471F	Missense	0.1442508665067501
1726	TASOR		No Mutation	-0.220799576
1727	TASOR		No Mutation	-0.087014683
1728	TASOR	G466K	Missense	-1.266890603
1729	TASOR	P461F	Missense	0.048581386
1730	TASOR	L458F	Missense	-0.390613056
1731	TASOR	L458F	Missense	0.6171843560762698
1732	TASOR	(NC);(NC);(NC)	Intron;Intron;Intron	-0.496485393
1733	TASOR		No Mutation	-0.134964072
1734	TASOR		No Mutation	-0.30399797
1735	TASOR	C429C;S430S;L431F	Silent;Silent;Missense	-0.195482677
1736	TASOR	(NC)	Intron	1.4218570574172165
1737	TASOR	P419S	Missense	-0.576189711
1738	TASOR	Y416Y	Silent	0.0453029276941804
1739	TASOR	K413K;E414K	Silent;Missense	0.3458274090004236
1740	TASOR		No Mutation	-0.617949704
1741	TASOR		No Mutation	-0.038492448
1742	TASOR	V393I;E394K	Missense;Missense	0.1919840334346842
1743	TASOR	(NC)	Intron	-0.395419501
1744	TASOR	L383L	Silent	0.27506587
1745	TASOR	Q362Q	Silent	0.5010151488591357
1746	TASOR	N355N	Silent	-0.025850104
1747	TASOR		No Mutation	-0.224965991
1748	TASOR	T347I	Missense	-0.338879184
1749	TASOR	(NC)	Intron	-0.900506401
1750	TASOR	S339L;S340L	Missense;Missense	-0.800693167
1751	TASOR		No Mutation	-0.349424573
1752	TASOR		No Mutation	0.3883046952862657
1753	TASOR		No Mutation	-0.050387131
1754	TASOR		No Mutation	-0.365598658
1755	TASOR	G306G	Silent	-0.741733448
1756	TASOR	T298I	Missense	-0.742700421
1757	TASOR	Q299Q;(NC)	Silent;Splice-donor	-2.336878971
1758	TASOR		No Mutation	-0.286557728
1759	TASOR	A294V	Missense	-0.498890902
1760	TASOR		No Mutation	-0.810760995
1761	TASOR	R285*	Nonsense	-0.372570849
1762	TASOR	V279M	Missense	-0.698353972
1763	TASOR	C277Y	Missense	-1.209435642
1764	TASOR	E276K;C277Y	Missense;Missense	1.4164481603017052
1765	TASOR	E276K	Missense	0.028669969
1766	TASOR		No Mutation	0.31464082
1767	TASOR	P254P	Silent	-0.066470589
1768	TASOR		No Mutation	0.0154418419889313
1769	TASOR		No Mutation	0.0315094107350906
1770	TASOR	A234T	Missense	-0.227593641
1771	TASOR		No Mutation	0.2405162971564501
1772	TASOR		No Mutation	-0.775903325
1773	TASOR	P229S	Missense	0.4838172224965769
1774	TASOR	A227V	Missense	0.2491332434035386
1775	TASOR	A227V	Missense	-0.035430984
1776	TASOR	A227V	Missense	0.227543346
1777	TASOR	Q226*	Nonsense	0.2132611068435853
1778	TASOR		No Mutation	-0.101914517
1779	TASOR	V216I	Missense	0.0221494264735369
1780	TASOR		No Mutation	0.5343189263039194
1781	TASOR		No Mutation	0.2353815358274265
1782	TASOR		No Mutation	0.3257819010719496
1783	TASOR	L209F	Missense	2.980080777160301
1784	TASOR	L209F	Missense	-0.00192467
1785	TASOR	G210N	Missense	-0.861452234
1786	TASOR	S204F	Missense	-0.311660085
1787	TASOR		No Mutation	-0.393843245
1788	TASOR		No Mutation	0.3967473911693723
1789	TASOR	Q192*;T193I	Nonsense;Missense	0.2487604609561926
1790	TASOR		No Mutation	0.1031390106186053
1791	TASOR		No Mutation	-0.137493539
1792	TASOR	M185I;V186I	Missense;Missense	2.5765567095007187
1793	TASOR	S180F	Missense	-0.086917939
1794	TASOR		No Mutation	0.1533753746344921
1795	TASOR		No Mutation	-0.220119851
1796	TASOR	H152Y	Missense	-0.522623616
1797	TASOR	N144N;Y145Y	Silent;Silent	0.047656819
1798	TASOR		No Mutation	-0.051384262
1799	TASOR		No Mutation	0.5488218590014992
1800	TASOR	V140I	Missense	-0.186957823
1801	TASOR	E136K	Missense	0.1621037459967301
1802	TASOR	E124K	Missense	0.5033871481128379
1803	TASOR	G119N	Missense	0.3649346536875754
1804	TASOR	S106S	Silent	-0.254503267
1805	TASOR		No Mutation	-0.206494444
1806	TASOR		No Mutation	0.4218136942732923
1807	TASOR	R97K;R98K	Missense;Missense	-1.063923669
1808	TASOR	R97K;R98K	Missense;Missense	-1.025018125
1809	TASOR	P92L	Missense	1.0943456573633057
1810	TASOR	P92F	Missense	-0.075925544
1811	TASOR	R94K	Missense	1.267738371644242
1812	TASOR	R94K	Missense	0.2696625732131943
1813	TASOR	R94K	Missense	-0.418111468
1814	TASOR	G88G;P89F	Silent;Missense	-0.22486795
1815	TASOR	E91E	Silent	-0.390447751
1816	TASOR	E91K	Missense	-0.254211826
1817	TASOR	E90K;E91K	Missense;Missense	0.3959802689581295
1818	TASOR	E90K	Missense	-0.916884439
1819	TASOR	G88D	Missense	-0.252245512
1820	TASOR	A82V;A83V	Missense;Missense	0.2006454866323237
1821	TASOR	A82A;A83T	Silent;Missense	0.1182511752861696
1822	TASOR	D76D;S77F	Silent;Missense	-0.821871748
1823	TASOR	E79K;A80T	Missense;Missense	-1.586429436
1824	TASOR	Q75*	Nonsense	0.2843003423348222
1825	TASOR	Q75*	Nonsense	-0.785095935
1826	TASOR	P74F;Q75*	Missense;Nonsense	-2.636625067
1827	TASOR	Q75Q;D76N	Silent;Missense	0.3616402363575608
1828	TASOR	Q73Q	Silent	-0.221105178
1829	TASOR	L69L;S70S;H71Y	Silent;Silent;Missense	0.4308718592119479
1830	TASOR	E72K	Missense	-0.295866024
1831	TASOR	E72K	Missense	-0.045249929
1832	TASOR	S70N	Missense	-0.33823535
1833	TASOR	S68N	Missense	0.3268186961288327
1834	TASOR		No Mutation	-0.25060438
1835	TASOR	R57C	Missense	0.4641971368557637
1836	TASOR	R57C	Missense	0.1290538362173237
1837	TASOR	R57C	Missense	0.4121276296713997
1838	TASOR	R57C	Missense	0.3644849894691245
1839	TASOR	G56E;R57H	Missense;Missense	0.2092373179644752
1840	TASOR	G56K;R57H	Missense;Missense	-0.079859708
1841	TASOR	S52S;G53G	Silent;Silent	0.1287906897002743
1842	TASOR	P51F	Missense	-0.376599427
1843	TASOR	P51F	Missense	0.275835424333256
1844	TASOR	I48I;A49V	Silent;Missense	0.3183563493128852
1845	TASOR	E50E	Silent	0.6471465060123356
1846	TASOR	N47N	Silent	-0.020642102
1847	TASOR	Q39*	Nonsense	0.0271975632111859
1848	TASOR	Q38*;Q39*	Nonsense;Nonsense	-0.560476322
1849	TASOR	S37F;Q38*	Missense;Nonsense	-0.621227558
1850	TASOR	S36F;S37F	Missense;Missense	-1.588177839
1851	TASOR	S36F	Missense	-0.317062984
1852	TASOR		No Mutation	0.1157185801950665
1853	TASOR		No Mutation	-0.922053213
1854	TASOR		No Mutation	-0.217539984
1855	TASOR		No Mutation	-0.62919047
1856	TASOR	A15V	Missense	-0.582513721
1857	TASOR	A15V	Missense	0.8178843171078576
1858	TASOR	W17*;E18K	Nonsense;Missense	-1.119543621
1859	TASOR	P12L	Missense	1.1812296947261205
1860	TASOR	P12L	Missense	-0.436062993
1861	TASOR	A15T	Missense	-0.107927558
1862	TASOR		No Mutation	-1.147717069
1863	TASOR	A2V	Missense	-0.049657877
1864	TASOR	A4T	Missense	-0.088756793
1865	TASOR	(NC);(NC)	UTR;UTR	-1.18805966
1866	TASOR	M1I;A2T	Missense;Missense	0.1462353700868712
1867	TASOR	(NC);(NC)	UTR;UTR	0.1797852528815269
1868	TASOR	(NC);(NC)	UTR;UTR	0.2986076029672595
1869	TASOR	(NC);(NC);(NC)	UTR;UTR;UTR	0.4374025226766957
1870	PPHLN1		No Mutation	1.413714433813079
1871	PPHLN1	S24N	Missense	0.088596063
1872	PPHLN1	S24N;(NC)	Missense;Splice-donor	-1.480884782
1873	PPHLN1		No Mutation	0.4822164286578753
1874	PPHLN1		No Mutation	-0.28950684
1875	PPHLN1	L40L	Silent	-0.24325383
1876	PPHLN1	P39L;L40L	Missense;Silent	-0.667964322
1877	PPHLN1	R43K	Missense	0.039769863
1878	PPHLN1	L41L	Silent	-0.006613729
1879	PPHLN1	G45N	Missense	0.154010410861652
1880	PPHLN1		No Mutation	0.6303733190671087
1881	PPHLN1	Y58Y;R59*	Silent;Nonsense	0.8084242459240543
1882	PPHLN1	Y58Y;R59*	Silent;Nonsense	-0.125935461
1883	PPHLN1	E63E;G64N	Silent;Missense	0.2576996383498757
1884	PPHLN1	D70N	Missense	0.4117161582342892
1885	PPHLN1		No Mutation	-0.64033608
1886	PPHLN1	(NC);(NC)	Splice-donor;Intron	-0.831640711
1887	PPHLN1	(NC)	Intron	-0.56076557
1888	PPHLN1		No Mutation	1.4031578401290985
1889	PPHLN1		No Mutation	0.4954264771786824
1890	PPHLN1	S94S	Silent	-0.068329502
1891	PPHLN1	P97F	Missense	0.654628556
1892	PPHLN1	(NC)	Intron	-0.290695217
1893	PPHLN1	S114F;H115Y	Missense;Missense	-0.08360484
1894	PPHLN1	E119E;R120Q	Silent;Missense	-0.265273509
1895	PPHLN1	E119E;R120Q	Silent;Missense	-0.004874947
1896	PPHLN1	R120W	Missense	0.2362464948489571
1897	PPHLN1	R120W	Missense	0.073457388
1898	PPHLN1	S133L;P134S	Missense;Missense	1.2341256806629202
1899	PPHLN1	D139N	Missense	0.3498478278213022
1900	PPHLN1		No Mutation	0.0121821011883531
1901	PPHLN1	S140F;P141L	Missense;Missense	0.3717895689296406
1902	PPHLN1	G146N	Missense	-0.274353223
1903	PPHLN1	R152K;S153N	Missense;Missense	0.3892716805307653
1904	PPHLN1	S153S	Silent	-0.069684458
1905	PPHLN1		No Mutation	-0.001756262
1906	PPHLN1	R170K	Missense	-0.035624971
1907	PPHLN1		No Mutation	-0.104127424
1908	PPHLN1	(NC)	Splice-acceptor	-0.607429964
1909	PPHLN1	(NC)	Splice-acceptor	-0.219441059
1910	PPHLN1	K171K	Silent	0.1768062704237267
1911	PPHLN1	K171K;V173M	Silent;Missense	0.002552592
1912	PPHLN1	V173I	Missense	0.1781433773033947
1913	PPHLN1		No Mutation	0.3424115622162176
1914	PPHLN1	R174H	Missense	0.213796756
1915	PPHLN1		No Mutation	-0.849951402
1916	PPHLN1	P175L	Missense	-0.371473548
1917	PPHLN1	R181Q	Missense	0.2956210451944498
1918	PPHLN1	Y179Y	Silent	0.074159355
1919	PPHLN1	Q182Q	Silent	-0.434626339
1920	PPHLN1	E184K	Missense	0.25766353
1921	PPHLN1		No Mutation	-0.342013113
1922	PPHLN1	(NC)	Intron	0.2147028762767007
1923	PPHLN1	(NC)	Intron	0.3280523666019546
1924	PPHLN1	T204I	Missense	-0.215244497
1925	PPHLN1	A211T;V212I	Missense;Missense	-0.835936554
1926	PPHLN1	V212I	Missense	-0.292737275
1927	PPHLN1	A211V	Missense	0.1631279477189982
1928	PPHLN1		No Mutation	-0.130112403
1929	PPHLN1	P221P	Silent	-0.090157402
1930	PPHLN1		No Mutation	-0.026731914
1931	PPHLN1	A230V	Missense	0.007023872
1932	PPHLN1		No Mutation	0.4989773177117516
1933	PPHLN1		No Mutation	-0.737344284
1934	PPHLN1	E256K	Missense	0.071347111
1935	PPHLN1	S253F	Missense	-0.447190242
1936	PPHLN1		No Mutation	-0.218193073
1937	PPHLN1		No Mutation	0.000947897
1938	PPHLN1		No Mutation	-0.694816416
1939	PPHLN1	Q267Q	Silent	-0.673527983
1940	PPHLN1	E272K	Missense	-0.013197531
1941	PPHLN1		No Mutation	0.4188848271972882
1942	PPHLN1	S273L	Missense	0.6137776396431589
1943	PPHLN1	S273L	Missense	-0.510467439
1944	PPHLN1		No Mutation	0.5455170362748585
1945	PPHLN1		No Mutation	-0.081090524
1946	PPHLN1	T298I	Missense	0.3780934157045682
1947	PPHLN1		No Mutation	0.1371870591046324
1948	PPHLN1	R306Q	Missense	0.3092634395292116
1949	PPHLN1	Q307*	Nonsense	0.010427052
1950	PPHLN1	D308D	Silent	0.2244710007676202
1951	PPHLN1		No Mutation	-0.008487897
1952	PPHLN1	D308D	Silent	-0.018851073
1953	PPHLN1		No Mutation	-0.021164499
1954	PPHLN1	S329F	Missense	-0.234616417
1955	PPHLN1	Q336*	Nonsense	-0.123343558
1956	PPHLN1	H339Y	Missense	-0.253450356
1957	PPHLN1	(NC);(NC)	Intron;Intron	-0.317345464
1958	PPHLN1	(NC);(NC)	Intron;Intron	0.4952583015800783
1959	PPHLN1	(NC);E342E	Splice-acceptor;Silent	0.1714962201945787
1960	PPHLN1	S343F	Missense	-0.11574666
1961	PPHLN1	Q346Q	Silent	0.066369378
1962	PPHLN1	Q346*	Nonsense	0.027919958
1963	PPHLN1	Q350*	Nonsense	-0.415190437
1964	PPHLN1		No Mutation	0.072777596
1965	PPHLN1	E358K	Missense	0.1410086065014582
1966	PPHLN1	E358K	Missense	0.1230007508058416
1967	PPHLN1	E358K	Missense	0.1858197486908874
1968	PPHLN1	E358K	Missense	-0.224598261
1969	PPHLN1	T357I	Missense	-0.016590269
1970	PPHLN1	T364I	Missense	0.197102733866462
1971	PPHLN1	A373V;Q374*	Missense;Nonsense	0.1226282120099129
1972	PPHLN1	(NC)	Intron	-0.158813451
1973	PPHLN1	(NC)	Intron	-0.634404299
1974	PPHLN1		No Mutation	-0.072136017
1975	PPHLN1	Q378Q	Silent	-0.425641813
1976	PPHLN1	A376V;P377S	Missense;Missense	-0.022009258
1977	PPHLN1	Q378Q	Silent	0.1460214141157657
1978	PPHLN1	Q381Q;A382T	Silent;Missense	-0.177317228
1979	PPHLN1	Q381Q;A382T	Silent;Missense	0.2656919009575815
1980	PPHLN1	A382T	Missense	-0.685205749
1981	PPHLN1	Q384Q	Silent	-0.10059836
1982	PPHLN1	Q384Q	Silent	0.3445117048046413
1983	PPHLN1	Q384Q	Silent	-0.056657729
1984	PPHLN1		No Mutation	0.213363819
1985	PPHLN1	P383L;Q384*	Missense;Nonsense	-0.541584935
1986	PPHLN1	Q387Q	Silent	0.073795182
1987	PPHLN1	Q387Q	Silent	-0.444849127
1988	PPHLN1	R389Q	Missense	-0.274150186
1989	PPHLN1	Q387*	Nonsense	0.4107474430187742
1990	PPHLN1	Q387*;P388S	Nonsense;Missense	0.1601076223403599
1991	PPHLN1	K390K	Silent	-0.117404201
1992	PPHLN1	K390K	Silent	0.1672948535928764
1993	PPHLN1	K390K	Silent	0.5482861858914299
1994	PPHLN1		No Mutation	1.580624728
1995	PPHLN1	V393I;R394H	Missense;Missense	0.4906181867853296
1996	PPHLN1	R394H	Missense	-0.062470393
1997	PPHLN1	R394H	Missense	0.3536620962964641
1998	PPHLN1	T396M	Missense	0.2237084392791296
1999	PPHLN1	Q398*;L399F	Nonsense;Missense	0.7286882185410374
2000	PPHLN1	A405V	Missense	-0.099584049
2001	PPHLN1	A405V;P406S	Missense;Missense	2.238616525470425
2002	PPHLN1	A405V;P406L	Missense;Missense	-0.048144438
2003	PPHLN1	A405V;P406L	Missense;Missense	0.2021802465484962
2004	PPHLN1	W410*;G411K	Nonsense;Missense	0.3990187320358558
2005	PPHLN1	W410*;G411K	Nonsense;Missense	0.098807152
2006	PPHLN1	G411K	Missense	-0.373148691
2007	PPHLN1	K414K;K415K	Silent;Silent	0.4358340149796154
2008	PPHLN1	L413L	Silent	0.1777330576324356
2009	PPHLN1		No Mutation	-0.030506545
2010	PPHLN1	T416I;T417I	Missense;Missense	0.1374809730040399
2011	PPHLN1	Q428Q	Silent	0.000456356
2012	PPHLN1		No Mutation	0.2828167275003738
2013	PPHLN1	V443I;V444I	Missense;Missense	0.076243105
2014	PPHLN1	H445Y	Missense	-0.518329164
2015	PPHLN1	C446C;N447N	Silent;Silent	0.2606369734673781
2016	PPHLN1		No Mutation	0.5051879778258638
2017	MORC2	(NC);(NC);(NC)	UTR;UTR;UTR	0.068158918
2018	MORC2	T1029T	Silent	-0.122150763
2019	MORC2	G1031G;D1032N	Silent;Missense	0.063745751
2020	MORC2	I1028I;T1029I	Silent;Missense	-0.35953858
2021	MORC2	D1026D;L1027F	Silent;Missense	-1.0919363
2022	MORC2	D1026D	Silent	0.3040561186956276
2023	MORC2		No Mutation	0.7129799175092396
2024	MORC2		No Mutation	-1.307085
2025	MORC2		No Mutation	-1.134993794
2026	MORC2	L1020L	Silent	-0.195619716
2027	MORC2	I1014I;N1015N	Silent;Silent	0.1165917646955132
2028	MORC2		No Mutation	-0.330283994
2029	MORC2	D1011N	Missense	-0.668235329
2030	MORC2	(NC);D1011N	Splice-acceptor;Missense	-0.390398341
2031	MORC2	(NC)	Splice-acceptor	-0.951999544
2032	MORC2		No Mutation	-1.266797026
2033	MORC2	(NC);(NC);(NC)	Intron;Intron;Intron	0.089710028
2034	MORC2	Q1009*	Nonsense	0.087574008
2035	MORC2	L1004L;L1005L;Q1006*	Silent;Silent;Nonsense	0.4821664928570419
2036	MORC2	L1004F;L1005L	Missense;Silent	-0.081655444
2037	MORC2	I1001I	Silent	-0.180388084
2038	MORC2	L1005L	Silent	-0.081114868
2039	MORC2	L997L	Silent	-0.108362513
2040	MORC2		No Mutation	0.069404217
2041	MORC2		No Mutation	-0.217203747
2042	MORC2	R988H	Missense	-0.108508216
2043	MORC2	E984E;R985K	Silent;Missense	-0.750459435
2044	MORC2	S979S;L980L	Silent;Silent	-0.161358967
2045	MORC2	R981H	Missense	-0.161846099
2046	MORC2	L980L;R981H	Silent;Missense	0.2870020301034838
2047	MORC2	S979N	Missense	0.708074509
2048	MORC2	E977K;E978K	Missense;Missense	0.4012200977365723
2049	MORC2	E977K	Missense	-1.978120172
2050	MORC2	S971S;R972W	Silent;Missense	-1.292053675
2051	MORC2	R972R;A973T	Silent;Missense	-0.247397787
2052	MORC2	A969V	Missense	-0.225186314
2053	MORC2		No Mutation	0.000657612
2054	MORC2	S967S;R968C	Silent;Missense	0.1253947581328912
2055	MORC2	S967S	Silent	-0.256852216
2056	MORC2	D970N	Missense	0.1117299506995773
2057	MORC2	Q966Q	Silent	0.004104463
2058	MORC2		No Mutation	0.1958218254185482
2059	MORC2	F951F	Silent	-0.454836931
2060	MORC2	F951F	Silent	-0.091652344
2061	MORC2		No Mutation	0.7309186669635164
2062	MORC2		No Mutation	-0.895296894
2063	MORC2	(NC);(NC)	Intron;Intron	0.1491682326927282
2064	MORC2		No Mutation	-0.980184634
2065	MORC2		No Mutation	-3.153462844
2066	MORC2	(NC);(NC)	Intron;Intron	-0.781652301
2067	MORC2	S935N;A936T	Missense;Missense	-0.01797536
2068	MORC2	Q933Q;L934L	Silent;Silent	-0.52293878
2069	MORC2	Q933Q	Silent	-0.995838893
2070	MORC2	K932K;Q933Q	Silent;Silent	0.1094802229223153
2071	MORC2		No Mutation	0.4016341796070098
2072	MORC2		No Mutation	-0.324937024
2073	MORC2		No Mutation	0.081693646
2074	MORC2	C918Y	Missense	0.529913742
2075	MORC2	(NC)	Intron	-0.361161043
2076	MORC2	C918Y	Missense	0.4133139817274958
2077	MORC2	R916R	Silent	-0.209970105
2078	MORC2	(NC);(NC)	Intron;Intron	0.0572746121652503
2079	MORC2	(NC)	Intron	0.4620373530118948
2080	MORC2		No Mutation	-0.096135493
2081	MORC2	(NC)	Intron	-0.60186634
2082	MORC2		No Mutation	0.039412945
2083	MORC2	L911F	Missense	-0.109276061
2084	MORC2	Q913Q	Silent	-0.102062474
2085	MORC2	D909N	Missense	-0.764065662
2086	MORC2	E906K	Missense	0.0207542345195175
2087	MORC2	E906K	Missense	-0.724516216
2088	MORC2		No Mutation	-0.33310992
2089	MORC2	L901L;S902N	Silent;Missense	0.043749409
2090	MORC2		No Mutation	-0.405243596
2091	MORC2	D897N	Missense	-1.078528174
2092	MORC2	E895K	Missense	-0.394139235
2093	MORC2	R893H	Missense	0.2366826245107304
2094	MORC2	C891Y	Missense	-0.222243326
2095	MORC2	C891Y	Missense	0.2282580841965222
2096	MORC2	E885E	Silent	-0.223549365
2097	MORC2	V883I;A884T	Missense;Missense	0.9431266638831048
2098	MORC2	V883I	Missense	0.3822286698846425
2099	MORC2	A880T	Missense	0.7266579360038665
2100	MORC2	Q879Q;A880T	Silent;Missense	-0.203092189
2101	MORC2	G874G;P875S	Silent;Missense	0.2603616705504449
2102	MORC2		No Mutation	0.0335716669059964
2103	MORC2	G868G	Silent	-0.025588605
2104	MORC2	G868G	Silent	0.5262358787505121
2105	MORC2		No Mutation	0.1823129837768169
2106	MORC2	Q866*	Nonsense	-1.567093749
2107	MORC2	Q865*;Q866*	Nonsense;Nonsense	-0.453250518
2108	MORC2	T864I;Q865*	Missense;Nonsense	-0.606597891
2109	MORC2	Q866Q;E867K;G868S	Silent;Missense;Missense	-0.717088729
2110	MORC2	T864I	Missense	-0.345160138
2111	MORC2	T864I	Missense	-0.110384338
2112	MORC2	L862F	Missense	-0.202504368
2113	MORC2	S861S;L862F	Silent;Missense	-0.229231191
2114	MORC2	S861S;L862F	Silent;Missense	-0.34311454
2115	MORC2	D863N	Missense	-0.744837007
2116	MORC2	Q860Q;S861N	Silent;Missense	0.5746389511679497
2117	MORC2	Q860Q	Silent	-0.627214415
2118	MORC2	Q860Q	Silent	-0.271400092
2119	MORC2		No Mutation	-0.777204178
2120	MORC2		No Mutation	0.099848107
2121	MORC2	G845G	Silent	-0.284121864
2122	MORC2		No Mutation	-0.693550077
2123	MORC2	G845N	Missense	-1.671778606
2124	MORC2	(NC);(NC)	Intron;Intron	-0.776900978
2125	MORC2		No Mutation	-0.168958742
2126	MORC2	(NC)	Intron	1.095159742185781
2127	MORC2	(NC)	Intron	0.3087088238541059
2128	MORC2		No Mutation	-0.115460712
2129	MORC2		No Mutation	-0.031895913
2130	MORC2		No Mutation	-0.891449931
2131	MORC2	R840R	Silent	-0.484463916
2132	MORC2	(NC)	Intron	-0.686056512
2133	MORC2	T835M;T836I	Missense;Missense	0.3843777913369751
2134	MORC2	R838K	Missense	0.7641449082269345
2135	MORC2	H820Y	Missense	0.3959374228541379
2136	MORC2	G818G	Silent	-0.053537389
2137	MORC2	G818G	Silent	-0.130738168
2138	MORC2	K819K	Silent	-0.535006824
2139	MORC2		No Mutation	-0.107235451
2140	MORC2	V815V;E816K;V817M	Silent;Missense;Missense	-0.490977107
2141	MORC2	V812V;T813I	Silent;Missense	0.1871894624460132
2142	MORC2	V812V	Silent	-0.285382479
2143	MORC2	G810G;R811C	Silent;Missense	-0.12992756
2144	MORC2	G810G;R811C	Silent;Missense	-0.497168343
2145	MORC2	N804N	Silent	-0.2334292
2146	MORC2	N804N	Silent	-0.60329512
2147	MORC2	R802C	Missense	0.1057383827226595
2148	MORC2		No Mutation	0.084437483
2149	MORC2		No Mutation	0.3715674916066549
2150	MORC2		No Mutation	-0.078484898
2151	MORC2		No Mutation	-0.111306704
2152	MORC2	(NC);(NC)	Intron;Intron	-0.022027333
2153	MORC2	(NC);(NC)	Intron;Intron	-0.077445699
2154	MORC2	(NC)	Splice-acceptor	1.262560813302632
2155	MORC2	(NC)	Intron	0.5484683349270316
2156	MORC2	Q792*	Nonsense	-0.482746193
2157	MORC2	A791V;Q792*	Missense;Nonsense	-0.804922147
2158	MORC2	A791V;Q792*	Missense;Nonsense	-1.193232545
2159	MORC2	A791V;Q792*	Missense;Nonsense	0.1906604246948886
2160	MORC2	Q792Q;D794N	Silent;Missense	-1.398803674
2161	MORC2	L788F	Missense	-0.790780833
2162	MORC2	A780V	Missense	-0.310165896
2163	MORC2	D778D	Silent	0.4299131005926011
2164	MORC2	L776F	Missense	-0.574127197
2165	MORC2	L776F	Missense	0.5743618689780103
2166	MORC2	S779N	Missense	-0.638461865
2167	MORC2	(NC);L776F	Intron;Missense	-2.74856791
2168	MORC2		No Mutation	0.06540968
2169	MORC2		No Mutation	-0.605463258
2170	MORC2		No Mutation	-0.311202967
2171	MORC2	D772D;S773L	Silent;Missense	0.6688715267500132
2172	MORC2		No Mutation	0.075645834
2173	MORC2		No Mutation	0.096927202
2174	MORC2	G762G	Silent	0.1701245185163822
2175	MORC2	G762G	Silent	-1.014295665
2176	MORC2		No Mutation	-0.174313526
2177	MORC2		No Mutation	0.2464098890666861
2178	MORC2		No Mutation	0.1152344121519496
2179	MORC2	A752V	Missense	0.072198541
2180	MORC2		No Mutation	0.1965173911335663
2181	MORC2		No Mutation	0.367187693386092
2182	MORC2		No Mutation	-0.175539629
2183	MORC2		No Mutation	0.2677341679999675
2184	MORC2		No Mutation	-0.274651845
2185	MORC2	V740V	Silent	-0.085375269
2186	MORC2	S739N;V740I	Missense;Missense	-0.43755504
2187	MORC2	R738R;S739N;V740I	Silent;Missense;Missense	-0.212373922
2188	MORC2	R738Q;S739N	Missense;Missense	-0.426933217
2189	MORC2	A732V;T733I	Missense;Missense	0.1606766362415038
2190	MORC2	(NC)	Intron	0.2743622298649645
2191	MORC2		No Mutation	0.051583693
2192	MORC2	(NC)	Intron	0.867273627
2193	MORC2	(NC);(NC);(NC)	Intron;Intron;Intron	-1.449981425
2194	MORC2	P731P;(NC)	Silent;Splice-donor	-1.794232016
2195	MORC2	P726F	Missense	0.2864267196337239
2196	MORC2	E724K	Missense	-0.279559444
2197	MORC2		No Mutation	-0.035695881
2198	MORC2		No Mutation	0.093401263
2199	MORC2	V714V	Silent	0.016619208
2200	MORC2		No Mutation	-0.525863486
2201	MORC2		No Mutation	0.133485915980096
2202	MORC2		No Mutation	0.8051555600176052
2203	MORC2	E708E;V709I	Silent;Missense	-0.297407063
2204	MORC2	R707Q	Missense	-0.782783166
2205	MORC2	R707Q	Missense	-0.630799378
2206	MORC2	N702N;S703F	Silent;Missense	-0.19993418
2207	MORC2	P701P;N702N	Silent;Silent	-0.040227308
2208	MORC2	P701L;N702N	Missense;Silent	-0.061060645
2209	MORC2		No Mutation	-0.302795596
2210	MORC2	L695L	Silent	0.1085460554276623
2211	MORC2	L695L	Silent	0.3727289200664977
2212	MORC2	L695L	Silent	-1.518129763
2213	MORC2	Q693Q	Silent	0.5714626399167967
2214	MORC2	L691L;V692I	Silent;Missense	0.4402025572861362
2215	MORC2	L691L;V692I	Silent;Missense	0.1252386350883259
2216	MORC2	S686F;R687*	Missense;Nonsense	-0.283743354
2217	MORC2	K683K	Silent	-0.159274955
2218	MORC2	V682I	Missense	-0.096500696
2219	MORC2		No Mutation	-0.601070532
2220	MORC2		No Mutation	0.096293439
2221	MORC2		No Mutation	-0.597221373
2222	MORC2	K676K	Silent	1.181071339636786
2223	MORC2	R675Q	Missense	-0.082739348
2224	MORC2		No Mutation	0.04754672
2225	MORC2	L667L;L668F	Silent;Missense	0.1061400726983707
2226	MORC2	L667L	Silent	-0.062310644
2227	MORC2		No Mutation	0.3673077814425709
2228	MORC2		No Mutation	0.323969828864815
2229	MORC2	S663N	Missense	0.5050852451303425
2230	MORC2	R659Q;E660K	Missense;Missense	0.1397975222396261
2231	MORC2		No Mutation	0.2404878269624927
2232	MORC2	R659Q;E660K	Missense;Missense	-0.487820428
2233	MORC2	A655V	Missense	-0.112407226
2234	MORC2	L653L;P654F	Silent;Missense	0.2915256256968328
2235	MORC2	L653L;P654F	Silent;Missense	-0.177452895
2236	MORC2	L656L;A657T	Silent;Missense	-0.145460104
2237	MORC2	L656L;A657T	Silent;Missense	-0.147580278
2238	MORC2	L656L	Silent	0.3048036529651693
2239	MORC2	T650T;P651L	Silent;Missense	0.086685497
2240	MORC2		No Mutation	0.059758317
2241	MORC2		No Mutation	1.088787202303412
2242	MORC2		No Mutation	0.5075076339724167
2243	MORC2	V646I	Missense	-0.032215462
2244	MORC2	V646I	Missense	-0.221592997
2245	MORC2	K643K;A644T	Silent;Missense	0.1712274410325724
2246	MORC2	R642Q	Missense	-0.12466333
2247	MORC2	A638V	Missense	-0.723335149
2248	MORC2	Q640Q	Silent	0.2119070938043226
2249	MORC2	A638T;S639N	Missense;Missense	0.3370641794339247
2250	MORC2	R636K	Missense	-0.406495181
2251	MORC2		No Mutation	-0.240246169
2252	MORC2		No Mutation	0.009859694
2253	MORC2		No Mutation	-0.296910658
2254	MORC2	L632L	Silent	0.1386785209551514
2255	MORC2		No Mutation	0.3977013780515965
2256	MORC2		No Mutation	-0.726645057
2257	MORC2		No Mutation	0.1104589163835672
2258	MORC2	A625T	Missense	0.535752684
2259	MORC2	R623K	Missense	-1.152852033
2260	MORC2	V621V	Silent	0.6417304831205423
2261	MORC2	V621V	Silent	0.2199018812677689
2262	MORC2	V621I	Missense	1.0760685397196474
2263	MORC2	P617L	Missense	-0.253754452
2264	MORC2		No Mutation	-0.017925664
2265	MORC2	S615S	Silent	-0.072129157
2266	MORC2		No Mutation	0.2388696546978135
2267	MORC2	Q611Q;R612H	Silent;Missense	0.1954818748936813
2268	MORC2	V607I	Missense	0.4659782791592883
2269	MORC2	(NC);(NC)	Intron;Intron	-0.76077869
2270	MORC2	(NC);(NC)	Intron;Intron	0.4501657466268605
2271	MORC2		No Mutation	0.047533237
2272	MORC2		No Mutation	-0.025671379
2273	MORC2	(NC);(NC)	Intron;Intron	0.083038494
2274	MORC2	T603I	Missense	-0.304668805
2275	MORC2	(NC)	Intron	-0.285285214
2276	MORC2	S602S;T603I	Silent;Missense	-0.904291621
2277	MORC2	S602F;T603I	Missense;Missense	-0.388052866
2278	MORC2	E604E;(NC);(NC)	Silent;Splice-donor;Intron	-1.254886669
2279	MORC2	E604K	Missense	-0.869227996
2280	MORC2	T598T;T599I	Silent;Missense	-0.773811496
2281	MORC2	R600K	Missense	0.13583176441624
2282	MORC2	R600K	Missense	-0.852615829
2283	MORC2	L595L;E596K	Silent;Missense	0.3498945072724854
2284	MORC2	D589D;L590L	Silent;Silent	-0.07540497
2285	MORC2	K591K	Silent	0.1176787104059873
2286	MORC2	K591K	Silent	0.06894875
2287	MORC2	L590L	Silent	-0.207322584
2288	MORC2	D589N	Missense	-0.418230395
2289	MORC2	A588T;D589N	Missense;Missense	-0.04617893
2290	MORC2		No Mutation	-0.600378903
2291	MORC2	(NC)	Intron	0.1191834620849063
2292	MORC2	(NC)	Intron	-0.856759587
2293	MORC2	(NC)	Intron	0.1756849066049259
2294	MORC2	(NC);(NC)	Intron;Intron	-0.122616147
2295	MORC2	Q579*	Nonsense	-0.937494652
2296	MORC2	A577V	Missense	0.4532611631164427
2297	MORC2	A577V	Missense	-0.231405354
2298	MORC2	L575L	Silent	0.2991526893981533
2299	MORC2	K574K;L575L;E576K	Silent;Silent;Missense	0.1744265232125579
2300	MORC2	Q571*;Q572*	Nonsense;Nonsense	-0.4288634
2301	MORC2	R569R;Q570*;Q571*	Silent;Nonsense;Nonsense	0.282611347617541
2302	MORC2		No Mutation	0.4225066830570766
2303	MORC2		No Mutation	0.1376592851914263
2304	MORC2	K552K;D553N	Silent;Missense	0.2163819885774975
2305	MORC2	R551K;K552K	Missense;Silent	0.1788271640499402
2306	MORC2	R551K	Missense	0.1744102988464332
2307	MORC2	P546P;L547L	Silent;Silent	-0.282845796
2308	MORC2	Q543*	Nonsense	0.2072411408985121
2309	MORC2	Q543*	Nonsense	0.094376505
2310	MORC2	S539F	Missense	0.1189931428657145
2311	MORC2	C536Y;E537K	Missense;Missense	-0.658391959
2312	MORC2	(NC)	Intron	0.1734152774316787
2313	MORC2		No Mutation	-0.080189581
2314	MORC2	(NC)	Intron	0.035549212
2315	MORC2	(NC);(NC)	Intron;Intron	0.4276955542927214
2316	MORC2	(NC);(NC)	Intron;Intron	-0.003045845
2317	MORC2		No Mutation	0.3012123578621606
2318	MORC2	(NC)	Intron	-0.273680847
2319	MORC2	(NC);(NC)	Intron;Intron	-1.221563851
2320	MORC2	D534N;R535Q	Missense;Missense	-0.125702592
2321	MORC2	Q533Q;D534N	Silent;Missense	-0.526495061
2322	MORC2	P529L	Missense	-0.418437255
2323	MORC2	E532K	Missense	-0.161113659
2324	MORC2	N528N;P529S	Silent;Missense	0.02115925
2325	MORC2	M527I	Missense	-1.353113326
2326	MORC2	C525Y	Missense	0.1371639358219196
2327	MORC2	C525Y	Missense	-0.372430627
2328	MORC2		No Mutation	-0.286925431
2329	MORC2		No Mutation	0.017170687
2330	MORC2	V515I	Missense	-0.285855131
2331	MORC2	V515M	Missense	0.4356727860417014
2332	MORC2	V515M	Missense	-0.568033283
2333	MORC2	P509P;F510F;Q511*	Silent;Silent;Nonsense	-1.052763752
2334	MORC2	L512L;S513N	Silent;Missense	1.167506182
2335	MORC2	L512L;S513N	Silent;Missense	0.1004106209295389
2336	MORC2	(NC)	Intron	-0.323329249
2337	MORC2	(NC);(NC);(NC);(NC)	Intron;Intron;Intron;Intron	0.1506061962300087
2338	MORC2	C499C	Silent	0.078308863
2339	MORC2	(NC);(NC)	Intron;Intron	0.1861258865699492
2340	MORC2	Q498*	Nonsense	-0.429359087
2341	MORC2	(NC);(NC);(NC)	Splice-donor;Intron;Intron	-1.926862791
2342	MORC2	I497I;Q498*	Silent;Nonsense	-0.976557535
2343	MORC2	T496T;I497I;Q498*	Silent;Silent;Nonsense	-0.517134291
2344	MORC2	C499Y;D500N;(NC)	Missense;Missense;Splice-donor	-2.948708954
2345	MORC2	C499Y;D500N;(NC)	Missense;Missense;Splice-donor	-1.806402438
2346	MORC2	Q498Q;C499Y;D500N	Silent;Missense;Missense	0.0189852596859357
2347	MORC2	P494F;T495I	Missense;Missense	-0.892965891
2348	MORC2		No Mutation	-0.158700684
2349	MORC2	Y485Y;R487C	Silent;Missense	0.145816811106638
2350	MORC2	L483L	Silent	0.3829530240925443
2351	MORC2		No Mutation	-0.142678597
2352	MORC2	R484H	Missense	-0.561249594
2353	MORC2	L483L;R484H	Silent;Missense	-0.410501852
2354	MORC2	L483L;R484H	Silent;Missense	-0.285845312
2355	MORC2	L483L;R484H	Silent;Missense	0.2817170645739331
2356	MORC2	E482K	Missense	0.3516266104226306
2357	MORC2		No Mutation	0.1432164113271417
2358	MORC2	W475*	Nonsense	-3.971691527
2359	MORC2	G469G;Y470Y	Silent;Silent	0.1419494633150082
2360	MORC2		No Mutation	-0.039947014
2361	MORC2		No Mutation	4.655297030450505
2362	MORC2	K463K	Silent	-0.115268986
2363	MORC2		No Mutation	0.037729518
2364	MORC2	K463K	Silent	-0.247072447
2365	MORC2		No Mutation	0.023415467
2366	MORC2	(NC)	Intron	-0.315652118
2367	MORC2	(NC)	Intron	0.5242943492010228
2368	MORC2	(NC)	Intron	0.0236637407121252
2369	MORC2		No Mutation	0.2725186823156354
2370	MORC2		No Mutation	0.1418291003149128
2371	MORC2	(NC);(NC);(NC)	Intron;Intron;Intron	-0.888647186
2372	MORC2	A455V;I456I	Missense;Silent	0.03653565
2373	MORC2	A455V	Missense	0.406595517
2374	MORC2		No Mutation	0.021173968
2375	MORC2		No Mutation	0.1381009248935035
2376	MORC2		No Mutation	-0.330010794
2377	MORC2		No Mutation	0.6630543905451431
2378	MORC2	W451*;K452K;D453N	Nonsense;Silent;Missense	0.2767981270267445
2379	MORC2	H446H;L447L	Silent;Silent	0.2823532992344861
2380	MORC2	H446Y	Missense	2.847574962130293
2381	MORC2	E445E	Silent	0.2737667200611881
2382	MORC2	A442V	Missense	1.7668250035475626
2383	MORC2	M443I;G444K;E445K	Missense;Missense;Missense	-0.074007293
2384	MORC2	H438H;L439L;L440F	Silent;Silent;Missense	-0.346344063
2385	MORC2	A442T	Missense	-0.377744831
2386	MORC2	H438H;L439L	Silent;Silent	-0.103817831
2387	MORC2	H438Y;L439L	Missense;Silent	-0.182254357
2388	MORC2	H438Y;L439L	Missense;Silent	0.027103537
2389	MORC2	L439L	Silent	1.599708492213611
2390	MORC2	A431V	Missense	0.009568245
2391	MORC2	D429D	Silent	-0.518696491
2392	MORC2	Q428Q;D429N	Silent;Missense	0.407591845438341
2393	MORC2	P423F	Missense	0.5899780038154869
2394	MORC2		No Mutation	0.048927928
2395	MORC2		No Mutation	0.1606873992590528
2396	MORC2	E422E	Silent	-0.063346814
2397	MORC2	E422K	Missense	-0.13450018
2398	MORC2	P417S	Missense	-0.497327643
2399	MORC2		No Mutation	-0.052107574
2400	MORC2		No Mutation	-0.983807105
2401	MORC2	A406V	Missense	-0.079824235
2402	MORC2	A406V	Missense	-0.593739037
2403	MORC2	G408D;G409K	Missense;Missense	-0.54443256
2404	MORC2	G408N;G409K	Missense;Missense	-0.973418142
2405	MORC2	(NC)	Intron	0.4053472135026005
2406	MORC2	(NC);(NC)	Intron;Intron	0.2544190185850503
2407	MORC2	(NC);(NC);(NC)	Intron;Intron;Intron	0.5057092892571611
2408	MORC2	(NC);(NC)	Intron;Intron	-0.544294192
2409	MORC2	(NC)	Intron	0.1036035590892295
2410	MORC2	G404N	Missense	-0.474747637
2411	MORC2	G403G;G404N	Silent;Missense	0.1817114586894862
2412	MORC2	G398G;P399L	Silent;Missense	0.3878296301511788
2413	MORC2	G398G;P399S	Silent;Missense	-1.116728023
2414	MORC2	G398G	Silent	0.1793200595726672
2415	MORC2		No Mutation	0.1521613518553387
2416	MORC2		No Mutation	0.011320558
2417	MORC2		No Mutation	0.077753657
2418	MORC2	I391I	Silent	-0.024270418
2419	MORC2	M382I	Missense	0.2628473525895467
2420	MORC2	H376Y	Missense	0.422432851887066
2421	MORC2	N373N	Silent	-0.833631923
2422	MORC2	V372V	Silent	-0.135637802
2423	MORC2	V372V	Silent	0.1706955506253129
2424	MORC2	V369I	Missense	-0.336411657
2425	MORC2	A359V;L360F	Missense;Missense	-0.081180717
2426	MORC2	(NC)	Intron	-0.087789054
2427	MORC2	(NC)	Intron	-0.36764533
2428	MORC2	Q357*	Nonsense	0.6303812184865167
2429	MORC2	I352I	Silent	-0.308701484
2430	MORC2	V348V	Silent	0.2655335710882148
2431	MORC2	R351K	Missense	0.1092544948052123
2432	MORC2	V348V	Silent	0.156234955078094
2433	MORC2	A346V	Missense	-0.592287506
2434	MORC2	R344K;E345K	Missense;Missense	-3.765967825
2435	MORC2		No Mutation	0.2330046262478707
2436	MORC2	(NC)	Intron	0.2805319458832066
2437	MORC2	(NC);(NC)	Intron;Splice-acceptor	1.6592765788790085
2438	MORC2	(NC)	Intron	0.6628173135144215
2439	MORC2	(NC);(NC)	Intron;Intron	-0.563197667
2440	MORC2	(NC)	Intron	-0.680494405
2441	MORC2		No Mutation	-0.052771961
2442	MORC2	(NC);(NC)	Intron;Intron	0.1114749278974865
2443	MORC2		No Mutation	0.4765728433535453
2444	MORC2	D327D;S328F	Silent;Missense	0.1328569112204057
2445	MORC2	R329K;(NC)	Missense;Splice-donor	-0.289328237
2446	MORC2	T325M;R326W	Missense;Missense	0.2308413681601042
2447	MORC2	D323D;L324F	Silent;Missense	0.2774026975893356
2448	MORC2	D323D;L324F	Silent;Missense	0.1809346095726738
2449	MORC2	T325T	Silent	-0.197204147
2450	MORC2		No Mutation	-0.569265532
2451	MORC2		No Mutation	0.9887396068352434
2452	MORC2		No Mutation	0.1490106804460833
2453	MORC2	T315I	Missense	0.426412088563834
2454	MORC2	A309V	Missense	0.4806057114678586
2455	MORC2		No Mutation	0.2544709762920765
2456	MORC2	A302V	Missense	3.383358227210591
2457	MORC2	(NC);A302V	Intron;Missense	-0.442682813
2458	MORC2		No Mutation	-0.456961057
2459	MORC2	(NC);(NC)	Intron;Intron	-0.333071449
2460	MORC2	(NC)	Intron	0.350759177
2461	MORC2		No Mutation	-0.030604877
2462	MORC2		No Mutation	1.3851161104176637
2463	MORC2	H297Y	Missense	2.0321647953994773
2464	MORC2	A295V	Missense	0.056501242
2465	MORC2	E291E;V292I	Silent;Missense	-5.075997709
2466	MORC2	E291E;V292I	Silent;Missense	-3.19275307
2467	MORC2	T286I;R287C	Missense;Missense	-0.705794863
2468	MORC2	F284F	Silent	0.1971446744186356
2469	MORC2	A288T;E289K	Missense;Missense	-0.392043168
2470	MORC2	S282S;R283C	Silent;Missense	-1.428878526
2471	MORC2	(NC)	Intron	-0.067193779
2472	MORC2		No Mutation	-0.534309689
2473	MORC2	(NC);(NC)	Intron;Intron	-0.045653462
2474	MORC2	(NC);(NC);(NC)	Splice-donor;Intron;Intron	-2.289250966
2475	MORC2	Y272Y	Silent	1.0213766089651215
2476	MORC2	L271L	Silent	-0.539672322
2477	MORC2	C270C;L271L	Silent;Silent	0.2285403973743192
2478	MORC2	K273K	Silent	-0.080799577
2479	MORC2	C269C;C270C	Silent;Silent	-0.088174587
2480	MORC2	C269Y;C270Y	Missense;Missense	0.1779059839276289
2481	MORC2	H260H	Silent	-0.646296065
2482	MORC2	V262V;Q263Q	Silent;Silent	0.1782565809425349
2483	MORC2	I255I;F256F	Silent;Silent	0.07562772
2484	MORC2		No Mutation	-0.946881602
2485	MORC2		No Mutation	-0.161933878
2486	MORC2		No Mutation	-0.106875585
2487	MORC2		No Mutation	1.121225001406409
2488	MORC2		No Mutation	0.4782702337572891
2489	MORC2		No Mutation	-0.732821794
2490	MORC2	L247F	Missense	1.221908882980093
2491	MORC2	D250N	Missense	0.4084758752232191
2492	MORC2		No Mutation	-0.100961884
2493	MORC2	V246I	Missense	-0.110645442
2494	MORC2	R241H	Missense	0.8790312949518653
2495	MORC2	R237Q;R238H	Missense;Missense	-0.05724081
2496	MORC2	E236K	Missense	-1.466822018
2497	MORC2	E236K	Missense	-0.443040387
2498	MORC2	(NC);(NC);(NC)	Intron;Intron;Intron	0.3638783893115918
2499	MORC2		No Mutation	-0.366906039
2500	MORC2		No Mutation	0.009853433
2501	MORC2		No Mutation	0.5243691416236897
2502	MORC2	T233M	Missense	-0.048808674
2503	MORC2	G232G;T233M	Silent;Missense	0.3762266123572548
2504	MORC2	(NC);(NC);(NC)	Intron;Intron;Intron	0.080550622
2505	MORC2	G232G	Silent	0.1499261062676389
2506	MORC2	(NC);(NC)	Intron;Intron	-0.712871629
2507	MORC2	(NC);(NC);(NC)	Intron;Intron;Intron	-0.98148337
2508	MORC2	P230L	Missense	0.004597918
2509	MORC2	M225I;A226T	Missense;Missense	-0.333921731
2510	MORC2	P220L	Missense	-0.365927962
2511	MORC2		No Mutation	-1.047571129
2512	MORC2	L204F	Missense	-1.559311732
2513	MORC2	I201I;F202F	Silent;Silent	-0.133664401
2514	MORC2	(NC)	Intron	-0.517194529
2515	MORC2		No Mutation	0.0282184043886192
2516	MORC2	(NC)	Intron	-0.188311383
2517	MORC2		No Mutation	-0.173246921
2518	MORC2		No Mutation	0.6552584344491681
2519	MORC2	G193R	Missense	0.4869663587652719
2520	MORC2		No Mutation	0.2999090744902262
2521	MORC2		No Mutation	-0.092106488
2522	MORC2		No Mutation	-0.949194392
2523	MORC2	Q187*	Nonsense	-0.133198536
2524	MORC2	V184I	Missense	-1.406716012
2525	MORC2	E182K;E183K	Missense;Missense	-4.024550686
2526	MORC2	P177L	Missense	-1.416552933
2527	MORC2	Y175Y;S176F;P177S	Silent;Missense;Missense	-2.142467718
2528	MORC2		No Mutation	-0.409108893
2529	MORC2	V162I;E163K	Missense;Missense	-0.791192443
2530	MORC2	D160N	Missense	-0.023867774
2531	MORC2	D160N	Missense	-1.155210807
2532	MORC2	R155Q	Missense	-0.571980649
2533	MORC2	R153Q	Missense	-0.120186303
2534	MORC2	R153Q	Missense	-0.278247415
2535	MORC2	T149T	Silent	-0.116829957
2536	MORC2	T149I	Missense	0.0261934091516353
2537	MORC2	A152T	Missense	-0.614403426
2538	MORC2	W150*;A152T	Nonsense;Missense	-5.698901306
2539	MORC2	P148F	Missense	0.2328767214480616
2540	MORC2	V145V	Silent	-0.502895781
2541	MORC2		No Mutation	-0.138144215
2542	MORC2		No Mutation	-0.339820577
2543	MORC2	(NC);(NC)	Intron;Intron	0.1424397250701733
2544	MORC2		No Mutation	0.0426944246299963
2545	MORC2		No Mutation	-0.024567974
2546	MORC2	T133M	Missense	-0.551861185
2547	MORC2	E136K	Missense	0.5639924134919474
2548	MORC2	S131F;R132C	Missense;Missense	-0.385235231
2549	MORC2	T133T	Silent	-1.772699528
2550	MORC2	R132H	Missense	0.1892601321133346
2551	MORC2	L130L	Silent	-0.527571174
2552	MORC2	M125I	Missense	0.4175881645677446
2553	MORC2	K121K;E122K;D123N	Silent;Missense;Missense	-0.108361066
2554	MORC2	G107G;S108L	Silent;Missense	1.2329137375165122
2555	MORC2	G107G	Silent	-0.280420777
2556	MORC2		No Mutation	-0.072166437
2557	MORC2	M109I	Missense	-0.818987173
2558	MORC2		No Mutation	0.3649567310852155
2559	MORC2		No Mutation	-0.197243569
2560	MORC2		No Mutation	-0.161100927
2561	MORC2		No Mutation	0.0291463189511566
2562	MORC2		No Mutation	-0.354507982
2563	MORC2	T95I;Q96*	Missense;Nonsense	-0.68904492
2564	MORC2	T95I;Q96*	Missense;Nonsense	-1.173888252
2565	MORC2	G98K	Missense	0.1968514464190718
2566	MORC2	P92L	Missense	-0.42017067
2567	MORC2	P92F	Missense	-1.444812896
2568	MORC2	E93E	Silent	0.4076144344805343
2569	MORC2	S87S;A88T	Silent;Missense	-0.177483707
2570	MORC2	I82I;Q83*	Silent;Nonsense	-0.082566983
2571	MORC2	G85K	Missense	-1.610806649
2572	MORC2	A79V	Missense	2.887659254136045
2573	MORC2	A79V	Missense	0.4483161264072449
2574	MORC2	A79T	Missense	-0.603416464
2575	MORC2	A79T	Missense	-0.222217725
2576	MORC2		No Mutation	0.017008629
2577	MORC2	(NC)	Intron	0.4769907050934333
2578	MORC2		No Mutation	0.1400052482036545
2579	MORC2	M63I	Missense	0.2456858729933779
2580	MORC2	R55*	Nonsense	0.5855754408101552
2581	MORC2	R55*	Nonsense	-0.117321349
2582	MORC2		No Mutation	0.3559661278607203
2583	MORC2	A52T	Missense	0.3841595006245623
2584	MORC2		No Mutation	0.3130296329357838
2585	MORC2		No Mutation	0.2779573038910251
2586	MORC2	A40V	Missense	-0.30141189
2587	MORC2	L36L	Silent	0.2079992314786727
2588	MORC2	D38N	Missense	0.2819643970158768
2589	MORC2	D38N	Missense	0.1011791579142172
2590	MORC2		No Mutation	-0.031631451
2591	MORC2	L29L	Silent	0.9661019178626106
2592	MORC2	T25I;H26Y	Missense;Missense	-1.461641252
2593	MORC2	S23L	Missense	-1.041818766
2594	MORC2		No Mutation	0.066007535
2595	MORC2	M1I;A2T	Missense;Missense	-0.134084618
2596	MORC2	(NC);(NC)	UTR;UTR	-0.161886179
2597	ATF7IP	Q8*	Nonsense	-0.154359901
2598	ATF7IP	L26F	Missense	-0.335517433
2599	ATF7IP		No Mutation	-0.383636607
2600	ATF7IP		No Mutation	0.1854626629798085
2601	ATF7IP	N47N;H48Y	Silent;Missense	0.2200592345763575
2602	ATF7IP	D54D;P55S	Silent;Missense	0.1351556353927953
2603	ATF7IP	T56T;S57L;P58S	Silent;Missense;Missense	-0.008994355
2604	ATF7IP		No Mutation	1.020527074
2605	ATF7IP	Y64Y	Silent	0.4305377555039288
2606	ATF7IP	D67D	Silent	0.3045686792424756
2607	ATF7IP		No Mutation	0.2737753300033485
2608	ATF7IP	A86T;E87K	Missense;Missense	0.2940648936524739
2609	ATF7IP		No Mutation	-0.168382987
2610	ATF7IP	V97I	Missense	-0.090986651
2611	ATF7IP		No Mutation	0.174577420803067
2612	ATF7IP		No Mutation	0.4723201703549602
2613	ATF7IP		No Mutation	0.7027484681998295
2614	ATF7IP	E120K	Missense	-0.533916675
2615	ATF7IP	E120K	Missense	-0.134059582
2616	ATF7IP	E120K	Missense	-0.111342132
2617	ATF7IP		No Mutation	0.092738925
2618	ATF7IP	A127T	Missense	0.5855754408101552
2619	ATF7IP	P126F;A127V	Missense;Missense	-0.065686523
2620	ATF7IP	G132N	Missense	0.1786472617557393
2621	ATF7IP	S131F	Missense	0.3054064895065438
2622	ATF7IP	A135T	Missense	-0.765403844
2623	ATF7IP	P134L	Missense	0.3382456758612067
2624	ATF7IP	P136F	Missense	-0.356104455
2625	ATF7IP	L139L;D140N	Silent;Missense	0.7290607058812553
2626	ATF7IP	A141T	Missense	-0.808786089
2627	ATF7IP	A141T;G142R	Missense;Missense	0.0758913
2628	ATF7IP	A141V	Missense	-0.516386514
2629	ATF7IP	G147K	Missense	-0.1457226
2630	ATF7IP	P144L	Missense	0.2764037278516283
2631	ATF7IP	S146F	Missense	-0.321869799
2632	ATF7IP	L149L;A150T	Silent;Missense	0.1420000109066066
2633	ATF7IP		No Mutation	0.2615899318665148
2634	ATF7IP	G152N	Missense	0.1129545075427221
2635	ATF7IP	S151F	Missense	0.173231079
2636	ATF7IP		No Mutation	-0.189703549
2637	ATF7IP		No Mutation	-0.282703003
2638	ATF7IP		No Mutation	-0.437320476
2639	ATF7IP		No Mutation	0.1014272612963883
2640	ATF7IP		No Mutation	0.1795792497381945
2641	ATF7IP		No Mutation	-0.693233231
2642	ATF7IP	S166F	Missense	-0.391744133
2643	ATF7IP	A169T;A170T	Missense;Missense	-0.434027824
2644	ATF7IP	A170T	Missense	-0.996602099
2645	ATF7IP		No Mutation	-0.545067517
2646	ATF7IP	S171F	Missense	-0.430681762
2647	ATF7IP		No Mutation	0.017851267
2648	ATF7IP	S176F	Missense	0.2149566291661563
2649	ATF7IP		No Mutation	0.245840377203074
2650	ATF7IP	S181F	Missense	-0.106474055
2651	ATF7IP	V184V	Silent	0.088806097
2652	ATF7IP	V184V	Silent	-0.617517096
2653	ATF7IP		No Mutation	0.1309822286865729
2654	ATF7IP	P186F	Missense	1.0527832364921337
2655	ATF7IP		No Mutation	0.1166193029726759
2656	ATF7IP	G192S	Missense	-0.022544067
2657	ATF7IP	G192N	Missense	0.2328936734684812
2658	ATF7IP		No Mutation	-0.123682661
2659	ATF7IP	A196T	Missense	-0.849340551
2660	ATF7IP	A196V	Missense	0.5980213479154902
2661	ATF7IP		No Mutation	-0.483588043
2662	ATF7IP		No Mutation	-0.552536477
2663	ATF7IP	S206F	Missense	-0.131308291
2664	ATF7IP		No Mutation	0.0122639020496921
2665	ATF7IP		No Mutation	0.4418833563306443
2666	ATF7IP		No Mutation	-0.188383221
2667	ATF7IP	P209F	Missense	0.8426845357170654
2668	ATF7IP	P214P;V215I	Silent;Missense	0.4455094107779205
2669	ATF7IP	P214P;V215I	Silent;Missense	-0.017185785
2670	ATF7IP	V217I	Missense	-0.015462437
2671	ATF7IP	V217I	Missense	0.073574845
2672	ATF7IP	P216F	Missense	0.0616047520915126
2673	ATF7IP		No Mutation	0.4569073051537828
2674	ATF7IP	G222S	Missense	0.0461112366464553
2675	ATF7IP	G222N	Missense	0.1164375902544787
2676	ATF7IP	C224Y;A225T	Missense;Missense	0.057316109
2677	ATF7IP	C224Y;A225T	Missense;Missense	-0.110698632
2678	ATF7IP		No Mutation	0.07202878
2679	ATF7IP		No Mutation	0.0346996001419392
2680	ATF7IP		No Mutation	-0.433569031
2681	ATF7IP	S236F	Missense	-0.625342789
2682	ATF7IP	A250T	Missense	0.1852032174957463
2683	ATF7IP	D252N	Missense	-0.473497793
2684	ATF7IP	P249L	Missense	0.2882550665140022
2685	ATF7IP	S251F	Missense	0.4851699055360288
2686	ATF7IP	L254L;A255T	Silent;Missense	0.9679908525555874
2687	ATF7IP		No Mutation	-0.132978173
2688	ATF7IP		No Mutation	-0.70084963
2689	ATF7IP	L259L	Silent	0.4419200213897303
2690	ATF7IP		No Mutation	0.3505453082153581
2691	ATF7IP	L264L	Silent	-0.213892795
2692	ATF7IP	S266F	Missense	-0.004819168
2693	ATF7IP		No Mutation	-0.287988035
2694	ATF7IP	L269L	Silent	0.4843840232422199
2695	ATF7IP		No Mutation	0.4917566520620056
2696	ATF7IP		No Mutation	0.0276430080720584
2697	ATF7IP	E290K	Missense	-1.083392884
2698	ATF7IP	V294I	Missense	-0.190717726
2699	ATF7IP	V296I;C297Y	Missense;Missense	0.1127068060844095
2700	ATF7IP	V300I	Missense	-0.228166881
2701	ATF7IP	D304N	Missense	0.092874491
2702	ATF7IP	E307K	Missense	-0.157284063
2703	ATF7IP	D313N;D314N	Missense;Missense	-0.134875057
2704	ATF7IP	Q330*	Nonsense	-0.30740233
2705	ATF7IP	P365F	Missense	0.6535836297864331
2706	ATF7IP		No Mutation	0.6891981961619653
2707	ATF7IP	I376I;T377I	Silent;Missense	-0.145487904
2708	ATF7IP	A385V	Missense	-0.244426926
2709	ATF7IP		No Mutation	-0.524323708
2710	ATF7IP		No Mutation	0.2963003957049453
2711	ATF7IP		No Mutation	-0.166320194
2712	ATF7IP	L442F	Missense	-2.014370963
2713	ATF7IP		No Mutation	-0.222478194
2714	ATF7IP	E462E	Silent	-0.076319997
2715	ATF7IP		No Mutation	-0.422607253
2716	ATF7IP		No Mutation	-0.222197451
2717	ATF7IP		No Mutation	-0.088347196
2718	ATF7IP		No Mutation	-0.482911588
2719	ATF7IP	S483N;S484N	Missense;Missense	-0.047303016
2720	ATF7IP	P488L	Missense	-0.186514693
2721	ATF7IP	L493L;V494I	Silent;Missense	-0.334434408
2722	ATF7IP	D497N	Missense	-0.010943963
2723	ATF7IP	V494V;L495F	Silent;Missense	-0.204960416
2724	ATF7IP		No Mutation	-0.43277258
2725	ATF7IP	E499E;D500N	Silent;Missense	0.027159819
2726	ATF7IP		No Mutation	-0.593907835
2727	ATF7IP		No Mutation	0.1599029460979475
2728	ATF7IP		No Mutation	0.3854044522998433
2729	ATF7IP		No Mutation	0.068805549
2730	ATF7IP		No Mutation	0.5648181299273268
2731	ATF7IP	V537I	Missense	-0.404147499
2732	ATF7IP		No Mutation	-0.17586804
2733	ATF7IP	S557F	Missense	0.041621115
2734	ATF7IP	R569C	Missense	0.6178681546191662
2735	ATF7IP		No Mutation	0.6361113240578035
2736	ATF7IP		No Mutation	-0.938685985
2737	ATF7IP	Q593Q	Silent	-0.254315897
2738	ATF7IP	N592N;Q593*	Silent;Nonsense	0.3689937764760396
2739	ATF7IP		No Mutation	1.2082518591121776
2740	ATF7IP	(NC)	Intron	-0.021242904
2741	ATF7IP		No Mutation	0.3649351171177444
2742	ATF7IP		No Mutation	-0.312683624
2743	ATF7IP		No Mutation	-0.022531776
2744	ATF7IP		No Mutation	-0.014803174
2745	ATF7IP	L639F	Missense	0.3866965174512383
2746	ATF7IP		No Mutation	-0.462471591
2747	ATF7IP	R652H	Missense	-0.813076426
2748	ATF7IP	A656T	Missense	0.00014157
2749	ATF7IP		No Mutation	0.2730458962084457
2750	ATF7IP		No Mutation	-0.052789234
2751	ATF7IP		No Mutation	0.5686251533945709
2752	ATF7IP		No Mutation	0.07363777
2753	ATF7IP		No Mutation	0.1421382498153472
2754	ATF7IP	N669N;P670L	Silent;Missense	0.2619276781426999
2755	ATF7IP	V672I	Missense	-0.386501054
2756	ATF7IP		No Mutation	3.912951093969338
2757	ATF7IP		No Mutation	-0.343470647
2758	ATF7IP		No Mutation	-0.163964039
2759	ATF7IP		No Mutation	-0.041448143
2760	ATF7IP	G693G;T694I	Silent;Missense	0.0541992855594349
2761	ATF7IP	S706N;E707K	Missense;Missense	-0.081928452
2762	ATF7IP		No Mutation	-0.561637514
2763	ATF7IP	V717M	Missense	-0.511866418
2764	ATF7IP	Q714*;T715I	Nonsense;Missense	0.6299156596012263
2765	ATF7IP	V717V	Silent	-0.657513704
2766	ATF7IP		No Mutation	0.079103322
2767	ATF7IP		No Mutation	0.1541644688420969
2768	ATF7IP	S733N;S734N	Missense;Missense	-0.180252127
2769	ATF7IP	S734N	Missense	-0.0552278
2770	ATF7IP	V742M	Missense	-0.11682303
2771	ATF7IP	Q739*	Nonsense	0.0209919635961948
2772	ATF7IP	Q739*;T740I	Nonsense;Missense	0.3124631506302759
2773	ATF7IP		No Mutation	0.1606272166127684
2774	ATF7IP	V752I	Missense	-0.28121516
2775	ATF7IP	V752I	Missense	-0.071893683
2776	ATF7IP	A759T	Missense	-0.041174516
2777	ATF7IP	V761I;V762I	Missense;Missense	0.1730473819759508
2778	ATF7IP	V762I	Missense	0.3745217458370868
2779	ATF7IP		No Mutation	-0.173828292
2780	ATF7IP	T764I;T765I	Missense;Missense	-0.127292587
2781	ATF7IP	Q773Q	Silent	0.2017319956174251
2782	ATF7IP		No Mutation	0.6444167616406927
2783	ATF7IP		No Mutation	0.066991742
2784	ATF7IP		No Mutation	0.0541577754593367
2785	ATF7IP	Q779Q	Silent	-0.193298449
2786	ATF7IP	L785L	Silent	0.5690812396064462
2787	ATF7IP	V787I	Missense	0.4101168660914565
2788	ATF7IP		No Mutation	-0.22802469
2789	ATF7IP		No Mutation	0.1177340117955212
2790	ATF7IP	Q799Q	Silent	-1.21824111
2791	ATF7IP	Q799Q	Silent	-0.045451989
2792	ATF7IP	L797F;L798L	Missense;Silent	-0.525623378
2793	ATF7IP	S800N	Missense	-0.186537955
2794	ATF7IP	L798L	Silent	-0.632627562
2795	ATF7IP	S800S;H801Y	Silent;Missense	-0.121375828
2796	ATF7IP	L805L;V806I	Silent;Missense	0.4446827330874284
2797	ATF7IP		No Mutation	1.512080738006682
2798	ATF7IP	T807I	Missense	0.4033846121135188
2799	ATF7IP	E815K	Missense	0.2609648875060911
2800	ATF7IP	S821S;P822L	Silent;Missense	0.4683776176827199
2801	ATF7IP	G827N	Missense	0.3691960540353087
2802	ATF7IP	G827N	Missense	0.2031373658308706
2803	ATF7IP		No Mutation	-0.785407194
2804	ATF7IP		No Mutation	0.4900438482901738
2805	ATF7IP		No Mutation	0.7131714822299717
2806	ATF7IP		No Mutation	0.005496307
2807	ATF7IP		No Mutation	0.2232853765644293
2808	ATF7IP		No Mutation	-0.747297531
2809	ATF7IP	V847I	Missense	0.1428273047060509
2810	ATF7IP	V847I	Missense	-0.52887249
2811	ATF7IP	V850M	Missense	-0.313288801
2812	ATF7IP	S854N	Missense	0.08012892
2813	ATF7IP	P851L	Missense	-0.637388762
2814	ATF7IP	R857K	Missense	0.7848423983295282
2815	ATF7IP	R857K	Missense	0.074034663
2816	ATF7IP		No Mutation	-0.243286759
2817	ATF7IP	A861V	Missense	-0.265598704
2818	ATF7IP	A864T	Missense	0.1651026991054324
2819	ATF7IP	A861V	Missense	0.1536530900661541
2820	ATF7IP	A864T	Missense	0.1023244067225239
2821	ATF7IP	L866L;G867K	Silent;Missense	0.387770902
2822	ATF7IP	A871T	Missense	-0.254186907
2823	ATF7IP	T868I	Missense	-0.061783951
2824	ATF7IP	V882I	Missense	0.3783381592215439
2825	ATF7IP	S880F	Missense	0.7805635496930932
2826	ATF7IP		No Mutation	-0.359648914
2827	ATF7IP	T887I	Missense	0.1162723591748225
2828	ATF7IP	T887I;S888F	Missense;Missense	-0.314129314
2829	ATF7IP	P890F;T891I	Missense;Missense	0.1897350143542988
2830	ATF7IP	G896K	Missense	0.4165257265663899
2831	ATF7IP	G896K	Missense	0.1184298856870336
2832	ATF7IP	S899N	Missense	0.5435566924280207
2833	ATF7IP	S899N	Missense	-0.31852501
2834	ATF7IP	P900L	Missense	2.506881378028544
2835	ATF7IP	G905N	Missense	0.0199081626995478
2836	ATF7IP	S917N	Missense	-0.332482955
2837	ATF7IP	T928I	Missense	-0.186587824
2838	ATF7IP	(NC);(NC)	Splice-donor;Intron	-1.786725333
2839	ATF7IP	(NC)	Intron	-0.945416328
2840	ATF7IP	(NC)	Intron	-0.861204839
2841	ATF7IP		No Mutation	-0.651545659
2842	ATF7IP		No Mutation	0.1317828410677161
2843	ATF7IP	A949V	Missense	-0.577934092
2844	ATF7IP	(NC)	Intron	0.1633256300925926
2845	ATF7IP	T959I	Missense	-0.923473585
2846	ATF7IP	S964N	Missense	-0.256665353
2847	ATF7IP	V966V	Silent	-0.354846099
2848	ATF7IP		No Mutation	-0.334310487
2849	ATF7IP		No Mutation	-0.735704341
2850	ATF7IP	S994N	Missense	0.4513887704233087
2851	ATF7IP	Q997Q	Silent	-0.519406227
2852	ATF7IP	L1003L	Silent	0.083882841
2853	ATF7IP		No Mutation	0.1291094219226624
2854	ATF7IP	P1010P	Silent	0.093554563
2855	ATF7IP	P1010P	Silent	-0.034696054
2856	ATF7IP	P1010L;P1011F	Missense;Missense	0.6641231777158343
2857	ATF7IP		No Mutation	-0.072935881
2858	ATF7IP	P1010L;P1011F	Missense;Missense	0.2168541990188062
2859	ATF7IP	P1011F;L1012F	Missense;Missense	0.4535483809463101
2860	ATF7IP	G1016K	Missense	0.5934795357853624
2861	ATF7IP	G1016K;V1017M	Missense;Missense	-0.229912397
2862	ATF7IP	S1015F	Missense	-0.682258293
2863	ATF7IP	S1020N	Missense	-0.40385612
2864	ATF7IP		No Mutation	0.5590333889757371
2865	ATF7IP		No Mutation	0.4377471314538931
2866	ATF7IP	H1028Y	Missense	0.5460989822554729
2867	ATF7IP		No Mutation	-0.282120001
2868	ATF7IP		No Mutation	-0.234893989
2869	ATF7IP	(NC);(NC)	Intron;Intron	-0.053810146
2870	ATF7IP		No Mutation	-0.930275474
2871	ATF7IP	V1039I	Missense	-0.131090436
2872	ATF7IP	R1042H	Missense	-0.701848905
2873	ATF7IP	H1041Y;R1042C	Missense;Missense	-0.199177931
2874	ATF7IP		No Mutation	0.025536027
2875	ATF7IP		No Mutation	-0.590043273
2876	ATF7IP	A1058T	Missense	-0.133679378
2877	ATF7IP	A1058T	Missense	-0.285361613
2878	ATF7IP	A1056V;P1057S	Missense;Missense	0.4480060297537267
2879	ATF7IP		No Mutation	0.2047579587656259
2880	ATF7IP	P1057F	Missense	0.007154519
2881	ATF7IP	V1062I;V1063I	Missense;Missense	-0.171024237
2882	ATF7IP		No Mutation	-0.741349773
2883	ATF7IP		No Mutation	0.2612530235025206
2884	ATF7IP	P1068F	Missense	0.9314827386781016
2885	ATF7IP	Q1073Q;A1074T	Silent;Missense	0.2008608552817736
2886	ATF7IP	A1072V;Q1073*	Missense;Nonsense	-1.498223394
2887	ATF7IP		No Mutation	0.1366185522606386
2888	ATF7IP	L1076L;R1077Q	Silent;Missense	0.2033295839543814
2889	ATF7IP	R1077*	Nonsense	-0.173258642
2890	ATF7IP	V1080I	Missense	0.090648927
2891	ATF7IP	M1081I	Missense	-1.051012992
2892	ATF7IP	Q1082*	Nonsense	-1.25167033
2893	ATF7IP	A1083V;P1084S	Missense;Missense	0.8110231040217055
2894	ATF7IP	V1089I	Missense	0.0172049777518159
2895	ATF7IP		No Mutation	-0.22368261
2896	ATF7IP	(NC)	Intron	0.4937162142478959
2897	ATF7IP	V1106I	Missense	-0.873115086
2898	ATF7IP	T1104I	Missense	0.051866744
2899	ATF7IP		No Mutation	-0.915435629
2900	ATF7IP	N1108N	Silent	0.3550958449929645
2901	ATF7IP	N1108N	Silent	0.4777474296649466
2902	ATF7IP	L1111L;T1112I	Silent;Missense	0.4218676322146402
2903	ATF7IP	G1117E	Missense	-0.291795709
2904	ATF7IP		No Mutation	-0.691029467
2905	ATF7IP		No Mutation	0.1117565712193742
2906	ATF7IP	V1129V	Silent	0.2218742942617568
2907	ATF7IP	(NC)	Splice-donor	-0.001347059
2908	ATF7IP	(NC);(NC)	Splice-donor;Intron	-1.396050532
2909	ATF7IP	T1131I	Missense	0.3086278591496865
2910	ATF7IP		No Mutation	-0.157536044
2911	ATF7IP	E1132E	Silent	0.075479317
2912	ATF7IP		No Mutation	0.079300333
2913	ATF7IP		No Mutation	0.1653672571545892
2914	ATF7IP	A1140T	Missense	0.6182277217588436
2915	ATF7IP	A1140T	Missense	-0.02962866
2916	ATF7IP		No Mutation	0.4516260275721944
2917	ATF7IP		No Mutation	-0.194310133
2918	ATF7IP		No Mutation	-0.034944808
2919	ATF7IP	E1144K;A1145T	Missense;Missense	-0.138164562
2920	ATF7IP	E1144K;A1145T	Missense;Missense	0.1935820377269222
2921	ATF7IP		No Mutation	-0.868918015
2922	ATF7IP		No Mutation	0.0581213006313739
2923	ATF7IP		No Mutation	-0.16819359
2924	ATF7IP	L1151L	Silent	-0.817986035
2925	ATF7IP	E1154K	Missense	-0.808352671
2926	ATF7IP	S1157N	Missense	0.6241554458438558
2927	ATF7IP	S1157N	Missense	-0.71478504
2928	ATF7IP		No Mutation	-0.329039186
2929	ATF7IP		No Mutation	0.1789413235479167
2930	ATF7IP	Q1162Q	Silent	0.1602070625398697
2931	ATF7IP	L1166L	Silent	-0.433889188
2932	ATF7IP	A1169T;R1170H	Missense;Missense	0.046085803
2933	ATF7IP	R1170C	Missense	0.3010434510388623
2934	ATF7IP	G1176G	Silent	-0.134228454
2935	ATF7IP	L1179L	Silent	0.2522535486172541
2936	ATF7IP	S1180L	Missense	0.3215342653100827
2937	ATF7IP		No Mutation	0.2013699299882118
2938	ATF7IP	S1189N	Missense	0.4196412218709069
2939	ATF7IP		No Mutation	0.1946406149367923
2940	ATF7IP	L1198F	Missense	-0.443591409
2941	ATF7IP	E1203K	Missense	0.003970312
2942	ATF7IP	A1207T	Missense	-0.264814818
2943	ATF7IP		No Mutation	-0.238026726
2944	ATF7IP	A1207V;T1208I	Missense;Missense	-0.521879649
2945	ATF7IP		No Mutation	-0.253389043
2946	ATF7IP	W1213*	Nonsense	-0.804624027
2947	ATF7IP	S1211L;Q1212*	Missense;Nonsense	0.439494872
2948	ATF7IP	S1211L;Q1212*	Missense;Nonsense	-0.152480636
2949	ATF7IP	Q1212*	Nonsense	-1.330062938
2950	ATF7IP		No Mutation	-0.081193358
2951	ATF7IP	A1221V;L1222F	Missense;Missense	-0.088093668
2952	ATF7IP	C1228Y	Missense	-0.925712464
2953	ATF7IP	C1228Y	Missense	0.048860829
2954	ATF7IP		No Mutation	-0.141345256
2955	ATF7IP		No Mutation	0.02927220622159
2956	ATF7IP	L1230F;T1231I	Missense;Missense	-0.216006325
2957	ATF7IP	G1236D;S1237N	Missense;Missense	0.8880958081840631
2958	ATF7IP	S1237N	Missense	0.5663873854434424
2959	ATF7IP	Y1240Y	Silent	0.1169915341173372
2960	ATF7IP	R1244*;A1245V	Nonsense;Missense	-0.497515976
2961	ATF7IP		No Mutation	-0.0919083
2962	ATF7IP	G1250E;R1251H	Missense;Missense	0.2368739893457796
2963	ATF7IP	Q1259Q	Silent	0.0259391349056193
2964	ATF7IP	V1263I	Missense	-0.27529471
2965	ATF7IP	T1267T;Q1268*	Silent;Nonsense	0.5203594838581884
2966	ATF7IP	(NC)	UTR	-0.276555536
2967	ATF7IP	(NC);(NC)	UTR;UTR	0.7148837842583493
2968	ATF7IP		No Mutation	-0.693762973
2969	ATF7IP2	(NC);(NC)	Intron;Intron	0.023000938
2970	ATF7IP2	M1I;A2T	Missense;Missense	0.021561574
2971	ATF7IP2	P4L	Missense	-0.349472679
2972	ATF7IP2	R9Q	Missense	0.195934379
2973	ATF7IP2	T17I	Missense	0.5532814317190397
2974	ATF7IP2	K24K	Silent	0.2021984850040589
2975	ATF7IP2	K24K	Silent	0.1365516846028978
2976	ATF7IP2	K24K;V26I	Silent;Missense	-0.33841872
2977	ATF7IP2	E27E;M28I	Silent;Missense	-0.550225298
2978	ATF7IP2		No Mutation	0.3492948540473133
2979	ATF7IP2	A37V;L38L	Missense;Silent	-0.311060359
2980	ATF7IP2	A37V;L38L	Missense;Silent	0.3419283349942581
2981	ATF7IP2		No Mutation	-0.036419806
2982	ATF7IP2	S52N	Missense	0.1217168036369935
2983	ATF7IP2	P55F	Missense	-0.576549125
2984	ATF7IP2	R60K	Missense	0.614240636
2985	ATF7IP2		No Mutation	0.1346523731814917
2986	ATF7IP2		No Mutation	-0.434009243
2987	ATF7IP2	V103I	Missense	-0.478714187
2988	ATF7IP2	H104Y	Missense	0.2479536455432116
2989	ATF7IP2		No Mutation	0.1463890418488006
2990	ATF7IP2	E124K	Missense	0.3179594462507297
2991	ATF7IP2		No Mutation	0.5872000839585985
2992	ATF7IP2	S127S	Silent	-0.837569107
2993	ATF7IP2	E132K	Missense	-0.121381517
2994	ATF7IP2	E132K	Missense	0.3246417905248231
2995	ATF7IP2	E132K	Missense	-0.111613327
2996	ATF7IP2	E159E;G160K	Silent;Missense	0.0243367227680226
2997	ATF7IP2	E159E;G160K;A161T	Silent;Missense;Missense	0.066021549
2998	ATF7IP2	S172N	Missense	0.3639521177724745
2999	ATF7IP2	P170L;P171F	Missense;Missense	-0.014062163
3000	ATF7IP2	S175N;G176N	Missense;Missense	0.1302582339230133
3001	ATF7IP2	G176N;V177I	Missense;Missense	0.1701433417886979
3002	ATF7IP2	G176D;V177I	Missense;Missense	0.2985691243840587
3003	ATF7IP2	S187N	Missense	-0.146142653
3004	ATF7IP2	T184I	Missense	-0.364956205
3005	ATF7IP2	T184I	Missense	0.3930521343224331
3006	ATF7IP2	K192K	Silent	0.8884497159046106
3007	ATF7IP2	D191D	Silent	-0.109546063
3008	ATF7IP2	E202K	Missense	0.4966907339659161
3009	ATF7IP2		No Mutation	-0.297249488
3010	ATF7IP2	S207L	Missense	0.2474350500183521
3011	ATF7IP2	D211N	Missense	-0.066309075
3012	ATF7IP2		No Mutation	-0.739686079
3013	ATF7IP2	V239I	Missense	-0.397672749
3014	ATF7IP2	C262Y;E263K	Missense;Missense	0.18860908
3015	ATF7IP2		No Mutation	0.1287561000969554
3016	ATF7IP2	S279S;H280Y	Silent;Missense	-0.126644232
3017	ATF7IP2		No Mutation	-0.086563986
3018	ATF7IP2		No Mutation	-0.729778146
3019	ATF7IP2	Q314*	Nonsense	0.1106923796340342
3020	ATF7IP2	T315I	Missense	-0.343999477
3021	ATF7IP2		No Mutation	-0.246605294
3022	ATF7IP2	Q320*	Nonsense	0.925903341870952
3023	ATF7IP2	Q320*	Nonsense	-0.144852138
3024	ATF7IP2		No Mutation	0.3617441373441968
3025	ATF7IP2	V321V;H323Y	Silent;Missense	-0.070560601
3026	ATF7IP2		No Mutation	0.5389055546511565
3027	ATF7IP2		No Mutation	-0.249263283
3028	ATF7IP2	K350K;E352K	Silent;Missense	0.1397255520698452
3029	ATF7IP2	C353C	Silent	-0.031064261
3030	ATF7IP2		No Mutation	0.3708741896365739
3031	ATF7IP2	T377I	Missense	-0.166042085
3032	ATF7IP2	N389N	Silent	0.2531884233933321
3033	ATF7IP2	S393N	Missense	-0.648320255
3034	ATF7IP2	S392S	Silent	-0.479938863
3035	ATF7IP2	K398K	Silent	0.4820396065004678
3036	ATF7IP2		No Mutation	-0.829342274
3037	ATF7IP2		No Mutation	0.63831998
3038	ATF7IP2	A400T	Missense	0.2595952894745148
3039	ATF7IP2		No Mutation	-0.493745296
3040	ATF7IP2	S402L	Missense	0.2050734703792117
3041	ATF7IP2	S428F	Missense	-0.039596791
3042	ATF7IP2		No Mutation	-0.2428386
3043	ATF7IP2	S447F	Missense	0.010825486
3044	ATF7IP2		No Mutation	0.1314919723037494
3045	ATF7IP2		No Mutation	0.1154914928092117
3046	ATF7IP2	T471I	Missense	0.5059434934538509
3047	ATF7IP2		No Mutation	-0.490831288
3048	ATF7IP2	(NC)	Intron	0.1253909703760812
3049	ATF7IP2	T477I	Missense	0.6908808042162461
3050	ATF7IP2	P489F	Missense	0.3216018845521851
3051	ATF7IP2	M494I;(NC)	Missense;Splice-donor	-0.02557079
3052	ATF7IP2	M494I;(NC);(NC)	Missense;Splice-donor;Intron	-0.037850755
3053	ATF7IP2		No Mutation	0.000680604
3054	ATF7IP2	L511L;S512F	Silent;Missense	0.088957759
3055	ATF7IP2	E517K	Missense	-0.119253977
3056	ATF7IP2	N513N;C514C	Silent;Silent	-0.008330913
3057	ATF7IP2	(NC)	Splice-acceptor	0.1871022376603864
3058	ATF7IP2	P519S	Missense	-0.222939894
3059	ATF7IP2	E524K	Missense	0.6087991108795557
3060	ATF7IP2	S527S	Silent	0.2760671106151664
3061	ATF7IP2	S527S	Silent	-0.688140926
3062	ATF7IP2	S527S	Silent	-0.395152211
3063	ATF7IP2	S527S	Silent	-0.698111589
3064	ATF7IP2	S527S;A529T	Silent;Missense	-0.736349857
3065	ATF7IP2	A529V	Missense	0.9694130201567872
3066	ATF7IP2		No Mutation	-0.087191496
3067	ATF7IP2	A540V;Q541*	Missense;Nonsense	0.056546991
3068	ATF7IP2	(NC);(NC)	Intron;Intron	-0.217924287
3069	ATF7IP2	(NC)	Intron	0.059588968804841
3070	ATF7IP2		No Mutation	0.0258962660764274
3071	ATF7IP2		No Mutation	-0.107143507
3072	ATF7IP2	E558K	Missense	0.2533795602224496
3073	ATF7IP2		No Mutation	0.4259149618764309
3074	ATF7IP2	A561T	Missense	-0.73095661
3075	ATF7IP2		No Mutation	-0.283654566
3076	ATF7IP2		No Mutation	-0.230479678
3077	ATF7IP2	E565K	Missense	3.777558180790045
3078	ATF7IP2	E565K	Missense	0.2823874580446825
3079	ATF7IP2	V567I;D568N	Missense;Missense	-0.71460094
3080	ATF7IP2		No Mutation	0.1866639569464825
3081	ATF7IP2		No Mutation	-0.0573334
3082	ATF7IP2	E580K	Missense	-0.4920141
3083	ATF7IP2		No Mutation	-0.003753337
3084	ATF7IP2		No Mutation	-0.44621142
3085	ATF7IP2	V583M	Missense	0.2156650977408147
3086	ATF7IP2	P579L	Missense	0.3183938675204513
3087	ATF7IP2	L581F	Missense	0.1220989138969544
3088	ATF7IP2	R585Q	Missense	0.46499271
3089	ATF7IP2	G591G	Silent	0.0194306010981839
3090	ATF7IP2	L594L	Silent	0.22376163689281
3091	ATF7IP2	L594L	Silent	0.090295078
3092	ATF7IP2		No Mutation	-0.163485319
3093	ATF7IP2	K604K;C605Y	Silent;Missense	-0.09507522
3094	ATF7IP2	V608I;E609K	Missense;Missense	0.2182127762913633
3095	ATF7IP2	E609K	Missense	0.1475031997087807
3096	ATF7IP2		No Mutation	-0.441348482
3097	ATF7IP2	E618K	Missense	-1.521310461
3098	ATF7IP2		No Mutation	-0.252179245
3099	ATF7IP2	S620F	Missense	0.086339847
3100	ATF7IP2		No Mutation	-0.014311578
3101	ATF7IP2	A634V	Missense	0.1330083350240931
3102	ATF7IP2	C641Y	Missense	0.2164140606740056
3103	ATF7IP2		No Mutation	0.2920931618429215
3104	ATF7IP2		No Mutation	-0.107280428
3105	ATF7IP2		No Mutation	-0.249021135
3106	ATF7IP2	Q645Q	Silent	0.0471565945702885
3107	ATF7IP2		No Mutation	-0.151095208
3108	ATF7IP2		No Mutation	-0.152422743
3109	ATF7IP2		No Mutation	0.1448154823451475
3110	ATF7IP2		No Mutation	-0.470958287
3111	SETDB2	(NC)	UTR	0.3994947951108462
3112	SETDB2	(NC)	UTR	-0.236383293
3113	SETDB2		No Mutation	0.1204540758594593
3114	SETDB2		No Mutation	0.2268640300490627
3115	SETDB2	G6G	Silent	0.023685456
3116	SETDB2	A8V	Missense	-0.248480656
3117	SETDB2		No Mutation	-0.08336992
3118	SETDB2		No Mutation	1.0871479682497398
3119	SETDB2	Q37*	Nonsense	0.2954150688958951
3120	SETDB2	Q37*	Nonsense	0.091004054
3121	SETDB2	S43F	Missense	0.5605712132539837
3122	SETDB2	(NC);(NC)	Intron;Intron	-0.217061091
3123	SETDB2	(NC)	Intron	-0.070209539
3124	SETDB2	V56I	Missense	-0.207339345
3125	SETDB2	N63N	Silent	0.4878584395714811
3126	SETDB2	S65L	Missense	0.432057088
3127	SETDB2		No Mutation	0.09718689
3128	SETDB2	A71T	Missense	-0.329873174
3129	SETDB2		No Mutation	0.3992038217520188
3130	SETDB2	Q73Q	Silent	-0.318991223
3131	SETDB2		No Mutation	-0.271806388
3132	SETDB2	(NC)	Intron	0.1842866206227767
3133	SETDB2	(NC)	Intron	-0.81090225
3134	SETDB2	P85S	Missense	-0.102421163
3135	SETDB2	Q88Q	Silent	0.039412367706355
3136	SETDB2		No Mutation	0.3850596601631546
3137	SETDB2	E90K	Missense	0.1174672415277431
3138	SETDB2		No Mutation	-0.158305574
3139	SETDB2	C111Y	Missense	0.0336124983115158
3140	SETDB2		No Mutation	-0.34569099
3141	SETDB2	(NC)	Intron	0.4911599303425893
3142	SETDB2	Q143*	Nonsense	0.1362638652327028
3143	SETDB2	G149S	Missense	-0.330790595
3144	SETDB2	P156S	Missense	0.8249919587724864
3145	SETDB2	P156L	Missense	1.0392619732667912
3146	SETDB2		No Mutation	0.3292400150050397
3147	SETDB2		No Mutation	0.3203651133720171
3148	SETDB2		No Mutation	0.749505727
3149	SETDB2	K179K	Silent	-1.128482057
3150	SETDB2		No Mutation	-0.478843621
3151	SETDB2		No Mutation	0.2570595818081815
3152	SETDB2	S198N	Missense	0.2834288840974654
3153	SETDB2		No Mutation	0.4558172997367856
3154	SETDB2	R200Q	Missense	0.1254606279799625
3155	SETDB2		No Mutation	-0.062829439
3156	SETDB2	L199L	Silent	-0.039292783
3157	SETDB2	E213E;C214Y	Silent;Missense	0.2478589873312625
3158	SETDB2	F224F	Silent	-0.025133105
3159	SETDB2	T226I	Missense	-0.117000995
3160	SETDB2	R232Q	Missense	-0.36704875
3161	SETDB2		No Mutation	0.1944166964360404
3162	SETDB2		No Mutation	0.5865781391614399
3163	SETDB2		No Mutation	-0.164862035
3164	SETDB2	E260K	Missense	0.7694859459570125
3165	SETDB2	E260K	Missense	0.1719406288130103
3166	SETDB2	R272K	Missense	-0.15402419
3167	SETDB2	R272K	Missense	-0.1962652
3168	SETDB2	Y271Y	Silent	-0.053288152
3169	SETDB2		No Mutation	-0.905208661
3170	SETDB2	M288I	Missense	0.1979500850406317
3171	SETDB2		No Mutation	0.4316317650153214
3172	SETDB2	S292F	Missense	0.1683547693001788
3173	SETDB2	S292F	Missense	0.1927770455512924
3174	SETDB2	E297E;G298N	Silent;Missense	-0.066436956
3175	SETDB2		No Mutation	0.057026353
3176	SETDB2		No Mutation	-0.104670346
3177	SETDB2	(NC)	Splice-acceptor	-0.268507014
3178	SETDB2	L308F	Missense	0.1630438317982199
3179	SETDB2	L320L	Silent	-0.090701715
3180	SETDB2		No Mutation	0.2965106173288339
3181	SETDB2	Q335*	Nonsense	0.3980662946654351
3182	SETDB2		No Mutation	0.0519407292781015
3183	SETDB2	Q337*	Nonsense	-0.070060697
3184	SETDB2	T340I	Missense	-0.183527445
3185	SETDB2		No Mutation	0.3174292078550436
3186	SETDB2		No Mutation	-0.508641621
3187	SETDB2	N358N;R359*	Silent;Nonsense	-0.018696965
3188	SETDB2	G364N	Missense	0.2831756284226905
3189	SETDB2	H363Y	Missense	-0.088799091
3190	SETDB2	V367I	Missense	-0.010420095
3191	SETDB2	P365F;Q366*	Missense;Nonsense	0.5053284249760857
3192	SETDB2	Q370Q;V371M	Silent;Missense	-0.127299403
3193	SETDB2	F372F	Silent	-0.164449727
3194	SETDB2	F372F	Silent	0.3742189726798389
3195	SETDB2	T374I	Missense	0.4575235411724188
3196	SETDB2	T374I	Missense	-0.011384738
3197	SETDB2	T374I	Missense	0.158407545
3198	SETDB2	L384L	Silent	-0.302525158
3199	SETDB2		No Mutation	-0.385947349
3200	SETDB2		No Mutation	0.62787826
3201	SETDB2		No Mutation	-0.11055804
3202	SETDB2	N405N;T406I	Silent;Missense	0.337272193694582
3203	SETDB2		No Mutation	-0.26101266
3204	SETDB2		No Mutation	0.121384863
3205	SETDB2		No Mutation	-0.28136283
3206	SETDB2	L444F	Missense	-0.435497488
3207	SETDB2		No Mutation	0.24811931
3208	SETDB2		No Mutation	0.2408533388433606
3209	SETDB2		No Mutation	-0.477758984
3210	SETDB2	F464F	Silent	-0.740084105
3211	SETDB2		No Mutation	0.9568341925220554
3212	SETDB2	V473M;(NC)	Missense;Splice-donor	0.0556695798810912
3213	SETDB2	(NC)	Splice-donor	-0.02707776
3214	SETDB2		No Mutation	0.2032979911333663
3215	SETDB2	T475T	Silent	-0.186361318
3216	SETDB2	A497T	Missense	0.4053755048514083
3217	SETDB2		No Mutation	0.2292171439258521
3218	SETDB2	G503K	Missense	-0.389308169
3219	SETDB2	H501Y	Missense	0.4682295035078136
3220	SETDB2		No Mutation	-0.206762448
3221	SETDB2		No Mutation	0.2886069304789501
3222	SETDB2	E507K	Missense	0.6840669860192771
3223	SETDB2		No Mutation	-0.081230047
3224	SETDB2	T515I;P516L	Missense;Missense	1.38208863134356
3225	SETDB2	G521K	Missense	-0.126096694
3226	SETDB2	L529L	Silent	-0.174050508
3227	SETDB2		No Mutation	-2.428451946
3228	SETDB2		No Mutation	0.2139773829161637
3229	SETDB2	L529L	Silent	-0.043310106
3230	SETDB2	L529L	Silent	0.2869330880775832
3231	SETDB2	T533I	Missense	0.1598057524412282
3232	SETDB2	(NC);(NC);(NC)	Splice-donor;Intron;Intron	0.19808438
3233	SETDB2	(NC);(NC)	Intron;Intron	-0.111622828
3234	SETDB2	(NC);K538K;D539N	Splice-acceptor;Silent;Missense	-0.485507983
3235	SETDB2	E549K;D550N	Missense;Missense	0.1447476013113746
3236	SETDB2		No Mutation	0.4057579
3237	SETDB2		No Mutation	0.006943475
3238	SETDB2	C574Y	Missense	-0.94669605
3239	SETDB2		No Mutation	-0.241187641
3240	SETDB2	N575N;Q576*	Silent;Nonsense	-0.372435554
3241	SETDB2	L580L;D581N	Silent;Missense	0.3450670144787638
3242	SETDB2	Q583Q	Silent	-0.159795266
3243	SETDB2	Q583*	Nonsense	0.2787460651592456
3244	SETDB2		No Mutation	0.1995321276354376
3245	SETDB2	Q594*	Nonsense	-0.025017903
3246	SETDB2	Q594*	Nonsense	0.5974528080958585
3247	SETDB2		No Mutation	0.1342199855556844
3248	SETDB2		No Mutation	0.2366444017832663
3249	SETDB2	A603T	Missense	-0.183345575
3250	SETDB2	A603V	Missense	0.3963288667920435
3251	SETDB2	D625N	Missense	-0.652307843
3252	SETDB2	T628I	Missense	0.077521655
3253	SETDB2		No Mutation	-0.33659195
3254	SETDB2	T641I	Missense	-0.012906195
3255	SETDB2	F649F;L650F	Silent;Missense	-0.48674487
3256	SETDB2	F649F;L650F	Silent;Missense	-0.485661044
3257	SETDB2	(NC);(NC)	Intron;Intron	0.2265982006024419
3258	SETDB2	(NC);(NC);(NC)	Intron;Intron;Intron	0.3524587138620587
3259	SETDB2		No Mutation	0.5096608237200626
3260	SETDB2		No Mutation	-0.203081783
3261	SETDB2	Q661Q	Silent	-0.110422799
3262	SETDB2	Q661Q	Silent	-0.205901147
3263	SETDB2		No Mutation	-0.789793799
3264	SETDB2	A676V	Missense	0.2876078606644079
3265	SETDB2	(NC)	Intron	0.1416935906643943
3266	SETDB2	A685V	Missense	0.2737988447596436
3267	SETDB2		No Mutation	0.085088866
3268	SETDB2	L689L	Silent	-0.429127778
3269	SETDB2		No Mutation	-0.362751375
3270	SETDB2		No Mutation	0.4190784523361079
3271	SETDB2		No Mutation	0.2529773282493212
3272	SETDB2	C707Y	Missense	0.3438234257120111
3273	SETDB2		No Mutation	0.2554062340465705
3274	SETDB2	I705I	Silent	-0.049624201
3275	SETDB2	I705I	Silent	-0.144806281
3276	SETDB2		No Mutation	-0.290106691
3277	EHMT1	(NC);(NC)	UTR;UTR	-0.446518489
3278	EHMT1	(NC);(NC)	UTR;UTR	0.4253424568690633
3279	EHMT1	(NC);(NC);(NC)	UTR;UTR;UTR	0.098896747
3280	EHMT1	A4T	Missense	0.1344571964477522
3281	EHMT1	A4T;D5N	Missense;Missense	0.033990092
3282	EHMT1	A2V	Missense	-0.31853675
3283	EHMT1	A6T	Missense	-0.647847687
3284	EHMT1	E7E;(NC);(NC)	Silent;Splice-donor;Intron	0.1823549834709952
3285	EHMT1	A6V	Missense	0.0223401971171892
3286	EHMT1	A6V	Missense	-0.046333021
3287	EHMT1	(NC);(NC)	Intron;Intron	0.6318413931428024
3288	EHMT1	A6V	Missense	0.356030997
3289	EHMT1	(NC);(NC)	Intron;Intron	0.2731298330148594
3290	EHMT1		No Mutation	0.320396093
3291	EHMT1		No Mutation	0.08706027
3292	EHMT1	(NC)	Intron	0.4858216808835041
3293	EHMT1	(NC);(NC);(NC)	Intron;Intron;Intron	-0.267053371
3294	EHMT1	(NC)	Intron	-0.054059797
3295	EHMT1	(NC)	Intron	0.4136826315423152
3296	EHMT1	(NC);(NC)	Intron;Intron	0.1281768340151703
3297	EHMT1		No Mutation	0.4272802385878614
3298	EHMT1	(NC);(NC)	Intron;Intron	-0.448046131
3299	EHMT1	(NC)	Intron	-0.231418901
3300	EHMT1	(NC)	Intron	-0.559895734
3301	EHMT1	(NC);A8V	Intron;Missense	-0.047309059
3302	EHMT1	A8V	Missense	-0.384571367
3303	EHMT1	A8V	Missense	-0.289186116
3304	EHMT1		No Mutation	0.5118135637279151
3305	EHMT1		No Mutation	0.3635334248722663
3306	EHMT1	C20Y;V21M	Missense;Missense	0.6603230827714828
3307	EHMT1		No Mutation	1.7598732458576487
3308	EHMT1		No Mutation	-0.499689471
3309	EHMT1	T23I	Missense	-0.309044162
3310	EHMT1	L25L;L26L	Silent;Silent	-0.036386314
3311	EHMT1	L25L;L26L	Silent;Silent	-0.547112833
3312	EHMT1	E29K;(NC)	Missense;Splice-donor	0.5543184215370007
3313	EHMT1	L26L	Silent	-0.239896831
3314	EHMT1		No Mutation	-0.008705924
3315	EHMT1	(NC)	Intron	0.5911769467749707
3316	EHMT1		No Mutation	-0.082897569
3317	EHMT1	P31F	Missense	-0.984053695
3318	EHMT1	E36K;G37N	Missense;Missense	0.4962336247832593
3319	EHMT1	E40K	Missense	1.449038087189858
3320	EHMT1	G37G	Silent	0.1011166076077736
3321	EHMT1	S38L;A39V	Missense;Missense	0.459438607
3322	EHMT1		No Mutation	0.237814916968452
3323	EHMT1	A43V	Missense	-0.23220529
3324	EHMT1		No Mutation	-0.904243498
3325	EHMT1	A46V;H47Y	Missense;Missense	0.3154738207919437
3326	EHMT1	G52N	Missense	0.2471621686377685
3327	EHMT1	A50V	Missense	0.6645255395025641
3328	EHMT1	A50V;D51D	Missense;Silent	-0.216390428
3329	EHMT1	A69T	Missense	0.3265968348060689
3330	EHMT1	A69V	Missense	0.2004512463321777
3331	EHMT1	H72H;T73I	Silent;Missense	0.1626974065954
3332	EHMT1	H72H;T73I;Q74*	Silent;Missense;Nonsense	-0.159015475
3333	EHMT1	S76S;A77V	Silent;Missense	0.1586247353600443
3334	EHMT1		No Mutation	-0.373464579
3335	EHMT1		No Mutation	-0.366386097
3336	EHMT1		No Mutation	-0.222068813
3337	EHMT1		No Mutation	0.2656782037408988
3338	EHMT1		No Mutation	-0.523688467
3339	EHMT1	G84G;T85I	Silent;Missense	-0.115361673
3340	EHMT1	N86N;T87I;L88L	Silent;Missense;Silent	-0.858602048
3341	EHMT1	R90Q	Missense	0.2203735122861443
3342	EHMT1	T89I;R90W	Missense;Missense	-0.214515793
3343	EHMT1	T89I;R90W	Missense;Missense	-0.012649103
3344	EHMT1	R90W	Missense	-0.046685845
3345	EHMT1		No Mutation	0.1809461838587025
3346	EHMT1	D113N	Missense	-0.326882818
3347	EHMT1	Q116Q	Silent	0.3966143223512131
3348	EHMT1	Q116*	Nonsense	-0.051321459
3349	EHMT1	S118F	Missense	1.884083720163588
3350	EHMT1	Y125Y	Silent	0.0233457294615386
3351	EHMT1		No Mutation	-0.141855428
3352	EHMT1	Q135Q	Silent	0.098027346
3353	EHMT1	Q133*	Nonsense	-0.466142354
3354	EHMT1	L137L	Silent	-0.317346488
3355	EHMT1	L137L	Silent	0.125871610966774
3356	EHMT1		No Mutation	-0.25143915
3357	EHMT1	S141N	Missense	0.2507764386628945
3358	EHMT1	S141N	Missense	-0.760847996
3359	EHMT1	S146S	Silent	-0.174941593
3360	EHMT1	L143L;A144V	Silent;Missense	-0.263363355
3361	EHMT1	G149D	Missense	-0.617838077
3362	EHMT1	A151V;A152V	Missense;Missense	0.1123473529836139
3363	EHMT1	A152V	Missense	-0.431614391
3364	EHMT1	A152V	Missense	-0.892036509
3365	EHMT1		No Mutation	0.1541764533485406
3366	EHMT1	T154I;L155F	Missense;Missense	0.2039522868210121
3367	EHMT1	P156F	Missense	-0.329876188
3368	EHMT1	G160N	Missense	-0.639929418
3369	EHMT1	G160N	Missense	0.1577458615661756
3370	EHMT1		No Mutation	0.7044968120387688
3371	EHMT1	G162N	Missense	0.0623118975450087
3372	EHMT1	Q170Q	Silent	0.1384048028792182
3373	EHMT1	A174T	Missense	-0.132948083
3374	EHMT1		No Mutation	0.2119665517684255
3375	EHMT1		No Mutation	1.1238890818888947
3376	EHMT1	A174V;P175L	Missense;Missense	0.6082871251682382
3377	EHMT1	A177T	Missense	-0.111532881
3378	EHMT1	A174V;P175L	Missense;Missense	-0.066876614
3379	EHMT1	A174A;P175L;P176S	Silent;Missense;Missense	-0.090841779
3380	EHMT1		No Mutation	0.083346287
3381	EHMT1	P176L	Missense	-0.805173891
3382	EHMT1	P176L;A177V	Missense;Missense	-0.259725697
3383	EHMT1	P176L;A177V	Missense;Missense	-0.685645577
3384	EHMT1	G180K	Missense	-0.246597576
3385	EHMT1	G180K;E181K	Missense;Missense	1.3377468368049423
3386	EHMT1	G180K;E181K	Missense;Missense	-0.249763071
3387	EHMT1	E181K;G182K	Missense;Missense	0.6749499231823572
3388	EHMT1	G182E;S183N	Missense;Missense	-0.230582797
3389	EHMT1	S183N;A184T	Missense;Missense	0.1517191815525187
3390	EHMT1	A184T;D185N	Missense;Missense	0.5933242325032153
3391	EHMT1		No Mutation	-0.345626461
3392	EHMT1	A184V	Missense	-0.24229064
3393	EHMT1		No Mutation	0.4745128723653312
3394	EHMT1		No Mutation	0.2631517346004414
3395	EHMT1	A193A;P194F	Silent;Missense	-0.511082987
3396	EHMT1	D197N;V198I	Missense;Missense	0.3235059041212876
3397	EHMT1	D197N;V198I	Missense;Missense	-0.154669063
3398	EHMT1	K199K	Silent	0.159935913
3399	EHMT1	K199K;V200I	Silent;Missense	-0.519514918
3400	EHMT1	K199K;V200I	Silent;Missense	-0.346631516
3401	EHMT1	A196V;D197D	Missense;Silent	0.1322178563289964
3402	EHMT1	A196A;D197D	Silent;Silent	0.1776239464986374
3403	EHMT1	R202K	Missense	0.6872519289996842
3404	EHMT1	K205K	Silent	-0.129691512
3405	EHMT1	T206T;P208S	Silent;Missense	0.184277275548158
3406	EHMT1	P208L	Missense	0.1250704648835418
3407	EHMT1	V212I	Missense	-0.990219383
3408	EHMT1		No Mutation	-0.318174612
3409	EHMT1	G213N	Missense	0.1146909716005412
3410	EHMT1		No Mutation	-0.003067596
3411	EHMT1		No Mutation	0.6091101232060963
3412	EHMT1	R222K;E223K	Missense;Missense	0.071719722
3413	EHMT1	E226K;A227T	Missense;Missense	-0.268531183
3414	EHMT1	A227T	Missense	-0.25994093
3415	EHMT1		No Mutation	0.075910972
3416	EHMT1	H230Y	Missense	0.4664986515234716
3417	EHMT1		No Mutation	0.1328782462658924
3418	EHMT1		No Mutation	-0.066953136
3419	EHMT1		No Mutation	0.7596621472767482
3420	EHMT1		No Mutation	-0.25738248
3421	EHMT1		No Mutation	-0.551674907
3422	EHMT1	Q258Q	Silent	0.053817023
3423	EHMT1	Q258Q;S259S	Silent;Silent	0.355586584
3424	EHMT1	S259S	Silent	0.054752141725369
3425	EHMT1		No Mutation	-0.979154817
3426	EHMT1		No Mutation	-1.07537475
3427	EHMT1	Q262*	Nonsense	-0.647065566
3428	EHMT1		No Mutation	-0.156779906
3429	EHMT1		No Mutation	0.5685723651936603
3430	EHMT1	T269I;T270I	Missense;Missense	0.4606661608939076
3431	EHMT1	S272L;Q273*	Missense;Nonsense	-0.12067127
3432	EHMT1	T274I	Missense	-0.23478068
3433	EHMT1	A283T;A284T	Missense;Missense	0.35397100039021
3434	EHMT1		No Mutation	0.2318742903516438
3435	EHMT1		No Mutation	0.1760885510482685
3436	EHMT1		No Mutation	0.0246823533565603
3437	EHMT1	K301K	Silent	-0.29487278
3438	EHMT1	T304I	Missense	0.2418700622967123
3439	EHMT1		No Mutation	-0.248919969
3440	EHMT1	S318S	Silent	-0.138674907
3441	EHMT1	T320I	Missense	-0.240582112
3442	EHMT1	S322F	Missense	-0.550909905
3443	EHMT1	K327K;(NC)	Silent;Splice-donor	0.5580422800163088
3444	EHMT1	(NC);(NC);(NC)	Intron;Intron;Intron	0.105479542557454
3445	EHMT1	(NC);(NC);(NC)	Intron;Intron;Intron	0.0187402423728079
3446	EHMT1	(NC);(NC)	Intron;Intron	0.1430962089637936
3447	EHMT1	(NC);(NC);(NC)	Intron;Intron;Intron	0.5758650658888307
3448	EHMT1	(NC)	Intron	-0.301765717
3449	EHMT1	E329K	Missense	0.040140677
3450	EHMT1	E329E;K330K	Silent;Silent	-0.300050054
3451	EHMT1	(NC)	Intron	0.2938156513175054
3452	EHMT1		No Mutation	0.1394646634922613
3453	EHMT1	L337L	Silent	0.032306029
3454	EHMT1	S335S	Silent	-0.550699767
3455	EHMT1	S335S;S336S	Silent;Silent	-0.04095268
3456	EHMT1	S335S;S336S;L337L	Silent;Silent;Silent	0.066380821
3457	EHMT1	V339V	Silent	0.3007801600702093
3458	EHMT1	H338H	Silent	-0.003450724
3459	EHMT1	G341G;E342K	Silent;Missense	0.2137935269051897
3460	EHMT1		No Mutation	0.5611023485651118
3461	EHMT1	S343S;L344L	Silent;Silent	-0.165876526
3462	EHMT1		No Mutation	0.02778858
3463	EHMT1	S348S;D349N;E350K	Silent;Missense;Missense	0.8621530098752828
3464	EHMT1		No Mutation	0.1050035406489546
3465	EHMT1	D351D;D352D	Silent;Silent	0.054463530023846
3466	EHMT1	D352D;S353L	Silent;Missense	-0.3207139
3467	EHMT1	L356F	Missense	0.1412753887055688
3468	EHMT1		No Mutation	0.0251995031556045
3469	EHMT1	D360D;G361G;H362Y	Silent;Silent;Missense	1.1650571319025809
3470	EHMT1	G361G;H362Y	Silent;Missense	-0.228116831
3471	EHMT1	Q366Q;A367T;A368T	Silent;Missense;Missense	0.075457714
3472	EHMT1	A368V	Missense	-0.268774906
3473	EHMT1	F370F;P371F	Silent;Missense	-0.062189384
3474	EHMT1	E373E;D374N	Silent;Missense	0.007065564
3475	EHMT1	R376K	Missense	-0.332950991
3476	EHMT1	R376K	Missense	-0.119177448
3477	EHMT1	R376K	Missense	-1.432579788
3478	EHMT1	D374D	Silent	-0.059057295
3479	EHMT1	S378F	Missense	0.124415775230002
3480	EHMT1	S378S	Silent	0.3141589538311691
3481	EHMT1	S383S;E384K	Silent;Missense	0.1262324776935405
3482	EHMT1	A385V	Missense	-0.121208045
3483	EHMT1	(NC)	Intron	0.071944451
3484	EHMT1		No Mutation	0.4186558046290639
3485	EHMT1	(NC);(NC)	Intron;Intron	0.066452533
3486	EHMT1		No Mutation	-0.285844049
3487	EHMT1	(NC);(NC)	Intron;Intron	-0.481042588
3488	EHMT1	(NC);(NC);(NC)	Intron;Intron;Intron	0.2741002779334025
3489	EHMT1	(NC)	Intron	0.0302138602817155
3490	EHMT1	(NC)	Intron	0.0111735674742968
3491	EHMT1	(NC)	Intron	-0.013283193
3492	EHMT1	(NC)	Intron	4.018178111603186
3493	EHMT1		No Mutation	-0.831015827
3494	EHMT1	D392D	Silent	-0.193245834
3495	EHMT1		No Mutation	0.1111265696672452
3496	EHMT1		No Mutation	-0.564156896
3497	EHMT1	E400E	Silent	0.1252616833118772
3498	EHMT1	Q399*	Nonsense	0.288827938314642
3499	EHMT1		No Mutation	-0.17382493
3500	EHMT1		No Mutation	-0.193211863
3501	EHMT1	S401F	Missense	-0.312563644
3502	EHMT1	S401S	Silent	-0.572894029
3503	EHMT1	D403D	Silent	-0.092935851
3504	EHMT1	E406E;E407K	Silent;Missense	-1.04387367
3505	EHMT1	T404I	Missense	0.005771908
3506	EHMT1		No Mutation	0.3824712803592796
3507	EHMT1	G410N	Missense	-0.176200055
3508	EHMT1	G410G	Silent	1.306540719780488
3509	EHMT1	(NC)	Intron	0.060000832
3510	EHMT1		No Mutation	0.1528125434641493
3511	EHMT1		No Mutation	1.1531041286153012
3512	EHMT1	(NC);S417N	Splice-acceptor;Missense	0.3124407082652385
3513	EHMT1	(NC);S417N	Splice-acceptor;Missense	0.2731135432334324
3514	EHMT1	S421N	Missense	0.5040295197127432
3515	EHMT1		No Mutation	0.1700969189422668
3516	EHMT1		No Mutation	-0.632444067
3517	EHMT1		No Mutation	0.3182517947942375
3518	EHMT1		No Mutation	0.5457616718970155
3519	EHMT1	K439K	Silent	-0.138902724
3520	EHMT1	P436L	Missense	0.277638942
3521	EHMT1	A441T;R442K	Missense;Missense	-0.17945376
3522	EHMT1	I438I	Silent	0.2441990828019185
3523	EHMT1	R442K	Missense	0.2403120681602913
3524	EHMT1	P440L	Missense	-0.280596764
3525	EHMT1	P440L;A441V	Missense;Missense	0.1163424754228596
3526	EHMT1		No Mutation	0.3451874954948817
3527	EHMT1	P452F	Missense	0.2572166109429951
3528	EHMT1	G457S;(NC)	Missense;Splice-donor	0.4790002931051648
3529	EHMT1	(NC)	Splice-donor	0.1346947749407377
3530	EHMT1	A455V;L456F	Missense;Missense	0.6407457484785861
3531	EHMT1	A455V;L456F	Missense;Missense	0.3232992275516461
3532	EHMT1	A455A;L456F	Silent;Missense	0.058202356
3533	EHMT1	L456F	Missense	0.2084704884948269
3534	EHMT1	(NC);(NC);(NC);(NC)	Intron;Intron;Intron;Intron	0.078085135
3535	EHMT1		No Mutation	-0.391946654
3536	EHMT1	(NC);(NC);(NC);(NC)	Intron;Intron;Intron;Intron	-0.228727599
3537	EHMT1		No Mutation	-0.563073878
3538	EHMT1		No Mutation	0.2745969200794986
3539	EHMT1	E459K	Missense	0.052693369370387
3540	EHMT1	S460S	Silent	-0.337401244
3541	EHMT1	S460L	Missense	-0.234233613
3542	EHMT1		No Mutation	0.503702242
3543	EHMT1	A468V	Missense	-0.204910076
3544	EHMT1	A472V;P473L	Missense;Missense	-0.088482933
3545	EHMT1	A472V;P473L	Missense;Missense	0.3166988572504016
3546	EHMT1	D475D	Silent	-0.407950821
3547	EHMT1	G478K	Missense	-0.349398367
3548	EHMT1	Y479Y	Silent	0.257588813
3549	EHMT1		No Mutation	-0.512338748
3550	EHMT1	L487L	Silent	0.3148856098735042
3551	EHMT1		No Mutation	-0.209371106
3552	EHMT1	G493R	Missense	0.2013001068909653
3553	EHMT1	L495L	Silent	-0.516542332
3554	EHMT1	L495L;S496F	Silent;Missense	-0.265617596
3555	EHMT1	Q498*;A499V	Nonsense;Missense	0.1503189358392725
3556	EHMT1	A499V	Missense	-0.400926022
3557	EHMT1		No Mutation	-0.020259267
3558	EHMT1	(NC)	Intron	-1.323158466
3559	EHMT1	(NC)	Intron	0.2121406320528668
3560	EHMT1	(NC)	Intron	0.2288816669870345
3561	EHMT1	A503A;N504N	Silent;Silent	0.1456073184843471
3562	EHMT1	V508V;L509L	Silent;Silent	0.5726858616330703
3563	EHMT1		No Mutation	-0.280598504
3564	EHMT1	D512N	Missense	-0.664257583
3565	EHMT1		No Mutation	0.3791179190740213
3566	EHMT1		No Mutation	-0.175072025
3567	EHMT1	C520Y	Missense	0.1087101847801984
3568	EHMT1	P518F	Missense	0.042718552
3569	EHMT1	L519F	Missense	0.2488935036079852
3570	EHMT1	R523Q	Missense	0.1426677029007902
3571	EHMT1	P527P;K528K	Silent;Silent	0.3121248682302939
3572	EHMT1		No Mutation	0.8193475600352089
3573	EHMT1	R530*	Nonsense	0.1460380396687084
3574	EHMT1	Q539Q	Silent	0.4713461635198417
3575	EHMT1	A536V	Missense	-0.504378008
3576	EHMT1	M541I;A542T	Missense;Missense	-0.749234444
3577	EHMT1	C540C	Silent	-0.228035882
3578	EHMT1	E544K	Missense	-0.281207733
3579	EHMT1	(NC);(NC)	Intron;Intron	-0.193346885
3580	EHMT1	(NC);(NC)	Intron;Intron	-0.683014802
3581	EHMT1	(NC)	Intron	0.069038986
3582	EHMT1	(NC)	Intron	-0.310179296
3583	EHMT1	(NC);(NC)	Intron;Splice-acceptor	0.2567542079296144
3584	EHMT1	(NC)	Intron	-0.387800966
3585	EHMT1	G551G;R552W	Silent;Missense	0.4383534443916572
3586	EHMT1	V557I;V558I	Missense;Missense	-0.29389595
3587	EHMT1	R564C	Missense	-0.079753597
3588	EHMT1	P570P	Silent	0.115594540574307
3589	EHMT1	P570P	Silent	-0.289455644
3590	EHMT1	P570P	Silent	0.4411294718842835
3591	EHMT1		No Mutation	0.043874107
3592	EHMT1	L574L;C575Y	Silent;Missense	0.1572313982060172
3593	EHMT1	L574L;C575Y;E576K	Silent;Missense;Missense	-0.053486361
3594	EHMT1	C575Y;E576K	Missense;Missense	-0.954356869
3595	EHMT1	L574L	Silent	0.2128583848742445
3596	EHMT1	L574L	Silent	0.4283555931524355
3597	EHMT1	D577N	Missense	-0.181506384
3598	EHMT1	L574L	Silent	-0.165674071
3599	EHMT1	D577D;H578Y	Silent;Missense	0.1305823463039548
3600	EHMT1	M582I;V583I	Missense;Missense	-0.123765216
3601	EHMT1	V583V;K584K	Silent;Silent	-0.337913268
3602	EHMT1	Q586Q	Silent	-0.671047856
3603	EHMT1	H585Y	Missense	-0.265803171
3604	EHMT1	Q586*	Nonsense	0.1593890074649111
3605	EHMT1	C591Y;G592S	Missense;Missense	0.1792700849320939
3606	EHMT1	C595Y	Missense	0.1625671265185151
3607	EHMT1	G592G	Silent	-0.162697019
3608	EHMT1	A597V	Missense	0.3121772646178026
3609	EHMT1	G598D	Missense	0.076552608
3610	EHMT1		No Mutation	0.2662303298308313
3611	EHMT1		No Mutation	0.5508398945633729
3612	EHMT1		No Mutation	-0.161655148
3613	EHMT1		No Mutation	0.1529665797256496
3614	EHMT1	C617Y;A618T	Missense;Missense	-0.415246677
3615	EHMT1		No Mutation	-0.04095895
3616	EHMT1	A624T	Missense	-0.122577172
3617	EHMT1	S625S	Silent	-1.189482251
3618	EHMT1	S625S	Silent	-0.498582878
3619	EHMT1	S625S	Silent	-0.815751189
3620	EHMT1	C630Y	Missense	-0.00796292
3621	EHMT1	P628S	Missense	0.3622747440790684
3622	EHMT1	E633K;S634N	Missense;Missense	-0.033324478
3623	EHMT1	E633E;S634N	Silent;Missense	-0.31318934
3624	EHMT1		No Mutation	0.7980143753168257
3625	EHMT1	E633E;S634N	Silent;Missense	-0.412815716
3626	EHMT1	S634S	Silent	-0.057132746
3627	EHMT1	V640V;T641T	Silent;Silent	0.1287333100228424
3628	EHMT1	A643T	Missense	0.362565165667386
3629	EHMT1		No Mutation	0.4601998624167618
3630	EHMT1	T650I	Missense	-0.033696117
3631	EHMT1	T650I	Missense	-0.165242543
3632	EHMT1	V654I	Missense	-0.390564427
3633	EHMT1	T652I;P653S	Missense;Missense	0.096646256
3634	EHMT1	G656K	Missense	-0.797296956
3635	EHMT1	V654V;P655S	Silent;Missense	0.1086094083757291
3636	EHMT1	V654V;P655F	Silent;Missense	-0.593169332
3637	EHMT1	E658K	Missense	0.1999749833715035
3638	EHMT1	P655P;Q657*	Silent;Nonsense	0.38217713635885
3639	EHMT1	K659K;G660N	Silent;Missense	0.6488470295627888
3640	EHMT1	G660N	Missense	-0.639579369
3641	EHMT1	G660D;S661S	Missense;Silent	0.3117357144023029
3642	EHMT1		No Mutation	-0.140509457
3643	EHMT1		No Mutation	0.081231549
3644	EHMT1		No Mutation	0.003383112
3645	EHMT1	G660G;S661L	Silent;Missense	0.2383812625098778
3646	EHMT1	G660G;S661L	Silent;Missense	0.1530810385771095
3647	EHMT1	D668N	Missense	-0.303827263
3648	EHMT1	D668N	Missense	-0.041334839
3649	EHMT1	G665G	Silent	0.1835404961288436
3650	EHMT1	A667V	Missense	0.4367264875286221
3651	EHMT1	A667V;D668D	Missense;Silent	0.4260444818713325
3652	EHMT1	G672D;S673N;(NC)	Missense;Missense;Splice-donor	0.6680521479460856
3653	EHMT1	T669T;T670I	Silent;Missense	0.3783060314229695
3654	EHMT1	(NC)	Intron	-0.249555452
3655	EHMT1	G672G	Silent	0.1302936860494566
3656	EHMT1	(NC);(NC)	Intron;Intron	0.078128912
3657	EHMT1	(NC);(NC)	Intron;Intron	0.782634797
3658	EHMT1	(NC)	Intron	-0.132101491
3659	EHMT1		No Mutation	-0.386021964
3660	EHMT1	(NC)	Intron	0.3221487720348872
3661	EHMT1	(NC);(NC)	Intron;Splice-acceptor	0.043839438
3662	EHMT1	(NC);(NC)	Intron;Splice-acceptor	0.2403025771492404
3663	EHMT1	(NC);(NC);(NC);(NC)	Intron;Intron;Intron;Intron	0.1478792786305066
3664	EHMT1	(NC);(NC);(NC);(NC)	Intron;Intron;Intron;Intron	0.1973984812561142
3665	EHMT1	A675T;G676R	Missense;Missense	0.0606198383364193
3666	EHMT1	G676K	Missense	-0.70343416
3667	EHMT1	G676K	Missense	-0.223438459
3668	EHMT1	G676E	Missense	0.271474529228955
3669	EHMT1	A675V	Missense	0.3263426924662898
3670	EHMT1	A675A;P677S	Silent;Missense	-0.397493636
3671	EHMT1	S680S;E681K	Silent;Missense	0.007365114
3672	EHMT1	D682N;D683N	Missense;Missense	-0.061293963
3673	EHMT1	D683N	Missense	-0.429073862
3674	EHMT1		No Mutation	1.5752626513071524
3675	EHMT1		No Mutation	-0.080402556
3676	EHMT1	A689V	Missense	-0.069340852
3677	EHMT1	A689V;S690F	Missense;Missense	0.3496690424318808
3678	EHMT1	E694E;G695N	Silent;Missense	0.1229479586959398
3679	EHMT1	G695D	Missense	-0.129914718
3680	EHMT1	D697N	Missense	0.665529823
3681	EHMT1	P693P	Silent	-0.379113475
3682	EHMT1		No Mutation	-0.441184089
3683	EHMT1		No Mutation	-1.537416395
3684	EHMT1	T699T	Silent	0.2548204696953574
3685	EHMT1	P698L	Missense	0.2036637422888348
3686	EHMT1	P698L	Missense	0.1784124049722081
3687	EHMT1	T699M	Missense	0.3540142746525753
3688	EHMT1	T699M	Missense	0.1100872359924129
3689	EHMT1	G703K	Missense	0.00502005
3690	EHMT1	P701F	Missense	1.491672322636104
3691	EHMT1	R706K	Missense	-0.038123755
3692	EHMT1	L704F	Missense	0.1651445256199519
3693	EHMT1	T708I;P709S	Missense;Missense	1.936622072130568
3694	EHMT1	T708I;P709F	Missense;Missense	0.3699114866726421
3695	EHMT1		No Mutation	-0.193316123
3696	EHMT1	G710G;L711F	Silent;Missense	-0.039400952
3697	EHMT1	G710G;L711F	Silent;Missense	-0.907418434
3698	EHMT1	G714K	Missense	0.424840034
3699	EHMT1	G714E	Missense	-0.062542868
3700	EHMT1	S712F;Q713*	Missense;Nonsense	0.4987392540097949
3701	EHMT1	G716K	Missense	-0.723254155
3702	EHMT1	K717K;E718K	Silent;Missense	0.09862781
3703	EHMT1	P715L	Missense	0.3007455639256061
3704	EHMT1	K717K;E718K	Silent;Missense	-0.220492693
3705	EHMT1	L720L;E721K	Silent;Missense	-0.518971349
3706	EHMT1		No Mutation	1.2982943225217518
3707	EHMT1	L724F	Missense	0.3634590269514672
3708	EHMT1	K734K	Silent	0.0109178833114632
3709	EHMT1	K734K	Silent	0.0268351968118093
3710	EHMT1		No Mutation	-0.069491882
3711	EHMT1		No Mutation	0.614815072
3712	EHMT1	L742L	Silent	-0.43703742
3713	EHMT1		No Mutation	-0.040754941
3714	EHMT1		No Mutation	-0.11930657
3715	EHMT1	L742L	Silent	0.427584851
3716	EHMT1	Y743Y	Silent	-0.051011427
3717	EHMT1	Y743Y;F744F	Silent;Silent	-0.269244052
3718	EHMT1	Y743Y;F744F	Silent;Silent	0.2441935118631105
3719	EHMT1	E750E	Silent	-0.017392028
3720	EHMT1	Q748*	Nonsense	-0.437588725
3721	EHMT1	Q752Q	Silent	-0.064070794
3722	EHMT1		No Mutation	0.3024030282064329
3723	EHMT1		No Mutation	0.3685586640394321
3724	EHMT1	(NC);(NC)	Intron;Intron	0.1644074238502826
3725	EHMT1		No Mutation	-0.328780887
3726	EHMT1	(NC)	Intron	0.1115478266135004
3727	EHMT1	(NC);(NC)	Intron;Intron	-0.061525219
3728	EHMT1	(NC)	Intron	0.088133215
3729	EHMT1		No Mutation	-0.120546507
3730	EHMT1	D763D;P764S	Silent;Missense	0.4534056764070289
3731	EHMT1		No Mutation	2.151941703492584
3732	EHMT1	R774R;S775F;P776S	Silent;Missense;Missense	0.1738938242289688
3733	EHMT1	L777L;H778Y	Silent;Missense	-0.116375149
3734	EHMT1	H778Y;A779V	Missense;Missense	0.1660814260819803
3735	EHMT1	A781T;E782K	Missense;Missense	0.14082218
3736	EHMT1	A781V	Missense	0.9230436449667606
3737	EHMT1	G784E	Missense	0.2519827811911286
3738	EHMT1	D787D	Silent	0.3002714290920236
3739	EHMT1	I788I;C789C;H790Y	Silent;Silent;Missense	0.073427071
3740	EHMT1	H790H	Silent	-0.508755369
3741	EHMT1	L792L	Silent	0.3542099171114131
3742	EHMT1	Q794Q;(NC);(NC)	Silent;Splice-donor;Intron	0.2770349021410664
3743	EHMT1	Q794*	Nonsense	-0.093087872
3744	EHMT1	(NC);(NC)	Intron;Intron	-0.306669917
3745	EHMT1	(NC)	Intron	-0.453889652
3746	EHMT1	(NC)	Intron	-0.115618194
3747	EHMT1	(NC)	Intron	-0.351519129
3748	EHMT1		No Mutation	-0.525053169
3749	EHMT1	T801I;C802C	Missense;Silent	0.0305574051640482
3750	EHMT1	Q806Q;R807K	Silent;Missense	0.3901173020031349
3751	EHMT1	D805D;Q806*	Silent;Nonsense	-0.019313053
3752	EHMT1	L810L;M811I;E812K	Silent;Missense;Missense	-0.514427867
3753	EHMT1	A814T	Missense	-0.256525709
3754	EHMT1	A814T;E815K	Missense;Missense	0.2262844712232271
3755	EHMT1	A814V	Missense	-0.214009073
3756	EHMT1	V822V;K823K	Silent;Silent	0.1616558278650618
3757	EHMT1		No Mutation	-0.349278261
3758	EHMT1		No Mutation	0.3511872785578405
3759	EHMT1	Y824Y	Silent	-0.011933845
3760	EHMT1	Y824Y;L825F	Silent;Missense	0.0125561041171098
3761	EHMT1	L825L;I826I	Silent;Silent	-1.099471876
3762	EHMT1	I826I	Silent	-0.003537062
3763	EHMT1	G829G;A830T	Silent;Missense	0.065077064
3764	EHMT1	A830V;L831L	Missense;Silent	-0.048063593
3765	EHMT1	K835K;(NC)	Silent;Splice-donor	-0.047030029
3766	EHMT1	K835K;(NC)	Silent;Splice-donor	0.3974983758101457
3767	EHMT1	(NC)	Intron	0.20075052642932
3768	EHMT1	(NC)	Intron	-0.088148925
3769	EHMT1		No Mutation	-0.243338323
3770	EHMT1	(NC)	Intron	-1.06490346
3771	EHMT1	(NC)	Intron	0.6489834747711068
3772	EHMT1	G839G;S840F	Silent;Missense	0.2584221038345203
3773	EHMT1	H844Y;L845L	Missense;Silent	0.3005392930595808
3774	EHMT1	G850N	Missense	0.2647801898593888
3775	EHMT1		No Mutation	-0.216180578
3776	EHMT1	E853K	Missense	-1.063710461
3777	EHMT1	Q856Q	Silent	-0.479947355
3778	EHMT1	Q856*	Nonsense	-0.162027705
3779	EHMT1	G862R	Missense	0.2408834181614075
3780	EHMT1	L859F	Missense	-0.248239445
3781	EHMT1	Q863Q	Silent	0.1675808601161395
3782	EHMT1		No Mutation	0.033398664
3783	EHMT1	(NC)	Intron	0.4038451436057886
3784	EHMT1	(NC);(NC);(NC)	Intron;Intron;Intron	-0.66172905
3785	EHMT1	(NC);(NC);(NC)	Intron;Intron;Intron	0.007419574
3786	EHMT1	D870N;D871N	Missense;Missense	0.1172043656361225
3787	EHMT1	(NC)	Intron	-0.059327953
3788	EHMT1	G872K;G873N	Missense;Missense	0.087878181
3789	EHMT1	G872E;G873N	Missense;Missense	0.1852351551218731
3790	EHMT1	G873G	Silent	0.034850465
3791	EHMT1	G873G	Silent	0.1670017501530754
3792	EHMT1	E882K	Missense	0.3893726894567365
3793	EHMT1	E882K	Missense	-0.465509971
3794	EHMT1	A880A;T881I	Silent;Missense	0.073294443
3795	EHMT1	V886I	Missense	0.1884491345659971
3796	EHMT1	L891L	Silent	0.7807657569110646
3797	EHMT1	L892L;L893L	Silent;Silent	-0.183891881
3798	EHMT1	L891L	Silent	0.068834198
3799	EHMT1		No Mutation	-0.259768861
3800	EHMT1	(NC)	Intron	0.8757458650086265
3801	EHMT1	(NC)	Intron	-0.136028145
3802	EHMT1	(NC)	Intron	0.089167196
3803	EHMT1	(NC);(NC)	Intron;Intron	-0.051978766
3804	EHMT1	(NC)	Intron	0.4001489712951853
3805	EHMT1	N907N	Silent	0.0131482048230767
3806	EHMT1	N907N	Silent	-0.285176609
3807	EHMT1	N907N	Silent	-0.333787965
3808	EHMT1	H911Y	Missense	0.4970763798959604
3809	EHMT1	A914A	Silent	-0.450226942
3810	EHMT1	A914V	Missense	-0.099676451
3811	EHMT1	A922T	Missense	0.098837528
3812	EHMT1	D920D	Silent	-0.183251232
3813	EHMT1	A928T	Missense	-0.184665231
3814	EHMT1	K929K;C930Y;D931N	Silent;Missense;Missense	0.2914439394115777
3815	EHMT1	A934T	Missense	-0.308698879
3816	EHMT1	H933Y;A934V	Missense;Missense	0.188500172832219
3817	EHMT1		No Mutation	-0.150982622
3818	EHMT1	G939R	Missense	0.202433816615662
3819	EHMT1	G939E;D940N	Missense;Missense	-0.141559342
3820	EHMT1	L943L	Silent	-0.374684531
3821	EHMT1	P942L;L943L	Missense;Silent	0.3121359722744257
3822	EHMT1	L943L;H944Y	Silent;Missense	-0.152020285
3823	EHMT1	A947T;R948Q	Missense;Missense	-0.434239777
3824	EHMT1	R951H	Missense	0.6118153292523758
3825	EHMT1	D953N	Missense	0.2531935288762565
3826	EHMT1	D953N	Missense	0.1485876111207216
3827	EHMT1	V956I;(NC)	Missense;Splice-donor	0.2888303909445807
3828	EHMT1	(NC)	Splice-acceptor	0.1001430748636874
3829	EHMT1		No Mutation	-0.076359178
3830	EHMT1		No Mutation	0.2347406696337708
3831	EHMT1	R961R;D962N	Silent;Missense	0.1980502897109169
3832	EHMT1	V965V	Silent	0.4903000023550843
3833	EHMT1	T966I	Missense	0.186327030643301
3834	EHMT1	G972K	Missense	-0.155749079
3835	EHMT1	S980N	Missense	-0.341016613
3836	EHMT1	S980N	Missense	-0.033280432
3837	EHMT1		No Mutation	0.6851621532290715
3838	EHMT1	A979V	Missense	-0.16963017
3839	EHMT1	S980S;L981F	Silent;Missense	-0.762585503
3840	EHMT1	V985V;W986*	Silent;Nonsense	-0.578232539
3841	EHMT1	S987S;A988V;L989L	Silent;Missense;Silent	-0.171444944
3842	EHMT1		No Mutation	-1.161171187
3843	EHMT1	S992S	Silent	0.3022907593149919
3844	EHMT1	D997D	Silent	0.1493226468068123
3845	EHMT1	P1000P;D1001D	Silent;Silent	-0.918404541
3846	EHMT1	S1004N	Missense	0.055205979
3847	EHMT1	V1006M	Missense	0.074737584
3848	EHMT1	V1006M	Missense	0.4226205202071538
3849	EHMT1	P1003F	Missense	-0.315126941
3850	EHMT1	V1006I	Missense	0.2075602241993094
3851	EHMT1	R1008K	Missense	-0.175680467
3852	EHMT1	R1008K	Missense	0.2162844008842795
3853	EHMT1		No Mutation	0.1949379462305656
3854	EHMT1	V1010I	Missense	-0.224909497
3855	EHMT1	V1010I;S1011N	Missense;Missense	0.2150592777007709
3856	EHMT1	V1010V;S1011N	Silent;Missense	-0.206440958
3857	EHMT1	S1011S	Silent	-0.057203846
3858	EHMT1	(NC)	Intron	-0.344759918
3859	EHMT1	(NC);(NC)	Intron;Intron	0.8317798123459761
3860	EHMT1	(NC);(NC)	Intron;Intron	0.1397367445236944
3861	EHMT1	(NC);(NC);R1012R	Intron;Splice-acceptor;Silent	0.5220595781721802
3862	EHMT1	D1013N	Missense	0.2005078794086447
3863	EHMT1	(NC)	Intron	-0.0312373
3864	EHMT1	A1015T	Missense	0.0178408578246445
3865	EHMT1	I1023I;P1024F	Silent;Missense	0.1253379644209048
3866	EHMT1	A1028T	Missense	0.1342731231491102
3867	EHMT1	A1028T	Missense	0.000266944
3868	EHMT1	A1028T	Missense	0.2887685195994753
3869	EHMT1	V1029I;D1030N	Missense;Missense	-0.019624956
3870	EHMT1	V1029I;D1030N	Missense;Missense	-0.172389461
3871	EHMT1	V1029V;D1030N	Silent;Missense	0.1956428328663467
3872	EHMT1	C1034Y	Missense	-0.259925897
3873	EHMT1		No Mutation	0.6802746295165387
3874	EHMT1	K1039K;V1041I	Silent;Missense	0.5904836319316784
3875	EHMT1	R1054K	Missense	-0.554495952
3876	EHMT1	R1054K	Missense	0.4199580756898518
3877	EHMT1	R1054K	Missense	-0.767636058
3878	EHMT1	R1054K	Missense	-0.034690575
3879	EHMT1		No Mutation	0.2346536074387735
3880	EHMT1	H1058Y;L1059L	Missense;Silent	0.1667581700681406
3881	EHMT1		No Mutation	0.0359699078206576
3882	EHMT1		No Mutation	0.3236324291490133
3883	EHMT1		No Mutation	-0.056302113
3884	EHMT1		No Mutation	0.298500457
3885	EHMT1		No Mutation	0.077726648
3886	EHMT1	(NC)	Splice-acceptor	0.2861175093053902
3887	EHMT1	(NC)	Splice-acceptor	0.1438657685686857
3888	EHMT1	C1062Y;V1063M	Missense;Missense	-0.611279884
3889	EHMT1	S1070F	Missense	0.1089225520599413
3890	EHMT1	M1074I;C1075Y	Missense;Missense	0.533411034
3891	EHMT1	C1075Y;G1076N	Missense;Missense	0.2665218817343421
3892	EHMT1	L1078F	Missense	0.272019645
3893	EHMT1	C1082Y	Missense	0.0280571013403986
3894	EHMT1	R1081C	Missense	-0.020017985
3895	EHMT1	C1082C	Silent	-0.640417234
3896	EHMT1	C1082C	Silent	0.2581701216510721
3897	EHMT1	Y1084Y	Silent	-0.27781233
3898	EHMT1	(NC)	Intron	-0.410085635
3899	EHMT1	(NC)	Intron	0.172682566317197
3900	EHMT1	(NC);(NC)	Intron;Intron	-0.309925131
3901	EHMT1	(NC)	Intron	0.3183646959079423
3902	EHMT1	(NC)	Intron	-0.131034071
3903	EHMT1	(NC);(NC)	Intron;Intron	0.8755117712791906
3904	EHMT1	(NC)	Intron	0.9732959811315844
3905	EHMT1		No Mutation	-0.283035476
3906	EHMT1	L1090L;L1091L;P1092S	Silent;Silent;Missense	-0.003268278
3907	EHMT1	E1093E	Silent	-0.042961313
3908	EHMT1	P1092L	Missense	0.1069602554206193
3909	EHMT1	M1096I;A1097T	Missense;Missense	-0.417248478
3910	EHMT1	A1097T;E1098K	Missense;Missense	0.5092972875447423
3911	EHMT1	E1104K;C1105Y	Missense;Missense	0.3248270990721113
3912	EHMT1	C1105Y	Missense	-0.276728444
3913	EHMT1	C1105Y	Missense	-0.694327866
3914	EHMT1	N1106N;H1107Y	Silent;Missense	0.5170273579495501
3915	EHMT1	H1107H;A1108V	Silent;Missense	-0.162515145
3916	EHMT1	W1112*	Nonsense	0.3710379233373211
3917	EHMT1	C1115Y;R1116Q	Missense;Missense	-0.387819044
3918	EHMT1	R1118C	Missense	-0.705984418
3919	EHMT1	Q1121Q	Silent	0.1801991516592313
3920	EHMT1	V1119V	Silent	0.2146669138530079
3921	EHMT1		No Mutation	-0.460031499
3922	EHMT1		No Mutation	-0.546052759
3923	EHMT1		No Mutation	0.1171298756658296
3924	EHMT1	A1126V	Missense	0.1026980840608254
3925	EHMT1	Q1129*	Nonsense	-0.277775636
3926	EHMT1	Q1129*;L1130F	Nonsense;Missense	0.072783884
3927	EHMT1	L1130L;Y1131Y;R1132W	Silent;Silent;Missense	0.0458061134308713
3928	EHMT1	Y1131Y;R1132W	Silent;Missense	0.2675251046847431
3929	EHMT1	T1133M	Missense	0.1279268846679921
3930	EHMT1	T1133M;R1134W	Missense;Missense	-0.129481481
3931	EHMT1	T1133M;R1134W	Missense;Missense	-0.666114329
3932	EHMT1	M1136I;G1137N	Missense;Missense	0.1143135883032576
3933	EHMT1	D1135D	Silent	-0.02637276
3934	EHMT1	G1139G	Silent	0.705983035
3935	EHMT1	L1143L;Q1144*	Silent;Nonsense	0.3658696840439442
3936	EHMT1		No Mutation	-0.547664623
3937	EHMT1	G1149S	Missense	-0.158164919
3938	EHMT1	V1152I	Missense	0.3171797431784066
3939	EHMT1	V1152I;C1153Y	Missense;Missense	0.744285735
3940	EHMT1	C1153Y;E1154K	Missense;Missense	0.7986909720192511
3941	EHMT1	(NC);(NC);(NC)	Intron;Intron;Intron	0.087059832
3942	EHMT1	C1153C	Silent	0.036456824
3943	EHMT1	C1153C	Silent	-0.017792125
3944	EHMT1		No Mutation	0.2192938602059402
3945	EHMT1	(NC);(NC)	Intron;Intron	0.4087439974108188
3946	EHMT1	(NC)	Intron	0.059853737
3947	EHMT1	(NC);(NC);(NC)	Intron;Intron;Intron	0.2641626755621845
3948	EHMT1	(NC);(NC);(NC);(NC)	Intron;Intron;Intron;Intron	-0.57509264
3949	EHMT1	(NC);(NC);(NC)	Intron;Intron;Intron	0.0235451881360266
3950	EHMT1	E1154E;V1156I	Silent;Missense	0.1734331656164764
3951	EHMT1	G1157K	Missense	-0.361300688
3952	EHMT1	G1157K;E1158K	Missense;Missense	0.4300777400437765
3953	EHMT1		No Mutation	0.1463029056371201
3954	EHMT1	D1171N	Missense	0.061243564
3955	EHMT1	L1174L	Silent	0.1226145446687496
3956	EHMT1		No Mutation	0.564513249
3957	EHMT1	(NC);(NC);(NC)	Intron;Intron;Intron	-0.364603136
3958	EHMT1	(NC)	Intron	-0.175285021
3959	EHMT1	(NC)	Intron	-0.745822724
3960	EHMT1	(NC);(NC)	Intron;Intron	-0.205472449
3961	EHMT1	(NC);(NC)	Intron;Intron	0.1217617078641433
3962	EHMT1	(NC);(NC)	Intron;Intron	-0.391731108
3963	EHMT1	(NC);(NC);D1181N	Intron;Splice-acceptor;Missense	0.1073159996010685
3964	EHMT1	E1183E;V1184I	Silent;Missense	-0.438089165
3965	EHMT1	E1183E;V1184I	Silent;Missense	-0.28222632
3966	EHMT1	Y1185Y	Silent	-0.254301972
3967	EHMT1	I1187I	Silent	-0.011639011
3968	EHMT1	I1187I;D1188D	Silent;Silent	0.1681377829620965
3969	EHMT1	F1191F;Y1192Y	Silent;Silent	0.3745104120329803
3970	EHMT1		No Mutation	0.395770598567549
3971	EHMT1	H1201H;H1202Y	Silent;Missense	0.090685074
3972	EHMT1		No Mutation	1.5401699166306422
3973	EHMT1	L1207L;V1208M	Silent;Missense	-0.073810846
3974	EHMT1	V1210I;R1211H	Missense;Missense	0.037022441
3975	EHMT1	V1210V;R1211H	Silent;Missense	0.136397807701446
3976	EHMT1	P1209F	Missense	-0.37035973
3977	EHMT1	V1212I	Missense	-0.087512145
3978	EHMT1	M1214I;A1215T	Missense;Missense	0.6006801648304738
3979	EHMT1	M1214I;A1215T	Missense;Missense	0.607662623
3980	EHMT1	R1211R	Silent	-0.057533011
3981	EHMT1	A1215V	Missense	0.2025693628828234
3982	EHMT1	D1218D	Silent	0.7618471954766948
3983	EHMT1	R1220Q	Missense	-0.165225738
3984	EHMT1	R1220R	Silent	-0.028552921
3985	EHMT1		No Mutation	0.2512996021302024
3986	EHMT1	R1223R;A1225T	Silent;Missense	-0.138930864
3987	EHMT1		No Mutation	0.1809072935678027
3988	EHMT1	S1228N	Missense	0.2668126384157642
3989	EHMT1	S1228N	Missense	0.085258749
3990	EHMT1	S1228N	Missense	0.5462219892735682
3991	EHMT1	R1230H;L1231L	Missense;Silent	0.2654553852119955
3992	EHMT1	F1227F;S1228S	Silent;Silent	0.4256234657443626
3993	EHMT1	T1229I;R1230C	Missense;Missense	0.2433915831019285
3994	EHMT1	G1235N	Missense	0.1815440089899057
3995	EHMT1	G1235N;E1236K	Missense;Missense	-0.033173508
3996	EHMT1	E1236K	Missense	0.087782063
3997	EHMT1	A1234V	Missense	0.3786567908286664
3998	EHMT1	A1234V	Missense	0.1769138039242453
3999	EHMT1	G1239E;(NC)	Missense;Splice-donor	0.583477957
4000	EHMT1	L1238L	Silent	0.1147482538322035
4001	EHMT1	(NC);(NC);(NC)	Intron;Intron;Intron	-0.267514141
4002	EHMT1	(NC)	Intron	-0.304096208
4003	EHMT1		No Mutation	0.3787715847744585
4004	EHMT1	(NC);(NC);(NC);(NC)	Intron;Intron;Intron;Intron	-0.35102092
4005	EHMT1		No Mutation	-0.298138998
4006	EHMT1	G1243R	Missense	-0.365831502
4007	EHMT1	G1243K;E1244K	Missense;Missense	-0.551233825
4008	EHMT1	G1243K;E1244K	Missense;Missense	0.193423551808211
4009	EHMT1	G1243E;E1244K	Missense;Missense	0.003964537
4010	EHMT1	D1241D	Silent	-0.081432343
4011	EHMT1	D1241D	Silent	0.6448812987134147
4012	EHMT1	R1245C	Missense	0.5310451442879631
4013	EHMT1	L1253F	Missense	-0.013636349
4014	EHMT1	C1258C;G1259G	Silent;Silent	-0.317288528
4015	EHMT1	K1262K	Silent	-0.060732739
4016	EHMT1	S1266S	Silent	0.3156157382764583
4017	EHMT1	C1263C;R1264W	Silent;Missense	0.077500312
4018	EHMT1	S1266S	Silent	-0.782551548
4019	EHMT1	S1266S;S1267N	Silent;Missense	0.44130678322903
4020	EHMT1	S1266S;S1267N	Silent;Missense	-0.45941211
4021	EHMT1	H1265Y	Missense	-0.147489189
4022	EHMT1	A1268A;A1269T	Silent;Missense	0.2652159161112474
4023	EHMT1	A1269V;L1270L	Missense;Silent	0.2738156567746533
4024	EHMT1	Q1274Q;A1275T	Silent;Missense	0.1916446814755756
4025	EHMT1	A1271A;Q1272*;R1273C	Silent;Nonsense;Missense	0.071680396
4026	EHMT1	Q1274Q;A1275T	Silent;Missense	-0.530874413
4027	EHMT1	S1276N;A1277T	Missense;Missense	0.5076849666975168
4028	EHMT1	Q1274*	Nonsense	-0.82266967
4029	EHMT1	A1277T;A1278T	Missense;Missense	0.4399477490675882
4030	EHMT1	A1275V	Missense	0.0428651785645388
4031	EHMT1	S1276S;A1277V	Silent;Missense	-0.335614239
4032	EHMT1	E1280E;A1281T	Silent;Missense	0.263934002
4033	EHMT1	A1278V;Q1279*	Missense;Nonsense	-0.291151134
4034	EHMT1	Q1279*	Nonsense	-0.107936905
4035	EHMT1	E1283E;D1284N	Silent;Missense	0.5550572336526032
4036	EHMT1	E1283E;D1284N;G1285S	Silent;Missense;Missense	0.087144787
4037	EHMT1	L1286L	Silent	-0.102874316
4038	EHMT1	L1286L;D1288N	Silent;Missense	0.4576122344078334
4039	EHMT1	P1287F	Missense	-0.36164609
4040	EHMT1	A1292T;A1293T	Missense;Missense	-0.335639627
4041	EHMT1	A1292A;A1293T	Silent;Missense	-0.288610501
4042	EHMT1	A1295T	Missense	0.00259465
4043	EHMT1		No Mutation	0.079173705
4044	EHMT2	(NC);(NC)	UTR;UTR	0.6470519099743601
4045	EHMT2	(NC)	UTR	0.079985961
4046	EHMT2	*1268*;(NC)	Silent;UTR	-0.800377797
4047	EHMT2	*1268*;(NC)	Silent;UTR	-0.246194861
4048	EHMT2	P1264L;V1265V	Missense;Silent	-0.019434977
4049	EHMT2		No Mutation	0.5953198793177745
4050	EHMT2		No Mutation	-0.078886926
4051	EHMT2	L1262L	Silent	0.039231345
4052	EHMT2	L1262L	Silent	0.0515482482219617
4053	EHMT2	E1258K	Missense	-0.322173953
4054	EHMT2	E1258K	Missense	-0.394534731
4055	EHMT2	L1255L	Silent	0.5029071259247986
4056	EHMT2	L1256L	Silent	0.557593352
4057	EHMT2	L1255L;L1256L	Silent;Silent	-0.591140436
4058	EHMT2	E1254K	Missense	-0.082067904
4059	EHMT2	E1254K	Missense	-0.465583718
4060	EHMT2		No Mutation	-0.506744713
4061	EHMT2	L1249L;D1250N	Silent;Missense	-0.114341601
4062	EHMT2	S1244S;R1245C	Silent;Missense	-0.119945836
4063	EHMT2	L1246L;A1247T	Silent;Missense	0.8137041365844679
4064	EHMT2	R1245H;L1246L	Missense;Silent	-0.047281587
4065	EHMT2	A1240A;L1241L	Silent;Silent	-0.091994947
4066	EHMT2	Q1243Q;S1244N	Silent;Missense	-0.119605657
4067	EHMT2	L1241L;E1242K	Silent;Missense	0.2189540851424584
4068	EHMT2	A1236V	Missense	0.023679472111153
4069	EHMT2	E1230E;K1231K	Silent;Silent	0.4299197513397456
4070	EHMT2	E1230K	Missense	0.266327665
4071	EHMT2		No Mutation	-0.69893676
4072	EHMT2	D1210D	Silent	-0.255755945
4073	EHMT2	D1210D	Silent	0.063505779
4074	EHMT2		No Mutation	-0.381656448
4075	EHMT2	(NC)	Intron	-0.241279897
4076	EHMT2	(NC);G1208G	Splice-acceptor;Silent	-0.328922629
4077	EHMT2	(NC);(NC)	Intron;Intron	-0.334757064
4078	EHMT2	(NC);(NC)	Intron;Intron	0.1300759142000644
4079	EHMT2	(NC)	Intron	0.6517479696495752
4080	EHMT2	L1207L	Silent	-0.046055712
4081	EHMT2	L1207L	Silent	-0.384624115
4082	EHMT2	L1207L	Silent	-0.148376886
4083	EHMT2	E1206E;G1208R	Silent;Missense	-0.074034795
4084	EHMT2	T1203I	Missense	-0.309142336
4085	EHMT2	R1202W;T1203I	Missense;Missense	0.2872439109687164
4086	EHMT2	G1204K;E1205K	Missense;Missense	0.1596228644228056
4087	EHMT2	G1204K	Missense	0.2156541975607341
4088	EHMT2	D1200D	Silent	-0.100028986
4089	EHMT2	S1198S;R1199*	Silent;Nonsense	0.064210225
4090	EHMT2	S1198F;R1199*	Missense;Nonsense	-0.123212462
4091	EHMT2	S1198F;R1199*	Missense;Nonsense	-0.045329114
4092	EHMT2	F1196F	Silent	-0.004274019
4093	EHMT2	R1199Q;D1200N	Missense;Missense	0.046669797882987
4094	EHMT2	S1197N	Missense	1.2387471854909686
4095	EHMT2	A1194T	Missense	-0.089921189
4096	EHMT2		No Mutation	-0.460795053
4097	EHMT2	L1184L	Silent	0.6433582998851569
4098	EHMT2	M1183I;L1184L	Missense;Silent	-0.343355911
4099	EHMT2	M1183I	Missense	0.067806128
4100	EHMT2	R1180Q	Missense	0.2276471675073125
4101	EHMT2	V1179I;R1180Q	Missense;Missense	-0.00806667
4102	EHMT2	V1179I	Missense	0.5800028870738614
4103	EHMT2	P1174P;N1175N	Silent;Silent	-0.257562814
4104	EHMT2	P1174L;N1175N	Missense;Silent	-0.490686398
4105	EHMT2		No Mutation	0.4437633977826594
4106	EHMT2		No Mutation	0.4072532872164934
4107	EHMT2	L1171L	Silent	0.1825966457049405
4108	EHMT2		No Mutation	-0.194640559
4109	EHMT2		No Mutation	0.3199208304583572
4110	EHMT2		No Mutation	0.1693398135472847
4111	EHMT2	V1153V	Silent	0.3532271388323411
4112	EHMT2	V1153V	Silent	0.9138079212509554
4113	EHMT2	V1153I	Missense	-0.007651812
4114	EHMT2	E1152K;V1153M	Missense;Missense	-0.002170623
4115	EHMT2	G1151E;E1152K	Missense;Missense	-0.513053111
4116	EHMT2	G1151K;E1152K	Missense;Missense	-0.577447809
4117	EHMT2	G1151K;E1152K	Missense;Missense	-0.715079235
4118	EHMT2	(NC);(NC);(NC)	Intron;Intron;Intron	-0.351776477
4119	EHMT2	(NC);D1150N	Splice-acceptor;Missense	-0.097364833
4120	EHMT2	(NC);(NC);(NC)	Intron;Intron;Intron	-0.516651747
4121	EHMT2	(NC);(NC)	Intron;Intron	0.1211333726229982
4122	EHMT2	D1147D	Silent	-0.101246188
4123	EHMT2		No Mutation	0.5568016460201692
4124	EHMT2	L1143L;F1144F	Silent;Silent	-0.098469977
4125	EHMT2		No Mutation	-0.607602344
4126	EHMT2	L1128L	Silent	-0.346578168
4127	EHMT2	G1126G;E1127K	Silent;Missense	-0.557308314
4128	EHMT2	G1126E;E1127K	Missense;Missense	-0.057003462
4129	EHMT2	V1125I;G1126R	Missense;Missense	0.0312306806411792
4130	EHMT2	(NC);(NC);(NC)	Intron;Intron;Intron	-0.033379987
4131	EHMT2	(NC);(NC)	Intron;Intron	0.4982751837378036
4132	EHMT2	(NC);(NC)	Intron;Intron	-0.048637642
4133	EHMT2		No Mutation	-0.573358264
4134	EHMT2		No Mutation	0.2419416081452786
4135	EHMT2	I1121I;C1122C	Silent;Silent	0.1962198275862783
4136	EHMT2	(NC)	Intron	0.2497590383432957
4137	EHMT2	I1121I	Silent	-0.796616097
4138	EHMT2	C1122Y	Missense	-0.187147158
4139	EHMT2		No Mutation	-0.365404321
4140	EHMT2		No Mutation	-0.133644328
4141	EHMT2	Q1117Q;G1118R	Silent;Missense	0.3065451879137562
4142	EHMT2	Q1117Q	Silent	0.1320400820219059
4143	EHMT2	Q1113*	Nonsense	-0.291813169
4144	EHMT2	L1112L;Q1113*	Silent;Nonsense	-0.036023668
4145	EHMT2	A1111A;L1112L;Q1113*	Silent;Silent;Nonsense	0.2232098650520104
4146	EHMT2		No Mutation	1.2521082657328455
4147	EHMT2	G1108E;V1109I	Missense;Missense	-0.048822402
4148	EHMT2	A1103V	Missense	0.0162029514101607
4149	EHMT2	M1105I;G1106N	Missense;Missense	0.309508871
4150	EHMT2	T1102I;A1103V	Missense;Missense	-0.01538851
4151	EHMT2	T1102I;A1103V	Missense;Missense	-0.936743643
4152	EHMT2	T1102I	Missense	-0.009377432
4153	EHMT2	T1102I	Missense	0.1051330384475666
4154	EHMT2	Y1100Y;R1101*	Silent;Nonsense	0.053163053
4155	EHMT2	L1099L;Y1100Y;R1101*	Silent;Silent;Nonsense	0.097263367
4156	EHMT2	Q1098Q	Silent	0.038730005
4157	EHMT2	Q1098Q	Silent	0.3729396733679898
4158	EHMT2	Q1098Q	Silent	-0.177517867
4159	EHMT2	Q1098Q	Silent	-0.291631555
4160	EHMT2	R1096Q	Missense	-0.037742676
4161	EHMT2	(NC);K1094K	Splice-acceptor;Silent	-0.030282857
4162	EHMT2	(NC);(NC)	Intron;Intron	0.008152323
4163	EHMT2	(NC);(NC);(NC)	Intron;Intron;Intron	-0.358900683
4164	EHMT2	Q1090*	Nonsense	-0.519794068
4165	EHMT2	G1092N	Missense	-0.008218766
4166	EHMT2	N1086N;R1087W	Silent;Missense	-0.031947138
4167	EHMT2		No Mutation	0.07358014
4168	EHMT2		No Mutation	0.2361543477317678
4169	EHMT2	W1081*	Nonsense	0.4057132824197929
4170	EHMT2	N1075N;Q1076*	Silent;Nonsense	0.1902569692777564
4171	EHMT2	C1074Y	Missense	0.4572150624073716
4172	EHMT2	E1073K;C1074Y	Missense;Missense	-0.091276227
4173	EHMT2	K1065K;E1067K	Silent;Missense	0.2614648513465346
4174	EHMT2	L1059L	Silent	-0.025642098
4175	EHMT2	L1059L	Silent	-0.727969135
4176	EHMT2		No Mutation	-0.258600173
4177	EHMT2	G1057E;R1058Q	Missense;Missense	-0.578018728
4178	EHMT2	G1057K	Missense	-0.145227815
4179	EHMT2	D1056N;G1057K	Missense;Missense	0.1386370330442793
4180	EHMT2	(NC);D1056N;G1057R	Splice-acceptor;Missense;Missense	-0.057449183
4181	EHMT2	(NC);D1056N	Splice-acceptor;Missense	0.1061746477318355
4182	EHMT2	(NC);(NC);(NC);(NC)	Intron;Intron;Intron;Intron	0.7931505945077291
4183	EHMT2	(NC);(NC);(NC);(NC)	Intron;Intron;Intron;Intron	-0.586173028
4184	EHMT2	(NC);(NC);(NC);(NC)	Intron;Intron;Intron;Intron	-0.382384551
4185	EHMT2	(NC)	Intron	0.2551710579446539
4186	EHMT2	(NC)	Intron	2.0449596527727314
4187	EHMT2	K1055K;(NC)	Silent;Splice-donor	0.047327598
4188	EHMT2	I1049I;R1050W	Silent;Missense	0.2450337687542629
4189	EHMT2	R1050R;C1051Y	Silent;Missense	0.1939303390382558
4190	EHMT2	L1047F	Missense	-0.220748666
4191	EHMT2	S1048N	Missense	0.2849391092000456
4192	EHMT2	C1044C;G1045G	Silent;Silent	-0.010006641
4193	EHMT2	G1045D;Q1046Q	Missense;Silent	-0.280551322
4194	EHMT2	S1039S;S1040F	Silent;Missense	0.098782452
4195	EHMT2	V1034I;D1035N	Missense;Missense	0.3689264489680489
4196	EHMT2	C1033Y;V1034I	Missense;Missense	0.7779861690692738
4197	EHMT2	C1033Y;V1034M	Missense;Missense	-0.675325396
4198	EHMT2	(NC);(NC);H1030Y	Intron;Intron;Missense	0.3099838112803104
4199	EHMT2	C1031Y;T1032T	Missense;Silent	1.085884911173826
4200	EHMT2	C1031Y	Missense	-0.557269339
4201	EHMT2	(NC)	Splice-acceptor	-0.07498977
4202	EHMT2		No Mutation	-1.60239256
4203	EHMT2	(NC);(NC);(NC);(NC)	Intron;Intron;Intron;Intron	-0.315595795
4204	EHMT2		No Mutation	-0.692705895
4205	EHMT2	Q1029*	Nonsense	-0.048915402
4206	EHMT2	(NC);(NC);(NC)	Intron;Intron;Intron	0.4525129980388614
4207	EHMT2	(NC);(NC);(NC)	Intron;Intron;Intron	0.008303736
4208	EHMT2	H1027H;L1028L	Silent;Silent	-0.024830068
4209	EHMT2	H1027Y;L1028L	Missense;Silent	0.045667365
4210	EHMT2	T1026T;H1027Y;L1028L	Silent;Missense;Silent	-0.039175585
4211	EHMT2	T1026I;H1027Y	Missense;Missense	0.083271725
4212	EHMT2	R1023R;N1024N	Silent;Silent	-0.00802726
4213	EHMT2	R1023H	Missense	-0.058545234
4214	EHMT2	R1023H	Missense	-0.281346071
4215	EHMT2		No Mutation	0.2161431469142277
4216	EHMT2	K1008K	Silent	-0.709203752
4217	EHMT2	K1008K	Silent	0.049448995
4218	EHMT2		No Mutation	-0.463518373
4219	EHMT2		No Mutation	0.006446124
4220	EHMT2	V998V;D999N	Silent;Missense	0.2945223671947203
4221	EHMT2	V998I;D999N	Missense;Missense	-0.611478125
4222	EHMT2	V995V	Silent	1.6418329570603774
4223	EHMT2	V995V	Silent	0.2166030001223425
4224	EHMT2		No Mutation	0.2390026706448097
4225	EHMT2	G997N	Missense	-0.398580885
4226	EHMT2	G997N	Missense	0.6719077223150199
4227	EHMT2	P993F	Missense	0.5382310835703077
4228	EHMT2	P991F	Missense	0.1048981254929154
4229	EHMT2	(NC)	Intron	-0.233555717
4230	EHMT2	(NC);(NC)	Intron;Intron	3.452970827513749
4231	EHMT2	(NC);(NC)	Intron;Intron	0.1430113635054439
4232	EHMT2	V983I	Missense	-0.080394148
4233	EHMT2	D982N;V983M	Missense;Missense	0.4810769691516768
4234	EHMT2	(NC);(NC)	Intron;Intron	0.2596563986425461
4235	EHMT2	(NC)	Intron	-0.34816239
4236	EHMT2	(NC)	Intron	-0.161681991
4237	EHMT2	(NC)	Intron	-0.031998588
4238	EHMT2	(NC);(NC)	Intron;Intron	0.655036016
4239	EHMT2	(NC)	Intron	0.6010733190461632
4240	EHMT2		No Mutation	0.5282076086049553
4241	EHMT2	I979I	Silent	0.430197657
4242	EHMT2	I978I;I979I	Silent;Silent	0.4019359909719435
4243	EHMT2		No Mutation	-0.176515464
4244	EHMT2	T975I	Missense	0.998019511851288
4245	EHMT2	K977K	Silent	-0.366784205
4246	EHMT2		No Mutation	0.067029551
4247	EHMT2	L966F	Missense	0.664589143
4248	EHMT2	L966F	Missense	-0.379319703
4249	EHMT2	G967K;V968M	Missense;Missense	0.095667608
4250	EHMT2	L964F	Missense	-0.320986272
4251	EHMT2	R962R;L964F	Silent;Missense	0.083146545
4252	EHMT2	N961N;R962C	Silent;Missense	0.1269874814676169
4253	EHMT2	N961N;R962C	Silent;Missense	-0.059906216
4254	EHMT2	N961N;R962C	Silent;Missense	0.3071288993357923
4255	EHMT2	A957A	Silent	-0.195629091
4256	EHMT2	V954V;W955*	Silent;Nonsense	0.020236403
4257	EHMT2	V954I;W955*	Missense;Nonsense	0.5374569689775311
4258	EHMT2	P949L	Missense	-0.036672304
4259	EHMT2	D953N	Missense	0.3408524888098897
4260	EHMT2		No Mutation	-1.278605119
4261	EHMT2		No Mutation	-0.177471467
4262	EHMT2	E940K	Missense	-0.112684207
4263	EHMT2	L936L;R937W	Silent;Missense	0.073677813
4264	EHMT2	E940K	Missense	-0.209761352
4265	EHMT2	L936L	Silent	-0.249883659
4266	EHMT2	L936L	Silent	-0.511406238
4267	EHMT2	L936L	Silent	0.3145229425053532
4268	EHMT2	R937Q	Missense	0.2839602557110811
4269	EHMT2	A932V	Missense	-0.730169977
4270	EHMT2		No Mutation	-0.221106512
4271	EHMT2		No Mutation	-0.418507776
4272	EHMT2		No Mutation	0.2070155367309091
4273	EHMT2		No Mutation	-0.300734927
4274	EHMT2	L928L	Silent	-0.494023323
4275	EHMT2	L928L	Silent	-0.224653782
4276	EHMT2		No Mutation	-0.318985508
4277	EHMT2	(NC);L925L	Splice-acceptor;Silent	-0.135750275
4278	EHMT2	(NC);(NC);(NC)	Intron;Intron;Intron	0.0178963864112366
4279	EHMT2	(NC);(NC);(NC)	Splice-donor;Intron;Intron	0.1162954210899778
4280	EHMT2	R917Q	Missense	0.5784483358222172
4281	EHMT2	A916T;R917Q	Missense;Missense	0.1484321049927535
4282	EHMT2	A916T	Missense	0.2008526792340825
4283	EHMT2	A916T	Missense	-0.268260591
4284	EHMT2	P911P;L912L;H913Y	Silent;Silent;Missense	-0.383388574
4285	EHMT2	P911L;L912L	Missense;Silent	-0.060623146
4286	EHMT2	L912L	Silent	-0.414220154
4287	EHMT2	G908R	Missense	-0.206565011
4288	EHMT2	A903V	Missense	-0.066047271
4289	EHMT2		No Mutation	-0.365671628
4290	EHMT2	A903V	Missense	0.2144736006130387
4291	EHMT2	H902Y;A903V	Missense;Missense	-0.013334531
4292	EHMT2	C899Y;D900N	Missense;Missense	0.0210876761297533
4293	EHMT2	A897T	Missense	-0.000441422
4294	EHMT2	L895L	Silent	-0.083690037
4295	EHMT2		No Mutation	-0.752176512
4296	EHMT2	A889T	Missense	-0.122963652
4297	EHMT2	S887N;A888T	Missense;Missense	0.4849257943812982
4298	EHMT2		No Mutation	0.6280490610536158
4299	EHMT2	H880Y	Missense	0.168478815193008
4300	EHMT2	H880Y	Missense	-0.131848889
4301	EHMT2	N876N	Silent	0.7036989832024627
4302	EHMT2	N876N	Silent	-0.102710982
4303	EHMT2	C878Y	Missense	-0.648064623
4304	EHMT2		No Mutation	-0.087434459
4305	EHMT2	E874E;E875K	Silent;Missense	0.6954095576252524
4306	EHMT2	(NC);E874K	Splice-acceptor;Missense	0.4479594549655532
4307	EHMT2	(NC);E874K	Splice-acceptor;Missense	0.041647412
4308	EHMT2	(NC);(NC);(NC);(NC)	Intron;Intron;Intron;Intron	-0.376241095
4309	EHMT2	(NC);(NC);(NC);(NC)	Intron;Intron;Intron;Intron	-0.419847302
4310	EHMT2	(NC)	Intron	-0.120936236
4311	EHMT2		No Mutation	-0.052102845
4312	EHMT2	D872D;N873N	Silent;Silent	0.489589548758863
4313	EHMT2	(NC);(NC);(NC)	Intron;Intron;Intron	-0.220877339
4314	EHMT2	(NC);(NC)	Intron;Intron	-0.13618343
4315	EHMT2	D872N	Missense	0.2344514882213226
4316	EHMT2	T863T;R864Q;G865S	Silent;Missense;Missense	0.3703837942892775
4317	EHMT2	R859C	Missense	0.044034513
4318	EHMT2	I858I;R859C	Silent;Missense	-0.032301876
4319	EHMT2	I858I;R859C	Silent;Missense	-0.206518331
4320	EHMT2	H852Y	Missense	0.087767659
4321	EHMT2	E851K	Missense	0.0611524369739584
4322	EHMT2	A850T;E851K	Missense;Missense	-0.699633076
4323	EHMT2		No Mutation	-0.16947847
4324	EHMT2		No Mutation	0.5011571038373148
4325	EHMT2	G842K;W843*	Missense;Nonsense	-1.017525198
4326	EHMT2	G841G;G842K	Silent;Missense	-0.280844326
4327	EHMT2	G841K;G842R	Missense;Missense	0.1052165970723254
4328	EHMT2	(NC);(NC)	Intron;Intron	0.1559863703253384
4329	EHMT2	S840N;G841K	Missense;Missense	0.2522081966747973
4330	EHMT2	(NC);(NC);(NC)	Intron;Intron;Intron	-0.354743345
4331	EHMT2	(NC);(NC);(NC);(NC)	Intron;Intron;Intron;Intron	0.8996352487331416
4332	EHMT2	D839N;S840N	Missense;Missense	0.059691797
4333	EHMT2	(NC);(NC);(NC);(NC)	Intron;Intron;Intron;Intron	-0.146286088
4334	EHMT2	(NC);D839N	Splice-acceptor;Missense	0.0546395626915761
4335	EHMT2	(NC);(NC);(NC);(NC)	Intron;Intron;Intron;Intron	-0.704400051
4336	EHMT2	(NC);(NC);(NC)	Intron;Intron;Intron	0.3880915794516756
4337	EHMT2		No Mutation	-0.295826895
4338	EHMT2		No Mutation	0.1005677299789034
4339	EHMT2	(NC);(NC);(NC)	Intron;Intron;Intron	-0.106887252
4340	EHMT2		No Mutation	0.1687239800603142
4341	EHMT2		No Mutation	0.5699720527937217
4342	EHMT2	V835V	Silent	0.1414752712226986
4343	EHMT2		No Mutation	0.19926010857814
4344	EHMT2	L828L	Silent	-0.140326253
4345	EHMT2	G831K	Missense	-0.31467463
4346	EHMT2	L827L;L828L	Silent;Silent	0.115464985179604
4347	EHMT2	S825S;L826L	Silent;Silent	0.2689284944640288
4348	EHMT2	L821L;E822K	Silent;Missense	-0.564026488
4349	EHMT2	I818I	Silent	0.2638755865970639
4350	EHMT2	A816V	Missense	-0.294109954
4351	EHMT2	H813H;H814Y	Silent;Missense	0.2280407331590304
4352	EHMT2	H813Y;H814Y	Missense;Missense	0.1348778852996005
4353	EHMT2	A816T	Missense	0.2618824177113072
4354	EHMT2	A815T	Missense	0.4307904925142933
4355	EHMT2	G808N	Missense	-0.941106979
4356	EHMT2	G808N	Missense	0.5073942961321108
4357	EHMT2	(NC);(NC);(NC);(NC)	Intron;Intron;Intron;Intron	0.078251956
4358	EHMT2	E805K;E806K	Missense;Missense	4.474933232187189
4359	EHMT2	(NC);E805K;E806K	Splice-acceptor;Missense;Missense	0.707814425
4360	EHMT2	(NC)	Intron	0.0296608050377433
4361	EHMT2	(NC);(NC);(NC)	Intron;Intron;Intron	-1.262859089
4362	EHMT2	(NC);(NC)	Intron;Intron	0.149215045
4363	EHMT2	(NC);(NC)	Intron;Intron	0.087030515
4364	EHMT2	(NC)	Intron	0.096502129
4365	EHMT2		No Mutation	-0.213060708
4366	EHMT2	S803S	Silent	0.2332068415637885
4367	EHMT2	G799G	Silent	-0.026196612
4368	EHMT2	Q796Q;R797H;G798S	Silent;Missense;Missense	0.048604528
4369	EHMT2	Q796Q;R797H	Silent;Missense	-0.348570128
4370	EHMT2	Y793Y	Silent	-0.426280659
4371	EHMT2	R792C	Missense	0.033473658
4372	EHMT2		No Mutation	-0.148033893
4373	EHMT2		No Mutation	-0.595523785
4374	EHMT2	R792H	Missense	0.1294248903783214
4375	EHMT2	L788L	Silent	-0.001172469
4376	EHMT2		No Mutation	-0.623239688
4377	EHMT2	A782A	Silent	-0.355159208
4378	EHMT2	V783I;V784M	Missense;Missense	-0.414620149
4379	EHMT2	P778L;L779L	Missense;Silent	0.052136265
4380	EHMT2	R776W	Missense	-0.22506836
4381	EHMT2	Q775*;R776W	Nonsense;Missense	0.6980814427053783
4382	EHMT2	A770V	Missense	0.084183318
4383	EHMT2	V771V;D772N	Silent;Missense	0.1536681195082004
4384	EHMT2	A766V	Missense	-0.07330823
4385	EHMT2		No Mutation	-0.802455372
4386	EHMT2	A766T	Missense	0.7468536493389606
4387	EHMT2	A766T	Missense	-0.378843676
4388	EHMT2	G765E;A766T	Missense;Missense	0.085689226
4389	EHMT2	A764T;G765K	Missense;Missense	0.085444623
4390	EHMT2	(NC);A764T	Splice-acceptor;Missense	-0.283675252
4391	EHMT2	(NC);A764T	Splice-acceptor;Missense	-0.467378581
4392	EHMT2	(NC);(NC);(NC)	Intron;Intron;Intron	0.8653346192860949
4393	EHMT2		No Mutation	0.0110852406229583
4394	EHMT2	(NC);(NC);(NC);(NC)	Intron;Intron;Intron;Intron	-0.219440461
4395	EHMT2	Q763*	Nonsense	0.3014776016831555
4396	EHMT2	L761L;L762L	Silent;Silent	0.3558883501816567
4397	EHMT2	L761L;L762L	Silent;Silent	-0.44158269
4398	EHMT2	Q763Q;(NC)	Silent;Splice-donor	0.3523266428450495
4399	EHMT2	I757I;C758C;H759Y	Silent;Silent;Missense	0.2682136575041487
4400	EHMT2	V760I	Missense	0.0301752651673211
4401	EHMT2	V755V;E756K	Silent;Missense	-0.002988404
4402	EHMT2	V755V;E756K	Silent;Missense	0.2669357339141814
4403	EHMT2	V755I	Missense	0.1107029334630897
4404	EHMT2	A749A;A750V;Q751*	Silent;Missense;Nonsense	0.3690859591916406
4405	EHMT2	Q751Q	Silent	0.114544036433785
4406	EHMT2	Q751Q	Silent	0.12847224253196
4407	EHMT2	H747Y;A748V	Missense;Missense	0.1407920895270226
4408	EHMT2	A750T	Missense	-0.13192798
4409	EHMT2	H747Y	Missense	-0.594566376
4410	EHMT2	T744T	Silent	0.3658387334982487
4411	EHMT2	Q740Q;S741N	Silent;Missense	-0.028158789
4412	EHMT2	Q739Q	Silent	-0.340974106
4413	EHMT2	D738N	Missense	0.208629146
4414	EHMT2	D738N	Missense	-0.325646381
4415	EHMT2	Q736Q	Silent	-0.609011008
4416	EHMT2	L731L;D732N	Silent;Missense	-0.449410429
4417	EHMT2	L731L;D732N	Silent;Missense	0.090460704
4418	EHMT2	L731L;D732N	Silent;Missense	-0.199129796
4419	EHMT2	(NC)	Intron	-0.255543401
4420	EHMT2		No Mutation	0.0386878699944752
4421	EHMT2		No Mutation	1.0193370993718092
4422	EHMT2	(NC);(NC)	Intron;Intron	0.3410926481992737
4423	EHMT2	Q717*	Nonsense	-0.259405662
4424	EHMT2	E719E;L720L	Silent;Silent	0.1193024421421958
4425	EHMT2	Q717Q;G718N;E719K	Silent;Missense;Missense	-0.068223077
4426	EHMT2	Y712Y;L713L	Silent;Silent	0.3864870915197201
4427	EHMT2	Y712Y;L713L	Silent;Silent	0.3120433923503749
4428	EHMT2	L713L	Silent	-0.131329398
4429	EHMT2	L713L	Silent	0.303735849774791
4430	EHMT2	L711L	Silent	0.7041718247904026
4431	EHMT2	R709R;Q710Q	Silent;Silent	0.9378893024324606
4432	EHMT2	L704F	Missense	0.140303188995719
4433	EHMT2	K702K;K703K	Silent;Silent	-0.387441554
4434	EHMT2	K702K;K703K	Silent;Silent	-0.414281051
4435	EHMT2	(NC);R700R;R701Q	Splice-acceptor;Silent;Missense	0.0143369032295835
4436	EHMT2	(NC);R700R	Splice-acceptor;Silent	0.1470165557014903
4437	EHMT2	(NC);(NC)	Intron;Intron	0.7447475558054258
4438	EHMT2	(NC);(NC)	Intron;Intron	0.1281031771016785
4439	EHMT2	(NC)	Intron	0.000223977
4440	EHMT2	(NC);(NC);(NC)	Intron;Intron;Intron	0.5225607076689894
4441	EHMT2		No Mutation	-0.363292963
4442	EHMT2		No Mutation	0.217299650760783
4443	EHMT2	(NC);(NC);(NC)	Splice-donor;Intron;Intron	0.2462664439185465
4444	EHMT2	S698L	Missense	-0.133250075
4445	EHMT2	S698L	Missense	0.2677232541295113
4446	EHMT2		No Mutation	-0.034882246
4447	EHMT2	V694V;I695I	Silent;Silent	-0.186433801
4448	EHMT2	E697E	Silent	-0.173253332
4449	EHMT2		No Mutation	-0.173973815
4450	EHMT2	A688V;L689L	Missense;Silent	0.2608635117162433
4451	EHMT2	G685G;R686W	Silent;Missense	-0.424089809
4452	EHMT2	P684L	Missense	0.1081999631642268
4453	EHMT2	R686Q;E687K	Missense;Missense	-0.673328491
4454	EHMT2	L682L	Silent	0.171434774
4455	EHMT2	P681L;L682L	Missense;Silent	0.3617983550151745
4456	EHMT2	P681L	Missense	0.1826620956183613
4457	EHMT2	L682L;G683K	Silent;Missense	0.098373677
4458	EHMT2	L680L	Silent	0.2605510919065682
4459	EHMT2	A677V	Missense	0.0291559678972849
4460	EHMT2	A677V	Missense	0.2173380053944834
4461	EHMT2	A677V	Missense	0.8872398275120278
4462	EHMT2	G679G;L680L	Silent;Silent	-0.045327357
4463	EHMT2	G673G;C674C	Silent;Silent	-0.05360064
4464	EHMT2	G673G	Silent	-0.541446404
4465	EHMT2	G673G	Silent	0.6148642094561594
4466	EHMT2		No Mutation	0.3991837987696113
4467	EHMT2		No Mutation	0.006882528
4468	EHMT2	C674Y	Missense	0.3547294909510946
4469	EHMT2	G673D;C674Y	Missense;Missense	0.1140810573680334
4470	EHMT2	G672K;G673S	Missense;Missense	-0.418262857
4471	EHMT2	G672K	Missense	-0.612967225
4472	EHMT2		No Mutation	-0.732304468
4473	EHMT2	L667L;T668I	Silent;Missense	-0.196150692
4474	EHMT2		No Mutation	0.3707427635977816
4475	EHMT2	S666S;L667L	Silent;Silent	-1.097870195
4476	EHMT2	S666F;L667L	Missense;Silent	-1.03864028
4477	EHMT2	S666F;L667L	Missense;Silent	0.2892648252956442
4478	EHMT2	G664E	Missense	-1.118837568
4479	EHMT2	D658D;T659I	Silent;Missense	0.8325937139381927
4480	EHMT2	D658D;T659I	Silent;Missense	0.5428895320420635
4481	EHMT2	D661N	Missense	0.2953322669933058
4482	EHMT2	D661N	Missense	0.3907657261098146
4483	EHMT2	D661N	Missense	0.2344261495480373
4484	EHMT2	D658N	Missense	-0.417327886
4485	EHMT2	A657T;D658N	Missense;Missense	-0.24406621
4486	EHMT2	L656L;A657T	Silent;Missense	-0.218525287
4487	EHMT2	L656L;A657T	Silent;Missense	0.0152678580721719
4488	EHMT2	R650R;P651L;P652S	Silent;Missense;Missense	1.2438827517565454
4489	EHMT2	D654N	Missense	-0.262114348
4490	EHMT2	C653Y;D654N	Missense;Missense	0.7183345624908496
4491	EHMT2	C653Y;D654N	Missense;Missense	0.0138340049806484
4492	EHMT2		No Mutation	-0.012821321
4493	EHMT2	G646K;E647K	Missense;Missense	0.072758039
4494	EHMT2	G646K	Missense	-0.214128504
4495	EHMT2	A640A;R641W	Silent;Missense	-0.91459892
4496	EHMT2	A640V;R641W	Missense;Missense	-0.19791817
4497	EHMT2	A640V;R641W	Missense;Missense	-0.247594493
4498	EHMT2	M642I;R643Q;G644R	Missense;Missense;Missense	0.055314962
4499	EHMT2	(NC)	Intron	0.5896474558081457
4500	EHMT2	(NC);(NC)	Intron;Intron	0.0219089810812257
4501	EHMT2	R641Q	Missense	0.062713525
4502	EHMT2	(NC);(NC);(NC)	Intron;Intron;Intron	-0.335495749
4503	EHMT2		No Mutation	-1.034836381
4504	EHMT2		No Mutation	0.3100761511328634
4505	EHMT2	T635I;S636F	Missense;Missense	0.7737117298934872
4506	EHMT2	A633V;D634D	Missense;Silent	-0.147791182
4507	EHMT2		No Mutation	-0.010181875
4508	EHMT2		No Mutation	0.05353387
4509	EHMT2		No Mutation	-0.064085904
4510	EHMT2	G631G;R632K;A633T	Silent;Missense;Missense	0.2725944635764613
4511	EHMT2	G631E;R632K	Missense;Missense	0.052649899
4512	EHMT2	G631R	Missense	-0.559121853
4513	EHMT2		No Mutation	-0.584866898
4514	EHMT2	V629I	Missense	-0.433725213
4515	EHMT2	S626F	Missense	-0.102968482
4516	EHMT2	L625L;S626F	Silent;Missense	1.2303061692706303
4517	EHMT2	D628N;V629I	Missense;Missense	0.3019800379173729
4518	EHMT2	Q627Q;D628N;V629I	Silent;Missense;Missense	0.2364484488434856
4519	EHMT2	Q627Q;D628N	Silent;Missense	-0.083545974
4520	EHMT2	Q627Q;D628N	Silent;Missense	-0.513338328
4521	EHMT2	L625L	Silent	0.1573316361905325
4522	EHMT2	P622F;P623S	Missense;Missense	-0.376075094
4523	EHMT2	A621T	Missense	0.364843489612592
4524	EHMT2	A619T	Missense	0.2700691526740635
4525	EHMT2	A618T;A619T	Missense;Missense	-0.26971974
4526	EHMT2	A618T;A619T	Missense;Missense	0.3529025154757388
4527	EHMT2	A618T	Missense	-0.758228033
4528	EHMT2		No Mutation	0.3847589266526756
4529	EHMT2	D609D	Silent	0.2030625867575315
4530	EHMT2	V611V	Silent	-0.355066811
4531	EHMT2	V611V	Silent	-0.147378038
4532	EHMT2	V611I	Missense	-0.271907664
4533	EHMT2	G610G;V611I	Silent;Missense	-0.295213556
4534	EHMT2	G610K	Missense	-0.451182554
4535	EHMT2	T604T;I605I;P606S	Silent;Silent;Missense	0.1989330669839166
4536	EHMT2	T604I;I605I	Missense;Silent	-1.367509427
4537	EHMT2	T604I	Missense	0.3447917019778289
4538	EHMT2		No Mutation	-0.06812051
4539	EHMT2		No Mutation	0.3678264801456122
4540	EHMT2		No Mutation	0.2179212727409891
4541	EHMT2	A597V	Missense	-0.690272377
4542	EHMT2	A597T	Missense	0.3088824916244315
4543	EHMT2	A597T	Missense	-0.064632923
4544	EHMT2	D596N;A597T	Missense;Missense	-0.573351506
4545	EHMT2	F589F;P591S	Silent;Missense	-0.863086325
4546	EHMT2	V588V;F589F	Silent;Silent	0.2277969479944306
4547	EHMT2	V588V;F589F	Silent;Silent	-0.307639523
4548	EHMT2	V588V	Silent	-0.014367562
4549	EHMT2	S582F;Q583*	Missense;Nonsense	0.3226043275861626
4550	EHMT2	L584L	Silent	0.301073756
4551	EHMT2		No Mutation	0.5313995427512831
4552	EHMT2		No Mutation	-0.947401637
4553	EHMT2	V581V	Silent	-0.209661794
4554	EHMT2	C580Y;V581M	Missense;Missense	0.044127181
4555	EHMT2	K578K;A579T	Silent;Missense	-0.125145729
4556	EHMT2	K578K;A579T	Silent;Missense	0.3467109759629392
4557	EHMT2	A573V;H574Y	Missense;Missense	-0.02875752
4558	EHMT2		No Mutation	-1.233319611
4559	EHMT2	A573T	Missense	-0.310122699
4560	EHMT2	V572V;A573T	Silent;Missense	0.007994645
4561	EHMT2	V572I;A573T	Missense;Missense	-0.091547102
4562	EHMT2	C566C;H567Y;P568S	Silent;Missense;Missense	0.2804114412636391
4563	EHMT2	D569N	Missense	0.1451349279224191
4564	EHMT2		No Mutation	0.1317990437855003
4565	EHMT2	L564L;E565K	Silent;Missense	0.1452916690310464
4566	EHMT2	L564L;E565K	Silent;Missense	-0.016167747
4567	EHMT2		No Mutation	-0.255647464
4568	EHMT2		No Mutation	-0.641735153
4569	EHMT2	(NC);(NC);(NC);(NC)	Intron;Intron;Intron;Intron	0.1037581767287729
4570	EHMT2	(NC)	Intron	-0.102866629
4571	EHMT2	(NC)	Intron	-0.090660759
4572	EHMT2	(NC)	Intron	0.4739534041603021
4573	EHMT2	(NC);(NC)	Intron;Intron	0.102040574
4574	EHMT2	A560V	Missense	-0.066208531
4575	EHMT2	A560V	Missense	-0.233333632
4576	EHMT2	T559M;A560V	Missense;Missense	0.1688362455105895
4577	EHMT2	C554C;G555G	Silent;Silent	-0.151346695
4578	EHMT2	C558Y	Missense	0.2482073085368932
4579	EHMT2	G553G;C554C	Silent;Silent	-0.636560109
4580	EHMT2		No Mutation	-0.140611277
4581	EHMT2	C554Y;G555S	Missense;Missense	-0.163023014
4582	EHMT2	H549Y	Missense	-0.767227249
4583	EHMT2	H548Y	Missense	-0.17489623
4584	EHMT2	V546V;H548Y	Silent;Missense	0.4804600581488425
4585	EHMT2		No Mutation	0.1562161414484096
4586	EHMT2		No Mutation	0.9745086274505872
4587	EHMT2		No Mutation	0.001276018
4588	EHMT2	M545I;V546I	Missense;Missense	0.093027712
4589	EHMT2	M545I;V546I	Missense;Missense	0.2929308504511909
4590	EHMT2	T540I;H541Y	Missense;Missense	-0.336131752
4591	EHMT2	E539K	Missense	-0.074332333
4592	EHMT2	C538Y;E539K	Missense;Missense	0.2147374704661947
4593	EHMT2	M535I;V536I	Missense;Missense	-0.399497124
4594	EHMT2	L534L;M535I	Silent;Missense	0.233260379196568
4595	EHMT2	A533T	Missense	0.3048398601865157
4596	EHMT2	S529S;S530S;R531C	Silent;Silent;Missense	-0.38588821
4597	EHMT2	S530N;R531H	Missense;Missense	-0.007099022
4598	EHMT2	P528S	Missense	-0.476210733
4599	EHMT2	M526I	Missense	0.1634443083028582
4600	EHMT2	L521L	Silent	0.2488600117534182
4601	EHMT2	E524E	Silent	0.2966700812237755
4602	EHMT2	R523Q;E524K	Missense;Missense	0.4749923350235061
4603	EHMT2	A518V	Missense	0.2885071963210046
4604	EHMT2	A518V	Missense	0.7001006246969843
4605	EHMT2	L513L	Silent	0.2186078089080405
4606	EHMT2	(NC);(NC)	Intron;Intron	-0.222861517
4607	EHMT2	(NC)	Splice-acceptor	-0.691238592
4608	EHMT2	(NC)	Splice-acceptor	-0.343020976
4609	EHMT2	(NC);(NC)	Intron;Intron	0.1415806695870156
4610	EHMT2		No Mutation	-0.226031459
4611	EHMT2		No Mutation	0.036748553
4612	EHMT2		No Mutation	-0.054512562
4613	EHMT2	D510D	Silent	0.4861668827034051
4614	EHMT2	D510D	Silent	0.1027418766490096
4615	EHMT2		No Mutation	-0.734991747
4616	EHMT2		No Mutation	0.3774207375895573
4617	EHMT2		No Mutation	-0.160931207
4618	EHMT2	G511K	Missense	0.1724820610779975
4619	EHMT2		No Mutation	-0.236550859
4620	EHMT2	A505V;T506I	Missense;Missense	0.1487761445962272
4621	EHMT2	C503C	Silent	0.024543631
4622	EHMT2	A499V	Missense	-0.291993506
4623	EHMT2	R498R;A499T;G500R	Silent;Missense;Missense	0.2153416328902586
4624	EHMT2	R494R;I495I	Silent;Silent	-0.235531367
4625	EHMT2	R494C	Missense	-0.214735363
4626	EHMT2	D493D;R494C	Silent;Missense	0.4478770547869839
4627	EHMT2	D493D;R494C	Silent;Missense	0.234075362091469
4628	EHMT2	D493D	Silent	-0.493873702
4629	EHMT2	S496N	Missense	0.077530494
4630	EHMT2	S496N	Missense	0.075914843
4631	EHMT2	K491K	Silent	-0.232720755
4632	EHMT2	M487I;E488K	Missense;Missense	0.1792947087644391
4633	EHMT2	R486H;M487I	Missense;Missense	0.1750498015225258
4634	EHMT2	R486H	Missense	0.505148262
4635	EHMT2	C483C	Silent	0.6397842301870673
4636	EHMT2	P481P;L482L	Silent;Silent	-0.352674621
4637	EHMT2	T473I	Missense	-0.244017819
4638	EHMT2	S470L;L471L	Missense;Silent	-0.065952065
4639	EHMT2	S470L;L471L	Missense;Silent	-0.309608302
4640	EHMT2	S470S;L471L	Silent;Silent	-0.443801785
4641	EHMT2	S465S	Silent	0.2295106
4642	EHMT2	D467N	Missense	0.41463918
4643	EHMT2		No Mutation	-0.075354414
4644	EHMT2	V464V	Silent	0.072120684
4645	EHMT2	(NC)	Splice-acceptor	-0.494383454
4646	EHMT2	(NC);(NC)	Intron;Intron	1.2298245739685665
4647	EHMT2	(NC);(NC)	Intron;Intron	0.2036615505017123
4648	EHMT2		No Mutation	0.5294213724257976
4649	EHMT2		No Mutation	-0.118670288
4650	EHMT2		No Mutation	0.161001169
4651	EHMT2	(NC)	Intron	0.2343582120045532
4652	EHMT2	(NC)	Intron	-0.12200685
4653	EHMT2		No Mutation	0.1486553851965548
4654	EHMT2	(NC)	Splice-donor	0.9405842883380856
4655	EHMT2	A462T;G463R	Missense;Missense	0.4472411159119706
4656	EHMT2	A462T	Missense	-1.269076419
4657	EHMT2	L457F;S458F	Missense;Missense	0.4499016387266936
4658	EHMT2		No Mutation	0.002974004
4659	EHMT2		No Mutation	0.3380945403529202
4660	EHMT2	E454K;G455R	Missense;Missense	0.022384186
4661	EHMT2	S453N;E454K	Missense;Missense	-0.530848614
4662	EHMT2		No Mutation	-0.720422803
4663	EHMT2	L449L	Silent	-0.670660592
4664	EHMT2	S448S;L449L	Silent;Silent	-0.086079772
4665	EHMT2	E450K	Missense	-0.214014722
4666	EHMT2	L449L;E450K	Silent;Missense	0.082506982
4667	EHMT2	V444V;P445S	Silent;Missense	0.6147606304214294
4668	EHMT2	Y441Y	Silent	-0.195441005
4669	EHMT2	Y441Y	Silent	-0.225074629
4670	EHMT2	Y441Y	Silent	0.0275907692187228
4671	EHMT2	E443E;V444I	Silent;Missense	0.3335591129319106
4672	EHMT2	E443K;V444I	Missense;Missense	0.3168299936489457
4673	EHMT2	M442I;E443K;V444I	Missense;Missense;Missense	-0.319243886
4674	EHMT2	G437G;P438F	Silent;Missense	-0.178594292
4675	EHMT2	E440E	Silent	-0.267101733
4676	EHMT2	G437G;P438S	Silent;Missense	0.6628334736833135
4677	EHMT2		No Mutation	-0.336039439
4678	EHMT2	(NC)	Intron	-0.083477886
4679	EHMT2	(NC)	Intron	0.2902258944564038
4680	EHMT2	(NC)	Intron	0.2134240887481577
4681	EHMT2	(NC);(NC);(NC)	Intron;Intron;Intron	-0.882478665
4682	EHMT2		No Mutation	1.380804034
4683	EHMT2	(NC)	Intron	0.4006967747799817
4684	EHMT2	(NC);(NC);(NC)	Splice-donor;Intron;Intron	-0.111155407
4685	EHMT2	P427S	Missense	0.657876644
4686	EHMT2	A424A	Silent	0.9881435271219308
4687	EHMT2	R428Q	Missense	-0.475997039
4688	EHMT2	R423W;A424V	Missense;Missense	-0.178954385
4689	EHMT2	E426K	Missense	0.2258882273598022
4690	EHMT2	P421S	Missense	-0.528812804
4691	EHMT2	R417R;R419W	Silent;Missense	-0.006784802
4692	EHMT2	R417R	Silent	0.2411860184763608
4693	EHMT2	R417H	Missense	0.2581309985682278
4694	EHMT2	R414W	Missense	-0.078380283
4695	EHMT2	P408L	Missense	-0.002071399
4696	EHMT2	R404*	Nonsense	0.1089291717853296
4697	EHMT2	R404*	Nonsense	-0.093905913
4698	EHMT2	K400K;K401K	Silent;Silent	0.098764688
4699	EHMT2	R397R	Silent	0.5815426611043315
4700	EHMT2	K398K;A399T	Silent;Missense	0.7081100158765576
4701	EHMT2	S393F	Missense	0.2548021658950977
4702	EHMT2	G395N	Missense	0.1344481723761856
4703	EHMT2	S394N;G395N	Missense;Missense	0.083588215
4704	EHMT2		No Mutation	0.1379097596749227
4705	EHMT2	S394N	Missense	0.1403910233490131
4706	EHMT2		No Mutation	-0.071961817
4707	EHMT2	G392D	Missense	0.2511334081119951
4708	EHMT2	(NC);(NC);(NC)	Intron;Intron;Intron	0.3225650348329748
4709	EHMT2	G392N	Missense	0.6480803174319798
4710	EHMT2	S391N;G392N	Missense;Missense	-0.20684992
4711	EHMT2	(NC);S391N	Splice-acceptor;Missense	1.0237296497403154
4712	EHMT2	(NC);(NC);(NC);(NC)	Intron;Intron;Intron;Intron	0.4617199481570245
4713	EHMT2		No Mutation	-0.740513984
4714	EHMT2	S388L	Missense	0.1673546179914053
4715	EHMT2		No Mutation	0.3732676841034567
4716	EHMT2	S384L	Missense	-0.041160726
4717	EHMT2		No Mutation	1.1775320769601447
4718	EHMT2		No Mutation	0.3965091585353402
4719	EHMT2		No Mutation	-1.088258743
4720	EHMT2		No Mutation	0.3032885799212963
4721	EHMT2		No Mutation	0.1086760381755499
4722	EHMT2		No Mutation	0.3124998571626216
4723	EHMT2		No Mutation	-0.017954874
4724	EHMT2		No Mutation	0.1002506839617969
4725	EHMT2		No Mutation	0.2142816632361608
4726	EHMT2		No Mutation	0.4639345317295538
4727	EHMT2		No Mutation	0.2112182066300811
4728	EHMT2		No Mutation	0.1116953505766057
4729	EHMT2	L355L	Silent	-0.121466577
4730	EHMT2	Q354*;L355L	Nonsense;Silent	-0.274911755
4731	EHMT2	Q354*	Nonsense	-0.085939797
4732	EHMT2	A350T	Missense	0.070821867
4733	EHMT2	A350T	Missense	-0.134093458
4734	EHMT2	E347K;V348I	Missense;Missense	0.2636921146401382
4735	EHMT2	S344S	Silent	-0.539979364
4736	EHMT2	(NC);(NC)	Intron;Intron	-0.673273974
4737	EHMT2	R339R	Silent	-0.12032294
4738	EHMT2	E338E;R339H	Silent;Missense	0.7017611293272397
4739	EHMT2	Y334Y;S335F	Silent;Missense	-0.11038802
4740	EHMT2	Y330Y	Silent	0.8496667308748584
4741	EHMT2	S315S;L316L	Silent;Silent	-0.135433978
4742	EHMT2	E318E;W319*	Silent;Nonsense	-0.018704635
4743	EHMT2	E318K;W319*	Missense;Nonsense	0.1603827352248269
4744	EHMT2	E317E;E318K	Silent;Missense	0.2552567477177263
4745	EHMT2	P313P	Silent	0.1419494672933764
4746	EHMT2	P313L	Missense	-0.454297828
4747	EHMT2	D312D;P313S	Silent;Missense	0.3776163334493019
4748	EHMT2		No Mutation	0.4493522181622994
4749	EHMT2	G314R	Missense	0.157926752426864
4750	EHMT2		No Mutation	0.2827072755410592
4751	EHMT2	T309M	Missense	0.3305764740157303
4752	EHMT2	L308L;T309M	Silent;Missense	0.3206893440381957
4753	EHMT2		No Mutation	0.2007546605479031
4754	EHMT2		No Mutation	-0.011800359
4755	EHMT2		No Mutation	5.313928856711636
4756	EHMT2	V306I	Missense	0.072134611
4757	EHMT2	V306I	Missense	-0.11095951
4758	EHMT2	S299F	Missense	0.0480894206647726
4759	EHMT2		No Mutation	-0.71240587
4760	EHMT2		No Mutation	0.073598444
4761	EHMT2	(NC);(NC)	Intron;Intron	-0.148267315
4762	EHMT2	G292G;L293L	Silent;Silent	0.49290519592924
4763	EHMT2	N288N	Silent	0.180841383664151
4764	EHMT2	L287L	Silent	0.4418257468932373
4765	EHMT2		No Mutation	0.2308046610905558
4766	EHMT2	L287L	Silent	0.073033297
4767	EHMT2		No Mutation	0.055417353
4768	EHMT2	(NC)	Intron	-0.222776571
4769	EHMT2	(NC);(NC)	Intron;Intron	0.1049092565804356
4770	EHMT2		No Mutation	-0.033927987
4771	EHMT2		No Mutation	-0.302161334
4772	EHMT2	(NC);(NC);(NC)	Intron;Intron;Intron	0.069213243
4773	EHMT2		No Mutation	-0.443824417
4774	EHMT2	L274L	Silent	2.1479286674416693
4775	EHMT2	K276K;V277I	Silent;Missense	-0.155001129
4776	EHMT2	V271V;H272Y	Silent;Missense	-1.165687277
4777	EHMT2		No Mutation	-0.54031227
4778	EHMT2		No Mutation	0.2061036666818636
4779	EHMT2	V271I	Missense	-0.131253106
4780	EHMT2	R266H	Missense	-0.143159091
4781	EHMT2		No Mutation	-0.716406159
4782	EHMT2		No Mutation	-0.395066409
4783	EHMT2		No Mutation	-0.323621206
4784	EHMT2	E261K	Missense	-0.083882709
4785	EHMT2	E261K	Missense	-0.19648302
4786	EHMT2	R258Q	Missense	0.7983531458991193
4787	EHMT2	K257K;R258Q	Silent;Missense	0.01796027
4788	EHMT2	K257K;R258Q	Silent;Missense	0.1492984781080804
4789	EHMT2	K257K;R258Q	Silent;Missense	0.1742878404975018
4790	EHMT2	P252L;P253L	Missense;Missense	-0.313943331
4791	EHMT2	E256K	Missense	0.2767034611978788
4792	EHMT2		No Mutation	0.0219990273145498
4793	EHMT2	(NC)	Splice-acceptor	-0.3067588
4794	EHMT2	(NC);(NC)	Intron;Intron	-0.563506511
4795	EHMT2		No Mutation	-0.021386168
4796	EHMT2		No Mutation	-0.516607776
4797	EHMT2	Q251*	Nonsense	-0.214960453
4798	EHMT2	Q251*	Nonsense	-0.36801187
4799	EHMT2	(NC);(NC);(NC)	Splice-donor;Intron;Intron	0.8292781649684371
4800	EHMT2		No Mutation	-0.233213642
4801	EHMT2		No Mutation	-0.98263533
4802	EHMT2	G250E;Q251Q	Missense;Silent	0.4923487527679729
4803	EHMT2	S245S;P247S	Silent;Missense	0.4893079227683558
4804	EHMT2	G248E	Missense	-0.341648461
4805	EHMT2	S245F	Missense	0.5498046300596471
4806	EHMT2	T243I	Missense	0.2682109989162952
4807	EHMT2	R241H	Missense	0.3796646063312211
4808	EHMT2	A240T;R241H	Missense;Missense	0.055834969
4809	EHMT2	K236K;V237I	Silent;Missense	-0.841366034
4810	EHMT2	K236K;V237I	Silent;Missense	0.0149063508253581
4811	EHMT2	S230S;P231L	Silent;Missense	-0.454741797
4812	EHMT2	G233E;Q234Q	Missense;Silent	-0.058329141
4813	EHMT2	E232E;G233K	Silent;Missense	0.5028102389704928
4814	EHMT2	E232K	Missense	-0.372412871
4815	EHMT2	A227V;T228I	Missense;Missense	0.054875738
4816	EHMT2	S230N	Missense	0.006086906
4817	EHMT2	A227V	Missense	0.1302776605507845
4818	EHMT2	T229T;S230N	Silent;Missense	0.3275611202586701
4819	EHMT2	T229T;S230N	Silent;Missense	-0.158919129
4820	EHMT2	T229T;S230N	Silent;Missense	-0.157772616
4821	EHMT2	A220T;G221R	Missense;Missense	0.3723603707281913
4822	EHMT2	A220T	Missense	0.9663620085858124
4823	EHMT2		No Mutation	-0.184961705
4824	EHMT2	Q215*	Nonsense	-0.266966101
4825	EHMT2	A217T;A218T	Missense;Missense	-0.508503738
4826	EHMT2		No Mutation	0.918081419
4827	EHMT2		No Mutation	-0.016270357
4828	EHMT2	L208L	Silent	0.079525212
4829	EHMT2	M206I;R207K	Missense;Missense	0.2300214278724311
4830	EHMT2	V201V;Q202*	Silent;Nonsense	-0.752011385
4831	EHMT2	L204L;A205T	Silent;Missense	-0.148957686
4832	EHMT2	S203N	Missense	-0.452425277
4833	EHMT2	P199L	Missense	1.0070667195509737
4834	EHMT2	G193K	Missense	-0.259732033
4835	EHMT2	S190L	Missense	-0.231914451
4836	EHMT2		No Mutation	0.4790841403543963
4837	EHMT2	A187A	Silent	0.3607575557214586
4838	EHMT2	M191I	Missense	0.1193060650852796
4839	EHMT2	A187V	Missense	-0.193910571
4840	EHMT2	A187V	Missense	0.032738441
4841	EHMT2	M189I	Missense	-0.05858039
4842	EHMT2	K188K	Silent	-0.093109056
4843	EHMT2		No Mutation	0.1922070041039407
4844	EHMT2		No Mutation	0.4261080619483093
4845	EHMT2	C183Y	Missense	0.4128449685619817
4846	EHMT2	C183Y	Missense	0.2338664146984037
4847	EHMT2		No Mutation	0.2438538490832392
4848	EHMT2	G181D	Missense	-0.613011301
4849	EHMT2	K179K;G180K	Silent;Missense	-0.111521561
4850	EHMT2	K179K;G180K	Silent;Missense	-0.21589495
4851	EHMT2	K179K;G180R	Silent;Missense	-0.482648937
4852	EHMT2	S175F;S176F	Missense;Missense	-0.936304434
4853	EHMT2	P174P;S175F	Silent;Missense	0.3813861040673671
4854	EHMT2	P174L;S175F	Missense;Missense	-0.325479003
4855	EHMT2	P174F;S175F	Missense;Missense	0.3975845066267784
4856	EHMT2	F173F;P174F	Silent;Missense	0.1499641268157184
4857	EHMT2		No Mutation	-0.00853534
4858	EHMT2		No Mutation	-0.179127848
4859	EHMT2	A169T	Missense	-0.285848548
4860	EHMT2		No Mutation	0.3444022104244399
4861	EHMT2	(NC)	Intron	-0.248629201
4862	EHMT2	(NC)	Intron	-0.355380768
4863	EHMT2		No Mutation	0.1628453883256396
4864	EHMT2		No Mutation	0.1950220937115301
4865	EHMT2		No Mutation	0.1904961842062068
4866	EHMT2	(NC);(NC);(NC)	Intron;Intron;Intron	-0.37801773
4867	EHMT2	L165L;L166L	Silent;Silent	-0.577379787
4868	EHMT2	I164I;L165L;L166L	Silent;Silent;Silent	-0.293715424
4869	EHMT2	(NC);(NC)	Intron;Intron	-0.659865267
4870	EHMT2	I164I	Silent	0.2183920724578347
4871	EHMT2	L165L	Silent	-0.80919656
4872	EHMT2		No Mutation	0.4350326371119217
4873	EHMT2		No Mutation	0.091147133
4874	EHMT2	R163R	Silent	-0.052616943
4875	EHMT2	D158D	Silent	0.038279051
4876	EHMT2		No Mutation	-0.136650585
4877	EHMT2		No Mutation	0.084552568
4878	EHMT2		No Mutation	0.3691882635289498
4879	EHMT2		No Mutation	-0.146009766
4880	EHMT2	L153F	Missense	-0.160630203
4881	EHMT2		No Mutation	0.6965144206482556
4882	EHMT2		No Mutation	-0.029646139
4883	EHMT2	S150F	Missense	0.351613639
4884	EHMT2		No Mutation	-0.125951324
4885	EHMT2	E149K	Missense	0.299003191
4886	EHMT2	A142V	Missense	-0.775128224
4887	EHMT2	A142V	Missense	0.1732114103734022
4888	EHMT2	A142V	Missense	-0.087511146
4889	EHMT2		No Mutation	-0.210768522
4890	EHMT2		No Mutation	-0.276949006
4891	EHMT2		No Mutation	-0.667424969
4892	EHMT2	A136V	Missense	0.0252234770944858
4893	EHMT2	A136V	Missense	0.4138111846789267
4894	EHMT2	A136V	Missense	0.2327583204751138
4895	EHMT2	V129V;T130I	Silent;Missense	0.1338703938308396
4896	EHMT2	V129V;T130I	Silent;Missense	0.8862302659825481
4897	EHMT2	V129V;T130I	Silent;Missense	-0.342363002
4898	EHMT2	V129V	Silent	-0.177547832
4899	EHMT2	V131I	Missense	0.1739603318333329
4900	EHMT2	S126F	Missense	-0.280740275
4901	EHMT2	V129I	Missense	0.1003994429749384
4902	EHMT2	V127I	Missense	0.1183559555864245
4903	EHMT2	V127I	Missense	0.107009103793744
4904	EHMT2	V127I	Missense	3.1729121358675325
4905	EHMT2		No Mutation	0.3875341997862107
4906	EHMT2		No Mutation	0.299266226
4907	EHMT2	G120D	Missense	-0.421467237
4908	EHMT2	A119T	Missense	0.3997697804060369
4909	EHMT2	A119T	Missense	0.1477545552623953
4910	EHMT2	E117E;A119T	Silent;Missense	0.9342341902129464
4911	EHMT2	E117E	Silent	-0.434353349
4912	EHMT2	D114D;S115F	Silent;Missense	-0.093045931
4913	EHMT2	L116L;E117K	Silent;Missense	-0.124735469
4914	EHMT2		No Mutation	0.2925780701455568
4915	EHMT2	D114N	Missense	0.5511174296638288
4916	EHMT2	A111V	Missense	0.083670391
4917	EHMT2	D114N	Missense	1.5051504800538122
4918	EHMT2		No Mutation	-0.315914929
4919	EHMT2		No Mutation	-0.16180191
4920	EHMT2		No Mutation	-0.022983005
4921	EHMT2		No Mutation	1.0887071607501777
4922	EHMT2		No Mutation	0.3200458428601376
4923	EHMT2	H95Y	Missense	-0.333888605
4924	EHMT2	(NC)	Intron	-0.409406819
4925	EHMT2	G96D	Missense	-0.185684164
4926	EHMT2	(NC)	Intron	0.090963416
4927	EHMT2	(NC)	Intron	-2.273805434
4928	EHMT2	(NC);(NC)	Intron;Intron	-1.390392679
4929	EHMT2		No Mutation	0.2455101491231522
4930	EHMT2		No Mutation	0.1969722578822622
4931	EHMT2	(NC);(NC)	Intron;Intron	0.0281314074090858
4932	EHMT2	(NC);(NC)	Intron;Intron	-0.780806947
4933	EHMT2	E92E;R93K	Silent;Missense	-0.775728246
4934	EHMT2		No Mutation	0.7864517366963162
4935	EHMT2	L83L	Silent	0.084339944
4936	EHMT2	A80V;L81L	Missense;Silent	0.2010980160642057
4937	EHMT2		No Mutation	0.2334852475533015
4938	EHMT2	A80A;L81L	Silent;Silent	-0.024821295
4939	EHMT2	A80T	Missense	0.2663184709571435
4940	EHMT2	G79G;A80T	Silent;Missense	0.3703535560216057
4941	EHMT2	G79E;A80T	Missense;Missense	-0.65870497
4942	EHMT2	A74V;P75S	Missense;Missense	-0.329340001
4943	EHMT2	A74V	Missense	-0.775556353
4944	EHMT2	A74V	Missense	0.3094634312979822
4945	EHMT2		No Mutation	0.1270744162719485
4946	EHMT2	A76T	Missense	0.036085406
4947	EHMT2		No Mutation	-0.273697406
4948	EHMT2	A74T	Missense	-0.04708613
4949	EHMT2	E73E;A74T	Silent;Missense	-0.480360191
4950	EHMT2	Q71Q;G72K	Silent;Missense	-0.677697232
4951	EHMT2	L68F;P69S	Missense;Missense	0.2388189022945375
4952	EHMT2	Q71Q;G72R	Silent;Missense	0.9632238402074292
4953	EHMT2	L68F	Missense	-0.747700052
4954	EHMT2	P66L	Missense	-0.715276382
4955	EHMT2	P66F	Missense	0.3800838395466358
4956	EHMT2		No Mutation	0.3865197120855536
4957	EHMT2	V65V;P66F	Silent;Missense	-0.148880056
4958	EHMT2		No Mutation	0.25199082
4959	EHMT2		No Mutation	-0.442164173
4960	EHMT2	C67Y	Missense	0.2998059412850702
4961	EHMT2	G59G;L60L	Silent;Silent	0.3338906262995108
4962	EHMT2	G59E;L60L	Missense;Silent	-0.189957782
4963	EHMT2	G59K	Missense	-0.090960194
4964	EHMT2	G59K	Missense	1.1826100269765871
4965	EHMT2	G59K	Missense	-0.094932097
4966	EHMT2	T53I;P54F	Missense;Missense	-0.033927717
4967	EHMT2		No Mutation	0.4313226209099351
4968	EHMT2	T53I;P54F	Missense;Missense	-0.353690319
4969	EHMT2		No Mutation	0.085143283
4970	EHMT2		No Mutation	0.4898586261974931
4971	EHMT2	W52*	Nonsense	0.1609984330951801
4972	EHMT2	W52*	Nonsense	0.2180379508226365
4973	EHMT2	P46L	Missense	0.1269544811634673
4974	EHMT2	L43L;S44F;L45F	Silent;Missense;Missense	0.1978464971015391
4975	EHMT2	R47K;A48T	Missense;Missense	-0.066842073
4976	EHMT2	S41S;L42L;L43F	Silent;Silent;Missense	0.063599463
4977	EHMT2		No Mutation	0.3338328080122004
4978	EHMT2	S41S;L42L	Silent;Silent	-0.052758451
4979	EHMT2		No Mutation	0.1988336785093332
4980	EHMT2		No Mutation	-0.260679887
4981	EHMT2	R38K	Missense	-0.633974616
4982	EHMT2		No Mutation	-0.29351099
4983	EHMT2	G37D;R38K	Missense;Missense	-0.228745545
4984	EHMT2	G37N;R38K	Missense;Missense	-0.064866109
4985	EHMT2	P32L;H33Y	Missense;Missense	-0.428481708
4986	EHMT2	P32F	Missense	0.069829351
4987	EHMT2		No Mutation	-0.428536115
4988	EHMT2	G31G	Silent	-0.036784311
4989	EHMT2	R29R;G30K;G31R	Silent;Missense;Missense	0.09185135
4990	EHMT2	G26G	Silent	-0.091530031
4991	EHMT2	R25*	Nonsense	0.067815485
4992	EHMT2	S24S;R25*	Silent;Nonsense	0.1411578741271822
4993	EHMT2	S24S;R25*	Silent;Nonsense	-0.106902964
4994	EHMT2	S24S;R25*	Silent;Nonsense	0.1052305094803574
4995	EHMT2	R27H;G28K	Missense;Missense	0.3561004885784464
4996	EHMT2	G23G;S24S;R25*	Silent;Silent;Nonsense	-0.400395407
4997	EHMT2	G23G;S24S	Silent;Silent	0.3323325542742523
4998	EHMT2	G26N;R27H	Missense;Missense	-0.306666659
4999	EHMT2	G26N	Missense	-0.267124218
5000	EHMT2	R25Q;G26N	Missense;Missense	-0.03073564
5001	EHMT2	P22L	Missense	-0.008931612
5002	EHMT2	A20V;P21F	Missense;Missense	0.3118676181719029
5003	EHMT2	R18C	Missense	0.3873696641222514
5004	EHMT2	R18C	Missense	-0.664649784
5005	EHMT2	A19T;A20T	Missense;Missense	0.2024230818583422
5006	EHMT2	R18H;A19T	Missense;Missense	-0.205920398
5007	EHMT2	A13A;R14W	Silent;Missense	-0.933409058
5008	EHMT2	R12W	Missense	-0.61299411
5009	EHMT2	R12W	Missense	0.3759950846876053
5010	EHMT2		No Mutation	0.2240264085180259
5011	EHMT2		No Mutation	-0.183212203
5012	EHMT2		No Mutation	-0.088200091
5013	EHMT2		No Mutation	0.1877824763219425
5014	EHMT2		No Mutation	-0.11920011
5015	EHMT2	L10L	Silent	-0.444349183
5016	EHMT2		No Mutation	0.2917858361901001
5017	EHMT2		No Mutation	-0.215364701
5018	EHMT2	L4L	Silent	2.6200070657070564
5019	EHMT2	L4L	Silent	0.5105050966419429
5020	EHMT2	L4L	Silent	-0.413440084
5021	EHMT2		No Mutation	-0.383275789
5022	EHMT2	R2W	Missense	0.4111266490149782
5023	EHMT2	R2W	Missense	-0.09176906
5024	EHMT2		No Mutation	-0.146981075
5025	EHMT2		No Mutation	0.3556026086195596
5026	EHMT2	G3D	Missense	-0.372641172
5027	EHMT2	(NC);(NC)	Flank;Flank	-0.332943448
5028	EHMT2	(NC);(NC)	Flank;Flank	-0.380375702
5029	EHMT2	(NC)	Flank	-1.482312726
5030	EHMT2	(NC)	Flank	1.0663368567986806
5031	EHMT2	(NC);(NC)	Flank;Flank	-0.25007177
5032	EHMT2	(NC);(NC)	Flank;Flank	-0.062178419
5033	SUV39H1	(NC)	UTR	-0.231278066
5034	SUV39H1	(NC)	UTR	-0.127499617
5035	SUV39H1	(NC);(NC)	UTR;UTR	0.1922527585099138
5036	SUV39H1	(NC)	UTR	0.3327923879782273
5037	SUV39H1	S5N;R6H	Missense;Missense	1.0133223990092062
5038	SUV39H1	R6R;L7L	Silent;Silent	0.6624764573659048
5039	SUV39H1	L12L;A13T	Silent;Missense	-0.211654536
5040	SUV39H1	L12L;A13V	Silent;Missense	0.5706158104377794
5041	SUV39H1	A13V	Missense	-0.304373301
5042	SUV39H1	D14D;P15L;L16L	Silent;Missense;Silent	-0.670865413
5043	SUV39H1	L16L	Silent	-0.179235943
5044	SUV39H1	(NC);(NC);(NC)	Intron;Intron;Intron	-0.485216468
5045	SUV39H1	(NC);(NC);(NC)	Intron;Intron;Intron	0.3480546641960811
5046	SUV39H1	(NC);(NC)	Intron;Intron	0.3985444214584704
5047	SUV39H1	G18D;C19Y	Missense;Missense	0.4310162357384519
5048	SUV39H1	C19Y	Missense	0.1139914589193926
5049	SUV39H1	C19Y;S20N	Missense;Missense	-0.229996738
5050	SUV39H1	C22Y;C23Y	Missense;Missense	-0.228856411
5051	SUV39H1		No Mutation	-0.204748083
5052	SUV39H1	S26F	Missense	0.1092476316976219
5053	SUV39H1	Q31*	Nonsense	0.3854618481611908
5054	SUV39H1	K38K	Silent	0.409912919
5055	SUV39H1		No Mutation	-0.340919765
5056	SUV39H1	C41Y	Missense	0.630263262
5057	SUV39H1	L39F;S40F	Missense;Missense	0.2613984075409556
5058	SUV39H1	A43T	Missense	0.4101225996208936
5059	SUV39H1	G45D	Missense	0.3018710913986903
5060	SUV39H1	A43V;L44F	Missense;Missense	-0.273515808
5061	SUV39H1		No Mutation	-0.749106275
5062	SUV39H1		No Mutation	-0.545639399
5063	SUV39H1	K48K;R49K	Silent;Missense	0.4857659990796987
5064	SUV39H1	K48K;R49K	Silent;Missense	0.615174042
5065	SUV39H1	V56I;E57K	Missense;Missense	-0.083078933
5066	SUV39H1	K63K;K64K	Silent;Silent	0.3556805130814823
5067	SUV39H1		No Mutation	0.3558211404217007
5068	SUV39H1		No Mutation	0.009372036
5069	SUV39H1	I65I	Silent	-0.112120125
5070	SUV39H1	(NC);(NC)	Intron;Intron	-0.288568501
5071	SUV39H1	(NC)	Intron	-0.544369966
5072	SUV39H1		No Mutation	-0.193689109
5073	SUV39H1	(NC);(NC);(NC)	Intron;Intron;Intron	0.4369201495532998
5074	SUV39H1		No Mutation	-0.111999757
5075	SUV39H1		No Mutation	-0.343574052
5076	SUV39H1	(NC)	Splice-acceptor	-0.510598308
5077	SUV39H1	(NC);(NC);(NC);(NC)	Intron;Intron;Intron;Intron	0.0446720224842579
5078	SUV39H1	(NC);E67K	Splice-acceptor;Missense	0.085921787
5079	SUV39H1	(NC);E67K	Splice-acceptor;Missense	0.1995735345548983
5080	SUV39H1	Q68Q	Silent	0.2507610000760658
5081	SUV39H1	Q68Q;E69K	Silent;Missense	0.4680400062155075
5082	SUV39H1	Q68Q;E69K	Silent;Missense	0.1123424436053872
5083	SUV39H1	E69K	Missense	-0.176945321
5084	SUV39H1		No Mutation	0.933448153
5085	SUV39H1	Q68*	Nonsense	0.3417697119728726
5086	SUV39H1		No Mutation	-0.541560107
5087	SUV39H1		No Mutation	-0.33424686
5088	SUV39H1	Y71Y;L72L	Silent;Silent	0.315602726831613
5089	SUV39H1	G77K	Missense	0.2291808254977547
5090	SUV39H1	P79L;D80D	Missense;Silent	0.7287829054810415
5091	SUV39H1	D80D	Silent	0.8011555981346896
5092	SUV39H1	W85*	Nonsense	-0.005286546
5093	SUV39H1	S83S	Silent	0.07013686
5094	SUV39H1	Q89Q	Silent	0.016891628
5095	SUV39H1	K92K;C93Y	Silent;Missense	-0.207128119
5096	SUV39H1	I96I;L97F	Silent;Missense	0.049468892
5097	SUV39H1	K102K;D103N	Silent;Missense	0.2476636876542787
5098	SUV39H1	F100F;H101Y	Silent;Missense	-0.163857019
5099	SUV39H1	F100F;H101Y	Silent;Missense	0.016729034986549
5100	SUV39H1	R106K;E107K	Missense;Missense	-0.448986877
5101	SUV39H1		No Mutation	0.2619019656658045
5102	SUV39H1		No Mutation	-0.09623998
5103	SUV39H1	L109F	Missense	0.7789196976591696
5104	SUV39H1	R114R	Silent	-0.190728924
5105	SUV39H1	H113H;R114W	Silent;Missense	-0.356740894
5106	SUV39H1		No Mutation	-0.034308427
5107	SUV39H1		No Mutation	-0.464576641
5108	SUV39H1	R119Q	Missense	0.9167418769475572
5109	SUV39H1		No Mutation	0.074416226
5110	SUV39H1	H120Y;L121L	Missense;Silent	0.0232981978082731
5111	SUV39H1		No Mutation	0.06319162
5112	SUV39H1	S124N	Missense	0.3470012226150984
5113	SUV39H1	S124N	Missense	1.0385202386191732
5114	SUV39H1	S124N	Missense	-0.12808687
5115	SUV39H1	L125L;A126T	Silent;Missense	0.4103787466060895
5116	SUV39H1	S124S	Silent	0.1094943795214229
5117	SUV39H1		No Mutation	-0.244882244
5118	SUV39H1		No Mutation	0.4306532369768306
5119	SUV39H1	A126A;N127N	Silent;Silent	0.075334807
5120	SUV39H1	Q131Q;K132K	Silent;Silent	0.599793224
5121	SUV39H1	Q131*	Nonsense	-0.085072627
5122	SUV39H1	K134K	Silent	-0.322971489
5123	SUV39H1		No Mutation	0.3346897450815027
5124	SUV39H1		No Mutation	-0.450227547
5125	SUV39H1	A138A	Silent	-0.14115643
5126	SUV39H1	R137W	Missense	0.2070326160020132
5127	SUV39H1	R137W	Missense	0.019223815616721
5128	SUV39H1	L139F;R140C	Missense;Missense	-0.005941068
5129	SUV39H1	Q144Q;E145K	Silent;Missense	-0.084413631
5130	SUV39H1	A148V	Missense	0.3129581695539376
5131	SUV39H1	A148V	Missense	0.3250598961853431
5132	SUV39H1	L153L;G154K	Silent;Missense	0.5663744427844613
5133	SUV39H1	V158I	Missense	-1.615120715
5134	SUV39H1	R155R;I156I	Silent;Silent	-0.573062346
5135	SUV39H1	I156I;T157I	Silent;Missense	0.3138211055924156
5136	SUV39H1		No Mutation	-0.029460222
5137	SUV39H1		No Mutation	0.2329889065159606
5138	SUV39H1	D163D;L164L	Silent;Silent	0.7281549032391386
5139	SUV39H1	D163D;L164L	Silent;Silent	0.2312580810365767
5140	SUV39H1	P168P;R169Q;A170T	Silent;Missense;Missense	0.4464289519006229
5141	SUV39H1	V172I	Missense	0.165966076785758
5142	SUV39H1	V172I	Missense	0.5869327872802598
5143	SUV39H1		No Mutation	-0.347563265
5144	SUV39H1	E176K	Missense	0.8631052042033212
5145	SUV39H1	I174I	Silent	-0.498571002
5146	SUV39H1		No Mutation	-0.209982186
5147	SUV39H1		No Mutation	1.9921391405065745
5148	SUV39H1		No Mutation	-0.175680403
5149	SUV39H1	G182G	Silent	0.1660670820731803
5150	SUV39H1	G182G;I183I	Silent;Silent	0.9933798414012852
5151	SUV39H1	T184T;L185F	Silent;Missense	-0.286975699
5152	SUV39H1	L185F	Missense	-0.070640022
5153	SUV39H1	V190I	Missense	-0.305846624
5154	SUV39H1	V190I;G191S	Missense;Missense	-0.059591036
5155	SUV39H1	C192Y;E193K	Missense;Missense	0.4067796299725097
5156	SUV39H1		No Mutation	0.9038240835746888
5157	SUV39H1	C194C	Silent	-0.397667355
5158	SUV39H1	C194C;Q195*	Silent;Nonsense	-0.384305117
5159	SUV39H1	W199*;A200T	Nonsense;Missense	0.3164285883288593
5160	SUV39H1	L198L	Silent	0.1034946546528422
5161	SUV39H1	L198L	Silent	0.1322573176756681
5162	SUV39H1	P201P;T202I	Silent;Missense	0.1304217918105807
5163	SUV39H1	T202I	Missense	-0.055622788
5164	SUV39H1	T202I	Missense	-0.363508817
5165	SUV39H1		No Mutation	1.032008100208744
5166	SUV39H1	C206Y	Missense	-0.087891915
5167	SUV39H1	C206Y;P207P	Missense;Silent	-0.31662988
5168	SUV39H1	L211L	Silent	-0.112208135
5169	SUV39H1		No Mutation	0.041846463
5170	SUV39H1		No Mutation	0.2089655735122025
5171	SUV39H1	A215V	Missense	0.3915423853939999
5172	SUV39H1	A215A;Y216Y	Silent;Silent	0.07593542
5173	SUV39H1	D218D	Silent	0.1312539330128881
5174	SUV39H1	G220D;Q221Q	Missense;Silent	0.6795698530705043
5175	SUV39H1	R223R	Silent	0.150819856216964
5176	SUV39H1	Q221*	Nonsense	0.504501942
5177	SUV39H1		No Mutation	0.6493993253936701
5178	SUV39H1	A226T;G227R	Missense;Missense	0.4590814151378697
5179	SUV39H1	E232K	Missense	-0.041492898
5180	SUV39H1		No Mutation	0.6612696012272596
5181	SUV39H1		No Mutation	-0.140337853
5182	SUV39H1	N234N;S235F	Silent;Missense	-0.517007555
5183	SUV39H1	G240D	Missense	-0.226022391
5184	SUV39H1	D242N	Missense	-0.412783712
5185	SUV39H1	C243Y	Missense	0.157865586
5186	SUV39H1	D242D	Silent	-0.563325295
5187	SUV39H1	R246C	Missense	-0.448457765
5188	SUV39H1	R246C	Missense	0.0123287907485822
5189	SUV39H1	Q249Q	Silent	0.6541823284988437
5190	SUV39H1	Q249Q	Silent	0.5521816352004676
5191	SUV39H1		No Mutation	0.2629583992430784
5192	SUV39H1	D255D;L256F	Silent;Missense	0.3893545597143849
5193	SUV39H1	T261T;D262N	Silent;Missense	-0.034095798
5194	SUV39H1	I258I	Silent	0.3500381078621623
5195	SUV39H1	I258I;F259F	Silent;Silent	0.1200741656125721
5196	SUV39H1	R260C;T261M	Missense;Missense	-0.487793032
5197	SUV39H1	T261M	Missense	0.7150350965274419
5198	SUV39H1		No Mutation	0.3023503716437716
5199	SUV39H1	G264G;R265H;G266S	Silent;Missense;Missense	-0.785667268
5200	SUV39H1		No Mutation	-0.645500156
5201	SUV39H1	G266G	Silent	0.2200740047215007
5202	SUV39H1	K274K	Silent	-0.67466954
5203	SUV39H1	R276H;K277K	Missense;Silent	-0.122888866
5204	SUV39H1	K277K	Silent	0.3716221785719032
5205	SUV39H1	R276R	Silent	0.4642526276794773
5206	SUV39H1	S279S;F280F	Silent;Silent	0.3814074372283483
5207	SUV39H1	F280F	Silent	0.2125390842857787
5208	SUV39H1	V281V	Silent	-0.851856047
5209	SUV39H1		No Mutation	0.1564955275092442
5210	SUV39H1	Y284Y	Silent	0.1008414941142719
5211	SUV39H1		No Mutation	-0.279288787
5212	SUV39H1		No Mutation	0.1618165740863162
5213	SUV39H1		No Mutation	0.096218877
5214	SUV39H1		No Mutation	0.281952601734254
5215	SUV39H1		No Mutation	0.00706887
5216	SUV39H1		No Mutation	-0.747254878
5217	SUV39H1	(NC)	Splice-acceptor	0.524322271
5218	SUV39H1	(NC)	Splice-acceptor	0.252457708
5219	SUV39H1		No Mutation	-0.380216979
5220	SUV39H1		No Mutation	0.042711168
5221	SUV39H1	(NC)	Intron	0.2766868274189846
5222	SUV39H1	I288I	Silent	0.3011730943060808
5223	SUV39H1	E292K	Missense	0.9616003177290924
5224	SUV39H1	E292K	Missense	0.1040979834816759
5225	SUV39H1	T290I;S291L	Missense;Missense	-0.265811688
5226	SUV39H1	S291L	Missense	0.1856837009602349
5227	SUV39H1		No Mutation	0.2712978105895489
5228	SUV39H1		No Mutation	-0.40186511
5229	SUV39H1	E295E;R296Q	Silent;Missense	-0.053645982
5230	SUV39H1	G298G;Q299*	Silent;Nonsense	0.3655296463117702
5231	SUV39H1	Q299*	Nonsense	-0.125210066
5232	SUV39H1	Q304Q;G305S	Silent;Missense	0.3987938898454886
5233	SUV39H1		No Mutation	-0.44266572
5234	SUV39H1	A306A;T307I	Silent;Missense	0.2801837366907439
5235	SUV39H1	L312L	Silent	0.7228056135359333
5236	SUV39H1	L312L;D313N	Silent;Missense	0.3569558014166031
5237	SUV39H1	L309L	Silent	0.5093365451685727
5238	SUV39H1	D311D;L312L	Silent;Silent	-0.593447607
5239	SUV39H1	V315M	Missense	1.2223430663403296
5240	SUV39H1	E316E;D317N;V318M	Silent;Missense;Missense	0.6590126194766319
5241	SUV39H1		No Mutation	-0.478600263
5242	SUV39H1		No Mutation	-0.536913235
5243	SUV39H1		No Mutation	0.1382085013533391
5244	SUV39H1		No Mutation	-0.248866357
5245	SUV39H1		No Mutation	0.017818163
5246	SUV39H1	H331H	Silent	-0.682665341
5247	SUV39H1		No Mutation	-0.457902485
5248	SUV39H1	S336N	Missense	0.095130705
5249	SUV39H1	S336N;(NC)	Missense;Splice-donor	0.0218067493095382
5250	SUV39H1	H335Y	Missense	0.3337823260357428
5251	SUV39H1		No Mutation	-0.03379324
5252	SUV39H1	(NC)	Intron	-0.00203265
5253	SUV39H1		No Mutation	0.1150192712392161
5254	SUV39H1		No Mutation	0.2681112707599765
5255	SUV39H1	(NC)	Intron	0.2765541975505228
5256	SUV39H1	(NC)	Intron	0.2801603356335113
5257	SUV39H1		No Mutation	-0.350381217
5258	SUV39H1	L341L	Silent	-0.381423811
5259	SUV39H1	L341L	Silent	0.2547367258935229
5260	SUV39H1	V343V	Silent	-0.638223823
5261	SUV39H1		No Mutation	0.3670768261149121
5262	SUV39H1		No Mutation	-0.117309024
5263	SUV39H1	V346I	Missense	0.2732185632067361
5264	SUV39H1	D349D	Silent	-0.006146393
5265	SUV39H1	L355L	Silent	0.081631227
5266	SUV39H1	A362T	Missense	0.1084007796920144
5267	SUV39H1	A362T	Missense	-0.060396252
5268	SUV39H1	A362T	Missense	-0.390986696
5269	SUV39H1	A362V	Missense	0.0223697903480152
5270	SUV39H1	A362V	Missense	0.4111195218244717
5271	SUV39H1	T363I	Missense	0.3283699442966639
5272	SUV39H1	R367Q;A368T	Missense;Missense	0.6484251332427229
5273	SUV39H1	T365I	Missense	-0.065469078
5274	SUV39H1	E370E;E371K	Silent;Missense	0.3223495263193237
5275	SUV39H1	E371E	Silent	-0.240456883
5276	SUV39H1		No Mutation	-0.559409703
5277	SUV39H1		No Mutation	0.032636482255554
5278	SUV39H1	Y376Y	Silent	-0.051067293
5279	SUV39H1	M378I	Missense	-0.659815782
5280	SUV39H1	Y376Y	Silent	0.5784979202048212
5281	SUV39H1	Y376Y	Silent	0.1987471007850385
5282	SUV39H1	N377N	Silent	-0.345847496
5283	SUV39H1	Q379*	Nonsense	-0.230341978
5284	SUV39H1	Q379*	Nonsense	0.3671070470524311
5285	SUV39H1		No Mutation	-0.038444986
5286	SUV39H1		No Mutation	0.063363425
5287	SUV39H1		No Mutation	0.3334618484648414
5288	SUV39H1		No Mutation	-0.070729723
5289	SUV39H1	(NC)	Intron	-0.293539078
5290	SUV39H1		No Mutation	0.4756634649129315
5291	SUV39H1	(NC)	Splice-acceptor	0.2128575590969972
5292	SUV39H1	(NC)	Splice-acceptor	0.3862211424417872
5293	SUV39H1	(NC);(NC);(NC)	Intron;Intron;Intron	-0.183750079
5294	SUV39H1		No Mutation	-0.148047769
5295	SUV39H1	V383V;D384N	Silent;Missense	-0.279761866
5296	SUV39H1	E386E;S387N	Silent;Missense	-0.793069994
5297	SUV39H1	S387N	Missense	0.3515434176542659
5298	SUV39H1	S387N	Missense	-0.303146748
5299	SUV39H1	D384D	Silent	-0.129602221
5300	SUV39H1	R389C	Missense	-0.247975309
5301	SUV39H1		No Mutation	-0.097973044
5302	SUV39H1	D391D	Silent	0.5595663131318984
5303	SUV39H1	G395S	Missense	-0.120528281
5304	SUV39H1	S392F	Missense	-0.360197045
5305	SUV39H1	S392F;N393N	Missense;Silent	-0.829404031
5306	SUV39H1	G398K	Missense	-0.372693316
5307	SUV39H1	G395G;L396L	Silent;Silent	0.2607475243922859
5308	SUV39H1	G401N	Missense	0.3281241101812555
5309	SUV39H1	P400L;G401G	Missense;Silent	0.2306971292747041
5310	SUV39H1	G401G	Silent	0.2468691204322086
5311	SUV39H1	K404K;K405K	Silent;Silent	0.592234381
5312	SUV39H1	K405K;R406Q	Silent;Missense	-0.162366909
5313	SUV39H1	R408H	Missense	-0.150630185
5314	SUV39H1	R408H	Missense	0.6249697107989259
5315	SUV39H1	R408H	Missense	3.049434633381367
5316	SUV39H1	R408C	Missense	-0.657547116
5317	SUV39H1		No Mutation	0.2165255664407468
5318	SUV39H1	K412K;C413Y;G414R	Silent;Missense;Missense	0.6290045464035837
5319	SUV39H1		No Mutation	0.4171696114611329
5320	SUV39H1	*424*	Silent	-0.46005994
5321	SUV39H1	(NC);(NC)	UTR;UTR	0.5571146281906125
5322	SUV39H1	(NC);(NC)	UTR;UTR	-0.573921741
5323	SUV39H1	(NC);(NC)	UTR;UTR	0.1733500381928086
5324	SUV39H1	(NC);(NC)	UTR;UTR	0.1431119415090582
5325	SUV39H2	(NC)	UTR	0.2492952893435714
5326	SUV39H2		No Mutation	-0.014428956
5327	SUV39H2	(NC)	UTR	-0.045476185
5328	SUV39H2	(NC);(NC)	UTR;UTR	0.1780211344856326
5329	SUV39H2	(NC)	UTR	2.212094904555875
5330	SUV39H2	(NC)	UTR	0.001971495
5331	SUV39H2	(NC)	UTR	-0.277318509
5332	SUV39H2	A2V	Missense	-0.32710686
5333	SUV39H2	V4V	Silent	0.1531152764942119
5334	SUV39H2	A6V	Missense	-0.12861645
5335	SUV39H2	A6A	Silent	-0.07327394
5336	SUV39H2	A8V;R9*	Missense;Nonsense	0.314624602
5337	SUV39H2	(NC);(NC);(NC)	Splice-donor;Intron;Intron	-0.490644974
5338	SUV39H2		No Mutation	-0.344389922
5339	SUV39H2	D21N	Missense	0.4248909302337026
5340	SUV39H2	S19L;L20F	Missense;Missense	0.1511592269229046
5341	SUV39H2		No Mutation	0.095003455
5342	SUV39H2	L32F;T33I	Missense;Missense	0.3192794346115855
5343	SUV39H2	S36L	Missense	0.029180585
5344	SUV39H2		No Mutation	-0.191129383
5345	SUV39H2	L44L	Silent	0.1586522773463601
5346	SUV39H2	L44L	Silent	0.3249945414933675
5347	SUV39H2	Y51Y	Silent	-0.186961951
5348	SUV39H2	D54D	Silent	-0.093918442
5349	SUV39H2	Y55Y	Silent	0.2539099680192646
5350	SUV39H2		No Mutation	-0.066384653
5351	SUV39H2	L65F	Missense	0.037115862
5352	SUV39H2		No Mutation	-0.045975438
5353	SUV39H2	P72L	Missense	0.328976607
5354	SUV39H2		No Mutation	0.5597626226863462
5355	SUV39H2	W78*	Nonsense	0.1688327750464502
5356	SUV39H2	Q91Q	Silent	0.1978939568688223
5357	SUV39H2		No Mutation	0.5016268371682122
5358	SUV39H2	H98Y	Missense	-0.575847972
5359	SUV39H2	S102F	Missense	1.3738333447516258
5360	SUV39H2		No Mutation	-0.009758484
5361	SUV39H2	V128I	Missense	0.4806708484055686
5362	SUV39H2		No Mutation	-0.166869109
5363	SUV39H2		No Mutation	-0.088579488
5364	SUV39H2		No Mutation	-0.032282594
5365	SUV39H2		No Mutation	0.5881479720747745
5366	SUV39H2		No Mutation	0.1107896135579208
5367	SUV39H2	T159I	Missense	0.8132204209122097
5368	SUV39H2		No Mutation	0.5247082849351901
5369	SUV39H2		No Mutation	0.1923531580081984
5370	SUV39H2		No Mutation	0.2658935573526695
5371	SUV39H2		No Mutation	-0.206128378
5372	SUV39H2	S182N	Missense	0.085239469
5373	SUV39H2	V184I	Missense	-0.417373968
5374	SUV39H2	V184V	Silent	-0.205712994
5375	SUV39H2	C193Y	Missense	0.047380336250377
5376	SUV39H2		No Mutation	0.528375408
5377	SUV39H2		No Mutation	-1.194362331
5378	SUV39H2	V208I	Missense	0.12871699293004
5379	SUV39H2	Q217*	Nonsense	0.2586537022451429
5380	SUV39H2		No Mutation	0.287496091
5381	SUV39H2		No Mutation	1.8996192652547836
5382	SUV39H2	E228K	Missense	0.210314864584159
5383	SUV39H2	I226I	Silent	-0.164036986
5384	SUV39H2		No Mutation	-0.062036291
5385	SUV39H2		No Mutation	0.7811960742763153
5386	SUV39H2	N230N;S231L	Silent;Missense	-0.213486566
5387	SUV39H2	P237F	Missense	-0.021828093
5388	SUV39H2	R242K	Missense	-0.099902127
5389	SUV39H2		No Mutation	0.2137626830482182
5390	SUV39H2	I254I	Silent	-0.038752219
5391	SUV39H2	R256*;T257I	Nonsense;Missense	-0.220624976
5392	SUV39H2	T257I;S258S	Missense;Silent	0.3732266963100015
5393	SUV39H2	S258S	Silent	-0.663603705
5394	SUV39H2	S258S	Silent	-0.17614859
5395	SUV39H2	V277V	Silent	0.189356833
5396	SUV39H2		No Mutation	-0.359174646
5397	SUV39H2	Q295*	Nonsense	0.4463490400317562
5398	SUV39H2	Q295*	Nonsense	0.098033559
5399	SUV39H2	I302I;T303M	Silent;Missense	0.2400040199790086
5400	SUV39H2	S312F	Missense	0.080481003
5401	SUV39H2		No Mutation	0.2636925580372571
5402	SUV39H2		No Mutation	1.7866263456172025
5403	SUV39H2		No Mutation	-0.447938181
5404	SUV39H2		No Mutation	-0.128906103
5405	SUV39H2	V339V	Silent	-0.060313562
5406	SUV39H2		No Mutation	-0.092906567
5407	SUV39H2		No Mutation	-0.287712661
5408	SUV39H2		No Mutation	1.4833100293634094
5409	SUV39H2		No Mutation	0.3307803010868029
5410	SUV39H2		No Mutation	-0.331852736
5411	SUV39H2	T359I	Missense	0.712945949
5412	SUV39H2	A364T	Missense	-0.007015094
5413	SUV39H2	E367K	Missense	-0.947221689
5414	SUV39H2	H387H;S388S	Silent;Silent	0.1794535438064505
5415	SUV39H2	H387H;S388S;P389S	Silent;Silent;Missense	-0.460491023
5416	SUV39H2	T396I	Missense	-0.024363419
5417	SUV39H2	A402V	Missense	-0.098152271
5418	SUV39H2	(NC)	UTR	-0.344108342
5419	PTPN2	(NC)	UTR	-0.436436969
5420	PTPN2		No Mutation	0.0170805679672229
5421	PTPN2		No Mutation	0.020110488
5422	PTPN2	M392I;G393K	Missense;Missense	-0.052490017
5423	PTPN2	P387L	Missense	0.1672468988352374
5424	PTPN2	P387F	Missense	-0.018058438
5425	PTPN2	P387F	Missense	0.8145912618130335
5426	PTPN2		No Mutation	-0.126739393
5427	PTPN2	R377*	Nonsense	0.1694927797124567
5428	PTPN2		No Mutation	0.4496102688378274
5429	PTPN2	Q366*	Nonsense	-0.062900587
5430	PTPN2	V365V;Q366Q	Silent;Silent	-0.429545526
5431	PTPN2	K364K;V365I	Silent;Missense	0.7197182098943788
5432	PTPN2	A359V	Missense	-0.261580055
5433	PTPN2	R354*	Nonsense	0.3118543903188674
5434	PTPN2	R350W	Missense	-0.011767941
5435	PTPN2	R350Q	Missense	-0.04818941
5436	PTPN2	(NC);(NC)	Intron;Intron	0.2944873138920172
5437	PTPN2	(NC)	Intron	-0.096788261
5438	PTPN2		No Mutation	-0.182154049
5439	PTPN2	Q338*	Nonsense	0.041668718
5440	PTPN2		No Mutation	0.229479894
5441	PTPN2		No Mutation	0.1923155167281538
5442	PTPN2	T326I	Missense	0.083639616
5443	PTPN2		No Mutation	0.3519005708039058
5444	PTPN2	Y313Y	Silent	0.2243482322751094
5445	PTPN2	T310I	Missense	0.2877997904231412
5446	PTPN2	T310I	Missense	0.310213383336091
5447	PTPN2		No Mutation	-0.29496975
5448	PTPN2		No Mutation	-0.182794086
5449	PTPN2		No Mutation	-0.137210692
5450	PTPN2	E291K	Missense	-0.734591242
5451	PTPN2	W289*	Nonsense	0.064579948
5452	PTPN2	W289*	Nonsense	-1.986484647
5453	PTPN2	(NC);(NC);(NC)	Intron;Intron;Intron	-0.329599974
5454	PTPN2	Q286*	Nonsense	0.4614547447324303
5455	PTPN2		No Mutation	0.5354591747613655
5456	PTPN2	A276V	Missense	-1.160202253
5457	PTPN2		No Mutation	1.383951623867815
5458	PTPN2	Y269Y	Silent	0.4193417845088069
5459	PTPN2	L265L	Silent	-0.471540443
5460	PTPN2		No Mutation	0.1498485644818666
5461	PTPN2		No Mutation	0.1474566099535327
5462	PTPN2	R266K	Missense	-0.542175116
5463	PTPN2	Q260Q	Silent	0.042237661
5464	PTPN2		No Mutation	0.3194870326477453
5465	PTPN2	N250N	Silent	0.2628354923018184
5466	PTPN2	(NC)	Intron	0.006931289
5467	PTPN2	D230D	Silent	0.1348179815046963
5468	PTPN2		No Mutation	0.0484209673490579
5469	PTPN2	R222R;S223F	Silent;Missense	0.2503263078435517
5470	PTPN2	A218V	Missense	0.1017948842434104
5471	PTPN2	G221R	Missense	0.2732521409081042
5472	PTPN2	H215H	Silent	-0.704230297
5473	PTPN2	H215Y	Missense	0.2724493478685262
5474	PTPN2		No Mutation	0.2320061935122095
5475	PTPN2	C216Y;S217N	Missense;Missense	-0.043997163
5476	PTPN2	V213V	Silent	-0.785375622
5477	PTPN2	A212T;V213M	Missense;Missense	-0.20951776
5478	PTPN2	A212T;V213M	Missense;Missense	-0.014833276
5479	PTPN2	N206N;P207F	Silent;Missense	0.2655765366236804
5480	PTPN2	G210K	Missense	1.2776651267746917
5481	PTPN2	S204F	Missense	-0.551591309
5482	PTPN2	S204F	Missense	0.3166991153304631
5483	PTPN2		No Mutation	-0.070226166
5484	PTPN2		No Mutation	-0.046630013
5485	PTPN2		No Mutation	-0.185690268
5486	PTPN2		No Mutation	0.1140841428998747
5487	PTPN2	E187K	Missense	0.3893717348841178
5488	PTPN2	G184E;V185I	Missense;Missense	-0.266640669
5489	PTPN2	T178I;T179I	Missense;Missense	0.2537084318645233
5490	PTPN2	H174H	Silent	0.6052035588547002
5491	PTPN2		No Mutation	-0.692825155
5492	PTPN2	(NC)	Splice-acceptor	0.304896452
5493	PTPN2		No Mutation	0.4924009279612775
5494	PTPN2	L135L	Silent	0.049185347
5495	PTPN2	E138K	Missense	0.017240506
5496	PTPN2	E133K	Missense	-0.084783523
5497	PTPN2		No Mutation	0.2898665920805097
5498	PTPN2	(NC)	Intron	-0.203011585
5499	PTPN2	E119K	Missense	-0.625370321
5500	PTPN2	R114R	Silent	-0.078205982
5501	PTPN2	V110V;L112L	Silent;Silent	0.2143330608736646
5502	PTPN2	M111I;L112L	Missense;Silent	0.1437998714090113
5503	PTPN2	M100I;V101I	Missense;Missense	-0.13121792
5504	PTPN2	F97F	Silent	-0.873936964
5505	PTPN2	C94C;C95C;H96Y	Silent;Silent;Missense	-0.784329366
5506	PTPN2		No Mutation	-0.381245256
5507	PTPN2	N92N;T93I	Silent;Missense	-0.191588726
5508	PTPN2	C94Y;C95Y	Missense;Missense	0.4646758305288212
5509	PTPN2	G88N	Missense	-0.491925737
5510	PTPN2	(NC);(NC);(NC)	Intron;Intron;Intron	-0.214433905
5511	PTPN2		No Mutation	0.2941230056996097
5512	PTPN2	D75D	Silent	0.2301591239748809
5513	PTPN2	E77K	Missense	0.1290013795403457
5514	PTPN2		No Mutation	-0.471449222
5515	PTPN2	(NC);(NC);(NC)	Intron;Intron;Intron	0.007554777
5516	PTPN2	(NC);(NC);(NC);(NC)	Intron;Intron;Intron;Intron	0.1245218650997963
5517	PTPN2	S52S;P53L	Silent;Missense	2.859685530954918
5518	PTPN2	S52S;P53L	Silent;Missense	-0.056155829
5519	PTPN2	K38K	Silent	0.1745194267025772
5520	PTPN2	R35K;V36M	Missense;Missense	0.3846334105535594
5521	PTPN2	R35K	Missense	-0.058283897
5522	PTPN2	D31D	Silent	0.6405553937914439
5523	PTPN2		No Mutation	0.4334147950238719
5524	PTPN2	(NC);(NC)	Intron;Intron	0.8069388302376352
5525	PTPN2	L21L	Silent	0.1171168011006117
5526	PTPN2	R17R;Q19*	Silent;Nonsense	0.0587634229168273
5527	PTPN2		No Mutation	0.2875910048824366
5528	PTPN2	R7W	Missense	0.124907004511121
5529	PTPN2	E10K	Missense	0.4112388558616791
5530	PTPN2	E8E	Silent	0.028769698298773
5531	PTPN2	R7Q;E8K	Missense;Missense	0.088808005
5532	PTPN2	R7Q;E8K	Missense;Missense	0.075593383
5533	PTPN2	E6K	Missense	-0.051973293
5534	PTPN2	P2F	Missense	0.3937382912920542
5535	PTPN2	P2F	Missense	0.1566019337253109
5536	PTPN2		No Mutation	-0.647193534
5537	PTPN2		No Mutation	-0.036414789
5538	PTPN2	(NC)	UTR	0.4317380984671564
