ID	Gene	Mutation_list	Mutation_type	sgRNA_score
0	Setdb1		No Mutation	-0.05923748
1	Setdb1	G1305E;R1306K	Missense;Missense	-0.33933477
2	Setdb1	A1300V	Missense	-0.252761023
3	Setdb1	A1300V	Missense	0.1384894851335357
4	Setdb1	L1294L;L1295L	Silent;Silent	0.2967099837695784
5	Setdb1	L1294L	Silent	-0.227461949
6	Setdb1	L1294L	Silent	0.3838816888500994
7	Setdb1	G1287G	Silent	0.092777241
8	Setdb1		No Mutation	0.0105029549466249
9	Setdb1	N1283N;Y1284Y	Silent;Silent	-0.000989168
10	Setdb1	D1281D	Silent	0.0247416820276986
11	Setdb1	D1281D	Silent	-0.033191676
12	Setdb1		No Mutation	0.717108146
13	Setdb1		No Mutation	0.2727558300597833
14	Setdb1	A1274V	Missense	0.0121251952832783
15	Setdb1	(NC)	Intron	-0.045219897
16	Setdb1	(NC);(NC)	Intron;Intron	0.2268035961547211
17	Setdb1	(NC);(NC);(NC)	Intron;Intron;Intron	0.0182682575501944
18	Setdb1		No Mutation	0.068104246
19	Setdb1		No Mutation	0.2533586667613134
20	Setdb1		No Mutation	0.1048616037251975
21	Setdb1	(NC);(NC)	Intron;Intron	0.7407006987924556
22	Setdb1		No Mutation	0.2382538111260286
23	Setdb1	(NC)	Splice-donor	-0.41969471
24	Setdb1	A1268V	Missense	-0.004137126
25	Setdb1	F1266F	Silent	-0.436183573
26	Setdb1	F1266F	Silent	-0.013831917
27	Setdb1	F1266F	Silent	0.086990889
28	Setdb1	A1268T	Missense	0.5315936762035188
29	Setdb1	A1268T	Missense	0.001939021
30	Setdb1	L1259F;R1260C	Missense;Missense	-0.472283725
31	Setdb1		No Mutation	-0.176386126
32	Setdb1		No Mutation	0.071858319
33	Setdb1	L1259F	Missense	-0.634287031
34	Setdb1		No Mutation	0.3935121536721182
35	Setdb1	V1254V;D1255N	Silent;Missense	0.022311421240765
36	Setdb1	V1249V;Q1250*	Silent;Nonsense	0.075048211
37	Setdb1	V1252I	Missense	0.008378305
38	Setdb1	Q1250Q	Silent	-0.238958464
39	Setdb1	Q1250Q	Silent	0.2243621180262607
40	Setdb1	Q1250Q	Silent	0.4734602807845013
41	Setdb1	(NC)	Intron	0.035775551
42	Setdb1	(NC)	Intron	0.1057732502613897
43	Setdb1	(NC);(NC)	Intron;Intron	-0.054763258
44	Setdb1	(NC)	Splice-donor	0.0398906266976131
45	Setdb1		No Mutation	-0.301840116
46	Setdb1	L1231F	Missense	0.0485648
47	Setdb1		No Mutation	0.2527537479022204
48	Setdb1	E1221K;E1222K	Missense;Missense	-0.057208119
49	Setdb1	T1214I;R1215C	Missense;Missense	0.1999762158185133
50	Setdb1	R1215H	Missense	0.1848536959337867
51	Setdb1	E1206E;S1207N	Silent;Missense	-0.196821911
52	Setdb1	A1200V	Missense	-0.047713033
53	Setdb1	A1200V	Missense	-0.284289387
54	Setdb1	V1202V;D1203N	Silent;Missense	-0.438026007
55	Setdb1	A1200V	Missense	0.095052592
56	Setdb1	N1198N	Silent	0.3293516522112676
57	Setdb1	T1197I	Missense	0.0399013618475669
58	Setdb1	M1199I	Missense	0.427567164
59	Setdb1	A1193A	Silent	0.0389294668664466
60	Setdb1		No Mutation	0.1214910401927728
61	Setdb1		No Mutation	-0.043797265
62	Setdb1	A1185V;L1186F	Missense;Missense	0.010255225
63	Setdb1		No Mutation	0.2619965166115026
64	Setdb1		No Mutation	0.4022073940968449
65	Setdb1	A1177V	Missense	-0.136834859
66	Setdb1	V1176I;A1177T	Missense;Missense	-0.931921708
67	Setdb1	R1174H	Missense	-0.002041141
68	Setdb1	P1171L	Missense	-0.110094382
69	Setdb1	P1171S	Missense	-0.307172644
70	Setdb1	(NC);G1170E	Splice-acceptor;Missense	-0.176079304
71	Setdb1	(NC)	Splice-acceptor	-0.133888418
72	Setdb1		No Mutation	0.049449537
73	Setdb1		No Mutation	-0.047614022
74	Setdb1	(NC)	Intron	0.3128699551782752
75	Setdb1		No Mutation	-0.053231442
76	Setdb1	D1164D	Silent	0.006147361
77	Setdb1	D1158D	Silent	-0.15867321
78	Setdb1	D1158N	Missense	-0.088054003
79	Setdb1	I1153I;S1154F	Silent;Missense	0.1650691081396912
80	Setdb1	G1156N	Missense	-0.018502251
81	Setdb1	I1150I;Q1151*	Silent;Nonsense	-0.763627721
82	Setdb1	S1147N;D1148N	Missense;Missense	0.1994551731069909
83	Setdb1		No Mutation	0.1252242762325927
84	Setdb1		No Mutation	0.0243166930877209
85	Setdb1	G1138N	Missense	0.2195207513973666
86	Setdb1	A1137T	Missense	0.0226858764607896
87	Setdb1	S1132S;R1133*	Silent;Nonsense	-0.079668113
88	Setdb1		No Mutation	0.064324536
89	Setdb1	S1125N;E1126K	Missense;Missense	0.473687275
90	Setdb1	S1121S;S1122S	Silent;Silent	0.2423092392510112
91	Setdb1	S1121S;S1122S	Silent;Silent	0.040077091
92	Setdb1	S1121S	Silent	0.085161269
93	Setdb1	S1120S;S1121S	Silent;Silent	0.2149958360785253
94	Setdb1	S1122N	Missense	-0.538999291
95	Setdb1	L1119L	Silent	0.829378491
96	Setdb1	L1119L	Silent	-0.112832693
97	Setdb1		No Mutation	-0.336030814
98	Setdb1		No Mutation	0.072998239
99	Setdb1	D1115N	Missense	-0.231790585
100	Setdb1	(NC);(NC);(NC)	Intron;Intron;Intron	-1.103601554
101	Setdb1	(NC)	Intron	0.042101279
102	Setdb1	(NC)	Intron	-0.60511967
103	Setdb1	(NC)	Intron	0.1374601136626301
104	Setdb1		No Mutation	0.1413296922980259
105	Setdb1	V1106I	Missense	0.0455446536967317
106	Setdb1	G1089E	Missense	0.063337426
107	Setdb1	G1089K	Missense	-0.075557693
108	Setdb1	E1088K;G1089K	Missense;Missense	0.1569044977840671
109	Setdb1	P1083L;P1084F	Missense;Missense	-0.394043041
110	Setdb1	P1083F;P1084F	Missense;Missense	0.03516915
111	Setdb1		No Mutation	-0.321250299
112	Setdb1	G1075N	Missense	-0.210424509
113	Setdb1	G1075N	Missense	0.062097498
114	Setdb1	E1074K	Missense	0.04469633
115	Setdb1	(NC);(NC);(NC)	Intron;Intron;Intron	-0.009105544
116	Setdb1		No Mutation	0.4713601780316073
117	Setdb1	(NC)	Intron	0.2634549287968483
118	Setdb1	V1071I;(NC)	Missense;Splice-donor	-0.606787401
119	Setdb1	K1068K	Silent	0.2209013473088262
120	Setdb1	K1068K	Silent	-0.156011669
121	Setdb1	R1066Q	Missense	-0.14460919
122	Setdb1	E1064K	Missense	0.2131686393706323
123	Setdb1	(NC);D1062N	Splice-acceptor;Missense	0.3073706182326494
124	Setdb1	(NC);D1062N	Splice-acceptor;Missense	0.3466470839448946
125	Setdb1		No Mutation	-0.224501046
126	Setdb1	(NC);(NC);(NC)	Intron;Intron;Intron	0.3797372387232367
127	Setdb1	Q1057*	Nonsense	-0.13966038
128	Setdb1		No Mutation	0.3203197377391354
129	Setdb1	K1050K	Silent	-0.79558726
130	Setdb1	T1044T;S1045L	Silent;Missense	-0.329037068
131	Setdb1	L1047L;S1048N	Silent;Missense	0.6271071988847687
132	Setdb1		No Mutation	0.1198532731166952
133	Setdb1	R1041K;A1042T	Missense;Missense	-0.13036773
134	Setdb1	G1035G;R1036W	Silent;Missense	0.9120060615312666
135	Setdb1	G1035G;R1036W	Silent;Missense	-0.271546346
136	Setdb1		No Mutation	0.003933942
137	Setdb1	R1036Q;G1037R	Missense;Missense	0.4590393355201783
138	Setdb1	R1031C;A1032V	Missense;Missense	-0.167529003
139	Setdb1	G1030G;R1031C	Silent;Missense	0.1006412396898406
140	Setdb1	G1030G;R1031C	Silent;Missense	0.0192362135612627
141	Setdb1		No Mutation	-0.345881424
142	Setdb1		No Mutation	0.0146933328852649
143	Setdb1		No Mutation	-0.112774289
144	Setdb1		No Mutation	0.0207450783077934
145	Setdb1		No Mutation	0.2748466469348081
146	Setdb1	T1024I	Missense	0.3022585852023739
147	Setdb1	G1027N	Missense	0.9694105669378124
148	Setdb1	F1022F	Silent	-0.138500666
149	Setdb1	S1021F	Missense	0.126229391341844
150	Setdb1	K1023K	Silent	0.3061674075401658
151	Setdb1		No Mutation	0.3741445042698625
152	Setdb1	C1005C	Silent	0.2480931147662818
153	Setdb1	C1005Y	Missense	0.4297727328063663
154	Setdb1	S1001S	Silent	0.089624331
155	Setdb1	A1000T	Missense	0.0127749985303575
156	Setdb1	N997N	Silent	0.021073598
157	Setdb1	T994I;P995S	Missense;Missense	-0.009769254
158	Setdb1		No Mutation	0.2288898535345473
159	Setdb1	K996K	Silent	-0.025363741
160	Setdb1		No Mutation	-0.15080061
161	Setdb1	E993K	Missense	-0.088817673
162	Setdb1	G984E;G985N	Missense;Missense	0.0361376420681596
163	Setdb1	V983I;G984K	Missense;Missense	-0.045195341
164	Setdb1	V983I;G984R	Missense;Missense	-0.067486737
165	Setdb1	S979F;S980L	Missense;Missense	0.3416161674643552
166	Setdb1	S979F	Missense	-0.431103247
167	Setdb1	P978L;S979F	Missense;Missense	-0.026415942
168	Setdb1	P978F;S979F	Missense;Missense	0.1199444253667431
169	Setdb1	V981I	Missense	-0.591124757
170	Setdb1		No Mutation	-0.356617106
171	Setdb1		No Mutation	0.2677343650334082
172	Setdb1	V975I	Missense	0.3165671045902554
173	Setdb1		No Mutation	0.1993265223683471
174	Setdb1		No Mutation	-0.120560914
175	Setdb1		No Mutation	-0.150080663
176	Setdb1		No Mutation	-0.300617287
177	Setdb1	G971G	Silent	0.1466387303973616
178	Setdb1	G971K	Missense	-0.024067189
179	Setdb1	G971K	Missense	0.044697109
180	Setdb1	S965F;R966C	Missense;Missense	-0.117722
181	Setdb1	S965F;R966C	Missense;Missense	-0.183293837
182	Setdb1		No Mutation	0.0358315162485727
183	Setdb1	S958F	Missense	-0.6631982
184	Setdb1	Q948*	Nonsense	0.021652353
185	Setdb1	R950R;G951N	Silent;Missense	0.1034981151087672
186	Setdb1	R950Q;G951N	Missense;Missense	-0.013095536
187	Setdb1	T945I;R946W	Missense;Missense	-0.081949821
188	Setdb1	T945I;R946W	Missense;Missense	-0.15087524
189	Setdb1	A944V;T945I	Missense;Missense	0.003295185
190	Setdb1	S942S	Silent	0.077941235
191	Setdb1	R941C	Missense	0.079664928
192	Setdb1	R941H;S942N	Missense;Missense	0.1310379798130309
193	Setdb1	F934F;S935S	Silent;Silent	0.296964638793228
194	Setdb1	N927N	Silent	0.089883698
195	Setdb1		No Mutation	0.7941638282789478
196	Setdb1	D925N	Missense	-0.400986077
197	Setdb1	D921N;D922N	Missense;Missense	0.3855177639624234
198	Setdb1	D921N;D922N	Missense;Missense	-1.518199439
199	Setdb1	G909G	Silent	0.1695015059349918
200	Setdb1	S911N;G912S	Missense;Missense	0.1141569164677333
201	Setdb1	Q906*	Nonsense	-0.106055575
202	Setdb1		No Mutation	-0.344377422
203	Setdb1		No Mutation	0.5228283199037732
204	Setdb1	S898S	Silent	0.072370903
205	Setdb1	G900E;V901I	Missense;Missense	-0.254533199
206	Setdb1	S898N;S899N	Missense;Missense	0.087408422
207	Setdb1	S898N;S899N	Missense;Missense	-0.12924131
208	Setdb1	S895F	Missense	0.2754177062654021
209	Setdb1	S898N	Missense	0.1453578541594052
210	Setdb1	T894I;S895F	Missense;Missense	0.2714588783700621
211	Setdb1	T894I;S895F	Missense;Missense	0.2083521357174556
212	Setdb1		No Mutation	0.136842529203185
213	Setdb1		No Mutation	-0.063485809
214	Setdb1	V881V;E882K	Silent;Missense	0.0379105231444517
215	Setdb1	D876D;H877Y	Silent;Missense	-0.168152352
216	Setdb1		No Mutation	-0.100549641
217	Setdb1	E870K	Missense	-0.567422505
218	Setdb1		No Mutation	0.048661637
219	Setdb1	D861D	Silent	-0.028384719
220	Setdb1	A860V	Missense	-0.093663903
221	Setdb1	D858D	Silent	0.036967521
222	Setdb1	A860T;D861N	Missense;Missense	-0.23371017
223	Setdb1		No Mutation	0.1014645028385573
224	Setdb1	(NC)	Intron	-0.044486265
225	Setdb1		No Mutation	0.3212546792434239
226	Setdb1		No Mutation	0.3174930772133305
227	Setdb1		No Mutation	-0.091875635
228	Setdb1	C848Y	Missense	-0.013276218
229	Setdb1		No Mutation	-0.158389883
230	Setdb1	A842T	Missense	0.3241388120778401
231	Setdb1	G832G	Silent	-0.320167967
232	Setdb1	T828I;Q829*	Missense;Nonsense	0.07357259
233	Setdb1	T828I;Q829*	Missense;Nonsense	-0.025767176
234	Setdb1	T828I	Missense	0.046954237
235	Setdb1		No Mutation	0.034659911
236	Setdb1		No Mutation	0.077834873
237	Setdb1	Q816*	Nonsense	0.077926325
238	Setdb1	R813W	Missense	0.2210758646635751
239	Setdb1	R813Q	Missense	0.1582018091306685
240	Setdb1	N808N	Silent	0.003261699
241	Setdb1		No Mutation	0.14347807997151
242	Setdb1	P807L;N808N	Missense;Silent	-0.098539107
243	Setdb1	C799Y	Missense	-0.354771962
244	Setdb1	C799Y	Missense	0.2488097314381301
245	Setdb1	E798K;C799Y	Missense;Missense	-0.187554403
246	Setdb1		No Mutation	-0.095215473
247	Setdb1	(NC)	Intron	-0.271631333
248	Setdb1	(NC)	Intron	0.049274688
249	Setdb1	(NC)	Intron	0.4705713147455832
250	Setdb1		No Mutation	0.5412130139777602
251	Setdb1		No Mutation	-0.110742999
252	Setdb1		No Mutation	0.006468322
253	Setdb1	Q784Q	Silent	-0.063074336
254	Setdb1	Q784Q	Silent	-0.028787787
255	Setdb1	G782S	Missense	-0.146534472
256	Setdb1	Q776*	Nonsense	-0.142579081
257	Setdb1		No Mutation	-0.041183926
258	Setdb1		No Mutation	0.04697479
259	Setdb1		No Mutation	-0.09979085
260	Setdb1	G775D	Missense	0.03238627
261	Setdb1	G774K	Missense	0.038243607
262	Setdb1	T769I;A770V	Missense;Missense	0.2130404989000454
263	Setdb1	A768A;T769I	Silent;Missense	0.087878183
264	Setdb1		No Mutation	0.040163513
265	Setdb1	A768V;T769I	Missense;Missense	0.306493125676319
266	Setdb1	A768V;T769I	Missense;Missense	0.1810544173324873
267	Setdb1	Q767Q;A768T	Silent;Missense	-0.007187212
268	Setdb1	Q767Q;A768T	Silent;Missense	1.0802598303689233
269	Setdb1		No Mutation	-0.058027618
270	Setdb1	C761C;H762Y;Q763*	Silent;Missense;Nonsense	0.006457247
271	Setdb1	Q763Q	Silent	-0.006487851
272	Setdb1	(NC)	Splice-acceptor	-0.398861307
273	Setdb1	(NC)	Splice-acceptor	-0.228194682
274	Setdb1		No Mutation	-0.26362228
275	Setdb1		No Mutation	0.065427417
276	Setdb1		No Mutation	0.099080103
277	Setdb1	R754W	Missense	-0.366059851
278	Setdb1	R754W	Missense	-0.549142871
279	Setdb1	D748D;C749C	Silent;Silent	-0.448568839
280	Setdb1	D748D;C749C	Silent;Silent	0.3581368491111688
281	Setdb1	G746G	Silent	0.2586011891802717
282	Setdb1	G746G	Silent	0.073056917
283	Setdb1		No Mutation	0.2959878233658923
284	Setdb1	G746N;C747Y	Missense;Missense	-0.285481916
285	Setdb1	G746N	Missense	0.1920960010839257
286	Setdb1	G740G;P741F	Silent;Missense	-0.874944661
287	Setdb1	N738N;T739I	Silent;Missense	0.1855334328675944
288	Setdb1		No Mutation	0.2625464795473801
289	Setdb1	R729C	Missense	0.061050961
290	Setdb1	R729C	Missense	0.1030498907161174
291	Setdb1	R729H	Missense	-0.054235312
292	Setdb1	S726S	Silent	0.4177384961426861
293	Setdb1	K727K;E728K	Silent;Missense	0.005493276
294	Setdb1	S726N;K727K	Missense;Silent	-0.033998135
295	Setdb1	S726N	Missense	0.2417130391423959
296	Setdb1	S726N	Missense	-0.498515061
297	Setdb1	P721P;Q722*	Silent;Nonsense	-0.038456489
298	Setdb1		No Mutation	-0.219024106
299	Setdb1		No Mutation	-1.10839391
300	Setdb1	A724T	Missense	-0.302612501
301	Setdb1	T718I;P719S	Missense;Missense	0.3495840387135018
302	Setdb1	D716D;T717I	Silent;Missense	-0.227735689
303	Setdb1	D716N	Missense	0.2799126032310691
304	Setdb1	E714K	Missense	-0.083957224
305	Setdb1	E714K	Missense	0.046211809
306	Setdb1	E714K	Missense	0.1081723094990391
307	Setdb1	V707I	Missense	-0.015450492
308	Setdb1	D699D	Silent	-0.142458353
309	Setdb1	L698L;D699N	Silent;Missense	-0.579201255
310	Setdb1		No Mutation	-0.009114507
311	Setdb1		No Mutation	-0.531406663
312	Setdb1	D685N;R686K	Missense;Missense	0.1186136063242551
313	Setdb1	L678L;D679N	Silent;Missense	0.3124495306797938
314	Setdb1	F672F;L673L	Silent;Silent	0.089797069
315	Setdb1	G667G	Silent	-0.053548986
316	Setdb1	C668Y;D669N	Missense;Missense	-0.39487295
317	Setdb1	Q657Q;E658K	Silent;Missense	0.039331826
318	Setdb1	R654Q	Missense	-0.034470065
319	Setdb1	R654Q	Missense	0.039097097
320	Setdb1	P648L	Missense	-0.326913191
321	Setdb1	I644I	Silent	-0.086602608
322	Setdb1		No Mutation	0.211575429
323	Setdb1	R633R	Silent	-0.113995951
324	Setdb1	R632Q	Missense	0.285152968
325	Setdb1	F626F;R627W	Silent;Missense	-0.45736161
326	Setdb1	R627Q	Missense	0.3741677034111267
327	Setdb1	L623L	Silent	-0.547523437
328	Setdb1	P621L;L622F	Missense;Missense	-0.079424138
329	Setdb1		No Mutation	0.1176787386294368
330	Setdb1		No Mutation	0.3518305896316904
331	Setdb1	Q611Q	Silent	-0.107232942
332	Setdb1		No Mutation	0.1737553739770103
333	Setdb1	Q611Q	Silent	0.057938348
334	Setdb1		No Mutation	-0.228340585
335	Setdb1		No Mutation	0.047933147
336	Setdb1	M607I;R608K	Missense;Missense	-0.299401765
337	Setdb1	M607I;R608K	Missense;Missense	0.1097464135101868
338	Setdb1	Y598Y	Silent	0.0112361724575013
339	Setdb1		No Mutation	0.8119520565467138
340	Setdb1		No Mutation	-0.269667815
341	Setdb1		No Mutation	0.3370144731023441
342	Setdb1		No Mutation	0.059487636
343	Setdb1		No Mutation	0.6161245437185014
344	Setdb1	E587E;K588K	Silent;Silent	0.054436756
345	Setdb1	M586I;E587K	Missense;Missense	0.054908625785535
346	Setdb1	M586I	Missense	0.090349131
347	Setdb1		No Mutation	0.056537603
348	Setdb1	P580P;S581F	Silent;Missense	-0.125513786
349	Setdb1	R583Q	Missense	-0.119021577
350	Setdb1	E574E;R575Q;A576T	Silent;Missense;Missense	-0.147566035
351	Setdb1	E574K	Missense	0.4959143175101513
352	Setdb1	F569F;H570Y	Silent;Missense	0.058973662
353	Setdb1	F569F;H570Y	Silent;Missense	-0.300145438
354	Setdb1	M572I	Missense	-0.056029531
355	Setdb1	G571N	Missense	0.2695383756799825
356	Setdb1	A565V;P566F	Missense;Missense	-0.154340578
357	Setdb1	A568T	Missense	-1.283125378
358	Setdb1		No Mutation	0.0412059071152583
359	Setdb1	A565T	Missense	-0.023300536
360	Setdb1		No Mutation	0.1232088406616079
361	Setdb1	G562K	Missense	0.1830587798508286
362	Setdb1		No Mutation	0.4305124583102454
363	Setdb1	P557F	Missense	-0.003804302
364	Setdb1	P557F	Missense	-0.036073997
365	Setdb1	A559T	Missense	0.08494277
366	Setdb1	A559T	Missense	0.087869545
367	Setdb1	A559T	Missense	0.109382627262522
368	Setdb1		No Mutation	-0.118577748
369	Setdb1	G556K	Missense	-0.044908533
370	Setdb1		No Mutation	0.1541947774408599
371	Setdb1	P551F	Missense	0.053453197
372	Setdb1	P551F	Missense	0.037294628
373	Setdb1		No Mutation	0.1668214636471386
374	Setdb1		No Mutation	-0.082255803
375	Setdb1		No Mutation	-0.038403297
376	Setdb1	G550K	Missense	-0.399586485
377	Setdb1	G550K	Missense	0.2541356144044929
378	Setdb1		No Mutation	0.002204796
379	Setdb1	V544V;P545F	Silent;Missense	-0.558024838
380	Setdb1	V544V;P545F	Silent;Missense	0.0328993099343902
381	Setdb1	V547I	Missense	0.3962786629370171
382	Setdb1	V547I	Missense	0.6098381645110935
383	Setdb1	V547I	Missense	0.2309173345604415
384	Setdb1		No Mutation	0.1287731853439185
385	Setdb1		No Mutation	-0.10395524
386	Setdb1		No Mutation	0.2363946243899547
387	Setdb1		No Mutation	-0.05822712
388	Setdb1		No Mutation	0.1363180118430906
389	Setdb1	(NC)	Intron	0.1955699703287822
390	Setdb1	(NC)	Intron	0.0269213982398466
391	Setdb1	(NC)	Intron	0.3784444964969525
392	Setdb1	(NC)	Intron	-0.284186551
393	Setdb1		No Mutation	-0.13310257
394	Setdb1	S516F	Missense	0.062456496
395	Setdb1	S516F	Missense	-0.594677015
396	Setdb1		No Mutation	-0.084949822
397	Setdb1		No Mutation	0.055542176
398	Setdb1	S512N	Missense	0.1043803051166279
399	Setdb1		No Mutation	-0.649998823
400	Setdb1		No Mutation	-0.067063101
401	Setdb1		No Mutation	-0.797314567
402	Setdb1		No Mutation	-0.118247264
403	Setdb1		No Mutation	0.1230516453937272
404	Setdb1	G502N	Missense	-0.156518494
405	Setdb1	V499V;G500N	Silent;Missense	0.033955702
406	Setdb1	P496L	Missense	0.6231210942010319
407	Setdb1	F494F;R495*	Silent;Nonsense	-0.071190496
408	Setdb1	F494F;R495*	Silent;Nonsense	-0.563468858
409	Setdb1	S491S;T492I	Silent;Missense	-0.24127825
410	Setdb1		No Mutation	-0.044296049
411	Setdb1	R484Q	Missense	0.5599618373944022
412	Setdb1	S478S;Q479*	Silent;Nonsense	-0.502327799
413	Setdb1	S478N	Missense	0.2129582004497744
414	Setdb1	S478N	Missense	0.035588283
415	Setdb1	S475N	Missense	-0.227659975
416	Setdb1	E474K;(NC)	Missense;Splice-donor	-0.18279695
417	Setdb1	E474K;(NC)	Missense;Splice-donor	-0.124670612
418	Setdb1	E474K	Missense	0.3155248395111417
419	Setdb1	E474K	Missense	-0.225190997
420	Setdb1		No Mutation	-0.514590225
421	Setdb1	A470T;A471T	Missense;Missense	-0.018131906
422	Setdb1	A470T	Missense	0.1391891898476127
423	Setdb1		No Mutation	-0.113250658
424	Setdb1		No Mutation	-0.12956399
425	Setdb1		No Mutation	0.093375583
426	Setdb1		No Mutation	0.1019118441524645
427	Setdb1		No Mutation	-0.130228222
428	Setdb1		No Mutation	-0.041588337
429	Setdb1	A459T	Missense	0.121463008970228
430	Setdb1		No Mutation	-0.112314641
431	Setdb1		No Mutation	-0.012247524
432	Setdb1	A456T	Missense	0.2321277733164807
433	Setdb1	Q453*;P454S	Nonsense;Missense	-0.328001921
434	Setdb1	Q453Q	Silent	0.2432950720231492
435	Setdb1	Q453Q	Silent	-0.347877171
436	Setdb1	M449I;E450K	Missense;Missense	-0.210892876
437	Setdb1	I444I;Q445*	Silent;Nonsense	-0.022260146
438	Setdb1	Q437*	Nonsense	-0.069364481
439	Setdb1	T436I	Missense	-0.199199195
440	Setdb1		No Mutation	-0.030599117
441	Setdb1		No Mutation	-0.002675239
442	Setdb1	A425V	Missense	0.1020656854040661
443	Setdb1	R427K;S428N	Missense;Missense	-0.077841924
444	Setdb1	(NC)	Intron	0.3417748178442455
445	Setdb1	(NC)	Intron	-0.225817107
446	Setdb1	(NC);(NC)	Splice-donor;Intron	0.1756834331386805
447	Setdb1	T419I	Missense	0.9016459251044946
448	Setdb1	L417L	Silent	0.0486054226372293
449	Setdb1		No Mutation	0.1660129005400845
450	Setdb1		No Mutation	-0.078986593
451	Setdb1		No Mutation	-0.124866527
452	Setdb1	A408V	Missense	0.0215868213654122
453	Setdb1	K411K;K412K	Silent;Silent	-1.137599752
454	Setdb1	A408V	Missense	-0.174585668
455	Setdb1	M409I;E410K	Missense;Missense	0.5103943894047014
456	Setdb1	S404F	Missense	0.7568059959813356
457	Setdb1	K402K	Silent	-0.207747826
458	Setdb1	S400N	Missense	0.1780574382441885
459	Setdb1	R390*	Nonsense	-0.258068496
460	Setdb1		No Mutation	0.1996786441891807
461	Setdb1	D382D	Silent	-0.417410595
462	Setdb1	(NC)	Splice-acceptor	-0.077718182
463	Setdb1		No Mutation	-0.032187878
464	Setdb1	(NC)	Intron	-0.024032568
465	Setdb1	(NC)	Intron	-0.246963004
466	Setdb1	(NC)	Intron	-0.051675737
467	Setdb1	(NC)	Intron	0.1148481774163062
468	Setdb1		No Mutation	-0.043800825
469	Setdb1	V375V	Silent	0.1239831468928829
470	Setdb1		No Mutation	0.049572757
471	Setdb1	S365F;R366*	Missense;Nonsense	-0.370545721
472	Setdb1		No Mutation	-0.278782056
473	Setdb1		No Mutation	-0.00883796
474	Setdb1	T356I	Missense	-0.041654812
475	Setdb1	I354I	Silent	-0.125139276
476	Setdb1	L353F	Missense	-0.120622433
477	Setdb1	L353F	Missense	0.00588063
478	Setdb1	K349K;S350N	Silent;Missense	0.230438813
479	Setdb1	K349K	Silent	0.06606667
480	Setdb1		No Mutation	0.1318062939199831
481	Setdb1		No Mutation	0.037754435
482	Setdb1		No Mutation	0.085461358
483	Setdb1	V346I	Missense	0.1038824477319937
484	Setdb1	M345I	Missense	-0.034037882
485	Setdb1	A339A;P341S	Silent;Missense	-0.224942482
486	Setdb1	E334E;E335K	Silent;Missense	0.1325018141660242
487	Setdb1	E334K	Missense	0.1584394155405694
488	Setdb1	S328S;C329C;R330*	Silent;Silent;Nonsense	-0.04256358
489	Setdb1		No Mutation	1.2840945164156992
490	Setdb1	(NC)	Intron	-0.206984289
491	Setdb1	(NC)	Intron	0.1698791784104448
492	Setdb1		No Mutation	0.1179068176786445
493	Setdb1		No Mutation	-0.154850615
494	Setdb1	(NC);(NC)	Splice-donor;Intron	0.0144542809024366
495	Setdb1	(NC)	Splice-donor	0.001241355
496	Setdb1	E309K	Missense	-0.195834989
497	Setdb1		No Mutation	0.1207885884102824
498	Setdb1		No Mutation	0.1065961834901895
499	Setdb1		No Mutation	-0.008575943
500	Setdb1	L291F	Missense	0.071857777
501	Setdb1	L291F	Missense	0.028194086
502	Setdb1	N289N	Silent	-0.373552157
503	Setdb1	K290K	Silent	0.08392671
504	Setdb1	K290K	Silent	0.5991804648519837
505	Setdb1	N286N;V287V	Silent;Silent	-0.13108258
506	Setdb1	K290K	Silent	-0.335827127
507	Setdb1	Q273*	Nonsense	-0.105963467
508	Setdb1		No Mutation	0.096919996
509	Setdb1	G271E	Missense	-0.203472285
510	Setdb1	Y268Y	Silent	-0.203167645
511	Setdb1	A266V	Missense	-0.076714914
512	Setdb1		No Mutation	0.543109192
513	Setdb1		No Mutation	-0.18960368
514	Setdb1	V260I	Missense	0.2936170963467837
515	Setdb1	V260M	Missense	-1.473186324
516	Setdb1	A255V	Missense	0.3515437763427811
517	Setdb1	L258L	Silent	-0.133404869
518	Setdb1	P254P;A255V	Silent;Missense	0.3011285893265061
519	Setdb1	K257K;L258L	Silent;Silent	0.4626901594753089
520	Setdb1	K257K	Silent	0.032091714
521	Setdb1		No Mutation	-0.522312327
522	Setdb1		No Mutation	-0.274203139
523	Setdb1		No Mutation	-0.266326952
524	Setdb1		No Mutation	-0.182257929
525	Setdb1		No Mutation	0.2632421352528404
526	Setdb1		No Mutation	-0.080551544
527	Setdb1		No Mutation	-0.215726163
528	Setdb1		No Mutation	-0.080818175
529	Setdb1		No Mutation	-0.154744542
530	Setdb1	(NC);(NC);(NC)	Intron;Intron;Intron	-0.288779836
531	Setdb1	(NC);(NC)	Splice-donor;Intron	-0.060322456
532	Setdb1	Q222Q;V224I	Silent;Missense	-0.005551092
533	Setdb1	Q222Q	Silent	-0.319531398
534	Setdb1	A220V	Missense	0.3242494768745003
535	Setdb1	T210I	Missense	-0.076230606
536	Setdb1		No Mutation	-0.222056619
537	Setdb1		No Mutation	-0.742529316
538	Setdb1	V200V	Silent	-0.017444631
539	Setdb1	V200V	Silent	-0.108352566
540	Setdb1	M202I;R203Q	Missense;Missense	-0.50790499
541	Setdb1	D197D;L198L	Silent;Silent	0.2411448402852373
542	Setdb1	L192L	Silent	0.2447291812261826
543	Setdb1		No Mutation	0.089479446
544	Setdb1		No Mutation	0.3108494852883883
545	Setdb1	G190K	Missense	-0.138575561
546	Setdb1	T184I	Missense	-0.176284763
547	Setdb1		No Mutation	0.2351581450728217
548	Setdb1		No Mutation	-0.677782084
549	Setdb1	(NC)	Intron	-0.152530933
550	Setdb1	(NC)	Intron	-0.011994565
551	Setdb1		No Mutation	-0.098513023
552	Setdb1	S177F;Q178*	Missense;Nonsense	-0.275522477
553	Setdb1	A170T;V171I	Missense;Missense	0.1844470101937838
554	Setdb1		No Mutation	0.1954711003022222
555	Setdb1	A153T	Missense	0.1191872492565899
556	Setdb1	(NC);L150F	Intron;Missense	-0.123681251
557	Setdb1	(NC)	Splice-acceptor	-0.172945898
558	Setdb1	(NC)	Splice-acceptor	-0.019895287
559	Setdb1		No Mutation	0.5380527094517067
560	Setdb1	(NC);(NC);(NC)	Intron;Intron;Intron	0.1198282286575138
561	Setdb1		No Mutation	0.056930756
562	Setdb1	Q148*	Nonsense	0.7141991189662633
563	Setdb1	(NC);(NC);(NC)	Splice-donor;Intron;Intron	-0.033067386
564	Setdb1	D147D;Q148*	Silent;Nonsense	-0.046845006
565	Setdb1	D147D	Silent	-0.04895654
566	Setdb1	T144I;P145S	Missense;Missense	0.315428179440435
567	Setdb1	(NC);(NC)	Intron;Intron	-0.211565445
568	Setdb1		No Mutation	0.1606153421408871
569	Setdb1	G138S;(NC)	Missense;Splice-donor	-0.197128088
570	Setdb1	V132V;L133F	Silent;Missense	0.2044005724534971
571	Setdb1	D131N;V132I	Missense;Missense	-0.552496319
572	Setdb1	E124E	Silent	-0.44697242
573	Setdb1	E124K	Missense	0.240982617414844
574	Setdb1		No Mutation	-0.039573056
575	Setdb1	S112F	Missense	-0.022733016
576	Setdb1	H108Y	Missense	0.3283232977326935
577	Setdb1		No Mutation	-0.157317351
578	Setdb1		No Mutation	0.2696507017354422
579	Setdb1	N91N	Silent	0.0357909983380391
580	Setdb1	T90I	Missense	-0.524019662
581	Setdb1	V89V	Silent	0.3798885619213483
582	Setdb1	(NC)	Intron	0.2264391268911504
583	Setdb1	(NC)	Intron	-0.350313916
584	Setdb1	(NC);(NC)	Intron;Intron	0.0541176627840279
585	Setdb1	S86F	Missense	-0.301641004
586	Setdb1		No Mutation	0.5109568779970154
587	Setdb1		No Mutation	0.0245316199634035
588	Setdb1		No Mutation	0.061214206
589	Setdb1		No Mutation	0.081148008
590	Setdb1	Q70*	Nonsense	-0.025943897
591	Setdb1	Q60*	Nonsense	0.0042021
592	Setdb1		No Mutation	0.071540867
593	Setdb1	Y43Y	Silent	-0.095193421
594	Setdb1	R41C;Q42*	Missense;Nonsense	-0.451401469
595	Setdb1	L33L	Silent	0.461082083
596	Setdb1	L33L	Silent	-0.100726054
597	Setdb1	A28V	Missense	-0.082894443
598	Setdb1	A28V	Missense	-0.289860137
599	Setdb1	L25L	Silent	-0.006658537
600	Setdb1	A23V	Missense	0.008400984
601	Setdb1		No Mutation	-0.371997642
602	Setdb1	A20T	Missense	0.1649546979777056
603	Setdb1	L10L;A11T	Silent;Missense	0.2486109665583508
604	Setdb1	L10L;A11T	Silent;Missense	0.043270602
605	Setdb1	M8I;S9N	Missense;Missense	-0.11969566
606	Setdb1	M8I;S9N	Missense;Missense	-0.738415515
607	Setdb1	L4L;P5F	Silent;Missense	0.024522329
608	Setdb1	C7Y;M8I	Missense;Missense	0.1628526432862239
609	Setdb1		No Mutation	0.2734158937467511
610	Setdb1	(NC)	UTR	-0.011065943
611	Setdb1	(NC)	UTR	0.096333742
612	Setdb1	(NC)	UTR	-0.260414817
613	Trim28	(NC);(NC);(NC)	UTR;UTR;UTR	-0.094070682
614	Trim28	(NC);(NC);(NC)	UTR;UTR;UTR	-0.323910771
615	Trim28	(NC);(NC);(NC)	UTR;UTR;UTR	0.1525788711741522
616	Trim28	(NC);(NC);(NC)	UTR;UTR;UTR	0.064606873
617	Trim28	(NC);(NC);(NC);(NC)	UTR;UTR;UTR;UTR	0.0622991770394839
618	Trim28	(NC);(NC)	UTR;UTR	-0.03243563
619	Trim28	(NC);(NC)	UTR;UTR	0.5336003401500656
620	Trim28	(NC);(NC)	UTR;UTR	0.1060089628196525
621	Trim28	(NC)	UTR	0.009709503
622	Trim28	(NC);M1I	UTR;Missense	0.030939799564229
623	Trim28	M1I;A2T	Missense;Missense	0.062740797
624	Trim28	M1I;A2T	Missense;Missense	0.009463509
625	Trim28	M1I;A2T	Missense;Missense	0.094732514
626	Trim28	(NC)	UTR	0.063650454
627	Trim28		No Mutation	0.2926776460993783
628	Trim28	A5V	Missense	0.1453049631862423
629	Trim28	A9T	Missense	-0.280176662
630	Trim28	A7V	Missense	0.0107228373242322
631	Trim28	A10V	Missense	-0.014669175
632	Trim28	A13V	Missense	-0.099583172
633	Trim28	A17T	Missense	0.042285507
634	Trim28	A13A;A14V	Silent;Missense	0.071833455
635	Trim28	S18S;A19T	Silent;Missense	-0.019221267
636	Trim28	A16V;A17V	Missense;Missense	-0.01964887
637	Trim28	G22N	Missense	-0.011324471
638	Trim28	A19V;A20V	Missense;Missense	0.1865373660513045
639	Trim28	A19V;A20V	Missense;Missense	0.1868814319428551
640	Trim28	G22D;S23N	Missense;Missense	0.1866918430019174
641	Trim28	A20A;S21F	Silent;Missense	-0.350357872
642	Trim28	S21F	Missense	-0.015511954
643	Trim28	G25E;S26S	Missense;Silent	-0.085413757
644	Trim28	S23S;P24S	Silent;Missense	0.051558896
645	Trim28	S23S;P24L	Silent;Missense	-0.008786602
646	Trim28		No Mutation	0.3165080584153596
647	Trim28	S26L	Missense	0.2689503858526401
648	Trim28	E28E;G29N	Silent;Missense	-0.246932224
649	Trim28	S26L	Missense	-0.002299218
650	Trim28	G29N	Missense	0.0451842981498817
651	Trim28	G27G	Silent	-0.022168873
652	Trim28	G32G	Silent	-0.001664769
653	Trim28	A38V	Missense	0.021939468813714
654	Trim28	A39V	Missense	0.365539829598881
655	Trim28	A42T;A43T	Missense;Missense	0.025513334
656	Trim28		No Mutation	-0.480042761
657	Trim28	A48T	Missense	0.0420400320220051
658	Trim28	S50S	Silent	0.3728570535297276
659	Trim28	A48V	Missense	-0.36514879
660	Trim28	A48V;A49V	Missense;Missense	-0.047334679
661	Trim28	A48V;A49V	Missense;Missense	-0.471528225
662	Trim28	A48A;A49V	Silent;Missense	-0.021059683
663	Trim28	A49V;S50L	Missense;Missense	0.1306617921267029
664	Trim28	S50L;S51F	Missense;Missense	-0.035289138
665	Trim28	A53A;G54K	Silent;Missense	0.1733324904670445
666	Trim28	S51F;P52F	Missense;Missense	0.1771454481016875
667	Trim28	A53V	Missense	-0.033116914
668	Trim28	G56D;G57N	Missense;Missense	0.034709648
669	Trim28	G57N;E58K	Missense;Missense	0.1679209762411401
670	Trim28	G57N;E58K	Missense;Missense	-0.362926617
671	Trim28	G55G	Silent	0.1628381433761406
672	Trim28	G57G	Silent	-0.01403213
673	Trim28	L62F	Missense	0.193411767166413
674	Trim28		No Mutation	0.1442714879692648
675	Trim28	R72C	Missense	-0.062004072
676	Trim28	R72C;L73L	Missense;Silent	0.1860474705534296
677	Trim28	P75F	Missense	0.197051891824126
678	Trim28	R77R;D78N	Silent;Missense	-0.247602813
679	Trim28	R80Q	Missense	0.090950011
680	Trim28	R80Q;L81L	Missense;Silent	-0.016989053
681	Trim28	C84Y	Missense	-0.02536544
682	Trim28	L82L;P83S	Silent;Missense	-0.551296393
683	Trim28	A88T;C89Y	Missense;Missense	-0.01635895
684	Trim28	C89Y	Missense	-0.107756978
685	Trim28	A88V	Missense	-0.146665606
686	Trim28	A88V	Missense	0.1195047992569042
687	Trim28	L93L;G94N	Silent;Missense	-0.188298689
688	Trim28		No Mutation	0.092690925
689	Trim28	A99T	Missense	0.064356704
690	Trim28	A100T;A101T	Missense;Missense	0.2755717769103402
691	Trim28	A100T;A101T	Missense;Missense	0.198991160088872
692	Trim28	A101T	Missense	0.2656187632043734
693	Trim28	P98P;A99V	Silent;Missense	0.019517634
694	Trim28	A99V;A100V	Missense;Missense	-0.098603503
695	Trim28	A99V;A100V	Missense;Missense	0.1270890610503882
696	Trim28	A99A;A100V	Silent;Missense	0.3931153132146725
697	Trim28		No Mutation	0.1185092500174092
698	Trim28	S104S	Silent	0.053870685
699	Trim28	A101V	Missense	-0.123855278
700	Trim28	S104S;G105K	Silent;Missense	-0.124612352
701	Trim28		No Mutation	0.1218637894697358
702	Trim28	S104L	Missense	0.3707945205094266
703	Trim28		No Mutation	-0.255388005
704	Trim28		No Mutation	0.0259954296177047
705	Trim28	G107G	Silent	-0.124266807
706	Trim28	D112D;G113G	Silent;Silent	0.2877709284591137
707	Trim28	D112D;G113G	Silent;Silent	-0.263143359
708	Trim28	G113G;A114V	Silent;Missense	-0.348060294
709	Trim28		No Mutation	-0.801765101
710	Trim28	(NC);(NC)	Intron;Splice-acceptor	-0.143501706
711	Trim28	(NC);M115I	Splice-acceptor;Missense	-0.536126168
712	Trim28	Q124Q;C125Y	Silent;Missense	-0.023603129
713	Trim28	C125C;Y126Y	Silent;Silent	-0.046624026
714	Trim28	E132E	Silent	-0.006739217
715	Trim28	R137C	Missense	-0.117054833
716	Trim28	A143V	Missense	-0.406237136
717	Trim28	Q148Q;D149N	Silent;Missense	0.2463196438646203
718	Trim28	S147F;Q148*	Missense;Nonsense	0.3248570194418884
719	Trim28	Q152Q;(NC)	Silent;Splice-donor	0.055117224
720	Trim28	Q152Q;(NC)	Silent;Splice-donor	0.026817144
721	Trim28	N151N;Q152*	Silent;Nonsense	0.2766803611496689
722	Trim28	N151N;Q152*	Silent;Nonsense	0.094044559
723	Trim28	(NC);(NC);(NC)	Intron;Intron;Intron	-0.040038406
724	Trim28	(NC);(NC)	Intron;Intron	0.067280812
725	Trim28	(NC);(NC)	Intron;Intron	-0.11529686
726	Trim28	(NC);(NC)	Intron;Intron	0.1456583590607325
727	Trim28		No Mutation	0.2107078833423684
728	Trim28		No Mutation	0.194982721
729	Trim28		No Mutation	0.008033582
730	Trim28		No Mutation	-0.250294022
731	Trim28		No Mutation	0.095392208
732	Trim28	(NC);C153Y	Splice-acceptor;Missense	0.078667324
733	Trim28	A163V	Missense	-0.644872722
734	Trim28	C167Y	Missense	0.3705816794221972
735	Trim28	C167Y;V168M	Missense;Missense	0.08476303
736	Trim28	C167Y;V168M	Missense;Missense	0.055874419
737	Trim28	V168V;E169K	Silent;Missense	0.4236149375121542
738	Trim28	L174F	Missense	0.3422976327649776
739	Trim28		No Mutation	0.5114469686485827
740	Trim28	C178Y;V179M	Missense;Missense	0.3503706610374697
741	Trim28		No Mutation	-0.14908208
742	Trim28		No Mutation	-0.039632331
743	Trim28	Q183Q	Silent	-0.019322993
744	Trim28	R184W	Missense	0.4139830658485195
745	Trim28		No Mutation	0.073929813
746	Trim28	V193V;R194H	Silent;Missense	0.0225655367981851
747	Trim28	H191Y;T192I	Missense;Missense	-0.028610069
748	Trim28	G197R	Missense	0.1631337656538327
749	Trim28	R194C	Missense	0.3915154086858639
750	Trim28		No Mutation	0.4138676791027444
751	Trim28	(NC)	Intron	-0.330338451
752	Trim28		No Mutation	0.8825355246076247
753	Trim28	(NC)	Intron	0.3000011116323788
754	Trim28	A199T	Missense	0.2385709960325277
755	Trim28	K200K	Silent	0.1040415609428752
756	Trim28	P198F;A199V	Missense;Missense	0.4604785980438513
757	Trim28	C222Y;E223K	Missense;Missense	0.1227921045264233
758	Trim28	C222Y;E223K	Missense;Missense	0.1311641723028974
759	Trim28	E223K	Missense	0.4099998485902419
760	Trim28	Q234Q	Silent	0.1962276444266821
761	Trim28	A237T	Missense	0.093873936
762	Trim28	C233C;Q234*;L235F	Silent;Nonsense;Missense	0.15891169737722
763	Trim28	K239K;D240N	Silent;Missense	0.3067352301930784
764	Trim28	D240D;H241Y	Silent;Missense	-0.004984038
765	Trim28	(NC);(NC)	Intron;Intron	0.1178372176236361
766	Trim28		No Mutation	-0.15559346
767	Trim28	(NC)	Intron	0.077395361
768	Trim28	A249T;V250M	Missense;Missense	-0.266490653
769	Trim28	N252N;Q253*	Silent;Nonsense	0.1146953260707543
770	Trim28	L256F	Missense	-0.353774859
771	Trim28	L257L;A258T	Silent;Missense	-0.039262126
772	Trim28	S259L;L260L	Missense;Silent	0.004665024
773	Trim28	S259L;L260L	Missense;Silent	0.1806959117226562
774	Trim28	L260L	Silent	0.005359408
775	Trim28	L271F;Q272*	Missense;Nonsense	-0.507368887
776	Trim28	Q272*	Nonsense	0.022530816
777	Trim28	S280N;(NC)	Missense;Splice-donor	-0.175060304
778	Trim28	S281L	Missense	0.1707404530546619
779	Trim28	S281L	Missense	0.081035102
780	Trim28		No Mutation	0.6247496197976317
781	Trim28	(NC);(NC);(NC)	Intron;Intron;Intron	-0.195327032
782	Trim28	(NC)	Intron	0.2869902645070576
783	Trim28		No Mutation	0.5811979620947221
784	Trim28	(NC);(NC)	Intron;Intron	-0.554247785
785	Trim28	Q284Q;V285I	Silent;Missense	0.000694797
786	Trim28	V288I	Missense	-0.074310019
787	Trim28	V288V;Q289Q	Silent;Silent	-0.135608186
788	Trim28	Q289*	Nonsense	0.3705830797013551
789	Trim28	Q293*	Nonsense	0.083683937
790	Trim28	A299A;L301L	Silent;Silent	-0.152702793
791	Trim28	M304I;K305K	Missense;Silent	-0.021232231
792	Trim28		No Mutation	0.032066612
793	Trim28		No Mutation	0.08711135
794	Trim28		No Mutation	0.0357363574024711
795	Trim28	R310W	Missense	0.2291510017539147
796	Trim28	L314L	Silent	0.006767721
797	Trim28	A318V	Missense	0.1813743466279371
798	Trim28	A318V;Q319*	Missense;Nonsense	0.3776784315792955
799	Trim28		No Mutation	-0.20893766
800	Trim28	(NC)	Intron	-0.177296643
801	Trim28	(NC)	Intron	0.062576907
802	Trim28	K320K;V321I	Silent;Missense	0.1745801298064835
803	Trim28	(NC)	Intron	0.138489786317781
804	Trim28		No Mutation	-0.097151514
805	Trim28	Q325*	Nonsense	0.003074046
806	Trim28	R328H	Missense	0.0282111364409411
807	Trim28	L329L	Silent	0.1507419836591663
808	Trim28	T337T	Silent	0.029327954
809	Trim28	Q343Q	Silent	0.6931161842283806
810	Trim28	L347L;R348H	Silent;Missense	0.053417716
811	Trim28	E355E;S356N	Silent;Missense	0.2627571916199501
812	Trim28		No Mutation	0.1504487368834214
813	Trim28	L368L	Silent	0.0399128612381728
814	Trim28	L368L	Silent	0.1929341092643079
815	Trim28	(NC)	Splice-acceptor	-0.012924371
816	Trim28		No Mutation	0.1509326978411693
817	Trim28		No Mutation	0.483361218417034
818	Trim28		No Mutation	0.1267657789390745
819	Trim28	Q372Q	Silent	0.3894895512909422
820	Trim28	Q372Q	Silent	-0.183193673
821	Trim28	I369I	Silent	0.2026066816921387
822	Trim28	I369I	Silent	0.059898482
823	Trim28	A376V;L377F	Missense;Missense	-0.17072047
824	Trim28		No Mutation	0.1484716364164433
825	Trim28	P383F	Missense	0.077428554
826	Trim28	G388N;E389K	Missense;Missense	0.0131649615056539
827	Trim28	K391K	Silent	0.1418065783756133
828	Trim28		No Mutation	-0.021740696
829	Trim28		No Mutation	0.472730635
830	Trim28		No Mutation	0.033247119
831	Trim28	E404K	Missense	0.1937688873368455
832	Trim28		No Mutation	0.0215162081970383
833	Trim28	A403V	Missense	0.045774731
834	Trim28		No Mutation	-0.315081246
835	Trim28	(NC)	Intron	-0.019096286
836	Trim28	(NC);(NC)	Intron;Intron	0.083019064
837	Trim28	(NC)	Intron	0.2368919250341347
838	Trim28		No Mutation	-0.109575704
839	Trim28	P414F	Missense	0.1104973132977736
840	Trim28	T416M	Missense	-0.043609248
841	Trim28	G420N	Missense	0.07732247
842	Trim28	T416M;N417N	Missense;Silent	-0.024572966
843	Trim28	S418S;T419I	Silent;Missense	0.1988743929217994
844	Trim28	M424I	Missense	0.1781327559412142
845	Trim28		No Mutation	-0.172465893
846	Trim28	A425V;P426F	Missense;Missense	0.055496083
847	Trim28	R428K;A429T	Missense;Missense	0.08789128
848	Trim28	R428K;A429T	Missense;Missense	0.040307144
849	Trim28	G431N	Missense	0.1548607546616375
850	Trim28		No Mutation	-0.037433521
851	Trim28	G431G;P432F	Silent;Missense	-0.112069944
852	Trim28	S434N;K435K	Missense;Silent	0.1971255222150416
853	Trim28	K435K	Silent	-0.284700731
854	Trim28	K435K	Silent	0.5469494936685406
855	Trim28	L433L	Silent	0.125871703
856	Trim28	G437N	Missense	0.855852876
857	Trim28	G437N	Missense	-0.33287052
858	Trim28		No Mutation	-0.06638303
859	Trim28	G439G	Silent	0.1723394237068564
860	Trim28	G439G	Silent	0.092032507
861	Trim28		No Mutation	-0.318072541
862	Trim28	(NC);(NC)	Intron;Intron	-0.274651464
863	Trim28	(NC)	Intron	0.3748515721782055
864	Trim28	(NC)	Intron	-0.689765991
865	Trim28	P443F	Missense	-0.02994024
866	Trim28	P443F	Missense	0.291832248084054
867	Trim28		No Mutation	0.009493359
868	Trim28	E448K;G449K	Missense;Missense	0.4200145186682329
869	Trim28	E448E;G449K	Silent;Missense	0.018246217
870	Trim28	Q447*	Nonsense	0.003891296
871	Trim28		No Mutation	0.2431673293376557
872	Trim28		No Mutation	0.340816909794509
873	Trim28		No Mutation	0.1205420260106979
874	Trim28		No Mutation	-0.091327455
875	Trim28	(NC)	Intron	0.047542337
876	Trim28	E462K	Missense	-0.523312422
877	Trim28	E462E;P463P	Silent;Silent	0.1501536028265331
878	Trim28	A461V	Missense	-0.210855581
879	Trim28		No Mutation	0.09783612
880	Trim28	M468I	Missense	-0.044779008
881	Trim28	G467G	Silent	0.6039413249957295
882	Trim28	(NC)	Intron	0.6467789816857237
883	Trim28	(NC)	Intron	-0.095554345
884	Trim28	(NC)	Intron	-0.110209158
885	Trim28	S471F	Missense	-0.197823165
886	Trim28	S471S;R472C	Silent;Missense	-0.241427706
887	Trim28	G476E;E477K	Missense;Missense	0.026161672
888	Trim28	E477K;V478I	Missense;Missense	-0.299712534
889	Trim28		No Mutation	-0.112888494
890	Trim28		No Mutation	-0.109744706
891	Trim28		No Mutation	-0.230567014
892	Trim28	V485V	Silent	0.1104405095705272
893	Trim28		No Mutation	-0.156416465
894	Trim28	E491K;R492H	Missense;Missense	0.090692348
895	Trim28	S489S;L490F	Silent;Missense	0.4857511414596969
896	Trim28	L495L;D496N	Silent;Missense	-0.220114322
897	Trim28		No Mutation	0.11947166127299
898	Trim28	Q502Q	Silent	0.133736684
899	Trim28		No Mutation	-0.073176941
900	Trim28	S501S;Q502*;P503S	Silent;Nonsense;Missense	0.5075110344204046
901	Trim28	K507K;V508I	Silent;Missense	0.1593288142056493
902	Trim28	V505V	Silent	0.3573631019936447
903	Trim28	V508I	Missense	0.1383362092218288
904	Trim28		No Mutation	0.07561131
905	Trim28	P510F	Missense	-0.159420428
906	Trim28	E515K;D516N	Missense;Missense	-0.004955829
907	Trim28	L519L	Silent	0.091848926
908	Trim28	A526V;A527V	Missense;Missense	0.1182923755888093
909	Trim28	A528V	Missense	-0.360264266
910	Trim28	A529V;A530V	Missense;Missense	0.1822684490965119
911	Trim28	A529V;A530V	Missense;Missense	-0.41929988
912	Trim28	A534V	Missense	-0.350941085
913	Trim28	P538L	Missense	0.033499164
914	Trim28	G543N;A544T	Missense;Missense	0.199203863
915	Trim28	A544T	Missense	-0.274279456
916	Trim28	A544V	Missense	-0.026464086
917	Trim28		No Mutation	-0.160233388
918	Trim28		No Mutation	-0.109162822
919	Trim28		No Mutation	0.1903398461598003
920	Trim28	A544A;P545L;P546S	Silent;Missense;Missense	0.2242430000076009
921	Trim28	G549D;M550I	Missense;Missense	0.1753496801456766
922	Trim28	M550I;A551T	Missense;Missense	0.4273695041243345
923	Trim28	M550I;A551T	Missense;Missense	-0.038404103
924	Trim28	A551T	Missense	0.1711265286265277
925	Trim28		No Mutation	0.1104201217665218
926	Trim28	G549G	Silent	0.086479464
927	Trim28	V553I	Missense	-0.064634523
928	Trim28	V553I	Missense	0.0516586761322051
929	Trim28	V553V	Silent	-0.152155683
930	Trim28	(NC);(NC)	Intron;Intron	-0.104174533
931	Trim28		No Mutation	0.3344137116817433
932	Trim28	(NC)	Intron	0.2534520890413961
933	Trim28	T558I	Missense	-0.138534937
934	Trim28	A561V	Missense	0.5001809839338123
935	Trim28	P565F;P566S	Missense;Missense	0.087262845
936	Trim28	P565F;P566L	Missense;Missense	-0.422850083
937	Trim28	E570K;G571N	Missense;Missense	-0.044642556
938	Trim28	E570E;G571N	Silent;Missense	0.0207027649292691
939	Trim28	E570E;G571N	Silent;Missense	-0.602391138
940	Trim28	G571N	Missense	-0.105919351
941	Trim28		No Mutation	0.047109965361687
942	Trim28		No Mutation	0.154852873
943	Trim28		No Mutation	-0.227741064
944	Trim28	K575K	Silent	0.2123261977728915
945	Trim28	V577I	Missense	-0.305939386
946	Trim28	M579I	Missense	-0.242200171
947	Trim28		No Mutation	0.1173318771902819
948	Trim28	L581L	Silent	0.2399097408118248
949	Trim28	P580F;L581L	Missense;Silent	0.460923352
950	Trim28	G586N	Missense	-0.036867855
951	Trim28		No Mutation	0.074956425
952	Trim28		No Mutation	-0.070402665
953	Trim28	R591H	Missense	-0.034828531
954	Trim28	A593T	Missense	0.2747040938456909
955	Trim28	R591C;L592L	Missense;Silent	-0.243660311
956	Trim28	S596N	Missense	0.4703480222582383
957	Trim28		No Mutation	-0.086474412
958	Trim28	S600N	Missense	0.463192665
959	Trim28	G597G	Silent	-0.01961218
960	Trim28	T599I	Missense	0.3720976935930309
961	Trim28	T599T;S600S	Silent;Silent	0.094025705
962	Trim28	S600S;S601L	Silent;Missense	-0.105251548
963	Trim28	E604E;V605I	Silent;Missense	0.028487181
964	Trim28		No Mutation	-0.338443231
965	Trim28	A613T	Missense	0.2180256732539084
966	Trim28	T611I;S612L	Missense;Missense	0.2024066308910743
967	Trim28	T611I;S612L	Missense;Missense	-0.42459821
968	Trim28	A613V;P614L	Missense;Missense	-0.540644763
969	Trim28	S616N;G617K	Missense;Missense	-0.419378879
970	Trim28	G619N	Missense	-0.194408351
971	Trim28		No Mutation	-0.024403396
972	Trim28	G619N	Missense	-0.159056012
973	Trim28	G619N	Missense	-0.155907251
974	Trim28	D623N;S624N	Missense;Missense	-0.055372898
975	Trim28		No Mutation	-0.019335662
976	Trim28	C631Y	Missense	-0.086732663
977	Trim28	R629C	Missense	-0.38433331
978	Trim28	G635S	Missense	0.422818729
979	Trim28	C631C;Q632*	Silent;Nonsense	0.2539997523951151
980	Trim28	L637L;V638I	Silent;Missense	0.11508098703925
981	Trim28	M639I;C640Y	Missense;Missense	0.043338938
982	Trim28	Q642Q	Silent	-0.162844463
983	Trim28		No Mutation	0.00366362
984	Trim28		No Mutation	-0.068467617
985	Trim28	A655T	Missense	0.5399947313594502
986	Trim28	C651C;H652Y;L653F	Silent;Missense;Missense	0.073808109
987	Trim28	L656L;Q657Q;D658N	Silent;Silent;Missense	0.169526869467611
988	Trim28	Q657Q;D658N;V659I	Silent;Missense;Missense	-0.030108994
989	Trim28	A655V;L656L	Missense;Silent	-0.196083928
990	Trim28	A655V;L656L	Missense;Silent	-3.15681084
991	Trim28	V659I	Missense	0.6666495562176007
992	Trim28	V659I	Missense	-0.072716509
993	Trim28	G661K;(NC)	Missense;Splice-donor	-0.2032676
994	Trim28	G661K;(NC)	Missense;Splice-donor	0.1067744704738928
995	Trim28	P660L	Missense	0.087446796
996	Trim28	P660L	Missense	0.2501554196846987
997	Trim28		No Mutation	-0.610495327
998	Trim28		No Mutation	-0.14562749
999	Trim28	(NC);(NC);(NC)	Intron;Intron;Intron	-0.318779663
1000	Trim28	(NC)	Intron	-0.241843016
1001	Trim28	(NC)	Intron	-0.27083123
1002	Trim28	(NC);(NC)	Intron;Intron	0.3822530250085489
1003	Trim28	(NC)	Splice-acceptor	0.023932781146309
1004	Trim28	(NC);(NC)	Intron;Intron	-0.053806811
1005	Trim28	E663K;W664*	Missense;Nonsense	0.038424176
1006	Trim28	S665N;C666Y	Missense;Missense	0.004815436
1007	Trim28	H670H;L672F	Silent;Missense	-0.247451394
1008	Trim28	L672F;P673S	Missense;Missense	0.03059347886037
1009	Trim28		No Mutation	0.044190377
1010	Trim28	D674D;L675L	Silent;Silent	0.0298816621320006
1011	Trim28	E677E;E678K;D679N	Silent;Missense;Missense	-0.149002279
1012	Trim28	E678K;D679N	Missense;Missense	0.5416314765170132
1013	Trim28	G680K	Missense	0.3388638002291455
1014	Trim28		No Mutation	-0.042490494
1015	Trim28		No Mutation	-0.058042862
1016	Trim28	A687T;D688N	Missense;Missense	-0.115784837
1017	Trim28		No Mutation	0.3419959071733482
1018	Trim28	S689N	Missense	0.0465623419846403
1019	Trim28	A687V	Missense	0.0198474757178496
1020	Trim28	L696L;S697L	Silent;Missense	0.2897726893796486
1021	Trim28	L696L;S697L;P698S	Silent;Missense;Missense	-0.156111513
1022	Trim28	(NC);(NC)	Splice-donor;Intron	0.2320791247011754
1023	Trim28	(NC);(NC)	Intron;Intron	0.1846712322742288
1024	Trim28	(NC)	Intron	-0.183461325
1025	Trim28		No Mutation	0.0196750517053569
1026	Trim28	E715K	Missense	0.037920508
1027	Trim28		No Mutation	-0.180905897
1028	Trim28		No Mutation	0.004530129
1029	Trim28		No Mutation	-0.495821039
1030	Trim28	C717C;R718C;P719S	Silent;Missense;Missense	0.005697897
1031	Trim28		No Mutation	-0.051493779
1032	Trim28	Q722Q;L723L;A724T	Silent;Silent;Missense	0.0289994005549144
1033	Trim28	A724T	Missense	0.2089496947814455
1034	Trim28		No Mutation	-0.055395343
1035	Trim28	T725T;D726D	Silent;Silent	-0.09692406
1036	Trim28	M731I	Missense	0.5725549729280455
1037	Trim28		No Mutation	-0.665543385
1038	Trim28	(NC)	Intron	0.1277799872304122
1039	Trim28	(NC)	Intron	-0.195098385
1040	Trim28		No Mutation	0.358488828
1041	Trim28	(NC);(NC);(NC)	Intron;Intron;Intron	-0.046791878
1042	Trim28	(NC);(NC)	Intron;Intron	-0.161422919
1043	Trim28	G735N	Missense	0.038692232
1044	Trim28	G735N;G736S	Missense;Missense	0.004788128
1045	Trim28	D739N	Missense	-0.054704106
1046	Trim28	L742L	Silent	-0.044105565
1047	Trim28	L742L	Silent	-2.003163061
1048	Trim28	A745T	Missense	0.008559692
1049	Trim28	R746H	Missense	-0.196317195
1050	Trim28	L751L	Silent	-0.421620772
1051	Trim28		No Mutation	0.1481863487674699
1052	Trim28	P754F	Missense	0.3148919656984612
1053	Trim28		No Mutation	-0.121250799
1054	Trim28	Q759Q;E760K	Silent;Missense	-0.053548211
1055	Trim28		No Mutation	0.1138447318606001
1056	Trim28		No Mutation	-0.124842493
1057	Trim28	D764N	Missense	0.040291979
1058	Trim28		No Mutation	-0.144193592
1059	Trim28	D764N	Missense	0.2916279443963483
1060	Trim28	D764N	Missense	-0.256421568
1061	Trim28	D764N;V765M	Missense;Missense	0.144176084710169
1062	Trim28	Q771Q	Silent	0.2565729005753872
1063	Trim28	F772F	Silent	0.1319340514391687
1064	Trim28	(NC);(NC)	Intron;Intron	-0.144736342
1065	Trim28	(NC);(NC)	Intron;Intron	-0.101253552
1066	Trim28	(NC);(NC);(NC)	Intron;Intron;Intron	0.054230049
1067	Trim28	(NC);(NC)	Intron;Intron	-0.077972843
1068	Trim28		No Mutation	0.2563081880824287
1069	Trim28		No Mutation	0.062431208677395
1070	Trim28		No Mutation	0.1623608776937589
1071	Trim28	Q789Q;R790H	Silent;Missense	-0.107112367
1072	Trim28	R795C	Missense	0.087676674
1073	Trim28	K804K	Silent	0.2254014475068267
1074	Trim28	V808V;L809L	Silent;Silent	-0.318080785
1075	Trim28		No Mutation	0.385703496918067
1076	Trim28		No Mutation	0.0264662622613007
1077	Trim28	S819N	Missense	-0.068373005
1078	Trim28	S819N;A820T	Missense;Missense	0.2425735545644652
1079	Trim28		No Mutation	-0.136277516
1080	Trim28	A820V	Missense	-0.206113115
1081	Trim28	S823N	Missense	0.1174262609522443
1082	Trim28	S823N	Missense	0.2707917914078761
1083	Trim28	S824F	Missense	-0.020256789
1084	Trim28	E826E	Silent	0.2079004944884324
1085	Trim28	L827F;S828F	Missense;Missense	-0.165903124
1086	Trim28		No Mutation	0.034839609
1087	Trim28		No Mutation	-0.05940746
1088	Trim28	*835*	Silent	-0.351485043
1089	Trim28		No Mutation	-0.040666129
1090	Trim28	*835*;(NC)	Silent;UTR	-0.154975048
1091	Trim28		No Mutation	-0.036452487
1092	Trim28		No Mutation	0.2755777540156793
1093	Trim28	(NC)	UTR	-0.043170528
1094	Trim28	(NC)	UTR	-0.347856622
1095	Mphosph8	(NC);(NC)	UTR;UTR	-0.109118784
1096	Mphosph8	(NC)	UTR	0.0275313132200192
1097	Mphosph8	(NC)	UTR	-0.110375653
1098	Mphosph8		No Mutation	0.067006918
1099	Mphosph8	A2V	Missense	0.0441100711757296
1100	Mphosph8	A2V;A3V	Missense;Missense	-0.013812532
1101	Mphosph8		No Mutation	0.1875267515467252
1102	Mphosph8	V18I	Missense	-0.411765317
1103	Mphosph8	S17L	Missense	-0.187445147
1104	Mphosph8	R24H	Missense	-0.276799916
1105	Mphosph8	R24H	Missense	-0.36012078
1106	Mphosph8	R24C;S25F	Missense;Missense	0.078805762
1107	Mphosph8	E29K;G30R	Missense;Missense	0.1486889777334782
1108	Mphosph8	S28F	Missense	-0.021680709
1109	Mphosph8	V31I;G32K	Missense;Missense	0.013232389
1110	Mphosph8	S28F	Missense	-0.024536042
1111	Mphosph8	G32K	Missense	0.157880665
1112	Mphosph8	S28S	Silent	-0.066004751
1113	Mphosph8	G34K	Missense	0.1329450513722908
1114	Mphosph8	A33V	Missense	0.1623733579553363
1115	Mphosph8		No Mutation	0.173083745
1116	Mphosph8	D39D;A40V	Silent;Missense	0.026103731
1117	Mphosph8	A41V	Missense	0.1870405844329963
1118	Mphosph8		No Mutation	0.1818216804723129
1119	Mphosph8		No Mutation	0.1055295531175097
1120	Mphosph8	V46V;A47T	Silent;Missense	0.1920613256741724
1121	Mphosph8		No Mutation	-0.001336404
1122	Mphosph8	V48I	Missense	-0.092148849
1123	Mphosph8	A47V	Missense	0.005630692
1124	Mphosph8	A47A	Silent	-0.159122697
1125	Mphosph8		No Mutation	0.3406893630487612
1126	Mphosph8	D50D	Silent	0.043036116
1127	Mphosph8	E52E;E53K	Silent;Missense	0.4857586680130362
1128	Mphosph8	D50D	Silent	0.063448545
1129	Mphosph8	D50D;S51S	Silent;Silent	-0.367997911
1130	Mphosph8	F59F	Silent	-0.218026061
1131	Mphosph8	I64I;L65L	Silent;Silent	-0.358881846
1132	Mphosph8	L65L	Silent	-0.356363421
1133	Mphosph8	E70K;G71R	Missense;Missense	-0.5953581
1134	Mphosph8		No Mutation	-0.216175542
1135	Mphosph8	C69C	Silent	0.098771975
1136	Mphosph8	C69C	Silent	0.368987269
1137	Mphosph8	C69C	Silent	-0.532321432
1138	Mphosph8		No Mutation	0.5630918754915037
1139	Mphosph8		No Mutation	-0.064002805
1140	Mphosph8	L75F	Missense	0.5645313985384365
1141	Mphosph8		No Mutation	-0.182247201
1142	Mphosph8	T84I;S85F	Missense;Missense	0.0197050392138897
1143	Mphosph8	S85F	Missense	0.041853391
1144	Mphosph8		No Mutation	-0.077204849
1145	Mphosph8	P92S	Missense	-0.411862371
1146	Mphosph8		No Mutation	-0.542938247
1147	Mphosph8	P92F	Missense	0.3529597480794596
1148	Mphosph8	E97K;D98N	Missense;Missense	-0.288399214
1149	Mphosph8	H95Y;L96L	Missense;Silent	-0.436566379
1150	Mphosph8		No Mutation	-1.978362177
1151	Mphosph8	N113N	Silent	0.0573894218155193
1152	Mphosph8	V118V	Silent	0.3325380577916975
1153	Mphosph8	(NC)	Splice-acceptor	0.2053397314779924
1154	Mphosph8	N128N	Silent	-0.137629767
1155	Mphosph8		No Mutation	-0.31734266
1156	Mphosph8	T163I	Missense	-0.670199503
1157	Mphosph8		No Mutation	0.1327771559558105
1158	Mphosph8		No Mutation	-0.695920467
1159	Mphosph8		No Mutation	-0.20528793
1160	Mphosph8	D180D	Silent	0.214172803
1161	Mphosph8	S188S;T189I	Silent;Missense	-0.066186922
1162	Mphosph8	G194D	Missense	0.2459140018047044
1163	Mphosph8	T199M	Missense	0.016772124
1164	Mphosph8	T199M	Missense	0.5554879871311613
1165	Mphosph8		No Mutation	0.4289744011765271
1166	Mphosph8	V206V	Silent	0.3969594466514735
1167	Mphosph8	D212D;S213F	Silent;Missense	-0.07423066
1168	Mphosph8	P216P	Silent	0.0274344136666392
1169	Mphosph8		No Mutation	0.0203075910762295
1170	Mphosph8	A230T	Missense	-0.573852086
1171	Mphosph8		No Mutation	0.041755223
1172	Mphosph8		No Mutation	0.1673988799599249
1173	Mphosph8		No Mutation	-0.272727326
1174	Mphosph8	S267S	Silent	0.0331969358967955
1175	Mphosph8		No Mutation	0.049528665
1176	Mphosph8		No Mutation	0.3049067237048487
1177	Mphosph8	D277N	Missense	0.004377098
1178	Mphosph8	D277N	Missense	-0.17535688
1179	Mphosph8		No Mutation	0.028128469
1180	Mphosph8	Q301*	Nonsense	-0.059373736
1181	Mphosph8	Q301*	Nonsense	-0.063223737
1182	Mphosph8	D315D;L316F	Silent;Missense	0.006055045
1183	Mphosph8	E321K;D322N	Missense;Missense	0.5140488820730087
1184	Mphosph8		No Mutation	0.007212793
1185	Mphosph8	A323V	Missense	0.001552661
1186	Mphosph8	K330K;K331K	Silent;Silent	-0.222375576
1187	Mphosph8	K330K;K331K	Silent;Silent	0.4748340768653534
1188	Mphosph8	P334S	Missense	-0.263244856
1189	Mphosph8	E339K	Missense	0.007548247
1190	Mphosph8	K345K	Silent	0.424977861598925
1191	Mphosph8	R356K;A357T	Missense;Missense	0.040390359
1192	Mphosph8	Q362*	Nonsense	-0.292118437
1193	Mphosph8	Q362*	Nonsense	-0.052502374
1194	Mphosph8	S370N	Missense	0.5577141910332934
1195	Mphosph8	K376K	Silent	-0.124370175
1196	Mphosph8	A383T	Missense	0.003317126
1197	Mphosph8		No Mutation	0.1990367180564909
1198	Mphosph8		No Mutation	-0.681870609
1199	Mphosph8		No Mutation	-0.022603139
1200	Mphosph8		No Mutation	-0.069849394
1201	Mphosph8	E395K	Missense	-0.509844423
1202	Mphosph8	S397S;L398L	Silent;Silent	0.1393958428550193
1203	Mphosph8	L403L;A404T	Silent;Missense	-0.032786532
1204	Mphosph8	S400S;P401F	Silent;Missense	0.2041769827300008
1205	Mphosph8	E406K	Missense	0.6219105981640956
1206	Mphosph8	E406K;(NC)	Missense;Splice-donor	0.6494902087188628
1207	Mphosph8	E406K;(NC)	Missense;Splice-donor	-0.138073439
1208	Mphosph8	A404V	Missense	0.1690995346885303
1209	Mphosph8		No Mutation	-0.593615872
1210	Mphosph8		No Mutation	0.4857435591571916
1211	Mphosph8		No Mutation	-0.094153137
1212	Mphosph8	Y418Y;Q419*	Silent;Nonsense	0.081125996
1213	Mphosph8	A430V	Missense	0.1019688477864433
1214	Mphosph8	(NC)	Splice-acceptor	-0.074240378
1215	Mphosph8		No Mutation	-0.194701389
1216	Mphosph8		No Mutation	-0.005370059
1217	Mphosph8		No Mutation	-0.289125677
1218	Mphosph8		No Mutation	-0.413223586
1219	Mphosph8		No Mutation	-0.242653826
1220	Mphosph8	A502V	Missense	-0.303163547
1221	Mphosph8	A502V;Y503Y	Missense;Silent	-0.039427404
1222	Mphosph8	Y503Y	Silent	0.4419099971446899
1223	Mphosph8	A505V	Missense	-0.144806425
1224	Mphosph8	T522M;S523F	Missense;Missense	0.003919832
1225	Mphosph8	(NC);(NC)	Intron;Intron	-0.987720283
1226	Mphosph8		No Mutation	-0.049818931
1227	Mphosph8	(NC);G525N	Splice-acceptor;Missense	-0.393441765
1228	Mphosph8	V529I	Missense	0.044332468
1229	Mphosph8	V529I	Missense	-0.062465193
1230	Mphosph8	G533N	Missense	-0.437684514
1231	Mphosph8		No Mutation	0.167281300774724
1232	Mphosph8	D535D	Silent	0.0597293140984633
1233	Mphosph8	W540*;M541I	Nonsense;Missense	-0.213041175
1234	Mphosph8	P556L	Missense	0.1397621276852496
1235	Mphosph8	R562K	Missense	-0.27643786
1236	Mphosph8	R562K	Missense	0.064400876
1237	Mphosph8	(NC)	Intron	-0.255400838
1238	Mphosph8	(NC)	Intron	0.0327711772464172
1239	Mphosph8		No Mutation	-0.421185567
1240	Mphosph8		No Mutation	0.8305512481620783
1241	Mphosph8		No Mutation	-0.361654292
1242	Mphosph8	Y590Y	Silent	-0.089171536
1243	Mphosph8	(NC)	Intron	0.0410071122003955
1244	Mphosph8	(NC);(NC)	Intron;Intron	-0.014056541
1245	Mphosph8	(NC)	Intron	0.4120181812417809
1246	Mphosph8	S597F	Missense	0.134981980937199
1247	Mphosph8		No Mutation	0.0181164346907491
1248	Mphosph8		No Mutation	0.084059026
1249	Mphosph8	A607T	Missense	0.038321828
1250	Mphosph8	A607T;A608T	Missense;Missense	-0.326401127
1251	Mphosph8		No Mutation	-0.13848829
1252	Mphosph8	A606V	Missense	-0.127597586
1253	Mphosph8		No Mutation	0.4071571998217386
1254	Mphosph8	L617F	Missense	-0.896580748
1255	Mphosph8		No Mutation	-0.250694396
1256	Mphosph8		No Mutation	-0.032618219
1257	Mphosph8		No Mutation	0.482144715
1258	Mphosph8		No Mutation	-0.169395283
1259	Mphosph8		No Mutation	-0.080034424
1260	Mphosph8	L636L;H638Y	Silent;Missense	-0.10276594
1261	Mphosph8	E641K	Missense	0.015866259
1262	Mphosph8	E641K	Missense	0.1980739246651455
1263	Mphosph8	(NC);(NC)	Intron;Intron	-0.000334897
1264	Mphosph8	(NC)	Intron	0.020694599085295
1265	Mphosph8	(NC)	Intron	-0.106323784
1266	Mphosph8		No Mutation	-0.196779241
1267	Mphosph8	T647I	Missense	-0.231069895
1268	Mphosph8		No Mutation	0.1526917074848314
1269	Mphosph8		No Mutation	0.059341546
1270	Mphosph8	(NC);(NC);(NC)	Intron;Intron;Intron	0.5316502322746992
1271	Mphosph8	(NC)	Intron	-0.003454046
1272	Mphosph8	(NC);A672T	Splice-acceptor;Missense	-0.627337852
1273	Mphosph8	(NC);(NC);(NC)	Intron;Intron;Intron	0.3304928534483011
1274	Mphosph8	C673C	Silent	-1.18582826
1275	Mphosph8	R682C;L683F	Missense;Missense	-0.184277393
1276	Mphosph8	C687Y;G688R	Missense;Missense	-0.858947296
1277	Mphosph8	G688K;A689T	Missense;Missense	-0.153994866
1278	Mphosph8	L702L	Silent	-0.001640439
1279	Mphosph8	L716L;L717L	Silent;Silent	0.2228152037418681
1280	Mphosph8	(NC)	Splice-acceptor	-0.475924321
1281	Mphosph8	A728V	Missense	0.003337193
1282	Mphosph8		No Mutation	-0.569929525
1283	Mphosph8	A728V	Missense	0.0231860959596088
1284	Mphosph8	S738F;R739C	Missense;Missense	-0.633244282
1285	Mphosph8	V746I	Missense	-0.066568722
1286	Mphosph8	A750T;C751Y	Missense;Missense	-0.046816948
1287	Mphosph8	R753Q	Missense	0.268832902
1288	Mphosph8	R753Q	Missense	0.4633485965483745
1289	Mphosph8	C751C;H752Y	Silent;Missense	-0.158395347
1290	Mphosph8	C751C;H752Y	Silent;Missense	-0.013325373
1291	Mphosph8	C751C;H752Y	Silent;Missense	0.0228101170898618
1292	Mphosph8	R753W;L754F	Missense;Missense	-0.096829437
1293	Mphosph8	E756E;G757K	Silent;Missense	-0.198147096
1294	Mphosph8	D763N	Missense	-0.021063996
1295	Mphosph8	P769F;Q770*	Missense;Nonsense	0.1524326235203141
1296	Mphosph8	E774K	Missense	0.3375401567618994
1297	Mphosph8	E774K	Missense	-0.15355193
1298	Mphosph8	E774K;G775S	Missense;Missense	-0.193206039
1299	Mphosph8	E774K;G775S;(NC)	Missense;Missense;Splice-donor	0.9116555735635667
1300	Mphosph8	(NC);(NC)	Intron;Intron	-0.055863926
1301	Mphosph8	(NC);(NC)	Intron;Intron	0.070624296
1302	Mphosph8	(NC);(NC)	Intron;Intron	-0.550648127
1303	Mphosph8	V778I	Missense	0.0550784730467588
1304	Mphosph8		No Mutation	0.1847616757302017
1305	Mphosph8	A785T	Missense	0.151302202000255
1306	Mphosph8	A785T	Missense	0.1586804300881502
1307	Mphosph8	L788L;G789N	Silent;Missense	0.05585652
1308	Mphosph8	G789G	Silent	-0.256884062
1309	Mphosph8		No Mutation	-0.260034402
1310	Mphosph8	C800C	Silent	0.2079564954785886
1311	Mphosph8	A804T;V805M	Missense;Missense	0.1685989842732211
1312	Mphosph8	(NC)	Intron	0.1034829692060465
1313	Mphosph8	(NC);(NC)	Intron;Intron	0.6345970470263493
1314	Mphosph8		No Mutation	0.4804686983811539
1315	Mphosph8		No Mutation	0.3431353319861819
1316	Mphosph8	V822I	Missense	-0.184801714
1317	Mphosph8	S824L	Missense	-0.943054251
1318	Mphosph8		No Mutation	-0.092340671
1319	Mphosph8	P831L	Missense	-0.109311133
1320	Mphosph8		No Mutation	0.1688897445003004
1321	Mphosph8	R837K	Missense	-0.70311422
1322	Mphosph8	R837K	Missense	0.3576688696547065
1323	Mphosph8		No Mutation	0.4516723539196313
1324	Mphosph8		No Mutation	0.2090506795579425
1325	Mphosph8	(NC);(NC)	Intron;Intron	-0.312450556
1326	Mphosph8		No Mutation	0.2194114405210978
1327	Mphosph8	L857L	Silent	-0.250583127
1328	Mphosph8	Q858*	Nonsense	0.3177509647577635
1329	Mphosph8	(NC);(NC)	UTR;UTR	0.1033901372697607
1330	Mphosph8	(NC)	UTR	0.1490079456164965
1331	Tasor	(NC)	UTR	-0.366885156
1332	Tasor	(NC);(NC)	UTR;UTR	0.1244880492666132
1333	Tasor	(NC);(NC);(NC)	UTR;UTR;UTR	0.2010469935086085
1334	Tasor	M1I;A2T	Missense;Missense	-0.040737595
1335	Tasor	(NC);(NC)	UTR;UTR	0.1836987184408405
1336	Tasor	A4T	Missense	0.007747935
1337	Tasor	A4T;A5T	Missense;Missense	0.0255085992239572
1338	Tasor	A2V	Missense	-0.705066327
1339	Tasor	P10L;S11L	Missense;Missense	0.08823188
1340	Tasor	A14A;S15N	Silent;Missense	-0.586853793
1341	Tasor	A14A;S15N	Silent;Missense	-0.178905112
1342	Tasor	S15N;W16*	Missense;Nonsense	0.0237812026920389
1343	Tasor	A14V	Missense	0.009712647
1344	Tasor	S15S	Silent	-0.078549986
1345	Tasor		No Mutation	0.1219155430248028
1346	Tasor		No Mutation	0.1337579410199328
1347	Tasor	S18S;R19C	Silent;Missense	-0.004018911
1348	Tasor		No Mutation	0.095262944
1349	Tasor	E36K	Missense	0.086759176
1350	Tasor		No Mutation	0.1415658110272739
1351	Tasor	S37F	Missense	0.3356314219141941
1352	Tasor	S37F;S38F	Missense;Missense	-0.665074323
1353	Tasor	S38F;L39L	Missense;Silent	-0.279797507
1354	Tasor	Q40*	Nonsense	-0.063694622
1355	Tasor		No Mutation	0.1717802882907634
1356	Tasor	G42G	Silent	-0.169355252
1357	Tasor	G43G	Silent	0.028121868
1358	Tasor	G44G;D45D	Silent;Silent	0.0435357224606709
1359	Tasor	D45D	Silent	-0.029068187
1360	Tasor	D45D;G46G	Silent;Silent	0.004640992
1361	Tasor	G47G;G48G	Silent;Silent	-0.090809423
1362	Tasor	P52S	Missense	0.1336184721865254
1363	Tasor	A57T;A58T	Missense;Missense	0.1461460387594449
1364	Tasor	A56V;A57V	Missense;Missense	-0.044078747
1365	Tasor	A61T	Missense	-0.038932861
1366	Tasor	A60V	Missense	0.1869119888984682
1367	Tasor	G65D	Missense	0.062243201
1368	Tasor	E67K	Missense	-0.329083902
1369	Tasor	E67K	Missense	0.209097032138605
1370	Tasor	Q70Q	Silent	-0.062271948
1371	Tasor	Q70*;Q71*	Nonsense;Nonsense	-1.064741101
1372	Tasor	E74K;A75T	Missense;Missense	-0.080594943
1373	Tasor	T72I	Missense	0.065620106
1374	Tasor	A77A;A78T	Silent;Missense	0.032792463
1375	Tasor	A79T	Missense	0.072679916
1376	Tasor	A77V;A78V	Missense;Missense	0.050978579
1377	Tasor		No Mutation	-0.006272665
1378	Tasor	G83D;A84T	Missense;Missense	-0.065769741
1379	Tasor	P81P	Silent	0.1590924997291977
1380	Tasor	E86K	Missense	0.079172392
1381	Tasor	G83G;A84V	Silent;Missense	-0.008449277
1382	Tasor	E86E;P87P	Silent;Silent	-0.026033918
1383	Tasor	R89K	Missense	-0.173169629
1384	Tasor	R92K;R93Q	Missense;Missense	-0.006638116
1385	Tasor		No Mutation	-0.153183292
1386	Tasor		No Mutation	-0.70889568
1387	Tasor	S101S	Silent	-0.482722374
1388	Tasor	G114K	Missense	-0.216198166
1389	Tasor	E119K	Missense	-0.127950662
1390	Tasor	E131K	Missense	-0.170214568
1391	Tasor	V135I	Missense	-0.18782535
1392	Tasor		No Mutation	-1.132089188
1393	Tasor	H147Y	Missense	-0.213290046
1394	Tasor		No Mutation	0.5523518639292533
1395	Tasor		No Mutation	0.2171552818977196
1396	Tasor		No Mutation	-0.382244072
1397	Tasor		No Mutation	-0.48297481
1398	Tasor		No Mutation	0.6188673696009899
1399	Tasor	S175F	Missense	-0.039209318
1400	Tasor	A177V	Missense	-0.097837256
1401	Tasor	(NC)	Intron	0.1712215312980542
1402	Tasor	Q187*	Nonsense	0.2345727092027418
1403	Tasor		No Mutation	0.2202969074039945
1404	Tasor		No Mutation	0.051862069
1405	Tasor		No Mutation	-0.319051712
1406	Tasor	S199F	Missense	-0.101553783
1407	Tasor	G205N	Missense	-0.105651977
1408	Tasor	L204F	Missense	-0.066778789
1409	Tasor	L204F	Missense	-0.341953382
1410	Tasor		No Mutation	-0.508239331
1411	Tasor	(NC)	Intron	0.084463603
1412	Tasor		No Mutation	0.5325861306697381
1413	Tasor	Q221*	Nonsense	-0.119977638
1414	Tasor	A222V	Missense	-0.19899031
1415	Tasor	A222V	Missense	-0.468350206
1416	Tasor	P224S	Missense	0.0175830506891962
1417	Tasor		No Mutation	-0.095159316
1418	Tasor	A229T;V230I	Missense;Missense	-0.471570052
1419	Tasor	L250F	Missense	0.062289138
1420	Tasor		No Mutation	0.3217753575949124
1421	Tasor	V274M	Missense	0.1353867915321761
1422	Tasor		No Mutation	0.1783376888799592
1423	Tasor		No Mutation	0.0269588099336289
1424	Tasor	R288K;A289T	Missense;Missense	0.037985666
1425	Tasor	A289T	Missense	0.3741149026271254
1426	Tasor	A289V	Missense	0.065680555
1427	Tasor	Q294Q;(NC)	Silent;Splice-donor	-0.106862719
1428	Tasor	T293I	Missense	-0.569260575
1429	Tasor	P314P	Silent	-0.153115949
1430	Tasor		No Mutation	0.097125861
1431	Tasor		No Mutation	-0.283542989
1432	Tasor	(NC)	Intron	-0.205957585
1433	Tasor	A342V	Missense	-0.009711902
1434	Tasor		No Mutation	0.5896598136655729
1435	Tasor	N350N	Silent	-0.146139897
1436	Tasor		No Mutation	0.039570778
1437	Tasor	L365L	Silent	0.2537966186476379
1438	Tasor		No Mutation	0.1979860408181322
1439	Tasor		No Mutation	0.2074244022132108
1440	Tasor	K381K;(NC)	Silent;Splice-donor	-0.089381686
1441	Tasor	(NC);(NC)	Intron;Intron	-0.04235375
1442	Tasor	(NC)	Intron	0.031622303
1443	Tasor	V388I;E389K	Missense;Missense	-0.300574105
1444	Tasor		No Mutation	0.5632446152329744
1445	Tasor	D409N	Missense	-0.074158736
1446	Tasor		No Mutation	-0.014186175
1447	Tasor	(NC)	Intron	0.3670706582240366
1448	Tasor		No Mutation	-0.067710541
1449	Tasor		No Mutation	0.096535331
1450	Tasor		No Mutation	0.2755714943703559
1451	Tasor		No Mutation	-0.078207197
1452	Tasor	(NC);(NC)	Intron;Intron	0.4630230717410233
1453	Tasor	V454I	Missense	-0.042379286
1454	Tasor	V454I	Missense	-0.075637482
1455	Tasor	V454I	Missense	-0.120370505
1456	Tasor	L453F	Missense	0.1536434529882731
1457	Tasor	P456F	Missense	-0.098485098
1458	Tasor	G461K	Missense	-0.82295503
1459	Tasor		No Mutation	0.016323140380281
1460	Tasor		No Mutation	0.061717113
1461	Tasor	L466F	Missense	0.039476475
1462	Tasor	Q470*	Nonsense	0.087338826
1463	Tasor		No Mutation	0.3103956374544179
1464	Tasor		No Mutation	-0.085831048
1465	Tasor	E476K	Missense	0.1632196556620507
1466	Tasor	(NC);(NC)	Intron;Intron	0.099099622
1467	Tasor	Q478Q	Silent	-0.299086373
1468	Tasor	Q478Q	Silent	0.3159602724960696
1469	Tasor	Q478Q	Silent	-0.421042284
1470	Tasor	Q478Q	Silent	-0.063652697
1471	Tasor	L490L	Silent	-0.273716826
1472	Tasor	(NC)	Splice-donor	-0.170884515
1473	Tasor	(NC);(NC)	Intron;Intron	0.099032463
1474	Tasor		No Mutation	0.2629073908034614
1475	Tasor	E514K	Missense	-0.082092019
1476	Tasor	D518N	Missense	-0.381472619
1477	Tasor	R588K	Missense	0.2317977154772611
1478	Tasor		No Mutation	0.7929125160287291
1479	Tasor	C596Y	Missense	0.6444849003263657
1480	Tasor		No Mutation	-0.137434833
1481	Tasor	E605K	Missense	0.0214567598148808
1482	Tasor	Q608Q	Silent	-0.186693195
1483	Tasor	L609L	Silent	-0.279749806
1484	Tasor		No Mutation	0.4538281644474948
1485	Tasor		No Mutation	0.035961726
1486	Tasor	L630L	Silent	0.1646953845810788
1487	Tasor	P629L;L630L	Missense;Silent	0.1587413580883621
1488	Tasor	E634K;G635N	Missense;Missense	0.257686473
1489	Tasor	Q636*	Nonsense	-0.818284768
1490	Tasor	S643L	Missense	0.066357192
1491	Tasor		No Mutation	0.1152421516295335
1492	Tasor		No Mutation	0.003299528
1493	Tasor	R650W	Missense	0.052413087
1494	Tasor		No Mutation	0.05051388
1495	Tasor	T686I	Missense	0.051798414
1496	Tasor	T686I	Missense	0.0131054027044283
1497	Tasor	S701S	Silent	-0.126338543
1498	Tasor		No Mutation	-0.184364867
1499	Tasor		No Mutation	-0.415652465
1500	Tasor	S735F	Missense	-0.376133808
1501	Tasor	Q737Q	Silent	-0.540694575
1502	Tasor	Q737*;S738F	Nonsense;Missense	-0.19609
1503	Tasor		No Mutation	-0.01831703
1504	Tasor	S738S	Silent	0.1039121600199379
1505	Tasor	G743E;Q744Q	Missense;Silent	0.005480412
1506	Tasor	N747N	Silent	0.2934292424941506
1507	Tasor	Q751Q	Silent	0.5726335970413288
1508	Tasor	Q751*	Nonsense	0.265396185
1509	Tasor	Q751*	Nonsense	-0.109034259
1510	Tasor		No Mutation	0.000872781
1511	Tasor		No Mutation	-0.050558993
1512	Tasor		No Mutation	0.1753473230812617
1513	Tasor		No Mutation	0.3309852130511527
1514	Tasor	I761I;H762Y	Silent;Missense	-0.279928887
1515	Tasor	L764F	Missense	0.0284042092937885
1516	Tasor	W767*	Nonsense	-0.01474568
1517	Tasor	A775V	Missense	-0.057121352
1518	Tasor	T783I	Missense	0.3284178443885553
1519	Tasor		No Mutation	-0.115523126
1520	Tasor	T785I	Missense	-0.259951434
1521	Tasor	K788K;A789T	Silent;Missense	0.2837234974823353
1522	Tasor		No Mutation	-0.753763089
1523	Tasor	S836S;P837S	Silent;Missense	-0.068209738
1524	Tasor	V841V;D842N;A843T	Silent;Missense;Missense	-0.005919114
1525	Tasor	D842N;A843T	Missense;Missense	0.1849012010337707
1526	Tasor	L851F;L852L	Missense;Silent	0.2645965925317414
1527	Tasor	S854N;S855N	Missense;Missense	0.1185388001789606
1528	Tasor	L852L;S853F	Silent;Missense	-0.021871328
1529	Tasor	S855N;E856K	Missense;Missense	-0.127705892
1530	Tasor	V863I	Missense	-0.721936323
1531	Tasor	C869C	Silent	0.09610687
1532	Tasor	T874M	Missense	-0.050018694
1533	Tasor	E878K	Missense	0.2359611073920533
1534	Tasor	E878E	Silent	-0.772003239
1535	Tasor	K887K	Silent	-0.209682632
1536	Tasor		No Mutation	0.2401817482445664
1537	Tasor		No Mutation	0.1826213014403955
1538	Tasor	P902S	Missense	-0.252177744
1539	Tasor	(NC);(NC)	Intron;Intron	0.090206792
1540	Tasor		No Mutation	-0.06059109
1541	Tasor		No Mutation	-0.176246592
1542	Tasor		No Mutation	0.02001413
1543	Tasor		No Mutation	-0.114379795
1544	Tasor	(NC);(NC);(NC)	Intron;Intron;Intron	0.032366672075943
1545	Tasor	G909K	Missense	-0.645619202
1546	Tasor	S910S;P911L	Silent;Missense	0.3331882234304593
1547	Tasor	S910S;P911L	Silent;Missense	-0.138459281
1548	Tasor	G916K	Missense	0.1539619888046144
1549	Tasor	D913D;Q914*	Silent;Nonsense	-0.022000316
1550	Tasor	G916K	Missense	0.1932885682369367
1551	Tasor		No Mutation	0.35220014
1552	Tasor	Q922*	Nonsense	0.0222317415200492
1553	Tasor		No Mutation	0.169180877
1554	Tasor		No Mutation	-0.052167798
1555	Tasor		No Mutation	0.1021771849861659
1556	Tasor	S928L;P929S	Missense;Missense	0.233049108214018
1557	Tasor	V934I;C935Y	Missense;Missense	-0.16140607
1558	Tasor		No Mutation	0.079742809
1559	Tasor	C935C;L936L	Silent;Silent	1.2101157208509252
1560	Tasor	E940E;A941T	Silent;Missense	-0.039796585
1561	Tasor		No Mutation	-0.189339171
1562	Tasor		No Mutation	-0.234348455
1563	Tasor	A941V	Missense	-0.09235947
1564	Tasor	A941A;P943S	Silent;Missense	0.0269577326084776
1565	Tasor	R947Q	Missense	0.051623552
1566	Tasor	V948I	Missense	0.006559387
1567	Tasor	R951K;E952K	Missense;Missense	-0.426321258
1568	Tasor	R951K;E952K	Missense;Missense	0.041182547
1569	Tasor	E952K	Missense	0.2279512269262604
1570	Tasor	P963P	Silent	0.1698297862624003
1571	Tasor	D966N	Missense	0.1016256183230719
1572	Tasor	D966N	Missense	0.3035747115384875
1573	Tasor		No Mutation	-0.206463896
1574	Tasor	S964F;T965I	Missense;Missense	0.1540069885822023
1575	Tasor	L968L	Silent	-0.445925605
1576	Tasor		No Mutation	0.1036648129100722
1577	Tasor		No Mutation	0.1184997351061672
1578	Tasor		No Mutation	0.088958827
1579	Tasor	D975D;T976I	Silent;Missense	-0.378202762
1580	Tasor	T978I	Missense	0.05193949
1581	Tasor	Q981*	Nonsense	0.1310835003480919
1582	Tasor	R997K	Missense	-0.213993479
1583	Tasor		No Mutation	0.6661513577242193
1584	Tasor	T1002I	Missense	-0.232045997
1585	Tasor	R1015R;K1016K;V1017I	Silent;Silent;Missense	-0.569322273
1586	Tasor	A1039T	Missense	0.1527980134979957
1587	Tasor	E1041K	Missense	-0.310861364
1588	Tasor		No Mutation	0.053349838
1589	Tasor	S1052F	Missense	-0.163249499
1590	Tasor	S1055F	Missense	0.027598888
1591	Tasor		No Mutation	0.2023423459310296
1592	Tasor		No Mutation	0.1594388257910183
1593	Tasor	T1076I	Missense	0.2938386286030964
1594	Tasor	A1090T	Missense	-0.897480034
1595	Tasor		No Mutation	0.4461440463989207
1596	Tasor	S1093S;H1094Y	Silent;Missense	-0.525410502
1597	Tasor	L1099L	Silent	-0.153699085
1598	Tasor	L1099L;A1100T	Silent;Missense	-0.008047981
1599	Tasor	A1097V	Missense	0.007771223
1600	Tasor	A1097V;A1098V	Missense;Missense	0.2627344613989946
1601	Tasor	A1098V	Missense	-0.082411015
1602	Tasor	S1115N;A1116T	Missense;Missense	-0.467664288
1603	Tasor		No Mutation	0.065894528
1604	Tasor	Q1136*	Nonsense	-0.295313569
1605	Tasor	E1144K	Missense	-0.577229768
1606	Tasor		No Mutation	-0.033392039
1607	Tasor	E1153K	Missense	0.1245643108080166
1608	Tasor	M1155I	Missense	-0.108083751
1609	Tasor	S1158F	Missense	0.1793111642434333
1610	Tasor	P1163F	Missense	-0.115336228
1611	Tasor	L1168L;E1169K	Silent;Missense	-0.058913459
1612	Tasor		No Mutation	0.0464439371343048
1613	Tasor		No Mutation	0.1548611216605757
1614	Tasor	A1189T	Missense	0.1766995859310444
1615	Tasor		No Mutation	0.2590414842776491
1616	Tasor	V1201I	Missense	0.1633898928624046
1617	Tasor		No Mutation	-0.002044347
1618	Tasor	S1204N	Missense	-0.666816898
1619	Tasor	L1229F	Missense	-0.040465745
1620	Tasor		No Mutation	-0.016394882
1621	Tasor		No Mutation	-0.545051117
1622	Tasor	E1244K	Missense	-0.256975885
1623	Tasor		No Mutation	-0.17126861
1624	Tasor	E1252K;R1253K	Missense;Missense	-0.421480755
1625	Tasor		No Mutation	0.085737378
1626	Tasor	Q1265*	Nonsense	-0.116677852
1627	Tasor	A1270V	Missense	-0.156612457
1628	Tasor		No Mutation	-0.176442657
1629	Tasor		No Mutation	-0.066248391
1630	Tasor	A1291T;G1292S	Missense;Missense	-0.041211875
1631	Tasor	A1291T;G1292N	Missense;Missense	0.042052898
1632	Tasor	N1305N	Silent	0.047204853
1633	Tasor		No Mutation	0.0110701924804753
1634	Tasor	S1319L	Missense	-0.08470528
1635	Tasor	L1323L	Silent	0.238032804
1636	Tasor		No Mutation	-0.042768715
1637	Tasor	L1341F	Missense	-0.706266199
1638	Tasor	L1341F	Missense	-0.159104047
1639	Tasor	T1343I	Missense	-0.206896771
1640	Tasor	P1344L	Missense	-0.464500099
1641	Tasor	W1350*	Nonsense	-0.847938697
1642	Tasor	Q1357Q;K1358K	Silent;Silent	-0.063447759
1643	Tasor	F1356F;Q1357*	Silent;Nonsense	-0.55899882
1644	Tasor		No Mutation	0.2044738379045096
1645	Tasor		No Mutation	-0.525246125
1646	Tasor	K1361K;E1362K	Silent;Missense	-0.552540304
1647	Tasor	L1360L	Silent	-0.088675367
1648	Tasor		No Mutation	-0.146247537
1649	Tasor	A1370T	Missense	-0.293110163
1650	Tasor	A1370T	Missense	0.3146095388912958
1651	Tasor	Q1381*	Nonsense	-0.187876446
1652	Tasor	R1399*	Nonsense	-0.662058845
1653	Tasor		No Mutation	0.2971678247660924
1654	Tasor		No Mutation	0.1378145851545889
1655	Tasor	D1405D;C1406C;L1407F	Silent;Silent;Missense	0.1077889986883068
1656	Tasor	Q1411Q;A1412T	Silent;Missense	0.090832704
1657	Tasor	H1419Y	Missense	-0.346921802
1658	Tasor	V1421V	Silent	-0.263784513
1659	Tasor	K1426K	Silent	-0.222182877
1660	Tasor		No Mutation	0.5386701016773618
1661	Tasor	S1432F	Missense	-0.550534076
1662	Tasor	G1438K	Missense	-0.390462783
1663	Tasor	N1450N	Silent	-0.185298544
1664	Tasor	N1450N	Silent	0.1123540741241354
1665	Tasor	L1466F	Missense	0.4747701240071279
1666	Tasor	A1472T	Missense	0.068339542
1667	Tasor	E1474K	Missense	0.099619346
1668	Tasor	N1475N;L1476F	Silent;Missense	-0.100483941
1669	Tasor	D1481N;(NC)	Missense;Splice-donor	-0.321727641
1670	Tasor		No Mutation	-0.128000665
1671	Tasor	(NC)	Intron	0.4086236803282251
1672	Tasor	A1482T;V1483I	Missense;Missense	-0.034999164
1673	Tasor		No Mutation	0.0206401959243294
1674	Tasor	T1487I	Missense	-0.099835373
1675	Tasor	P1488F	Missense	0.263295772
1676	Tasor	P1488L	Missense	0.058505816
1677	Tasor	G1492E;V1493I	Missense;Missense	0.1482427730629593
1678	Tasor	V1493I;G1494R	Missense;Missense	-0.116666931
1679	Tasor	V1493I;G1494K	Missense;Missense	-0.569550069
1680	Tasor	(NC)	UTR	-0.989109853
1681	Tasor		No Mutation	0.096366608
1682	Pphln1	(NC);(NC);(NC)	UTR;UTR;UTR	-0.038372568
1683	Pphln1	M1I;W2*	Missense;Nonsense	-0.298111621
1684	Pphln1		No Mutation	0.1655687521124529
1685	Pphln1		No Mutation	0.2009484863904145
1686	Pphln1	R16H;V17M	Missense;Missense	0.004873459
1687	Pphln1		No Mutation	-0.0148306
1688	Pphln1		No Mutation	0.0421152994809091
1689	Pphln1	S24N	Missense	-0.035891292
1690	Pphln1	S24N;(NC)	Missense;Splice-donor	-0.018548868
1691	Pphln1	S24N;(NC)	Missense;Splice-donor	-0.092120235
1692	Pphln1	(NC)	Splice-donor	-0.121897182
1693	Pphln1	H22Y;P23F	Missense;Missense	0.1537997099599953
1694	Pphln1	(NC)	Intron	-0.351220753
1695	Pphln1		No Mutation	0.001371432
1696	Pphln1	(NC);(NC);(NC)	Intron;Intron;Intron	0.1686048834207838
1697	Pphln1	(NC);(NC)	Intron;Intron	-0.537637366
1698	Pphln1	V33I;V34M	Missense;Missense	-0.281670631
1699	Pphln1	L40L	Silent	0.1151962458578038
1700	Pphln1	K43K;R44K	Silent;Missense	-0.017095944
1701	Pphln1	K50K;R51K	Silent;Missense	-0.017095944
1702	Pphln1	R44K	Missense	-0.399821832
1703	Pphln1	R51K	Missense	-0.399821832
1704	Pphln1	R57K	Missense	0.1766004654389003
1705	Pphln1	L55L;A56V	Silent;Missense	0.2970177814987553
1706	Pphln1	D59N	Missense	0.8474954366775203
1707	Pphln1	A56V	Missense	0.3212252211578498
1708	Pphln1	G61E;G62N	Missense;Missense	0.059297615
1709	Pphln1	S64N	Missense	-0.544583072
1710	Pphln1	C72C;R73*	Silent;Nonsense	0.2745104656971657
1711	Pphln1	C72C;R73*	Silent;Nonsense	-0.469207396
1712	Pphln1	E77E;G78N	Silent;Missense	0.1409488450696233
1713	Pphln1	D84N	Missense	0.5213755597914422
1714	Pphln1		No Mutation	-0.068512643
1715	Pphln1	(NC)	Splice-donor	-0.258785931
1716	Pphln1	(NC);(NC)	Splice-donor;Intron	0.083966227
1717	Pphln1	(NC);(NC)	Intron;Intron	-0.007160352
1718	Pphln1	(NC)	Intron	0.1670533200799124
1719	Pphln1	(NC)	Intron	0.059719935
1720	Pphln1		No Mutation	-0.051256859
1721	Pphln1		No Mutation	-0.0986551
1722	Pphln1	S108S;R109W	Silent;Missense	-0.089187306
1723	Pphln1	D112N	Missense	-0.29713087
1724	Pphln1	R114K;(NC)	Missense;Splice-donor	-0.01019146
1725	Pphln1	(NC);(NC)	Intron;Intron	-0.062055486
1726	Pphln1	(NC)	Intron	0.4002883781256721
1727	Pphln1	S128L;H129Y	Missense;Missense	-0.134837368
1728	Pphln1	R134W	Missense	0.0289521517558485
1729	Pphln1	R134W	Missense	0.1594111651788733
1730	Pphln1	F144F	Silent	-0.116257352
1731	Pphln1		No Mutation	0.2833992814813711
1732	Pphln1		No Mutation	0.1501196327920653
1733	Pphln1		No Mutation	-0.152845748
1734	Pphln1	S147F;P148S	Missense;Missense	0.046555832
1735	Pphln1	K152K;D153N	Silent;Missense	0.1126425117658691
1736	Pphln1	K152K;D153N	Silent;Missense	-0.421497728
1737	Pphln1	D153N	Missense	0.1312688635753206
1738	Pphln1		No Mutation	0.1127278663739059
1739	Pphln1	S154F;P155L	Missense;Missense	0.4716030995205573
1740	Pphln1	G160N	Missense	0.2337645902578305
1741	Pphln1	G160N	Missense	-0.696506738
1742	Pphln1	G160N	Missense	-0.727717863
1743	Pphln1	S164N;S165N	Missense;Missense	0.087454031
1744	Pphln1	R166K;S167N	Missense;Missense	0.028336688
1745	Pphln1	S169F	Missense	-0.015675304
1746	Pphln1		No Mutation	0.2836659331836088
1747	Pphln1	Q182Q	Silent	0.082266821
1748	Pphln1	R184K	Missense	-0.214958941
1749	Pphln1		No Mutation	-0.143219649
1750	Pphln1		No Mutation	0.078188261
1751	Pphln1		No Mutation	0.3977534872486483
1752	Pphln1	(NC)	Splice-acceptor	0.062904264
1753	Pphln1	(NC);K185K	Splice-acceptor;Silent	-0.039665715
1754	Pphln1	K185K	Silent	-0.082806429
1755	Pphln1	S187S	Silent	0.1821684823479551
1756	Pphln1	(NC)	Intron	0.1662832218084803
1757	Pphln1	R188H;V189I	Missense;Missense	-0.620223058
1758	Pphln1	V189I;G190S	Missense;Missense	0.4871556234470657
1759	Pphln1		No Mutation	0.0424058487873312
1760	Pphln1	E198K	Missense	-0.039368311
1761	Pphln1	Q196*	Nonsense	0.2633813293885066
1762	Pphln1	A199V	Missense	-0.143633954
1763	Pphln1	R201C	Missense	-0.330505422
1764	Pphln1		No Mutation	-1.195703961
1765	Pphln1	(NC)	Intron	0.391865349
1766	Pphln1		No Mutation	-0.109513276
1767	Pphln1	A225T;V226I	Missense;Missense	0.1123609071639084
1768	Pphln1	V226I	Missense	-0.228681913
1769	Pphln1	A225V	Missense	-0.172851835
1770	Pphln1		No Mutation	0.094337488
1771	Pphln1	(NC)	Intron	-0.245568609
1772	Pphln1	(NC);(NC)	Intron;Intron	0.0787738
1773	Pphln1		No Mutation	0.015126320831583
1774	Pphln1		No Mutation	-0.060539359
1775	Pphln1	A231V	Missense	0.1148952323349462
1776	Pphln1	P235P;S236S	Silent;Silent	-0.123355822
1777	Pphln1	E240K	Missense	-0.024104596
1778	Pphln1	E240E;K241K	Silent;Silent	0.1852355306541815
1779	Pphln1		No Mutation	0.1807319463203157
1780	Pphln1	A244V	Missense	-0.030990971
1781	Pphln1		No Mutation	-0.571565452
1782	Pphln1	S258L	Missense	-0.366343231
1783	Pphln1		No Mutation	-0.072298155
1784	Pphln1	(NC)	Intron	0.0241650084156164
1785	Pphln1	A271A;G272K	Silent;Missense	-0.350339639
1786	Pphln1		No Mutation	0.1231775254689073
1787	Pphln1	Q281Q	Silent	-0.037363461
1788	Pphln1	Q281Q	Silent	-0.225439892
1789	Pphln1	E286K	Missense	0.2806218181333222
1790	Pphln1	S287L	Missense	-0.139749129
1791	Pphln1	V290I;D291N	Missense;Missense	0.1223123990216968
1792	Pphln1	D291N	Missense	-0.014708987
1793	Pphln1		No Mutation	0.0531308538647365
1794	Pphln1	A309T	Missense	-0.162438891
1795	Pphln1	T312I	Missense	0.184197209
1796	Pphln1		No Mutation	-0.106030902
1797	Pphln1		No Mutation	-0.250834327
1798	Pphln1	R320Q	Missense	0.1398680074876993
1799	Pphln1	D322N	Missense	-0.015674966
1800	Pphln1	Q321*	Nonsense	-0.061768866
1801	Pphln1	D322D	Silent	0.2018862952748915
1802	Pphln1	E324E	Silent	-0.072594983
1803	Pphln1	D322D;C323C	Silent;Silent	-0.174004298
1804	Pphln1	C323C	Silent	0.2211130969918666
1805	Pphln1	S343F;V344V	Missense;Silent	0.1375847275602841
1806	Pphln1	R349R;Q350Q	Silent;Silent	0.1553666190648844
1807	Pphln1	Q350*	Nonsense	-0.127055989
1808	Pphln1		No Mutation	0.5492741591148167
1809	Pphln1		No Mutation	0.031695029
1810	Pphln1	N372N;S373F	Silent;Missense	0.4493379575845108
1811	Pphln1	(NC);(NC)	UTR;UTR	-0.262872233
1812	Pphln1	(NC)	UTR	1.2120349581505725
1813	Pphln1	(NC)	UTR	0.081633765
1814	Pphln1		No Mutation	-0.389697626
1815	Morc2a	(NC)	UTR	-0.201516096
1816	Morc2a	S7N;S8N	Missense;Missense	-0.192887526
1817	Morc2a		No Mutation	-0.15176247
1818	Morc2a	E17K	Missense	0.4803215762067938
1819	Morc2a		No Mutation	0.0157153927888173
1820	Morc2a	(NC)	Intron	-0.121526237
1821	Morc2a	S23L	Missense	-0.115992975
1822	Morc2a	T25I;H26Y	Missense;Missense	0.3184024541569481
1823	Morc2a		No Mutation	-0.093951846
1824	Morc2a		No Mutation	0.1310541995842498
1825	Morc2a	L36L	Silent	-0.11580366
1826	Morc2a	(NC);D42N	Splice-acceptor;Missense	0.3212480105566149
1827	Morc2a	D42N;A43T	Missense;Missense	0.03364446
1828	Morc2a		No Mutation	0.0104063517514854
1829	Morc2a	A52T	Missense	-0.036325849
1830	Morc2a	E53E;R54K	Silent;Missense	0.03178442
1831	Morc2a	R55W	Missense	0.1167492923851108
1832	Morc2a	R55W	Missense	-0.003533017
1833	Morc2a	M63I	Missense	-0.017947629
1834	Morc2a		No Mutation	-0.021238201
1835	Morc2a		No Mutation	-0.095349541
1836	Morc2a	(NC)	Intron	0.8046059952370395
1837	Morc2a	(NC);(NC)	Intron;Intron	0.2931810949723048
1838	Morc2a	(NC)	Intron	-0.42963432
1839	Morc2a	(NC);(NC)	Intron;Splice-acceptor	0.3518139134625574
1840	Morc2a	A79T	Missense	0.2760851689904335
1841	Morc2a	A79V	Missense	0.1708372557494186
1842	Morc2a	A79V	Missense	-0.197392789
1843	Morc2a	E93E	Silent	0.136182505031258
1844	Morc2a	P92F	Missense	0.1757006464548354
1845	Morc2a	P92L	Missense	-0.278316112
1846	Morc2a	G98K	Missense	-0.044253337
1847	Morc2a	T95I;Q96*	Missense;Nonsense	-0.019607147
1848	Morc2a	Q99Q	Silent	-0.028823439
1849	Morc2a		No Mutation	0.069698477
1850	Morc2a		No Mutation	0.0198225964442968
1851	Morc2a	(NC);(NC)	Intron;Intron	0.1004894433586872
1852	Morc2a	M109I	Missense	0.455716748
1853	Morc2a		No Mutation	-0.496048506
1854	Morc2a	M109I;R110Q	Missense;Missense	0.2498340097530434
1855	Morc2a	G107G	Silent	-0.362442678
1856	Morc2a	G107G;S108L	Silent;Missense	-0.260888245
1857	Morc2a	K121K;E122K;D123N	Silent;Missense;Missense	-0.218247413
1858	Morc2a	L130L	Silent	0.3738968721991884
1859	Morc2a	R132H	Missense	-0.164924176
1860	Morc2a		No Mutation	0.1843609022653002
1861	Morc2a	S131F;R132C	Missense;Missense	-0.068804203
1862	Morc2a	T133I	Missense	-0.046848753
1863	Morc2a	G139N	Missense	0.005294926
1864	Morc2a		No Mutation	0.2214208763696596
1865	Morc2a	V145I	Missense	0.1140806299859533
1866	Morc2a	V145I	Missense	0.4171805949282166
1867	Morc2a	V145I	Missense	0.055811132
1868	Morc2a	V145V	Silent	-0.064642608
1869	Morc2a	W150*;A152T	Nonsense;Missense	-0.179344568
1870	Morc2a	A152T	Missense	0.2285539863167879
1871	Morc2a	T149I	Missense	0.23429830925652
1872	Morc2a	T149T	Silent	0.2774841829422404
1873	Morc2a	R153Q	Missense	-0.109499776
1874	Morc2a	R153Q	Missense	-0.273785766
1875	Morc2a	R155Q	Missense	-0.078612932
1876	Morc2a	P157F	Missense	-0.15869294
1877	Morc2a	V162I;E163K	Missense;Missense	0.2102724570534307
1878	Morc2a	V172I	Missense	0.077398262
1879	Morc2a	Y175Y;S176F;P177S	Silent;Missense;Missense	0.009608445
1880	Morc2a	E182K	Missense	0.2224958140313364
1881	Morc2a	E182E	Silent	0.1654088718406187
1882	Morc2a	V184I	Missense	0.1053331726044947
1883	Morc2a	Q187*	Nonsense	-0.096653295
1884	Morc2a	F188F	Silent	0.3020427968674396
1885	Morc2a	G193R	Missense	-0.075533348
1886	Morc2a		No Mutation	0.3131334209633086
1887	Morc2a		No Mutation	-0.680055111
1888	Morc2a	(NC);(NC)	Intron;Intron	-0.380111283
1889	Morc2a		No Mutation	0.063643756
1890	Morc2a		No Mutation	-0.004965259
1891	Morc2a	(NC)	Intron	0.1766313821169862
1892	Morc2a	V199V	Silent	1.3110602386427177
1893	Morc2a	V199V	Silent	-0.632407061
1894	Morc2a		No Mutation	0.098185513
1895	Morc2a	I201I	Silent	-0.221332646
1896	Morc2a	L204F	Missense	-0.32915991
1897	Morc2a	L206L	Silent	0.012058418
1898	Morc2a		No Mutation	-0.602973139
1899	Morc2a	P220L	Missense	-0.377035917
1900	Morc2a	M225I;A226T	Missense;Missense	-0.546607392
1901	Morc2a	A226V	Missense	-0.00546199
1902	Morc2a	S229S	Silent	-0.042643064
1903	Morc2a	A226V	Missense	-0.032123854
1904	Morc2a	P230L	Missense	0.0104175010234585
1905	Morc2a	(NC);(NC)	Splice-donor;Intron	0.7337989823599285
1906	Morc2a	G232G	Silent	0.0204734745936691
1907	Morc2a	G232G;T233M	Silent;Missense	-0.089530437
1908	Morc2a	(NC);(NC)	Intron;Intron	0.1063052497674259
1909	Morc2a	T233M	Missense	0.822814546
1910	Morc2a		No Mutation	0.1628766165953475
1911	Morc2a		No Mutation	-0.337767272
1912	Morc2a	K234K	Silent	-0.164764925
1913	Morc2a	R237Q;R238H	Missense;Missense	0.0226260999925566
1914	Morc2a	R241Q	Missense	-0.13445072
1915	Morc2a	A245T	Missense	0.079431089
1916	Morc2a	V246I	Missense	0.3692882929359623
1917	Morc2a		No Mutation	-0.467304315
1918	Morc2a	L247F	Missense	0.002028576
1919	Morc2a		No Mutation	1.394212106348637
1920	Morc2a		No Mutation	-0.031073398
1921	Morc2a		No Mutation	-0.21010296
1922	Morc2a		No Mutation	-0.189914184
1923	Morc2a		No Mutation	-0.527216362
1924	Morc2a	I255I;F256F	Silent;Silent	-0.607629633
1925	Morc2a	V262V;Q263Q	Silent;Silent	0.030744679
1926	Morc2a	C269Y;C270Y	Missense;Missense	-0.057095487
1927	Morc2a	C269C;C270C	Silent;Silent	-0.077642475
1928	Morc2a	K273K	Silent	0.1630201614974685
1929	Morc2a	L271L	Silent	-0.121862397
1930	Morc2a		No Mutation	-0.030019243
1931	Morc2a	(NC);(NC)	Splice-donor;Intron	-0.027351018
1932	Morc2a	(NC)	Intron	0.010471902
1933	Morc2a	(NC)	Intron	-0.063314835
1934	Morc2a	(NC);(NC)	Intron;Intron	-0.463272741
1935	Morc2a		No Mutation	0.2672363637112012
1936	Morc2a	S281L	Missense	0.0453405142258158
1937	Morc2a	R283C	Missense	0.042633738993671
1938	Morc2a	F284F	Silent	-0.106719482
1939	Morc2a	A295V	Missense	-0.073282683
1940	Morc2a	H297Y	Missense	-0.265850977
1941	Morc2a	(NC)	Intron	-0.297911947
1942	Morc2a	(NC);(NC)	Intron;Intron	0.4131874690253085
1943	Morc2a	(NC)	Intron	-0.210537928
1944	Morc2a	A302V	Missense	-0.005228841
1945	Morc2a		No Mutation	-0.292205884
1946	Morc2a	S311N	Missense	-0.834642129
1947	Morc2a	A313T	Missense	-0.018580412
1948	Morc2a	T315I	Missense	0.4168619849697534
1949	Morc2a	T315I	Missense	0.03937427
1950	Morc2a		No Mutation	0.1162039412785284
1951	Morc2a		No Mutation	-0.153640428
1952	Morc2a		No Mutation	0.2211342733688667
1953	Morc2a	D323D;L324L	Silent;Silent	0.0188074203750526
1954	Morc2a	D323D;L324L	Silent;Silent	-0.145444989
1955	Morc2a	R329K;(NC)	Missense;Splice-donor	-0.384883417
1956	Morc2a	(NC)	Intron	-0.187357318
1957	Morc2a		No Mutation	0.4241550743450747
1958	Morc2a	(NC)	Intron	-0.089987536
1959	Morc2a		No Mutation	-0.470189706
1960	Morc2a	(NC)	Intron	-0.006486608
1961	Morc2a		No Mutation	0.4929721343401234
1962	Morc2a	R344K;E345K	Missense;Missense	0.0242546865608022
1963	Morc2a	D347N	Missense	-0.293848794
1964	Morc2a	D347N;V348I	Missense;Missense	0.1577849315377425
1965	Morc2a	A346V	Missense	0.1148237918770168
1966	Morc2a	V348V	Silent	-0.375564121
1967	Morc2a	I352I	Silent	0.1987781351160615
1968	Morc2a	Q357*	Nonsense	0.2154813860343381
1969	Morc2a		No Mutation	0.3119622133348221
1970	Morc2a		No Mutation	0.1496990029211538
1971	Morc2a	A359V;L360F	Missense;Missense	-0.022590727
1972	Morc2a	V369I	Missense	-0.192178113
1973	Morc2a	V369I	Missense	0.046191407
1974	Morc2a	V372V	Silent	0.096586486
1975	Morc2a	V372V	Silent	0.1147936717532083
1976	Morc2a	H376Y	Missense	-0.696426153
1977	Morc2a	M382I	Missense	0.2679374939012315
1978	Morc2a	I391I	Silent	-0.099727785
1979	Morc2a	E395K	Missense	0.6802915289538866
1980	Morc2a		No Mutation	-0.351936692
1981	Morc2a		No Mutation	0.3258752392518127
1982	Morc2a		No Mutation	-0.094241245
1983	Morc2a	G398G	Silent	0.2869737036660414
1984	Morc2a	G398G;P399S	Silent;Missense	-0.091166295
1985	Morc2a	G398G;P399L	Silent;Missense	0.023399797
1986	Morc2a	G403G;G404N	Silent;Missense	-0.699567184
1987	Morc2a	G404N	Missense	-0.103044913
1988	Morc2a	G404G	Silent	0.2015576287571139
1989	Morc2a	(NC);(NC)	Intron;Intron	-1.003006527
1990	Morc2a	(NC);(NC);(NC)	Intron;Intron;Intron	-0.023155781
1991	Morc2a	(NC)	Intron	0.4656979477241472
1992	Morc2a	(NC);M405I;A406T	Splice-acceptor;Missense;Missense	-0.225445088
1993	Morc2a	(NC)	Intron	0.002731706
1994	Morc2a	(NC)	Intron	0.5759260159840882
1995	Morc2a	(NC)	Intron	-0.087458266
1996	Morc2a	A406V	Missense	0.6887539825391653
1997	Morc2a	A406V	Missense	-0.526158854
1998	Morc2a		No Mutation	0.4985883556785868
1999	Morc2a		No Mutation	-0.122048612
2000	Morc2a	P417S	Missense	-0.162780209
2001	Morc2a	E422K	Missense	-0.265332357
2002	Morc2a	E422E	Silent	0.0133362639489866
2003	Morc2a	P423F	Missense	0.2550683663744131
2004	Morc2a	Q428Q;D429N	Silent;Missense	-0.64668621
2005	Morc2a	D429D	Silent	0.1691902844741828
2006	Morc2a	A431V	Missense	0.1857813423734208
2007	Morc2a	H438Y;L439L	Missense;Silent	0.1294432782012138
2008	Morc2a	H438Y;L439L	Missense;Silent	0.049570929
2009	Morc2a	L439L	Silent	-0.096468039
2010	Morc2a	L439L;L440F	Silent;Missense	0.041459069
2011	Morc2a	A442T	Missense	-0.111936059
2012	Morc2a	A442V	Missense	0.1236487820022829
2013	Morc2a	H446Y	Missense	-0.635968452
2014	Morc2a	H446H	Silent	0.232031630227646
2015	Morc2a		No Mutation	-0.08728034
2016	Morc2a	A455V	Missense	0.1734323518391238
2017	Morc2a	(NC);(NC)	Intron;Intron	0.004175687
2018	Morc2a		No Mutation	0.086737424
2019	Morc2a	(NC)	Intron	-0.035289892
2020	Morc2a		No Mutation	-0.147095239
2021	Morc2a	K463K	Silent	0.1460936202221266
2022	Morc2a	K463K	Silent	0.009729782
2023	Morc2a	G469G	Silent	0.6091039823828845
2024	Morc2a		No Mutation	-1.052480832
2025	Morc2a	E482K	Missense	-0.012636454
2026	Morc2a	L483L;R484H	Silent;Missense	0.055123672
2027	Morc2a	R484H	Missense	-0.189613201
2028	Morc2a	L483L	Silent	-0.129400837
2029	Morc2a	F485F;R487C	Silent;Missense	-0.229144362
2030	Morc2a		No Mutation	-0.203124534
2031	Morc2a	P494L;T495I	Missense;Missense	-0.154726556
2032	Morc2a	C499Y;D500N;(NC)	Missense;Missense;Splice-donor	-0.168684858
2033	Morc2a	(NC);(NC);(NC)	Splice-donor;Intron;Intron	-0.17441173
2034	Morc2a	(NC)	Intron	0.1041125457528876
2035	Morc2a	(NC)	Intron	0.3185216202881122
2036	Morc2a	L501L	Silent	0.1465108253379773
2037	Morc2a	V515I	Missense	0.5008054598678997
2038	Morc2a	V515I	Missense	-0.194844445
2039	Morc2a	V515I	Missense	0.05945366
2040	Morc2a	E516K	Missense	-0.200225187
2041	Morc2a	T517I	Missense	-0.144378636
2042	Morc2a		No Mutation	-0.006504788
2043	Morc2a	C525Y	Missense	-0.18946549
2044	Morc2a	C525Y	Missense	-1.274740476
2045	Morc2a	N528N;P529S	Silent;Missense	-0.258864602
2046	Morc2a	E532K	Missense	0.1151459933575488
2047	Morc2a	P529L	Missense	0.05214772873894
2048	Morc2a	Q533Q;D534N	Silent;Missense	0.4209539747588767
2049	Morc2a	D534N;R535H	Missense;Missense	0.1687980600969661
2050	Morc2a	(NC);(NC)	Intron;Intron	-0.299006341
2051	Morc2a		No Mutation	0.2165471454309706
2052	Morc2a	(NC)	Splice-acceptor	0.2559155714407266
2053	Morc2a	S539F	Missense	0.12931194897921
2054	Morc2a	Q543*	Nonsense	0.064238244
2055	Morc2a	Q543*	Nonsense	-0.228628557
2056	Morc2a	Q543*	Nonsense	-0.116370615
2057	Morc2a		No Mutation	0.014637266
2058	Morc2a		No Mutation	0.1707901863195996
2059	Morc2a		No Mutation	0.1310157077864253
2060	Morc2a	L575L	Silent	0.1631107257664574
2061	Morc2a	L578F;Q579*	Missense;Nonsense	0.5794912815093987
2062	Morc2a	Q579*	Nonsense	-0.514463078
2063	Morc2a		No Mutation	0.166975490578773
2064	Morc2a	A588T;D589N	Missense;Missense	0.2793195617896503
2065	Morc2a	D589N	Missense	-0.167292987
2066	Morc2a	L590L	Silent	0.2669688469346303
2067	Morc2a	E596K	Missense	-0.19522018
2068	Morc2a	R600K	Missense	0.0254991929550307
2069	Morc2a	R600K	Missense	0.1505296685461474
2070	Morc2a	P601L	Missense	0.006417265
2071	Morc2a	(NC)	Intron	-0.575919853
2072	Morc2a		No Mutation	0.2412245904700952
2073	Morc2a	(NC)	Intron	0.003618021
2074	Morc2a	(NC);(NC);(NC)	Intron;Intron;Intron	-0.144747249
2075	Morc2a	Q610Q;R611H	Silent;Missense	0.0369262478031033
2076	Morc2a		No Mutation	-0.133306233
2077	Morc2a		No Mutation	0.0101609735347131
2078	Morc2a	S614L;P615S	Missense;Missense	-0.083685585
2079	Morc2a		No Mutation	-0.113124845
2080	Morc2a	V620I	Missense	0.1576207219648787
2081	Morc2a		No Mutation	-0.187093519
2082	Morc2a	A624T	Missense	0.009584344
2083	Morc2a		No Mutation	0.5928237842152602
2084	Morc2a		No Mutation	-0.372454977
2085	Morc2a		No Mutation	0.1876846440306454
2086	Morc2a		No Mutation	0.0279076166021453
2087	Morc2a	R635K	Missense	0.1375390696131955
2088	Morc2a	Q639Q	Silent	0.060217436
2089	Morc2a	Q639Q	Silent	-0.173234648
2090	Morc2a	R641Q	Missense	-0.261277966
2091	Morc2a	T643T	Silent	-0.136617177
2092	Morc2a	T643T;V645I	Silent;Missense	0.2534656522500172
2093	Morc2a		No Mutation	-0.287509356
2094	Morc2a	A655T	Missense	0.3854197546831365
2095	Morc2a	P652F;T653I	Missense;Missense	-0.113577067
2096	Morc2a	A656T;R657Q	Missense;Missense	-0.047965044
2097	Morc2a	R657Q;G658K	Missense;Missense	-0.022247004
2098	Morc2a		No Mutation	-0.117654095
2099	Morc2a	S661N	Missense	0.1556662498640663
2100	Morc2a		No Mutation	0.197301182711316
2101	Morc2a	L665L;L666F	Silent;Missense	0.1634652034782759
2102	Morc2a		No Mutation	0.3048199419876111
2103	Morc2a	R673Q	Missense	-0.077177443
2104	Morc2a		No Mutation	0.1626783384533366
2105	Morc2a		No Mutation	0.078107881
2106	Morc2a	V683I	Missense	0.061637547
2107	Morc2a	V683I	Missense	0.1438690052666
2108	Morc2a	R685Q	Missense	-0.434226064
2109	Morc2a	R685Q	Missense	0.047371947
2110	Morc2a	V690M	Missense	0.2249543291800571
2111	Morc2a	V690I	Missense	1.0551761698037434
2112	Morc2a	V690I	Missense	0.1237704257227848
2113	Morc2a		No Mutation	-0.159496975
2114	Morc2a		No Mutation	-0.119537611
2115	Morc2a		No Mutation	0.1635364544876186
2116	Morc2a		No Mutation	0.1106849086612996
2117	Morc2a		No Mutation	0.1967047992785737
2118	Morc2a		No Mutation	-0.17931901
2119	Morc2a		No Mutation	-0.134414303
2120	Morc2a		No Mutation	-0.298190928
2121	Morc2a		No Mutation	-0.009503105
2122	Morc2a	S700N	Missense	0.1965149608614806
2123	Morc2a	P699L	Missense	0.0103833876465826
2124	Morc2a	P699P	Silent	-0.306136226
2125	Morc2a	S701F	Missense	-0.187678824
2126	Morc2a		No Mutation	-0.024943733
2127	Morc2a	R705Q	Missense	0.083957094
2128	Morc2a	R705Q	Missense	0.1077221463624986
2129	Morc2a	E706E;V707I	Silent;Missense	-0.10382747
2130	Morc2a	A709T	Missense	0.009809556
2131	Morc2a	A712V	Missense	0.070575828
2132	Morc2a	E722K	Missense	0.3058732065100406
2133	Morc2a		No Mutation	0.1320589832047259
2134	Morc2a	P724F	Missense	0.0620123
2135	Morc2a	V729M	Missense	0.2120396785241686
2136	Morc2a	V729I;(NC)	Missense;Splice-donor	0.1781253598262219
2137	Morc2a		No Mutation	0.000541735
2138	Morc2a	(NC)	Intron	0.4219968509276741
2139	Morc2a	(NC);(NC)	Intron;Intron	0.206614662
2140	Morc2a	(NC)	Intron	-0.162238292
2141	Morc2a	A730V;T731I	Missense;Missense	0.0325067477021661
2142	Morc2a	R736Q;S737N	Missense;Missense	0.2160404654039958
2143	Morc2a	L738F	Missense	-0.220711228
2144	Morc2a	V740V	Silent	0.1632904154062741
2145	Morc2a		No Mutation	0.094456665
2146	Morc2a		No Mutation	-0.068562645
2147	Morc2a		No Mutation	-0.173850764
2148	Morc2a		No Mutation	0.236562892
2149	Morc2a	G760G	Silent	-0.087576972
2150	Morc2a	G760G;L762F	Silent;Missense	0.090496565
2151	Morc2a		No Mutation	-0.090301599
2152	Morc2a		No Mutation	0.1038267861257021
2153	Morc2a		No Mutation	0.049829971
2154	Morc2a	(NC)	Intron	-0.425227277
2155	Morc2a	(NC);L774F	Intron;Missense	-0.134486319
2156	Morc2a	L774F	Missense	-0.413806685
2157	Morc2a	S777N	Missense	-0.147428238
2158	Morc2a	L774F	Missense	-0.156881245
2159	Morc2a	H782Y	Missense	-0.064114998
2160	Morc2a	H782H;P783L	Silent;Missense	-1.421125384
2161	Morc2a	R787R;K788K;A789T	Silent;Silent;Missense	0.0412452370044225
2162	Morc2a	K788K;A789T	Silent;Missense	0.074771092
2163	Morc2a	L786F	Missense	0.203493581
2164	Morc2a	A789V;Q790*	Missense;Nonsense	-0.075771485
2165	Morc2a	A789V;Q790*	Missense;Nonsense	-0.376483013
2166	Morc2a	Q790*	Nonsense	-0.397415696
2167	Morc2a	(NC)	Intron	0.0298383949663209
2168	Morc2a		No Mutation	-0.626646627
2169	Morc2a	V799V;R800C	Silent;Missense	0.0101374894929865
2170	Morc2a	E804E;W805*	Silent;Nonsense	-0.264040843
2171	Morc2a	N802N;R803C	Silent;Missense	-0.067402373
2172	Morc2a	G808N	Missense	0.072060249
2173	Morc2a	G808G;R809*	Silent;Nonsense	0.016216393
2174	Morc2a	G808G;R809*	Silent;Nonsense	-0.188100952
2175	Morc2a	V810V	Silent	-0.094853446
2176	Morc2a	V810V;T811I	Silent;Missense	-0.10940059
2177	Morc2a	V813V;E814K;V815M	Silent;Missense;Missense	-0.238896984
2178	Morc2a		No Mutation	0.2353112331136974
2179	Morc2a	G816G	Silent	0.156428727
2180	Morc2a	R836K	Missense	-0.132506469
2181	Morc2a	T833I;T834I	Missense;Missense	0.3536000732754616
2182	Morc2a	(NC)	Intron	-0.043324694
2183	Morc2a	R838R	Silent	0.2170895709508444
2184	Morc2a		No Mutation	-0.843999719
2185	Morc2a		No Mutation	0.4040571114693099
2186	Morc2a	(NC);(NC)	Intron;Intron	0.2556414149451134
2187	Morc2a	(NC);(NC)	Intron;Intron	-0.855029684
2188	Morc2a	(NC)	Intron	0.307313812
2189	Morc2a	(NC);(NC);(NC);(NC)	Intron;Intron;Intron;Intron	-0.032192654
2190	Morc2a	E841E;G843S	Silent;Missense	0.3027406986898314
2191	Morc2a	G843N	Missense	-0.340518165
2192	Morc2a	G843N	Missense	0.090742746
2193	Morc2a	G843N	Missense	0.2129639587333687
2194	Morc2a		No Mutation	-0.426178982
2195	Morc2a	Q858Q;S859N	Silent;Missense	0.006946218
2196	Morc2a	S859N	Missense	-0.163104033
2197	Morc2a	D861N	Missense	-0.278327716
2198	Morc2a	D861N	Missense	0.086455151
2199	Morc2a	P860F	Missense	0.3884869364301971
2200	Morc2a	D861D;T862I	Silent;Missense	-0.060586928
2201	Morc2a	E865K;G866S	Missense;Missense	-0.051063373
2202	Morc2a	E865K;G866N	Missense;Missense	-0.144365702
2203	Morc2a	Q863*;Q864*	Nonsense;Nonsense	0.7610065302815652
2204	Morc2a	Q864*	Nonsense	-0.188674486
2205	Morc2a		No Mutation	0.4070126864643456
2206	Morc2a		No Mutation	0.0185900814913866
2207	Morc2a		No Mutation	0.1964179476782899
2208	Morc2a		No Mutation	-0.158769349
2209	Morc2a		No Mutation	-0.407178724
2210	Morc2a	A872V	Missense	0.1340259936266021
2211	Morc2a		No Mutation	0.230933717
2212	Morc2a	L881L	Silent	-0.087633174
2213	Morc2a	L881L	Silent	-0.857630764
2214	Morc2a		No Mutation	-0.162992507
2215	Morc2a	P884F	Missense	-0.021340335
2216	Morc2a	D888N	Missense	0.077438438
2217	Morc2a	G889N	Missense	0.1321574667760476
2218	Morc2a		No Mutation	0.1516438697854862
2219	Morc2a		No Mutation	-0.240192828
2220	Morc2a		No Mutation	1.2450001522536034
2221	Morc2a		No Mutation	0.3468027650696214
2222	Morc2a	S900N	Missense	0.1663636921978325
2223	Morc2a	S902N	Missense	-0.360078981
2224	Morc2a	E904K	Missense	0.1436339848149841
2225	Morc2a	E904E	Silent	-0.028644127
2226	Morc2a	D907N	Missense	0.2041901012353357
2227	Morc2a	D907N	Missense	-0.259461471
2228	Morc2a		No Mutation	0.2131659784330691
2229	Morc2a		No Mutation	-0.248461256
2230	Morc2a	L908L;L909L	Silent;Silent	-0.56682148
2231	Morc2a	R914Q;(NC)	Missense;Splice-donor	-0.168187265
2232	Morc2a	(NC);(NC)	Intron;Intron	-0.366120299
2233	Morc2a	(NC)	Intron	-0.361134898
2234	Morc2a	(NC)	Splice-acceptor	-0.121130357
2235	Morc2a	(NC)	Splice-acceptor	-0.050300839
2236	Morc2a	(NC)	Splice-acceptor	-0.0154978
2237	Morc2a	(NC)	Intron	-0.818115127
2238	Morc2a	L917L	Silent	-0.129258613
2239	Morc2a		No Mutation	0.1324466918107862
2240	Morc2a	F925F;P926S	Silent;Missense	0.1367716551870289
2241	Morc2a		No Mutation	0.091343527
2242	Morc2a	K930K;E931K	Silent;Missense	-0.112599893
2243	Morc2a	E931K	Missense	-0.211291107
2244	Morc2a	E931E;L932L	Silent;Silent	0.0239058842535425
2245	Morc2a	S933N;V934I	Missense;Missense	-1.207700732
2246	Morc2a		No Mutation	0.088003789
2247	Morc2a		No Mutation	-0.125724405
2248	Morc2a		No Mutation	-0.089805394
2249	Morc2a		No Mutation	-0.443994478
2250	Morc2a	Y948Y	Silent	0.1467752838346655
2251	Morc2a	Y948Y;F949F	Silent;Silent	0.3166951304480658
2252	Morc2a	F949F	Silent	0.1898685098911612
2253	Morc2a	F949F	Silent	0.110253806039218
2254	Morc2a		No Mutation	0.047455056971022
2255	Morc2a	R966H;A967T	Missense;Missense	-0.26629755
2256	Morc2a	S965S	Silent	-0.272441678
2257	Morc2a	D968N	Missense	0.085799778
2258	Morc2a	S965S;R966C	Silent;Missense	-0.081095411
2259	Morc2a		No Mutation	0.1532191463884359
2260	Morc2a	R970W	Missense	-0.348354985
2261	Morc2a	R979H	Missense	0.2598836177970124
2262	Morc2a	L985F	Missense	-0.055018353
2263	Morc2a		No Mutation	0.074945125
2264	Morc2a	L1003L	Silent	0.2086675692318474
2265	Morc2a	L1002F;L1003L	Missense;Silent	0.0262022290306735
2266	Morc2a	L1002L;L1003L;Q1004*	Silent;Silent;Nonsense	-0.16652546
2267	Morc2a		No Mutation	-0.125442184
2268	Morc2a	(NC)	Intron	-0.887312394
2269	Morc2a	(NC);(NC);(NC);(NC)	Intron;Intron;Intron;Intron	-0.37713222
2270	Morc2a	(NC);D1009N	Splice-acceptor;Missense	0.2203202960311773
2271	Morc2a	(NC);D1009N	Splice-acceptor;Missense	-0.183460073
2272	Morc2a	D1009N	Missense	0.1954958127962272
2273	Morc2a		No Mutation	-0.062665697
2274	Morc2a		No Mutation	1.7201175812550769
2275	Morc2a	I1012I;N1013N	Silent;Silent	0.090487797
2276	Morc2a	L1018L	Silent	-0.074979199
2277	Morc2a		No Mutation	-0.026941651
2278	Morc2a	D1024D	Silent	-0.07459667
2279	Morc2a	D1024D;L1025F	Silent;Missense	-0.156642235
2280	Morc2a	I1026I;T1027I	Silent;Missense	0.1274032195053377
2281	Morc2a	G1029G;D1030N	Silent;Missense	0.6672453539089755
2282	Morc2a		No Mutation	0.03686568
2283	Morc2a		No Mutation	-0.017055953
2284	Morc2a	D1030D	Silent	-0.06038298
2285	Morc2a	(NC);(NC)	UTR;UTR	-0.062519977
2286	Atf7ip	Q8*	Nonsense	0.2019527554840946
2287	Atf7ip		No Mutation	-0.08312229
2288	Atf7ip	V29I	Missense	-0.100651336
2289	Atf7ip	A28V	Missense	-0.056071132
2290	Atf7ip	A28V	Missense	-0.149072782
2291	Atf7ip	A28V	Missense	-0.0890911
2292	Atf7ip	H30Y	Missense	0.2169606463653834
2293	Atf7ip	L36L	Silent	-0.250392065
2294	Atf7ip	L36L	Silent	-0.058416125
2295	Atf7ip	D40D	Silent	-0.093329251
2296	Atf7ip	D40D	Silent	0.072609156
2297	Atf7ip	L44L	Silent	0.067723355
2298	Atf7ip	N45N	Silent	0.2841145781993843
2299	Atf7ip	S47S;H48Y	Silent;Missense	-0.001252455
2300	Atf7ip	L53L;D54N	Silent;Missense	0.1743348548706793
2301	Atf7ip	P55S	Missense	-0.033677253
2302	Atf7ip	R68*	Nonsense	-0.669048885
2303	Atf7ip		No Mutation	0.5973194476245509
2304	Atf7ip		No Mutation	0.06650069
2305	Atf7ip	S81L	Missense	-0.007958506
2306	Atf7ip		No Mutation	0.2476201304348173
2307	Atf7ip	V97I	Missense	-0.117847874
2308	Atf7ip	V97I;A98T	Missense;Missense	-0.00492746
2309	Atf7ip	V97I;A98T	Missense;Missense	0.023296975
2310	Atf7ip	C117Y;D118N	Missense;Missense	0.3875079668627679
2311	Atf7ip	D118N	Missense	0.2740258848169354
2312	Atf7ip	D118N	Missense	-0.168384994
2313	Atf7ip		No Mutation	-0.102108094
2314	Atf7ip		No Mutation	-0.104898282
2315	Atf7ip	T124I;T125I	Missense;Missense	-1.915025695
2316	Atf7ip	G130N	Missense	0.1197685635773395
2317	Atf7ip	A133T	Missense	0.4308506612256971
2318	Atf7ip	P132L;A133V	Missense;Missense	-0.236138776
2319	Atf7ip	S134F	Missense	-0.015357335
2320	Atf7ip	G138N	Missense	-0.19688815
2321	Atf7ip	G138D;C139Y	Missense;Missense	-0.017772368
2322	Atf7ip	V143I	Missense	-0.619177139
2323	Atf7ip	V143I	Missense	-0.073101582
2324	Atf7ip		No Mutation	0.1551657975527941
2325	Atf7ip	A148T	Missense	-0.139101234
2326	Atf7ip	A148T	Missense	0.2915185664466858
2327	Atf7ip	A153T	Missense	-0.093947381
2328	Atf7ip	A153T	Missense	-0.724252094
2329	Atf7ip		No Mutation	0.062880585
2330	Atf7ip	D155N	Missense	-0.141682785
2331	Atf7ip	A158T	Missense	0.1330199992970915
2332	Atf7ip	A158T	Missense	0.7053993965375784
2333	Atf7ip		No Mutation	0.7108808646519957
2334	Atf7ip	D163N	Missense	-0.338106617
2335	Atf7ip	S159F	Missense	0.085216527
2336	Atf7ip	D163N	Missense	-0.38610089
2337	Atf7ip		No Mutation	-0.00947488
2338	Atf7ip	N161N;P162L	Silent;Missense	-0.827972633
2339	Atf7ip	L167L;A168T	Silent;Missense	0.5780356847289159
2340	Atf7ip	S164F	Missense	-0.190001177
2341	Atf7ip	L167L;A168T	Silent;Missense	-0.187193645
2342	Atf7ip	L167L	Silent	-0.394630952
2343	Atf7ip	L172L	Silent	0.001807108
2344	Atf7ip	T174I;T175I	Missense;Missense	0.051214084183659
2345	Atf7ip		No Mutation	-0.043687098
2346	Atf7ip		No Mutation	0.1855804185434189
2347	Atf7ip		No Mutation	-0.010150898
2348	Atf7ip		No Mutation	0.025573087
2349	Atf7ip		No Mutation	0.1447663776411081
2350	Atf7ip		No Mutation	0.3589575098491403
2351	Atf7ip	S195N	Missense	-1.374560992
2352	Atf7ip		No Mutation	-0.281832765
2353	Atf7ip		No Mutation	0.2625772454903174
2354	Atf7ip	S200N	Missense	0.5449784978349388
2355	Atf7ip		No Mutation	-0.024043307
2356	Atf7ip		No Mutation	-0.373777255
2357	Atf7ip	S205N	Missense	0.066760597
2358	Atf7ip		No Mutation	-0.311928649
2359	Atf7ip		No Mutation	0.1060921307299445
2360	Atf7ip	C209Y;S210N	Missense;Missense	0.091000568
2361	Atf7ip		No Mutation	-0.204469196
2362	Atf7ip		No Mutation	-0.037173441
2363	Atf7ip		No Mutation	0.0282652128543276
2364	Atf7ip		No Mutation	-0.396250684
2365	Atf7ip	V218I	Missense	0.2734724295613903
2366	Atf7ip	V218I	Missense	0.1400147907479747
2367	Atf7ip	A222T;A223T	Missense;Missense	0.1786224000088574
2368	Atf7ip	S224F;H225Y	Missense;Missense	-0.415710082
2369	Atf7ip	V228I	Missense	-0.277247139
2370	Atf7ip		No Mutation	0.2694351185248952
2371	Atf7ip		No Mutation	0.0105626915200209
2372	Atf7ip	V238I	Missense	0.2992385796316267
2373	Atf7ip	P237L	Missense	0.1337816662236856
2374	Atf7ip	P242P;V243M	Silent;Missense	-0.039226895
2375	Atf7ip	A247T;A248T	Missense;Missense	0.4788315696522897
2376	Atf7ip	A258T	Missense	-0.679380865
2377	Atf7ip	P257L	Missense	0.056315014722761
2378	Atf7ip	P262P;V263I	Silent;Missense	0.0541072291471468
2379	Atf7ip	S259L	Missense	-0.088341866
2380	Atf7ip		No Mutation	0.1934768632044791
2381	Atf7ip	P262L	Missense	-0.012721172
2382	Atf7ip	V263V	Silent	-0.239887256
2383	Atf7ip	V267I;A268T	Missense;Missense	0.1151481540950409
2384	Atf7ip	V266V	Silent	-0.063926634
2385	Atf7ip	A269V	Missense	0.2449736145905233
2386	Atf7ip	A269V;C270C	Missense;Silent	0.2779762651952565
2387	Atf7ip	A269A;C270C	Silent;Silent	-0.010858582
2388	Atf7ip	G275K	Missense	0.1870691824004179
2389	Atf7ip	P274F	Missense	-0.086218325
2390	Atf7ip	L279L;D280N	Silent;Missense	-0.275427865
2391	Atf7ip		No Mutation	-0.10051888
2392	Atf7ip		No Mutation	0.1406677276080912
2393	Atf7ip	Q289Q	Silent	0.221428895150354
2394	Atf7ip	Q289Q	Silent	0.065794217
2395	Atf7ip	Q289Q	Silent	0.1856287926476925
2396	Atf7ip	Q289Q	Silent	-0.364284836
2397	Atf7ip	D291N	Missense	-0.167631425
2398	Atf7ip	P293S	Missense	0.11551619262589
2399	Atf7ip	D298N	Missense	-0.059836351
2400	Atf7ip		No Mutation	0.3252487008275733
2401	Atf7ip		No Mutation	0.007847715
2402	Atf7ip	P301F	Missense	0.0143759949469983
2403	Atf7ip	C305Y	Missense	-0.078561208
2404	Atf7ip	C305Y	Missense	0.2288278548649247
2405	Atf7ip	S303F	Missense	0.23442421391388
2406	Atf7ip	S306N;G307K	Missense;Missense	0.001134996
2407	Atf7ip	C305C	Silent	-0.079871136
2408	Atf7ip	S310F	Missense	0.096412523
2409	Atf7ip	S310F	Missense	0.1859136473627151
2410	Atf7ip		No Mutation	0.1279760526829638
2411	Atf7ip	P315F	Missense	-0.328105288
2412	Atf7ip	V320I;E321K	Missense;Missense	0.0555287186746729
2413	Atf7ip	V327I	Missense	0.3102609437355117
2414	Atf7ip		No Mutation	-0.118468185
2415	Atf7ip	S330N	Missense	0.2338296956563612
2416	Atf7ip		No Mutation	-0.126902554
2417	Atf7ip	V334I;C335Y	Missense;Missense	-0.097594658
2418	Atf7ip	S332L;A333V	Missense;Missense	0.142569965283147
2419	Atf7ip	E345K	Missense	0.079694904
2420	Atf7ip	E345E;P346P	Silent;Silent	0.5501692228777546
2421	Atf7ip	P346P;S347N	Silent;Missense	0.2812849124095543
2422	Atf7ip	S351N;D352N	Missense;Missense	0.1700973857538645
2423	Atf7ip	N350N	Silent	-0.427851407
2424	Atf7ip	D360N;D361N	Missense;Missense	0.2239880899796667
2425	Atf7ip	D371N	Missense	0.296431491
2426	Atf7ip		No Mutation	-0.065847164
2427	Atf7ip		No Mutation	-0.139807474
2428	Atf7ip		No Mutation	-0.592295507
2429	Atf7ip	N380N	Silent	-0.820612818
2430	Atf7ip	S394N;A395T	Missense;Missense	0.0622616421199723
2431	Atf7ip	N405N	Silent	-0.098109012
2432	Atf7ip	N405N;T406I	Silent;Missense	-0.181962486
2433	Atf7ip	I414I;A415V	Silent;Missense	-0.074705586
2434	Atf7ip	A418T	Missense	0.1026530596399023
2435	Atf7ip		No Mutation	0.2388916082900458
2436	Atf7ip	P417F	Missense	0.345812884
2437	Atf7ip	E422K;A423T	Missense;Missense	0.2447644922916021
2438	Atf7ip	A423V	Missense	0.4110863375052939
2439	Atf7ip	M428I;E429K	Missense;Missense	0.3062060970689145
2440	Atf7ip	D431N	Missense	-0.324048456
2441	Atf7ip		No Mutation	-0.007132221
2442	Atf7ip	A446T;A447T	Missense;Missense	0.088490814
2443	Atf7ip		No Mutation	-0.032282434
2444	Atf7ip	S449N;E450K	Missense;Missense	-0.050446776
2445	Atf7ip		No Mutation	-0.04443553
2446	Atf7ip	V448V	Silent	0.2540386607537871
2447	Atf7ip		No Mutation	-0.009756175
2448	Atf7ip	D451D;P452F	Silent;Missense	-0.993750645
2449	Atf7ip	P452P;A453V	Silent;Missense	0.093910935
2450	Atf7ip	K457K;E458K	Silent;Missense	-0.027704523
2451	Atf7ip	K457K;E458K	Silent;Missense	-0.070123983
2452	Atf7ip	K457K;E458K	Silent;Missense	0.6955308750082445
2453	Atf7ip	E458E;D459N	Silent;Missense	-0.628703326
2454	Atf7ip	T460I	Missense	-0.281759155
2455	Atf7ip	D463D	Silent	-0.159903802
2456	Atf7ip	E472E	Silent	-0.216539933
2457	Atf7ip		No Mutation	0.0225128219332124
2458	Atf7ip	L480F	Missense	-0.177225384
2459	Atf7ip	S488N	Missense	0.033207134
2460	Atf7ip	S488N	Missense	-0.250324326
2461	Atf7ip	S488N;C489Y	Missense;Missense	0.013486284
2462	Atf7ip	S501N	Missense	0.0296422003609801
2463	Atf7ip	V498V	Silent	0.2673821485515809
2464	Atf7ip	D503N	Missense	-0.064078534
2465	Atf7ip	T500I	Missense	0.061184763
2466	Atf7ip		No Mutation	-0.154096837
2467	Atf7ip		No Mutation	-0.980656005
2468	Atf7ip		No Mutation	0.068926049
2469	Atf7ip		No Mutation	0.060735838
2470	Atf7ip	S520N;S521N	Missense;Missense	0.2356308392880823
2471	Atf7ip	S520N;S521N	Missense;Missense	-0.097945275
2472	Atf7ip	V531I	Missense	-0.156609597
2473	Atf7ip	D534N	Missense	-0.343815972
2474	Atf7ip	V531V;L532F	Silent;Missense	-0.626351338
2475	Atf7ip	E536E;D537N	Silent;Missense	0.1826292264632211
2476	Atf7ip		No Mutation	0.2899177947400115
2477	Atf7ip	Q550Q;S551N	Silent;Missense	-0.257685555
2478	Atf7ip		No Mutation	-0.665506283
2479	Atf7ip	T555T;P556L	Silent;Missense	-0.071275096
2480	Atf7ip	(NC)	Intron	-0.064626337
2481	Atf7ip	(NC);(NC)	Intron;Intron	-0.381089305
2482	Atf7ip	(NC);(NC)	Intron;Intron	0.1200197487644406
2483	Atf7ip	(NC)	Intron	0.0161802268692856
2484	Atf7ip	(NC)	Intron	0.1718601815715941
2485	Atf7ip	(NC);(NC)	Intron;Intron	-0.853345476
2486	Atf7ip	(NC)	Intron	-0.150483465
2487	Atf7ip	(NC);E557E	Splice-acceptor;Silent	-0.130489167
2488	Atf7ip		No Mutation	0.1592975759086763
2489	Atf7ip		No Mutation	-0.132851178
2490	Atf7ip		No Mutation	0.2313212067032479
2491	Atf7ip	D564D;G565G	Silent;Silent	-0.059233815
2492	Atf7ip	R572*	Nonsense	-0.094061927
2493	Atf7ip		No Mutation	-0.076621763
2494	Atf7ip	P580F	Missense	0.089043643
2495	Atf7ip	(NC)	Intron	0.6387178494631294
2496	Atf7ip	(NC);(NC)	Intron;Intron	-0.465407453
2497	Atf7ip	S591F	Missense	-0.156778261
2498	Atf7ip		No Mutation	0.2815218478102296
2499	Atf7ip	S601S;R603C	Silent;Missense	-0.043708221
2500	Atf7ip	M607I	Missense	0.4107858009021621
2501	Atf7ip	E609K;E610K	Missense;Missense	0.1240135851602632
2502	Atf7ip		No Mutation	0.070246455
2503	Atf7ip		No Mutation	0.061711817
2504	Atf7ip	I625I;N626N;Q627*	Silent;Silent;Nonsense	-0.330500538
2505	Atf7ip	V648V	Silent	-0.21728375
2506	Atf7ip	V648V;D650N	Silent;Missense	0.1878123080135844
2507	Atf7ip		No Mutation	0.083168478
2508	Atf7ip		No Mutation	0.2150007084674322
2509	Atf7ip		No Mutation	-0.055715152
2510	Atf7ip	C665C	Silent	0.2168162650861162
2511	Atf7ip	L673F	Missense	-0.082462394
2512	Atf7ip	L676L;Q677*	Silent;Nonsense	-0.286930678
2513	Atf7ip	(NC)	Intron	0.016485459
2514	Atf7ip		No Mutation	-0.246625083
2515	Atf7ip		No Mutation	0.0207570960890622
2516	Atf7ip	R686H	Missense	0.1598290614856163
2517	Atf7ip	A690T	Missense	-0.005755013
2518	Atf7ip		No Mutation	-0.093855201
2519	Atf7ip		No Mutation	-0.052890559
2520	Atf7ip		No Mutation	-0.006929543
2521	Atf7ip	(NC)	Splice-acceptor	-0.068926328
2522	Atf7ip	(NC)	Splice-acceptor	-0.254146511
2523	Atf7ip		No Mutation	0.063646881
2524	Atf7ip		No Mutation	-0.009228744
2525	Atf7ip		No Mutation	-0.199649551
2526	Atf7ip		No Mutation	-0.039060538
2527	Atf7ip		No Mutation	-0.25785376
2528	Atf7ip		No Mutation	-0.057331735
2529	Atf7ip	N703N;P704L	Silent;Missense	0.1911946642157468
2530	Atf7ip		No Mutation	0.023706541502527
2531	Atf7ip		No Mutation	0.7062576014427422
2532	Atf7ip	G709K	Missense	0.252555510085082
2533	Atf7ip	G709K	Missense	0.217909559984621
2534	Atf7ip	K710K	Silent	-0.269869782
2535	Atf7ip	K710K	Silent	0.3111320538030656
2536	Atf7ip	D714N	Missense	-0.925138221
2537	Atf7ip	S717N	Missense	0.4845467538480218
2538	Atf7ip	S717N	Missense	-0.142523212
2539	Atf7ip	M721I	Missense	-0.027963623
2540	Atf7ip		No Mutation	-0.270668664
2541	Atf7ip	(NC);(NC)	Intron;Intron	-0.168964188
2542	Atf7ip	(NC)	Splice-acceptor	-0.071502891
2543	Atf7ip	G727G;T728I	Silent;Missense	-0.016996064
2544	Atf7ip	S735S	Silent	0.280070470233164
2545	Atf7ip		No Mutation	0.038634244
2546	Atf7ip	S740N;E741K	Missense;Missense	0.7304557729488015
2547	Atf7ip		No Mutation	-0.030594212
2548	Atf7ip		No Mutation	0.2924599471006628
2549	Atf7ip	V751M	Missense	0.2437813274978194
2550	Atf7ip	Q748*;T749I	Nonsense;Missense	-0.496723162
2551	Atf7ip	V751V	Silent	0.2191619754546037
2552	Atf7ip	P750F	Missense	-0.0908991
2553	Atf7ip	(NC);(NC)	Intron;Intron	0.479126469
2554	Atf7ip	A757T	Missense	-0.567990379
2555	Atf7ip		No Mutation	-0.038397566
2556	Atf7ip	V766I	Missense	-0.016143008
2557	Atf7ip	A776T	Missense	0.066165447
2558	Atf7ip	Q773*	Nonsense	0.0597936611530081
2559	Atf7ip	Q773*;T774I	Nonsense;Missense	0.1816636363585181
2560	Atf7ip	G779D	Missense	0.1444426996693452
2561	Atf7ip	T777I	Missense	-0.157561185
2562	Atf7ip	T777T;S778L	Silent;Missense	0.036195002
2563	Atf7ip	P782P;A783T	Silent;Missense	-0.037699565
2564	Atf7ip		No Mutation	0.042242372
2565	Atf7ip	S791N	Missense	-0.391138415
2566	Atf7ip	A793T	Missense	0.076593494
2567	Atf7ip	V795I;V796I	Missense;Missense	0.0120864461073451
2568	Atf7ip	V796I	Missense	0.091907211
2569	Atf7ip	T794T	Silent	-0.076258963
2570	Atf7ip		No Mutation	-0.04206206
2571	Atf7ip	Q800Q	Silent	1.711694129865847
2572	Atf7ip	T798I;T799I	Missense;Missense	-0.348463646
2573	Atf7ip	T798I;T799I	Missense;Missense	-0.055318673
2574	Atf7ip	S803N	Missense	-0.017981607
2575	Atf7ip	Q807Q	Silent	0.0347822465524129
2576	Atf7ip		No Mutation	-0.104638218
2577	Atf7ip		No Mutation	0.5530578041704504
2578	Atf7ip		No Mutation	0.5567160281665071
2579	Atf7ip	Q813Q	Silent	0.7677239889524399
2580	Atf7ip	L819L	Silent	-0.168992623
2581	Atf7ip	L819L	Silent	-0.875690366
2582	Atf7ip	V821I	Missense	-0.364793734
2583	Atf7ip	A824T;V825M	Missense;Missense	-0.019905472
2584	Atf7ip		No Mutation	-0.219052068
2585	Atf7ip	Q828Q	Silent	-0.16633236
2586	Atf7ip	Q830Q	Silent	0.198684602554963
2587	Atf7ip	L832L	Silent	0.1001638256198855
2588	Atf7ip	L831F;L832L	Missense;Silent	-0.412889133
2589	Atf7ip	S834N	Missense	0.1197961148892537
2590	Atf7ip	L831L;L832L	Silent;Silent	0.5525454549406194
2591	Atf7ip	G837K	Missense	0.1047179788942044
2592	Atf7ip		No Mutation	-0.024095589
2593	Atf7ip	T841I	Missense	-0.191993519
2594	Atf7ip	Q843*;P844S	Nonsense;Missense	-0.141744794
2595	Atf7ip	G846D	Missense	0.389741416
2596	Atf7ip	E849K	Missense	-0.308546315
2597	Atf7ip	S855S;Q856*	Silent;Nonsense	0.1295611346256928
2598	Atf7ip	G861N	Missense	0.1685513404278625
2599	Atf7ip		No Mutation	-0.24455183
2600	Atf7ip		No Mutation	0.2271556748160805
2601	Atf7ip		No Mutation	-0.344627695
2602	Atf7ip		No Mutation	-0.050535428
2603	Atf7ip		No Mutation	-0.378034134
2604	Atf7ip		No Mutation	0.044845495
2605	Atf7ip		No Mutation	0.1061347176319671
2606	Atf7ip		No Mutation	-0.174304553
2607	Atf7ip		No Mutation	0.06206213
2608	Atf7ip	P881P	Silent	-0.04416361
2609	Atf7ip	V883I	Missense	0.1257215602823719
2610	Atf7ip	S887N	Missense	0.2765732343586857
2611	Atf7ip	P886F	Missense	-0.580784275
2612	Atf7ip		No Mutation	0.1374608184718827
2613	Atf7ip	Q890Q	Silent	0.2879451851347746
2614	Atf7ip	R891K	Missense	-0.111152601
2615	Atf7ip	T895I	Missense	-0.15298579
2616	Atf7ip	T895I;T896I	Missense;Missense	-0.122455729
2617	Atf7ip	L900L;G901K	Silent;Missense	0.4238210005318807
2618	Atf7ip	G901E	Missense	0.1728583250216768
2619	Atf7ip		No Mutation	0.091811867
2620	Atf7ip	A905T	Missense	0.1794908192989304
2621	Atf7ip	T902I	Missense	-0.443843589
2622	Atf7ip	V909I	Missense	0.1076752715571787
2623	Atf7ip	V909I	Missense	0.5227662316651097
2624	Atf7ip	A912T	Missense	-0.214466822
2625	Atf7ip		No Mutation	-0.417714266
2626	Atf7ip	T911T;A912V;H913Y	Silent;Missense;Missense	-0.150193244
2627	Atf7ip	V916M	Missense	-0.076851095
2628	Atf7ip	V916V;Q917Q	Silent;Silent	0.1359517811664521
2629	Atf7ip	S914F	Missense	-0.011905666
2630	Atf7ip		No Mutation	0.2355496248080446
2631	Atf7ip	T921I;S922F	Missense;Missense	-0.045000966
2632	Atf7ip	P924F;T925I	Missense;Missense	0.0254646067131728
2633	Atf7ip	G930K	Missense	0.228391507
2634	Atf7ip	G930K	Missense	-0.099044212
2635	Atf7ip	S933N	Missense	0.1891505841349449
2636	Atf7ip	S933N	Missense	0.062869827
2637	Atf7ip	S933S;S934F	Silent;Missense	0.1964541864164021
2638	Atf7ip	S951N	Missense	-0.326987112
2639	Atf7ip	S951N	Missense	0.6156540677743031
2640	Atf7ip		No Mutation	0.6370250563669143
2641	Atf7ip	E957K	Missense	0.2992922674026855
2642	Atf7ip	S961F;A962V	Missense;Missense	0.00738305
2643	Atf7ip	T963T;P964L	Silent;Missense	0.1145837211773356
2644	Atf7ip	(NC);(NC)	Splice-donor;Intron	-0.172024566
2645	Atf7ip	(NC);(NC)	Intron;Intron	-0.618687046
2646	Atf7ip	(NC);(NC);(NC)	Intron;Intron;Intron	0.1640279502577453
2647	Atf7ip	(NC);(NC)	Intron;Intron	0.2345678747661108
2648	Atf7ip	A985V	Missense	-0.37245063
2649	Atf7ip	Q990Q;(NC)	Silent;Splice-donor	-0.34496139
2650	Atf7ip	S995F	Missense	0.1462664134355268
2651	Atf7ip	V1002V	Silent	-0.511376131
2652	Atf7ip		No Mutation	-0.063928782
2653	Atf7ip		No Mutation	0.3710713158981857
2654	Atf7ip		No Mutation	-0.249880032
2655	Atf7ip		No Mutation	-0.070570473
2656	Atf7ip		No Mutation	0.3358396043810028
2657	Atf7ip	V1029M	Missense	-0.257132558
2658	Atf7ip	V1029I;S1030N	Missense;Missense	-0.24014824
2659	Atf7ip	L1039L	Silent	0.763174263
2660	Atf7ip	L1039L;Q1040Q	Silent;Silent	0.05030202
2661	Atf7ip	L1043L	Silent	0.3056928703351865
2662	Atf7ip		No Mutation	0.09340821
2663	Atf7ip		No Mutation	0.0403571165206914
2664	Atf7ip	P1046L;P1047F	Missense;Missense	0.3471700856675593
2665	Atf7ip	Q1049Q	Silent	0.1043921505701203
2666	Atf7ip	G1052N	Missense	-0.327286638
2667	Atf7ip	G1052N;V1053M	Missense;Missense	0.2284966214945132
2668	Atf7ip	S1051L	Missense	0.1978884793122144
2669	Atf7ip	S1056N	Missense	0.085755174
2670	Atf7ip	P1054P;T1055I	Silent;Missense	-0.043083345
2671	Atf7ip		No Mutation	-0.179230103
2672	Atf7ip	Q1060Q	Silent	0.1447973817601381
2673	Atf7ip		No Mutation	0.1556816762643339
2674	Atf7ip	I1063I;H1064Y	Silent;Missense	0.0137661822394483
2675	Atf7ip	A1069T;(NC)	Missense;Splice-donor	-0.373541185
2676	Atf7ip	(NC)	Intron	-0.207629522
2677	Atf7ip	(NC);(NC);(NC)	Intron;Intron;Intron	0.038379946
2678	Atf7ip	V1073M	Missense	0.579303961
2679	Atf7ip	V1075I	Missense	0.1634578435007506
2680	Atf7ip		No Mutation	0.031348816
2681	Atf7ip	R1078H	Missense	-0.263721272
2682	Atf7ip	H1077Y;R1078C	Missense;Missense	-0.233111975
2683	Atf7ip		No Mutation	0.2063192112903598
2684	Atf7ip	A1094T	Missense	-0.014147972
2685	Atf7ip	A1094T	Missense	0.2544315459757235
2686	Atf7ip		No Mutation	0.2656249621866546
2687	Atf7ip	P1093F	Missense	0.3328732992855048
2688	Atf7ip	V1098I;V1099I	Missense;Missense	0.025621807750972
2689	Atf7ip		No Mutation	0.179926384789072
2690	Atf7ip		No Mutation	-0.175123059
2691	Atf7ip	Q1109Q;A1110T	Silent;Missense	-0.123933583
2692	Atf7ip	Q1109Q;A1110T	Silent;Missense	0.0193587403852448
2693	Atf7ip	T1108I;Q1109*	Missense;Nonsense	-0.254697297
2694	Atf7ip		No Mutation	-0.050012932
2695	Atf7ip	R1113Q	Missense	-0.24242323
2696	Atf7ip	R1113*	Nonsense	0.092410268
2697	Atf7ip	V1116I	Missense	0.1394481138671554
2698	Atf7ip	M1117I	Missense	-0.090402251
2699	Atf7ip	M1117I	Missense	0.000476796
2700	Atf7ip	A1119V;P1120S	Missense;Missense	0.034870162
2701	Atf7ip	V1125I	Missense	-0.163285046
2702	Atf7ip		No Mutation	0.038846959
2703	Atf7ip	P1127F	Missense	-0.036200195
2704	Atf7ip	(NC);(NC)	Intron;Splice-acceptor	-0.507255363
2705	Atf7ip	(NC);(NC);S1130N	Intron;Splice-acceptor;Missense	-0.320989805
2706	Atf7ip	V1142I	Missense	-0.050965561
2707	Atf7ip	T1140I	Missense	-0.140691651
2708	Atf7ip		No Mutation	0.1806611042126855
2709	Atf7ip	N1144N	Silent	0.1489064237083819
2710	Atf7ip	L1147L;T1148I	Silent;Missense	0.1995296425886312
2711	Atf7ip	T1148I	Missense	-0.027507021
2712	Atf7ip	A1152V	Missense	-0.091843075
2713	Atf7ip	L1156F	Missense	-0.556859195
2714	Atf7ip		No Mutation	0.1390583897331013
2715	Atf7ip	(NC)	Splice-donor	-0.055271613
2716	Atf7ip	(NC)	Splice-donor	0.1341540564535166
2717	Atf7ip	(NC)	Splice-donor	-0.012964053
2718	Atf7ip	(NC);(NC)	Splice-donor;Intron	-0.507904081
2719	Atf7ip	(NC)	Intron	-0.094054664
2720	Atf7ip	(NC);(NC);(NC)	Intron;Intron;Intron	-0.091422551
2721	Atf7ip	(NC)	Intron	-0.018294526
2722	Atf7ip	(NC);E1168K	Splice-acceptor;Missense	-0.038650408
2723	Atf7ip		No Mutation	-0.266207861
2724	Atf7ip		No Mutation	0.033474328
2725	Atf7ip	A1176T	Missense	-0.049795841
2726	Atf7ip	A1176T	Missense	0.246970633199222
2727	Atf7ip	A1176A	Silent	0.0507338214621844
2728	Atf7ip		No Mutation	-0.103693143
2729	Atf7ip	E1180K;A1181T	Missense;Missense	-0.183330176
2730	Atf7ip		No Mutation	0.3212024066278737
2731	Atf7ip	Q1183Q	Silent	0.000967554
2732	Atf7ip		No Mutation	0.3234698356157618
2733	Atf7ip	R1186H;L1187L	Missense;Silent	0.9761057944894168
2734	Atf7ip	P1184F;Q1185*	Missense;Nonsense	-0.245934375
2735	Atf7ip	L1187L	Silent	0.5758805747547404
2736	Atf7ip	L1187L	Silent	0.2474944044374445
2737	Atf7ip	P1189P;E1190K	Silent;Missense	0.3281736474437187
2738	Atf7ip	P1189P;E1190K	Silent;Missense	-0.36190756
2739	Atf7ip	P1189P;E1190K;A1191T	Silent;Missense;Missense	0.1398006156176195
2740	Atf7ip	S1193N	Missense	-0.020959329
2741	Atf7ip	S1193N	Missense	0.069203261
2742	Atf7ip		No Mutation	0.021664297
2743	Atf7ip		No Mutation	-0.182255681
2744	Atf7ip	Q1198Q	Silent	-0.075381145
2745	Atf7ip	L1202L	Silent	-0.341410096
2746	Atf7ip	A1205T;R1206Q	Missense;Missense	0.2292730404388209
2747	Atf7ip	R1206*	Nonsense	-0.331464907
2748	Atf7ip	G1212G	Silent	0.00846363
2749	Atf7ip	L1215L	Silent	0.0120769693276517
2750	Atf7ip		No Mutation	0.029564829
2751	Atf7ip	S1225N	Missense	0.1138950716079327
2752	Atf7ip	V1229I;D1230N	Missense;Missense	-0.386620298
2753	Atf7ip	L1234F	Missense	0.5076400278926141
2754	Atf7ip	E1239K	Missense	-0.117614165
2755	Atf7ip	A1243T	Missense	0.2545154510762136
2756	Atf7ip		No Mutation	0.026669313
2757	Atf7ip	A1243V;T1244I	Missense;Missense	0.2305682791279002
2758	Atf7ip		No Mutation	0.1925712675161974
2759	Atf7ip	Q1248Q;W1249*	Silent;Nonsense	-0.292811668
2760	Atf7ip	W1249*;K1250K	Nonsense;Silent	-0.103084538
2761	Atf7ip	S1247L;Q1248*	Missense;Nonsense	0.072912923
2762	Atf7ip	S1247L;Q1248*	Missense;Nonsense	-0.157519868
2763	Atf7ip	Q1248*	Nonsense	0.1062141905221963
2764	Atf7ip	K1251K	Silent	0.8061592516967679
2765	Atf7ip	K1251K	Silent	0.511946329
2766	Atf7ip		No Mutation	0.3890665424476341
2767	Atf7ip	A1257V;L1258L	Missense;Silent	0.1510394300308476
2768	Atf7ip	M1262I;A1263T	Missense;Missense	0.2034449700049717
2769	Atf7ip	M1262I;A1263T	Missense;Missense	0.207385694910863
2770	Atf7ip	C1264Y	Missense	0.0563681198321457
2771	Atf7ip	C1264Y	Missense	-0.064387793
2772	Atf7ip		No Mutation	0.004872375
2773	Atf7ip	T1267T	Silent	-0.178296942
2774	Atf7ip	L1266F;T1267M	Missense;Missense	0.1150783660531878
2775	Atf7ip	Y1276Y	Silent	0.3472978007127015
2776	Atf7ip	R1280C;A1281V	Missense;Missense	-0.136397089
2777	Atf7ip	D1283D	Silent	0.0190198173548404
2778	Atf7ip	D1283D	Silent	0.2442136710536129
2779	Atf7ip	G1286D;R1287H	Missense;Missense	0.043603917564448
2780	Atf7ip	C1292Y;D1293N	Missense;Missense	-0.09886535
2781	Atf7ip	F1291F	Silent	0.062691383
2782	Atf7ip	Q1295Q	Silent	-0.202302712
2783	Atf7ip	V1299I	Missense	-0.344551166
2784	Atf7ip	V1299I	Missense	-0.115568513
2785	Atf7ip		No Mutation	0.07801403
2786	Atf7ip	S1303S;Q1304*	Silent;Nonsense	0.036368949
2787	Atf7ip	*1307*	Silent	1.2891576841917614
2788	Atf7ip	(NC)	UTR	-0.282237107
2789	Atf7ip	(NC);(NC)	UTR;UTR	0.0550923634215716
2790	Atf7ip	(NC)	UTR	0.052284731
2791	Atf7ip2	(NC)	UTR	0.1201718394765934
2792	Atf7ip2	(NC)	Intron	0.051739518
2793	Atf7ip2	D5D	Silent	-0.419325936
2794	Atf7ip2		No Mutation	-0.06841857
2795	Atf7ip2	K24K	Silent	-0.361368073
2796	Atf7ip2	E27E	Silent	-0.013443901
2797	Atf7ip2	T33T;V35I	Silent;Missense	0.096050996
2798	Atf7ip2	A37V;P38L	Missense;Missense	-0.151010315
2799	Atf7ip2	T44I	Missense	-0.064613351
2800	Atf7ip2	(NC)	Intron	-0.126811765
2801	Atf7ip2	(NC)	Intron	0.3051728517817828
2802	Atf7ip2	N58N	Silent	0.2764121014145956
2803	Atf7ip2		No Mutation	-0.18299707
2804	Atf7ip2		No Mutation	0.2615174343724752
2805	Atf7ip2		No Mutation	-0.160519569
2806	Atf7ip2		No Mutation	0.7900160117448087
2807	Atf7ip2	T83I	Missense	-0.07957902
2808	Atf7ip2	(NC)	Intron	-0.251667241
2809	Atf7ip2	H91Y	Missense	-0.179312888
2810	Atf7ip2		No Mutation	-0.283526698
2811	Atf7ip2		No Mutation	0.0179899993326692
2812	Atf7ip2	R124K	Missense	0.3385206952009836
2813	Atf7ip2	E126K	Missense	0.5129590008441651
2814	Atf7ip2	H125Y	Missense	-0.123924497
2815	Atf7ip2	S149F;Q150*	Missense;Nonsense	-0.404183533
2816	Atf7ip2	S161N	Missense	0.1683772052729371
2817	Atf7ip2	P160P	Silent	0.0172229424185296
2818	Atf7ip2	C165Y	Missense	0.3683894565191321
2819	Atf7ip2	C165Y;K166K	Missense;Silent	0.0181099613436085
2820	Atf7ip2	(NC);V167I	Splice-acceptor;Missense	-0.146841675
2821	Atf7ip2	(NC);V167I	Splice-acceptor;Missense	0.005126236
2822	Atf7ip2	D169N	Missense	0.232684041
2823	Atf7ip2	(NC)	Intron	0.5107218250485683
2824	Atf7ip2		No Mutation	0.087446827
2825	Atf7ip2	N198N;S199F	Silent;Missense	0.2463360443591268
2826	Atf7ip2	E215K	Missense	-0.307923223
2827	Atf7ip2		No Mutation	0.7656628013150497
2828	Atf7ip2		No Mutation	-0.011560365
2829	Atf7ip2	(NC)	Splice-acceptor	-0.175284503
2830	Atf7ip2	D223N;D224N	Missense;Missense	0.0145684818536979
2831	Atf7ip2	T240I	Missense	-0.108329505
2832	Atf7ip2		No Mutation	-0.043887561
2833	Atf7ip2	S260S	Silent	-0.099911695
2834	Atf7ip2	S260S	Silent	0.1159815130281316
2835	Atf7ip2	V264I	Missense	0.2855168499423977
2836	Atf7ip2	E268K	Missense	-0.172361402
2837	Atf7ip2	D272N	Missense	-0.189198328
2838	Atf7ip2	D272N	Missense	0.3334318168393414
2839	Atf7ip2		No Mutation	-0.750466281
2840	Atf7ip2	P282L;S283F	Missense;Missense	0.0196998443559374
2841	Atf7ip2	E288K	Missense	-0.162434171
2842	Atf7ip2	N284N	Silent	0.1540259144511654
2843	Atf7ip2	E288K;(NC)	Missense;Splice-donor	0.4833808690655705
2844	Atf7ip2	(NC)	Splice-donor	0.092087368
2845	Atf7ip2	L294L;K295K	Silent;Silent	0.3554237445883704
2846	Atf7ip2	K295K	Silent	0.023035281
2847	Atf7ip2	S298S	Silent	-0.284931826
2848	Atf7ip2	S298S;A300T	Silent;Missense	0.056477405
2849	Atf7ip2		No Mutation	0.2681928016655255
2850	Atf7ip2	P309L	Missense	-0.164241993
2851	Atf7ip2	A311V	Missense	-0.117048322
2852	Atf7ip2	(NC)	Intron	-0.251589887
2853	Atf7ip2	(NC)	Intron	-0.430207423
2854	Atf7ip2	(NC);(NC)	Intron;Intron	0.07921663
2855	Atf7ip2	(NC)	Intron	0.1286021885165717
2856	Atf7ip2		No Mutation	-0.045886926
2857	Atf7ip2	E329K	Missense	0.1857452923054277
2858	Atf7ip2		No Mutation	0.1644467195318117
2859	Atf7ip2	A332T	Missense	-0.2699709
2860	Atf7ip2		No Mutation	-0.158714161
2861	Atf7ip2		No Mutation	0.2395024211446408
2862	Atf7ip2	A332V;P333S	Missense;Missense	0.1144789602748329
2863	Atf7ip2	E336K	Missense	-0.206521801
2864	Atf7ip2	E336K	Missense	0.1851915542038108
2865	Atf7ip2	A338T;D339N	Missense;Missense	0.1113306334323673
2866	Atf7ip2	L352L;V354M	Silent;Missense	0.3307529004595151
2867	Atf7ip2	P350L	Missense	-0.104622377
2868	Atf7ip2	L352L	Silent	0.1001861581689902
2869	Atf7ip2	K355K;W356*	Silent;Nonsense	0.1080355330214939
2870	Atf7ip2		No Mutation	-0.4509239
2871	Atf7ip2	T361I;S362S	Missense;Silent	0.067215333
2872	Atf7ip2	L365L	Silent	0.3600085841496097
2873	Atf7ip2	L365L	Silent	0.038229159
2874	Atf7ip2	T366I	Missense	0.065864164
2875	Atf7ip2		No Mutation	-0.271920603
2876	Atf7ip2		No Mutation	-0.076415311
2877	Atf7ip2		No Mutation	0.4403722838220272
2878	Atf7ip2	C376Y	Missense	-0.03734343
2879	Atf7ip2	C376Y	Missense	0.049755559
2880	Atf7ip2	N373N;P374F	Silent;Missense	-0.150287421
2881	Atf7ip2	V379I;E380K	Missense;Missense	0.088366375
2882	Atf7ip2	V379V;E380K	Silent;Missense	-0.253532494
2883	Atf7ip2		No Mutation	-0.148249917
2884	Atf7ip2	E389K	Missense	0.3874766434889934
2885	Atf7ip2	D392N	Missense	0.0292869087356999
2886	Atf7ip2	N390N;S391F	Silent;Missense	0.12442974017234
2887	Atf7ip2	A404V	Missense	0.5098382806190678
2888	Atf7ip2	C411Y	Missense	0.051041467
2889	Atf7ip2		No Mutation	-0.047016786
2890	Atf7ip2		No Mutation	-0.114107201
2891	Atf7ip2	A418T	Missense	0.3166151483572939
2892	Atf7ip2	V426I	Missense	0.3651905907498802
2893	Atf7ip2		No Mutation	0.1651883738151497
2894	Atf7ip2	I441I	Silent	-0.152448685
2895	Setdb2	K707K	Silent	0.3480299087400281
2896	Setdb2		No Mutation	-0.297842771
2897	Setdb2	G704G	Silent	-0.052118025
2898	Setdb2	I699I	Silent	-0.136592813
2899	Setdb2		No Mutation	-0.054861974
2900	Setdb2	C701Y	Missense	-0.039248111
2901	Setdb2		No Mutation	0.1827962897081841
2902	Setdb2		No Mutation	0.05514631
2903	Setdb2		No Mutation	0.3575188745580346
2904	Setdb2		No Mutation	-0.025405402
2905	Setdb2		No Mutation	-0.295176145
2906	Setdb2	L683L	Silent	-0.032844973
2907	Setdb2		No Mutation	0.2978468520184606
2908	Setdb2	A679V	Missense	0.1688057445219287
2909	Setdb2		No Mutation	0.2326266548278125
2910	Setdb2		No Mutation	0.1334762880514797
2911	Setdb2	R675K;(NC)	Missense;Splice-donor	-0.01760288
2912	Setdb2	A670V	Missense	-0.134446242
2913	Setdb2		No Mutation	0.075748674
2914	Setdb2		No Mutation	0.0605524502285129
2915	Setdb2	D663D	Silent	0.1597604663670366
2916	Setdb2	D663D	Silent	0.1410095270491989
2917	Setdb2	Q655Q	Silent	0.060578471
2918	Setdb2	C648C	Silent	-0.023846158
2919	Setdb2	C648C	Silent	-0.124274615
2920	Setdb2	(NC);(NC);(NC)	Intron;Intron;Intron	0.3685874885056646
2921	Setdb2	F643F;L644F	Silent;Missense	0.2264972083541443
2922	Setdb2	(NC);(NC)	Intron;Intron	0.063131976
2923	Setdb2	F643F;L644F	Silent;Missense	-0.191209855
2924	Setdb2	S635L	Missense	0.1692534283285193
2925	Setdb2	S635L	Missense	0.1116978600054336
2926	Setdb2		No Mutation	-0.058735301
2927	Setdb2		No Mutation	0.3187399978968235
2928	Setdb2	S625N;K626K	Missense;Silent	-0.098139898
2929	Setdb2	S620S;L621L	Silent;Silent	0.3732818240800695
2930	Setdb2	M622I	Missense	0.04524373
2931	Setdb2	K615K	Silent	0.002442859
2932	Setdb2		No Mutation	0.1510815760091869
2933	Setdb2	E608E;L609L	Silent;Silent	-2.949814297
2934	Setdb2	D606N;E607K	Missense;Missense	-0.009409594
2935	Setdb2	Q602*	Nonsense	0.001764112
2936	Setdb2	Q602Q;A603T	Silent;Missense	-0.062002632
2937	Setdb2	S600N	Missense	0.1916030487450752
2938	Setdb2	A597V	Missense	0.0573519024473483
2939	Setdb2	A596T;A597T	Missense;Missense	-0.163183828
2940	Setdb2	A596T	Missense	0.2330663947316113
2941	Setdb2	E592K	Missense	0.02596014
2942	Setdb2	E592K	Missense	0.3684083384667154
2943	Setdb2		No Mutation	-0.115724543
2944	Setdb2	Q581*	Nonsense	-0.043676365
2945	Setdb2	R576C	Missense	-0.091629866
2946	Setdb2	K577K;D578N	Silent;Missense	0.2429087416620401
2947	Setdb2	T572I	Missense	-0.508035792
2948	Setdb2	H570Y	Missense	-0.08574987
2949	Setdb2	K569K	Silent	-0.010182964
2950	Setdb2	K569K	Silent	-0.165194056
2951	Setdb2	C568Y;K569K	Missense;Silent	-0.360236583
2952	Setdb2	D561D;S562F	Silent;Missense	0.3194835786462229
2953	Setdb2	E543K;D544N	Missense;Missense	-0.279320229
2954	Setdb2	E543K;D544N	Missense;Missense	-0.071364522
2955	Setdb2		No Mutation	-0.172146067
2956	Setdb2	(NC);E532E	Splice-acceptor;Silent	0.06201797
2957	Setdb2		No Mutation	-0.114683893
2958	Setdb2	(NC);(NC)	Intron;Intron	0.3576177414904939
2959	Setdb2	A527V	Missense	0.1065605953541359
2960	Setdb2	A527V	Missense	0.3247913516255479
2961	Setdb2	H522H	Silent	0.1332535730794891
2962	Setdb2	V523I	Missense	0.1463796999876977
2963	Setdb2	G515K	Missense	0.2763877135425763
2964	Setdb2	G515K	Missense	0.5641707581573057
2965	Setdb2	G515K	Missense	0.027199997
2966	Setdb2	K513K	Silent	-0.330823915
2967	Setdb2	A509V;P510L	Missense;Missense	0.5359389559412389
2968	Setdb2	(NC)	Intron	0.1349394021282044
2969	Setdb2	Y495Y	Silent	0.066579194
2970	Setdb2		No Mutation	0.340746198832582
2971	Setdb2	R476K	Missense	0.1776761920255929
2972	Setdb2	M469I	Missense	-0.207025049
2973	Setdb2		No Mutation	0.066208625
2974	Setdb2		No Mutation	-0.490794257
2975	Setdb2		No Mutation	0.2896506528864633
2976	Setdb2		No Mutation	-0.282663944
2977	Setdb2	D461N	Missense	-0.092486674
2978	Setdb2	G460N;D461N	Missense;Missense	0.1541061684140102
2979	Setdb2	G460N;D461N	Missense;Missense	0.1676369060999128
2980	Setdb2	C454C;P455F	Silent;Missense	0.5199163735226792
2981	Setdb2	C454Y	Missense	0.001357621
2982	Setdb2	D447D	Silent	0.092389996
2983	Setdb2	H445Y	Missense	-0.109333854
2984	Setdb2	T412I	Missense	-0.077982814
2985	Setdb2	P409F	Missense	0.1673165624750516
2986	Setdb2		No Mutation	-0.085323784
2987	Setdb2	G393R	Missense	0.065944817
2988	Setdb2		No Mutation	0.096588399
2989	Setdb2	L387L	Silent	-0.28328677
2990	Setdb2	G381G	Silent	-0.006312291
2991	Setdb2		No Mutation	0.3892519463328073
2992	Setdb2		No Mutation	-0.525069394
2993	Setdb2		No Mutation	-0.293857973
2994	Setdb2	F375F	Silent	0.0111854391009526
2995	Setdb2	F375F	Silent	-0.164716888
2996	Setdb2	Q373Q;V374I	Silent;Missense	0.5073388680401129
2997	Setdb2	V368V;R369W	Silent;Missense	0.0155073382899225
2998	Setdb2	R369R;V370I	Silent;Missense	0.073170555
2999	Setdb2	H366Y	Missense	-0.000884106
3000	Setdb2	I364I;Q365*	Silent;Nonsense	-0.004158621
3001	Setdb2	G367N;V368I	Missense;Missense	-0.13707074
3002	Setdb2	I364I	Silent	-0.045585202
3003	Setdb2	N361N;R362*	Silent;Nonsense	-0.009325046
3004	Setdb2		No Mutation	0.3989287545560227
3005	Setdb2	(NC)	Intron	0.4721861360002683
3006	Setdb2	(NC);(NC)	Intron;Intron	-0.125221488
3007	Setdb2	(NC);(NC)	Intron;Intron	0.067667283
3008	Setdb2		No Mutation	0.4585649158101754
3009	Setdb2		No Mutation	0.1012767955924833
3010	Setdb2	L340F	Missense	0.030236114
3011	Setdb2		No Mutation	-0.155136732
3012	Setdb2	Q338*	Nonsense	0.1132206074564715
3013	Setdb2	Y334Y	Silent	-0.63341012
3014	Setdb2	S325L	Missense	-0.07047101
3015	Setdb2	G327E;E328K	Missense;Missense	-0.620051449
3016	Setdb2	G327K;E328K	Missense;Missense	0.1956092843371119
3017	Setdb2	P322F	Missense	-0.027177325
3018	Setdb2	L323L	Silent	-0.057993021
3019	Setdb2	A320V	Missense	0.056020968
3020	Setdb2	T314I	Missense	-0.072518344
3021	Setdb2	(NC)	Splice-acceptor	0.1453679141628766
3022	Setdb2		No Mutation	0.04821325
3023	Setdb2	S295L	Missense	0.064286149
3024	Setdb2	S295L	Missense	0.3828186608518269
3025	Setdb2		No Mutation	-0.133076118
3026	Setdb2	L286L	Silent	0.1231456919891402
3027	Setdb2	L286L	Silent	0.1321965961377846
3028	Setdb2	L286L	Silent	-0.175315067
3029	Setdb2		No Mutation	0.038270562
3030	Setdb2	R276K	Missense	0.1133570127483958
3031	Setdb2	D266D;N267N	Silent;Silent	-0.133659369
3032	Setdb2	D266N	Missense	0.2667320505795145
3033	Setdb2		No Mutation	0.1612713547098837
3034	Setdb2	D247D	Silent	0.072444171
3035	Setdb2		No Mutation	0.092360173
3036	Setdb2		No Mutation	0.1045636375909835
3037	Setdb2	T230I	Missense	0.2368490128151483
3038	Setdb2	E217E;C218Y	Silent;Missense	-0.154100993
3039	Setdb2	E217K	Missense	0.6907528363498623
3040	Setdb2	L203L	Silent	0.2996439917431062
3041	Setdb2	R201W	Missense	-0.701799861
3042	Setdb2	R204Q	Missense	-0.040122336
3043	Setdb2	R204Q	Missense	-0.054761854
3044	Setdb2		No Mutation	0.313218375
3045	Setdb2		No Mutation	0.0409643342985185
3046	Setdb2	K183K	Silent	-0.135126965
3047	Setdb2		No Mutation	0.677846008
3048	Setdb2	R174K	Missense	0.6761618374668621
3049	Setdb2	R174K	Missense	0.073920421
3050	Setdb2	R174K	Missense	0.125482964378418
3051	Setdb2		No Mutation	-0.041071778
3052	Setdb2	K164K;G165K;E166K	Silent;Missense;Missense	-0.42805239
3053	Setdb2	K164K;G165K	Silent;Missense	0.1462903464523004
3054	Setdb2	T159I;P160L	Missense;Missense	0.2412397835041063
3055	Setdb2	T159I;P160S	Missense;Missense	0.377772895241329
3056	Setdb2	M157I;E158K	Missense;Missense	0.1263580061590579
3057	Setdb2	C151C;S152F	Silent;Missense	0.0174422089599214
3058	Setdb2	R153R	Silent	0.031901264
3059	Setdb2		No Mutation	0.1651100228228095
3060	Setdb2	R148C	Missense	-0.121885497
3061	Setdb2		No Mutation	-0.189325589
3062	Setdb2		No Mutation	0.0101679106313237
3063	Setdb2		No Mutation	-0.227069098
3064	Setdb2	D133D	Silent	0.4234507287192267
3065	Setdb2	A132T;D133N	Missense;Missense	0.0944833
3066	Setdb2	A132T;D133N	Missense;Missense	0.6497919628165102
3067	Setdb2	A132T	Missense	0.6091800114886121
3068	Setdb2	(NC)	Intron	0.071232154
3069	Setdb2		No Mutation	-0.248391319
3070	Setdb2		No Mutation	0.062325596
3071	Setdb2	C115Y	Missense	-0.087837472
3072	Setdb2	D108D	Silent	0.098683109
3073	Setdb2	D108D	Silent	-0.049198762
3074	Setdb2		No Mutation	0.0194684274283237
3075	Setdb2	D108N	Missense	0.3960017131575388
3076	Setdb2		No Mutation	0.0296890150733569
3077	Setdb2	E94K	Missense	0.7124040168551596
3078	Setdb2		No Mutation	-0.241828509
3079	Setdb2	V90M	Missense	0.4473250739688534
3080	Setdb2	V90M	Missense	-0.019713123
3081	Setdb2	(NC)	Intron	-0.107875013
3082	Setdb2		No Mutation	-0.021891608
3083	Setdb2	(NC)	Intron	0.1646188959965217
3084	Setdb2	T74I	Missense	-1.06077582
3085	Setdb2	T64M;Q65*	Missense;Nonsense	0.174608111182187
3086	Setdb2	N63N;T64M;Q65*	Silent;Missense;Nonsense	0.2022897437228213
3087	Setdb2		No Mutation	0.1076875230703482
3088	Setdb2	T64T	Silent	0.1620990308343802
3089	Setdb2	V56I	Missense	0.2882861356097854
3090	Setdb2	A52T	Missense	0.1405247066028629
3091	Setdb2	S43F	Missense	-0.217771027
3092	Setdb2		No Mutation	-0.08498046
3093	Setdb2	Q37*	Nonsense	0.098705911
3094	Setdb2	Q37*	Nonsense	-0.276989325
3095	Setdb2	L35L	Silent	0.2217963895700507
3096	Setdb2	Q37Q	Silent	0.09644812
3097	Setdb2		No Mutation	0.377802554
3098	Setdb2	A8V	Missense	-0.11545886
3099	Setdb2		No Mutation	-0.375937262
3100	Setdb2		No Mutation	-1.44487208
3101	Setdb2		No Mutation	0.4562285978185922
3102	Setdb2		No Mutation	-0.227999092
3103	Setdb2	(NC)	UTR	0.2416452974671648
3104	Ehmt1	(NC);(NC)	UTR;UTR	0.1446506271710355
3105	Ehmt1	(NC)	UTR	-0.007350856
3106	Ehmt1	(NC);(NC);(NC)	UTR;UTR;UTR	0.2517848225877158
3107	Ehmt1	(NC);(NC);(NC)	UTR;UTR;UTR	0.2095644939808204
3108	Ehmt1	(NC);(NC)	UTR;UTR	-0.116825249
3109	Ehmt1	(NC);(NC)	UTR;UTR	0.2120731213188988
3110	Ehmt1	P1295P;L1296L	Silent;Silent	0.2190130944574085
3111	Ehmt1	*1297*	Silent	0.2883694696105231
3112	Ehmt1	A1293T	Missense	-0.179052958
3113	Ehmt1	A1290T;A1291T	Missense;Missense	-0.052797874
3114	Ehmt1	A1290T	Missense	0.09456405
3115	Ehmt1		No Mutation	-0.587753438
3116	Ehmt1	E1281E;G1283S	Silent;Missense	0.144452947
3117	Ehmt1	E1281E	Silent	0.179189435943196
3118	Ehmt1	Q1277*	Nonsense	0.1547931251785906
3119	Ehmt1	E1278E	Silent	0.1802418556235711
3120	Ehmt1	A1275V	Missense	0.0424632366761135
3121	Ehmt1	Q1272*	Nonsense	-0.054835293
3122	Ehmt1	A1275T;A1276T	Missense;Missense	0.0283054676360634
3123	Ehmt1	S1274N;A1275T	Missense;Missense	0.2639240078424204
3124	Ehmt1	A1273T	Missense	0.3345056549117796
3125	Ehmt1	A1273T	Missense	0.1223717039283274
3126	Ehmt1	S1265S;A1266V	Silent;Missense	0.4175167175817048
3127	Ehmt1	H1263Y	Missense	-0.034460648
3128	Ehmt1	S1265N	Missense	0.2277406007618404
3129	Ehmt1	K1260K	Silent	-0.297463963
3130	Ehmt1		No Mutation	-0.054483181
3131	Ehmt1	L1251L;F1252F	Silent;Silent	0.1096295882283829
3132	Ehmt1	L1251F	Missense	-0.097940016
3133	Ehmt1	G1249G	Silent	-0.016556838
3134	Ehmt1	D1239D;Y1240Y	Silent;Silent	-0.228661323
3135	Ehmt1	G1241E;E1242K	Missense;Missense	-0.094344641
3136	Ehmt1	G1241K;E1242K	Missense;Missense	-0.000988668
3137	Ehmt1	G1241K;E1242K	Missense;Missense	0.057818678
3138	Ehmt1	G1241K	Missense	0.5403203659601233
3139	Ehmt1	G1241K	Missense	0.1608350458493891
3140	Ehmt1	(NC);(NC);(NC);(NC)	Intron;Intron;Intron;Intron	0.154180312
3141	Ehmt1	(NC);(NC);(NC);(NC);(NC)	Intron;Intron;Intron;Intron;Intron	0.4131639003389175
3142	Ehmt1	(NC);(NC);(NC);(NC);(NC)	Intron;Intron;Intron;Intron;Intron	0.1994907114684956
3143	Ehmt1	(NC);G1237G	Splice-acceptor;Silent	0.2124722392001981
3144	Ehmt1	L1236L	Silent	0.5087099179003013
3145	Ehmt1	A1232V	Missense	-0.106460415
3146	Ehmt1	Q1231*;A1232V	Nonsense;Missense	0.022565738
3147	Ehmt1	G1233G;E1234K	Silent;Missense	0.5574385800293994
3148	Ehmt1	G1233K;E1234K	Missense;Missense	-0.266726775
3149	Ehmt1	G1233K	Missense	1.0516819018492098
3150	Ehmt1	T1227T;R1228C;L1229L	Silent;Missense;Silent	0.3818318683150989
3151	Ehmt1	T1227I;R1228C	Missense;Missense	0.5105876674103524
3152	Ehmt1	T1227I;R1228C	Missense;Missense	0.1579898735768139
3153	Ehmt1	F1225F	Silent	0.1979033593107175
3154	Ehmt1	R1228H;L1229L	Missense;Silent	0.079148501
3155	Ehmt1	S1226N	Missense	0.3471888339205738
3156	Ehmt1	S1226N	Missense	0.084308965
3157	Ehmt1	R1221R;A1223T	Silent;Missense	-0.027225426
3158	Ehmt1		No Mutation	0.1256527190797255
3159	Ehmt1	D1216D	Silent	-0.291012742
3160	Ehmt1	S1213L	Missense	-0.034487641
3161	Ehmt1		No Mutation	-0.110149848
3162	Ehmt1	M1212I	Missense	0.1707170287651523
3163	Ehmt1	V1210I	Missense	-0.138137637
3164	Ehmt1	V1208V;R1209Q	Silent;Missense	0.2705566650047408
3165	Ehmt1	V1208I;R1209Q	Missense;Missense	-0.039283063
3166	Ehmt1	V1206M	Missense	-0.148433917
3167	Ehmt1		No Mutation	0.6609751558310215
3168	Ehmt1		No Mutation	0.1630077455651157
3169	Ehmt1	F1189F	Silent	0.118433926
3170	Ehmt1	D1186D	Silent	-0.24278219
3171	Ehmt1		No Mutation	-0.417653184
3172	Ehmt1	Y1183Y	Silent	0.059540296
3173	Ehmt1	V1182I	Missense	-0.501535747
3174	Ehmt1	E1181E;V1182I	Silent;Missense	0.059630767
3175	Ehmt1	E1181E;V1182I	Silent;Missense	0.11056075101236
3176	Ehmt1		No Mutation	0.03323794
3177	Ehmt1		No Mutation	-0.364832563
3178	Ehmt1		No Mutation	-0.251737841
3179	Ehmt1		No Mutation	0.2676008271162942
3180	Ehmt1	L1172L	Silent	0.0339271081196601
3181	Ehmt1	A1163V	Missense	0.1853932263346434
3182	Ehmt1	D1160D;S1161F	Silent;Missense	0.1557827930279371
3183	Ehmt1	D1160D;S1161F	Silent;Missense	0.3327132232270919
3184	Ehmt1	Y1153Y	Silent	0.130717021532537
3185	Ehmt1	(NC)	Intron	0.1742225982035233
3186	Ehmt1	(NC);(NC)	Intron;Intron	-0.263867255
3187	Ehmt1	(NC)	Splice-acceptor	0.1919941108045723
3188	Ehmt1	(NC)	Splice-acceptor	0.359083404318239
3189	Ehmt1	C1151C	Silent	0.1113889465375146
3190	Ehmt1	(NC);(NC)	Intron;Intron	0.4877061223668666
3191	Ehmt1		No Mutation	0.0416013898609582
3192	Ehmt1	T1148T	Silent	0.1801939717275213
3193	Ehmt1	V1150I;C1151Y	Missense;Missense	0.1796624571438529
3194	Ehmt1	V1150I	Missense	-0.093313552
3195	Ehmt1	L1146L;G1147N	Silent;Missense	0.049819616
3196	Ehmt1	L1146L;G1147S	Silent;Missense	0.1692814398849847
3197	Ehmt1	L1146L	Silent	0.1305282136922231
3198	Ehmt1	L1141F;Q1142*	Missense;Nonsense	0.5772448099408705
3199	Ehmt1	S1140S;L1141F;Q1142*	Silent;Missense;Nonsense	0.3337181723683263
3200	Ehmt1		No Mutation	0.090439612
3201	Ehmt1	D1133D	Silent	-0.020958825
3202	Ehmt1	T1131I;Q1132*	Missense;Nonsense	-0.065129524
3203	Ehmt1	T1131I;Q1132*	Missense;Nonsense	0.4027110087762853
3204	Ehmt1	T1131I	Missense	0.5109759314989843
3205	Ehmt1	R1130W	Missense	0.8352960171728876
3206	Ehmt1	R1130W	Missense	-0.130698219
3207	Ehmt1	Q1127*;L1128F	Nonsense;Missense	0.1812154384118026
3208	Ehmt1	A1124V	Missense	-0.27054252
3209	Ehmt1	Q1127Q	Silent	0.0114543980007966
3210	Ehmt1	(NC);R1123R;A1124T	Splice-acceptor;Silent;Missense	0.419179015959516
3211	Ehmt1	(NC);R1123R	Splice-acceptor;Silent	0.3326900086884378
3212	Ehmt1		No Mutation	0.5351544807218154
3213	Ehmt1	(NC)	Intron	-0.149979278
3214	Ehmt1		No Mutation	-0.042829754
3215	Ehmt1		No Mutation	0.08670778
3216	Ehmt1	Q1119*	Nonsense	0.4012549140798789
3217	Ehmt1		No Mutation	-0.121322395
3218	Ehmt1	R1116C	Missense	0.4138759782374053
3219	Ehmt1	N1112N	Silent	0.047084621
3220	Ehmt1	R1111K	Missense	-0.13197368
3221	Ehmt1	A1106V	Missense	-0.138912956
3222	Ehmt1	H1105Y	Missense	0.058195367
3223	Ehmt1	C1103Y	Missense	0.1759131376497762
3224	Ehmt1	C1103Y	Missense	-0.316138372
3225	Ehmt1	E1102K;C1103Y	Missense;Missense	0.2248095034023223
3226	Ehmt1	A1095T;E1096K	Missense;Missense	-0.005839857
3227	Ehmt1	L1089L;P1090S	Silent;Missense	0.2145509148729349
3228	Ehmt1	E1091E	Silent	0.3125395788956928
3229	Ehmt1	G1086N	Missense	-0.144812996
3230	Ehmt1	(NC);(NC)	Intron;Intron	-0.171191795
3231	Ehmt1		No Mutation	0.084836722
3232	Ehmt1		No Mutation	0.055452849
3233	Ehmt1		No Mutation	0.3013582334100191
3234	Ehmt1	C1080C	Silent	-0.092395871
3235	Ehmt1	R1079C	Missense	-0.040605651
3236	Ehmt1	C1080Y	Missense	0.044633332
3237	Ehmt1	L1076L	Silent	0.2510988386758261
3238	Ehmt1	Q1075Q;L1076L	Silent;Silent	0.07707284
3239	Ehmt1	M1072I;C1073Y	Missense;Missense	0.1338281724834668
3240	Ehmt1	S1068F	Missense	0.300270572
3241	Ehmt1	C1060Y	Missense	0.3164026899225365
3242	Ehmt1		No Mutation	-0.18452511
3243	Ehmt1		No Mutation	0.053612593
3244	Ehmt1	Q1058*	Nonsense	0.6975787494588027
3245	Ehmt1	Q1058*	Nonsense	-0.158010781
3246	Ehmt1	T1055I;H1056Y	Missense;Missense	0.3106551862072925
3247	Ehmt1	T1055I;H1056Y	Missense;Missense	0.066745711
3248	Ehmt1	I1054I;T1055I	Silent;Missense	-0.016857158
3249	Ehmt1	N1053N	Silent	-0.2200104
3250	Ehmt1	R1052K	Missense	0.3603072980906435
3251	Ehmt1	R1052K	Missense	0.358495896026429
3252	Ehmt1	R1052K	Missense	0.083139249
3253	Ehmt1	R1052K	Missense	-0.066270655
3254	Ehmt1	S1046F;P1047F	Missense;Missense	1.4816984718931727
3255	Ehmt1		No Mutation	-0.072455047
3256	Ehmt1		No Mutation	-0.175430828
3257	Ehmt1		No Mutation	-0.329888148
3258	Ehmt1	V1039I	Missense	-0.20041708
3259	Ehmt1	V1027V;D1028N	Silent;Missense	0.1638730119263028
3260	Ehmt1	V1027I;D1028N	Missense;Missense	-0.226455647
3261	Ehmt1	A1026T	Missense	0.4060533229877671
3262	Ehmt1	A1026T	Missense	-0.271284764
3263	Ehmt1	P1022F	Missense	-0.486827631
3264	Ehmt1	(NC)	Intron	0.2369397161904104
3265	Ehmt1	(NC)	Intron	-0.098042254
3266	Ehmt1	D1011N	Missense	0.1109809936045231
3267	Ehmt1	R1010R;D1011N	Silent;Missense	0.8832419317944551
3268	Ehmt1	T1007M	Missense	-0.248354902
3269	Ehmt1		No Mutation	-0.244245938
3270	Ehmt1	K1006K;T1007T	Silent;Silent	0.9055089313181568
3271	Ehmt1	K1006K	Silent	-0.300757807
3272	Ehmt1	P1001P	Silent	0.2321446106359549
3273	Ehmt1	A1003T;V1004I	Missense;Missense	0.1349058936624677
3274	Ehmt1	A1003T;V1004I	Missense;Missense	-0.229736324
3275	Ehmt1	A1003T	Missense	-0.22730156
3276	Ehmt1		No Mutation	-0.226778114
3277	Ehmt1		No Mutation	0.098015076
3278	Ehmt1	L979F	Missense	-0.146954871
3279	Ehmt1	A977V	Missense	0.015743427051583
3280	Ehmt1	S978N	Missense	-0.018677137
3281	Ehmt1	S978N	Missense	-1.542797491
3282	Ehmt1	T964I;L965L	Missense;Silent	0.070266809
3283	Ehmt1		No Mutation	0.2183885228314626
3284	Ehmt1	R959R;D960N	Silent;Missense	-0.157569973
3285	Ehmt1		No Mutation	-0.214110431
3286	Ehmt1		No Mutation	0.055173046
3287	Ehmt1	(NC)	Splice-acceptor	0.4296465973493221
3288	Ehmt1	D951N	Missense	-0.060703556
3289	Ehmt1	R946K	Missense	-0.142171521
3290	Ehmt1	A945T;R946K	Missense;Missense	0.5659421269321306
3291	Ehmt1	P940P;L941L;H942Y	Silent;Silent;Missense	0.1850019772263407
3292	Ehmt1	P940L;L941L	Missense;Silent	0.8173566573286192
3293	Ehmt1	L941L	Silent	-0.350951638
3294	Ehmt1		No Mutation	-0.065959586
3295	Ehmt1	H931Y;A932V	Missense;Missense	0.010066278
3296	Ehmt1	A932T	Missense	0.0213330751297154
3297	Ehmt1	D918D	Silent	0.3321834327050339
3298	Ehmt1	N905N	Silent	0.050938375
3299	Ehmt1	N905N	Silent	0.1428322875862032
3300	Ehmt1		No Mutation	-0.31933084
3301	Ehmt1	G894G;S895F	Silent;Missense	0.4863639822333122
3302	Ehmt1	G894G;S895F	Silent;Missense	0.042635795883161
3303	Ehmt1	L889L	Silent	-0.017691677
3304	Ehmt1	L889L	Silent	0.0690404
3305	Ehmt1	Y881Y	Silent	-0.077677483
3306	Ehmt1	V884I	Missense	0.0458578150645039
3307	Ehmt1	A878A;T879I	Silent;Missense	-0.010103287
3308	Ehmt1	E880K	Missense	0.6304448173188779
3309	Ehmt1		No Mutation	0.9134815738815254
3310	Ehmt1		No Mutation	0.064074717
3311	Ehmt1	(NC);(NC)	Intron;Intron	0.1495874281252721
3312	Ehmt1	(NC);(NC)	Intron;Intron	-0.52596393
3313	Ehmt1	(NC)	Intron	0.4202575815700465
3314	Ehmt1	(NC)	Intron	-0.025731342
3315	Ehmt1		No Mutation	-0.419538417
3316	Ehmt1		No Mutation	0.1512978859539224
3317	Ehmt1	L857F	Missense	0.065928822
3318	Ehmt1	Q854*	Nonsense	0.2956581343848304
3319	Ehmt1	Q854Q	Silent	0.1013840637004057
3320	Ehmt1	D851N	Missense	0.296393437
3321	Ehmt1		No Mutation	-0.274645439
3322	Ehmt1	H842Y	Missense	0.1142734464246233
3323	Ehmt1	L843L;A844T	Silent;Missense	0.2529542390798325
3324	Ehmt1	G837G;S838F	Silent;Missense	0.3792559103045081
3325	Ehmt1		No Mutation	-0.006855724
3326	Ehmt1		No Mutation	-0.596452535
3327	Ehmt1		No Mutation	0.2262203337943906
3328	Ehmt1	(NC)	Intron	0.0598344699396061
3329	Ehmt1		No Mutation	-0.191196308
3330	Ehmt1	A828V;Q829*	Missense;Nonsense	0.4549585351929275
3331	Ehmt1	I824I	Silent	-0.063310614
3332	Ehmt1	A828T	Missense	0.1731801610681227
3333	Ehmt1	L823L;I824I	Silent;Silent	0.2506723693409174
3334	Ehmt1		No Mutation	0.056904715
3335	Ehmt1		No Mutation	-0.020390344
3336	Ehmt1	V820V;K821K	Silent;Silent	0.5713600686754446
3337	Ehmt1	A812V	Missense	-0.191637146
3338	Ehmt1	A812T;E813K	Missense;Missense	-0.382494708
3339	Ehmt1	A812T	Missense	-0.2889636
3340	Ehmt1	L808L;M809I;E810K	Silent;Missense;Missense	0.1723004780442528
3341	Ehmt1	R805W	Missense	-0.398914884
3342	Ehmt1	D803D;Q804*;R805W	Silent;Nonsense;Missense	0.1427342282610596
3343	Ehmt1	T799I;C800C	Missense;Silent	0.2446027879391112
3344	Ehmt1	C800Y	Missense	-0.063458439
3345	Ehmt1		No Mutation	0.24982054741056
3346	Ehmt1	L790L	Silent	0.9807186360141564
3347	Ehmt1	Q792Q;(NC)	Silent;Splice-donor	0.3630133315174402
3348	Ehmt1	H788H	Silent	0.0189962735266716
3349	Ehmt1	I786I;C787C;H788Y	Silent;Silent;Missense	0.069909158
3350	Ehmt1	D785D	Silent	0.014357074
3351	Ehmt1		No Mutation	-0.106846685
3352	Ehmt1	A779V	Missense	0.1339258168029158
3353	Ehmt1	H776Y;A777V	Missense;Missense	0.0250281519997924
3354	Ehmt1	A779T;E780K	Missense;Missense	1.152510252118343
3355	Ehmt1	A779T;E780K	Missense;Missense	0.1430691428441485
3356	Ehmt1	A779T	Missense	0.1992397770467359
3357	Ehmt1	H776Y	Missense	-0.123472356
3358	Ehmt1	S773S;P774L	Silent;Missense	0.8584760317132654
3359	Ehmt1		No Mutation	0.017255449121698
3360	Ehmt1	P762S	Missense	-0.096313468
3361	Ehmt1		No Mutation	-0.281139252
3362	Ehmt1		No Mutation	-0.0359588
3363	Ehmt1		No Mutation	0.4668907508155859
3364	Ehmt1		No Mutation	-0.178071813
3365	Ehmt1	L749L;Q750Q	Silent;Silent	0.2760477030890285
3366	Ehmt1	Q746*	Nonsense	0.045994135
3367	Ehmt1	Y741Y	Silent	0.3600423278624831
3368	Ehmt1	Y741Y	Silent	-0.107915031
3369	Ehmt1	L740L	Silent	-0.074120759
3370	Ehmt1		No Mutation	0.6312997855989501
3371	Ehmt1		No Mutation	-0.031187732
3372	Ehmt1	L740L	Silent	-0.015179373
3373	Ehmt1		No Mutation	0.2538092557331517
3374	Ehmt1		No Mutation	0.082015164
3375	Ehmt1	K731K	Silent	0.5476988029930657
3376	Ehmt1	(NC)	Splice-acceptor	0.073835619
3377	Ehmt1	(NC)	Splice-acceptor	0.0248414752399334
3378	Ehmt1		No Mutation	0.078343325
3379	Ehmt1	S727F	Missense	-0.128228496
3380	Ehmt1		No Mutation	0.8244144040967549
3381	Ehmt1	L718L;E719K	Silent;Missense	-0.033506641
3382	Ehmt1	L718L;E719K	Silent;Missense	0.001879204
3383	Ehmt1	G712G;P713L	Silent;Missense	0.134633267746991
3384	Ehmt1	K715K;E716K	Silent;Missense	-0.291164539
3385	Ehmt1	K715K;E716K	Silent;Missense	0.068003825
3386	Ehmt1	G714K	Missense	-0.129263634
3387	Ehmt1	S710F;Q711*	Missense;Nonsense	0.064903132
3388	Ehmt1	G708G;L709F	Silent;Missense	0.2576372657181582
3389	Ehmt1		No Mutation	0.057937103
3390	Ehmt1	T706I;S707F	Missense;Missense	0.1478298194101214
3391	Ehmt1	T706I	Missense	-0.0080298
3392	Ehmt1	L702F	Missense	0.266506171
3393	Ehmt1	R704K	Missense	0.1883019524397451
3394	Ehmt1	V703I	Missense	0.0182262508502755
3395	Ehmt1	P699L	Missense	0.069507009
3396	Ehmt1	G701K	Missense	0.096191589
3397	Ehmt1	G701K	Missense	0.2007460675137739
3398	Ehmt1	D695D;P696F	Silent;Missense	-0.250921223
3399	Ehmt1	D695D;P696F	Silent;Missense	-0.002469388
3400	Ehmt1	C693C;F694F	Silent;Silent	0.1807099405726696
3401	Ehmt1	A697T	Missense	0.205939024
3402	Ehmt1		No Mutation	0.1041820099832145
3403	Ehmt1	D695N	Missense	-0.3255614
3404	Ehmt1	C693Y	Missense	-0.306898026
3405	Ehmt1	C693Y	Missense	-0.229837876
3406	Ehmt1	E692E;C693Y	Silent;Missense	-0.240201277
3407	Ehmt1	E692E;C693Y	Silent;Missense	0.2039061135980949
3408	Ehmt1	Q684*	Nonsense	0.0302739620744592
3409	Ehmt1	S683S	Silent	0.4419255195230631
3410	Ehmt1	S683S	Silent	-0.08367217
3411	Ehmt1	R682K;S683S	Missense;Silent	0.099354983
3412	Ehmt1	S673S	Silent	-0.01142967
3413	Ehmt1	A675T	Missense	0.2136070521533514
3414	Ehmt1	(NC);(NC)	Intron;Intron	0.000747421
3415	Ehmt1	(NC)	Intron	0.022624037519629
3416	Ehmt1	(NC)	Intron	0.064451229
3417	Ehmt1	A667V;D668D	Missense;Silent	0.00352391
3418	Ehmt1	A667V	Missense	0.0462938091240994
3419	Ehmt1	G665G	Silent	0.9222859524167318
3420	Ehmt1	R666K;A667T	Missense;Missense	-0.056870944
3421	Ehmt1	S660S;L661L	Silent;Silent	0.1471618335503394
3422	Ehmt1	S660S;L661L	Silent;Silent	-0.185095382
3423	Ehmt1		No Mutation	-0.039644
3424	Ehmt1	S660N	Missense	0.059919692
3425	Ehmt1	K659K;S660N	Silent;Missense	0.2411777289841021
3426	Ehmt1	K659K;S660N	Silent;Missense	0.026742845
3427	Ehmt1	Q657*	Nonsense	0.2396033062881786
3428	Ehmt1	Q657Q;E658K	Silent;Missense	-0.113894809
3429	Ehmt1	Q657Q;E658K	Silent;Missense	0.2604343544623175
3430	Ehmt1	T652I;L653L	Missense;Silent	0.1817431121819339
3431	Ehmt1		No Mutation	0.1571943279978607
3432	Ehmt1	T650I	Missense	-0.152056606
3433	Ehmt1	V640V	Silent	0.7402459850613304
3434	Ehmt1	A634V	Missense	-0.257719674
3435	Ehmt1		No Mutation	0.079432383
3436	Ehmt1	A634T	Missense	-0.009360122
3437	Ehmt1	A634T	Missense	0.1028968372493636
3438	Ehmt1	E633K;A634T	Missense;Missense	0.2142060749967789
3439	Ehmt1	C630Y	Missense	0.133888517
3440	Ehmt1	S625S;Y626Y	Silent;Silent	0.032679616
3441	Ehmt1	S625S;Y626Y	Silent;Silent	-0.329817746
3442	Ehmt1	S625S	Silent	0.1343189881361378
3443	Ehmt1	A624T	Missense	0.3142852926220481
3444	Ehmt1		No Mutation	0.3374988209123405
3445	Ehmt1	I609I;S610F;H611Y	Silent;Missense;Missense	-0.172894364
3446	Ehmt1		No Mutation	-0.171770832
3447	Ehmt1		No Mutation	0.0513669821872746
3448	Ehmt1	M601I;E602K	Missense;Missense	0.039596145
3449	Ehmt1	(NC);(NC);(NC)	Intron;Intron;Intron	0.1498734799701537
3450	Ehmt1	(NC);(NC)	Intron;Intron	-0.084123335
3451	Ehmt1	C591C;G592G	Silent;Silent	0.1015691432127848
3452	Ehmt1	C595Y	Missense	-0.012918989
3453	Ehmt2	C554Y	Missense	-0.012918989
3454	Ehmt1	G590G;C591C	Silent;Silent	-0.11466238
3455	Ehmt1	C591Y;G592S	Missense;Missense	0.185685613
3456	Ehmt1	Q586*	Nonsense	0.4877462164092446
3457	Ehmt1	H585Y	Missense	0.141685958446551
3458	Ehmt1	M582I;V583I	Missense;Missense	0.1279406905182304
3459	Ehmt1	D577D;H578Y	Silent;Missense	0.080297014
3460	Ehmt1		No Mutation	-0.108400589
3461	Ehmt1		No Mutation	0.0218286751799561
3462	Ehmt1		No Mutation	0.1341022199901643
3463	Ehmt1	C575Y;E576K	Missense;Missense	-0.152997771
3464	Ehmt1	L572L	Silent	-0.039380092
3465	Ehmt1	P570P	Silent	0.119676569070954
3466	Ehmt1	S566S;N567N	Silent;Silent	0.061857957
3467	Ehmt1	P570P	Silent	-0.259176901
3468	Ehmt1	V557I;V558I	Missense;Missense	0.1554665835622223
3469	Ehmt1	G551G;R552W	Silent;Missense	0.007545848
3470	Ehmt1	(NC);(NC)	Intron;Intron	-0.074080673
3471	Ehmt1	(NC)	Intron	-0.323485958
3472	Ehmt1	(NC)	Intron	0.082893938
3473	Ehmt1	(NC)	Intron	-0.052646661
3474	Ehmt1		No Mutation	0.3334097803030089
3475	Ehmt1	C540C	Silent	0.041918955
3476	Ehmt1	E544K	Missense	0.4199380585787553
3477	Ehmt1	M541I;A542T	Missense;Missense	-0.154731026
3478	Ehmt1	Q539Q;C540Y	Silent;Missense	0.2573571952496711
3479	Ehmt1	Q539Q;C540Y	Silent;Missense	-0.133959823
3480	Ehmt1	A536V	Missense	0.003771213
3481	Ehmt1	L535L;A536T	Silent;Missense	0.0471660662947805
3482	Ehmt1	S529S;R530C	Silent;Missense	-0.056723479
3483	Ehmt1	S533N	Missense	-0.398321049
3484	Ehmt1	S533N	Missense	-0.018785106
3485	Ehmt1	E531E	Silent	0.085265412
3486	Ehmt1	E531E	Silent	-0.139435176
3487	Ehmt1	K528K	Silent	-0.074699894
3488	Ehmt1	R523Q	Missense	-0.022948924
3489	Ehmt1	L519F	Missense	0.3805794811482457
3490	Ehmt1	C520Y	Missense	0.1532776970627501
3491	Ehmt1		No Mutation	-0.391634994
3492	Ehmt1		No Mutation	0.2708085566395408
3493	Ehmt1	T511T;D512N	Silent;Missense	-0.225195332
3494	Ehmt1		No Mutation	0.1239837185335751
3495	Ehmt1	P506L	Missense	-0.204333853
3496	Ehmt1	V508V;L509L	Silent;Silent	0.083311882
3497	Ehmt1		No Mutation	0.037007155
3498	Ehmt1		No Mutation	0.3357646231369289
3499	Ehmt1	A503A	Silent	0.1051941028009996
3500	Ehmt1	L502L	Silent	-0.038884647
3501	Ehmt1	(NC)	Intron	-0.36426398
3502	Ehmt1	(NC)	Intron	0.169481573651808
3503	Ehmt1		No Mutation	0.325265072
3504	Ehmt1		No Mutation	0.2856779550493353
3505	Ehmt1		No Mutation	0.5027545718653751
3506	Ehmt1	T497I	Missense	0.3930123274361311
3507	Ehmt1	S495F;Q496*	Missense;Nonsense	0.357258869
3508	Ehmt1	L493L	Silent	-0.259973338
3509	Ehmt1	R490K;G491R	Missense;Missense	0.1937950174156514
3510	Ehmt1	R490K	Missense	-0.088407042
3511	Ehmt1	L485L	Silent	0.1086267165740125
3512	Ehmt1		No Mutation	-0.017729426
3513	Ehmt1		No Mutation	-0.031493187
3514	Ehmt1		No Mutation	0.1172187608505055
3515	Ehmt1	G476G	Silent	0.1634050155516255
3516	Ehmt1	D473D	Silent	0.8807312750397949
3517	Ehmt1	A470V;L471L	Missense;Silent	-0.009681296
3518	Ehmt1		No Mutation	0.1307980418621732
3519	Ehmt1	S465S	Silent	0.207347519500038
3520	Ehmt1	Q468Q;A469T	Silent;Missense	-0.050620487
3521	Ehmt1	P463L	Missense	0.047275958
3522	Ehmt1	S461L	Missense	-0.170056095
3523	Ehmt1		No Mutation	-0.0103478
3524	Ehmt1	A458V	Missense	-0.026585056
3525	Ehmt1	(NC)	Intron	-0.192879338
3526	Ehmt1		No Mutation	0.2257730492841029
3527	Ehmt1		No Mutation	0.3482895409117359
3528	Ehmt1		No Mutation	-0.086863159
3529	Ehmt1		No Mutation	0.2048162741914304
3530	Ehmt1	L454F	Missense	0.1579619014700795
3531	Ehmt1	G455S;(NC);(NC)	Missense;Splice-donor;Intron	0.5940627068364313
3532	Ehmt1	P450L	Missense	-0.352097451
3533	Ehmt1	P438L;A439V	Missense;Missense	0.066316124
3534	Ehmt1	P438F	Missense	-0.063178442
3535	Ehmt1	I436I	Silent	-0.137507376
3536	Ehmt1	R440Q	Missense	0.138220184587546
3537	Ehmt1	A439T;R440Q	Missense;Missense	0.1880285468738153
3538	Ehmt1	A439T	Missense	0.2206801081327772
3539	Ehmt1	P434L	Missense	-0.113730449
3540	Ehmt1		No Mutation	0.044747433
3541	Ehmt1		No Mutation	0.3849991202590855
3542	Ehmt1		No Mutation	0.065429092
3543	Ehmt1		No Mutation	-0.041509452
3544	Ehmt1		No Mutation	-0.573787581
3545	Ehmt1	S419N	Missense	0.3327163532565972
3546	Ehmt1		No Mutation	0.178840648
3547	Ehmt1	S415N	Missense	0.2246161117956774
3548	Ehmt1	(NC);S415N	Splice-acceptor;Missense	0.1069502347483727
3549	Ehmt1		No Mutation	-0.083808821
3550	Ehmt1		No Mutation	-0.057819255
3551	Ehmt1	E406K	Missense	-0.413266566
3552	Ehmt1	T402I	Missense	0.0177476108694047
3553	Ehmt1	D405N;E406K	Missense;Missense	0.3411615696247446
3554	Ehmt1	S399F;P400S	Missense;Missense	-0.02284599
3555	Ehmt1		No Mutation	-0.142963125
3556	Ehmt1		No Mutation	0.078735809
3557	Ehmt1	Q397*	Nonsense	0.3467160104247599
3558	Ehmt1		No Mutation	-0.112069059
3559	Ehmt1		No Mutation	0.2353523785823721
3560	Ehmt1		No Mutation	0.1611329043302281
3561	Ehmt1	(NC)	Intron	-0.848042378
3562	Ehmt1	(NC)	Intron	-0.015247712
3563	Ehmt1		No Mutation	-0.267835317
3564	Ehmt1	(NC)	Intron	-0.316020924
3565	Ehmt1	T383I	Missense	0.4451397714356365
3566	Ehmt1	S379S	Silent	0.017583410272986
3567	Ehmt1	S379S	Silent	0.1445319802814598
3568	Ehmt1		No Mutation	-0.119680065
3569	Ehmt1	R374K	Missense	-0.175541161
3570	Ehmt1	R374K	Missense	-0.098475658
3571	Ehmt1	P369F	Missense	-0.008026898
3572	Ehmt1	A366V	Missense	0.1985909043030029
3573	Ehmt1	A365T;A366T	Missense;Missense	0.2579806981211461
3574	Ehmt1	D359D;H360Y	Silent;Missense	0.013126019
3575	Ehmt1		No Mutation	-0.178376395
3576	Ehmt1	D357N	Missense	-0.120500403
3577	Ehmt1	L354L	Silent	-0.565882541
3578	Ehmt1	D350D	Silent	-0.13773707
3579	Ehmt1		No Mutation	0.0452619482074236
3580	Ehmt1	G339G	Silent	-0.068826725
3581	Ehmt1		No Mutation	0.1227709572058829
3582	Ehmt1	E340K	Missense	0.13812168
3583	Ehmt1	G339D;E340K	Missense;Missense	-0.086926379
3584	Ehmt1	A334V	Missense	0.029229966
3585	Ehmt1	L335L	Silent	0.232376579
3586	Ehmt1	D331N	Missense	0.2352558804628662
3587	Ehmt1	(NC)	Intron	0.2606869438958851
3588	Ehmt1		No Mutation	0.0345204109274156
3589	Ehmt1	(NC);(NC)	Intron;Intron	0.2786336703123466
3590	Ehmt1		No Mutation	0.2579475081381119
3591	Ehmt1	A324A	Silent	0.07258333
3592	Ehmt1	G323G	Silent	0.3853883098024702
3593	Ehmt1	K325K;(NC)	Silent;Splice-donor	-0.205891474
3594	Ehmt1		No Mutation	-0.042184839
3595	Ehmt1	A324T	Missense	-0.971776479
3596	Ehmt1	G323D;A324T	Missense;Missense	0.029033072
3597	Ehmt1	S320F	Missense	0.4640665835708753
3598	Ehmt1	T318I	Missense	0.4885019426216376
3599	Ehmt1	S316S	Silent	-0.033962377
3600	Ehmt1		No Mutation	-0.149645705
3601	Ehmt1	T302I	Missense	0.1109378990918754
3602	Ehmt1	K299K	Silent	0.128355023410498
3603	Ehmt1		No Mutation	0.1733666647858949
3604	Ehmt1		No Mutation	-0.121839322
3605	Ehmt1	A281T;A282T	Missense;Missense	-0.056934357
3606	Ehmt1		No Mutation	-0.574556711
3607	Ehmt1		No Mutation	0.005622972
3608	Ehmt1		No Mutation	0.0458407232798901
3609	Ehmt1		No Mutation	0.0211230311901343
3610	Ehmt1	(NC);(NC)	Intron;Intron	-0.112575943
3611	Ehmt1	(NC);(NC)	Intron;Intron	0.2599102354296907
3612	Ehmt1	S270F;Q271*	Missense;Nonsense	0.030484177
3613	Ehmt1	A273T;(NC)	Missense;Splice-donor	0.1507399196409523
3614	Ehmt1	Q271Q	Silent	0.4403990646738047
3615	Ehmt1	T267I;T268I	Missense;Missense	-0.597091383
3616	Ehmt1		No Mutation	-0.322050085
3617	Ehmt1	Q260*	Nonsense	0.8729345142170097
3618	Ehmt1	Q260Q	Silent	-0.062796701
3619	Ehmt1	Q260Q	Silent	0.1831058853962923
3620	Ehmt1		No Mutation	-0.069755706
3621	Ehmt1		No Mutation	0.6273735380577783
3622	Ehmt1	S257S	Silent	-0.404906666
3623	Ehmt1	Q256Q;S257S	Silent;Silent	0.12374571632315
3624	Ehmt1	Q256Q	Silent	0.0299200415406472
3625	Ehmt1		No Mutation	0.2842449516040642
3626	Ehmt1		No Mutation	0.2247111176101173
3627	Ehmt1	R237K	Missense	0.3144645073945229
3628	Ehmt1	D227D;H228Y	Silent;Missense	0.097944627
3629	Ehmt1		No Mutation	0.4822823628819083
3630	Ehmt1	D227N	Missense	0.100631958984366
3631	Ehmt1	R223K;E224K	Missense;Missense	0.1472821759195929
3632	Ehmt1		No Mutation	0.217304411027281
3633	Ehmt1		No Mutation	-0.371659689
3634	Ehmt1	G214N	Missense	0.1377975332674436
3635	Ehmt1		No Mutation	0.064564036
3636	Ehmt1	L213L	Silent	-0.031908526
3637	Ehmt1	P209L	Missense	-0.122822278
3638	Ehmt1	T207T;P209S	Silent;Missense	0.3449942508546559
3639	Ehmt1		No Mutation	0.1900842122826767
3640	Ehmt1	T197I	Missense	0.2049556091252812
3641	Ehmt1	R200K	Missense	0.1130966159294611
3642	Ehmt1	A194A;S195L	Silent;Missense	-0.101958199
3643	Ehmt1	A194V;S195L	Missense;Missense	0.0145185913779051
3644	Ehmt1	D198N	Missense	0.081527457
3645	Ehmt1		No Mutation	0.1258001244124279
3646	Ehmt1	D189D	Silent	-0.153424318
3647	Ehmt1		No Mutation	0.053909942
3648	Ehmt1	A185T;D186N	Missense;Missense	-0.019380467
3649	Ehmt1	G183K	Missense	-0.116428509
3650	Ehmt1	E182K;G183K	Missense;Missense	0.1746793003533892
3651	Ehmt1	P177L;T178I	Missense;Missense	0.5924773653512869
3652	Ehmt1	P177F;T178I	Missense;Missense	-0.192127934
3653	Ehmt1	V179V	Silent	0.096101563
3654	Ehmt1	A176V;P177S	Missense;Missense	0.055562194
3655	Ehmt1	T175I;A176V	Missense;Missense	-0.519338331
3656	Ehmt1	T175I;A176V	Missense;Missense	0.0307897727152107
3657	Ehmt1	V179M	Missense	-0.04893802
3658	Ehmt1	A176T	Missense	0.6165545262087484
3659	Ehmt1	L166L	Silent	0.2158196092443314
3660	Ehmt1	C163Y	Missense	0.3743276971052048
3661	Ehmt1		No Mutation	0.2327700494196102
3662	Ehmt1	A153V	Missense	-1.345334326
3663	Ehmt1	A152V;A153V	Missense;Missense	0.034400925
3664	Ehmt1	A152T	Missense	0.0279547360185019
3665	Ehmt1	G150D	Missense	-0.476351997
3666	Ehmt1	L144L;T145I	Silent;Missense	0.0123306960842386
3667	Ehmt1	S147S	Silent	-0.206932445
3668	Ehmt1		No Mutation	0.015822739
3669	Ehmt1		No Mutation	0.1191383989879493
3670	Ehmt1	P137P;L138L	Silent;Silent	0.044585818
3671	Ehmt1	P137P;L138L	Silent;Silent	0.2160974297877725
3672	Ehmt1	Q134*	Nonsense	0.0311738661366156
3673	Ehmt1	Q136Q	Silent	-0.043574253
3674	Ehmt1		No Mutation	0.2117153244690314
3675	Ehmt1		No Mutation	-0.286500369
3676	Ehmt1		No Mutation	-0.214344011
3677	Ehmt1	S119F	Missense	0.2892018963079528
3678	Ehmt1	Q117*	Nonsense	-0.116465375
3679	Ehmt1	D114N	Missense	0.3003493491934658
3680	Ehmt1		No Mutation	-0.244414366
3681	Ehmt1		No Mutation	0.5143092632970871
3682	Ehmt1		No Mutation	-0.175674155
3683	Ehmt1	R91W	Missense	-0.380383632
3684	Ehmt1	S90F;R91W	Missense;Missense	0.6950403930513236
3685	Ehmt1	S90F;R91W	Missense;Missense	-0.55583748
3686	Ehmt1	R91Q;V92I	Missense;Missense	-0.268579927
3687	Ehmt1	T86T;N87N	Silent;Silent	0.2537517691560528
3688	Ehmt1	G85G;T86I	Silent;Missense	-0.020809744
3689	Ehmt1	G85G;T86I	Silent;Missense	0.1513678716464309
3690	Ehmt1	R88K	Missense	-0.073123799
3691	Ehmt1		No Mutation	0.0144063577304387
3692	Ehmt1	A80V	Missense	0.1774602313629883
3693	Ehmt1	N77N;T78I	Silent;Missense	-0.526882996
3694	Ehmt1	E76E	Silent	-0.252070562
3695	Ehmt1	E76K	Missense	0.1149009426148985
3696	Ehmt1	A70V;P71S	Missense;Missense	0.2074299455620184
3697	Ehmt1		No Mutation	0.4114389965874574
3698	Ehmt1		No Mutation	0.099306528
3699	Ehmt1	A70T	Missense	-0.038790422
3700	Ehmt1	S58F	Missense	-0.163556061
3701	Ehmt1	S58F	Missense	-0.010977486
3702	Ehmt1	S58F	Missense	-0.166851546
3703	Ehmt1	A51V	Missense	-0.469712469
3704	Ehmt1	A51V	Missense	-0.159899341
3705	Ehmt1	G53E;E54K	Missense;Missense	0.083097323
3706	Ehmt1	G53K;E54K	Missense;Missense	0.1615813006201316
3707	Ehmt1	T47I;P48F	Missense;Missense	-0.243260275
3708	Ehmt1		No Mutation	-0.095970126
3709	Ehmt1	G45K	Missense	0.2534189051823645
3710	Ehmt1	S39F;T40I	Missense;Missense	0.069424301
3711	Ehmt1	E37K;G38N	Missense;Missense	0.0514255956636046
3712	Ehmt1	P32F	Missense	-0.047588836
3713	Ehmt1	(NC)	Intron	-0.482463406
3714	Ehmt1	(NC)	Splice-acceptor	0.0600404799167158
3715	Ehmt1		No Mutation	-0.072890416
3716	Ehmt1		No Mutation	0.092828289
3717	Ehmt1	L26L;L27L	Silent;Silent	-0.362059892
3718	Ehmt1	T24I	Missense	-0.131538887
3719	Ehmt1		No Mutation	0.1388113048354011
3720	Ehmt1		No Mutation	-0.421066683
3721	Ehmt1	C21Y;M22I	Missense;Missense	-0.093887656
3722	Ehmt1	K17K;Q18Q	Silent;Silent	-0.257112335
3723	Ehmt1	A12A;Q14*	Silent;Nonsense	0.0381358217607024
3724	Ehmt1	L11L;A12T	Silent;Missense	-0.347041068
3725	Ehmt1	L11L;A12T	Silent;Missense	-0.219588914
3726	Ehmt1	L11L	Silent	0.5571075949930521
3727	Ehmt1	(NC);(NC);(NC);(NC)	Intron;Intron;Intron;Intron	0.1912305152172055
3728	Ehmt1	(NC)	Intron	0.3042521774720346
3729	Ehmt1		No Mutation	-0.398149076
3730	Ehmt1	A6V	Missense	-0.695358832
3731	Ehmt1	A6V	Missense	0.2346202821760178
3732	Ehmt1	(NC);(NC);(NC)	Intron;Intron;Intron	-0.044586074
3733	Ehmt1	A6V	Missense	-0.902777508
3734	Ehmt1	E7E;(NC);(NC)	Silent;Splice-donor;Intron	0.098210371
3735	Ehmt1	A3V;A4V	Missense;Missense	0.043234716
3736	Ehmt1	A6T	Missense	0.0102418506284472
3737	Ehmt1	A2V	Missense	0.0119582605134908
3738	Ehmt1	A4T;D5N	Missense;Missense	-0.345453368
3739	Ehmt1	A4T	Missense	0.092199066
3740	Ehmt1	(NC);(NC);(NC)	UTR;UTR;UTR	-0.051306825
3741	Ehmt1	(NC);(NC)	UTR;UTR	0.230917353431869
3742	Ehmt1	(NC);(NC)	UTR;UTR	0.1043922158624394
3743	Ehmt2	(NC);(NC)	Flank;Flank	0.204864238
3744	Ehmt2	(NC);(NC)	Flank;Flank	0.0128788951495668
3745	Ehmt2	(NC)	Flank	0.1394051566994316
3746	Ehmt2	(NC)	UTR	0.007381917
3747	Ehmt2	(NC);(NC);(NC)	Flank;Flank;Flank	0.2160414148507521
3748	Ehmt2	(NC);(NC);(NC)	Flank;Flank;Flank	0.2878986942286884
3749	Ehmt2	(NC);(NC);(NC)	Flank;Flank;Flank	0.048477968
3750	Ehmt2	M1I;R2Q;G3S	Missense;Missense;Missense	0.094100962
3751	Ehmt2	R2Q;G3N	Missense;Missense	-0.14149941
3752	Ehmt2	G3D;L4L	Missense;Silent	-0.067767211
3753	Ehmt2	L4L	Silent	-0.135178611
3754	Ehmt2	R2W	Missense	-0.002207748
3755	Ehmt2	L4L	Silent	0.2467475867330991
3756	Ehmt2	R2W	Missense	0.1036368736771665
3757	Ehmt2		No Mutation	-0.040263518
3758	Ehmt2	L4L	Silent	0.0481103473437311
3759	Ehmt2	L4L	Silent	-0.118883104
3760	Ehmt2	L4L	Silent	0.2281171133804442
3761	Ehmt2		No Mutation	0.082978777
3762	Ehmt2		No Mutation	-0.06308074
3763	Ehmt2	L10L	Silent	0.1476828630299989
3764	Ehmt2		No Mutation	0.3083734752175295
3765	Ehmt2	L10L	Silent	-0.323012765
3766	Ehmt2	L10L	Silent	0.0515316259315062
3767	Ehmt2	L10L	Silent	0.2514655153940834
3768	Ehmt2		No Mutation	0.2587013030649108
3769	Ehmt2	R12W	Missense	0.017556981729608
3770	Ehmt2	R12W	Missense	0.2272873407867179
3771	Ehmt2	R12W	Missense	0.285869345793998
3772	Ehmt2	A13A;R14W	Silent;Missense	0.1918471164291968
3773	Ehmt2	R18H;A19T	Missense;Missense	0.1611170446720337
3774	Ehmt2	A19T;A20T	Missense;Missense	-0.042889638
3775	Ehmt2	R18C	Missense	-0.016530996
3776	Ehmt2	R18C	Missense	0.041045278
3777	Ehmt2	R18C;A19V	Missense;Missense	0.086352639
3778	Ehmt2	A20V;P21F	Missense;Missense	-0.011678194
3779	Ehmt2	T22M	Missense	0.050612278
3780	Ehmt2	R25H;G26N	Missense;Missense	-0.083670831
3781	Ehmt2	G26N	Missense	-0.036420712
3782	Ehmt2	G26N;R27H	Missense;Missense	0.1159860510221445
3783	Ehmt2	G23G;G24G	Silent;Silent	-0.007714384
3784	Ehmt2	G26D;R27H	Missense;Missense	0.0294808961605688
3785	Ehmt2	G23G;G24G;R25C	Silent;Silent;Missense	-0.06405879
3786	Ehmt2	G24G;R25C	Silent;Missense	0.033745979
3787	Ehmt2	G24G;R25C	Silent;Missense	-0.173660369
3788	Ehmt2	G24G;R25C	Silent;Missense	0.135673932
3789	Ehmt2	R25C	Missense	-0.334007306
3790	Ehmt2	R29R;G30K;G31S	Silent;Missense;Missense	0.1010749058635466
3791	Ehmt2	A32T	Missense	0.1021940194980031
3792	Ehmt2	R29W	Missense	0.2745950519969348
3793	Ehmt2		No Mutation	-0.094605337
3794	Ehmt2	G31G;A32V	Silent;Missense	-0.232239952
3795	Ehmt2	A32V;H33Y	Missense;Missense	0.026389148
3796	Ehmt2	G37D;R38K	Missense;Missense	-0.001329588
3797	Ehmt2	R38K	Missense	-0.082049935
3798	Ehmt2	R38R	Silent	-0.026193775
3799	Ehmt2	S44S	Silent	-0.010940421
3800	Ehmt2	S41S;L42L	Silent;Silent	0.075715935
3801	Ehmt2	S44S;L45L	Silent;Silent	-0.082014248
3802	Ehmt2	S41S;L42L;L43F	Silent;Silent;Missense	0.005251736
3803	Ehmt2	S44S;L45L	Silent;Silent	0.1625834893311024
3804	Ehmt2	L43L;S44L;L45L	Silent;Missense;Silent	-0.364645218
3805	Ehmt2	R47K;A48T	Missense;Missense	-0.142218179
3806	Ehmt2	P46L	Missense	0.043661512
3807	Ehmt2	P46P	Silent	-0.118987366
3808	Ehmt2	W52*	Nonsense	-0.645822652
3809	Ehmt2	W52*	Nonsense	0.001761397
3810	Ehmt2		No Mutation	0.2427737553180062
3811	Ehmt2		No Mutation	-0.086680977
3812	Ehmt2	A53V;P54F	Missense;Missense	-0.052929577
3813	Ehmt2	A53V;P54F	Missense;Missense	-0.175220214
3814	Ehmt2	G59K	Missense	0.1082871863743412
3815	Ehmt2	G59K	Missense	0.1193882981855295
3816	Ehmt2	L56L;P57F	Silent;Missense	0.078915946
3817	Ehmt2	G59K	Missense	0.0562399881117998
3818	Ehmt2	G59E;L60L	Missense;Silent	-0.019587583
3819	Ehmt2	G59G;L60L	Silent;Silent	0.032648377
3820	Ehmt2	A58A;L60L	Silent;Silent	-0.142725477
3821	Ehmt2	G62N	Missense	0.1173326653660038
3822	Ehmt2	P64P	Silent	-0.091977895
3823	Ehmt2	C67Y	Missense	-0.148417714
3824	Ehmt2		No Mutation	0.081299765
3825	Ehmt2		No Mutation	0.205758408359102
3826	Ehmt2		No Mutation	0.0121476185048917
3827	Ehmt2	P66F	Missense	0.074803723
3828	Ehmt2		No Mutation	0.046262871
3829	Ehmt2	P66F	Missense	-0.12597296
3830	Ehmt2		No Mutation	-0.271411779
3831	Ehmt2	P66L	Missense	0.4846937151833603
3832	Ehmt2	L68F	Missense	0.6235575678729595
3833	Ehmt2	L68F;P69S	Missense;Missense	-0.292517932
3834	Ehmt2	Q71Q;G72K	Silent;Missense	0.1903997412761113
3835	Ehmt2	E73E;A74T	Silent;Missense	0.1711513458639636
3836	Ehmt2	A74T	Missense	0.3012124563414996
3837	Ehmt2		No Mutation	-0.023928251
3838	Ehmt2	A76T	Missense	0.091733707
3839	Ehmt2		No Mutation	-0.193485104
3840	Ehmt2	A74V	Missense	0.009635946
3841	Ehmt2	A74V	Missense	-0.01416034
3842	Ehmt2	A74V;P75S	Missense;Missense	-0.115481433
3843	Ehmt2	G79E;A80T	Missense;Missense	-0.127506981
3844	Ehmt2	G79G;A80T	Silent;Missense	0.3056281083779674
3845	Ehmt2	A80T	Missense	-0.153873064
3846	Ehmt2	A80A;L81L	Silent;Silent	0.4630835396653635
3847	Ehmt2		No Mutation	1.4095955225572758
3848	Ehmt2	A80V;L81L	Missense;Silent	0.0506554944094461
3849	Ehmt2	L83L	Silent	0.1142581617657628
3850	Ehmt2	R88*	Nonsense	0.0207396285327212
3851	Ehmt2	E92K;R93K	Missense;Missense	-0.034834449
3852	Ehmt2	E92E;R93K	Silent;Missense	0.1178654835747357
3853	Ehmt2	E92E;R93K;V94I	Silent;Missense;Missense	0.049604625
3854	Ehmt2		No Mutation	-0.087740172
3855	Ehmt2	(NC);(NC)	Intron;Intron	0.0264897343050338
3856	Ehmt2	(NC);(NC)	Intron;Intron	0.215744879937721
3857	Ehmt2		No Mutation	-0.102423229
3858	Ehmt2	S96N	Missense	-0.243171038
3859	Ehmt2	S96N	Missense	0.1918721306852123
3860	Ehmt2	(NC)	Intron	0.5692435306480321
3861	Ehmt2	S96N	Missense	-0.03613798
3862	Ehmt2	(NC)	Intron	-0.182346217
3863	Ehmt2	(NC)	Intron	-0.038094209
3864	Ehmt2	H95Y	Missense	0.2008819494320104
3865	Ehmt2		No Mutation	-0.154737096
3866	Ehmt2		No Mutation	-0.156287004
3867	Ehmt2	D100D	Silent	-0.395259167
3868	Ehmt2	E106E	Silent	-0.071535156
3869	Ehmt2	E106E	Silent	-0.230977997
3870	Ehmt2		No Mutation	0.5239527548601475
3871	Ehmt2		No Mutation	0.008514238
3872	Ehmt2		No Mutation	-0.043889328
3873	Ehmt2	D114N	Missense	0.4741640722179273
3874	Ehmt2	A111V	Missense	0.2415655964300431
3875	Ehmt2	D114N	Missense	0.093940194
3876	Ehmt2		No Mutation	-0.086876619
3877	Ehmt2	L116L;E117K	Silent;Missense	0.074741988
3878	Ehmt2	D114D;S115F	Silent;Missense	0.068642617
3879	Ehmt2	E117E;A119T	Silent;Missense	-0.213589923
3880	Ehmt2	A119T	Missense	0.1456831280752204
3881	Ehmt2	A119T	Missense	0.09086794
3882	Ehmt2	G120D	Missense	-0.119574172
3883	Ehmt2	A119V	Missense	0.1939721237145368
3884	Ehmt2		No Mutation	-0.007836229
3885	Ehmt2	P124P;A125T	Silent;Missense	0.3163747719214205
3886	Ehmt2	V127I	Missense	-0.207476113
3887	Ehmt2	V127I	Missense	0.2024802245022821
3888	Ehmt2	V127I	Missense	0.3338937639360136
3889	Ehmt2		No Mutation	0.1854412159422004
3890	Ehmt2	S126F	Missense	0.0590429524723651
3891	Ehmt2	V129I	Missense	-0.223734857
3892	Ehmt2	V131I	Missense	0.652650458
3893	Ehmt2	V129V	Silent	0.111679612986392
3894	Ehmt2	V129V;T130I	Silent;Missense	0.1080123224240677
3895	Ehmt2	V129V;T130I	Silent;Missense	-0.1988703
3896	Ehmt2	V129V;T130I	Silent;Missense	-0.000326457
3897	Ehmt2	G135E;A136T	Missense;Missense	-0.022945145
3898	Ehmt2	A136V	Missense	0.1014895688004005
3899	Ehmt2	A136V	Missense	0.1144478728184898
3900	Ehmt2	A136V	Missense	0.036486346
3901	Ehmt2		No Mutation	0.1106351513863785
3902	Ehmt2		No Mutation	0.1987064141974907
3903	Ehmt2	A142V	Missense	-0.024425055
3904	Ehmt2		No Mutation	0.4304985372684327
3905	Ehmt2	A142V	Missense	-0.403873564
3906	Ehmt2	A142V	Missense	-0.472055583
3907	Ehmt2	G147E;D148N	Missense;Missense	-0.366936436
3908	Ehmt2	D148D	Silent	0.1514865333664983
3909	Ehmt2	D148D;P150S	Silent;Missense	-0.083930977
3910	Ehmt2	P150F	Missense	-0.084949001
3911	Ehmt2		No Mutation	-0.081998894
3912	Ehmt2	S152S	Silent	-0.235970616
3913	Ehmt2	S152S;L153L	Silent;Silent	-0.014376502
3914	Ehmt2	S152S;L153L	Silent;Silent	0.03819134034788
3915	Ehmt2	G155K;D156N	Missense;Missense	-0.011677028
3916	Ehmt2	G155E;D156N	Missense;Missense	0.047522244
3917	Ehmt2	G157G;G158N	Silent;Missense	0.1355325069115676
3918	Ehmt2		No Mutation	-0.157748463
3919	Ehmt2		No Mutation	0.037176706
3920	Ehmt2	I160I;L162L	Silent;Silent	0.094670063
3921	Ehmt2	L162L	Silent	0.513338608
3922	Ehmt2	L162L	Silent	-0.261982815
3923	Ehmt2		No Mutation	-0.419198375
3924	Ehmt2		No Mutation	0.000903207
3925	Ehmt2		No Mutation	0.7039676491343541
3926	Ehmt2		No Mutation	0.07505353
3927	Ehmt2		No Mutation	-0.401211587
3928	Ehmt2	(NC);G163D	Splice-acceptor;Missense	-0.003452331
3929	Ehmt2	A165T	Missense	0.1240057695934812
3930	Ehmt2	S168S	Silent	-0.407921359
3931	Ehmt2		No Mutation	0.006785811
3932	Ehmt2	F169F;P170F	Silent;Missense	0.0117595350063123
3933	Ehmt2	P170F;S171F	Missense;Missense	-0.009238096
3934	Ehmt2	P170L;S171F	Missense;Missense	-0.155185043
3935	Ehmt2	P170P;S171F	Silent;Missense	-0.261119987
3936	Ehmt2	S171F;S172F	Missense;Missense	-0.542019994
3937	Ehmt2	K175K;G176R	Silent;Missense	-0.101827283
3938	Ehmt2	K175K;G176K	Silent;Missense	-0.287502158
3939	Ehmt2	K175K;G176K	Silent;Missense	0.073224949
3940	Ehmt2	G177D;A178T	Missense;Missense	0.051007748
3941	Ehmt2	A178T	Missense	0.1810332485973469
3942	Ehmt2	A178T;C179Y	Missense;Missense	0.001194842
3943	Ehmt2	C179Y	Missense	0.1927625503784682
3944	Ehmt2		No Mutation	0.2158284783452914
3945	Ehmt2		No Mutation	0.088887573
3946	Ehmt2	A183V	Missense	-0.438528037
3947	Ehmt2	A183V	Missense	0.3574487710080262
3948	Ehmt2	A183A	Silent	-0.090951562
3949	Ehmt2	S186L	Missense	-0.051712264
3950	Ehmt2	G189K	Missense	-0.356356884
3951	Ehmt2		No Mutation	-0.471034804
3952	Ehmt2	P194P;P195F	Silent;Missense	0.1481430856032431
3953	Ehmt2	S199N	Missense	0.0306561333072716
3954	Ehmt2	S199N;L200L	Missense;Silent	-0.826535619
3955	Ehmt2	L200L;A201T	Silent;Missense	-0.182784354
3956	Ehmt2	L200L;A201T	Silent;Missense	0.007460012
3957	Ehmt2	V197V;Q198*	Silent;Nonsense	0.2583432190234469
3958	Ehmt2	L200L;A201T	Silent;Missense	-0.278807802
3959	Ehmt2	M202I;R203K	Missense;Missense	-0.008154665
3960	Ehmt2	L204L	Silent	0.2697661403225817
3961	Ehmt2	L204L	Silent	0.159191172213854
3962	Ehmt2	S206N;M207I	Missense;Missense	0.1314303912687545
3963	Ehmt2	L204L	Silent	-0.283828614
3964	Ehmt2	S206S	Silent	-0.066768404
3965	Ehmt2	S206S	Silent	-0.057361322
3966	Ehmt2	A213T;A214T	Missense;Missense	-0.187781406
3967	Ehmt2	A214T	Missense	-0.228360419
3968	Ehmt2	Q211*	Nonsense	0.3099452635562611
3969	Ehmt2		No Mutation	0.2970412910929921
3970	Ehmt2	A216T	Missense	0.8104618335012819
3971	Ehmt2	A216T;G217R	Missense;Missense	-1.240339465
3972	Ehmt2	P218S	Missense	0.1559009883953391
3973	Ehmt2	A223T	Missense	0.4604138263528132
3974	Ehmt2	A226T	Missense	-0.12852665
3975	Ehmt2	A226T	Missense	-0.0759314
3976	Ehmt2	A223V	Missense	-0.025186559
3977	Ehmt2	T224I	Missense	-0.143436161
3978	Ehmt2	T224I;T225I	Missense;Missense	-0.306942313
3979	Ehmt2	A227T	Missense	0.8749116328697258
3980	Ehmt2	T224I;T225I	Missense;Missense	0.6674558091908218
3981	Ehmt2	Q231Q	Silent	0.1743177643381021
3982	Ehmt2		No Mutation	0.083059845
3983	Ehmt2	V234M	Missense	0.0281319364682535
3984	Ehmt2	P232L	Missense	0.2604485047000263
3985	Ehmt2	A237T;R238Q	Missense;Missense	0.123250190574453
3986	Ehmt2	R238Q	Missense	-0.101335085
3987	Ehmt2	S242F	Missense	0.000577072
3988	Ehmt2	S245N	Missense	-0.276933869
3989	Ehmt2	S242S;P244S	Silent;Missense	0.078252245
3990	Ehmt2	G247E;Q248Q	Missense;Silent	-0.056862091
3991	Ehmt2	(NC);(NC);(NC)	Splice-donor;Intron;Intron	0.1013694895717493
3992	Ehmt2	N246N	Silent	0.3028809080588335
3993	Ehmt2		No Mutation	0.2244884008820609
3994	Ehmt2		No Mutation	-0.139246898
3995	Ehmt2		No Mutation	0.5264605418179098
3996	Ehmt2		No Mutation	0.065318754
3997	Ehmt2		No Mutation	0.2910379770882744
3998	Ehmt2		No Mutation	-0.014689176
3999	Ehmt2	P249L;P250L	Missense;Missense	0.589758136
4000	Ehmt2	K254K;R255Q	Silent;Missense	0.5060717285064535
4001	Ehmt2	R255Q	Missense	0.113077727854427
4002	Ehmt2	E258K	Missense	-0.166287246
4003	Ehmt2	E258K	Missense	-0.067994011
4004	Ehmt2		No Mutation	-0.360724471
4005	Ehmt2		No Mutation	-0.057113651
4006	Ehmt2		No Mutation	0.2203738767859133
4007	Ehmt2	R263H	Missense	-0.033804102
4008	Ehmt2	M264I;S265N;D266N	Missense;Missense;Missense	0.088553242
4009	Ehmt2		No Mutation	-0.041418311
4010	Ehmt2	M268I	Missense	-0.070042814
4011	Ehmt2		No Mutation	0.2954539090790329
4012	Ehmt2		No Mutation	0.6192788733488276
4013	Ehmt2	D267D	Silent	-0.092241385
4014	Ehmt2	L270L	Silent	0.2102908362235896
4015	Ehmt2	(NC);(NC)	Intron;Intron	0.2848761843126534
4016	Ehmt2	(NC)	Intron	0.4640347728430807
4017	Ehmt2		No Mutation	0.2807807256284176
4018	Ehmt2	L283L	Silent	-0.177344187
4019	Ehmt2	L283L	Silent	-0.038847988
4020	Ehmt2	S285F	Missense	0.053136805
4021	Ehmt2	S287S;L288L	Silent;Silent	-0.198248889
4022	Ehmt2	(NC);(NC)	Intron;Intron	0.087900005
4023	Ehmt2		No Mutation	-0.107326142
4024	Ehmt2		No Mutation	-0.139459237
4025	Ehmt2	D291D	Silent	0.032196675
4026	Ehmt2	D291D	Silent	0.022934108
4027	Ehmt2	D291D	Silent	0.054477377
4028	Ehmt2	A295T	Missense	-0.203768355
4029	Ehmt2	G293G;S294F	Silent;Missense	0.1035771939748538
4030	Ehmt2		No Mutation	0.076345931
4031	Ehmt2	G297G;S298L	Silent;Missense	0.5387451583488816
4032	Ehmt2		No Mutation	0.1205938075142716
4033	Ehmt2		No Mutation	-0.053431887
4034	Ehmt2		No Mutation	-0.28419035
4035	Ehmt2	E307E	Silent	0.2216597138897857
4036	Ehmt2		No Mutation	-0.007342262
4037	Ehmt2	P308S	Missense	-0.218539991
4038	Ehmt2	P308L	Missense	0.2065663978204306
4039	Ehmt2	P308P;P310S	Silent;Missense	0.118221623543037
4040	Ehmt2	E313K;W314*	Missense;Nonsense	0.0134859512221172
4041	Ehmt2	E313E;W314*	Silent;Nonsense	0.047980589
4042	Ehmt2	P310P;L311L	Silent;Silent	-0.156478716
4043	Ehmt2	Y325Y	Silent	0.066405441
4044	Ehmt2	A328A	Silent	-0.197079758
4045	Ehmt2	A328V;Y329Y	Missense;Silent	-0.02660208
4046	Ehmt2	Y329Y	Silent	-0.298049788
4047	Ehmt2	Y329Y;S330F	Silent;Missense	0.036827757
4048	Ehmt2		No Mutation	-0.150964034
4049	Ehmt2	S337F;D338D	Missense;Silent	0.090036778
4050	Ehmt2		No Mutation	0.1290025856087335
4051	Ehmt2		No Mutation	0.2652280544781092
4052	Ehmt2	(NC)	Splice-acceptor	0.6977064940842144
4053	Ehmt2	A347V	Missense	0.12421111
4054	Ehmt2	Q349*	Nonsense	-0.07858448
4055	Ehmt2	Q349*	Nonsense	0.2087494864730539
4056	Ehmt2		No Mutation	-0.085002426
4057	Ehmt2		No Mutation	0.0202927856880599
4058	Ehmt2		No Mutation	-0.037596134
4059	Ehmt2		No Mutation	0.0176216042536059
4060	Ehmt2		No Mutation	0.0176216042536059
4061	Ehmt2		No Mutation	0.041878238
4062	Ehmt2		No Mutation	0.1230788338242896
4063	Ehmt2		No Mutation	-0.003354751
4064	Ehmt2		No Mutation	0.0305134737217556
4065	Ehmt2		No Mutation	0.1080084250006888
4066	Ehmt2		No Mutation	0.01019954
4067	Ehmt2		No Mutation	0.011476837
4068	Ehmt2		No Mutation	0.002427199
4069	Ehmt2		No Mutation	-0.023475082
4070	Ehmt2		No Mutation	-0.388120755
4071	Ehmt2		No Mutation	-0.124112286
4072	Ehmt2		No Mutation	-0.266904234
4073	Ehmt2	S380L;G381G	Missense;Silent	0.0230208230297483
4074	Ehmt2	G381G	Silent	-0.142191448
4075	Ehmt2		No Mutation	-0.046455417
4076	Ehmt2	(NC)	Intron	-0.223731605
4077	Ehmt2	(NC);(NC);(NC)	Intron;Intron;Intron	0.3809018420966737
4078	Ehmt2	(NC);(NC);(NC)	Intron;Intron;Intron	-0.205508753
4079	Ehmt2	G388N	Missense	-0.539075331
4080	Ehmt2	S387S	Silent	-0.141135355
4081	Ehmt2	S390N;G391N	Missense;Missense	0.3006853356556536
4082	Ehmt2	S389F	Missense	0.233132260126585
4083	Ehmt2	R393R	Silent	0.1757835978688365
4084	Ehmt2	K396K;K397K	Silent;Silent	0.1200096306665507
4085	Ehmt2	A395V	Missense	0.044527329
4086	Ehmt2	R400Q	Missense	0.1441793274520879
4087	Ehmt2	R400W	Missense	-0.059300697
4088	Ehmt2	R400W	Missense	-0.087142866
4089	Ehmt2		No Mutation	-0.031094855
4090	Ehmt2	R410K	Missense	0.1367782620525206
4091	Ehmt2		No Mutation	0.2400828547377447
4092	Ehmt2	P408L	Missense	-0.453291406
4093	Ehmt2		No Mutation	-0.063317851
4094	Ehmt2	R415*	Nonsense	0.018553475
4095	Ehmt2	P417S	Missense	0.0145049316603855
4096	Ehmt2	A420V	Missense	0.3294656006110642
4097	Ehmt2	E422K	Missense	-0.020873037
4098	Ehmt2	R424K	Missense	0.6017957330543058
4099	Ehmt2	P423S	Missense	-0.110893966
4100	Ehmt2	(NC);(NC)	Splice-donor;Intron	-0.141204114
4101	Ehmt2	(NC)	Intron	-0.735310849
4102	Ehmt2	(NC);(NC)	Intron;Intron	0.098118039
4103	Ehmt2	(NC);(NC);(NC)	Intron;Intron;Intron	0.076389131
4104	Ehmt2	(NC)	Intron	-0.043876079
4105	Ehmt2	(NC)	Intron	-0.484375997
4106	Ehmt2	(NC)	Intron	-0.041093759
4107	Ehmt2		No Mutation	-0.14994588
4108	Ehmt2		No Mutation	-0.131980482
4109	Ehmt2	P434S	Missense	0.306091045
4110	Ehmt2	E436E	Silent	-0.324946187
4111	Ehmt2	P434F	Missense	0.0432378434636297
4112	Ehmt2	E439K;V440I	Missense;Missense	-0.363653531
4113	Ehmt2	E439E;V440I	Silent;Missense	0.063288165
4114	Ehmt2	Y437Y	Silent	0.067570274
4115	Ehmt2	Y437Y	Silent	-0.009271063
4116	Ehmt2	Y437Y	Silent	-0.151898067
4117	Ehmt2	P441S	Missense	-0.145807014
4118	Ehmt2	E446K	Missense	0.2636804816457792
4119	Ehmt2	S444S;L445L	Silent;Silent	0.1885875973120488
4120	Ehmt2	L445L	Silent	-0.191671043
4121	Ehmt2		No Mutation	0.2814358485178327
4122	Ehmt2	S449N;E450K	Missense;Missense	0.085852987
4123	Ehmt2	E450K;G451R	Missense;Missense	-0.010589023
4124	Ehmt2		No Mutation	0.074968786
4125	Ehmt2		No Mutation	-0.013036563
4126	Ehmt2	L453F;S454F	Missense;Missense	0.4940236556212934
4127	Ehmt2	A458T	Missense	0.2223046435232941
4128	Ehmt2	A458T;G459R	Missense;Missense	-0.141070748
4129	Ehmt2	(NC)	Splice-donor	0.1051074040268357
4130	Ehmt2		No Mutation	0.0375691778767146
4131	Ehmt2		No Mutation	-0.068533131
4132	Ehmt2		No Mutation	0.068625606
4133	Ehmt2	(NC)	Intron	0.2664530871785845
4134	Ehmt2		No Mutation	0.242970379232733
4135	Ehmt2		No Mutation	0.0201329421077163
4136	Ehmt2	(NC)	Intron	-0.346940295
4137	Ehmt2	(NC);(NC)	Intron;Intron	-0.208041331
4138	Ehmt2		No Mutation	-0.052661238
4139	Ehmt2	S461S	Silent	0.5126137608076697
4140	Ehmt2	L467L	Silent	0.4486230632414312
4141	Ehmt2	S466L;L467L	Missense;Silent	-0.010026598
4142	Ehmt2	S466L;L467L	Missense;Silent	0.002325419
4143	Ehmt2	T469I	Missense	-0.408401741
4144	Ehmt2	P477P;L478F	Silent;Missense	0.1790144312538206
4145	Ehmt2	L478L;C479C	Silent;Silent	0.05768652
4146	Ehmt2	R482H	Missense	0.5404199811193924
4147	Ehmt2	R482H;M483I	Missense;Missense	0.3567133219526776
4148	Ehmt2	M483I;E484K	Missense;Missense	-0.055299895
4149	Ehmt2	K487K	Silent	-0.401300682
4150	Ehmt2	S492N	Missense	-0.127089832
4151	Ehmt2	S492N	Missense	-0.551897634
4152	Ehmt2	R490C	Missense	-0.491198803
4153	Ehmt2	R490R;I491I	Silent;Silent	0.130582429370512
4154	Ehmt2	A495T;G496R	Missense;Missense	-0.060660552
4155	Ehmt2	A495V	Missense	0.087226219
4156	Ehmt2	C499C	Silent	0.071089822
4157	Ehmt2	A501V;T502I	Missense;Missense	-0.077395431
4158	Ehmt2		No Mutation	0.093877637
4159	Ehmt2	G507K	Missense	0.6776200103742513
4160	Ehmt2		No Mutation	0.282528736362243
4161	Ehmt2		No Mutation	0.2864407022538424
4162	Ehmt2		No Mutation	0.0293862504064098
4163	Ehmt2		No Mutation	0.2582971997328568
4164	Ehmt2		No Mutation	-0.584463785
4165	Ehmt2		No Mutation	-0.029067485
4166	Ehmt2	(NC)	Intron	0.2847867235344747
4167	Ehmt2		No Mutation	0.8845294668232542
4168	Ehmt2		No Mutation	-0.375404096
4169	Ehmt2		No Mutation	-0.131899939
4170	Ehmt2	(NC)	Splice-acceptor	0.3592145928123407
4171	Ehmt2	(NC);(NC);(NC)	Intron;Intron;Intron	0.91369961568609
4172	Ehmt2	(NC);(NC)	Intron;Intron	0.093919536
4173	Ehmt2	(NC)	Splice-acceptor	0.4079639016850505
4174	Ehmt2	L510L;G511S	Silent;Missense	-0.191406595
4175	Ehmt2	C512Y	Missense	0.2437461019835201
4176	Ehmt2	C512Y	Missense	0.5164054536311352
4177	Ehmt2	A515T	Missense	0.4853534072789569
4178	Ehmt2	A514V	Missense	-0.346966955
4179	Ehmt2	A514V	Missense	-0.004524642
4180	Ehmt2		No Mutation	-0.326204712
4181	Ehmt2	E520E	Silent	-0.211666458
4182	Ehmt2	M522I	Missense	0.3326501387585939
4183	Ehmt2	R523W;P524S	Missense;Missense	0.3689706652477519
4184	Ehmt2	S526N;R527H	Missense;Missense	-0.136456468
4185	Ehmt2	S526S;R527C	Silent;Missense	-0.027413088
4186	Ehmt2	A529T	Missense	0.093437205
4187	Ehmt2	M531I;V532I	Missense;Missense	0.1280210801371572
4188	Ehmt2	L530L	Silent	0.023128324
4189	Ehmt2	A536V;H537Y	Missense;Missense	-0.177258895
4190	Ehmt2	M541I;V542I	Missense;Missense	0.2951812587233038
4191	Ehmt2	M541I;V542I	Missense;Missense	-0.015339225
4192	Ehmt2		No Mutation	-0.051349028
4193	Ehmt2		No Mutation	0.06305842
4194	Ehmt2	V542V;H544Y	Silent;Missense	0.137589828553988
4195	Ehmt2	H544Y	Missense	-0.004852578
4196	Ehmt2	H545Y	Missense	-0.305610415
4197	Ehmt2	C550Y;G551S	Missense;Missense	0.1219703038404271
4198	Ehmt2		No Mutation	0.084439137
4199	Ehmt2	C550C;G551G	Silent;Silent	0.1806242546549699
4200	Ehmt2	T555I;A556V	Missense;Missense	-0.361839769
4201	Ehmt2	A556V	Missense	-0.107472379
4202	Ehmt2	A556V	Missense	-0.016118844
4203	Ehmt2		No Mutation	0.3420854731334475
4204	Ehmt2	(NC)	Intron	0.02049818
4205	Ehmt2	(NC);(NC)	Intron;Intron	-0.152000468
4206	Ehmt2	(NC);(NC)	Intron;Intron	0.0164841578441869
4207	Ehmt2	(NC);(NC);(NC)	Intron;Intron;Intron	0.1022660652174188
4208	Ehmt2	(NC);G557N	Splice-acceptor;Missense	0.135277235458145
4209	Ehmt2	(NC);(NC);(NC);(NC)	Intron;Intron;Intron;Intron	0.7140151616239365
4210	Ehmt2		No Mutation	0.3490850895021784
4211	Ehmt2		No Mutation	-0.187015772
4212	Ehmt2	L560L;E561K	Silent;Missense	0.1356399830956558
4213	Ehmt2	L560L;E561K	Silent;Missense	0.2039080841279255
4214	Ehmt2	L560L;E561K	Silent;Missense	0.070131007
4215	Ehmt2		No Mutation	-0.217030494
4216	Ehmt2	D565N	Missense	-0.090441702
4217	Ehmt2	V568I;A569T	Missense;Missense	0.5711650381546947
4218	Ehmt2	A569T	Missense	-0.041752407
4219	Ehmt2	A569T	Missense	-0.009932189
4220	Ehmt2		No Mutation	-0.0294929
4221	Ehmt2	A569V;H570Y	Missense;Missense	0.074536927
4222	Ehmt2	C576Y;V577I	Missense;Missense	1.5000963768980602
4223	Ehmt2		No Mutation	-0.140681108
4224	Ehmt2	C576C	Silent	0.209363915438241
4225	Ehmt2	C576C	Silent	0.3206931614761113
4226	Ehmt2		No Mutation	0.2307872284198448
4227	Ehmt2	S578F;Q579*	Missense;Nonsense	0.3808848594391527
4228	Ehmt2	M583I;V584I	Missense;Missense	0.064151478
4229	Ehmt2	M583I;V584I	Missense;Missense	-0.358652486
4230	Ehmt2	V584V	Silent	-0.740404678
4231	Ehmt2	F585F;P587S	Silent;Missense	0.7056179769904444
4232	Ehmt2	D592N;A593T	Missense;Missense	-0.020520451
4233	Ehmt2	A593T	Missense	0.2978188493542584
4234	Ehmt2		No Mutation	-0.116995192
4235	Ehmt2	A593T	Missense	-0.492687373
4236	Ehmt2		No Mutation	-0.314273252
4237	Ehmt2	A593V	Missense	0.6353382634673745
4238	Ehmt2	E598E;V599I	Silent;Missense	-0.236677117
4239	Ehmt2		No Mutation	0.1947782152972001
4240	Ehmt2		No Mutation	0.3332047233632752
4241	Ehmt2		No Mutation	-0.358014158
4242	Ehmt2		No Mutation	0.057400304
4243	Ehmt2		No Mutation	0.3594449611564727
4244	Ehmt2	T600I	Missense	-0.31150429
4245	Ehmt2	T600I	Missense	-0.078140305
4246	Ehmt2	T600T;P602S	Silent;Missense	-0.154332155
4247	Ehmt2	P602F	Missense	0.1486002305714467
4248	Ehmt2	G606K	Missense	0.033926446
4249	Ehmt2	G607K	Missense	0.074787825
4250	Ehmt2		No Mutation	0.049630385
4251	Ehmt2	A614T;A615T	Missense;Missense	0.0285686418041033
4252	Ehmt2	A615T	Missense	0.1434097466329243
4253	Ehmt2	A615T	Missense	0.0212938318689839
4254	Ehmt2	A615T	Missense	-0.081620037
4255	Ehmt2	L618L	Silent	0.042514295
4256	Ehmt2	P616F	Missense	0.9543651799107508
4257	Ehmt2	L621L;A622T	Silent;Missense	0.092991248
4258	Ehmt2	L621L;A622V	Silent;Missense	-0.133744365
4259	Ehmt2	D624N;A625T	Missense;Missense	-0.083998241
4260	Ehmt2	A622V	Missense	-0.172552288
4261	Ehmt2	A625T	Missense	0.2260729479139194
4262	Ehmt2		No Mutation	0.1435933938656334
4263	Ehmt2	G627R	Missense	0.089189504
4264	Ehmt2		No Mutation	0.00011396
4265	Ehmt2		No Mutation	0.052852122
4266	Ehmt2		No Mutation	-0.169171705
4267	Ehmt2		No Mutation	0.2105362438778577
4268	Ehmt2	A629V	Missense	-0.204204977
4269	Ehmt2	T631I;S632F	Missense;Missense	-0.05819997
4270	Ehmt2	(NC);(NC)	Intron;Intron	0.3978542824233922
4271	Ehmt2	(NC);(NC)	Intron;Intron	-0.088677062
4272	Ehmt2	(NC)	Intron	-0.499720942
4273	Ehmt2		No Mutation	-0.339523002
4274	Ehmt2	R637Q	Missense	0.1326921406107685
4275	Ehmt2	(NC);(NC)	Intron;Intron	-0.034543458
4276	Ehmt2	(NC);S635S	Intron;Silent	-0.447632135
4277	Ehmt2	M638I;R639Q;G640R	Missense;Missense;Missense	0.009028023
4278	Ehmt2	A636V;R637*	Missense;Nonsense	0.064954252
4279	Ehmt2	G642K	Missense	-0.258476256
4280	Ehmt2	G642K;E643K	Missense;Missense	-0.215674614
4281	Ehmt2		No Mutation	0.199266086349628
4282	Ehmt2	C649Y;D650N	Missense;Missense	0.1424024158453961
4283	Ehmt2	R646R;P647L;P648S	Silent;Missense;Missense	-0.059307518
4284	Ehmt2	L652L;A653T	Silent;Missense	0.1400327426265365
4285	Ehmt2	L652L;A653T	Silent;Missense	0.2128286351239163
4286	Ehmt2	A653T;D654N	Missense;Missense	0.1008069953432326
4287	Ehmt2	D654N	Missense	0.1133910652411136
4288	Ehmt2	D657N	Missense	-0.053128593
4289	Ehmt2	D657N	Missense	0.1449265060697957
4290	Ehmt2	D657N	Missense	0.1392767643170378
4291	Ehmt2	D654D;T655I	Silent;Missense	0.6294415688985893
4292	Ehmt2	D654D;T655I	Silent;Missense	-0.671199054
4293	Ehmt2	G660E	Missense	0.1065607323797037
4294	Ehmt2	S662L;L663L	Missense;Silent	-0.037158318
4295	Ehmt2	S662L;L663L	Missense;Silent	-0.15355278
4296	Ehmt2	L663L	Silent	0.4590942267919109
4297	Ehmt2	L663L;T664I	Silent;Missense	-0.312219661
4298	Ehmt2		No Mutation	-0.261512774
4299	Ehmt2		No Mutation	0.1740060214156769
4300	Ehmt2	G669G	Silent	-0.008238511
4301	Ehmt2	G669G	Silent	-0.042203713
4302	Ehmt2	L676L	Silent	-0.170787489
4303	Ehmt2	A673V	Missense	-0.212554419
4304	Ehmt2	A673V	Missense	-0.247342595
4305	Ehmt2		No Mutation	0.018859897
4306	Ehmt2	L676L	Silent	-0.063778738
4307	Ehmt2	L676L	Silent	0.2382845081550601
4308	Ehmt2	P677F	Missense	-0.192465626
4309	Ehmt2	P677F;P678S	Missense;Missense	-0.139134383
4310	Ehmt2	R682K;E683K	Missense;Missense	0.090797833
4311	Ehmt2	R682K;E683K	Missense;Missense	-0.208800748
4312	Ehmt2	P680L	Missense	-0.112828181
4313	Ehmt2	R682R;E683K;A684T	Silent;Missense;Missense	-0.015498928
4314	Ehmt2	E683K;A684T	Missense;Missense	-0.475789976
4315	Ehmt2	A684V;L685L	Missense;Silent	0.2543095135332298
4316	Ehmt2		No Mutation	-0.586397698
4317	Ehmt2	V690V;I691I	Silent;Silent	0.001040232
4318	Ehmt2	E693E	Silent	-0.067140579
4319	Ehmt2	(NC);(NC);(NC)	Splice-donor;Intron;Intron	-0.063686211
4320	Ehmt2		No Mutation	-0.202017457
4321	Ehmt2	(NC);(NC);(NC);(NC)	Intron;Intron;Intron;Intron	-0.138710738
4322	Ehmt2	(NC);(NC);(NC)	Intron;Intron;Intron	-0.405394029
4323	Ehmt2	(NC);(NC)	Intron;Splice-acceptor	-0.057256371
4324	Ehmt2	(NC);R696R	Splice-acceptor;Silent	0.044859213
4325	Ehmt2	(NC);R696R	Splice-acceptor;Silent	0.3560255533109491
4326	Ehmt2	(NC);R696R;R697Q	Splice-acceptor;Silent;Missense	0.024730965
4327	Ehmt2	R697Q	Missense	0.1630814798901101
4328	Ehmt2	K698K;K699K	Silent;Silent	0.5787768570736415
4329	Ehmt2	K698K;K699K	Silent;Silent	0.053441271
4330	Ehmt2	K699K	Silent	0.097153107
4331	Ehmt2	L700L	Silent	0.2926424905328899
4332	Ehmt2	R705W;Q706*	Missense;Nonsense	-0.119472945
4333	Ehmt2	L707L	Silent	0.5862994668661875
4334	Ehmt2	L709L	Silent	0.001211207
4335	Ehmt2	L709L	Silent	-0.108366223
4336	Ehmt2	Y708Y;L709L	Silent;Silent	-0.009968742
4337	Ehmt2	Y708Y;L709L	Silent;Silent	0.1823820281650612
4338	Ehmt2	Y708Y;L709L	Silent;Silent	-0.492983515
4339	Ehmt2	Y708Y;L709L	Silent;Silent	-0.239687063
4340	Ehmt2	Q713Q;G714K;E715K	Silent;Missense;Missense	-0.005239944
4341	Ehmt2	Q713*	Nonsense	0.0592864197040778
4342	Ehmt2	(NC);(NC)	Intron;Intron	0.1669981305338531
4343	Ehmt2	(NC)	Intron	0.045637572
4344	Ehmt2	(NC)	Intron	-0.212787015
4345	Ehmt2	(NC)	Intron	0.2907040754204512
4346	Ehmt2	(NC);(NC)	Intron;Intron	-0.151539509
4347	Ehmt2	L727L;D728N	Silent;Missense	0.485157688817992
4348	Ehmt2	Q732Q	Silent	-0.254958874
4349	Ehmt2	D734N	Missense	0.0100167808172147
4350	Ehmt2	D734N	Missense	0.1150239685750283
4351	Ehmt2	Q735Q	Silent	0.1315445929914708
4352	Ehmt2	Q736Q;S737N	Silent;Missense	0.080488268
4353	Ehmt2	T740T	Silent	-0.172695101
4354	Ehmt2	R739C	Missense	-0.120292786
4355	Ehmt2	H743Y	Missense	-0.412056858
4356	Ehmt2	H743Y;A744V	Missense;Missense	0.0620958836311656
4357	Ehmt2	A746T	Missense	0.1081653153438768
4358	Ehmt2	H743H;A744V	Silent;Missense	-0.204090258
4359	Ehmt2	Q747Q	Silent	0.2727161306070739
4360	Ehmt2	Q747Q	Silent	-0.074247277
4361	Ehmt2	A745V	Missense	0.024611584
4362	Ehmt2	S750S;V751I	Silent;Missense	0.510555005
4363	Ehmt2	E752K	Missense	0.264638971265747
4364	Ehmt2	E752K	Missense	-0.093729147
4365	Ehmt2	I753I;H755Y	Silent;Missense	-0.341407139
4366	Ehmt2	(NC);(NC)	Intron;Intron	0.6202785605689826
4367	Ehmt2		No Mutation	-0.121465164
4368	Ehmt2	(NC);(NC)	Intron;Intron	-0.107659431
4369	Ehmt2	(NC)	Splice-acceptor	0.1785431896302204
4370	Ehmt2		No Mutation	0.2571292097313775
4371	Ehmt2	D768N	Missense	-0.031014478
4372	Ehmt2	R772H	Missense	0.4636891644436735
4373	Ehmt2	Q771*;R772C	Nonsense;Missense	0.2254801310937143
4374	Ehmt2	R772C	Missense	-0.09614537
4375	Ehmt2	P774L;L775L	Missense;Silent	-0.068307563
4376	Ehmt2	V779I;V780M	Missense;Missense	-0.074029263
4377	Ehmt2	A778A	Silent	-0.214261391
4378	Ehmt2		No Mutation	-0.076173461
4379	Ehmt2	L784L	Silent	-0.007313416
4380	Ehmt2	N781N	Silent	-0.112213808
4381	Ehmt2		No Mutation	-0.071629516
4382	Ehmt2	R788H	Missense	0.1536440670332514
4383	Ehmt2		No Mutation	-0.458523945
4384	Ehmt2	R788C	Missense	-0.091357671
4385	Ehmt2	Y789Y	Silent	-0.286601387
4386	Ehmt2	G795G	Silent	-0.345737163
4387	Ehmt2	V797V	Silent	-0.014387022
4388	Ehmt2	V797V	Silent	-0.036460071
4389	Ehmt2	Y798Y	Silent	0.0298735475097007
4390	Ehmt2		No Mutation	-0.064053728
4391	Ehmt2		No Mutation	-0.134701168
4392	Ehmt2		No Mutation	0.1519800416350616
4393	Ehmt2	(NC)	Intron	-0.020217533
4394	Ehmt2		No Mutation	-0.18811635
4395	Ehmt2	(NC);(NC);(NC)	Intron;Intron;Intron	0.3061938166201032
4396	Ehmt2	G804N	Missense	-0.016221996
4397	Ehmt2	G804N	Missense	-0.092777701
4398	Ehmt2	A811T	Missense	0.7156130499128701
4399	Ehmt2	A812T	Missense	-0.094661237
4400	Ehmt2	H809Y;H810Y	Missense;Missense	-0.002690399
4401	Ehmt2	H810Y	Missense	0.1634625274506601
4402	Ehmt2	A812V	Missense	-0.212448662
4403	Ehmt2		No Mutation	-0.250149011
4404	Ehmt2	L817L;E818K	Silent;Missense	-0.715496504
4405	Ehmt2	S821S;L822L	Silent;Silent	-0.037829634
4406	Ehmt2	L823L;L824L	Silent;Silent	0.1284806755422213
4407	Ehmt2	L824L	Silent	0.023189331154632
4408	Ehmt2	G827K	Missense	-0.064500105
4409	Ehmt2		No Mutation	-0.089267711
4410	Ehmt2	A833V;Q834*	Missense;Nonsense	-0.58026225
4411	Ehmt2	(NC);(NC)	Intron;Intron	-0.222807404
4412	Ehmt2	(NC);(NC);(NC)	Intron;Intron;Intron	0.017552229898575
4413	Ehmt2	(NC);(NC);(NC)	Intron;Intron;Intron	0.1175978517049057
4414	Ehmt2		No Mutation	0.2503274217762077
4415	Ehmt2		No Mutation	0.3144973220913803
4416	Ehmt2	(NC);(NC)	Intron;Intron	-0.125213645
4417	Ehmt2	(NC);D835N	Splice-acceptor;Missense	0.3835055064025192
4418	Ehmt2	(NC);(NC);(NC)	Intron;Intron;Intron	0.1156902338880759
4419	Ehmt2	(NC);(NC);(NC)	Intron;Intron;Intron	0.1505066264647905
4420	Ehmt2	(NC);(NC);(NC)	Intron;Intron;Intron	-0.078338219
4421	Ehmt2	D835N;S836N	Missense;Missense	-0.388272724
4422	Ehmt2	(NC);(NC)	Intron;Intron	0.1046016843715836
4423	Ehmt2	S836N;G837K	Missense;Missense	0.2861303998557304
4424	Ehmt2	G837G;G838N	Silent;Missense	0.2598248440786722
4425	Ehmt2	G838N;W839*	Missense;Nonsense	0.0289136064371616
4426	Ehmt2	G838G	Silent	0.045194114
4427	Ehmt2	G838G	Silent	0.0238745613612232
4428	Ehmt2	A846T;E847K	Missense;Missense	0.009363475
4429	Ehmt2	E847K	Missense	-0.158266132
4430	Ehmt2	D852N	Missense	0.4172985058203801
4431	Ehmt2	R855C	Missense	0.1031722484014852
4432	Ehmt2	R855C	Missense	0.06611098
4433	Ehmt2	R855C	Missense	0.003457949
4434	Ehmt2		No Mutation	-0.144187935
4435	Ehmt2		No Mutation	-0.001188996
4436	Ehmt2	D868N	Missense	0.2824900224058655
4437	Ehmt2	T865I;L866L	Missense;Silent	0.2124471059036551
4438	Ehmt2	T865T;L866L	Silent;Silent	0.0246814561301047
4439	Ehmt2	(NC);(NC);(NC)	Intron;Intron;Intron	0.2536042018667003
4440	Ehmt2	(NC);(NC);(NC);(NC)	Intron;Intron;Intron;Intron	0.353807201
4441	Ehmt2		No Mutation	0.0331073116411952
4442	Ehmt2		No Mutation	0.0283215202027574
4443	Ehmt2		No Mutation	0.314566093
4444	Ehmt2		No Mutation	0.099081344
4445	Ehmt2	(NC);(NC);(NC)	Intron;Intron;Intron	0.4739013050607487
4446	Ehmt2	(NC);E870K;E871K	Splice-acceptor;Missense;Missense	0.1503739068680326
4447	Ehmt2	N872N	Silent	0.0207510161373027
4448	Ehmt2	N872N	Silent	-0.367068779
4449	Ehmt2	H876Y	Missense	0.8013185062027981
4450	Ehmt2	H876Y	Missense	0.085250884
4451	Ehmt2		No Mutation	0.2312490759327696
4452	Ehmt2	S883N;A884T	Missense;Missense	-0.088635608
4453	Ehmt2	A885T	Missense	0.053159471
4454	Ehmt2		No Mutation	0.4491637973211462
4455	Ehmt2		No Mutation	0.10391800512162
4456	Ehmt2	L891L	Silent	0.1519306789050994
4457	Ehmt2	Q894Q;C895Y;D896N	Silent;Missense;Missense	-0.571658468
4458	Ehmt2	A899T	Missense	0.3131313823100897
4459	Ehmt2	A899T;V900I	Missense;Missense	-0.545853285
4460	Ehmt2	H898Y;A899V	Missense;Missense	0.7530524651371593
4461	Ehmt2	A899V	Missense	0.095703786
4462	Ehmt2	A899V	Missense	-0.156997502
4463	Ehmt2	G904R	Missense	-0.000917362
4464	Ehmt2	L908L	Silent	-0.250570679
4465	Ehmt2	P907L;L908L	Missense;Silent	-0.170852297
4466	Ehmt2	P907P;L908L;H909Y	Silent;Silent;Missense	0.1078429462961141
4467	Ehmt2	A912T;R913K	Missense;Missense	0.059089868
4468	Ehmt2	R913K	Missense	0.2928337901238933
4469	Ehmt2		No Mutation	0.16777455
4470	Ehmt2	D918N	Missense	-0.378012349
4471	Ehmt2	(NC);(NC)	Splice-donor;Intron	0.2637499716469264
4472	Ehmt2	(NC);(NC)	Intron;Intron	-0.016704667
4473	Ehmt2		No Mutation	0.4107711830831373
4474	Ehmt2	(NC);L921L	Splice-acceptor;Silent	-0.122540955
4475	Ehmt2	L924L	Silent	-0.374938937
4476	Ehmt2		No Mutation	-0.130839353
4477	Ehmt2		No Mutation	-0.063766918
4478	Ehmt2	A928V	Missense	-0.079661739
4479	Ehmt2	R933Q	Missense	-0.027443219
4480	Ehmt2	L932F	Missense	-0.078999222
4481	Ehmt2	E936K	Missense	-1.784263083
4482	Ehmt2	E936K	Missense	-0.131982791
4483	Ehmt2	N934N	Silent	-0.032104647
4484	Ehmt2		No Mutation	-0.003457298
4485	Ehmt2		No Mutation	-0.014004463
4486	Ehmt2	P945L	Missense	-0.320881126
4487	Ehmt2	V950I	Missense	-0.640488154
4488	Ehmt2	V950I	Missense	0.1946951002695902
4489	Ehmt2	V950I;W951*	Missense;Nonsense	-0.014201319
4490	Ehmt2	L956F	Missense	0.2260941606945228
4491	Ehmt2	R958*	Nonsense	0.07413508
4492	Ehmt2	R958*	Nonsense	0.2093830580553765
4493	Ehmt2	R958*	Nonsense	0.5716118239875976
4494	Ehmt2	L960F	Missense	-0.087413532
4495	Ehmt2	L960F	Missense	0.071305934
4496	Ehmt2	L962F	Missense	0.1188884706287655
4497	Ehmt2	L962F	Missense	0.2592994736055213
4498	Ehmt2	E972K	Missense	0.1258626987154945
4499	Ehmt2	T971I	Missense	0.1423335714273824
4500	Ehmt2		No Mutation	0.2587148113925356
4501	Ehmt2	C976Y;R977Q;(NC)	Missense;Missense;Splice-donor	-0.114435261
4502	Ehmt2	(NC)	Intron	0.08661195
4503	Ehmt2	(NC)	Intron	-0.296299262
4504	Ehmt2	(NC)	Intron	-0.414540219
4505	Ehmt2	(NC)	Intron	0.2693857355947926
4506	Ehmt2	V979I;A980T	Missense;Missense	-0.062415936
4507	Ehmt2		No Mutation	0.033058196
4508	Ehmt2	V979I;A980T	Missense;Missense	0.1683727790787639
4509	Ehmt2	A980T	Missense	0.3560843609307393
4510	Ehmt2	V986I	Missense	-0.034943333
4511	Ehmt2	V986I	Missense	-0.233111639
4512	Ehmt2	P987F	Missense	-0.162076319
4513	Ehmt2	I988I;P989F	Silent;Missense	-0.290393698
4514	Ehmt2	G993N	Missense	-0.43580169
4515	Ehmt2	G993N	Missense	-0.153321749
4516	Ehmt2		No Mutation	0.2163548639722641
4517	Ehmt2	V991V	Silent	0.1658633934660706
4518	Ehmt2	V991V	Silent	0.465161611
4519	Ehmt2	V994I;D995N	Missense;Missense	-0.925904582
4520	Ehmt2	V994I;D995N	Missense;Missense	0.0108026446053655
4521	Ehmt2	V994V;D995N	Silent;Missense	0.076747805
4522	Ehmt2		No Mutation	0.1232276327463345
4523	Ehmt2		No Mutation	0.00828632
4524	Ehmt2		No Mutation	0.1455642808814656
4525	Ehmt2	K1004K	Silent	-0.132672113
4526	Ehmt2		No Mutation	0.008020557
4527	Ehmt2	R1019H	Missense	-0.082903246
4528	Ehmt2	R1019R;N1020N	Silent;Silent	0.044540084
4529	Ehmt2	L1024L	Silent	0.1039501914707529
4530	Ehmt2	I1021I;T1022I	Silent;Missense	-0.744095366
4531	Ehmt2	(NC);(NC)	Intron;Intron	-0.036673757
4532	Ehmt2	(NC)	Intron	-0.384895913
4533	Ehmt2	(NC)	Splice-acceptor	0.2451916627861954
4534	Ehmt2	(NC);H1026Y	Intron;Missense	0.2513407523419779
4535	Ehmt2	T1028T;C1029Y;V1030M	Silent;Missense;Missense	0.009951691
4536	Ehmt2	C1029Y;V1030M	Missense;Missense	0.1829149743777248
4537	Ehmt2	S1035S;S1036F	Silent;Missense	-0.023331214
4538	Ehmt2	C1040Y	Missense	0.1377488582635787
4539	Ehmt2	G1041D;Q1042Q	Missense;Silent	-0.156247636
4540	Ehmt2	S1044N	Missense	0.3543353702309661
4541	Ehmt2	L1043F	Missense	0.4459327717742136
4542	Ehmt2	I1045I;R1046*	Silent;Nonsense	0.2671456402083378
4543	Ehmt2	K1051K;(NC)	Silent;Splice-donor	0.039065237
4544	Ehmt2	(NC)	Intron	-0.225343965
4545	Ehmt2	(NC)	Intron	-0.029149835
4546	Ehmt2	(NC);(NC);(NC);(NC)	Intron;Intron;Intron;Intron	-0.001023467
4547	Ehmt2	(NC);(NC);(NC);(NC)	Intron;Intron;Intron;Intron	0.0209959414331154
4548	Ehmt2	(NC);(NC);(NC);(NC)	Intron;Intron;Intron;Intron	-0.169039636
4549	Ehmt2	(NC)	Splice-acceptor	0.2795142453928714
4550	Ehmt2	(NC);D1052N	Splice-acceptor;Missense	0.3726480921062383
4551	Ehmt2	(NC);D1052N	Splice-acceptor;Missense	0.3229773043106949
4552	Ehmt2	(NC);(NC);(NC)	Intron;Intron;Intron	-0.294749095
4553	Ehmt2	D1052N;G1053K	Missense;Missense	0.0425210964349911
4554	Ehmt2	G1053K	Missense	0.0227131606775217
4555	Ehmt2	G1053E;R1054Q	Missense;Missense	-0.119904132
4556	Ehmt2	D1052D	Silent	0.1067010792525324
4557	Ehmt2	L1055L	Silent	-0.481710113
4558	Ehmt2	L1055L	Silent	-0.135095169
4559	Ehmt2	L1055L	Silent	0.3984135436308601
4560	Ehmt2	K1061K;E1063K	Silent;Missense	-0.062781827
4561	Ehmt2	E1069K;C1070Y	Missense;Missense	0.743898236
4562	Ehmt2	E1069E;C1070Y	Silent;Missense	0.2864537271069162
4563	Ehmt2	I1067I	Silent	0.2555423065520004
4564	Ehmt2	E1069E;C1070Y	Silent;Missense	0.4030352094868731
4565	Ehmt2	C1070Y	Missense	-0.072092634
4566	Ehmt2	C1070Y	Missense	0.2913468012758292
4567	Ehmt2		No Mutation	-0.364721756
4568	Ehmt2	N1071N;Q1072*	Silent;Nonsense	0.1741585356813449
4569	Ehmt2	W1077*	Nonsense	0.2401243566853208
4570	Ehmt2	C1080Y;K1081K	Missense;Silent	-0.256138645
4571	Ehmt2	S1079S	Silent	0.1772388846923649
4572	Ehmt2	N1082N;R1083C	Silent;Missense	-0.061565258
4573	Ehmt2	G1088N	Missense	0.0152354178440123
4574	Ehmt2	Q1086*	Nonsense	-0.081235695
4575	Ehmt2		No Mutation	0.2607515312969398
4576	Ehmt2	(NC);(NC);(NC)	Intron;Intron;Intron	-0.191487453
4577	Ehmt2	(NC);(NC);(NC);(NC)	Intron;Intron;Intron;Intron	0.008216987
4578	Ehmt2	(NC);(NC);(NC)	Intron;Intron;Intron	0.0506209027866276
4579	Ehmt2	(NC);K1090K;V1091I	Splice-acceptor;Silent;Missense	0.2011070680832853
4580	Ehmt2	K1090K;V1091I	Silent;Missense	0.023268618
4581	Ehmt2	R1092Q;L1093L	Missense;Silent	0.1894791366027363
4582	Ehmt2	L1093L;Q1094Q	Silent;Silent	-0.061356368
4583	Ehmt2	R1092W	Missense	-0.439327621
4584	Ehmt2	L1095L;Y1096Y;R1097W	Silent;Silent;Missense	0.2281538417438176
4585	Ehmt2	Y1096Y;R1097W	Silent;Missense	0.0117104146066696
4586	Ehmt2	T1098I	Missense	0.1615350472412789
4587	Ehmt2	T1098I	Missense	0.042109275
4588	Ehmt2	T1098I;A1099V	Missense;Missense	0.5119505554939652
4589	Ehmt2	T1098I;A1099V	Missense;Missense	0.4167021930356717
4590	Ehmt2	A1099V	Missense	0.2312728363820103
4591	Ehmt2	M1101I;G1102N	Missense;Missense	0.1813502519294831
4592	Ehmt2	G1104E;V1105I	Missense;Missense	0.3425092810796685
4593	Ehmt2	A1107A;Q1109*	Silent;Nonsense	0.1505293335794399
4594	Ehmt2		No Mutation	0.1965870959470402
4595	Ehmt2	Q1109*	Nonsense	0.5242919925216838
4596	Ehmt2	Q1113Q	Silent	0.2261436962915933
4597	Ehmt2	T1115T	Silent	0.069717578
4598	Ehmt2		No Mutation	0.1453792812448539
4599	Ehmt2	C1118Y	Missense	0.074513647
4600	Ehmt2	C1118Y	Missense	0.022979006
4601	Ehmt2	C1118Y;E1119K	Missense;Missense	0.2815221147695599
4602	Ehmt2	C1118C	Silent	0.1042716955796891
4603	Ehmt2	(NC)	Intron	-0.211073793
4604	Ehmt2		No Mutation	-0.424380761
4605	Ehmt2	(NC);(NC);(NC)	Intron;Intron;Intron	0.4122070759701592
4606	Ehmt2	G1122E;E1123K	Missense;Missense	0.3670972080391961
4607	Ehmt2	L1124L	Silent	-0.153385015
4608	Ehmt2	A1128A	Silent	0.2676610874099112
4609	Ehmt2	R1133K;E1134K	Missense;Missense	-0.121084539
4610	Ehmt2	L1139L;F1140F	Silent;Silent	-0.099317127
4611	Ehmt2	F1140F	Silent	0.078626427
4612	Ehmt2		No Mutation	1.0220919740989414
4613	Ehmt2		No Mutation	0.010415982889505
4614	Ehmt2	(NC)	Intron	-0.011872215
4615	Ehmt2	(NC)	Intron	0.0304601816059921
4616	Ehmt2	E1148K;V1149I	Missense;Missense	0.2511733508241548
4617	Ehmt2	E1148E;V1149I	Silent;Missense	0.1696152650782824
4618	Ehmt2	V1149I	Missense	0.2757632210606835
4619	Ehmt2		No Mutation	0.924580575
4620	Ehmt2		No Mutation	0.3301203974859361
4621	Ehmt2		No Mutation	-0.045229159
4622	Ehmt2		No Mutation	0.1911175476491401
4623	Ehmt2		No Mutation	0.1101634248718202
4624	Ehmt2	L1167L	Silent	-0.051660627
4625	Ehmt2		No Mutation	-0.403977707
4626	Ehmt2		No Mutation	0.2062983017899176
4627	Ehmt2	P1170L;N1171N	Missense;Silent	0.3028621438802737
4628	Ehmt2	P1170P;N1171N	Silent;Silent	0.2717515999563811
4629	Ehmt2	V1175I	Missense	-0.607413539
4630	Ehmt2	V1175I;R1176Q	Missense;Missense	0.5920438686575525
4631	Ehmt2	R1176Q	Missense	0.1258356679867571
4632	Ehmt2	M1179I	Missense	0.1294744232203218
4633	Ehmt2	M1179I	Missense	0.1973875068860942
4634	Ehmt2	L1180L	Silent	0.3625239821564694
4635	Ehmt2	L1180L	Silent	-0.058020723
4636	Ehmt2		No Mutation	-0.010192841
4637	Ehmt2		No Mutation	0.2625943798763939
4638	Ehmt2	S1193N	Missense	0.0142888211190542
4639	Ehmt2	A1190V	Missense	0.081464091
4640	Ehmt2	A1190V	Missense	0.3777297754044264
4641	Ehmt2	F1192F;S1193S	Silent;Silent	-0.145531065
4642	Ehmt2	R1195K;D1196N	Missense;Missense	0.2334588818492027
4643	Ehmt2	S1194F	Missense	0.000188271
4644	Ehmt2	S1194F	Missense	-0.085129759
4645	Ehmt2	S1194S	Silent	0.5099132803675562
4646	Ehmt2	D1196D	Silent	-0.002880274
4647	Ehmt2	G1200K	Missense	0.039978492
4648	Ehmt2	I1197I;R1198W	Silent;Missense	0.069910385
4649	Ehmt2	R1198W;T1199I	Missense;Missense	0.059294647
4650	Ehmt2	T1199I	Missense	0.1923375891472916
4651	Ehmt2	E1202E;L1203L;G1204S	Silent;Silent;Missense	0.070577759
4652	Ehmt2		No Mutation	0.3948296129353116
4653	Ehmt2		No Mutation	-0.754602766
4654	Ehmt2		No Mutation	0.1135696506745833
4655	Ehmt2	(NC)	Splice-acceptor	0.2762190374599704
4656	Ehmt2	(NC);(NC)	Intron;Intron	0.050346849
4657	Ehmt2		No Mutation	-0.104894889
4658	Ehmt2	G1208D;D1209N	Missense;Missense	0.3834616192512258
4659	Ehmt2	D1206D;Y1207Y	Silent;Silent	-0.224124896
4660	Ehmt2	D1206D;Y1207Y	Silent;Silent	0.5411259722238202
4661	Ehmt2	K1215K	Silent	0.07246724
4662	Ehmt2		No Mutation	-0.075389215
4663	Ehmt2	E1226K	Missense	-0.204534986
4664	Ehmt2	E1226E;K1227K	Silent;Silent	0.2443607824049295
4665	Ehmt2		No Mutation	0.0249399374930652
4666	Ehmt2	C1228C	Silent	0.09993052
4667	Ehmt2	A1232V	Missense	0.065293242
4668	Ehmt2	Q1239Q;S1240N	Silent;Missense	0.2203537109980435
4669	Ehmt2	A1236A;L1237L	Silent;Silent	0.025104871318816
4670	Ehmt2	Q1239*	Nonsense	0.094038048
4671	Ehmt2	R1241H;L1242L	Missense;Silent	-0.004181933
4672	Ehmt2	L1242L;A1243T	Silent;Missense	0.180416150276319
4673	Ehmt2	S1240S;R1241C	Silent;Missense	0.4809183638087315
4674	Ehmt2	L1245L;D1246N	Silent;Missense	-0.074000704
4675	Ehmt2	A1243A;R1244W;L1245L	Silent;Missense;Silent	-0.07832205
4676	Ehmt2		No Mutation	-0.166107718
4677	Ehmt2	P1249P	Silent	0.065582162
4678	Ehmt2	P1249P;E1250K	Silent;Missense	0.1442632130892655
4679	Ehmt2	L1251L	Silent	0.0187404804609244
4680	Ehmt2		No Mutation	-0.201103953
4681	Ehmt2		No Mutation	-1.336555169
4682	Ehmt2	D1254N	Missense	-0.237538559
4683	Ehmt2	D1254N	Missense	0.1646184764740083
4684	Ehmt2	D1254N	Missense	-0.259377967
4685	Ehmt2	L1258L	Silent	0.2024136482880925
4686	Ehmt2	L1258L	Silent	0.002998505
4687	Ehmt2		No Mutation	0.226096206749146
4688	Ehmt2	P1259F;P1260F	Missense;Missense	0.059626897
4689	Ehmt2		No Mutation	0.3704907521956222
4690	Ehmt2		No Mutation	-0.752760674
4691	Ehmt2	*1264*;(NC);(NC)	Silent;UTR;UTR	-0.000519364
4692	Ehmt2	*1264*;(NC);(NC)	Silent;UTR;UTR	0.074731644
4693	Ehmt2	(NC);(NC)	UTR;UTR	0.4713471041544553
4694	Ehmt2	(NC);(NC)	UTR;UTR	-0.136866312
4695	Ehmt2	(NC)	UTR	-0.122974761
4696	Ehmt2		No Mutation	0.1871639734304841
4697	Ehmt2	(NC);(NC)	UTR;UTR	-0.072057985
4698	Ehmt2	(NC);(NC)	UTR;UTR	0.1614561725211308
4699	Suv39h1	(NC);(NC)	UTR;UTR	0.2812583434139756
4700	Suv39h1	(NC);(NC)	UTR;UTR	-0.044581047
4701	Suv39h1	(NC);(NC)	UTR;UTR	-0.211433469
4702	Suv39h1	(NC);(NC)	UTR;UTR	-0.03719543
4703	Suv39h1	C400C	Silent	-0.082172263
4704	Suv39h1	C402Y;G403R	Missense;Missense	-0.096295642
4705	Suv39h1		No Mutation	0.4973618371797131
4706	Suv39h1	R397C	Missense	0.303829327
4707	Suv39h1	R397H	Missense	0.1329606709217017
4708	Suv39h1	R397H	Missense	0.1053055562289037
4709	Suv39h1	R397H	Missense	-0.118517767
4710	Suv39h1	R397H	Missense	-0.08513122
4711	Suv39h1	R395Q	Missense	-0.715502632
4712	Suv39h1	R395Q	Missense	0.003176172
4713	Suv39h1	K393K	Silent	0.151143022667298
4714	Suv39h1	G390N	Missense	-0.162734242
4715	Suv39h1	G384G;L385L	Silent;Silent	0.1483411125974894
4716	Suv39h1	G387K	Missense	0.088003731
4717	Suv39h1	S381F;N382N	Missense;Silent	0.0449014481057098
4718	Suv39h1	S381F	Missense	-0.336194514
4719	Suv39h1	D380D	Silent	-0.317357884
4720	Suv39h1	G384S	Missense	-0.345820676
4721	Suv39h1		No Mutation	-0.071351329
4722	Suv39h1	R378*	Nonsense	0.1404450352912917
4723	Suv39h1	D373D	Silent	-0.096695271
4724	Suv39h1	S376N	Missense	0.045928891
4725	Suv39h1	S376N	Missense	0.3597362481463374
4726	Suv39h1	E375E;S376N	Silent;Missense	0.1273831753111923
4727	Suv39h1		No Mutation	-0.359943959
4728	Suv39h1	(NC);(NC)	Intron;Intron	-0.266966921
4729	Suv39h1	(NC)	Splice-acceptor	-0.056943533
4730	Suv39h1	(NC)	Splice-acceptor	-0.364587874
4731	Suv39h1	(NC)	Intron	0.1362432581888858
4732	Suv39h1		No Mutation	0.064486307
4733	Suv39h1	(NC)	Intron	0.040700335
4734	Suv39h1	(NC)	Intron	-0.509266389
4735	Suv39h1		No Mutation	-0.042792594
4736	Suv39h1		No Mutation	0.04622274
4737	Suv39h1		No Mutation	0.052058507
4738	Suv39h1	N366N	Silent	0.095810341
4739	Suv39h1	Y365Y	Silent	0.1299570867791332
4740	Suv39h1	Y365Y	Silent	0.020965665
4741	Suv39h1	Y365Y	Silent	0.2713835609376515
4742	Suv39h1	M367I	Missense	-0.344557495
4743	Suv39h1		No Mutation	0.032656371466574
4744	Suv39h1		No Mutation	0.3060579488113834
4745	Suv39h1	E359E;E360K	Silent;Missense	0.0536175952509266
4746	Suv39h1	T354I	Missense	0.1052941711321593
4747	Suv39h1	W356*;A357T	Nonsense;Missense	0.0329191464465572
4748	Suv39h1	T352I	Missense	-0.310479325
4749	Suv39h1	A351A;T352I	Silent;Missense	-0.389830796
4750	Suv39h1	A351V	Missense	-0.046271411
4751	Suv39h1	A351V	Missense	0.032999721
4752	Suv39h1	A351T	Missense	-0.053676
4753	Suv39h1	A351T	Missense	0.0172515444040042
4754	Suv39h1	A351T	Missense	0.2805822358688777
4755	Suv39h1		No Mutation	-0.095888942
4756	Suv39h1	V335I	Missense	0.022221558
4757	Suv39h1		No Mutation	0.2446474190233069
4758	Suv39h1		No Mutation	-0.001433549
4759	Suv39h1	L330L	Silent	-0.29456609
4760	Suv39h1	L330L	Silent	0.1859151530323726
4761	Suv39h1		No Mutation	0.6446410471005595
4762	Suv39h1	(NC)	Intron	-0.136762945
4763	Suv39h1	(NC)	Intron	0.075760483
4764	Suv39h1		No Mutation	-0.111267591
4765	Suv39h1	(NC);(NC);(NC)	Intron;Intron;Intron	-0.362981535
4766	Suv39h1		No Mutation	0.023138291
4767	Suv39h1		No Mutation	0.1465494364093548
4768	Suv39h1		No Mutation	-0.051593193
4769	Suv39h1		No Mutation	-0.386414564
4770	Suv39h1		No Mutation	-0.447249723
4771	Suv39h1		No Mutation	0.1716135135302585
4772	Suv39h1		No Mutation	0.0605712159695872
4773	Suv39h1	D306N;V307I	Missense;Missense	-0.025739242
4774	Suv39h1	V304M	Missense	0.086788708
4775	Suv39h1	L298L	Silent	-0.448491405
4776	Suv39h1	L301L;D302N	Silent;Missense	-0.389222229
4777	Suv39h2	L375L;D376N	Silent;Missense	-0.389222229
4778	Suv39h1	L301L	Silent	0.2423209442523347
4779	Suv39h1	A295A;T296I	Silent;Missense	-0.055619679
4780	Suv39h1		No Mutation	-0.356244101
4781	Suv39h1		No Mutation	-0.220258696
4782	Suv39h1	Q293Q;G294S	Silent;Missense	0.00288875
4783	Suv39h1	Q288*	Nonsense	0.052372006
4784	Suv39h1	G287G;Q288*	Silent;Nonsense	0.094603708
4785	Suv39h1	E284E;R285Q	Silent;Missense	-0.184534216
4786	Suv39h1		No Mutation	0.1754487350473423
4787	Suv39h1		No Mutation	-0.130414551
4788	Suv39h1	S280L	Missense	-0.301614763
4789	Suv39h1	T279I;S280L	Missense;Missense	0.038118291
4790	Suv39h1		No Mutation	0.0467777446975916
4791	Suv39h1	(NC)	Intron	0.069143769
4792	Suv39h1		No Mutation	0.1883631961639192
4793	Suv39h1		No Mutation	0.3445363377830687
4794	Suv39h1		No Mutation	0.1247087323333717
4795	Suv39h1		No Mutation	-0.609257443
4796	Suv39h1		No Mutation	0.3807286540862076
4797	Suv39h1		No Mutation	0.2237504933044674
4798	Suv39h1		No Mutation	-0.202619132
4799	Suv39h1		No Mutation	-0.160047825
4800	Suv39h1		No Mutation	-0.341719283
4801	Suv39h1		No Mutation	0.3416154163775284
4802	Suv39h1	S268S	Silent	0.2142276714110491
4803	Suv39h1		No Mutation	-0.035025513
4804	Suv39h1	G255G	Silent	-0.048866305
4805	Suv39h1	R259H	Missense	-0.255993524
4806	Suv39h1		No Mutation	-0.346798131
4807	Suv39h1		No Mutation	-0.349211892
4808	Suv39h1	R254Q;G255S	Missense;Missense	0.3765954032339386
4809	Suv39h1	T250I	Missense	0.039974849
4810	Suv39h1	R249C;T250I	Missense;Missense	0.2605940566675714
4811	Suv39h1	I247I	Silent	-0.419807177
4812	Suv39h1		No Mutation	0.1373602127008671
4813	Suv39h1	D244N	Missense	-0.036826472
4814	Suv39h1	G240N	Missense	-0.206347332
4815	Suv39h1	Q238Q	Silent	-0.227284965
4816	Suv39h1	Q238Q	Silent	-0.392461746
4817	Suv39h1	N234N;R235C	Silent;Missense	-0.25359003
4818	Suv39h1	D231N	Missense	0.1259027630807068
4819	Suv39h1	G229D	Missense	0.033697976
4820	Suv39h1	N223N;S224F	Silent;Missense	-0.231384174
4821	Suv39h1		No Mutation	0.4641860783608143
4822	Suv39h1		No Mutation	-0.018460277
4823	Suv39h1	A215T;G216R	Missense;Missense	-0.017406051
4824	Suv39h1		No Mutation	0.1960382834033684
4825	Suv39h1	Q210*	Nonsense	0.2963133403804396
4826	Suv39h1	L213L	Silent	0.2640196841716141
4827	Suv39h1	G209D;Q210Q	Missense;Silent	-0.424261036
4828	Suv39h1	A204A;Y205Y	Silent;Silent	0.1843917524185146
4829	Suv39h1	A204V	Missense	0.1108164082912536
4830	Suv39h1		No Mutation	0.4409238545107934
4831	Suv39h1		No Mutation	-0.091002986
4832	Suv39h1		No Mutation	0.2135627176015756
4833	Suv39h1	L200L	Silent	0.007253574
4834	Suv39h1	C195Y	Missense	0.016271755
4835	Suv39h1	C195Y	Missense	-0.200846205
4836	Suv39h1	T191I	Missense	-0.138897339
4837	Suv39h1	L187L	Silent	0.2487078495036926
4838	Suv39h1	L187L	Silent	-0.059503257
4839	Suv39h1	L188L;A189T	Silent;Missense	-0.185240267
4840	Suv39h1	C183C;Q184*	Silent;Nonsense	0.084085898
4841	Suv39h1		No Mutation	-0.14571709
4842	Suv39h1	C181Y;E182K	Missense;Missense	0.07044229
4843	Suv39h1	V179I;G180S	Missense;Missense	0.1972816615263379
4844	Suv39h1	V179I	Missense	-0.075273482
4845	Suv39h1	L174F	Missense	-0.029292199
4846	Suv39h1	G171G	Silent	-1.35e-05
4847	Suv39h1		No Mutation	0.0481502850006683
4848	Suv39h1		No Mutation	-0.139438703
4849	Suv39h1	I163I	Silent	-0.072825526
4850	Suv39h1	E165K	Missense	0.1122754997235389
4851	Suv39h1		No Mutation	-0.389696464
4852	Suv39h1	V161I	Missense	-0.119451725
4853	Suv39h1	V161I	Missense	0.5271529401761913
4854	Suv39h1	R158K	Missense	-0.15315692
4855	Suv39h1	D152D;L153L	Silent;Silent	0.2453002063038484
4856	Suv39h1		No Mutation	-0.174923702
4857	Suv39h1	D152N	Missense	-0.168110788
4858	Suv39h1		No Mutation	-0.190794896
4859	Suv39h1	I145I	Silent	-0.104017018
4860	Suv39h1	V147M	Missense	0.092859506
4861	Suv39h1	H141H;L142L	Silent;Silent	0.2153542682955723
4862	Suv39h1	L142L;G143K	Silent;Missense	0.059555085
4863	Suv39h1	R139C	Missense	0.0164887398104784
4864	Suv39h1	A137V	Missense	0.040076781
4865	Suv39h1	A137V	Missense	-0.009169753
4866	Suv39h1	A137V	Missense	0.1635257937601405
4867	Suv39h1	R126W	Missense	0.092857577
4868	Suv39h1	R126W	Missense	0.014409025
4869	Suv39h1		No Mutation	-0.13269248
4870	Suv39h1		No Mutation	0.0310789370505785
4871	Suv39h1		No Mutation	-0.196651997
4872	Suv39h1	K123K	Silent	0.2428279523579643
4873	Suv39h1	Q120*	Nonsense	-0.184903417
4874	Suv39h1	Q120Q;K121K	Silent;Silent	0.020216844
4875	Suv39h1	A115A	Silent	0.1435041859727978
4876	Suv39h1	L118L;V119I	Silent;Missense	-0.180481345
4877	Suv39h1		No Mutation	-0.170414207
4878	Suv39h1		No Mutation	0.1287715785357005
4879	Suv39h1	N113N;L114L	Silent;Silent	0.8980108517854286
4880	Suv39h1		No Mutation	-0.178071404
4881	Suv39h1		No Mutation	-0.921866947
4882	Suv39h1	D111N	Missense	0.0143243889091388
4883	Suv39h1	P106S	Missense	0.3477177233953601
4884	Suv39h1	R108K	Missense	0.1284776573160226
4885	Suv39h1		No Mutation	0.0135819525320743
4886	Suv39h1	R102R;R103W	Silent;Missense	-0.103115782
4887	Suv39h1	R103R	Silent	0.2111016403260895
4888	Suv39h1	V98V	Silent	0.036756581
4889	Suv39h1	R95K;E96K	Missense;Missense	0.3695268892555976
4890	Suv39h1	L86F	Missense	-0.090789178
4891	Suv39h1	Q78Q	Silent	0.2075333250308081
4892	Suv39h1	N72N	Silent	0.4673614454294518
4893	Suv39h1	P68P;D69D	Silent;Silent	-0.163734381
4894	Suv39h1	P68L;D69D	Missense;Silent	-0.0679423
4895	Suv39h1	G66K	Missense	-0.481733012
4896	Suv39h1	Y60Y;L61L	Silent;Silent	0.044791068
4897	Suv39h1	Y60Y;L61L	Silent;Silent	0.2526318676113039
4898	Suv39h1		No Mutation	-0.396544637
4899	Suv39h1	Q57*	Nonsense	-0.119239359
4900	Suv39h1	E58E	Silent	-0.007162542
4901	Suv39h1	(NC);E56K	Splice-acceptor;Missense	-0.063306291
4902	Suv39h1	(NC);E56K	Splice-acceptor;Missense	0.009215757
4903	Suv39h1	(NC)	Intron	-0.226842767
4904	Suv39h1	(NC);(NC);(NC)	Intron;Intron;Intron	0.1422588919256762
4905	Suv39h1	(NC);(NC);(NC)	Intron;Intron;Intron	0.100544009
4906	Suv39h1		No Mutation	0.060573393
4907	Suv39h1	K52K;K53K	Silent;Silent	-0.079353624
4908	Suv39h1	K37K;K38K	Silent;Silent	-0.046317479
4909	Suv39h1	K37K;K38K	Silent;Silent	0.1171261826581905
4910	Suv39h1		No Mutation	0.027217838
4911	Suv39h1	A32T	Missense	0.06069071
4912	Suv39h1	L28F;S29F	Missense;Missense	0.5447101119734494
4913	Suv39h1		No Mutation	-0.092097702
4914	Suv39h1	K27K	Silent	-0.168279881
4915	Suv39h1	S15F	Missense	0.062359209
4916	Suv39h1	C11C	Silent	0.4188330929444836
4917	Suv39h1	C8Y	Missense	0.12191521662326
4918	Suv39h1		No Mutation	0.030817199
4919	Suv39h1		No Mutation	-0.223792263
4920	Suv39h1	A2V	Missense	0.2009822954602251
4921	Suv39h1	(NC)	UTR	-0.051829474
4922	Suv39h1	(NC)	UTR	0.2877197650952965
4923	Suv39h2	(NC);(NC)	UTR;UTR	-0.327139177
4924	Suv39h2	N477N	Silent	0.0464865645346478
4925	Suv39h2	Y475Y;L476F	Silent;Missense	-0.010184716
4926	Suv39h2	G474D	Missense	0.1657673904854049
4927	Suv39h2	A469V	Missense	0.6669621034604885
4928	Suv39h2	G468E;A469T	Missense;Missense	0.3891616158127
4929	Suv39h2	T463I	Missense	-0.117420337
4930	Suv39h2	H454H;S455S;P456S	Silent;Silent;Missense	0.3701637971512336
4931	Suv39h2	H454H;S455S	Silent;Silent	-0.262675965
4932	Suv39h2	A457T	Missense	-0.070905429
4933	Suv39h2	A447T	Missense	-0.15549444
4934	Suv39h2	(NC);(NC)	Intron;Intron	-0.005023369
4935	Suv39h2	(NC);(NC)	Intron;Intron	-0.570627256
4936	Suv39h2	D438D;Q440*	Silent;Nonsense	0.7350850191052863
4937	Suv39h2	E434K	Missense	-0.075031285
4938	Suv39h2	T426I	Missense	-0.067171634
4939	Suv39h2		No Mutation	0.2845291513011057
4940	Suv39h2		No Mutation	0.1942475739115776
4941	Suv39h2	L418L	Silent	-0.212406062
4942	Suv39h2		No Mutation	-0.023074422
4943	Suv39h2	I411I	Silent	0.063417563
4944	Suv39h2	S408N	Missense	-0.073760682
4945	Suv39h2	V406V	Silent	-0.219660397
4946	Suv39h2		No Mutation	0.6437123128144974
4947	Suv39h2		No Mutation	-0.106179826
4948	Suv39h2	(NC);(NC)	Intron;Intron	-0.414027432
4949	Suv39h2	S399N;(NC)	Missense;Splice-donor	0.1511654042998989
4950	Suv39h2	S399N	Missense	0.1109766814635171
4951	Suv39h2		No Mutation	-0.127244171
4952	Suv39h2	S379F	Missense	0.243642245325888
4953	Suv39h2	D380N;E381K	Missense;Missense	0.1812712784024381
4954	Suv39h2	E378K	Missense	-0.235414858
4955	Suv39h2	I369I;T370I	Silent;Missense	0.2358405597080625
4956	Suv39h2	F363F	Silent	-0.033179955
4957	Suv39h2	Q362*	Nonsense	-0.296285332
4958	Suv39h2		No Mutation	0.023301807
4959	Suv39h2		No Mutation	-0.030396168
4960	Suv39h2	S354N;E355K	Missense;Missense	0.1021897289556167
4961	Suv39h2		No Mutation	0.1446336262356844
4962	Suv39h2	V344V	Silent	-0.634538513
4963	Suv39h2	S325S	Silent	0.340914534
4964	Suv39h2	S325S	Silent	-0.220074054
4965	Suv39h2	T324I;S325S	Missense;Silent	0.046239715
4966	Suv39h2	T324I	Missense	-0.196625776
4967	Suv39h2	I321I	Silent	0.2172868519274175
4968	Suv39h2		No Mutation	0.1265196914176994
4969	Suv39h2	R309K	Missense	-0.083570616
4970	Suv39h2	P304F	Missense	0.0140147391726789
4971	Suv39h2	N297N;S298L	Silent;Missense	0.0384205196226399
4972	Suv39h2		No Mutation	0.2219642165270835
4973	Suv39h2		No Mutation	0.008834318
4974	Suv39h2	I293I;Y294Y	Silent;Silent	-0.338534959
4975	Suv39h2	E295K	Missense	0.002761315
4976	Suv39h2		No Mutation	0.4618493769651672
4977	Suv39h2	Q284*	Nonsense	-0.653070138
4978	Suv39h2	V275I;V276M	Missense;Missense	0.1157585165431684
4979	Suv39h2		No Mutation	-0.027433153
4980	Suv39h2		No Mutation	0.048149016
4981	Suv39h2	C260Y	Missense	-0.141715605
4982	Suv39h2	C260Y	Missense	-0.017790604
4983	Suv39h2	N251N	Silent	-0.652937728
4984	Suv39h2	S252N	Missense	0.1367976925611604
4985	Suv39h2	S252N	Missense	-0.299205223
4986	Suv39h2	S249N	Missense	0.039250294
4987	Suv39h2	Y242Y	Silent	0.1622153674751269
4988	Suv39h2		No Mutation	-0.005503501
4989	Suv39h2	Y237Y;Y238Y	Silent;Silent	-0.08113442
4990	Suv39h2		No Mutation	-0.243400487
4991	Suv39h2		No Mutation	0.053665137
4992	Suv39h2		No Mutation	0.4018254841735201
4993	Suv39h2	N225N;T226I	Silent;Missense	-0.159367363
4994	Suv39h2	N225N	Silent	0.3699851973114522
4995	Suv39h2		No Mutation	0.3386130298366466
4996	Suv39h2	V223I	Missense	-0.019851958
4997	Suv39h2		No Mutation	-0.178618637
4998	Suv39h2		No Mutation	-0.064165204
4999	Suv39h2	N212N	Silent	-0.105884684
5000	Suv39h2	K215K	Silent	-0.424604711
5001	Suv39h2		No Mutation	-0.096704862
5002	Suv39h2		No Mutation	0.079686705
5003	Suv39h2	A191T	Missense	-0.302029349
5004	Suv39h2	Q174*	Nonsense	0.0136137740871166
5005	Suv39h2	T170I;Y171Y	Missense;Silent	-0.05487916
5006	Suv39h2		No Mutation	0.05748624
5007	Suv39h2	D166N;D167N	Missense;Missense	0.000727249
5008	Suv39h2	Q163Q	Silent	0.067469002
5009	Suv39h2	Q159Q	Silent	-0.267153167
5010	Suv39h2		No Mutation	0.0259522121985885
5011	Suv39h2	R156K;C157Y	Missense;Missense	-0.18903992
5012	Suv39h2	R156K;C157Y	Missense;Missense	-0.169747402
5013	Suv39h2	P151F	Missense	0.07173323
5014	Suv39h2	R153K	Missense	0.079598791
5015	Suv39h2	W149*	Nonsense	-0.063343018
5016	Suv39h2		No Mutation	-0.091869856
5017	Suv39h2	P143L	Missense	0.4483739452428133
5018	Suv39h2		No Mutation	-0.463831874
5019	Suv39h2	L136F	Missense	-0.24860178
5020	Suv39h2		No Mutation	-0.074964935
5021	Suv39h2	(NC);(NC)	Intron;Intron	-0.217601514
5022	Suv39h2	(NC)	Intron	0.2534840902232587
5023	Suv39h2	Y126Y	Silent	-0.754227506
5024	Suv39h2	D125D	Silent	-0.020944346
5025	Suv39h2	Y122Y	Silent	0.2474938167212484
5026	Suv39h2	L115L	Silent	0.5946734884248053
5027	Suv39h2	L115L	Silent	-0.138178185
5028	Suv39h2		No Mutation	-0.506349086
5029	Suv39h2	S107L	Missense	0.3885248435442405
5030	Suv39h2	L103F;T104I	Missense;Missense	0.064916664
5031	Suv39h2	S90L;L91F	Missense;Missense	-0.170931103
5032	Suv39h2		No Mutation	0.1477476564713564
5033	Suv39h2	D92N	Missense	-0.235197471
5034	Suv39h2	C87Y	Missense	0.1390231548110398
5035	Suv39h2	(NC);(NC)	Intron;Intron	-0.716163958
5036	Suv39h2	A78A	Silent	-0.642208212
5037	Suv39h2	R76*	Nonsense	0.1721293645202786
5038	Suv39h2	R76*	Nonsense	0.078896286
5039	Suv39h2	G71G	Silent	-0.070678286
5040	Suv39h2	E73K	Missense	0.4200587895518326
5041	Suv39h2	G71N	Missense	0.04221692
5042	Suv39h2	P65L;R66W	Missense;Missense	0.081785894
5043	Suv39h2	A68T	Missense	-0.070154454
5044	Suv39h2	S62S	Silent	-0.026982345
5045	Suv39h2		No Mutation	-0.146644347
5046	Suv39h2	A60V	Missense	-0.049322553
5047	Suv39h2	G63K;A64T	Missense;Missense	0.0165462611339961
5048	Suv39h2	G63K	Missense	-0.01824532
5049	Suv39h2	A60A;W61*	Silent;Nonsense	-0.186792488
5050	Suv39h2	S57F;Q58*	Missense;Nonsense	-0.078059379
5051	Suv39h2	A55V;G56G	Missense;Silent	-0.013293895
5052	Suv39h2	A50V	Missense	-0.027437358
5053	Suv39h2	R53K;R54H	Missense;Missense	-0.234380815
5054	Suv39h2	P48L	Missense	-0.039345028
5055	Suv39h2	R45C;S46L	Missense;Missense	0.076788874
5056	Suv39h2	R45C	Missense	0.220990825799972
5057	Suv39h2	S46S	Silent	-0.055719481
5058	Suv39h2	R45H;S46S	Missense;Silent	0.046359437
5059	Suv39h2	T42M	Missense	-1.334405247
5060	Suv39h2	L41L;T42T;A43T	Silent;Silent;Missense	0.0453753801015499
5061	Suv39h2	L41L	Silent	0.096309726
5062	Suv39h2	R36R;R37C	Silent;Missense	0.4474842658959028
5063	Suv39h2	T32T;A33T	Silent;Missense	-0.016406569
5064	Suv39h2	R30K;R31Q	Missense;Missense	-0.10078632
5065	Suv39h2	P27F	Missense	-0.054290665
5066	Suv39h2	R30K	Missense	0.0431204916179762
5067	Suv39h2	R30K	Missense	-0.125655846
5068	Suv39h2	A29T;R30K	Missense;Missense	-0.050155651
5069	Suv39h2	K28K;A29T	Silent;Missense	0.1694492099622599
5070	Suv39h2	P24L;P25L	Missense;Missense	0.2289775824854121
5071	Suv39h2	R26K	Missense	-0.046249248
5072	Suv39h2	P23L;P24S	Missense;Missense	0.085040187
5073	Suv39h2	P23P	Silent	-0.144941829
5074	Suv39h2	A20V;P21L	Missense;Missense	-0.011976629
5075	Suv39h2	R16W	Missense	-0.032551979
5076	Suv39h2		No Mutation	-0.135981202
5077	Suv39h2	A13V	Missense	0.1377359976133828
5078	Suv39h2	G10G	Silent	-0.360722154
5079	Suv39h2	S11N;E12K	Missense;Missense	0.3266638872170472
5080	Suv39h2	A8V;R9W	Missense;Missense	-0.111360751
5081	Suv39h2	A6A	Silent	0.090221175
5082	Suv39h2	R9Q;G10N	Missense;Missense	0.2586597926712006
5083	Suv39h2	A4V	Missense	-0.242007228
5084	Suv39h2	A4V	Missense	-0.225770049
5085	Suv39h2	A3V;A4V	Missense;Missense	0.1610181319144642
5086	Suv39h2	A2V	Missense	-0.145603683
5087	Suv39h2	A3A;A4T	Silent;Missense	-0.513306859
5088	Suv39h2	(NC)	UTR	0.2176762480225327
5089	Suv39h2	(NC)	UTR	0.2139292443719189
5090	Suv39h2	(NC);(NC);(NC)	UTR;UTR;UTR	-0.354167277
5091	Suv39h2	(NC)	UTR	-0.21753032
5092	Suv39h2		No Mutation	0.2891161956199574
5093	Suv39h2	(NC)	UTR	-0.42115969
5094	Ptpn2	(NC)	UTR	-0.095651819
5095	Ptpn2		No Mutation	1.4243034147577691
5096	Ptpn2		No Mutation	-0.491314266
5097	Ptpn2	R372*	Nonsense	-0.124615287
5098	Ptpn2	T370I	Missense	0.0507441392501948
5099	Ptpn2	Q361*	Nonsense	0.586225552
5100	Ptpn2	A354V	Missense	-0.115540292
5101	Ptpn2		No Mutation	-0.025137629
5102	Ptpn2	R349*	Nonsense	-0.093343685
5103	Ptpn2	R345W	Missense	0.2596958144809315
5104	Ptpn2	(NC)	Intron	-0.540392392
5105	Ptpn2		No Mutation	-0.346392314
5106	Ptpn2	Q333*	Nonsense	-0.115000292
5107	Ptpn2	D334N	Missense	-0.017284145
5108	Ptpn2		No Mutation	-0.028314531
5109	Ptpn2	L328F;P329S	Missense;Missense	-0.045376449
5110	Ptpn2	T326I	Missense	-0.141044231
5111	Ptpn2		No Mutation	-0.073592537
5112	Ptpn2		No Mutation	-0.277802954
5113	Ptpn2	Y313Y	Silent	0.201311464129115
5114	Ptpn2		No Mutation	-0.067549047
5115	Ptpn2		No Mutation	0.4660020552117362
5116	Ptpn2	S304L;Q305*	Missense;Nonsense	-0.215971101
5117	Ptpn2		No Mutation	0.2823238189866721
5118	Ptpn2	E291K	Missense	-0.36265992
5119	Ptpn2	(NC)	Intron	0.0194429029728935
5120	Ptpn2	(NC)	Intron	0.085411344
5121	Ptpn2		No Mutation	-0.226058819
5122	Ptpn2	A276V	Missense	0.1023909801353336
5123	Ptpn2	K277K	Silent	0.1304622816692959
5124	Ptpn2	E274K	Missense	0.1748542029441782
5125	Ptpn2	Y269Y	Silent	-0.533925239
5126	Ptpn2		No Mutation	0.6859005996551856
5127	Ptpn2	L265F	Missense	-0.4411393
5128	Ptpn2		No Mutation	0.3037460698928413
5129	Ptpn2	L258F	Missense	-0.028496189
5130	Ptpn2		No Mutation	0.2470611966626151
5131	Ptpn2		No Mutation	-0.217677962
5132	Ptpn2	(NC)	Intron	-0.296987731
5133	Ptpn2	(NC)	Intron	0.2157219983088672
5134	Ptpn2	(NC)	Intron	-0.083180987
5135	Ptpn2	(NC)	Intron	0.6011817847273911
5136	Ptpn2		No Mutation	-0.107307134
5137	Ptpn2		No Mutation	-0.029449441
5138	Ptpn2	A218V	Missense	0.1517283330666226
5139	Ptpn2	G221R	Missense	0.098200245
5140	Ptpn2	C216C	Silent	-0.956579117
5141	Ptpn2	H215Y	Missense	-0.116319891
5142	Ptpn2		No Mutation	0.066439695
5143	Ptpn2	C216Y;S217N	Missense;Missense	-0.170345018
5144	Ptpn2		No Mutation	-0.137911789
5145	Ptpn2	V213V	Silent	0.0518502658686909
5146	Ptpn2	A212T;V213M	Missense;Missense	0.1877142254153659
5147	Ptpn2	A212T;V213M	Missense;Missense	-0.226663638
5148	Ptpn2	A212T	Missense	-0.150775331
5149	Ptpn2		No Mutation	-0.232826943
5150	Ptpn2		No Mutation	-0.370250314
5151	Ptpn2		No Mutation	0.1256622507871419
5152	Ptpn2		No Mutation	-0.129457129
5153	Ptpn2	E187K	Missense	-0.321958971
5154	Ptpn2	G184E;V185I	Missense;Missense	0.053308834
5155	Ptpn2	G184K	Missense	-0.089924528
5156	Ptpn2	T178I;T179I	Missense;Missense	-0.223512006
5157	Ptpn2	W180*;D182N	Nonsense;Missense	-0.152888352
5158	Ptpn2	H174H;F175F	Silent;Silent	-1.126112718
5159	Ptpn2		No Mutation	0.034865099
5160	Ptpn2		No Mutation	0.1418861071048706
5161	Ptpn2	(NC)	Splice-acceptor	-0.278034614
5162	Ptpn2		No Mutation	-0.808016511
5163	Ptpn2		No Mutation	-0.078034191
5164	Ptpn2		No Mutation	-0.246053157
5165	Ptpn2	D131D	Silent	-0.045559577
5166	Ptpn2	E133K	Missense	0.5894803673384708
5167	Ptpn2	T129M	Missense	0.3039385880623002
5168	Ptpn2	A124V;Q125*	Missense;Nonsense	-0.154620791
5169	Ptpn2		No Mutation	-0.798637866
5170	Ptpn2	(NC)	Intron	-0.336836754
5171	Ptpn2	T115I	Missense	-0.030951839
5172	Ptpn2	M111I	Missense	0.0549601802222612
5173	Ptpn2	M100I;V101I	Missense;Missense	0.02869091
5174	Ptpn2	F97F	Silent	0.0134116308570111
5175	Ptpn2	C94C;C95C;H96Y	Silent;Silent;Missense	-0.182270825
5176	Ptpn2		No Mutation	-0.020471202
5177	Ptpn2	N92N;T93I	Silent;Missense	-1.772512061
5178	Ptpn2	C94Y;C95Y	Missense;Missense	-0.581252902
5179	Ptpn2	C94Y	Missense	-0.406630352
5180	Ptpn2	(NC)	Intron	-0.419552861
5181	Ptpn2	(NC)	Intron	-0.237541509
5182	Ptpn2		No Mutation	-0.548884328
5183	Ptpn2	T86I;Q87*	Missense;Nonsense	-0.713862162
5184	Ptpn2	I84I	Silent	0.1852367752409662
5185	Ptpn2		No Mutation	0.2402215759765681
5186	Ptpn2	E77K	Missense	-0.559199896
5187	Ptpn2	S72S	Silent	0.2636155304119417
5188	Ptpn2	(NC)	Intron	0.3441454206475846
5189	Ptpn2	(NC)	Intron	0.2175817900388869
5190	Ptpn2	D50N;V51I	Missense;Missense	-0.139681692
5191	Ptpn2	K38K	Silent	-0.202791102
5192	Ptpn2	R35K;V36M	Missense;Missense	-0.027400532
5193	Ptpn2	R35K	Missense	-0.0581908
5194	Ptpn2	D31D	Silent	0.1413156546422483
5195	Ptpn2		No Mutation	-0.008342903
5196	Ptpn2	(NC)	Intron	0.6987286773337473
5197	Ptpn2	Y22Y	Silent	-0.249854602
5198	Ptpn2	R17R;Q19*	Silent;Nonsense	0.063244296
5199	Ptpn2		No Mutation	0.063383893
5200	Ptpn2	R7W	Missense	0.0304276831175587
5201	Ptpn2	E10K	Missense	0.098898347
5202	Ptpn2	T4T;I5I	Silent;Silent	-0.000280734
5203	Ptpn2	E6K	Missense	-0.028069802
5204	Ptpn2	S2L	Missense	0.6228501147674727
5205	Ptpn2	S2L	Missense	0.0564863046051051
5206	Ptpn2		No Mutation	0.0300786956618032
5207	Ptpn2		No Mutation	0.3735556952008545
5208	Ptpn2	A3T	Missense	0.3506443223715832
5209	Ptpn2	S2S;A3T	Silent;Missense	0.0381555750121145
5210	Ptpn2	(NC);(NC);(NC)	UTR;UTR;UTR	-0.022609808
5211	Ptpn2	(NC);(NC)	UTR;UTR	-0.178866614
5212	H2-T23		No Mutation	0.1630863496225667
5213	H2-T23	A357V	Missense	-0.977970097
5214	H2-T23	A357V	Missense	-0.618535252
5215	H2-T23	A357V	Missense	-0.612101935
5216	H2-T23	A357V	Missense	-0.762901014
5217	H2-T23	A357V	Missense	-0.287452886
5218	H2-T23		No Mutation	-0.040675463
5219	H2-T23	Q355Q;K356K	Silent;Silent	-0.271796033
5220	H2-T23	T350T;S351F	Silent;Missense	-0.20836722
5221	H2-T23	W353*	Nonsense	-0.105088106
5222	H2-T23	S347S;F348F	Silent;Silent	-0.045245976
5223	H2-T23	(NC)	Intron	0.1108828715247194
5224	H2-T23		No Mutation	-0.252007927
5225	H2-T23	(NC)	Intron	0.2400266077514478
5226	H2-T23	(NC)	Intron	-0.074031803
5227	H2-T23		No Mutation	-0.118993683
5228	H2-T23		No Mutation	-0.357393337
5229	H2-T23		No Mutation	0.2689672635744813
5230	H2-T23	L343L	Silent	-0.540380952
5231	H2-T23	C338C	Silent	-0.01333001
5232	H2-T23	(NC);(NC)	Intron;Intron	0.1277738699858036
5233	H2-T23		No Mutation	-0.045576869
5234	H2-T23	H332H	Silent	-0.408916187
5235	H2-T23	H332Y	Missense	0.7328174386753128
5236	H2-T23	H332Y	Missense	-0.692486512
5237	H2-T23		No Mutation	0.1962662606455303
5238	H2-T23		No Mutation	0.2137928049253857
5239	H2-T23	V323V;A324T	Silent;Missense	0.07634512
5240	H2-T23	I317I;I318I;L319F	Silent;Silent;Missense	-0.325148819
5241	H2-T23	I317I	Silent	-0.342835764
5242	H2-T23		No Mutation	0.384708665451107
5243	H2-T23	A315V	Missense	-1.191752175
5244	H2-T23	A308V	Missense	-0.531891729
5245	H2-T23		No Mutation	0.0150549305530331
5246	H2-T23	A308T	Missense	-0.170524001
5247	H2-T23	M304I;V305I	Missense;Missense	0.0380679610206875
5248	H2-T23		No Mutation	-0.421601207
5249	H2-T23		No Mutation	-0.236347755
5250	H2-T23	S299F	Missense	-0.423369173
5251	H2-T23	V301I	Missense	-0.359382116
5252	H2-T23		No Mutation	0.3571380049344234
5253	H2-T23		No Mutation	-0.076111319
5254	H2-T23		No Mutation	0.1587016346401759
5255	H2-T23	E295E	Silent	0.085844355
5256	H2-T23	(NC)	Splice-acceptor	-0.925792211
5257	H2-T23		No Mutation	0.2350499307917108
5258	H2-T23		No Mutation	0.041195695
5259	H2-T23	(NC);(NC);(NC);(NC)	Intron;Intron;Intron;Intron	-0.088949211
5260	H2-T23	(NC);(NC);(NC)	Intron;Intron;Intron	0.1492762037881483
5261	H2-T23	L292L	Silent	-0.127850187
5262	H2-T23	T291T;L292L	Silent;Silent	0.2109873776567213
5263	H2-T23	W294*;E295K;(NC)	Nonsense;Missense;Splice-donor	0.2155440187289454
5264	H2-T23	W294*;E295K;(NC)	Nonsense;Missense;Splice-donor	0.0499930536498097
5265	H2-T23	W294*;E295K;(NC)	Nonsense;Missense;Splice-donor	0.1209642225667154
5266	H2-T23	L290L;T291I;L292L	Silent;Missense;Silent	0.1320631981426401
5267	H2-T23	P289F;L290F	Missense;Missense	0.2198582305560789
5268	H2-T23	L292L;R293K	Silent;Missense	-0.046772655
5269	H2-T23	P289F;L290F	Missense;Missense	0.006376257
5270	H2-T23	P289F	Missense	0.047637642
5271	H2-T23	E288K	Missense	-0.00145616
5272	H2-T23	E284E;G285K	Silent;Missense	-0.206025241
5273	H2-T23	C279C;H280Y	Silent;Missense	-0.16426197
5274	H2-T23	C279C;H280Y	Silent;Missense	-0.032390748
5275	H2-T23	C279C;H280Y	Silent;Missense	-0.400496062
5276	H2-T23	Q275Q	Silent	0.2576514214805598
5277	H2-T23	V267V	Silent	0.0448701
5278	H2-T23	A266V;V267V	Missense;Silent	-0.079091644
5279	H2-T23	A266V	Missense	-0.086346361
5280	H2-T23	V267I;V268M	Missense;Missense	0.2380567835453081
5281	H2-T23		No Mutation	-0.078004845
5282	H2-T23	A266T	Missense	-0.463918205
5283	H2-T23		No Mutation	0.0233101027856794
5284	H2-T23		No Mutation	-0.026771126
5285	H2-T23		No Mutation	0.3380409268280125
5286	H2-T23	G259K	Missense	-0.19644143
5287	H2-T23	T253I	Missense	-0.258678536
5288	H2-T23		No Mutation	0.1706102241704689
5289	H2-T23		No Mutation	0.4264562319066336
5290	H2-T23		No Mutation	0.1059601089233299
5291	H2-T23		No Mutation	-0.140694765
5292	H2-T23	V251I	Missense	-0.673067918
5293	H2-T23	T245T;Q246*	Silent;Nonsense	0.2722429762991872
5294	H2-T23	L244L	Silent	-0.011935114
5295	H2-T23		No Mutation	0.007802263
5296	H2-T23	G241E;E242K	Missense;Missense	2.007744883271341
5297	H2-T23	T236T;Q238*	Silent;Nonsense	-0.232790503
5298	H2-T23	L239L;G241R	Silent;Missense	0.3091297059544121
5299	H2-T23	L239L	Silent	-0.197211425
5300	H2-T23	T236I	Missense	0.0225248817534032
5301	H2-T23	T236I	Missense	-0.698817133
5302	H2-T23	L235L;T236I	Silent;Missense	0.1797803265524217
5303	H2-T23	L235L	Silent	0.060713192
5304	H2-T23	L235L	Silent	0.3221295859203141
5305	H2-T23	A231V;D232D	Missense;Silent	0.1717026804345107
5306	H2-T23	A231T;D232N	Missense;Missense	0.9609063496591456
5307	H2-T23	A231T	Missense	1.7349485279238694
5308	H2-T23	L226L;G227S	Silent;Missense	0.0301385740907225
5309	H2-T23	L226L	Silent	0.1958917578154089
5310	H2-T23	L221L	Silent	-0.090596776
5311	H2-T23	T220T;L221L	Silent;Silent	0.079816022
5312	H2-T23	V219V	Silent	0.0550901300194649
5313	H2-T23	V219V	Silent	-0.514546933
5314	H2-T23		No Mutation	-0.028626316
5315	H2-T23	E218K;V219I	Missense;Missense	-0.147012092
5316	H2-T23	E218K;V219I	Missense;Missense	0.2272504733834478
5317	H2-T23	E216K;D217N	Missense;Missense	-0.02517732
5318	H2-T23	E216K	Missense	-0.248421471
5319	H2-T23		No Mutation	-0.109875366
5320	H2-T23	V209I	Missense	0.183342679
5321	H2-T23	V209I	Missense	0.1707548501648501
5322	H2-T23	K206K;A207T	Silent;Missense	-0.669805269
5323	H2-T23	K206K;A207T	Silent;Missense	-0.086828352
5324	H2-T23	(NC);(NC);(NC)	Intron;Intron;Intron	0.2387451337236357
5325	H2-T23		No Mutation	-0.357805223
5326	H2-T23	Q200*;R201C	Nonsense;Missense	-0.240675208
5327	H2-T23	T198I	Missense	0.0229091862761646
5328	H2-T23	E197K	Missense	-0.166167984
5329	H2-T23	R193R;L194L;G195R	Silent;Silent;Missense	-0.402808702
5330	H2-T23	H189Y	Missense	-0.156420928
5331	H2-T23	L188L;H189Y	Silent;Missense	0.0109665291846132
5332	H2-T23	L188F	Missense	-1.385093921
5333	H2-T23		No Mutation	0.001856979
5334	H2-T23	V185I;E186K	Missense;Missense	-0.163616787
5335	H2-T23		No Mutation	-0.712546065
5336	H2-T23	Y179Y;L180L;Q181*	Silent;Silent;Nonsense	-0.159754053
5337	H2-T23	L180L	Silent	-0.598541469
5338	H2-T23	Q176*	Nonsense	-0.733667335
5339	H2-T23		No Mutation	-0.521120833
5340	H2-T23		No Mutation	-0.742007741
5341	H2-T23		No Mutation	0.064795533
5342	H2-T23		No Mutation	0.093977314
5343	H2-T23	S167L	Missense	-0.623352316
5344	H2-T23	I162I;S163F	Silent;Missense	-0.501759941
5345	H2-T23	K164K	Silent	-0.152014271
5346	H2-T23		No Mutation	0.094179277
5347	H2-T23		No Mutation	-0.414443768
5348	H2-T23	A155T	Missense	0.036317014
5349	H2-T23	L150L;R151H	Silent;Missense	-0.726084001
5350	H2-T23	N147N	Silent	0.020828672
5351	H2-T23	L150L;R151H	Silent;Missense	-0.375947061
5352	H2-T23	Y143Y	Silent	-0.207305481
5353	H2-T23	L146L	Silent	0.3775343163913816
5354	H2-T23		No Mutation	-0.232791532
5355	H2-T23		No Mutation	-0.168694275
5356	H2-T23	Q135*	Nonsense	-0.565589926
5357	H2-T23	Q135Q;E136K;A137T	Silent;Missense;Missense	-0.493382787
5358	H2-T23	L130L;R131C	Silent;Missense	-2.158524365
5359	H2-T23	C134Y	Missense	-1.721749388
5360	H2-T23	L130F;R131C	Missense;Missense	-0.570669466
5361	H2-T23	R131H	Missense	-0.095201962
5362	H2-T23	R131H	Missense	-0.14706436
5363	H2-T23		No Mutation	0.028221636
5364	H2-T23		No Mutation	-0.350740973
5365	H2-T23	C121C;D122D	Silent;Silent	-0.017911414
5366	H2-T23	C121C	Silent	0.2885909689839332
5367	H2-T23	Y119Y	Silent	-0.083596846
5368	H2-T23		No Mutation	-0.196212966
5369	H2-T23		No Mutation	-0.012493237
5370	H2-T23	T114M;L115L	Missense;Silent	-0.227890595
5371	H2-T23	L115L	Silent	-0.041008305
5372	H2-T23	S112F	Missense	-0.224543571
5373	H2-T23	T114T	Silent	0.2616474115774439
5374	H2-T23	T114T	Silent	-0.82807104
5375	H2-T23	N109N;D110D	Silent;Silent	-0.109246282
5376	H2-T23	N109N;D110D	Silent;Silent	0.003973106
5377	H2-T23		No Mutation	-0.664842316
5378	H2-T23	Y105Y	Silent	-0.303435188
5379	H2-T23		No Mutation	-0.197850297
5380	H2-T23		No Mutation	-0.407259653
5381	H2-T23	G103N	Missense	-0.184752184
5382	H2-T23	N97N;L98L	Silent;Silent	-0.100537059
5383	H2-T23	N93N;F94F	Silent;Silent	0.087470525
5384	H2-T23	R92K	Missense	-0.601101784
5385	H2-T23	A87V	Missense	-2.261351552
5386	H2-T23		No Mutation	0.1898314906494735
5387	H2-T23		No Mutation	-0.688628557
5388	H2-T23		No Mutation	-1.159512444
5389	H2-T23		No Mutation	-0.0209455
5390	H2-T23		No Mutation	0.1446735048991911
5391	H2-T23		No Mutation	0.1678367621702867
5392	H2-T23	R82Q;E83K	Missense;Missense	0.562624069
5393	H2-T23	P77L	Missense	1.288574455
5394	H2-T23	P77L	Missense	-0.208711445
5395	H2-T23		No Mutation	-0.263427427
5396	H2-T23		No Mutation	-0.159691564
5397	H2-T23		No Mutation	-0.020410471
5398	H2-T23		No Mutation	0.0585515627020237
5399	H2-T23	R70W	Missense	-0.008244461
5400	H2-T23	R70W	Missense	-0.012152697
5401	H2-T23	E73K	Missense	-0.074959661
5402	H2-T23	A69V;R70W	Missense;Missense	-0.047359593
5403	H2-T23		No Mutation	-0.189523039
5404	H2-T23	R68Q;A69T	Missense;Missense	0.2772423321758551
5405	H2-T23		No Mutation	-0.023769198
5406	H2-T23	P63L	Missense	-0.244673253
5407	H2-T23	P63L	Missense	0.040660317
5408	H2-T23	D59D;A60V	Silent;Missense	-0.119433595
5409	H2-T23	S58S;D59D	Silent;Silent	-0.0342697
5410	H2-T23	R55C	Missense	0.1107801811603355
5411	H2-T23	F42F;I43I	Silent;Silent	0.055851221
5412	H2-T23	G46N	Missense	-0.497369786
5413	H2-T23	G46N	Missense	-0.483604375
5414	H2-T23	V45I;G46N	Missense;Missense	-0.658029469
5415	H2-T23	P40F;R41W	Missense;Missense	-0.98004899
5416	H2-T23	R41R	Silent	-0.089955243
5417	H2-T23	R41Q	Missense	0.61912207
5418	H2-T23	R41Q	Missense	-0.125948539
5419	H2-T23	G38G;E39K	Silent;Missense	-1.753357258
5420	H2-T23	P35L;G36G	Missense;Silent	0.1164841201128685
5421	H2-T23	G38E;E39K	Missense;Missense	-0.144692685
5422	H2-T23	G36D	Missense	-0.254840825
5423	H2-T23	S33F;R34W	Missense;Missense	-0.164057221
5424	H2-T23	S33F	Missense	-0.007538353
5425	H2-T23	G36N	Missense	-1.151025639
5426	H2-T23	S33F	Missense	0.1567994172546374
5427	H2-T23	R34Q	Missense	-0.137829239
5428	H2-T23	T30I;A31V	Missense;Missense	0.3586113678348055
5429	H2-T23	F28F;T29I	Silent;Missense	-0.319360367
5430	H2-T23		No Mutation	0.099677575
5431	H2-T23	R26R	Silent	0.077138885
5432	H2-T23	L25L;R26Q	Silent;Missense	-0.033326247
5433	H2-T23	S24S;L25L	Silent;Silent	-0.058543634
5434	H2-T23	S24S;L25L	Silent;Silent	-0.003316544
5435	H2-T23	S24S	Silent	-0.103635337
5436	H2-T23	(NC);S21S	Intron;Silent	-0.084023034
5437	H2-T23		No Mutation	-0.27932432
5438	H2-T23	(NC);S21N	Splice-acceptor;Missense	-0.184233866
5439	H2-T23		No Mutation	-0.358059983
5440	H2-T23		No Mutation	-0.399934737
5441	H2-T23		No Mutation	-0.168476485
5442	H2-T23	(NC);(NC);(NC);(NC)	Intron;Intron;Intron;Intron	0.7721930594685602
5443	H2-T23		No Mutation	-0.116778718
5444	H2-T23	(NC);(NC);(NC);(NC)	Intron;Intron;Intron;Intron	1.4524622505063354
5445	H2-T23		No Mutation	-0.374495172
5446	H2-T23		No Mutation	-0.935529194
5447	H2-T23	(NC);(NC)	Intron;Intron	-0.987952335
5448	H2-T23	T18T;Q19*	Silent;Nonsense	-1.437756427
5449	H2-T23	(NC)	Intron	-3.632096871
5450	H2-T23	T18I;Q19*	Missense;Nonsense	-0.497047791
5451	H2-T23	T18I;Q19*	Missense;Nonsense	-1.086317228
5452	H2-T23	Q19Q;S20N	Silent;Missense	-0.041409644
5453	H2-T23	L10L;L11L;V12I	Silent;Silent;Missense	0.1236226093591245
5454	H2-T23	L10L;L11L	Silent;Silent	0.1990110490083474
5455	H2-T23	A5A;H6Y	Silent;Missense	-0.432101138
5456	H2-T23	M1I;L2L	Missense;Silent	-0.759947976
5457	H2-T23	M1I;L2L	Missense;Silent	-1.358806226
5458	H2-T23	(NC);(NC);(NC);(NC)	UTR;UTR;UTR;UTR	-0.038668027
5459	H2-T23	(NC);(NC)	UTR;UTR	0.052537802
5460	Adar	(NC)	UTR	0.1399451133091135
5461	Adar	(NC);(NC)	UTR;UTR	-0.352154771
5462	Adar	(NC);(NC);(NC)	UTR;UTR;UTR	-0.009655684
5463	Adar	M1I	Missense	-0.382282899
5464	Adar	(NC)	UTR	-0.086252711
5465	Adar	G4K	Missense	0.284788494
5466	Adar		No Mutation	0.3625236627855199
5467	Adar	S2F	Missense	-0.329162601
5468	Adar		No Mutation	-0.142003697
5469	Adar	P8F	Missense	-0.014711704
5470	Adar	P8F;T9I	Missense;Missense	0.002459514
5471	Adar	P8L;T9I	Missense;Missense	0.0101826006334095
5472	Adar	(NC);(NC);(NC);(NC)	Intron;Intron;Intron;Intron	-0.005273206
5473	Adar	(NC);(NC);(NC);(NC)	Intron;Intron;Intron;Intron	-0.274523262
5474	Adar	(NC);(NC)	Intron;Intron	-1.121271121
5475	Adar	(NC);(NC)	Intron;Intron	0.2939035986114102
5476	Adar	(NC)	Intron	0.5023715779680669
5477	Adar	(NC);G10E	Splice-acceptor;Missense	-0.574157936
5478	Adar		No Mutation	0.086790651
5479	Adar	H14H;Q15*	Silent;Nonsense	0.0579384755446161
5480	Adar	Q17Q;S18S	Silent;Silent	0.155461119
5481	Adar	S18S	Silent	-0.0223416
5482	Adar	L20L;D21N	Silent;Missense	-0.36267568
5483	Adar	H24Y	Missense	-0.449229326
5484	Adar	S27N	Missense	0.2991643158691258
5485	Adar	S27N	Missense	-0.076795537
5486	Adar		No Mutation	0.091325694
5487	Adar		No Mutation	-0.131666635
5488	Adar	Y31Y	Silent	0.4304972729406511
5489	Adar	Y31Y;P32L;Q33*	Silent;Missense;Nonsense	-0.233859599
5490	Adar	G36G;P37P;E38K	Silent;Silent;Missense	0.058881166
5491	Adar	P37P;E38K	Silent;Missense	0.2823646523523167
5492	Adar		No Mutation	0.077203435
5493	Adar	P37L	Missense	0.1069337196060528
5494	Adar	R42K;S43N	Missense;Missense	-0.022857595
5495	Adar	Q45Q	Silent	0.1161351039379771
5496	Adar		No Mutation	-0.071782459
5497	Adar	E50K	Missense	0.2745946512277335
5498	Adar	Q48*	Nonsense	-1.041948737
5499	Adar		No Mutation	0.04608779
5500	Adar		No Mutation	0.3667818943040826
5501	Adar	P57L	Missense	0.2369180217373331
5502	Adar	L61L;G63R	Silent;Missense	0.1393639695154553
5503	Adar	G63K	Missense	-0.238556755
5504	Adar		No Mutation	-0.066760871
5505	Adar		No Mutation	-0.981120185
5506	Adar		No Mutation	-0.051919962
5507	Adar		No Mutation	-0.016148171
5508	Adar	L69L;P70L	Silent;Missense	0.2305373530710969
5509	Adar	P71L;F72F	Missense;Silent	0.1661820803597601
5510	Adar	G75K	Missense	-0.361877604
5511	Adar	W77*	Nonsense	-0.106809927
5512	Adar	W77*	Nonsense	-0.097687474
5513	Adar	R79K	Missense	0.1662895664528925
5514	Adar	H76Y	Missense	0.0274136992050918
5515	Adar	R79K	Missense	-0.067121269
5516	Adar	H76H	Silent	0.054334386
5517	Adar		No Mutation	-0.108273107
5518	Adar	P83L	Missense	-0.385227466
5519	Adar	D87N	Missense	-0.311426632
5520	Adar	D87N	Missense	-0.116984239
5521	Adar	A85V;Q86*	Missense;Nonsense	0.0124027484786266
5522	Adar	R88K	Missense	-0.202122207
5523	Adar		No Mutation	0.4326028156139486
5524	Adar	D87D	Silent	-0.0566667
5525	Adar	L90L;E91K	Silent;Missense	0.1590246914068534
5526	Adar	D87D;Q89*	Silent;Nonsense	0.1488349421354964
5527	Adar	L90L;E91K	Silent;Missense	0.00392805
5528	Adar	I92I	Silent	-0.13050837
5529	Adar		No Mutation	-0.081346488
5530	Adar	R102K	Missense	0.376115756
5531	Adar	R102K	Missense	-0.279100313
5532	Adar		No Mutation	-0.019143291
5533	Adar	T100I	Missense	0.4272341834571522
5534	Adar	T100I	Missense	-0.305416472
5535	Adar	Q104*	Nonsense	-0.28188989
5536	Adar		No Mutation	-0.009537704
5537	Adar		No Mutation	-0.404061493
5538	Adar	P113F	Missense	0.2491866635470098
5539	Adar		No Mutation	-0.196527144
5540	Adar	P113F;P114S	Missense;Missense	-0.456559402
5541	Adar		No Mutation	0.1128067813296804
5542	Adar	P113F;P114F	Missense;Missense	0.038400286
5543	Adar	S117N	Missense	-0.044745991
5544	Adar	R118K;G119N	Missense;Missense	0.0112048323832325
5545	Adar	G119N	Missense	-0.180133311
5546	Adar	H116H;S117S	Silent;Silent	0.8456105930942979
5547	Adar	G119D	Missense	0.2330191995157021
5548	Adar		No Mutation	-0.062457499
5549	Adar		No Mutation	-0.046407417
5550	Adar		No Mutation	0.037422105
5551	Adar	P121L	Missense	0.0357558634347403
5552	Adar	P121L	Missense	-0.033857687
5553	Adar	D126N;G127K	Missense;Missense	0.2270902919010187
5554	Adar	L128F	Missense	0.0607798617995547
5555	Adar	L128F	Missense	-0.40524438
5556	Adar	S138N	Missense	-0.334109905
5557	Adar	S136S	Silent	0.1644426463299971
5558	Adar	Q139*	Nonsense	-0.134095621
5559	Adar		No Mutation	0.2137305385250165
5560	Adar		No Mutation	-0.035377172
5561	Adar	N147N;R148C	Silent;Missense	-0.057751414
5562	Adar	N147N;R148C	Silent;Missense	0.0233477432844534
5563	Adar	N147N;R148C;L149L	Silent;Missense;Silent	0.088811172
5564	Adar	R148R;L149L	Silent;Silent	-0.233500968
5565	Adar	L149L	Silent	0.3052484568998313
5566	Adar		No Mutation	0.1382478764387021
5567	Adar	G153K;E154K	Missense;Missense	-0.16440014
5568	Adar	L152F	Missense	0.044057067
5569	Adar	G153G;E154K;G155R	Silent;Missense;Missense	-0.697267439
5570	Adar	V162V	Silent	-0.227021822
5571	Adar	A164T	Missense	0.1232494910163152
5572	Adar	R165K;E166K	Missense;Missense	0.06040064
5573	Adar	E166K	Missense	0.0516113339998514
5574	Adar	L167F	Missense	0.0223799702808881
5575	Adar		No Mutation	0.003274134
5576	Adar	L167F	Missense	0.5775216111947349
5577	Adar	R176H	Missense	0.3824664165282825
5578	Adar	Y179Y	Silent	0.0107597256514282
5579	Adar	Y179Y;S180F	Silent;Missense	0.036504151
5580	Adar		No Mutation	0.0219389273169356
5581	Adar		No Mutation	0.1750643525538658
5582	Adar	L187L	Silent	0.2879983427173354
5583	Adar	L187L	Silent	-0.054227433
5584	Adar	L187L	Silent	-0.016793807
5585	Adar		No Mutation	-0.189163349
5586	Adar	V200M	Missense	-0.026880091
5587	Adar	V200I	Missense	-0.148805306
5588	Adar	S198S;L199F	Silent;Missense	0.2157488249074964
5589	Adar	P201F	Missense	0.118269358571632
5590	Adar	Q204Q;A205T	Silent;Missense	0.1527214866956752
5591	Adar	W206*	Nonsense	-0.036809477
5592	Adar	W206*	Nonsense	-0.074458099
5593	Adar	A205V	Missense	-0.17541677
5594	Adar		No Mutation	0.008561875
5595	Adar		No Mutation	0.0265893251677768
5596	Adar	D216N	Missense	0.3840892107225485
5597	Adar	D216N	Missense	0.095969105
5598	Adar	P215L	Missense	-0.255344487
5599	Adar	Q220Q;E221K	Silent;Missense	-0.004941668
5600	Adar	I219I;Q220*	Silent;Nonsense	-0.135237271
5601	Adar	G225K;E226K	Missense;Missense	0.2377630039921479
5602	Adar	F222F;P223F	Silent;Missense	0.067553297
5603	Adar		No Mutation	-0.007212155
5604	Adar	G228N	Missense	-0.15440084
5605	Adar	G228N	Missense	0.570323349
5606	Adar	P227F	Missense	-0.375052081
5607	Adar		No Mutation	0.5456285601753694
5608	Adar	E232K;D233N	Missense;Missense	-0.191069747
5609	Adar	P236F;A237V	Missense;Missense	0.081609829
5610	Adar	E241K;G242R	Missense;Missense	-0.694057629
5611	Adar	E241K;G242K	Missense;Missense	0.1408424139057353
5612	Adar	G242E	Missense	0.1145125450113309
5613	Adar	S244F	Missense	0.2878663144961861
5614	Adar	D248N	Missense	0.1358621914529817
5615	Adar	D248D	Silent	-0.177115847
5616	Adar	E251K	Missense	-0.034969989
5617	Adar	N265N;S266F	Silent;Missense	0.045104848
5618	Adar	L271L;A272T	Silent;Missense	0.087108807
5619	Adar	N270N;L271L	Silent;Silent	0.3375277996561308
5620	Adar	K273K	Silent	0.0182801080271097
5621	Adar	K273K	Silent	0.2688828962366691
5622	Adar	G276N	Missense	0.154406226
5623	Adar	N274N	Silent	-0.209103974
5624	Adar	D282N;V283M	Missense;Missense	-0.087478176
5625	Adar	V283V	Silent	0.1669366120337632
5626	Adar	V286I	Missense	-0.292267134
5627	Adar	V286I	Missense	-0.14602452
5628	Adar	T284T;S285L	Silent;Missense	0.085303217
5629	Adar	L287L	Silent	0.204275036295862
5630	Adar	L290L	Silent	0.3931879101502125
5631	Adar		No Mutation	-0.131470964
5632	Adar	Q293*	Nonsense	0.002385046
5633	Adar	G294G	Silent	0.366086173142534
5634	Adar	G294G	Silent	0.2897085940108951
5635	Adar	G294G	Silent	0.13198133
5636	Adar	A301V	Missense	0.0460140876082443
5637	Adar	P304F	Missense	0.5756284510779075
5638	Adar	L308L	Silent	0.099509762
5639	Adar	T309T;D310N	Silent;Missense	0.179152780520451
5640	Adar	T309T;D310N	Silent;Missense	-0.214528684
5641	Adar	T309M;D310D	Missense;Silent	0.038252731
5642	Adar	A332T	Missense	0.1124527936514968
5643	Adar	V333I	Missense	0.6566252421242877
5644	Adar	T329T;P330L	Silent;Missense	-0.053000965
5645	Adar	V333I	Missense	-0.45782937
5646	Adar	V333I	Missense	0.1481284354285571
5647	Adar	E335K	Missense	0.1836348447524075
5648	Adar	E335K;A336T	Missense;Missense	-0.308811978
5649	Adar	E335K;A336T	Missense;Missense	-0.082666193
5650	Adar	S339N	Missense	-0.162779345
5651	Adar	S339N	Missense	0.081232022
5652	Adar		No Mutation	0.0110614648164806
5653	Adar	C345Y	Missense	-0.384736653
5654	Adar	C345Y	Missense	-0.08381796
5655	Adar	C345Y	Missense	0.1107160605048203
5656	Adar	P347P	Silent	-0.029303374
5657	Adar	C345C;H346Y	Silent;Missense	-0.195287143
5658	Adar		No Mutation	-0.090867401
5659	Adar	A350T	Missense	0.096225921
5660	Adar	G351N;A352T	Missense;Missense	-0.357036354
5661	Adar	A352T	Missense	0.2351989588583669
5662	Adar	A352T	Missense	0.4134138306895103
5663	Adar	S354N	Missense	0.3585907411061336
5664	Adar	S354N	Missense	0.1460744555920027
5665	Adar		No Mutation	0.7278603507379569
5666	Adar	S354N	Missense	0.066509571
5667	Adar	S354N;S355N	Missense;Missense	0.065158839
5668	Adar	A358T	Missense	0.1565326746613261
5669	Adar	A357V	Missense	0.2109712164486729
5670	Adar	S359F	Missense	-0.201674137
5671	Adar	S359F	Missense	0.1312469215256547
5672	Adar	E363E	Silent	-0.597464304
5673	Adar		No Mutation	-0.021089912
5674	Adar	G365K	Missense	1.4172311038428589
5675	Adar	A369V	Missense	-0.351576178
5676	Adar	E373K;S374N	Missense;Missense	0.1161128416291383
5677	Adar	H372Y	Missense	-0.152084918
5678	Adar	H376Y	Missense	0.082680557
5679	Adar	P380L	Missense	-0.217558909
5680	Adar	M383I;R384K	Missense;Missense	0.5527408833621086
5681	Adar	L385L;R386Q	Silent;Missense	0.521011852
5682	Adar		No Mutation	-0.040778778
5683	Adar	P387F;H388Y	Missense;Missense	0.2549747865069292
5684	Adar	G393N	Missense	-0.118580677
5685	Adar		No Mutation	-0.091880042
5686	Adar	G393G	Silent	0.3933735285162832
5687	Adar	P394P;S395F	Silent;Missense	0.22611296364546
5688	Adar	G398G;V400M	Silent;Missense	0.065151116
5689	Adar	V400M	Missense	0.004825981
5690	Adar	V400I	Missense	0.060979172
5691	Adar		No Mutation	-0.389199768
5692	Adar	A401V;S402F	Missense;Missense	-0.131062404
5693	Adar	A401A;S402F	Silent;Missense	0.1295522984116887
5694	Adar	D411N	Missense	0.1052856189384229
5695	Adar	D414N	Missense	0.3070903050250441
5696	Adar	S418N	Missense	-0.218106258
5697	Adar	S418N	Missense	-0.250368878
5698	Adar		No Mutation	0.1240208345905699
5699	Adar	E425K	Missense	-0.112636148
5700	Adar		No Mutation	0.088720833
5701	Adar	A428T	Missense	0.2868809811891731
5702	Adar		No Mutation	-0.024465946
5703	Adar		No Mutation	0.2244611599169375
5704	Adar		No Mutation	0.3093363090510065
5705	Adar	Y436Y;S437S	Silent;Silent	0.256615125
5706	Adar	L440L	Silent	-0.038156595
5707	Adar	R442R;C443Y	Silent;Missense	0.014008677
5708	Adar	C443Y	Missense	-0.017286634
5709	Adar		No Mutation	-0.392071303
5710	Adar		No Mutation	-0.265126505
5711	Adar	E451K	Missense	-0.063181331
5712	Adar	E451K	Missense	-0.162133658
5713	Adar	L454L	Silent	-0.014141554
5714	Adar		No Mutation	-0.05507256
5715	Adar	V458I	Missense	-0.116942484
5716	Adar	L461L;E463K	Silent;Missense	-0.361866172
5717	Adar	E463K	Missense	-0.515461942
5718	Adar	L476L	Silent	-0.070718747
5719	Adar	N475N;L476L	Silent;Silent	-0.292223066
5720	Adar	G481K	Missense	0.095623899
5721	Adar	P482L	Missense	-0.24585127
5722	Adar	R487Q;(NC)	Missense;Splice-donor	-0.253308262
5723	Adar	(NC);(NC)	Intron;Intron	-0.316922656
5724	Adar	(NC);(NC)	Intron;Intron	-0.45607523
5725	Adar	(NC)	Intron	0.905384914
5726	Adar		No Mutation	-0.302490752
5727	Adar		No Mutation	0.094900086
5728	Adar	(NC);(NC)	Intron;Intron	0.1396019812119564
5729	Adar		No Mutation	0.075274997
5730	Adar	Q491Q;V492I	Silent;Missense	0.0188914148365164
5731	Adar	F490F;Q491*	Silent;Nonsense	-0.184765371
5732	Adar	F490F;Q491*	Silent;Nonsense	-0.126583355
5733	Adar		No Mutation	-0.182815506
5734	Adar		No Mutation	-0.08243939
5735	Adar	G496K	Missense	0.071866538
5736	Adar		No Mutation	0.1224395920099788
5737	Adar	P500F	Missense	-0.014597498
5738	Adar	G505N;S506N	Missense;Missense	-0.020331272
5739	Adar	G505D;S506N	Missense;Missense	0.00289184
5740	Adar	S506N	Missense	0.049161392
5741	Adar	S506N	Missense	-0.103339652
5742	Adar	S506S	Silent	-0.362472174
5743	Adar	V516I	Missense	0.3629891754366164
5744	Adar	D513D;A514V	Silent;Missense	0.046239001
5745	Adar	A518V	Missense	-0.010172403
5746	Adar	A518A	Silent	0.1655943040027998
5747	Adar	R524Q	Missense	-0.434468906
5748	Adar	A526V	Missense	0.3912555812258897
5749	Adar	S531N;G532N	Missense;Missense	0.1879105625451884
5750	Adar		No Mutation	-0.220789068
5751	Adar	C540Y	Missense	0.3348979518775428
5752	Adar	D536D	Silent	-0.090589121
5753	Adar	E544K	Missense	0.1507405474030858
5754	Adar	P541F	Missense	0.2547166528178985
5755	Adar	E544K;D545N	Missense;Missense	-0.108268842
5756	Adar	S546S;E547K	Silent;Missense	0.6316367684642812
5757	Adar	S546S;E547K	Silent;Missense	-0.133430088
5758	Adar		No Mutation	-0.27398573
5759	Adar		No Mutation	-0.219537563
5760	Adar		No Mutation	-0.256857259
5761	Adar		No Mutation	0.0222088954520441
5762	Adar	(NC)	Splice-acceptor	-1.226444292
5763	Adar	Q553Q;A554T	Silent;Missense	0.2063694244160057
5764	Adar	A554T	Missense	0.2240895424315426
5765	Adar		No Mutation	0.217897500917728
5766	Adar		No Mutation	0.2816007912554426
5767	Adar		No Mutation	0.085474387
5768	Adar		No Mutation	0.2073062965643628
5769	Adar	A559V;T560I	Missense;Missense	0.010023204
5770	Adar	A559V;T560I	Missense;Missense	-0.021446035
5771	Adar	L562L	Silent	-0.119185004
5772	Adar	K566K;S567N	Silent;Missense	0.029330198
5773	Adar	L572L;E574K	Silent;Missense	0.3129524446385112
5774	Adar	E574K	Missense	-0.40165694
5775	Adar		No Mutation	0.1884678766382347
5776	Adar	C575C	Silent	0.1982622169111864
5777	Adar	E591K;G592S	Missense;Missense	-0.138277813
5778	Adar	A594T	Missense	-0.185497281
5779	Adar		No Mutation	0.1341690250758177
5780	Adar	(NC)	Splice-donor	-0.224373939
5781	Adar	(NC)	Splice-donor	-0.347272452
5782	Adar	(NC)	Intron	0.090105145
5783	Adar	(NC)	Intron	-0.281047493
5784	Adar		No Mutation	-0.652775119
5785	Adar	(NC)	Intron	0.7130726454308807
5786	Adar	(NC);(NC);(NC)	Intron;Intron;Intron	0.3837451782787369
5787	Adar	(NC);K598K	Splice-acceptor;Silent	-0.095361501
5788	Adar	(NC);K598K	Splice-acceptor;Silent	-0.338618738
5789	Adar		No Mutation	-0.315921102
5790	Adar	Q600*	Nonsense	-0.226033684
5791	Adar	V605I;G606R	Missense;Missense	-0.131271299
5792	Adar	V613I	Missense	0.179626753779449
5793	Adar	V613I	Missense	0.031334707
5794	Adar	S614N;A615T	Missense;Missense	-0.114926748
5795	Adar		No Mutation	0.029090512
5796	Adar	S617N	Missense	0.2242257212513971
5797	Adar	S617N	Missense	0.1941012461831281
5798	Adar	S614S	Silent	-0.118616513
5799	Adar	S617N	Missense	0.1276485668800842
5800	Adar	S617N	Missense	-0.145298338
5801	Adar	A621T	Missense	0.355211905
5802	Adar	A621T	Missense	0.151274791727641
5803	Adar	A621T	Missense	0.3517685144664598
5804	Adar	K622K	Silent	0.1004454089841342
5805	Adar		No Mutation	0.03793432
5806	Adar	Q623*	Nonsense	-0.504177452
5807	Adar	A625A;A626V	Silent;Missense	0.0164288933017089
5808	Adar	M630I;K631K	Missense;Silent	-0.058454191
5809	Adar	A629V	Missense	0.112866218319131
5810	Adar	A629A	Silent	-0.027013075
5811	Adar		No Mutation	-0.358387661
5812	Adar	Q634Q;E635K	Silent;Missense	-0.081436551
5813	Adar		No Mutation	0.2628529936895994
5814	Adar	A638A	Silent	-0.032086103
5815	Adar	S640L	Missense	0.2730615333862673
5816	Adar	S640L;A641V	Missense;Missense	-0.021301603
5817	Adar	Q644Q	Silent	0.064020065
5818	Adar	(NC)	Intron	-0.141989723
5819	Adar		No Mutation	0.035400716
5820	Adar	(NC)	Intron	0.068414397
5821	Adar	(NC)	Intron	-0.037180034
5822	Adar	A648T	Missense	0.1123673848000892
5823	Adar	D651D;S652L;L653F	Silent;Missense;Missense	0.1296263710085462
5824	Adar	A658V	Missense	0.2457164892150549
5825	Adar	A658V;P659F	Missense;Missense	0.165856490175221
5826	Adar	N660N	Silent	0.2719192718922161
5827	Adar	R664K	Missense	-0.060992279
5828	Adar	R664K	Missense	-0.085601515
5829	Adar		No Mutation	0.2714022435819285
5830	Adar	L672L	Silent	0.095054204
5831	Adar	N673N;T674I	Silent;Missense	-0.270232492
5832	Adar	V677I;G678S	Missense;Missense	0.6124874103440219
5833	Adar	N675N;P676F	Silent;Missense	0.0293247937413551
5834	Adar	G679D;L680L	Missense;Silent	0.2835239383690464
5835	Adar	L680L;L681L;E682K	Silent;Silent;Missense	-0.256173848
5836	Adar	L681L;E682K	Silent;Missense	-0.1685125
5837	Adar	L681L;E682K	Silent;Missense	-0.171662402
5838	Adar		No Mutation	0.1221189281948922
5839	Adar	A690T	Missense	-0.152157229
5840	Adar	A690T;A691T	Missense;Missense	-0.115844194
5841	Adar	L695F	Missense	0.3020875001360028
5842	Adar	E704K	Missense	-0.173160842
5843	Adar	(NC);(NC)	Splice-donor;Intron	-0.055069044
5844	Adar	(NC);(NC)	Intron;Intron	0.0233773468774353
5845	Adar		No Mutation	-0.109467695
5846	Adar	(NC)	Intron	0.2592986937539658
5847	Adar	(NC)	Intron	-0.091191793
5848	Adar		No Mutation	0.1897376861883876
5849	Adar	A711T	Missense	-0.065477981
5850	Adar		No Mutation	0.2918705725925954
5851	Adar	Y709Y	Silent	-0.42757719
5852	Adar	Y709Y;Q710*	Silent;Nonsense	0.1893466628012066
5853	Adar	Y709Y;Q710*	Silent;Nonsense	-0.082332963
5854	Adar	A711V	Missense	-0.382970074
5855	Adar	V721I	Missense	-0.246252889
5856	Adar	S725N	Missense	0.1149091987802392
5857	Adar	S725N;K726K	Missense;Silent	-0.837401336
5858	Adar	A723V;H724Y	Missense;Missense	0.0563951265851958
5859	Adar	A723V;H724Y	Missense;Missense	-0.125560112
5860	Adar	S725S	Silent	0.3317778543476252
5861	Adar	G729G	Silent	-0.109299072
5862	Adar	A733V;A734V	Missense;Missense	0.06754977
5863	Adar	A734V	Missense	-0.398260873
5864	Adar	A737V;L738F	Missense;Missense	-0.080443065
5865	Adar	A737V;L738F	Missense;Missense	-0.218413366
5866	Adar	A737A;L738F;R739W	Silent;Missense;Missense	-0.164165584
5867	Adar	G743K	Missense	-0.049218584
5868	Adar	G743G;E744K	Silent;Missense	-0.18494699
5869	Adar	I742I	Silent	0.026030234
5870	Adar	S745S	Silent	0.1283590243660449
5871	Adar		No Mutation	-0.117397773
5872	Adar	Q750*	Nonsense	-0.415200559
5873	Adar		No Mutation	0.1094590073599531
5874	Adar		No Mutation	0.7191672577692785
5875	Adar		No Mutation	0.2241354725095441
5876	Adar	S763N	Missense	-0.058095143
5877	Adar	S763N	Missense	0.2299197876372605
5878	Adar	S763N	Missense	0.0247470924295069
5879	Adar	M768I	Missense	0.3782762752621121
5880	Adar	T767I	Missense	-0.100181005
5881	Adar	D776N	Missense	0.009977138
5882	Adar	D776N;A777T	Missense;Missense	0.027292465933298
5883	Adar		No Mutation	-0.589831927
5884	Adar	K780K	Silent	0.4656125294297684
5885	Adar	K780K	Silent	0.3451821013463662
5886	Adar	K780K	Silent	-0.027148628
5887	Adar		No Mutation	-0.041120294
5888	Adar		No Mutation	-0.548371088
5889	Adar	(NC);(NC)	Intron;Intron	0.0574357676853102
5890	Adar	(NC)	Splice-acceptor	-0.193657829
5891	Adar		No Mutation	0.1597924580455555
5892	Adar	(NC);(NC);(NC)	Intron;Intron;Intron	0.1431311059545433
5893	Adar	G786N	Missense	0.2935201901778028
5894	Adar		No Mutation	-0.099616636
5895	Adar	A794T	Missense	-0.311593304
5896	Adar	M795I	Missense	-0.215029333
5897	Adar	A794V	Missense	0.2043396240688612
5898	Adar	L796L;S797N	Silent;Missense	-0.057585875
5899	Adar	A803T	Missense	-0.038643955
5900	Adar		No Mutation	-0.15725453
5901	Adar	F808F;Q809*	Silent;Nonsense	-0.269949367
5902	Adar	G814N	Missense	0.004327475
5903	Adar	R815H	Missense	-0.078060897
5904	Adar	R815H;K816K	Missense;Silent	0.329062380821093
5905	Adar	L813F	Missense	0.1862528102088285
5906	Adar	K816K	Silent	0.1023165198454466
5907	Adar	K816K	Silent	-0.018328074
5908	Adar	A820T	Missense	0.6392333459064805
5909	Adar		No Mutation	-0.599983187
5910	Adar		No Mutation	0.0114185259712181
5911	Adar		No Mutation	0.060144496
5912	Adar	V832I;V833I	Missense;Missense	-0.34422398
5913	Adar		No Mutation	-0.003352714
5914	Adar		No Mutation	0.1002977543269461
5915	Adar		No Mutation	0.1078163146778163
5916	Adar	V833V	Silent	0.9470373873286516
5917	Adar		No Mutation	0.4503112124600665
5918	Adar	R841H;C842Y	Missense;Missense	-0.117590307
5919	Adar	G839G	Silent	-0.129576274
5920	Adar	G839G	Silent	0.093967188
5921	Adar	G839G;R841C	Silent;Missense	-0.023027684
5922	Adar	V843I	Missense	0.0623615876017276
5923	Adar	V843I	Missense	0.2568901991107639
5924	Adar	D846D	Silent	-0.029901022
5925	Adar	D846D;S847F	Silent;Missense	-0.041695027
5926	Adar	A860V	Missense	-0.047788387
5927	Adar	A860V	Missense	-0.273879565
5928	Adar	A860A	Silent	-0.387427097
5929	Adar		No Mutation	0.033201825
5930	Adar		No Mutation	0.0275215222252839
5931	Adar	R865Q;R866K	Missense;Missense	-0.047780095
5932	Adar	R870K;(NC)	Missense;Splice-donor	-0.339324553
5933	Adar	R870K;(NC)	Missense;Splice-donor	-0.314403687
5934	Adar	F868F;I869I	Silent;Silent	0.3635877826135414
5935	Adar	F868F;I869I	Silent;Silent	0.1411804499074549
5936	Adar	(NC)	Intron	0.1267122260066474
5937	Adar	(NC);(NC)	Intron;Intron	0.038878756
5938	Adar	(NC)	Intron	-0.151634409
5939	Adar	(NC)	Intron	0.1306251172354566
5940	Adar	(NC);R870R	Splice-acceptor;Silent	-0.138004731
5941	Adar	K885K	Silent	-0.114923104
5942	Adar	S887N	Missense	0.3028242077563234
5943	Adar	E890K	Missense	-0.007395903
5944	Adar	S887S	Silent	0.1830853394821517
5945	Adar	S887S	Silent	-0.282613374
5946	Adar		No Mutation	-0.008618169
5947	Adar		No Mutation	0.4382321158947629
5948	Adar	K897K;L898L	Silent;Silent	0.4279944741969829
5949	Adar	L898L;Q899*	Silent;Nonsense	0.271422991
5950	Adar	Y909Y;I910I	Silent;Silent	-0.091351322
5951	Adar	(NC)	Intron	-0.078877719
5952	Adar	(NC)	Intron	0.091558201
5953	Adar		No Mutation	-0.04224142
5954	Adar	(NC)	Intron	-0.203772025
5955	Adar	T912M;A913V	Missense;Missense	0.1320821559360828
5956	Adar	T912M;A913V	Missense;Missense	-0.203828774
5957	Adar	A913V;P914S	Missense;Missense	0.00764355
5958	Adar	A919T	Missense	-0.038796794
5959	Adar	C925Y	Missense	-0.403373036
5960	Adar	C925Y	Missense	-0.270696686
5961	Adar	S924S;C925C	Silent;Silent	-0.068172353
5962	Adar	V930I	Missense	-0.394118529
5963	Adar	E934K	Missense	-0.392971896
5964	Adar	E934E	Silent	-0.420418644
5965	Adar		No Mutation	-0.609282801
5966	Adar	E942K	Missense	0.2056595643223964
5967	Adar		No Mutation	0.2215212043386267
5968	Adar	R950H	Missense	-0.133263078
5969	Adar	R950H	Missense	0.016057841
5970	Adar	G947G	Silent	-0.416356413
5971	Adar	G947G;L949F	Silent;Missense	-0.406585875
5972	Adar	R950C;T951I	Missense;Missense	-0.103516507
5973	Adar		No Mutation	-0.433731761
5974	Adar	(NC);(NC);(NC)	Splice-donor;Intron;Intron	-0.464876205
5975	Adar		No Mutation	-0.138735418
5976	Adar		No Mutation	-0.085932961
5977	Adar		No Mutation	0.061279735
5978	Adar	(NC);(NC)	Intron;Intron	-0.199140744
5979	Adar	(NC);(NC)	Intron;Intron	-0.172123544
5980	Adar	(NC);(NC)	Intron;Intron	-0.311012752
5981	Adar	(NC);(NC)	Intron;Intron	-0.180125953
5982	Adar	G956E;E957K	Missense;Missense	-0.420931945
5983	Adar		No Mutation	0.0312739555174987
5984	Adar	D966N	Missense	-0.04910441
5985	Adar		No Mutation	0.07066943
5986	Adar		No Mutation	0.069781967
5987	Adar	T970T	Silent	-0.215777912
5988	Adar		No Mutation	0.2322583242341255
5989	Adar		No Mutation	-0.147580533
5990	Adar	R975H	Missense	-0.145411261
5991	Adar		No Mutation	0.2670530325269024
5992	Adar	R975H	Missense	-0.371601194
5993	Adar		No Mutation	-0.18688382
5994	Adar		No Mutation	-0.378241402
5995	Adar	R981H	Missense	0.0187810717764285
5996	Adar	S986N;D987N	Missense;Missense	-0.144831579
5997	Adar	D987D	Silent	0.1253338192412258
5998	Adar	I989I;L990L;R991C	Silent;Silent;Missense	0.1816350920483881
5999	Adar	L990L;R991C	Silent;Missense	-0.503185493
6000	Adar	V994V;L995L;G996S	Silent;Silent;Missense	-0.100871595
6001	Adar		No Mutation	-0.329601497
6002	Adar		No Mutation	-0.110204186
6003	Adar	L995L	Silent	-0.218341222
6004	Adar	L1001L;L1002L	Silent;Silent	0.1698530730796555
6005	Adar	L1011L	Silent	0.1075970105321727
6006	Adar	V1014I	Missense	-0.527729898
6007	Adar	L1011L	Silent	0.002537541
6008	Adar	G1017S	Missense	-0.256207782
6009	Adar		No Mutation	-0.316207184
6010	Adar	S1021N	Missense	0.078661903
6011	Adar	S1021N	Missense	-0.005039524
6012	Adar	G1023G	Silent	0.3614818816272488
6013	Adar	R1027H;A1028T	Missense;Missense	-0.050317063
6014	Adar	C1031Y;R1032H	Missense;Missense	-0.401576419
6015	Adar	R1032H;V1033M	Missense;Missense	-0.013755961
6016	Adar	C1031C;R1032C	Silent;Missense	-0.043294194
6017	Adar	C1031C;R1032C	Silent;Missense	-0.179706424
6018	Adar	G1037K	Missense	-0.209441859
6019	Adar		No Mutation	0.4847582370666046
6020	Adar		No Mutation	0.1251378610220975
6021	Adar		No Mutation	-0.014322313
6022	Adar		No Mutation	-0.690942952
6023	Adar		No Mutation	0.0612539768178612
6024	Adar		No Mutation	0.2574852899589142
6025	Adar	(NC)	Intron	-0.113699032
6026	Adar		No Mutation	0.033021913
6027	Adar		No Mutation	0.1988826091667418
6028	Adar		No Mutation	-0.981904404
6029	Adar	(NC);(NC)	Intron;Intron	0.2133988911397388
6030	Adar	(NC);(NC);(NC);(NC)	Intron;Intron;Intron;Intron	-0.091299275
6031	Adar		No Mutation	-0.082955089
6032	Adar	V1055I;G1056N	Missense;Missense	-0.187016284
6033	Adar	G1056N	Missense	-0.098147156
6034	Adar	G1056N	Missense	-0.554259555
6035	Adar	S1059N	Missense	-0.107410804
6036	Adar	D1062N	Missense	-0.428094691
6037	Adar	S1063F	Missense	0.2208470050529294
6038	Adar	G1068E;K1069K	Missense;Silent	-0.314906181
6039	Adar	Q1066*	Nonsense	-0.132470455
6040	Adar		No Mutation	-0.134943345
6041	Adar		No Mutation	-0.03616132
6042	Adar		No Mutation	0.5500682712835956
6043	Adar	S1074S	Silent	0.1179532551778769
6044	Adar	N1076N	Silent	-0.038656444
6045	Adar	G1082G	Silent	-0.215031799
6046	Adar	D1084D;L1085L	Silent;Silent	-0.189050203
6047	Adar	G1090N	Missense	-0.040330001
6048	Adar	I1087I;L1088L	Silent;Silent	0.082044409
6049	Adar	G1090G	Silent	-0.210596871
6050	Adar	G1093N	Missense	-0.256329134
6051	Adar	T1091I	Missense	0.1677365423785752
6052	Adar	T1091I	Missense	0.3157038012987554
6053	Adar	G1093G;T1094I	Silent;Missense	-0.223050599
6054	Adar	G1097K;(NC)	Missense;Splice-donor	0.1262378760724352
6055	Adar		No Mutation	0.0166920433407686
6056	Adar		No Mutation	-0.063539956
6057	Adar		No Mutation	0.064690897
6058	Adar		No Mutation	0.1157311600570919
6059	Adar		No Mutation	0.3022138261717563
6060	Adar	(NC)	Intron	0.065284948
6061	Adar		No Mutation	0.069871182
6062	Adar	G1099R	Missense	-0.07301207
6063	Adar	E1101K	Missense	-0.264439938
6064	Adar	E1101K	Missense	0.1368236220833798
6065	Adar	P1098L	Missense	0.2010250811172442
6066	Adar	E1101E;L1102L	Silent;Silent	-0.313382551
6067	Adar		No Mutation	-0.356629033
6068	Adar	R1104Q	Missense	-0.210333277
6069	Adar		No Mutation	-0.258571433
6070	Adar	K1116K	Silent	0.054539136
6071	Adar	R1124K;D1125N	Missense;Missense	0.1827819038980915
6072	Adar		No Mutation	0.3379824454439539
6073	Adar	L1127L;Q1128Q	Silent;Silent	-0.042596463
6074	Adar	L1127L;Q1128Q	Silent;Silent	-0.042116254
6075	Adar	L1127L	Silent	-0.010178614
6076	Adar	R1139H;D1140N	Missense;Missense	0.2075582850321303
6077	Adar	A1144T	Missense	-0.179894274
6078	Adar	A1144T	Missense	0.088063687
6079	Adar		No Mutation	-0.068665235
6080	Adar		No Mutation	-0.147239186
6081	Adar	L1152L;R1153*	Silent;Nonsense	0.3654869500230706
6082	Adar	R1153*	Nonsense	-0.294216107
6083	Adar	G1158R	Missense	-0.720783054
6084	Adar	D1154D	Silent	-1.349717651
6085	Adar		No Mutation	-0.386834386
6086	Adar	I1161I	Silent	0.2086700254796562
6087	Adar	D1178N	Missense	-0.005131168
6088	Adar	P1176F	Missense	0.2616503449168017
6089	Adar	P1176F	Missense	-0.358726457
6090	Adar	P1176F	Missense	-0.027912289
6091	Adar	*1179*	Silent	0.5354684163066831
6092	Adar	(NC);(NC);(NC);(NC)	UTR;UTR;UTR;UTR	0.1769363789168062
6093	Adar	(NC);(NC);(NC);(NC)	UTR;UTR;UTR;UTR	0.4277645787909017
6094	Adar		No Mutation	0.190573371966817
6095	Adar		No Mutation	0.1844636552341303
6096	Adar	(NC)	UTR	0.9377105184093076
