ID	Gene	Mutation_list	Mutation_type	sgRNA_score
0	Setdb1	R1304R	Silent	-0.120352459
1	Setdb1		No Mutation	0.6999631375996915
2	Setdb1		No Mutation	-1.529252226
3	Setdb1		No Mutation	0.6657143590854402
4	Setdb1		No Mutation	-0.039887471
5	Setdb1	E1293G	Missense	-1.212868781
6	Setdb1	E1293G	Missense	-0.340858572
7	Setdb1	S1288G	Missense	-0.018052528
8	Setdb1	E1285G	Missense	-0.88284233
9	Setdb1	Y1284C	Missense	-2.425418517
10	Setdb1	D1281G;Y1282C	Missense;Missense	0.0236208828824636
11	Setdb1	D1281G	Missense	0.8837603791525148
12	Setdb1	G1275G;T1276A	Silent;Missense	-0.247589902
13	Setdb1	L1278P	Missense	-0.668165952
14	Setdb1	G1275G	Silent	0.2654771686314809
15	Setdb1	(NC)	Splice-acceptor	-2.292298817
16	Setdb1	(NC)	Intron	1.9811023154710243
17	Setdb1	(NC)	Intron	1.2687187584963822
18	Setdb1		No Mutation	0.5102917658518807
19	Setdb1	(NC)	Intron	-0.684789358
20	Setdb1	(NC);(NC)	Intron;Intron	-0.915046654
21	Setdb1		No Mutation	2.6538715326149003
22	Setdb1	K1270G;(NC)	Missense;Intron	-0.158541259
23	Setdb1	(NC)	Splice-donor	2.773924612189936
24	Setdb1		No Mutation	-0.464445721
25	Setdb1		No Mutation	-0.181003569
26	Setdb1		No Mutation	-0.506687324
27	Setdb1		No Mutation	-1.120219728
28	Setdb1	F1267P	Missense	-0.196077303
29	Setdb1	F1267P	Missense	-1.181442751
30	Setdb1		No Mutation	-0.728687508
31	Setdb1	P1262P;W1263R	Silent;Missense	-1.257366088
32	Setdb1	F1261S;P1262P	Missense;Silent	0.6008441106411937
33	Setdb1	D1258G	Missense	-0.466691682
34	Setdb1	H1257R;D1258G	Missense;Missense	0.7469754976982665
35	Setdb1	D1255D	Silent	2.560779822126613
36	Setdb1		No Mutation	-0.492465079
37	Setdb1	N1251N;V1252A;F1253L	Silent;Missense;Missense	-1.405148368
38	Setdb1	N1251N	Silent	0.806192424
39	Setdb1		No Mutation	-0.694694807
40	Setdb1		No Mutation	0.4850556453300778
41	Setdb1	(NC)	Intron	-1.399780019
42	Setdb1	(NC)	Intron	0.080552763
43	Setdb1	(NC)	Intron	0.8705590334114742
44	Setdb1	N1240N	Silent	0.010901679
45	Setdb1	L1235P	Missense	-1.250990113
46	Setdb1	K1230G	Missense	-0.821635351
47	Setdb1	I1227V;D1228G	Missense;Missense	-0.314892222
48	Setdb1	G1220G	Silent	-0.245679887
49	Setdb1	T1214A	Missense	1.0578019148027218
50	Setdb1		No Mutation	-0.801525468
51	Setdb1	S1207S	Silent	-1.206571314
52	Setdb1		No Mutation	-0.00899886
53	Setdb1		No Mutation	-0.413660996
54	Setdb1	V1202A	Missense	-1.001120169
55	Setdb1	M1199V	Missense	-0.154301942
56	Setdb1	M1199V	Missense	-0.301913384
57	Setdb1	S1196S;T1197A;N1198D	Silent;Missense;Missense	0.2621009704467744
58	Setdb1	M1199T	Missense	0.4005921026603218
59	Setdb1	I1194V;K1195E	Missense;Missense	1.777537091850616
60	Setdb1	I1194I;S1196P	Silent;Missense	1.121353284664152
61	Setdb1	I1194T	Missense	3.1898158332073927
62	Setdb1		No Mutation	-0.284994207
63	Setdb1	L1186L;S1188P	Silent;Missense	2.351077224843678
64	Setdb1	L1186P	Missense	0.9039338420976996
65	Setdb1	A1177A	Silent	-1.005321205
66	Setdb1	V1176A	Missense	-0.693098096
67	Setdb1		No Mutation	-0.429017335
68	Setdb1	G1170G;P1171P;T1172A	Silent;Silent;Missense	0.2689861870186864
69	Setdb1	(NC);G1170G	Splice-acceptor;Silent	-1.393726422
70	Setdb1		No Mutation	-0.164808832
71	Setdb1	(NC)	Intron	-0.19761343
72	Setdb1	(NC)	Intron	2.4191529448480784
73	Setdb1	(NC);(NC);(NC)	Intron;Intron;Intron	1.2629941090600114
74	Setdb1	(NC);(NC)	Intron;Intron	0.5589053844783919
75	Setdb1	(NC)	Intron	0.3650021183909227
76	Setdb1	D1164G;K1165G	Missense;Missense	-1.018890277
77	Setdb1	D1158G	Missense	-1.495682255
78	Setdb1	S1157S	Silent	0.1018490770018857
79	Setdb1	I1153V	Missense	-0.447859974
80	Setdb1	S1155S;S1157P	Silent;Missense	1.4613258213205171
81	Setdb1	I1150V;Q1151R	Missense;Missense	-0.527622356
82	Setdb1	S1147S;D1148D	Silent;Silent	-0.379751138
83	Setdb1	T1140T;S1141P	Silent;Missense	-1.176569686
84	Setdb1	T1140T;S1141P	Silent;Missense	0.5667313087945566
85	Setdb1	A1137A;G1138G	Silent;Silent	0.4533333031128739
86	Setdb1	T1136T;A1137A	Silent;Silent	-0.78562999
87	Setdb1	S1132G	Missense	0.4373914387096541
88	Setdb1	E1124G;S1125G	Missense;Missense	1.265633944158767
89	Setdb1	S1125S	Silent	0.1395520827731335
90	Setdb1	S1122G;T1123A	Missense;Missense	0.7706627638331635
91	Setdb1	S1122G	Missense	1.2478897028067384
92	Setdb1	S1121G;S1122G	Missense;Missense	1.1481522482522977
93	Setdb1	S1121G;S1122G	Missense;Missense	0.6065027498531947
94	Setdb1		No Mutation	-0.179582301
95	Setdb1	L1119P;S1120P	Missense;Missense	-0.724387046
96	Setdb1	L1119P	Missense	-2.123336492
97	Setdb1	L1119P	Missense	-1.207170624
98	Setdb1	I1116T	Missense	0.3407689924163087
99	Setdb1	I1116T	Missense	0.3369081996182682
100	Setdb1	(NC);(NC)	Intron;Intron	-1.122575723
101	Setdb1	(NC);(NC);(NC)	Intron;Intron;Intron	-0.150457932
102	Setdb1	(NC);(NC);(NC)	Intron;Intron;Intron	0.7655490692493389
103	Setdb1	(NC);(NC)	Intron;Intron	0.6033046221955556
104	Setdb1	T1107T;S1108P	Silent;Missense	-0.360012934
105	Setdb1	V1105V;V1106A	Silent;Missense	1.329824202314934
106	Setdb1	L1090P	Missense	-0.494477886
107	Setdb1	L1090P	Missense	-0.837544635
108	Setdb1		No Mutation	0.1342461729393351
109	Setdb1		No Mutation	-0.467403135
110	Setdb1		No Mutation	0.9733276264835592
111	Setdb1	E1074G	Missense	0.4057971533714796
112	Setdb1	S1076P	Missense	0.667861607
113	Setdb1		No Mutation	-0.054234685
114	Setdb1	T1073T	Silent	-0.392793899
115	Setdb1	(NC)	Intron	0.5885859852112065
116	Setdb1	(NC);(NC)	Intron;Intron	-0.359913188
117	Setdb1	(NC);(NC);(NC)	Intron;Intron;Intron	0.4299662738991845
118	Setdb1	V1071A;(NC)	Missense;Splice-donor	-0.850746063
119	Setdb1	M1069T	Missense	-1.353643298
120	Setdb1		No Mutation	0.2461345907560848
121	Setdb1		No Mutation	-1.210049198
122	Setdb1		No Mutation	-1.028836573
123	Setdb1		No Mutation	0.055790219
124	Setdb1		No Mutation	0.1694609726360783
125	Setdb1	(NC);(NC);(NC)	Intron;Intron;Intron	0.075376781
126	Setdb1		No Mutation	-0.289186349
127	Setdb1	K1056G	Missense	0.9252312624528354
128	Setdb1	S1048G	Missense	-1.123059828
129	Setdb1	F1049S	Missense	-0.265718268
130	Setdb1	S1045S	Silent	-1.14218959
131	Setdb1	L1047S	Missense	0.2645999175781069
132	Setdb1	E1040G;R1041G	Missense;Missense	-0.641262496
133	Setdb1		No Mutation	0.3162305721720436
134	Setdb1		No Mutation	-1.769506109
135	Setdb1		No Mutation	-0.994846087
136	Setdb1		No Mutation	-0.931170957
137	Setdb1		No Mutation	-0.179578482
138	Setdb1		No Mutation	-0.962992189
139	Setdb1		No Mutation	0.1931479539001123
140	Setdb1		No Mutation	-0.291097912
141	Setdb1	D1029G	Missense	-0.882729459
142	Setdb1	G1028G;D1029G	Silent;Missense	-0.227749302
143	Setdb1	G1028G	Silent	-0.723282297
144	Setdb1	G1028G	Silent	-0.099775778
145	Setdb1		No Mutation	-0.254981566
146	Setdb1	T1024A;S1025G	Missense;Missense	0.2142883901249371
147	Setdb1	G1027G	Silent	0.1052460288230618
148	Setdb1	K1023G	Missense	0.6490719603917796
149	Setdb1		No Mutation	0.6404192182358259
150	Setdb1	T1024T	Silent	1.6659506197569336
151	Setdb1	N1006G;S1007G	Missense;Missense	0.1518199322590429
152	Setdb1	N1006G	Missense	0.4671274310858377
153	Setdb1	N1006N	Silent	-0.835632931
154	Setdb1	S1001P	Missense	-0.749504948
155	Setdb1	S1001P	Missense	1.293641696990041
156	Setdb1	K996R;N997G	Missense;Missense	-1.417387894
157	Setdb1	T994A	Missense	0.5965360250179256
158	Setdb1	E992E;E993G;T994A	Silent;Missense;Missense	0.6120299030912328
159	Setdb1		No Mutation	-0.640691736
160	Setdb1		No Mutation	-0.442326289
161	Setdb1		No Mutation	-0.982230682
162	Setdb1		No Mutation	-0.731826025
163	Setdb1	V983A	Missense	0.577862195
164	Setdb1	S982S;V983A	Silent;Missense	0.6143756974979171
165	Setdb1		No Mutation	0.064912707
166	Setdb1		No Mutation	-0.687153971
167	Setdb1		No Mutation	-0.465121791
168	Setdb1		No Mutation	-0.59426356
169	Setdb1	V981A;S982P	Missense;Missense	-0.582928078
170	Setdb1	P978P;S979P	Silent;Missense	-0.185067598
171	Setdb1	I977T	Missense	-0.524471821
172	Setdb1	H974H;V975A	Silent;Missense	-0.026771667
173	Setdb1		No Mutation	0.034176048
174	Setdb1	P972P	Silent	-0.537230637
175	Setdb1	P972P	Silent	-0.288260775
176	Setdb1	P972P	Silent	0.7519281339498064
177	Setdb1	P972P	Silent	0.045052553
178	Setdb1		No Mutation	-1.190878873
179	Setdb1	L970P	Missense	-1.393507613
180	Setdb1		No Mutation	-0.581656986
181	Setdb1		No Mutation	0.3357699079619803
182	Setdb1		No Mutation	-0.863765857
183	Setdb1		No Mutation	-0.018924373
184	Setdb1	Q948R;T949A	Missense;Missense	-0.146436824
185	Setdb1	G951G	Silent	0.3719925535173448
186	Setdb1	G951G	Silent	-0.876677475
187	Setdb1	T945A	Missense	-0.523424309
188	Setdb1	T945A	Missense	-1.593929234
189	Setdb1	T945A	Missense	1.1742299731068355
190	Setdb1	S942G	Missense	0.8353319295805588
191	Setdb1		No Mutation	-1.830426152
192	Setdb1	R941R	Silent	-0.082159675
193	Setdb1	S935G	Missense	0.3245495409143811
194	Setdb1	N927G	Missense	0.5276152996403918
195	Setdb1	D925G	Missense	0.4973519659688705
196	Setdb1	S924S;D925D	Silent;Silent	-0.053418247
197	Setdb1	D921D	Silent	1.5619153874920098
198	Setdb1	N920N;D921D	Silent;Silent	-0.429048687
199	Setdb1	N910D	Missense	0.1592383641732918
200	Setdb1		No Mutation	-0.857369761
201	Setdb1	Q906R;E907G	Missense;Missense	-0.801976061
202	Setdb1	M903V;K904G	Missense;Missense	-0.498435798
203	Setdb1	V901V	Silent	-0.610917848
204	Setdb1	S899G	Missense	1.56234802825764
205	Setdb1	V901A	Missense	0.9268609362864332
206	Setdb1	S899S	Silent	0.7233364983387724
207	Setdb1		No Mutation	-0.543815238
208	Setdb1		No Mutation	-0.463254131
209	Setdb1		No Mutation	0.8601807169562637
210	Setdb1		No Mutation	0.0420409164003913
211	Setdb1	T894A	Missense	0.4350656220222749
212	Setdb1	E882G	Missense	0.2353792179701364
213	Setdb1	E879E;S880G	Silent;Missense	-0.309022624
214	Setdb1		No Mutation	0.1498339702034391
215	Setdb1	D876G	Missense	-0.942147137
216	Setdb1	E870G	Missense	-2.17143249
217	Setdb1	D869D;Y871H	Silent;Missense	-1.022249403
218	Setdb1	K862G;E863G	Missense;Missense	-0.503606678
219	Setdb1	K862G	Missense	0.7698856470725529
220	Setdb1	A860A	Silent	0.9019700571548795
221	Setdb1	D858G	Missense	0.1424762002620627
222	Setdb1	F859F	Silent	0.1510852449535584
223	Setdb1	(NC);(NC);(NC)	Intron;Intron;Intron	0.016397354
224	Setdb1	(NC);(NC)	Intron;Intron	0.0256647853970647
225	Setdb1	(NC)	Intron	0.6751094860500257
226	Setdb1	(NC)	Intron	-0.186636503
227	Setdb1	A851A	Silent	0.7396531503639513
228	Setdb1	V847A;C848R	Missense;Missense	-0.969837007
229	Setdb1	D839G	Missense	0.3413951972421496
230	Setdb1	D840D;I841T	Silent;Missense	-0.374158943
231	Setdb1		No Mutation	-0.387391431
232	Setdb1	T828A;Q829R	Missense;Missense	2.4157610064620534
233	Setdb1	T828A	Missense	1.439805190175815
234	Setdb1	K827R;T828A	Missense;Missense	0.0480632193734269
235	Setdb1	K827G	Missense	1.3678586012642864
236	Setdb1	K827E	Missense	0.1377938672382118
237	Setdb1		No Mutation	-1.000741093
238	Setdb1	N812G	Missense	-0.410454683
239	Setdb1	N812N	Silent	0.095525647
240	Setdb1	M809V	Missense	0.201956982788158
241	Setdb1	N812N	Silent	1.496269677821611
242	Setdb1	P807P;N808G	Silent;Missense	-1.54129819
243	Setdb1	C799C	Silent	2.4726196819654365
244	Setdb1	C799R	Missense	-0.785198202
245	Setdb1	C799R	Missense	0.1480589835217333
246	Setdb1	(NC)	Intron	-0.566425003
247	Setdb1	(NC)	Intron	-0.706793621
248	Setdb1	(NC);(NC)	Intron;Intron	0.4898018613885085
249	Setdb1	(NC);(NC)	Intron;Intron	1.2129722763139037
250	Setdb1	T794T	Silent	-1.610906527
251	Setdb1	E789G;E790G	Missense;Missense	-0.849443154
252	Setdb1	E789G;E790G	Missense;Missense	-0.038176013
253	Setdb1	Y785H	Missense	-1.261646887
254	Setdb1	Y785H	Missense	1.0175789101998456
255	Setdb1	S781P	Missense	-1.670014347
256	Setdb1	Q776R	Missense	-0.596504012
257	Setdb1		No Mutation	-1.145989391
258	Setdb1		No Mutation	-1.07274266
259	Setdb1	V777A	Missense	-1.230832684
260	Setdb1		No Mutation	-0.604941345
261	Setdb1		No Mutation	-0.805365405
262	Setdb1	T769A	Missense	-0.346601803
263	Setdb1	T769A	Missense	-1.269910957
264	Setdb1	C771C	Silent	-0.488538464
265	Setdb1	T769A	Missense	0.5295081946532761
266	Setdb1	T769A	Missense	-2.552152978
267	Setdb1		No Mutation	-0.005329702
268	Setdb1		No Mutation	-0.405068388
269	Setdb1	T765T;I766T	Silent;Missense	-0.784988264
270	Setdb1	H762R	Missense	-0.779069262
271	Setdb1		No Mutation	-0.762554437
272	Setdb1	S757P	Missense	0.5455684686709827
273	Setdb1	S757P	Missense	0.8127950780852436
274	Setdb1	(NC)	Intron	0.1121883347055689
275	Setdb1	D755G;K756E	Missense;Missense	-0.758819564
276	Setdb1	D755G	Missense	-1.131716769
277	Setdb1	D755G	Missense	-0.242223513
278	Setdb1		No Mutation	3.507259388355039
279	Setdb1	K750E	Missense	-1.080995592
280	Setdb1	D748G	Missense	-0.406276478
281	Setdb1		No Mutation	-0.57836643
282	Setdb1		No Mutation	-0.022596233
283	Setdb1		No Mutation	1.5678607462392908
284	Setdb1	C747R	Missense	-0.316173695
285	Setdb1	V745V;C747R	Silent;Missense	1.2990185366797693
286	Setdb1		No Mutation	-0.226143457
287	Setdb1	T739A	Missense	-0.456382953
288	Setdb1	F736P;I737T	Missense;Missense	-0.890863749
289	Setdb1	E728G	Missense	0.442650848406914
290	Setdb1	E728G	Missense	-1.071658304
291	Setdb1	I730T	Missense	-0.507915363
292	Setdb1	S726G;K727G	Missense;Missense	-0.550245221
293	Setdb1		No Mutation	-0.410695992
294	Setdb1		No Mutation	-1.848393983
295	Setdb1		No Mutation	0.642333725
296	Setdb1	Y725H	Missense	1.2242606924252926
297	Setdb1	Q722R	Missense	-0.701931414
298	Setdb1	Y725H	Missense	-1.042411203
299	Setdb1	Y725H	Missense	-0.277223666
300	Setdb1	Y725H	Missense	-1.587770266
301	Setdb1	T717T;T718A	Silent;Missense	-0.337974149
302	Setdb1	T717A;T718A	Missense;Missense	-0.642188112
303	Setdb1	I715T	Missense	1.062075004730226
304	Setdb1	N713N	Silent	-0.158030611
305	Setdb1	N713N	Silent	0.2774155261603765
306	Setdb1	N713N	Silent	0.3575487096061371
307	Setdb1	D706D;V707A	Silent;Missense	-1.230047736
308	Setdb1	D699G;I700V	Missense;Missense	0.7659609177053964
309	Setdb1	L698P	Missense	2.126088051360269
310	Setdb1	Y696H	Missense	0.4731656943781168
311	Setdb1	Y695H;Y696H	Missense;Missense	-0.309953956
312	Setdb1		No Mutation	0.20669638098947
313	Setdb1	C677C;L678P	Silent;Missense	0.0500608563010376
314	Setdb1		No Mutation	1.640656163039994
315	Setdb1		No Mutation	-0.767417952
316	Setdb1	C668R	Missense	0.8543442016574747
317	Setdb1		No Mutation	-0.811495919
318	Setdb1	L653P	Missense	-0.10658197
319	Setdb1	L653P	Missense	-0.623690524
320	Setdb1		No Mutation	-1.110857056
321	Setdb1	I644V;Y645C	Missense;Missense	0.9481992933485366
322	Setdb1	R634G	Missense	0.3062464728672691
323	Setdb1	R634G	Missense	-0.713768603
324	Setdb1		No Mutation	-0.4587216
325	Setdb1		No Mutation	0.9412670523948768
326	Setdb1	F626P	Missense	-0.425985452
327	Setdb1		No Mutation	0.1701313351159215
328	Setdb1	P621P	Silent	0.4882157741681093
329	Setdb1	L622P;L623P	Missense;Missense	1.0622865779419288
330	Setdb1	L622P	Missense	0.2812195745087862
331	Setdb1	Y612H	Missense	-0.563772483
332	Setdb1	R608G;N609G	Missense;Missense	-0.374712668
333	Setdb1	Y612H	Missense	-0.081115164
334	Setdb1	R608G;N609D	Missense;Missense	0.3830616342941042
335	Setdb1	R608G	Missense	-0.03225015
336	Setdb1		No Mutation	0.6180516697608613
337	Setdb1	M607T	Missense	-0.09395641
338	Setdb1	Y598C	Missense	-0.935117468
339	Setdb1	Y598H	Missense	0.1329880099436824
340	Setdb1	F590S;Y591H	Missense;Missense	-0.419679019
341	Setdb1	F590P;Y591H	Missense;Missense	0.0452464842472963
342	Setdb1	L589L;F590P;Y591H	Silent;Missense;Missense	-0.600730421
343	Setdb1	L589P;F590P	Missense;Missense	-0.666806989
344	Setdb1		No Mutation	-0.48491084
345	Setdb1	M586T	Missense	0.3346652554628117
346	Setdb1	M586T	Missense	-0.286895952
347	Setdb1	M586T	Missense	0.00567948
348	Setdb1		No Mutation	-1.228139193
349	Setdb1	Y582H	Missense	-0.438067869
350	Setdb1		No Mutation	-1.190354455
351	Setdb1	L573S	Missense	0.8708400830337417
352	Setdb1	H570R	Missense	-0.42434839
353	Setdb1	H570R	Missense	-0.710599636
354	Setdb1	M572T;L573P	Missense;Missense	0.4987231612872249
355	Setdb1	M572T	Missense	-0.425395064
356	Setdb1		No Mutation	-0.447193647
357	Setdb1	F569P	Missense	-0.498090462
358	Setdb1	P566P	Silent	-0.829309882
359	Setdb1	A565A	Silent	-0.739318047
360	Setdb1	P563P;L564P	Silent;Missense	-0.465768472
361	Setdb1		No Mutation	-0.897560692
362	Setdb1	P560P	Silent	-0.561211577
363	Setdb1		No Mutation	-1.492581223
364	Setdb1		No Mutation	-0.050784924
365	Setdb1	A559A	Silent	0.09473684
366	Setdb1	A559A	Silent	-0.524111654
367	Setdb1	A559A	Silent	-0.846979668
368	Setdb1	P557P	Silent	-1.415115414
369	Setdb1		No Mutation	-1.218607237
370	Setdb1	P554P	Silent	0.1635998934642519
371	Setdb1		No Mutation	-1.08856734
372	Setdb1		No Mutation	0.7809219958070612
373	Setdb1		No Mutation	0.1847585127350286
374	Setdb1		No Mutation	-0.11800786
375	Setdb1	P551P	Silent	-1.43258997
376	Setdb1		No Mutation	-1.163048434
377	Setdb1		No Mutation	-1.515500424
378	Setdb1		No Mutation	-0.949597695
379	Setdb1		No Mutation	-1.024047813
380	Setdb1		No Mutation	-0.638152364
381	Setdb1	V547A	Missense	-1.401422476
382	Setdb1	V547A	Missense	-0.284209219
383	Setdb1	V547A	Missense	-1.19969745
384	Setdb1	P542P	Silent	-1.073264983
385	Setdb1	P542P	Silent	-1.065275515
386	Setdb1	P542P	Silent	-0.876423885
387	Setdb1		No Mutation	-0.544704849
388	Setdb1	S535P	Missense	-0.892723431
389	Setdb1	(NC)	Intron	-0.498324879
390	Setdb1	(NC);(NC);(NC)	Intron;Intron;Intron	0.036692073
391	Setdb1	(NC);(NC);(NC)	Intron;Intron;Intron	-0.295859717
392	Setdb1		No Mutation	0.2384797838521253
393	Setdb1	I522V	Missense	1.5709691292196275
394	Setdb1		No Mutation	-0.235832383
395	Setdb1		No Mutation	0.278536049
396	Setdb1	E513G	Missense	0.7886417301968218
397	Setdb1	S512G;E513G	Missense;Missense	0.9718786299082046
398	Setdb1	L511P	Missense	0.5710142354263996
399	Setdb1	L511P	Missense	-0.589030353
400	Setdb1	L511P	Missense	0.046388785
401	Setdb1		No Mutation	-0.754116944
402	Setdb1	T507T;S508P;S509P	Silent;Missense;Missense	1.2891009438165608
403	Setdb1	P506P;T507T	Silent;Silent	0.3640067206861955
404	Setdb1	S501P	Missense	0.0321017970842431
405	Setdb1	S501P	Missense	-0.971941509
406	Setdb1	P496P	Silent	-0.445005565
407	Setdb1		No Mutation	0.9473309705067194
408	Setdb1	S493S	Silent	0.2079463491299688
409	Setdb1	S491G;T492A	Missense;Missense	-0.233100654
410	Setdb1	F494P	Missense	0.9724743252032466
411	Setdb1		No Mutation	0.188877068
412	Setdb1	Q479R	Missense	0.9015499338616312
413	Setdb1		No Mutation	1.2607427083159108
414	Setdb1		No Mutation	-0.037148916
415	Setdb1	L476P	Missense	1.1000225174717049
416	Setdb1	T473T;(NC)	Silent;Splice-donor	0.9130568427627826
417	Setdb1	T473T	Silent	0.1120016702324217
418	Setdb1	T473T	Silent	-0.411934921
419	Setdb1	T473T	Silent	0.2811473966203088
420	Setdb1	T473T	Silent	-0.476129334
421	Setdb1		No Mutation	1.1181580424107724
422	Setdb1		No Mutation	0.5852211100127387
423	Setdb1	S467P	Missense	1.2584597817779648
424	Setdb1	P465P;L466P	Silent;Missense	-0.341844997
425	Setdb1	P464P;P465P	Silent;Silent	-0.334504011
426	Setdb1	P464P;P465P	Silent;Silent	-0.20978718
427	Setdb1	I463T	Missense	0.2244459520645153
428	Setdb1	P462P;I463T	Silent;Missense	-1.477614393
429	Setdb1		No Mutation	-0.507555538
430	Setdb1	A456A	Silent	-1.132578309
431	Setdb1	A456A	Silent	-1.146722357
432	Setdb1	A456A	Silent	-0.908306741
433	Setdb1	L452L;Q453R	Silent;Missense	0.2429365745253076
434	Setdb1	P454P	Silent	-0.73357928
435	Setdb1		No Mutation	-0.284964815
436	Setdb1		No Mutation	0.5119118619673909
437	Setdb1	G443G;I444V	Silent;Missense	-1.107033505
438	Setdb1	Q437R;D438G	Missense;Missense	-0.117366157
439	Setdb1	Y435C;T436A	Missense;Missense	0.1086104461943078
440	Setdb1		No Mutation	0.9830278010958338
441	Setdb1		No Mutation	0.7704285626998897
442	Setdb1		No Mutation	-0.431310382
443	Setdb1		No Mutation	0.1417785837322065
444	Setdb1	(NC);(NC);(NC)	Intron;Intron;Intron	0.9557776613436662
445	Setdb1	(NC);(NC);(NC)	Splice-donor;Intron;Intron	3.570547726081351
446	Setdb1	(NC);(NC)	Splice-donor;Intron	1.4352735631665232
447	Setdb1	R418G;T419A	Missense;Missense	-0.420622289
448	Setdb1	R418G;T419A	Missense;Missense	-0.839111472
449	Setdb1	E410G	Missense	0.0435850974470401
450	Setdb1	M409V;E410G	Missense;Missense	3.36099483930916
451	Setdb1	A408A;M409V	Silent;Missense	1.1036640731169045
452	Setdb1	A408A;M409V	Silent;Missense	0.1045755096685931
453	Setdb1		No Mutation	0.765584091
454	Setdb1	A408A;M409V	Silent;Missense	0.7530005656687939
455	Setdb1	M409T	Missense	-1.384211566
456	Setdb1	T403T	Silent	2.1004254632331447
457	Setdb1		No Mutation	-1.483407307
458	Setdb1	F399F;S400S	Silent;Silent	1.5501695447395396
459	Setdb1	R390R	Silent	-1.135025925
460	Setdb1	E386G	Missense	-1.991164561
461	Setdb1	D381G;D382G	Missense;Missense	0.8371445853282575
462	Setdb1		No Mutation	0.4631932200346285
463	Setdb1	(NC)	Intron	1.9236373612946092
464	Setdb1	(NC)	Intron	-1.843778011
465	Setdb1		No Mutation	0.6301184615247597
466	Setdb1	(NC);(NC)	Intron;Intron	-0.24627195
467	Setdb1	(NC);(NC);(NC)	Intron;Intron;Intron	-0.962757494
468	Setdb1	F379P	Missense	-1.399997263
469	Setdb1	L374L;R376G	Silent;Missense	-0.731152706
470	Setdb1	D371G	Missense	1.5134639383880204
471	Setdb1		No Mutation	0.2197892011666224
472	Setdb1	K364G	Missense	-0.501958054
473	Setdb1	E357G	Missense	-2.074411847
474	Setdb1	E357G	Missense	-1.983586509
475	Setdb1	I354V;K355G	Missense;Missense	1.4295461305157129
476	Setdb1	I354V	Missense	0.8130636725468978
477	Setdb1	Q352R	Missense	-1.103784654
478	Setdb1		No Mutation	-0.062096705
479	Setdb1		No Mutation	0.8109969004124901
480	Setdb1	V346V	Silent	0.3605272827665458
481	Setdb1	M345V	Missense	-0.189792457
482	Setdb1	L347L;L348P	Silent;Missense	0.3072728955457167
483	Setdb1	V346A;L347P	Missense;Missense	-0.725876944
484	Setdb1	M345T	Missense	0.6799162203987863
485	Setdb1	Y340C	Missense	-0.159904976
486	Setdb1	Y336H	Missense	0.9124155355420632
487	Setdb1	I333T	Missense	1.7689965578762892
488	Setdb1		No Mutation	0.3253657855381965
489	Setdb1	(NC);L317L;K318E	Splice-acceptor;Silent;Missense	0.5963761602769885
490	Setdb1	(NC);(NC)	Intron;Splice-acceptor	-0.446847123
491	Setdb1	(NC);(NC)	Intron;Splice-acceptor	-0.317017455
492	Setdb1	(NC)	Intron	0.466395821345214
493	Setdb1	(NC);(NC)	Intron;Intron	-2.634598581
494	Setdb1	(NC)	Splice-donor	-0.807736728
495	Setdb1	(NC)	Splice-donor	1.520758751530769
496	Setdb1		No Mutation	0.3002435770418001
497	Setdb1	I295T;F296P	Missense;Missense	0.2657844377237159
498	Setdb1	F293S;L294P	Missense;Missense	0.234975005
499	Setdb1	(NC);(NC);(NC)	Intron;Intron;Intron	0.4582768465872086
500	Setdb1	R292G	Missense	0.2839184097591738
501	Setdb1	K290R	Missense	1.7331941267909414
502	Setdb1	N289G;K290E	Missense;Missense	-0.749058915
503	Setdb1	L291P	Missense	-0.929262613
504	Setdb1		No Mutation	0.3758415890066521
505	Setdb1	N286S	Missense	0.2656978399538452
506	Setdb1		No Mutation	0.038187023
507	Setdb1	Q273R	Missense	-0.32647229
508	Setdb1	K269R;D270G	Missense;Missense	-2.083963277
509	Setdb1	N272N	Silent	-0.246061849
510	Setdb1	Y268C;K269E	Missense;Missense	1.7554349907840507
511	Setdb1		No Mutation	-0.219005945
512	Setdb1		No Mutation	-0.325719194
513	Setdb1		No Mutation	-0.018753774
514	Setdb1	F259S;V260A	Missense;Missense	-0.023336527
515	Setdb1	F259P;V260A	Missense;Missense	2.381721138391951
516	Setdb1	D256G	Missense	0.1607501417239572
517	Setdb1	L258P;F259P	Missense;Missense	1.202578212362412
518	Setdb1		No Mutation	1.7964851620046876
519	Setdb1	L258P;F259L	Missense;Missense	-0.390396287
520	Setdb1		No Mutation	-0.332473287
521	Setdb1	P253P	Silent	-0.729293765
522	Setdb1	D250D;Y251H	Silent;Missense	0.6085604685930823
523	Setdb1	G238G;K239G	Silent;Missense	-0.241303648
524	Setdb1	G238G;K239G	Silent;Missense	0.2108967078147266
525	Setdb1	K233G	Missense	1.374373367634096
526	Setdb1		No Mutation	0.072441772
527	Setdb1	(NC)	Intron	-0.601042529
528	Setdb1	(NC)	Intron	-0.207723273
529	Setdb1		No Mutation	-0.265993751
530	Setdb1	(NC);(NC)	Intron;Intron	-0.204179554
531	Setdb1	(NC);(NC)	Splice-donor;Intron	-1.069253448
532	Setdb1	T223T	Silent	1.3489915797539729
533	Setdb1	T223T	Silent	0.9947267631403108
534	Setdb1	I219V	Missense	1.044674521208722
535	Setdb1	T210A;K211G	Missense;Missense	1.033883564778566
536	Setdb1	K207R;K208G	Missense;Missense	0.2942718044789092
537	Setdb1	I204V	Missense	1.1167149174406623
538	Setdb1	S201G	Missense	1.2336874643737334
539	Setdb1	I199M;S201G	Missense;Missense	-0.709709498
540	Setdb1		No Mutation	0.6907800635238738
541	Setdb1	D197G	Missense	-1.078364384
542	Setdb1	G190G;E191G	Silent;Missense	-1.510939678
543	Setdb1	G190G;E191G	Silent;Missense	1.2183790846424651
544	Setdb1	G190G;E191G	Silent;Missense	1.238254791041467
545	Setdb1	S189S	Silent	0.8280033259163974
546	Setdb1	T184A	Missense	-0.221247663
547	Setdb1	(NC);(NC)	Intron;Splice-acceptor	-0.933341475
548	Setdb1		No Mutation	-0.445950926
549	Setdb1		No Mutation	0.5865017125002168
550	Setdb1	(NC);(NC);(NC)	Intron;Intron;Intron	1.002133773178715
551	Setdb1	(NC)	Intron	-0.242582811
552	Setdb1	Q178R	Missense	1.37868054
553	Setdb1	D169D;A170A	Silent;Silent	-0.330482135
554	Setdb1	Q162Q;D163G	Silent;Missense	0.1149008259337347
555	Setdb1	A153A	Silent	2.688104000818757
556	Setdb1	(NC);(NC)	Intron;Splice-acceptor	-0.628057233
557	Setdb1	L150P	Missense	0.6105400160150575
558	Setdb1		No Mutation	1.8407837752826344
559	Setdb1	(NC)	Intron	-0.517663869
560	Setdb1	(NC);(NC)	Intron;Intron	0.3024528344067119
561	Setdb1	Q148R;K149G	Missense;Missense	-0.625819311
562	Setdb1	Q148R;K149G	Missense;Missense	-0.165323517
563	Setdb1	(NC)	Splice-donor	0.2790399082356475
564	Setdb1	K146K;D147G	Silent;Missense	1.2937495957548557
565	Setdb1	K146R;D147G	Missense;Missense	1.944310910294676
566	Setdb1	R143R;T144A	Silent;Missense	2.393014631104865
567	Setdb1		No Mutation	1.3912890944242116
568	Setdb1	(NC);(NC)	Intron;Intron	0.1613659965816102
569	Setdb1	(NC)	Splice-donor	1.1430245631200795
570	Setdb1		No Mutation	0.2554025396785347
571	Setdb1	D131D;V132A	Silent;Missense	-1.77134832
572	Setdb1	I125T	Missense	-1.284243541
573	Setdb1	I125T	Missense	-0.207408865
574	Setdb1	I122T;I123T	Missense;Missense	-1.362987673
575	Setdb1	E113G	Missense	0.4521126091973959
576	Setdb1	H108R	Missense	-1.192056781
577	Setdb1	D98G	Missense	-0.20440734
578	Setdb1	D98G	Missense	0.6742692564523907
579	Setdb1		No Mutation	-0.851126994
580	Setdb1	T90A;N91D	Missense;Missense	-1.230088247
581	Setdb1	V89A;T90T	Missense;Silent	-0.995200634
582	Setdb1	(NC)	Intron	1.0762360023400428
583	Setdb1	(NC)	Intron	-0.047662564
584	Setdb1		No Mutation	0.4828206443256194
585	Setdb1	A85A;R87G	Silent;Missense	0.0562548003175886
586	Setdb1	D83G;D84G	Missense;Missense	1.7633979000831348
587	Setdb1	D83G	Missense	-0.215990142
588	Setdb1		No Mutation	-0.527248427
589	Setdb1	E74G	Missense	-0.060719659
590	Setdb1	L69L;Q70R;K71E	Silent;Missense;Missense	2.157095378438423
591	Setdb1	K59G	Missense	-1.941025755
592	Setdb1	E46G	Missense	-0.622912765
593	Setdb1	Y43C;I44V	Missense;Missense	-0.522309195
594	Setdb1		No Mutation	-0.615212701
595	Setdb1		No Mutation	-0.955816879
596	Setdb1	E31E;E32G	Silent;Missense	-0.787735713
597	Setdb1		No Mutation	-0.853388116
598	Setdb1		No Mutation	-0.442966235
599	Setdb1	E24G	Missense	0.7064408121135403
600	Setdb1		No Mutation	0.4835381444141645
601	Setdb1	I22V	Missense	1.099713475686476
602	Setdb1	S19P	Missense	-0.944340494
603	Setdb1	L10P	Missense	0.9070217008034304
604	Setdb1	S9S;L10P	Silent;Missense	-0.383004924
605	Setdb1	S9S;L10L	Silent;Silent	0.4132349882671574
606	Setdb1	M8T;S9S	Missense;Silent	0.9847635679530058
607	Setdb1		No Mutation	-0.44046783
608	Setdb1	M8T	Missense	-0.137708992
609	Setdb1	L4P	Missense	-1.201955224
610	Setdb1	M1V	Missense	-0.470769916
611	Setdb1	(NC);M1V	UTR;Missense	-2.618288781
612	Setdb1	M1T	Missense	-0.753227538
613	Trim28		No Mutation	-0.86675826
614	Trim28		No Mutation	-0.110874387
615	Trim28	(NC)	UTR	-0.75597833
616	Trim28	(NC)	UTR	-0.426794418
617	Trim28		No Mutation	-0.162008609
618	Trim28	(NC);(NC)	UTR;UTR	0.3818465312028402
619	Trim28		No Mutation	-1.575381445
620	Trim28	(NC)	UTR	0.1563905044393145
621	Trim28	(NC);M1T	UTR;Missense	-0.684908313
622	Trim28	M1T	Missense	-0.056694627
623	Trim28	M1T	Missense	0.1816426146228386
624	Trim28	M1T	Missense	-1.459026604
625	Trim28	M1T	Missense	-0.053998209
626	Trim28		No Mutation	-1.26532001
627	Trim28	(NC);M1V	UTR;Missense	-0.519022691
628	Trim28		No Mutation	-0.004073613
629	Trim28	T8T	Silent	-1.147934084
630	Trim28	A6A;T8A	Silent;Missense	-0.669023668
631	Trim28	A9A	Silent	-0.427899565
632	Trim28		No Mutation	-1.356579094
633	Trim28		No Mutation	-0.693670386
634	Trim28	T15A	Missense	-0.830103198
635	Trim28		No Mutation	-1.384009525
636	Trim28		No Mutation	-0.173583717
637	Trim28	S21S;G22G	Silent;Silent	-2.18263996
638	Trim28		No Mutation	-0.767429727
639	Trim28		No Mutation	2.2927363415126987
640	Trim28	G22G	Silent	-0.162310539
641	Trim28		No Mutation	-1.888395684
642	Trim28		No Mutation	-1.017412063
643	Trim28	S26P	Missense	-1.227738071
644	Trim28	S23G	Missense	-0.734403857
645	Trim28	S23G	Missense	-1.522539426
646	Trim28	P24P	Silent	-1.360630643
647	Trim28		No Mutation	-0.364370374
648	Trim28	S30P	Missense	-1.048934391
649	Trim28		No Mutation	-1.975774165
650	Trim28	S30P	Missense	-0.61342724
651	Trim28	E28G	Missense	-0.783510071
652	Trim28		No Mutation	0.1692237973721382
653	Trim28		No Mutation	-0.787266531
654	Trim28		No Mutation	-1.075037795
655	Trim28		No Mutation	-1.202599273
656	Trim28	S46P	Missense	-1.678568085
657	Trim28		No Mutation	-0.578068226
658	Trim28	S51P	Missense	-1.132796589
659	Trim28	A47A	Silent	0.075985164
660	Trim28		No Mutation	-0.03485855
661	Trim28		No Mutation	-1.742906206
662	Trim28		No Mutation	-1.218938732
663	Trim28		No Mutation	0.5879088547841407
664	Trim28		No Mutation	-0.311089567
665	Trim28		No Mutation	-0.945541573
666	Trim28		No Mutation	0.3161844601911088
667	Trim28		No Mutation	-1.368873865
668	Trim28	G56G	Silent	-0.20299634
669	Trim28	G56G	Silent	-0.174383913
670	Trim28		No Mutation	0.766976741
671	Trim28		No Mutation	0.1026506717143943
672	Trim28	E58G	Missense	-1.346664653
673	Trim28	E61G	Missense	-0.646693827
674	Trim28		No Mutation	-1.089972994
675	Trim28	E71G	Missense	0.9249946807310612
676	Trim28		No Mutation	-0.050123917
677	Trim28		No Mutation	-0.170404007
678	Trim28	D78D	Silent	-0.62805457
679	Trim28	L81P	Missense	0.9333222367909592
680	Trim28	L81P	Missense	0.6844494976464812
681	Trim28	C84R;L85P	Missense;Missense	-0.982551058
682	Trim28		No Mutation	0.6046322623718594
683	Trim28	C89R	Missense	0.5816711808691666
684	Trim28	C89R	Missense	0.8570117950554557
685	Trim28		No Mutation	-1.112161849
686	Trim28		No Mutation	-1.030343422
687	Trim28	L93P	Missense	-0.559428796
688	Trim28	A96A	Silent	-0.103021038
689	Trim28		No Mutation	-0.261900991
690	Trim28		No Mutation	-0.961930754
691	Trim28		No Mutation	-1.191036378
692	Trim28		No Mutation	0.1531933894529908
693	Trim28		No Mutation	0.3857179735512688
694	Trim28		No Mutation	-0.540999386
695	Trim28	A100A	Silent	0.2330026252701805
696	Trim28	A100A	Silent	-0.457073844
697	Trim28	N103N;S104P	Silent;Missense	1.1325269559830569
698	Trim28	N103N;S104P	Silent;Missense	0.7342794332719106
699	Trim28	N102G	Missense	-0.583179572
700	Trim28		No Mutation	1.202958668412268
701	Trim28	N102G;N103G	Missense;Missense	-0.911155213
702	Trim28		No Mutation	-0.567488758
703	Trim28		No Mutation	-1.040332312
704	Trim28	D106G	Missense	0.734157954
705	Trim28		No Mutation	-0.962039651
706	Trim28	D112G	Missense	0.038957152
707	Trim28		No Mutation	0.8995094803979126
708	Trim28	M115V	Missense	-1.182019591
709	Trim28	(NC)	Intron	-1.286538149
710	Trim28	M115T	Missense	2.8388088622264047
711	Trim28	M115T	Missense	1.835888878536163
712	Trim28	C125R	Missense	0.0597822269073015
713	Trim28	Y126C	Missense	0.2218176401103511
714	Trim28	N133N	Silent	-0.104219914
715	Trim28		No Mutation	1.087295920732332
716	Trim28		No Mutation	0.3218801061333236
717	Trim28	D149D	Silent	1.7614579386626037
718	Trim28		No Mutation	0.091255328
719	Trim28	(NC)	Splice-donor	-0.596644053
720	Trim28	(NC);(NC)	Splice-donor;Intron	0.5118186375040596
721	Trim28	N151G	Missense	-1.664146297
722	Trim28	N151G;Q152R	Missense;Missense	-1.517417164
723	Trim28		No Mutation	0.7665662523237904
724	Trim28		No Mutation	-0.229899128
725	Trim28		No Mutation	-0.327805305
726	Trim28		No Mutation	0.6476795058550908
727	Trim28	(NC);(NC)	Intron;Intron	-0.410855028
728	Trim28	(NC)	Intron	-0.01126255
729	Trim28	(NC)	Intron	-0.540078881
730	Trim28	(NC)	Intron	0.6304256116334755
731	Trim28	(NC)	Intron	1.3472125213696688
732	Trim28	C153R	Missense	1.702899475879803
733	Trim28	P162P;T164A	Silent;Missense	-0.157566369
734	Trim28	Y166Y;C167R	Silent;Missense	-0.143075021
735	Trim28	Y166Y;C167R	Silent;Missense	0.040715686
736	Trim28	C167R;V168A	Missense;Missense	0.8275823187156017
737	Trim28	V168A	Missense	-0.864142724
738	Trim28	P173P	Silent	-0.434672383
739	Trim28		No Mutation	-0.058868913
740	Trim28	C178R;V179A	Missense;Missense	1.3626138381091255
741	Trim28		No Mutation	-0.178878371
742	Trim28		No Mutation	-0.11618105
743	Trim28		No Mutation	-1.022706718
744	Trim28		No Mutation	0.8098913432970104
745	Trim28		No Mutation	-0.339139977
746	Trim28	V193A	Missense	-1.04768828
747	Trim28	H191R;T192A	Missense;Missense	0.5041451331212148
748	Trim28		No Mutation	-0.798781154
749	Trim28		No Mutation	0.4969166915199713
750	Trim28	T196T;(NC)	Silent;Intron	1.0444317384812598
751	Trim28	(NC);(NC);(NC)	Intron;Intron;Intron	0.8998343739942446
752	Trim28	(NC)	Intron	-0.374256145
753	Trim28	(NC);(NC);(NC)	Intron;Intron;Intron	-1.210153342
754	Trim28	P198P;A199A	Silent;Silent	-0.259748247
755	Trim28	T201T	Silent	-0.431022391
756	Trim28		No Mutation	-1.019896805
757	Trim28	C222R	Missense	0.4236002139609322
758	Trim28	C222C	Silent	0.2455370240393239
759	Trim28	C222C	Silent	0.1864147137656497
760	Trim28	L235P	Missense	0.7074896835879247
761	Trim28		No Mutation	0.2263281985897829
762	Trim28	Q234R	Missense	0.2472030763693257
763	Trim28		No Mutation	-0.59252122
764	Trim28	D240G;H241R	Missense;Missense	0.032978153
765	Trim28		No Mutation	0.2932472125383975
766	Trim28	(NC)	Intron	-0.400809837
767	Trim28	(NC)	Intron	-0.214187465
768	Trim28	D248D	Silent	1.7295201492595116
769	Trim28	N252G	Missense	0.2034532428113822
770	Trim28	K255G	Missense	2.0696492513644382
771	Trim28	A258A;S259P	Silent;Missense	1.4081882055254265
772	Trim28	S259S	Silent	0.5370154012381677
773	Trim28	S259S	Silent	-0.79011417
774	Trim28	S259S	Silent	-0.80024074
775	Trim28	T270T	Silent	1.4769986055280655
776	Trim28	Q272R;K273E	Missense;Missense	-0.693793913
777	Trim28	S281P	Missense	1.198689994657463
778	Trim28	(NC)	Intron	0.076788363
779	Trim28	(NC);(NC)	Intron;Intron	-1.508457486
780	Trim28	(NC);(NC)	Intron;Intron	0.8527997951777528
781	Trim28		No Mutation	-1.19998009
782	Trim28	(NC);(NC);(NC)	Intron;Intron;Intron	-0.35685629
783	Trim28	(NC)	Intron	-1.394677072
784	Trim28	(NC)	Intron	1.061317571429329
785	Trim28	V285A	Missense	0.5100981726409864
786	Trim28	D287D;V288A	Silent;Missense	-0.098338361
787	Trim28		No Mutation	0.1654478406404015
788	Trim28		No Mutation	-1.368639167
789	Trim28	Q293R	Missense	-0.116212453
790	Trim28	I300V	Missense	0.5600517777579495
791	Trim28	M304T	Missense	1.740677743797308
792	Trim28	K305G	Missense	-0.0325317
793	Trim28	K305G	Missense	-0.456062974
794	Trim28	K305G;E306G	Missense;Missense	-0.278410678
795	Trim28	K309G	Missense	-1.820833877
796	Trim28		No Mutation	0.6342639660580343
797	Trim28	D317G	Missense	1.416168035114111
798	Trim28		No Mutation	1.5549791345918926
799	Trim28	(NC);(NC);(NC);(NC)	Intron;Intron;Intron;Intron	0.4057451912879932
800	Trim28	(NC);(NC);(NC);(NC)	Intron;Intron;Intron;Intron	-0.502512027
801	Trim28	(NC)	Intron	-0.063074891
802	Trim28	V321A	Missense	0.1051389614211695
803	Trim28	(NC)	Splice-acceptor	0.1395772174946019
804	Trim28	T322A	Missense	1.1544400071555267
805	Trim28		No Mutation	-1.174613647
806	Trim28	R328R	Silent	1.1695741998874565
807	Trim28		No Mutation	1.0890796629932509
808	Trim28	K338G;I339V	Missense;Missense	0.2499449930726849
809	Trim28		No Mutation	-0.929797116
810	Trim28	R348R;F349L	Silent;Missense	0.9832108907045696
811	Trim28	S356S	Silent	0.1494781488292668
812	Trim28	K366G;K367G	Missense;Missense	0.037175248
813	Trim28	K367G	Missense	-0.043615777
814	Trim28	K367R	Missense	-0.701525402
815	Trim28	I369T;Y370H	Missense;Missense	0.1105286736081703
816	Trim28	I369T;Y370H	Missense;Missense	-0.066142686
817	Trim28	Y370Y;F371P	Silent;Missense	-0.553958502
818	Trim28	F371P	Missense	0.8958025277551449
819	Trim28	F371S	Missense	0.072918759
820	Trim28		No Mutation	1.1702855317260847
821	Trim28	Y370C	Missense	0.5256144430077734
822	Trim28	Y370C	Missense	2.0840895451669748
823	Trim28		No Mutation	0.5939435531602043
824	Trim28	K378K;M379V;I380V	Silent;Missense;Missense	-0.484893052
825	Trim28	D382G	Missense	0.6514188005026588
826	Trim28	G388G	Silent	-2.0081986
827	Trim28	F392P	Missense	-0.053567551
828	Trim28	E389G	Missense	-0.776027613
829	Trim28	E389G;M390V	Missense;Missense	0.2627179212611111
830	Trim28	Q393R	Missense	-0.951846415
831	Trim28	A403A	Silent	0.3703105205974181
832	Trim28	K401G;S402G	Missense;Missense	-0.615953119
833	Trim28		No Mutation	-0.899212855
834	Trim28	F406P	Missense	1.084340780553838
835	Trim28	(NC);(NC)	Intron;Intron	1.2347857385430925
836	Trim28		No Mutation	0.7069429019086997
837	Trim28	(NC)	Intron	-0.083669826
838	Trim28	I409V	Missense	-0.188382587
839	Trim28		No Mutation	-0.522392373
840	Trim28	T416A;N417G	Missense;Missense	-0.619516745
841	Trim28		No Mutation	0.7676172397862552
842	Trim28	N417G	Missense	0.2901402906219966
843	Trim28	T419A	Missense	-0.872401141
844	Trim28	M424T	Missense	-1.143869644
845	Trim28	P426P	Silent	-0.846142673
846	Trim28		No Mutation	-0.614831036
847	Trim28		No Mutation	-0.747370783
848	Trim28		No Mutation	-1.878362329
849	Trim28		No Mutation	0.8411768025125015
850	Trim28	P432P;L433P	Silent;Missense	-0.930642768
851	Trim28		No Mutation	-0.863170127
852	Trim28		No Mutation	-0.26829076
853	Trim28		No Mutation	-0.676499405
854	Trim28		No Mutation	-0.994762101
855	Trim28	L433L;S434G	Silent;Missense	1.2316074662218834
856	Trim28	G437G;S438P	Silent;Missense	0.8888937248820878
857	Trim28	G437G;S438P	Silent;Missense	1.7703243430202071
858	Trim28	Q436Q	Silent	-0.599281943
859	Trim28	S440G	Missense	-0.649841885
860	Trim28	S440G;S441G	Missense;Missense	-0.290461813
861	Trim28	S440G;S441G	Missense;Missense	-0.71269508
862	Trim28		No Mutation	-0.107194249
863	Trim28		No Mutation	0.7107053386997237
864	Trim28		No Mutation	-0.175930741
865	Trim28	M444V	Missense	0.7297565439050697
866	Trim28	M444V	Missense	-0.242522949
867	Trim28	E445G	Missense	0.2244541529920733
868	Trim28		No Mutation	-0.695569644
869	Trim28		No Mutation	1.3934792273171237
870	Trim28	Q447R;E448G	Missense;Missense	0.8646449001004749
871	Trim28	Q447R;E448G	Missense;Missense	1.1146390742578935
872	Trim28	G449G;Y450C	Silent;Missense	1.0434351356084473
873	Trim28	(NC);(NC)	Intron;Intron	-0.46550236
874	Trim28	(NC)	Intron	2.192492001479043
875	Trim28	(NC);(NC)	Intron;Intron	0.4347833259274742
876	Trim28		No Mutation	-0.283532469
877	Trim28		No Mutation	0.1739864607046854
878	Trim28	A461A;E462G	Silent;Missense	-0.401292726
879	Trim28	H464R;V465V	Missense;Silent	1.5943337178578496
880	Trim28	M468T	Missense	-0.407636002
881	Trim28	M468V	Missense	1.7041576524181192
882	Trim28	(NC);(NC);(NC)	Intron;Intron;Intron	1.195698209384424
883	Trim28	(NC);(NC)	Intron;Intron	0.1839412747936165
884	Trim28	(NC)	Splice-acceptor	-0.552330447
885	Trim28	(NC)	Splice-acceptor	0.6058787679891345
886	Trim28		No Mutation	-0.146163736
887	Trim28		No Mutation	-0.970300502
888	Trim28		No Mutation	-1.7064839
889	Trim28	E475G	Missense	-0.135710901
890	Trim28	E477G;V478V	Missense;Silent	-1.053361808
891	Trim28	V478V;S479G	Silent;Missense	0.00328605
892	Trim28		No Mutation	-0.319253432
893	Trim28	S489G	Missense	-0.811945817
894	Trim28		No Mutation	1.1269006631215257
895	Trim28		No Mutation	-0.202783488
896	Trim28	D494D;L495P	Silent;Missense	-0.806419802
897	Trim28	S499P	Missense	-1.823677657
898	Trim28		No Mutation	-1.98264599
899	Trim28		No Mutation	0.4657967364041369
900	Trim28	Q502R	Missense	0.9220047577532368
901	Trim28		No Mutation	-0.331419236
902	Trim28		No Mutation	-1.10205123
903	Trim28	V508A;F509P	Missense;Missense	0.5486145981875027
904	Trim28	F509P	Missense	0.3319462414724767
905	Trim28		No Mutation	0.8857211561950782
906	Trim28		No Mutation	0.6474877128311118
907	Trim28	I520V	Missense	1.7988400199602814
908	Trim28		No Mutation	-1.062881044
909	Trim28	A528A	Silent	-0.395431552
910	Trim28	A529A	Silent	-1.737780861
911	Trim28	A529A	Silent	0.1795808446388176
912	Trim28		No Mutation	1.0204721311666969
913	Trim28		No Mutation	-0.449746372
914	Trim28	G543G	Silent	-2.141693733
915	Trim28		No Mutation	-1.052657351
916	Trim28		No Mutation	0.9811942856698564
917	Trim28	L547P	Missense	-0.706954547
918	Trim28	L547P	Missense	-1.310887234
919	Trim28	L547P	Missense	-2.04817039
920	Trim28	P545P	Silent	2.41959264001528
921	Trim28	M550T	Missense	-0.665856904
922	Trim28	M550T	Missense	1.1201743029952789
923	Trim28	M550T	Missense	-0.389438373
924	Trim28	I552T	Missense	0.1263823099112669
925	Trim28	I552T	Missense	0.8814975319610137
926	Trim28	M550V	Missense	2.132076284430984
927	Trim28	I552T	Missense	0.132118436590526
928	Trim28	V553A	Missense	-1.011978541
929	Trim28	K554G	Missense	0.6841861246459477
930	Trim28	(NC);(NC)	Intron;Intron	0.208377296883726
931	Trim28	K554R;(NC)	Missense;Intron	-0.351259318
932	Trim28	(NC);(NC)	Intron;Intron	0.6343282995273056
933	Trim28	E557G;T558A	Missense;Missense	0.5567939360146827
934	Trim28	I562V	Missense	0.5222190538928703
935	Trim28		No Mutation	-0.949607002
936	Trim28		No Mutation	-0.475887809
937	Trim28		No Mutation	-0.799047671
938	Trim28	G571G	Silent	-1.13179236
939	Trim28	G571G	Silent	-1.96766459
940	Trim28	G571G	Silent	-0.9145354
941	Trim28		No Mutation	-0.824138
942	Trim28		No Mutation	-1.689402296
943	Trim28		No Mutation	-1.362195842
944	Trim28		No Mutation	-0.698873721
945	Trim28	V577A;L578P	Missense;Missense	0.8393356145169937
946	Trim28	M579T;P580P	Missense;Silent	-0.210639191
947	Trim28	M579V	Missense	-0.368649616
948	Trim28	L581P	Missense	0.9565143595633474
949	Trim28		No Mutation	-1.146891222
950	Trim28	P585P	Silent	0.993309051
951	Trim28	E583G	Missense	-1.137928155
952	Trim28	E583G	Missense	-0.052216267
953	Trim28	P590P	Silent	2.3905766584543064
954	Trim28	L592P;A593A	Missense;Silent	1.5374818903331449
955	Trim28		No Mutation	-1.061723239
956	Trim28	P595P	Silent	-0.48516705
957	Trim28	S596G	Missense	1.0891235393838716
958	Trim28	S601P	Missense	0.3795805791225498
959	Trim28	S598G;T599A	Missense;Missense	0.7928627935149357
960	Trim28	T599A;S600G	Missense;Missense	0.0411858591873167
961	Trim28	S600G	Missense	-1.592695949
962	Trim28	S601S	Silent	-0.307604653
963	Trim28	V605A	Missense	-1.65391034
964	Trim28	E604G	Missense	0.1467007969235076
965	Trim28		No Mutation	-0.958001194
966	Trim28	T611A	Missense	0.2425378763527542
967	Trim28	S612S	Silent	0.3862593805028862
968	Trim28		No Mutation	-0.552695127
969	Trim28	S616S	Silent	-0.278079364
970	Trim28	G619G	Silent	-0.441012787
971	Trim28	V615V;S616G	Silent;Missense	-0.737127866
972	Trim28	G619G	Silent	-0.13945168
973	Trim28	G619G;I620T	Silent;Missense	0.099383824
974	Trim28		No Mutation	-0.539354133
975	Trim28	T626T	Silent	-0.344407187
976	Trim28	V630A;C631R	Missense;Missense	0.5211495491669127
977	Trim28		No Mutation	0.117757835574581
978	Trim28		No Mutation	0.9952242614603248
979	Trim28	Q632R;K633E	Missense;Missense	0.7273108175563031
980	Trim28	L637P	Missense	-0.41077358
981	Trim28	M639T;C640R	Missense;Missense	1.3996288414356146
982	Trim28	C643R	Missense	0.5974589456197419
983	Trim28	F647P	Missense	-0.017250621
984	Trim28	L653P	Missense	-0.533217771
985	Trim28	P654P	Silent	0.4678417369730628
986	Trim28	H652R	Missense	0.7678469237800665
987	Trim28		No Mutation	-0.051133831
988	Trim28	D658D	Silent	-1.024756762
989	Trim28		No Mutation	0.3477638209336182
990	Trim28		No Mutation	-1.150769463
991	Trim28	D658D;V659A	Silent;Missense	-0.734611833
992	Trim28	V659A	Missense	1.2751557136655205
993	Trim28		No Mutation	0.7861798533904463
994	Trim28	(NC)	Splice-donor	0.4243483972329724
995	Trim28		No Mutation	-0.221549212
996	Trim28	P660P	Silent	0.863181656
997	Trim28	P660P	Silent	-0.545219639
998	Trim28	(NC)	Intron	-0.479528188
999	Trim28	(NC)	Intron	0.8234033603158013
1000	Trim28	(NC);(NC)	Intron;Intron	-1.566411811
1001	Trim28	(NC);(NC)	Intron;Intron	0.4810267101175094
1002	Trim28		No Mutation	-0.517064533
1003	Trim28	(NC)	Intron	1.77072740791588
1004	Trim28	(NC)	Intron	0.5682747429926096
1005	Trim28	W664R	Missense	-0.811433238
1006	Trim28	S665S;C666R	Silent;Missense	-0.361975226
1007	Trim28		No Mutation	-0.253205513
1008	Trim28		No Mutation	-0.142231144
1009	Trim28	L675P	Missense	-0.075329787
1010	Trim28	D674G	Missense	0.9565487111162146
1011	Trim28		No Mutation	-0.294409251
1012	Trim28		No Mutation	0.086584091
1013	Trim28	D679D	Silent	-0.52600658
1014	Trim28	E678E;D679G	Silent;Missense	0.4591453482874641
1015	Trim28	G680G;S681G	Silent;Missense	-0.455908721
1016	Trim28		No Mutation	0.4883326576507179
1017	Trim28	D685G	Missense	-0.062693878
1018	Trim28	D688D	Silent	-1.654980278
1019	Trim28	G686G;A687A	Silent;Silent	-1.455193118
1020	Trim28	S697S	Silent	0.4837218856290193
1021	Trim28	S697S	Silent	-0.542571347
1022	Trim28	(NC)	Splice-donor	0.5189060513521566
1023	Trim28	(NC)	Intron	-0.585759654
1024	Trim28	(NC);(NC)	Intron;Intron	0.7214920125376645
1025	Trim28	K703K	Silent	-0.913237494
1026	Trim28	H714H	Silent	-0.327622766
1027	Trim28		No Mutation	0.2446584369656507
1028	Trim28	C717R	Missense	0.4963529339099937
1029	Trim28	R718R;L720L	Silent;Silent	0.2968501390555214
1030	Trim28		No Mutation	-0.264432303
1031	Trim28	H721H	Silent	-0.568705278
1032	Trim28	L723P	Missense	-0.382912353
1033	Trim28	A724A	Silent	0.165525207509023
1034	Trim28	A724A	Silent	0.2794616093101567
1035	Trim28	D726G	Missense	0.4286298685497866
1036	Trim28	M731T	Missense	-0.461025781
1037	Trim28	M731V	Missense	1.011494214032453
1038	Trim28		No Mutation	1.2944152074458748
1039	Trim28	(NC);(NC)	Intron;Intron	0.6457562767392597
1040	Trim28	(NC)	Intron	0.018261986
1041	Trim28		No Mutation	-0.588370434
1042	Trim28	(NC);(NC)	Intron;Splice-acceptor	1.700370925364548
1043	Trim28	P734P;G735G	Silent;Silent	-0.140042965
1044	Trim28	P734P;G735G	Silent;Silent	0.081887912
1045	Trim28	L740P	Missense	1.7033927253615724
1046	Trim28	L742S;I743T	Missense;Missense	-0.006964729
1047	Trim28	I743T	Missense	0.7246349299037087
1048	Trim28	R744R;A745A	Silent;Silent	-0.960455278
1049	Trim28	L747P	Missense	0.3598466090558569
1050	Trim28	S752P	Missense	-0.573675719
1051	Trim28	P753P	Silent	0.4454097749868111
1052	Trim28		No Mutation	1.2032256204378329
1053	Trim28		No Mutation	-0.312313828
1054	Trim28		No Mutation	2.155844010878708
1055	Trim28	A762A	Silent	1.2048745017113112
1056	Trim28	E760G	Missense	-0.17278083
1057	Trim28	A762A	Silent	-0.018643612
1058	Trim28	E760G	Missense	0.3340876139328743
1059	Trim28		No Mutation	-0.056140192
1060	Trim28	D764D	Silent	0.8124476951957281
1061	Trim28	D764D	Silent	1.1607887488301234
1062	Trim28	F772P	Missense	0.1019201773688326
1063	Trim28	N773D	Missense	0.8889660406467689
1064	Trim28	(NC)	Intron	-0.608468798
1065	Trim28		No Mutation	1.924620765751034
1066	Trim28		No Mutation	-0.974720141
1067	Trim28	(NC)	Intron	-0.452315775
1068	Trim28	(NC)	Intron	-0.479064843
1069	Trim28	(NC);(NC)	Intron;Intron	-0.515490804
1070	Trim28	D781G	Missense	0.9652422708962708
1071	Trim28		No Mutation	-0.273230216
1072	Trim28	M796V	Missense	0.1460806848877073
1073	Trim28	F805P	Missense	-0.227309389
1074	Trim28	V808A;L809P	Missense;Missense	0.1191995423594414
1075	Trim28	L817P	Missense	-0.401254615
1076	Trim28	N816G	Missense	0.5824013859794013
1077	Trim28		No Mutation	0.1555438359999021
1078	Trim28	S819S	Silent	-0.292853934
1079	Trim28	L822P	Missense	0.2427774827854685
1080	Trim28		No Mutation	-0.342122279
1081	Trim28	S823S;S824P	Silent;Missense	-0.13428936
1082	Trim28	S823S;S824P	Silent;Missense	-0.390013994
1083	Trim28	S823G	Missense	-0.279438046
1084	Trim28	L827P;S828P	Missense;Missense	-0.409479782
1085	Trim28		No Mutation	-0.998989264
1086	Trim28	D832G	Missense	-0.488327568
1087	Trim28	D832G	Missense	-1.283325874
1088	Trim28	*835R	Missense	-0.079448726
1089	Trim28	D832G	Missense	-0.990077895
1090	Trim28	*835R	Missense	1.724476317126164
1091	Trim28	*835W;(NC)	Missense;UTR	1.5645007889829126
1092	Trim28	(NC);(NC);(NC)	UTR;UTR;UTR	-0.190997336
1093	Trim28	(NC);(NC);(NC)	UTR;UTR;UTR	-0.461048609
1094	Trim28	(NC);(NC);(NC)	UTR;UTR;UTR	0.7302997844321373
1095	Mphosph8	(NC)	UTR	1.9621724285599265
1096	Mphosph8		No Mutation	0.4475731967795285
1097	Mphosph8		No Mutation	-1.292371496
1098	Mphosph8	M1V	Missense	-1.241269733
1099	Mphosph8		No Mutation	-1.139611209
1100	Mphosph8		No Mutation	0.2627904683307381
1101	Mphosph8	E6G	Missense	-0.217583505
1102	Mphosph8	V18A	Missense	-0.384227586
1103	Mphosph8	S17S	Silent	1.0428283488263874
1104	Mphosph8	R24R;S25P	Silent;Missense	-0.509376284
1105	Mphosph8	R24R;S25P	Silent;Missense	-0.453543756
1106	Mphosph8		No Mutation	-1.117859952
1107	Mphosph8		No Mutation	0.087841591
1108	Mphosph8	E29G	Missense	-1.128812077
1109	Mphosph8	V31A	Missense	-1.285113342
1110	Mphosph8	E29G	Missense	-1.420171791
1111	Mphosph8	V31A	Missense	0.09985797
1112	Mphosph8	E29G	Missense	-0.648703671
1113	Mphosph8		No Mutation	0.05387783
1114	Mphosph8	G32G;A33A	Silent;Silent	-0.567902191
1115	Mphosph8	K38G;D39G	Missense;Missense	-0.371382964
1116	Mphosph8	A40A	Silent	-0.345567309
1117	Mphosph8	A40A;T42A	Silent;Missense	1.317706027178608
1118	Mphosph8	K43G	Missense	-0.365995047
1119	Mphosph8	K43R;G44G	Missense;Silent	-0.560581514
1120	Mphosph8	V46A	Missense	0.038911436
1121	Mphosph8	K43K;G44G;T45A	Silent;Silent;Missense	-0.157217837
1122	Mphosph8	V48A	Missense	-0.933266099
1123	Mphosph8		No Mutation	-0.46119878
1124	Mphosph8		No Mutation	-2.372288311
1125	Mphosph8	D50G	Missense	0.4015744619051685
1126	Mphosph8	D50G	Missense	0.2036825214027015
1127	Mphosph8		No Mutation	-0.412018939
1128	Mphosph8	D50G;S51G	Missense;Missense	-0.207062207
1129	Mphosph8	S51G	Missense	-0.520906499
1130	Mphosph8	E60G	Missense	-0.228436723
1131	Mphosph8		No Mutation	-0.480476194
1132	Mphosph8	D66G	Missense	0.6067741953113484
1133	Mphosph8		No Mutation	-0.220519229
1134	Mphosph8	K68G	Missense	1.1097111585789747
1135	Mphosph8	K68R	Missense	-1.784255532
1136	Mphosph8		No Mutation	-0.554738471
1137	Mphosph8	E70G	Missense	0.018344602524401
1138	Mphosph8	G71G;(NC)	Silent;Intron	-0.324259423
1139	Mphosph8		No Mutation	-1.18541963
1140	Mphosph8	N74S	Missense	1.2339229641088332
1141	Mphosph8	Y76C;K77G	Missense;Missense	0.5818902453763133
1142	Mphosph8	T84T	Silent	1.279888590858821
1143	Mphosph8	T84T	Silent	-0.436698777
1144	Mphosph8	D88G;T89A	Missense;Missense	-0.913006726
1145	Mphosph8	E91G	Missense	-0.073503086
1146	Mphosph8	V94A;H95H	Missense;Silent	-1.178426127
1147	Mphosph8		No Mutation	-0.46020116
1148	Mphosph8		No Mutation	-0.045333238
1149	Mphosph8	H95R	Missense	0.4674560305605418
1150	Mphosph8	E101G	Missense	-0.463912394
1151	Mphosph8	N113S;K114G	Missense;Missense	1.1190725926697829
1152	Mphosph8	A117A;R119G	Silent;Missense	-0.119983178
1153	Mphosph8	(NC)	Intron	-0.875626556
1154	Mphosph8	L127L;N128G;N129D	Silent;Missense;Missense	1.7717435428951025
1155	Mphosph8	K145R;E146G	Missense;Missense	0.2239816715595609
1156	Mphosph8	T163T;S164G	Silent;Missense	1.3273549523558352
1157	Mphosph8	E166G;D167G	Missense;Missense	0.253546057753591
1158	Mphosph8	K170G;K171E	Missense;Missense	0.301208370563772
1159	Mphosph8	K170G;K171G	Missense;Missense	0.2526454234998221
1160	Mphosph8	K181G	Missense	1.785140820980022
1161	Mphosph8	S188G;T189A	Missense;Missense	1.5714880623178016
1162	Mphosph8	G194G;F195P	Silent;Missense	0.547831253
1163	Mphosph8	K198R;T199A	Missense;Missense	0.1629979343171461
1164	Mphosph8	T199A;K200E	Missense;Missense	2.304313410598919
1165	Mphosph8	K201K;R202G;I203V	Silent;Missense;Missense	0.4423464664105274
1166	Mphosph8	E205E;K207E	Silent;Missense	-0.222949156
1167	Mphosph8	K214E	Missense	0.3441777116282117
1168	Mphosph8	K217G;K218E	Missense;Missense	-0.427179273
1169	Mphosph8	E220G;I221V	Missense;Missense	0.9774218796345744
1170	Mphosph8	A230A	Silent	-0.894694992
1171	Mphosph8	L227L;K228G	Silent;Missense	1.887790014851067
1172	Mphosph8	L227L;K228G;K229E	Silent;Missense;Missense	1.848721347179376
1173	Mphosph8	R257R;Y258C;I259V	Silent;Missense;Missense	-0.303270065
1174	Mphosph8	S267P	Missense	-1.36838533
1175	Mphosph8	D270G	Missense	-0.657705108
1176	Mphosph8	I273T;L274P	Missense;Missense	1.2049949186359572
1177	Mphosph8	D276D	Silent	0.0305982992577108
1178	Mphosph8	D276D	Silent	1.0560705654523306
1179	Mphosph8	V295V;R296G	Silent;Missense	1.0463808865880817
1180	Mphosph8	A300A;Q301R	Silent;Missense	0.1205609720420552
1181	Mphosph8	Q301R;E302G	Missense;Missense	0.0576982212493669
1182	Mphosph8	I317V	Missense	1.150997835781867
1183	Mphosph8		No Mutation	1.474199580068115
1184	Mphosph8	S318G;I319V	Missense;Missense	0.7164040824697282
1185	Mphosph8		No Mutation	0.1169999145470859
1186	Mphosph8		No Mutation	0.7379539315058803
1187	Mphosph8		No Mutation	1.4039043031557852
1188	Mphosph8	K333G	Missense	-0.562030595
1189	Mphosph8		No Mutation	-1.15790607
1190	Mphosph8	L346P	Missense	0.9088118311331126
1191	Mphosph8		No Mutation	-0.186532321
1192	Mphosph8	Q362R;R363G	Missense;Missense	1.5439994687902383
1193	Mphosph8	Q362R;R363G	Missense;Missense	-0.227353856
1194	Mphosph8	S370S	Silent	-0.344322377
1195	Mphosph8	L377P	Missense	0.4486437081895311
1196	Mphosph8		No Mutation	-0.905200099
1197	Mphosph8	L386P	Missense	0.4813662070463592
1198	Mphosph8	K387G;S388G	Missense;Missense	0.3261691221868357
1199	Mphosph8	K387R;S388G	Missense;Missense	0.4237106963621951
1200	Mphosph8	K387K;S388G	Silent;Missense	0.7560505356388769
1201	Mphosph8		No Mutation	-0.592320671
1202	Mphosph8	L398L;K399E	Silent;Missense	2.1967290585928594
1203	Mphosph8	L403P	Missense	-0.868877989
1204	Mphosph8		No Mutation	0.4635862656784403
1205	Mphosph8		No Mutation	-0.108199611
1206	Mphosph8		No Mutation	-1.567867237
1207	Mphosph8	(NC)	Splice-donor	-1.310044213
1208	Mphosph8	A404A	Silent	0.6972230912500352
1209	Mphosph8	A404A;E405G	Silent;Missense	0.019104642
1210	Mphosph8	K410G;K411G	Missense;Missense	0.8345976106573838
1211	Mphosph8	K415R;G416G	Missense;Silent	1.1463549024727904
1212	Mphosph8	Q419R;K420E	Missense;Missense	1.9422582778468027
1213	Mphosph8	K429K;R431G	Silent;Missense	0.0257089502044155
1214	Mphosph8	(NC);(NC)	Intron;Intron	1.0170308110058626
1215	Mphosph8	K466K;R467G	Silent;Missense	0.2873745713983335
1216	Mphosph8	N478G	Missense	1.127812063703367
1217	Mphosph8	L488P	Missense	-1.138843847
1218	Mphosph8	R495R;D496G	Silent;Missense	0.076357543
1219	Mphosph8	R495R;D496G	Silent;Missense	0.1737573325141798
1220	Mphosph8	A502A;Y503C	Silent;Missense	0.6755459062602743
1221	Mphosph8	A502A;Y503C	Silent;Missense	-0.630682358
1222	Mphosph8	A502A;Y503C;I504V	Silent;Missense;Missense	-0.542327297
1223	Mphosph8		No Mutation	0.4435926919181711
1224	Mphosph8		No Mutation	4.503764873299692
1225	Mphosph8		No Mutation	0.7104242644474732
1226	Mphosph8	(NC)	Intron	-0.835586593
1227	Mphosph8	D524D	Silent	0.6260855583605633
1228	Mphosph8		No Mutation	-1.509477339
1229	Mphosph8	V529A	Missense	0.5017472275791799
1230	Mphosph8	G533G;M534T	Silent;Missense	1.3730098125365866
1231	Mphosph8	M534V	Missense	-0.077053433
1232	Mphosph8	D535G	Missense	0.009181487
1233	Mphosph8	M541T	Missense	0.377405382271303
1234	Mphosph8		No Mutation	0.9340223240624091
1235	Mphosph8		No Mutation	0.775599217
1236	Mphosph8		No Mutation	0.8181687743693848
1237	Mphosph8	(NC);(NC)	Intron;Intron	2.9678425980993364
1238	Mphosph8	(NC);(NC)	Intron;Intron	2.222918859592697
1239	Mphosph8	R569G;D570G	Missense;Missense	0.067695808
1240	Mphosph8	G575G;D576G	Silent;Missense	0.8792741608579226
1241	Mphosph8	S586S;N587G	Silent;Missense	-1.114839195
1242	Mphosph8	E589E;Y590C;N591D	Silent;Missense;Missense	0.156240559490863
1243	Mphosph8	(NC);(NC)	Intron;Intron	-0.601637744
1244	Mphosph8	(NC);(NC)	Intron;Intron	-0.392647557
1245	Mphosph8	(NC);(NC);(NC)	Intron;Intron;Intron	2.032424589
1246	Mphosph8	T598A	Missense	-0.722783951
1247	Mphosph8	M600V;T601A	Missense;Missense	-1.359706733
1248	Mphosph8	M604V	Missense	0.2864669993980778
1249	Mphosph8	A606A	Silent	-1.130573967
1250	Mphosph8	A606A	Silent	-0.544932932
1251	Mphosph8	M604V	Missense	-1.049150259
1252	Mphosph8		No Mutation	-0.561688619
1253	Mphosph8	L618L;I619T	Silent;Missense	-0.259071013
1254	Mphosph8	R616G	Missense	0.4577829951583988
1255	Mphosph8		No Mutation	0.6946958265584695
1256	Mphosph8	K621G	Missense	-0.465642168
1257	Mphosph8	K621R	Missense	0.5197280276145099
1258	Mphosph8	N626G	Missense	-0.953927444
1259	Mphosph8	N626S	Missense	0.7676961209542827
1260	Mphosph8	I637V	Missense	-0.029890361
1261	Mphosph8	A640A	Silent	-0.155558257
1262	Mphosph8	A640A	Silent	-0.551557423
1263	Mphosph8		No Mutation	0.1639615984911533
1264	Mphosph8	(NC);(NC)	Intron;Intron	-0.768685978
1265	Mphosph8	(NC);(NC)	Intron;Intron	0.7873937352117268
1266	Mphosph8	F644P	Missense	-2.138545172
1267	Mphosph8	T646T;T647A	Silent;Missense	-0.397944924
1268	Mphosph8	N659G	Missense	-0.309465326
1269	Mphosph8	(NC);(NC)	Intron;Intron	-0.092266178
1270	Mphosph8		No Mutation	-0.209136007
1271	Mphosph8	(NC)	Intron	0.1105360869482101
1272	Mphosph8		No Mutation	1.0988164048046614
1273	Mphosph8	(NC)	Splice-acceptor	-0.752550225
1274	Mphosph8	A672A;K674E	Silent;Missense	-0.551828561
1275	Mphosph8		No Mutation	0.7229545088303643
1276	Mphosph8	C687R	Missense	-0.570551493
1277	Mphosph8	C687C	Silent	1.1213565359470432
1278	Mphosph8	Y703H;F704L	Missense;Missense	-0.698443515
1279	Mphosph8	E715E	Silent	0.048647658
1280	Mphosph8	(NC)	Intron	2.403225574697582
1281	Mphosph8	A728A	Silent	0.1341164329389255
1282	Mphosph8		No Mutation	0.314279236527236
1283	Mphosph8	A728A	Silent	-0.118523038
1284	Mphosph8	E737E	Silent	0.3979148472489806
1285	Mphosph8	P745P	Silent	1.76970344865054
1286	Mphosph8	C751R	Missense	0.2587251276247474
1287	Mphosph8	H752H	Silent	0.2448703868972405
1288	Mphosph8	L754P	Missense	-0.260060952
1289	Mphosph8	A750A	Silent	-0.558709534
1290	Mphosph8	H752R	Missense	-0.479643137
1291	Mphosph8	H752R	Missense	-0.621589168
1292	Mphosph8		No Mutation	-0.430657832
1293	Mphosph8		No Mutation	-1.528963484
1294	Mphosph8	D763D;F764P	Silent;Missense	-0.940618412
1295	Mphosph8	Q770R	Missense	1.4263344514930576
1296	Mphosph8	P773P	Silent	-0.145482368
1297	Mphosph8	P773P	Silent	-0.199053245
1298	Mphosph8	P773P	Silent	0.424587035
1299	Mphosph8		No Mutation	-0.476662052
1300	Mphosph8	(NC)	Intron	0.9394313187888724
1301	Mphosph8		No Mutation	-1.481462972
1302	Mphosph8		No Mutation	-0.417266555
1303	Mphosph8	V778A;L779P	Missense;Missense	-1.00196175
1304	Mphosph8	V778A;L779P	Missense;Missense	-0.997655501
1305	Mphosph8	H784H	Silent	0.1300960794655783
1306	Mphosph8	H784H	Silent	-0.304456905
1307	Mphosph8		No Mutation	0.3096077506685365
1308	Mphosph8	K790G	Missense	-0.568843416
1309	Mphosph8	I793V	Missense	0.1106478017567631
1310	Mphosph8	P799P;S801G	Silent;Missense	1.126333155719836
1311	Mphosph8	A804A;V805A	Silent;Missense	0.793646907
1312	Mphosph8	(NC);(NC)	Intron;Intron	-0.052557085
1313	Mphosph8		No Mutation	-0.720033789
1314	Mphosph8	F821P	Missense	-0.806117822
1315	Mphosph8	F821P	Missense	-0.51585693
1316	Mphosph8	F821P	Missense	0.3567327775561236
1317	Mphosph8	S824S	Silent	-0.349188513
1318	Mphosph8	N832N	Silent	0.9757656799277205
1319	Mphosph8	N832G	Missense	-0.866256746
1320	Mphosph8	F835F;I836T	Silent;Missense	0.421779551494836
1321	Mphosph8	I836T	Missense	0.9797210817069624
1322	Mphosph8	I836T	Missense	-0.42580589
1323	Mphosph8		No Mutation	2.38149967932612
1324	Mphosph8	E840G	Missense	0.050717483
1325	Mphosph8	(NC)	Intron	-0.37848876
1326	Mphosph8	(NC)	Splice-acceptor	0.4869259445660806
1327	Mphosph8	Q856R	Missense	-0.635385427
1328	Mphosph8	Q858R	Missense	1.0334072586960903
1329	Mphosph8	(NC);(NC);(NC)	UTR;UTR;UTR	-1.608980643
1330	Mphosph8		No Mutation	-1.089936373
1331	Tasor		No Mutation	-1.615943797
1332	Tasor		No Mutation	0.038179414
1333	Tasor		No Mutation	1.5293301492226306
1334	Tasor	M1T	Missense	-0.875554846
1335	Tasor	M1V	Missense	-0.474392641
1336	Tasor	T3T	Silent	0.3641235715972307
1337	Tasor	T3T	Silent	0.2793134282378901
1338	Tasor	T3A	Missense	-0.05898214
1339	Tasor		No Mutation	1.8744939328661696
1340	Tasor		No Mutation	0.007449297
1341	Tasor	W16R	Missense	1.2313810133242835
1342	Tasor	W16R	Missense	-0.308763703
1343	Tasor	S15G	Missense	1.803846778337996
1344	Tasor	S15G	Missense	1.2501786253781302
1345	Tasor	K17G	Missense	-1.635770176
1346	Tasor	K17G;S18G	Missense;Missense	-0.014633623
1347	Tasor	S18G	Missense	-0.341896276
1348	Tasor	M28V;K29E	Missense;Missense	-1.229087697
1349	Tasor	L35P	Missense	-0.447536222
1350	Tasor	S38P;L39P	Missense;Missense	-0.402825549
1351	Tasor	E36G	Missense	-0.440195897
1352	Tasor		No Mutation	-0.453809709
1353	Tasor		No Mutation	1.982760153969692
1354	Tasor	Q40R;N41G	Missense;Missense	0.5162862660609454
1355	Tasor	N41G	Missense	-0.675527115
1356	Tasor		No Mutation	0.2433805976972117
1357	Tasor		No Mutation	-1.200258508
1358	Tasor	D45G	Missense	0.1537133397906047
1359	Tasor	D45G	Missense	-3.015531051
1360	Tasor	D45G	Missense	-0.505384589
1361	Tasor		No Mutation	-0.033675066
1362	Tasor		No Mutation	-1.92114811
1363	Tasor		No Mutation	1.167570684621961
1364	Tasor	A57A	Silent	0.1031569527436997
1365	Tasor		No Mutation	-1.00700367
1366	Tasor	E59G	Missense	0.3430756893828638
1367	Tasor		No Mutation	-0.15960547
1368	Tasor		No Mutation	-1.24609858
1369	Tasor		No Mutation	-1.903221894
1370	Tasor		No Mutation	-0.209416532
1371	Tasor	Q70R	Missense	1.0200059792555118
1372	Tasor		No Mutation	-1.437761149
1373	Tasor	Q71Q;T72A	Silent;Missense	0.4233159005140054
1374	Tasor		No Mutation	-1.250620785
1375	Tasor	A79A	Silent	-2.085397646
1376	Tasor		No Mutation	1.276628561144572
1377	Tasor		No Mutation	-1.365027699
1378	Tasor		No Mutation	0.7275789633154367
1379	Tasor	K82G	Missense	-0.347644627
1380	Tasor		No Mutation	1.467071468
1381	Tasor		No Mutation	1.0543662523240998
1382	Tasor		No Mutation	-0.161968118
1383	Tasor	P90P	Silent	-0.653935639
1384	Tasor		No Mutation	-0.408038662
1385	Tasor	F95P	Missense	0.7881898603165829
1386	Tasor	K100G;S101G	Missense;Missense	-0.504629922
1387	Tasor	S101G;R102G	Missense;Missense	0.3429525816525565
1388	Tasor	S115P	Missense	-0.803120441
1389	Tasor	F118P	Missense	0.3001769102059008
1390	Tasor	L130L	Silent	-0.264768171
1391	Tasor	V135A	Missense	0.1226137517188911
1392	Tasor	Y137H;F138P	Missense;Missense	2.377819671
1393	Tasor	I146V	Missense	1.5285918905175873
1394	Tasor	E154G	Missense	-0.159015879
1395	Tasor	E154G;(NC)	Missense;Intron	-0.110737168
1396	Tasor	(NC)	Intron	-0.272937129
1397	Tasor	R160G;E161G	Missense;Missense	1.2316720949830504
1398	Tasor	D165G	Missense	-0.848149248
1399	Tasor	E174E	Silent	-0.601639598
1400	Tasor	A177A	Silent	0.6656900857779958
1401	Tasor	(NC);(NC);(NC)	Intron;Intron;Intron	-0.005651105
1402	Tasor	Q187R;S188G	Missense;Missense	1.2258033937525803
1403	Tasor	I189M	Missense	0.2504230693944254
1404	Tasor	E191G;K192E	Missense;Missense	1.5712795406584286
1405	Tasor	E191G;K192G	Missense;Missense	0.406599636963069
1406	Tasor	K200G	Missense	0.6871951208250239
1407	Tasor	L204P	Missense	1.086051762
1408	Tasor		No Mutation	-0.611461499
1409	Tasor		No Mutation	-0.430145592
1410	Tasor	(NC);(NC);(NC);(NC)	Intron;Intron;Intron;Intron	0.1853696126673084
1411	Tasor	(NC);(NC);(NC)	Intron;Intron;Intron	0.6934266148330455
1412	Tasor	Y216C	Missense	-0.217814019
1413	Tasor	L220L;Q221R	Silent;Missense	-0.265005164
1414	Tasor	N223G	Missense	0.2955126892488557
1415	Tasor	N223G	Missense	0.3857561418850089
1416	Tasor	N223G	Missense	0.994039694289118
1417	Tasor	E226G	Missense	0.059636495
1418	Tasor	V230A	Missense	0.375697611893843
1419	Tasor	S251G	Missense	-1.110544799
1420	Tasor	L259L;S260G	Silent;Missense	0.8039302157977181
1421	Tasor	H273H;V274A	Silent;Missense	2.050584486872211
1422	Tasor	R280G;I281V	Missense;Missense	-0.423159625
1423	Tasor	L284P	Missense	0.5177086591024247
1424	Tasor		No Mutation	-0.123939619
1425	Tasor	Y290H	Missense	-0.063173476
1426	Tasor	R288R	Silent	-0.229106184
1427	Tasor	(NC)	Splice-donor	1.4586665125403293
1428	Tasor	T293A	Missense	0.2629357443689625
1429	Tasor	Y315H	Missense	-0.098150877
1430	Tasor	S319P;F320P	Missense;Missense	1.5157185745393704
1431	Tasor	L335P	Missense	0.6194225369755567
1432	Tasor	(NC);(NC);(NC)	Intron;Intron;Intron	0.2681554551377735
1433	Tasor	N341G	Missense	0.4890564309298597
1434	Tasor	K348R	Missense	-0.178151555
1435	Tasor	N350G;Y351C	Missense;Missense	0.4046419364921909
1436	Tasor	L358P	Missense	1.1188660026590345
1437	Tasor		No Mutation	0.7312218966097459
1438	Tasor	F377S;L378P	Missense;Missense	-0.68906569
1439	Tasor	L378P;P379P	Missense;Silent	-0.085507574
1440	Tasor	L382P	Missense	1.4575426901757156
1441	Tasor	(NC);(NC)	Intron;Intron	0.2088783845358863
1442	Tasor	(NC)	Splice-acceptor	-0.523955473
1443	Tasor	V388A	Missense	0.2833308014472754
1444	Tasor	Y407H	Missense	3.6196950079113774
1445	Tasor		No Mutation	1.379496324201165
1446	Tasor	Y411C	Missense	0.9044784145612432
1447	Tasor	(NC)	Intron	-0.10477094
1448	Tasor	(NC);(NC)	Intron;Intron	1.0057341415847276
1449	Tasor	V430V;E431G	Silent;Missense	1.193061994730833
1450	Tasor	T433T;R434G;I435V	Silent;Missense;Missense	-0.448486301
1451	Tasor	E440E	Silent	1.3160435476090742
1452	Tasor		No Mutation	-0.115662576
1453	Tasor	V452V;L453P	Silent;Missense	0.3656284365513582
1454	Tasor	L453P;V454A	Missense;Missense	-0.066741764
1455	Tasor	L453P;V454A	Missense;Missense	2.5319962668506517
1456	Tasor		No Mutation	-0.235751272
1457	Tasor	K455G	Missense	0.3603597929457938
1458	Tasor	Y462H	Missense	0.146424046081139
1459	Tasor	F464F;L465P	Silent;Missense	-1.393906845
1460	Tasor	S467S;P468P;F469L	Silent;Silent;Missense	-0.737696689
1461	Tasor		No Mutation	-1.875141187
1462	Tasor	Q470R;M471V	Missense;Missense	-1.441166778
1463	Tasor	S473P	Missense	0.6514472931923344
1464	Tasor		No Mutation	-0.475659518
1465	Tasor	Y475H	Missense	0.9545041555339036
1466	Tasor	(NC);(NC)	Intron;Intron	1.030444558620756
1467	Tasor	H477H	Silent	0.4369871379977839
1468	Tasor	H477H	Silent	1.2808996216208866
1469	Tasor		No Mutation	2.109171583405516
1470	Tasor	T479T	Silent	0.2199136301143561
1471	Tasor	F489F;L490P;F491L	Silent;Missense;Missense	0.099647248
1472	Tasor	I499T	Missense	0.087413472
1473	Tasor	(NC);(NC);(NC)	Intron;Intron;Intron	0.9423620239493138
1474	Tasor	I504M;M505V;N506D	Missense;Missense;Missense	0.4996440794857291
1475	Tasor		No Mutation	0.3536202678273538
1476	Tasor	D518D;I519T	Silent;Missense	1.1572729412392757
1477	Tasor		No Mutation	0.79352716
1478	Tasor	H592H;I593T	Silent;Missense	1.5360022370223527
1479	Tasor	L597P	Missense	-1.050055379
1480	Tasor	L597P	Missense	-0.077689465
1481	Tasor		No Mutation	-0.045501748
1482	Tasor	Y607Y;L609L	Silent;Silent	0.29248705
1483	Tasor	L609P;S610P	Missense;Missense	1.0114709374181416
1484	Tasor	K613K;L614L;K615E	Silent;Silent;Missense	1.1069276167389397
1485	Tasor	E616G;L617L	Missense;Silent	1.461896273418383
1486	Tasor	L630P;S631P	Missense;Missense	0.5938550521323441
1487	Tasor	P629P	Silent	0.09103877
1488	Tasor		No Mutation	0.8592921822513984
1489	Tasor	Q636R;E637G	Missense;Missense	1.7665871414502947
1490	Tasor		No Mutation	-0.010907487
1491	Tasor	K644R;M645V	Missense;Missense	0.637727579
1492	Tasor	G648G;K649G	Silent;Missense	-0.34638733
1493	Tasor	G648G;K649G	Silent;Missense	-0.367744692
1494	Tasor	T686A	Missense	2.0598887000103434
1495	Tasor	T686A	Missense	1.7131281484307357
1496	Tasor	T686A;K687G	Missense;Missense	-0.016637145
1497	Tasor	K702G	Missense	0.1112244037803386
1498	Tasor	T726T	Silent	1.2780296206970607
1499	Tasor	S728G	Missense	-0.447380406
1500	Tasor	E734G	Missense	-0.147810956
1501	Tasor	S738P	Missense	0.6585736689285973
1502	Tasor	Q737R	Missense	-0.425979486
1503	Tasor	L741P;L742P	Missense;Missense	-0.636260441
1504	Tasor	I739V	Missense	1.4336872826179707
1505	Tasor		No Mutation	0.7664221775093246
1506	Tasor	N747G	Missense	-0.309491388
1507	Tasor		No Mutation	0.5615342728381312
1508	Tasor	Q751R	Missense	0.4462856057380783
1509	Tasor	Q751R	Missense	-0.077993562
1510	Tasor	E753G;D754G	Missense;Missense	0.3698358917692753
1511	Tasor	E753G;D754G	Missense;Missense	0.9098644248941724
1512	Tasor	E753E;D754G	Silent;Missense	-0.662157062
1513	Tasor	I761T	Missense	-1.005030714
1514	Tasor	H762R	Missense	2.42987314104814
1515	Tasor		No Mutation	0.5162533740051807
1516	Tasor	N766N;W767R	Silent;Missense	0.2985387881290935
1517	Tasor	N774G	Missense	0.7002147433195314
1518	Tasor	T783A	Missense	0.1706792494184167
1519	Tasor		No Mutation	0.5894227976132399
1520	Tasor	T785A	Missense	0.3397737031990394
1521	Tasor	A789A	Silent	-0.264064125
1522	Tasor	L790L	Silent	1.2655074959229784
1523	Tasor	S836G	Missense	1.8672337037163889
1524	Tasor	D842D	Silent	0.7995905996401214
1525	Tasor	D842D	Silent	0.1990700522437212
1526	Tasor		No Mutation	1.1124414492283403
1527	Tasor		No Mutation	0.7821793141500901
1528	Tasor		No Mutation	0.2707072213954991
1529	Tasor	S855S	Silent	0.9614958969757624
1530	Tasor	V863A	Missense	1.1146549376817307
1531	Tasor	S870G	Missense	-0.553084688
1532	Tasor	T874A	Missense	0.9894654043093898
1533	Tasor		No Mutation	1.8202186165757184
1534	Tasor	H879H	Silent	-0.257494506
1535	Tasor	S886S;S888P	Silent;Missense	0.4651456704055332
1536	Tasor	E892G;E893G	Missense;Missense	0.9849968334986208
1537	Tasor	K899G	Missense	-0.195243029
1538	Tasor	I901V	Missense	0.071247474
1539	Tasor		No Mutation	2.1261373920128745
1540	Tasor	(NC);(NC)	Intron;Intron	-0.728450669
1541	Tasor	(NC);(NC)	Intron;Intron	-0.929555473
1542	Tasor	(NC)	Intron	-1.40000521
1543	Tasor	(NC)	Intron	0.8622699438510676
1544	Tasor		No Mutation	0.3058336491172942
1545	Tasor		No Mutation	-1.274207743
1546	Tasor	S910G	Missense	-0.183489623
1547	Tasor	P911P	Silent	-0.720661083
1548	Tasor	H915H	Silent	-1.051976605
1549	Tasor	D913G;Q914R	Missense;Missense	-1.040047276
1550	Tasor		No Mutation	-0.131260402
1551	Tasor	E920G	Missense	-0.542156244
1552	Tasor	K921K;Q922R;T923A	Silent;Missense;Missense	-0.255334559
1553	Tasor	(NC);(NC)	Intron;Intron	-1.054040298
1554	Tasor	(NC);(NC);(NC);(NC)	Intron;Intron;Intron;Intron	0.9439578631188508
1555	Tasor	(NC);(NC)	Intron;Splice-acceptor	1.0981370771283507
1556	Tasor	K927K;S928S	Silent;Silent	-0.53908413
1557	Tasor	V934A;C935R	Missense;Missense	1.2230047487322118
1558	Tasor		No Mutation	-1.537168389
1559	Tasor		No Mutation	-0.230987904
1560	Tasor	F942L	Missense	-0.633941197
1561	Tasor	F942P	Missense	-2.05660723
1562	Tasor	P943P	Silent	0.038680426
1563	Tasor		No Mutation	-0.548601965
1564	Tasor		No Mutation	-1.444590107
1565	Tasor		No Mutation	0.1184461846637704
1566	Tasor	V948A;I949T	Missense;Missense	0.1341597567277868
1567	Tasor		No Mutation	0.1640800035574671
1568	Tasor		No Mutation	1.177136286586574
1569	Tasor		No Mutation	-1.371546502
1570	Tasor	S962S;S964P	Silent;Missense	1.2497940960017095
1571	Tasor	S964S	Silent	0.4944510842771963
1572	Tasor		No Mutation	-0.165756564
1573	Tasor	T967T	Silent	1.4749925488736104
1574	Tasor	T965A	Missense	0.7628356185527165
1575	Tasor	L968L;K969E	Silent;Missense	1.317032608040147
1576	Tasor	L968L;K969G	Silent;Missense	0.054570907
1577	Tasor	E974G;D975G	Missense;Missense	0.2988595913705709
1578	Tasor	V977A	Missense	-0.904393527
1579	Tasor	T976A	Missense	-0.883461886
1580	Tasor	V977V;T978A	Silent;Missense	0.9481975240753022
1581	Tasor	A979A	Silent	-0.234911707
1582	Tasor	P996P	Silent	0.4062070447888174
1583	Tasor	I1001T	Missense	0.3681145413864393
1584	Tasor	T1002A;E1003G	Missense;Missense	-1.875425662
1585	Tasor		No Mutation	-0.625628605
1586	Tasor		No Mutation	0.5475272925777804
1587	Tasor		No Mutation	-0.543755444
1588	Tasor	H1051H;S1052P	Silent;Missense	-0.501982191
1589	Tasor	N1053G	Missense	-0.378578694
1590	Tasor	K1056E	Missense	0.1475681112163827
1591	Tasor	E1060G	Missense	1.3403868971757276
1592	Tasor	I1075V;T1076A	Missense;Missense	0.3650483400538444
1593	Tasor	I1075V;T1076A	Missense;Missense	1.425562536016563
1594	Tasor	A1090A	Silent	-0.332210639
1595	Tasor	N1091N	Silent	0.000630399
1596	Tasor	H1094R	Missense	0.1670085298059538
1597	Tasor	L1099P	Missense	0.2965178089304603
1598	Tasor	L1099P	Missense	-0.01924562
1599	Tasor	A1096A;A1097A	Silent;Silent	-0.715156405
1600	Tasor	A1097A	Silent	-1.328783764
1601	Tasor	A1098A	Silent	0.22394712160507
1602	Tasor	S1115S;A1116A	Silent;Silent	-0.146726082
1603	Tasor	H1127H;L1128P	Silent;Missense	0.6943200772397442
1604	Tasor	E1135E;Q1136R	Silent;Missense	-0.588206052
1605	Tasor	V1143A	Missense	0.2288209808246417
1606	Tasor	E1142G	Missense	0.5106192544774594
1607	Tasor	L1154P	Missense	-0.564091248
1608	Tasor	M1155T;L1156L	Missense;Silent	2.4568419008352245
1609	Tasor	D1159G	Missense	-0.306220023
1610	Tasor	V1162V	Silent	-0.088599996
1611	Tasor	L1168P	Missense	-0.735493935
1612	Tasor	I1184T;S1185P	Missense;Missense	-0.328322154
1613	Tasor	I1184T;S1185P	Missense;Missense	0.2372113059190151
1614	Tasor		No Mutation	0.7115679239161105
1615	Tasor	F1193P;I1194T	Missense;Missense	2.4407973436165964
1616	Tasor	V1201A;F1202L	Missense;Missense	0.9051324512404711
1617	Tasor	E1200G	Missense	0.048393578
1618	Tasor	S1204S;L1205P	Silent;Missense	1.384288790807467
1619	Tasor		No Mutation	0.4555034127960486
1620	Tasor	I1233M;K1234G	Missense;Missense	1.6347560763321258
1621	Tasor	E1235G;Y1236C	Missense;Missense	-0.793326756
1622	Tasor		No Mutation	-0.222650351
1623	Tasor	G1241G;N1242G;T1243A	Silent;Missense;Missense	1.3583786930336266
1624	Tasor		No Mutation	-0.377279161
1625	Tasor	E1252G;R1253G	Missense;Missense	-0.29156938
1626	Tasor	Q1265R;N1266G	Missense;Missense	1.8189651621766325
1627	Tasor	A1270A	Silent	-0.627873808
1628	Tasor	(NC)	Intron	0.3555884020247351
1629	Tasor	L1282P	Missense	-2.749147682
1630	Tasor	F1290F;A1291A	Silent;Silent	0.0497820851403392
1631	Tasor	A1291A	Silent	0.972935089076196
1632	Tasor	N1305G;E1306G	Missense;Missense	2.205125057305421
1633	Tasor	E1306G	Missense	0.9118484269847292
1634	Tasor	E1318E;S1319S;I1320V	Silent;Silent;Missense	0.97554906504815
1635	Tasor	L1323L;E1324G	Silent;Missense	0.2010577028759914
1636	Tasor	S1342S;T1343T	Silent;Silent	0.5042320750694188
1637	Tasor	E1340G	Missense	-0.176593397
1638	Tasor	E1340G	Missense	0.5682274633552753
1639	Tasor	T1343A	Missense	0.6162677548907629
1640	Tasor	P1344P;E1345G	Silent;Missense	-0.451393566
1641	Tasor	W1350R	Missense	1.5627767328248396
1642	Tasor		No Mutation	0.278435197
1643	Tasor	K1355K	Silent	0.7726717380694494
1644	Tasor	K1358G;K1359E	Missense;Missense	-0.107622789
1645	Tasor	K1358G;K1359G	Missense;Missense	-0.477251106
1646	Tasor		No Mutation	-0.965331943
1647	Tasor	K1359R;L1360L	Missense;Silent	3.2358699386446483
1648	Tasor	(NC);(NC);(NC)	Intron;Intron;Intron	0.8307834170597096
1649	Tasor		No Mutation	0.4905055975851021
1650	Tasor	A1370A	Silent	0.1955464234685202
1651	Tasor	Y1380C	Missense	2.893985460404944
1652	Tasor	R1399R;N1400D	Silent;Missense	2.4976292925486123
1653	Tasor	E1403G;M1404V	Missense;Missense	-1.217379153
1654	Tasor	L1407P;I1408T	Missense;Missense	-0.657050292
1655	Tasor		No Mutation	-0.629406706
1656	Tasor	A1412A	Silent	0.7792685629447518
1657	Tasor	H1419R;I1420V	Missense;Missense	0.5599530340340908
1658	Tasor	I1420M	Missense	-0.630357186
1659	Tasor	N1427N	Silent	-0.006448091
1660	Tasor	(NC);E1425G;K1426E	Splice-acceptor;Missense;Missense	2.0376392525822102
1661	Tasor	S1433G	Missense	0.95854310106367
1662	Tasor	N1437N	Silent	1.388450377305214
1663	Tasor	Q1449Q;N1450G	Silent;Missense	-1.588040238
1664	Tasor	N1450G	Missense	-0.571069469
1665	Tasor	S1465G	Missense	-0.093469719
1666	Tasor	A1472A	Silent	2.783265905816234
1667	Tasor	N1473N	Silent	0.5758882328557791
1668	Tasor	N1475G	Missense	-1.272857752
1669	Tasor	(NC)	Splice-donor	-1.082025763
1670	Tasor	(NC);(NC);(NC)	Intron;Intron;Intron	0.3134915786327044
1671	Tasor	(NC);(NC)	Intron;Intron	0.9472209123505556
1672	Tasor	D1481D;A1482A	Silent;Silent	0.3316918600856152
1673	Tasor	T1485T;L1486L;T1487A	Silent;Silent;Missense	0.213767917
1674	Tasor	L1486L;T1487A	Silent;Missense	1.0179898566739425
1675	Tasor		No Mutation	0.0459625405880896
1676	Tasor		No Mutation	-0.70606188
1677	Tasor	V1493A	Missense	0.5672568441142443
1678	Tasor	V1493A	Missense	-0.012422652
1679	Tasor	V1493A	Missense	-0.151271903
1680	Tasor		No Mutation	1.6993071456928734
1681	Tasor		No Mutation	0.8780014644580476
1682	Pphln1	(NC);(NC)	UTR;UTR	3.3383159664327056
1683	Pphln1	M1T;W2R	Missense;Missense	-0.159978289
1684	Pphln1	(NC);(NC)	UTR;UTR	0.1476948035297509
1685	Pphln1	(NC);(NC)	UTR;UTR	-0.030307499
1686	Pphln1		No Mutation	1.155419494242388
1687	Pphln1	R14R;E15G	Silent;Missense	0.2124427597630064
1688	Pphln1	P18P	Silent	-0.656263495
1689	Pphln1		No Mutation	-0.946472868
1690	Pphln1	S24S;(NC)	Silent;Splice-donor	-0.219618068
1691	Pphln1	S24S;(NC)	Silent;Splice-donor	-0.603593235
1692	Pphln1	S24S;(NC)	Silent;Splice-donor	0.5456418565484782
1693	Pphln1	H22R	Missense	1.0214562209320683
1694	Pphln1	(NC);(NC)	Intron;Intron	-0.032236344
1695	Pphln1	(NC);(NC)	Intron;Intron	-1.828632837
1696	Pphln1	(NC)	Intron	0.2760969721071638
1697	Pphln1	(NC)	Intron	0.1101350373480358
1698	Pphln1	N32N;V33A	Silent;Missense	-0.301945992
1699	Pphln1	L40P;L41P	Missense;Missense	-0.976289399
1700	Pphln1		No Mutation	-0.401809022
1701	Pphln1		No Mutation	-0.401809022
1702	Pphln1		No Mutation	-1.295632033
1703	Pphln1		No Mutation	-1.295632033
1704	Pphln1		No Mutation	0.0186638738555888
1705	Pphln1	L55L	Silent	0.6833506986794281
1706	Pphln1	P58P	Silent	-0.59975614
1707	Pphln1	R57G	Missense	-0.86110465
1708	Pphln1		No Mutation	0.105037482111622
1709	Pphln1	Y63H	Missense	-0.938675026
1710	Pphln1		No Mutation	-0.525113109
1711	Pphln1		No Mutation	0.6873291373134197
1712	Pphln1		No Mutation	-0.716638857
1713	Pphln1	H83H;D84D	Silent;Silent	2.1145209321272693
1714	Pphln1	S87G	Missense	-0.568767465
1715	Pphln1	(NC);(NC)	Splice-donor;Intron	1.2363409369388538
1716	Pphln1	(NC);(NC)	Splice-donor;Intron	1.1353577897478742
1717	Pphln1	(NC);(NC);(NC)	Intron;Intron;Intron	0.9925860915367362
1718	Pphln1	(NC);(NC);(NC);(NC)	Intron;Intron;Intron;Intron	1.186532118195496
1719	Pphln1	(NC);(NC);(NC);(NC)	Intron;Intron;Intron;Intron	0.0456697630371862
1720	Pphln1	D94G;E95G	Missense;Missense	0.0307040331965049
1721	Pphln1	D103G;D104G	Missense;Missense	-2.116328975
1722	Pphln1		No Mutation	0.7864668339969477
1723	Pphln1	P111P	Silent	-0.424672442
1724	Pphln1	(NC)	Splice-donor	0.2466459489165057
1725	Pphln1	(NC)	Intron	0.1255684757453713
1726	Pphln1	(NC);(NC);(NC)	Intron;Intron;Splice-acceptor	0.8528188072147045
1727	Pphln1	S128S;H129R	Silent;Missense	1.911840576506962
1728	Pphln1	D133G	Missense	-0.660297499
1729	Pphln1		No Mutation	-0.214090229
1730	Pphln1	R145G	Missense	0.063819651
1731	Pphln1	S147P	Missense	0.3372967959303435
1732	Pphln1	P148P	Silent	0.106463305007097
1733	Pphln1	R145R;E146G	Silent;Missense	1.0845352572941138
1734	Pphln1	E146E	Silent	-0.597962793
1735	Pphln1		No Mutation	-0.757649949
1736	Pphln1	S154P	Missense	-1.593580442
1737	Pphln1	S154P	Missense	2.3392318294743366
1738	Pphln1		No Mutation	-1.730396568
1739	Pphln1		No Mutation	-0.040680676
1740	Pphln1		No Mutation	-0.522045917
1741	Pphln1	S161P	Missense	-0.056256351
1742	Pphln1	S161P	Missense	-0.287169239
1743	Pphln1		No Mutation	1.022869797243131
1744	Pphln1		No Mutation	2.297152550689457
1745	Pphln1	Y168C	Missense	-0.619475021
1746	Pphln1	T175T	Silent	-1.571220198
1747	Pphln1	H183H	Silent	0.8214615513805383
1748	Pphln1	H183H	Silent	1.1769105898023076
1749	Pphln1	(NC);(NC);(NC)	Intron;Intron;Intron	-0.755336516
1750	Pphln1	(NC);(NC)	Intron;Intron	-0.799274045
1751	Pphln1	(NC);(NC)	Intron;Intron	-0.060259953
1752	Pphln1	(NC)	Intron	0.1667618670970913
1753	Pphln1	(NC)	Intron	-0.522463618
1754	Pphln1	S186P;S187P	Missense;Missense	0.6095798905956596
1755	Pphln1	S187P	Missense	1.2892350126300869
1756	Pphln1	(NC);K185R	Splice-acceptor;Missense	0.7654105326395264
1757	Pphln1	R188R;V189A	Silent;Missense	1.5827530297362118
1758	Pphln1	R188R;V189A	Silent;Missense	1.4614157565136905
1759	Pphln1	A191A;S192P	Silent;Missense	-0.105153322
1760	Pphln1	N197N	Silent	1.1227632212095369
1761	Pphln1	Q196R;N197G	Missense;Missense	0.4042990381710758
1762	Pphln1	E198G	Missense	0.044704948
1763	Pphln1		No Mutation	-0.030819953
1764	Pphln1	R203R	Silent	-1.684801177
1765	Pphln1		No Mutation	0.082478622
1766	Pphln1		No Mutation	-0.491773437
1767	Pphln1	V226A	Missense	-1.039505311
1768	Pphln1	V226A	Missense	-0.399465831
1769	Pphln1	S224S;A225A	Silent;Silent	-1.203090647
1770	Pphln1	S229P	Missense	-0.36131293
1771	Pphln1	(NC)	Intron	-0.303870483
1772	Pphln1	(NC)	Intron	-1.15117267
1773	Pphln1		No Mutation	-0.320325681
1774	Pphln1		No Mutation	0.3460155590249754
1775	Pphln1	L232L	Silent	1.6278159118952464
1776	Pphln1	S236G;R237G	Missense;Missense	0.6806875963972452
1777	Pphln1		No Mutation	1.1086951066186317
1778	Pphln1		No Mutation	-0.343906406
1779	Pphln1	E240G;K241E	Missense;Missense	2.296066914330189
1780	Pphln1	E245G	Missense	0.5393422955989867
1781	Pphln1	E245G	Missense	-0.459637529
1782	Pphln1	S258S	Silent	0.3325510452816705
1783	Pphln1	E265G;M266V	Missense;Missense	-0.788523376
1784	Pphln1	(NC);(NC);(NC);(NC)	Intron;Intron;Intron;Intron	-0.429018794
1785	Pphln1		No Mutation	-0.488568778
1786	Pphln1	F278S;I279T	Missense;Missense	-1.059320372
1787	Pphln1		No Mutation	-2.370447108
1788	Pphln1		No Mutation	-0.165443433
1789	Pphln1	S287P	Missense	-0.64805738
1790	Pphln1	E286G	Missense	-0.186439088
1791	Pphln1	V290A	Missense	0.026598137
1792	Pphln1	V290A;D291D	Missense;Silent	0.8974367490160746
1793	Pphln1	S305P	Missense	0.3812213753937707
1794	Pphln1	I308I;S310P	Silent;Missense	0.8942770428974037
1795	Pphln1	K311K;T312A;K313E	Silent;Missense;Missense	1.0671533672193572
1796	Pphln1	(NC);(NC);(NC)	Intron;Intron;Intron	-0.696250523
1797	Pphln1	(NC)	Intron	2.010271988442571
1798	Pphln1		No Mutation	1.029250615749645
1799	Pphln1		No Mutation	-0.628726553
1800	Pphln1	Q321R;D322G	Missense;Missense	-0.134531043
1801	Pphln1	Q321R;D322G	Missense;Missense	-0.81741138
1802	Pphln1	T325T;F326L	Silent;Missense	1.817348572562077
1803	Pphln1		No Mutation	-1.001367691
1804	Pphln1	E324G;T325A	Missense;Missense	-0.766664256
1805	Pphln1		No Mutation	-0.964737181
1806	Pphln1		No Mutation	0.1089670801126354
1807	Pphln1	Q350R;N351G	Missense;Missense	-1.156091651
1808	Pphln1	I355V	Missense	1.3880240083594266
1809	Pphln1	Y370C	Missense	0.1943393246943676
1810	Pphln1	N372G	Missense	-0.743720662
1811	Pphln1	(NC)	UTR	1.0824829127379212
1812	Pphln1	(NC)	UTR	1.2260711844794725
1813	Pphln1	(NC)	UTR	1.0865931333142873
1814	Pphln1	(NC);(NC)	UTR;UTR	0.1981188624896508
1815	Morc2a	(NC);(NC);(NC)	UTR;UTR;UTR	0.1481251879045777
1816	Morc2a	S8S	Silent	-0.445478259
1817	Morc2a	L9P	Missense	0.1882294710788457
1818	Morc2a	F16P	Missense	2.184938603571702
1819	Morc2a		No Mutation	1.285783761092786
1820	Morc2a	(NC);(NC)	Intron;Intron	-0.143764062
1821	Morc2a		No Mutation	0.1666614459029197
1822	Morc2a	T25A;H26R	Missense;Missense	0.3911486855148448
1823	Morc2a	L29S;F30P	Missense;Missense	-0.016502536
1824	Morc2a		No Mutation	-0.198414102
1825	Morc2a	E35G	Missense	-0.379164679
1826	Morc2a	D42D	Silent	2.556692569
1827	Morc2a	D42D	Silent	0.7838192565764769
1828	Morc2a	R47G;I48V	Missense;Missense	1.6932707015210138
1829	Morc2a	Y51Y;A52A	Silent;Silent	3.0488381821251584
1830	Morc2a		No Mutation	2.845156992
1831	Morc2a	R54G	Missense	0.6227344730587641
1832	Morc2a	E56G	Missense	-0.604339995
1833	Morc2a	F62F;M63T	Silent;Missense	1.5376830919201014
1834	Morc2a	D68G	Missense	0.4993629935050173
1835	Morc2a	G72G;M73V	Silent;Missense	0.7003587728769716
1836	Morc2a	(NC);(NC)	Intron;Intron	-1.034020565
1837	Morc2a		No Mutation	1.265515431456282
1838	Morc2a	(NC);(NC);(NC)	Intron;Intron;Intron	0.2139415429368767
1839	Morc2a	(NC);(NC)	Intron;Intron	0.096267832
1840	Morc2a	A78A;A79A	Silent;Silent	-0.072315625
1841	Morc2a	S80G	Missense	-0.446092179
1842	Morc2a	S80G	Missense	-0.315113852
1843	Morc2a	S94P	Missense	0.8319721369678913
1844	Morc2a	E93G	Missense	1.134580834296775
1845	Morc2a	E93G	Missense	0.4279276606242458
1846	Morc2a	I97T	Missense	-0.831967022
1847	Morc2a	T95A;Q96R	Missense;Missense	2.1167804870307783
1848	Morc2a	Y100H	Missense	-0.917932717
1849	Morc2a	I97V	Missense	0.2533198841226719
1850	Morc2a	L104L;K105G	Silent;Missense	-1.200075377
1851	Morc2a		No Mutation	2.663879640506427
1852	Morc2a	M109T	Missense	-0.178847368
1853	Morc2a	(NC)	Splice-acceptor	1.6696496431163117
1854	Morc2a	M109T	Missense	-1.026064213
1855	Morc2a		No Mutation	-1.466652887
1856	Morc2a	S108S;M109V	Silent;Missense	-0.39989312
1857	Morc2a		No Mutation	0.9930511389968546
1858	Morc2a	F129S;L130P	Missense;Missense	-0.987802983
1859	Morc2a	S131S	Silent	-0.175117463
1860	Morc2a	F134L	Missense	-1.05060023
1861	Morc2a		No Mutation	-0.223564148
1862	Morc2a	T133A	Missense	0.4057864347627816
1863	Morc2a		No Mutation	0.4758136123302091
1864	Morc2a	E138G	Missense	-0.603638869
1865	Morc2a	I144T;V145A	Missense;Missense	-1.654925669
1866	Morc2a	I144T;V145A	Missense;Missense	1.0337253113291154
1867	Morc2a	I144I;V145A	Silent;Missense	-0.307644515
1868	Morc2a		No Mutation	-0.02265911
1869	Morc2a	N151N	Silent	-0.793852916
1870	Morc2a	N151N	Silent	-0.1743217
1871	Morc2a		No Mutation	-1.450015136
1872	Morc2a	N151D	Missense	0.4586728443542982
1873	Morc2a		No Mutation	-0.126881606
1874	Morc2a		No Mutation	-0.523413756
1875	Morc2a		No Mutation	-1.622595164
1876	Morc2a	E156E;I158V	Silent;Missense	0.087676241
1877	Morc2a	V162A	Missense	0.6408965236687376
1878	Morc2a	L171P;V172A	Missense;Missense	-0.858490905
1879	Morc2a		No Mutation	-0.709120942
1880	Morc2a		No Mutation	-0.284439178
1881	Morc2a		No Mutation	-0.225458751
1882	Morc2a	V184A	Missense	-0.480429065
1883	Morc2a	Q187R	Missense	0.1446664047600316
1884	Morc2a	Q187R	Missense	-1.180649446
1885	Morc2a	I191I;P192P	Silent;Silent	1.0930026402108153
1886	Morc2a	K190G;I191V	Missense;Missense	0.09971317
1887	Morc2a	N194D	Missense	1.1317786357304271
1888	Morc2a	(NC)	Intron	-2.751106068
1889	Morc2a	S195G	Missense	0.4185047567651312
1890	Morc2a	(NC);(NC);(NC)	Intron;Intron;Intron	0.2912540331072614
1891	Morc2a		No Mutation	-0.30463007
1892	Morc2a	V199A;I200T	Missense;Missense	-0.82972547
1893	Morc2a	I200T	Missense	-2.013316208
1894	Morc2a	I200T;I201T	Missense;Missense	-0.75124129
1895	Morc2a	N203D	Missense	0.7906655368747975
1896	Morc2a	K205G	Missense	0.6405683791297396
1897	Morc2a	M207V	Missense	0.066731971
1898	Morc2a	I217T;S218P	Missense;Missense	0.1128970056543273
1899	Morc2a	P220P;K221E	Silent;Missense	1.562911719392217
1900	Morc2a	M225T	Missense	0.1333008284070562
1901	Morc2a	A226A	Silent	-0.851982029
1902	Morc2a	S229P	Missense	2.5688644326355856
1903	Morc2a	A226A;E227G	Silent;Missense	0.5690389079877696
1904	Morc2a	P230P;E231G	Silent;Missense	0.9957838401082304
1905	Morc2a	(NC)	Splice-donor	-1.382733688
1906	Morc2a	T233A	Missense	0.1608564236506763
1907	Morc2a	T233A	Missense	0.0345486077387771
1908	Morc2a	(NC);(NC)	Intron;Intron	-0.110080269
1909	Morc2a	(NC)	Intron	-1.127172574
1910	Morc2a	(NC)	Intron	0.9235879835577204
1911	Morc2a	(NC);(NC)	Intron;Intron	0.2280049785823115
1912	Morc2a		No Mutation	0.9743813176727996
1913	Morc2a		No Mutation	0.5684169227300294
1914	Morc2a	F240P	Missense	-2.02262801
1915	Morc2a	A244A;A245A	Silent;Silent	0.7325275377569492
1916	Morc2a	A245A;V246A	Silent;Missense	1.359292018607993
1917	Morc2a	L247P;Y248H	Missense;Missense	1.3395430852598256
1918	Morc2a	V246V	Silent	0.6193001447928694
1919	Morc2a	Y248C;I249V	Missense;Missense	0.02908332
1920	Morc2a	M253V;R254G	Missense;Missense	0.2364206531931338
1921	Morc2a	F256P;I257T	Missense;Missense	-0.58727324
1922	Morc2a	F256S;I257T	Missense;Missense	-0.63849941
1923	Morc2a	I257T	Missense	-2.88396989
1924	Morc2a	I257V	Missense	1.1318763261973948
1925	Morc2a		No Mutation	-0.766680129
1926	Morc2a	C270R	Missense	-0.384242222
1927	Morc2a		No Mutation	-0.878379876
1928	Morc2a		No Mutation	-0.682119907
1929	Morc2a	L271L;Y272C	Silent;Missense	-0.85825606
1930	Morc2a	L271L;Y272C	Silent;Missense	0.092726131
1931	Morc2a	(NC)	Splice-donor	-2.393495301
1932	Morc2a	(NC)	Intron	1.043713456913758
1933	Morc2a	(NC)	Intron	-0.302248605
1934	Morc2a		No Mutation	-0.349817208
1935	Morc2a	Y277H	Missense	0.8704164188618831
1936	Morc2a	S281S;S282G	Silent;Missense	1.867433800561876
1937	Morc2a	S281S;S282G	Silent;Missense	0.735831685
1938	Morc2a	K285G;T286A	Missense;Missense	-0.347139976
1939	Morc2a	K294R;A295A	Missense;Silent	0.33822311336322
1940	Morc2a	E296G;H297R	Missense;Missense	-1.087393325
1941	Morc2a	(NC)	Intron	-1.727121076
1942	Morc2a		No Mutation	0.1814819637774912
1943	Morc2a	(NC);(NC);(NC)	Intron;Intron;Intron	0.1433076184431641
1944	Morc2a	(NC)	Splice-acceptor	-1.169918273
1945	Morc2a	E303G	Missense	0.4185656262780493
1946	Morc2a		No Mutation	-1.094399653
1947	Morc2a		No Mutation	-0.411219897
1948	Morc2a	T315A	Missense	-0.102001888
1949	Morc2a	T315A	Missense	-0.333087474
1950	Morc2a	L316L;E317G	Silent;Missense	-0.741146774
1951	Morc2a		No Mutation	0.2443724159724389
1952	Morc2a		No Mutation	1.1484836428059122
1953	Morc2a	D323G	Missense	-1.315318363
1954	Morc2a	T325A	Missense	0.2594324784386118
1955	Morc2a		No Mutation	-0.199336952
1956	Morc2a	(NC)	Intron	-1.21256776
1957	Morc2a	(NC)	Intron	-0.01678843
1958	Morc2a	(NC);(NC);(NC)	Intron;Intron;Intron	-0.522593921
1959	Morc2a	(NC)	Intron	-0.623960706
1960	Morc2a	(NC)	Splice-acceptor	-0.581610535
1961	Morc2a		No Mutation	0.6895646138781716
1962	Morc2a		No Mutation	0.5572535501963424
1963	Morc2a	A346A;D347D	Silent;Silent	1.885828812126725
1964	Morc2a	A346A;D347D	Silent;Silent	-0.320987576
1965	Morc2a	E345G	Missense	-0.191506842
1966	Morc2a	K349E	Missense	-0.820628639
1967	Morc2a	K353G	Missense	-0.839138238
1968	Morc2a	K356G;Q357R	Missense;Missense	-0.707675592
1969	Morc2a	(NC);(NC);(NC)	Intron;Intron;Intron	0.9285711137480972
1970	Morc2a	L360P	Missense	0.7316349351466823
1971	Morc2a	R358R	Silent	1.7105357857512655
1972	Morc2a	F368P;V369A	Missense;Missense	-0.698277164
1973	Morc2a	F368S;V369A	Missense;Missense	-0.430310722
1974	Morc2a		No Mutation	0.6753872488689623
1975	Morc2a	N373D	Missense	-0.090106264
1976	Morc2a	E375G;H376R	Missense;Missense	0.5781880190236409
1977	Morc2a	M382T;F383L	Missense;Missense	-0.643229979
1978	Morc2a	K392G;M393V	Missense;Missense	1.1810450327276456e-05
1979	Morc2a	Y394Y	Silent	-0.901786033
1980	Morc2a	K392G;M393V	Missense;Missense	0.09740942
1981	Morc2a	K396G	Missense	-1.618684824
1982	Morc2a		No Mutation	0.5149839347317209
1983	Morc2a		No Mutation	1.143964521690625
1984	Morc2a		No Mutation	-0.041347474
1985	Morc2a		No Mutation	-1.04197997
1986	Morc2a		No Mutation	-0.602282827
1987	Morc2a	M405T	Missense	0.5552740632211323
1988	Morc2a	M405V	Missense	-0.369639451
1989	Morc2a	(NC)	Intron	-0.21938023
1990	Morc2a	(NC)	Intron	0.1482401230533967
1991	Morc2a		No Mutation	1.1849463093730184
1992	Morc2a		No Mutation	0.9875360712072948
1993	Morc2a		No Mutation	-0.162708809
1994	Morc2a		No Mutation	-0.601521255
1995	Morc2a	(NC)	Splice-acceptor	-1.116895415
1996	Morc2a	A406A	Silent	-1.153601811
1997	Morc2a	A406A	Silent	-2.014296559
1998	Morc2a	A406A	Silent	0.8823642561863436
1999	Morc2a		No Mutation	-0.600345284
2000	Morc2a	V416V	Silent	0.8612828874830054
2001	Morc2a		No Mutation	-0.46172583
2002	Morc2a	P423P	Silent	0.3824156299830453
2003	Morc2a	T424A	Missense	-0.469598568
2004	Morc2a		No Mutation	0.7322147365468217
2005	Morc2a	D429G	Missense	-0.750595548
2006	Morc2a	D432G	Missense	0.5397572351006856
2007	Morc2a	H438R	Missense	-0.046335319
2008	Morc2a	H438R	Missense	-0.256052955
2009	Morc2a	H438R;L439L	Missense;Silent	0.0483342847328488
2010	Morc2a	L439L	Silent	-0.150736775
2011	Morc2a		No Mutation	-0.353330257
2012	Morc2a	R441R;A442A;M443V	Silent;Silent;Missense	2.0202398970268014
2013	Morc2a	E445G;H446R	Missense;Missense	-0.296288403
2014	Morc2a		No Mutation	-0.280920389
2015	Morc2a	K452G	Missense	-0.066260536
2016	Morc2a	I456V	Missense	0.4081649523884925
2017	Morc2a		No Mutation	2.144716012551152
2018	Morc2a	(NC);(NC)	Intron;Intron	-1.390961337
2019	Morc2a		No Mutation	-1.076141664
2020	Morc2a	G460G	Silent	0.1361673893189864
2021	Morc2a	I462T	Missense	-0.577632424
2022	Morc2a	F464L	Missense	-1.072554643
2023	Morc2a	Y470C	Missense	-0.398361723
2024	Morc2a	P478P	Silent	0.087368968
2025	Morc2a	S481S	Silent	-1.50721554
2026	Morc2a	L483P	Missense	-0.156555479
2027	Morc2a	R484R;F485P	Silent;Missense	2.206122846784466
2028	Morc2a	E482G	Missense	0.1913959065153206
2029	Morc2a	K486G	Missense	0.220084044022087
2030	Morc2a	I493T	Missense	0.8978326410829303
2031	Morc2a	P494P;T495A	Silent;Missense	-0.735056596
2032	Morc2a	C499R	Missense	-1.467613709
2033	Morc2a	(NC)	Splice-donor	-0.974807171
2034	Morc2a	(NC);(NC);(NC);(NC)	Intron;Intron;Intron;Intron	-0.036446828
2035	Morc2a	(NC);D500G	Splice-acceptor;Missense	1.0003265905374343
2036	Morc2a	D500G	Missense	0.7727226834138171
2037	Morc2a	S513S;S514P	Silent;Missense	0.9854366242147574
2038	Morc2a	S514P;V515A	Missense;Missense	1.5816436757572565
2039	Morc2a	V515A	Missense	0.524498362
2040	Morc2a		No Mutation	1.9530420702255384
2041	Morc2a	T517T;D518G	Silent;Missense	0.3903842450525931
2042	Morc2a	T517T;D518G	Silent;Missense	0.7856384168558848
2043	Morc2a	V524V;C525R;S526P	Silent;Missense;Missense	-0.152771246
2044	Morc2a	C525R;S526P	Missense;Missense	0.000188248
2045	Morc2a	N528G	Missense	-0.271786663
2046	Morc2a	P531P	Silent	0.72714123
2047	Morc2a	D530G	Missense	1.9359517042598609
2048	Morc2a		No Mutation	-0.808992881
2049	Morc2a		No Mutation	-1.519279009
2050	Morc2a	(NC)	Splice-donor	-1.953856166
2051	Morc2a	(NC);(NC)	Intron;Intron	0.4222078905084488
2052	Morc2a		No Mutation	2.3905766584543064
2053	Morc2a		No Mutation	0.3154620976155763
2054	Morc2a	K542G	Missense	0.8573427513214785
2055	Morc2a	K542G;Q543R	Missense;Missense	0.001078463
2056	Morc2a	K542R;Q543R	Missense;Missense	0.3823438807834365
2057	Morc2a		No Mutation	2.7710227870296675
2058	Morc2a	K551K;K552G	Silent;Missense	0.2626225807162594
2059	Morc2a	K567G;I568V	Missense;Missense	-0.369410347
2060	Morc2a	E573E;K574G	Silent;Missense	-0.977251971
2061	Morc2a	Q579R	Missense	-1.182973417
2062	Morc2a	Q579R	Missense	-0.766785651
2063	Morc2a		No Mutation	-0.88291883
2064	Morc2a	A588A	Silent	-0.740743697
2065	Morc2a	A588A	Silent	-1.429445623
2066	Morc2a	L590P	Missense	0.6748223552418331
2067	Morc2a	L595P	Missense	-0.630524408
2068	Morc2a		No Mutation	0.000492063
2069	Morc2a		No Mutation	-0.462071331
2070	Morc2a	I602V	Missense	0.2442891870151823
2071	Morc2a		No Mutation	0.8388246347303953
2072	Morc2a	(NC);(NC);(NC)	Intron;Intron;Intron	1.3985853067367795
2073	Morc2a	(NC);(NC);(NC)	Intron;Intron;Intron	1.1960555381090172
2074	Morc2a	(NC)	Intron	0.044785455
2075	Morc2a		No Mutation	-0.940313343
2076	Morc2a	R608G	Missense	-1.295513782
2077	Morc2a	S614P	Missense	-0.168524918
2078	Morc2a	S614S	Silent	0.1626415322249121
2079	Morc2a	L617P	Missense	-0.839242689
2080	Morc2a	V620A;I621T	Missense;Missense	0.2129455030763571
2081	Morc2a	I621T	Missense	-1.692666826
2082	Morc2a	N623N	Silent	2.569081658911757
2083	Morc2a	S630P;I631T	Missense;Missense	-1.318390643
2084	Morc2a	T633T	Silent	0.6086716096082789
2085	Morc2a	T633T	Silent	1.667557881233127
2086	Morc2a	T633T	Silent	0.3668670299215526
2087	Morc2a		No Mutation	-0.995707304
2088	Morc2a	L640P	Missense	-0.486914719
2089	Morc2a	L640P	Missense	-1.241581112
2090	Morc2a		No Mutation	0.6937177771662015
2091	Morc2a	S644P	Missense	0.1366684008416987
2092	Morc2a	S644P	Missense	-0.351038582
2093	Morc2a	V645V;I646T	Silent;Missense	-0.905633614
2094	Morc2a		No Mutation	-0.168021092
2095	Morc2a	T653A	Missense	-0.484153295
2096	Morc2a		No Mutation	-0.603701114
2097	Morc2a		No Mutation	0.07055192
2098	Morc2a	G658G;E659G	Silent;Missense	1.1175467943930275
2099	Morc2a	S661S;T662T	Silent;Silent	-0.273105212
2100	Morc2a	S661S;T662T;S663P	Silent;Silent;Missense	-0.102083026
2101	Morc2a	L665L	Silent	1.329897068629441
2102	Morc2a	P672P	Silent	-0.611703303
2103	Morc2a		No Mutation	-0.97189604
2104	Morc2a		No Mutation	-0.705576197
2105	Morc2a	I680T	Missense	-0.416351991
2106	Morc2a	T682T;V683A	Silent;Missense	-0.38065091
2107	Morc2a	V683A	Missense	0.2370191128361873
2108	Morc2a		No Mutation	-0.746772358
2109	Morc2a		No Mutation	-1.32086735
2110	Morc2a	P689P;V690A	Silent;Missense	-1.055968584
2111	Morc2a	P689P;V690A	Silent;Missense	-1.794852522
2112	Morc2a	P689P;V690A	Silent;Missense	-1.147644175
2113	Morc2a		No Mutation	-1.075292467
2114	Morc2a		No Mutation	0.8672760721406814
2115	Morc2a		No Mutation	-0.439259774
2116	Morc2a		No Mutation	-0.510383776
2117	Morc2a		No Mutation	-1.748159152
2118	Morc2a	L695P	Missense	-1.775733419
2119	Morc2a	I698T	Missense	0.4690920663764318
2120	Morc2a	I698T	Missense	0.5274656033416328
2121	Morc2a		No Mutation	0.5274555027019723
2122	Morc2a		No Mutation	-0.435018971
2123	Morc2a	S700G	Missense	0.3547718017157587
2124	Morc2a	S700G	Missense	0.3014749579804758
2125	Morc2a	K702E	Missense	-0.497810947
2126	Morc2a	L704P	Missense	2.070674228405779
2127	Morc2a	L704P	Missense	0.2325926736300071
2128	Morc2a	L704P	Missense	-0.53366432
2129	Morc2a	V707A	Missense	-1.14732474
2130	Morc2a	P708P;A709A	Silent;Silent	0.0176943167149481
2131	Morc2a	K711K;I713V	Silent;Missense	0.118486261
2132	Morc2a		No Mutation	-0.947860019
2133	Morc2a		No Mutation	-0.402284715
2134	Morc2a	P723P	Silent	-0.129104884
2135	Morc2a	S728P;V729A	Missense;Missense	0.4311028070828375
2136	Morc2a	V729A;(NC)	Missense;Splice-donor	-0.782517662
2137	Morc2a	(NC);(NC)	Intron;Intron	-0.382523416
2138	Morc2a	(NC)	Intron	0.2595558439041575
2139	Morc2a		No Mutation	0.2131579616914896
2140	Morc2a	(NC)	Splice-acceptor	-0.876621153
2141	Morc2a	A730A;T731A	Silent;Missense	0.2827866243012001
2142	Morc2a	S737S	Silent	-1.453675741
2143	Morc2a		No Mutation	-0.411018797
2144	Morc2a	A739A	Silent	0.0230508403072984
2145	Morc2a	E747G;E748G	Missense;Missense	0.010901679
2146	Morc2a	R754G	Missense	-0.233511332
2147	Morc2a	R754G	Missense	-0.686905582
2148	Morc2a	R754G;E755G	Missense;Missense	-0.847069981
2149	Morc2a	K761E	Missense	0.064703605
2150	Morc2a	K761G	Missense	-0.367922467
2151	Morc2a	K765E	Missense	-1.36226876
2152	Morc2a	E767E;K768G;K769E	Silent;Missense;Missense	0.2670589381999052
2153	Morc2a	K769G	Missense	0.6982507999562012
2154	Morc2a	(NC)	Intron	-0.452634647
2155	Morc2a	(NC)	Splice-acceptor	-0.081850167
2156	Morc2a	(NC)	Splice-acceptor	-1.279259561
2157	Morc2a	S777S	Silent	0.919071472
2158	Morc2a		No Mutation	-0.409407024
2159	Morc2a	D781G;H782R	Missense;Missense	0.3323124148786929
2160	Morc2a	P783P	Silent	0.5167322398647654
2161	Morc2a		No Mutation	-0.937577269
2162	Morc2a		No Mutation	0.096660914
2163	Morc2a	R787G	Missense	0.2822392783115197
2164	Morc2a	Q790R	Missense	-0.198103101
2165	Morc2a	Q790R	Missense	0.759261841
2166	Morc2a	Q790R;K791E	Missense;Missense	-0.171836645
2167	Morc2a	(NC)	Intron	1.5421001379476444
2168	Morc2a	K793G	Missense	0.5253439369135608
2169	Morc2a		No Mutation	-0.886442047
2170	Morc2a	W805R;Y806H	Missense;Missense	-0.088178726
2171	Morc2a	N802G	Missense	0.5689980080949452
2172	Morc2a		No Mutation	-0.639999133
2173	Morc2a	T807T	Silent	0.5694367723622797
2174	Morc2a	R809R	Silent	-1.705360519
2175	Morc2a	R809R;T811A	Silent;Missense	1.122310573002533
2176	Morc2a	T811A	Missense	-0.730853505
2177	Morc2a		No Mutation	-0.377147251
2178	Morc2a	E814G	Missense	0.6450480397014846
2179	Morc2a	K817G	Missense	1.1972426728981085
2180	Morc2a		No Mutation	-1.129685027
2181	Morc2a	T833T;T834A	Silent;Missense	0.140043797
2182	Morc2a	(NC);(NC)	Splice-donor;Intron	-0.16005897
2183	Morc2a		No Mutation	-0.722393706
2184	Morc2a	(NC)	Intron	-2.639327838
2185	Morc2a	(NC);(NC);(NC)	Intron;Intron;Intron	1.0049057044872507
2186	Morc2a	(NC)	Intron	-0.247283294
2187	Morc2a		No Mutation	-0.110508971
2188	Morc2a		No Mutation	-0.414677659
2189	Morc2a		No Mutation	-0.869948192
2190	Morc2a		No Mutation	-1.302172315
2191	Morc2a		No Mutation	-1.052103332
2192	Morc2a		No Mutation	0.4330836967835746
2193	Morc2a		No Mutation	-0.079288378
2194	Morc2a	H857H	Silent	0.1075528214300415
2195	Morc2a		No Mutation	-0.998336186
2196	Morc2a	P860P	Silent	-0.114242296
2197	Morc2a	P860P	Silent	-0.92482282
2198	Morc2a	P860P	Silent	0.9550468951249886
2199	Morc2a	D861G	Missense	0.0338989218636144
2200	Morc2a	D861G;T862A	Missense;Missense	-0.280416204
2201	Morc2a		No Mutation	-0.600916459
2202	Morc2a		No Mutation	-0.018639802
2203	Morc2a	T862T;Q863R	Silent;Missense	1.2966235814320246
2204	Morc2a	Q864R	Missense	-0.712308147
2205	Morc2a	Q864Q;E865G	Silent;Missense	-0.470420712
2206	Morc2a	E865E	Silent	0.4946264976101158
2207	Morc2a	G867G;E868G	Silent;Missense	-1.407434136
2208	Morc2a	E869G	Missense	-1.186886337
2209	Morc2a	E870G;E871G	Missense;Missense	-0.889389492
2210	Morc2a	M873V	Missense	0.079676748
2211	Morc2a		No Mutation	-1.237351856
2212	Morc2a	L881P	Missense	-0.502631053
2213	Morc2a	L881P	Missense	-0.183447728
2214	Morc2a		No Mutation	0.6134007760282958
2215	Morc2a	E883G	Missense	1.3977757287208994
2216	Morc2a	S887P	Missense	-1.28296411
2217	Morc2a	G889G;L890P	Silent;Missense	0.2999138205436149
2218	Morc2a	L890P	Missense	-0.114249795
2219	Morc2a	I892T	Missense	0.517517443
2220	Morc2a		No Mutation	0.1101298340702377
2221	Morc2a	T897T	Silent	-0.998188705
2222	Morc2a		No Mutation	-0.3610447
2223	Morc2a		No Mutation	-0.846195558
2224	Morc2a	H903H	Silent	-0.328810592
2225	Morc2a	T905T	Silent	0.5292273209807976
2226	Morc2a	I906T	Missense	0.1156055818496362
2227	Morc2a	I906T;D907D	Missense;Silent	-0.293589277
2228	Morc2a	E904G;T905A	Missense;Missense	-0.813848807
2229	Morc2a	D907D;L908P	Silent;Missense	-0.223616552
2230	Morc2a		No Mutation	0.1908325128713344
2231	Morc2a	L913L;(NC)	Silent;Splice-donor	0.6021021193830057
2232	Morc2a	(NC);(NC);(NC)	Intron;Intron;Intron	-1.132570101
2233	Morc2a	(NC);(NC)	Intron;Intron	0.6532146312341107
2234	Morc2a	(NC);(NC)	Intron;Intron	0.7272195540464343
2235	Morc2a	(NC)	Intron	0.820566548
2236	Morc2a		No Mutation	1.2740835525256844
2237	Morc2a		No Mutation	0.8627859806631807
2238	Morc2a	L917P	Missense	2.165723362146172
2239	Morc2a	I927T;S928P	Missense;Missense	0.408606876
2240	Morc2a		No Mutation	-0.363726029
2241	Morc2a	S928P	Missense	0.3936954158504017
2242	Morc2a		No Mutation	0.5517418633846611
2243	Morc2a	L932P	Missense	0.2771694993535538
2244	Morc2a	L932P	Missense	1.289233972
2245	Morc2a	S933S;V934A	Silent;Missense	-1.138842673
2246	Morc2a		No Mutation	0.6622037934243576
2247	Morc2a	(NC);(NC)	Intron;Intron	0.7545970587660812
2248	Morc2a	Y948H;F949L	Missense;Missense	-0.639343125
2249	Morc2a	F949P	Missense	-1.327050566
2250	Morc2a	E947E;Y948C	Silent;Missense	-0.290656786
2251	Morc2a	K950E	Missense	1.666670958449624
2252	Morc2a	K950G	Missense	1.2563230717927651
2253	Morc2a	K950G	Missense	0.7654084276852177
2254	Morc2a	H961H;S962P;Y963H	Silent;Missense;Missense	-1.891441883
2255	Morc2a	R966R	Silent	1.1037022032161357
2256	Morc2a	Q964R;S965G	Missense;Missense	-0.247146996
2257	Morc2a	A967A;D968D	Silent;Silent	-0.907978737
2258	Morc2a	Q964Q;S965G	Silent;Missense	0.4146548867919064
2259	Morc2a	D968D;S969P	Silent;Missense	-0.51857214
2260	Morc2a	S969S	Silent	-1.825271665
2261	Morc2a	L978S	Missense	-1.003083559
2262	Morc2a	K983K;K984G	Silent;Missense	-0.516372777
2263	Morc2a	E990G;K991G	Missense;Missense	-0.000871407
2264	Morc2a	L1002P;L1003P	Missense;Missense	-1.479606802
2265	Morc2a	A1001A	Silent	-1.068849388
2266	Morc2a		No Mutation	0.032228768
2267	Morc2a	K1005R	Missense	1.2006794098643403
2268	Morc2a	(NC)	Intron	-1.191680706
2269	Morc2a	(NC)	Intron	-0.619279379
2270	Morc2a		No Mutation	0.3846805152556236
2271	Morc2a		No Mutation	-0.13941421
2272	Morc2a	I1010T	Missense	0.4903521071920441
2273	Morc2a	I1010T	Missense	0.8983404739424409
2274	Morc2a		No Mutation	-0.541764411
2275	Morc2a	N1013G;T1014A	Missense;Missense	1.1975779629436076
2276	Morc2a		No Mutation	-1.050971512
2277	Morc2a	E1023G;D1024G	Missense;Missense	-0.573872374
2278	Morc2a	E1023G;D1024G	Missense;Missense	-1.094686029
2279	Morc2a	D1024G	Missense	-0.049439619
2280	Morc2a	I1026V;T1027A	Missense;Missense	-0.553391268
2281	Morc2a	*1031R	Missense	-0.32162335
2282	Morc2a	K1028G	Missense	1.3031370229364048
2283	Morc2a	K1028R	Missense	-1.549120708
2284	Morc2a	D1030G	Missense	-0.571611257
2285	Morc2a		No Mutation	1.0528754452750158
2286	Atf7ip	Q8R;K9E	Missense;Missense	0.072891449
2287	Atf7ip	K9R;K10G	Missense;Missense	1.057645170364057
2288	Atf7ip	A28A;V29A	Silent;Missense	-0.580699967
2289	Atf7ip		No Mutation	1.1763213605135825
2290	Atf7ip		No Mutation	0.3449026308314664
2291	Atf7ip		No Mutation	-0.92564573
2292	Atf7ip		No Mutation	-0.359654882
2293	Atf7ip	E35G	Missense	1.158776849041316
2294	Atf7ip	E35G	Missense	-0.199713728
2295	Atf7ip	D40G	Missense	0.455184089831905
2296	Atf7ip	D40G	Missense	0.3080422470231447
2297	Atf7ip	L44P	Missense	3.122474026737011
2298	Atf7ip	N45G	Missense	0.248627742978467
2299	Atf7ip	H48R	Missense	0.6929127961228171
2300	Atf7ip	L53P	Missense	-0.712624606
2301	Atf7ip	D54G	Missense	-0.634177842
2302	Atf7ip	D67G	Missense	0.7603464580448285
2303	Atf7ip	E70G	Missense	0.5389829067479008
2304	Atf7ip	E70G	Missense	0.3876595945387975
2305	Atf7ip	S81S	Silent	1.330950807285598
2306	Atf7ip	E82G;E83G	Missense;Missense	0.7493013604755192
2307	Atf7ip	N96N;V97A	Silent;Missense	1.2349806779562371
2308	Atf7ip	N96N;V97A	Silent;Missense	0.979336084594106
2309	Atf7ip	V97A	Missense	-0.1207768
2310	Atf7ip	C117C;D118D	Silent;Silent	1.1487899104490007
2311	Atf7ip	C117C;D118D	Silent;Silent	-1.028564307
2312	Atf7ip	D118D;L119P	Silent;Missense	1.693221296261235
2313	Atf7ip	D118D;L119P	Silent;Missense	1.5794628337350038
2314	Atf7ip	R122G	Missense	1.344350507508188
2315	Atf7ip	T124A;T125A	Missense;Missense	-1.159133647
2316	Atf7ip	S129S;G130G	Silent;Silent	-0.661904319
2317	Atf7ip		No Mutation	0.1376112971087892
2318	Atf7ip	P132P	Silent	-0.474272456
2319	Atf7ip	D135G	Missense	0.0145034894934374
2320	Atf7ip		No Mutation	-1.210331033
2321	Atf7ip	C139R	Missense	2.630395244895392
2322	Atf7ip		No Mutation	-0.027547438
2323	Atf7ip	V143A	Missense	0.1004356000876147
2324	Atf7ip		No Mutation	-1.203264516
2325	Atf7ip		No Mutation	-1.244064278
2326	Atf7ip		No Mutation	1.1527190157890592
2327	Atf7ip		No Mutation	-0.767179151
2328	Atf7ip		No Mutation	-0.988115147
2329	Atf7ip	S154P	Missense	-0.108507258
2330	Atf7ip	S154S	Silent	1.7318434935479317
2331	Atf7ip		No Mutation	-1.451510686
2332	Atf7ip		No Mutation	-0.525117452
2333	Atf7ip	S159P	Missense	-1.073898298
2334	Atf7ip		No Mutation	-0.311912264
2335	Atf7ip	D160G	Missense	-0.768857198
2336	Atf7ip		No Mutation	-0.39610597
2337	Atf7ip	S164P	Missense	-0.318599989
2338	Atf7ip	P162P	Silent	0.5779193152314118
2339	Atf7ip	D166D;L167P	Silent;Missense	-0.020306845
2340	Atf7ip		No Mutation	-1.739730064
2341	Atf7ip	L167P	Missense	-0.681066815
2342	Atf7ip		No Mutation	-0.717245935
2343	Atf7ip		No Mutation	0.6697412426378887
2344	Atf7ip	T174A;T175A	Missense;Missense	-0.938067269
2345	Atf7ip	A178A;T179T	Silent;Silent	0.083546879
2346	Atf7ip		No Mutation	-1.281654881
2347	Atf7ip	S189P	Missense	-1.047989395
2348	Atf7ip	S193P	Missense	-1.152006099
2349	Atf7ip	S193P;S194P	Missense;Missense	0.2198533425474874
2350	Atf7ip	S193S;S194P	Silent;Missense	1.3753665486843287
2351	Atf7ip	S195S	Silent	-0.187161929
2352	Atf7ip		No Mutation	0.3170358476027718
2353	Atf7ip	T198T	Silent	-0.875993182
2354	Atf7ip	S200S	Silent	0.2831083261234371
2355	Atf7ip	S203P	Missense	-0.551435813
2356	Atf7ip	S203P	Missense	3.004157478294394
2357	Atf7ip	S205S	Silent	-0.22971564
2358	Atf7ip		No Mutation	1.8213325814186845
2359	Atf7ip		No Mutation	-0.229386164
2360	Atf7ip	C209C;S210S	Silent;Silent	-0.366616891
2361	Atf7ip	S210G	Missense	-1.369457938
2362	Atf7ip	I213T	Missense	-0.271574861
2363	Atf7ip	I213T	Missense	0.4862356309553163
2364	Atf7ip	I213T;S214P	Missense;Missense	0.8267781058288393
2365	Atf7ip	P217P;V218A	Silent;Missense	0.6516104296983442
2366	Atf7ip	P217P;V218A	Silent;Missense	1.2581250870867473
2367	Atf7ip		No Mutation	-0.532061009
2368	Atf7ip	H225R	Missense	-0.246294203
2369	Atf7ip	L227P;V228A	Missense;Missense	0.8002584141022298
2370	Atf7ip	V228A;S229P	Missense;Missense	0.4406426640921712
2371	Atf7ip	S235G	Missense	0.2001284988747644
2372	Atf7ip	V238A	Missense	-0.362635722
2373	Atf7ip	P237P	Silent	-0.1259377
2374	Atf7ip	V243A	Missense	-0.187132379
2375	Atf7ip		No Mutation	0.957213413
2376	Atf7ip		No Mutation	-0.367849324
2377	Atf7ip	P257P	Silent	-0.140001972
2378	Atf7ip	V263A	Missense	-0.835417416
2379	Atf7ip	S259S;D260G	Silent;Missense	-0.337428786
2380	Atf7ip	S259S;D260G	Silent;Missense	1.5903686112740143
2381	Atf7ip	E261E	Silent	-1.492829391
2382	Atf7ip		No Mutation	-1.399069722
2383	Atf7ip	V267A	Missense	-0.957313602
2384	Atf7ip		No Mutation	1.9353891385262307
2385	Atf7ip		No Mutation	-2.125225541
2386	Atf7ip		No Mutation	-1.505334643
2387	Atf7ip		No Mutation	1.0997158888518426
2388	Atf7ip	P274P	Silent	-0.073975407
2389	Atf7ip		No Mutation	-0.975184564
2390	Atf7ip	L279P	Missense	0.8610032608076816
2391	Atf7ip	D280G;D281G	Missense;Missense	0.4603864080012976
2392	Atf7ip		No Mutation	-0.150387237
2393	Atf7ip		No Mutation	-0.228990658
2394	Atf7ip	S290P	Missense	0.17105003
2395	Atf7ip	S290P	Missense	0.1050981128406025
2396	Atf7ip	S290P	Missense	-0.47315471
2397	Atf7ip	S290S;D291D	Silent;Silent	1.395395451592996
2398	Atf7ip	E292G	Missense	-1.121988571
2399	Atf7ip	S299P	Missense	-0.288401027
2400	Atf7ip	S299P;L300P	Missense;Missense	-1.034447117
2401	Atf7ip	E297G	Missense	-0.798290166
2402	Atf7ip	R302G	Missense	-0.382713985
2403	Atf7ip	V304A;C305R	Missense;Missense	-0.109872988
2404	Atf7ip	C305R	Missense	0.4480215152587603
2405	Atf7ip		No Mutation	-0.320099918
2406	Atf7ip		No Mutation	-0.082278084
2407	Atf7ip	S306G	Missense	-0.710877257
2408	Atf7ip		No Mutation	-0.008451493
2409	Atf7ip		No Mutation	-0.673840345
2410	Atf7ip		No Mutation	-0.426695672
2411	Atf7ip		No Mutation	-0.500805443
2412	Atf7ip	V320A	Missense	-0.191885506
2413	Atf7ip	V327A	Missense	-0.715047417
2414	Atf7ip		No Mutation	-0.385685452
2415	Atf7ip		No Mutation	-0.201217555
2416	Atf7ip	K328E	Missense	0.9417594955897366
2417	Atf7ip	V334A;C335R	Missense;Missense	0.5942503263830637
2418	Atf7ip		No Mutation	-1.106972458
2419	Atf7ip		No Mutation	0.4222259635940193
2420	Atf7ip		No Mutation	-0.087475431
2421	Atf7ip		No Mutation	-0.785755698
2422	Atf7ip	S351S	Silent	1.0412499801248811
2423	Atf7ip	N350G;S351G	Missense;Missense	0.4596260004324081
2424	Atf7ip		No Mutation	-0.575672601
2425	Atf7ip	S372P	Missense	0.9850647532867984
2426	Atf7ip	K370G	Missense	0.2782252372048769
2427	Atf7ip	K370G;D371G	Missense;Missense	0.1192631881170845
2428	Atf7ip	N377N	Silent	0.6373471337191668
2429	Atf7ip	S381G;N382D	Missense;Missense	0.1921522532049026
2430	Atf7ip	S394S	Silent	2.730564235522944
2431	Atf7ip	E404E;N405G;T406A	Silent;Missense;Missense	0.5332975118035471
2432	Atf7ip	T406A;T407A	Missense;Missense	0.41542255
2433	Atf7ip		No Mutation	-1.254298509
2434	Atf7ip	A418A;L419P	Silent;Missense	1.843259912269535
2435	Atf7ip	A418A;L419P	Silent;Missense	-0.692327518
2436	Atf7ip		No Mutation	-0.458199348
2437	Atf7ip		No Mutation	-2.819509507
2438	Atf7ip	I424V	Missense	-1.39769424
2439	Atf7ip	M428T	Missense	0.5693721898864916
2440	Atf7ip	V430A	Missense	-1.172844151
2441	Atf7ip	E429E	Silent	-0.153652925
2442	Atf7ip		No Mutation	-1.032949044
2443	Atf7ip	V445V	Silent	0.4766212330177271
2444	Atf7ip	S449S	Silent	2.0710703830268087
2445	Atf7ip		No Mutation	-1.447882815
2446	Atf7ip	S449G	Missense	-0.801066028
2447	Atf7ip	E450G	Missense	-0.434896153
2448	Atf7ip		No Mutation	-1.262033661
2449	Atf7ip		No Mutation	-0.667924694
2450	Atf7ip		No Mutation	-0.430424594
2451	Atf7ip		No Mutation	-0.017512054
2452	Atf7ip		No Mutation	-0.655861433
2453	Atf7ip	D459D	Silent	-1.519220581
2454	Atf7ip	T460A	Missense	-0.600285389
2455	Atf7ip	V462V;D463G;N464D	Silent;Missense;Missense	-0.674369493
2456	Atf7ip	I473T	Missense	-0.555551704
2457	Atf7ip	E472G;I473V	Missense;Missense	0.3707862777044654
2458	Atf7ip	E478E;K479G	Silent;Missense	-1.247236811
2459	Atf7ip	L487P	Missense	-0.321451708
2460	Atf7ip	L487P;S488S	Missense;Silent	0.0259445582763253
2461	Atf7ip	S488S;C489R	Silent;Missense	-1.536059118
2462	Atf7ip	S501S	Silent	-0.275219099
2463	Atf7ip	E499G;T500A	Missense;Missense	0.4454081210673065
2464	Atf7ip		No Mutation	-0.986851416
2465	Atf7ip	E499E;T500A;S501G	Silent;Missense;Missense	1.2950456533779329
2466	Atf7ip	Q502Q;D503G	Silent;Missense	3.000407944465496
2467	Atf7ip		No Mutation	0.4865645528282389
2468	Atf7ip	E505G	Missense	0.993384376513044
2469	Atf7ip	K507G;M508V	Missense;Missense	1.1409126514331611
2470	Atf7ip	S520S	Silent	-0.392374021
2471	Atf7ip	S520S;S521S	Silent;Silent	0.0252395298950132
2472	Atf7ip	L530P;V531A	Missense;Missense	-0.731842585
2473	Atf7ip	S533S;D534D	Silent;Silent	2.088520986594773
2474	Atf7ip	L530L	Silent	0.4046313045488912
2475	Atf7ip	D537D	Silent	0.310856018
2476	Atf7ip	E535G;E536G	Missense;Missense	-1.105493156
2477	Atf7ip	S551S	Silent	0.097341881
2478	Atf7ip	S551G;K552G	Missense;Missense	-0.772183411
2479	Atf7ip	P556P	Silent	0.4884222724301301
2480	Atf7ip	(NC)	Intron	0.143100879103884
2481	Atf7ip		No Mutation	0.9630676779235752
2482	Atf7ip		No Mutation	1.2277144097822426
2483	Atf7ip	(NC);(NC)	Intron;Intron	-0.136475495
2484	Atf7ip	(NC);(NC)	Intron;Intron	0.5532260307398267
2485	Atf7ip	(NC)	Intron	0.6761791395031789
2486	Atf7ip	(NC)	Intron	4.156060247696772
2487	Atf7ip		No Mutation	2.915844710396019
2488	Atf7ip	G558G	Silent	0.8379197191543835
2489	Atf7ip	E559G;K560G	Missense;Missense	-0.502622785
2490	Atf7ip	K563G	Missense	-1.294850072
2491	Atf7ip	K566E	Missense	-0.694057438
2492	Atf7ip	E571G	Missense	-0.971499379
2493	Atf7ip		No Mutation	-0.67495395
2494	Atf7ip		No Mutation	1.0462282326524788
2495	Atf7ip	(NC)	Intron	-0.274351492
2496	Atf7ip	(NC)	Intron	0.025011089
2497	Atf7ip	K592E	Missense	0.5652100781455176
2498	Atf7ip	V599V	Silent	-1.632276737
2499	Atf7ip	K602G	Missense	-0.940822599
2500	Atf7ip	Y606Y;M607T	Silent;Missense	-0.392929556
2501	Atf7ip	D608D	Silent	1.495667892650134
2502	Atf7ip	M607V	Missense	1.4762600032880275
2503	Atf7ip	V617V;K618G	Silent;Missense	-0.197090027
2504	Atf7ip	N626G	Missense	0.4885379946049986
2505	Atf7ip	V648A;F649P	Missense;Missense	2.23566712643434
2506	Atf7ip	F649P	Missense	0.1134309121945747
2507	Atf7ip		No Mutation	-0.900191754
2508	Atf7ip	A654A;E655G	Silent;Missense	0.097225034
2509	Atf7ip	K662R;I663V	Missense;Missense	0.8868980275239717
2510	Atf7ip	N666D	Missense	0.7407455808858963
2511	Atf7ip	A671A	Silent	-1.53267042
2512	Atf7ip		No Mutation	-0.546248933
2513	Atf7ip	(NC)	Intron	2.2677087705984764
2514	Atf7ip	L683S	Missense	0.031992827
2515	Atf7ip	R682G	Missense	-0.195732392
2516	Atf7ip	R686R;F687P	Silent;Missense	1.2810962075538253
2517	Atf7ip		No Mutation	0.044828825924136
2518	Atf7ip	(NC);(NC)	Intron;Intron	-1.023197938
2519	Atf7ip	(NC);(NC)	Intron;Intron	1.1802723650184128
2520	Atf7ip	(NC);(NC)	Intron;Intron	0.7547416903816897
2521	Atf7ip	(NC)	Intron	-0.823498285
2522	Atf7ip		No Mutation	-0.105173164
2523	Atf7ip	P701P	Silent	-0.171547469
2524	Atf7ip	P701P	Silent	-0.259092309
2525	Atf7ip		No Mutation	-0.347129888
2526	Atf7ip		No Mutation	0.4359950569654401
2527	Atf7ip		No Mutation	-1.261845636
2528	Atf7ip	I706T;S707P	Missense;Missense	-0.786395357
2529	Atf7ip	N703G	Missense	1.9589123954455057
2530	Atf7ip	I706T;S707P	Missense;Missense	-1.211501657
2531	Atf7ip	S707P	Missense	-0.222250349
2532	Atf7ip		No Mutation	-0.253080028
2533	Atf7ip		No Mutation	-0.154369543
2534	Atf7ip		No Mutation	-0.205813892
2535	Atf7ip	P711P	Silent	-0.988746074
2536	Atf7ip	N713N	Silent	3.097056976620028
2537	Atf7ip		No Mutation	-2.555581807
2538	Atf7ip	N718N	Silent	-0.598833819
2539	Atf7ip	N720N;M721T	Silent;Missense	-0.267478026
2540	Atf7ip	N718S;N719G	Missense;Missense	0.3026188485076165
2541	Atf7ip	(NC);(NC)	Intron;Intron	-0.531864539
2542	Atf7ip	(NC)	Intron	0.6969091224274122
2543	Atf7ip	T728A	Missense	1.8286153843955333
2544	Atf7ip	K736G;R737G	Missense;Missense	0.7528463198441288
2545	Atf7ip	K736G;R737G	Missense;Missense	1.1941953389986877
2546	Atf7ip		No Mutation	1.1463426105727237
2547	Atf7ip		No Mutation	-0.534556666
2548	Atf7ip	T749T	Silent	-0.122646336
2549	Atf7ip	P750P;V751A	Silent;Missense	0.3993954267222885
2550	Atf7ip	Q748R;T749A	Missense;Missense	2.5279302842883755
2551	Atf7ip	V751A;N752N	Missense;Silent	-0.659241932
2552	Atf7ip		No Mutation	0.7176894101279667
2553	Atf7ip	(NC)	Intron	-0.194588391
2554	Atf7ip		No Mutation	0.4471549696405659
2555	Atf7ip	S762S	Silent	0.033008934
2556	Atf7ip	V765A;V766A	Missense;Missense	-0.09606718
2557	Atf7ip	S775P	Missense	-0.430871315
2558	Atf7ip	Q773R;T774A	Missense;Missense	0.4687686471508398
2559	Atf7ip	Q773R;T774A	Missense;Missense	-0.440106209
2560	Atf7ip	S780P	Missense	0.412499024
2561	Atf7ip	A776A;T777A	Silent;Missense	0.5317050051066065
2562	Atf7ip		No Mutation	0.3310152886091354
2563	Atf7ip		No Mutation	0.654586826
2564	Atf7ip	L787P	Missense	-0.556283282
2565	Atf7ip		No Mutation	-0.471002762
2566	Atf7ip		No Mutation	1.2882807914731438
2567	Atf7ip	V795A;V796A	Missense;Missense	-0.170449746
2568	Atf7ip	V795A;V796A	Missense;Missense	-1.708347718
2569	Atf7ip	V795V	Silent	-0.102395351
2570	Atf7ip	T798T;T799T	Silent;Silent	0.084968064
2571	Atf7ip	T799T	Silent	-0.391843258
2572	Atf7ip	T798A;T799A	Missense;Missense	0.088804022
2573	Atf7ip	T799A	Missense	0.084434117
2574	Atf7ip	P802P;S803S	Silent;Silent	0.9106116757856104
2575	Atf7ip		No Mutation	-1.71172941
2576	Atf7ip	I810T;S811P	Missense;Missense	-0.134952002
2577	Atf7ip	S811P	Missense	0.4388115057179693
2578	Atf7ip	S811P;L812P	Missense;Missense	0.2449924842163229
2579	Atf7ip		No Mutation	-0.315080099
2580	Atf7ip	L819P	Missense	1.237727343495207
2581	Atf7ip	L819P;H820H	Missense;Silent	-0.117540716
2582	Atf7ip	V821A	Missense	0.9738767489868874
2583	Atf7ip	V823V	Silent	3.535632322812802
2584	Atf7ip	S827P	Missense	-0.520111149
2585	Atf7ip	S827S	Silent	0.34040599097035
2586	Atf7ip	P829P	Silent	0.032124396
2587	Atf7ip	L831P;L832P	Missense;Missense	0.740871566
2588	Atf7ip		No Mutation	-0.932243206
2589	Atf7ip	S834S	Silent	-0.241517101
2590	Atf7ip		No Mutation	-0.594841084
2591	Atf7ip		No Mutation	2.168191171935977
2592	Atf7ip		No Mutation	-1.09480083
2593	Atf7ip	T841A	Missense	1.5137930646395146
2594	Atf7ip	Q843R	Missense	0.7721362204924717
2595	Atf7ip		No Mutation	-0.502197241
2596	Atf7ip	F850P	Missense	0.1833655227516494
2597	Atf7ip	S855G;Q856R	Missense;Missense	-0.650641881
2598	Atf7ip	S860S;G861G	Silent;Silent	1.8457258063034736
2599	Atf7ip	L862P	Missense	0.1587385986898575
2600	Atf7ip	L872P	Missense	-1.342113591
2601	Atf7ip		No Mutation	-0.968394869
2602	Atf7ip		No Mutation	-0.035691842
2603	Atf7ip	T876T	Silent	-0.989159704
2604	Atf7ip	T876T	Silent	-0.664960239
2605	Atf7ip		No Mutation	-0.277520811
2606	Atf7ip	I880T	Missense	0.335831021
2607	Atf7ip	I880T	Missense	0.2713406431661069
2608	Atf7ip	I880T	Missense	1.2225636619826097
2609	Atf7ip	V883A	Missense	-1.030791877
2610	Atf7ip	P886P	Silent	3.171626334703057
2611	Atf7ip		No Mutation	-0.271557275
2612	Atf7ip	I889T	Missense	0.1701292092107027
2613	Atf7ip	I889T	Missense	1.5181661854307338
2614	Atf7ip		No Mutation	0.2932535540571371
2615	Atf7ip	S894S;T895A;T896A	Silent;Missense;Missense	-0.50766434
2616	Atf7ip	T895A;T896A	Missense;Missense	0.1284563690846956
2617	Atf7ip	L900S	Missense	-0.157497441
2618	Atf7ip		No Mutation	-0.810972666
2619	Atf7ip		No Mutation	-1.117661602
2620	Atf7ip	L904P	Missense	-0.129544118
2621	Atf7ip	G901G;T902A;T903A	Silent;Missense;Missense	-0.986530236
2622	Atf7ip	V909A	Missense	0.3525936831641391
2623	Atf7ip	V909A	Missense	-0.032380014
2624	Atf7ip		No Mutation	-0.161365638
2625	Atf7ip	H913H;S914P	Silent;Missense	0.7357384919626045
2626	Atf7ip	A912A	Silent	0.9443236895745752
2627	Atf7ip	I915T;V916A	Missense;Missense	-1.495706747
2628	Atf7ip	V916A	Missense	-1.042304574
2629	Atf7ip	I915V	Missense	-0.062091415
2630	Atf7ip	L923P	Missense	-0.163012919
2631	Atf7ip	T921A	Missense	0.7045640765651102
2632	Atf7ip	T925A	Missense	0.6740877837867604
2633	Atf7ip	S929P	Missense	-0.625079283
2634	Atf7ip		No Mutation	0.8374937948728078
2635	Atf7ip	Y932Y;S934P	Silent;Missense	-1.277296041
2636	Atf7ip	S934P	Missense	-0.197890226
2637	Atf7ip	S933G	Missense	-0.744034465
2638	Atf7ip	F950F	Silent	-0.563050456
2639	Atf7ip		No Mutation	0.071132852
2640	Atf7ip	S954P	Missense	-0.670571597
2641	Atf7ip		No Mutation	1.7580872410834356
2642	Atf7ip		No Mutation	0.2580410643918814
2643	Atf7ip	P964P;R965G	Silent;Missense	-0.168989878
2644	Atf7ip	(NC)	Splice-donor	-0.915667795
2645	Atf7ip	(NC);(NC)	Intron;Intron	0.2866351374806193
2646	Atf7ip	(NC);(NC)	Intron;Intron	0.2615546488048924
2647	Atf7ip	(NC);(NC);(NC)	Intron;Intron;Intron	0.5693910582491901
2648	Atf7ip	A984A	Silent	0.5949187323674399
2649	Atf7ip	(NC)	Splice-donor	2.0623773176836497
2650	Atf7ip	S996G	Missense	-0.196060132
2651	Atf7ip	I1003V	Missense	-0.218661471
2652	Atf7ip	M1007V;D1008G	Missense;Missense	0.787972644
2653	Atf7ip	E1011G;S1012G	Missense;Missense	0.7824808813569836
2654	Atf7ip	S1022S;P1023P	Silent;Silent	-0.399995044
2655	Atf7ip	P1023P	Silent	0.7118343555028448
2656	Atf7ip	P1023P;P1024P	Silent;Silent	-1.129303905
2657	Atf7ip	T1028T;V1029A	Silent;Missense	-0.381603787
2658	Atf7ip	V1029A	Missense	-0.044800276
2659	Atf7ip	L1039P	Missense	0.1136298870002853
2660	Atf7ip	L1039S	Missense	-0.5138426
2661	Atf7ip	L1043P	Missense	-0.136089568
2662	Atf7ip		No Mutation	0.056923712
2663	Atf7ip	P1047P	Silent	-0.843980237
2664	Atf7ip	P1046P	Silent	0.2556144725100219
2665	Atf7ip		No Mutation	-1.149099304
2666	Atf7ip	S1051P	Missense	0.3526518859235973
2667	Atf7ip	V1053A	Missense	-0.780276697
2668	Atf7ip	S1051S	Silent	1.0195801722075046
2669	Atf7ip		No Mutation	-0.713936608
2670	Atf7ip	T1055A;S1056G	Missense;Missense	1.4080102121032412
2671	Atf7ip	S1059P	Missense	-0.671887586
2672	Atf7ip	S1059S	Silent	-0.631648314
2673	Atf7ip	I1063T	Missense	0.097962358
2674	Atf7ip	I1063V;H1064R	Missense;Missense	-0.285951855
2675	Atf7ip	(NC)	Splice-donor	2.125074915893523
2676	Atf7ip	(NC)	Intron	0.6362462235437899
2677	Atf7ip		No Mutation	0.3401043947935578
2678	Atf7ip	V1073A	Missense	-0.543107375
2679	Atf7ip	V1075A	Missense	-1.351095912
2680	Atf7ip	H1077H	Silent	0.036092611054562
2681	Atf7ip	H1077H;R1078R	Silent;Silent	-0.215689969
2682	Atf7ip	T1076T;H1077R	Silent;Missense	-1.401550852
2683	Atf7ip		No Mutation	-0.788841842
2684	Atf7ip	A1092A;P1093P	Silent;Silent	-1.423519388
2685	Atf7ip	P1093P	Silent	-0.7546958
2686	Atf7ip		No Mutation	0.9902508967002456
2687	Atf7ip		No Mutation	-0.46750416
2688	Atf7ip	V1098A;V1099A	Missense;Missense	-1.789551373
2689	Atf7ip	Y1100Y	Silent	-0.596078996
2690	Atf7ip	T1102T	Silent	0.4798445642321114
2691	Atf7ip	T1108T	Silent	-0.894739249
2692	Atf7ip		No Mutation	-0.741659173
2693	Atf7ip	T1108A;Q1109R	Missense;Missense	0.8519060578635121
2694	Atf7ip	L1112P	Missense	-1.582766989
2695	Atf7ip	L1112P	Missense	0.5597177713287003
2696	Atf7ip	L1112L;R1113R	Silent;Silent	-0.322265523
2697	Atf7ip	V1116A;M1117T	Missense;Missense	-0.436790212
2698	Atf7ip	V1116A;M1117T	Missense;Missense	0.2238769906159768
2699	Atf7ip	V1116V;M1117T	Silent;Missense	1.5513216201640585
2700	Atf7ip		No Mutation	-1.47779321
2701	Atf7ip	V1125A	Missense	-0.473162194
2702	Atf7ip	N1126N;P1127P	Silent;Silent	0.099594223
2703	Atf7ip	N1126S	Missense	1.2426246540795507
2704	Atf7ip	(NC)	Intron	-0.087984531
2705	Atf7ip		No Mutation	1.1269569269968354
2706	Atf7ip	Y1141H;V1142A	Missense;Missense	1.5078666801537304
2707	Atf7ip	T1140A;Y1141C	Missense;Missense	2.594137134201979
2708	Atf7ip	N1145N	Silent	-0.324364058
2709	Atf7ip	N1144G;N1145G	Missense;Missense	0.3958438753999839
2710	Atf7ip	T1148A	Missense	-1.065620183
2711	Atf7ip	T1148A	Missense	0.2190832786175059
2712	Atf7ip	S1151S;A1152A	Silent;Silent	-1.217096054
2713	Atf7ip	Q1155R	Missense	-0.412037856
2714	Atf7ip	H1159H	Silent	-0.536101396
2715	Atf7ip	N1167N;(NC)	Silent;Splice-donor	1.6184082354241842
2716	Atf7ip	N1167N;(NC)	Silent;Splice-donor	0.004274887
2717	Atf7ip	N1167N;(NC)	Silent;Splice-donor	1.474600932225039
2718	Atf7ip	(NC)	Splice-donor	0.6346039583795338
2719	Atf7ip	(NC);(NC)	Intron;Intron	1.054874132392018
2720	Atf7ip	(NC)	Intron	2.514730407196671
2721	Atf7ip	(NC);(NC);(NC)	Intron;Intron;Intron	1.2336599575990004
2722	Atf7ip	(NC);(NC)	Intron;Intron	0.7493384229593925
2723	Atf7ip	H1174H	Silent	-0.641256882
2724	Atf7ip	H1174H	Silent	0.8407588937221459
2725	Atf7ip	H1174H	Silent	-0.940433969
2726	Atf7ip		No Mutation	-0.689349978
2727	Atf7ip	L1178L	Silent	-0.900833225
2728	Atf7ip	L1178P	Missense	-1.132323741
2729	Atf7ip		No Mutation	0.051798679
2730	Atf7ip		No Mutation	-0.927796747
2731	Atf7ip		No Mutation	-0.051937561
2732	Atf7ip		No Mutation	-0.04578467
2733	Atf7ip	R1186R;L1187P	Silent;Missense	-1.09598334
2734	Atf7ip		No Mutation	-0.433483313
2735	Atf7ip	R1186R;L1187P	Silent;Missense	0.085292769
2736	Atf7ip	L1187P	Missense	-1.508813304
2737	Atf7ip		No Mutation	-1.164170207
2738	Atf7ip		No Mutation	-1.178570336
2739	Atf7ip		No Mutation	1.6124462727849418
2740	Atf7ip		No Mutation	0.09048924
2741	Atf7ip	T1194T	Silent	-1.21592877
2742	Atf7ip	T1194T;S1195P	Silent;Missense	-1.43247332
2743	Atf7ip	T1194T;S1195P	Silent;Missense	0.1508977229973999
2744	Atf7ip	P1197P	Silent	0.6523962552617963
2745	Atf7ip	L1202P	Missense	0.746567105
2746	Atf7ip		No Mutation	-0.576095667
2747	Atf7ip	R1206R	Silent	-0.435119172
2748	Atf7ip	N1211S	Missense	-0.003499737
2749	Atf7ip		No Mutation	-1.377324662
2750	Atf7ip	S1218G	Missense	-0.55807884
2751	Atf7ip	C1226R	Missense	-0.990035812
2752	Atf7ip	T1228T;V1229A	Silent;Missense	-0.092462563
2753	Atf7ip		No Mutation	-1.053400336
2754	Atf7ip		No Mutation	-0.171149849
2755	Atf7ip	S1242S	Silent	-0.461951541
2756	Atf7ip	S1247P	Missense	-1.517226169
2757	Atf7ip	T1244A	Missense	-1.367941874
2758	Atf7ip	S1247P	Missense	-0.431527895
2759	Atf7ip	W1249R	Missense	-0.38223458
2760	Atf7ip		No Mutation	-0.693113497
2761	Atf7ip	S1247S;Q1248R	Silent;Missense	-0.067729371
2762	Atf7ip	S1247S;Q1248R	Silent;Missense	1.873852027216091
2763	Atf7ip	S1247S;Q1248R	Silent;Missense	0.9459320293755628
2764	Atf7ip	I1252T	Missense	0.1037179602549063
2765	Atf7ip	I1252T	Missense	1.5683521687707356
2766	Atf7ip	K1251G;I1252V	Missense;Missense	1.874521265244248
2767	Atf7ip		No Mutation	-1.409242665
2768	Atf7ip	M1262T;A1263A	Missense;Silent	-1.190098701
2769	Atf7ip	A1263A;C1264R	Silent;Missense	-0.883279668
2770	Atf7ip	C1264R	Missense	0.5941798523706605
2771	Atf7ip	T1265T	Silent	-0.62369835
2772	Atf7ip	L1266P	Missense	-0.611598406
2773	Atf7ip	L1266P	Missense	-0.961026378
2774	Atf7ip	T1267A	Missense	-0.582177445
2775	Atf7ip		No Mutation	0.4092318081268808
2776	Atf7ip		No Mutation	0.3910950825522226
2777	Atf7ip	D1283G;I1284V	Missense;Missense	0.1664330492098318
2778	Atf7ip	D1283G;I1284V	Missense;Missense	-0.485581901
2779	Atf7ip		No Mutation	0.5975163046359494
2780	Atf7ip	C1292R	Missense	-0.503324679
2781	Atf7ip		No Mutation	-0.308678155
2782	Atf7ip	S1296P	Missense	0.4730104687873038
2783	Atf7ip	V1299A	Missense	0.095785941
2784	Atf7ip	V1299A;I1300T	Missense;Missense	-1.121609225
2785	Atf7ip	S1301S;S1302P	Silent;Missense	-0.964617242
2786	Atf7ip	Q1304R;N1305D	Missense;Missense	-0.60976591
2787	Atf7ip		No Mutation	0.6069890822299763
2788	Atf7ip	(NC);(NC)	UTR;UTR	0.94074171721404
2789	Atf7ip	(NC);(NC)	UTR;UTR	-0.008007403
2790	Atf7ip	(NC);(NC)	UTR;UTR	1.0344507134597374
2791	Atf7ip2	(NC);(NC)	UTR;UTR	0.2988941431940406
2792	Atf7ip2	(NC)	Splice-acceptor	0.09924256
2793	Atf7ip2	P4P;D5G;R6G	Silent;Missense;Missense	1.5304979700114705
2794	Atf7ip2	T20T;S21G	Silent;Missense	-0.241949711
2795	Atf7ip2		No Mutation	0.2110241101593462
2796	Atf7ip2	I28T	Missense	1.4430861191322268
2797	Atf7ip2	N34N	Silent	0.206307120409398
2798	Atf7ip2		No Mutation	-0.09631826
2799	Atf7ip2	G43G;T44A	Silent;Missense	-0.752550964
2800	Atf7ip2	(NC);(NC);(NC)	Intron;Intron;Intron	1.3163481240660349
2801	Atf7ip2	(NC);(NC);(NC)	Intron;Intron;Intron	0.3957549776218698
2802	Atf7ip2	K57K;N58G;K59E	Silent;Missense;Missense	0.8429944355948635
2803	Atf7ip2	I71V;N72G	Missense;Missense	0.3592289238577679
2804	Atf7ip2	N72G	Missense	1.3301808031625495
2805	Atf7ip2	N72G	Missense	1.1086931972179637
2806	Atf7ip2	E73E;N74G	Silent;Missense	-1.321355309
2807	Atf7ip2	T83A	Missense	1.3912879618429863
2808	Atf7ip2	(NC);(NC)	Intron;Intron	0.7272118301821513
2809	Atf7ip2	K90G	Missense	-1.48353825
2810	Atf7ip2	E111G	Missense	0.1859930890407408
2811	Atf7ip2	E111G	Missense	0.9603700934429764
2812	Atf7ip2	H125H	Silent	2.328364413495515
2813	Atf7ip2	H125H	Silent	-1.404639993
2814	Atf7ip2	R124G;H125R	Missense;Missense	-0.849754947
2815	Atf7ip2	S148S	Silent	-0.748037416
2816	Atf7ip2	S161S	Silent	-0.063872353
2817	Atf7ip2	S161G;N162D	Missense;Missense	0.5445622983069199
2818	Atf7ip2	C165R	Missense	1.2978634862090173
2819	Atf7ip2	C165C	Silent	0.4952332397031684
2820	Atf7ip2	V167A	Missense	1.7119883968029768
2821	Atf7ip2	V167A	Missense	2.859408094453286
2822	Atf7ip2	D169D	Silent	-0.345168416
2823	Atf7ip2	(NC);(NC)	Intron;Splice-acceptor	2.409915292
2824	Atf7ip2	S199P;S200P	Missense;Missense	-0.643363961
2825	Atf7ip2	N198G	Missense	-0.756560341
2826	Atf7ip2	F216P	Missense	0.4070730870896223
2827	Atf7ip2	E215G	Missense	-0.526623935
2828	Atf7ip2		No Mutation	-0.948885889
2829	Atf7ip2	(NC);S220S	Intron;Silent	1.5932605178939356
2830	Atf7ip2	T222T;D223D	Silent;Silent	0.4944433042930847
2831	Atf7ip2	I239V;T240A	Missense;Missense	2.423108304674044
2832	Atf7ip2	N259G;S260G	Missense;Missense	1.4658364605917016
2833	Atf7ip2	N259S;S260G	Missense;Missense	0.3881922491742869
2834	Atf7ip2	S260G;M261V	Missense;Missense	0.3033386617960922
2835	Atf7ip2	V264A	Missense	-0.198043336
2836	Atf7ip2		No Mutation	0.4486811362267673
2837	Atf7ip2	F271P	Missense	-0.065635263
2838	Atf7ip2	F271S;D272D	Missense;Silent	0.2402432353355486
2839	Atf7ip2	I275V;D276G	Missense;Missense	3.4029123451976275
2840	Atf7ip2		No Mutation	-0.815392772
2841	Atf7ip2	I287T	Missense	0.5424743543106321
2842	Atf7ip2	N284G;Y285C	Missense;Missense	0.622795065
2843	Atf7ip2	I287T	Missense	0.9083942154597432
2844	Atf7ip2	(NC)	Splice-donor	2.150797342
2845	Atf7ip2	S296P	Missense	1.8685026706785357
2846	Atf7ip2	S296P	Missense	-0.004029039
2847	Atf7ip2		No Mutation	0.6996290001326724
2848	Atf7ip2		No Mutation	1.011309200235642
2849	Atf7ip2	S304S;K305G	Silent;Missense	0.1405672339878137
2850	Atf7ip2	I308V	Missense	0.3605391603703139
2851	Atf7ip2	A311A	Silent	0.3899338020644979
2852	Atf7ip2	(NC)	Intron	-0.483740376
2853	Atf7ip2	(NC);(NC)	Intron;Intron	2.0066010511289702
2854	Atf7ip2	(NC)	Intron	-0.093889509
2855	Atf7ip2	(NC);(NC)	Intron;Intron	-1.260197208
2856	Atf7ip2	(NC)	Intron	-0.507634658
2857	Atf7ip2		No Mutation	0.7579639773469926
2858	Atf7ip2		No Mutation	-1.19744019
2859	Atf7ip2		No Mutation	-0.919891222
2860	Atf7ip2		No Mutation	-0.434558782
2861	Atf7ip2	L334P	Missense	-1.165411196
2862	Atf7ip2	P331P;A332A	Silent;Silent	0.2956785163816655
2863	Atf7ip2	P335P	Silent	-0.409952983
2864	Atf7ip2	M337T	Missense	-0.53622481
2865	Atf7ip2		No Mutation	-0.31811056
2866	Atf7ip2		No Mutation	-0.901688043
2867	Atf7ip2	E351G	Missense	0.5785334790654133
2868	Atf7ip2	E351G	Missense	0.6968573729519322
2869	Atf7ip2	W356R	Missense	0.097621308
2870	Atf7ip2	K353R	Missense	0.4184348776091757
2871	Atf7ip2	T361T;S362G	Silent;Missense	1.2264297153809276
2872	Atf7ip2	L365P	Missense	-1.271590105
2873	Atf7ip2	L365P	Missense	-0.163035702
2874	Atf7ip2	T366A	Missense	-0.289493449
2875	Atf7ip2	I369T	Missense	-0.264007888
2876	Atf7ip2		No Mutation	-0.796125133
2877	Atf7ip2	C376R	Missense	-0.766980701
2878	Atf7ip2	C376R	Missense	0.3688748576618756
2879	Atf7ip2	C376R	Missense	-0.416256008
2880	Atf7ip2	N375D	Missense	0.3308701961377776
2881	Atf7ip2	V379A	Missense	0.4878528224316373
2882	Atf7ip2	V379A	Missense	-0.004410967
2883	Atf7ip2	L384P	Missense	-0.149196083
2884	Atf7ip2	Y388Y	Silent	0.1399149746328032
2885	Atf7ip2	S391P	Missense	-0.562032027
2886	Atf7ip2	N390S	Missense	0.1030505184951948
2887	Atf7ip2	K403K	Silent	-0.951057275
2888	Atf7ip2	C411R	Missense	-0.5361999
2889	Atf7ip2	L413P;S414P	Missense;Missense	-0.74124397
2890	Atf7ip2	L413S;S414P	Missense;Missense	1.5733877960010214
2891	Atf7ip2	L417S;A418A	Missense;Silent	1.533800071010817
2892	Atf7ip2	A425A;V426A	Silent;Missense	-0.530267381
2893	Atf7ip2	S443P	Missense	3.005925443338244
2894	Atf7ip2	N440S;I441V	Missense;Missense	0.01103553
2895	Setdb2	N706N;C708R	Silent;Missense	-0.401050204
2896	Setdb2		No Mutation	-0.423979896
2897	Setdb2	F705P	Missense	1.2422393227187076
2898	Setdb2	E698G;I699V	Missense;Missense	0.5711887215631676
2899	Setdb2	E698G;I699V	Missense;Missense	1.0340303609302806
2900	Setdb2	L700P;C701R	Missense;Missense	-0.780507948
2901	Setdb2	I699T	Missense	-0.232663674
2902	Setdb2		No Mutation	-0.02125215
2903	Setdb2	Y687C	Missense	0.6927211951877426
2904	Setdb2	D686G;Y687C	Missense;Missense	0.9968888859021756
2905	Setdb2	D686G;Y687C	Missense;Missense	0.0524755632809475
2906	Setdb2	E682G	Missense	1.1918511654358932
2907	Setdb2	A679A;R680G;T681A	Silent;Missense;Missense	0.1906686172215144
2908	Setdb2	A679A;R680G	Silent;Missense	0.5510784803841329
2909	Setdb2	(NC)	Splice-acceptor	-0.123577569
2910	Setdb2	(NC);(NC);(NC);(NC)	Intron;Intron;Intron;Intron	1.648394471679906
2911	Setdb2	(NC);(NC);(NC)	Splice-donor;Intron;Intron	0.3678641434075809
2912	Setdb2		No Mutation	-1.696651874
2913	Setdb2	F672P	Missense	0.025967836352873
2914	Setdb2	F672P	Missense	-0.103240296
2915	Setdb2	R664G;N665D	Missense;Missense	0.3094623485865506
2916	Setdb2	D663G;R664G	Missense;Missense	-1.256062809
2917	Setdb2		No Mutation	0.083404216
2918	Setdb2		No Mutation	0.90534572646423
2919	Setdb2		No Mutation	-0.686340396
2920	Setdb2		No Mutation	0.8153624988847901
2921	Setdb2	N645D	Missense	2.4398464321828306
2922	Setdb2	(NC)	Intron	3.3539951873759133
2923	Setdb2		No Mutation	0.8258538585925735
2924	Setdb2	S635S;K636G	Silent;Missense	-0.450452733
2925	Setdb2	S635S;K636E	Silent;Missense	0.5826885961084661
2926	Setdb2	D633G	Missense	0.5332960404438193
2927	Setdb2	E627G;S628G	Missense;Missense	-0.681722479
2928	Setdb2	S625S	Silent	0.6527080041918144
2929	Setdb2	M622V	Missense	0.4875720265078749
2930	Setdb2	M622T	Missense	0.766468468
2931	Setdb2	I616T	Missense	-0.826949855
2932	Setdb2	E607G;E608G	Missense;Missense	-0.466331607
2933	Setdb2	L609P	Missense	0.3413840090441115
2934	Setdb2	C605C;D606D	Silent;Silent	0.5791432758144248
2935	Setdb2	Q602R	Missense	1.394695968387632
2936	Setdb2		No Mutation	0.4666796898932643
2937	Setdb2		No Mutation	0.4305519686066672
2938	Setdb2	A596A	Silent	-1.799277555
2939	Setdb2	P595P	Silent	-0.233783481
2940	Setdb2	P595P	Silent	0.4785669937844996
2941	Setdb2		No Mutation	-0.47183481
2942	Setdb2		No Mutation	-0.763417156
2943	Setdb2	P586P;G587G;K588E	Silent;Silent;Missense	0.0237034465734354
2944	Setdb2	Q581R	Missense	-0.938423216
2945	Setdb2	K577E	Missense	1.718221619233322
2946	Setdb2		No Mutation	0.3741036353437544
2947	Setdb2	A571A;T572A;I573V	Silent;Missense;Missense	0.3506640482294323
2948	Setdb2	K569G	Missense	1.0009486290467189
2949	Setdb2		No Mutation	-0.262584189
2950	Setdb2	C568C	Silent	1.822825069439112
2951	Setdb2	C568C	Silent	1.7576793196337512
2952	Setdb2	D561G	Missense	0.499662109
2953	Setdb2		No Mutation	-0.092037975
2954	Setdb2	S542S	Silent	-0.084361247
2955	Setdb2	L534L;S535G	Silent;Missense	1.2218475918236984
2956	Setdb2	(NC)	Intron	1.740731489485149
2957	Setdb2	(NC);(NC)	Intron;Intron	0.2955343713574003
2958	Setdb2	(NC);(NC)	Intron;Intron	0.902034161
2959	Setdb2	R528G	Missense	-0.88450796
2960	Setdb2	E526G	Missense	0.3072320987210617
2961	Setdb2	H522R	Missense	0.4878273972077761
2962	Setdb2	V523A	Missense	-0.426171368
2963	Setdb2	F516P	Missense	-0.62137463
2964	Setdb2	N514N;F516L	Silent;Missense	0.9942149108562957
2965	Setdb2	N514N	Silent	1.8629746002538397
2966	Setdb2	N514N	Silent	0.6620426585051864
2967	Setdb2		No Mutation	-0.077561992
2968	Setdb2	(NC);(NC)	Intron;Intron	1.5439651866288366
2969	Setdb2	Y495C;S496G	Missense;Missense	1.3887736627675402
2970	Setdb2	F493S;H494H	Missense;Silent	-0.729487164
2971	Setdb2		No Mutation	-0.445039991
2972	Setdb2		No Mutation	0.036573148
2973	Setdb2	(NC);(NC);(NC);(NC);(NC)	Intron;Intron;Intron;Intron;Intron	0.5120849771964975
2974	Setdb2	(NC);(NC);(NC);(NC)	Intron;Intron;Intron;Intron	1.243553243707203
2975	Setdb2	(NC);(NC);(NC)	Intron;Intron;Intron	-0.475785366
2976	Setdb2	D461D;L462P	Silent;Missense	1.1866182139213195
2977	Setdb2	D461D;L462P	Silent;Missense	0.1725154235514218
2978	Setdb2	G460G	Silent	-0.177027137
2979	Setdb2	S459S;G460G	Silent;Silent	0.2615608072664674
2980	Setdb2		No Mutation	0.3135142743019161
2981	Setdb2	C454R	Missense	-0.582963468
2982	Setdb2	D447G;S448G	Missense;Missense	-0.584557115
2983	Setdb2	A444A;H445R	Silent;Missense	-0.313256182
2984	Setdb2	T412A;N413G	Missense;Missense	-0.217393002
2985	Setdb2	E410G	Missense	0.6444016271493356
2986	Setdb2		No Mutation	0.532494014
2987	Setdb2		No Mutation	1.9173469602370288
2988	Setdb2	D388G	Missense	-0.209846048
2989	Setdb2	D388G	Missense	0.3912433325163784
2990	Setdb2		No Mutation	-0.481821232
2991	Setdb2	S377G;E378G	Missense;Missense	1.1850178907817182
2992	Setdb2	K376K;S377G	Silent;Missense	-0.06289408
2993	Setdb2	K376R;S377G	Missense;Missense	0.8374764393845954
2994	Setdb2	K376G	Missense	2.07858655744252
2995	Setdb2	K376E	Missense	1.2327405781736571
2996	Setdb2	V374A;F375L	Missense;Missense	1.4148528821036648
2997	Setdb2		No Mutation	-0.010962136
2998	Setdb2	V370A	Missense	-2.002634273
2999	Setdb2	Q365R;H366R	Missense;Missense	-1.152539284
3000	Setdb2	I364V	Missense	-0.248928957
3001	Setdb2	H366H;G367G	Silent;Silent	-0.155158577
3002	Setdb2	I364V	Missense	-0.357267183
3003	Setdb2	N361G	Missense	-0.957709853
3004	Setdb2	C354C	Silent	-0.009012661
3005	Setdb2	(NC);(NC);(NC)	Intron;Intron;Intron	0.833816694
3006	Setdb2	(NC);(NC)	Intron;Intron	-0.912160886
3007	Setdb2	(NC);(NC)	Intron;Intron	1.2716481186244462
3008	Setdb2	(NC);(NC);(NC)	Intron;Intron;Intron	-0.657494829
3009	Setdb2	(NC);(NC)	Intron;Intron	-1.526707368
3010	Setdb2	I341V	Missense	-0.37911338
3011	Setdb2	Q338R;R339G	Missense;Missense	0.2242681555079315
3012	Setdb2	Q338R;R339G	Missense;Missense	0.4308001426580647
3013	Setdb2	K333R;Y334C	Missense;Missense	0.7450193625067236
3014	Setdb2	D326G	Missense	2.0167661933357435
3015	Setdb2		No Mutation	0.7922008320448506
3016	Setdb2		No Mutation	0.2809937840930074
3017	Setdb2		No Mutation	-1.308939119
3018	Setdb2	L323S;S324P	Missense;Missense	-1.808197205
3019	Setdb2	A320A	Silent	0.3302355308592448
3020	Setdb2	T314A	Missense	-0.783266909
3021	Setdb2	(NC);(NC);(NC)	Intron;Intron;Intron	1.4522939253335927
3022	Setdb2	I305V	Missense	-0.098588033
3023	Setdb2	S295S	Silent	0.9575100927160052
3024	Setdb2	S295S	Silent	0.006184371
3025	Setdb2	D294D;S295P	Silent;Missense	1.3775298178365654
3026	Setdb2	F288L	Missense	0.3802845180084739
3027	Setdb2	L286P	Missense	0.7941931944350155
3028	Setdb2	L286P	Missense	1.248803322000009
3029	Setdb2	K274R;Y275C	Missense;Missense	0.388981546
3030	Setdb2		No Mutation	-0.405228749
3031	Setdb2	D266G;N267G	Missense;Missense	0.2599558656456923
3032	Setdb2	I265T	Missense	-0.424944967
3033	Setdb2	D249G;I250V	Missense;Missense	3.2618667667238856
3034	Setdb2	D247G	Missense	1.192421405402568
3035	Setdb2	E243G	Missense	-1.361165822
3036	Setdb2	N237N	Silent	0.1555833574795933
3037	Setdb2	Y231C	Missense	0.9673772846382808
3038	Setdb2	C218R	Missense	0.3087618874979181
3039	Setdb2		No Mutation	0.3541045463414252
3040	Setdb2	N202G	Missense	1.8521457022559824
3041	Setdb2	G200G;N202D	Silent;Missense	1.049907549
3042	Setdb2	L203P	Missense	-1.277489197
3043	Setdb2	L203P	Missense	-0.997281235
3044	Setdb2	Y195C;K196G	Missense;Missense	0.6706167224516402
3045	Setdb2	N194G;Y195C	Missense;Missense	-1.005320771
3046	Setdb2		No Mutation	-0.068375835
3047	Setdb2	F177P	Missense	1.3110131097943682
3048	Setdb2	C175R	Missense	0.4220878728313488
3049	Setdb2	I173T	Missense	0.8165033906128232
3050	Setdb2	I173T	Missense	0.2487016337315163
3051	Setdb2	I173T	Missense	-1.080953494
3052	Setdb2		No Mutation	0.1281233032148122
3053	Setdb2		No Mutation	-0.595903796
3054	Setdb2	T159A	Missense	-0.183039688
3055	Setdb2	E158E;T159A	Silent;Missense	0.083317167
3056	Setdb2	M157T	Missense	0.2967334866223452
3057	Setdb2	R153G	Missense	-0.399427517
3058	Setdb2	T154T;C155R	Silent;Missense	0.6997974166875041
3059	Setdb2	S152P	Missense	0.041495385
3060	Setdb2	H147R	Missense	0.74535933
3061	Setdb2	F146P	Missense	-0.621697601
3062	Setdb2	S145S;F146P	Silent;Missense	-0.024551928
3063	Setdb2	S145S;F146P	Silent;Missense	-0.543521745
3064	Setdb2	D133G;N134D	Missense;Missense	1.247040506634712
3065	Setdb2	A132A	Silent	0.4675647174301108
3066	Setdb2	A132A	Silent	-0.939040366
3067	Setdb2	N130N	Silent	-0.960836319
3068	Setdb2	(NC)	Intron	0.4670501567979033
3069	Setdb2	(NC);(NC)	Intron;Intron	0.7963962393764018
3070	Setdb2	I117T	Missense	0.5442560030977591
3071	Setdb2	C115C;T116T	Silent;Silent	1.0329737698718875
3072	Setdb2	D108G;N109G	Missense;Missense	-0.618577765
3073	Setdb2	D108G;N109D	Missense;Missense	-1.163291784
3074	Setdb2		No Mutation	-0.18131709
3075	Setdb2		No Mutation	0.790255636
3076	Setdb2	E96G;N97D	Missense;Missense	1.0373676728211234
3077	Setdb2		No Mutation	0.6454772543431677
3078	Setdb2	T91A	Missense	-0.452639171
3079	Setdb2	P89P;V90A	Silent;Missense	-1.319271123
3080	Setdb2	P89P	Silent	0.492070364
3081	Setdb2	(NC)	Intron	-0.689631032
3082	Setdb2	(NC);(NC);(NC);(NC)	Intron;Intron;Intron;Intron	-1.079135199
3083	Setdb2	(NC);(NC)	Intron;Intron	-1.182102174
3084	Setdb2	I73V;T74A	Missense;Missense	0.1172470773257068
3085	Setdb2	T64A;Q65R	Missense;Missense	1.925180021497084
3086	Setdb2	T64A	Missense	1.874805154869372
3087	Setdb2	S62G;N63D	Missense;Missense	-0.49189916
3088	Setdb2		No Mutation	0.1502067726903996
3089	Setdb2	V56A	Missense	0.3774269003955367
3090	Setdb2	M53T	Missense	0.1405003521451524
3091	Setdb2		No Mutation	0.9130785222532972
3092	Setdb2	D41G	Missense	0.6937447753439803
3093	Setdb2	K36R;Q37R	Missense;Missense	0.2451041344867669
3094	Setdb2	K36G;Q37R	Missense;Missense	0.5717912393381259
3095	Setdb2	S34S;K36E	Silent;Missense	-0.341452716
3096	Setdb2		No Mutation	1.4139898770690842
3097	Setdb2	M13V;E14G	Missense;Missense	-0.206908919
3098	Setdb2	A8A;K9E	Silent;Missense	0.1479074229946403
3099	Setdb2	D7G	Missense	0.038554067
3100	Setdb2	E2G	Missense	0.061428223
3101	Setdb2	M1V;E2G	Missense;Missense	-0.032989107
3102	Setdb2	(NC);(NC);M1V	UTR;UTR;Missense	1.1591213225366293
3103	Setdb2	(NC);(NC)	UTR;UTR	1.94948189966704
3104	Ehmt1		No Mutation	-0.92444241
3105	Ehmt1	(NC)	UTR	-0.303899657
3106	Ehmt1	(NC);(NC)	UTR;UTR	-0.845126328
3107	Ehmt1	(NC);(NC)	UTR;UTR	-0.355553057
3108	Ehmt1	(NC);(NC)	UTR;UTR	1.5176303388108725
3109	Ehmt1	(NC)	UTR	0.5732204885688246
3110	Ehmt1	L1296L	Silent	-0.184046208
3111	Ehmt1	L1296P;*1297R	Missense;Missense	2.190429192816753
3112	Ehmt1	A1292A;A1293A	Silent;Silent	0.000575221
3113	Ehmt1		No Mutation	-0.656658073
3114	Ehmt1	S1289P	Missense	-1.458636579
3115	Ehmt1	L1284P	Missense	-1.113497414
3116	Ehmt1	N1282N	Silent	-0.328331233
3117	Ehmt1	N1282N	Silent	-1.103958509
3118	Ehmt1	Q1277R;E1278G	Missense;Missense	-0.865048206
3119	Ehmt1	P1279P	Silent	1.5169000315118608
3120	Ehmt1	A1275A	Silent	0.1498745167060042
3121	Ehmt1	Q1272R	Missense	-1.89036888
3122	Ehmt1	S1274S	Silent	-0.373315697
3123	Ehmt1	S1274S	Silent	-0.705631005
3124	Ehmt1		No Mutation	-2.56850807
3125	Ehmt1		No Mutation	-0.739045636
3126	Ehmt1	A1266A	Silent	0.8052878198792511
3127	Ehmt1	H1263R	Missense	0.074713872
3128	Ehmt1		No Mutation	-0.067078657
3129	Ehmt1	C1261R	Missense	0.937338962575664
3130	Ehmt1		No Mutation	-0.167900449
3131	Ehmt1		No Mutation	-0.725596879
3132	Ehmt1		No Mutation	0.422546796
3133	Ehmt1	K1250G	Missense	-0.71939758
3134	Ehmt1	D1239G;Y1240C	Missense;Missense	-0.554272546
3135	Ehmt1		No Mutation	0.4038379417219475
3136	Ehmt1		No Mutation	-0.934177066
3137	Ehmt1		No Mutation	0.1245164625651058
3138	Ehmt1		No Mutation	1.2075955036668349
3139	Ehmt1	Y1240H	Missense	1.219676585774216
3140	Ehmt1	(NC)	Splice-acceptor	1.9190057680846784
3141	Ehmt1		No Mutation	0.9104149905734946
3142	Ehmt1		No Mutation	0.063275157
3143	Ehmt1		No Mutation	0.4145354937598594
3144	Ehmt1		No Mutation	-1.003082013
3145	Ehmt1	Q1231R	Missense	-1.362102198
3146	Ehmt1	Q1231R	Missense	-0.54518061
3147	Ehmt1		No Mutation	-0.739716646
3148	Ehmt1	A1232A	Silent	-0.537235269
3149	Ehmt1	A1232A	Silent	0.006896947
3150	Ehmt1		No Mutation	-0.502721189
3151	Ehmt1		No Mutation	-1.123083692
3152	Ehmt1	T1227A	Missense	-0.258675061
3153	Ehmt1	S1226G;T1227A	Missense;Missense	-2.536583842
3154	Ehmt1	L1229P	Missense	1.5244657155279389
3155	Ehmt1	F1225S;S1226S	Missense;Silent	-1.356310347
3156	Ehmt1	F1225P	Missense	0.1151566925607323
3157	Ehmt1	I1222T	Missense	0.792776842
3158	Ehmt1	F1219F	Silent	-1.265753771
3159	Ehmt1	Q1215R;D1216G	Missense;Missense	0.7017213889872447
3160	Ehmt1	S1213S	Silent	0.3130168070883655
3161	Ehmt1	R1209R	Silent	-0.703782224
3162	Ehmt1	M1212T;S1213P	Missense;Missense	-0.177897862
3163	Ehmt1	V1210A;F1211L	Missense;Missense	1.0829277954326806
3164	Ehmt1	V1208A	Missense	-0.036257773
3165	Ehmt1	V1208A	Missense	-0.822586664
3166	Ehmt1	L1205P	Missense	-0.022464342
3167	Ehmt1		No Mutation	0.2487700691844312
3168	Ehmt1	C1201R	Missense	0.1502437807710818
3169	Ehmt1	Y1190C	Missense	-0.327347781
3170	Ehmt1	D1186G	Missense	-0.347087672
3171	Ehmt1	I1185V;D1186G	Missense;Missense	-0.985685582
3172	Ehmt1	V1182V;Y1183C	Silent;Missense	0.067694306
3173	Ehmt1	V1182A;Y1183H	Missense;Missense	-0.511903514
3174	Ehmt1	V1182A;Y1183H	Missense;Missense	0.9805487771317198
3175	Ehmt1	V1182A	Missense	0.2410293555863569
3176	Ehmt1		No Mutation	0.045607409
3177	Ehmt1	K1178R;(NC)	Missense;Intron	0.1388392629369645
3178	Ehmt1	K1178G	Missense	1.363400857086441
3179	Ehmt1	N1177N	Silent	1.487702093134437
3180	Ehmt1		No Mutation	3.0814369039058924
3181	Ehmt1	E1162E	Silent	-0.419158684
3182	Ehmt1		No Mutation	0.177217851
3183	Ehmt1	D1160G	Missense	-0.32937453
3184	Ehmt1	V1154V	Silent	0.053711846
3185	Ehmt1	(NC)	Intron	0.6662754090327075
3186	Ehmt1	(NC)	Intron	0.2527221682182188
3187	Ehmt1	Y1153H	Missense	0.3347902501322041
3188	Ehmt1	Y1153H	Missense	0.05014857
3189	Ehmt1	E1152G	Missense	-0.692755379
3190	Ehmt1	(NC)	Intron	0.2730501637091125
3191	Ehmt1		No Mutation	1.3233246008935655
3192	Ehmt1		No Mutation	-1.520826546
3193	Ehmt1	V1150A;C1151R	Missense;Missense	1.6312364236399677
3194	Ehmt1	F1149F;V1150A;C1151R	Silent;Missense;Missense	1.7681793546399431
3195	Ehmt1		No Mutation	0.8114463616940857
3196	Ehmt1	L1146P	Missense	-0.353215724
3197	Ehmt1	L1146P	Missense	0.3573294509048275
3198	Ehmt1	Q1142R	Missense	-1.464139063
3199	Ehmt1		No Mutation	-2.217822686
3200	Ehmt1		No Mutation	-0.460769093
3201	Ehmt1	D1133G;M1134V	Missense;Missense	-1.535419058
3202	Ehmt1	T1131A;Q1132R	Missense;Missense	-1.267136247
3203	Ehmt1	T1131A	Missense	-1.363262366
3204	Ehmt1	T1131A	Missense	-0.687992961
3205	Ehmt1	Y1129C	Missense	-0.560824448
3206	Ehmt1	Y1129C	Missense	-1.415981013
3207	Ehmt1	Q1127R	Missense	-0.75720734
3208	Ehmt1	A1124A;R1125G	Silent;Missense	-0.54863686
3209	Ehmt1	L1128P	Missense	-0.670384948
3210	Ehmt1		No Mutation	-0.078819862
3211	Ehmt1		No Mutation	0.3403563320806895
3212	Ehmt1	(NC);(NC);(NC);(NC)	Intron;Intron;Intron;Intron	1.115394108274447
3213	Ehmt1	(NC);(NC);(NC);(NC)	Intron;Intron;Intron;Intron	2.125490382921625
3214	Ehmt1	(NC)	Intron	-1.854768716
3215	Ehmt1	Q1119R;N1120G	Missense;Missense	1.4992162765850183
3216	Ehmt1	Q1119R;N1120G	Missense;Missense	-0.242687609
3217	Ehmt1		No Mutation	0.7177572071146069
3218	Ehmt1	N1115G	Missense	0.5127422019578872
3219	Ehmt1	N1112G	Missense	0.0163754862248106
3220	Ehmt1		No Mutation	-0.326639974
3221	Ehmt1	H1105R	Missense	-0.316458859
3222	Ehmt1	N1104S;H1105R	Missense;Missense	1.0658090122128836
3223	Ehmt1	N1104N	Silent	0.034415316
3224	Ehmt1	C1103R	Missense	0.3938219310289449
3225	Ehmt1	C1103R	Missense	1.4070365736807855
3226	Ehmt1		No Mutation	-0.548944128
3227	Ehmt1		No Mutation	0.5547175557409312
3228	Ehmt1	F1092P	Missense	1.1719631100460777
3229	Ehmt1	D1085D	Silent	1.340121216643465
3230	Ehmt1	(NC)	Intron	-0.044404955
3231	Ehmt1	(NC);(NC);(NC)	Intron;Intron;Intron	0.063608988
3232	Ehmt1	(NC);(NC)	Intron;Intron	0.9691078425847875
3233	Ehmt1		No Mutation	0.6046127452859332
3234	Ehmt1		No Mutation	-0.120287051
3235	Ehmt1		No Mutation	-0.04703235
3236	Ehmt1	C1080R;W1081R	Missense;Missense	-0.76237761
3237	Ehmt1	Q1075R	Missense	0.1163448503082381
3238	Ehmt1	L1076P	Missense	-0.290448686
3239	Ehmt1	M1072T;C1073R	Missense;Missense	1.2674534008890626
3240	Ehmt1	S1069G	Missense	1.663209024982352
3241	Ehmt1	Y1059H;C1060R	Missense;Missense	1.226171545
3242	Ehmt1		No Mutation	-0.637861649
3243	Ehmt1	Q1058R	Missense	-1.23743532
3244	Ehmt1	Q1058R	Missense	-0.364650205
3245	Ehmt1	Q1058R	Missense	1.0804417727702158
3246	Ehmt1	H1056R	Missense	-0.527364423
3247	Ehmt1	T1055A;H1056R	Missense;Missense	-0.68151289
3248	Ehmt1	I1054V;T1055A	Missense;Missense	0.2274753233769596
3249	Ehmt1	N1053G;I1054V	Missense;Missense	1.7123602268811735
3250	Ehmt1		No Mutation	-0.435556346
3251	Ehmt1		No Mutation	0.034415466
3252	Ehmt1		No Mutation	0.4302408076737357
3253	Ehmt1		No Mutation	0.6536991521372792
3254	Ehmt1		No Mutation	-0.107042632
3255	Ehmt1	S1046P	Missense	-1.460193256
3256	Ehmt1	S1046P	Missense	0.9750587455651982
3257	Ehmt1	V1039A;S1040P	Missense;Missense	-0.327830674
3258	Ehmt1	Y1038H;V1039A	Missense;Missense	1.1047851285710175
3259	Ehmt1	V1027A	Missense	1.6364253858612925
3260	Ehmt1	V1027A	Missense	-0.092451881
3261	Ehmt1	N1025N;A1026A	Silent;Silent	0.5579892702543576
3262	Ehmt1	N1025N	Silent	0.7411261574196621
3263	Ehmt1		No Mutation	-0.630057375
3264	Ehmt1	(NC)	Splice-acceptor	-0.01644872
3265	Ehmt1	(NC)	Splice-acceptor	-0.871654354
3266	Ehmt1	D1011D;I1012T	Silent;Missense	-0.319223685
3267	Ehmt1	D1011D	Silent	0.8231205363081043
3268	Ehmt1	T1007A	Missense	-0.678821343
3269	Ehmt1	E1005G	Missense	0.5852842246803995
3270	Ehmt1		No Mutation	0.8908993111499421
3271	Ehmt1		No Mutation	-1.092512004
3272	Ehmt1		No Mutation	0.1038802859059665
3273	Ehmt1	A1003A;V1004A	Silent;Missense	-0.276029859
3274	Ehmt1	V1002V;A1003A	Silent;Silent	-0.400930614
3275	Ehmt1	V1002A;A1003A	Missense;Silent	0.5225478575777573
3276	Ehmt1	M989V;S990G	Missense;Missense	0.1250253716729354
3277	Ehmt1	Q988R;M989V	Missense;Missense	1.458866932546024
3278	Ehmt1		No Mutation	-0.265623758
3279	Ehmt1	A977A;S978G	Silent;Missense	-0.562075732
3280	Ehmt1	S978S;L979P	Silent;Missense	0.1385302626402065
3281	Ehmt1	S978S;L979P	Silent;Missense	-0.324166144
3282	Ehmt1	T964A	Missense	0.8377449905824835
3283	Ehmt1	T964A	Missense	1.600180069377521
3284	Ehmt1	D960D;S961P	Silent;Missense	0.7531852055956134
3285	Ehmt1	L957P;S958P	Missense;Missense	0.7984956841326071
3286	Ehmt1	F956F;L957P;S958P	Silent;Missense;Missense	0.4774885691334807
3287	Ehmt1	(NC);(NC)	Intron;Intron	0.3519662343625062
3288	Ehmt1		No Mutation	-0.900005258
3289	Ehmt1		No Mutation	-0.016845483
3290	Ehmt1		No Mutation	3.714128996115892
3291	Ehmt1		No Mutation	-0.807052449
3292	Ehmt1		No Mutation	1.3680626487684695
3293	Ehmt1	L941P	Missense	0.2403715945091185
3294	Ehmt1	N934N;I935T	Silent;Missense	0.7737351290551786
3295	Ehmt1	H931R	Missense	-0.914451656
3296	Ehmt1	H931H;A932A	Silent;Silent	-0.16599255
3297	Ehmt1	I919V	Missense	1.235386965117978
3298	Ehmt1	N905G;I906V	Missense;Missense	0.4865938983270595
3299	Ehmt1	E904G;N905G	Missense;Missense	0.003296792
3300	Ehmt1	(NC);(NC);(NC);(NC)	Intron;Intron;Intron;Intron	1.2744008813240757
3301	Ehmt1		No Mutation	0.1188354567838074
3302	Ehmt1		No Mutation	-0.25330116
3303	Ehmt1	K888G	Missense	1.258361519963059
3304	Ehmt1	K888G	Missense	-1.697246609
3305	Ehmt1	Y881C;K882E	Missense;Missense	0.053192175
3306	Ehmt1	V884A	Missense	0.3721067420330852
3307	Ehmt1	T879A	Missense	-0.149949881
3308	Ehmt1	T879T	Silent	-0.766282526
3309	Ehmt1	G871G;T873A	Silent;Missense	-0.690594156
3310	Ehmt1	G871G	Silent	-0.466061121
3311	Ehmt1	(NC)	Splice-acceptor	-0.601243773
3312	Ehmt1	(NC);(NC)	Intron;Intron	0.1329272255525555
3313	Ehmt1	(NC)	Intron	0.7501645232523637
3314	Ehmt1	(NC)	Intron	0.9392025527919248
3315	Ehmt1	(NC);(NC);(NC)	Intron;Intron;Intron	0.4842053141337736
3316	Ehmt1	M862V	Missense	-0.016503791
3317	Ehmt1		No Mutation	1.205725122
3318	Ehmt1	Q854R;Y855C	Missense;Missense	-0.086402111
3319	Ehmt1	V853V;Y855H	Silent;Missense	0.9193535189577522
3320	Ehmt1	Y850Y;D851D	Silent;Silent	0.0360194473822323
3321	Ehmt1	K847G	Missense	-0.444935451
3322	Ehmt1	H842R	Missense	0.040147679
3323	Ehmt1	L843S;A844A	Missense;Silent	0.3007519762895692
3324	Ehmt1	T839A	Missense	0.0555214710080322
3325	Ehmt1	(NC)	Intron	0.2443570821082556
3326	Ehmt1	(NC)	Intron	2.463103460504919
3327	Ehmt1	(NC);(NC);(NC)	Intron;Intron;Intron	0.314276647428261
3328	Ehmt1	(NC)	Intron	-0.175428466
3329	Ehmt1	K833G	Missense	-1.222398286
3330	Ehmt1	G827G;A828A	Silent;Silent	-0.156085937
3331	Ehmt1	K825G	Missense	-0.198399859
3332	Ehmt1		No Mutation	-0.152538534
3333	Ehmt1	I824V;K825E	Missense;Missense	2.821372917400808
3334	Ehmt1	K821G;Y822C	Missense;Missense	-1.174488507
3335	Ehmt1	A819A;K821E	Silent;Missense	0.2907206333694196
3336	Ehmt1	Y822H	Missense	1.510907922852939
3337	Ehmt1	A812A	Silent	-1.255731775
3338	Ehmt1		No Mutation	-1.97544314
3339	Ehmt1	A811A	Silent	0.4356698182410599
3340	Ehmt1	M809T	Missense	-0.397490935
3341	Ehmt1	T806A	Missense	0.7382126420646712
3342	Ehmt1	Q804R	Missense	-0.963635899
3343	Ehmt1		No Mutation	2.264863789661928
3344	Ehmt1	S801P	Missense	0.5786334681855307
3345	Ehmt1	I797V	Missense	1.1686724880652657
3346	Ehmt1		No Mutation	0.093566862
3347	Ehmt1	(NC);(NC);(NC)	Splice-donor;Intron;Intron	0.5001181113091941
3348	Ehmt1	H788R;M789V	Missense;Missense	-1.015026702
3349	Ehmt1		No Mutation	2.707144726096668
3350	Ehmt1	D785G;I786V	Missense;Missense	0.102800671
3351	Ehmt1		No Mutation	-0.208331973
3352	Ehmt1		No Mutation	-1.018543817
3353	Ehmt1	H776R	Missense	0.5903815370423438
3354	Ehmt1		No Mutation	-0.445429292
3355	Ehmt1	A778A	Silent	0.7320992802004643
3356	Ehmt1	A778A	Silent	0.5858061515145222
3357	Ehmt1	P774P;L775L	Silent;Silent	-0.069201753
3358	Ehmt1	P774P	Silent	-0.558713606
3359	Ehmt1	L775L	Silent	2.311892873
3360	Ehmt1	D761G	Missense	2.663753546429291
3361	Ehmt1		No Mutation	1.7396221586331149
3362	Ehmt1	(NC)	Intron	-1.801646961
3363	Ehmt1	K751G	Missense	0.4569643939774268
3364	Ehmt1	K751G	Missense	-1.019467356
3365	Ehmt1	L749P	Missense	-0.117545795
3366	Ehmt1	Q746R	Missense	-0.659288395
3367	Ehmt1	Y741C	Missense	-0.569407879
3368	Ehmt1	Y741C	Missense	-2.491036181
3369	Ehmt1	Q739R	Missense	-1.575125163
3370	Ehmt1	F742P;S743P	Missense;Missense	1.4434742801681142
3371	Ehmt1	F742P;S743P	Missense;Missense	1.673728878439667
3372	Ehmt1	Y741H;F742L	Missense;Missense	0.5913509192907584
3373	Ehmt1	F735S	Missense	-1.557746833
3374	Ehmt1	F735P	Missense	-0.141841352
3375	Ehmt1		No Mutation	-0.110816
3376	Ehmt1		No Mutation	-0.663956892
3377	Ehmt1	(NC)	Intron	0.2443929231780732
3378	Ehmt1	E728G;K729G	Missense;Missense	0.5098752657832082
3379	Ehmt1	E728G	Missense	1.4755695657611982
3380	Ehmt1	L722P;I723T	Missense;Missense	-1.324132223
3381	Ehmt1	L718P	Missense	-0.659680048
3382	Ehmt1	L718P	Missense	0.240603307120208
3383	Ehmt1	P713P	Silent	0.313629406
3384	Ehmt1		No Mutation	-0.979686711
3385	Ehmt1		No Mutation	-1.531885141
3386	Ehmt1		No Mutation	-0.565116339
3387	Ehmt1		No Mutation	-0.878285878
3388	Ehmt1		No Mutation	-0.723119409
3389	Ehmt1	S710P	Missense	0.3674216945596634
3390	Ehmt1	T706A	Missense	-0.799347639
3391	Ehmt1	T706A	Missense	-0.002910213
3392	Ehmt1		No Mutation	-1.503797541
3393	Ehmt1		No Mutation	-0.489884604
3394	Ehmt1	L702P;V703A	Missense;Missense	0.953428745945266
3395	Ehmt1	G698G	Silent	-1.211379775
3396	Ehmt1	L702P	Missense	-1.091148589
3397	Ehmt1	A700A	Silent	-1.405213275
3398	Ehmt1	D695G	Missense	0.544757495
3399	Ehmt1	D695G	Missense	0.917006227
3400	Ehmt1		No Mutation	0.4586765225616871
3401	Ehmt1	P696P	Silent	0.7528299068284584
3402	Ehmt1	E692G	Missense	0.9639608364814212
3403	Ehmt1	F694P	Missense	-0.603453304
3404	Ehmt1	F694P	Missense	-0.747403525
3405	Ehmt1	C693R;F694P	Missense;Missense	0.3004121365349571
3406	Ehmt1	C693R;F694L	Missense;Missense	-0.701798828
3407	Ehmt1	C693R	Missense	-1.162118663
3408	Ehmt1	Q684R;S685G	Missense;Missense	-0.384429311
3409	Ehmt1	S683P	Missense	-0.947852697
3410	Ehmt1	S683P	Missense	-0.902649267
3411	Ehmt1	S683P	Missense	-1.183408209
3412	Ehmt1	I674V	Missense	-0.389741181
3413	Ehmt1	I674T;A675A	Missense;Silent	0.2056950701737609
3414	Ehmt1		No Mutation	1.5750209281138408
3415	Ehmt1	(NC);(NC);(NC)	Intron;Intron;Intron	1.3432910556311712
3416	Ehmt1		No Mutation	0.6382806928889662
3417	Ehmt1	D668G	Missense	-1.070713862
3418	Ehmt1	R666G	Missense	0.7597329178682648
3419	Ehmt1	R666G	Missense	-0.049736679
3420	Ehmt1		No Mutation	-1.497846025
3421	Ehmt1		No Mutation	0.029595906
3422	Ehmt1		No Mutation	0.4634776319549193
3423	Ehmt1	K659G;S660G	Missense;Missense	0.9767415483913134
3424	Ehmt1	L661P	Missense	-1.233832262
3425	Ehmt1		No Mutation	-0.566914198
3426	Ehmt1		No Mutation	-1.57315423
3427	Ehmt1	G656G	Silent	-1.271733396
3428	Ehmt1		No Mutation	-1.968630394
3429	Ehmt1		No Mutation	-0.448647626
3430	Ehmt1	T652A	Missense	-0.936400178
3431	Ehmt1	P655P	Silent	0.2310652943979992
3432	Ehmt1	T650A	Missense	-0.027915954
3433	Ehmt1	V640A	Missense	0.1229336948696683
3434	Ehmt1	E633E	Silent	0.4116742120767641
3435	Ehmt1		No Mutation	-1.650060155
3436	Ehmt1	A634A;S635P	Silent;Missense	-0.77944727
3437	Ehmt1	A634A	Silent	-0.299866866
3438	Ehmt1		No Mutation	0.04765074
3439	Ehmt1	H629H;C630R	Silent;Missense	-1.301296775
3440	Ehmt1	Y626C	Missense	-0.369168303
3441	Ehmt1	Y626C	Missense	0.6989511621701412
3442	Ehmt1	S625G;Y626C	Missense;Missense	-0.674365323
3443	Ehmt1	N623N	Silent	-0.806021696
3444	Ehmt1	S619P	Missense	-0.225417926
3445	Ehmt1		No Mutation	-1.264757476
3446	Ehmt1	S610P	Missense	-0.89176319
3447	Ehmt1	I609T;S610P	Missense;Missense	0.7451107023117707
3448	Ehmt1	C603R	Missense	-0.571273028
3449	Ehmt1	(NC)	Intron	0.3090304442683233
3450	Ehmt1	(NC)	Intron	-1.453892462
3451	Ehmt1		No Mutation	0.644350051
3452	Ehmt1	F594P;C595R	Missense;Missense	-1.266081134
3453	Ehmt2	F553P;C554R	Missense;Missense	-1.266081134
3454	Ehmt1		No Mutation	-1.597856483
3455	Ehmt1	C591R	Missense	-1.183032402
3456	Ehmt1	Q586R	Missense	-2.077252436
3457	Ehmt1	K584G;H585R	Missense;Missense	0.005885382
3458	Ehmt1	V583A	Missense	-1.020525836
3459	Ehmt1	E576E;D577G	Silent;Missense	-0.157860065
3460	Ehmt1	L574L	Silent	-0.736129767
3461	Ehmt1	L574L	Silent	-0.28880301
3462	Ehmt1	L574L	Silent	1.2340791251191603
3463	Ehmt1	C575R	Missense	0.045033938
3464	Ehmt1	L571P;L572P	Missense;Missense	-1.27650886
3465	Ehmt1	L571P	Missense	-1.135418907
3466	Ehmt1	N567G;K568E	Missense;Missense	0.5849892186069859
3467	Ehmt1		No Mutation	-0.381997183
3468	Ehmt1	V557A	Missense	0.1315280016050433
3469	Ehmt1		No Mutation	-1.208386254
3470	Ehmt1		No Mutation	0.1632979507904997
3471	Ehmt1		No Mutation	-0.545359835
3472	Ehmt1	(NC);(NC)	Intron;Intron	-0.338133333
3473	Ehmt1		No Mutation	0.8620811555644763
3474	Ehmt1	D547D	Silent	-0.02410504
3475	Ehmt1	M541V	Missense	-1.473065708
3476	Ehmt1	T543T	Silent	-0.597429801
3477	Ehmt1	M541T	Missense	-0.39651433
3478	Ehmt1	C540R	Missense	-1.523631456
3479	Ehmt1	C540R	Missense	-0.499789581
3480	Ehmt1	N537D	Missense	0.091422733
3481	Ehmt1	L535P	Missense	-1.099189733
3482	Ehmt1		No Mutation	-0.866389871
3483	Ehmt1	I532T	Missense	-0.53963073
3484	Ehmt1	I532T	Missense	-1.214851149
3485	Ehmt1	I532T	Missense	0.0133522554594737
3486	Ehmt1	I532T	Missense	-0.942582153
3487	Ehmt1		No Mutation	-0.880050508
3488	Ehmt1	M524T	Missense	1.629331899
3489	Ehmt1		No Mutation	-0.797881744
3490	Ehmt1	C520R	Missense	-0.924998974
3491	Ehmt1	P518P;L519P;C520R	Silent;Missense;Missense	1.3602444930488258
3492	Ehmt1	T511A	Missense	-0.415370244
3493	Ehmt1		No Mutation	1.010496640932543
3494	Ehmt1	D507G	Missense	-0.209292504
3495	Ehmt1		No Mutation	-1.189132175
3496	Ehmt1	V508A;L509P	Missense;Missense	-0.101189317
3497	Ehmt1		No Mutation	-0.343595465
3498	Ehmt1	S504G	Missense	-1.051492787
3499	Ehmt1	S504G	Missense	-1.991421984
3500	Ehmt1	(NC)	Splice-acceptor	-0.159794239
3501	Ehmt1	(NC)	Intron	-1.110678897
3502	Ehmt1		No Mutation	-0.714278655
3503	Ehmt1		No Mutation	0.2625552341334104
3504	Ehmt1	(NC)	Intron	0.5141653901577115
3505	Ehmt1	E498G;N499G	Missense;Missense	0.4748808202072512
3506	Ehmt1	Q496R;T497A	Missense;Missense	-0.146734875
3507	Ehmt1	Q496R	Missense	0.6186919278313971
3508	Ehmt1	I492I;L493P;S494P	Silent;Missense;Missense	-0.12475311
3509	Ehmt1		No Mutation	1.0777360374772935
3510	Ehmt1	V489A	Missense	-0.394567125
3511	Ehmt1	D486G	Missense	1.316708430025271
3512	Ehmt1	D486D;L487P	Silent;Missense	-0.241569956
3513	Ehmt1	D486D;L487P	Silent;Missense	0.004000041
3514	Ehmt1	E479E	Silent	-1.662655084
3515	Ehmt1	Y477C;M478V	Missense;Missense	-1.166807102
3516	Ehmt1	G472G;D473G;S474G	Silent;Missense;Missense	-0.772283969
3517	Ehmt1		No Mutation	-1.6520269
3518	Ehmt1	M466V;E467G	Missense;Missense	-0.505385686
3519	Ehmt1	M466V	Missense	-0.350839667
3520	Ehmt1		No Mutation	-0.701219634
3521	Ehmt1	P463P	Silent	0.3315654368565468
3522	Ehmt1	S461S	Silent	-0.391617427
3523	Ehmt1	S462P	Missense	-0.666948313
3524	Ehmt1		No Mutation	-2.201681908
3525	Ehmt1		No Mutation	-0.555023742
3526	Ehmt1	(NC)	Intron	1.582141667962193
3527	Ehmt1	(NC)	Intron	-0.24204385
3528	Ehmt1		No Mutation	-1.428341384
3529	Ehmt1		No Mutation	-0.204895751
3530	Ehmt1	M453V	Missense	2.3524536485349574
3531	Ehmt1	(NC)	Splice-donor	-0.466703049
3532	Ehmt1	K449G	Missense	-0.561824658
3533	Ehmt1		No Mutation	0.4088655135119081
3534	Ehmt1	K437R	Missense	1.862690144859376
3535	Ehmt1	K437G	Missense	-0.550657479
3536	Ehmt1	A439A	Silent	0.939936115
3537	Ehmt1	A439A	Silent	-2.054925594
3538	Ehmt1	P438P;A439A	Silent;Silent	-0.355270152
3539	Ehmt1		No Mutation	-0.554879445
3540	Ehmt1	K430G	Missense	-0.75361169
3541	Ehmt1	K423R	Missense	-0.229618355
3542	Ehmt1	K423G	Missense	0.1076497036933929
3543	Ehmt1	K421R;K422G	Missense;Missense	0.6915397588149897
3544	Ehmt1	F424P	Missense	-0.808615571
3545	Ehmt1	S419S	Silent	0.8955597492643966
3546	Ehmt1	S418P	Missense	0.5012489594624354
3547	Ehmt1	S415S;S416P	Silent;Missense	0.6893450490244076
3548	Ehmt1	S415S;S416P	Silent;Missense	-0.157720262
3549	Ehmt1	(NC);(NC);(NC);(NC);(NC)	Intron;Intron;Intron;Intron;Intron	0.056522198570954
3550	Ehmt1	E404G	Missense	-0.548239818
3551	Ehmt1	D405D	Silent	0.8455328758986504
3552	Ehmt1	T402A	Missense	1.8540907741366115
3553	Ehmt1	D405D	Silent	1.4207825195193042
3554	Ehmt1		No Mutation	-0.971480674
3555	Ehmt1	E398G	Missense	1.182632711
3556	Ehmt1	Q397R;E398G	Missense;Missense	-0.1011002
3557	Ehmt1	Q397R;E398G	Missense;Missense	0.8499651643661992
3558	Ehmt1	G391G;D392G	Silent;Missense	0.6685795635876775
3559	Ehmt1	D390G	Missense	0.095424854
3560	Ehmt1	M389V	Missense	0.4030871370471522
3561	Ehmt1		No Mutation	-0.229761466
3562	Ehmt1	(NC);(NC);(NC)	Intron;Intron;Intron	-1.076575223
3563	Ehmt1	(NC);(NC);(NC)	Intron;Intron;Intron	-0.535046748
3564	Ehmt1		No Mutation	-1.12073934
3565	Ehmt1	T383A	Missense	1.288864122898804
3566	Ehmt1	M380V	Missense	-0.540003988
3567	Ehmt1	M380V	Missense	0.7386546521826034
3568	Ehmt1	T375T;S376P	Silent;Missense	-0.605527796
3569	Ehmt1	T375T	Silent	-0.67266394
3570	Ehmt1		No Mutation	-0.585688596
3571	Ehmt1		No Mutation	-0.516192852
3572	Ehmt1		No Mutation	0.049189961
3573	Ehmt1		No Mutation	0.9526477190815622
3574	Ehmt1	H360R	Missense	-0.737810898
3575	Ehmt1	E355G;D356G	Missense;Missense	-0.589783459
3576	Ehmt1	D356D	Silent	0.258812231109397
3577	Ehmt1	E353G	Missense	-0.315611035
3578	Ehmt1	E349E;D350G	Silent;Missense	0.6056193287966551
3579	Ehmt1	E349G	Missense	0.7306652749240087
3580	Ehmt1		No Mutation	0.4042842193781426
3581	Ehmt1	V337V;N338D	Silent;Missense	-0.541422012
3582	Ehmt1		No Mutation	0.686107972
3583	Ehmt1		No Mutation	-1.145739568
3584	Ehmt1	S333G	Missense	0.236137274
3585	Ehmt1	L335P	Missense	-0.750292321
3586	Ehmt1	L330P	Missense	-1.568491151
3587	Ehmt1	(NC);(NC)	Intron;Intron	-0.968580148
3588	Ehmt1	(NC);(NC)	Intron;Intron	-0.394063801
3589	Ehmt1	(NC)	Intron	0.8304901301334876
3590	Ehmt1	K325G	Missense	-0.089029333
3591	Ehmt1	K325G	Missense	0.5074276303137881
3592	Ehmt1		No Mutation	0.4348904163797532
3593	Ehmt1	(NC)	Splice-donor	-0.868578619
3594	Ehmt1		No Mutation	0.5195093072848752
3595	Ehmt1		No Mutation	-0.6236254
3596	Ehmt1		No Mutation	-0.460725595
3597	Ehmt1	T321A	Missense	0.5149317225690573
3598	Ehmt1	I317V;T318A	Missense;Missense	-0.519630017
3599	Ehmt1	I317V;T318A	Missense;Missense	-0.295639621
3600	Ehmt1	K303K;V304V	Silent;Silent	0.8385470561762924
3601	Ehmt1	K303G	Missense	0.3751704648345668
3602	Ehmt1		No Mutation	0.7335405961543838
3603	Ehmt1	K286G;K287G	Missense;Missense	-0.114924379
3604	Ehmt1	K286G;K287E	Missense;Missense	0.7280704206332552
3605	Ehmt1	A281A	Silent	1.5221059744367142
3606	Ehmt1	(NC);(NC);(NC);(NC)	Intron;Intron;Intron;Intron	2.3098882176841005
3607	Ehmt1	(NC);(NC);(NC);(NC);(NC)	Intron;Intron;Intron;Intron;Intron	1.573143856905566
3608	Ehmt1	(NC);(NC);(NC);(NC);(NC)	Intron;Intron;Intron;Intron;Intron	4.036115518176342
3609	Ehmt1	(NC);(NC);(NC);(NC);(NC)	Intron;Intron;Intron;Intron;Intron	2.966965682024895
3610	Ehmt1	(NC);(NC)	Intron;Intron	-0.249997288
3611	Ehmt1	(NC);(NC)	Intron;Intron	0.8356773142467573
3612	Ehmt1	Q271R	Missense	1.651627205453396
3613	Ehmt1	(NC)	Splice-donor	0.1624628083894009
3614	Ehmt1		No Mutation	-0.269720137
3615	Ehmt1	T267A;T268A	Missense;Missense	-1.81828655
3616	Ehmt1	Y264H;M265T	Missense;Missense	0.8449112662331133
3617	Ehmt1	Q260R;N261D	Missense;Missense	-1.985029639
3618	Ehmt1	N261N	Silent	-0.026261864
3619	Ehmt1	P259P	Silent	-0.458534864
3620	Ehmt1	P259P	Silent	-0.599926686
3621	Ehmt1	L258P;P259P	Missense;Silent	-0.699399797
3622	Ehmt1	S257P;L258P	Missense;Missense	-1.446661282
3623	Ehmt1	S257P	Missense	-0.266827679
3624	Ehmt1		No Mutation	-1.338783156
3625	Ehmt1	L254P	Missense	-0.635007837
3626	Ehmt1	R237G;N238G	Missense;Missense	1.1465687284941288
3627	Ehmt1		No Mutation	0.066421087
3628	Ehmt1	H228R;K229E	Missense;Missense	1.440462066631833
3629	Ehmt1	R223R;E224G	Silent;Missense	0.9701451341332586
3630	Ehmt1		No Mutation	0.213899408
3631	Ehmt1		No Mutation	0.5245194888770162
3632	Ehmt1	(NC);(NC);(NC);(NC)	Intron;Intron;Intron;Intron	0.3899651826399508
3633	Ehmt1	(NC);(NC);(NC)	Splice-donor;Intron;Intron	0.5917753349726014
3634	Ehmt1	L215P	Missense	-1.115786199
3635	Ehmt1	K210G	Missense	-1.462700442
3636	Ehmt1	I212T;L213P	Missense;Missense	-0.109412247
3637	Ehmt1	M208V	Missense	-1.340680623
3638	Ehmt1	M208V	Missense	0.3322226474927461
3639	Ehmt1	D198G	Missense	0.1944854850816165
3640	Ehmt1	D198G	Missense	-1.271437835
3641	Ehmt1	V199A	Missense	1.169637487498316
3642	Ehmt1		No Mutation	-0.249847757
3643	Ehmt1		No Mutation	-1.155385706
3644	Ehmt1	T197T	Silent	-0.553467867
3645	Ehmt1	R190G;K191G	Missense;Missense	-0.62330177
3646	Ehmt1	R190G;K191E	Missense;Missense	-1.325560933
3647	Ehmt1	E182E;S184G	Silent;Missense	1.5893695815691935
3648	Ehmt1		No Mutation	-1.734391188
3649	Ehmt1		No Mutation	-0.853864243
3650	Ehmt1		No Mutation	-0.299411336
3651	Ehmt1	T178A	Missense	-0.552358211
3652	Ehmt1	T178A	Missense	0.6146228604195244
3653	Ehmt1	V179A;P180P	Missense;Silent	0.6107218204851913
3654	Ehmt1	T175T;A176A	Silent;Silent	-0.546343628
3655	Ehmt1	T175T;A176A	Silent;Silent	0.7367214017039309
3656	Ehmt1	T175A	Missense	0.3464602871328264
3657	Ehmt1	T178T;V179A	Silent;Missense	-1.557096656
3658	Ehmt1		No Mutation	-1.088019757
3659	Ehmt1	T165T;L166P	Silent;Missense	-0.75854269
3660	Ehmt1	C163R	Missense	0.2865860112494953
3661	Ehmt1	G158G;G159G	Silent;Silent	0.580403051
3662	Ehmt1	A153A;K154G	Silent;Missense	-0.115198791
3663	Ehmt1		No Mutation	-1.482579993
3664	Ehmt1	H151H;A152A	Silent;Silent	1.7012730028777137
3665	Ehmt1	G150G;H151H	Silent;Silent	1.84122370256636
3666	Ehmt1	L144L;T145A	Silent;Missense	-0.670020345
3667	Ehmt1	S147P	Missense	0.197667581624156
3668	Ehmt1	S146P;S147P	Missense;Missense	-0.629676916
3669	Ehmt1	I143T	Missense	-0.535504366
3670	Ehmt1	L138P	Missense	0.1083475512187579
3671	Ehmt1	L138P	Missense	-0.625457269
3672	Ehmt1	Q134R	Missense	-0.360526179
3673	Ehmt1		No Mutation	-0.655328804
3674	Ehmt1	N129S;K130G	Missense;Missense	0.1920199294089108
3675	Ehmt1	N129G;K130G	Missense;Missense	0.179864789
3676	Ehmt1	L128L;N129G;K130E	Silent;Missense;Missense	-1.283398588
3677	Ehmt1		No Mutation	1.0374618807537397
3678	Ehmt1	M116V;Q117R	Missense;Missense	0.7254348115150823
3679	Ehmt1	F115L	Missense	0.5940302339337052
3680	Ehmt1	E99G;R100G	Missense;Missense	0.8088322811046678
3681	Ehmt1	E99G;R100G	Missense;Missense	-0.456321084
3682	Ehmt1	S98S;E99G;R100G	Silent;Missense;Missense	0.116402334
3683	Ehmt1		No Mutation	-0.779595365
3684	Ehmt1		No Mutation	-1.665049997
3685	Ehmt1		No Mutation	0.6873487903946454
3686	Ehmt1	V92A	Missense	-0.678100754
3687	Ehmt1	N87G;R88G	Missense;Missense	1.7208592522033133
3688	Ehmt1	T86A;N87D	Missense;Missense	-0.747553782
3689	Ehmt1	T86A	Missense	-0.120204741
3690	Ehmt1		No Mutation	-0.766793676
3691	Ehmt1		No Mutation	-0.521091879
3692	Ehmt1	R79G	Missense	-0.356816879
3693	Ehmt1	T78A;R79G	Missense;Missense	-0.57416791
3694	Ehmt1		No Mutation	0.4797389046618213
3695	Ehmt1		No Mutation	-1.21906548
3696	Ehmt1	A70A	Silent	1.163210524363445
3697	Ehmt1		No Mutation	-0.102928721
3698	Ehmt1		No Mutation	-1.241614245
3699	Ehmt1		No Mutation	-1.485454803
3700	Ehmt1		No Mutation	-0.884585595
3701	Ehmt1		No Mutation	1.4268123040932332
3702	Ehmt1		No Mutation	0.6027385275285376
3703	Ehmt1	A51A;D52G	Silent;Missense	0.7478312433136276
3704	Ehmt1	A51A;D52G	Silent;Missense	0.8604395966328215
3705	Ehmt1		No Mutation	-1.325016913
3706	Ehmt1		No Mutation	0.526634554
3707	Ehmt1	T47A	Missense	-0.832350401
3708	Ehmt1	Q43Q;E44G	Silent;Missense	-0.559619636
3709	Ehmt1		No Mutation	-0.09920724
3710	Ehmt1	T40A	Missense	-0.502546898
3711	Ehmt1		No Mutation	0.091005171
3712	Ehmt1	M33V	Missense	0.8870749867368801
3713	Ehmt1	(NC)	Intron	1.0718083702218433
3714	Ehmt1	D30D	Silent	0.4173775866304021
3715	Ehmt1	(NC)	Intron	-0.624131401
3716	Ehmt1	(NC);(NC)	Intron;Intron	-1.229948866
3717	Ehmt1		No Mutation	-0.470657277
3718	Ehmt1	T24A;E25G	Missense;Missense	3.158565193184703
3719	Ehmt1	K23G;T24A	Missense;Missense	1.675701864036251
3720	Ehmt1	K23G	Missense	-0.254875443
3721	Ehmt1	M22T	Missense	0.4365019806472495
3722	Ehmt1		No Mutation	-1.221470714
3723	Ehmt1	K13G	Missense	-0.373099103
3724	Ehmt1		No Mutation	-1.336244908
3725	Ehmt1	V10V;L11P	Silent;Missense	0.5017266107682566
3726	Ehmt1	V10A;L11P	Missense;Missense	1.047564172803343
3727	Ehmt1		No Mutation	1.2095085969785662
3728	Ehmt1		No Mutation	-1.714057138
3729	Ehmt1	E7G	Missense	-0.392470341
3730	Ehmt1		No Mutation	-0.18612893
3731	Ehmt1	D5G	Missense	-1.668304651
3732	Ehmt1	(NC)	Splice-donor	-0.599378961
3733	Ehmt1	D5G	Missense	-0.124306851
3734	Ehmt1	(NC)	Splice-donor	-1.102308626
3735	Ehmt1		No Mutation	0.8807716887280603
3736	Ehmt1	D5D;A6A	Silent;Silent	-0.685272767
3737	Ehmt1		No Mutation	0.5422850416324585
3738	Ehmt1	A4A	Silent	0.8079333207057743
3739	Ehmt1	A4A	Silent	-1.774639133
3740	Ehmt1		No Mutation	0.7279122991454022
3741	Ehmt1		No Mutation	-1.070948689
3742	Ehmt1	(NC)	UTR	-1.67037266
3743	Ehmt2		No Mutation	-0.896836637
3744	Ehmt2		No Mutation	-0.464170592
3745	Ehmt2		No Mutation	-0.405514942
3746	Ehmt2		No Mutation	-1.15649712
3747	Ehmt2		No Mutation	-0.007153026
3748	Ehmt2		No Mutation	-0.242733395
3749	Ehmt2		No Mutation	-1.185191189
3750	Ehmt2		No Mutation	1.1390095417801194
3751	Ehmt2		No Mutation	-1.273061651
3752	Ehmt2	G3G;L4P	Silent;Missense	-0.257207008
3753	Ehmt2	G3G;L4P	Silent;Missense	-0.354954108
3754	Ehmt2	M1V	Missense	0.3590408990198089
3755	Ehmt2	L4P	Missense	-0.027663436
3756	Ehmt2		No Mutation	0.4602352033590038
3757	Ehmt2		No Mutation	-0.438837672
3758	Ehmt2		No Mutation	-0.650050305
3759	Ehmt2		No Mutation	0.3416507202987915
3760	Ehmt2		No Mutation	0.8812406659799239
3761	Ehmt2	R6R	Silent	0.4940646830291906
3762	Ehmt2	R6R;R8G	Silent;Missense	-0.112612987
3763	Ehmt2	L10P;M11T	Missense;Missense	0.6007614783148219
3764	Ehmt2		No Mutation	-1.466000234
3765	Ehmt2		No Mutation	-0.76925275
3766	Ehmt2		No Mutation	-1.017280826
3767	Ehmt2		No Mutation	-0.719273705
3768	Ehmt2	M11V	Missense	-1.90458757
3769	Ehmt2	M11V	Missense	-1.311796927
3770	Ehmt2	M11V	Missense	-1.391069822
3771	Ehmt2		No Mutation	-1.039170413
3772	Ehmt2		No Mutation	-0.236171616
3773	Ehmt2	R18R	Silent	-0.363654428
3774	Ehmt2	R18R	Silent	-0.409842003
3775	Ehmt2		No Mutation	-0.087404894
3776	Ehmt2		No Mutation	0.8796030123098603
3777	Ehmt2		No Mutation	-0.401167457
3778	Ehmt2		No Mutation	-0.214275797
3779	Ehmt2	T22A	Missense	0.6266755363667453
3780	Ehmt2		No Mutation	1.258052411835532
3781	Ehmt2		No Mutation	-0.19569103
3782	Ehmt2		No Mutation	-0.797953237
3783	Ehmt2		No Mutation	-1.242749891
3784	Ehmt2		No Mutation	-1.68689004
3785	Ehmt2		No Mutation	-1.618942116
3786	Ehmt2		No Mutation	-1.814670667
3787	Ehmt2		No Mutation	-0.547871428
3788	Ehmt2		No Mutation	-0.233108648
3789	Ehmt2		No Mutation	0.9922307048244872
3790	Ehmt2		No Mutation	-0.253506191
3791	Ehmt2		No Mutation	-0.444028038
3792	Ehmt2		No Mutation	-0.453413645
3793	Ehmt2		No Mutation	-0.688261234
3794	Ehmt2		No Mutation	-0.975180647
3795	Ehmt2	H33R	Missense	-0.954129411
3796	Ehmt2	G37G	Silent	-1.419297231
3797	Ehmt2	G37G	Silent	-1.290345908
3798	Ehmt2		No Mutation	-0.092855342
3799	Ehmt2	S44P;L45P	Missense;Missense	-0.6682679
3800	Ehmt2		No Mutation	0.3167976926899067
3801	Ehmt2	L45P	Missense	-1.371909905
3802	Ehmt2		No Mutation	-0.214402613
3803	Ehmt2	L45P	Missense	-0.459693421
3804	Ehmt2		No Mutation	-1.534637677
3805	Ehmt2		No Mutation	0.3146215559497197
3806	Ehmt2	R47G	Missense	-0.517427962
3807	Ehmt2	R47G	Missense	-0.843374186
3808	Ehmt2	S51P;W52R	Missense;Missense	-1.801493137
3809	Ehmt2	S51S;W52R	Silent;Missense	-0.587234784
3810	Ehmt2		No Mutation	-0.775874344
3811	Ehmt2		No Mutation	-1.553547548
3812	Ehmt2		No Mutation	-0.783860675
3813	Ehmt2		No Mutation	-1.128714497
3814	Ehmt2		No Mutation	-0.869291911
3815	Ehmt2		No Mutation	-0.557679516
3816	Ehmt2		No Mutation	-0.614153719
3817	Ehmt2	L60P	Missense	-0.056848297
3818	Ehmt2	L60P	Missense	-1.359842476
3819	Ehmt2	L60P	Missense	-1.245937283
3820	Ehmt2		No Mutation	0.1048687031418663
3821	Ehmt2		No Mutation	-2.06667039
3822	Ehmt2		No Mutation	-1.852437566
3823	Ehmt2	P66P;C67R	Silent;Missense	-0.009434689
3824	Ehmt2	C67C;L68P	Silent;Missense	0.024600147
3825	Ehmt2	L68P	Missense	0.7656650429820435
3826	Ehmt2	L68P	Missense	-0.773936192
3827	Ehmt2		No Mutation	-1.3988758
3828	Ehmt2	S70P	Missense	-1.513646135
3829	Ehmt2		No Mutation	-0.787534173
3830	Ehmt2	S70P	Missense	-0.834962522
3831	Ehmt2		No Mutation	-0.928463261
3832	Ehmt2		No Mutation	0.4139949048222419
3833	Ehmt2		No Mutation	-0.785082762
3834	Ehmt2		No Mutation	-0.449175295
3835	Ehmt2		No Mutation	-0.57780346
3836	Ehmt2		No Mutation	-0.167357938
3837	Ehmt2		No Mutation	-0.353802473
3838	Ehmt2	A76A	Silent	-0.751615736
3839	Ehmt2	E73G	Missense	-0.276692536
3840	Ehmt2	E73G	Missense	-0.92674591
3841	Ehmt2	E73G	Missense	0.5491137530855126
3842	Ehmt2		No Mutation	-1.049348792
3843	Ehmt2		No Mutation	0.3452034991098875
3844	Ehmt2		No Mutation	-1.490337667
3845	Ehmt2	L81P	Missense	-0.888626006
3846	Ehmt2	L81P	Missense	-0.859122364
3847	Ehmt2	M78V	Missense	1.1219977965018813
3848	Ehmt2		No Mutation	-1.504750141
3849	Ehmt2	E84G	Missense	-0.16276983
3850	Ehmt2	R88R	Silent	-2.715360966
3851	Ehmt2		No Mutation	0.1344316077080836
3852	Ehmt2		No Mutation	-0.637818921
3853	Ehmt2		No Mutation	-0.283884746
3854	Ehmt2	E92G;R93G	Missense;Missense	0.2665779908719559
3855	Ehmt2	(NC)	Intron	0.2149078262219386
3856	Ehmt2		No Mutation	0.6975601325542815
3857	Ehmt2	(NC)	Intron	-1.390317457
3858	Ehmt2	H95H	Silent	-0.031884649
3859	Ehmt2	H95H	Silent	0.035307181
3860	Ehmt2	(NC);(NC)	Intron;Splice-acceptor	0.1580497937968686
3861	Ehmt2	H95H;S97P	Silent;Missense	0.5111483747075167
3862	Ehmt2	(NC);(NC)	Intron;Splice-acceptor	1.1699024242156617
3863	Ehmt2	(NC)	Splice-acceptor	0.1185711813337995
3864	Ehmt2	(NC)	Splice-acceptor	0.1608609470534159
3865	Ehmt2	S97P;L98L	Missense;Silent	-0.432277886
3866	Ehmt2	S97P;L98P	Missense;Missense	0.2026837882868417
3867	Ehmt2	D100G;T101A	Missense;Missense	-1.184563295
3868	Ehmt2		No Mutation	-0.14151392
3869	Ehmt2		No Mutation	-1.588966864
3870	Ehmt2	L108P	Missense	-1.728508377
3871	Ehmt2	E105G	Missense	-0.306083759
3872	Ehmt2		No Mutation	0.8640672312370659
3873	Ehmt2		No Mutation	-0.83871064
3874	Ehmt2	N112D	Missense	-0.902401241
3875	Ehmt2	S115P	Missense	-0.763174617
3876	Ehmt2	S115P	Missense	1.4213780910286775
3877	Ehmt2	L116S	Missense	1.933526675705621
3878	Ehmt2	D114G	Missense	1.294693080343837
3879	Ehmt2	P118P	Silent	0.5042697891545171
3880	Ehmt2	P118P	Silent	-0.549225745
3881	Ehmt2	P118P	Silent	-2.375125241
3882	Ehmt2		No Mutation	-1.675156844
3883	Ehmt2		No Mutation	-0.655714429
3884	Ehmt2	S123P	Missense	-1.435929851
3885	Ehmt2		No Mutation	-0.463505712
3886	Ehmt2	S126P	Missense	0.65471691
3887	Ehmt2	S126P;V127A	Missense;Missense	0.2528636165331285
3888	Ehmt2	S126S;V127A	Silent;Missense	-0.782206355
3889	Ehmt2	V127A;T128T	Missense;Silent	-0.595518558
3890	Ehmt2		No Mutation	-0.587994908
3891	Ehmt2	V129A	Missense	-1.139482206
3892	Ehmt2	V131A	Missense	0.029720007
3893	Ehmt2	T130A	Missense	-0.149336411
3894	Ehmt2	T130A	Missense	0.267684031023198
3895	Ehmt2	T130A	Missense	-0.565390816
3896	Ehmt2	T130A	Missense	0.6035694055108201
3897	Ehmt2	A136A	Silent	-0.277571646
3898	Ehmt2		No Mutation	-0.453396546
3899	Ehmt2		No Mutation	-1.070046985
3900	Ehmt2		No Mutation	-0.818767134
3901	Ehmt2	S144P	Missense	-0.796074124
3902	Ehmt2	S144P	Missense	-1.247184511
3903	Ehmt2		No Mutation	-1.327229343
3904	Ehmt2	S144P;L145P	Missense;Missense	-0.77698321
3905	Ehmt2		No Mutation	0.1923184759564461
3906	Ehmt2		No Mutation	-1.416300328
3907	Ehmt2		No Mutation	0.8273617681114172
3908	Ehmt2	D148G	Missense	-0.157320855
3909	Ehmt2	E149G	Missense	0.2513292464954289
3910	Ehmt2	E149G	Missense	-0.456308564
3911	Ehmt2	E151G;S152G	Missense;Missense	0.4523753619872316
3912	Ehmt2	E151G;S152G	Missense;Missense	-0.529432118
3913	Ehmt2	S152G	Missense	0.0172728306691347
3914	Ehmt2	S152G	Missense	-0.631842818
3915	Ehmt2		No Mutation	-0.031238002
3916	Ehmt2	D156D	Silent	0.8675973121729542
3917	Ehmt2	G158G	Silent	-0.716936078
3918	Ehmt2		No Mutation	1.7871597899576537
3919	Ehmt2		No Mutation	1.5214463503437574
3920	Ehmt2		No Mutation	1.667005326
3921	Ehmt2		No Mutation	0.7168707535035925
3922	Ehmt2		No Mutation	0.26406242
3923	Ehmt2	(NC);(NC)	Intron;Intron	-0.45602154
3924	Ehmt2	(NC);(NC)	Intron;Intron	-0.477960323
3925	Ehmt2	(NC);(NC);(NC)	Intron;Intron;Intron	1.0787987845778009
3926	Ehmt2	(NC);(NC);(NC);(NC)	Intron;Intron;Intron;Intron	-0.015784678
3927	Ehmt2	(NC);(NC);(NC);(NC)	Intron;Intron;Intron;Intron	0.2309634268856605
3928	Ehmt2		No Mutation	-0.096240758
3929	Ehmt2	H164H	Silent	3.2418968812592976
3930	Ehmt2	F169P	Missense	-1.624134271
3931	Ehmt2	S171P	Missense	-0.659728354
3932	Ehmt2		No Mutation	-0.002693444
3933	Ehmt2		No Mutation	0.0364020002809544
3934	Ehmt2		No Mutation	0.8391797895396332
3935	Ehmt2		No Mutation	0.1111888880685429
3936	Ehmt2		No Mutation	-0.437046891
3937	Ehmt2		No Mutation	0.697943664
3938	Ehmt2		No Mutation	-0.763832384
3939	Ehmt2		No Mutation	-2.15309688
3940	Ehmt2	G177G	Silent	-1.119236455
3941	Ehmt2	G177G;C179R	Silent;Missense	-0.501021231
3942	Ehmt2	C179R	Missense	-2.195975515
3943	Ehmt2	C179R	Missense	-1.50101637
3944	Ehmt2		No Mutation	-0.851159167
3945	Ehmt2		No Mutation	-1.213036458
3946	Ehmt2	K184G	Missense	-1.431444152
3947	Ehmt2	K184G	Missense	-0.349407259
3948	Ehmt2	K184G;M185V	Missense;Missense	0.5738528268948657
3949	Ehmt2	M185V	Missense	1.2397949431669342
3950	Ehmt2		No Mutation	-0.275564243
3951	Ehmt2	A190A;G191G;K192E	Silent;Silent;Missense	-0.74570452
3952	Ehmt2		No Mutation	0.3759241756986806
3953	Ehmt2	S199S;L200P	Silent;Missense	1.0089788929433952
3954	Ehmt2	S199S;L200P	Silent;Missense	-1.441654762
3955	Ehmt2	S199S;L200P	Silent;Missense	0.3924893878342442
3956	Ehmt2	L200P	Missense	0.5938093827050193
3957	Ehmt2	Q198R	Missense	-2.819356289
3958	Ehmt2	L200S	Missense	-1.328364702
3959	Ehmt2		No Mutation	0.4628196055880954
3960	Ehmt2	R203G	Missense	-1.282551654
3961	Ehmt2		No Mutation	-0.504258954
3962	Ehmt2	M207T	Missense	1.3305621822765574
3963	Ehmt2		No Mutation	-1.247173914
3964	Ehmt2	S206G;M207V	Missense;Missense	-2.26758834
3965	Ehmt2	S206G;M207V	Missense;Missense	-0.206615856
3966	Ehmt2	A213A	Silent	-0.831636715
3967	Ehmt2	A213A	Silent	-0.918908756
3968	Ehmt2	Q211R	Missense	-1.662164581
3969	Ehmt2	Q211R;G212G	Missense;Silent	-0.519479569
3970	Ehmt2	T215T;A216A	Silent;Silent	1.1983400278167733
3971	Ehmt2	T215T;A216A	Silent;Silent	-0.612209652
3972	Ehmt2		No Mutation	0.4970077427811792
3973	Ehmt2		No Mutation	-0.211731627
3974	Ehmt2	T225T	Silent	-0.962236142
3975	Ehmt2	T225T	Silent	-1.176289086
3976	Ehmt2	A223A;T224A	Silent;Missense	1.8365289891256724
3977	Ehmt2	A223A;T224A;T225A	Silent;Missense;Missense	-0.160323728
3978	Ehmt2	T224A;T225A	Missense;Missense	-0.267623722
3979	Ehmt2		No Mutation	-0.869468995
3980	Ehmt2	T224T;T225A	Silent;Missense	0.1161801637829784
3981	Ehmt2		No Mutation	-1.192066616
3982	Ehmt2		No Mutation	-1.063089985
3983	Ehmt2		No Mutation	-1.1681917
3984	Ehmt2	K233G	Missense	-1.012572873
3985	Ehmt2		No Mutation	-0.202077079
3986	Ehmt2		No Mutation	-0.62361932
3987	Ehmt2	M241V	Missense	-0.888020646
3988	Ehmt2		No Mutation	1.694279401013118
3989	Ehmt2	K243G	Missense	0.7666440611517746
3990	Ehmt2		No Mutation	0.6691071775932971
3991	Ehmt2	(NC)	Splice-donor	-1.19146138
3992	Ehmt2	N246S;G247G	Missense;Silent	0.3993486693212777
3993	Ehmt2	(NC)	Intron	0.5851787249065789
3994	Ehmt2	(NC)	Intron	-1.410824068
3995	Ehmt2	(NC);(NC)	Intron;Intron	-0.146955721
3996	Ehmt2	(NC)	Intron	-0.272527072
3997	Ehmt2	P249P	Silent	0.6393351732303837
3998	Ehmt2	I251T	Missense	1.3928935247544612
3999	Ehmt2	P250P	Silent	0.8203484013429911
4000	Ehmt2		No Mutation	-0.910523382
4001	Ehmt2		No Mutation	-0.232912693
4002	Ehmt2	P257P	Silent	-1.173835364
4003	Ehmt2	P257P	Silent	-1.101811948
4004	Ehmt2	H261H;F262P	Silent;Missense	0.4421187320391431
4005	Ehmt2	H261H;F262P	Silent;Missense	-0.013577614
4006	Ehmt2	H261H;F262P	Silent;Missense	-0.081966352
4007	Ehmt2	F262P	Missense	1.464107173167842
4008	Ehmt2	S265S	Silent	1.4016787865128244
4009	Ehmt2	S265G	Missense	-0.525872565
4010	Ehmt2	M268T	Missense	0.2292061776679517
4011	Ehmt2	S265G;D266G	Missense;Missense	0.021037092016743
4012	Ehmt2	D266G	Missense	0.5908887380829515
4013	Ehmt2	D267G;M268V	Missense;Missense	-0.513821428
4014	Ehmt2		No Mutation	0.005019982
4015	Ehmt2	(NC)	Splice-acceptor	-0.322133563
4016	Ehmt2	(NC);D276G	Splice-acceptor;Missense	-0.102640919
4017	Ehmt2	R280G;R281G	Missense;Missense	-0.09407177
4018	Ehmt2	L283P	Missense	-0.898643567
4019	Ehmt2	N284D	Missense	0.3329183789743105
4020	Ehmt2		No Mutation	0.2284488211273761
4021	Ehmt2	S287G	Missense	-1.628496423
4022	Ehmt2		No Mutation	-0.822966805
4023	Ehmt2	(NC);(NC);(NC);(NC)	Intron;Intron;Intron;Intron	0.066983167
4024	Ehmt2	E290G;D291G	Missense;Missense	0.5375028123846295
4025	Ehmt2	E290G;D291G	Missense;Missense	-0.536455462
4026	Ehmt2	D291G	Missense	1.2679299304273457
4027	Ehmt2	D291G	Missense	0.4395113078863807
4028	Ehmt2	S294S	Silent	-0.192299437
4029	Ehmt2		No Mutation	-0.893026888
4030	Ehmt2	D300D;I301T	Silent;Missense	-0.107545969
4031	Ehmt2	S298S	Silent	-0.401487335
4032	Ehmt2	G299G;D300G;I301V	Silent;Missense;Missense	-0.173196691
4033	Ehmt2	D300G;I301V	Missense;Missense	-0.661125796
4034	Ehmt2	E304G	Missense	-0.399136749
4035	Ehmt2		No Mutation	-0.967456595
4036	Ehmt2	G306G	Silent	-1.247292223
4037	Ehmt2	G306G;E307G	Silent;Missense	-0.147505218
4038	Ehmt2	R309G	Missense	-0.832313601
4039	Ehmt2	R309G	Missense	0.081918718
4040	Ehmt2	W314R	Missense	0.1621379639094206
4041	Ehmt2	W314R	Missense	-0.876955989
4042	Ehmt2		No Mutation	-0.305098038
4043	Ehmt2	Y326C	Missense	0.1822015976985507
4044	Ehmt2	Y329H;S330P	Missense;Missense	1.2683987143651714
4045	Ehmt2	Y329C	Missense	1.700003449552138
4046	Ehmt2	Y329C	Missense	1.5183209491283471
4047	Ehmt2		No Mutation	-0.203759307
4048	Ehmt2		No Mutation	-0.400644683
4049	Ehmt2	D338G	Missense	0.2222750893139673
4050	Ehmt2	(NC);(NC);(NC);(NC)	Intron;Intron;Intron;Intron	0.1697759016325404
4051	Ehmt2	(NC);(NC);(NC);(NC);(NC)	Intron;Intron;Intron;Intron;Intron	2.201068304027362
4052	Ehmt2	(NC);S341P	Intron;Missense	-0.143845191
4053	Ehmt2	L346L	Silent	0.6107638235815707
4054	Ehmt2	E348G	Missense	0.5104695537194713
4055	Ehmt2	E348E;Q349R	Silent;Missense	0.8704696507409728
4056	Ehmt2	S351G	Missense	0.5305293199044558
4057	Ehmt2	S351G	Missense	0.0330496241309408
4058	Ehmt2	E353G	Missense	0.3815121947748725
4059	Ehmt2	E354G	Missense	2.007742549388203
4060	Ehmt2	E366G	Missense	2.007742549388203
4061	Ehmt2	E359G	Missense	2.0497609315739176
4062	Ehmt2	E360G	Missense	1.8576606607121064
4063	Ehmt2	E360E;E361G	Silent;Missense	1.2790979823445274
4064	Ehmt2	E361E;E362G	Silent;Missense	0.1190282918067824
4065	Ehmt2	E362E;E363G	Silent;Missense	-0.884200007
4066	Ehmt2	E365G	Missense	-1.182957458
4067	Ehmt2	E367G	Missense	-4.042440035
4068	Ehmt2	E368G	Missense	-1.042278896
4069	Ehmt2	E371G	Missense	1.7788026427726729
4070	Ehmt2	E373G	Missense	-1.311489744
4071	Ehmt2	E374E;E375G	Silent;Missense	-0.366234638
4072	Ehmt2	E375G;E376G	Missense;Missense	-0.337813926
4073	Ehmt2		No Mutation	-0.523525599
4074	Ehmt2	N382D	Missense	-0.488708199
4075	Ehmt2	R386G	Missense	-0.488325504
4076	Ehmt2	(NC);(NC)	Intron;Intron	-2.553771796
4077	Ehmt2		No Mutation	-0.656189883
4078	Ehmt2	(NC);(NC)	Intron;Splice-acceptor	0.199532218
4079	Ehmt2	G388G;S389P	Silent;Missense	0.8990539379313476
4080	Ehmt2	(NC);S387G	Splice-acceptor;Missense	-1.236789818
4081	Ehmt2	S390S	Silent	-0.662255581
4082	Ehmt2	S390G	Missense	-0.827396798
4083	Ehmt2	K394G	Missense	-0.077131859
4084	Ehmt2		No Mutation	-0.583386361
4085	Ehmt2	K394R	Missense	0.2941743445877458
4086	Ehmt2		No Mutation	-0.581655073
4087	Ehmt2		No Mutation	-0.783855294
4088	Ehmt2	K401E	Missense	-0.468437371
4089	Ehmt2	S409P	Missense	-0.907245597
4090	Ehmt2	S409P	Missense	-0.409394599
4091	Ehmt2	K407G	Missense	-0.230420426
4092	Ehmt2	K407R;P408P	Missense;Silent	0.176933700984997
4093	Ehmt2	K414G	Missense	-0.429754827
4094	Ehmt2	K414G	Missense	-0.751958218
4095	Ehmt2	R415R;E416G	Silent;Missense	-1.056865381
4096	Ehmt2	R419G	Missense	2.336979772530966
4097	Ehmt2		No Mutation	-0.531661754
4098	Ehmt2		No Mutation	-2.079712467
4099	Ehmt2	E422G	Missense	-0.270691695
4100	Ehmt2	(NC)	Splice-donor	-0.656805725
4101	Ehmt2	(NC)	Intron	0.2109815321736422
4102	Ehmt2	(NC)	Intron	-0.178065968
4103	Ehmt2		No Mutation	-0.125461062
4104	Ehmt2		No Mutation	-1.108911448
4105	Ehmt2	(NC)	Splice-acceptor	-1.170316252
4106	Ehmt2	(NC)	Splice-acceptor	-1.606590137
4107	Ehmt2	N427G	Missense	-1.127377753
4108	Ehmt2	N427S	Missense	-1.369544101
4109	Ehmt2	S432S	Silent	0.02249909
4110	Ehmt2	Y437H	Missense	-0.640841533
4111	Ehmt2	S435G	Missense	-0.383522597
4112	Ehmt2	V440A	Missense	-1.021412927
4113	Ehmt2	V440A	Missense	-0.8029312
4114	Ehmt2	Y437C;M438V	Missense;Missense	-0.840469795
4115	Ehmt2	Y437C;M438V	Missense;Missense	0.2750810662573709
4116	Ehmt2	Y437C;M438V	Missense;Missense	0.1939022648872621
4117	Ehmt2		No Mutation	-0.577588089
4118	Ehmt2	L447P	Missense	-1.016564083
4119	Ehmt2		No Mutation	-0.745350576
4120	Ehmt2	E446G	Missense	1.0489366896040135
4121	Ehmt2	E446G	Missense	0.7733692777361963
4122	Ehmt2		No Mutation	-1.042466819
4123	Ehmt2		No Mutation	2.3425572077429404
4124	Ehmt2	L453P;S454P	Missense;Missense	-0.48768085
4125	Ehmt2	L453P;S454P	Missense;Missense	-1.791055528
4126	Ehmt2		No Mutation	0.371104382
4127	Ehmt2	A458A	Silent	2.641973231091377
4128	Ehmt2	A458A	Silent	-1.80053764
4129	Ehmt2	(NC);(NC)	Splice-donor;Intron	0.2564067733867146
4130	Ehmt2	(NC);(NC);(NC)	Splice-donor;Intron;Intron	0.9296476662328425
4131	Ehmt2	(NC);(NC)	Intron;Intron	1.120725570394463
4132	Ehmt2	(NC);(NC)	Intron;Intron	0.1676312460377587
4133	Ehmt2	(NC);(NC)	Intron;Intron	-0.006641927
4134	Ehmt2	(NC);(NC);(NC)	Intron;Intron;Intron	1.836452399684397
4135	Ehmt2	(NC);(NC);(NC)	Intron;Intron;Intron	0.2358168354240577
4136	Ehmt2		No Mutation	-0.535529827
4137	Ehmt2		No Mutation	-0.280051961
4138	Ehmt2	S461P	Missense	2.341058038813913
4139	Ehmt2	N462G	Missense	0.2325463180214426
4140	Ehmt2	L467P	Missense	-0.249303601
4141	Ehmt2	S466S	Silent	1.1906323458035688
4142	Ehmt2	S466S	Silent	0.4151102961654749
4143	Ehmt2	T469A	Missense	-0.99998774
4144	Ehmt2		No Mutation	0.004266645
4145	Ehmt2	S480G	Missense	0.1626415322249121
4146	Ehmt2	M483T	Missense	0.5289555359117384
4147	Ehmt2	M483T	Missense	0.6926547412352468
4148	Ehmt2	M483T	Missense	0.4350468743168703
4149	Ehmt2		No Mutation	0.3486468880483548
4150	Ehmt2	I491T	Missense	0.7550184201474768
4151	Ehmt2	I491T	Missense	0.1758006929769495
4152	Ehmt2	I491V	Missense	0.834649684
4153	Ehmt2	I491V	Missense	0.3968276326927463
4154	Ehmt2		No Mutation	-0.670764889
4155	Ehmt2	R494R;A495A	Silent;Silent	-0.94838695
4156	Ehmt2	M500V	Missense	0.311705367
4157	Ehmt2	T502A	Missense	-0.603264703
4158	Ehmt2	T502T;E503G;S504G	Silent;Missense;Missense	-0.068219096
4159	Ehmt2	D506D	Silent	0.1656062666709314
4160	Ehmt2	S504G	Missense	0.5751961937606058
4161	Ehmt2	S504G	Missense	-0.202160814
4162	Ehmt2	D506G	Missense	0.5654191851761908
4163	Ehmt2	D506G	Missense	0.0278584919891118
4164	Ehmt2	G507G;E508G	Silent;Missense	-0.646006401
4165	Ehmt2		No Mutation	-1.183648475
4166	Ehmt2		No Mutation	-0.604340542
4167	Ehmt2	(NC)	Intron	0.1179655712351532
4168	Ehmt2	(NC);(NC)	Intron;Intron	-0.457597316
4169	Ehmt2	(NC)	Intron	0.9699020216623316
4170	Ehmt2	(NC)	Intron	-0.378771936
4171	Ehmt2		No Mutation	-0.046557402
4172	Ehmt2	(NC)	Intron	1.4592988269083509
4173	Ehmt2	L509P	Missense	1.397815522627878
4174	Ehmt2	L510P	Missense	2.041032713062226
4175	Ehmt2	C512R	Missense	0.8729409283544212
4176	Ehmt2	N513N	Silent	0.4023751679265852
4177	Ehmt2	A514A	Silent	-0.197782316
4178	Ehmt2	N513S	Missense	-0.451693115
4179	Ehmt2		No Mutation	2.04949453687788
4180	Ehmt2	K518G	Missense	1.329445172517378
4181	Ehmt2		No Mutation	0.8607109083370237
4182	Ehmt2	M522T	Missense	-0.653827015
4183	Ehmt2		No Mutation	-1.065242377
4184	Ehmt2		No Mutation	-0.550073409
4185	Ehmt2	S526G	Missense	-0.565143239
4186	Ehmt2	L530P	Missense	0.1471730168165111
4187	Ehmt2	V532A	Missense	-0.335721894
4188	Ehmt2	M531V	Missense	-0.029899742
4189	Ehmt2		No Mutation	-0.34008864
4190	Ehmt2	M541T;V542A	Missense;Missense	0.6085835309402736
4191	Ehmt2	V542A	Missense	-0.003062623
4192	Ehmt2	H545H	Silent	-0.504699823
4193	Ehmt2	H545H;C546R	Silent;Missense	-0.56102095
4194	Ehmt2	K543G	Missense	0.8504594953264425
4195	Ehmt2	K543G;H544R	Missense;Missense	0.7721355046950695
4196	Ehmt2	H545R	Missense	-1.370175991
4197	Ehmt2	C550R	Missense	0.6160354789875225
4198	Ehmt2	F553P;C554R	Missense;Missense	-2.015961855
4199	Ehmt2		No Mutation	-0.595170511
4200	Ehmt2	T555T	Silent	-0.30014907
4201	Ehmt2	T555T	Silent	-1.199090285
4202	Ehmt2		No Mutation	-0.55719773
4203	Ehmt2	(NC)	Intron	-0.285846849
4204	Ehmt2	(NC)	Intron	1.0702838190246124
4205	Ehmt2	(NC)	Intron	-0.600078243
4206	Ehmt2		No Mutation	0.077287454
4207	Ehmt2		No Mutation	0.7669924360153759
4208	Ehmt2		No Mutation	-1.386156439
4209	Ehmt2		No Mutation	-0.127455983
4210	Ehmt2	F559P	Missense	0.5426782149798888
4211	Ehmt2	F559P	Missense	0.6710518784977739
4212	Ehmt2	L560P	Missense	-0.778710447
4213	Ehmt2	L560P	Missense	-1.469611021
4214	Ehmt2	C562R	Missense	0.1633119644863028
4215	Ehmt2		No Mutation	-1.926582569
4216	Ehmt2	F566L	Missense	-1.344780782
4217	Ehmt2	R567R;V568A	Silent;Missense	0.653175756
4218	Ehmt2	A569A	Silent	0.1217850302174207
4219	Ehmt2	A569A	Silent	0.7520335700600222
4220	Ehmt2	A569A	Silent	-1.351895311
4221	Ehmt2	V568V	Silent	-0.724985585
4222	Ehmt2	C576R	Missense	0.5093873920547378
4223	Ehmt2	S578P	Missense	-1.040878829
4224	Ehmt2		No Mutation	-0.625156046
4225	Ehmt2	V577V	Silent	0.8669859064303257
4226	Ehmt2	L580P;N581N	Missense;Silent	-0.193220054
4227	Ehmt2	V577V	Silent	-0.498702831
4228	Ehmt2	M583T;V584A	Missense;Missense	0.8435162312257791
4229	Ehmt2	V584A;F585L	Missense;Missense	-0.495366935
4230	Ehmt2		No Mutation	-0.795057268
4231	Ehmt2		No Mutation	0.4638108356758561
4232	Ehmt2	D592D	Silent	-0.045628262
4233	Ehmt2	D592D	Silent	-0.273252438
4234	Ehmt2	G590G	Silent	-0.37984033
4235	Ehmt2	D592D;S594P	Silent;Missense	-1.104253872
4236	Ehmt2	D592G	Missense	0.5951273236146339
4237	Ehmt2		No Mutation	-1.237841926
4238	Ehmt2	V599A	Missense	-1.703673704
4239	Ehmt2	Q597R;E598G	Missense;Missense	-0.468695677
4240	Ehmt2	E598G	Missense	1.5450103434066638
4241	Ehmt2	E598G	Missense	-0.363307537
4242	Ehmt2	I601T;P602P	Missense;Silent	-0.296453509
4243	Ehmt2	I601I;P602P	Silent;Silent	0.7586893780917758
4244	Ehmt2	T600A;I601V	Missense;Missense	-0.649355487
4245	Ehmt2	I601V	Missense	0.3919101930242138
4246	Ehmt2	I601V	Missense	-0.325793144
4247	Ehmt2	I601V	Missense	-0.658921911
4248	Ehmt2	D605D	Silent	0.06562045
4249	Ehmt2		No Mutation	0.5701414363112395
4250	Ehmt2		No Mutation	-1.173901377
4251	Ehmt2		No Mutation	-0.66411226
4252	Ehmt2	A615A	Silent	0.6865002488462628
4253	Ehmt2	A615A	Silent	0.187790539553769
4254	Ehmt2	A615A	Silent	0.8178777158631376
4255	Ehmt2	L618P	Missense	-0.082595699
4256	Ehmt2		No Mutation	1.0302418802513034
4257	Ehmt2	L621P	Missense	-1.022395665
4258	Ehmt2		No Mutation	0.8907918641051127
4259	Ehmt2	D624D	Silent	-0.863590586
4260	Ehmt2	A622A	Silent	0.6186722216947557
4261	Ehmt2		No Mutation	0.048731262
4262	Ehmt2		No Mutation	-0.578640354
4263	Ehmt2		No Mutation	0.3678536754406442
4264	Ehmt2	D624G	Missense	-1.051489039
4265	Ehmt2	D630D	Silent	-0.363793213
4266	Ehmt2	D630D;S632P	Silent;Missense	-0.693762538
4267	Ehmt2	S632P	Missense	-1.352332069
4268	Ehmt2	D630G	Missense	-1.1230045
4269	Ehmt2		No Mutation	-0.572245375
4270	Ehmt2	(NC);(NC)	Intron;Intron	0.2601457618901068
4271	Ehmt2	(NC)	Intron	-0.906592874
4272	Ehmt2	(NC)	Intron	-0.241785439
4273	Ehmt2	(NC)	Intron	-0.226459501
4274	Ehmt2		No Mutation	1.3396748479406173
4275	Ehmt2	(NC);(NC)	Intron;Splice-acceptor	0.7473962871523802
4276	Ehmt2	(NC);(NC)	Intron;Splice-acceptor	1.2520150772927812
4277	Ehmt2		No Mutation	-2.019819573
4278	Ehmt2		No Mutation	-0.358966385
4279	Ehmt2	H641H	Silent	0.3232822470779825
4280	Ehmt2	H641H	Silent	0.3782046636590572
4281	Ehmt2	R639R	Silent	-1.221430151
4282	Ehmt2	C649R	Missense	-0.963841742
4283	Ehmt2		No Mutation	-0.191262585
4284	Ehmt2	L652P	Missense	-0.076888085
4285	Ehmt2	L652P	Missense	1.0205727244977827
4286	Ehmt2	A653A	Silent	0.4011145830851013
4287	Ehmt2	A653A	Silent	-0.687723349
4288	Ehmt2	I656T	Missense	0.1982048162406284
4289	Ehmt2	I656T	Missense	-2.280557355
4290	Ehmt2		No Mutation	-0.534637707
4291	Ehmt2	D654G;T655A	Missense;Missense	-0.025806684
4292	Ehmt2	D654G;T655A	Missense;Missense	-0.292392051
4293	Ehmt2	P661P	Silent	-1.616455762
4294	Ehmt2	S662S	Silent	2.634784499570378
4295	Ehmt2	S662S	Silent	-1.094034234
4296	Ehmt2	S662S;T664A	Silent;Missense	-0.62756787
4297	Ehmt2	T664A	Missense	0.6401961808453089
4298	Ehmt2	P666P	Silent	0.190941944071759
4299	Ehmt2	L671P;S672P	Missense;Missense	-1.962711246
4300	Ehmt2		No Mutation	-0.143415475
4301	Ehmt2		No Mutation	-1.474887285
4302	Ehmt2	G675G;L676P	Silent;Missense	-0.352253689
4303	Ehmt2		No Mutation	0.3806918903741724
4304	Ehmt2		No Mutation	-1.625478001
4305	Ehmt2		No Mutation	0.001750538
4306	Ehmt2		No Mutation	0.028605994341411
4307	Ehmt2		No Mutation	-0.461199148
4308	Ehmt2		No Mutation	-1.230617385
4309	Ehmt2		No Mutation	-1.347754747
4310	Ehmt2		No Mutation	-0.7621006
4311	Ehmt2		No Mutation	-2.002040882
4312	Ehmt2		No Mutation	0.3065917735591543
4313	Ehmt2		No Mutation	-0.305815035
4314	Ehmt2		No Mutation	-0.997743618
4315	Ehmt2	E683E	Silent	-0.524927114
4316	Ehmt2	E686E;K687G	Silent;Missense	1.2004623446834637
4317	Ehmt2	I691V	Missense	0.3490417602436131
4318	Ehmt2	S694P	Missense	0.3956183987260592
4319	Ehmt2	(NC)	Splice-donor	-0.622871322
4320	Ehmt2	(NC)	Intron	-0.26060546
4321	Ehmt2		No Mutation	-0.079034648
4322	Ehmt2	(NC)	Intron	0.3458453827274022
4323	Ehmt2		No Mutation	0.4735539262554029
4324	Ehmt2		No Mutation	0.2011096567244228
4325	Ehmt2		No Mutation	1.0426791218663711
4326	Ehmt2		No Mutation	-0.113116386
4327	Ehmt2		No Mutation	-2.309531995
4328	Ehmt2		No Mutation	0.4348997437186271
4329	Ehmt2		No Mutation	-0.05292823
4330	Ehmt2	L700P	Missense	-0.743764682
4331	Ehmt2	K699R	Missense	-0.425751276
4332	Ehmt2	P704P	Silent	0.2388409186611035
4333	Ehmt2	Y708H	Missense	-0.397709405
4334	Ehmt2	L709P;S710P	Missense;Missense	0.6976589122631149
4335	Ehmt2	L709P;S710P	Missense;Missense	1.3114118793049818
4336	Ehmt2	Y708C	Missense	-0.895955019
4337	Ehmt2	Y708C	Missense	-0.508781488
4338	Ehmt2	Y708C	Missense	-0.794382073
4339	Ehmt2		No Mutation	-1.147932875
4340	Ehmt2		No Mutation	-0.260132488
4341	Ehmt2	Q713R	Missense	-0.533125089
4342	Ehmt2	(NC);(NC)	Intron;Intron	0.2445925128935677
4343	Ehmt2		No Mutation	0.2535704861447289
4344	Ehmt2		No Mutation	-0.737326905
4345	Ehmt2	(NC)	Intron	-0.19470365
4346	Ehmt2		No Mutation	-0.224288555
4347	Ehmt2	L727P	Missense	-0.448476357
4348	Ehmt2		No Mutation	-1.521070706
4349	Ehmt2		No Mutation	-0.474475441
4350	Ehmt2		No Mutation	-1.177329913
4351	Ehmt2		No Mutation	-0.549248122
4352	Ehmt2		No Mutation	-0.819759134
4353	Ehmt2		No Mutation	-1.101000416
4354	Ehmt2	T740A	Missense	-1.122995078
4355	Ehmt2	H743R	Missense	-0.426710722
4356	Ehmt2	H743R	Missense	0.1911821689148586
4357	Ehmt2		No Mutation	-1.917696911
4358	Ehmt2	H743R	Missense	-0.964845945
4359	Ehmt2		No Mutation	0.9229034593731356
4360	Ehmt2		No Mutation	-1.001516677
4361	Ehmt2		No Mutation	0.2469664860689282
4362	Ehmt2	V751A	Missense	-1.194900856
4363	Ehmt2	V751A	Missense	0.2708750981795612
4364	Ehmt2		No Mutation	0.8357675731414502
4365	Ehmt2		No Mutation	0.358782493
4366	Ehmt2	(NC)	Intron	-0.40298107
4367	Ehmt2	(NC);(NC)	Intron;Intron	-0.553814427
4368	Ehmt2	(NC);(NC)	Intron;Intron	-0.041022958
4369	Ehmt2		No Mutation	-0.446581192
4370	Ehmt2		No Mutation	0.2914636601821505
4371	Ehmt2	V767A;D768D	Missense;Silent	0.2763530107545669
4372	Ehmt2		No Mutation	0.4491690786586633
4373	Ehmt2	Q770Q;Q771R	Silent;Missense	-1.060637734
4374	Ehmt2	Q771Q;T773A	Silent;Missense	0.4298377885281703
4375	Ehmt2	P774P	Silent	-1.075824146
4376	Ehmt2	V779A;V780A	Missense;Missense	-0.310550496
4377	Ehmt2		No Mutation	-1.073978263
4378	Ehmt2	N781D	Missense	-1.636746674
4379	Ehmt2	L784P	Missense	-0.126644865
4380	Ehmt2	N781G;N782D	Missense;Missense	-0.200779222
4381	Ehmt2	E785G	Missense	0.006512051
4382	Ehmt2	Y789H	Missense	-1.140455503
4383	Ehmt2	Y789H	Missense	0.1008583657518878
4384	Ehmt2	Y789C	Missense	-0.837186706
4385	Ehmt2	Y789C;M790V	Missense;Missense	-0.117978012
4386	Ehmt2		No Mutation	-0.000888344
4387	Ehmt2		No Mutation	0.2504343050482711
4388	Ehmt2		No Mutation	1.606081124751064
4389	Ehmt2	Y798C;S799G	Missense;Missense	-0.461528372
4390	Ehmt2	K800G	Missense	-0.379741327
4391	Ehmt2	(NC)	Intron	-0.44024233
4392	Ehmt2	(NC)	Intron	0.4474550854261079
4393	Ehmt2		No Mutation	-1.073212145
4394	Ehmt2		No Mutation	-0.973451052
4395	Ehmt2		No Mutation	1.2986872039159103
4396	Ehmt2	D803D;S805P	Silent;Missense	0.4605155121652495
4397	Ehmt2	S805P	Missense	-1.195919059
4398	Ehmt2	H810H	Silent	-0.195502462
4399	Ehmt2		No Mutation	-0.168017035
4400	Ehmt2	H809R;H810R	Missense;Missense	2.6139304564440597
4401	Ehmt2	H809R;H810R	Missense;Missense	2.101952756868174
4402	Ehmt2	A811A;K813E	Silent;Missense	-0.38468564
4403	Ehmt2	K813K;I814V	Silent;Missense	0.931571156263206
4404	Ehmt2	L817S	Missense	1.2595532542707495
4405	Ehmt2	S821G	Missense	1.1286101164091875
4406	Ehmt2	L823L	Silent	-0.121432737
4407	Ehmt2	L823L;S825G	Silent;Missense	0.137619573
4408	Ehmt2		No Mutation	1.0693761159104116
4409	Ehmt2		No Mutation	0.341689982
4410	Ehmt2		No Mutation	0.6543967504064734
4411	Ehmt2	(NC);(NC)	Intron;Intron	-1.448629102
4412	Ehmt2	(NC)	Intron	-0.537590611
4413	Ehmt2		No Mutation	-1.149151889
4414	Ehmt2	(NC);(NC)	Intron;Intron	0.2762822955798181
4415	Ehmt2	(NC)	Intron	-0.581551755
4416	Ehmt2		No Mutation	0.1043848410311025
4417	Ehmt2		No Mutation	-2.365647084
4418	Ehmt2		No Mutation	0.4978756889999323
4419	Ehmt2		No Mutation	2.623551753582441
4420	Ehmt2		No Mutation	-0.757950897
4421	Ehmt2		No Mutation	1.0180048376168314
4422	Ehmt2	(NC)	Splice-acceptor	1.099329975236071
4423	Ehmt2	S836S	Silent	-0.959001429
4424	Ehmt2	W839R	Missense	1.013146455499779
4425	Ehmt2	W839R	Missense	-1.840700154
4426	Ehmt2		No Mutation	-1.102067932
4427	Ehmt2	T840A	Missense	-1.220992509
4428	Ehmt2		No Mutation	-0.354644956
4429	Ehmt2		No Mutation	-0.671490482
4430	Ehmt2	I851T;D852D	Missense;Silent	-0.258993258
4431	Ehmt2		No Mutation	-0.309531521
4432	Ehmt2	M856V	Missense	-0.657149667
4433	Ehmt2	M856V	Missense	0.969422952
4434	Ehmt2	V864A	Missense	-1.511554127
4435	Ehmt2		No Mutation	-0.22537264
4436	Ehmt2	T867T	Silent	-0.253591558
4437	Ehmt2		No Mutation	-0.18962037
4438	Ehmt2	T867A	Missense	-0.668327267
4439	Ehmt2	(NC)	Splice-donor	0.3032302259121151
4440	Ehmt2		No Mutation	0.024146272420588
4441	Ehmt2	N869G	Missense	0.1351000180339691
4442	Ehmt2	N869S	Missense	-0.264888655
4443	Ehmt2	(NC)	Intron	0.697116809
4444	Ehmt2	(NC)	Intron	-0.776665873
4445	Ehmt2		No Mutation	-0.174703661
4446	Ehmt2		No Mutation	1.0754196370766085
4447	Ehmt2	E871G;N872G	Missense;Missense	0.6608322590027687
4448	Ehmt2	E871E;N872G;I873V	Silent;Missense;Missense	0.9511292790423364
4449	Ehmt2	H876R	Missense	0.6982432261490182
4450	Ehmt2	H876R	Missense	-1.29893874
4451	Ehmt2	F880P	Missense	-0.050974457
4452	Ehmt2	S883S	Silent	-1.443657615
4453	Ehmt2		No Mutation	0.1686410087055183
4454	Ehmt2	S883G	Missense	0.7037734946804527
4455	Ehmt2	V889A;L890P	Missense;Missense	0.6242206285090502
4456	Ehmt2	L890P;L891P	Missense;Missense	0.3065517505911059
4457	Ehmt2	C895R	Missense	-0.026339732
4458	Ehmt2	H898H;A899A	Silent;Silent	-0.465722373
4459	Ehmt2	H898H;A899A	Silent;Silent	0.8694552644618061
4460	Ehmt2	H898R	Missense	0.8451782681397514
4461	Ehmt2	H898R	Missense	2.864111087848712
4462	Ehmt2		No Mutation	0.2924444520023455
4463	Ehmt2	H903H	Silent	0.8369791383823069
4464	Ehmt2	L908P	Missense	1.8197564316782149
4465	Ehmt2		No Mutation	-0.202191577
4466	Ehmt2		No Mutation	0.3703817359413732
4467	Ehmt2		No Mutation	1.729790943332331
4468	Ehmt2		No Mutation	-0.469544403
4469	Ehmt2	H917H	Silent	-0.221831349
4470	Ehmt2	H917H	Silent	-0.681473767
4471	Ehmt2	(NC)	Splice-donor	0.9875201918386104
4472	Ehmt2		No Mutation	0.2737263717464864
4473	Ehmt2	(NC);(NC)	Intron;Intron	-0.448896171
4474	Ehmt2	L922L	Silent	-0.895919793
4475	Ehmt2	L924P;S925P	Missense;Missense	-0.061034757
4476	Ehmt2	(NC)	Splice-acceptor	-0.298300722
4477	Ehmt2		No Mutation	2.3905766584543064
4478	Ehmt2	G927G	Silent	-0.853632857
4479	Ehmt2		No Mutation	0.9268573213062028
4480	Ehmt2	E931G	Missense	0.4914928009861632
4481	Ehmt2		No Mutation	0.2957356514671078
4482	Ehmt2		No Mutation	3.244176926342631
4483	Ehmt2	N934G;K935E	Missense;Missense	1.6534620458733058
4484	Ehmt2	K935R;E936G	Missense;Missense	0.083032479
4485	Ehmt2	K935K;E936G	Silent;Missense	0.3211591820752082
4486	Ehmt2	P945P;E946G	Silent;Missense	-0.678465037
4487	Ehmt2	D949D;V950A	Silent;Missense	0.084518971
4488	Ehmt2	D949D;V950A;W951R	Silent;Missense;Missense	1.7054080330110013
4489	Ehmt2	V950A;W951R	Missense;Missense	0.1952028196863977
4490	Ehmt2	Q955R	Missense	0.2261953063272914
4491	Ehmt2	N957G	Missense	0.6481561845333156
4492	Ehmt2	N957S;R958R	Missense;Silent	0.8581752318367908
4493	Ehmt2	R958R;K959E	Silent;Missense	-0.649418664
4494	Ehmt2	K959G	Missense	0.2382188788635574
4495	Ehmt2	K959R	Missense	-1.657266394
4496	Ehmt2		No Mutation	-1.223221771
4497	Ehmt2		No Mutation	0.5745968502952332
4498	Ehmt2		No Mutation	-0.614676336
4499	Ehmt2	E972G	Missense	0.03273534
4500	Ehmt2	I975T;C976R	Missense;Missense	-0.349606306
4501	Ehmt2		No Mutation	1.4082180273205658
4502	Ehmt2		No Mutation	-1.79581748
4503	Ehmt2	(NC)	Intron	-0.957291155
4504	Ehmt2	(NC)	Intron	0.7725694899014741
4505	Ehmt2	(NC);(NC)	Intron;Intron	1.7623815090678667
4506	Ehmt2	V979A	Missense	-0.369408711
4507	Ehmt2	(NC)	Splice-acceptor	-1.339823815
4508	Ehmt2	V979A	Missense	-0.09548197
4509	Ehmt2	V979A	Missense	1.072256787739108
4510	Ehmt2	N985N;V986A	Silent;Missense	-1.329057754
4511	Ehmt2	N985N;V986A	Silent;Missense	-1.26225184
4512	Ehmt2	I988V	Missense	0.8122056706268284
4513	Ehmt2		No Mutation	0.0127269220241561
4514	Ehmt2	N992N	Silent	-0.344949194
4515	Ehmt2	N992N;G993G	Silent;Silent	-0.815265707
4516	Ehmt2		No Mutation	2.381858762219907
4517	Ehmt2		No Mutation	-0.052078326
4518	Ehmt2	N992D	Missense	1.1075843230951443
4519	Ehmt2	G993G;V994A	Silent;Missense	0.985113202
4520	Ehmt2	V994A	Missense	0.4783443114779931
4521	Ehmt2	V994A;D995D	Missense;Silent	-0.975378594
4522	Ehmt2	D995G	Missense	-0.725264629
4523	Ehmt2		No Mutation	-1.805560927
4524	Ehmt2	Y1003H	Missense	-0.706430548
4525	Ehmt2	Y1005H	Missense	-1.720220265
4526	Ehmt2	Y1005H;I1006T	Missense;Missense	0.060284124
4527	Ehmt2		No Mutation	0.064665496
4528	Ehmt2	N1020G;I1021V	Missense;Missense	1.2022891493975136
4529	Ehmt2	H1023H;L1024P	Silent;Missense	-0.363022231
4530	Ehmt2	T1022A	Missense	0.24918025444288
4531	Ehmt2		No Mutation	0.4465811382005918
4532	Ehmt2		No Mutation	-0.682252549
4533	Ehmt2		No Mutation	2.7847070243743426
4534	Ehmt2	(NC);(NC)	Intron;Splice-acceptor	-1.288555813
4535	Ehmt2	C1029R	Missense	-1.671963467
4536	Ehmt2	C1029R;V1030A	Missense;Missense	0.7749004248066989
4537	Ehmt2	S1035G	Missense	0.1685122952905188
4538	Ehmt2	L1039P;C1040R	Missense;Missense	1.3918811552527592
4539	Ehmt2	G1041G	Silent	-0.914155959
4540	Ehmt2	S1044S	Silent	-1.562296399
4541	Ehmt2	Q1042R	Missense	0.091751055
4542	Ehmt2	R1046R	Silent	1.212759668179992
4543	Ehmt2		No Mutation	-0.145180478
4544	Ehmt2	(NC)	Intron	-1.153280278
4545	Ehmt2	(NC)	Intron	0.0178709683831916
4546	Ehmt2		No Mutation	0.6293363220458658
4547	Ehmt2		No Mutation	0.1742856722821386
4548	Ehmt2		No Mutation	-1.113448759
4549	Ehmt2		No Mutation	-0.671103823
4550	Ehmt2		No Mutation	-2.675128757
4551	Ehmt2		No Mutation	-0.826492835
4552	Ehmt2	(NC)	Intron	-1.126703683
4553	Ehmt2		No Mutation	-0.822588804
4554	Ehmt2		No Mutation	-0.526386893
4555	Ehmt2		No Mutation	-1.540849209
4556	Ehmt2	D1052G	Missense	-0.815494192
4557	Ehmt2	L1055P;L1056P	Missense;Missense	-0.792604073
4558	Ehmt2	L1055P;L1056P	Missense;Missense	-0.321566796
4559	Ehmt2	L1056P	Missense	-0.448695403
4560	Ehmt2	I1062T	Missense	0.7355081181944566
4561	Ehmt2	C1070R	Missense	0.3583129034496055
4562	Ehmt2	C1070R	Missense	0.565238882
4563	Ehmt2	I1067V	Missense	0.214512353
4564	Ehmt2	C1070R	Missense	1.2120624415551626
4565	Ehmt2	C1070R	Missense	-0.180446202
4566	Ehmt2	C1070C	Silent	0.5457666777023863
4567	Ehmt2	C1070C	Silent	-0.988019029
4568	Ehmt2	N1071S;Q1072R	Missense;Missense	-0.430815519
4569	Ehmt2	W1077R	Missense	-0.393290214
4570	Ehmt2		No Mutation	-1.397861558
4571	Ehmt2	R1078R;S1079G	Silent;Missense	0.9442599947284406
4572	Ehmt2	N1082G	Missense	-0.486014795
4573	Ehmt2		No Mutation	-0.800848848
4574	Ehmt2	Q1086R;S1087G	Missense;Missense	-0.59273736
4575	Ehmt2	K1090G	Missense	0.1014927900438645
4576	Ehmt2	(NC)	Intron	-1.092106785
4577	Ehmt2		No Mutation	-0.651612856
4578	Ehmt2		No Mutation	0.061030952
4579	Ehmt2	V1091A	Missense	-0.048578051
4580	Ehmt2	V1091A	Missense	-0.148463223
4581	Ehmt2	L1093P	Missense	2.4482639364955903
4582	Ehmt2	L1093P	Missense	-0.419661616
4583	Ehmt2	V1091V	Silent	-0.463140389
4584	Ehmt2	Y1096C	Missense	-1.442404378
4585	Ehmt2	Y1096C	Missense	1.1524443834652491
4586	Ehmt2	T1098A	Missense	-0.903733272
4587	Ehmt2	T1098A	Missense	-1.295059139
4588	Ehmt2	T1098A	Missense	0.6869008473837375
4589	Ehmt2		No Mutation	-0.493021854
4590	Ehmt2	K1100E	Missense	1.5167596194832793
4591	Ehmt2	W1103R	Missense	0.005740573
4592	Ehmt2	V1105A	Missense	0.600702955
4593	Ehmt2		No Mutation	-0.873058536
4594	Ehmt2	I1111T	Missense	-0.468417418
4595	Ehmt2	Q1109R	Missense	0.573548092
4596	Ehmt2		No Mutation	-0.759257037
4597	Ehmt2	F1116P	Missense	-0.916030024
4598	Ehmt2	I1117T;C1118R	Missense;Missense	-0.427082777
4599	Ehmt2	I1117T;C1118R	Missense;Missense	0.6816679117278361
4600	Ehmt2	I1117T;C1118R	Missense;Missense	0.1066140685868418
4601	Ehmt2	C1118R	Missense	-0.320058911
4602	Ehmt2	E1119G	Missense	0.7829146292975174
4603	Ehmt2	(NC)	Intron	0.991968932
4604	Ehmt2	(NC);(NC)	Intron;Intron	0.5261017997929628
4605	Ehmt2		No Mutation	-0.569416292
4606	Ehmt2		No Mutation	0.1751942028395688
4607	Ehmt2	I1125V	Missense	-0.119908879
4608	Ehmt2	E1129G	Missense	-1.211566657
4609	Ehmt2		No Mutation	-0.284852021
4610	Ehmt2		No Mutation	0.5814535055910626
4611	Ehmt2	D1141G	Missense	0.7283464861095915
4612	Ehmt2	D1143D	Silent	1.9823958273034663
4613	Ehmt2	D1141G	Missense	-0.699197464
4614	Ehmt2	(NC)	Intron	0.1370887279989563
4615	Ehmt2		No Mutation	0.3810484568971759
4616	Ehmt2		No Mutation	-0.720364441
4617	Ehmt2	V1149A;Y1150H	Missense;Missense	0.5136076252793205
4618	Ehmt2	V1149A;Y1150H	Missense;Missense	-0.375586811
4619	Ehmt2	V1149A;Y1150H	Missense;Missense	0.6491851961235212
4620	Ehmt2	V1149V;Y1150H;C1151R	Silent;Missense;Missense	-0.317188187
4621	Ehmt2	I1152V;D1153G	Missense;Missense	-0.344496626
4622	Ehmt2	I1160T	Missense	0.2702143411382709
4623	Ehmt2	I1160T	Missense	0.2222017886961493
4624	Ehmt2	L1167P;C1168R	Missense;Missense	0.7368761151332845
4625	Ehmt2		No Mutation	-0.694001281
4626	Ehmt2	I1172T	Missense	0.364523994
4627	Ehmt2	N1171G	Missense	0.3508655496090342
4628	Ehmt2	N1171G;I1172V	Missense;Missense	0.9257144039321782
4629	Ehmt2	P1174P;V1175A	Silent;Missense	-0.836130694
4630	Ehmt2	V1175A	Missense	-0.275216335
4631	Ehmt2	V1175A	Missense	0.4400194301397411
4632	Ehmt2	M1179T	Missense	0.2335325133739444
4633	Ehmt2	M1179T;L1180P	Missense;Missense	-0.798877359
4634	Ehmt2		No Mutation	2.5538486249400822
4635	Ehmt2		No Mutation	0.6557571778034135
4636	Ehmt2		No Mutation	1.3430060053220825
4637	Ehmt2	F1192P	Missense	0.266256688
4638	Ehmt2	F1192P	Missense	0.6038300000849923
4639	Ehmt2		No Mutation	-0.807781351
4640	Ehmt2		No Mutation	-1.014890454
4641	Ehmt2	S1193G	Missense	2.707247222989875
4642	Ehmt2		No Mutation	0.3463423941001243
4643	Ehmt2	R1195G	Missense	0.5655471559513628
4644	Ehmt2	R1195G	Missense	-1.606812002
4645	Ehmt2	R1195G	Missense	-0.578744384
4646	Ehmt2	D1196G;I1197V	Missense;Missense	-1.015338218
4647	Ehmt2	T1199T	Silent	1.729285838758454
4648	Ehmt2	T1199A	Missense	-0.886012669
4649	Ehmt2	T1199A	Missense	-1.013019027
4650	Ehmt2	T1199A	Missense	0.5430317227639505
4651	Ehmt2	L1203P	Missense	-0.556213917
4652	Ehmt2	E1201G	Missense	-0.199533192
4653	Ehmt2	(NC)	Intron	-1.256497136
4654	Ehmt2	(NC)	Intron	-0.563855565
4655	Ehmt2		No Mutation	1.9476122533233904
4656	Ehmt2		No Mutation	0.6093263971396052
4657	Ehmt2	Y1207H	Missense	0.7513227108795087
4658	Ehmt2	G1208G	Silent	1.1880650743763626
4659	Ehmt2	D1206G;Y1207C	Missense;Missense	-0.518324388
4660	Ehmt2	Y1207C	Missense	-0.392033473
4661	Ehmt2		No Mutation	1.7634940251120423
4662	Ehmt2	Y1218C	Missense	0.9507464464519098
4663	Ehmt2	S1225S	Silent	-0.997341021
4664	Ehmt2	C1228R	Missense	0.293656616
4665	Ehmt2	K1227G	Missense	-0.602788219
4666	Ehmt2	K1229E	Missense	-0.108151002
4667	Ehmt2	S1231S	Silent	-0.370992888
4668	Ehmt2		No Mutation	-0.998807159
4669	Ehmt2		No Mutation	-0.848956683
4670	Ehmt2	E1238G;Q1239R	Missense;Missense	-2.008627243
4671	Ehmt2	L1242P	Missense	0.0199168041500844
4672	Ehmt2	L1242P	Missense	-2.120859219
4673	Ehmt2	S1240G	Missense	-1.403606897
4674	Ehmt2		No Mutation	-0.429265209
4675	Ehmt2		No Mutation	-0.788665263
4676	Ehmt2		No Mutation	-0.640231341
4677	Ehmt2		No Mutation	-0.475901663
4678	Ehmt2		No Mutation	-2.398002942
4679	Ehmt2	L1252P	Missense	-0.376718788
4680	Ehmt2	L1252P	Missense	-1.141220073
4681	Ehmt2	L1252P;P1253P	Missense;Silent	-1.37985726
4682	Ehmt2	P1253P	Silent	-0.805476586
4683	Ehmt2	P1253P	Silent	-0.365270298
4684	Ehmt2	L1255P	Missense	-0.520085101
4685	Ehmt2	L1258P	Missense	-0.96232358
4686	Ehmt2	L1258P	Missense	-1.251531276
4687	Ehmt2		No Mutation	-1.569756961
4688	Ehmt2		No Mutation	-0.176036248
4689	Ehmt2		No Mutation	-0.507443046
4690	Ehmt2	*1264R	Missense	-0.559845782
4691	Ehmt2	*1264R	Missense	-1.059694428
4692	Ehmt2		No Mutation	-1.365060761
4693	Ehmt2		No Mutation	-0.30502689
4694	Ehmt2	(NC)	UTR	-0.140124817
4695	Ehmt2	(NC)	UTR	-0.250489574
4696	Ehmt2	*1264W;(NC)	Missense;UTR	0.074944915
4697	Ehmt2	(NC)	UTR	-0.839910159
4698	Ehmt2		No Mutation	0.7547122817410914
4699	Suv39h1		No Mutation	0.167688272068241
4700	Suv39h1		No Mutation	-1.063426162
4701	Suv39h1	*413W	Missense	0.8399550500342143
4702	Suv39h1		No Mutation	-0.192316241
4703	Suv39h1	E399E;K401E	Silent;Missense	1.851402465
4704	Suv39h1	C402R	Missense	0.6358621820944066
4705	Suv39h1	I398V	Missense	2.5424308208275663
4706	Suv39h1	I398V	Missense	-0.297511512
4707	Suv39h1	R397R;I398T	Silent;Missense	-0.775042736
4708	Suv39h1	R397R;I398T	Silent;Missense	0.1247919774164969
4709	Suv39h1	R397R	Silent	-0.495808555
4710	Suv39h1	V396A;R397R	Missense;Silent	-0.452557741
4711	Suv39h1		No Mutation	-0.190353456
4712	Suv39h1		No Mutation	-0.841070047
4713	Suv39h1		No Mutation	-0.164539756
4714	Suv39h1	S391P	Missense	-0.431230391
4715	Suv39h1		No Mutation	-1.675402569
4716	Suv39h1	A386A	Silent	-0.217203339
4717	Suv39h1	N382G	Missense	-0.028745482
4718	Suv39h1	N382G	Missense	-0.885898946
4719	Suv39h1	D380G	Missense	1.3537094935523328
4720	Suv39h1	F383P	Missense	0.1509863802995498
4721	Suv39h1	F383P	Missense	-1.346127481
4722	Suv39h1	R378R;M379V	Silent;Missense	0.2585256126492768
4723	Suv39h1	M374V	Missense	0.7524020294278274
4724	Suv39h1	S376S	Silent	-1.776787975
4725	Suv39h1	S376S	Silent	-1.823029078
4726	Suv39h1	S376S	Silent	0.1689380578331598
4727	Suv39h1	(NC)	Splice-acceptor	1.533002033425855
4728	Suv39h1	(NC)	Intron	-0.972426965
4729	Suv39h1	V369A	Missense	-2.41553127
4730	Suv39h1		No Mutation	-0.178844836
4731	Suv39h1		No Mutation	-0.053554888
4732	Suv39h1	(NC);(NC)	Intron;Intron	-0.630067478
4733	Suv39h1	(NC);(NC)	Intron;Intron	-1.136779439
4734	Suv39h1	(NC);(NC)	Intron;Intron	-0.597020119
4735	Suv39h1		No Mutation	-1.20124178
4736	Suv39h1		No Mutation	-0.660490545
4737	Suv39h1		No Mutation	-1.060618088
4738	Suv39h1	N366G;M367V	Missense;Missense	1.1849291790918852
4739	Suv39h1	Y365C;N366G	Missense;Missense	1.213496457652372
4740	Suv39h1	Y365C;N366D	Missense;Missense	0.06294271
4741	Suv39h1	D364G;Y365C	Missense;Missense	0.3624214053709305
4742	Suv39h1	M367T	Missense	0.8658996492035003
4743	Suv39h1	D364G;Y365C	Missense;Missense	1.2774068343487175
4744	Suv39h1	D364G	Missense	0.866909981
4745	Suv39h1		No Mutation	-0.295723909
4746	Suv39h1	R353R;T354A;I355V	Silent;Missense;Missense	-1.347559753
4747	Suv39h1		No Mutation	-0.946474392
4748	Suv39h1	T352A;R353G	Missense;Missense	0.088184687
4749	Suv39h1	T352A;R353G	Missense;Missense	0.8624049077665398
4750	Suv39h1	T352A	Missense	0.4465811382005918
4751	Suv39h1		No Mutation	-0.706599193
4752	Suv39h1	F350F	Silent	0.1714894201450451
4753	Suv39h1	F350S	Missense	0.5903855240679877
4754	Suv39h1	F350P	Missense	-0.868585105
4755	Suv39h1		No Mutation	-0.472485786
4756	Suv39h1	V335A;F336L	Missense;Missense	0.8985635577175497
4757	Suv39h1		No Mutation	-1.562928463
4758	Suv39h1	Y333H	Missense	0.5752209105245245
4759	Suv39h1	L330P	Missense	-0.66206356
4760	Suv39h1	L330P	Missense	-0.117720427
4761	Suv39h1		No Mutation	0.1428666787013471
4762	Suv39h1		No Mutation	-0.741904985
4763	Suv39h1	(NC)	Intron	2.6767601763236675
4764	Suv39h1	(NC);(NC);(NC);(NC)	Intron;Intron;Intron;Intron	-0.076846642
4765	Suv39h1		No Mutation	-0.815593928
4766	Suv39h1		No Mutation	-0.232521971
4767	Suv39h1		No Mutation	-0.083186948
4768	Suv39h1	(NC)	Intron	-0.355583995
4769	Suv39h1	I318T	Missense	0.6006928382397376
4770	Suv39h1	Y314Y;Y315H	Silent;Missense	-0.961973848
4771	Suv39h1	D311G	Missense	2.3638773497743357
4772	Suv39h1	E305G	Missense	0.586319027
4773	Suv39h1		No Mutation	-0.449520125
4774	Suv39h1	Y303H	Missense	0.4266540277053121
4775	Suv39h1		No Mutation	0.6875865732491561
4776	Suv39h1	L301P	Missense	0.5419616259314372
4777	Suv39h2	L375P	Missense	0.5419616259314372
4778	Suv39h1	L301P	Missense	0.8459203274187546
4779	Suv39h1	T296A	Missense	0.318782758
4780	Suv39h1	L298P;F299L	Missense;Missense	-0.946197423
4781	Suv39h1	Y297H	Missense	-0.812381446
4782	Suv39h1		No Mutation	-0.911879834
4783	Suv39h1	Q288R;I289V	Missense;Missense	-0.107625155
4784	Suv39h1	Q288R;I289V	Missense;Missense	-1.260817028
4785	Suv39h1		No Mutation	-0.551205686
4786	Suv39h1	E281G;E282G	Missense;Missense	0.5916137430728671
4787	Suv39h1	S280S;E281G	Silent;Missense	-0.598680202
4788	Suv39h1	S280S;E281G	Silent;Missense	-1.259811707
4789	Suv39h1	S280S	Silent	-0.884789617
4790	Suv39h1	I277V;I278V	Missense;Missense	0.8165420154577022
4791	Suv39h1	(NC);I277V	Splice-acceptor;Missense	2.154237821239517
4792	Suv39h1	I278I;S280P	Silent;Missense	0.037786528
4793	Suv39h1	I278T	Missense	-1.374631557
4794	Suv39h1	I278T	Missense	-0.709383482
4795	Suv39h1	I277I;I278T	Silent;Missense	0.2979114868169751
4796	Suv39h1	I277T;I278T	Missense;Missense	-0.321012809
4797	Suv39h1	(NC);(NC);(NC)	Intron;Intron;Intron	-0.730430847
4798	Suv39h1	G275G	Silent	-0.995524204
4799	Suv39h1	G275G	Silent	-0.94801607
4800	Suv39h1	M271V	Missense	0.2455943391127125
4801	Suv39h1		No Mutation	1.2221918676657189
4802	Suv39h1		No Mutation	0.9205263162146726
4803	Suv39h1	R265R;K266G;N267D	Silent;Missense;Missense	0.6573153593177108
4804	Suv39h1		No Mutation	-0.974580946
4805	Suv39h1		No Mutation	-1.577698699
4806	Suv39h1	N251G;D252G	Missense;Missense	0.9668491677111276
4807	Suv39h1	N251G	Missense	-0.507744812
4808	Suv39h1		No Mutation	0.3494237433732072
4809	Suv39h1	N251G	Missense	2.6080529496750646
4810	Suv39h1	T250A	Missense	-0.575993424
4811	Suv39h1	I247V	Missense	-0.056349942
4812	Suv39h1	I247T;F248L	Missense;Missense	0.3150795130755555
4813	Suv39h1	Y243H	Missense	-0.685570037
4814	Suv39h1		No Mutation	-0.042778096
4815	Suv39h1		No Mutation	-0.230657837
4816	Suv39h1		No Mutation	-0.75632002
4817	Suv39h1	N234G	Missense	0.4406580461887432
4818	Suv39h1	Y230H	Missense	-0.536223844
4819	Suv39h1	Y230H	Missense	0.2967581430730696
4820	Suv39h1	N223G	Missense	0.3687892583481746
4821	Suv39h1	S224P	Missense	-0.423696508
4822	Suv39h1	S224P	Missense	0.8728877037881048
4823	Suv39h1	A215A	Silent	-1.296197949
4824	Suv39h1	Q210R	Missense	-1.169332805
4825	Suv39h1	Q210R	Missense	0.2914735111223063
4826	Suv39h1	L213P	Missense	-0.825552805
4827	Suv39h1		No Mutation	0.2487313785982768
4828	Suv39h1	Y205C;N206D	Missense;Missense	-0.0124218
4829	Suv39h1		No Mutation	0.3808508459110331
4830	Suv39h1	Y205H	Missense	1.183437277
4831	Suv39h1	Y205H	Missense	0.1259038055199201
4832	Suv39h1		No Mutation	0.000959867
4833	Suv39h1		No Mutation	-0.583755349
4834	Suv39h1	P196P	Silent	-0.329084303
4835	Suv39h1	C195R	Missense	0.3736327242615847
4836	Suv39h1	T191A	Missense	0.1132136506278399
4837	Suv39h1		No Mutation	-1.074716403
4838	Suv39h1		No Mutation	-0.661510227
4839	Suv39h1		No Mutation	-0.67926347
4840	Suv39h1		No Mutation	-2.039340924
4841	Suv39h1		No Mutation	0.3814309978164539
4842	Suv39h1	C181R	Missense	0.1661739543563112
4843	Suv39h1	A178A;V179A	Silent;Missense	-0.137080967
4844	Suv39h1	A178A;V179A	Silent;Missense	0.7007659416476018
4845	Suv39h1	N175G	Missense	-0.0162468
4846	Suv39h1	I172V	Missense	-1.092832468
4847	Suv39h1	E165G;Y166C	Missense;Missense	1.0724795468219754
4848	Suv39h1	E165G	Missense	-0.027687591
4849	Suv39h1	I163V;N164G	Missense;Missense	1.2100429373291082
4850	Suv39h1	N164N	Silent	-0.669867964
4851	Suv39h1	Y162H;I163T	Missense;Missense	0.9096993059293924
4852	Suv39h1	V161A;Y162H	Missense;Missense	1.1155993730575364
4853	Suv39h1	F160F;V161A;Y162H	Silent;Missense;Missense	0.9101159400192363
4854	Suv39h1	S159P	Missense	-1.432769828
4855	Suv39h1	D152G	Missense	-0.730241
4856	Suv39h1	N149G;E150G	Missense;Missense	-0.324712173
4857	Suv39h1	V151A	Missense	0.2876697221434112
4858	Suv39h1	E148G;N149D	Missense;Missense	0.6877125101219638
4859	Suv39h1	I145V;T146A	Missense;Missense	0.4013214882407532
4860	Suv39h1		No Mutation	-1.439596777
4861	Suv39h1		No Mutation	0.3782578993710876
4862	Suv39h1	L142P	Missense	0.4015768977592632
4863	Suv39h1	K138R	Missense	-1.633649821
4864	Suv39h1	K138G	Missense	-0.669686154
4865	Suv39h1	K138G	Missense	-0.292907547
4866	Suv39h1	K138E	Missense	0.7451474009120291
4867	Suv39h1		No Mutation	-0.837511749
4868	Suv39h1		No Mutation	-0.65522797
4869	Suv39h1	L128P	Missense	-0.931323208
4870	Suv39h1	K121G	Missense	-1.254271817
4871	Suv39h1	Q120R;K121G	Missense;Missense	-0.137794961
4872	Suv39h1		No Mutation	0.234095428732601
4873	Suv39h1	Q120R	Missense	0.9689880652871796
4874	Suv39h1		No Mutation	0.3546128332104721
4875	Suv39h1	N116G	Missense	0.9164400964804368
4876	Suv39h1	V119A	Missense	4.365471639579404
4877	Suv39h1	Y117H;L118P	Missense;Missense	0.1122555201787056
4878	Suv39h1	N116N;Y117H	Silent;Missense	-0.705655109
4879	Suv39h1	P112P;N113G	Silent;Missense	0.2486609080377021
4880	Suv39h1		No Mutation	-0.011686583
4881	Suv39h1		No Mutation	-0.492364716
4882	Suv39h1		No Mutation	-0.828502043
4883	Suv39h1	S104S;K105G	Silent;Missense	0.4831026830346158
4884	Suv39h1		No Mutation	-1.007511025
4885	Suv39h1		No Mutation	-0.840835671
4886	Suv39h1		No Mutation	-0.194792503
4887	Suv39h1	S104P	Missense	-1.300305141
4888	Suv39h1		No Mutation	0.2138406274951743
4889	Suv39h1		No Mutation	-0.6402776
4890	Suv39h1	K87E	Missense	-1.298442175
4891	Suv39h1	N79N	Silent	-0.795953793
4892	Suv39h1	E71G;N72G	Missense;Missense	-0.729795071
4893	Suv39h1	D69G	Missense	1.5514328847817902
4894	Suv39h1	D69G	Missense	-0.303564878
4895	Suv39h1	R65R;Y67H	Silent;Missense	-0.261024144
4896	Suv39h1	Y60C	Missense	-0.068791005
4897	Suv39h1	Y60C	Missense	-0.252166412
4898	Suv39h1	E58G;Y59C	Missense;Missense	-0.030697886
4899	Suv39h1	E56G	Missense	-0.436902587
4900	Suv39h1	Y59H	Missense	0.7145376050767385
4901	Suv39h1		No Mutation	0.3007520286929635
4902	Suv39h1		No Mutation	-0.089589644
4903	Suv39h1		No Mutation	0.3775521382302197
4904	Suv39h1		No Mutation	-2.875374048
4905	Suv39h1	(NC)	Intron	1.6844073449371344
4906	Suv39h1	K53G;I54V	Missense;Missense	0.5669643191946033
4907	Suv39h1		No Mutation	3.2677087103065765
4908	Suv39h1		No Mutation	1.051855919
4909	Suv39h1		No Mutation	0.7556443782430219
4910	Suv39h1	S36P	Missense	-0.825630744
4911	Suv39h1	P31P	Silent	-0.301590135
4912	Suv39h1		No Mutation	0.066527278
4913	Suv39h1	L28L;S29P;C30R	Silent;Missense;Missense	-0.853875384
4914	Suv39h1		No Mutation	1.0758935574351276
4915	Suv39h1		No Mutation	-0.042383535
4916	Suv39h1		No Mutation	0.7854339795795295
4917	Suv39h1	G7G;C8R	Silent;Missense	1.5365025394960308
4918	Suv39h1		No Mutation	0.6110875653469741
4919	Suv39h1	L5L;K6E	Silent;Missense	0.7090719035038255
4920	Suv39h1	M1V	Missense	1.2914451731272087
4921	Suv39h1		No Mutation	0.357549403
4922	Suv39h1	(NC)	UTR	0.3050303216463901
4923	Suv39h2		No Mutation	-0.582198757
4924	Suv39h2	N477S;*478W	Missense;Missense	1.139325092455223
4925	Suv39h2	Y475C	Missense	0.20093874420252
4926	Suv39h2	G474G;Y475H	Silent;Missense	-0.555035252
4927	Suv39h2	G468G	Silent	-0.469997163
4928	Suv39h2		No Mutation	-0.262119713
4929	Suv39h2	R462G;T463A	Missense;Missense	0.5580001460837118
4930	Suv39h2	S455G	Missense	0.2594670801846672
4931	Suv39h2	H454R;S455G	Missense;Missense	0.313087684
4932	Suv39h2	P456P	Silent	-1.252877142
4933	Suv39h2	S448P	Missense	-0.340430037
4934	Suv39h2		No Mutation	-0.119670589
4935	Suv39h2		No Mutation	-1.709651319
4936	Suv39h2	Y439C	Missense	0.1790575915541469
4937	Suv39h2		No Mutation	-0.423891211
4938	Suv39h2	T426A;R427G	Missense;Missense	0.8309093345891425
4939	Suv39h2	F424S;S425P	Missense;Missense	-1.085842577
4940	Suv39h2	F424P;S425P	Missense;Missense	-1.405864823
4941	Suv39h2		No Mutation	-0.578349921
4942	Suv39h2	D415G	Missense	-0.580779893
4943	Suv39h2	D412G	Missense	0.9838773353723164
4944	Suv39h2	F407P	Missense	1.8294881807729444
4945	Suv39h2	F407P	Missense	0.7178684821269432
4946	Suv39h2		No Mutation	-0.381416378
4947	Suv39h2	(NC);(NC);(NC);(NC)	Intron;Intron;Intron;Intron	1.1602332125123342
4948	Suv39h2	(NC);(NC)	Intron;Intron	0.9568711963058182
4949	Suv39h2	H398H;S399S	Silent;Silent	0.4496423469303796
4950	Suv39h2	H398H;S399S	Silent;Silent	-0.49565583
4951	Suv39h2	D385G	Missense	-0.290465179
4952	Suv39h2		No Mutation	0.5803799272308464
4953	Suv39h2	S379S;D380D	Silent;Silent	1.2043277230951488
4954	Suv39h2	Y377H	Missense	0.8794551274896643
4955	Suv39h2	T370A	Missense	0.4565138482025981
4956	Suv39h2	Q362R	Missense	0.1563369036278241
4957	Suv39h2	Q362R	Missense	0.1469610758311625
4958	Suv39h2	E355G	Missense	2.220365959481413
4959	Suv39h2	E355G	Missense	-0.277419213
4960	Suv39h2	S354S	Silent	1.5738718341171334
4961	Suv39h2	I352V	Missense	0.3223621551792394
4962	Suv39h2	M345V	Missense	0.7891562749205142
4963	Suv39h2	S325G;N326G	Missense;Missense	0.4085541962127362
4964	Suv39h2	S325G;N326D	Missense;Missense	1.561423553923293
4965	Suv39h2	S325G	Missense	-1.130990534
4966	Suv39h2	R323G;T324A	Missense;Missense	-0.382198707
4967	Suv39h2	I321V	Missense	0.5258480479376886
4968	Suv39h2	N308G;R309G	Missense;Missense	1.3356269090056327
4969	Suv39h2	I310T	Missense	0.1374391960630738
4970	Suv39h2	G303G	Silent	-0.467474574
4971	Suv39h2	N297G	Missense	-0.200197942
4972	Suv39h2	S298P	Missense	-0.296095893
4973	Suv39h2	S298P	Missense	-0.555854236
4974	Suv39h2	Y294C	Missense	0.2024005029943997
4975	Suv39h2	Y294H	Missense	-1.303641054
4976	Suv39h2	I293T;Y294H	Missense;Missense	-0.547362179
4977	Suv39h2	Q284R;I285V	Missense;Missense	1.3165358294658709
4978	Suv39h2	V275A;V276A	Missense;Missense	0.4670604596594843
4979	Suv39h2	E272G	Missense	0.3460381946367387
4980	Suv39h2		No Mutation	0.1821852709326429
4981	Suv39h2	C260C	Silent	0.1097958851520979
4982	Suv39h2	C260R	Missense	0.453210355
4983	Suv39h2	N251G;S252G	Missense;Missense	1.2114696968080825
4984	Suv39h2	S252S	Silent	0.79873317
4985	Suv39h2		No Mutation	0.6294223404163721
4986	Suv39h2	I250T	Missense	1.4096372607984382
4987	Suv39h2	E241G;Y242C	Missense;Missense	0.3321326627660473
4988	Suv39h2	E241G;Y242C	Missense;Missense	0.9466876919026992
4989	Suv39h2	Y237C;Y238C	Missense;Missense	2.178520161087703
4990	Suv39h2	Y238H;I239T	Missense;Missense	0.827023886
4991	Suv39h2	Y237H;Y238H	Missense;Missense	0.09002811
4992	Suv39h2	Y237H;Y238H	Missense;Missense	0.8499649085992187
4993	Suv39h2	N225G;T226A	Missense;Missense	0.6242553166200315
4994	Suv39h2	E224E;N225G;T226A	Silent;Missense;Missense	-0.536206798
4995	Suv39h2	E224G;N225D	Missense;Missense	0.176583437439825
4996	Suv39h2	F222P	Missense	0.4874973969501243
4997	Suv39h2	R213R;R214G	Silent;Missense	0.3981518072867176
4998	Suv39h2	R213G;R214G	Missense;Missense	0.4912846333967258
4999	Suv39h2	R213G;R214G	Missense;Missense	1.684173956483347
5000	Suv39h2		No Mutation	0.3012574418220495
5001	Suv39h2	R201R;I202V	Silent;Missense	1.3759929373445028
5002	Suv39h2	Y193H;I194T	Missense;Missense	-0.053572752
5003	Suv39h2	I190T;A191A	Missense;Silent	-0.866852668
5004	Suv39h2	Q174R	Missense	1.9495116154897203
5005	Suv39h2	Y171C	Missense	1.0693126448909085
5006	Suv39h2	K169G;T170A	Missense;Missense	-0.358332113
5007	Suv39h2	S165S;D166D	Silent;Silent	-0.299151904
5008	Suv39h2	F164P	Missense	-0.402607881
5009	Suv39h2	L160P	Missense	-0.411904369
5010	Suv39h2		No Mutation	-0.390082391
5011	Suv39h2	C157R	Missense	-1.107033505
5012	Suv39h2	C157R	Missense	0.1604556533317586
5013	Suv39h2	E150G	Missense	-0.689523791
5014	Suv39h2		No Mutation	-1.864291373
5015	Suv39h2	W149R	Missense	0.8706481237640857
5016	Suv39h2	P143P;D144G	Silent;Missense	0.542215793
5017	Suv39h2	P143P;D144G	Silent;Missense	-0.898174221
5018	Suv39h2	V137V	Silent	0.7523044524710889
5019	Suv39h2	Y135C	Missense	1.4775653744485426
5020	Suv39h2	E133G;Y134C	Missense;Missense	2.0821972799556976
5021	Suv39h2		No Mutation	0.058615477
5022	Suv39h2	(NC);(NC)	Intron;Intron	-0.774070137
5023	Suv39h2	Y126C;K127G	Missense;Missense	1.4369791900737838
5024	Suv39h2	D125G	Missense	-0.380269597
5025	Suv39h2	Y122C	Missense	0.035684881
5026	Suv39h2	L115L;N116D	Silent;Missense	-0.609527901
5027	Suv39h2	N114G	Missense	0.5385678241456697
5028	Suv39h2	N117N	Silent	-1.273615828
5029	Suv39h2	I108V	Missense	0.7347160982923615
5030	Suv39h2	T104A	Missense	1.8793174629399825
5031	Suv39h2	S90S	Silent	-1.361440822
5032	Suv39h2	D92D;T93T	Silent;Silent	-0.009384795
5033	Suv39h2	L91P	Missense	-0.295825828
5034	Suv39h2	L88P	Missense	0.2558603321480505
5035	Suv39h2		No Mutation	-1.130642322
5036	Suv39h2	L79L	Silent	-0.306016252
5037	Suv39h2	R76R	Silent	-0.155992133
5038	Suv39h2	A75A;R76R	Silent;Silent	-0.265951306
5039	Suv39h2	D72G	Missense	-1.191805438
5040	Suv39h2		No Mutation	-0.48475174
5041	Suv39h2	F70P	Missense	0.1493016459124175
5042	Suv39h2		No Mutation	-1.136506387
5043	Suv39h2		No Mutation	-0.884628641
5044	Suv39h2	G63G	Silent	-1.108494169
5045	Suv39h2		No Mutation	0.5111262342326284
5046	Suv39h2		No Mutation	-2.364188345
5047	Suv39h2		No Mutation	-1.523668453
5048	Suv39h2		No Mutation	1.556011610401773
5049	Suv39h2	W61R	Missense	-1.381997806
5050	Suv39h2	Q58R	Missense	-1.405411943
5051	Suv39h2		No Mutation	-0.135140143
5052	Suv39h2		No Mutation	0.2703125561100351
5053	Suv39h2		No Mutation	0.0482308298000395
5054	Suv39h2		No Mutation	-1.159753392
5055	Suv39h2		No Mutation	-1.545835737
5056	Suv39h2	R44R	Silent	-0.346225212
5057	Suv39h2	S46P	Missense	0.4323490086512068
5058	Suv39h2	S46P	Missense	0.3835931956880731
5059	Suv39h2	T42A	Missense	-0.911764329
5060	Suv39h2		No Mutation	-2.077863385
5061	Suv39h2	L41P	Missense	-0.444232932
5062	Suv39h2		No Mutation	-0.479097409
5063	Suv39h2		No Mutation	-1.957384584
5064	Suv39h2		No Mutation	-0.744432203
5065	Suv39h2	K28E	Missense	-0.674967081
5066	Suv39h2		No Mutation	-1.827455753
5067	Suv39h2		No Mutation	-0.156703301
5068	Suv39h2		No Mutation	-0.639202919
5069	Suv39h2		No Mutation	-0.426885734
5070	Suv39h2		No Mutation	0.2265334833827209
5071	Suv39h2		No Mutation	-0.01283159
5072	Suv39h2		No Mutation	-1.062098405
5073	Suv39h2		No Mutation	-0.663271198
5074	Suv39h2	P21P	Silent	-2.032103445
5075	Suv39h2		No Mutation	-0.944813248
5076	Suv39h2	A13A;G14G	Silent;Silent	-0.63911806
5077	Suv39h2	A13A;G14G	Silent;Silent	-1.55596365
5078	Suv39h2	S11G	Missense	-0.804907863
5079	Suv39h2	S11S	Silent	-1.110412794
5080	Suv39h2	A8A	Silent	0.4564834006011793
5081	Suv39h2	K7G	Missense	0.5654202269004398
5082	Suv39h2		No Mutation	-0.61622357
5083	Suv39h2	R5G	Missense	0.2254164538907466
5084	Suv39h2	R5G	Missense	-0.967196261
5085	Suv39h2		No Mutation	-0.550557803
5086	Suv39h2		No Mutation	-1.120996718
5087	Suv39h2		No Mutation	0.2528042857269887
5088	Suv39h2	(NC);(NC);M1V	UTR;UTR;Missense	0.8268057374901363
5089	Suv39h2	(NC);(NC)	UTR;UTR	3.0176487371326006
5090	Suv39h2		No Mutation	0.360997591166161
5091	Suv39h2	(NC);(NC);(NC)	UTR;UTR;UTR	0.7284728245018696
5092	Suv39h2	(NC);(NC);(NC)	UTR;UTR;UTR	-0.196453234
5093	Suv39h2	(NC)	UTR	0.8921101224237489
5094	Ptpn2	(NC);(NC)	UTR;UTR	-0.314494051
5095	Ptpn2	*383Q	Missense	-0.848303533
5096	Ptpn2	R374R;K375G	Silent;Missense	-0.248876742
5097	Ptpn2	E371G;R372R	Missense;Silent	2.041892189833266
5098	Ptpn2	E371G	Missense	0.4439193014604417
5099	Ptpn2	Q361R	Missense	1.1673383729483122
5100	Ptpn2	T355A	Missense	0.495769784419131
5101	Ptpn2	D351G;R352G	Missense;Missense	0.8616834893801698
5102	Ptpn2	I348V	Missense	1.3586908122920305
5103	Ptpn2	L344L;K346E	Silent;Missense	1.223877512296467
5104	Ptpn2	(NC)	Intron	0.5305618287696457
5105	Ptpn2	E337G	Missense	-0.956187364
5106	Ptpn2		No Mutation	-0.813436237
5107	Ptpn2	D334D	Silent	-0.027840031
5108	Ptpn2	K331G	Missense	0.7276608370577091
5109	Ptpn2		No Mutation	0.4755852383107694
5110	Ptpn2	L325L;T326A	Silent;Missense	-0.81669477
5111	Ptpn2	E321G;D322G	Missense;Missense	0.7599851935568442
5112	Ptpn2	E321G;D322G	Missense;Missense	0.455539073
5113	Ptpn2	Y313C;N314G	Missense;Missense	0.7306986799730923
5114	Ptpn2		No Mutation	1.756663102471234
5115	Ptpn2	M309V	Missense	0.7590745127126758
5116	Ptpn2	S304S	Silent	0.5860143148534345
5117	Ptpn2	S304P	Missense	0.050694051
5118	Ptpn2		No Mutation	-1.048090358
5119	Ptpn2	(NC)	Intron	-0.597039967
5120	Ptpn2		No Mutation	0.1913774183681755
5121	Ptpn2	K280K;G281G	Silent;Silent	0.8416043723884956
5122	Ptpn2	G275G	Silent	0.2368171337260698
5123	Ptpn2		No Mutation	-0.881369651
5124	Ptpn2	I273T	Missense	-0.62936142
5125	Ptpn2	Y269C;M270V	Missense;Missense	3.3827425288625417
5126	Ptpn2	Y269H	Missense	0.3684857965751033
5127	Ptpn2	Q264Q;R266G	Silent;Missense	-0.418384673
5128	Ptpn2	F267P;S268P	Missense;Missense	-0.313533039
5129	Ptpn2	G257G	Silent	0.7371470450733413
5130	Ptpn2	M251V;R252G	Missense;Missense	1.2151659045000835
5131	Ptpn2	M251V;R252G	Missense;Missense	0.5538944660235373
5132	Ptpn2	(NC);M236V	Splice-acceptor;Missense	0.063162524
5133	Ptpn2		No Mutation	0.5448719766313295
5134	Ptpn2		No Mutation	-1.156384008
5135	Ptpn2	(NC);(NC)	Splice-donor;Intron	0.2519011346137474
5136	Ptpn2	V229V;D230G;T231A	Silent;Missense;Missense	0.6930465817979793
5137	Ptpn2	D230D	Silent	0.7146035948909462
5138	Ptpn2		No Mutation	0.1639504569900548
5139	Ptpn2	I220T	Missense	-0.146696738
5140	Ptpn2	H215R	Missense	0.6284089473605015
5141	Ptpn2	H215R	Missense	-0.313317578
5142	Ptpn2	I214V	Missense	0.5038130830770473
5143	Ptpn2	C216R	Missense	0.1974276940389759
5144	Ptpn2	A212A;I214V	Silent;Missense	0.2132145994466946
5145	Ptpn2	I214T	Missense	-0.643846362
5146	Ptpn2	V213A	Missense	-0.18275062
5147	Ptpn2	P211P	Silent	0.2588807122076867
5148	Ptpn2	P211P	Silent	-0.767027605
5149	Ptpn2		No Mutation	-0.807967957
5150	Ptpn2	K198G	Missense	0.092729369
5151	Ptpn2	F195P	Missense	0.5263754792393738
5152	Ptpn2	S191P;F192P	Missense;Missense	0.3293980795038946
5153	Ptpn2		No Mutation	0.3282619772991312
5154	Ptpn2	V185A	Missense	-1.106165183
5155	Ptpn2	F183S	Missense	2.0196552417765625
5156	Ptpn2	T178A;T179A	Missense;Missense	-0.316237334
5157	Ptpn2		No Mutation	1.2037571017311022
5158	Ptpn2	H174R	Missense	1.3660194798697398
5159	Ptpn2	H176H;Y177H	Silent;Missense	1.026393967122932
5160	Ptpn2	F175P	Missense	-0.094017791
5161	Ptpn2	(NC);(NC)	Intron;Intron	0.4232135020135192
5162	Ptpn2	L161L;E162G	Silent;Missense	0.5631431575147186
5163	Ptpn2	M134V	Missense	-0.137565283
5164	Ptpn2	E133E;M134V	Silent;Missense	1.902526155479888
5165	Ptpn2	R132G	Missense	-1.135096712
5166	Ptpn2	M134T	Missense	-0.176593397
5167	Ptpn2	P128P;T129A	Silent;Missense	0.2202883101171081
5168	Ptpn2	A124A	Silent	0.000942584
5169	Ptpn2	K122G	Missense	-0.08219662
5170	Ptpn2	(NC);(NC);(NC)	Intron;Intron;Intron	3.20193381
5171	Ptpn2	R114R;T115A	Silent;Missense	1.786106158288741
5172	Ptpn2	M111T;L112P	Missense;Missense	-0.571911883
5173	Ptpn2	V101A;W102R	Missense;Missense	0.1367114886895535
5174	Ptpn2	H96R	Missense	-1.391048522
5175	Ptpn2		No Mutation	-0.433796349
5176	Ptpn2	H96H;F97P	Silent;Missense	-0.641505171
5177	Ptpn2	N92S;T93A	Missense;Missense	0.092655299
5178	Ptpn2	C94R;C95R	Missense;Missense	1.2656749799877405
5179	Ptpn2	C94R;C95R	Missense;Missense	-0.744239961
5180	Ptpn2		No Mutation	-0.155950553
5181	Ptpn2		No Mutation	-1.355565007
5182	Ptpn2	(NC)	Intron	-0.31426765
5183	Ptpn2	L85L;T86A	Silent;Missense	0.0306024932170339
5184	Ptpn2	I84V	Missense	3.0842878097583446
5185	Ptpn2	R81R;S82G	Silent;Missense	-0.235118691
5186	Ptpn2	I76T	Missense	1.0551082987560456
5187	Ptpn2	L73L	Silent	0.3343172925564162
5188	Ptpn2	(NC)	Intron	0.705896695
5189	Ptpn2	(NC)	Intron	0.1161683997339908
5190	Ptpn2	D50D	Silent	-0.580978868
5191	Ptpn2	F39P	Missense	-1.086782583
5192	Ptpn2	H34H	Silent	-0.761739913
5193	Ptpn2	H34H	Silent	-0.777173689
5194	Ptpn2	D31G	Missense	-1.195772854
5195	Ptpn2	(NC)	Intron	-0.458115993
5196	Ptpn2	(NC);(NC)	Intron;Intron	0.20198095791772
5197	Ptpn2	L21L;Y22C	Silent;Missense	-0.58468008
5198	Ptpn2		No Mutation	0.6373839874627566
5199	Ptpn2	D13G	Missense	-0.118533187
5200	Ptpn2		No Mutation	0.6829393506281238
5201	Ptpn2	F9S	Missense	0.4359645882633238
5202	Ptpn2	I5V	Missense	-1.128000497
5203	Ptpn2	I5T	Missense	-0.005210585
5204	Ptpn2		No Mutation	0.9013606884821688
5205	Ptpn2		No Mutation	0.9048738036514448
5206	Ptpn2	I5T	Missense	1.6395210174541193
5207	Ptpn2		No Mutation	0.5974700454175277
5208	Ptpn2		No Mutation	1.0367641968773529
5209	Ptpn2		No Mutation	-1.512227589
5210	Ptpn2		No Mutation	1.3885322104099922
5211	Ptpn2		No Mutation	-1.415313897
5212	H2-T23	*358W;(NC);(NC);(NC)	Missense;UTR;UTR;UTR	0.2553558041951568
5213	H2-T23	A357A;*358W	Silent;Missense	-0.72158646
5214	H2-T23	A357A	Silent	0.6376955059244052
5215	H2-T23	A357A	Silent	-0.006918321
5216	H2-T23	K356R;A357A	Missense;Silent	1.0481570153321775
5217	H2-T23	K356G	Missense	-1.01168959
5218	H2-T23	K356G	Missense	-0.808060113
5219	H2-T23		No Mutation	-1.1154842
5220	H2-T23		No Mutation	-1.04972287
5221	H2-T23	P354P	Silent	-0.160532316
5222	H2-T23		No Mutation	0.8195358482410614
5223	H2-T23	(NC);(NC)	Intron;Intron	1.1327172835174035
5224	H2-T23	(NC)	Intron	1.5844960637217256
5225	H2-T23		No Mutation	-0.409952927
5226	H2-T23	(NC)	Intron	-0.734237928
5227	H2-T23	(NC);(NC)	Intron;Intron	0.1553373961832218
5228	H2-T23	L343L;(NC)	Silent;Intron	-0.617507746
5229	H2-T23	L343L	Silent	0.7014454626006957
5230	H2-T23	L343L	Silent	-0.030038363
5231	H2-T23	Y339C	Missense	-1.14339384
5232	H2-T23		No Mutation	1.0644369356534424
5233	H2-T23	I333V	Missense	-0.05670676
5234	H2-T23	I333V	Missense	2.370015109697922
5235	H2-T23	R331R;H332R	Silent;Missense	0.345100217606161
5236	H2-T23	R331G;H332R	Missense;Missense	0.2074086625829371
5237	H2-T23	R330G	Missense	0.8297315367353427
5238	H2-T23	K328G;R329G	Missense;Missense	-0.037824787
5239	H2-T23	A324A;F325L	Silent;Missense	0.6111247656950797
5240	H2-T23	I318V	Missense	0.3008413815689996
5241	H2-T23	I317V;I318V	Missense;Missense	-0.873401316
5242	H2-T23	I318T	Missense	-0.711527319
5243	H2-T23	G314G	Silent	-0.874924851
5244	H2-T23		No Mutation	-0.90407979
5245	H2-T23	V305V;I306V	Silent;Missense	0.5583291954959821
5246	H2-T23	I307T;A308A	Missense;Silent	0.2332038802955752
5247	H2-T23	M304T;V305A	Missense;Missense	-0.22250086
5248	H2-T23	M304T	Missense	-0.223363767
5249	H2-T23	S302P	Missense	-0.731569294
5250	H2-T23	P298P;T300A	Silent;Missense	-0.050801427
5251	H2-T23	V301A;S302P	Missense;Missense	-0.382352597
5252	H2-T23	S299P	Missense	-1.439037734
5253	H2-T23	S299P	Missense	-1.474109221
5254	H2-T23	P297P	Silent	0.9072556334798888
5255	H2-T23	P296P	Silent	-2.479544606
5256	H2-T23		No Mutation	-0.118942094
5257	H2-T23		No Mutation	-0.829055144
5258	H2-T23	R293R	Silent	-1.02949532
5259	H2-T23		No Mutation	0.1583684084611618
5260	H2-T23		No Mutation	-1.099779081
5261	H2-T23	R293G	Missense	-0.148851194
5262	H2-T23	R293G	Missense	-1.125907984
5263	H2-T23	(NC)	Splice-donor	0.0311430213739718
5264	H2-T23	(NC)	Splice-donor	-1.672027964
5265	H2-T23	W294R	Missense	-0.431737575
5266	H2-T23	T291A	Missense	-0.30742286
5267	H2-T23		No Mutation	0.0118944189343068
5268	H2-T23	L292P	Missense	-0.450349862
5269	H2-T23		No Mutation	0.2070621008912342
5270	H2-T23	E288G	Missense	-0.019574669
5271	H2-T23	P287P	Silent	-1.468917541
5272	H2-T23		No Mutation	-1.064651893
5273	H2-T23	H280R	Missense	1.1080603454468534
5274	H2-T23	H280R	Missense	-0.095459267
5275	H2-T23	T278T	Silent	0.952864997086602
5276	H2-T23	Y276H	Missense	-1.078499315
5277	H2-T23		No Mutation	-0.304548099
5278	H2-T23		No Mutation	-1.612673042
5279	H2-T23		No Mutation	-0.362051951
5280	H2-T23	A266A;V267A	Silent;Missense	1.2074103918187926
5281	H2-T23	K263G	Missense	-0.469628216
5282	H2-T23	A266A	Silent	0.060287123
5283	H2-T23	G259G;T260A	Silent;Missense	0.6333263588196459
5284	H2-T23	D258G;G259G	Missense;Silent	-0.442923864
5285	H2-T23	F261P	Missense	-0.766422046
5286	H2-T23	D258D	Silent	-0.345329971
5287	H2-T23	T253A;R254G	Missense;Missense	-1.162695801
5288	H2-T23	E252G;T253A	Missense;Missense	0.4123930133093762
5289	H2-T23	E252G	Missense	-0.225158402
5290	H2-T23	E252G	Missense	0.822659583
5291	H2-T23	E249G	Missense	1.1457459155961365
5292	H2-T23	L250P;V251A	Missense;Missense	-1.145264794
5293	H2-T23	Q246R	Missense	0.4727675567068573
5294	H2-T23	E243G	Missense	-1.184577393
5295	H2-T23		No Mutation	-0.873424268
5296	H2-T23		No Mutation	-1.035760807
5297	H2-T23		No Mutation	-0.208691597
5298	H2-T23	N240N	Silent	-0.390824587
5299	H2-T23	L239S;N240N	Missense;Silent	-0.641525239
5300	H2-T23	T236A	Missense	-0.350765317
5301	H2-T23	T236A	Missense	0.2601954154693072
5302	H2-T23	T236A	Missense	-0.851334597
5303	H2-T23	L235P	Missense	-1.137295131
5304	H2-T23	L235P	Missense	-0.799094196
5305	H2-T23	D232G	Missense	-1.609784726
5306	H2-T23	P230P;A231A	Silent;Silent	-0.644363271
5307	H2-T23	P230P;A231A	Silent;Silent	0.969733945
5308	H2-T23	L226P	Missense	-0.469462198
5309	H2-T23	L226P	Missense	0.2668199169337575
5310	H2-T23	R222G	Missense	-0.245797017
5311	H2-T23	R222G	Missense	-1.146172811
5312	H2-T23	E218E;T220A	Silent;Missense	-0.356916387
5313	H2-T23	E218G	Missense	0.3890095313708709
5314	H2-T23	E216G;D217G	Missense;Missense	-0.780436775
5315	H2-T23	V219A	Missense	-0.299930608
5316	H2-T23	D217D	Silent	0.1865986033302895
5317	H2-T23	S215S	Silent	0.0303533574410783
5318	H2-T23	S215S	Silent	3.5405779943557936
5319	H2-T23		No Mutation	-1.368587596
5320	H2-T23	V209A	Missense	-1.408463329
5321	H2-T23	H208H;V209A	Silent;Missense	-0.315325
5322	H2-T23		No Mutation	-0.896382747
5323	H2-T23		No Mutation	0.3614787555615421
5324	H2-T23		No Mutation	-0.381566525
5325	H2-T23	(NC)	Intron	-0.022666046
5326	H2-T23	Q200R	Missense	0.3081322642662556
5327	H2-T23	E197G;T198A	Missense;Missense	0.1569665002202549
5328	H2-T23	N196N	Silent	-1.365328868
5329	H2-T23	L194P	Missense	2.6995381679787696
5330	H2-T23	H189R;R190G	Missense;Missense	0.6225908065157586
5331	H2-T23	H189R;R190G	Missense;Missense	0.8257902601179425
5332	H2-T23		No Mutation	0.8266359347654831
5333	H2-T23	L188P	Missense	-1.908879424
5334	H2-T23	V185A	Missense	0.8284125856145369
5335	H2-T23	Q181R	Missense	-0.364307982
5336	H2-T23		No Mutation	-1.007413545
5337	H2-T23	L180P	Missense	-1.071293835
5338	H2-T23	Q176R;R177G	Missense;Missense	-0.041550814
5339	H2-T23	Y179H	Missense	-1.368081537
5340	H2-T23	Y179H	Missense	0.9231642269582596
5341	H2-T23	E172G	Missense	1.1099938864182035
5342	H2-T23	D171G;E172G	Missense;Missense	-0.121432737
5343	H2-T23	S167S	Silent	-0.613914213
5344	H2-T23	K164E	Missense	1.1618142079605334
5345	H2-T23		No Mutation	0.4752920347468023
5346	H2-T23	S160P	Missense	0.249832276747024
5347	H2-T23	I158T	Missense	-1.006223952
5348	H2-T23		No Mutation	0.1053046056431966
5349	H2-T23	R151R;S152P	Silent;Missense	-1.299429555
5350	H2-T23	N147S;E148G	Missense;Missense	-1.001502103
5351	H2-T23	L150P;R151R	Missense;Silent	-1.378898601
5352	H2-T23	Y143C;I144V	Missense;Missense	0.077543202
5353	H2-T23	L146P	Missense	-0.759653507
5354	H2-T23	D142D;Y143H	Silent;Missense	0.6898753740163913
5355	H2-T23	E136G	Missense	-0.98417135
5356	H2-T23	Q135R	Missense	0.5925684843815494
5357	H2-T23		No Mutation	0.7100117730189773
5358	H2-T23		No Mutation	-0.91796183
5359	H2-T23	Y133Y;C134R	Silent;Missense	-0.569952829
5360	H2-T23		No Mutation	-0.611069522
5361	H2-T23	L130P	Missense	0.9322682758856872
5362	H2-T23	L130P	Missense	-0.157769841
5363	H2-T23	D126G	Missense	-0.780825442
5364	H2-T23	D126G	Missense	-0.730367994
5365	H2-T23	D122G	Missense	-1.699807026
5366	H2-T23	D122G	Missense	-2.811578815
5367	H2-T23	Y119C	Missense	-1.941551329
5368	H2-T23	M118V;Y119C	Missense;Missense	-1.05345667
5369	H2-T23	M118V	Missense	-0.418598553
5370	H2-T23	T114A	Missense	1.1353994682284427
5371	H2-T23	L115P	Missense	-0.40250617
5372	H2-T23	E111G	Missense	0.5446755361910649
5373	H2-T23		No Mutation	-0.242722303
5374	H2-T23		No Mutation	0.8373675776478143
5375	H2-T23	D110G	Missense	-1.918138357
5376	H2-T23	N109S;D110G	Missense;Missense	0.1577392065779355
5377	H2-T23	S108G;N109G	Missense;Missense	-0.589017332
5378	H2-T23	Y105C;N106G	Missense;Missense	1.7899276593565632
5379	H2-T23	N106N	Silent	-0.393039214
5380	H2-T23	N106N	Silent	-0.035001075
5381	H2-T23	Y104H	Missense	-0.858371209
5382	H2-T23	N97G	Missense	0.081801637
5383	H2-T23	N93S	Missense	0.036064924
5384	H2-T23		No Mutation	-0.909266075
5385	H2-T23	K86R	Missense	-0.514737103
5386	H2-T23	K86G	Missense	-0.131140276
5387	H2-T23	K86G	Missense	-0.319966073
5388	H2-T23	K86E	Missense	-1.196693296
5389	H2-T23	E83G;T84A	Missense;Missense	-0.502612425
5390	H2-T23	E83G	Missense	-0.298195175
5391	H2-T23	Y79C	Missense	-0.7830078
5392	H2-T23		No Mutation	0.3327465541713997
5393	H2-T23		No Mutation	-1.571656582
5394	H2-T23		No Mutation	0.2477570902188581
5395	H2-T23	E75G	Missense	-1.619695685
5396	H2-T23	Q74R;E75G	Missense;Missense	-0.976146124
5397	H2-T23	I72V	Missense	-0.202554995
5398	H2-T23		No Mutation	0.8105061787054941
5399	H2-T23		No Mutation	-0.607232164
5400	H2-T23		No Mutation	-1.040940952
5401	H2-T23	I72T	Missense	-1.2763405
5402	H2-T23		No Mutation	-0.468524439
5403	H2-T23	E66G	Missense	-0.556603349
5404	H2-T23		No Mutation	0.8478897263314333
5405	H2-T23	M65V	Missense	-0.87520657
5406	H2-T23	R64G	Missense	-0.199868237
5407	H2-T23	N62S	Missense	1.9267372712613424
5408	H2-T23		No Mutation	1.3517761076392565
5409	H2-T23	D59G	Missense	-0.015439064
5410	H2-T23		No Mutation	-0.629740909
5411	H2-T23	I43V;I44V	Missense;Missense	0.3487413295539863
5412	H2-T23	Y47H	Missense	-0.182514752
5413	H2-T23	V45A	Missense	-0.945940595
5414	H2-T23	V45A	Missense	-0.151952934
5415	H2-T23		No Mutation	0.2251220360875945
5416	H2-T23	F42P	Missense	1.7363387155874646
5417	H2-T23		No Mutation	-1.109421233
5418	H2-T23		No Mutation	-0.724364801
5419	H2-T23		No Mutation	-1.98311543
5420	H2-T23		No Mutation	0.6142107256124395
5421	H2-T23		No Mutation	-2.819572319
5422	H2-T23	L37P	Missense	-1.055768082
5423	H2-T23		No Mutation	-1.069816918
5424	H2-T23		No Mutation	0.6279188330575476
5425	H2-T23		No Mutation	-0.404224898
5426	H2-T23		No Mutation	-1.333094186
5427	H2-T23		No Mutation	-1.165773729
5428	H2-T23	T30A	Missense	-1.118358183
5429	H2-T23	T29A	Missense	1.7064154633633408
5430	H2-T23	Y27H;F28P	Missense;Missense	1.8830521094124504
5431	H2-T23	Y27H;F28L	Missense;Missense	2.024812285323516
5432	H2-T23	L25P	Missense	-0.351549211
5433	H2-T23	L25P	Missense	-0.974952761
5434	H2-T23	L25P	Missense	-0.848352233
5435	H2-T23	S24P;L25P	Missense;Missense	-0.767969694
5436	H2-T23	(NC)	Splice-acceptor	0.3502054060446199
5437	H2-T23	S24P	Missense	-1.055747123
5438	H2-T23		No Mutation	-0.984198118
5439	H2-T23	(NC)	Intron	-1.209058484
5440	H2-T23	(NC);(NC)	Intron;Intron	0.092706337
5441	H2-T23	(NC);(NC)	Intron;Intron	-0.467976459
5442	H2-T23		No Mutation	0.6845859739222473
5443	H2-T23	S21G	Missense	0.1313706233130036
5444	H2-T23		No Mutation	-0.268907369
5445	H2-T23	S20G;S21G	Missense;Missense	1.1241002609768211
5446	H2-T23	S20G;S21G	Missense;Missense	1.636176516156907
5447	H2-T23	(NC)	Intron	1.2198697260590452
5448	H2-T23	Q19R;S20G	Missense;Missense	0.2740967444062165
5449	H2-T23	(NC);(NC)	Splice-donor;Intron	0.1689872028969723
5450	H2-T23	Q19R	Missense	1.0017043927018603
5451	H2-T23	T18A;Q19R	Missense;Missense	-0.08394443
5452	H2-T23	S20S	Silent	-1.338718462
5453	H2-T23	L11P	Missense	0.4696719875448198
5454	H2-T23	L10P;L11P	Missense;Missense	1.9313094719509625
5455	H2-T23	H6R	Missense	0.9017863094266424
5456	H2-T23	L2P	Missense	0.8371044391482186
5457	H2-T23	M1T;L2P	Missense;Missense	0.8673234788048294
5458	H2-T23	(NC)	UTR	0.126872833829835
5459	H2-T23	(NC);(NC)	UTR;UTR	-1.180503555
5460	Adar	(NC);(NC)	UTR;UTR	-1.160015817
5461	Adar		No Mutation	0.3518066548141983
5462	Adar		No Mutation	1.4820943580790154
5463	Adar	S2P	Missense	0.3029443889561254
5464	Adar	M1V	Missense	-0.849318606
5465	Adar		No Mutation	1.1503171382202906
5466	Adar	M1V	Missense	0.1247764769812473
5467	Adar	M1V	Missense	0.1542794992478391
5468	Adar		No Mutation	-0.307141626
5469	Adar	G7G;T9A	Silent;Missense	-0.489542655
5470	Adar	T9A	Missense	1.0535651495246272
5471	Adar	T9A	Missense	-1.109098852
5472	Adar		No Mutation	-0.575190676
5473	Adar		No Mutation	-0.071054039
5474	Adar	(NC)	Intron	-0.450624563
5475	Adar	(NC)	Intron	-0.247664951
5476	Adar	(NC)	Intron	-0.916673052
5477	Adar		No Mutation	0.8837303223320423
5478	Adar	F12P	Missense	0.4993842061275262
5479	Adar	Q15R;T16A	Missense;Missense	1.7738813120377284
5480	Adar	S18P;Y19H	Missense;Missense	0.3105925882052516
5481	Adar	S18P;Y19H	Missense;Missense	-0.998642572
5482	Adar	L20P	Missense	-1.026740524
5483	Adar	H24R	Missense	1.160680044237405
5484	Adar	H26H	Silent	-0.692360548
5485	Adar		No Mutation	-0.971514204
5486	Adar	R30G	Missense	-0.949479611
5487	Adar	R30G;Y31C	Missense;Missense	0.3012009245086479
5488	Adar	R30R;Y31C	Silent;Missense	0.6206380404705628
5489	Adar		No Mutation	-0.46970464
5490	Adar		No Mutation	-0.513845477
5491	Adar		No Mutation	-0.324744997
5492	Adar	S39P;Y40H	Missense;Missense	-1.438636749
5493	Adar		No Mutation	-1.641264266
5494	Adar		No Mutation	2.792028215768883
5495	Adar	L46P	Missense	-1.624393634
5496	Adar	L46P	Missense	0.3564194509220549
5497	Adar	F51L	Missense	0.063551371
5498	Adar	Q48R;I49V	Missense;Missense	-0.316485921
5499	Adar	Q48R;I49V	Missense;Missense	0.0472906011694894
5500	Adar	I49M;E50G	Missense;Missense	0.483508348
5501	Adar	P57P;E58G	Silent;Missense	0.2636154945279874
5502	Adar	I62T	Missense	-1.360702812
5503	Adar	I62T	Missense	-1.265008438
5504	Adar		No Mutation	-0.301394633
5505	Adar		No Mutation	-0.908906938
5506	Adar	F72P	Missense	-1.258719185
5507	Adar	F72P	Missense	0.4986246271078797
5508	Adar		No Mutation	0.085224277
5509	Adar	P71P	Silent	0.2651215718141527
5510	Adar		No Mutation	-0.365714704
5511	Adar	W77R	Missense	-0.710596303
5512	Adar		No Mutation	-0.669091959
5513	Adar	F80L	Missense	-1.660867874
5514	Adar	H76R	Missense	0.882352099
5515	Adar	F80P	Missense	-0.122551315
5516	Adar	H76R	Missense	-1.396904857
5517	Adar		No Mutation	-1.301692205
5518	Adar	P83P	Silent	1.3519753134556871
5519	Adar		No Mutation	-1.097251339
5520	Adar		No Mutation	-1.30989894
5521	Adar		No Mutation	-0.557048913
5522	Adar		No Mutation	-0.257660424
5523	Adar	L90P	Missense	0.8990130264952139
5524	Adar	D87G;R88G	Missense;Missense	0.9395644870080132
5525	Adar	L90P	Missense	-0.648913133
5526	Adar	R88G	Missense	0.1264003564362626
5527	Adar		No Mutation	0.4695828597708331
5528	Adar	E91G;I92V	Missense;Missense	-0.534989384
5529	Adar	T100T;L101P	Silent;Missense	-0.627714754
5530	Adar	L101P	Missense	-0.15643724
5531	Adar	L101P	Missense	-0.538999204
5532	Adar	T100A	Missense	-0.799725386
5533	Adar	T100A	Missense	0.1490931570792014
5534	Adar	T100A	Missense	-0.109553082
5535	Adar	N103G;Q104R	Missense;Missense	-0.416638367
5536	Adar	L112P	Missense	0.1695927564000264
5537	Adar		No Mutation	1.107174646568264
5538	Adar		No Mutation	-0.511953198
5539	Adar		No Mutation	-0.830023512
5540	Adar		No Mutation	-0.516666644
5541	Adar		No Mutation	-0.405563958
5542	Adar		No Mutation	0.080520806
5543	Adar		No Mutation	0.6051637309177027
5544	Adar		No Mutation	-0.659833274
5545	Adar	G119G	Silent	-0.485341353
5546	Adar	H116R;S117G	Missense;Missense	1.4383768818447764
5547	Adar	G119G	Silent	-1.237340709
5548	Adar	G119G	Silent	-1.010338476
5549	Adar		No Mutation	-0.220202042
5550	Adar	R118G	Missense	-1.513821062
5551	Adar	P121P	Silent	-0.504018562
5552	Adar	P121P	Silent	0.4931354092526656
5553	Adar		No Mutation	0.008781528
5554	Adar		No Mutation	0.4870259481010255
5555	Adar		No Mutation	-1.565818211
5556	Adar	S138S	Silent	0.7732529999125836
5557	Adar	S136G;I137V	Missense;Missense	0.2309002758399839
5558	Adar	Q139R;S140G	Missense;Missense	-0.300534581
5559	Adar	L146P	Missense	-0.133445053
5560	Adar	K144G	Missense	-0.728977854
5561	Adar	N147G	Missense	1.2049264197765452
5562	Adar	N147S	Missense	0.8521277171874886
5563	Adar		No Mutation	-0.018778871
5564	Adar		No Mutation	0.7938320240811482
5565	Adar	E150G	Missense	-0.247354507
5566	Adar	E150G	Missense	-0.071033739
5567	Adar	L152L	Silent	1.2611693803959334
5568	Adar	E150E;E151G	Silent;Missense	0.1996822836741347
5569	Adar		No Mutation	-0.296929204
5570	Adar	V162A;L163P	Missense;Missense	1.409811948562063
5571	Adar	L163P	Missense	0.5309165860556802
5572	Adar		No Mutation	0.1151056757422278
5573	Adar		No Mutation	-0.467573469
5574	Adar	E166G	Missense	-1.142752795
5575	Adar	I169T	Missense	-0.763672612
5576	Adar	R168G	Missense	-0.914595406
5577	Adar	N175N;R176R	Silent;Silent	-0.187881494
5578	Adar	Y179C	Missense	1.6735586846522492
5579	Adar	Y179C	Missense	2.3906363933328856
5580	Adar	K184G	Missense	-0.195353035
5581	Adar	G185G;K186G	Silent;Missense	-0.369917555
5582	Adar	G185G;K186G	Silent;Missense	0.065070919
5583	Adar	K186G	Missense	-0.325933179
5584	Adar	K186R	Missense	-0.032245004
5585	Adar		No Mutation	-0.899338468
5586	Adar	L199P;V200A	Missense;Missense	-0.499301615
5587	Adar	V200A	Missense	-1.210971605
5588	Adar		No Mutation	-1.210678635
5589	Adar		No Mutation	0.2570472678801676
5590	Adar	S203S	Silent	-0.280415571
5591	Adar	W206R	Missense	-3.191415676
5592	Adar	T207T	Silent	-0.652229459
5593	Adar		No Mutation	0.4020069036570211
5594	Adar	N214N	Silent	1.106822762131174
5595	Adar	N214N	Silent	-0.148957754
5596	Adar	N214N	Silent	-1.332337644
5597	Adar		No Mutation	0.3477860540651369
5598	Adar	P215P	Silent	-0.940412074
5599	Adar		No Mutation	0.9068851305434472
5600	Adar	I219V;Q220R	Missense;Missense	-2.085932911
5601	Adar		No Mutation	-0.403262708
5602	Adar		No Mutation	-0.40268269
5603	Adar	R224G	Missense	-0.608806646
5604	Adar	P227P;G228G;L229L	Silent;Silent;Silent	0.7483606717880098
5605	Adar	G228G;L229P	Silent;Missense	0.7843253075824179
5606	Adar		No Mutation	-0.568399031
5607	Adar		No Mutation	1.0362936532233045
5608	Adar		No Mutation	0.751707062
5609	Adar		No Mutation	1.191684829205964
5610	Adar		No Mutation	-0.260732056
5611	Adar		No Mutation	0.1278008604276747
5612	Adar	P243P	Silent	-0.797728195
5613	Adar		No Mutation	-0.441831054
5614	Adar	M249T	Missense	1.249142595382298
5615	Adar	D248G;M249V	Missense;Missense	1.7845049047198849
5616	Adar	I252T	Missense	0.1161832465833144
5617	Adar		No Mutation	-0.229649713
5618	Adar	L271P;A272A	Missense;Silent	-0.232341963
5619	Adar	N270G	Missense	0.6264949263746628
5620	Adar		No Mutation	1.6105250739664656
5621	Adar		No Mutation	-0.043182172
5622	Adar	I275I	Silent	2.595910956613349
5623	Adar	N274G;I275V	Missense;Missense	-0.545042742
5624	Adar	D282D	Silent	1.0131765380136684
5625	Adar	V283A	Missense	-0.443892803
5626	Adar	V286A	Missense	0.091387567
5627	Adar	V286A	Missense	0.226368838014019
5628	Adar	S285S	Silent	-0.769975872
5629	Adar		No Mutation	0.2701291405732043
5630	Adar	L290P	Missense	-0.336585797
5631	Adar	I288V;D289G	Missense;Missense	1.071742141556921
5632	Adar	Q293R	Missense	0.5939361125095554
5633	Adar	D295G	Missense	0.3454657465071334
5634	Adar	D295G	Missense	-0.26394671
5635	Adar	D295G	Missense	1.990536156552312
5636	Adar	A301A	Silent	1.5253667338422738
5637	Adar	I305V	Missense	0.7954354712002876
5638	Adar	L308P	Missense	0.1183926240142371
5639	Adar		No Mutation	0.072410497
5640	Adar		No Mutation	-0.630902672
5641	Adar	D310G	Missense	0.3911550139789183
5642	Adar		No Mutation	-1.490383913
5643	Adar	A332A;V333A	Silent;Missense	-0.864738584
5644	Adar	T331A	Missense	0.4614521462931446
5645	Adar	A332A;V333A	Silent;Missense	-1.236771453
5646	Adar	V333A	Missense	-1.235628041
5647	Adar		No Mutation	0.1583582137330077
5648	Adar		No Mutation	-0.11195318
5649	Adar		No Mutation	-0.294686023
5650	Adar		No Mutation	-0.992779541
5651	Adar		No Mutation	-0.772640897
5652	Adar	F342P	Missense	0.701342187
5653	Adar	C345R	Missense	-0.372158829
5654	Adar	C345R	Missense	0.2520358384451142
5655	Adar		No Mutation	-1.151138618
5656	Adar		No Mutation	-0.693026937
5657	Adar	H346R	Missense	-1.327692422
5658	Adar		No Mutation	1.1282847467973207
5659	Adar		No Mutation	-1.341321183
5660	Adar	G351G	Silent	-1.250165054
5661	Adar	G351G;S353P	Silent;Missense	-1.551020296
5662	Adar	S353P	Missense	-0.886623545
5663	Adar	S353P	Missense	-0.308363771
5664	Adar		No Mutation	0.081433442
5665	Adar	A350A	Silent	-0.914631582
5666	Adar		No Mutation	0.077911759
5667	Adar		No Mutation	-0.03969208
5668	Adar		No Mutation	-0.788663417
5669	Adar	A357A	Silent	-0.784201122
5670	Adar	K360G	Missense	0.4918708534649758
5671	Adar	K360G	Missense	0.9755962696925268
5672	Adar	N364N	Silent	1.4177796435025631
5673	Adar	R361G	Missense	-0.281912212
5674	Adar	N364N	Silent	-0.060901074
5675	Adar	I370V	Missense	-0.166230024
5676	Adar		No Mutation	0.3884534922746354
5677	Adar	H372R	Missense	-0.385537425
5678	Adar	R375G;H376R	Missense;Missense	-1.304538774
5679	Adar	P380P;G381G	Silent;Silent	-0.109646782
5680	Adar	M383T	Missense	0.1958192420500513
5681	Adar	L385P	Missense	-0.200765573
5682	Adar	P387P	Silent	0.083386948
5683	Adar	H388R	Missense	-0.049664553
5684	Adar	N392N	Silent	-0.624468544
5685	Adar	N392G	Missense	1.3720395466249304
5686	Adar	N392S	Missense	0.013646108
5687	Adar	R396G	Missense	-1.264636758
5688	Adar	Y399H	Missense	1.7689462603633015
5689	Adar	Y399H;V400A	Missense;Missense	0.7626510713721139
5690	Adar	Y399Y;V400A	Silent;Missense	-1.441507821
5691	Adar	Y399C	Missense	0.2045862417456393
5692	Adar		No Mutation	0.2795517199089469
5693	Adar		No Mutation	-1.202928098
5694	Adar	D410D	Silent	-0.683206139
5695	Adar	D414D	Silent	-0.004681627
5696	Adar	N417N;S418S	Silent;Silent	0.3380102401510065
5697	Adar	S418S;I419T	Silent;Missense	0.4585803397090848
5698	Adar	S418G;I419V	Missense;Missense	0.7325959381128488
5699	Adar	G424G;F426L	Silent;Missense	-1.101492843
5700	Adar	E425G	Missense	-0.90113104
5701	Adar	I429T	Missense	2.122458361068809
5702	Adar	S434P	Missense	0.4840212359631792
5703	Adar	P438P	Silent	0.9688896612324304
5704	Adar	P438P	Silent	-0.099777207
5705	Adar	Y436C;S437G	Missense;Missense	-0.979525351
5706	Adar	L440P	Missense	0.1173328727151903
5707	Adar	C443R;S444P	Missense;Missense	-0.635409123
5708	Adar	C443R;S444P	Missense;Missense	-0.547936778
5709	Adar		No Mutation	-1.049927295
5710	Adar	Y446H	Missense	0.003879028
5711	Adar	T450T	Silent	-0.04393895
5712	Adar	T450T	Silent	-0.564534948
5713	Adar	K455G	Missense	0.7757893517023602
5714	Adar	K455G	Missense	-1.310982666
5715	Adar	P457P;V458A	Silent;Missense	-1.063863624
5716	Adar	L462P	Missense	-0.640212764
5717	Adar	L462P	Missense	0.2527603882238554
5718	Adar	L476P;I477T	Missense;Missense	0.003107032
5719	Adar	N475G	Missense	0.7543605771718391
5720	Adar	S480S	Silent	-0.506741045
5721	Adar	G481G	Silent	-0.719509369
5722	Adar	(NC)	Splice-donor	-0.079470571
5723	Adar		No Mutation	-0.213789872
5724	Adar		No Mutation	-0.741077683
5725	Adar		No Mutation	-1.561784668
5726	Adar	F488P	Missense	1.2145044646489775
5727	Adar	F488S	Missense	-0.327005465
5728	Adar	(NC);(NC);(NC)	Intron;Intron;Splice-acceptor	-0.955468669
5729	Adar	F490P	Missense	0.9107053238415006
5730	Adar	V492A	Missense	0.5728924773624611
5731	Adar	Q491R	Missense	-0.599189194
5732	Adar	Q491R	Missense	-1.465303208
5733	Adar	Q491R	Missense	1.078741556802876
5734	Adar		No Mutation	0.4716965813274587
5735	Adar	N495N	Silent	1.1201332322992124
5736	Adar	E498G	Missense	-2.329480922
5737	Adar		No Mutation	0.4215005999300805
5738	Adar		No Mutation	-1.073012406
5739	Adar		No Mutation	0.678514286
5740	Adar		No Mutation	-0.155858498
5741	Adar		No Mutation	-0.226664539
5742	Adar	K507G;K508E	Missense;Missense	0.6451759355675806
5743	Adar	V516A	Missense	-1.107352571
5744	Adar	A514A	Silent	-0.072196179
5745	Adar	M519V	Missense	0.2234051387444799
5746	Adar	M519V	Missense	-0.309185832
5747	Adar	L523P	Missense	1.0702293007492716
5748	Adar	K527G	Missense	-0.139283732
5749	Adar	S531S;G532G	Silent;Silent	-0.437717385
5750	Adar		No Mutation	-0.448140677
5751	Adar	C540R	Missense	-0.594103375
5752	Adar		No Mutation	-1.238893478
5753	Adar		No Mutation	1.143329258845814
5754	Adar	M542V	Missense	-0.541136242
5755	Adar		No Mutation	0.6938035553891856
5756	Adar	S546P	Missense	-1.086012304
5757	Adar		No Mutation	-0.209211989
5758	Adar	E544G;D545G	Missense;Missense	0.2246080628355735
5759	Adar	K548R;(NC)	Missense;Intron	-0.438341326
5760	Adar	K548K;(NC)	Silent;Intron	-0.259568058
5761	Adar	(NC)	Intron	2.2401424105905967
5762	Adar		No Mutation	0.016083052
5763	Adar	A552A	Silent	-1.147153556
5764	Adar		No Mutation	-0.021849266
5765	Adar		No Mutation	0.6151808987810191
5766	Adar	S561P	Missense	1.752107488666943
5767	Adar	S561P	Missense	0.6152620008755806
5768	Adar	S561P	Missense	0.5010023755668254
5769	Adar	A559A;T560A	Silent;Missense	0.3139909106573976
5770	Adar	A559A;T560A	Silent;Missense	-0.607571606
5771	Adar	L562S;F563P	Missense;Missense	-0.330230437
5772	Adar		No Mutation	0.1307871724963212
5773	Adar	L573P	Missense	-0.132217621
5774	Adar	L573P	Missense	0.7885002767797604
5775	Adar	E574G	Missense	0.4237724176991707
5776	Adar	E574G	Missense	0.448461708
5777	Adar		No Mutation	0.4105223653715483
5778	Adar	P593P	Silent	0.207519944681078
5779	Adar	A594A;H595H	Silent;Silent	-0.027880802
5780	Adar	(NC)	Splice-donor	-0.374423953
5781	Adar	(NC)	Splice-donor	-1.083994091
5782	Adar	(NC);(NC);(NC)	Intron;Intron;Intron	1.2123015102496228
5783	Adar	(NC);(NC);(NC)	Intron;Intron;Intron	-0.283607092
5784	Adar	(NC);(NC);(NC)	Intron;Intron;Intron	0.8153256421677764
5785	Adar		No Mutation	-0.566779863
5786	Adar	(NC)	Intron	1.196199316408376
5787	Adar	F599L	Missense	-0.201967877
5788	Adar	F599P	Missense	-0.598994845
5789	Adar	F599P	Missense	-0.206740915
5790	Adar	Q600R;Y601C	Missense;Missense	-0.122125642
5791	Adar	V605A	Missense	1.3969228674342506
5792	Adar	P612P;V613A	Silent;Missense	-0.950924592
5793	Adar	P612P;V613A	Silent;Missense	0.3087422868687455
5794	Adar		No Mutation	0.0402124071314187
5795	Adar		No Mutation	-1.060050743
5796	Adar		No Mutation	-0.594164885
5797	Adar		No Mutation	0.6642062065378422
5798	Adar	S614G	Missense	-1.116371837
5799	Adar		No Mutation	0.2793989975301554
5800	Adar		No Mutation	-0.140688938
5801	Adar	V620A	Missense	0.1766010740535604
5802	Adar		No Mutation	-0.933526381
5803	Adar		No Mutation	0.1271494015314062
5804	Adar		No Mutation	-0.885476208
5805	Adar	K619G	Missense	-0.565204386
5806	Adar	A621A;K622G	Silent;Missense	0.1539452598349424
5807	Adar	A626A	Silent	0.2035741178652971
5808	Adar	M630T	Missense	-1.120018284
5809	Adar	E628E;M630V	Silent;Missense	-0.904809451
5810	Adar	M630V;K631E	Missense;Missense	0.4828024541451672
5811	Adar	K631G	Missense	-0.010923893
5812	Adar		No Mutation	-0.759513488
5813	Adar	E636G	Missense	1.305016571566915
5814	Adar	S639G	Missense	0.489908340892393
5815	Adar	S640S	Silent	0.5750580085508648
5816	Adar	S640S	Silent	-0.188079561
5817	Adar		No Mutation	0.1554683923839498
5818	Adar	(NC);(NC)	Intron;Intron	-1.265856161
5819	Adar	(NC);(NC)	Intron;Intron	0.5914123094615085
5820	Adar	(NC);(NC)	Intron;Intron	-0.570940171
5821	Adar	(NC)	Intron	0.8957338398914756
5822	Adar		No Mutation	-1.437537117
5823	Adar	S652S	Silent	0.2168863392660264
5824	Adar		No Mutation	-1.253491156
5825	Adar		No Mutation	0.6034789622995512
5826	Adar	N660G;K661G	Missense;Missense	-0.139005286
5827	Adar	I665T	Missense	0.7235221753505944
5828	Adar	I665T	Missense	0.1945223370127279
5829	Adar	I665V	Missense	-0.744205022
5830	Adar	N673G	Missense	0.922527835
5831	Adar	N673G;T674A	Missense;Missense	0.3069452082771139
5832	Adar	V677A	Missense	-1.955564278
5833	Adar		No Mutation	-0.661285971
5834	Adar	L680P	Missense	-0.873969317
5835	Adar	L681P	Missense	-0.364059642
5836	Adar	L681P	Missense	0.4917598497768245
5837	Adar	L681S	Missense	-0.427980879
5838	Adar	E682G;Y683C	Missense;Missense	-0.283395161
5839	Adar	F689S;A690A	Missense;Silent	-0.521203009
5840	Adar	F689F;A690A	Silent;Silent	-1.557011376
5841	Adar	K694G	Missense	-0.136632707
5842	Adar	P702P	Silent	-1.067248873
5843	Adar	(NC)	Splice-donor	0.849949343
5844	Adar	(NC);(NC)	Splice-donor;Intron	-0.313556894
5845	Adar	K706R;(NC)	Missense;Intron	-0.135609866
5846	Adar	(NC)	Intron	-0.076919712
5847	Adar	(NC)	Intron	-0.84067151
5848	Adar		No Mutation	-0.044691605
5849	Adar		No Mutation	-0.999944119
5850	Adar	Y709C	Missense	0.8738588979562052
5851	Adar	Y709C	Missense	0.2981678731736779
5852	Adar	Y709C	Missense	0.080247141
5853	Adar	Y709C;Q710R	Missense;Missense	0.9942998440332828
5854	Adar	A711A;K712G	Silent;Missense	-0.559803127
5855	Adar	V721A;C722R	Missense;Missense	1.6859526201041746
5856	Adar		No Mutation	-1.155227985
5857	Adar		No Mutation	0.4282831231953588
5858	Adar	A723A	Silent	-0.341901293
5859	Adar	A723A;H724R	Silent;Missense	0.6984178705024042
5860	Adar	K726G;K727E	Missense;Missense	-0.098765925
5861	Adar	K730E	Missense	-0.346829035
5862	Adar	A733A	Silent	-1.466054051
5863	Adar	A733A	Silent	-0.711652703
5864	Adar		No Mutation	0.2440006469697451
5865	Adar		No Mutation	-0.887184109
5866	Adar		No Mutation	0.1419684141175421
5867	Adar	I742T	Missense	-0.449753591
5868	Adar		No Mutation	-1.177018447
5869	Adar	I742V	Missense	0.8137563371745254
5870	Adar	E746G;K747E	Missense;Missense	0.595304344
5871	Adar	E746G;K747G	Missense;Missense	0.0234560396409483
5872	Adar	Q750R	Missense	-0.812802846
5873	Adar	E755G	Missense	0.6290255280047709
5874	Adar	E755G;V756V	Missense;Silent	0.05414161
5875	Adar	V756V;T757A	Silent;Missense	0.098982541
5876	Adar	S763S	Silent	-1.461070706
5877	Adar	S763S	Silent	-0.495959253
5878	Adar	S763S;L764P	Silent;Missense	-1.643533868
5879	Adar	T767T;M768T	Silent;Missense	1.0912579629792312
5880	Adar	M768V	Missense	-0.012995626
5881	Adar		No Mutation	0.1774484434102115
5882	Adar	D776D	Silent	-0.924223432
5883	Adar	H778H	Silent	0.064738374
5884	Adar		No Mutation	0.5967739769270803
5885	Adar		No Mutation	0.5027977121796939
5886	Adar		No Mutation	0.21367232257647
5887	Adar	(NC)	Intron	-0.874438074
5888	Adar	(NC);(NC)	Intron;Intron	1.2454626644819686
5889	Adar	(NC);(NC)	Intron;Intron	-0.145858319
5890	Adar	L782P	Missense	-1.214690151
5891	Adar	L782L;P783P	Silent;Silent	-0.003706273
5892	Adar	(NC)	Splice-acceptor	0.7000433557462599
5893	Adar	S785P	Missense	-0.635816444
5894	Adar	F789P	Missense	-1.50653362
5895	Adar	I793T;A794A	Missense;Silent	0.2920150493601637
5896	Adar	A794A;M795T	Silent;Missense	1.7983125707591627
5897	Adar	I793M	Missense	0.6057977220299093
5898	Adar		No Mutation	1.629061058932054
5899	Adar	N802N;A803A	Silent;Silent	-0.517808782
5900	Adar	S811P	Missense	0.323235015
5901	Adar	Q809R	Missense	-2.827730578
5902	Adar		No Mutation	-1.648697978
5903	Adar		No Mutation	-0.919605812
5904	Adar		No Mutation	-1.271624777
5905	Adar		No Mutation	-0.78076064
5906	Adar	I817T	Missense	0.7717234672744757
5907	Adar	I817T	Missense	-0.471635962
5908	Adar	A819A	Silent	-0.906664952
5909	Adar	M823V;K824E	Missense;Missense	1.974787106926673
5910	Adar	K824K;R825G	Silent;Missense	-0.005971528
5911	Adar	R825G;D826G	Missense;Missense	1.7821808343403105
5912	Adar	V832A;V833A	Missense;Missense	-1.713869656
5913	Adar		No Mutation	-1.949732669
5914	Adar		No Mutation	-1.475190407
5915	Adar		No Mutation	-0.953061322
5916	Adar		No Mutation	-0.654619645
5917	Adar	T838A	Missense	-0.737571283
5918	Adar	C842R	Missense	1.3654203398719535
5919	Adar	N840G	Missense	0.7432285713271023
5920	Adar	N840G	Missense	-0.363648757
5921	Adar	N840G	Missense	-0.127428407
5922	Adar	C842C;V843A	Silent;Missense	-1.564604358
5923	Adar	V843A	Missense	0.4093897706194011
5924	Adar	D846G	Missense	-1.020007215
5925	Adar	D846G	Missense	-0.440206904
5926	Adar	H859R	Missense	0.4831315916716824
5927	Adar	E861G	Missense	0.0244796077839023
5928	Adar	E861G;I862V	Missense;Missense	0.3134182725957375
5929	Adar	S864P	Missense	1.8594711034228768
5930	Adar	E861G;I862V	Missense;Missense	-0.107195179
5931	Adar		No Mutation	0.2407325892012954
5932	Adar	I869T	Missense	-1.217743128
5933	Adar	(NC)	Splice-donor	1.1617645116888236
5934	Adar	I869V	Missense	3.1870433846659028
5935	Adar	I869V;R870G	Missense;Missense	-0.309547747
5936	Adar	(NC);(NC)	Intron;Intron	-1.065259917
5937	Adar	(NC)	Intron	1.1999637855612857
5938	Adar	(NC);(NC)	Intron;Intron	-0.902215989
5939	Adar	(NC);(NC);(NC)	Intron;Intron;Intron	-0.202993409
5940	Adar	(NC);F871L	Intron;Missense	-0.855935368
5941	Adar		No Mutation	0.047149812
5942	Adar		No Mutation	0.2523604693610924
5943	Adar	F889S	Missense	1.1819005994481062
5944	Adar	I888V	Missense	-1.050037291
5945	Adar	I888V	Missense	-0.251121015
5946	Adar	I888V	Missense	1.7853816575691457
5947	Adar	E890G	Missense	0.4430246908158616
5948	Adar	L898P	Missense	-0.647978032
5949	Adar		No Mutation	0.2208066285197883
5950	Adar	I910V;S911G	Missense;Missense	0.2602652236972116
5951	Adar		No Mutation	0.5461899430352077
5952	Adar	(NC);(NC);(NC)	Intron;Intron;Intron	0.1384666007409175
5953	Adar	(NC)	Intron	-0.061761937
5954	Adar	(NC)	Splice-acceptor	0.7151720365540796
5955	Adar	T912A	Missense	-0.935033488
5956	Adar		No Mutation	-0.33531703
5957	Adar		No Mutation	0.2800594502258108
5958	Adar	L920P	Missense	0.1878905426411713
5959	Adar	C925R	Missense	2.5558943863288235
5960	Adar	C925R	Missense	0.516739877
5961	Adar	S926G	Missense	-0.140042965
5962	Adar	V930A	Missense	2.3057043585693204
5963	Adar		No Mutation	-0.625732661
5964	Adar	S935P	Missense	-1.845440691
5965	Adar	V940A;F941P	Missense;Missense	-0.254100324
5966	Adar	F941P	Missense	0.339480412
5967	Adar	E942G	Missense	1.5632991317480516
5968	Adar	L949P	Missense	-1.160986167
5969	Adar	L949P	Missense	0.152311202674876
5970	Adar	Q946Q;K948E	Silent;Missense	-0.164257539
5971	Adar	K948G	Missense	-0.449897106
5972	Adar	T951A	Missense	-0.185276423
5973	Adar	K952R	Missense	0.3359584542909208
5974	Adar	(NC)	Splice-donor	-0.475058544
5975	Adar	E954G;N955D	Missense;Missense	-0.623935168
5976	Adar	(NC)	Intron	0.3381968375886729
5977	Adar	(NC);(NC)	Intron;Intron	0.7485336024069229
5978	Adar	(NC);(NC)	Intron;Intron	1.1400695737780613
5979	Adar	(NC);(NC)	Intron;Intron	0.2918225781655822
5980	Adar	(NC);(NC)	Intron;Intron	0.4338708192160405
5981	Adar	(NC);(NC)	Intron;Intron	1.169131879148063
5982	Adar		No Mutation	0.2253987462777348
5983	Adar	E957G	Missense	0.1118870410803561
5984	Adar	D966D;I967T	Silent;Missense	-0.11444467
5985	Adar	D966G	Missense	-1.321446452
5986	Adar	D966G;I967V	Missense;Missense	0.4545576447759912
5987	Adar		No Mutation	0.8497675570230784
5988	Adar	I967V	Missense	0.3621433410741347
5989	Adar	D972G	Missense	-1.353173075
5990	Adar	I974T	Missense	-0.903700432
5991	Adar	D972G	Missense	-0.49163443
5992	Adar	I974T	Missense	-1.213474392
5993	Adar	D972G	Missense	-1.070475968
5994	Adar	L980P	Missense	1.2662739805464596
5995	Adar	R981R	Silent	-1.352828997
5996	Adar	C985C;S986S	Silent;Silent	-3.045275948
5997	Adar	D987G	Missense	1.117070793473152
5998	Adar	L990L	Silent	0.6930978242351822
5999	Adar	L990L	Silent	-0.540389477
6000	Adar	L995P	Missense	1.9968021183664808
6001	Adar	N993G	Missense	-0.242514711
6002	Adar	N993S	Missense	-0.304171515
6003	Adar		No Mutation	0.1220452319931827
6004	Adar	L1002P	Missense	-1.241031593
6005	Adar	L1011P	Missense	0.7254607495037282
6006	Adar	S1013P;V1014A	Missense;Missense	0.3428853739258141
6007	Adar	K1012G	Missense	-0.250361354
6008	Adar	L1016P	Missense	0.684449739
6009	Adar	(NC);(NC);(NC)	Intron;Intron;Intron	-0.403394302
6010	Adar		No Mutation	-0.565400428
6011	Adar		No Mutation	0.3917493944076481
6012	Adar	H1024H	Silent	1.4326934699836196
6013	Adar	R1027R	Silent	-1.976869723
6014	Adar		No Mutation	0.3174817655735784
6015	Adar		No Mutation	0.9742558750178664
6016	Adar		No Mutation	-0.618956695
6017	Adar		No Mutation	-1.105781082
6018	Adar	D1036D	Silent	-1.991175036
6019	Adar	R1035R;D1036G	Silent;Missense	-0.379363147
6020	Adar	F1040P	Missense	-0.842393667
6021	Adar	K1038G	Missense	-0.080508482
6022	Adar	I1049V	Missense	-0.202706484
6023	Adar		No Mutation	-0.522544498
6024	Adar		No Mutation	-0.381921559
6025	Adar	(NC)	Intron	-0.725123254
6026	Adar		No Mutation	0.5001261704535392
6027	Adar	(NC)	Intron	-2.115820075
6028	Adar	(NC);(NC)	Intron;Intron	0.3051125764995259
6029	Adar	(NC);(NC)	Intron;Intron	1.0821847934743885
6030	Adar		No Mutation	0.4430075088844036
6031	Adar	(NC);(NC)	Intron;Intron	-0.959306264
6032	Adar	V1055A	Missense	-0.811861992
6033	Adar	V1055A	Missense	-0.796658412
6034	Adar		No Mutation	-0.834508215
6035	Adar	V1058A;S1059S	Missense;Silent	1.001922952
6036	Adar	Y1061Y;D1062D;S1063P	Silent;Silent;Missense	0.4249428380640839
6037	Adar	D1062G	Missense	0.4907924603517296
6038	Adar		No Mutation	0.3905307138134674
6039	Adar	R1065R;Q1066R	Silent;Missense	0.3923310834947994
6040	Adar		No Mutation	-2.024771025
6041	Adar	K1071R;E1072G	Missense;Missense	1.3096517791122846
6042	Adar	V1075A	Missense	0.7215593627893743
6043	Adar	T1073T;S1074G	Silent;Missense	-0.282927483
6044	Adar	N1076G	Missense	-0.27052961
6045	Adar	Y1083C	Missense	0.4683131309385197
6046	Adar	D1084G	Missense	1.2437725475720207
6047	Adar	D1089D	Silent	0.9642567312568822
6048	Adar	I1087V	Missense	0.096449613
6049	Adar	T1091A	Missense	-0.589469648
6050	Adar		No Mutation	-1.42258768
6051	Adar	T1091A;R1092G	Missense;Missense	0.3332976469623593
6052	Adar	R1092G	Missense	-1.344537174
6053	Adar	T1094A	Missense	0.2504256584735461
6054	Adar	D1096D	Silent	-0.708039954
6055	Adar		No Mutation	0.3703317227367631
6056	Adar	D1096G	Missense	3.1763077028203166
6057	Adar	D1096G	Missense	-0.115468103
6058	Adar	D1096G	Missense	1.3990635304071266
6059	Adar	(NC);(NC);(NC)	Intron;Intron;Intron	-0.79920848
6060	Adar		No Mutation	0.1909034500304303
6061	Adar		No Mutation	-0.528476383
6062	Adar		No Mutation	0.090726353
6063	Adar	L1102L	Silent	-0.239466686
6064	Adar	L1102P	Missense	-1.228854519
6065	Adar	P1098P	Silent	0.1203545273138981
6066	Adar	L1102P	Missense	2.443682921838107
6067	Adar	P1098P;K1100E	Silent;Missense	-0.986676196
6068	Adar	S1103P	Missense	0.9833856612981712
6069	Adar	F1111S;L1112P	Missense;Missense	1.5846242864908664
6070	Adar	L1117P;C1118R	Missense;Missense	0.9423170974984444
6071	Adar	D1125D	Silent	2.351169615
6072	Adar	D1125D;L1126P	Silent;Missense	-0.252961659
6073	Adar	L1127P	Missense	-0.009968529
6074	Adar		No Mutation	0.4217959938008022
6075	Adar	L1126L	Silent	-0.393326851
6076	Adar	R1139R	Silent	-0.451337311
6077	Adar	L1143S	Missense	0.3841864135967742
6078	Adar		No Mutation	0.4124758193098432
6079	Adar	K1150G;S1151G	Missense;Missense	-1.008065862
6080	Adar	K1150G;S1151G	Missense;Missense	0.044390181673678
6081	Adar		No Mutation	-0.932181198
6082	Adar	R1153R	Silent	-1.24057805
6083	Adar	Y1157H	Missense	1.4040378303906351
6084	Adar	D1154G;M1155V	Missense;Missense	1.2487947836093656
6085	Adar	I1161V	Missense	-0.838458519
6086	Adar	I1161V;S1162G	Missense;Missense	0.1782313492887501
6087	Adar	N1177N	Silent	-0.705570317
6088	Adar	V1175V	Silent	-0.632642357
6089	Adar	V1175V;N1177D	Silent;Missense	0.8318678421057604
6090	Adar	N1177G	Missense	-0.046925646
6091	Adar	*1179R;(NC)	Missense;UTR	-0.237536809
6092	Adar	(NC)	UTR	-0.673604662
6093	Adar		No Mutation	-0.952442431
6094	Adar		No Mutation	0.1555255567144382
6095	Adar		No Mutation	-0.082359436
6096	Adar		No Mutation	-1.965071662
